Price,Close
Ticker,C2-SPOT
Date,
1986-11-03,149.5
1986-11-04,152.5
1986-11-05,153.0
1986-11-06,152.0
1986-11-07,153.0
1986-11-10,152.0
1986-11-11,151.0
1986-11-12,158.0
1986-11-13,157.5
1986-11-14,159.5
1986-11-17,159.5
1986-11-18,155.5
1986-11-19,157.0
1986-11-20,158.0
1986-11-21,158.0
1986-11-24,156.0
1986-11-25,157.0
1986-11-26,159.0
1986-11-28,159.0
1986-12-01,162.0
1986-12-02,163.0
1986-12-03,160.0
1986-12-04,159.0
1986-12-05,158.0
1986-12-08,159.0
1986-12-09,158.5
1986-12-10,158.5
1986-12-11,154.5
1986-12-12,152.5
1986-12-15,152.5
1986-12-16,152.0
1986-12-17,151.0
1986-12-18,150.0
1986-12-19,146.5
1986-12-22,146.0
1986-12-23,144.5
1986-12-24,144.5
1986-12-26,146.5
1986-12-29,142.0
1986-12-30,141.5
1986-12-31,142.0
1987-01-02,140.5
1987-01-05,136.5
1987-01-06,135.5
1987-01-07,139.5
1987-01-08,139.5
1987-01-09,143.0
1987-01-12,146.0
1987-01-13,143.0
1987-01-14,146.0
1987-01-15,145.0
1987-01-16,146.5
1987-01-19,146.5
1987-01-20,147.0
1987-01-21,147.0
1987-01-22,145.5
1987-01-23,146.5
1987-01-26,146.0
1987-01-27,145.5
1987-01-28,143.5
1987-01-29,144.0
1987-01-30,144.0
1987-02-02,146.5
1987-02-03,146.5
1987-02-04,146.0
1987-02-05,143.0
1987-02-06,142.5
1987-02-09,141.5
1987-02-10,141.0
1987-02-11,136.5
1987-02-12,130.5
1987-02-13,130.0
1987-02-17,131.0
1987-02-18,131.0
1987-02-19,133.5
1987-02-20,137.5
1987-02-23,136.5
1987-02-24,137.0
1987-02-25,134.5
1987-02-26,135.5
1987-02-27,138.0
1987-03-02,141.5
1987-03-03,139.0
1987-03-04,140.5
1987-03-05,141.5
1987-03-06,143.0
1987-03-09,145.5
1987-03-10,142.5
1987-03-11,142.5
1987-03-12,143.5
1987-03-13,146.0
1987-03-16,146.5
1987-03-17,149.5
1987-03-18,148.5
1987-03-19,148.5
1987-03-20,147.5
1987-03-23,150.0
1987-03-24,153.5
1987-03-25,155.5
1987-03-26,153.0
1987-03-27,150.0
1987-03-30,150.0
1987-03-31,147.5
1987-04-01,145.5
1987-04-02,143.5
1987-04-03,142.5
1987-04-06,143.5
1987-04-07,146.0
1987-04-08,149.0
1987-04-09,151.0
1987-04-10,152.0
1987-04-13,153.5
1987-04-14,157.5
1987-04-15,154.0
1987-04-16,156.0
1987-04-20,160.5
1987-04-21,161.5
1987-04-22,161.0
1987-04-23,163.5
1987-04-24,163.5
1987-04-27,162.0
1987-04-28,163.5
1987-04-29,167.0
1987-04-30,170.0
1987-05-01,169.5
1987-05-04,173.0
1987-05-05,173.5
1987-05-06,175.5
1987-05-07,176.0
1987-05-08,178.0
1987-05-11,182.0
1987-05-12,176.5
1987-05-13,175.0
1987-05-14,178.5
1987-05-15,178.0
1987-05-18,166.5
1987-05-19,170.5
1987-05-20,169.5
1987-05-21,174.0
1987-05-22,176.0
1987-05-26,176.0
1987-05-27,178.0
1987-05-28,177.5
1987-05-29,175.0
1987-06-01,172.5
1987-06-02,172.5
1987-06-03,177.5
1987-06-04,174.0
1987-06-05,176.0
1987-06-08,174.5
1987-06-09,174.0
1987-06-10,170.5
1987-06-11,171.0
1987-06-12,175.0
1987-06-15,180.5
1987-06-16,185.5
1987-06-17,180.0
1987-06-18,175.5
1987-06-19,177.0
1987-06-22,167.5
1987-06-23,174.0
1987-06-24,179.0
1987-06-25,174.0
1987-06-26,173.5
1987-06-29,167.5
1987-06-30,170.0
1987-07-01,164.0
1987-07-02,164.0
1987-07-06,161.0
1987-07-07,165.0
1987-07-08,157.5
1987-07-09,158.5
1987-07-10,159.5
1987-07-13,157.0
1987-07-14,155.5
1987-07-15,159.0
1987-07-16,158.0
1987-07-17,156.5
1987-07-20,162.0
1987-07-21,158.5
1987-07-22,161.0
1987-07-23,159.5
1987-07-24,159.5
1987-07-27,158.5
1987-07-28,162.0
1987-07-29,157.0
1987-07-30,157.0
1987-07-31,158.0
1987-08-03,153.0
1987-08-04,145.5
1987-08-05,145.0
1987-08-06,141.5
1987-08-07,140.0
1987-08-10,141.0
1987-08-11,139.0
1987-08-12,141.0
1987-08-13,143.0
1987-08-14,146.0
1987-08-17,143.5
1987-08-18,146.0
1987-08-19,151.0
1987-08-20,149.5
1987-08-21,148.5
1987-08-24,148.5
1987-08-25,147.0
1987-08-26,150.0
1987-08-27,149.5
1987-08-28,148.5
1987-08-31,148.5
1987-09-01,146.5
1987-09-02,146.5
1987-09-03,145.0
1987-09-04,146.0
1987-09-08,147.5
1987-09-09,149.5
1987-09-10,150.5
1987-09-11,148.5
1987-09-14,152.5
1987-09-15,153.5
1987-09-16,158.0
1987-09-17,157.0
1987-09-18,156.5
1987-09-21,152.5
1987-09-22,150.0
1987-09-23,150.0
1987-09-24,148.5
1987-09-25,149.0
1987-09-28,152.5
1987-09-29,157.0
1987-09-30,156.0
1987-10-01,161.0
1987-10-02,162.0
1987-10-05,161.5
1987-10-06,158.5
1987-10-07,157.5
1987-10-08,159.0
1987-10-09,157.0
1987-10-12,156.5
1987-10-13,160.5
1987-10-14,163.0
1987-10-15,163.0
1987-10-16,163.0
1987-10-19,155.0
1987-10-20,166.0
1987-10-21,169.0
1987-10-22,168.5
1987-10-23,168.0
1987-10-26,169.0
1987-10-27,170.5
1987-10-28,170.0
1987-10-29,168.5
1987-10-30,168.5
1987-11-02,167.0
1987-11-03,165.5
1987-11-04,166.0
1987-11-05,169.75
1987-11-06,167.0
1987-11-09,169.0
1987-11-10,170.5
1987-11-11,170.5
1987-11-12,171.0
1987-11-13,172.5
1987-11-16,173.5
1987-11-17,176.5
1987-11-18,176.5
1987-11-19,177.5
1987-11-20,178.0
1987-11-23,178.5
1987-11-24,179.5
1987-11-25,181.5
1987-11-27,183.5
1987-11-30,182.5
1987-12-01,182.0
1987-12-02,181.0
1987-12-03,182.5
1987-12-04,179.0
1987-12-07,180.0
1987-12-08,179.0
1987-12-09,182.5
1987-12-10,182.0
1987-12-11,181.5
1987-12-14,180.5
1987-12-15,182.0
1987-12-16,174.5
1987-12-17,175.0
1987-12-18,175.0
1987-12-21,175.0
1987-12-22,177.5
1987-12-23,178.0
1987-12-24,178.0
1987-12-28,176.0
1987-12-29,175.5
1987-12-30,174.0
1987-12-31,174.0
1988-01-04,174.5
1988-01-05,175.0
1988-01-06,179.0
1988-01-07,179.5
1988-01-08,179.5
1988-01-11,181.5
1988-01-12,180.0
1988-01-13,182.5
1988-01-14,182.5
1988-01-15,185.0
1988-01-18,188.5
1988-01-19,188.0
1988-01-20,187.5
1988-01-21,186.5
1988-01-22,188.0
1988-01-25,190.0
1988-01-26,191.0
1988-01-27,190.5
1988-01-28,186.0
1988-01-29,184.5
1988-02-01,186.0
1988-02-02,186.0
1988-02-03,187.0
1988-02-04,189.5
1988-02-05,189.5
1988-02-08,190.5
1988-02-09,191.5
1988-02-10,191.0
1988-02-11,191.0
1988-02-12,189.5
1988-02-16,185.5
1988-02-17,190.0
1988-02-18,189.5
1988-02-19,190.0
1988-02-22,189.0
1988-02-23,185.5
1988-02-24,187.5
1988-02-25,188.0
1988-02-26,190.5
1988-02-29,192.5
1988-03-01,193.0
1988-03-02,192.5
1988-03-03,192.0
1988-03-04,191.0
1988-03-07,193.5
1988-03-08,193.5
1988-03-09,191.0
1988-03-10,189.5
1988-03-11,188.0
1988-03-14,190.0
1988-03-15,189.0
1988-03-16,189.0
1988-03-17,191.0
1988-03-18,190.5
1988-03-21,192.5
1988-03-22,191.5
1988-03-23,192.0
1988-03-24,192.5
1988-03-25,195.0
1988-03-28,195.5
1988-03-29,195.0
1988-03-30,193.0
1988-03-31,193.5
1988-04-04,192.0
1988-04-05,191.5
1988-04-06,191.0
1988-04-07,191.5
1988-04-08,193.0
1988-04-11,192.0
1988-04-12,192.0
1988-04-13,191.5
1988-04-14,191.0
1988-04-15,190.0
1988-04-18,192.5
1988-04-19,194.0
1988-04-20,193.0
1988-04-21,191.5
1988-04-22,191.0
1988-04-25,191.0
1988-04-26,192.5
1988-04-27,193.0
1988-04-28,192.0
1988-04-29,195.5
1988-05-02,198.0
1988-05-03,197.5
1988-05-04,197.5
1988-05-05,195.5
1988-05-06,194.5
1988-05-09,193.25
1988-05-10,193.5
1988-05-11,190.0
1988-05-12,188.5
1988-05-13,189.0
1988-05-16,198.0
1988-05-17,198.5
1988-05-18,199.0
1988-05-19,200.5
1988-05-20,204.5
1988-05-23,197.5
1988-05-24,203.0
1988-05-25,199.5
1988-05-26,197.0
1988-05-27,202.0
1988-05-31,208.5
1988-06-01,205.0
1988-06-02,209.5
1988-06-03,218.5
1988-06-06,226.0
1988-06-07,238.5
1988-06-08,233.0
1988-06-09,236.5
1988-06-10,241.0
1988-06-13,241.0
1988-06-14,250.5
1988-06-15,258.5
1988-06-16,273.0
1988-06-17,284.5
1988-06-20,300.5
1988-06-21,314.0
1988-06-22,321.0
1988-06-23,315.0
1988-06-24,312.5
1988-06-27,323.0
1988-06-28,302.5
1988-06-29,275.0
1988-06-30,298.0
1988-07-01,313.5
1988-07-05,319.5
1988-07-06,317.5
1988-07-07,294.5
1988-07-08,290.0
1988-07-11,262.5
1988-07-12,287.0
1988-07-13,306.0
1988-07-14,315.0
1988-07-15,315.5
1988-07-18,280.0
1988-07-19,282.5
1988-07-20,283.5
1988-07-21,290.5
1988-07-22,285.5
1988-07-25,273.0
1988-07-26,252.0
1988-07-27,253.0
1988-07-28,238.5
1988-07-29,250.5
1988-08-01,267.0
1988-08-02,279.0
1988-08-03,275.5
1988-08-04,283.0
1988-08-05,284.5
1988-08-08,270.0
1988-08-09,278.0
1988-08-10,280.5
1988-08-11,277.0
1988-08-12,266.5
1988-08-15,287.25
1988-08-16,268.0
1988-08-17,267.5
1988-08-18,273.0
1988-08-19,272.5
1988-08-22,260.0
1988-08-23,259.0
1988-08-24,269.5
1988-08-25,266.0
1988-08-26,263.5
1988-08-29,260.0
1988-08-30,265.0
1988-08-31,270.0
1988-09-01,273.0
1988-09-02,275.0
1988-09-06,279.5
1988-09-07,277.0
1988-09-08,276.0
1988-09-09,272.5
1988-09-12,267.5
1988-09-13,274.0
1988-09-14,275.0
1988-09-15,270.5
1988-09-16,266.5
1988-09-19,260.5
1988-09-20,263.5
1988-09-21,264.5
1988-09-22,268.0
1988-09-23,262.5
1988-09-26,258.5
1988-09-27,264.5
1988-09-28,264.5
1988-09-29,267.5
1988-09-30,267.0
1988-10-03,271.0
1988-10-04,276.0
1988-10-05,274.0
1988-10-06,279.0
1988-10-07,275.0
1988-10-10,273.5
1988-10-11,275.5
1988-10-12,275.5
1988-10-13,277.0
1988-10-14,274.0
1988-10-17,275.0
1988-10-18,273.5
1988-10-19,272.5
1988-10-20,268.5
1988-10-21,265.5
1988-10-24,259.5
1988-10-25,257.0
1988-10-26,262.5
1988-10-27,255.5
1988-10-28,260.0
1988-10-31,264.5
1988-11-01,267.0
1988-11-02,268.5
1988-11-03,264.5
1988-11-04,260.0
1988-11-07,261.5
1988-11-08,263.0
1988-11-09,262.0
1988-11-10,259.0
1988-11-11,259.0
1988-11-14,256.5
1988-11-15,250.0
1988-11-16,249.0
1988-11-17,244.0
1988-11-18,243.0
1988-11-21,246.5
1988-11-22,249.5
1988-11-23,249.5
1988-11-25,251.0
1988-11-28,243.5
1988-11-29,244.5
1988-11-30,249.0
1988-12-01,247.0
1988-12-02,249.0
1988-12-05,245.0
1988-12-06,249.0
1988-12-07,249.5
1988-12-08,251.0
1988-12-09,253.0
1988-12-12,254.5
1988-12-13,257.0
1988-12-14,260.5
1988-12-15,260.5
1988-12-16,263.5
1988-12-19,263.0
1988-12-20,259.0
1988-12-21,265.0
1988-12-22,264.0
1988-12-23,266.0
1988-12-27,267.0
1988-12-28,266.0
1988-12-29,264.5
1988-12-30,267.0
1989-01-03,265.0
1989-01-04,267.5
1989-01-05,271.0
1989-01-06,272.5
1989-01-09,273.5
1989-01-10,272.5
1989-01-11,270.0
1989-01-12,269.0
1989-01-13,266.0
1989-01-16,251.75
1989-01-17,251.5
1989-01-18,254.0
1989-01-19,253.0
1989-01-20,253.5
1989-01-23,255.5
1989-01-24,258.5
1989-01-25,256.5
1989-01-26,259.5
1989-01-27,260.0
1989-01-30,259.0
1989-01-31,262.5
1989-02-01,261.5
1989-02-02,261.5
1989-02-03,260.5
1989-02-06,254.0
1989-02-07,255.5
1989-02-08,253.0
1989-02-09,255.0
1989-02-10,256.0
1989-02-13,256.0
1989-02-14,260.0
1989-02-15,262.0
1989-02-16,258.5
1989-02-17,260.0
1989-02-21,262.0
1989-02-22,266.0
1989-02-23,264.0
1989-02-24,264.0
1989-02-27,262.0
1989-02-28,265.5
1989-03-01,264.5
1989-03-02,267.5
1989-03-03,269.5
1989-03-06,270.0
1989-03-07,270.0
1989-03-08,265.0
1989-03-09,267.0
1989-03-10,264.5
1989-03-13,266.0
1989-03-14,267.5
1989-03-15,267.5
1989-03-16,267.5
1989-03-17,268.0
1989-03-20,270.0
1989-03-21,265.5
1989-03-22,264.5
1989-03-23,263.5
1989-03-27,257.5
1989-03-28,260.0
1989-03-29,259.5
1989-03-30,252.5
1989-03-31,252.5
1989-04-03,245.5
1989-04-04,248.5
1989-04-05,251.5
1989-04-06,253.0
1989-04-07,254.5
1989-04-10,255.0
1989-04-11,254.5
1989-04-12,257.0
1989-04-13,258.0
1989-04-14,260.0
1989-04-17,266.0
1989-04-18,264.0
1989-04-19,262.0
1989-04-20,262.0
1989-04-21,264.5
1989-04-24,257.5
1989-04-25,254.0
1989-04-26,255.5
1989-04-27,258.5
1989-04-28,258.0
1989-05-01,263.0
1989-05-02,263.0
1989-05-03,265.0
1989-05-04,264.0
1989-05-05,264.0
1989-05-08,265.5
1989-05-09,265.0
1989-05-10,267.0
1989-05-11,264.5
1989-05-12,266.0
1989-05-15,267.5
1989-05-16,264.0
1989-05-17,263.0
1989-05-18,264.0
1989-05-19,266.0
1989-05-22,260.5
1989-05-23,259.5
1989-05-24,257.0
1989-05-25,260.5
1989-05-26,259.0
1989-05-30,257.5
1989-05-31,257.0
1989-06-01,256.0
1989-06-02,258.0
1989-06-05,260.0
1989-06-06,255.5
1989-06-07,252.0
1989-06-08,248.5
1989-06-09,247.5
1989-06-12,245.5
1989-06-13,245.5
1989-06-14,250.0
1989-06-15,250.5
1989-06-16,254.0
1989-06-19,262.0
1989-06-20,256.0
1989-06-21,255.0
1989-06-22,254.0
1989-06-23,254.0
1989-06-26,250.0
1989-06-27,256.75
1989-06-28,258.0
1989-06-29,257.0
1989-06-30,260.75
1989-07-03,264.0
1989-07-05,274.0
1989-07-06,269.5
1989-07-07,264.0
1989-07-10,253.0
1989-07-11,249.0
1989-07-12,247.5
1989-07-13,247.5
1989-07-14,249.0
1989-07-17,237.5
1989-07-18,235.5
1989-07-19,240.5
1989-07-20,240.0
1989-07-21,240.0
1989-07-24,231.0
1989-07-25,230.5
1989-07-26,232.5
1989-07-27,236.5
1989-07-28,232.5
1989-07-31,225.0
1989-08-01,226.0
1989-08-02,223.5
1989-08-03,219.0
1989-08-04,221.5
1989-08-07,225.0
1989-08-08,225.0
1989-08-09,225.5
1989-08-10,229.0
1989-08-11,233.5
1989-08-14,225.5
1989-08-15,234.0
1989-08-16,233.5
1989-08-17,236.5
1989-08-18,234.0
1989-08-21,234.5
1989-08-22,238.0
1989-08-23,236.5
1989-08-24,232.5
1989-08-25,232.5
1989-08-28,231.5
1989-08-29,231.5
1989-08-30,231.5
1989-08-31,233.5
1989-09-01,232.5
1989-09-05,232.5
1989-09-06,237.5
1989-09-07,239.0
1989-09-08,240.5
1989-09-11,240.5
1989-09-12,238.0
1989-09-13,234.0
1989-09-14,235.0
1989-09-15,232.0
1989-09-18,228.0
1989-09-19,224.5
1989-09-20,227.0
1989-09-21,227.0
1989-09-22,226.0
1989-09-25,223.5
1989-09-26,220.0
1989-09-27,215.5
1989-09-28,215.5
1989-09-29,218.0
1989-10-02,224.5
1989-10-03,224.0
1989-10-04,223.0
1989-10-05,225.5
1989-10-06,224.5
1989-10-09,221.5
1989-10-10,220.5
1989-10-11,222.5
1989-10-12,233.5
1989-10-13,223.0
1989-10-16,223.5
1989-10-17,226.5
1989-10-18,225.5
1989-10-19,232.5
1989-10-20,230.0
1989-10-23,228.5
1989-10-24,224.5
1989-10-25,230.5
1989-10-26,232.0
1989-10-27,226.0
1989-10-30,227.5
1989-10-31,221.5
1989-11-01,226.0
1989-11-02,231.0
1989-11-03,228.0
1989-11-06,226.5
1989-11-07,227.0
1989-11-08,228.5
1989-11-09,226.0
1989-11-10,229.0
1989-11-13,229.0
1989-11-14,231.5
1989-11-15,232.0
1989-11-16,232.5
1989-11-17,233.0
1989-11-20,230.5
1989-11-21,231.5
1989-11-22,232.5
1989-11-24,232.5
1989-11-27,228.0
1989-11-28,229.0
1989-11-29,229.0
1989-11-30,232.5
1989-12-01,228.0
1989-12-04,226.5
1989-12-05,229.5
1989-12-06,231.5
1989-12-07,230.0
1989-12-08,231.0
1989-12-11,231.0
1989-12-12,229.5
1989-12-13,229.5
1989-12-14,230.5
1989-12-15,231.5
1989-12-18,228.5
1989-12-19,230.0
1989-12-20,228.0
1989-12-21,228.5
1989-12-22,228.5
1989-12-26,229.5
1989-12-27,228.5
1989-12-28,229.0
1989-12-29,229.0
1990-01-02,228.0
1990-01-03,228.0
1990-01-04,227.5
1990-01-05,229.0
1990-01-08,229.0
1990-01-09,229.0
1990-01-10,227.5
1990-01-11,227.0
1990-01-12,230.5
1990-01-15,232.0
1990-01-16,230.0
1990-01-17,229.0
1990-01-18,230.0
1990-01-19,229.5
1990-01-22,230.0
1990-01-23,230.0
1990-01-24,231.5
1990-01-25,229.5
1990-01-26,229.5
1990-01-29,232.0
1990-01-30,230.0
1990-01-31,231.5
1990-02-01,231.5
1990-02-02,230.0
1990-02-05,230.0
1990-02-06,230.5
1990-02-07,233.5
1990-02-08,232.0
1990-02-09,232.5
1990-02-12,235.5
1990-02-13,234.5
1990-02-14,236.0
1990-02-15,236.5
1990-02-16,235.0
1990-02-20,234.5
1990-02-21,237.0
1990-02-22,238.0
1990-02-23,239.0
1990-02-26,240.0
1990-02-27,238.5
1990-02-28,241.0
1990-03-01,241.0
1990-03-02,240.5
1990-03-05,240.0
1990-03-06,240.0
1990-03-07,238.5
1990-03-08,238.0
1990-03-09,240.0
1990-03-12,244.0
1990-03-13,240.5
1990-03-14,241.0
1990-03-15,243.0
1990-03-16,243.0
1990-03-19,247.0
1990-03-20,249.0
1990-03-21,247.5
1990-03-22,248.5
1990-03-23,248.5
1990-03-26,250.5
1990-03-27,251.5
1990-03-28,250.0
1990-03-29,250.5
1990-03-30,251.0
1990-04-02,253.0
1990-04-03,256.0
1990-04-04,257.5
1990-04-05,259.5
1990-04-06,259.0
1990-04-09,259.0
1990-04-10,263.0
1990-04-11,261.5
1990-04-12,259.5
1990-04-16,263.5
1990-04-17,265.0
1990-04-18,265.0
1990-04-19,269.5
1990-04-20,268.5
1990-04-23,268.5
1990-04-24,267.5
1990-04-25,271.5
1990-04-26,271.5
1990-04-27,270.0
1990-04-30,271.0
1990-05-01,273.0
1990-05-02,277.5
1990-05-03,276.0
1990-05-04,278.0
1990-05-07,281.0
1990-05-08,279.0
1990-05-09,281.0
1990-05-10,282.0
1990-05-11,276.5
1990-05-14,274.5
1990-05-15,274.5
1990-05-16,271.5
1990-05-17,273.5
1990-05-18,271.0
1990-05-21,266.0
1990-05-22,265.0
1990-05-23,265.5
1990-05-24,270.0
1990-05-25,274.0
1990-05-29,274.0
1990-05-30,269.0
1990-05-31,268.5
1990-06-01,267.0
1990-06-04,264.0
1990-06-05,269.0
1990-06-06,272.0
1990-06-07,277.0
1990-06-08,276.0
1990-06-11,281.5
1990-06-12,282.5
1990-06-13,281.5
1990-06-14,279.5
1990-06-15,275.5
1990-06-18,275.5
1990-06-19,278.0
1990-06-20,276.5
1990-06-21,276.5
1990-06-22,274.0
1990-06-25,277.0
1990-06-26,277.0
1990-06-27,278.0
1990-06-28,283.5
1990-06-29,285.0
1990-07-02,284.5
1990-07-03,284.0
1990-07-05,275.5
1990-07-06,268.0
1990-07-09,270.0
1990-07-10,273.5
1990-07-11,271.0
1990-07-12,266.5
1990-07-13,269.0
1990-07-16,264.0
1990-07-17,262.5
1990-07-18,260.5
1990-07-19,262.5
1990-07-20,258.5
1990-07-23,266.0
1990-07-24,263.0
1990-07-25,263.5
1990-07-26,266.0
1990-07-27,264.0
1990-07-30,263.0
1990-07-31,262.5
1990-08-01,258.5
1990-08-02,256.0
1990-08-03,254.5
1990-08-06,255.5
1990-08-07,255.5
1990-08-08,252.5
1990-08-09,251.5
1990-08-10,251.5
1990-08-13,247.0
1990-08-14,248.0
1990-08-15,251.0
1990-08-16,253.0
1990-08-17,254.0
1990-08-20,255.0
1990-08-21,253.0
1990-08-22,256.0
1990-08-23,259.5
1990-08-24,259.0
1990-08-27,254.5
1990-08-28,256.0
1990-08-29,252.5
1990-08-30,246.5
1990-08-31,246.0
1990-09-04,245.5
1990-09-05,245.0
1990-09-06,242.5
1990-09-07,236.5
1990-09-10,236.0
1990-09-11,235.0
1990-09-12,225.5
1990-09-13,220.0
1990-09-14,218.0
1990-09-17,217.5
1990-09-18,216.5
1990-09-19,216.0
1990-09-20,218.0
1990-09-21,220.0
1990-09-24,221.5
1990-09-25,218.0
1990-09-26,217.0
1990-09-27,215.5
1990-09-28,215.5
1990-10-01,210.5
1990-10-02,213.0
1990-10-03,217.0
1990-10-04,219.0
1990-10-05,217.0
1990-10-08,222.5
1990-10-09,223.5
1990-10-10,225.0
1990-10-11,222.5
1990-10-12,218.5
1990-10-15,214.5
1990-10-16,214.5
1990-10-17,217.0
1990-10-18,217.0
1990-10-19,216.5
1990-10-22,217.5
1990-10-23,219.5
1990-10-24,220.5
1990-10-25,218.5
1990-10-26,216.5
1990-10-29,217.0
1990-10-30,220.0
1990-10-31,217.5
1990-11-01,218.5
1990-11-02,219.0
1990-11-05,219.5
1990-11-06,220.0
1990-11-07,221.5
1990-11-08,223.0
1990-11-09,221.5
1990-11-12,224.0
1990-11-13,223.5
1990-11-14,216.0
1990-11-15,214.5
1990-11-16,219.0
1990-11-19,222.0
1990-11-20,215.5
1990-11-21,214.5
1990-11-23,218.0
1990-11-26,216.0
1990-11-27,215.5
1990-11-28,220.0
1990-11-29,224.0
1990-11-30,224.0
1990-12-03,228.5
1990-12-04,228.0
1990-12-05,228.0
1990-12-06,226.5
1990-12-07,227.0
1990-12-10,228.0
1990-12-11,228.5
1990-12-12,229.0
1990-12-13,225.5
1990-12-14,225.5
1990-12-17,229.5
1990-12-18,228.5
1990-12-19,225.5
1990-12-20,226.0
1990-12-21,225.5
1990-12-24,224.5
1990-12-26,226.5
1990-12-27,224.5
1990-12-28,224.5
1990-12-31,223.5
1991-01-02,224.5
1991-01-03,224.5
1991-01-04,226.5
1991-01-07,229.0
1991-01-08,228.0
1991-01-09,227.5
1991-01-10,228.5
1991-01-11,226.5
1991-01-14,228.5
1991-01-15,229.0
1991-01-16,232.0
1991-01-17,234.0
1991-01-18,234.5
1991-01-21,233.0
1991-01-22,232.5
1991-01-23,232.0
1991-01-24,234.0
1991-01-25,236.5
1991-01-28,237.5
1991-01-29,238.5
1991-01-30,236.5
1991-01-31,237.0
1991-02-01,237.0
1991-02-04,237.0
1991-02-05,236.5
1991-02-06,235.0
1991-02-07,234.0
1991-02-08,235.0
1991-02-11,233.5
1991-02-12,232.5
1991-02-13,235.5
1991-02-14,235.5
1991-02-15,236.0
1991-02-19,237.0
1991-02-20,237.0
1991-02-21,237.5
1991-02-22,236.5
1991-02-25,239.0
1991-02-26,237.5
1991-02-27,237.5
1991-02-28,239.5
1991-03-01,241.5
1991-03-04,243.5
1991-03-05,244.5
1991-03-06,245.5
1991-03-07,245.5
1991-03-08,246.0
1991-03-11,244.5
1991-03-12,248.0
1991-03-13,248.0
1991-03-14,247.5
1991-03-15,240.0
1991-03-18,240.5
1991-03-19,244.0
1991-03-20,244.5
1991-03-21,246.0
1991-03-22,247.5
1991-03-25,246.5
1991-03-26,244.5
1991-03-27,244.5
1991-03-28,246.0
1991-04-01,250.5
1991-04-02,250.5
1991-04-03,251.0
1991-04-04,249.5
1991-04-05,253.0
1991-04-08,253.5
1991-04-09,248.0
1991-04-10,252.5
1991-04-11,253.0
1991-04-12,254.0
1991-04-15,251.0
1991-04-16,251.0
1991-04-17,248.5
1991-04-18,248.5
1991-04-19,252.0
1991-04-22,249.0
1991-04-23,251.0
1991-04-24,249.5
1991-04-25,251.0
1991-04-26,248.5
1991-04-29,245.5
1991-04-30,243.5
1991-05-01,241.5
1991-05-02,241.5
1991-05-03,243.5
1991-05-06,246.0
1991-05-07,243.5
1991-05-08,240.5
1991-05-09,241.0
1991-05-10,238.0
1991-05-13,237.5
1991-05-14,239.0
1991-05-15,236.5
1991-05-16,238.0
1991-05-17,238.5
1991-05-20,239.5
1991-05-21,243.0
1991-05-22,241.5
1991-05-23,243.0
1991-05-24,242.0
1991-05-28,240.0
1991-05-29,238.5
1991-05-30,237.5
1991-05-31,239.5
1991-06-03,243.5
1991-06-04,240.5
1991-06-05,239.5
1991-06-06,237.5
1991-06-07,239.5
1991-06-10,232.5
1991-06-11,230.5
1991-06-12,232.5
1991-06-13,236.0
1991-06-14,236.5
1991-06-17,233.0
1991-06-18,233.0
1991-06-19,236.0
1991-06-20,234.0
1991-06-21,229.5
1991-06-24,233.0
1991-06-25,233.0
1991-06-26,232.0
1991-06-27,226.5
1991-06-28,220.5
1991-07-01,226.5
1991-07-02,226.0
1991-07-03,229.0
1991-07-05,225.5
1991-07-08,221.0
1991-07-09,220.5
1991-07-10,223.5
1991-07-11,222.5
1991-07-12,224.5
1991-07-15,228.5
1991-07-16,239.0
1991-07-17,238.5
1991-07-18,230.5
1991-07-19,228.5
1991-07-22,237.0
1991-07-23,243.5
1991-07-24,243.0
1991-07-25,242.5
1991-07-26,245.0
1991-07-29,248.0
1991-07-30,245.0
1991-07-31,251.0
1991-08-01,254.0
1991-08-02,255.0
1991-08-05,242.0
1991-08-06,245.5
1991-08-07,242.5
1991-08-08,245.5
1991-08-09,248.0
1991-08-12,251.5
1991-08-13,250.0
1991-08-14,242.0
1991-08-15,244.5
1991-08-16,245.5
1991-08-19,233.0
1991-08-20,231.5
1991-08-21,242.5
1991-08-22,248.5
1991-08-23,248.0
1991-08-26,248.0
1991-08-27,247.0
1991-08-28,244.5
1991-08-29,242.0
1991-08-30,244.5
1991-09-03,244.0
1991-09-04,245.0
1991-09-05,243.0
1991-09-06,241.0
1991-09-09,239.0
1991-09-10,238.5
1991-09-11,241.5
1991-09-12,244.0
1991-09-13,241.5
1991-09-16,244.5
1991-09-17,242.5
1991-09-18,245.0
1991-09-19,239.0
1991-09-20,234.5
1991-09-23,233.5
1991-09-24,233.5
1991-09-25,233.5
1991-09-26,229.0
1991-09-27,230.0
1991-09-30,232.5
1991-10-01,241.0
1991-10-02,241.5
1991-10-03,239.5
1991-10-04,241.0
1991-10-07,241.5
1991-10-08,239.5
1991-10-09,239.5
1991-10-10,227.0
1991-10-11,239.0
1991-10-14,237.5
1991-10-15,234.5
1991-10-16,237.5
1991-10-17,239.5
1991-10-18,242.0
1991-10-21,239.5
1991-10-22,246.5
1991-10-23,244.0
1991-10-24,244.0
1991-10-25,242.0
1991-10-28,242.0
1991-10-29,247.5
1991-10-30,246.0
1991-10-31,247.5
1991-11-01,251.5
1991-11-04,249.5
1991-11-05,246.5
1991-11-06,244.0
1991-11-07,241.0
1991-11-08,241.5
1991-11-11,240.0
1991-11-12,240.5
1991-11-13,243.5
1991-11-14,241.0
1991-11-15,237.5
1991-11-18,239.5
1991-11-19,237.0
1991-11-20,239.5
1991-11-21,239.5
1991-11-22,239.0
1991-11-25,238.0
1991-11-26,238.0
1991-11-27,237.5
1991-11-29,237.0
1991-12-02,239.5
1991-12-03,238.0
1991-12-04,239.0
1991-12-05,239.0
1991-12-06,236.5
1991-12-09,237.5
1991-12-10,238.0
1991-12-11,237.5
1991-12-12,239.5
1991-12-13,244.0
1991-12-16,244.0
1991-12-17,243.0
1991-12-18,245.0
1991-12-19,243.5
1991-12-20,243.5
1991-12-23,245.5
1991-12-24,244.0
1991-12-26,245.0
1991-12-27,244.5
1991-12-30,242.0
1991-12-31,241.5
1992-01-02,241.5
1992-01-03,240.5
1992-01-06,241.5
1992-01-07,241.5
1992-01-08,244.0
1992-01-09,244.0
1992-01-10,244.0
1992-01-13,247.0
1992-01-14,249.0
1992-01-15,251.0
1992-01-16,248.0
1992-01-17,248.5
1992-01-20,251.0
1992-01-21,249.0
1992-01-22,251.5
1992-01-23,252.0
1992-01-24,255.0
1992-01-27,253.5
1992-01-28,255.5
1992-01-29,254.5
1992-01-30,255.0
1992-01-31,256.5
1992-02-03,260.0
1992-02-04,260.5
1992-02-05,259.0
1992-02-06,257.0
1992-02-07,257.0
1992-02-10,261.5
1992-02-11,254.0
1992-02-12,256.5
1992-02-13,255.0
1992-02-14,254.5
1992-02-18,256.0
1992-02-19,258.0
1992-02-20,259.5
1992-02-21,258.0
1992-02-24,258.5
1992-02-25,258.0
1992-02-26,257.0
1992-02-27,257.5
1992-02-28,261.0
1992-03-02,262.0
1992-03-03,262.0
1992-03-04,264.0
1992-03-05,265.0
1992-03-06,266.5
1992-03-09,270.0
1992-03-10,267.5
1992-03-11,267.0
1992-03-12,265.5
1992-03-13,263.0
1992-03-16,261.0
1992-03-17,261.5
1992-03-18,263.5
1992-03-19,263.0
1992-03-20,263.0
1992-03-23,264.0
1992-03-24,264.0
1992-03-25,263.0
1992-03-26,264.5
1992-03-27,263.5
1992-03-30,260.5
1992-03-31,258.5
1992-04-01,254.5
1992-04-02,253.5
1992-04-03,254.5
1992-04-06,256.5
1992-04-07,253.0
1992-04-08,248.5
1992-04-09,249.0
1992-04-10,249.5
1992-04-15,250.0
1992-04-16,251.0
1992-04-20,253.0
1992-04-21,253.5
1992-04-22,248.5
1992-04-23,249.5
1992-04-24,246.0
1992-04-27,244.5
1992-04-28,243.5
1992-04-29,242.0
1992-04-30,241.5
1992-05-01,246.0
1992-05-04,252.0
1992-05-05,251.0
1992-05-06,252.5
1992-05-07,255.5
1992-05-08,254.0
1992-05-11,251.0
1992-05-12,252.5
1992-05-13,254.0
1992-05-14,255.5
1992-05-15,254.5
1992-05-18,255.5
1992-05-19,248.0
1992-05-20,247.5
1992-05-21,245.5
1992-05-22,246.5
1992-05-26,250.0
1992-05-27,252.0
1992-05-28,250.5
1992-05-29,253.5
1992-06-01,252.5
1992-06-02,256.0
1992-06-03,256.0
1992-06-04,256.5
1992-06-05,252.5
1992-06-08,257.5
1992-06-09,258.0
1992-06-10,258.0
1992-06-11,256.0
1992-06-12,253.5
1992-06-15,240.0
1992-06-16,245.5
1992-06-17,247.0
1992-06-18,245.5
1992-06-19,248.0
1992-06-22,245.0
1992-06-23,249.0
1992-06-24,247.0
1992-06-25,249.5
1992-06-26,251.0
1992-06-29,248.5
1992-06-30,246.5
1992-07-01,251.5
1992-07-02,248.5
1992-07-06,241.0
1992-07-07,243.0
1992-07-08,241.5
1992-07-09,240.0
1992-07-10,239.0
1992-07-13,236.0
1992-07-14,233.0
1992-07-15,231.0
1992-07-16,229.5
1992-07-17,228.0
1992-07-20,225.5
1992-07-21,225.5
1992-07-22,224.5
1992-07-23,222.0
1992-07-24,219.5
1992-07-27,220.5
1992-07-28,222.0
1992-07-29,222.0
1992-07-30,219.5
1992-07-31,218.0
1992-08-03,217.5
1992-08-04,217.0
1992-08-05,216.0
1992-08-06,211.5
1992-08-07,211.0
1992-08-10,212.5
1992-08-11,215.5
1992-08-12,212.0
1992-08-13,215.0
1992-08-14,217.0
1992-08-17,220.5
1992-08-18,217.0
1992-08-19,216.0
1992-08-20,218.0
1992-08-21,220.0
1992-08-24,224.5
1992-08-25,224.5
1992-08-26,221.5
1992-08-27,220.5
1992-08-28,217.0
1992-08-31,217.0
1992-09-01,220.5
1992-09-02,220.5
1992-09-03,222.0
1992-09-04,222.5
1992-09-08,224.5
1992-09-09,220.0
1992-09-10,215.0
1992-09-11,214.5
1992-09-14,213.0
1992-09-15,216.5
1992-09-16,214.5
1992-09-17,212.5
1992-09-18,211.0
1992-09-21,211.5
1992-09-22,211.5
1992-09-23,209.5
1992-09-24,211.5
1992-09-25,212.0
1992-09-28,209.0
1992-09-29,208.5
1992-09-30,208.0
1992-10-01,207.0
1992-10-02,203.0
1992-10-05,200.0
1992-10-06,201.0
1992-10-07,201.5
1992-10-08,198.5
1992-10-09,197.0
1992-10-12,197.0
1992-10-13,197.0
1992-10-14,197.0
1992-10-15,196.0
1992-10-16,194.5
1992-10-19,192.0
1992-10-20,195.5
1992-10-21,192.5
1992-10-22,192.0
1992-10-23,190.0
1992-10-26,188.0
1992-10-27,186.5
1992-10-28,186.5
1992-10-29,189.5
1992-10-30,192.0
1992-11-02,194.0
1992-11-03,198.0
1992-11-04,195.5
1992-11-05,194.5
1992-11-06,196.0
1992-11-09,195.0
1992-11-10,193.5
1992-11-11,197.5
1992-11-12,200.0
1992-11-13,203.0
1992-11-16,201.0
1992-11-17,206.5
1992-11-18,207.5
1992-11-19,210.0
1992-11-20,207.5
1992-11-23,212.5
1992-11-24,209.5
1992-11-25,209.0
1992-11-27,207.5
1992-11-30,205.5
1992-12-01,203.5
1992-12-02,204.0
1992-12-03,208.0
1992-12-04,208.0
1992-12-07,205.0
1992-12-08,203.5
1992-12-09,204.5
1992-12-10,205.0
1992-12-11,207.0
1992-12-14,208.0
1992-12-15,207.5
1992-12-16,207.5
1992-12-17,206.5
1992-12-18,204.5
1992-12-21,204.5
1992-12-22,204.5
1992-12-23,205.5
1992-12-28,204.0
1992-12-29,202.5
1992-12-30,203.0
1993-01-04,203.0
1993-01-05,204.5
1993-01-06,207.0
1993-01-07,208.0
1993-01-08,208.0
1993-01-11,207.5
1993-01-12,207.0
1993-01-13,207.5
1993-01-14,206.0
1993-01-15,205.5
1993-01-18,207.5
1993-01-19,209.5
1993-01-20,207.5
1993-01-21,207.0
1993-01-22,206.0
1993-01-25,205.5
1993-01-26,205.0
1993-01-27,205.5
1993-01-28,205.0
1993-01-29,203.0
1993-02-01,202.0
1993-02-02,201.5
1993-02-03,201.5
1993-02-04,200.5
1993-02-05,201.0
1993-02-08,201.5
1993-02-09,204.0
1993-02-10,204.5
1993-02-11,205.0
1993-02-12,205.0
1993-02-16,206.5
1993-02-17,206.0
1993-02-18,208.0
1993-02-19,209.0
1993-02-22,207.0
1993-02-23,208.5
1993-02-24,209.5
1993-02-25,208.5
1993-02-26,208.0
1993-03-01,211.0
1993-03-02,211.0
1993-03-03,210.0
1993-03-04,211.5
1993-03-05,211.5
1993-03-08,212.5
1993-03-09,212.5
1993-03-10,213.5
1993-03-11,212.5
1993-03-12,212.0
1993-03-15,213.5
1993-03-16,214.5
1993-03-17,215.5
1993-03-18,216.5
1993-03-19,217.5
1993-03-22,215.5
1993-03-23,218.5
1993-03-24,219.5
1993-03-25,219.0
1993-03-26,220.0
1993-03-29,221.5
1993-03-30,222.0
1993-03-31,223.5
1993-04-01,223.0
1993-04-02,224.0
1993-04-05,223.0
1993-04-06,223.0
1993-04-07,226.0
1993-04-08,225.5
1993-04-12,226.5
1993-04-13,226.0
1993-04-14,224.0
1993-04-15,225.0
1993-04-16,221.0
1993-04-19,222.5
1993-04-20,225.5
1993-04-21,223.5
1993-04-22,220.0
1993-04-23,219.0
1993-04-26,220.5
1993-04-27,219.0
1993-04-28,219.5
1993-04-29,220.0
1993-04-30,223.0
1993-05-03,224.5
1993-05-04,222.0
1993-05-05,222.0
1993-05-06,222.0
1993-05-07,223.0
1993-05-10,219.5
1993-05-11,221.5
1993-05-12,223.0
1993-05-13,221.0
1993-05-14,220.5
1993-05-17,218.0
1993-05-18,221.0
1993-05-19,217.5
1993-05-20,219.5
1993-05-21,219.5
1993-05-24,217.0
1993-05-25,216.0
1993-05-26,217.0
1993-05-27,216.0
1993-05-28,216.0
1993-06-01,211.0
1993-06-02,210.5
1993-06-03,210.0
1993-06-04,210.0
1993-06-07,212.0
1993-06-08,211.0
1993-06-09,210.0
1993-06-10,209.0
1993-06-11,205.5
1993-06-14,203.5
1993-06-15,202.5
1993-06-16,203.0
1993-06-17,203.5
1993-06-18,205.5
1993-06-21,206.5
1993-06-22,207.5
1993-06-23,208.5
1993-06-24,210.5
1993-06-25,210.0
1993-06-28,211.5
1993-06-29,210.5
1993-06-30,213.0
1993-07-01,221.5
1993-07-02,223.5
1993-07-06,233.0
1993-07-07,231.0
1993-07-08,225.5
1993-07-09,224.0
1993-07-12,219.5
1993-07-13,218.5
1993-07-14,222.0
1993-07-15,221.0
1993-07-16,226.0
1993-07-19,228.0
1993-07-20,227.0
1993-07-21,226.0
1993-07-22,228.0
1993-07-23,229.5
1993-07-26,228.0
1993-07-27,229.5
1993-07-28,225.0
1993-07-29,226.0
1993-07-30,222.5
1993-08-02,228.5
1993-08-03,229.0
1993-08-04,228.0
1993-08-05,225.0
1993-08-06,227.0
1993-08-09,223.5
1993-08-10,226.0
1993-08-11,229.0
1993-08-12,224.0
1993-08-13,226.0
1993-08-16,223.5
1993-08-17,226.5
1993-08-18,224.5
1993-08-19,225.5
1993-08-20,224.0
1993-08-23,226.5
1993-08-24,226.0
1993-08-25,225.0
1993-08-26,221.5
1993-08-27,223.5
1993-08-30,223.5
1993-08-31,221.5
1993-09-01,217.0
1993-09-02,217.5
1993-09-03,219.5
1993-09-07,216.5
1993-09-08,217.5
1993-09-09,219.0
1993-09-10,218.0
1993-09-13,222.0
1993-09-14,220.0
1993-09-15,221.5
1993-09-16,220.5
1993-09-17,224.5
1993-09-20,224.0
1993-09-21,222.0
1993-09-22,225.0
1993-09-23,230.0
1993-09-24,229.5
1993-09-27,226.5
1993-09-28,222.5
1993-09-29,220.5
1993-09-30,225.5
1993-10-01,221.0
1993-10-04,216.0
1993-10-05,215.5
1993-10-06,217.5
1993-10-07,221.0
1993-10-08,220.5
1993-10-11,223.5
1993-10-12,223.5
1993-10-13,227.5
1993-10-14,227.5
1993-10-15,227.0
1993-10-18,231.0
1993-10-19,231.5
1993-10-20,232.5
1993-10-21,236.0
1993-10-22,232.5
1993-10-25,233.0
1993-10-26,232.5
1993-10-27,232.0
1993-10-28,231.0
1993-10-29,235.0
1993-11-01,239.0
1993-11-02,242.0
1993-11-03,242.5
1993-11-04,247.0
1993-11-05,249.0
1993-11-08,246.5
1993-11-09,247.5
1993-11-10,261.5
1993-11-11,264.5
1993-11-12,265.5
1993-11-15,268.5
1993-11-16,270.5
1993-11-17,275.0
1993-11-18,275.5
1993-11-19,274.5
1993-11-22,272.0
1993-11-23,272.0
1993-11-24,273.0
1993-11-26,277.0
1993-11-29,276.5
1993-11-30,272.5
1993-12-01,272.5
1993-12-02,278.0
1993-12-03,277.0
1993-12-06,277.5
1993-12-07,280.5
1993-12-08,281.0
1993-12-09,278.0
1993-12-10,277.0
1993-12-13,275.0
1993-12-14,278.0
1993-12-15,277.0
1993-12-16,278.5
1993-12-17,280.0
1993-12-20,281.0
1993-12-21,282.0
1993-12-22,284.0
1993-12-23,283.5
1993-12-27,286.5
1993-12-28,287.0
1993-12-29,288.0
1993-12-30,290.5
1994-01-03,291.0
1994-01-04,289.0
1994-01-05,289.0
1994-01-06,291.5
1994-01-07,293.0
1994-01-10,287.0
1994-01-11,291.5
1994-01-12,289.5
1994-01-13,294.5
1994-01-14,295.0
1994-01-17,295.0
1994-01-18,288.0
1994-01-19,283.0
1994-01-20,285.5
1994-01-21,286.0
1994-01-24,288.0
1994-01-25,288.5
1994-01-26,289.5
1994-01-27,285.5
1994-01-28,280.5
1994-01-31,280.5
1994-02-01,280.5
1994-02-02,282.5
1994-02-03,281.0
1994-02-04,278.0
1994-02-07,281.0
1994-02-08,281.5
1994-02-09,286.0
1994-02-10,286.0
1994-02-11,290.0
1994-02-14,289.0
1994-02-15,284.5
1994-02-16,286.5
1994-02-17,280.0
1994-02-18,281.0
1994-02-22,281.0
1994-02-23,280.5
1994-02-24,279.5
1994-02-25,277.5
1994-02-28,281.5
1994-03-01,282.0
1994-03-02,280.0
1994-03-03,275.0
1994-03-04,275.0
1994-03-07,276.5
1994-03-08,272.0
1994-03-09,273.0
1994-03-10,271.5
1994-03-11,272.0
1994-03-14,277.0
1994-03-15,274.5
1994-03-16,276.0
1994-03-17,276.0
1994-03-18,277.0
1994-03-21,277.0
1994-03-22,274.5
1994-03-23,276.0
1994-03-24,277.5
1994-03-25,275.5
1994-03-28,278.0
1994-03-29,276.5
1994-03-30,276.0
1994-03-31,267.0
1994-04-04,264.0
1994-04-05,267.5
1994-04-06,269.0
1994-04-07,266.5
1994-04-08,266.0
1994-04-11,261.5
1994-04-12,262.5
1994-04-13,263.0
1994-04-14,258.0
1994-04-15,258.5
1994-04-18,255.0
1994-04-19,253.5
1994-04-20,254.5
1994-04-21,257.0
1994-04-22,255.0
1994-04-25,254.0
1994-04-26,261.25
1994-04-28,259.5
1994-04-29,264.5
1994-05-02,264.5
1994-05-03,257.5
1994-05-04,259.5
1994-05-05,250.5
1994-05-06,252.0
1994-05-09,248.0
1994-05-10,248.5
1994-05-11,250.0
1994-05-12,252.5
1994-05-13,252.5
1994-05-16,258.5
1994-05-17,259.0
1994-05-18,261.0
1994-05-19,260.5
1994-05-20,261.5
1994-05-23,265.5
1994-05-24,257.5
1994-05-25,259.0
1994-05-26,256.5
1994-05-27,259.0
1994-05-31,271.0
1994-06-01,273.0
1994-06-02,273.0
1994-06-03,265.5
1994-06-06,258.5
1994-06-07,261.0
1994-06-08,264.5
1994-06-09,265.0
1994-06-10,267.0
1994-06-13,268.0
1994-06-14,269.0
1994-06-15,273.0
1994-06-16,274.5
1994-06-17,276.0
1994-06-20,258.5
1994-06-21,260.5
1994-06-22,254.0
1994-06-23,251.5
1994-06-24,249.0
1994-06-27,242.0
1994-06-28,251.5
1994-06-29,240.0
1994-06-30,243.0
1994-07-01,240.0
1994-07-05,228.0
1994-07-06,228.0
1994-07-07,228.5
1994-07-08,230.0
1994-07-11,227.0
1994-07-12,223.0
1994-07-13,220.0
1994-07-14,222.5
1994-07-15,220.0
1994-07-18,222.5
1994-07-19,215.0
1994-07-20,209.5
1994-07-21,206.0
1994-07-22,207.5
1994-07-25,210.0
1994-07-26,213.0
1994-07-27,211.0
1994-07-28,210.5
1994-07-29,211.5
1994-08-01,210.5
1994-08-02,211.0
1994-08-03,208.0
1994-08-04,207.5
1994-08-05,209.0
1994-08-08,211.0
1994-08-09,210.0
1994-08-10,210.5
1994-08-11,211.5
1994-08-12,210.0
1994-08-15,210.0
1994-08-16,212.0
1994-08-17,214.5
1994-08-18,214.5
1994-08-19,215.5
1994-08-22,215.5
1994-08-23,216.5
1994-08-24,218.5
1994-08-25,217.5
1994-08-26,215.5
1994-08-29,214.0
1994-08-30,212.5
1994-08-31,213.5
1994-09-01,213.5
1994-09-02,215.0
1994-09-06,218.5
1994-09-07,221.5
1994-09-08,219.0
1994-09-09,217.5
1994-09-12,216.5
1994-09-13,216.5
1994-09-14,212.0
1994-09-15,207.0
1994-09-16,206.0
1994-09-19,201.5
1994-09-20,202.5
1994-09-21,204.5
1994-09-22,201.0
1994-09-23,200.5
1994-09-26,200.5
1994-09-27,198.0
1994-09-28,196.0
1994-09-29,195.5
1994-09-30,197.5
1994-10-03,200.0
1994-10-04,200.0
1994-10-05,199.5
1994-10-06,195.0
1994-10-07,192.5
1994-10-10,192.0
1994-10-11,192.0
1994-10-12,193.0
1994-10-13,192.5
1994-10-14,192.5
1994-10-17,190.5
1994-10-18,189.5
1994-10-19,189.0
1994-10-20,189.0
1994-10-21,186.0
1994-10-24,188.5
1994-10-25,184.5
1994-10-26,187.5
1994-10-27,193.0
1994-10-28,192.5
1994-10-31,192.5
1994-11-01,191.0
1994-11-02,196.5
1994-11-03,197.5
1994-11-04,199.0
1994-11-07,201.0
1994-11-08,201.5
1994-11-09,202.5
1994-11-10,205.0
1994-11-11,202.0
1994-11-14,202.0
1994-11-15,203.5
1994-11-16,205.0
1994-11-17,208.5
1994-11-18,208.5
1994-11-21,208.5
1994-11-22,207.0
1994-11-23,205.5
1994-11-25,206.0
1994-11-28,207.5
1994-11-29,206.5
1994-11-30,209.5
1994-12-01,210.0
1994-12-02,211.5
1994-12-05,211.0
1994-12-06,211.5
1994-12-07,214.0
1994-12-08,214.5
1994-12-09,217.0
1994-12-12,218.0
1994-12-13,217.0
1994-12-14,214.0
1994-12-15,215.5
1994-12-16,218.0
1994-12-19,215.5
1994-12-20,217.5
1994-12-21,218.5
1994-12-22,217.5
1994-12-23,219.5
1994-12-27,220.5
1994-12-28,221.5
1994-12-29,219.5
1994-12-30,219.0
1995-01-03,216.5
1995-01-04,217.0
1995-01-05,219.5
1995-01-06,221.0
1995-01-09,222.5
1995-01-10,221.5
1995-01-11,222.0
1995-01-12,223.0
1995-01-13,223.0
1995-01-16,224.0
1995-01-17,225.5
1995-01-18,223.0
1995-01-19,223.5
1995-01-20,222.5
1995-01-23,222.0
1995-01-24,222.5
1995-01-25,221.5
1995-01-26,222.5
1995-01-27,223.0
1995-01-30,221.0
1995-01-31,221.5
1995-02-01,224.5
1995-02-02,225.5
1995-02-03,225.5
1995-02-06,228.0
1995-02-07,226.5
1995-02-08,224.0
1995-02-09,226.0
1995-02-10,227.0
1995-02-13,225.0
1995-02-14,227.5
1995-02-15,227.0
1995-02-16,226.0
1995-02-17,226.0
1995-02-21,225.5
1995-02-22,226.5
1995-02-23,227.5
1995-02-24,228.0
1995-02-27,228.0
1995-02-28,229.0
1995-03-01,230.0
1995-03-02,231.0
1995-03-03,229.0
1995-03-06,232.5
1995-03-07,232.5
1995-03-08,232.5
1995-03-09,233.5
1995-03-10,233.5
1995-03-13,235.5
1995-03-14,237.0
1995-03-15,238.0
1995-03-16,235.5
1995-03-17,236.0
1995-03-20,235.5
1995-03-21,235.5
1995-03-22,236.0
1995-03-23,238.0
1995-03-24,237.5
1995-03-27,239.0
1995-03-28,240.0
1995-03-29,240.0
1995-03-30,239.5
1995-03-31,240.5
1995-04-03,243.0
1995-04-04,242.0
1995-04-05,240.5
1995-04-06,240.0
1995-04-07,241.0
1995-04-10,242.5
1995-04-11,244.0
1995-04-12,242.0
1995-04-13,240.0
1995-04-17,238.0
1995-04-18,237.5
1995-04-19,236.0
1995-04-20,239.0
1995-04-21,240.0
1995-04-24,241.5
1995-04-25,244.0
1995-04-26,244.5
1995-04-27,242.0
1995-04-28,243.0
1995-05-01,247.0
1995-05-02,248.0
1995-05-03,246.5
1995-05-04,247.0
1995-05-05,245.0
1995-05-08,246.5
1995-05-09,247.0
1995-05-10,248.5
1995-05-11,248.0
1995-05-12,248.5
1995-05-15,245.5
1995-05-16,246.5
1995-05-17,248.5
1995-05-18,249.5
1995-05-19,246.0
1995-05-22,251.0
1995-05-23,256.0
1995-05-24,255.0
1995-05-25,254.0
1995-05-26,259.0
1995-05-30,255.5
1995-05-31,254.5
1995-06-01,259.0
1995-06-02,262.0
1995-06-05,258.5
1995-06-06,257.0
1995-06-07,255.5
1995-06-08,261.0
1995-06-09,260.0
1995-06-12,259.5
1995-06-13,263.5
1995-06-14,268.5
1995-06-15,271.0
1995-06-16,270.0
1995-06-19,276.0
1995-06-20,274.0
1995-06-21,275.0
1995-06-22,273.5
1995-06-23,273.0
1995-06-26,260.5
1995-06-27,258.5
1995-06-28,264.5
1995-06-29,262.5
1995-06-30,269.5
1995-07-03,273.0
1995-07-05,274.0
1995-07-06,274.0
1995-07-07,272.0
1995-07-10,271.5
1995-07-11,275.5
1995-07-12,279.0
1995-07-13,278.5
1995-07-14,280.0
1995-07-17,285.0
1995-07-18,285.0
1995-07-19,281.5
1995-07-20,280.5
1995-07-21,285.0
1995-07-24,284.5
1995-07-25,287.0
1995-07-26,285.0
1995-07-27,280.5
1995-07-28,279.0
1995-07-31,270.0
1995-08-01,272.0
1995-08-02,267.0
1995-08-03,267.5
1995-08-04,263.0
1995-08-07,259.0
1995-08-08,264.0
1995-08-09,262.0
1995-08-10,261.0
1995-08-11,262.0
1995-08-14,265.0
1995-08-15,265.0
1995-08-16,265.0
1995-08-17,264.5
1995-08-18,266.0
1995-08-21,270.0
1995-08-22,271.5
1995-08-23,271.0
1995-08-24,274.0
1995-08-25,276.5
1995-08-28,278.0
1995-08-29,274.0
1995-08-30,273.5
1995-08-31,276.0
1995-09-01,276.5
1995-09-05,274.5
1995-09-06,272.5
1995-09-07,275.0
1995-09-08,275.5
1995-09-11,273.5
1995-09-12,278.0
1995-09-13,278.0
1995-09-14,278.0
1995-09-15,281.5
1995-09-18,292.0
1995-09-19,288.5
1995-09-20,287.5
1995-09-21,288.5
1995-09-22,287.5
1995-09-25,285.0
1995-09-26,285.0
1995-09-27,286.5
1995-09-28,289.0
1995-09-29,293.0
1995-10-02,295.5
1995-10-03,292.5
1995-10-04,292.0
1995-10-05,294.0
1995-10-06,296.5
1995-10-09,299.0
1995-10-10,303.5
1995-10-11,308.5
1995-10-12,306.5
1995-10-13,312.5
1995-10-16,315.0
1995-10-17,313.0
1995-10-18,315.0
1995-10-19,321.5
1995-10-20,322.5
1995-10-23,321.5
1995-10-24,321.5
1995-10-25,321.5
1995-10-26,323.0
1995-10-27,322.5
1995-10-30,324.0
1995-10-31,328.0
1995-11-01,331.5
1995-11-02,332.5
1995-11-03,327.5
1995-11-06,328.5
1995-11-07,325.5
1995-11-08,324.5
1995-11-09,320.0
1995-11-10,321.0
1995-11-13,318.0
1995-11-14,314.5
1995-11-15,313.5
1995-11-16,316.5
1995-11-17,321.0
1995-11-20,319.0
1995-11-21,317.5
1995-11-22,320.0
1995-11-24,323.5
1995-11-27,320.5
1995-11-28,320.5
1995-11-29,324.0
1995-11-30,325.5
1995-12-01,325.5
1995-12-04,323.0
1995-12-05,327.5
1995-12-06,330.0
1995-12-07,327.5
1995-12-08,330.0
1995-12-11,333.5
1995-12-12,333.0
1995-12-13,334.0
1995-12-14,334.0
1995-12-15,333.0
1995-12-18,335.5
1995-12-19,338.5
1995-12-20,336.5
1995-12-21,336.0
1995-12-22,342.0
1995-12-26,347.0
1995-12-27,344.5
1995-12-28,349.0
1995-12-29,356.0
1996-01-02,361.5
1996-01-03,362.0
1996-01-04,358.0
1996-01-05,354.5
1996-01-08,347.5
1996-01-09,353.5
1996-01-10,348.5
1996-01-11,345.0
1996-01-12,350.5
1996-01-15,353.0
1996-01-16,342.5
1996-01-17,340.5
1996-01-18,345.0
1996-01-19,351.0
1996-01-22,349.0
1996-01-23,352.5
1996-01-24,351.0
1996-01-25,349.0
1996-01-26,350.5
1996-01-29,358.0
1996-01-30,364.0
1996-01-31,363.5
1996-02-01,361.0
1996-02-02,361.0
1996-02-05,355.0
1996-02-06,358.5
1996-02-07,355.5
1996-02-08,355.0
1996-02-09,359.5
1996-02-12,362.0
1996-02-13,368.0
1996-02-14,375.0
1996-02-15,375.5
1996-02-16,377.5
1996-02-20,378.0
1996-02-21,375.5
1996-02-22,373.0
1996-02-23,378.0
1996-02-26,383.5
1996-02-27,384.5
1996-02-28,387.0
1996-02-29,388.0
1996-03-01,386.5
1996-03-04,383.0
1996-03-05,380.5
1996-03-06,381.5
1996-03-07,388.0
1996-03-08,388.0
1996-03-11,390.0
1996-03-12,387.0
1996-03-13,390.5
1996-03-14,392.0
1996-03-15,384.0
1996-03-18,388.5
1996-03-19,388.0
1996-03-20,391.5
1996-03-21,392.5
1996-03-22,394.5
1996-03-25,398.5
1996-03-26,401.5
1996-03-27,405.0
1996-03-28,404.5
1996-03-29,413.0
1996-04-01,415.5
1996-04-02,413.0
1996-04-03,421.5
1996-04-04,425.0
1996-04-08,433.0
1996-04-09,431.5
1996-04-10,440.5
1996-04-11,441.0
1996-04-12,448.0
1996-04-15,452.5
1996-04-16,440.0
1996-04-17,442.5
1996-04-18,452.0
1996-04-19,448.0
1996-04-22,460.0
1996-04-23,470.0
1996-04-24,476.0
1996-04-25,488.0
1996-04-26,487.5
1996-04-29,457.0
1996-04-30,444.0
1996-05-01,466.5
1996-05-02,458.5
1996-05-03,454.0
1996-05-06,458.0
1996-05-07,469.0
1996-05-08,481.5
1996-05-09,489.0
1996-05-10,487.5
1996-05-13,498.5
1996-05-14,499.5
1996-05-15,495.0
1996-05-16,507.5
1996-05-17,512.5
1996-05-20,509.0
1996-05-21,507.5
1996-05-22,490.5
1996-05-23,498.0
1996-05-24,494.5
1996-05-28,484.5
1996-05-29,470.0
1996-05-30,478.5
1996-05-31,484.0
1996-06-03,471.5
1996-06-04,454.0
1996-06-05,445.0
1996-06-06,456.0
1996-06-07,468.0
1996-06-10,480.5
1996-06-11,480.5
1996-06-12,487.0
1996-06-13,486.5
1996-06-14,472.0
1996-06-17,467.0
1996-06-18,479.0
1996-06-19,479.5
1996-06-20,479.5
1996-06-21,475.0
1996-06-24,472.5
1996-06-25,475.5
1996-06-26,479.0
1996-06-27,476.0
1996-06-28,491.5
1996-07-01,510.5
1996-07-02,506.5
1996-07-03,509.5
1996-07-05,507.0
1996-07-08,507.5
1996-07-09,512.0
1996-07-10,514.5
1996-07-11,525.0
1996-07-12,521.5
1996-07-15,512.5
1996-07-16,481.0
1996-07-17,457.5
1996-07-18,424.5
1996-07-19,422.5
1996-07-22,412.0
1996-07-23,425.0
1996-07-24,427.0
1996-07-25,421.5
1996-07-26,423.5
1996-07-29,435.0
1996-07-30,441.5
1996-07-31,441.5
1996-08-01,449.0
1996-08-02,446.5
1996-08-05,436.5
1996-08-06,439.5
1996-08-07,441.0
1996-08-08,456.5
1996-08-09,473.5
1996-08-12,487.5
1996-08-13,493.0
1996-08-14,487.5
1996-08-15,486.0
1996-08-16,478.5
1996-08-19,476.0
1996-08-20,458.5
1996-08-21,457.0
1996-08-22,454.0
1996-08-23,437.5
1996-08-26,422.0
1996-08-27,403.0
1996-08-28,394.0
1996-08-29,385.5
1996-08-30,384.5
1996-09-03,377.5
1996-09-04,370.5
1996-09-05,380.5
1996-09-06,376.0
1996-09-09,369.0
1996-09-10,366.0
1996-09-11,351.0
1996-09-12,354.0
1996-09-13,331.5
1996-09-16,324.5
1996-09-17,324.0
1996-09-18,326.0
1996-09-19,322.0
1996-09-20,324.0
1996-09-23,320.5
1996-09-24,318.5
1996-09-25,322.5
1996-09-26,315.0
1996-09-27,308.5
1996-09-30,297.0
1996-10-01,293.5
1996-10-02,291.0
1996-10-03,290.0
1996-10-04,286.5
1996-10-07,291.5
1996-10-08,294.5
1996-10-09,291.0
1996-10-10,288.5
1996-10-11,282.0
1996-10-14,283.5
1996-10-15,284.0
1996-10-16,281.0
1996-10-17,281.5
1996-10-18,279.5
1996-10-21,277.0
1996-10-22,279.0
1996-10-23,282.5
1996-10-24,276.0
1996-10-25,271.5
1996-10-28,270.0
1996-10-29,268.0
1996-10-30,262.5
1996-10-31,258.5
1996-11-01,254.5
1996-11-04,253.5
1996-11-05,251.0
1996-11-06,253.5
1996-11-07,259.0
1996-11-08,263.0
1996-11-11,263.5
1996-11-12,264.0
1996-11-13,269.0
1996-11-14,267.0
1996-11-15,265.0
1996-11-18,262.75
1996-11-19,261.0
1996-11-20,266.0
1996-11-21,268.0
1996-11-22,267.5
1996-11-25,271.0
1996-11-26,268.5
1996-11-27,268.0
1996-11-29,266.0
1996-12-02,261.5
1996-12-03,259.0
1996-12-04,260.5
1996-12-05,264.0
1996-12-06,263.0
1996-12-09,261.0
1996-12-10,261.0
1996-12-11,262.0
1996-12-12,262.0
1996-12-13,261.5
1996-12-16,261.5
1996-12-17,261.5
1996-12-18,261.0
1996-12-19,262.5
1996-12-20,263.0
1996-12-23,262.5
1996-12-26,263.0
1996-12-27,261.0
1996-12-30,255.0
1997-01-02,254.5
1997-01-03,252.5
1997-01-06,252.5
1997-01-07,254.0
1997-01-08,254.5
1997-01-09,253.0
1997-01-10,258.5
1997-01-13,260.0
1997-01-14,263.0
1997-01-15,266.5
1997-01-16,266.0
1997-01-17,265.5
1997-01-20,264.0
1997-01-21,264.5
1997-01-22,264.0
1997-01-23,263.5
1997-01-24,266.5
1997-01-27,268.0
1997-01-28,267.0
1997-01-29,267.0
1997-01-30,266.0
1997-01-31,262.5
1997-02-03,261.5
1997-02-04,262.0
1997-02-05,264.0
1997-02-06,261.0
1997-02-07,263.5
1997-02-10,264.5
1997-02-11,265.5
1997-02-12,265.5
1997-02-13,266.0
1997-02-14,264.0
1997-02-18,272.5
1997-02-19,272.5
1997-02-20,275.5
1997-02-21,280.5
1997-02-24,277.5
1997-02-25,282.0
1997-02-26,281.5
1997-02-27,283.5
1997-02-28,283.0
1997-03-03,288.0
1997-03-04,288.5
1997-03-05,286.0
1997-03-06,292.0
1997-03-07,290.0
1997-03-10,295.5
1997-03-11,291.5
1997-03-12,281.5
1997-03-13,285.0
1997-03-14,290.5
1997-03-17,292.5
1997-03-18,287.5
1997-03-19,290.5
1997-03-20,291.5
1997-03-21,287.0
1997-03-24,286.0
1997-03-25,290.0
1997-03-26,293.5
1997-03-27,296.5
1997-03-31,298.0
1997-04-01,299.5
1997-04-02,295.5
1997-04-03,287.0
1997-04-04,279.5
1997-04-07,287.0
1997-04-08,285.0
1997-04-09,286.0
1997-04-10,290.0
1997-04-11,285.5
1997-04-14,289.5
1997-04-15,288.5
1997-04-16,283.5
1997-04-17,283.5
1997-04-18,288.5
1997-04-21,287.5
1997-04-22,289.5
1997-04-23,287.5
1997-04-24,282.0
1997-04-25,281.5
1997-04-28,280.5
1997-04-29,281.5
1997-04-30,284.0
1997-05-01,288.0
1997-05-02,284.0
1997-05-05,282.0
1997-05-06,277.0
1997-05-07,277.5
1997-05-08,276.5
1997-05-09,280.0
1997-05-12,275.0
1997-05-13,277.0
1997-05-14,276.0
1997-05-15,275.5
1997-05-16,277.5
1997-05-19,278.5
1997-05-20,270.5
1997-05-21,271.0
1997-05-22,266.0
1997-05-23,263.0
1997-05-27,257.0
1997-05-28,263.0
1997-05-29,263.5
1997-05-30,265.0
1997-06-02,268.0
1997-06-03,271.5
1997-06-04,265.5
1997-06-05,268.0
1997-06-06,268.5
1997-06-09,268.0
1997-06-10,266.0
1997-06-11,267.0
1997-06-12,265.0
1997-06-13,265.5
1997-06-16,262.5
1997-06-17,263.0
1997-06-18,259.5
1997-06-19,257.0
1997-06-20,255.5
1997-06-23,250.5
1997-06-24,250.0
1997-06-25,245.0
1997-06-26,240.5
1997-06-27,237.0
1997-06-30,238.5
1997-07-01,232.5
1997-07-02,234.5
1997-07-03,232.5
1997-07-07,229.0
1997-07-08,229.5
1997-07-09,236.0
1997-07-10,234.5
1997-07-11,238.5
1997-07-14,243.5
1997-07-15,257.0
1997-07-16,251.0
1997-07-17,248.5
1997-07-18,253.5
1997-07-21,246.5
1997-07-22,248.0
1997-07-23,248.0
1997-07-24,244.5
1997-07-25,244.0
1997-07-28,250.0
1997-07-29,256.0
1997-07-30,256.5
1997-07-31,258.0
1997-08-01,261.0
1997-08-04,257.0
1997-08-05,248.0
1997-08-06,253.0
1997-08-07,245.0
1997-08-08,248.0
1997-08-11,247.0
1997-08-12,259.0
1997-08-13,260.5
1997-08-14,261.0
1997-08-15,256.5
1997-08-18,260.0
1997-08-19,261.0
1997-08-20,260.0
1997-08-21,272.5
1997-08-22,269.5
1997-08-25,271.0
1997-08-26,262.0
1997-08-27,266.5
1997-08-28,265.5
1997-08-29,265.0
1997-09-02,269.5
1997-09-03,270.5
1997-09-04,269.0
1997-09-05,263.5
1997-09-08,263.5
1997-09-09,267.0
1997-09-10,269.0
1997-09-11,272.0
1997-09-12,265.5
1997-09-15,267.5
1997-09-16,261.5
1997-09-17,262.5
1997-09-18,262.5
1997-09-19,262.5
1997-09-22,254.0
1997-09-23,255.5
1997-09-24,252.5
1997-09-25,251.5
1997-09-26,248.5
1997-09-29,244.5
1997-09-30,244.0
1997-10-01,243.5
1997-10-02,244.5
1997-10-03,251.5
1997-10-06,253.0
1997-10-07,264.0
1997-10-08,268.0
1997-10-09,270.0
1997-10-10,273.0
1997-10-13,274.5
1997-10-14,269.0
1997-10-15,273.5
1997-10-16,270.5
1997-10-17,265.0
1997-10-20,265.0
1997-10-21,269.5
1997-10-22,277.0
1997-10-23,273.0
1997-10-24,274.5
1997-10-27,272.5
1997-10-28,270.5
1997-10-29,269.0
1997-10-30,268.5
1997-10-31,270.0
1997-11-03,276.0
1997-11-04,271.0
1997-11-05,270.0
1997-11-06,275.5
1997-11-07,276.0
1997-11-10,268.5
1997-11-11,270.0
1997-11-12,268.5
1997-11-13,267.0
1997-11-14,265.0
1997-11-17,273.0
1997-11-18,271.5
1997-11-19,268.5
1997-11-20,267.5
1997-11-21,270.0
1997-11-24,269.0
1997-11-25,266.0
1997-11-26,269.0
1997-11-28,267.5
1997-12-01,269.0
1997-12-02,266.5
1997-12-03,266.5
1997-12-04,262.5
1997-12-05,265.0
1997-12-08,269.5
1997-12-09,267.0
1997-12-10,266.0
1997-12-11,262.5
1997-12-12,258.5
1997-12-15,257.0
1997-12-16,256.0
1997-12-17,258.5
1997-12-18,253.5
1997-12-19,251.5
1997-12-22,249.0
1997-12-23,252.5
1997-12-24,254.5
1997-12-26,254.5
1997-12-29,255.5
1997-12-30,255.5
1997-12-31,254.0
1998-01-02,251.5
1998-01-05,255.0
1998-01-06,252.0
1998-01-07,253.5
1998-01-08,248.5
1998-01-09,251.5
1998-01-12,249.5
1998-01-13,261.0
1998-01-14,263.5
1998-01-15,266.0
1998-01-16,265.0
1998-01-20,266.0
1998-01-21,264.5
1998-01-22,264.0
1998-01-23,264.0
1998-01-26,268.0
1998-01-27,264.0
1998-01-28,265.0
1998-01-29,263.0
1998-01-30,261.5
1998-02-02,263.0
1998-02-03,261.5
1998-02-04,260.0
1998-02-05,259.5
1998-02-06,257.5
1998-02-09,258.0
1998-02-10,260.0
1998-02-11,255.0
1998-02-12,258.0
1998-02-13,258.5
1998-02-17,256.5
1998-02-18,258.0
1998-02-19,259.5
1998-02-20,258.5
1998-02-23,257.0
1998-02-24,255.5
1998-02-25,256.5
1998-02-26,254.5
1998-02-27,253.0
1998-03-02,258.0
1998-03-03,257.0
1998-03-04,259.0
1998-03-05,260.0
1998-03-06,262.0
1998-03-09,264.0
1998-03-10,266.0
1998-03-11,268.0
1998-03-12,268.5
1998-03-13,261.5
1998-03-16,259.5
1998-03-17,260.0
1998-03-18,261.0
1998-03-19,258.0
1998-03-20,253.5
1998-03-23,256.0
1998-03-24,255.5
1998-03-25,254.0
1998-03-26,251.0
1998-03-27,251.5
1998-03-30,255.5
1998-03-31,248.5
1998-04-01,245.0
1998-04-02,247.5
1998-04-03,244.5
1998-04-06,239.0
1998-04-07,238.0
1998-04-08,239.0
1998-04-09,240.5
1998-04-13,236.5
1998-04-14,238.0
1998-04-15,243.5
1998-04-16,242.0
1998-04-17,242.0
1998-04-20,246.0
1998-04-21,242.0
1998-04-22,238.5
1998-04-23,241.5
1998-04-24,243.5
1998-04-27,239.0
1998-04-28,239.5
1998-04-29,238.0
1998-04-30,239.0
1998-05-01,238.0
1998-05-04,240.5
1998-05-05,244.0
1998-05-06,247.0
1998-05-07,246.0
1998-05-08,242.5
1998-05-11,235.5
1998-05-12,234.0
1998-05-13,238.5
1998-05-14,237.5
1998-05-15,234.0
1998-05-18,237.0
1998-05-19,235.0
1998-05-20,238.0
1998-05-21,238.0
1998-05-22,239.5
1998-05-26,231.5
1998-05-27,228.5
1998-05-28,230.0
1998-05-29,230.0
1998-06-01,229.5
1998-06-02,230.5
1998-06-03,228.0
1998-06-04,230.0
1998-06-05,227.0
1998-06-08,221.5
1998-06-09,221.5
1998-06-10,221.5
1998-06-11,221.5
1998-06-12,225.0
1998-06-15,221.0
1998-06-16,225.5
1998-06-17,231.0
1998-06-18,231.5
1998-06-19,236.0
1998-06-22,234.0
1998-06-23,238.5
1998-06-24,242.0
1998-06-25,237.5
1998-06-26,234.5
1998-06-29,219.5
1998-06-30,230.5
1998-07-01,225.0
1998-07-02,223.0
1998-07-06,220.5
1998-07-07,227.5
1998-07-08,231.5
1998-07-09,227.0
1998-07-10,220.0
1998-07-13,226.0
1998-07-14,217.5
1998-07-15,215.0
1998-07-16,216.0
1998-07-17,221.5
1998-07-20,216.0
1998-07-21,215.0
1998-07-22,212.0
1998-07-23,211.0
1998-07-24,209.5
1998-07-27,207.5
1998-07-28,205.0
1998-07-29,201.0
1998-07-30,200.5
1998-07-31,198.0
1998-08-03,192.0
1998-08-04,193.5
1998-08-05,191.5
1998-08-06,190.5
1998-08-07,191.5
1998-08-10,195.0
1998-08-11,194.5
1998-08-12,190.5
1998-08-13,188.5
1998-08-14,187.5
1998-08-17,189.5
1998-08-18,190.0
1998-08-19,190.0
1998-08-20,186.5
1998-08-21,183.5
1998-08-24,185.5
1998-08-25,181.5
1998-08-26,175.5
1998-08-27,173.0
1998-08-28,168.0
1998-08-31,166.5
1998-09-01,171.0
1998-09-02,173.0
1998-09-03,176.5
1998-09-04,176.5
1998-09-08,181.0
1998-09-09,179.0
1998-09-10,181.0
1998-09-11,176.5
1998-09-14,176.5
1998-09-15,178.5
1998-09-16,176.0
1998-09-17,174.5
1998-09-18,172.5
1998-09-21,172.5
1998-09-22,175.0
1998-09-23,175.5
1998-09-24,180.5
1998-09-25,181.5
1998-09-28,182.5
1998-09-29,183.5
1998-09-30,181.0
1998-10-01,178.0
1998-10-02,178.5
1998-10-05,182.0
1998-10-06,185.0
1998-10-07,191.5
1998-10-08,190.5
1998-10-09,195.0
1998-10-12,192.5
1998-10-13,202.0
1998-10-14,204.0
1998-10-15,204.0
1998-10-16,202.5
1998-10-19,199.5
1998-10-20,195.5
1998-10-21,196.0
1998-10-22,198.5
1998-10-23,194.5
1998-10-26,193.5
1998-10-27,194.0
1998-10-28,195.5
1998-10-29,197.5
1998-10-30,199.0
1998-11-02,199.0
1998-11-03,200.0
1998-11-04,201.5
1998-11-05,205.0
1998-11-06,205.0
1998-11-09,205.0
1998-11-10,210.0
1998-11-11,214.0
1998-11-12,214.5
1998-11-13,210.0
1998-11-16,210.5
1998-11-17,210.0
1998-11-18,212.0
1998-11-19,211.0
1998-11-20,212.0
1998-11-23,209.0
1998-11-24,211.5
1998-11-25,210.5
1998-11-27,212.0
1998-11-30,213.5
1998-12-01,212.5
1998-12-02,211.5
1998-12-03,209.5
1998-12-04,207.5
1998-12-07,209.5
1998-12-08,208.5
1998-12-09,207.5
1998-12-10,208.5
1998-12-11,210.5
1998-12-14,209.5
1998-12-15,211.0
1998-12-16,210.0
1998-12-17,208.0
1998-12-18,205.0
1998-12-21,204.5
1998-12-22,205.0
1998-12-23,206.5
1998-12-24,206.5
1998-12-28,207.5
1998-12-29,206.0
1998-12-30,199.5
1998-12-31,199.5
1999-01-04,203.5
1999-01-05,206.0
1999-01-06,211.5
1999-01-07,206.5
1999-01-08,209.0
1999-01-11,207.5
1999-01-12,204.5
1999-01-13,204.5
1999-01-14,205.0
1999-01-15,205.0
1999-01-19,205.0
1999-01-20,207.0
1999-01-21,207.0
1999-01-22,207.5
1999-01-25,207.0
1999-01-26,207.5
1999-01-27,208.0
1999-01-28,207.5
1999-01-29,205.5
1999-02-01,208.5
1999-02-02,209.5
1999-02-03,206.0
1999-02-04,208.0
1999-02-05,208.5
1999-02-08,207.0
1999-02-09,208.0
1999-02-10,210.5
1999-02-11,205.5
1999-02-12,204.5
1999-02-16,204.5
1999-02-17,204.0
1999-02-18,205.0
1999-02-19,205.0
1999-02-22,204.5
1999-02-23,206.0
1999-02-24,198.5
1999-02-25,197.5
1999-02-26,194.5
1999-03-01,195.5
1999-03-02,200.0
1999-03-03,199.5
1999-03-04,201.0
1999-03-05,200.0
1999-03-08,206.5
1999-03-09,207.5
1999-03-10,209.5
1999-03-11,211.0
1999-03-12,209.0
1999-03-15,207.0
1999-03-16,211.0
1999-03-17,211.0
1999-03-18,208.5
1999-03-19,213.5
1999-03-22,215.0
1999-03-23,211.5
1999-03-24,211.5
1999-03-25,214.5
1999-03-26,217.0
1999-03-29,217.5
1999-03-30,218.0
1999-03-31,210.0
1999-04-01,207.5
1999-04-05,205.5
1999-04-06,202.5
1999-04-07,205.0
1999-04-08,203.0
1999-04-09,205.0
1999-04-12,201.0
1999-04-13,203.5
1999-04-14,204.5
1999-04-15,207.0
1999-04-16,205.0
1999-04-19,208.0
1999-04-20,211.0
1999-04-21,211.0
1999-04-22,206.5
1999-04-23,207.0
1999-04-26,203.0
1999-04-27,203.5
1999-04-28,202.5
1999-04-29,201.5
1999-04-30,202.0
1999-05-03,204.0
1999-05-04,206.0
1999-05-05,204.5
1999-05-06,202.0
1999-05-07,201.0
1999-05-10,205.0
1999-05-11,204.0
1999-05-12,205.5
1999-05-13,206.5
1999-05-14,205.0
1999-05-17,207.5
1999-05-18,205.0
1999-05-19,203.0
1999-05-20,202.0
1999-05-21,201.0
1999-05-24,194.5
1999-05-25,197.5
1999-05-26,197.5
1999-05-27,200.5
1999-05-28,202.0
1999-06-01,199.0
1999-06-02,199.0
1999-06-03,205.5
1999-06-04,203.5
1999-06-07,204.0
1999-06-08,204.5
1999-06-09,202.0
1999-06-10,201.0
1999-06-11,198.0
1999-06-14,199.5
1999-06-15,195.0
1999-06-16,198.0
1999-06-17,198.5
1999-06-18,201.5
1999-06-21,199.5
1999-06-22,197.5
1999-06-23,198.5
1999-06-24,196.0
1999-06-25,196.5
1999-06-28,192.0
1999-06-29,189.5
1999-06-30,190.0
1999-07-01,181.5
1999-07-02,175.5
1999-07-06,167.0
1999-07-07,167.5
1999-07-08,163.5
1999-07-09,160.0
1999-07-12,160.5
1999-07-13,160.5
1999-07-14,162.5
1999-07-15,164.0
1999-07-16,158.0
1999-07-19,162.0
1999-07-20,164.5
1999-07-21,171.0
1999-07-22,171.5
1999-07-23,179.5
1999-07-26,172.5
1999-07-27,165.0
1999-07-28,164.5
1999-07-29,170.0
1999-07-30,173.0
1999-08-02,184.0
1999-08-03,187.5
1999-08-04,193.0
1999-08-05,191.5
1999-08-06,192.5
1999-08-09,193.0
1999-08-10,197.5
1999-08-11,190.0
1999-08-12,177.0
1999-08-13,177.5
1999-08-16,183.5
1999-08-17,186.0
1999-08-18,184.5
1999-08-19,183.0
1999-08-20,179.0
1999-08-23,179.0
1999-08-24,178.0
1999-08-25,181.5
1999-08-26,179.0
1999-08-27,174.75
1999-08-30,174.5
1999-08-31,178.5
1999-09-01,183.5
1999-09-02,187.0
1999-09-03,190.0
1999-09-07,190.5
1999-09-08,185.5
1999-09-09,186.0
1999-09-10,185.0
1999-09-13,183.0
1999-09-14,181.0
1999-09-15,177.0
1999-09-16,177.5
1999-09-17,174.5
1999-09-20,174.5
1999-09-21,175.5
1999-09-22,175.0
1999-09-23,174.5
1999-09-24,175.0
1999-09-27,179.0
1999-09-28,182.5
1999-09-29,183.0
1999-09-30,176.0
1999-10-01,172.5
1999-10-04,173.0
1999-10-05,171.0
1999-10-06,171.0
1999-10-07,172.0
1999-10-08,167.5
1999-10-11,167.5
1999-10-12,169.0
1999-10-13,169.5
1999-10-14,171.0
1999-10-15,170.0
1999-10-18,173.0
1999-10-19,172.0
1999-10-20,172.0
1999-10-21,171.0
1999-10-22,172.0
1999-10-25,174.5
1999-10-26,177.0
1999-10-27,176.0
1999-10-28,175.5
1999-10-29,177.0
1999-11-01,178.5
1999-11-02,178.0
1999-11-03,180.5
1999-11-04,185.5
1999-11-05,186.5
1999-11-08,187.5
1999-11-09,184.0
1999-11-10,179.0
1999-11-11,180.0
1999-11-12,180.0
1999-11-15,183.5
1999-11-16,183.5
1999-11-17,182.0
1999-11-18,180.5
1999-11-19,180.5
1999-11-22,182.5
1999-11-23,184.5
1999-11-24,183.5
1999-11-26,183.5
1999-11-29,181.0
1999-11-30,179.5
1999-12-01,182.5
1999-12-02,182.5
1999-12-03,182.0
1999-12-06,185.0
1999-12-07,184.0
1999-12-08,181.5
1999-12-09,178.5
1999-12-10,179.5
1999-12-13,178.5
1999-12-14,182.0
1999-12-15,183.0
1999-12-16,183.5
1999-12-17,183.5
1999-12-20,184.5
1999-12-21,184.0
1999-12-22,185.0
1999-12-23,186.5
1999-12-27,186.5
1999-12-28,188.5
1999-12-29,188.0
1999-12-30,188.5
2000-01-03,184.5
2000-01-04,187.5
2000-01-05,187.0
2000-01-06,187.5
2000-01-07,190.0
2000-01-10,190.0
2000-01-11,188.5
2000-01-12,192.0
2000-01-13,196.0
2000-01-14,194.5
2000-01-18,195.5
2000-01-19,198.5
2000-01-20,199.0
2000-01-21,201.0
2000-01-24,204.5
2000-01-25,204.5
2000-01-26,197.5
2000-01-27,201.0
2000-01-28,199.5
2000-01-31,197.5
2000-02-01,201.0
2000-02-02,201.0
2000-02-03,200.5
2000-02-04,200.5
2000-02-07,202.0
2000-02-08,203.5
2000-02-09,205.5
2000-02-10,208.0
2000-02-11,205.5
2000-02-14,204.5
2000-02-15,205.5
2000-02-16,205.5
2000-02-17,205.5
2000-02-18,203.0
2000-02-22,203.0
2000-02-23,199.0
2000-02-24,200.5
2000-02-25,197.5
2000-02-28,198.0
2000-02-29,201.5
2000-03-01,202.0
2000-03-02,202.0
2000-03-03,203.5
2000-03-06,206.5
2000-03-07,203.5
2000-03-08,205.0
2000-03-09,204.5
2000-03-10,206.0
2000-03-13,209.5
2000-03-14,214.0
2000-03-15,212.0
2000-03-16,210.5
2000-03-17,215.0
2000-03-20,210.5
2000-03-21,207.0
2000-03-22,210.0
2000-03-23,206.5
2000-03-24,208.5
2000-03-27,208.0
2000-03-28,200.5
2000-03-29,204.0
2000-03-30,210.5
2000-03-31,213.5
2000-04-03,211.5
2000-04-04,210.5
2000-04-05,210.5
2000-04-06,207.0
2000-04-07,209.0
2000-04-10,207.5
2000-04-11,204.5
2000-04-12,207.0
2000-04-13,209.0
2000-04-14,207.5
2000-04-17,205.5
2000-04-18,207.0
2000-04-19,211.5
2000-04-20,210.0
2000-04-24,210.5
2000-04-25,214.5
2000-04-26,212.0
2000-04-27,209.5
2000-04-28,208.5
2000-05-01,218.5
2000-05-02,219.5
2000-05-03,222.5
2000-05-04,222.5
2000-05-05,220.5
2000-05-08,213.5
2000-05-09,214.0
2000-05-10,219.5
2000-05-11,220.5
2000-05-12,221.5
2000-05-15,214.5
2000-05-16,211.5
2000-05-17,211.5
2000-05-18,214.0
2000-05-19,216.5
2000-05-22,216.5
2000-05-23,213.0
2000-05-24,210.5
2000-05-25,206.5
2000-05-26,209.5
2000-05-30,200.5
2000-05-31,201.0
2000-06-01,201.0
2000-06-02,205.0
2000-06-05,200.5
2000-06-06,202.0
2000-06-07,196.0
2000-06-08,194.0
2000-06-09,194.0
2000-06-12,179.5
2000-06-13,183.0
2000-06-14,174.5
2000-06-15,181.0
2000-06-16,182.5
2000-06-19,181.5
2000-06-20,178.5
2000-06-21,179.0
2000-06-22,177.5
2000-06-23,174.5
2000-06-26,169.0
2000-06-27,171.5
2000-06-28,168.0
2000-06-29,170.0
2000-06-30,162.0
2000-07-03,157.0
2000-07-05,159.5
2000-07-06,156.5
2000-07-07,159.0
2000-07-10,157.0
2000-07-11,157.0
2000-07-12,158.5
2000-07-13,157.5
2000-07-14,153.5
2000-07-17,150.5
2000-07-18,151.0
2000-07-19,151.5
2000-07-20,153.5
2000-07-21,154.0
2000-07-24,149.5
2000-07-25,147.5
2000-07-26,146.5
2000-07-27,147.0
2000-07-28,145.5
2000-07-31,146.5
2000-08-01,147.0
2000-08-02,147.5
2000-08-03,146.5
2000-08-04,145.5
2000-08-07,145.5
2000-08-08,147.0
2000-08-09,146.0
2000-08-10,145.5
2000-08-11,145.0
2000-08-14,147.0
2000-08-15,147.5
2000-08-16,149.5
2000-08-17,149.5
2000-08-18,148.0
2000-08-21,148.5
2000-08-22,148.0
2000-08-23,148.0
2000-08-24,150.0
2000-08-25,151.5
2000-08-28,154.5
2000-08-29,159.0
2000-08-30,155.5
2000-08-31,159.0
2000-09-01,156.5
2000-09-05,159.0
2000-09-06,156.5
2000-09-07,155.5
2000-09-08,158.5
2000-09-11,160.5
2000-09-12,160.5
2000-09-13,158.0
2000-09-14,156.5
2000-09-15,154.0
2000-09-18,154.0
2000-09-19,151.0
2000-09-20,152.0
2000-09-21,156.0
2000-09-22,160.5
2000-09-25,158.5
2000-09-26,159.0
2000-09-27,160.0
2000-09-28,162.5
2000-09-29,164.5
2000-10-02,166.5
2000-10-03,171.0
2000-10-04,175.0
2000-10-05,173.5
2000-10-06,173.0
2000-10-09,174.5
2000-10-10,177.5
2000-10-11,179.0
2000-10-12,182.5
2000-10-13,184.5
2000-10-16,184.0
2000-10-17,184.5
2000-10-18,183.5
2000-10-19,186.5
2000-10-20,183.5
2000-10-23,182.5
2000-10-24,184.0
2000-10-25,184.5
2000-10-26,184.0
2000-10-27,184.0
2000-10-30,184.0
2000-10-31,188.5
2000-11-01,188.5
2000-11-02,194.5
2000-11-03,196.0
2000-11-06,198.0
2000-11-07,198.0
2000-11-08,197.5
2000-11-09,197.5
2000-11-10,197.0
2000-11-13,195.5
2000-11-14,194.0
2000-11-15,193.0
2000-11-16,195.5
2000-11-17,197.5
2000-11-20,198.0
2000-11-21,198.0
2000-11-22,197.0
2000-11-24,197.0
2000-11-27,198.5
2000-11-28,196.0
2000-11-29,194.0
2000-11-30,197.0
2000-12-01,198.5
2000-12-04,197.0
2000-12-05,197.0
2000-12-06,196.0
2000-12-07,192.5
2000-12-08,196.5
2000-12-11,195.5
2000-12-12,194.5
2000-12-13,196.5
2000-12-14,197.5
2000-12-15,197.5
2000-12-18,201.5
2000-12-19,205.0
2000-12-20,205.0
2000-12-21,206.5
2000-12-22,207.5
2000-12-26,207.5
2000-12-27,209.5
2000-12-28,209.5
2000-12-29,210.5
2001-01-02,207.0
2001-01-03,209.5
2001-01-04,209.5
2001-01-05,204.0
2001-01-08,204.5
2001-01-09,207.0
2001-01-10,208.5
2001-01-11,202.5
2001-01-12,198.5
2001-01-16,195.5
2001-01-17,196.5
2001-01-18,196.0
2001-01-19,193.0
2001-01-22,193.5
2001-01-23,194.0
2001-01-24,195.5
2001-01-25,193.5
2001-01-26,189.5
2001-01-29,187.5
2001-01-30,188.5
2001-01-31,189.5
2001-02-01,192.0
2001-02-02,194.0
2001-02-05,193.5
2001-02-06,197.0
2001-02-07,195.0
2001-02-08,192.0
2001-02-09,192.5
2001-02-12,193.0
2001-02-13,194.0
2001-02-14,197.0
2001-02-15,196.0
2001-02-16,196.0
2001-02-20,196.5
2001-02-21,196.5
2001-02-22,196.0
2001-02-23,195.0
2001-02-26,196.0
2001-02-27,197.5
2001-02-28,200.5
2001-03-01,200.0
2001-03-02,200.5
2001-03-05,201.0
2001-03-06,200.0
2001-03-07,198.0
2001-03-08,198.0
2001-03-09,198.0
2001-03-12,199.0
2001-03-13,198.5
2001-03-14,194.5
2001-03-15,187.0
2001-03-16,184.0
2001-03-19,185.5
2001-03-20,188.0
2001-03-21,186.5
2001-03-22,183.0
2001-03-23,184.5
2001-03-26,188.0
2001-03-27,190.0
2001-03-28,188.5
2001-03-29,187.0
2001-03-30,183.0
2001-04-02,188.0
2001-04-03,190.0
2001-04-04,192.0
2001-04-05,192.0
2001-04-06,190.5
2001-04-09,191.0
2001-04-10,189.5
2001-04-11,191.5
2001-04-12,193.0
2001-04-16,194.0
2001-04-17,191.0
2001-04-18,191.0
2001-04-19,186.5
2001-04-20,184.0
2001-04-23,179.5
2001-04-24,178.0
2001-04-25,179.0
2001-04-26,183.5
2001-04-27,179.0
2001-04-30,182.5
2001-05-01,182.5
2001-05-02,183.5
2001-05-03,184.0
2001-05-04,185.5
2001-05-07,183.0
2001-05-08,181.0
2001-05-09,182.0
2001-05-10,175.0
2001-05-11,174.5
2001-05-14,180.5
2001-05-15,180.0
2001-05-16,180.0
2001-05-17,179.5
2001-05-18,178.5
2001-05-21,174.5
2001-05-22,170.5
2001-05-23,171.5
2001-05-24,173.5
2001-05-25,172.0
2001-05-29,171.0
2001-05-30,172.0
2001-05-31,175.0
2001-06-01,179.5
2001-06-04,177.5
2001-06-05,177.5
2001-06-06,181.5
2001-06-07,181.0
2001-06-08,179.0
2001-06-11,179.0
2001-06-12,177.5
2001-06-13,178.5
2001-06-14,177.0
2001-06-15,173.0
2001-06-18,173.5
2001-06-19,176.0
2001-06-20,174.0
2001-06-21,172.5
2001-06-22,171.5
2001-06-25,169.0
2001-06-26,170.0
2001-06-27,173.5
2001-06-28,174.0
2001-06-29,174.0
2001-07-02,176.0
2001-07-03,179.5
2001-07-05,184.0
2001-07-06,185.0
2001-07-09,189.0
2001-07-10,193.5
2001-07-11,200.5
2001-07-12,207.5
2001-07-13,198.0
2001-07-16,191.0
2001-07-17,199.0
2001-07-18,191.5
2001-07-19,192.0
2001-07-20,184.5
2001-07-23,185.0
2001-07-24,191.5
2001-07-25,196.5
2001-07-26,195.5
2001-07-27,198.5
2001-07-30,196.0
2001-07-31,198.5
2001-08-01,194.5
2001-08-02,193.0
2001-08-03,192.0
2001-08-06,194.0
2001-08-07,198.5
2001-08-08,198.5
2001-08-09,201.5
2001-08-10,204.0
2001-08-13,206.5
2001-08-14,205.5
2001-08-15,201.5
2001-08-16,201.0
2001-08-17,199.5
2001-08-20,196.0
2001-08-21,198.5
2001-08-22,198.5
2001-08-23,204.0
2001-08-24,200.0
2001-08-27,201.5
2001-08-28,201.5
2001-08-29,201.5
2001-08-30,202.5
2001-08-31,201.0
2001-09-04,200.0
2001-09-05,199.5
2001-09-06,193.5
2001-09-07,199.5
2001-09-10,201.0
2001-09-13,203.0
2001-09-14,198.5
2001-09-17,196.5
2001-09-18,193.0
2001-09-19,190.0
2001-09-20,189.5
2001-09-21,190.5
2001-09-24,188.5
2001-09-25,188.0
2001-09-26,189.5
2001-09-27,189.0
2001-09-28,187.5
2001-10-01,185.0
2001-10-02,183.5
2001-10-03,186.5
2001-10-04,186.5
2001-10-05,187.5
2001-10-08,189.0
2001-10-09,187.0
2001-10-10,187.0
2001-10-11,186.5
2001-10-12,181.5
2001-10-15,179.5
2001-10-16,182.0
2001-10-17,183.5
2001-10-18,181.0
2001-10-19,181.0
2001-10-22,179.5
2001-10-23,179.5
2001-10-24,183.0
2001-10-25,182.5
2001-10-26,181.0
2001-10-29,181.0
2001-10-30,183.5
2001-10-31,184.0
2001-11-01,182.5
2001-11-02,180.5
2001-11-05,184.5
2001-11-06,184.5
2001-11-07,185.0
2001-11-08,186.5
2001-11-09,189.5
2001-11-12,190.0
2001-11-13,189.0
2001-11-14,190.5
2001-11-15,190.0
2001-11-16,192.5
2001-11-19,196.0
2001-11-20,196.0
2001-11-21,196.0
2001-11-23,196.0
2001-11-26,191.5
2001-11-27,195.0
2001-11-28,191.0
2001-11-29,191.0
2001-11-30,197.0
2001-12-03,198.0
2001-12-04,200.0
2001-12-05,198.5
2001-12-06,195.5
2001-12-07,198.0
2001-12-10,202.0
2001-12-11,201.0
2001-12-12,197.5
2001-12-13,198.0
2001-12-14,198.5
2001-12-17,197.5
2001-12-18,197.5
2001-12-19,198.0
2001-12-20,196.0
2001-12-21,193.0
2001-12-26,191.5
2001-12-27,192.5
2001-12-28,193.5
2001-12-31,192.5
2002-01-02,193.0
2002-01-03,195.0
2002-01-04,195.0
2002-01-07,196.5
2002-01-08,197.5
2002-01-09,194.5
2002-01-10,193.5
2002-01-11,197.5
2002-01-14,195.0
2002-01-15,196.5
2002-01-16,199.0
2002-01-17,196.0
2002-01-18,195.0
2002-01-22,193.5
2002-01-23,193.5
2002-01-24,194.0
2002-01-25,193.5
2002-01-28,192.0
2002-01-29,191.0
2002-01-30,191.5
2002-01-31,192.0
2002-02-01,191.0
2002-02-04,191.0
2002-02-05,192.5
2002-02-06,190.5
2002-02-07,190.5
2002-02-08,191.0
2002-02-11,191.0
2002-02-12,193.0
2002-02-13,195.0
2002-02-14,195.0
2002-02-15,192.5
2002-02-19,193.0
2002-02-20,196.0
2002-02-21,196.5
2002-02-22,193.0
2002-02-25,189.5
2002-02-26,189.0
2002-02-27,189.0
2002-02-28,191.0
2002-03-01,191.0
2002-03-04,191.0
2002-03-05,193.0
2002-03-06,192.0
2002-03-07,192.0
2002-03-08,192.5
2002-03-11,193.5
2002-03-12,195.0
2002-03-13,192.5
2002-03-14,193.5
2002-03-15,192.0
2002-03-18,192.0
2002-03-19,192.0
2002-03-20,192.5
2002-03-21,192.5
2002-03-22,191.0
2002-03-25,190.0
2002-03-26,191.5
2002-03-27,192.5
2002-03-28,190.5
2002-04-01,192.0
2002-04-02,191.0
2002-04-03,189.0
2002-04-04,189.5
2002-04-05,189.0
2002-04-08,190.5
2002-04-09,190.0
2002-04-10,189.5
2002-04-11,188.5
2002-04-12,187.5
2002-04-15,185.5
2002-04-16,187.5
2002-04-17,189.5
2002-04-18,188.5
2002-04-19,189.0
2002-04-22,189.5
2002-04-23,189.5
2002-04-24,188.5
2002-04-25,187.5
2002-04-26,186.5
2002-04-29,184.0
2002-04-30,185.5
2002-05-01,188.0
2002-05-02,186.5
2002-05-03,186.5
2002-05-06,187.5
2002-05-07,192.0
2002-05-08,192.0
2002-05-09,193.0
2002-05-10,193.5
2002-05-13,201.5
2002-05-14,203.0
2002-05-15,203.0
2002-05-16,200.0
2002-05-17,197.0
2002-05-20,198.5
2002-05-21,199.5
2002-05-22,197.0
2002-05-23,197.0
2002-05-24,193.5
2002-05-28,196.5
2002-05-29,200.5
2002-05-30,201.5
2002-05-31,203.0
2002-06-03,199.0
2002-06-04,199.0
2002-06-05,200.5
2002-06-06,200.0
2002-06-07,197.5
2002-06-10,197.0
2002-06-11,195.5
2002-06-12,198.5
2002-06-13,203.5
2002-06-14,201.5
2002-06-17,200.75
2002-06-18,200.0
2002-06-19,202.5
2002-06-20,203.0
2002-06-21,202.0
2002-06-24,209.0
2002-06-25,211.5
2002-06-26,213.5
2002-06-27,217.5
2002-06-28,217.0
2002-07-01,225.0
2002-07-02,219.0
2002-07-03,215.0
2002-07-05,221.0
2002-07-08,214.0
2002-07-09,217.5
2002-07-10,213.5
2002-07-11,208.5
2002-07-12,207.0
2002-07-15,211.5
2002-07-16,220.5
2002-07-17,217.5
2002-07-18,218.5
2002-07-19,220.5
2002-07-22,232.0
2002-07-23,228.5
2002-07-24,235.0
2002-07-25,232.0
2002-07-26,231.0
2002-07-29,219.5
2002-07-30,223.5
2002-07-31,236.5
2002-08-01,237.5
2002-08-02,242.0
2002-08-05,242.5
2002-08-06,239.5
2002-08-07,239.0
2002-08-08,235.5
2002-08-09,239.5
2002-08-12,248.5
2002-08-13,255.5
2002-08-14,262.5
2002-08-15,261.5
2002-08-16,260.5
2002-08-19,255.5
2002-08-20,251.0
2002-08-21,253.0
2002-08-22,253.0
2002-08-23,254.5
2002-08-26,255.5
2002-08-27,254.0
2002-08-28,253.0
2002-08-29,250.0
2002-08-30,253.0
2002-09-03,258.0
2002-09-04,263.0
2002-09-05,265.0
2002-09-06,267.0
2002-09-09,273.5
2002-09-10,271.5
2002-09-11,278.5
2002-09-12,267.5
2002-09-13,261.0
2002-09-16,261.5
2002-09-17,261.5
2002-09-18,256.5
2002-09-19,252.5
2002-09-20,245.5
2002-09-23,239.5
2002-09-24,246.0
2002-09-25,244.5
2002-09-26,246.0
2002-09-27,245.0
2002-09-30,238.0
2002-10-01,241.0
2002-10-02,244.0
2002-10-03,242.0
2002-10-04,245.5
2002-10-07,248.5
2002-10-08,245.0
2002-10-09,244.0
2002-10-10,239.0
2002-10-11,232.5
2002-10-14,235.0
2002-10-15,240.0
2002-10-16,242.0
2002-10-17,246.0
2002-10-18,244.0
2002-10-21,242.0
2002-10-22,240.0
2002-10-23,238.5
2002-10-24,238.0
2002-10-25,239.5
2002-10-28,237.0
2002-10-29,240.0
2002-10-30,237.0
2002-10-31,239.5
2002-11-01,237.5
2002-11-04,236.5
2002-11-05,234.0
2002-11-06,234.5
2002-11-07,232.5
2002-11-08,230.5
2002-11-11,230.0
2002-11-12,232.5
2002-11-13,235.0
2002-11-14,237.0
2002-11-15,237.0
2002-11-18,237.0
2002-11-19,240.0
2002-11-20,240.0
2002-11-21,239.0
2002-11-22,240.0
2002-11-25,236.0
2002-11-26,235.0
2002-11-27,233.5
2002-11-29,233.5
2002-12-02,234.0
2002-12-03,232.0
2002-12-04,232.0
2002-12-05,227.5
2002-12-06,232.5
2002-12-09,229.0
2002-12-10,230.5
2002-12-11,233.5
2002-12-12,231.0
2002-12-13,232.5
2002-12-16,231.5
2002-12-17,231.0
2002-12-18,233.0
2002-12-19,232.0
2002-12-20,231.5
2002-12-23,235.0
2002-12-26,235.0
2002-12-27,232.0
2002-12-30,228.0
2002-12-31,229.5
2003-01-02,232.0
2003-01-03,230.0
2003-01-06,230.0
2003-01-07,234.0
2003-01-08,239.0
2003-01-09,237.0
2003-01-10,228.0
2003-01-13,223.0
2003-01-14,222.0
2003-01-15,222.5
2003-01-16,222.5
2003-01-17,223.5
2003-01-21,224.0
2003-01-22,225.0
2003-01-23,226.5
2003-01-24,226.5
2003-01-27,228.5
2003-01-28,231.5
2003-01-29,229.5
2003-01-30,229.0
2003-01-31,231.5
2003-02-03,233.5
2003-02-04,234.5
2003-02-05,231.5
2003-02-06,233.5
2003-02-07,233.5
2003-02-10,237.5
2003-02-11,237.0
2003-02-12,235.5
2003-02-13,236.0
2003-02-14,236.0
2003-02-18,235.0
2003-02-19,232.0
2003-02-20,233.0
2003-02-21,229.5
2003-02-24,228.5
2003-02-25,229.5
2003-02-26,229.5
2003-02-27,228.5
2003-02-28,229.0
2003-03-03,231.0
2003-03-04,234.5
2003-03-05,235.0
2003-03-06,236.0
2003-03-07,237.5
2003-03-10,233.0
2003-03-11,233.0
2003-03-12,234.0
2003-03-13,234.0
2003-03-14,229.5
2003-03-17,227.0
2003-03-18,228.0
2003-03-19,230.0
2003-03-20,233.0
2003-03-21,229.5
2003-03-24,226.5
2003-03-25,225.5
2003-03-26,225.5
2003-03-27,226.5
2003-03-28,226.0
2003-03-31,235.0
2003-04-01,237.0
2003-04-02,237.0
2003-04-03,235.5
2003-04-04,235.5
2003-04-07,240.0
2003-04-08,239.5
2003-04-09,238.5
2003-04-10,235.5
2003-04-11,236.0
2003-04-14,236.0
2003-04-15,238.5
2003-04-16,236.0
2003-04-17,238.0
2003-04-21,236.5
2003-04-22,237.0
2003-04-23,237.5
2003-04-24,235.0
2003-04-25,232.0
2003-04-28,229.5
2003-04-29,229.5
2003-04-30,230.0
2003-05-01,230.5
2003-05-02,230.5
2003-05-05,236.0
2003-05-06,236.5
2003-05-07,241.5
2003-05-08,241.0
2003-05-09,249.0
2003-05-12,247.0
2003-05-13,247.5
2003-05-14,245.5
2003-05-15,250.5
2003-05-16,247.0
2003-05-19,239.0
2003-05-20,240.5
2003-05-21,239.0
2003-05-22,236.0
2003-05-23,236.0
2003-05-27,235.5
2003-05-28,234.5
2003-05-29,238.5
2003-05-30,238.0
2003-06-02,237.0
2003-06-03,235.5
2003-06-04,234.0
2003-06-05,232.0
2003-06-06,235.0
2003-06-09,232.0
2003-06-10,235.0
2003-06-11,240.5
2003-06-12,243.5
2003-06-13,239.5
2003-06-16,237.5
2003-06-17,239.5
2003-06-18,242.0
2003-06-19,242.5
2003-06-20,240.5
2003-06-23,238.0
2003-06-24,238.0
2003-06-25,238.0
2003-06-26,232.0
2003-06-27,231.0
2003-06-30,226.5
2003-07-01,226.5
2003-07-02,226.0
2003-07-03,224.5
2003-07-07,222.5
2003-07-08,226.5
2003-07-09,224.0
2003-07-10,218.0
2003-07-11,216.0
2003-07-14,215.0
2003-07-15,210.0
2003-07-16,209.5
2003-07-17,208.5
2003-07-18,207.5
2003-07-21,210.0
2003-07-22,210.5
2003-07-23,206.0
2003-07-24,205.0
2003-07-25,204.5
2003-07-28,207.5
2003-07-29,207.0
2003-07-30,204.0
2003-07-31,202.0
2003-08-01,201.5
2003-08-04,203.0
2003-08-05,204.0
2003-08-06,206.0
2003-08-07,206.5
2003-08-08,207.0
2003-08-11,204.0
2003-08-12,213.0
2003-08-13,212.5
2003-08-14,213.5
2003-08-15,214.5
2003-08-18,223.5
2003-08-19,219.0
2003-08-20,233.5
2003-08-21,220.5
2003-08-22,223.0
2003-08-25,224.5
2003-08-26,226.0
2003-08-27,226.5
2003-08-28,228.0
2003-08-29,230.0
2003-09-02,230.0
2003-09-03,235.0
2003-09-04,239.5
2003-09-05,231.0
2003-09-08,230.0
2003-09-09,231.5
2003-09-10,226.0
2003-09-11,216.0
2003-09-12,207.5
2003-09-15,209.5
2003-09-16,206.5
2003-09-17,204.5
2003-09-18,206.0
2003-09-19,208.0
2003-09-22,209.5
2003-09-23,204.0
2003-09-24,205.5
2003-09-25,205.5
2003-09-26,205.5
2003-09-29,206.0
2003-09-30,200.5
2003-10-01,200.0
2003-10-02,203.0
2003-10-03,206.0
2003-10-06,205.0
2003-10-07,206.5
2003-10-08,205.5
2003-10-09,207.0
2003-10-10,202.0
2003-10-13,203.0
2003-10-14,205.5
2003-10-15,203.5
2003-10-16,202.0
2003-10-17,201.0
2003-10-20,201.5
2003-10-21,202.5
2003-10-22,206.5
2003-10-23,221.5
2003-10-24,220.0
2003-10-27,218.5
2003-10-28,226.5
2003-10-29,233.0
2003-10-30,234.0
2003-10-31,234.0
2003-11-03,227.0
2003-11-04,219.0
2003-11-05,223.0
2003-11-06,222.0
2003-11-07,223.0
2003-11-10,222.0
2003-11-11,223.5
2003-11-12,228.0
2003-11-13,229.0
2003-11-14,229.0
2003-11-17,227.0
2003-11-18,225.5
2003-11-19,221.0
2003-11-20,228.0
2003-11-21,228.5
2003-11-24,228.0
2003-11-25,232.0
2003-11-26,235.5
2003-11-28,235.5
2003-12-01,237.5
2003-12-02,236.5
2003-12-03,240.5
2003-12-04,239.0
2003-12-05,238.0
2003-12-08,236.0
2003-12-09,238.0
2003-12-10,238.0
2003-12-11,241.0
2003-12-12,241.0
2003-12-15,243.5
2003-12-16,241.5
2003-12-17,241.5
2003-12-18,238.5
2003-12-19,239.0
2003-12-22,235.5
2003-12-23,233.5
2003-12-24,226.0
2003-12-26,226.0
2003-12-29,233.5
2003-12-30,233.5
2003-12-31,235.5
2004-01-02,243.0
2004-01-05,243.0
2004-01-06,241.5
2004-01-07,238.5
2004-01-08,240.0
2004-01-09,239.5
2004-01-12,251.5
2004-01-13,252.5
2004-01-14,251.5
2004-01-15,250.5
2004-01-16,254.5
2004-01-20,257.0
2004-01-21,260.0
2004-01-22,260.0
2004-01-23,261.0
2004-01-26,265.0
2004-01-27,259.5
2004-01-28,256.0
2004-01-29,256.0
2004-01-30,263.5
2004-02-02,257.5
2004-02-03,259.0
2004-02-04,257.5
2004-02-05,262.0
2004-02-06,265.5
2004-02-09,271.0
2004-02-10,267.5
2004-02-11,273.0
2004-02-12,270.5
2004-02-13,272.5
2004-02-17,274.5
2004-02-18,271.0
2004-02-19,277.0
2004-02-20,277.0
2004-02-23,278.5
2004-02-24,280.5
2004-02-25,283.5
2004-02-26,287.5
2004-02-27,287.5
2004-03-01,289.5
2004-03-02,280.5
2004-03-03,282.5
2004-03-04,280.5
2004-03-05,281.5
2004-03-08,277.0
2004-03-09,286.0
2004-03-10,282.5
2004-03-11,284.0
2004-03-12,286.0
2004-03-15,292.5
2004-03-16,290.0
2004-03-17,293.5
2004-03-18,294.5
2004-03-19,285.0
2004-03-22,300.0
2004-03-23,297.0
2004-03-24,291.5
2004-03-25,289.0
2004-03-26,288.5
2004-03-29,288.0
2004-03-30,295.0
2004-03-31,302.5
2004-04-01,307.0
2004-04-02,312.5
2004-04-05,311.0
2004-04-06,308.5
2004-04-07,312.5
2004-04-08,314.5
2004-04-12,308.0
2004-04-13,299.0
2004-04-14,303.0
2004-04-15,294.0
2004-04-16,294.0
2004-04-19,300.0
2004-04-20,298.0
2004-04-21,292.5
2004-04-22,292.5
2004-04-23,293.5
2004-04-26,291.5
2004-04-27,299.0
2004-04-28,298.5
2004-04-29,304.5
2004-04-30,306.5
2004-05-03,308.5
2004-05-04,309.0
2004-05-05,306.5
2004-05-06,298.0
2004-05-07,297.0
2004-05-10,285.0
2004-05-11,285.5
2004-05-12,284.5
2004-05-13,284.0
2004-05-14,280.5
2004-05-17,284.0
2004-05-18,280.5
2004-05-19,285.5
2004-05-20,281.0
2004-05-21,279.0
2004-05-24,285.0
2004-05-25,293.5
2004-05-26,290.5
2004-05-27,288.5
2004-05-28,293.5
2004-06-01,312.0
2004-06-02,311.5
2004-06-03,300.0
2004-06-04,296.0
2004-06-07,289.5
2004-06-08,285.0
2004-06-09,286.5
2004-06-10,275.0
2004-06-14,278.0
2004-06-15,269.0
2004-06-16,270.5
2004-06-17,267.0
2004-06-18,264.5
2004-06-21,263.0
2004-06-22,257.5
2004-06-23,264.5
2004-06-24,265.5
2004-06-25,266.0
2004-06-28,260.5
2004-06-29,258.0
2004-06-30,248.5
2004-07-01,249.5
2004-07-02,248.0
2004-07-06,245.5
2004-07-07,244.5
2004-07-08,239.0
2004-07-09,236.5
2004-07-12,235.5
2004-07-13,234.0
2004-07-14,235.0
2004-07-15,231.0
2004-07-16,227.0
2004-07-19,225.0
2004-07-20,222.5
2004-07-21,214.5
2004-07-22,207.5
2004-07-23,213.5
2004-07-26,212.0
2004-07-27,211.0
2004-07-28,206.5
2004-07-29,206.0
2004-07-30,205.0
2004-08-02,206.0
2004-08-03,207.0
2004-08-04,208.5
2004-08-05,212.5
2004-08-06,214.5
2004-08-09,215.5
2004-08-10,210.0
2004-08-11,210.0
2004-08-12,208.5
2004-08-13,206.5
2004-08-16,215.5
2004-08-17,221.0
2004-08-18,218.0
2004-08-19,222.0
2004-08-20,223.5
2004-08-23,226.5
2004-08-24,225.0
2004-08-25,223.0
2004-08-26,220.5
2004-08-27,217.0
2004-08-30,222.0
2004-08-31,225.0
2004-09-01,230.5
2004-09-02,224.5
2004-09-03,217.5
2004-09-07,214.5
2004-09-08,214.5
2004-09-09,212.0
2004-09-10,204.0
2004-09-13,204.0
2004-09-14,199.5
2004-09-15,201.0
2004-09-16,197.0
2004-09-17,196.5
2004-09-20,191.0
2004-09-21,191.0
2004-09-22,187.0
2004-09-23,182.0
2004-09-24,178.5
2004-09-27,181.0
2004-09-28,180.5
2004-09-29,178.0
2004-09-30,176.0
2004-10-01,177.5
2004-10-04,173.5
2004-10-05,175.0
2004-10-06,178.0
2004-10-07,177.0
2004-10-08,175.5
2004-10-11,175.5
2004-10-12,173.5
2004-10-13,175.0
2004-10-14,176.5
2004-10-15,177.5
2004-10-18,177.5
2004-10-19,181.0
2004-10-20,180.0
2004-10-21,177.5
2004-10-22,172.0
2004-10-25,175.0
2004-10-26,179.0
2004-10-27,180.0
2004-10-28,178.5
2004-10-29,174.0
2004-11-01,172.0
2004-11-02,172.0
2004-11-03,170.5
2004-11-04,169.5
2004-11-05,173.0
2004-11-08,175.0
2004-11-09,175.0
2004-11-10,173.5
2004-11-11,173.5
2004-11-12,178.0
2004-11-15,181.5
2004-11-16,183.5
2004-11-17,187.5
2004-11-18,187.0
2004-11-19,182.5
2004-11-22,183.0
2004-11-23,182.0
2004-11-24,182.0
2004-11-26,185.5
2004-11-29,185.0
2004-11-30,184.5
2004-12-01,183.5
2004-12-02,187.5
2004-12-03,187.5
2004-12-06,191.0
2004-12-07,185.0
2004-12-08,185.0
2004-12-09,184.5
2004-12-10,183.0
2004-12-13,186.0
2004-12-14,186.0
2004-12-15,184.5
2004-12-16,184.5
2004-12-17,185.5
2004-12-20,185.5
2004-12-21,187.0
2004-12-22,186.5
2004-12-23,187.0
2004-12-27,189.0
2004-12-28,188.5
2004-12-29,186.5
2004-12-30,188.5
2005-01-03,185.5
2005-01-04,186.5
2005-01-05,186.5
2005-01-06,193.5
2005-01-07,191.0
2005-01-10,191.0
2005-01-11,191.5
2005-01-12,185.0
2005-01-13,185.0
2005-01-14,181.0
2005-01-18,180.5
2005-01-19,183.0
2005-01-20,184.5
2005-01-21,183.5
2005-01-24,184.5
2005-01-25,186.0
2005-01-26,186.0
2005-01-27,182.0
2005-01-28,182.0
2005-01-31,183.5
2005-02-01,184.0
2005-02-02,183.0
2005-02-03,181.5
2005-02-04,181.0
2005-02-07,182.0
2005-02-08,181.0
2005-02-09,181.5
2005-02-10,185.0
2005-02-11,184.5
2005-02-14,186.5
2005-02-15,186.0
2005-02-16,183.0
2005-02-17,184.5
2005-02-18,187.0
2005-02-22,193.5
2005-02-23,191.0
2005-02-24,191.0
2005-02-25,196.5
2005-02-28,196.0
2005-03-01,193.5
2005-03-02,196.0
2005-03-03,193.5
2005-03-04,194.5
2005-03-07,191.0
2005-03-08,192.5
2005-03-09,195.0
2005-03-10,199.0
2005-03-11,202.0
2005-03-14,198.5
2005-03-15,205.5
2005-03-16,202.5
2005-03-17,202.0
2005-03-18,199.0
2005-03-21,195.0
2005-03-22,197.0
2005-03-23,192.0
2005-03-24,192.5
2005-03-28,196.0
2005-03-29,199.0
2005-03-30,197.0
2005-03-31,196.0
2005-04-01,197.0
2005-04-04,194.0
2005-04-05,188.0
2005-04-06,190.0
2005-04-07,190.0
2005-04-08,188.0
2005-04-11,191.0
2005-04-12,192.5
2005-04-13,192.0
2005-04-14,193.0
2005-04-15,192.0
2005-04-18,189.5
2005-04-19,197.0
2005-04-20,198.5
2005-04-21,198.5
2005-04-22,198.0
2005-04-25,199.5
2005-04-26,199.5
2005-04-27,195.5
2005-04-28,192.5
2005-04-29,192.5
2005-05-02,188.5
2005-05-03,185.5
2005-05-04,186.0
2005-05-05,188.0
2005-05-06,188.0
2005-05-09,190.0
2005-05-10,189.0
2005-05-11,188.5
2005-05-12,186.0
2005-05-13,185.5
2005-05-16,188.5
2005-05-17,190.0
2005-05-18,194.5
2005-05-19,192.0
2005-05-20,194.5
2005-05-23,202.5
2005-05-24,199.5
2005-05-25,199.5
2005-05-26,203.0
2005-05-27,200.0
2005-05-31,201.0
2005-06-01,203.5
2005-06-02,196.5
2005-06-03,198.5
2005-06-06,200.0
2005-06-07,199.0
2005-06-08,195.0
2005-06-09,195.0
2005-06-10,189.5
2005-06-13,194.0
2005-06-14,198.5
2005-06-15,202.5
2005-06-16,204.5
2005-06-17,208.0
2005-06-20,214.5
2005-06-21,212.5
2005-06-22,211.5
2005-06-23,208.5
2005-06-24,214.0
2005-06-27,203.5
2005-06-28,201.0
2005-06-29,200.5
2005-06-30,196.0
2005-07-01,200.5
2005-07-05,214.5
2005-07-06,216.0
2005-07-07,219.5
2005-07-08,219.5
2005-07-11,214.25
2005-07-12,214.25
2005-07-13,225.0
2005-07-14,230.0
2005-07-15,237.5
2005-07-18,239.5
2005-07-19,230.0
2005-07-20,222.5
2005-07-21,214.5
2005-07-22,214.5
2005-07-25,211.5
2005-07-26,216.5
2005-07-27,218.0
2005-07-28,221.0
2005-07-29,215.5
2005-08-01,211.5
2005-08-02,211.5
2005-08-03,206.0
2005-08-04,204.5
2005-08-05,201.0
2005-08-08,202.0
2005-08-09,199.5
2005-08-10,205.0
2005-08-11,206.5
2005-08-12,200.0
2005-08-15,193.0
2005-08-16,190.5
2005-08-17,193.5
2005-08-18,195.5
2005-08-19,195.0
2005-08-22,197.5
2005-08-23,194.5
2005-08-24,193.0
2005-08-25,189.0
2005-08-26,187.0
2005-08-29,189.0
2005-08-30,187.5
2005-08-31,185.5
2005-09-01,190.5
2005-09-02,187.0
2005-09-06,183.0
2005-09-07,186.5
2005-09-08,183.0
2005-09-09,182.5
2005-09-12,177.0
2005-09-13,175.0
2005-09-14,172.5
2005-09-15,171.0
2005-09-16,169.0
2005-09-19,169.0
2005-09-20,170.0
2005-09-21,170.0
2005-09-22,171.0
2005-09-23,170.5
2005-09-26,167.5
2005-09-27,166.5
2005-09-28,167.0
2005-09-29,166.5
2005-09-30,167.5
2005-10-03,170.5
2005-10-04,167.0
2005-10-05,166.5
2005-10-06,166.5
2005-10-07,165.0
2005-10-10,166.0
2005-10-11,165.5
2005-10-12,168.5
2005-10-13,167.5
2005-10-14,167.0
2005-10-17,167.0
2005-10-18,163.5
2005-10-19,164.5
2005-10-20,164.5
2005-10-21,167.5
2005-10-24,168.0
2005-10-25,167.0
2005-10-26,166.5
2005-10-27,167.5
2005-10-28,167.5
2005-10-31,169.5
2005-11-01,170.0
2005-11-02,170.0
2005-11-03,170.5
2005-11-04,170.5
2005-11-07,170.5
2005-11-08,174.0
2005-11-09,173.5
2005-11-10,173.0
2005-11-11,176.5
2005-11-14,179.5
2005-11-15,178.0
2005-11-16,175.5
2005-11-17,176.0
2005-11-18,175.5
2005-11-21,176.0
2005-11-22,174.5
2005-11-23,176.0
2005-11-25,176.0
2005-11-28,175.5
2005-11-29,174.0
2005-11-30,176.0
2005-12-01,178.5
2005-12-02,178.0
2005-12-05,183.0
2005-12-06,180.5
2005-12-07,179.0
2005-12-08,181.0
2005-12-09,183.5
2005-12-12,188.5
2005-12-13,189.5
2005-12-14,187.0
2005-12-15,183.0
2005-12-16,188.5
2005-12-19,190.0
2005-12-20,194.0
2005-12-21,194.0
2005-12-22,197.0
2005-12-23,198.0
2005-12-27,199.5
2005-12-28,200.0
2005-12-29,195.0
2005-12-30,200.0
2006-01-03,204.0
2006-01-04,202.0
2006-01-05,199.5
2006-01-06,197.5
2006-01-09,194.5
2006-01-10,197.0
2006-01-11,197.5
2006-01-12,197.0
2006-01-13,197.0
2006-01-17,192.5
2006-01-18,190.5
2006-01-19,189.5
2006-01-20,190.0
2006-01-23,193.5
2006-01-24,199.0
2006-01-25,201.5
2006-01-26,201.5
2006-01-27,203.0
2006-01-30,201.0
2006-01-31,203.0
2006-02-01,201.0
2006-02-02,204.5
2006-02-03,207.5
2006-02-06,205.5
2006-02-07,200.5
2006-02-08,203.5
2006-02-09,208.0
2006-02-10,203.5
2006-02-13,203.5
2006-02-14,203.5
2006-02-15,206.5
2006-02-16,208.0
2006-02-17,210.0
2006-02-21,208.5
2006-02-22,206.0
2006-02-23,207.5
2006-02-24,212.5
2006-02-27,211.5
2006-02-28,211.5
2006-03-01,208.5
2006-03-02,212.5
2006-03-03,214.0
2006-03-06,207.5
2006-03-07,205.5
2006-03-08,202.5
2006-03-09,207.0
2006-03-10,209.5
2006-03-13,209.5
2006-03-14,205.0
2006-03-15,203.0
2006-03-16,200.0
2006-03-17,197.0
2006-03-20,194.75
2006-03-21,200.0
2006-03-22,200.0
2006-03-23,198.0
2006-03-24,197.5
2006-03-27,201.0
2006-03-28,201.0
2006-03-29,203.5
2006-03-30,207.0
2006-03-31,215.5
2006-04-03,216.0
2006-04-04,214.0
2006-04-05,216.0
2006-04-06,221.5
2006-04-07,223.0
2006-04-10,221.5
2006-04-11,223.5
2006-04-12,217.5
2006-04-13,216.5
2006-04-17,217.0
2006-04-18,220.0
2006-04-19,219.5
2006-04-20,217.0
2006-04-21,217.0
2006-04-24,215.0
2006-04-25,214.5
2006-04-26,216.0
2006-04-27,215.5
2006-04-28,221.5
2006-05-01,222.0
2006-05-02,217.0
2006-05-03,216.5
2006-05-04,212.5
2006-05-05,214.5
2006-05-08,211.0
2006-05-09,212.0
2006-05-10,213.0
2006-05-11,219.0
2006-05-12,226.0
2006-05-15,231.0
2006-05-16,230.5
2006-05-17,234.5
2006-05-18,232.0
2006-05-19,224.0
2006-05-22,227.5
2006-05-23,223.0
2006-05-24,219.5
2006-05-25,223.0
2006-05-26,224.0
2006-05-30,225.0
2006-05-31,222.5
2006-06-01,226.0
2006-06-02,231.0
2006-06-05,225.0
2006-06-06,220.5
2006-06-07,223.5
2006-06-08,219.0
2006-06-09,216.5
2006-06-12,221.5
2006-06-13,218.5
2006-06-14,214.25
2006-06-15,212.5
2006-06-16,215.0
2006-06-19,209.0
2006-06-20,208.5
2006-06-21,213.0
2006-06-22,209.5
2006-06-23,208.0
2006-06-26,204.0
2006-06-27,206.0
2006-06-28,207.5
2006-06-29,210.0
2006-06-30,215.5
2006-07-03,223.0
2006-07-05,219.0
2006-07-06,224.5
2006-07-07,220.5
2006-07-10,228.5
2006-07-11,237.5
2006-07-12,243.5
2006-07-13,233.5
2006-07-14,234.5
2006-07-17,227.5
2006-07-18,221.0
2006-07-19,218.0
2006-07-20,215.5
2006-07-21,210.0
2006-07-24,212.0
2006-07-25,213.0
2006-07-26,209.0
2006-07-27,211.5
2006-07-28,210.0
2006-07-31,213.0
2006-08-01,212.5
2006-08-02,218.5
2006-08-03,218.0
2006-08-04,218.0
2006-08-07,212.5
2006-08-08,209.0
2006-08-09,212.0
2006-08-10,211.0
2006-08-11,198.0
2006-08-14,195.5
2006-08-15,198.0
2006-08-16,198.5
2006-08-17,196.0
2006-08-18,195.5
2006-08-21,198.5
2006-08-22,198.0
2006-08-23,204.5
2006-08-24,208.5
2006-08-25,207.0
2006-08-28,206.5
2006-08-29,205.0
2006-08-30,210.5
2006-08-31,214.5
2006-09-01,213.0
2006-09-05,211.0
2006-09-06,210.0
2006-09-07,215.5
2006-09-08,215.0
2006-09-11,213.0
2006-09-12,209.0
2006-09-13,210.5
2006-09-14,210.5
2006-09-15,217.5
2006-09-18,221.5
2006-09-19,220.0
2006-09-20,223.5
2006-09-21,231.0
2006-09-22,230.0
2006-09-25,230.0
2006-09-26,234.0
2006-09-27,229.0
2006-09-28,239.0
2006-09-29,237.5
2006-10-02,242.0
2006-10-03,238.0
2006-10-04,249.0
2006-10-05,247.0
2006-10-06,247.0
2006-10-09,266.5
2006-10-10,253.5
2006-10-11,262.5
2006-10-12,275.5
2006-10-13,292.0
2006-10-16,296.0
2006-10-17,300.0
2006-10-18,295.5
2006-10-19,295.5
2006-10-20,293.0
2006-10-23,299.0
2006-10-24,305.0
2006-10-25,307.5
2006-10-26,308.5
2006-10-27,314.5
2006-10-30,312.5
2006-10-31,305.0
2006-11-01,317.5
2006-11-02,329.0
2006-11-03,326.0
2006-11-06,332.5
2006-11-07,341.0
2006-11-08,349.0
2006-11-09,339.5
2006-11-10,332.5
2006-11-13,330.5
2006-11-14,345.0
2006-11-15,346.0
2006-11-16,338.5
2006-11-17,342.0
2006-11-20,347.0
2006-11-21,347.25
2006-11-22,350.25
2006-11-24,350.25
2006-11-27,360.0
2006-11-28,358.0
2006-11-29,361.0
2006-11-30,367.0
2006-12-01,367.0
2006-12-04,353.0
2006-12-05,354.5
2006-12-06,344.0
2006-12-07,350.0
2006-12-08,345.5
2006-12-11,349.5
2006-12-12,350.5
2006-12-13,345.5
2006-12-14,348.5
2006-12-15,345.5
2006-12-18,342.5
2006-12-19,350.5
2006-12-20,348.5
2006-12-21,353.0
2006-12-22,359.0
2006-12-26,363.0
2006-12-27,362.5
2006-12-28,364.0
2006-12-29,365.0
2007-01-03,345.5
2007-01-04,340.0
2007-01-05,344.5
2007-01-08,339.5
2007-01-09,333.0
2007-01-10,337.5
2007-01-11,352.0
2007-01-12,370.0
2007-01-16,377.0
2007-01-17,383.0
2007-01-18,385.0
2007-01-19,380.0
2007-01-22,379.0
2007-01-23,385.0
2007-01-24,376.5
2007-01-25,382.5
2007-01-26,381.0
2007-01-29,375.5
2007-01-30,382.0
2007-01-31,380.0
2007-02-01,375.0
2007-02-02,379.0
2007-02-05,379.0
2007-02-06,376.0
2007-02-07,371.5
2007-02-08,380.0
2007-02-09,385.5
2007-02-12,384.5
2007-02-13,384.5
2007-02-14,387.0
2007-02-15,387.5
2007-02-16,396.0
2007-02-20,397.5
2007-02-21,406.0
2007-02-22,412.5
2007-02-23,408.0
2007-02-26,403.5
2007-02-27,389.0
2007-02-28,402.5
2007-03-01,395.0
2007-03-02,388.5
2007-03-05,396.5
2007-03-06,391.5
2007-03-07,395.0
2007-03-08,391.5
2007-03-09,387.5
2007-03-12,377.0
2007-03-13,376.0
2007-03-14,374.5
2007-03-15,366.0
2007-03-16,369.5
2007-03-19,368.0
2007-03-20,375.0
2007-03-21,379.0
2007-03-22,379.5
2007-03-23,373.0
2007-03-26,360.5
2007-03-27,361.5
2007-03-28,357.5
2007-03-29,363.0
2007-03-30,340.5
2007-04-02,325.0
2007-04-03,316.0
2007-04-04,329.5
2007-04-05,336.0
2007-04-09,334.5
2007-04-10,342.5
2007-04-11,334.5
2007-04-12,333.0
2007-04-13,341.5
2007-04-16,337.5
2007-04-17,327.5
2007-04-18,337.0
2007-04-19,344.5
2007-04-20,335.0
2007-04-23,329.5
2007-04-24,340.5
2007-04-25,351.0
2007-04-26,344.5
2007-04-27,343.5
2007-04-30,338.5
2007-05-01,350.5
2007-05-02,357.0
2007-05-03,364.0
2007-05-04,366.0
2007-05-07,354.0
2007-05-08,339.5
2007-05-09,341.5
2007-05-10,331.0
2007-05-11,346.0
2007-05-14,340.5
2007-05-15,348.5
2007-05-16,354.0
2007-05-17,351.0
2007-05-18,349.0
2007-05-21,359.0
2007-05-22,347.0
2007-05-23,346.0
2007-05-24,356.0
2007-05-25,356.5
2007-05-29,356.5
2007-05-30,366.5
2007-05-31,378.5
2007-06-01,376.5
2007-06-04,372.0
2007-06-05,367.0
2007-06-06,362.0
2007-06-07,372.0
2007-06-08,369.5
2007-06-11,393.0
2007-06-12,380.5
2007-06-13,392.0
2007-06-14,398.0
2007-06-15,407.0
2007-06-18,403.0
2007-06-19,383.0
2007-06-20,381.5
2007-06-21,372.0
2007-06-22,355.0
2007-06-25,343.5
2007-06-26,342.0
2007-06-27,329.5
2007-06-28,324.0
2007-06-29,315.0
2007-07-02,316.0
2007-07-03,305.5
2007-07-05,309.5
2007-07-06,320.0
2007-07-09,317.0
2007-07-10,322.0
2007-07-11,320.0
2007-07-12,329.0
2007-07-13,330.0
2007-07-16,307.0
2007-07-17,302.5
2007-07-18,301.5
2007-07-19,293.5
2007-07-20,287.0
2007-07-23,282.0
2007-07-24,283.0
2007-07-25,283.5
2007-07-26,284.5
2007-07-27,288.5
2007-07-30,292.0
2007-07-31,294.0
2007-08-01,288.5
2007-08-02,292.5
2007-08-03,298.5
2007-08-06,300.0
2007-08-07,309.5
2007-08-08,316.5
2007-08-09,309.0
2007-08-10,309.0
2007-08-13,306.0
2007-08-14,305.5
2007-08-15,306.0
2007-08-16,301.0
2007-08-17,308.0
2007-08-20,310.5
2007-08-21,319.0
2007-08-22,328.0
2007-08-23,324.0
2007-08-24,320.5
2007-08-27,313.5
2007-08-28,307.0
2007-08-29,301.0
2007-08-30,300.5
2007-08-31,299.5
2007-09-04,306.0
2007-09-05,304.0
2007-09-06,297.5
2007-09-07,304.5
2007-09-10,303.5
2007-09-11,298.5
2007-09-12,311.5
2007-09-13,301.5
2007-09-14,303.5
2007-09-17,306.5
2007-09-18,306.5
2007-09-19,312.0
2007-09-20,322.5
2007-09-21,330.5
2007-09-24,328.5
2007-09-25,328.0
2007-09-26,334.0
2007-09-27,346.0
2007-09-28,333.0
2007-10-01,329.0
2007-10-02,309.0
2007-10-03,307.0
2007-10-04,305.0
2007-10-05,305.0
2007-10-08,302.0
2007-10-09,306.5
2007-10-10,314.5
2007-10-11,313.0
2007-10-12,320.5
2007-10-15,331.5
2007-10-16,332.0
2007-10-17,329.5
2007-10-18,338.5
2007-10-19,324.0
2007-10-22,336.0
2007-10-23,334.5
2007-10-24,330.5
2007-10-25,341.5
2007-10-26,347.0
2007-10-29,356.5
2007-10-30,353.5
2007-10-31,359.0
2007-11-01,352.5
2007-11-02,361.5
2007-11-05,361.0
2007-11-06,370.0
2007-11-07,368.0
2007-11-08,372.0
2007-11-09,369.0
2007-11-12,362.0
2007-11-13,359.5
2007-11-14,367.5
2007-11-15,358.0
2007-11-16,363.0
2007-11-19,361.0
2007-11-20,364.5
2007-11-21,366.0
2007-11-23,366.0
2007-11-26,371.5
2007-11-27,369.0
2007-11-28,373.5
2007-11-29,371.0
2007-11-30,372.0
2007-12-03,374.0
2007-12-04,381.5
2007-12-05,381.5
2007-12-06,382.5
2007-12-07,387.5
2007-12-10,389.0
2007-12-11,395.0
2007-12-12,404.5
2007-12-13,406.5
2007-12-14,409.5
2007-12-17,410.0
2007-12-18,403.5
2007-12-19,405.5
2007-12-20,408.5
2007-12-21,413.5
2007-12-24,413.5
2007-12-26,423.5
2007-12-27,426.5
2007-12-28,422.0
2007-12-31,425.5
2008-01-02,433.5
2008-01-03,437.0
2008-01-04,438.0
2008-01-07,438.0
2008-01-08,450.5
2008-01-09,448.5
2008-01-10,445.0
2008-01-11,461.0
2008-01-14,474.5
2008-01-15,472.0
2008-01-16,467.5
2008-01-17,466.5
2008-01-18,460.5
2008-01-22,454.0
2008-01-23,436.0
2008-01-24,456.5
2008-01-25,466.5
2008-01-28,470.5
2008-01-29,469.5
2008-01-30,469.5
2008-01-31,469.5
2008-02-01,469.5
2008-02-04,485.0
2008-02-05,482.5
2008-02-06,475.0
2008-02-07,475.0
2008-02-08,483.0
2008-02-11,478.5
2008-02-12,472.5
2008-02-13,471.5
2008-02-14,485.5
2008-02-15,489.0
2008-02-19,493.5
2008-02-20,497.0
2008-02-21,498.0
2008-02-22,495.5
2008-02-25,506.0
2008-02-26,504.0
2008-02-27,499.5
2008-02-28,517.5
2008-02-29,519.0
2008-03-03,528.0
2008-03-04,515.5
2008-03-05,529.5
2008-03-06,530.0
2008-03-07,505.5
2008-03-10,528.5
2008-03-11,534.0
2008-03-12,527.0
2008-03-13,530.0
2008-03-14,521.0
2008-03-17,494.5
2008-03-18,510.5
2008-03-19,489.0
2008-03-20,470.0
2008-03-24,490.5
2008-03-25,510.0
2008-03-26,517.0
2008-03-27,520.5
2008-03-28,526.0
2008-03-31,532.0
2008-04-01,550.5
2008-04-02,561.5
2008-04-03,565.5
2008-04-04,564.0
2008-04-07,556.0
2008-04-08,557.0
2008-04-09,569.0
2008-04-10,558.0
2008-04-11,548.0
2008-04-14,557.0
2008-04-15,570.0
2008-04-16,567.5
2008-04-17,567.5
2008-04-18,563.0
2008-04-21,544.0
2008-04-22,559.0
2008-04-23,554.0
2008-04-24,541.5
2008-04-25,543.5
2008-04-28,566.0
2008-04-29,558.5
2008-04-30,566.5
2008-05-01,572.5
2008-05-02,568.5
2008-05-05,550.5
2008-05-06,562.5
2008-05-07,569.5
2008-05-08,583.5
2008-05-09,584.0
2008-05-12,569.5
2008-05-13,569.5
2008-05-14,550.5
2008-05-15,553.5
2008-05-16,545.5
2008-05-19,542.0
2008-05-20,544.5
2008-05-21,560.0
2008-05-22,549.0
2008-05-23,553.0
2008-05-27,554.0
2008-05-28,549.0
2008-05-29,538.5
2008-05-30,555.5
2008-06-02,571.5
2008-06-03,566.0
2008-06-04,572.5
2008-06-05,602.5
2008-06-06,609.0
2008-06-09,613.5
2008-06-10,630.5
2008-06-11,661.5
2008-06-12,666.5
2008-06-13,684.5
2008-06-16,686.0
2008-06-17,695.5
2008-06-18,701.5
2008-06-19,683.0
2008-06-20,676.0
2008-06-23,679.0
2008-06-24,667.0
2008-06-25,683.5
2008-06-26,710.0
2008-06-27,711.0
2008-06-30,680.5
2008-07-01,674.5
2008-07-02,703.0
2008-07-03,703.0
2008-07-07,654.5
2008-07-08,650.5
2008-07-09,640.5
2008-07-10,633.5
2008-07-11,639.0
2008-07-14,612.0
2008-07-15,594.5
2008-07-16,604.5
2008-07-17,581.0
2008-07-18,560.0
2008-07-21,539.5
2008-07-22,524.0
2008-07-23,521.5
2008-07-24,521.5
2008-07-25,527.0
2008-07-28,532.0
2008-07-29,544.0
2008-07-30,552.0
2008-07-31,537.5
2008-08-01,515.0
2008-08-04,485.5
2008-08-05,475.0
2008-08-06,460.0
2008-08-07,472.5
2008-08-08,450.0
2008-08-11,451.0
2008-08-12,464.0
2008-08-13,494.0
2008-08-14,512.5
2008-08-15,484.0
2008-08-18,507.0
2008-08-19,520.0
2008-08-20,531.5
2008-08-21,554.5
2008-08-22,542.0
2008-08-25,535.5
2008-08-26,533.0
2008-08-27,537.5
2008-08-28,537.0
2008-08-29,534.5
2008-09-02,518.0
2008-09-03,512.0
2008-09-04,514.5
2008-09-05,499.0
2008-09-08,501.5
2008-09-09,496.0
2008-09-10,489.5
2008-09-11,487.0
2008-09-12,515.5
2008-09-15,514.5
2008-09-16,486.5
2008-09-17,509.5
2008-09-18,482.5
2008-09-19,497.0
2008-09-22,517.0
2008-09-23,518.5
2008-09-24,522.0
2008-09-25,517.0
2008-09-26,495.5
2008-09-29,462.0
2008-09-30,441.0
2008-10-01,437.0
2008-10-02,407.0
2008-10-03,407.0
2008-10-06,372.5
2008-10-07,373.0
2008-10-08,383.5
2008-10-09,394.5
2008-10-10,349.5
2008-10-13,368.5
2008-10-14,367.0
2008-10-15,341.5
2008-10-16,337.0
2008-10-17,357.0
2008-10-20,373.5
2008-10-21,372.5
2008-10-22,347.0
2008-10-23,351.5
2008-10-24,333.0
2008-10-27,346.0
2008-10-28,351.5
2008-10-29,382.5
2008-10-30,372.5
2008-10-31,364.5
2008-11-03,365.5
2008-11-04,375.5
2008-11-05,352.5
2008-11-06,340.5
2008-11-07,338.5
2008-11-10,348.5
2008-11-11,341.0
2008-11-12,337.5
2008-11-13,347.0
2008-11-14,350.0
2008-11-17,356.0
2008-11-18,350.0
2008-11-19,349.0
2008-11-20,334.0
2008-11-21,306.0
2008-11-24,321.5
2008-11-25,321.5
2008-11-26,325.0
2008-11-28,325.0
2008-12-01,308.0
2008-12-02,308.0
2008-12-03,309.5
2008-12-04,297.0
2008-12-05,272.0
2008-12-08,291.0
2008-12-09,289.0
2008-12-10,303.0
2008-12-11,317.5
2008-12-12,340.0
2008-12-15,341.5
2008-12-16,360.5
2008-12-17,355.5
2008-12-18,357.0
2008-12-19,351.5
2008-12-22,352.5
2008-12-23,365.0
2008-12-24,368.0
2008-12-26,368.0
2008-12-29,363.5
2008-12-30,365.5
2008-12-31,378.5
2009-01-02,383.5
2009-01-05,381.5
2009-01-06,398.0
2009-01-07,394.0
2009-01-08,376.0
2009-01-09,378.0
2009-01-12,343.0
2009-01-13,331.5
2009-01-14,335.5
2009-01-15,333.5
2009-01-16,361.0
2009-01-20,355.5
2009-01-21,361.5
2009-01-22,359.0
2009-01-23,362.0
2009-01-26,365.0
2009-01-27,350.0
2009-01-28,357.0
2009-01-29,355.0
2009-01-30,353.0
2009-02-02,345.5
2009-02-03,336.5
2009-02-04,337.5
2009-02-05,352.5
2009-02-06,360.5
2009-02-09,360.5
2009-02-10,360.5
2009-02-11,351.5
2009-02-12,348.0
2009-02-13,346.0
2009-02-17,333.0
2009-02-18,332.5
2009-02-19,339.5
2009-02-20,339.0
2009-02-23,341.0
2009-02-24,344.0
2009-02-25,353.0
2009-02-26,351.5
2009-02-27,340.5
2009-03-02,330.5
2009-03-03,331.0
2009-03-04,344.5
2009-03-05,339.5
2009-03-06,342.5
2009-03-09,345.5
2009-03-10,356.0
2009-03-11,346.5
2009-03-12,365.0
2009-03-13,367.0
2009-03-16,369.0
2009-03-17,369.0
2009-03-18,367.0
2009-03-19,374.0
2009-03-20,374.0
2009-03-23,372.0
2009-03-24,370.0
2009-03-25,362.5
2009-03-26,368.0
2009-03-27,367.5
2009-03-30,366.5
2009-03-31,385.0
2009-04-01,376.0
2009-04-02,382.5
2009-04-03,384.0
2009-04-06,385.5
2009-04-07,376.5
2009-04-08,377.5
2009-04-09,371.0
2009-04-13,369.0
2009-04-14,375.5
2009-04-15,366.0
2009-04-16,368.0
2009-04-17,358.0
2009-04-20,352.0
2009-04-21,357.0
2009-04-22,356.5
2009-04-23,364.5
2009-04-24,361.0
2009-04-27,356.5
2009-04-28,360.0
2009-04-29,379.0
2009-04-30,381.5
2009-05-01,390.0
2009-05-04,381.5
2009-05-05,381.5
2009-05-06,383.0
2009-05-07,388.5
2009-05-08,397.5
2009-05-11,396.5
2009-05-12,402.0
2009-05-13,401.5
2009-05-14,402.5
2009-05-15,392.0
2009-05-18,396.5
2009-05-19,401.0
2009-05-20,404.0
2009-05-21,401.5
2009-05-22,407.5
2009-05-26,406.0
2009-05-27,405.5
2009-05-28,405.5
2009-05-29,416.0
2009-06-01,425.5
2009-06-02,429.5
2009-06-03,412.5
2009-06-04,430.0
2009-06-05,424.5
2009-06-08,416.5
2009-06-09,425.5
2009-06-10,418.0
2009-06-11,423.0
2009-06-12,408.5
2009-06-15,388.5
2009-06-16,387.5
2009-06-17,394.5
2009-06-18,391.5
2009-06-19,388.5
2009-06-22,374.5
2009-06-23,378.5
2009-06-24,376.5
2009-06-25,372.5
2009-06-26,373.5
2009-06-29,367.5
2009-06-30,338.0
2009-07-01,340.0
2009-07-02,329.5
2009-07-06,321.0
2009-07-07,321.5
2009-07-08,320.0
2009-07-09,325.0
2009-07-10,323.5
2009-07-13,329.5
2009-07-14,336.5
2009-07-15,326.5
2009-07-16,314.5
2009-07-17,318.0
2009-07-20,319.0
2009-07-21,309.0
2009-07-22,305.5
2009-07-23,322.0
2009-07-24,311.0
2009-07-27,317.5
2009-07-28,315.5
2009-07-29,316.5
2009-07-30,327.5
2009-07-31,334.5
2009-08-03,351.5
2009-08-04,348.0
2009-08-05,340.5
2009-08-06,340.5
2009-08-07,315.0
2009-08-10,317.5
2009-08-11,319.0
2009-08-12,325.5
2009-08-13,319.0
2009-08-14,314.0
2009-08-17,309.0
2009-08-18,309.0
2009-08-19,314.0
2009-08-20,312.0
2009-08-21,314.5
2009-08-24,324.5
2009-08-25,316.0
2009-08-26,314.0
2009-08-27,316.5
2009-08-28,316.0
2009-08-31,318.0
2009-09-01,307.5
2009-09-02,303.5
2009-09-03,302.0
2009-09-04,291.5
2009-09-08,292.5
2009-09-09,296.5
2009-09-10,300.5
2009-09-11,305.5
2009-09-14,301.0
2009-09-15,329.0
2009-09-16,320.0
2009-09-17,312.5
2009-09-18,301.0
2009-09-21,299.0
2009-09-22,309.0
2009-09-23,314.5
2009-09-24,321.0
2009-09-25,318.0
2009-09-28,323.5
2009-09-29,324.5
2009-09-30,327.5
2009-10-01,322.0
2009-10-02,315.5
2009-10-05,322.5
2009-10-06,339.5
2009-10-07,342.0
2009-10-08,346.5
2009-10-09,344.0
2009-10-12,363.5
2009-10-13,365.5
2009-10-14,366.5
2009-10-15,354.5
2009-10-16,353.5
2009-10-19,367.0
2009-10-20,365.5
2009-10-21,378.0
2009-10-22,383.0
2009-10-23,375.5
2009-10-26,355.5
2009-10-27,348.0
2009-10-28,346.0
2009-10-29,356.0
2009-10-30,343.5
2009-11-02,360.0
2009-11-03,365.5
2009-11-04,360.0
2009-11-05,350.0
2009-11-06,341.0
2009-11-09,360.0
2009-11-10,367.5
2009-11-11,365.0
2009-11-12,363.5
2009-11-13,362.0
2009-11-16,374.0
2009-11-17,374.5
2009-11-18,369.5
2009-11-19,365.0
2009-11-20,362.0
2009-11-23,358.0
2009-11-24,348.0
2009-11-25,364.0
2009-11-27,364.0
2009-11-30,374.0
2009-12-01,371.0
2009-12-02,363.0
2009-12-03,357.5
2009-12-04,343.0
2009-12-07,338.5
2009-12-08,341.0
2009-12-09,339.5
2009-12-10,348.5
2009-12-11,360.5
2009-12-14,364.5
2009-12-15,363.5
2009-12-16,366.0
2009-12-17,353.5
2009-12-18,354.0
2009-12-21,357.5
2009-12-22,356.5
2009-12-23,362.5
2009-12-24,365.5
2009-12-28,374.5
2009-12-29,376.5
2009-12-30,374.0
2009-12-31,376.0
2010-01-04,383.0
2010-01-05,381.5
2010-01-06,384.5
2010-01-07,381.5
2010-01-08,386.5
2010-01-11,387.5
2010-01-12,353.0
2010-01-13,350.5
2010-01-14,348.0
2010-01-15,339.0
2010-01-19,337.0
2010-01-20,336.0
2010-01-21,340.0
2010-01-22,333.0
2010-01-25,336.0
2010-01-26,330.0
2010-01-27,328.0
2010-01-28,332.0
2010-01-29,328.5
2010-02-01,331.0
2010-02-02,337.0
2010-02-03,324.5
2010-02-04,327.0
2010-02-05,324.0
2010-02-08,329.5
2010-02-09,331.5
2010-02-10,336.0
2010-02-11,338.0
2010-02-12,337.5
2010-02-16,343.0
2010-02-17,336.5
2010-02-18,333.5
2010-02-19,340.5
2010-02-22,351.5
2010-02-23,348.0
2010-02-24,354.5
2010-02-25,351.5
2010-02-26,358.5
2010-03-01,354.0
2010-03-02,351.5
2010-03-03,356.5
2010-03-04,352.5
2010-03-05,344.5
2010-03-08,344.5
2010-03-09,338.5
2010-03-10,336.0
2010-03-11,335.5
2010-03-12,335.5
2010-03-15,334.5
2010-03-16,339.5
2010-03-17,344.5
2010-03-18,347.0
2010-03-19,346.0
2010-03-22,343.5
2010-03-23,335.0
2010-03-24,338.0
2010-03-25,328.0
2010-03-26,332.0
2010-03-29,333.5
2010-03-30,330.5
2010-03-31,321.5
2010-04-01,321.5
2010-04-05,323.0
2010-04-06,323.5
2010-04-07,334.0
2010-04-08,327.0
2010-04-09,327.0
2010-04-12,329.5
2010-04-13,335.0
2010-04-14,340.0
2010-04-15,345.0
2010-04-16,346.0
2010-04-19,331.5
2010-04-20,340.0
2010-04-21,345.0
2010-04-22,347.0
2010-04-23,338.0
2010-04-26,336.5
2010-04-27,331.0
2010-04-28,341.0
2010-04-29,344.5
2010-04-30,350.5
2010-05-03,347.0
2010-05-04,346.5
2010-05-05,350.0
2010-05-06,346.0
2010-05-07,348.0
2010-05-10,346.0
2010-05-11,351.5
2010-05-12,353.0
2010-05-13,348.0
2010-05-14,338.0
2010-05-17,330.0
2010-05-18,333.5
2010-05-19,333.0
2010-05-20,336.0
2010-05-21,343.0
2010-05-24,344.5
2010-05-25,338.0
2010-05-26,345.5
2010-05-27,348.0
2010-05-28,334.5
2010-06-01,329.5
2010-06-02,324.0
2010-06-03,325.0
2010-06-04,318.0
2010-06-07,315.0
2010-06-08,316.0
2010-06-09,315.0
2010-06-10,322.5
2010-06-11,328.0
2010-06-14,331.5
2010-06-15,331.5
2010-06-16,333.5
2010-06-17,334.0
2010-06-18,338.0
2010-06-21,332.0
2010-06-22,329.0
2010-06-23,324.0
2010-06-24,322.0
2010-06-25,319.0
2010-06-28,312.0
2010-06-29,302.5
2010-06-30,332.0
2010-07-01,342.0
2010-07-02,341.5
2010-07-06,337.5
2010-07-07,347.5
2010-07-08,354.5
2010-07-09,353.0
2010-07-12,349.5
2010-07-13,348.5
2010-07-14,355.5
2010-07-15,364.0
2010-07-16,366.0
2010-07-19,353.0
2010-07-20,345.0
2010-07-21,351.5
2010-07-22,348.5
2010-07-23,342.0
2010-07-26,335.0
2010-07-27,334.5
2010-07-28,347.5
2010-07-29,350.5
2010-07-30,365.0
2010-08-02,363.0
2010-08-03,361.5
2010-08-04,372.0
2010-08-05,369.0
2010-08-06,371.0
2010-08-09,369.5
2010-08-10,360.5
2010-08-11,363.0
2010-08-12,373.0
2010-08-13,379.0
2010-08-16,375.5
2010-08-17,381.0
2010-08-18,383.5
2010-08-19,382.5
2010-08-20,389.0
2010-08-23,385.5
2010-08-24,374.0
2010-08-25,374.0
2010-08-26,386.0
2010-08-27,392.5
2010-08-30,396.0
2010-08-31,393.5
2010-09-01,404.0
2010-09-02,402.5
2010-09-03,420.0
2010-09-07,425.0
2010-09-08,419.5
2010-09-09,430.0
2010-09-10,438.0
2010-09-13,442.0
2010-09-14,452.0
2010-09-15,455.0
2010-09-16,456.5
2010-09-17,474.0
2010-09-20,470.5
2010-09-21,467.5
2010-09-22,469.5
2010-09-23,465.0
2010-09-24,489.0
2010-09-27,480.0
2010-09-28,468.0
2010-09-29,475.0
2010-09-30,470.5
2010-10-01,440.5
2010-10-04,448.0
2010-10-05,467.5
2010-10-06,462.0
2010-10-07,471.0
2010-10-08,496.5
2010-10-11,524.5
2010-10-12,547.5
2010-10-13,541.5
2010-10-14,539.5
2010-10-15,535.5
2010-10-18,529.5
2010-10-19,517.0
2010-10-20,545.5
2010-10-21,539.0
2010-10-22,533.5
2010-10-25,541.5
2010-10-26,547.5
2010-10-27,554.0
2010-10-28,557.0
2010-10-29,561.0
2010-11-01,556.0
2010-11-02,555.0
2010-11-03,560.0
2010-11-04,569.5
2010-11-05,567.5
2010-11-08,565.0
2010-11-09,555.0
2010-11-10,545.0
2010-11-11,542.0
2010-11-12,512.0
2010-11-15,533.0
2010-11-16,505.5
2010-11-17,505.0
2010-11-18,522.5
2010-11-19,502.0
2010-11-22,497.5
2010-11-23,510.5
2010-11-24,521.5
2010-11-26,521.5
2010-11-29,524.5
2010-11-30,515.5
2010-12-01,539.0
2010-12-02,531.0
2010-12-03,548.0
2010-12-06,541.0
2010-12-07,530.0
2010-12-08,548.0
2010-12-09,547.0
2010-12-10,547.0
2010-12-13,565.0
2010-12-14,564.5
2010-12-15,561.5
2010-12-16,565.0
2010-12-17,574.0
2010-12-20,577.0
2010-12-21,580.0
2010-12-22,584.5
2010-12-23,588.5
2010-12-27,589.5
2010-12-28,597.5
2010-12-29,598.5
2010-12-30,590.5
2010-12-31,590.5
2011-01-03,597.5
2011-01-04,585.5
2011-01-05,595.0
2011-01-06,577.5
2011-01-07,571.5
2011-01-10,583.5
2011-01-11,583.5
2011-01-12,606.5
2011-01-13,618.0
2011-01-14,624.0
2011-01-18,633.0
2011-01-19,612.5
2011-01-20,625.5
2011-01-21,629.5
2011-01-24,627.5
2011-01-25,616.5
2011-01-26,631.0
2011-01-27,625.0
2011-01-28,618.0
2011-01-31,634.5
2011-02-01,634.5
2011-02-02,634.5
2011-02-03,636.0
2011-02-04,654.5
2011-02-07,650.0
2011-02-08,652.0
2011-02-09,673.0
2011-02-10,674.5
2011-02-11,682.5
2011-02-14,673.0
2011-02-15,665.0
2011-02-16,668.0
2011-02-17,689.0
2011-02-18,686.0
2011-02-22,652.5
2011-02-23,666.0
2011-02-24,662.5
2011-02-25,688.5
2011-02-28,700.5
2011-03-01,704.5
2011-03-02,694.0
2011-03-03,708.0
2011-03-04,697.5
2011-03-07,687.5
2011-03-08,675.5
2011-03-09,671.0
2011-03-10,653.0
2011-03-11,634.0
2011-03-14,636.0
2011-03-15,600.0
2011-03-16,586.5
2011-03-17,618.5
2011-03-18,654.5
2011-03-21,657.5
2011-03-22,660.5
2011-03-23,655.5
2011-03-24,677.5
2011-03-25,665.5
2011-03-28,648.5
2011-03-29,650.5
2011-03-30,641.0
2011-03-31,673.0
2011-04-01,714.5
2011-04-04,738.5
2011-04-05,746.5
2011-04-06,742.5
2011-04-07,738.5
2011-04-08,747.5
2011-04-11,756.5
2011-04-12,733.0
2011-04-13,735.0
2011-04-14,732.5
2011-04-15,721.0
2011-04-18,733.5
2011-04-19,729.5
2011-04-20,715.5
2011-04-21,717.5
2011-04-25,744.0
2011-04-26,747.5
2011-04-27,733.0
2011-04-28,705.0
2011-04-29,735.0
2011-05-02,711.0
2011-05-03,701.0
2011-05-04,707.5
2011-05-05,686.0
2011-05-06,663.5
2011-05-09,686.5
2011-05-10,686.5
2011-05-11,660.5
2011-05-12,664.5
2011-05-13,666.5
2011-05-16,681.0
2011-05-17,705.0
2011-05-18,735.0
2011-05-19,737.0
2011-05-20,748.5
2011-05-23,743.5
2011-05-24,722.5
2011-05-25,734.5
2011-05-26,738.0
2011-05-27,751.5
2011-05-31,741.5
2011-06-01,753.0
2011-06-02,760.5
2011-06-03,748.0
2011-06-06,725.5
2011-06-07,730.5
2011-06-08,758.5
2011-06-09,779.0
2011-06-10,781.0
2011-06-13,775.5
2011-06-14,749.5
2011-06-15,720.0
2011-06-16,697.5
2011-06-17,696.0
2011-06-20,698.5
2011-06-21,706.5
2011-06-22,675.5
2011-06-23,678.5
2011-06-24,668.0
2011-06-27,659.5
2011-06-28,681.0
2011-06-29,696.5
2011-06-30,631.5
2011-07-01,625.0
2011-07-05,644.5
2011-07-06,642.0
2011-07-07,648.0
2011-07-08,666.5
2011-07-11,657.5
2011-07-12,689.5
2011-07-13,713.0
2011-07-14,717.5
2011-07-15,729.5
2011-07-18,725.0
2011-07-19,731.5
2011-07-20,716.5
2011-07-21,717.0
2011-07-22,724.0
2011-07-25,713.0
2011-07-26,724.0
2011-07-27,722.0
2011-07-28,711.5
2011-07-29,695.0
2011-08-01,706.5
2011-08-02,733.0
2011-08-03,728.5
2011-08-04,720.5
2011-08-05,717.0
2011-08-08,696.5
2011-08-09,701.0
2011-08-10,702.0
2011-08-11,721.0
2011-08-12,720.5
2011-08-15,724.0
2011-08-16,729.0
2011-08-17,730.0
2011-08-18,712.5
2011-08-19,724.5
2011-08-22,735.5
2011-08-23,745.0
2011-08-24,742.0
2011-08-25,742.0
2011-08-26,762.5
2011-08-29,763.0
2011-08-30,765.5
2011-08-31,758.5
2011-09-01,726.5
2011-09-02,745.5
2011-09-06,740.5
2011-09-07,734.0
2011-09-08,719.0
2011-09-09,720.5
2011-09-12,730.0
2011-09-13,707.5
2011-09-14,708.0
2011-09-15,684.0
2011-09-16,674.5
2011-09-19,672.5
2011-09-20,670.5
2011-09-21,666.5
2011-09-22,632.0
2011-09-23,620.0
2011-09-26,628.0
2011-09-27,634.5
2011-09-28,613.5
2011-09-29,617.0
2011-09-30,575.5
2011-10-03,575.5
2011-10-04,574.0
2011-10-05,591.5
2011-10-06,594.5
2011-10-07,590.0
2011-10-10,595.0
2011-10-11,634.5
2011-10-12,630.5
2011-10-13,630.5
2011-10-14,631.0
2011-10-17,632.0
2011-10-18,636.5
2011-10-19,631.0
2011-10-20,642.5
2011-10-21,642.5
2011-10-24,645.0
2011-10-25,644.5
2011-10-26,630.5
2011-10-27,645.0
2011-10-28,649.0
2011-10-31,641.0
2011-11-01,645.5
2011-11-02,639.0
2011-11-03,648.0
2011-11-04,650.5
2011-11-07,648.5
2011-11-08,658.5
2011-11-09,654.5
2011-11-10,644.0
2011-11-11,637.0
2011-11-14,633.5
2011-11-15,645.5
2011-11-16,642.5
2011-11-17,614.0
2011-11-18,609.5
2011-11-21,595.5
2011-11-22,596.5
2011-11-23,585.0
2011-11-25,585.0
2011-11-28,586.5
2011-11-29,593.0
2011-11-30,596.0
2011-12-01,591.0
2011-12-02,584.0
2011-12-05,579.5
2011-12-06,584.0
2011-12-07,580.0
2011-12-08,590.5
2011-12-09,584.5
2011-12-12,585.5
2011-12-13,586.0
2011-12-14,572.0
2011-12-15,570.5
2011-12-16,575.5
2011-12-19,592.5
2011-12-20,596.0
2011-12-21,606.0
2011-12-22,607.5
2011-12-23,608.5
2011-12-27,623.5
2011-12-28,632.5
2011-12-29,628.0
2011-12-30,635.5
2012-01-03,648.0
2012-01-04,648.5
2012-01-05,633.5
2012-01-06,633.5
2012-01-09,642.0
2012-01-10,642.5
2012-01-11,642.0
2012-01-12,602.0
2012-01-13,590.0
2012-01-17,594.5
2012-01-18,586.0
2012-01-19,603.0
2012-01-20,609.5
2012-01-23,618.0
2012-01-24,629.0
2012-01-25,633.5
2012-01-26,634.5
2012-01-27,640.5
2012-01-30,632.0
2012-01-31,640.0
2012-02-01,641.0
2012-02-02,642.5
2012-02-03,643.5
2012-02-06,644.0
2012-02-07,642.0
2012-02-08,642.5
2012-02-09,637.0
2012-02-10,632.0
2012-02-13,640.0
2012-02-14,633.5
2012-02-15,627.0
2012-02-16,636.5
2012-02-17,642.5
2012-02-21,631.0
2012-02-22,638.0
2012-02-23,639.5
2012-02-24,639.5
2012-02-27,648.0
2012-02-28,657.0
2012-02-29,658.5
2012-03-01,653.5
2012-03-02,654.5
2012-03-05,660.5
2012-03-06,654.5
2012-03-07,639.5
2012-03-08,636.0
2012-03-09,645.5
2012-03-12,659.5
2012-03-13,661.5
2012-03-14,659.0
2012-03-15,665.0
2012-03-16,669.5
2012-03-19,660.5
2012-03-20,644.5
2012-03-21,639.0
2012-03-22,642.0
2012-03-23,644.0
2012-03-26,635.5
2012-03-27,628.0
2012-03-28,617.5
2012-03-29,601.5
2012-03-30,643.0
2012-04-02,655.0
2012-04-03,657.0
2012-04-04,656.5
2012-04-05,658.5
2012-04-09,650.5
2012-04-10,636.5
2012-04-11,637.5
2012-04-12,638.0
2012-04-13,629.0
2012-04-16,622.5
2012-04-17,617.0
2012-04-18,603.0
2012-04-19,621.5
2012-04-20,613.5
2012-04-23,624.0
2012-04-24,619.5
2012-04-25,613.0
2012-04-26,622.0
2012-04-27,643.0
2012-04-30,652.5
2012-05-01,647.5
2012-05-02,629.5
2012-05-03,636.5
2012-05-04,646.5
2012-05-07,646.5
2012-05-08,652.0
2012-05-09,636.0
2012-05-10,616.0
2012-05-11,608.0
2012-05-14,610.0
2012-05-15,623.5
2012-05-16,648.0
2012-05-17,654.5
2012-05-18,664.5
2012-05-21,661.0
2012-05-22,626.0
2012-05-23,626.0
2012-05-24,605.5
2012-05-25,604.0
2012-05-29,588.0
2012-05-30,585.0
2012-05-31,582.0
2012-06-01,579.5
2012-06-04,592.0
2012-06-05,593.5
2012-06-06,613.5
2012-06-07,621.5
2012-06-08,627.5
2012-06-11,621.5
2012-06-12,614.0
2012-06-13,622.0
2012-06-14,640.5
2012-06-15,617.5
2012-06-18,639.0
2012-06-19,652.0
2012-06-20,646.0
2012-06-21,609.0
2012-06-22,615.0
2012-06-25,654.0
2012-06-26,666.5
2012-06-27,669.0
2012-06-28,667.0
2012-06-29,667.5
2012-07-02,692.5
2012-07-03,713.5
2012-07-05,748.0
2012-07-06,734.0
2012-07-09,770.0
2012-07-10,752.5
2012-07-11,736.5
2012-07-12,762.0
2012-07-13,768.5
2012-07-16,803.0
2012-07-17,804.0
2012-07-18,818.0
2012-07-19,829.0
2012-07-20,839.5
2012-07-23,831.0
2012-07-24,807.5
2012-07-25,811.0
2012-07-26,795.5
2012-07-27,812.5
2012-07-30,835.0
2012-07-31,818.5
2012-08-01,810.0
2012-08-02,803.5
2012-08-03,815.0
2012-08-06,808.5
2012-08-07,802.5
2012-08-08,817.5
2012-08-09,824.5
2012-08-10,806.5
2012-08-13,791.0
