Price,Close,High,Low,Open,Volume
Ticker,VIX,VIX,VIX,VIX,VIX
Date,,,,,
1990-01-02,17.24,17.24,17.24,17.24,0
1990-01-03,18.19,18.19,18.19,18.19,0
1990-01-04,19.22,19.22,19.22,19.22,0
1990-01-05,20.11,20.11,20.11,20.11,0
1990-01-08,20.26,20.26,20.26,20.26,0
1990-01-09,22.2,22.2,22.2,22.2,0
1990-01-10,22.44,22.44,22.44,22.44,0
1990-01-11,20.05,20.05,20.05,20.05,0
1990-01-12,24.64,24.64,24.64,24.64,0
1990-01-15,26.34,26.34,26.34,26.34,0
1990-01-16,24.18,24.18,24.18,24.18,0
1990-01-17,24.16,24.16,24.16,24.16,0
1990-01-18,24.34,24.34,24.34,24.34,0
1990-01-19,22.5,22.5,22.5,22.5,0
1990-01-22,26.7,26.7,26.7,26.7,0
1990-01-23,24.72,24.72,24.72,24.72,0
1990-01-24,25.39,25.39,25.39,25.39,0
1990-01-25,25.63,25.63,25.63,25.63,0
1990-01-26,26.28,26.28,26.28,26.28,0
1990-01-29,26.44,26.44,26.44,26.44,0
1990-01-30,27.25,27.25,27.25,27.25,0
1990-01-31,25.36,25.36,25.36,25.36,0
1990-02-01,24.87,24.87,24.87,24.87,0
1990-02-02,24.32,24.32,24.32,24.32,0
1990-02-05,24.54,24.54,24.54,24.54,0
1990-02-06,24.69,24.69,24.69,24.69,0
1990-02-07,24.29,24.29,24.29,24.29,0
1990-02-08,23.77,23.77,23.77,23.77,0
1990-02-09,23.69,23.69,23.69,23.69,0
1990-02-12,24.38,24.38,24.38,24.38,0
1990-02-13,23.76,23.76,23.76,23.76,0
1990-02-14,22.05,22.05,22.05,22.05,0
1990-02-15,19.71,19.71,19.71,19.71,0
1990-02-16,20.78,20.78,20.78,20.78,0
1990-02-20,22.78,22.78,22.78,22.78,0
1990-02-21,23.89,23.89,23.89,23.89,0
1990-02-22,22.54,22.54,22.54,22.54,0
1990-02-23,23.69,23.69,23.69,23.69,0
1990-02-26,23.56,23.56,23.56,23.56,0
1990-02-27,22.69,22.69,22.69,22.69,0
1990-02-28,21.99,21.99,21.99,21.99,0
1990-03-01,21.9,21.9,21.9,21.9,0
1990-03-02,21.34,21.34,21.34,21.34,0
1990-03-05,22.03,22.03,22.03,22.03,0
1990-03-06,20.55,20.55,20.55,20.55,0
1990-03-07,19.1,19.1,19.1,19.1,0
1990-03-08,19.74,19.74,19.74,19.74,0
1990-03-09,20.3,20.3,20.3,20.3,0
1990-03-12,20.07,20.07,20.07,20.07,0
1990-03-13,21.05,21.05,21.05,21.05,0
1990-03-14,19.65,19.65,19.65,19.65,0
1990-03-15,18.81,18.81,18.81,18.81,0
1990-03-16,17.62,17.62,17.62,17.62,0
1990-03-19,18.29,18.29,18.29,18.29,0
1990-03-20,19.06,19.06,19.06,19.06,0
1990-03-21,20.1,20.1,20.1,20.1,0
1990-03-22,22.74,22.74,22.74,22.74,0
1990-03-23,20.46,20.46,20.46,20.46,0
1990-03-26,19.59,19.59,19.59,19.59,0
1990-03-27,21.01,21.01,21.01,21.01,0
1990-03-28,19.77,19.77,19.77,19.77,0
1990-03-29,18.46,18.46,18.46,18.46,0
1990-03-30,19.73,19.73,19.73,19.73,0
1990-04-02,22.84,22.84,22.84,22.84,0
1990-04-03,20.44,20.44,20.44,20.44,0
1990-04-04,22.03,22.03,22.03,22.03,0
1990-04-05,21.21,21.21,21.21,21.21,0
1990-04-06,21.76,21.76,21.76,21.76,0
1990-04-09,22.3,22.3,22.3,22.3,0
1990-04-10,21.69,21.69,21.69,21.69,0
1990-04-11,17.73,17.73,17.73,17.73,0
1990-04-12,19.8,19.8,19.8,19.8,0
1990-04-16,20.75,20.75,20.75,20.75,0
1990-04-17,20.38,20.38,20.38,20.38,0
1990-04-18,22.67,22.67,22.67,22.67,0
1990-04-19,22.46,22.46,22.46,22.46,0
1990-04-20,23.33,23.33,23.33,23.33,0
1990-04-23,24.16,24.16,24.16,24.16,0
1990-04-24,21.7,21.7,21.7,21.7,0
1990-04-25,20.86,20.86,20.86,20.86,0
1990-04-26,20.25,20.25,20.25,20.25,0
1990-04-27,22.19,22.19,22.19,22.19,0
1990-04-30,19.52,19.52,19.52,19.52,0
1990-05-01,18.43,18.43,18.43,18.43,0
1990-05-02,19.32,19.32,19.32,19.32,0
1990-05-03,17.81,17.81,17.81,17.81,0
1990-05-04,17.28,17.28,17.28,17.28,0
1990-05-07,17.65,17.65,17.65,17.65,0
1990-05-08,18.49,18.49,18.49,18.49,0
1990-05-09,18.64,18.64,18.64,18.64,0
1990-05-10,18.59,18.59,18.59,18.59,0
1990-05-11,19.81,19.81,19.81,19.81,0
1990-05-14,20.14,20.14,20.14,20.14,0
1990-05-15,19.49,19.49,19.49,19.49,0
1990-05-16,17.71,17.71,17.71,17.71,0
1990-05-17,17.27,17.27,17.27,17.27,0
1990-05-18,17.2,17.2,17.2,17.2,0
1990-05-21,16.72,16.72,16.72,16.72,0
1990-05-22,17.84,17.84,17.84,17.84,0
1990-05-23,17.18,17.18,17.18,17.18,0
1990-05-24,17.7,17.7,17.7,17.7,0
1990-05-25,17.32,17.32,17.32,17.32,0
1990-05-29,18.75,18.75,18.75,18.75,0
1990-05-30,17.44,17.44,17.44,17.44,0
1990-05-31,17.37,17.37,17.37,17.37,0
1990-06-01,17.09,17.09,17.09,17.09,0
1990-06-04,18.39,18.39,18.39,18.39,0
1990-06-05,18.97,18.97,18.97,18.97,0
1990-06-06,17.42,17.42,17.42,17.42,0
1990-06-07,16.88,16.88,16.88,16.88,0
1990-06-08,17.58,17.58,17.58,17.58,0
1990-06-11,16.34,16.34,16.34,16.34,0
1990-06-12,16.6,16.6,16.6,16.6,0
1990-06-13,17.38,17.38,17.38,17.38,0
1990-06-14,17.4,17.4,17.4,17.4,0
1990-06-15,15.9,15.9,15.9,15.9,0
1990-06-18,17.71,17.71,17.71,17.71,0
1990-06-19,15.23,15.23,15.23,15.23,0
1990-06-20,15.27,15.27,15.27,15.27,0
1990-06-21,14.72,14.72,14.72,14.72,0
1990-06-22,19.36,19.36,19.36,19.36,0
1990-06-25,17.06,17.06,17.06,17.06,0
1990-06-26,16.29,16.29,16.29,16.29,0
1990-06-27,16.0,16.0,16.0,16.0,0
1990-06-28,16.18,16.18,16.18,16.18,0
1990-06-29,15.5,15.5,15.5,15.5,0
1990-07-02,16.26,16.26,16.26,16.26,0
1990-07-03,16.11,16.11,16.11,16.11,0
1990-07-05,17.25,17.25,17.25,17.25,0
1990-07-06,16.41,16.41,16.41,16.41,0
1990-07-09,16.66,16.66,16.66,16.66,0
1990-07-10,16.92,16.92,16.92,16.92,0
1990-07-11,16.68,16.68,16.68,16.68,0
1990-07-12,17.06,17.06,17.06,17.06,0
1990-07-13,17.09,17.09,17.09,17.09,0
1990-07-16,16.75,16.75,16.75,16.75,0
1990-07-17,16.66,16.66,16.66,16.66,0
1990-07-18,18.9,18.9,18.9,18.9,0
1990-07-19,18.56,18.56,18.56,18.56,0
1990-07-20,15.63,15.63,15.63,15.63,0
1990-07-23,23.68,23.68,23.68,23.68,0
1990-07-24,21.79,21.79,21.79,21.79,0
1990-07-25,20.19,20.19,20.19,20.19,0
1990-07-26,20.26,20.26,20.26,20.26,0
1990-07-27,21.12,21.12,21.12,21.12,0
1990-07-30,21.16,21.16,21.16,21.16,0
1990-07-31,21.11,21.11,21.11,21.11,0
1990-08-01,21.64,21.64,21.64,21.64,0
1990-08-02,20.43,20.43,20.43,20.43,0
1990-08-03,28.74,28.74,28.74,28.74,0
1990-08-06,35.91,35.91,35.91,35.91,0
1990-08-07,32.75,32.75,32.75,32.75,0
1990-08-08,28.27,28.27,28.27,28.27,0
1990-08-09,24.39,24.39,24.39,24.39,0
1990-08-10,25.75,25.75,25.75,25.75,0
1990-08-13,25.74,25.74,25.74,25.74,0
1990-08-14,24.18,24.18,24.18,24.18,0
1990-08-15,23.31,23.31,23.31,23.31,0
1990-08-16,27.16,27.16,27.16,27.16,0
1990-08-17,27.53,27.53,27.53,27.53,0
1990-08-20,26.46,26.46,26.46,26.46,0
1990-08-21,28.9,28.9,28.9,28.9,0
1990-08-22,30.55,30.55,30.55,30.55,0
1990-08-23,36.47,36.47,36.47,36.47,0
1990-08-24,33.93,33.93,33.93,33.93,0
1990-08-27,29.63,29.63,29.63,29.63,0
1990-08-28,29.12,29.12,29.12,29.12,0
1990-08-29,27.38,27.38,27.38,27.38,0
1990-08-30,29.89,29.89,29.89,29.89,0
1990-08-31,29.9,29.9,29.9,29.9,0
1990-09-04,29.58,29.58,29.58,29.58,0
1990-09-05,28.52,28.52,28.52,28.52,0
1990-09-06,30.19,30.19,30.19,30.19,0
1990-09-07,28.73,28.73,28.73,28.73,0
1990-09-10,29.34,29.34,29.34,29.34,0
1990-09-11,28.38,28.38,28.38,28.38,0
1990-09-12,28.12,28.12,28.12,28.12,0
1990-09-13,29.33,29.33,29.33,29.33,0
1990-09-14,30.56,30.56,30.56,30.56,0
1990-09-17,29.55,29.55,29.55,29.55,0
1990-09-18,28.82,28.82,28.82,28.82,0
1990-09-19,27.88,27.88,27.88,27.88,0
1990-09-20,28.66,28.66,28.66,28.66,0
1990-09-21,30.04,30.04,30.04,30.04,0
1990-09-24,30.56,30.56,30.56,30.56,0
1990-09-25,28.81,28.81,28.81,28.81,0
1990-09-26,28.19,28.19,28.19,28.19,0
1990-09-27,28.67,28.67,28.67,28.67,0
1990-09-28,29.11,29.11,29.11,29.11,0
1990-10-01,28.06,28.06,28.06,28.06,0
1990-10-02,27.28,27.28,27.28,27.28,0
1990-10-03,27.9,27.9,27.9,27.9,0
1990-10-04,27.51,27.51,27.51,27.51,0
1990-10-05,27.85,27.85,27.85,27.85,0
1990-10-08,28.04,28.04,28.04,28.04,0
1990-10-09,30.71,30.71,30.71,30.71,0
1990-10-10,31.19,31.19,31.19,31.19,0
1990-10-11,33.98,33.98,33.98,33.98,0
1990-10-12,31.94,31.94,31.94,31.94,0
1990-10-15,31.64,31.64,31.64,31.64,0
1990-10-16,31.45,31.45,31.45,31.45,0
1990-10-17,31.37,31.37,31.37,31.37,0
1990-10-18,29.6,29.6,29.6,29.6,0
1990-10-19,27.86,27.86,27.86,27.86,0
1990-10-22,27.27,27.27,27.27,27.27,0
1990-10-23,27.57,27.57,27.57,27.57,0
1990-10-24,28.28,28.28,28.28,28.28,0
1990-10-25,29.04,29.04,29.04,29.04,0
1990-10-26,30.75,30.75,30.75,30.75,0
1990-10-29,31.54,31.54,31.54,31.54,0
1990-10-30,30.52,30.52,30.52,30.52,0
1990-10-31,30.04,30.04,30.04,30.04,0
1990-11-01,30.25,30.25,30.25,30.25,0
1990-11-02,30.03,30.03,30.03,30.03,0
1990-11-05,29.85,29.85,29.85,29.85,0
1990-11-06,29.11,29.11,29.11,29.11,0
1990-11-07,30.87,30.87,30.87,30.87,0
1990-11-08,30.79,30.79,30.79,30.79,0
1990-11-09,26.96,26.96,26.96,26.96,0
1990-11-12,25.6,25.6,25.6,25.6,0
1990-11-13,24.58,24.58,24.58,24.58,0
1990-11-14,22.89,22.89,22.89,22.89,0
1990-11-15,22.57,22.57,22.57,22.57,0
1990-11-16,21.34,21.34,21.34,21.34,0
1990-11-19,20.95,20.95,20.95,20.95,0
1990-11-20,20.09,20.09,20.09,20.09,0
1990-11-21,21.09,21.09,21.09,21.09,0
1990-11-23,20.98,20.98,20.98,20.98,0
1990-11-26,22.76,22.76,22.76,22.76,0
1990-11-27,22.86,22.86,22.86,22.86,0
1990-11-28,22.96,22.96,22.96,22.96,0
1990-11-29,23.91,23.91,23.91,23.91,0
1990-11-30,22.16,22.16,22.16,22.16,0
1990-12-03,22.29,22.29,22.29,22.29,0
1990-12-04,22.03,22.03,22.03,22.03,0
1990-12-05,20.94,20.94,20.94,20.94,0
1990-12-06,22.62,22.62,22.62,22.62,0
1990-12-07,22.59,22.59,22.59,22.59,0
1990-12-10,23.58,23.58,23.58,23.58,0
1990-12-11,23.75,23.75,23.75,23.75,0
1990-12-12,21.28,21.28,21.28,21.28,0
1990-12-13,23.05,23.05,23.05,23.05,0
1990-12-14,23.85,23.85,23.85,23.85,0
1990-12-17,24.85,24.85,24.85,24.85,0
1990-12-18,23.11,23.11,23.11,23.11,0
1990-12-19,23.08,23.08,23.08,23.08,0
1990-12-20,23.13,23.13,23.13,23.13,0
1990-12-21,22.66,22.66,22.66,22.66,0
1990-12-24,24.03,24.03,24.03,24.03,0
1990-12-26,24.18,24.18,24.18,24.18,0
1990-12-27,24.81,24.81,24.81,24.81,0
1990-12-28,25.05,25.05,25.05,25.05,0
1990-12-31,26.38,26.38,26.38,26.38,0
1991-01-02,26.62,26.62,26.62,26.62,0
1991-01-03,27.93,27.93,27.93,27.93,0
1991-01-04,27.19,27.19,27.19,27.19,0
1991-01-07,28.95,28.95,28.95,28.95,0
1991-01-08,30.38,30.38,30.38,30.38,0
1991-01-09,33.3,33.3,33.3,33.3,0
1991-01-10,31.33,31.33,31.33,31.33,0
1991-01-11,32.63,32.63,32.63,32.63,0
1991-01-14,36.2,36.2,36.2,36.2,0
1991-01-15,36.16,36.16,36.16,36.16,0
1991-01-16,33.2,33.2,33.2,33.2,0
1991-01-17,27.45,27.45,27.45,27.45,0
1991-01-18,25.39,25.39,25.39,25.39,0
1991-01-21,24.33,24.33,24.33,24.33,0
1991-01-22,24.9,24.9,24.9,24.9,0
1991-01-23,23.92,23.92,23.92,23.92,0
1991-01-24,22.86,22.86,22.86,22.86,0
1991-01-25,22.2,22.2,22.2,22.2,0
1991-01-28,23.05,23.05,23.05,23.05,0
1991-01-29,23.17,23.17,23.17,23.17,0
1991-01-30,21.37,21.37,21.37,21.37,0
1991-01-31,20.91,20.91,20.91,20.91,0
1991-02-01,21.04,21.04,21.04,21.04,0
1991-02-04,21.86,21.86,21.86,21.86,0
1991-02-05,21.46,21.46,21.46,21.46,0
1991-02-06,22.68,22.68,22.68,22.68,0
1991-02-07,23.6,23.6,23.6,23.6,0
1991-02-08,23.38,23.38,23.38,23.38,0
1991-02-11,22.56,22.56,22.56,22.56,0
1991-02-12,22.26,22.26,22.26,22.26,0
1991-02-13,20.86,20.86,20.86,20.86,0
1991-02-14,21.48,21.48,21.48,21.48,0
1991-02-15,19.57,19.57,19.57,19.57,0
1991-02-19,19.84,19.84,19.84,19.84,0
1991-02-20,22.26,22.26,22.26,22.26,0
1991-02-21,20.78,20.78,20.78,20.78,0
1991-02-22,21.01,21.01,21.01,21.01,0
1991-02-25,22.86,22.86,22.86,22.86,0
1991-02-26,20.38,20.38,20.38,20.38,0
1991-02-27,21.26,21.26,21.26,21.26,0
1991-02-28,21.23,21.23,21.23,21.23,0
1991-03-01,21.23,21.23,21.23,21.23,0
1991-03-04,20.86,20.86,20.86,20.86,0
1991-03-05,20.45,20.45,20.45,20.45,0
1991-03-06,20.55,20.55,20.55,20.55,0
1991-03-07,21.05,21.05,21.05,21.05,0
1991-03-08,20.81,20.81,20.81,20.81,0
1991-03-11,20.88,20.88,20.88,20.88,0
1991-03-12,18.82,18.82,18.82,18.82,0
1991-03-13,16.09,16.09,16.09,16.09,0
1991-03-14,14.94,14.94,14.94,14.94,0
1991-03-15,14.9,14.9,14.9,14.9,0
1991-03-18,15.79,15.79,15.79,15.79,0
1991-03-19,16.11,16.11,16.11,16.11,0
1991-03-20,16.04,16.04,16.04,16.04,0
1991-03-21,16.86,16.86,16.86,16.86,0
1991-03-22,16.49,16.49,16.49,16.49,0
1991-03-25,16.76,16.76,16.76,16.76,0
1991-03-26,16.31,16.31,16.31,16.31,0
1991-03-27,16.55,16.55,16.55,16.55,0
1991-03-28,16.88,16.88,16.88,16.88,0
1991-04-01,17.42,17.42,17.42,17.42,0
1991-04-02,17.4,17.4,17.4,17.4,0
1991-04-03,17.61,17.61,17.61,17.61,0
1991-04-04,18.01,18.01,18.01,18.01,0
1991-04-05,17.63,17.63,17.63,17.63,0
1991-04-08,17.41,17.41,17.41,17.41,0
1991-04-09,20.12,20.12,20.12,20.12,0
1991-04-10,19.73,19.73,19.73,19.73,0
1991-04-11,17.24,17.24,17.24,17.24,0
1991-04-12,18.45,18.45,18.45,18.45,0
1991-04-15,16.5,16.5,16.5,16.5,0
1991-04-16,15.82,15.82,15.82,15.82,0
1991-04-17,15.47,15.47,15.47,15.47,0
1991-04-18,16.26,16.26,16.26,16.26,0
1991-04-19,15.68,15.68,15.68,15.68,0
1991-04-22,16.78,16.78,16.78,16.78,0
1991-04-23,17.02,17.02,17.02,17.02,0
1991-04-24,16.72,16.72,16.72,16.72,0
1991-04-25,17.15,17.15,17.15,17.15,0
1991-04-26,17.27,17.27,17.27,17.27,0
1991-04-29,18.27,18.27,18.27,18.27,0
1991-04-30,18.24,18.24,18.24,18.24,0
1991-05-01,17.77,17.77,17.77,17.77,0
1991-05-02,17.52,17.52,17.52,17.52,0
1991-05-03,17.24,17.24,17.24,17.24,0
1991-05-06,17.92,17.92,17.92,17.92,0
1991-05-07,17.46,17.46,17.46,17.46,0
1991-05-08,17.78,17.78,17.78,17.78,0
1991-05-09,17.17,17.17,17.17,17.17,0
1991-05-10,17.54,17.54,17.54,17.54,0
1991-05-13,17.66,17.66,17.66,17.66,0
1991-05-14,18.0,18.0,18.0,18.0,0
1991-05-15,18.38,18.38,18.38,18.38,0
1991-05-16,17.24,17.24,17.24,17.24,0
1991-05-17,16.64,16.64,16.64,16.64,0
1991-05-20,17.1,17.1,17.1,17.1,0
1991-05-21,16.07,16.07,16.07,16.07,0
1991-05-22,16.16,16.16,16.16,16.16,0
1991-05-23,16.11,16.11,16.11,16.11,0
1991-05-24,15.23,15.23,15.23,15.23,0
1991-05-28,15.67,15.67,15.67,15.67,0
1991-05-29,15.9,15.9,15.9,15.9,0
1991-05-30,16.02,16.02,16.02,16.02,0
1991-05-31,15.93,15.93,15.93,15.93,0
1991-06-03,16.87,16.87,16.87,16.87,0
1991-06-04,16.17,16.17,16.17,16.17,0
1991-06-05,16.4,16.4,16.4,16.4,0
1991-06-06,16.93,16.93,16.93,16.93,0
1991-06-07,16.98,16.98,16.98,16.98,0
1991-06-10,17.47,17.47,17.47,17.47,0
1991-06-11,17.32,17.32,17.32,17.32,0
1991-06-12,17.72,17.72,17.72,17.72,0
1991-06-13,16.99,16.99,16.99,16.99,0
1991-06-14,15.98,15.98,15.98,15.98,0
1991-06-17,15.5,15.5,15.5,15.5,0
1991-06-18,16.14,16.14,16.14,16.14,0
1991-06-19,17.44,17.44,17.44,17.44,0
1991-06-20,16.75,16.75,16.75,16.75,0
1991-06-21,16.51,16.51,16.51,16.51,0
1991-06-24,18.28,18.28,18.28,18.28,0
1991-06-25,17.85,17.85,17.85,17.85,0
1991-06-26,17.98,17.98,17.98,17.98,0
1991-06-27,17.87,17.87,17.87,17.87,0
1991-06-28,19.55,19.55,19.55,19.55,0
1991-07-01,18.64,18.64,18.64,18.64,0
1991-07-02,17.63,17.63,17.63,17.63,0
1991-07-03,19.47,19.47,19.47,19.47,0
1991-07-05,18.35,18.35,18.35,18.35,0
1991-07-08,20.29,20.29,20.29,20.29,0
1991-07-09,19.76,19.76,19.76,19.76,0
1991-07-10,19.19,19.19,19.19,19.19,0
1991-07-11,17.39,17.39,17.39,17.39,0
1991-07-12,18.29,18.29,18.29,18.29,0
1991-07-15,17.78,17.78,17.78,17.78,0
1991-07-16,17.49,17.49,17.49,17.49,0
1991-07-17,17.52,17.52,17.52,17.52,0
1991-07-18,15.77,15.77,15.77,15.77,0
1991-07-19,15.5,15.5,15.5,15.5,0
1991-07-22,16.9,16.9,16.9,16.9,0
1991-07-23,16.58,16.58,16.58,16.58,0
1991-07-24,16.41,16.41,16.41,16.41,0
1991-07-25,15.74,15.74,15.74,15.74,0
1991-07-26,15.45,15.45,15.45,15.45,0
1991-07-29,15.67,15.67,15.67,15.67,0
1991-07-30,15.47,15.47,15.47,15.47,0
1991-07-31,15.18,15.18,15.18,15.18,0
1991-08-01,15.47,15.47,15.47,15.47,0
1991-08-02,15.26,15.26,15.26,15.26,0
1991-08-05,15.92,15.92,15.92,15.92,0
1991-08-06,15.54,15.54,15.54,15.54,0
1991-08-07,15.56,15.56,15.56,15.56,0
1991-08-08,15.98,15.98,15.98,15.98,0
1991-08-09,15.45,15.45,15.45,15.45,0
1991-08-12,15.26,15.26,15.26,15.26,0
1991-08-13,14.73,14.73,14.73,14.73,0
1991-08-14,15.09,15.09,15.09,15.09,0
1991-08-15,15.19,15.19,15.19,15.19,0
1991-08-16,16.01,16.01,16.01,16.01,0
1991-08-19,21.19,21.19,21.19,21.19,0
1991-08-20,18.86,18.86,18.86,18.86,0
1991-08-21,15.62,15.62,15.62,15.62,0
1991-08-22,14.59,14.59,14.59,14.59,0
1991-08-23,14.41,14.41,14.41,14.41,0
1991-08-26,14.81,14.81,14.81,14.81,0
1991-08-27,15.46,15.46,15.46,15.46,0
1991-08-28,15.31,15.31,15.31,15.31,0
1991-08-29,14.82,14.82,14.82,14.82,0
1991-08-30,14.46,14.46,14.46,14.46,0
1991-09-03,16.57,16.57,16.57,16.57,0
1991-09-04,17.18,17.18,17.18,17.18,0
1991-09-05,17.31,17.31,17.31,17.31,0
1991-09-06,16.76,16.76,16.76,16.76,0
1991-09-09,17.73,17.73,17.73,17.73,0
1991-09-10,18.22,18.22,18.22,18.22,0
1991-09-11,17.96,17.96,17.96,17.96,0
1991-09-12,16.21,16.21,16.21,16.21,0
1991-09-13,17.88,17.88,17.88,17.88,0
1991-09-16,17.82,17.82,17.82,17.82,0
1991-09-17,17.68,17.68,17.68,17.68,0
1991-09-18,17.56,17.56,17.56,17.56,0
1991-09-19,17.56,17.56,17.56,17.56,0
1991-09-20,17.08,17.08,17.08,17.08,0
1991-09-23,16.38,16.38,16.38,16.38,0
1991-09-24,16.04,16.04,16.04,16.04,0
1991-09-25,15.68,15.68,15.68,15.68,0
1991-09-26,15.35,15.35,15.35,15.35,0
1991-09-27,16.31,16.31,16.31,16.31,0
1991-09-30,15.85,15.85,15.85,15.85,0
1991-10-01,14.81,14.81,14.81,14.81,0
1991-10-02,15.81,15.81,15.81,15.81,0
1991-10-03,17.04,17.04,17.04,17.04,0
1991-10-04,15.63,15.63,15.63,15.63,0
1991-10-07,18.58,18.58,18.58,18.58,0
1991-10-08,17.81,17.81,17.81,17.81,0
1991-10-09,18.54,18.54,18.54,18.54,0
1991-10-10,17.8,17.8,17.8,17.8,0
1991-10-11,17.6,17.6,17.6,17.6,0
1991-10-14,16.71,16.71,16.71,16.71,0
1991-10-15,16.22,16.22,16.22,16.22,0
1991-10-16,14.85,14.85,14.85,14.85,0
1991-10-17,16.32,16.32,16.32,16.32,0
1991-10-18,15.87,15.87,15.87,15.87,0
1991-10-21,16.66,16.66,16.66,16.66,0
1991-10-22,16.55,16.55,16.55,16.55,0
1991-10-23,16.26,16.26,16.26,16.26,0
1991-10-24,15.62,15.62,15.62,15.62,0
1991-10-25,15.75,15.75,15.75,15.75,0
1991-10-28,15.45,15.45,15.45,15.45,0
1991-10-29,15.55,15.55,15.55,15.55,0
1991-10-30,15.46,15.46,15.46,15.46,0
1991-10-31,15.48,15.48,15.48,15.48,0
1991-11-01,15.6,15.6,15.6,15.6,0
1991-11-04,16.35,16.35,16.35,16.35,0
1991-11-05,16.48,16.48,16.48,16.48,0
1991-11-06,16.47,16.47,16.47,16.47,0
1991-11-07,15.97,15.97,15.97,15.97,0
1991-11-08,15.43,15.43,15.43,15.43,0
1991-11-11,14.89,14.89,14.89,14.89,0
1991-11-12,14.04,14.04,14.04,14.04,0
1991-11-13,13.95,13.95,13.95,13.95,0
1991-11-14,13.96,13.96,13.96,13.96,0
1991-11-15,21.18,21.18,21.18,21.18,0
1991-11-18,18.28,18.28,18.28,18.28,0
1991-11-19,20.34,20.34,20.34,20.34,0
1991-11-20,20.4,20.4,20.4,20.4,0
1991-11-21,19.11,19.11,19.11,19.11,0
1991-11-22,21.2,21.2,21.2,21.2,0
1991-11-25,21.92,21.92,21.92,21.92,0
1991-11-26,19.8,19.8,19.8,19.8,0
1991-11-27,19.84,19.84,19.84,19.84,0
1991-11-29,20.26,20.26,20.26,20.26,0
1991-12-02,20.18,20.18,20.18,20.18,0
1991-12-03,19.7,19.7,19.7,19.7,0
1991-12-04,19.54,19.54,19.54,19.54,0
1991-12-05,20.19,20.19,20.19,20.19,0
1991-12-06,19.04,19.04,19.04,19.04,0
1991-12-09,19.74,19.74,19.74,19.74,0
1991-12-10,19.89,19.89,19.89,19.89,0
1991-12-11,20.57,20.57,20.57,20.57,0
1991-12-12,19.08,19.08,19.08,19.08,0
1991-12-13,17.88,17.88,17.88,17.88,0
1991-12-16,17.62,17.62,17.62,17.62,0
1991-12-17,18.12,18.12,18.12,18.12,0
1991-12-18,17.78,17.78,17.78,17.78,0
1991-12-19,17.96,17.96,17.96,17.96,0
1991-12-20,17.65,17.65,17.65,17.65,0
1991-12-23,16.61,16.61,16.61,16.61,0
1991-12-24,15.67,15.67,15.67,15.67,0
1991-12-26,15.44,15.44,15.44,15.44,0
1991-12-27,15.7,15.7,15.7,15.7,0
1991-12-30,17.63,17.63,17.63,17.63,0
1991-12-31,19.31,19.31,19.31,19.31,0
1992-01-02,18.95,18.95,18.95,18.95,0
1992-01-03,18.75,18.75,18.75,18.75,0
1992-01-06,18.96,18.96,18.96,18.96,0
1992-01-07,19.23,19.23,19.23,19.23,0
1992-01-08,18.72,18.72,18.72,18.72,0
1992-01-09,18.96,18.96,18.96,18.96,0
1992-01-10,18.45,18.45,18.45,18.45,0
1992-01-13,16.8,16.8,16.8,16.8,0
1992-01-14,17.01,17.01,17.01,17.01,0
1992-01-15,17.39,17.39,17.39,17.39,0
1992-01-16,17.64,17.64,17.64,17.64,0
1992-01-17,16.32,16.32,16.32,16.32,0
1992-01-20,16.42,16.42,16.42,16.42,0
1992-01-21,17.92,17.92,17.92,17.92,0
1992-01-22,16.75,16.75,16.75,16.75,0
1992-01-23,16.46,16.46,16.46,16.46,0
1992-01-24,16.24,16.24,16.24,16.24,0
1992-01-27,16.67,16.67,16.67,16.67,0
1992-01-28,17.67,17.67,17.67,17.67,0
1992-01-29,17.62,17.62,17.62,17.62,0
1992-01-30,17.49,17.49,17.49,17.49,0
1992-01-31,17.4,17.4,17.4,17.4,0
1992-02-03,18.2,18.2,18.2,18.2,0
1992-02-04,17.96,17.96,17.96,17.96,0
1992-02-05,18.22,18.22,18.22,18.22,0
1992-02-06,18.79,18.79,18.79,18.79,0
1992-02-07,18.51,18.51,18.51,18.51,0
1992-02-10,18.56,18.56,18.56,18.56,0
1992-02-11,17.7,17.7,17.7,17.7,0
1992-02-12,17.37,17.37,17.37,17.37,0
1992-02-13,17.45,17.45,17.45,17.45,0
1992-02-14,17.03,17.03,17.03,17.03,0
1992-02-18,18.22,18.22,18.22,18.22,0
1992-02-19,17.16,17.16,17.16,17.16,0
1992-02-20,16.72,16.72,16.72,16.72,0
1992-02-21,16.87,16.87,16.87,16.87,0
1992-02-24,17.13,17.13,17.13,17.13,0
1992-02-25,16.35,16.35,16.35,16.35,0
1992-02-26,16.64,16.64,16.64,16.64,0
1992-02-27,16.51,16.51,16.51,16.51,0
1992-02-28,16.68,16.68,16.68,16.68,0
1992-03-02,16.88,16.88,16.88,16.88,0
1992-03-03,17.26,17.26,17.26,17.26,0
1992-03-04,17.55,17.55,17.55,17.55,0
1992-03-05,18.47,18.47,18.47,18.47,0
1992-03-06,19.75,19.75,19.75,19.75,0
1992-03-09,19.68,19.68,19.68,19.68,0
1992-03-10,18.68,18.68,18.68,18.68,0
1992-03-11,19.79,19.79,19.79,19.79,0
1992-03-12,19.72,19.72,19.72,19.72,0
1992-03-13,18.35,18.35,18.35,18.35,0
1992-03-16,18.46,18.46,18.46,18.46,0
1992-03-17,16.79,16.79,16.79,16.79,0
1992-03-18,16.69,16.69,16.69,16.69,0
1992-03-19,14.57,14.57,14.57,14.57,0
1992-03-20,16.31,16.31,16.31,16.31,0
1992-03-23,16.73,16.73,16.73,16.73,0
1992-03-24,16.32,16.32,16.32,16.32,0
1992-03-25,16.19,16.19,16.19,16.19,0
1992-03-26,15.69,15.69,15.69,15.69,0
1992-03-27,16.02,16.02,16.02,16.02,0
1992-03-30,15.97,15.97,15.97,15.97,0
1992-03-31,16.18,16.18,16.18,16.18,0
1992-04-01,16.48,16.48,16.48,16.48,0
1992-04-02,17.06,17.06,17.06,17.06,0
1992-04-03,17.46,17.46,17.46,17.46,0
1992-04-06,16.72,16.72,16.72,16.72,0
1992-04-07,18.81,18.81,18.81,18.81,0
1992-04-08,20.15,20.15,20.15,20.15,0
1992-04-09,17.89,17.89,17.89,17.89,0
1992-04-10,16.85,16.85,16.85,16.85,0
1992-04-13,15.65,15.65,15.65,15.65,0
1992-04-14,15.98,15.98,15.98,15.98,0
1992-04-15,16.03,16.03,16.03,16.03,0
1992-04-16,14.85,14.85,14.85,14.85,0
1992-04-20,15.93,15.93,15.93,15.93,0
1992-04-21,16.53,16.53,16.53,16.53,0
1992-04-22,15.96,15.96,15.96,15.96,0
1992-04-23,15.83,15.83,15.83,15.83,0
1992-04-24,16.31,16.31,16.31,16.31,0
1992-04-27,16.49,16.49,16.49,16.49,0
1992-04-28,16.24,16.24,16.24,16.24,0
1992-04-29,15.95,15.95,15.95,15.95,0
1992-04-30,15.53,15.53,15.53,15.53,0
1992-05-01,16.61,16.61,16.61,16.61,0
1992-05-04,16.92,16.92,16.92,16.92,0
1992-05-05,16.66,16.66,16.66,16.66,0
1992-05-06,16.81,16.81,16.81,16.81,0
1992-05-07,16.54,16.54,16.54,16.54,0
1992-05-08,15.65,15.65,15.65,15.65,0
1992-05-11,15.17,15.17,15.17,15.17,0
1992-05-12,15.68,15.68,15.68,15.68,0
1992-05-13,15.19,15.19,15.19,15.19,0
1992-05-14,15.49,15.49,15.49,15.49,0
1992-05-15,14.82,14.82,14.82,14.82,0
1992-05-18,14.62,14.62,14.62,14.62,0
1992-05-19,13.57,13.57,13.57,13.57,0
1992-05-20,13.62,13.62,13.62,13.62,0
1992-05-21,13.92,13.92,13.92,13.92,0
1992-05-22,13.73,13.73,13.73,13.73,0
1992-05-26,14.92,14.92,14.92,14.92,0
1992-05-27,13.99,13.99,13.99,13.99,0
1992-05-28,13.77,13.77,13.77,13.77,0
1992-05-29,13.86,13.86,13.86,13.86,0
1992-06-01,14.43,14.43,14.43,14.43,0
1992-06-02,14.57,14.57,14.57,14.57,0
1992-06-03,14.35,14.35,14.35,14.35,0
1992-06-04,13.66,13.66,13.66,13.66,0
1992-06-05,14.65,14.65,14.65,14.65,0
1992-06-08,15.45,15.45,15.45,15.45,0
1992-06-09,15.97,15.97,15.97,15.97,0
1992-06-10,16.62,16.62,16.62,16.62,0
1992-06-11,16.29,16.29,16.29,16.29,0
1992-06-12,14.95,14.95,14.95,14.95,0
1992-06-15,14.76,14.76,14.76,14.76,0
1992-06-16,15.22,15.22,15.22,15.22,0
1992-06-17,18.08,18.08,18.08,18.08,0
1992-06-18,18.2,18.2,18.2,18.2,0
1992-06-19,16.31,16.31,16.31,16.31,0
1992-06-22,16.66,16.66,16.66,16.66,0
1992-06-23,14.53,14.53,14.53,14.53,0
1992-06-24,14.4,14.4,14.4,14.4,0
1992-06-25,14.4,14.4,14.4,14.4,0
1992-06-26,14.67,14.67,14.67,14.67,0
1992-06-29,13.21,13.21,13.21,13.21,0
1992-06-30,13.35,13.35,13.35,13.35,0
1992-07-01,13.34,13.34,13.34,13.34,0
1992-07-02,13.88,13.88,13.88,13.88,0
1992-07-06,14.87,14.87,14.87,14.87,0
1992-07-07,15.83,15.83,15.83,15.83,0
1992-07-08,15.53,15.53,15.53,15.53,0
1992-07-09,14.6,14.6,14.6,14.6,0
1992-07-10,13.7,13.7,13.7,13.7,0
1992-07-13,14.01,14.01,14.01,14.01,0
1992-07-14,12.85,12.85,12.85,12.85,0
1992-07-15,12.52,12.52,12.52,12.52,0
1992-07-16,12.27,12.27,12.27,12.27,0
1992-07-17,12.6,12.6,12.6,12.6,0
1992-07-20,12.66,12.66,12.66,12.66,0
1992-07-21,12.6,12.6,12.6,12.6,0
1992-07-22,13.57,13.57,13.57,13.57,0
1992-07-23,13.33,13.33,13.33,13.33,0
1992-07-24,13.37,13.37,13.37,13.37,0
1992-07-27,13.9,13.9,13.9,13.9,0
1992-07-28,13.05,13.05,13.05,13.05,0
1992-07-29,13.44,13.44,13.44,13.44,0
1992-07-30,13.5,13.5,13.5,13.5,0
1992-07-31,13.17,13.17,13.17,13.17,0
1992-08-03,13.83,13.83,13.83,13.83,0
1992-08-04,13.58,13.58,13.58,13.58,0
1992-08-05,13.82,13.82,13.82,13.82,0
1992-08-06,14.23,14.23,14.23,14.23,0
1992-08-07,13.94,13.94,13.94,13.94,0
1992-08-10,14.51,14.51,14.51,14.51,0
1992-08-11,15.09,15.09,15.09,15.09,0
1992-08-12,14.88,14.88,14.88,14.88,0
1992-08-13,15.34,15.34,15.34,15.34,0
1992-08-14,14.66,14.66,14.66,14.66,0
1992-08-17,14.61,14.61,14.61,14.61,0
1992-08-18,13.84,13.84,13.84,13.84,0
1992-08-19,14.35,14.35,14.35,14.35,0
1992-08-20,14.48,14.48,14.48,14.48,0
1992-08-21,15.01,15.01,15.01,15.01,0
1992-08-24,15.31,15.31,15.31,15.31,0
1992-08-25,15.88,15.88,15.88,15.88,0
1992-08-26,14.5,14.5,14.5,14.5,0
1992-08-27,13.66,13.66,13.66,13.66,0
1992-08-28,13.14,13.14,13.14,13.14,0
1992-08-31,13.58,13.58,13.58,13.58,0
1992-09-01,13.4,13.4,13.4,13.4,0
1992-09-02,12.73,12.73,12.73,12.73,0
1992-09-03,12.88,12.88,12.88,12.88,0
1992-09-04,12.98,12.98,12.98,12.98,0
1992-09-08,13.65,13.65,13.65,13.65,0
1992-09-09,13.36,13.36,13.36,13.36,0
1992-09-10,12.92,12.92,12.92,12.92,0
1992-09-11,12.47,12.47,12.47,12.47,0
1992-09-14,13.0,13.0,13.0,13.0,0
1992-09-15,13.63,13.63,13.63,13.63,0
1992-09-16,14.72,14.72,14.72,14.72,0
1992-09-17,14.31,14.31,14.31,14.31,0
1992-09-18,13.74,13.74,13.74,13.74,0
1992-09-21,13.45,13.45,13.45,13.45,0
1992-09-22,13.88,13.88,13.88,13.88,0
1992-09-23,13.83,13.83,13.83,13.83,0
1992-09-24,13.44,13.44,13.44,13.44,0
1992-09-25,14.8,14.8,14.8,14.8,0
1992-09-28,15.19,15.19,15.19,15.19,0
1992-09-29,14.97,14.97,14.97,14.97,0
1992-09-30,14.28,14.28,14.28,14.28,0
1992-10-01,16.31,16.31,16.31,16.31,0
1992-10-02,17.79,17.79,17.79,17.79,0
1992-10-05,20.01,20.01,20.01,20.01,0
1992-10-06,19.42,19.42,19.42,19.42,0
1992-10-07,20.23,20.23,20.23,20.23,0
1992-10-08,19.26,19.26,19.26,19.26,0
1992-10-09,20.51,20.51,20.51,20.51,0
1992-10-12,19.49,19.49,19.49,19.49,0
1992-10-13,17.9,17.9,17.9,17.9,0
1992-10-14,18.42,18.42,18.42,18.42,0
1992-10-15,17.11,17.11,17.11,17.11,0
1992-10-16,17.01,17.01,17.01,17.01,0
1992-10-19,17.31,17.31,17.31,17.31,0
1992-10-20,16.87,16.87,16.87,16.87,0
1992-10-21,16.62,16.62,16.62,16.62,0
1992-10-22,15.84,15.84,15.84,15.84,0
1992-10-23,16.46,16.46,16.46,16.46,0
1992-10-26,16.32,16.32,16.32,16.32,0
1992-10-27,16.24,16.24,16.24,16.24,0
1992-10-28,15.95,15.95,15.95,15.95,0
1992-10-29,15.47,15.47,15.47,15.47,0
1992-10-30,16.15,16.15,16.15,16.15,0
1992-11-02,16.67,16.67,16.67,16.67,0
1992-11-03,17.33,17.33,17.33,17.33,0
1992-11-04,16.28,16.28,16.28,16.28,0
1992-11-05,15.38,15.38,15.38,15.38,0
1992-11-06,14.69,14.69,14.69,14.69,0
1992-11-09,14.23,14.23,14.23,14.23,0
1992-11-10,14.37,14.37,14.37,14.37,0
1992-11-11,13.99,13.99,13.99,13.99,0
1992-11-12,14.37,14.37,14.37,14.37,0
1992-11-13,14.61,14.61,14.61,14.61,0
1992-11-16,14.86,14.86,14.86,14.86,0
1992-11-17,15.01,15.01,15.01,15.01,0
1992-11-18,14.55,14.55,14.55,14.55,0
1992-11-19,14.33,14.33,14.33,14.33,0
1992-11-20,13.67,13.67,13.67,13.67,0
1992-11-23,13.4,13.4,13.4,13.4,0
1992-11-24,12.66,12.66,12.66,12.66,0
1992-11-25,12.5,12.5,12.5,12.5,0
1992-11-27,12.58,12.58,12.58,12.58,0
1992-11-30,13.01,13.01,13.01,13.01,0
1992-12-01,12.8,12.8,12.8,12.8,0
1992-12-02,12.56,12.56,12.56,12.56,0
1992-12-03,12.03,12.03,12.03,12.03,0
1992-12-04,11.81,11.81,11.81,11.81,0
1992-12-07,12.0,12.0,12.0,12.0,0
1992-12-08,11.73,11.73,11.73,11.73,0
1992-12-09,12.58,12.58,12.58,12.58,0
1992-12-10,12.75,12.75,12.75,12.75,0
1992-12-11,12.34,12.34,12.34,12.34,0
1992-12-14,12.66,12.66,12.66,12.66,0
1992-12-15,12.41,12.41,12.41,12.41,0
1992-12-16,12.58,12.58,12.58,12.58,0
1992-12-17,12.14,12.14,12.14,12.14,0
1992-12-18,11.66,11.66,11.66,11.66,0
1992-12-21,11.65,11.65,11.65,11.65,0
1992-12-22,11.75,11.75,11.75,11.75,0
1992-12-23,11.51,11.51,11.51,11.51,0
1992-12-24,11.57,11.57,11.57,11.57,0
1992-12-28,12.22,12.22,12.22,12.22,0
1992-12-29,12.29,12.29,12.29,12.29,0
1992-12-30,12.6,12.6,12.6,12.6,0
1992-12-31,12.57,12.57,12.57,12.57,0
1993-01-04,13.36,13.36,13.36,13.36,0
1993-01-05,13.35,13.35,13.35,13.35,0
1993-01-06,13.37,13.37,13.37,13.37,0
1993-01-07,14.72,14.72,14.72,14.72,0
1993-01-08,13.77,13.77,13.77,13.77,0
1993-01-11,12.86,12.86,12.86,12.86,0
1993-01-12,12.78,12.78,12.78,12.78,0
1993-01-13,12.42,12.42,12.42,12.42,0
1993-01-14,11.99,11.99,11.99,11.99,0
1993-01-15,11.57,11.57,11.57,11.57,0
1993-01-18,11.49,11.49,11.49,11.49,0
1993-01-19,12.06,12.06,12.06,12.06,0
1993-01-20,12.15,12.15,12.15,12.15,0
1993-01-21,11.69,11.69,11.69,11.69,0
1993-01-22,11.3,11.3,11.3,11.3,0
1993-01-25,11.38,11.38,11.38,11.38,0
1993-01-26,11.45,11.45,11.45,11.45,0
1993-01-27,12.01,12.01,12.01,12.01,0
1993-01-28,12.04,12.04,12.04,12.04,0
1993-01-29,12.42,12.42,12.42,12.42,0
1993-02-01,12.33,12.33,12.33,12.33,0
1993-02-02,12.25,12.25,12.25,12.25,0
1993-02-03,12.12,12.12,12.12,12.12,0
1993-02-04,12.29,12.29,12.29,12.29,0
1993-02-05,12.9,12.9,12.9,12.9,0
1993-02-08,13.22,13.22,13.22,13.22,0
1993-02-09,13.48,13.48,13.48,13.48,0
1993-02-10,13.43,13.43,13.43,13.43,0
1993-02-11,12.69,12.69,12.69,12.69,0
1993-02-12,12.38,12.38,12.38,12.38,0
1993-02-16,15.76,15.76,15.76,15.76,0
1993-02-17,15.9,15.9,15.9,15.9,0
1993-02-18,15.56,15.56,15.56,15.56,0
1993-02-19,15.02,15.02,15.02,15.02,0
1993-02-22,14.7,14.7,14.7,14.7,0
1993-02-23,15.04,15.04,15.04,15.04,0
1993-02-24,14.72,14.72,14.72,14.72,0
1993-02-25,13.76,13.76,13.76,13.76,0
1993-02-26,13.16,13.16,13.16,13.16,0
1993-03-01,13.6,13.6,13.6,13.6,0
1993-03-02,12.49,12.49,12.49,12.49,0
1993-03-03,13.13,13.13,13.13,13.13,0
1993-03-04,13.44,13.44,13.44,13.44,0
1993-03-05,14.08,14.08,14.08,14.08,0
1993-03-08,16.22,16.22,16.22,16.22,0
1993-03-09,14.17,14.17,14.17,14.17,0
1993-03-10,13.91,13.91,13.91,13.91,0
1993-03-11,14.26,14.26,14.26,14.26,0
1993-03-12,15.66,15.66,15.66,15.66,0
1993-03-15,14.74,14.74,14.74,14.74,0
1993-03-16,14.51,14.51,14.51,14.51,0
1993-03-17,14.53,14.53,14.53,14.53,0
1993-03-18,14.17,14.17,14.17,14.17,0
1993-03-19,13.23,13.23,13.23,13.23,0
1993-03-22,13.66,13.66,13.66,13.66,0
1993-03-23,13.02,13.02,13.02,13.02,0
1993-03-24,12.44,12.44,12.44,12.44,0
1993-03-25,12.08,12.08,12.08,12.08,0
1993-03-26,12.21,12.21,12.21,12.21,0
1993-03-29,12.63,12.63,12.63,12.63,0
1993-03-30,12.23,12.23,12.23,12.23,0
1993-03-31,12.53,12.53,12.53,12.53,0
1993-04-01,13.02,13.02,13.02,13.02,0
1993-04-02,14.5,14.5,14.5,14.5,0
1993-04-05,14.12,14.12,14.12,14.12,0
1993-04-06,14.24,14.24,14.24,14.24,0
1993-04-07,13.64,13.64,13.64,13.64,0
1993-04-08,12.83,12.83,12.83,12.83,0
1993-04-12,11.93,11.93,11.93,11.93,0
1993-04-13,11.7,11.7,11.7,11.7,0
1993-04-14,11.76,11.76,11.76,11.76,0
1993-04-15,10.96,10.96,10.96,10.96,0
1993-04-16,11.29,11.29,11.29,11.29,0
1993-04-19,12.06,12.06,12.06,12.06,0
1993-04-20,11.94,11.94,11.94,11.94,0
1993-04-21,12.11,12.11,12.11,12.11,0
1993-04-22,12.68,12.68,12.68,12.68,0
1993-04-23,13.36,13.36,13.36,13.36,0
1993-04-26,15.25,15.25,15.25,15.25,0
1993-04-27,13.93,13.93,13.93,13.93,0
1993-04-28,13.12,13.12,13.12,13.12,0
1993-04-29,12.8,12.8,12.8,12.8,0
1993-04-30,12.42,12.42,12.42,12.42,0
1993-05-03,12.9,12.9,12.9,12.9,0
1993-05-04,12.14,12.14,12.14,12.14,0
1993-05-05,12.38,12.38,12.38,12.38,0
1993-05-06,13.22,13.22,13.22,13.22,0
1993-05-07,13.01,13.01,13.01,13.01,0
1993-05-10,13.72,13.72,13.72,13.72,0
1993-05-11,13.35,13.35,13.35,13.35,0
1993-05-12,13.56,13.56,13.56,13.56,0
1993-05-13,14.76,14.76,14.76,14.76,0
1993-05-14,14.39,14.39,14.39,14.39,0
1993-05-17,14.13,14.13,14.13,14.13,0
1993-05-18,14.19,14.19,14.19,14.19,0
1993-05-19,14.29,14.29,14.29,14.29,0
1993-05-20,13.98,13.98,13.98,13.98,0
1993-05-21,14.51,14.51,14.51,14.51,0
1993-05-24,14.1,14.1,14.1,14.1,0
1993-05-25,14.04,14.04,14.04,14.04,0
1993-05-26,12.88,12.88,12.88,12.88,0
1993-05-27,13.1,13.1,13.1,13.1,0
1993-05-28,13.47,13.47,13.47,13.47,0
1993-06-01,13.67,13.67,13.67,13.67,0
1993-06-02,13.48,13.48,13.48,13.48,0
1993-06-03,13.54,13.54,13.54,13.54,0
1993-06-04,12.86,12.86,12.86,12.86,0
1993-06-07,14.07,14.07,14.07,14.07,0
1993-06-08,14.74,14.74,14.74,14.74,0
1993-06-09,13.96,13.96,13.96,13.96,0
1993-06-10,13.31,13.31,13.31,13.31,0
1993-06-11,12.71,12.71,12.71,12.71,0
1993-06-14,12.33,12.33,12.33,12.33,0
1993-06-15,11.99,11.99,11.99,11.99,0
1993-06-16,11.87,11.87,11.87,11.87,0
1993-06-17,11.66,11.66,11.66,11.66,0
1993-06-18,12.24,12.24,12.24,12.24,0
1993-06-21,12.25,12.25,12.25,12.25,0
1993-06-22,11.65,11.65,11.65,11.65,0
1993-06-23,12.04,12.04,12.04,12.04,0
1993-06-24,12.25,12.25,12.25,12.25,0
1993-06-25,11.25,11.25,11.25,11.25,0
1993-06-28,11.11,11.11,11.11,11.11,0
1993-06-29,11.29,11.29,11.29,11.29,0
1993-06-30,11.26,11.26,11.26,11.26,0
1993-07-01,11.51,11.51,11.51,11.51,0
1993-07-02,11.33,11.33,11.33,11.33,0
1993-07-06,13.87,13.87,13.87,13.87,0
1993-07-07,13.05,13.05,13.05,13.05,0
1993-07-08,12.24,12.24,12.24,12.24,0
1993-07-09,10.8,10.8,10.8,10.8,0
1993-07-12,10.85,10.85,10.85,10.85,0
1993-07-13,11.02,11.02,11.02,11.02,0
1993-07-14,10.78,10.78,10.78,10.78,0
1993-07-15,10.6,10.6,10.6,10.6,0
1993-07-16,10.96,10.96,10.96,10.96,0
1993-07-19,11.46,11.46,11.46,11.46,0
1993-07-20,11.05,11.05,11.05,11.05,0
1993-07-21,11.97,11.97,11.97,11.97,0
1993-07-22,11.69,11.69,11.69,11.69,0
1993-07-23,11.32,11.32,11.32,11.32,0
1993-07-26,11.32,11.32,11.32,11.32,0
1993-07-27,11.34,11.34,11.34,11.34,0
1993-07-28,11.37,11.37,11.37,11.37,0
1993-07-29,11.25,11.25,11.25,11.25,0
1993-07-30,11.73,11.73,11.73,11.73,0
1993-08-02,11.47,11.47,11.47,11.47,0
1993-08-03,11.49,11.49,11.49,11.49,0
1993-08-04,11.71,11.71,11.71,11.71,0
1993-08-05,12.03,12.03,12.03,12.03,0
1993-08-06,12.33,12.33,12.33,12.33,0
1993-08-09,12.39,12.39,12.39,12.39,0
1993-08-10,12.31,12.31,12.31,12.31,0
1993-08-11,12.07,12.07,12.07,12.07,0
1993-08-12,12.38,12.38,12.38,12.38,0
1993-08-13,12.19,12.19,12.19,12.19,0
1993-08-16,11.69,11.69,11.69,11.69,0
1993-08-17,11.59,11.59,11.59,11.59,0
1993-08-18,11.52,11.52,11.52,11.52,0
1993-08-19,11.63,11.63,11.63,11.63,0
1993-08-20,11.62,11.62,11.62,11.62,0
1993-08-23,12.15,12.15,12.15,12.15,0
1993-08-24,11.8,11.8,11.8,11.8,0
1993-08-25,12.1,12.1,12.1,12.1,0
1993-08-26,12.14,12.14,12.14,12.14,0
1993-08-27,11.91,11.91,11.91,11.91,0
1993-08-30,11.74,11.74,11.74,11.74,0
1993-08-31,11.85,11.85,11.85,11.85,0
1993-09-01,11.48,11.48,11.48,11.48,0
1993-09-02,11.87,11.87,11.87,11.87,0
1993-09-03,11.16,11.16,11.16,11.16,0
1993-09-07,12.9,12.9,12.9,12.9,0
1993-09-08,13.24,13.24,13.24,13.24,0
1993-09-09,12.67,12.67,12.67,12.67,0
1993-09-10,11.7,11.7,11.7,11.7,0
1993-09-13,12.16,12.16,12.16,12.16,0
1993-09-14,13.15,13.15,13.15,13.15,0
1993-09-15,12.7,12.7,12.7,12.7,0
1993-09-16,13.36,13.36,13.36,13.36,0
1993-09-17,13.39,13.39,13.39,13.39,0
1993-09-20,14.6,14.6,14.6,14.6,0
1993-09-21,17.3,17.3,17.3,17.3,0
1993-09-22,13.75,13.75,13.75,13.75,0
1993-09-23,13.36,13.36,13.36,13.36,0
1993-09-24,12.47,12.47,12.47,12.47,0
1993-09-27,12.49,12.49,12.49,12.49,0
1993-09-28,12.19,12.19,12.19,12.19,0
1993-09-29,12.63,12.63,12.63,12.63,0
1993-09-30,12.99,12.99,12.99,12.99,0
1993-10-01,11.83,11.83,11.83,11.83,0
1993-10-04,12.85,12.85,12.85,12.85,0
1993-10-05,12.97,12.97,12.97,12.97,0
1993-10-06,12.68,12.68,12.68,12.68,0
1993-10-07,13.14,13.14,13.14,13.14,0
1993-10-08,12.04,12.04,12.04,12.04,0
1993-10-11,12.26,12.26,12.26,12.26,0
1993-10-12,12.41,12.41,12.41,12.41,0
1993-10-13,11.38,11.38,11.38,11.38,0
1993-10-14,11.0,11.0,11.0,11.0,0
1993-10-15,10.87,10.87,10.87,10.87,0
1993-10-18,11.33,11.33,11.33,11.33,0
1993-10-19,11.61,11.61,11.61,11.61,0
1993-10-20,11.32,11.32,11.32,11.32,0
1993-10-21,11.2,11.2,11.2,11.2,0
1993-10-22,11.48,11.48,11.48,11.48,0
1993-10-25,11.83,11.83,11.83,11.83,0
1993-10-26,11.83,11.83,11.83,11.83,0
1993-10-27,12.01,12.01,12.01,12.01,0
1993-10-28,11.88,11.88,11.88,11.88,0
1993-10-29,11.46,11.46,11.46,11.46,0
1993-11-01,11.78,11.78,11.78,11.78,0
1993-11-02,11.74,11.74,11.74,11.74,0
1993-11-03,13.26,13.26,13.26,13.26,0
1993-11-04,14.68,14.68,14.68,14.68,0
1993-11-05,14.97,14.97,14.97,14.97,0
1993-11-08,14.31,14.31,14.31,14.31,0
1993-11-09,13.94,13.94,13.94,13.94,0
1993-11-10,13.72,13.72,13.72,13.72,0
1993-11-11,13.88,13.88,13.88,13.88,0
1993-11-12,13.33,13.33,13.33,13.33,0
1993-11-15,14.46,14.46,14.46,14.46,0
1993-11-16,15.11,15.11,15.11,15.11,0
1993-11-17,15.57,15.57,15.57,15.57,0
1993-11-18,14.65,14.65,14.65,14.65,0
1993-11-19,15.03,15.03,15.03,15.03,0
1993-11-22,15.9,15.9,15.9,15.9,0
1993-11-23,14.27,14.27,14.27,14.27,0
1993-11-24,13.51,13.51,13.51,13.51,0
1993-11-26,13.77,13.77,13.77,13.77,0
1993-11-29,14.12,14.12,14.12,14.12,0
1993-11-30,13.76,13.76,13.76,13.76,0
1993-12-01,13.83,13.83,13.83,13.83,0
1993-12-02,13.51,13.51,13.51,13.51,0
1993-12-03,12.69,12.69,12.69,12.69,0
1993-12-06,12.84,12.84,12.84,12.84,0
1993-12-07,12.41,12.41,12.41,12.41,0
1993-12-08,12.46,12.46,12.46,12.46,0
1993-12-09,12.43,12.43,12.43,12.43,0
1993-12-10,12.6,12.6,12.6,12.6,0
1993-12-13,10.98,10.98,10.98,10.98,0
1993-12-14,11.13,11.13,11.13,11.13,0
1993-12-15,11.03,11.03,11.03,11.03,0
1993-12-16,10.9,10.9,10.9,10.9,0
1993-12-17,11.08,11.08,11.08,11.08,0
1993-12-20,10.75,10.75,10.75,10.75,0
1993-12-21,10.08,10.08,10.08,10.08,0
1993-12-22,9.31,9.31,9.31,9.31,0
1993-12-23,9.48,9.48,9.48,9.48,0
1993-12-27,9.7,9.7,9.7,9.7,0
1993-12-28,9.82,9.82,9.82,9.82,0
1993-12-29,10.46,10.46,10.46,10.46,0
1993-12-30,10.69,10.69,10.69,10.69,0
1993-12-31,11.66,11.66,11.66,11.66,0
1994-01-03,12.57,12.57,12.57,12.57,0
1994-01-04,11.91,11.91,11.91,11.91,0
1994-01-05,10.94,10.94,10.94,10.94,0
1994-01-06,11.27,11.27,11.27,11.27,0
1994-01-07,10.96,10.96,10.96,10.96,0
1994-01-10,10.74,10.74,10.74,10.74,0
1994-01-11,11.29,11.29,11.29,11.29,0
1994-01-12,11.65,11.65,11.65,11.65,0
1994-01-13,12.08,12.08,12.08,12.08,0
1994-01-14,11.42,11.42,11.42,11.42,0
1994-01-17,11.35,11.35,11.35,11.35,0
1994-01-18,11.63,11.63,11.63,11.63,0
1994-01-19,11.32,11.32,11.32,11.32,0
1994-01-20,11.16,11.16,11.16,11.16,0
1994-01-21,11.49,11.49,11.49,11.49,0
1994-01-24,11.6,11.6,11.6,11.6,0
1994-01-25,11.38,11.38,11.38,11.38,0
1994-01-26,11.17,11.17,11.17,11.17,0
1994-01-27,10.3,10.3,10.3,10.3,0
1994-01-28,9.94,9.94,9.94,9.94,0
1994-01-31,10.63,10.63,10.63,10.63,0
1994-02-01,10.65,10.65,10.65,10.65,0
1994-02-02,10.61,10.61,10.61,10.61,0
1994-02-03,10.75,10.75,10.75,10.75,0
1994-02-04,15.25,15.25,15.25,15.25,0
1994-02-07,13.96,13.96,13.96,13.96,0
1994-02-08,13.66,13.66,13.66,13.66,0
1994-02-09,12.41,12.41,12.41,12.41,0
1994-02-10,14.24,14.24,14.24,14.24,0
1994-02-11,14.46,14.46,14.46,14.46,0
1994-02-14,14.64,14.64,14.64,14.64,0
1994-02-15,13.14,13.14,13.14,13.14,0
1994-02-16,13.42,13.42,13.42,13.42,0
1994-02-17,13.79,13.79,13.79,13.79,0
1994-02-18,14.7,14.7,14.7,14.7,0
1994-02-22,13.52,13.52,13.52,13.52,0
1994-02-23,13.91,13.91,13.91,13.91,0
1994-02-24,16.34,16.34,16.34,16.34,0
1994-02-25,15.28,15.28,15.28,15.28,0
1994-02-28,14.87,14.87,14.87,14.87,0
1994-03-01,15.83,15.83,15.83,15.83,0
1994-03-02,16.08,16.08,16.08,16.08,0
1994-03-03,16.36,16.36,16.36,16.36,0
1994-03-04,16.0,16.0,16.0,16.0,0
1994-03-07,14.26,14.26,14.26,14.26,0
1994-03-08,16.23,16.23,16.23,16.23,0
1994-03-09,14.41,14.41,14.41,14.41,0
1994-03-10,16.55,16.55,16.55,16.55,0
1994-03-11,14.87,14.87,14.87,14.87,0
1994-03-14,16.61,16.61,16.61,16.61,0
1994-03-15,14.78,14.78,14.78,14.78,0
1994-03-16,14.16,14.16,14.16,14.16,0
1994-03-17,12.76,12.76,12.76,12.76,0
1994-03-18,13.32,13.32,13.32,13.32,0
1994-03-21,14.34,14.34,14.34,14.34,0
1994-03-22,13.39,13.39,13.39,13.39,0
1994-03-23,12.31,12.31,12.31,12.31,0
1994-03-24,13.43,13.43,13.43,13.43,0
1994-03-25,13.67,13.67,13.67,13.67,0
1994-03-28,14.9,14.9,14.9,14.9,0
1994-03-29,16.49,16.49,16.49,16.49,0
1994-03-30,18.59,18.59,18.59,18.59,0
1994-03-31,20.45,20.45,20.45,20.45,0
1994-04-04,23.87,23.87,23.87,23.87,0
1994-04-05,18.13,18.13,18.13,18.13,0
1994-04-06,17.38,17.38,17.38,17.38,0
1994-04-07,16.98,16.98,16.98,16.98,0
1994-04-08,16.92,16.92,16.92,16.92,0
1994-04-11,16.61,16.61,16.61,16.61,0
1994-04-12,16.42,16.42,16.42,16.42,0
1994-04-13,17.02,17.02,17.02,17.02,0
1994-04-14,16.27,16.27,16.27,16.27,0
1994-04-15,15.98,15.98,15.98,15.98,0
1994-04-18,17.22,17.22,17.22,17.22,0
1994-04-19,16.93,16.93,16.93,16.93,0
1994-04-20,17.01,17.01,17.01,17.01,0
1994-04-21,14.93,14.93,14.93,14.93,0
1994-04-22,14.94,14.94,14.94,14.94,0
1994-04-25,14.26,14.26,14.26,14.26,0
1994-04-26,13.8,13.8,13.8,13.8,0
1994-04-28,14.51,14.51,14.51,14.51,0
1994-04-29,13.77,13.77,13.77,13.77,0
1994-05-02,14.11,14.11,14.11,14.11,0
1994-05-03,13.81,13.81,13.81,13.81,0
1994-05-04,14.29,14.29,14.29,14.29,0
1994-05-05,14.56,14.56,14.56,14.56,0
1994-05-06,15.08,15.08,15.08,15.08,0
1994-05-09,16.16,16.16,16.16,16.16,0
1994-05-10,15.52,15.52,15.52,15.52,0
1994-05-11,15.55,15.55,15.55,15.55,0
1994-05-12,15.46,15.46,15.46,15.46,0
1994-05-13,14.54,14.54,14.54,14.54,0
1994-05-16,14.67,14.67,14.67,14.67,0
1994-05-17,14.08,14.08,14.08,14.08,0
1994-05-18,12.55,12.55,12.55,12.55,0
1994-05-19,11.94,11.94,11.94,11.94,0
1994-05-20,13.05,13.05,13.05,13.05,0
1994-05-23,13.49,13.49,13.49,13.49,0
1994-05-24,12.73,12.73,12.73,12.73,0
1994-05-25,12.43,12.43,12.43,12.43,0
1994-05-26,12.5,12.5,12.5,12.5,0
1994-05-27,12.49,12.49,12.49,12.49,0
1994-05-31,13.03,13.03,13.03,13.03,0
1994-06-01,12.72,12.72,12.72,12.72,0
1994-06-02,12.73,12.73,12.73,12.73,0
1994-06-03,12.44,12.44,12.44,12.44,0
1994-06-06,13.03,13.03,13.03,13.03,0
1994-06-07,13.05,13.05,13.05,13.05,0
1994-06-08,13.32,13.32,13.32,13.32,0
1994-06-09,13.21,13.21,13.21,13.21,0
1994-06-10,12.69,12.69,12.69,12.69,0
1994-06-13,11.92,11.92,11.92,11.92,0
1994-06-14,11.6,11.6,11.6,11.6,0
1994-06-15,11.52,11.52,11.52,11.52,0
1994-06-16,11.22,11.22,11.22,11.22,0
1994-06-17,12.31,12.31,12.31,12.31,0
1994-06-20,13.96,13.96,13.96,13.96,0
1994-06-21,14.7,14.7,14.7,14.7,0
1994-06-22,14.02,14.02,14.02,14.02,0
1994-06-23,14.12,14.12,14.12,14.12,0
1994-06-24,16.72,16.72,16.72,16.72,0
1994-06-27,15.53,15.53,15.53,15.53,0
1994-06-28,15.04,15.04,15.04,15.04,0
1994-06-29,14.42,14.42,14.42,14.42,0
1994-06-30,14.97,14.97,14.97,14.97,0
1994-07-01,14.36,14.36,14.36,14.36,0
1994-07-05,14.92,14.92,14.92,14.92,0
1994-07-06,14.7,14.7,14.7,14.7,0
1994-07-07,14.01,14.01,14.01,14.01,0
1994-07-08,13.26,13.26,13.26,13.26,0
1994-07-11,13.83,13.83,13.83,13.83,0
1994-07-12,13.4,13.4,13.4,13.4,0
1994-07-13,12.42,12.42,12.42,12.42,0
1994-07-14,11.64,11.64,11.64,11.64,0
1994-07-15,11.28,11.28,11.28,11.28,0
1994-07-18,11.44,11.44,11.44,11.44,0
1994-07-19,11.65,11.65,11.65,11.65,0
1994-07-20,11.7,11.7,11.7,11.7,0
1994-07-21,11.65,11.65,11.65,11.65,0
1994-07-22,11.22,11.22,11.22,11.22,0
1994-07-25,11.46,11.46,11.46,11.46,0
1994-07-26,11.66,11.66,11.66,11.66,0
1994-07-27,11.93,11.93,11.93,11.93,0
1994-07-28,12.03,12.03,12.03,12.03,0
1994-07-29,11.13,11.13,11.13,11.13,0
1994-08-01,11.17,11.17,11.17,11.17,0
1994-08-02,11.27,11.27,11.27,11.27,0
1994-08-03,11.35,11.35,11.35,11.35,0
1994-08-04,12.18,12.18,12.18,12.18,0
1994-08-05,12.34,12.34,12.34,12.34,0
1994-08-08,12.41,12.41,12.41,12.41,0
1994-08-09,12.54,12.54,12.54,12.54,0
1994-08-10,11.91,11.91,11.91,11.91,0
1994-08-11,12.13,12.13,12.13,12.13,0
1994-08-12,11.09,11.09,11.09,11.09,0
1994-08-15,12.06,12.06,12.06,12.06,0
1994-08-16,11.39,11.39,11.39,11.39,0
1994-08-17,11.54,11.54,11.54,11.54,0
1994-08-18,12.07,12.07,12.07,12.07,0
1994-08-19,12.83,12.83,12.83,12.83,0
1994-08-22,12.62,12.62,12.62,12.62,0
1994-08-23,11.75,11.75,11.75,11.75,0
1994-08-24,11.57,11.57,11.57,11.57,0
1994-08-25,12.02,12.02,12.02,12.02,0
1994-08-26,12.69,12.69,12.69,12.69,0
1994-08-29,11.82,11.82,11.82,11.82,0
1994-08-30,11.86,11.86,11.86,11.86,0
1994-08-31,11.97,11.97,11.97,11.97,0
1994-09-01,11.86,11.86,11.86,11.86,0
1994-09-02,11.4,11.4,11.4,11.4,0
1994-09-06,11.69,11.69,11.69,11.69,0
1994-09-07,11.81,11.81,11.81,11.81,0
1994-09-08,11.86,11.86,11.86,11.86,0
1994-09-09,13.6,13.6,13.6,13.6,0
1994-09-12,14.49,14.49,14.49,14.49,0
1994-09-13,13.77,13.77,13.77,13.77,0
1994-09-14,12.84,12.84,12.84,12.84,0
1994-09-15,12.42,12.42,12.42,12.42,0
1994-09-16,13.54,13.54,13.54,13.54,0
1994-09-19,13.06,13.06,13.06,13.06,0
1994-09-20,14.45,14.45,14.45,14.45,0
1994-09-21,14.49,14.49,14.49,14.49,0
1994-09-22,13.89,13.89,13.89,13.89,0
1994-09-23,14.53,14.53,14.53,14.53,0
1994-09-26,14.56,14.56,14.56,14.56,0
1994-09-27,14.13,14.13,14.13,14.13,0
1994-09-28,13.25,13.25,13.25,13.25,0
1994-09-29,13.97,13.97,13.97,13.97,0
1994-09-30,14.28,14.28,14.28,14.28,0
1994-10-03,15.44,15.44,15.44,15.44,0
1994-10-04,16.66,16.66,16.66,16.66,0
1994-10-05,15.92,15.92,15.92,15.92,0
1994-10-06,16.24,16.24,16.24,16.24,0
1994-10-07,14.92,14.92,14.92,14.92,0
1994-10-10,14.72,14.72,14.72,14.72,0
1994-10-11,13.55,13.55,13.55,13.55,0
1994-10-12,14.51,14.51,14.51,14.51,0
1994-10-13,14.9,14.9,14.9,14.9,0
1994-10-14,13.71,13.71,13.71,13.71,0
1994-10-17,14.76,14.76,14.76,14.76,0
1994-10-18,14.59,14.59,14.59,14.59,0
1994-10-19,15.13,15.13,15.13,15.13,0
1994-10-20,15.99,15.99,15.99,15.99,0
1994-10-21,15.91,15.91,15.91,15.91,0
1994-10-24,16.97,16.97,16.97,16.97,0
1994-10-25,16.13,16.13,16.13,16.13,0
1994-10-26,15.7,15.7,15.7,15.7,0
1994-10-27,15.67,15.67,15.67,15.67,0
1994-10-28,14.56,14.56,14.56,14.56,0
1994-10-31,14.56,14.56,14.56,14.56,0
1994-11-01,14.84,14.84,14.84,14.84,0
1994-11-02,15.34,15.34,15.34,15.34,0
1994-11-03,15.58,15.58,15.58,15.58,0
1994-11-04,16.75,16.75,16.75,16.75,0
1994-11-07,17.37,17.37,17.37,17.37,0
1994-11-08,16.3,16.3,16.3,16.3,0
1994-11-09,16.42,16.42,16.42,16.42,0
1994-11-10,16.0,16.0,16.0,16.0,0
1994-11-11,16.5,16.5,16.5,16.5,0
1994-11-14,16.68,16.68,16.68,16.68,0
1994-11-15,16.66,16.66,16.66,16.66,0
1994-11-16,15.56,15.56,15.56,15.56,0
1994-11-17,15.38,15.38,15.38,15.38,0
1994-11-18,16.0,16.0,16.0,16.0,0
1994-11-21,16.13,16.13,16.13,16.13,0
1994-11-22,17.24,17.24,17.24,17.24,0
1994-11-23,18.41,18.41,18.41,18.41,0
1994-11-25,17.44,17.44,17.44,17.44,0
1994-11-28,16.83,16.83,16.83,16.83,0
1994-11-29,16.15,16.15,16.15,16.15,0
1994-11-30,15.95,15.95,15.95,15.95,0
1994-12-01,16.69,16.69,16.69,16.69,0
1994-12-02,16.55,16.55,16.55,16.55,0
1994-12-05,16.1,16.1,16.1,16.1,0
1994-12-06,16.05,16.05,16.05,16.05,0
1994-12-07,16.28,16.28,16.28,16.28,0
1994-12-08,17.23,17.23,17.23,17.23,0
1994-12-09,15.76,15.76,15.76,15.76,0
1994-12-12,15.46,15.46,15.46,15.46,0
1994-12-13,14.94,14.94,14.94,14.94,0
1994-12-14,13.03,13.03,13.03,13.03,0
1994-12-15,12.87,12.87,12.87,12.87,0
1994-12-16,12.79,12.79,12.79,12.79,0
1994-12-19,13.02,13.02,13.02,13.02,0
1994-12-20,12.98,12.98,12.98,12.98,0
1994-12-21,12.05,12.05,12.05,12.05,0
1994-12-22,12.42,12.42,12.42,12.42,0
1994-12-23,11.82,11.82,11.82,11.82,0
1994-12-27,12.07,12.07,12.07,12.07,0
1994-12-28,12.81,12.81,12.81,12.81,0
1994-12-29,12.86,12.86,12.86,12.86,0
1994-12-30,13.2,13.2,13.2,13.2,0
1995-01-03,14.25,14.25,14.25,14.25,0
1995-01-04,13.53,13.53,13.53,13.53,0
1995-01-05,13.5,13.5,13.5,13.5,0
1995-01-06,13.13,13.13,13.13,13.13,0
1995-01-09,13.33,13.33,13.33,13.33,0
1995-01-10,12.52,12.52,12.52,12.52,0
1995-01-11,12.15,12.15,12.15,12.15,0
1995-01-12,12.83,12.83,12.83,12.83,0
1995-01-13,11.1,11.1,11.1,11.1,0
1995-01-16,11.14,11.14,11.14,11.14,0
1995-01-17,11.79,11.79,11.79,11.79,0
1995-01-18,11.57,11.57,11.57,11.57,0
1995-01-19,11.86,11.86,11.86,11.86,0
1995-01-20,12.15,12.15,12.15,12.15,0
1995-01-23,12.79,12.79,12.79,12.79,0
1995-01-24,11.94,11.94,11.94,11.94,0
1995-01-25,11.46,11.46,11.46,11.46,0
1995-01-26,11.25,11.25,11.25,11.25,0
1995-01-27,11.25,11.25,11.25,11.25,0
1995-01-30,12.26,12.26,12.26,12.26,0
1995-01-31,11.96,11.96,11.96,11.96,0
1995-02-01,11.73,11.73,11.73,11.73,0
1995-02-02,11.13,11.13,11.13,11.13,0
1995-02-03,10.98,10.98,10.98,10.98,0
1995-02-06,11.22,11.22,11.22,11.22,0
1995-02-07,11.17,11.17,11.17,11.17,0
1995-02-08,11.42,11.42,11.42,11.42,0
1995-02-09,11.63,11.63,11.63,11.63,0
1995-02-10,11.57,11.57,11.57,11.57,0
1995-02-13,11.41,11.41,11.41,11.41,0
1995-02-14,11.43,11.43,11.43,11.43,0
1995-02-15,11.9,11.9,11.9,11.9,0
1995-02-16,11.61,11.61,11.61,11.61,0
1995-02-17,12.42,12.42,12.42,12.42,0
1995-02-21,12.05,12.05,12.05,12.05,0
1995-02-22,11.72,11.72,11.72,11.72,0
1995-02-23,11.15,11.15,11.15,11.15,0
1995-02-24,10.84,10.84,10.84,10.84,0
1995-02-27,12.51,12.51,12.51,12.51,0
1995-02-28,11.75,11.75,11.75,11.75,0
1995-03-01,12.29,12.29,12.29,12.29,0
1995-03-02,12.3,12.3,12.3,12.3,0
1995-03-03,11.45,11.45,11.45,11.45,0
1995-03-06,12.17,12.17,12.17,12.17,0
1995-03-07,14.22,14.22,14.22,14.22,0
1995-03-08,14.11,14.11,14.11,14.11,0
1995-03-09,13.77,13.77,13.77,13.77,0
1995-03-10,12.38,12.38,12.38,12.38,0
1995-03-13,12.15,12.15,12.15,12.15,0
1995-03-14,12.1,12.1,12.1,12.1,0
1995-03-15,12.42,12.42,12.42,12.42,0
1995-03-16,11.95,11.95,11.95,11.95,0
1995-03-17,11.8,11.8,11.8,11.8,0
1995-03-20,11.34,11.34,11.34,11.34,0
1995-03-21,11.53,11.53,11.53,11.53,0
1995-03-22,11.29,11.29,11.29,11.29,0
1995-03-23,11.43,11.43,11.43,11.43,0
1995-03-24,11.19,11.19,11.19,11.19,0
1995-03-27,11.83,11.83,11.83,11.83,0
1995-03-28,11.33,11.33,11.33,11.33,0
1995-03-29,12.51,12.51,12.51,12.51,0
1995-03-30,12.62,12.62,12.62,12.62,0
1995-03-31,13.37,13.37,13.37,13.37,0
1995-04-03,13.5,13.5,13.5,13.5,0
1995-04-04,12.62,12.62,12.62,12.62,0
1995-04-05,12.96,12.96,12.96,12.96,0
1995-04-06,12.81,12.81,12.81,12.81,0
1995-04-07,12.85,12.85,12.85,12.85,0
1995-04-10,12.79,12.79,12.79,12.79,0
1995-04-11,12.73,12.73,12.73,12.73,0
1995-04-12,12.04,12.04,12.04,12.04,0
1995-04-13,11.48,11.48,11.48,11.48,0
1995-04-17,12.33,12.33,12.33,12.33,0
1995-04-18,12.96,12.96,12.96,12.96,0
1995-04-19,13.09,13.09,13.09,13.09,0
1995-04-20,12.1,12.1,12.1,12.1,0
1995-04-21,11.86,11.86,11.86,11.86,0
1995-04-24,11.92,11.92,11.92,11.92,0
1995-04-25,12.41,12.41,12.41,12.41,0
1995-04-26,12.28,12.28,12.28,12.28,0
1995-04-27,11.93,11.93,11.93,11.93,0
1995-04-28,11.75,11.75,11.75,11.75,0
1995-05-01,12.14,12.14,12.14,12.14,0
1995-05-02,11.88,11.88,11.88,11.88,0
1995-05-03,11.69,11.69,11.69,11.69,0
1995-05-04,12.64,12.64,12.64,12.64,0
1995-05-05,12.06,12.06,12.06,12.06,0
1995-05-08,12.22,12.22,12.22,12.22,0
1995-05-09,12.75,12.75,12.75,12.75,0
1995-05-10,13.08,13.08,13.08,13.08,0
1995-05-11,12.98,12.98,12.98,12.98,0
1995-05-12,11.84,11.84,11.84,11.84,0
1995-05-15,12.38,12.38,12.38,12.38,0
1995-05-16,12.2,12.2,12.2,12.2,0
1995-05-17,12.36,12.36,12.36,12.36,0
1995-05-18,13.13,13.13,13.13,13.13,0
1995-05-19,12.81,12.81,12.81,12.81,0
1995-05-22,11.68,11.68,11.68,11.68,0
1995-05-23,11.55,11.55,11.55,11.55,0
1995-05-24,11.26,11.26,11.26,11.26,0
1995-05-25,11.63,11.63,11.63,11.63,0
1995-05-26,12.2,12.2,12.2,12.2,0
1995-05-30,12.52,12.52,12.52,12.52,0
1995-05-31,13.77,13.77,13.77,13.77,0
1995-06-01,12.21,12.21,12.21,12.21,0
1995-06-02,12.98,12.98,12.98,12.98,0
1995-06-05,13.45,13.45,13.45,13.45,0
1995-06-06,13.0,13.0,13.0,13.0,0
1995-06-07,12.84,12.84,12.84,12.84,0
1995-06-08,14.12,14.12,14.12,14.12,0
1995-06-09,12.76,12.76,12.76,12.76,0
1995-06-12,11.91,11.91,11.91,11.91,0
1995-06-13,11.29,11.29,11.29,11.29,0
1995-06-14,11.29,11.29,11.29,11.29,0
1995-06-15,11.23,11.23,11.23,11.23,0
1995-06-16,10.75,10.75,10.75,10.75,0
1995-06-19,11.21,11.21,11.21,11.21,0
1995-06-20,11.16,11.16,11.16,11.16,0
1995-06-21,11.32,11.32,11.32,11.32,0
1995-06-22,11.44,11.44,11.44,11.44,0
1995-06-23,11.12,11.12,11.12,11.12,0
1995-06-26,11.8,11.8,11.8,11.8,0
1995-06-27,12.37,12.37,12.37,12.37,0
1995-06-28,11.74,11.74,11.74,11.74,0
1995-06-29,11.59,11.59,11.59,11.59,0
1995-06-30,11.38,11.38,11.38,11.38,0
1995-07-03,11.57,11.57,11.57,11.57,0
1995-07-05,12.1,12.1,12.1,12.1,0
1995-07-06,11.52,11.52,11.52,11.52,0
1995-07-07,11.77,11.77,11.77,11.77,0
1995-07-10,12.19,12.19,12.19,12.19,0
1995-07-11,12.25,12.25,12.25,12.25,0
1995-07-12,12.31,12.31,12.31,12.31,0
1995-07-13,12.56,12.56,12.56,12.56,0
1995-07-14,12.08,12.08,12.08,12.08,0
1995-07-17,12.26,12.26,12.26,12.26,0
1995-07-18,12.68,12.68,12.68,12.68,0
1995-07-19,13.49,13.49,13.49,13.49,0
1995-07-20,13.86,13.86,13.86,13.86,0
1995-07-21,12.37,12.37,12.37,12.37,0
1995-07-24,12.55,12.55,12.55,12.55,0
1995-07-25,12.77,12.77,12.77,12.77,0
1995-07-26,13.18,13.18,13.18,13.18,0
1995-07-27,13.18,13.18,13.18,13.18,0
1995-07-28,13.18,13.18,13.18,13.18,0
1995-07-31,13.49,13.49,13.49,13.49,0
1995-08-01,13.56,13.56,13.56,13.56,0
1995-08-02,13.66,13.66,13.66,13.66,0
1995-08-03,13.78,13.78,13.78,13.78,0
1995-08-04,13.21,13.21,13.21,13.21,0
1995-08-07,13.1,13.1,13.1,13.1,0
1995-08-08,13.06,13.06,13.06,13.06,0
1995-08-09,12.75,12.75,12.75,12.75,0
1995-08-10,13.0,13.0,13.0,13.0,0
1995-08-11,12.9,12.9,12.9,12.9,0
1995-08-14,13.24,13.24,13.24,13.24,0
1995-08-15,12.35,12.35,12.35,12.35,0
1995-08-16,12.45,12.45,12.45,12.45,0
1995-08-17,12.13,12.13,12.13,12.13,0
1995-08-18,12.03,12.03,12.03,12.03,0
1995-08-21,13.42,13.42,13.42,13.42,0
1995-08-22,12.6,12.6,12.6,12.6,0
1995-08-23,13.17,13.17,13.17,13.17,0
1995-08-24,12.94,12.94,12.94,12.94,0
1995-08-25,12.33,12.33,12.33,12.33,0
1995-08-28,12.48,12.48,12.48,12.48,0
1995-08-29,12.65,12.65,12.65,12.65,0
1995-08-30,12.03,12.03,12.03,12.03,0
1995-08-31,11.52,11.52,11.52,11.52,0
1995-09-01,11.29,11.29,11.29,11.29,0
1995-09-05,11.65,11.65,11.65,11.65,0
1995-09-06,11.65,11.65,11.65,11.65,0
1995-09-07,11.85,11.85,11.85,11.85,0
1995-09-08,11.16,11.16,11.16,11.16,0
1995-09-11,11.51,11.51,11.51,11.51,0
1995-09-12,11.46,11.46,11.46,11.46,0
1995-09-13,11.35,11.35,11.35,11.35,0
1995-09-14,11.1,11.1,11.1,11.1,0
1995-09-15,11.58,11.58,11.58,11.58,0
1995-09-18,12.34,12.34,12.34,12.34,0
1995-09-19,12.67,12.67,12.67,12.67,0
1995-09-20,12.35,12.35,12.35,12.35,0
1995-09-21,12.5,12.5,12.5,12.5,0
1995-09-22,12.46,12.46,12.46,12.46,0
1995-09-25,13.22,13.22,13.22,13.22,0
1995-09-26,12.9,12.9,12.9,12.9,0
1995-09-27,12.9,12.9,12.9,12.9,0
1995-09-28,12.46,12.46,12.46,12.46,0
1995-09-29,12.74,12.74,12.74,12.74,0
1995-10-02,13.95,13.95,13.95,13.95,0
1995-10-03,14.5,14.5,14.5,14.5,0
1995-10-04,14.86,14.86,14.86,14.86,0
1995-10-05,15.74,15.74,15.74,15.74,0
1995-10-06,13.98,13.98,13.98,13.98,0
1995-10-09,14.85,14.85,14.85,14.85,0
1995-10-10,14.97,14.97,14.97,14.97,0
1995-10-11,14.57,14.57,14.57,14.57,0
1995-10-12,14.24,14.24,14.24,14.24,0
1995-10-13,13.67,13.67,13.67,13.67,0
1995-10-16,14.62,14.62,14.62,14.62,0
1995-10-17,14.03,14.03,14.03,14.03,0
1995-10-18,14.05,14.05,14.05,14.05,0
1995-10-19,13.55,13.55,13.55,13.55,0
1995-10-20,13.46,13.46,13.46,13.46,0
1995-10-23,14.17,14.17,14.17,14.17,0
1995-10-24,13.85,13.85,13.85,13.85,0
1995-10-25,14.49,14.49,14.49,14.49,0
1995-10-26,15.59,15.59,15.59,15.59,0
1995-10-27,14.63,14.63,14.63,14.63,0
1995-10-30,14.26,14.26,14.26,14.26,0
1995-10-31,13.83,13.83,13.83,13.83,0
1995-11-01,13.41,13.41,13.41,13.41,0
1995-11-02,13.19,13.19,13.19,13.19,0
1995-11-03,12.26,12.26,12.26,12.26,0
1995-11-06,12.74,12.74,12.74,12.74,0
1995-11-07,13.05,13.05,13.05,13.05,0
1995-11-08,12.16,12.16,12.16,12.16,0
1995-11-09,12.46,12.46,12.46,12.46,0
1995-11-10,12.97,12.97,12.97,12.97,0
1995-11-13,13.2,13.2,13.2,13.2,0
1995-11-14,13.38,13.38,13.38,13.38,0
1995-11-15,12.95,12.95,12.95,12.95,0
1995-11-16,12.57,12.57,12.57,12.57,0
1995-11-17,12.49,12.49,12.49,12.49,0
1995-11-20,12.37,12.37,12.37,12.37,0
1995-11-21,11.74,11.74,11.74,11.74,0
1995-11-22,11.81,11.81,11.81,11.81,0
1995-11-24,11.87,11.87,11.87,11.87,0
1995-11-27,12.43,12.43,12.43,12.43,0
1995-11-28,11.57,11.57,11.57,11.57,0
1995-11-29,11.65,11.65,11.65,11.65,0
1995-11-30,11.58,11.58,11.58,11.58,0
1995-12-01,11.11,11.11,11.11,11.11,0
1995-12-04,10.66,10.66,10.66,10.66,0
1995-12-05,11.65,11.65,11.65,11.65,0
1995-12-06,12.7,12.7,12.7,12.7,0
1995-12-07,12.74,12.74,12.74,12.74,0
1995-12-08,11.12,11.12,11.12,11.12,0
1995-12-11,11.06,11.06,11.06,11.06,0
1995-12-12,10.63,10.63,10.63,10.63,0
1995-12-13,10.36,10.36,10.36,10.36,0
1995-12-14,11.07,11.07,11.07,11.07,0
1995-12-15,11.44,11.44,11.44,11.44,0
1995-12-18,14.55,14.55,14.55,14.55,0
1995-12-19,13.16,13.16,13.16,13.16,0
1995-12-20,12.2,12.2,12.2,12.2,0
1995-12-21,10.77,10.77,10.77,10.77,0
1995-12-22,11.51,11.51,11.51,11.51,0
1995-12-26,11.49,11.49,11.49,11.49,0
1995-12-27,11.98,11.98,11.98,11.98,0
1995-12-28,12.25,12.25,12.25,12.25,0
1995-12-29,12.52,12.52,12.52,12.52,0
1996-01-02,12.19,12.19,12.19,12.19,0
1996-01-03,12.1,12.1,12.1,12.1,0
1996-01-04,13.78,13.78,13.78,13.78,0
1996-01-05,13.58,13.58,13.58,13.58,0
1996-01-08,13.11,13.11,13.11,13.11,0
1996-01-09,15.21,15.21,15.21,15.21,0
1996-01-10,16.88,16.88,16.88,16.88,0
1996-01-11,15.42,15.42,15.42,15.42,0
1996-01-12,15.3,15.3,15.3,15.3,0
1996-01-15,14.99,14.99,14.99,14.99,0
1996-01-16,14.09,14.09,14.09,14.09,0
1996-01-17,14.25,14.25,14.25,14.25,0
1996-01-18,13.58,13.58,13.58,13.58,0
1996-01-19,12.7,12.7,12.7,12.7,0
1996-01-22,13.34,13.34,13.34,13.34,0
1996-01-23,13.56,13.56,13.56,13.56,0
1996-01-24,12.54,12.54,12.54,12.54,0
1996-01-25,12.94,12.94,12.94,12.94,0
1996-01-26,12.0,12.0,12.0,12.0,0
1996-01-29,12.19,12.19,12.19,12.19,0
1996-01-30,12.42,12.42,12.42,12.42,0
1996-01-31,12.53,12.53,12.53,12.53,0
1996-02-01,12.65,12.65,12.65,12.65,0
1996-02-02,13.23,13.23,13.23,13.23,0
1996-02-05,13.46,13.46,13.46,13.46,0
1996-02-06,14.59,14.59,14.59,14.59,0
1996-02-07,14.11,14.11,14.11,14.11,0
1996-02-08,13.89,13.89,13.89,13.89,0
1996-02-09,14.63,14.63,14.63,14.63,0
1996-02-12,14.69,14.69,14.69,14.69,0
1996-02-13,17.12,17.12,17.12,17.12,0
1996-02-14,15.59,15.59,15.59,15.59,0
1996-02-15,16.13,16.13,16.13,16.13,0
1996-02-16,15.37,15.37,15.37,15.37,0
1996-02-20,16.8,16.8,16.8,16.8,0
1996-02-21,14.47,14.47,14.47,14.47,0
1996-02-22,14.56,14.56,14.56,14.56,0
1996-02-23,14.78,14.78,14.78,14.78,0
1996-02-26,16.38,16.38,16.38,16.38,0
1996-02-27,16.63,16.63,16.63,16.63,0
1996-02-28,16.72,16.72,16.72,16.72,0
1996-02-29,17.04,17.04,17.04,17.04,0
1996-03-01,16.72,16.72,16.72,16.72,0
1996-03-04,16.67,16.67,16.67,16.67,0
1996-03-05,16.1,16.1,16.1,16.1,0
1996-03-06,16.56,16.56,16.56,16.56,0
1996-03-07,16.49,16.49,16.49,16.49,0
1996-03-08,20.7,20.7,20.7,20.7,0
1996-03-11,20.33,20.33,20.33,20.33,0
1996-03-12,19.09,19.09,19.09,19.09,0
1996-03-13,18.13,18.13,18.13,18.13,0
1996-03-14,16.93,16.93,16.93,16.93,0
1996-03-15,16.54,16.54,16.54,16.54,0
1996-03-18,17.31,17.31,17.31,17.31,0
1996-03-19,18.35,18.35,18.35,18.35,0
1996-03-20,18.66,18.66,18.66,18.66,0
1996-03-21,17.74,17.74,17.74,17.74,0
1996-03-22,17.05,17.05,17.05,17.05,0
1996-03-25,17.84,17.84,17.84,17.84,0
1996-03-26,17.8,17.8,17.8,17.8,0
1996-03-27,17.89,17.89,17.89,17.89,0
1996-03-28,18.16,18.16,18.16,18.16,0
1996-03-29,18.88,18.88,18.88,18.88,0
1996-04-01,17.9,17.9,17.9,17.9,0
1996-04-02,16.45,16.45,16.45,16.45,0
1996-04-03,16.33,16.33,16.33,16.33,0
1996-04-04,16.18,16.18,16.18,16.18,0
1996-04-08,18.72,18.72,18.72,18.72,0
1996-04-09,17.32,17.32,17.32,17.32,0
1996-04-10,20.22,20.22,20.22,20.22,0
1996-04-11,19.65,19.65,19.65,19.65,0
1996-04-12,17.38,17.38,17.38,17.38,0
1996-04-15,16.83,16.83,16.83,16.83,0
1996-04-16,16.45,16.45,16.45,16.45,0
1996-04-17,17.07,17.07,17.07,17.07,0
1996-04-18,16.41,16.41,16.41,16.41,0
1996-04-19,15.12,15.12,15.12,15.12,0
1996-04-22,15.38,15.38,15.38,15.38,0
1996-04-23,15.01,15.01,15.01,15.01,0
1996-04-24,14.91,14.91,14.91,14.91,0
1996-04-25,14.72,14.72,14.72,14.72,0
1996-04-26,14.75,14.75,14.75,14.75,0
1996-04-29,15.45,15.45,15.45,15.45,0
1996-04-30,15.83,15.83,15.83,15.83,0
1996-05-01,16.07,16.07,16.07,16.07,0
1996-05-02,18.62,18.62,18.62,18.62,0
1996-05-03,16.7,16.7,16.7,16.7,0
1996-05-06,16.92,16.92,16.92,16.92,0
1996-05-07,16.87,16.87,16.87,16.87,0
1996-05-08,15.78,15.78,15.78,15.78,0
1996-05-09,16.99,16.99,16.99,16.99,0
1996-05-10,15.61,15.61,15.61,15.61,0
1996-05-13,15.16,15.16,15.16,15.16,0
1996-05-14,14.9,14.9,14.9,14.9,0
1996-05-15,15.59,15.59,15.59,15.59,0
1996-05-16,15.71,15.71,15.71,15.71,0
1996-05-17,15.13,15.13,15.13,15.13,0
1996-05-20,15.8,15.8,15.8,15.8,0
1996-05-21,16.0,16.0,16.0,16.0,0
1996-05-22,15.5,15.5,15.5,15.5,0
1996-05-23,16.17,16.17,16.17,16.17,0
1996-05-24,15.54,15.54,15.54,15.54,0
1996-05-28,16.92,16.92,16.92,16.92,0
1996-05-29,17.15,17.15,17.15,17.15,0
1996-05-30,16.02,16.02,16.02,16.02,0
1996-05-31,16.07,16.07,16.07,16.07,0
1996-06-03,16.86,16.86,16.86,16.86,0
1996-06-04,16.18,16.18,16.18,16.18,0
1996-06-05,16.04,16.04,16.04,16.04,0
1996-06-06,16.84,16.84,16.84,16.84,0
1996-06-07,16.1,16.1,16.1,16.1,0
1996-06-10,16.78,16.78,16.78,16.78,0
1996-06-11,16.68,16.68,16.68,16.68,0
1996-06-12,17.0,17.0,17.0,17.0,0
1996-06-13,17.12,17.12,17.12,17.12,0
1996-06-14,18.64,18.64,18.64,18.64,0
1996-06-17,17.46,17.46,17.46,17.46,0
1996-06-18,17.45,17.45,17.45,17.45,0
1996-06-19,17.54,17.54,17.54,17.54,0
1996-06-20,16.97,16.97,16.97,16.97,0
1996-06-21,15.8,15.8,15.8,15.8,0
1996-06-24,15.91,15.91,15.91,15.91,0
1996-06-25,15.43,15.43,15.43,15.43,0
1996-06-26,15.23,15.23,15.23,15.23,0
1996-06-27,14.19,14.19,14.19,14.19,0
1996-06-28,13.68,13.68,13.68,13.68,0
1996-07-01,13.78,13.78,13.78,13.78,0
1996-07-02,14.19,14.19,14.19,14.19,0
1996-07-03,14.21,14.21,14.21,14.21,0
1996-07-05,16.09,16.09,16.09,16.09,0
1996-07-08,16.42,16.42,16.42,16.42,0
1996-07-09,15.49,15.49,15.49,15.49,0
1996-07-10,15.51,15.51,15.51,15.51,0
1996-07-11,17.81,17.81,17.81,17.81,0
1996-07-12,17.09,17.09,17.09,17.09,0
1996-07-15,20.11,20.11,20.11,20.11,0
1996-07-16,20.1,20.1,20.1,20.1,0
1996-07-17,19.22,19.22,19.22,19.22,0
1996-07-18,17.93,17.93,17.93,17.93,0
1996-07-19,17.26,17.26,17.26,17.26,0
1996-07-22,20.41,20.41,20.41,20.41,0
1996-07-23,21.55,21.55,21.55,21.55,0
1996-07-24,21.44,21.44,21.44,21.44,0
1996-07-25,19.39,19.39,19.39,19.39,0
1996-07-26,17.45,17.45,17.45,17.45,0
1996-07-29,20.09,20.09,20.09,20.09,0
1996-07-30,20.53,20.53,20.53,20.53,0
1996-07-31,19.46,19.46,19.46,19.46,0
1996-08-01,18.76,18.76,18.76,18.76,0
1996-08-02,16.19,16.19,16.19,16.19,0
1996-08-05,17.36,17.36,17.36,17.36,0
1996-08-06,16.93,16.93,16.93,16.93,0
1996-08-07,16.24,16.24,16.24,16.24,0
1996-08-08,16.04,16.04,16.04,16.04,0
1996-08-09,15.77,15.77,15.77,15.77,0
1996-08-12,15.57,15.57,15.57,15.57,0
1996-08-13,16.41,16.41,16.41,16.41,0
1996-08-14,15.96,15.96,15.96,15.96,0
1996-08-15,15.46,15.46,15.46,15.46,0
1996-08-16,14.81,14.81,14.81,14.81,0
1996-08-19,15.27,15.27,15.27,15.27,0
1996-08-20,14.73,14.73,14.73,14.73,0
1996-08-21,14.52,14.52,14.52,14.52,0
1996-08-22,13.71,13.71,13.71,13.71,0
1996-08-23,14.18,14.18,14.18,14.18,0
1996-08-26,15.38,15.38,15.38,15.38,0
1996-08-27,15.11,15.11,15.11,15.11,0
1996-08-28,15.1,15.1,15.1,15.1,0
1996-08-29,16.22,16.22,16.22,16.22,0
1996-08-30,17.01,17.01,17.01,17.01,0
1996-09-03,18.47,18.47,18.47,18.47,0
1996-09-04,18.64,18.64,18.64,18.64,0
1996-09-05,20.51,20.51,20.51,20.51,0
1996-09-06,17.1,17.1,17.1,17.1,0
1996-09-09,16.36,16.36,16.36,16.36,0
1996-09-10,16.25,16.25,16.25,16.25,0
1996-09-11,16.06,16.06,16.06,16.06,0
1996-09-12,15.97,15.97,15.97,15.97,0
1996-09-13,15.2,15.2,15.2,15.2,0
1996-09-16,15.43,15.43,15.43,15.43,0
1996-09-17,15.74,15.74,15.74,15.74,0
1996-09-18,15.86,15.86,15.86,15.86,0
1996-09-19,16.03,16.03,16.03,16.03,0
1996-09-20,15.65,15.65,15.65,15.65,0
1996-09-23,16.46,16.46,16.46,16.46,0
1996-09-24,16.45,16.45,16.45,16.45,0
1996-09-25,16.22,16.22,16.22,16.22,0
1996-09-26,16.11,16.11,16.11,16.11,0
1996-09-27,16.1,16.1,16.1,16.1,0
1996-09-30,16.95,16.95,16.95,16.95,0
1996-10-01,17.05,17.05,17.05,17.05,0
1996-10-02,16.78,16.78,16.78,16.78,0
1996-10-03,16.77,16.77,16.77,16.77,0
1996-10-04,14.8,14.8,14.8,14.8,0
1996-10-07,15.11,15.11,15.11,15.11,0
1996-10-08,15.58,15.58,15.58,15.58,0
1996-10-09,16.09,16.09,16.09,16.09,0
1996-10-10,16.26,16.26,16.26,16.26,0
1996-10-11,15.07,15.07,15.07,15.07,0
1996-10-14,15.13,15.13,15.13,15.13,0
1996-10-15,15.83,15.83,15.83,15.83,0
1996-10-16,15.6,15.6,15.6,15.6,0
1996-10-17,15.41,15.41,15.41,15.41,0
1996-10-18,15.08,15.08,15.08,15.08,0
1996-10-21,15.98,15.98,15.98,15.98,0
1996-10-22,16.4,16.4,16.4,16.4,0
1996-10-23,16.45,16.45,16.45,16.45,0
1996-10-24,16.89,16.89,16.89,16.89,0
1996-10-25,17.29,17.29,17.29,17.29,0
1996-10-28,18.34,18.34,18.34,18.34,0
1996-10-29,18.28,18.28,18.28,18.28,0
1996-10-30,18.48,18.48,18.48,18.48,0
1996-10-31,18.11,18.11,18.11,18.11,0
1996-11-01,17.89,17.89,17.89,17.89,0
1996-11-04,18.04,18.04,18.04,18.04,0
1996-11-05,17.65,17.65,17.65,17.65,0
1996-11-06,16.97,16.97,16.97,16.97,0
1996-11-07,17.21,17.21,17.21,17.21,0
1996-11-08,15.78,15.78,15.78,15.78,0
1996-11-11,15.01,15.01,15.01,15.01,0
1996-11-12,15.36,15.36,15.36,15.36,0
1996-11-13,14.89,14.89,14.89,14.89,0
1996-11-14,13.79,13.79,13.79,13.79,0
1996-11-15,14.36,14.36,14.36,14.36,0
1996-11-18,15.12,15.12,15.12,15.12,0
1996-11-19,15.23,15.23,15.23,15.23,0
1996-11-20,15.94,15.94,15.94,15.94,0
1996-11-21,15.77,15.77,15.77,15.77,0
1996-11-22,14.92,14.92,14.92,14.92,0
1996-11-25,15.91,15.91,15.91,15.91,0
1996-11-26,16.97,16.97,16.97,16.97,0
1996-11-27,16.96,16.96,16.96,16.96,0
1996-11-29,17.14,17.14,17.14,17.14,0
1996-12-02,17.93,17.93,17.93,17.93,0
1996-12-03,18.68,18.68,18.68,18.68,0
1996-12-04,17.93,17.93,17.93,17.93,0
1996-12-05,18.14,18.14,18.14,18.14,0
1996-12-06,18.82,18.82,18.82,18.82,0
1996-12-09,17.75,17.75,17.75,17.75,0
1996-12-10,17.88,17.88,17.88,17.88,0
1996-12-11,19.68,19.68,19.68,19.68,0
1996-12-12,20.45,20.45,20.45,20.45,0
1996-12-13,21.09,21.09,21.09,21.09,0
1996-12-16,21.99,21.99,21.99,21.99,0
1996-12-17,20.77,20.77,20.77,20.77,0
1996-12-18,19.42,19.42,19.42,19.42,0
1996-12-19,18.77,18.77,18.77,18.77,0
1996-12-20,18.85,18.85,18.85,18.85,0
1996-12-23,19.5,19.5,19.5,19.5,0
1996-12-24,18.68,18.68,18.68,18.68,0
1996-12-26,18.59,18.59,18.59,18.59,0
1996-12-27,19.13,19.13,19.13,19.13,0
1996-12-30,19.51,19.51,19.51,19.51,0
1996-12-31,20.92,20.92,20.92,20.92,0
1997-01-02,21.14,21.14,21.14,21.14,0
1997-01-03,19.13,19.13,19.13,19.13,0
1997-01-06,19.89,19.89,19.89,19.89,0
1997-01-07,19.35,19.35,19.35,19.35,0
1997-01-08,20.24,20.24,20.24,20.24,0
1997-01-09,20.91,20.91,20.91,20.91,0
1997-01-10,19.63,19.63,19.63,19.63,0
1997-01-13,19.84,19.84,19.84,19.84,0
1997-01-14,19.27,19.27,19.27,19.27,0
1997-01-15,19.4,19.4,19.4,19.4,0
1997-01-16,19.61,19.61,19.61,19.61,0
1997-01-17,18.63,18.63,18.63,18.63,0
1997-01-20,18.6,18.6,18.6,18.6,0
1997-01-21,17.81,17.81,17.81,17.81,0
1997-01-22,17.09,17.09,17.09,17.09,0
1997-01-23,18.47,18.47,18.47,18.47,0
1997-01-24,19.33,19.33,19.33,19.33,0
1997-01-27,20.16,20.16,20.16,20.16,0
1997-01-28,20.74,20.74,20.74,20.74,0
1997-01-29,20.23,20.23,20.23,20.23,0
1997-01-30,19.47,19.47,19.47,19.47,0
1997-01-31,19.47,19.47,19.47,19.47,0
1997-02-03,19.58,19.58,19.58,19.58,0
1997-02-04,19.43,19.43,19.43,19.43,0
1997-02-05,21.06,21.06,21.06,21.06,0
1997-02-06,20.16,20.16,20.16,20.16,0
1997-02-07,18.9,18.9,18.9,18.9,0
1997-02-10,20.65,20.65,20.65,20.65,0
1997-02-11,19.97,19.97,19.97,19.97,0
1997-02-12,19.48,19.48,19.48,19.48,0
1997-02-13,19.23,19.23,19.23,19.23,0
1997-02-14,19.18,19.18,19.18,19.18,0
1997-02-18,19.7,19.7,19.7,19.7,0
1997-02-19,20.61,20.61,20.61,20.61,0
1997-02-20,21.41,21.41,21.41,21.41,0
1997-02-21,20.55,20.55,20.55,20.55,0
1997-02-24,19.84,19.84,19.84,19.84,0
1997-02-25,20.49,20.49,20.49,20.49,0
1997-02-26,20.74,20.74,20.74,20.74,0
1997-02-27,21.08,21.08,21.08,21.08,0
1997-02-28,21.1,21.1,21.1,21.1,0
1997-03-03,20.89,20.89,20.89,20.89,0
1997-03-04,20.62,20.62,20.62,20.62,0
1997-03-05,19.49,19.49,19.49,19.49,0
1997-03-06,20.48,20.48,20.48,20.48,0
1997-03-07,19.32,19.32,19.32,19.32,0
1997-03-10,19.0,19.0,19.0,19.0,0
1997-03-11,19.25,19.25,19.25,19.25,0
1997-03-12,19.61,19.61,19.61,19.61,0
1997-03-13,19.79,19.79,19.79,19.79,0
1997-03-14,19.81,19.81,19.81,19.81,0
1997-03-17,20.95,20.95,20.95,20.95,0
1997-03-18,21.26,21.26,21.26,21.26,0
1997-03-19,21.74,21.74,21.74,21.74,0
1997-03-20,21.22,21.22,21.22,21.22,0
1997-03-21,19.69,19.69,19.69,19.69,0
1997-03-24,20.06,20.06,20.06,20.06,0
1997-03-25,19.26,19.26,19.26,19.26,0
1997-03-26,18.32,18.32,18.32,18.32,0
1997-03-27,20.5,20.5,20.5,20.5,0
1997-03-31,22.14,22.14,22.14,22.14,0
1997-04-01,20.84,20.84,20.84,20.84,0
1997-04-02,21.3,21.3,21.3,21.3,0
1997-04-03,21.19,21.19,21.19,21.19,0
1997-04-04,19.23,19.23,19.23,19.23,0
1997-04-07,18.51,18.51,18.51,18.51,0
1997-04-08,18.44,18.44,18.44,18.44,0
1997-04-09,18.56,18.56,18.56,18.56,0
1997-04-10,19.01,19.01,19.01,19.01,0
1997-04-11,19.76,19.76,19.76,19.76,0
1997-04-14,19.09,19.09,19.09,19.09,0
1997-04-15,18.25,18.25,18.25,18.25,0
1997-04-16,17.64,17.64,17.64,17.64,0
1997-04-17,18.71,18.71,18.71,18.71,0
1997-04-18,18.75,18.75,18.75,18.75,0
1997-04-21,20.1,20.1,20.1,20.1,0
1997-04-22,19.52,19.52,19.52,19.52,0
1997-04-23,20.48,20.48,20.48,20.48,0
1997-04-24,20.83,20.83,20.83,20.83,0
1997-04-25,21.15,21.15,21.15,21.15,0
1997-04-28,21.34,21.34,21.34,21.34,0
1997-04-29,19.81,19.81,19.81,19.81,0
1997-04-30,20.06,20.06,20.06,20.06,0
1997-05-01,19.87,19.87,19.87,19.87,0
1997-05-02,17.51,17.51,17.51,17.51,0
1997-05-05,20.13,20.13,20.13,20.13,0
1997-05-06,20.85,20.85,20.85,20.85,0
1997-05-07,21.34,21.34,21.34,21.34,0
1997-05-08,21.26,21.26,21.26,21.26,0
1997-05-09,20.11,20.11,20.11,20.11,0
1997-05-12,20.25,20.25,20.25,20.25,0
1997-05-13,20.81,20.81,20.81,20.81,0
1997-05-14,21.09,21.09,21.09,21.09,0
1997-05-15,19.91,19.91,19.91,19.91,0
1997-05-16,21.57,21.57,21.57,21.57,0
1997-05-19,21.48,21.48,21.48,21.48,0
1997-05-20,19.26,19.26,19.26,19.26,0
1997-05-21,19.28,19.28,19.28,19.28,0
1997-05-22,18.77,18.77,18.77,18.77,0
1997-05-23,18.08,18.08,18.08,18.08,0
1997-05-27,19.36,19.36,19.36,19.36,0
1997-05-28,19.28,19.28,19.28,19.28,0
1997-05-29,19.02,19.02,19.02,19.02,0
1997-05-30,19.19,19.19,19.19,19.19,0
1997-06-02,20.85,20.85,20.85,20.85,0
1997-06-03,20.01,20.01,20.01,20.01,0
1997-06-04,20.1,20.1,20.1,20.1,0
1997-06-05,20.36,20.36,20.36,20.36,0
1997-06-06,18.94,18.94,18.94,18.94,0
1997-06-09,19.46,19.46,19.46,19.46,0
1997-06-10,19.04,19.04,19.04,19.04,0
1997-06-11,18.85,18.85,18.85,18.85,0
1997-06-12,18.51,18.51,18.51,18.51,0
1997-06-13,19.27,19.27,19.27,19.27,0
1997-06-16,19.77,19.77,19.77,19.77,0
1997-06-17,20.17,20.17,20.17,20.17,0
1997-06-18,20.45,20.45,20.45,20.45,0
1997-06-19,20.1,20.1,20.1,20.1,0
1997-06-20,20.2,20.2,20.2,20.2,0
1997-06-23,21.19,21.19,21.19,21.19,0
1997-06-24,20.74,20.74,20.74,20.74,0
1997-06-25,21.5,21.5,21.5,21.5,0
1997-06-26,21.82,21.82,21.82,21.82,0
1997-06-27,21.22,21.22,21.22,21.22,0
1997-06-30,21.53,21.53,21.53,21.53,0
1997-07-01,21.0,21.0,21.0,21.0,0
1997-07-02,19.7,19.7,19.7,19.7,0
1997-07-03,17.82,17.82,17.82,17.82,0
1997-07-07,19.13,19.13,19.13,19.13,0
1997-07-08,18.76,18.76,18.76,18.76,0
1997-07-09,20.4,20.4,20.4,20.4,0
1997-07-10,19.92,19.92,19.92,19.92,0
1997-07-11,19.06,19.06,19.06,19.06,0
1997-07-14,19.58,19.58,19.58,19.58,0
1997-07-15,19.0,19.0,19.0,19.0,0
1997-07-16,19.36,19.36,19.36,19.36,0
1997-07-17,20.54,20.54,20.54,20.54,0
1997-07-18,22.28,22.28,22.28,22.28,0
1997-07-21,23.51,23.51,23.51,23.51,0
1997-07-22,21.77,21.77,21.77,21.77,0
1997-07-23,21.3,21.3,21.3,21.3,0
1997-07-24,20.96,20.96,20.96,20.96,0
1997-07-25,20.82,20.82,20.82,20.82,0
1997-07-28,21.84,21.84,21.84,21.84,0
1997-07-29,22.02,22.02,22.02,22.02,0
1997-07-30,21.39,21.39,21.39,21.39,0
1997-07-31,21.48,21.48,21.48,21.48,0
1997-08-01,22.29,22.29,22.29,22.29,0
1997-08-04,21.94,21.94,21.94,21.94,0
1997-08-05,20.64,20.64,20.64,20.64,0
1997-08-06,20.05,20.05,20.05,20.05,0
1997-08-07,19.77,19.77,19.77,19.77,0
1997-08-08,22.46,22.46,22.46,22.46,0
1997-08-11,22.77,22.77,22.77,22.77,0
1997-08-12,23.75,23.75,23.75,23.75,0
1997-08-13,24.52,24.52,24.52,24.52,0
1997-08-14,23.11,23.11,23.11,23.11,0
1997-08-15,24.45,24.45,24.45,24.45,0
1997-08-18,24.37,24.37,24.37,24.37,0
1997-08-19,22.64,22.64,22.64,22.64,0
1997-08-20,21.09,21.09,21.09,21.09,0
1997-08-21,23.83,23.83,23.83,23.83,0
1997-08-22,24.74,24.74,24.74,24.74,0
1997-08-25,24.1,24.1,24.1,24.1,0
1997-08-26,24.73,24.73,24.73,24.73,0
1997-08-27,24.26,24.26,24.26,24.26,0
1997-08-28,24.51,24.51,24.51,24.51,0
1997-08-29,24.76,24.76,24.76,24.76,0
1997-09-02,24.53,24.53,24.53,24.53,0
1997-09-03,24.95,24.95,24.95,24.95,0
1997-09-04,25.27,25.27,25.27,25.27,0
1997-09-05,24.31,24.31,24.31,24.31,0
1997-09-08,24.4,24.4,24.4,24.4,0
1997-09-09,23.89,23.89,23.89,23.89,0
1997-09-10,24.64,24.64,24.64,24.64,0
1997-09-11,25.99,25.99,25.99,25.99,0
1997-09-12,25.17,25.17,25.17,25.17,0
1997-09-15,25.74,25.74,25.74,25.74,0
1997-09-16,23.77,23.77,23.77,23.77,0
1997-09-17,24.1,24.1,24.1,24.1,0
1997-09-18,23.48,23.48,23.48,23.48,0
1997-09-19,22.74,22.74,22.74,22.74,0
1997-09-22,22.08,22.08,22.08,22.08,0
1997-09-23,22.0,22.0,22.0,22.0,0
1997-09-24,22.64,22.64,22.64,22.64,0
1997-09-25,22.96,22.96,22.96,22.96,0
1997-09-26,22.26,22.26,22.26,22.26,0
1997-09-29,22.23,22.23,22.23,22.23,0
1997-09-30,22.91,22.91,22.91,22.91,0
1997-10-01,22.32,22.32,22.32,22.32,0
1997-10-02,22.27,22.27,22.27,22.27,0
1997-10-03,21.54,21.54,21.54,21.54,0
1997-10-06,21.61,21.61,21.61,21.61,0
1997-10-07,20.29,20.29,20.29,20.29,0
1997-10-08,21.04,21.04,21.04,21.04,0
1997-10-09,22.31,22.31,22.31,22.31,0
1997-10-10,19.75,19.75,19.75,19.75,0
1997-10-13,20.26,20.26,20.26,20.26,0
1997-10-14,19.99,19.99,19.99,19.99,0
1997-10-15,20.05,20.05,20.05,20.05,0
1997-10-16,20.53,20.53,20.53,20.53,0
1997-10-17,21.69,21.69,21.69,21.69,0
1997-10-20,20.72,20.72,20.72,20.72,0
1997-10-21,19.53,19.53,19.53,19.53,0
1997-10-22,19.86,19.86,19.86,19.86,0
1997-10-23,22.99,22.99,22.99,22.99,0
1997-10-24,23.17,23.17,23.17,23.17,0
1997-10-27,31.12,31.12,31.12,31.12,0
1997-10-28,31.22,31.22,31.22,31.22,0
1997-10-29,33.75,33.75,33.75,33.75,0
1997-10-30,38.2,38.2,38.2,38.2,0
1997-10-31,35.09,35.09,35.09,35.09,0
1997-11-03,32.09,32.09,32.09,32.09,0
1997-11-04,32.24,32.24,32.24,32.24,0
1997-11-05,32.18,32.18,32.18,32.18,0
1997-11-06,32.57,32.57,32.57,32.57,0
1997-11-07,36.27,36.27,36.27,36.27,0
1997-11-10,36.63,36.63,36.63,36.63,0
1997-11-11,36.38,36.38,36.38,36.38,0
1997-11-12,37.57,37.57,37.57,37.57,0
1997-11-13,36.64,36.64,36.64,36.64,0
1997-11-14,33.66,33.66,33.66,33.66,0
1997-11-17,31.58,31.58,31.58,31.58,0
1997-11-18,31.55,31.55,31.55,31.55,0
1997-11-19,29.93,29.93,29.93,29.93,0
1997-11-20,27.32,27.32,27.32,27.32,0
1997-11-21,26.65,26.65,26.65,26.65,0
1997-11-24,29.8,29.8,29.8,29.8,0
1997-11-25,28.95,28.95,28.95,28.95,0
1997-11-26,28.95,28.95,28.95,28.95,0
1997-11-28,27.43,27.43,27.43,27.43,0
1997-12-01,26.01,26.01,26.01,26.01,0
1997-12-02,25.66,25.66,25.66,25.66,0
1997-12-03,23.92,23.92,23.92,23.92,0
1997-12-04,23.84,23.84,23.84,23.84,0
1997-12-05,22.65,22.65,22.65,22.65,0
1997-12-08,23.22,23.22,23.22,23.22,0
1997-12-09,23.36,23.36,23.36,23.36,0
1997-12-10,24.55,24.55,24.55,24.55,0
1997-12-11,27.63,27.63,27.63,27.63,0
1997-12-12,27.92,27.92,27.92,27.92,0
1997-12-15,27.37,27.37,27.37,27.37,0
1997-12-16,26.11,26.11,26.11,26.11,0
1997-12-17,26.33,26.33,26.33,26.33,0
1997-12-18,27.19,27.19,27.19,27.19,0
1997-12-19,29.18,29.18,29.18,29.18,0
1997-12-22,28.56,28.56,28.56,28.56,0
1997-12-23,29.86,29.86,29.86,29.86,0
1997-12-24,30.27,30.27,30.27,30.27,0
1997-12-26,29.27,29.27,29.27,29.27,0
1997-12-29,26.79,26.79,26.79,26.79,0
1997-12-30,24.38,24.38,24.38,24.38,0
1997-12-31,24.01,24.01,24.01,24.01,0
1998-01-02,23.42,23.42,23.42,23.42,0
1998-01-05,24.36,24.36,24.36,24.36,0
1998-01-06,25.66,25.66,25.66,25.66,0
1998-01-07,25.07,25.07,25.07,25.07,0
1998-01-08,26.01,26.01,26.01,26.01,0
1998-01-09,28.69,28.69,28.69,28.69,0
1998-01-12,28.02,28.02,28.02,28.02,0
1998-01-13,25.17,25.17,25.17,25.17,0
1998-01-14,23.75,23.75,23.75,23.75,0
1998-01-15,23.45,23.45,23.45,23.45,0
1998-01-16,21.65,21.65,21.65,21.65,0
1998-01-20,21.65,21.65,21.65,21.65,0
1998-01-21,22.53,22.53,22.53,22.53,0
1998-01-22,23.16,23.16,23.16,23.16,0
1998-01-23,23.32,23.32,23.32,23.32,0
1998-01-26,23.97,23.97,23.97,23.97,0
1998-01-27,22.27,22.27,22.27,22.27,0
1998-01-28,22.06,22.06,22.06,22.06,0
1998-01-29,21.65,21.65,21.65,21.65,0
1998-01-30,21.47,21.47,21.47,21.47,0
1998-02-02,21.36,21.36,21.36,21.36,0
1998-02-03,20.67,20.67,20.67,20.67,0
1998-02-04,20.55,20.55,20.55,20.55,0
1998-02-05,21.29,21.29,21.29,21.29,0
1998-02-06,20.51,20.51,20.51,20.51,0
1998-02-09,21.55,21.55,21.55,21.55,0
1998-02-10,20.66,20.66,20.66,20.66,0
1998-02-11,20.38,20.38,20.38,20.38,0
1998-02-12,19.73,19.73,19.73,19.73,0
1998-02-13,19.84,19.84,19.84,19.84,0
1998-02-17,20.76,20.76,20.76,20.76,0
1998-02-18,19.66,19.66,19.66,19.66,0
1998-02-19,19.88,19.88,19.88,19.88,0
1998-02-20,19.0,19.0,19.0,19.0,0
1998-02-23,18.99,18.99,18.99,18.99,0
1998-02-24,19.35,19.35,19.35,19.35,0
1998-02-25,18.62,18.62,18.62,18.62,0
1998-02-26,18.63,18.63,18.63,18.63,0
1998-02-27,18.55,18.55,18.55,18.55,0
1998-03-02,19.19,19.19,19.19,19.19,0
1998-03-03,19.04,19.04,19.04,19.04,0
1998-03-04,19.58,19.58,19.58,19.58,0
1998-03-05,20.93,20.93,20.93,20.93,0
1998-03-06,19.14,19.14,19.14,19.14,0
1998-03-09,20.23,20.23,20.23,20.23,0
1998-03-10,19.43,19.43,19.43,19.43,0
1998-03-11,18.89,18.89,18.89,18.89,0
1998-03-12,18.25,18.25,18.25,18.25,0
1998-03-13,18.71,18.71,18.71,18.71,0
1998-03-16,18.51,18.51,18.51,18.51,0
1998-03-17,18.66,18.66,18.66,18.66,0
1998-03-18,18.29,18.29,18.29,18.29,0
1998-03-19,17.76,17.76,17.76,17.76,0
1998-03-20,18.69,18.69,18.69,18.69,0
1998-03-23,19.98,19.98,19.98,19.98,0
1998-03-24,20.51,20.51,20.51,20.51,0
1998-03-25,22.54,22.54,22.54,22.54,0
1998-03-26,22.81,22.81,22.81,22.81,0
1998-03-27,23.47,23.47,23.47,23.47,0
1998-03-30,24.66,24.66,24.66,24.66,0
1998-03-31,24.22,24.22,24.22,24.22,0
1998-04-01,23.37,23.37,23.37,23.37,0
1998-04-02,21.98,21.98,21.98,21.98,0
1998-04-03,21.82,21.82,21.82,21.82,0
1998-04-06,22.47,22.47,22.47,22.47,0
1998-04-07,23.66,23.66,23.66,23.66,0
1998-04-08,23.17,23.17,23.17,23.17,0
1998-04-09,21.51,21.51,21.51,21.51,0
1998-04-13,22.77,22.77,22.77,22.77,0
1998-04-14,21.61,21.61,21.61,21.61,0
1998-04-15,20.89,20.89,20.89,20.89,0
1998-04-16,22.06,22.06,22.06,22.06,0
1998-04-17,20.76,20.76,20.76,20.76,0
1998-04-20,20.39,20.39,20.39,20.39,0
1998-04-21,19.91,19.91,19.91,19.91,0
1998-04-22,19.87,19.87,19.87,19.87,0
1998-04-23,20.6,20.6,20.6,20.6,0
1998-04-24,21.97,21.97,21.97,21.97,0
1998-04-27,26.09,26.09,26.09,26.09,0
1998-04-28,24.17,24.17,24.17,24.17,0
1998-04-29,22.78,22.78,22.78,22.78,0
1998-04-30,21.18,21.18,21.18,21.18,0
1998-05-01,19.34,19.34,19.34,19.34,0
1998-05-04,20.32,20.32,20.32,20.32,0
1998-05-05,21.46,21.46,21.46,21.46,0
1998-05-06,22.79,22.79,22.79,22.79,0
1998-05-07,23.39,23.39,23.39,23.39,0
1998-05-08,20.57,20.57,20.57,20.57,0
1998-05-11,21.05,21.05,21.05,21.05,0
1998-05-12,20.98,20.98,20.98,20.98,0
1998-05-13,20.44,20.44,20.44,20.44,0
1998-05-14,19.64,19.64,19.64,19.64,0
1998-05-15,20.44,20.44,20.44,20.44,0
1998-05-18,21.69,21.69,21.69,21.69,0
1998-05-19,20.39,20.39,20.39,20.39,0
1998-05-20,19.89,19.89,19.89,19.89,0
1998-05-21,19.38,19.38,19.38,19.38,0
1998-05-22,18.99,18.99,18.99,18.99,0
1998-05-26,22.07,22.07,22.07,22.07,0
1998-05-27,22.59,22.59,22.59,22.59,0
1998-05-28,20.74,20.74,20.74,20.74,0
1998-05-29,21.32,21.32,21.32,21.32,0
1998-06-01,22.83,22.83,22.83,22.83,0
1998-06-02,22.0,22.0,22.0,22.0,0
1998-06-03,22.85,22.85,22.85,22.85,0
1998-06-04,21.22,21.22,21.22,21.22,0
1998-06-05,19.78,19.78,19.78,19.78,0
1998-06-08,20.58,20.58,20.58,20.58,0
1998-06-09,20.52,20.52,20.52,20.52,0
1998-06-10,21.48,21.48,21.48,21.48,0
1998-06-11,23.57,23.57,23.57,23.57,0
1998-06-12,22.78,22.78,22.78,22.78,0
1998-06-15,26.2,26.2,26.2,26.2,0
1998-06-16,24.8,24.8,24.8,24.8,0
1998-06-17,22.59,22.59,22.59,22.59,0
1998-06-18,22.09,22.09,22.09,22.09,0
1998-06-19,21.61,21.61,21.61,21.61,0
1998-06-22,21.94,21.94,21.94,21.94,0
1998-06-23,20.17,20.17,20.17,20.17,0
1998-06-24,20.02,20.02,20.02,20.02,0
1998-06-25,20.25,20.25,20.25,20.25,0
1998-06-26,19.36,19.36,19.36,19.36,0
1998-06-29,19.57,19.57,19.57,19.57,0
1998-06-30,19.71,19.71,19.71,19.71,0
1998-07-01,18.0,18.0,18.0,18.0,0
1998-07-02,17.67,17.67,17.67,17.67,0
1998-07-06,18.63,18.63,18.63,18.63,0
1998-07-07,18.62,18.62,18.62,18.62,0
1998-07-08,17.82,17.82,17.82,17.82,0
1998-07-09,18.16,18.16,18.16,18.16,0
1998-07-10,17.92,17.92,17.92,17.92,0
1998-07-13,18.26,18.26,18.26,18.26,0
1998-07-14,17.88,17.88,17.88,17.88,0
1998-07-15,17.89,17.89,17.89,17.89,0
1998-07-16,16.97,16.97,16.97,16.97,0
1998-07-17,16.23,16.23,16.23,16.23,0
1998-07-20,17.34,17.34,17.34,17.34,0
1998-07-21,20.1,20.1,20.1,20.1,0
1998-07-22,20.32,20.32,20.32,20.32,0
1998-07-23,23.01,23.01,23.01,23.01,0
1998-07-24,23.01,23.01,23.01,23.01,0
1998-07-27,23.13,23.13,23.13,23.13,0
1998-07-28,25.25,25.25,25.25,25.25,0
1998-07-29,24.79,24.79,24.79,24.79,0
1998-07-30,22.66,22.66,22.66,22.66,0
1998-07-31,24.8,24.8,24.8,24.8,0
1998-08-03,25.98,25.98,25.98,25.98,0
1998-08-04,31.06,31.06,31.06,31.06,0
1998-08-05,29.83,29.83,29.83,29.83,0
1998-08-06,28.2,28.2,28.2,28.2,0
1998-08-07,27.02,27.02,27.02,27.02,0
1998-08-10,28.75,28.75,28.75,28.75,0
1998-08-11,31.91,31.91,31.91,31.91,0
1998-08-12,28.55,28.55,28.55,28.55,0
1998-08-13,29.92,29.92,29.92,29.92,0
1998-08-14,34.75,34.75,34.75,34.75,0
1998-08-17,31.86,31.86,31.86,31.86,0
1998-08-18,28.4,28.4,28.4,28.4,0
1998-08-19,28.69,28.69,28.69,28.69,0
1998-08-20,30.0,30.0,30.0,30.0,0
1998-08-21,33.14,33.14,33.14,33.14,0
1998-08-24,31.8,31.8,31.8,31.8,0
1998-08-25,30.33,30.33,30.33,30.33,0
1998-08-26,31.14,31.14,31.14,31.14,0
1998-08-27,38.55,38.55,38.55,38.55,0
1998-08-28,39.6,39.6,39.6,39.6,0
1998-08-31,44.28,44.28,44.28,44.28,0
1998-09-01,36.48,36.48,36.48,36.48,0
1998-09-02,36.76,36.76,36.76,36.76,0
1998-09-03,41.43,41.43,41.43,41.43,0
1998-09-04,43.31,43.31,43.31,43.31,0
1998-09-08,37.9,37.9,37.9,37.9,0
1998-09-09,39.66,39.66,39.66,39.66,0
1998-09-10,45.29,45.29,45.29,45.29,0
1998-09-11,43.74,43.74,43.74,43.74,0
1998-09-14,38.57,38.57,38.57,38.57,0
1998-09-15,36.58,36.58,36.58,36.58,0
1998-09-16,35.94,35.94,35.94,35.94,0
1998-09-17,39.23,39.23,39.23,39.23,0
1998-09-18,38.63,38.63,38.63,38.63,0
1998-09-21,38.58,38.58,38.58,38.58,0
1998-09-22,36.62,36.62,36.62,36.62,0
1998-09-23,32.47,32.47,32.47,32.47,0
1998-09-24,34.66,34.66,34.66,34.66,0
1998-09-25,34.55,34.55,34.55,34.55,0
1998-09-28,34.87,34.87,34.87,34.87,0
1998-09-29,36.08,36.08,36.08,36.08,0
1998-09-30,40.95,40.95,40.95,40.95,0
1998-10-01,43.48,43.48,43.48,43.48,0
1998-10-02,40.47,40.47,40.47,40.47,0
1998-10-05,42.81,42.81,42.81,42.81,0
1998-10-06,41.2,41.2,41.2,41.2,0
1998-10-07,43.51,43.51,43.51,43.51,0
1998-10-08,45.74,45.74,45.74,45.74,0
1998-10-09,41.78,41.78,41.78,41.78,0
1998-10-12,40.07,40.07,40.07,40.07,0
1998-10-13,40.23,40.23,40.23,40.23,0
1998-10-14,38.96,38.96,38.96,38.96,0
1998-10-15,33.34,33.34,33.34,33.34,0
1998-10-16,34.82,34.82,34.82,34.82,0
1998-10-19,33.13,33.13,33.13,33.13,0
1998-10-20,33.11,33.11,33.11,33.11,0
1998-10-21,33.21,33.21,33.21,33.21,0
1998-10-22,31.53,31.53,31.53,31.53,0
1998-10-23,32.27,32.27,32.27,32.27,0
1998-10-26,32.38,32.38,32.38,32.38,0
1998-10-27,32.95,32.95,32.95,32.95,0
1998-10-28,32.42,32.42,32.42,32.42,0
1998-10-29,29.5,29.5,29.5,29.5,0
1998-10-30,28.05,28.05,28.05,28.05,0
1998-11-02,27.26,27.26,27.26,27.26,0
1998-11-03,27.76,27.76,27.76,27.76,0
1998-11-04,27.37,27.37,27.37,27.37,0
1998-11-05,26.01,26.01,26.01,26.01,0
1998-11-06,25.7,25.7,25.7,25.7,0
1998-11-09,28.09,28.09,28.09,28.09,0
1998-11-10,28.17,28.17,28.17,28.17,0
1998-11-11,28.47,28.47,28.47,28.47,0
1998-11-12,29.28,29.28,29.28,29.28,0
1998-11-13,29.03,29.03,29.03,29.03,0
1998-11-16,28.9,28.9,28.9,28.9,0
1998-11-17,27.95,27.95,27.95,27.95,0
1998-11-18,27.13,27.13,27.13,27.13,0
1998-11-19,25.5,25.5,25.5,25.5,0
1998-11-20,22.47,22.47,22.47,22.47,0
1998-11-23,21.84,21.84,21.84,21.84,0
1998-11-24,23.28,23.28,23.28,23.28,0
1998-11-25,22.15,22.15,22.15,22.15,0
1998-11-27,22.09,22.09,22.09,22.09,0
1998-11-30,26.01,26.01,26.01,26.01,0
1998-12-01,24.97,24.97,24.97,24.97,0
1998-12-02,25.43,25.43,25.43,25.43,0
1998-12-03,28.7,28.7,28.7,28.7,0
1998-12-04,25.31,25.31,25.31,25.31,0
1998-12-07,24.9,24.9,24.9,24.9,0
1998-12-08,25.58,25.58,25.58,25.58,0
1998-12-09,25.66,25.66,25.66,25.66,0
1998-12-10,26.81,26.81,26.81,26.81,0
1998-12-11,27.72,27.72,27.72,27.72,0
1998-12-14,31.31,31.31,31.31,31.31,0
1998-12-15,29.42,29.42,29.42,29.42,0
1998-12-16,29.96,29.96,29.96,29.96,0
1998-12-17,27.96,27.96,27.96,27.96,0
1998-12-18,25.04,25.04,25.04,25.04,0
1998-12-21,23.86,23.86,23.86,23.86,0
1998-12-22,22.78,22.78,22.78,22.78,0
1998-12-23,20.21,20.21,20.21,20.21,0
1998-12-24,21.48,21.48,21.48,21.48,0
1998-12-28,23.5,23.5,23.5,23.5,0
1998-12-29,22.18,22.18,22.18,22.18,0
1998-12-30,23.34,23.34,23.34,23.34,0
1998-12-31,24.42,24.42,24.42,24.42,0
1999-01-04,26.17,26.17,26.17,26.17,0
1999-01-05,24.46,24.46,24.46,24.46,0
1999-01-06,23.34,23.34,23.34,23.34,0
1999-01-07,24.37,24.37,24.37,24.37,0
1999-01-08,23.28,23.28,23.28,23.28,0
1999-01-11,25.46,25.46,25.46,25.46,0
1999-01-12,28.1,28.1,28.1,28.1,0
1999-01-13,30.11,30.11,30.11,30.11,0
1999-01-14,32.98,32.98,32.98,32.98,0
1999-01-15,29.24,29.24,29.24,29.24,0
1999-01-19,29.24,29.24,29.24,29.24,0
1999-01-20,28.6,28.6,28.6,28.6,0
1999-01-21,30.92,30.92,30.92,30.92,0
1999-01-22,31.95,31.95,31.95,31.95,0
1999-01-25,31.13,31.13,31.13,31.13,0
1999-01-26,29.23,29.23,29.23,29.23,0
1999-01-27,29.73,29.73,29.73,29.73,0
1999-01-28,28.11,28.11,28.11,28.11,0
1999-01-29,26.25,26.25,26.25,26.25,0
1999-02-01,27.67,27.67,27.67,27.67,0
1999-02-02,28.16,28.16,28.16,28.16,0
1999-02-03,27.88,27.88,27.88,27.88,0
1999-02-04,29.48,29.48,29.48,29.48,0
1999-02-05,29.67,29.67,29.67,29.67,0
1999-02-08,30.27,30.27,30.27,30.27,0
1999-02-09,31.36,31.36,31.36,31.36,0
1999-02-10,30.45,30.45,30.45,30.45,0
1999-02-11,27.42,27.42,27.42,27.42,0
1999-02-12,29.76,29.76,29.76,29.76,0
1999-02-16,29.65,29.65,29.65,29.65,0
1999-02-17,30.65,30.65,30.65,30.65,0
1999-02-18,30.45,30.45,30.45,30.45,0
1999-02-19,29.3,29.3,29.3,29.3,0
1999-02-22,25.87,25.87,25.87,25.87,0
1999-02-23,26.49,26.49,26.49,26.49,0
1999-02-24,27.21,27.21,27.21,27.21,0
1999-02-25,28.01,28.01,28.01,28.01,0
1999-02-26,27.88,27.88,27.88,27.88,0
1999-03-01,28.37,28.37,28.37,28.37,0
1999-03-02,29.22,29.22,29.22,29.22,0
1999-03-03,29.04,29.04,29.04,29.04,0
1999-03-04,26.67,26.67,26.67,26.67,0
1999-03-05,24.08,24.08,24.08,24.08,0
1999-03-08,24.54,24.54,24.54,24.54,0
1999-03-09,25.02,25.02,25.02,25.02,0
1999-03-10,24.79,24.79,24.79,24.79,0
1999-03-11,24.37,24.37,24.37,24.37,0
1999-03-12,24.84,24.84,24.84,24.84,0
1999-03-15,25.24,25.24,25.24,25.24,0
1999-03-16,25.15,25.15,25.15,25.15,0
1999-03-17,25.57,25.57,25.57,25.57,0
1999-03-18,24.13,24.13,24.13,24.13,0
1999-03-19,24.32,24.32,24.32,24.32,0
1999-03-22,25.0,25.0,25.0,25.0,0
1999-03-23,27.27,27.27,27.27,27.27,0
1999-03-24,26.6,26.6,26.6,26.6,0
1999-03-25,24.33,24.33,24.33,24.33,0
1999-03-26,24.04,24.04,24.04,24.04,0
1999-03-29,23.54,23.54,23.54,23.54,0
1999-03-30,22.73,22.73,22.73,22.73,0
1999-03-31,23.26,23.26,23.26,23.26,0
1999-04-01,22.06,22.06,22.06,22.06,0
1999-04-05,22.19,22.19,22.19,22.19,0
1999-04-06,22.65,22.65,22.65,22.65,0
1999-04-07,22.81,22.81,22.81,22.81,0
1999-04-08,22.59,22.59,22.59,22.59,0
1999-04-09,21.77,21.77,21.77,21.77,0
1999-04-12,21.93,21.93,21.93,21.93,0
1999-04-13,22.73,22.73,22.73,22.73,0
1999-04-14,24.94,24.94,24.94,24.94,0
1999-04-15,23.93,23.93,23.93,23.93,0
1999-04-16,23.9,23.9,23.9,23.9,0
1999-04-19,26.42,26.42,26.42,26.42,0
1999-04-20,25.02,25.02,25.02,25.02,0
1999-04-21,23.31,23.31,23.31,23.31,0
1999-04-22,22.62,22.62,22.62,22.62,0
1999-04-23,22.76,22.76,22.76,22.76,0
1999-04-26,23.53,23.53,23.53,23.53,0
1999-04-27,23.36,23.36,23.36,23.36,0
1999-04-28,24.4,24.4,24.4,24.4,0
1999-04-29,25.06,25.06,25.06,25.06,0
1999-04-30,25.07,25.07,25.07,25.07,0
1999-05-03,24.15,24.15,24.15,24.15,0
1999-05-04,25.62,25.62,25.62,25.62,0
1999-05-05,25.19,25.19,25.19,25.19,0
1999-05-06,27.44,27.44,27.44,27.44,0
1999-05-07,25.36,25.36,25.36,25.36,0
1999-05-10,26.62,26.62,26.62,26.62,0
1999-05-11,25.62,25.62,25.62,25.62,0
1999-05-12,26.13,26.13,26.13,26.13,0
1999-05-13,25.02,25.02,25.02,25.02,0
1999-05-14,26.86,26.86,26.86,26.86,0
1999-05-17,27.28,27.28,27.28,27.28,0
1999-05-18,27.26,27.26,27.26,27.26,0
1999-05-19,25.08,25.08,25.08,25.08,0
1999-05-20,24.46,24.46,24.46,24.46,0
1999-05-21,24.4,24.4,24.4,24.4,0
1999-05-24,27.62,27.62,27.62,27.62,0
1999-05-25,28.9,28.9,28.9,28.9,0
1999-05-26,27.57,27.57,27.57,27.57,0
1999-05-27,28.12,28.12,28.12,28.12,0
1999-05-28,25.39,25.39,25.39,25.39,0
1999-06-01,26.62,26.62,26.62,26.62,0
1999-06-02,26.21,26.21,26.21,26.21,0
1999-06-03,26.2,26.2,26.2,26.2,0
1999-06-04,23.43,23.43,23.43,23.43,0
1999-06-07,23.78,23.78,23.78,23.78,0
1999-06-08,24.02,24.02,24.02,24.02,0
1999-06-09,23.9,23.9,23.9,23.9,0
1999-06-10,25.32,25.32,25.32,25.32,0
1999-06-11,25.9,25.9,25.9,25.9,0
1999-06-14,26.51,26.51,26.51,26.51,0
1999-06-15,25.91,25.91,25.91,25.91,0
1999-06-16,22.4,22.4,22.4,22.4,0
1999-06-17,21.95,21.95,21.95,21.95,0
1999-06-18,21.75,21.75,21.75,21.75,0
1999-06-21,21.81,21.81,21.81,21.81,0
1999-06-22,21.7,21.7,21.7,21.7,0
1999-06-23,21.32,21.32,21.32,21.32,0
1999-06-24,23.06,23.06,23.06,23.06,0
1999-06-25,21.76,21.76,21.76,21.76,0
1999-06-28,22.63,22.63,22.63,22.63,0
1999-06-29,22.51,22.51,22.51,22.51,0
1999-06-30,21.09,21.09,21.09,21.09,0
1999-07-01,19.69,19.69,19.69,19.69,0
1999-07-02,18.66,18.66,18.66,18.66,0
1999-07-06,20.73,20.73,20.73,20.73,0
1999-07-07,20.35,20.35,20.35,20.35,0
1999-07-08,19.47,19.47,19.47,19.47,0
1999-07-09,17.96,17.96,17.96,17.96,0
1999-07-12,19.73,19.73,19.73,19.73,0
1999-07-13,19.95,19.95,19.95,19.95,0
1999-07-14,19.71,19.71,19.71,19.71,0
1999-07-15,18.68,18.68,18.68,18.68,0
1999-07-16,17.42,17.42,17.42,17.42,0
1999-07-19,19.07,19.07,19.07,19.07,0
1999-07-20,21.79,21.79,21.79,21.79,0
1999-07-21,21.46,21.46,21.46,21.46,0
1999-07-22,23.05,23.05,23.05,23.05,0
1999-07-23,23.32,23.32,23.32,23.32,0
1999-07-26,24.98,24.98,24.98,24.98,0
1999-07-27,23.23,23.23,23.23,23.23,0
1999-07-28,22.85,22.85,22.85,22.85,0
1999-07-29,24.52,24.52,24.52,24.52,0
1999-07-30,24.64,24.64,24.64,24.64,0
1999-08-02,25.59,25.59,25.59,25.59,0
1999-08-03,26.27,26.27,26.27,26.27,0
1999-08-04,27.4,27.4,27.4,27.4,0
1999-08-05,27.01,27.01,27.01,27.01,0
1999-08-06,26.6,26.6,26.6,26.6,0
1999-08-09,27.66,27.66,27.66,27.66,0
1999-08-10,28.45,28.45,28.45,28.45,0
1999-08-11,25.39,25.39,25.39,25.39,0
1999-08-12,25.03,25.03,25.03,25.03,0
1999-08-13,22.31,22.31,22.31,22.31,0
1999-08-16,23.07,23.07,23.07,23.07,0
1999-08-17,21.67,21.67,21.67,21.67,0
1999-08-18,23.3,23.3,23.3,23.3,0
1999-08-19,24.39,24.39,24.39,24.39,0
1999-08-20,22.95,22.95,22.95,22.95,0
1999-08-23,22.55,22.55,22.55,22.55,0
1999-08-24,22.4,22.4,22.4,22.4,0
1999-08-25,20.96,20.96,20.96,20.96,0
1999-08-26,21.21,21.21,21.21,21.21,0
1999-08-27,21.83,21.83,21.83,21.83,0
1999-08-30,24.63,24.63,24.63,24.63,0
1999-08-31,24.45,24.45,24.45,24.45,0
1999-09-01,22.93,22.93,22.93,22.93,0
1999-09-02,24.53,24.53,24.53,24.53,0
1999-09-03,20.98,20.98,20.98,20.98,0
1999-09-07,23.44,23.44,23.44,23.44,0
1999-09-08,23.82,23.82,23.82,23.82,0
1999-09-09,23.01,23.01,23.01,23.01,0
1999-09-10,22.03,22.03,22.03,22.03,0
1999-09-13,22.89,22.89,22.89,22.89,0
1999-09-14,23.77,23.77,23.77,23.77,0
1999-09-15,24.56,24.56,24.56,24.56,0
1999-09-16,25.25,25.25,25.25,25.25,0
1999-09-17,23.3,23.3,23.3,23.3,0
1999-09-20,24.03,24.03,24.03,24.03,0
1999-09-21,25.65,25.65,25.65,25.65,0
1999-09-22,25.19,25.19,25.19,25.19,0
1999-09-23,27.84,27.84,27.84,27.84,0
1999-09-24,27.79,27.79,27.79,27.79,0
1999-09-27,26.4,26.4,26.4,26.4,0
1999-09-28,26.06,26.06,26.06,26.06,0
1999-09-29,26.49,26.49,26.49,26.49,0
1999-09-30,25.41,25.41,25.41,25.41,0
1999-10-01,24.93,24.93,24.93,24.93,0
1999-10-04,24.46,24.46,24.46,24.46,0
1999-10-05,24.79,24.79,24.79,24.79,0
1999-10-06,22.06,22.06,22.06,22.06,0
1999-10-07,23.58,23.58,23.58,23.58,0
1999-10-08,20.49,20.49,20.49,20.49,0
1999-10-11,20.63,20.63,20.63,20.63,0
1999-10-12,22.84,22.84,22.84,22.84,0
1999-10-13,25.96,25.96,25.96,25.96,0
1999-10-14,26.05,26.05,26.05,26.05,0
1999-10-15,28.75,28.75,28.75,28.75,0
1999-10-18,28.19,28.19,28.19,28.19,0
1999-10-19,26.56,26.56,26.56,26.56,0
1999-10-20,23.9,23.9,23.9,23.9,0
1999-10-21,24.02,24.02,24.02,24.02,0
1999-10-22,21.64,21.64,21.64,21.64,0
1999-10-25,23.6,23.6,23.6,23.6,0
1999-10-26,24.26,24.26,24.26,24.26,0
1999-10-27,24.2,24.2,24.2,24.2,0
1999-10-28,21.34,21.34,21.34,21.34,0
1999-10-29,22.2,22.2,22.2,22.2,0
1999-11-01,22.09,22.09,22.09,22.09,0
1999-11-02,23.1,23.1,23.1,23.1,0
1999-11-03,23.16,23.16,23.16,23.16,0
1999-11-04,23.0,23.0,23.0,23.0,0
1999-11-05,21.66,21.66,21.66,21.66,0
1999-11-08,21.87,21.87,21.87,21.87,0
1999-11-09,22.7,22.7,22.7,22.7,0
1999-11-10,22.26,22.26,22.26,22.26,0
1999-11-11,22.07,22.07,22.07,22.07,0
1999-11-12,21.65,21.65,21.65,21.65,0
1999-11-15,22.74,22.74,22.74,22.74,0
1999-11-16,20.73,20.73,20.73,20.73,0
1999-11-17,20.96,20.96,20.96,20.96,0
1999-11-18,19.76,19.76,19.76,19.76,0
1999-11-19,19.11,19.11,19.11,19.11,0
1999-11-22,19.98,19.98,19.98,19.98,0
1999-11-23,21.0,21.0,21.0,21.0,0
1999-11-24,20.26,20.26,20.26,20.26,0
1999-11-26,22.33,22.33,22.33,22.33,0
1999-11-29,23.57,23.57,23.57,23.57,0
1999-11-30,24.18,24.18,24.18,24.18,0
1999-12-01,22.23,22.23,22.23,22.23,0
1999-12-02,21.77,21.77,21.77,21.77,0
1999-12-03,19.32,19.32,19.32,19.32,0
1999-12-06,20.58,20.58,20.58,20.58,0
1999-12-07,21.09,21.09,21.09,21.09,0
1999-12-08,21.25,21.25,21.25,21.25,0
1999-12-09,21.19,21.19,21.19,21.19,0
1999-12-10,21.48,21.48,21.48,21.48,0
1999-12-13,21.72,21.72,21.72,21.72,0
1999-12-14,23.06,23.06,23.06,23.06,0
1999-12-15,22.03,22.03,22.03,22.03,0
1999-12-16,21.91,21.91,21.91,21.91,0
1999-12-17,21.35,21.35,21.35,21.35,0
1999-12-20,23.78,23.78,23.78,23.78,0
1999-12-21,22.66,22.66,22.66,22.66,0
1999-12-22,22.43,22.43,22.43,22.43,0
1999-12-23,21.12,21.12,21.12,21.12,0
1999-12-27,23.07,23.07,23.07,23.07,0
1999-12-28,22.97,22.97,22.97,22.97,0
1999-12-29,23.09,23.09,23.09,23.09,0
1999-12-30,23.91,23.91,23.91,23.91,0
1999-12-31,23.4,23.4,23.4,23.4,0
2000-01-03,24.21,24.21,24.21,24.21,0
2000-01-04,27.01,27.01,27.01,27.01,0
2000-01-05,26.41,26.41,26.41,26.41,0
2000-01-06,25.73,25.73,25.73,25.73,0
2000-01-07,21.72,21.72,21.72,21.72,0
2000-01-10,21.71,21.71,21.71,21.71,0
2000-01-11,22.5,22.5,22.5,22.5,0
2000-01-12,22.84,22.84,22.84,22.84,0
2000-01-13,21.71,21.71,21.71,21.71,0
2000-01-14,19.66,19.66,19.66,19.66,0
2000-01-18,21.5,21.5,21.5,21.5,0
2000-01-19,21.72,21.72,21.72,21.72,0
2000-01-20,21.75,21.75,21.75,21.75,0
2000-01-21,20.82,20.82,20.82,20.82,0
2000-01-24,24.07,24.07,24.07,24.07,0
2000-01-25,23.02,23.02,23.02,23.02,0
2000-01-26,23.03,23.03,23.03,23.03,0
2000-01-27,23.54,23.54,23.54,23.54,0
2000-01-28,26.14,26.14,26.14,26.14,0
2000-01-31,24.95,24.95,24.95,24.95,0
2000-02-01,23.45,23.45,23.45,23.45,0
2000-02-02,23.12,23.12,23.12,23.12,0
2000-02-03,22.01,22.01,22.01,22.01,0
2000-02-04,21.54,21.54,21.54,21.54,0
2000-02-07,22.79,22.79,22.79,22.79,0
2000-02-08,21.25,21.25,21.25,21.25,0
2000-02-09,22.9,22.9,22.9,22.9,0
2000-02-10,23.07,23.07,23.07,23.07,0
2000-02-11,24.42,24.42,24.42,24.42,0
2000-02-14,24.38,24.38,24.38,24.38,0
2000-02-15,22.92,22.92,22.92,22.92,0
2000-02-16,23.51,23.51,23.51,23.51,0
2000-02-17,23.17,23.17,23.17,23.17,0
2000-02-18,26.0,26.0,26.0,26.0,0
2000-02-22,25.86,25.86,25.86,25.86,0
2000-02-23,23.89,23.89,23.89,23.89,0
2000-02-24,24.38,24.38,24.38,24.38,0
2000-02-25,25.2,25.2,25.2,25.2,0
2000-02-28,24.68,24.68,24.68,24.68,0
2000-02-29,23.37,23.37,23.37,23.37,0
2000-03-01,21.64,21.64,21.64,21.64,0
2000-03-02,21.06,21.06,21.06,21.06,0
2000-03-03,19.21,19.21,19.21,19.21,0
2000-03-06,21.5,21.5,21.5,21.5,0
2000-03-07,24.31,24.31,24.31,24.31,0
2000-03-08,23.82,23.82,23.82,23.82,0
2000-03-09,22.21,22.21,22.21,22.21,0
2000-03-10,21.24,21.24,21.24,21.24,0
2000-03-13,22.85,22.85,22.85,22.85,0
2000-03-14,24.41,24.41,24.41,24.41,0
2000-03-15,22.34,22.34,22.34,22.34,0
2000-03-16,20.77,20.77,20.77,20.77,0
2000-03-17,22.37,22.37,22.37,22.37,0
2000-03-20,22.96,22.96,22.96,22.96,0
2000-03-21,21.7,21.7,21.7,21.7,0
2000-03-22,21.49,21.49,21.49,21.49,0
2000-03-23,22.26,22.26,22.26,22.26,0
2000-03-24,23.31,23.31,23.31,23.31,0
2000-03-27,24.53,24.53,24.53,24.53,0
2000-03-28,24.86,24.86,24.86,24.86,0
2000-03-29,24.1,24.1,24.1,24.1,0
2000-03-30,24.42,24.42,24.42,24.42,0
2000-03-31,23.67,23.67,23.67,23.67,0
2000-04-03,24.03,24.03,24.03,24.03,0
2000-04-04,27.12,27.12,27.12,27.12,0
2000-04-05,28.41,28.41,28.41,28.41,0
2000-04-06,27.15,27.15,27.15,27.15,0
2000-04-07,24.39,24.39,24.39,24.39,0
2000-04-10,25.99,25.99,25.99,25.99,0
2000-04-11,27.25,27.25,27.25,27.25,0
2000-04-12,27.85,27.85,27.85,27.85,0
2000-04-13,29.4,29.4,29.4,29.4,0
2000-04-14,33.49,33.49,33.49,33.49,0
2000-04-17,28.95,28.95,28.95,28.95,0
2000-04-18,26.12,26.12,26.12,26.12,0
2000-04-19,27.02,27.02,27.02,27.02,0
2000-04-20,25.85,25.85,25.85,25.85,0
2000-04-24,27.37,27.37,27.37,27.37,0
2000-04-25,25.24,25.24,25.24,25.24,0
2000-04-26,26.97,26.97,26.97,26.97,0
2000-04-27,26.19,26.19,26.19,26.19,0
2000-04-28,26.2,26.2,26.2,26.2,0
2000-05-01,25.88,25.88,25.88,25.88,0
2000-05-02,28.5,28.5,28.5,28.5,0
2000-05-03,31.63,31.63,31.63,31.63,0
2000-05-04,30.77,30.77,30.77,30.77,0
2000-05-05,27.53,27.53,27.53,27.53,0
2000-05-08,28.2,28.2,28.2,28.2,0
2000-05-09,28.93,28.93,28.93,28.93,0
2000-05-10,29.87,29.87,29.87,29.87,0
2000-05-11,27.76,27.76,27.76,27.76,0
2000-05-12,26.05,26.05,26.05,26.05,0
2000-05-15,24.86,24.86,24.86,24.86,0
2000-05-16,24.34,24.34,24.34,24.34,0
2000-05-17,23.98,23.98,23.98,23.98,0
2000-05-18,23.96,23.96,23.96,23.96,0
2000-05-19,25.44,25.44,25.44,25.44,0
2000-05-22,26.0,26.0,26.0,26.0,0
2000-05-23,25.87,25.87,25.87,25.87,0
2000-05-24,24.32,24.32,24.32,24.32,0
2000-05-25,24.58,24.58,24.58,24.58,0
2000-05-26,24.47,24.47,24.47,24.47,0
2000-05-30,23.62,23.62,23.62,23.62,0
2000-05-31,23.65,23.65,23.65,23.65,0
2000-06-01,22.36,22.36,22.36,22.36,0
2000-06-02,21.48,21.48,21.48,21.48,0
2000-06-05,22.71,22.71,22.71,22.71,0
2000-06-06,23.05,23.05,23.05,23.05,0
2000-06-07,22.48,22.48,22.48,22.48,0
2000-06-08,22.04,22.04,22.04,22.04,0
2000-06-09,22.14,22.14,22.14,22.14,0
2000-06-12,22.32,22.32,22.32,22.32,0
2000-06-13,21.67,21.67,21.67,21.67,0
2000-06-14,21.48,21.48,21.48,21.48,0
2000-06-15,20.68,20.68,20.68,20.68,0
2000-06-16,20.5,20.5,20.5,20.5,0
2000-06-19,20.63,20.63,20.63,20.63,0
2000-06-20,20.88,20.88,20.88,20.88,0
2000-06-21,20.61,20.61,20.61,20.61,0
2000-06-22,22.0,22.0,22.0,22.0,0
2000-06-23,22.34,22.34,22.34,22.34,0
2000-06-26,22.45,22.45,22.45,22.45,0
2000-06-27,21.8,21.8,21.8,21.8,0
2000-06-28,20.29,20.29,20.29,20.29,0
2000-06-29,19.7,19.7,19.7,19.7,0
2000-06-30,19.54,19.54,19.54,19.54,0
2000-07-03,19.83,19.83,19.83,19.83,0
2000-07-05,21.16,21.16,21.16,21.16,0
2000-07-06,20.94,20.94,20.94,20.94,0
2000-07-07,19.22,19.22,19.22,19.22,0
2000-07-10,20.33,20.33,20.33,20.33,0
2000-07-11,20.11,20.11,20.11,20.11,0
2000-07-12,20.03,20.03,20.03,20.03,0
2000-07-13,20.03,20.03,20.03,20.03,0
2000-07-14,19.32,19.32,19.32,19.32,0
2000-07-17,19.45,19.45,19.45,19.45,0
2000-07-18,19.75,19.75,19.75,19.75,0
2000-07-19,19.65,19.65,19.65,19.65,0
2000-07-20,18.94,18.94,18.94,18.94,0
2000-07-21,18.94,18.94,18.94,18.94,0
2000-07-24,19.92,19.92,19.92,19.92,0
2000-07-25,19.39,19.39,19.39,19.39,0
2000-07-26,19.67,19.67,19.67,19.67,0
2000-07-27,19.6,19.6,19.6,19.6,0
2000-07-28,20.84,20.84,20.84,20.84,0
2000-07-31,20.74,20.74,20.74,20.74,0
2000-08-01,20.55,20.55,20.55,20.55,0
2000-08-02,20.0,20.0,20.0,20.0,0
2000-08-03,19.99,19.99,19.99,19.99,0
2000-08-04,18.62,18.62,18.62,18.62,0
2000-08-07,19.03,19.03,19.03,19.03,0
2000-08-08,18.79,18.79,18.79,18.79,0
2000-08-09,19.18,19.18,19.18,19.18,0
2000-08-10,19.19,19.19,19.19,19.19,0
2000-08-11,18.55,18.55,18.55,18.55,0
2000-08-14,17.88,17.88,17.88,17.88,0
2000-08-15,17.98,17.98,17.98,17.98,0
2000-08-16,18.02,18.02,18.02,18.02,0
2000-08-17,17.48,17.48,17.48,17.48,0
2000-08-18,17.05,17.05,17.05,17.05,0
2000-08-21,17.35,17.35,17.35,17.35,0
2000-08-22,17.47,17.47,17.47,17.47,0
2000-08-23,17.38,17.38,17.38,17.38,0
2000-08-24,17.04,17.04,17.04,17.04,0
2000-08-25,16.53,16.53,16.53,16.53,0
2000-08-28,16.54,16.54,16.54,16.54,0
2000-08-29,16.89,16.89,16.89,16.89,0
2000-08-30,17.69,17.69,17.69,17.69,0
2000-08-31,16.84,16.84,16.84,16.84,0
2000-09-01,17.53,17.53,17.53,17.53,0
2000-09-05,19.82,19.82,19.82,19.82,0
2000-09-06,20.79,20.79,20.79,20.79,0
2000-09-07,19.42,19.42,19.42,19.42,0
2000-09-08,18.46,18.46,18.46,18.46,0
2000-09-11,18.4,18.4,18.4,18.4,0
2000-09-12,18.59,18.59,18.59,18.59,0
2000-09-13,18.32,18.32,18.32,18.32,0
2000-09-14,18.26,18.26,18.26,18.26,0
2000-09-15,18.52,18.52,18.52,18.52,0
2000-09-18,20.25,20.25,20.25,20.25,0
2000-09-19,19.54,19.54,19.54,19.54,0
2000-09-20,19.93,19.93,19.93,19.93,0
2000-09-21,20.18,20.18,20.18,20.18,0
2000-09-22,20.74,20.74,20.74,20.74,0
2000-09-25,21.41,21.41,21.41,21.41,0
2000-09-26,21.88,21.88,21.88,21.88,0
2000-09-27,21.67,21.67,21.67,21.67,0
2000-09-28,19.47,19.47,19.47,19.47,0
2000-09-29,20.57,20.57,20.57,20.57,0
2000-10-02,21.23,21.23,21.23,21.23,0
2000-10-03,21.85,21.85,21.85,21.85,0
2000-10-04,21.54,21.54,21.54,21.54,0
2000-10-05,21.03,21.03,21.03,21.03,0
2000-10-06,22.71,22.71,22.71,22.71,0
2000-10-09,24.02,24.02,24.02,24.02,0
2000-10-10,24.86,24.86,24.86,24.86,0
2000-10-11,26.57,26.57,26.57,26.57,0
2000-10-12,29.47,29.47,29.47,29.47,0
2000-10-13,27.6,27.6,27.6,27.6,0
2000-10-16,26.79,26.79,26.79,26.79,0
2000-10-17,27.84,27.84,27.84,27.84,0
2000-10-18,28.72,28.72,28.72,28.72,0
2000-10-19,25.09,25.09,25.09,25.09,0
2000-10-20,24.24,24.24,24.24,24.24,0
2000-10-23,24.69,24.69,24.69,24.69,0
2000-10-24,24.28,24.28,24.28,24.28,0
2000-10-25,26.65,26.65,26.65,26.65,0
2000-10-26,28.62,28.62,28.62,28.62,0
2000-10-27,26.47,26.47,26.47,26.47,0
2000-10-30,25.46,25.46,25.46,25.46,0
2000-10-31,23.63,23.63,23.63,23.63,0
2000-11-01,24.28,24.28,24.28,24.28,0
2000-11-02,23.92,23.92,23.92,23.92,0
2000-11-03,23.67,23.67,23.67,23.67,0
2000-11-06,24.52,24.52,24.52,24.52,0
2000-11-07,24.91,24.91,24.91,24.91,0
2000-11-08,25.66,25.66,25.66,25.66,0
2000-11-09,27.2,27.2,27.2,27.2,0
2000-11-10,28.53,28.53,28.53,28.53,0
2000-11-13,29.06,29.06,29.06,29.06,0
2000-11-14,26.81,26.81,26.81,26.81,0
2000-11-15,26.15,26.15,26.15,26.15,0
2000-11-16,25.05,25.05,25.05,25.05,0
2000-11-17,24.81,24.81,24.81,24.81,0
2000-11-20,27.43,27.43,27.43,27.43,0
2000-11-21,26.62,26.62,26.62,26.62,0
2000-11-22,27.71,27.71,27.71,27.71,0
2000-11-24,26.0,26.0,26.0,26.0,0
2000-11-27,26.93,26.93,26.93,26.93,0
2000-11-28,27.64,27.64,27.64,27.64,0
2000-11-29,27.49,27.49,27.49,27.49,0
2000-11-30,29.65,29.65,29.65,29.65,0
2000-12-01,27.48,27.48,27.48,27.48,0
2000-12-04,27.78,27.78,27.78,27.78,0
2000-12-05,24.99,24.99,24.99,24.99,0
2000-12-06,25.07,25.07,25.07,25.07,0
2000-12-07,25.34,25.34,25.34,25.34,0
2000-12-08,22.41,22.41,22.41,22.41,0
2000-12-11,23.51,23.51,23.51,23.51,0
2000-12-12,24.88,24.88,24.88,24.88,0
2000-12-13,23.63,23.63,23.63,23.63,0
2000-12-14,24.86,24.86,24.86,24.86,0
2000-12-15,26.55,26.55,26.55,26.55,0
2000-12-18,27.7,27.7,27.7,27.7,0
2000-12-19,27.17,27.17,27.17,27.17,0
2000-12-20,31.74,31.74,31.74,31.74,0
2000-12-21,29.66,29.66,29.66,29.66,0
2000-12-22,27.55,27.55,27.55,27.55,0
2000-12-26,28.73,28.73,28.73,28.73,0
2000-12-27,28.14,28.14,28.14,28.14,0
2000-12-28,26.57,26.57,26.57,26.57,0
2000-12-29,26.85,26.85,26.85,26.85,0
2001-01-02,29.99,29.99,29.99,29.99,0
2001-01-03,26.6,26.6,26.6,26.6,0
2001-01-04,26.97,26.97,26.97,26.97,0
2001-01-05,28.67,28.67,28.67,28.67,0
2001-01-08,29.84,29.84,29.84,29.84,0
2001-01-09,27.99,27.99,27.99,27.99,0
2001-01-10,26.8,26.8,26.8,26.8,0
2001-01-11,25.79,25.79,25.79,25.79,0
2001-01-12,24.56,24.56,24.56,24.56,0
2001-01-16,25.28,25.28,25.28,25.28,0
2001-01-17,24.93,24.93,24.93,24.93,0
2001-01-18,23.37,23.37,23.37,23.37,0
2001-01-19,23.24,23.24,23.24,23.24,0
2001-01-22,23.25,23.25,23.25,23.25,0
2001-01-23,21.57,21.57,21.57,21.57,0
2001-01-24,22.03,22.03,22.03,22.03,0
2001-01-25,22.64,22.64,22.64,22.64,0
2001-01-26,22.57,22.57,22.57,22.57,0
2001-01-29,22.61,22.61,22.61,22.61,0
2001-01-30,22.57,22.57,22.57,22.57,0
2001-01-31,22.02,22.02,22.02,22.02,0
2001-02-01,21.66,21.66,21.66,21.66,0
2001-02-02,23.19,23.19,23.19,23.19,0
2001-02-05,22.19,22.19,22.19,22.19,0
2001-02-06,21.98,21.98,21.98,21.98,0
2001-02-07,21.67,21.67,21.67,21.67,0
2001-02-08,21.46,21.46,21.46,21.46,0
2001-02-09,22.03,22.03,22.03,22.03,0
2001-02-12,21.92,21.92,21.92,21.92,0
2001-02-13,21.37,21.37,21.37,21.37,0
2001-02-14,21.52,21.52,21.52,21.52,0
2001-02-15,20.27,20.27,20.27,20.27,0
2001-02-16,22.12,22.12,22.12,22.12,0
2001-02-20,24.69,24.69,24.69,24.69,0
2001-02-21,25.75,25.75,25.75,25.75,0
2001-02-22,26.76,26.76,26.76,26.76,0
2001-02-23,27.21,27.21,27.21,27.21,0
2001-02-26,25.43,25.43,25.43,25.43,0
2001-02-27,26.49,26.49,26.49,26.49,0
2001-02-28,28.35,28.35,28.35,28.35,0
2001-03-01,28.08,28.08,28.08,28.08,0
2001-03-02,27.43,27.43,27.43,27.43,0
2001-03-05,27.12,27.12,27.12,27.12,0
2001-03-06,25.89,25.89,25.89,25.89,0
2001-03-07,24.12,24.12,24.12,24.12,0
2001-03-08,24.29,24.29,24.29,24.29,0
2001-03-09,25.62,25.62,25.62,25.62,0
2001-03-12,30.32,30.32,30.32,30.32,0
2001-03-13,27.55,27.55,27.55,27.55,0
2001-03-14,29.61,29.61,29.61,29.61,0
2001-03-15,28.56,28.56,28.56,28.56,0
2001-03-16,29.91,29.91,29.91,29.91,0
2001-03-19,29.78,29.78,29.78,29.78,0
2001-03-20,30.96,30.96,30.96,30.96,0
2001-03-21,31.93,31.93,31.93,31.93,0
2001-03-22,32.84,32.84,32.84,32.84,0
2001-03-23,30.45,30.45,30.45,30.45,0
2001-03-26,29.04,29.04,29.04,29.04,0
2001-03-27,27.04,27.04,27.04,27.04,0
2001-03-28,28.58,28.58,28.58,28.58,0
2001-03-29,29.17,29.17,29.17,29.17,0
2001-03-30,28.64,28.64,28.64,28.64,0
2001-04-02,31.21,31.21,31.21,31.21,0
2001-04-03,34.72,34.72,34.72,34.72,0
2001-04-04,34.07,34.07,34.07,34.07,0
2001-04-05,29.94,29.94,29.94,29.94,0
2001-04-06,31.69,31.69,31.69,31.69,0
2001-04-09,31.91,31.91,31.91,31.91,0
2001-04-10,29.44,29.44,29.44,29.44,0
2001-04-11,28.46,28.46,28.46,28.46,0
2001-04-12,26.12,26.12,26.12,26.12,0
2001-04-16,26.33,26.33,26.33,26.33,0
2001-04-17,25.61,25.61,25.61,25.61,0
2001-04-18,24.13,24.13,24.13,24.13,0
2001-04-19,24.16,24.16,24.16,24.16,0
2001-04-20,25.38,25.38,25.38,25.38,0
2001-04-23,28.16,28.16,28.16,28.16,0
2001-04-24,28.49,28.49,28.49,28.49,0
2001-04-25,27.4,27.4,27.4,27.4,0
2001-04-26,27.49,27.49,27.49,27.49,0
2001-04-27,26.61,26.61,26.61,26.61,0
2001-04-30,25.48,25.48,25.48,25.48,0
2001-05-01,24.2,24.2,24.2,24.2,0
2001-05-02,24.23,24.23,24.23,24.23,0
2001-05-03,25.78,25.78,25.78,25.78,0
2001-05-04,23.91,23.91,23.91,23.91,0
2001-05-07,24.86,24.86,24.86,24.86,0
2001-05-08,24.44,24.44,24.44,24.44,0
2001-05-09,24.35,24.35,24.35,24.35,0
2001-05-10,24.0,24.0,24.0,24.0,0
2001-05-11,23.54,23.54,23.54,23.54,0
2001-05-14,24.26,24.26,24.26,24.26,0
2001-05-15,23.71,23.71,23.71,23.71,0
2001-05-16,21.89,21.89,21.89,21.89,0
2001-05-17,21.47,21.47,21.47,21.47,0
2001-05-18,21.23,21.23,21.23,21.23,0
2001-05-21,20.76,20.76,20.76,20.76,0
2001-05-22,21.35,21.35,21.35,21.35,0
2001-05-23,22.08,22.08,22.08,22.08,0
2001-05-24,20.57,20.57,20.57,20.57,0
2001-05-25,20.6,20.6,20.6,20.6,0
2001-05-29,22.14,22.14,22.14,22.14,0
2001-05-30,22.76,22.76,22.76,22.76,0
2001-05-31,22.64,22.64,22.64,22.64,0
2001-06-01,21.59,21.59,21.59,21.59,0
2001-06-04,21.38,21.38,21.38,21.38,0
2001-06-05,19.58,19.58,19.58,19.58,0
2001-06-06,20.39,20.39,20.39,20.39,0
2001-06-07,19.67,19.67,19.67,19.67,0
2001-06-08,19.92,19.92,19.92,19.92,0
2001-06-11,20.7,20.7,20.7,20.7,0
2001-06-12,20.7,20.7,20.7,20.7,0
2001-06-13,21.45,21.45,21.45,21.45,0
2001-06-14,23.12,23.12,23.12,23.12,0
2001-06-15,22.81,22.81,22.81,22.81,0
2001-06-18,23.17,23.17,23.17,23.17,0
2001-06-19,22.34,22.34,22.34,22.34,0
2001-06-20,21.71,21.71,21.71,21.71,0
2001-06-21,19.38,19.38,19.38,19.38,0
2001-06-22,20.02,20.02,20.02,20.02,0
2001-06-25,20.67,20.67,20.67,20.67,0
2001-06-26,21.2,21.2,21.2,21.2,0
2001-06-27,20.88,20.88,20.88,20.88,0
2001-06-28,20.01,20.01,20.01,20.01,0
2001-06-29,19.06,19.06,19.06,19.06,0
2001-07-02,18.76,18.76,18.76,18.76,0
2001-07-03,18.92,18.92,18.92,18.92,0
2001-07-05,20.09,20.09,20.09,20.09,0
2001-07-06,21.63,21.63,21.63,21.63,0
2001-07-09,22.48,22.48,22.48,22.48,0
2001-07-10,23.25,23.25,23.25,23.25,0
2001-07-11,24.01,24.01,24.01,24.01,0
2001-07-12,22.09,22.09,22.09,22.09,0
2001-07-13,21.14,21.14,21.14,21.14,0
2001-07-16,22.91,22.91,22.91,22.91,0
2001-07-17,22.61,22.61,22.61,22.61,0
2001-07-18,23.6,23.6,23.6,23.6,0
2001-07-19,22.51,22.51,22.51,22.51,0
2001-07-20,22.34,22.34,22.34,22.34,0
2001-07-23,23.74,23.74,23.74,23.74,0
2001-07-24,25.24,25.24,25.24,25.24,0
2001-07-25,24.0,24.0,24.0,24.0,0
2001-07-26,23.01,23.01,23.01,23.01,0
2001-07-27,22.0,22.0,22.0,22.0,0
2001-07-30,22.69,22.69,22.69,22.69,0
2001-07-31,21.62,21.62,21.62,21.62,0
2001-08-01,20.56,20.56,20.56,20.56,0
2001-08-02,20.09,20.09,20.09,20.09,0
2001-08-03,19.89,19.89,19.89,19.89,0
2001-08-06,21.89,21.89,21.89,21.89,0
2001-08-07,21.01,21.01,21.01,21.01,0
2001-08-08,22.32,22.32,22.32,22.32,0
2001-08-09,21.02,21.02,21.02,21.02,0
2001-08-10,20.55,20.55,20.55,20.55,0
2001-08-13,20.42,20.42,20.42,20.42,0
2001-08-14,20.48,20.48,20.48,20.48,0
2001-08-15,20.91,20.91,20.91,20.91,0
2001-08-16,21.54,21.54,21.54,21.54,0
2001-08-17,23.84,23.84,23.84,23.84,0
2001-08-20,22.87,22.87,22.87,22.87,0
2001-08-21,24.4,24.4,24.4,24.4,0
2001-08-22,22.44,22.44,22.44,22.44,0
2001-08-23,22.23,22.23,22.23,22.23,0
2001-08-24,19.71,19.71,19.71,19.71,0
2001-08-27,20.56,20.56,20.56,20.56,0
2001-08-28,22.0,22.0,22.0,22.0,0
2001-08-29,23.03,23.03,23.03,23.03,0
2001-08-30,25.41,25.41,25.41,25.41,0
2001-08-31,24.92,24.92,24.92,24.92,0
2001-09-04,25.85,25.85,25.85,25.85,0
2001-09-05,26.35,26.35,26.35,26.35,0
2001-09-06,28.61,28.61,28.61,28.61,0
2001-09-07,30.99,30.99,30.99,30.99,0
2001-09-10,31.84,31.84,31.84,31.84,0
2001-09-17,41.76,41.76,41.76,41.76,0
2001-09-18,38.87,38.87,38.87,38.87,0
2001-09-19,40.56,40.56,40.56,40.56,0
2001-09-20,43.74,43.74,43.74,43.74,0
2001-09-21,42.66,42.66,42.66,42.66,0
2001-09-24,37.75,37.75,37.75,37.75,0
2001-09-25,35.81,35.81,35.81,35.81,0
2001-09-26,35.26,35.26,35.26,35.26,0
2001-09-27,34.0,34.0,34.0,34.0,0
2001-09-28,31.93,31.93,31.93,31.93,0
2001-10-01,32.32,32.32,32.32,32.32,0
2001-10-02,31.18,31.18,31.18,31.18,0
2001-10-03,31.34,31.34,31.34,31.34,0
2001-10-04,31.97,31.97,31.97,31.97,0
2001-10-05,33.39,33.39,33.39,33.39,0
2001-10-08,35.12,35.12,35.12,35.12,0
2001-10-09,34.83,34.83,34.83,34.83,0
2001-10-10,31.6,31.6,31.6,31.6,0
2001-10-11,31.5,31.5,31.5,31.5,0
2001-10-12,35.27,35.27,35.27,35.27,0
2001-10-15,35.31,35.31,35.31,35.31,0
2001-10-16,32.88,32.88,32.88,32.88,0
2001-10-17,35.08,35.08,35.08,35.08,0
2001-10-18,34.95,34.95,34.95,34.95,0
2001-10-19,34.11,34.11,34.11,34.11,0
2001-10-22,32.25,32.25,32.25,32.25,0
2001-10-23,32.0,32.0,32.0,32.0,0
2001-10-24,30.95,30.95,30.95,30.95,0
2001-10-25,29.46,29.46,29.46,29.46,0
2001-10-26,28.42,28.42,28.42,28.42,0
2001-10-29,31.64,31.64,31.64,31.64,0
2001-10-30,33.46,33.46,33.46,33.46,0
2001-10-31,33.56,33.56,33.56,33.56,0
2001-11-01,32.31,32.31,32.31,32.31,0
2001-11-02,30.71,30.71,30.71,30.71,0
2001-11-05,30.5,30.5,30.5,30.5,0
2001-11-06,28.8,28.8,28.8,28.8,0
2001-11-07,29.13,29.13,29.13,29.13,0
2001-11-08,28.62,28.62,28.62,28.62,0
2001-11-09,27.44,27.44,27.44,27.44,0
2001-11-12,29.35,29.35,29.35,29.35,0
2001-11-13,26.47,26.47,26.47,26.47,0
2001-11-14,26.56,26.56,26.56,26.56,0
2001-11-15,25.56,25.56,25.56,25.56,0
2001-11-16,25.07,25.07,25.07,25.07,0
2001-11-19,24.46,24.46,24.46,24.46,0
2001-11-20,24.12,24.12,24.12,24.12,0
2001-11-21,24.19,24.19,24.19,24.19,0
2001-11-23,23.25,23.25,23.25,23.25,0
2001-11-26,23.79,23.79,23.79,23.79,0
2001-11-27,24.0,24.0,24.0,24.0,0
2001-11-28,25.9,25.9,25.9,25.9,0
2001-11-29,25.18,25.18,25.18,25.18,0
2001-11-30,24.92,24.92,24.92,24.92,0
2001-12-03,25.77,25.77,25.77,25.77,0
2001-12-04,24.08,24.08,24.08,24.08,0
2001-12-05,23.02,23.02,23.02,23.02,0
2001-12-06,23.71,23.71,23.71,23.71,0
2001-12-07,23.49,23.49,23.49,23.49,0
2001-12-10,25.62,25.62,25.62,25.62,0
2001-12-11,25.3,25.3,25.3,25.3,0
2001-12-12,24.87,24.87,24.87,24.87,0
2001-12-13,25.91,25.91,25.91,25.91,0
2001-12-14,24.63,24.63,24.63,24.63,0
2001-12-17,24.26,24.26,24.26,24.26,0
2001-12-18,23.29,23.29,23.29,23.29,0
2001-12-19,22.58,22.58,22.58,22.58,0
2001-12-20,23.67,23.67,23.67,23.67,0
2001-12-21,22.5,22.5,22.5,22.5,0
2001-12-24,22.62,22.62,22.62,22.62,0
2001-12-26,22.29,22.29,22.29,22.29,0
2001-12-27,21.59,21.59,21.59,21.59,0
2001-12-28,21.4,21.4,21.4,21.4,0
2001-12-31,23.8,23.8,23.8,23.8,0
2002-01-02,22.71,22.71,22.71,22.71,0
2002-01-03,21.34,21.34,21.34,21.34,0
2002-01-04,20.45,20.45,20.45,20.45,0
2002-01-07,21.67,21.67,21.67,21.67,0
2002-01-08,21.83,21.83,21.83,21.83,0
2002-01-09,22.13,22.13,22.13,22.13,0
2002-01-10,22.03,22.03,22.03,22.03,0
2002-01-11,22.6,22.6,22.6,22.6,0
2002-01-14,23.58,23.58,23.58,23.58,0
2002-01-15,22.7,22.7,22.7,22.7,0
2002-01-16,23.45,23.45,23.45,23.45,0
2002-01-17,22.25,22.25,22.25,22.25,0
2002-01-18,22.52,22.52,22.52,22.52,0
2002-01-22,23.61,23.61,23.61,23.61,0
2002-01-23,21.88,21.88,21.88,21.88,0
2002-01-24,21.15,21.15,21.15,21.15,0
2002-01-25,21.01,21.01,21.01,21.01,0
2002-01-28,21.14,21.14,21.14,21.14,0
2002-01-29,24.35,24.35,24.35,24.35,0
2002-01-30,23.22,23.22,23.22,23.22,0
2002-01-31,21.09,21.09,21.09,21.09,0
2002-02-01,21.12,21.12,21.12,21.12,0
2002-02-04,24.87,24.87,24.87,24.87,0
2002-02-05,25.45,25.45,25.45,25.45,0
2002-02-06,26.09,26.09,26.09,26.09,0
2002-02-07,25.11,25.11,25.11,25.11,0
2002-02-08,23.26,23.26,23.26,23.26,0
2002-02-11,21.78,21.78,21.78,21.78,0
2002-02-12,21.62,21.62,21.62,21.62,0
2002-02-13,20.85,20.85,20.85,20.85,0
2002-02-14,21.77,21.77,21.77,21.77,0
2002-02-15,22.37,22.37,22.37,22.37,0
2002-02-19,24.43,24.43,24.43,24.43,0
2002-02-20,22.66,22.66,22.66,22.66,0
2002-02-21,23.8,23.8,23.8,23.8,0
2002-02-22,22.86,22.86,22.86,22.86,0
2002-02-25,21.84,21.84,21.84,21.84,0
2002-02-26,21.68,21.68,21.68,21.68,0
2002-02-27,21.49,21.49,21.49,21.49,0
2002-02-28,21.59,21.59,21.59,21.59,0
2002-03-01,19.96,19.96,19.96,19.96,0
2002-03-04,20.5,20.5,20.5,20.5,0
2002-03-05,20.3,20.3,20.3,20.3,0
2002-03-06,19.94,19.94,19.94,19.94,0
2002-03-07,20.04,20.04,20.04,20.04,0
2002-03-08,19.27,19.27,19.27,19.27,0
2002-03-11,19.84,19.84,19.84,19.84,0
2002-03-12,19.59,19.59,19.59,19.59,0
2002-03-13,19.46,19.46,19.46,19.46,0
2002-03-14,19.2,19.2,19.2,19.2,0
2002-03-15,18.42,18.42,18.42,18.42,0
2002-03-18,18.93,18.93,18.93,18.93,0
2002-03-19,18.16,18.16,18.16,18.16,0
2002-03-20,18.46,18.46,18.46,18.46,0
2002-03-21,18.15,18.15,18.15,18.15,0
2002-03-22,17.77,17.77,17.77,17.77,0
2002-03-25,18.48,18.48,18.48,18.48,0
2002-03-26,18.13,18.13,18.13,18.13,0
2002-03-27,17.7,17.7,17.7,17.7,0
2002-03-28,17.4,17.4,17.4,17.4,0
2002-04-01,18.73,18.73,18.73,18.73,0
2002-04-02,19.16,19.16,19.16,19.16,0
2002-04-03,20.2,20.2,20.2,20.2,0
2002-04-04,19.78,19.78,19.78,19.78,0
2002-04-05,19.13,19.13,19.13,19.13,0
2002-04-08,19.61,19.61,19.61,19.61,0
2002-04-09,19.47,19.47,19.47,19.47,0
2002-04-10,18.19,18.19,18.19,18.19,0
2002-04-11,20.3,20.3,20.3,20.3,0
2002-04-12,19.42,19.42,19.42,19.42,0
2002-04-15,19.82,19.82,19.82,19.82,0
2002-04-16,18.11,18.11,18.11,18.11,0
2002-04-17,18.43,18.43,18.43,18.43,0
2002-04-18,19.29,19.29,19.29,19.29,0
2002-04-19,18.3,18.3,18.3,18.3,0
2002-04-22,19.77,19.77,19.77,19.77,0
2002-04-23,20.28,20.28,20.28,20.28,0
2002-04-24,20.77,20.77,20.77,20.77,0
2002-04-25,20.95,20.95,20.95,20.95,0
2002-04-26,22.14,22.14,22.14,22.14,0
2002-04-29,24.05,24.05,24.05,24.05,0
2002-04-30,21.91,21.91,21.91,21.91,0
2002-05-01,20.06,20.06,20.06,20.06,0
2002-05-02,20.07,20.07,20.07,20.07,0
2002-05-03,20.19,20.19,20.19,20.19,0
2002-05-06,22.56,22.56,22.56,22.56,0
2002-05-07,21.94,21.94,21.94,21.94,0
2002-05-08,20.39,20.39,20.39,20.39,0
2002-05-09,21.56,21.56,21.56,21.56,0
2002-05-10,22.41,22.41,22.41,22.41,0
2002-05-13,20.72,20.72,20.72,20.72,0
2002-05-14,19.35,19.35,19.35,19.35,0
2002-05-15,19.19,19.19,19.19,19.19,0
2002-05-16,18.5,18.5,18.5,18.5,0
2002-05-17,17.7,17.7,17.7,17.7,0
2002-05-20,19.24,19.24,19.24,19.24,0
2002-05-21,20.05,20.05,20.05,20.05,0
2002-05-22,19.58,19.58,19.58,19.58,0
2002-05-23,18.23,18.23,18.23,18.23,0
2002-05-24,18.9,18.9,18.9,18.9,0
2002-05-28,20.31,20.31,20.31,20.31,0
2002-05-29,20.39,20.39,20.39,20.39,0
2002-05-30,20.61,20.61,20.61,20.61,0
2002-05-31,19.98,19.98,19.98,19.98,0
2002-06-03,23.37,23.37,23.37,23.37,0
2002-06-04,23.89,23.89,23.89,23.89,0
2002-06-05,22.61,22.61,22.61,22.61,0
2002-06-06,24.16,24.16,24.16,24.16,0
2002-06-07,23.51,23.51,23.51,23.51,0
2002-06-10,23.72,23.72,23.72,23.72,0
2002-06-11,24.45,24.45,24.45,24.45,0
2002-06-12,24.15,24.15,24.15,24.15,0
2002-06-13,25.02,25.02,25.02,25.02,0
2002-06-14,25.96,25.96,25.96,25.96,0
2002-06-17,24.64,24.64,24.64,24.64,0
2002-06-18,24.24,24.24,24.24,24.24,0
2002-06-19,26.06,26.06,26.06,26.06,0
2002-06-20,27.48,27.48,27.48,27.48,0
2002-06-21,27.23,27.23,27.23,27.23,0
2002-06-24,26.98,26.98,26.98,26.98,0
2002-06-25,27.84,27.84,27.84,27.84,0
2002-06-26,28.42,28.42,28.42,28.42,0
2002-06-27,26.29,26.29,26.29,26.29,0
2002-06-28,25.4,25.4,25.4,25.4,0
2002-07-01,27.11,27.11,27.11,27.11,0
2002-07-02,28.96,28.96,28.96,28.96,0
2002-07-03,29.42,29.42,29.42,29.42,0
2002-07-05,27.11,27.11,27.11,27.11,0
2002-07-08,28.25,28.25,28.25,28.25,0
2002-07-09,30.22,30.22,30.22,30.22,0
2002-07-10,34.1,34.1,34.1,34.1,0
2002-07-11,33.85,33.85,33.85,33.85,0
2002-07-12,32.94,32.94,32.94,32.94,0
2002-07-15,35.03,35.03,35.03,35.03,0
2002-07-16,36.65,36.65,36.65,36.65,0
2002-07-17,35.45,35.45,35.45,35.45,0
2002-07-18,35.12,35.12,35.12,35.12,0
2002-07-19,38.17,38.17,38.17,38.17,0
2002-07-22,41.87,41.87,41.87,41.87,0
2002-07-23,44.92,44.92,44.92,44.92,0
2002-07-24,39.86,39.86,39.86,39.86,0
2002-07-25,39.27,39.27,39.27,39.27,0
2002-07-26,35.51,35.51,35.51,35.51,0
2002-07-29,31.33,31.33,31.33,31.33,0
2002-07-30,31.92,31.92,31.92,31.92,0
2002-07-31,32.03,32.03,32.03,32.03,0
2002-08-01,36.95,36.95,36.95,36.95,0
2002-08-02,41.29,41.29,41.29,41.29,0
2002-08-05,45.08,45.08,45.08,45.08,0
2002-08-06,42.03,42.03,42.03,42.03,0
2002-08-07,38.73,38.73,38.73,38.73,0
2002-08-08,36.33,36.33,36.33,36.33,0
2002-08-09,35.33,35.33,35.33,35.33,0
2002-08-12,37.05,37.05,37.05,37.05,0
2002-08-13,35.82,35.82,35.82,35.82,0
2002-08-14,32.36,32.36,32.36,32.36,0
2002-08-15,29.43,29.43,29.43,29.43,0
2002-08-16,28.81,28.81,28.81,28.81,0
2002-08-19,28.61,28.61,28.61,28.61,0
2002-08-20,29.59,29.59,29.59,29.59,0
2002-08-21,28.23,28.23,28.23,28.23,0
2002-08-22,27.75,27.75,27.75,27.75,0
2002-08-23,29.32,29.32,29.32,29.32,0
2002-08-26,29.89,29.89,29.89,29.89,0
2002-08-27,30.11,30.11,30.11,30.11,0
2002-08-28,33.32,33.32,33.32,33.32,0
2002-08-29,33.67,33.67,33.67,33.67,0
2002-08-30,32.64,32.64,32.64,32.64,0
2002-09-03,39.97,39.97,39.97,39.97,0
2002-09-04,37.44,37.44,37.44,37.44,0
2002-09-05,38.86,38.86,38.86,38.86,0
2002-09-06,36.33,36.33,36.33,36.33,0
2002-09-09,36.45,36.45,36.45,36.45,0
2002-09-10,35.08,35.08,35.08,35.08,0
2002-09-11,34.81,34.81,34.81,34.81,0
2002-09-12,37.5,37.5,37.5,37.5,0
2002-09-13,35.82,35.82,35.82,35.82,0
2002-09-16,36.74,36.74,36.74,36.74,0
2002-09-17,38.01,38.01,38.01,38.01,0
2002-09-18,37.52,37.52,37.52,37.52,0
2002-09-19,40.65,40.65,40.65,40.65,0
2002-09-20,38.98,38.98,38.98,38.98,0
2002-09-23,39.68,39.68,39.68,39.68,0
2002-09-24,40.52,40.52,40.52,40.52,0
2002-09-25,37.33,37.33,37.33,37.33,0
2002-09-26,34.6,34.6,34.6,34.6,0
2002-09-27,36.97,36.97,36.97,36.97,0
2002-09-30,39.69,39.69,39.69,39.69,0
2002-10-01,34.12,34.12,34.12,34.12,0
2002-10-02,36.83,36.83,36.83,36.83,0
2002-10-03,37.31,37.31,37.31,37.31,0
2002-10-04,39.46,39.46,39.46,39.46,0
2002-10-07,42.64,42.64,42.64,42.64,0
2002-10-08,41.02,41.02,41.02,41.02,0
2002-10-09,42.13,42.13,42.13,42.13,0
2002-10-10,37.55,37.55,37.55,37.55,0
2002-10-11,35.7,35.7,35.7,35.7,0
2002-10-14,36.04,36.04,36.04,36.04,0
2002-10-15,34.02,34.02,34.02,34.02,0
2002-10-16,36.0,36.0,36.0,36.0,0
2002-10-17,34.1,34.1,34.1,34.1,0
2002-10-18,33.53,33.53,33.53,33.53,0
2002-10-21,33.11,33.11,33.11,33.11,0
2002-10-22,34.09,34.09,34.09,34.09,0
2002-10-23,33.2,33.2,33.2,33.2,0
2002-10-24,34.03,34.03,34.03,34.03,0
2002-10-25,30.0,30.0,30.0,30.0,0
2002-10-28,31.07,31.07,31.07,31.07,0
2002-10-29,32.27,32.27,32.27,32.27,0
2002-10-30,31.23,31.23,31.23,31.23,0
2002-10-31,31.14,31.14,31.14,31.14,0
2002-11-01,29.3,29.3,29.3,29.3,0
2002-11-04,30.82,30.82,30.82,30.82,0
2002-11-05,31.23,31.23,31.23,31.23,0
2002-11-06,30.31,30.31,30.31,30.31,0
2002-11-07,30.26,30.26,30.26,30.26,0
2002-11-08,29.41,29.41,29.41,29.41,0
2002-11-11,31.3,31.3,31.3,31.3,0
2002-11-12,30.58,30.58,30.58,30.58,0
2002-11-13,31.24,31.24,31.24,31.24,0
2002-11-14,28.67,28.67,28.67,28.67,0
2002-11-15,26.65,26.65,26.65,26.65,0
2002-11-18,27.66,27.66,27.66,27.66,0
2002-11-19,27.41,27.41,27.41,27.41,0
2002-11-20,25.32,25.32,25.32,25.32,0
2002-11-21,23.81,23.81,23.81,23.81,0
2002-11-22,23.16,23.16,23.16,23.16,0
2002-11-25,24.07,24.07,24.07,24.07,0
2002-11-26,25.97,25.97,25.97,25.97,0
2002-11-27,27.25,27.25,27.25,27.25,0
2002-11-29,27.5,27.5,27.5,27.5,0
2002-12-02,27.46,27.46,27.46,27.46,0
2002-12-03,28.33,28.33,28.33,28.33,0
2002-12-04,28.92,28.92,28.92,28.92,0
2002-12-05,30.1,30.1,30.1,30.1,0
2002-12-06,28.88,28.88,28.88,28.88,0
2002-12-09,30.78,30.78,30.78,30.78,0
2002-12-10,28.76,28.76,28.76,28.76,0
2002-12-11,27.76,27.76,27.76,27.76,0
2002-12-12,27.29,27.29,27.29,27.29,0
2002-12-13,28.18,28.18,28.18,28.18,0
2002-12-16,26.24,26.24,26.24,26.24,0
2002-12-17,26.66,26.66,26.66,26.66,0
2002-12-18,28.29,28.29,28.29,28.29,0
2002-12-19,30.21,30.21,30.21,30.21,0
2002-12-20,26.71,26.71,26.71,26.71,0
2002-12-23,26.2,26.2,26.2,26.2,0
2002-12-24,26.49,26.49,26.49,26.49,0
2002-12-26,27.37,27.37,27.37,27.37,0
2002-12-27,29.55,29.55,29.55,29.55,0
2002-12-30,29.62,29.62,29.62,29.62,0
2002-12-31,28.62,28.62,28.62,28.62,0
2003-01-02,25.39,25.39,25.39,25.39,0
2003-01-03,24.68,24.68,24.68,24.68,0
2003-01-06,24.91,24.91,24.91,24.91,0
2003-01-07,25.13,25.13,25.13,25.13,0
2003-01-08,25.53,25.53,25.53,25.53,0
2003-01-09,24.25,24.25,24.25,24.25,0
2003-01-10,24.32,24.32,24.32,24.32,0
2003-01-13,24.9,24.9,24.9,24.9,0
2003-01-14,24.57,24.57,24.57,24.57,0
2003-01-15,25.51,25.51,25.51,25.51,0
2003-01-16,25.01,25.01,25.01,25.01,0
2003-01-17,25.7,25.7,25.7,25.7,0
2003-01-21,27.59,27.59,27.59,27.59,0
2003-01-22,29.01,29.01,29.01,29.01,0
2003-01-23,27.53,27.53,27.53,27.53,0
2003-01-24,31.51,31.51,31.51,31.51,0
2003-01-27,34.69,34.69,34.69,34.69,0
2003-01-28,31.93,31.93,31.93,31.93,0
2003-01-29,31.26,31.26,31.26,31.26,0
2003-01-30,31.32,31.32,31.32,31.32,0
2003-01-31,31.17,31.17,31.17,31.17,0
2003-02-03,31.02,31.02,31.02,31.02,0
2003-02-04,32.76,32.76,32.76,32.76,0
2003-02-05,33.04,33.04,33.04,33.04,0
2003-02-06,33.35,33.35,33.35,33.35,0
2003-02-07,34.01,34.01,34.01,34.01,0
2003-02-10,33.99,33.99,33.99,33.99,0
2003-02-11,33.68,33.68,33.68,33.68,0
2003-02-12,34.33,34.33,34.33,34.33,0
2003-02-13,33.7,33.7,33.7,33.7,0
2003-02-14,32.62,32.62,32.62,32.62,0
2003-02-18,31.11,31.11,31.11,31.11,0
2003-02-19,31.31,31.31,31.31,31.31,0
2003-02-20,31.16,31.16,31.16,31.16,0
2003-02-21,30.25,30.25,30.25,30.25,0
2003-02-24,31.98,31.98,31.98,31.98,0
2003-02-25,31.74,31.74,31.74,31.74,0
2003-02-26,31.94,31.94,31.94,31.94,0
2003-02-27,30.53,30.53,30.53,30.53,0
2003-02-28,29.63,29.63,29.63,29.63,0
2003-03-03,30.43,30.43,30.43,30.43,0
2003-03-04,31.83,31.83,31.83,31.83,0
2003-03-05,30.38,30.38,30.38,30.38,0
2003-03-06,31.37,31.37,31.37,31.37,0
2003-03-07,31.08,31.08,31.08,31.08,0
2003-03-10,33.31,33.31,33.31,33.31,0
2003-03-11,33.61,33.61,33.61,33.61,0
2003-03-12,33.51,33.51,33.51,33.51,0
2003-03-13,31.76,31.76,31.76,31.76,0
2003-03-14,30.98,30.98,30.98,30.98,0
2003-03-17,31.75,31.75,31.75,31.75,0
2003-03-18,30.43,30.43,30.43,30.43,0
2003-03-19,31.54,31.54,31.54,31.54,0
2003-03-20,30.44,30.44,30.44,30.44,0
2003-03-21,28.67,28.67,28.67,28.67,0
2003-03-24,30.39,30.39,30.39,30.39,0
2003-03-25,28.75,28.75,28.75,28.75,0
2003-03-26,28.23,28.23,28.23,28.23,0
2003-03-27,27.96,27.96,27.96,27.96,0
2003-03-28,27.75,27.75,27.75,27.75,0
2003-03-31,29.15,29.15,29.15,29.15,0
2003-04-01,28.36,28.36,28.36,28.36,0
2003-04-02,28.02,28.02,28.02,28.02,0
2003-04-03,28.21,28.21,28.21,28.21,0
2003-04-04,29.13,29.13,29.13,29.13,0
2003-04-07,28.45,28.45,28.45,28.45,0
2003-04-08,27.13,27.13,27.13,27.13,0
2003-04-09,27.11,27.11,27.11,27.11,0
2003-04-10,25.6,25.6,25.6,25.6,0
2003-04-11,24.44,24.44,24.44,24.44,0
2003-04-14,23.41,23.41,23.41,23.41,0
2003-04-15,22.56,22.56,22.56,22.56,0
2003-04-16,22.52,22.52,22.52,22.52,0
2003-04-17,21.5,21.5,21.5,21.5,0
2003-04-21,21.95,21.95,21.95,21.95,0
2003-04-22,20.7,20.7,20.7,20.7,0
2003-04-23,20.8,20.8,20.8,20.8,0
2003-04-24,20.33,20.33,20.33,20.33,0
2003-04-25,20.8,20.8,20.8,20.8,0
2003-04-28,20.84,20.84,20.84,20.84,0
2003-04-29,20.76,20.76,20.76,20.76,0
2003-04-30,21.21,21.21,21.21,21.21,0
2003-05-01,21.59,21.59,21.59,21.59,0
2003-05-02,20.63,20.63,20.63,20.63,0
2003-05-05,21.13,21.13,21.13,21.13,0
2003-05-06,20.8,20.8,20.8,20.8,0
2003-05-07,21.0,21.0,21.0,21.0,0
2003-05-08,21.24,21.24,21.24,21.24,0
2003-05-09,19.69,19.69,19.69,19.69,0
2003-05-12,19.52,19.52,19.52,19.52,0
2003-05-13,19.91,19.91,19.91,19.91,0
2003-05-14,20.0,20.0,20.0,20.0,0
2003-05-15,19.24,19.24,19.24,19.24,0
2003-05-16,18.4,18.4,18.4,18.4,0
2003-05-19,20.51,20.51,20.51,20.51,0
2003-05-20,21.29,21.29,21.29,21.29,0
2003-05-21,21.21,21.21,21.21,21.21,0
2003-05-22,19.78,19.78,19.78,19.78,0
2003-05-23,19.17,19.17,19.17,19.17,0
2003-05-27,19.99,19.99,19.99,19.99,0
2003-05-28,20.03,20.03,20.03,20.03,0
2003-05-29,20.43,20.43,20.43,20.43,0
2003-05-30,19.47,19.47,19.47,19.47,0
2003-06-02,20.85,20.85,20.85,20.85,0
2003-06-03,20.84,20.84,20.84,20.84,0
2003-06-04,20.62,20.62,20.62,20.62,0
2003-06-05,20.83,20.83,20.83,20.83,0
2003-06-06,21.25,21.25,21.25,21.25,0
2003-06-09,22.15,22.15,22.15,22.15,0
2003-06-10,20.64,20.64,20.64,20.64,0
2003-06-11,20.21,20.21,20.21,20.21,0
2003-06-12,20.41,20.41,20.41,20.41,0
2003-06-13,20.66,20.66,20.66,20.66,0
2003-06-16,20.22,20.22,20.22,20.22,0
2003-06-17,20.01,20.01,20.01,20.01,0
2003-06-18,19.76,19.76,19.76,19.76,0
2003-06-19,19.8,19.8,19.8,19.8,0
2003-06-20,19.14,19.14,19.14,19.14,0
2003-06-23,20.58,20.58,20.58,20.58,0
2003-06-24,20.75,20.75,20.75,20.75,0
2003-06-25,20.81,20.81,20.81,20.81,0
2003-06-26,19.4,19.4,19.4,19.4,0
2003-06-27,19.16,19.16,19.16,19.16,0
2003-06-30,19.52,19.52,19.52,19.52,0
2003-07-01,19.46,19.46,19.46,19.46,0
2003-07-02,19.03,19.03,19.03,19.03,0
2003-07-03,19.39,19.39,19.39,19.39,0
2003-07-07,20.06,20.06,20.06,20.06,0
2003-07-08,19.48,19.48,19.48,19.48,0
2003-07-09,18.93,18.93,18.93,18.93,0
2003-07-10,19.19,19.19,19.19,19.19,0
2003-07-11,18.47,18.47,18.47,18.47,0
2003-07-14,19.59,19.59,19.59,19.59,0
2003-07-15,19.55,19.55,19.55,19.55,0
2003-07-16,19.76,19.76,19.76,19.76,0
2003-07-17,20.22,20.22,20.22,20.22,0
2003-07-18,19.11,19.11,19.11,19.11,0
2003-07-21,19.78,19.78,19.78,19.78,0
2003-07-22,19.17,19.17,19.17,19.17,0
2003-07-23,18.64,18.64,18.64,18.64,0
2003-07-24,18.6,18.6,18.6,18.6,0
2003-07-25,17.75,17.75,17.75,17.75,0
2003-07-28,18.36,18.36,18.36,18.36,0
2003-07-29,18.67,18.67,18.67,18.67,0
2003-07-30,18.85,18.85,18.85,18.85,0
2003-07-31,19.49,19.49,19.49,19.49,0
2003-08-01,20.75,20.75,20.75,20.75,0
2003-08-04,21.27,21.27,21.27,21.27,0
2003-08-05,22.68,22.68,22.68,22.68,0
2003-08-06,21.5,21.5,21.5,21.5,0
2003-08-07,20.26,20.26,20.26,20.26,0
2003-08-08,19.59,19.59,19.59,19.59,0
2003-08-11,19.75,19.75,19.75,19.75,0
2003-08-12,17.94,17.94,17.94,17.94,0
2003-08-13,18.77,18.77,18.77,18.77,0
2003-08-14,18.47,18.47,18.47,18.47,0
2003-08-15,18.27,18.27,18.27,18.27,0
2003-08-18,18.18,18.18,18.18,18.18,0
2003-08-19,17.86,17.86,17.86,17.86,0
2003-08-20,17.82,17.82,17.82,17.82,0
2003-08-21,17.84,17.84,17.84,17.84,0
2003-08-22,18.55,18.55,18.55,18.55,0
2003-08-25,19.53,19.53,19.53,19.53,0
2003-08-26,19.49,19.49,19.49,19.49,0
2003-08-27,19.13,19.13,19.13,19.13,0
2003-08-28,18.48,18.48,18.48,18.48,0
2003-08-29,18.63,18.63,18.63,18.63,0
2003-09-02,19.02,19.02,19.02,19.02,0
2003-09-03,19.44,19.44,19.44,19.44,0
2003-09-04,18.71,18.71,18.71,18.71,0
2003-09-05,18.17,18.17,18.17,18.17,0
2003-09-08,18.26,18.26,18.26,18.26,0
2003-09-09,18.85,18.85,18.85,18.85,0
2003-09-10,20.01,20.01,20.01,20.01,0
2003-09-11,19.25,19.25,19.25,19.25,0
2003-09-12,18.68,18.68,18.68,18.68,0
2003-09-15,19.28,19.28,19.28,19.28,0
2003-09-16,18.03,18.03,18.03,18.03,0
2003-09-17,18.15,18.15,18.15,18.15,0
2003-09-18,17.57,17.57,17.57,17.57,0
2003-09-19,17.54,17.54,17.54,17.54,0
2003-09-22,19.65,20.03,19.03,19.08,0
2003-09-23,19.47,19.97,19.31,19.91,0
2003-09-24,21.22,21.26,19.44,19.53,0
2003-09-25,22.26,22.27,21.04,21.11,0
2003-09-26,22.23,22.73,21.85,22.28,0
2003-09-29,21.67,22.85,21.64,22.85,0
2003-09-30,22.72,23.26,22.03,22.04,0
2003-10-01,21.07,22.82,20.99,22.81,0
2003-10-02,20.8,21.44,20.71,21.23,0
2003-10-03,19.5,20.09,18.95,19.94,0
2003-10-06,19.51,20.69,19.45,20.69,0
2003-10-07,19.41,20.14,19.4,20.11,0
2003-10-08,19.18,19.61,19.08,19.31,0
2003-10-09,18.82,19.28,18.26,18.53,0
2003-10-10,18.45,18.92,18.42,18.92,0
2003-10-13,17.55,17.91,17.42,17.67,0
2003-10-14,17.37,17.79,17.2,17.4,0
2003-10-15,17.69,17.96,17.1,17.73,0
2003-10-16,17.19,18.05,16.86,17.58,1600
2003-10-17,17.62,17.85,16.97,16.97,0
2003-10-20,17.04,18.07,17.04,17.84,0
2003-10-21,16.55,17.2,16.19,17.16,0
2003-10-22,17.67,17.98,17.1,17.1,0
2003-10-23,17.68,18.51,17.48,18.51,0
2003-10-24,17.71,18.68,17.67,18.25,0
2003-10-27,18.05,18.18,17.74,17.97,0
2003-10-28,16.82,17.89,16.77,17.79,0
2003-10-29,16.43,17.02,16.34,16.85,0
2003-10-30,16.33,18.45,16.01,18.45,0
2003-10-31,16.1,16.18,15.79,16.11,0
2003-11-03,16.55,16.7,16.22,16.33,0
2003-11-04,16.55,16.78,16.45,16.57,0
2003-11-05,16.86,17.32,16.55,16.99,0
2003-11-06,16.74,17.37,16.62,17.0,1600
2003-11-07,16.93,16.93,16.5,16.63,0
2003-11-10,17.62,17.88,17.53,17.79,1600
2003-11-11,17.54,18.53,17.5,18.14,0
2003-11-12,16.75,17.85,16.55,17.78,0
2003-11-13,16.47,17.12,16.43,17.05,0
2003-11-14,16.94,17.0,16.17,16.63,0
2003-11-17,18.6,19.36,18.04,18.14,0
2003-11-18,19.11,19.17,17.78,18.09,0
2003-11-19,18.8,19.51,18.65,19.14,0
2003-11-20,19.48,19.61,18.46,19.09,0
2003-11-21,18.98,19.4,18.82,19.1,0
2003-11-24,17.44,18.98,17.19,18.91,0
2003-11-25,16.71,17.87,16.4,17.4,0
2003-11-26,16.23,17.26,16.02,16.11,0
2003-11-28,16.32,16.62,16.16,16.51,0
2003-12-01,16.77,17.0,16.17,16.74,0
2003-12-02,16.27,16.89,16.17,16.89,0
2003-12-03,16.63,16.68,15.77,16.08,0
2003-12-04,16.3,16.83,16.29,16.48,0
2003-12-05,17.09,17.32,16.5,16.76,0
2003-12-08,16.54,17.59,16.52,17.55,0
2003-12-09,17.63,17.8,16.56,16.63,0
2003-12-10,17.87,18.27,17.58,17.66,0
2003-12-11,16.73,17.95,16.51,17.95,0
2003-12-12,16.41,16.98,16.09,16.19,0
2003-12-15,17.23,17.42,15.79,15.8,0
2003-12-16,15.93,17.42,15.9,17.27,0
2003-12-17,15.58,16.27,15.52,16.12,0
2003-12-18,16.16,16.19,14.66,15.59,0
2003-12-19,16.42,16.81,15.71,16.66,0
2003-12-22,16.94,17.31,16.63,17.06,0
2003-12-23,16.49,17.4,16.29,17.32,0
2003-12-24,16.66,16.77,16.24,16.65,0
2003-12-26,17.45,17.49,16.63,16.76,0
2003-12-29,17.09,17.86,17.07,17.81,0
2003-12-30,17.68,17.97,17.2,17.32,0
2003-12-31,18.31,18.86,17.41,17.49,0
2004-01-02,18.22,18.68,17.54,17.96,0
2004-01-05,17.49,18.49,17.44,18.45,0
2004-01-06,16.73,17.67,16.19,17.66,0
2004-01-07,15.5,16.75,15.5,16.72,0
2004-01-08,15.61,15.68,15.32,15.42,0
2004-01-09,16.75,16.88,15.57,16.15,0
2004-01-12,16.82,17.46,16.79,17.32,0
2004-01-13,18.04,18.33,16.53,16.6,0
2004-01-14,16.75,17.3,16.4,17.29,0
2004-01-15,15.56,17.31,15.49,17.07,0
2004-01-16,15.0,15.44,14.9,15.4,0
2004-01-20,15.21,16.13,15.09,15.77,0
2004-01-21,14.34,15.63,14.24,15.63,0
2004-01-22,14.71,14.87,14.01,14.2,0
2004-01-23,14.84,15.05,14.56,14.73,0
2004-01-26,14.55,15.78,14.52,15.78,0
2004-01-27,15.35,15.44,14.74,15.28,0
2004-01-28,16.78,17.06,15.29,15.37,0
2004-01-29,17.14,17.66,16.79,16.88,0
2004-01-30,16.63,17.35,16.55,16.55,0
2004-02-02,17.11,17.56,16.67,17.45,0
2004-02-03,17.34,17.78,17.17,17.29,0
2004-02-04,17.87,18.06,17.46,17.84,0
2004-02-05,17.71,17.99,17.6,17.91,0
2004-02-06,16.0,17.71,15.94,17.71,0
2004-02-09,16.39,16.82,16.12,16.54,0
2004-02-10,15.94,16.76,15.84,16.41,0
2004-02-11,15.39,16.16,15.26,15.9,1600
2004-02-12,15.31,15.72,15.23,15.36,0
2004-02-13,15.58,16.03,14.86,15.12,0
2004-02-17,15.4,15.96,15.32,15.63,0
2004-02-18,15.59,15.76,15.3,15.51,0
2004-02-19,15.8,15.97,15.2,15.33,0
2004-02-20,16.04,16.55,15.82,15.85,0
2004-02-23,16.29,16.78,16.25,16.5,0
2004-02-24,15.9,16.76,15.77,16.38,0
2004-02-25,14.93,16.05,14.93,15.58,0
2004-02-26,14.83,15.33,14.69,15.32,0
2004-02-27,14.55,14.77,13.8,13.8,0
2004-03-01,14.44,15.05,14.4,14.91,0
2004-03-02,14.86,14.89,14.18,14.59,0
2004-03-03,14.55,15.27,14.47,14.73,0
2004-03-04,14.4,14.5,14.19,14.45,0
2004-03-05,14.48,14.82,13.83,14.81,0
2004-03-08,15.79,15.83,14.54,14.83,0
2004-03-09,16.6,16.74,15.56,15.57,0
2004-03-10,18.67,18.7,16.11,16.12,0
2004-03-11,20.67,20.69,17.63,18.81,0
2004-03-12,18.3,20.08,18.06,19.94,0
2004-03-15,21.13,21.39,18.86,18.98,0
2004-03-16,20.34,20.94,19.86,20.27,0
2004-03-17,18.11,19.55,17.98,19.54,0
2004-03-18,18.53,19.23,18.35,18.38,0
2004-03-19,19.15,19.25,17.89,17.98,0
2004-03-22,21.58,22.67,20.61,20.61,0
2004-03-23,20.67,21.33,20.01,21.06,0
2004-03-24,19.81,20.83,19.45,20.24,0
2004-03-25,17.88,19.58,17.61,19.58,0
2004-03-26,17.33,18.23,16.67,18.19,0
2004-03-29,16.5,17.17,16.29,17.11,0
2004-03-30,16.28,16.8,16.13,16.68,0
2004-03-31,16.74,16.96,16.23,16.33,0
2004-04-01,16.65,17.25,16.65,16.76,0
2004-04-02,15.64,16.55,15.21,15.21,0
2004-04-05,14.97,16.64,14.81,16.17,1700
2004-04-06,15.32,15.53,15.07,15.35,0
2004-04-07,15.76,16.36,15.34,15.41,0
2004-04-08,16.26,16.82,14.96,14.96,0
2004-04-12,15.28,16.12,15.0,15.71,0
2004-04-13,17.26,17.98,15.29,15.29,0
2004-04-14,15.62,17.71,15.6,17.29,0
2004-04-15,15.74,16.78,15.22,16.02,0
2004-04-16,14.94,15.69,14.77,15.59,1500
2004-04-19,15.42,16.08,15.33,15.73,0
2004-04-20,16.67,16.72,14.79,15.24,0
2004-04-21,15.6,16.94,15.55,16.61,0
2004-04-22,14.61,15.98,13.86,15.89,0
2004-04-23,14.01,14.56,13.89,14.42,0
2004-04-26,14.77,15.22,14.39,14.75,1600
2004-04-27,15.07,15.17,14.37,15.05,0
2004-04-28,16.29,16.54,15.55,15.55,0
2004-04-29,16.6,17.27,15.87,16.36,0
2004-04-30,17.19,17.23,16.14,16.27,0
2004-05-03,16.62,17.72,16.61,17.69,0
2004-05-04,16.55,17.13,15.97,16.8,0
2004-05-05,15.77,16.55,15.64,16.43,0
2004-05-06,17.05,17.67,16.45,16.45,0
2004-05-07,18.13,18.17,16.44,17.22,0
2004-05-10,19.77,20.2,18.99,19.44,0
2004-05-11,18.57,19.28,17.94,19.23,0
2004-05-12,18.14,20.41,18.14,18.79,1400
2004-05-13,18.86,18.92,17.97,18.78,0
2004-05-14,18.47,19.27,18.06,18.66,0
2004-05-17,19.96,20.45,19.65,19.7,0
2004-05-18,19.33,19.7,19.14,19.6,0
2004-05-19,18.93,18.93,17.58,18.48,0
2004-05-20,18.67,19.25,18.55,18.6,0
2004-05-21,18.49,18.74,18.0,18.73,0
2004-05-24,18.08,18.82,17.96,18.79,0
2004-05-25,15.96,18.42,15.73,18.41,0
2004-05-26,15.97,16.3,15.78,16.09,0
2004-05-27,15.28,15.86,15.19,15.74,0
2004-05-28,15.5,15.65,15.39,15.44,0
2004-06-01,16.3,16.96,16.19,16.6,0
2004-06-02,16.08,16.7,15.95,16.05,0
2004-06-03,17.03,17.04,16.16,16.43,0
2004-06-04,16.78,16.9,15.82,16.24,0
2004-06-07,15.39,16.7,15.33,16.6,1600
2004-06-08,15.01,15.88,15.0,15.79,0
2004-06-09,15.39,15.46,14.56,14.56,0
2004-06-10,15.04,15.35,14.92,15.33,0
2004-06-14,16.07,16.36,15.54,15.54,0
2004-06-15,15.05,15.35,14.72,15.34,0
2004-06-16,14.79,15.22,14.48,14.83,0
2004-06-17,15.15,15.58,15.0,15.06,0
2004-06-18,14.99,15.25,14.51,14.74,0
2004-06-21,15.26,15.62,14.96,15.61,0
2004-06-22,14.31,15.64,14.31,15.44,0
2004-06-23,13.98,14.82,13.75,14.6,0
2004-06-24,14.81,14.97,14.16,14.39,0
2004-06-25,15.19,15.29,14.47,14.78,0
2004-06-28,16.07,16.13,15.19,15.28,0
2004-06-29,15.47,16.28,15.22,15.22,0
2004-06-30,14.34,15.73,14.25,15.27,0
2004-07-01,15.2,15.57,14.41,14.74,0
2004-07-02,15.08,15.45,14.8,15.23,0
2004-07-06,16.25,16.75,16.13,16.25,0
2004-07-07,15.81,16.47,15.59,16.36,0
2004-07-08,16.2,16.36,15.5,15.86,0
2004-07-09,15.78,16.03,15.71,16.01,0
2004-07-12,14.96,15.61,14.61,15.25,0
2004-07-13,14.46,15.08,14.28,14.86,0
2004-07-14,13.76,16.59,13.34,14.9,0
2004-07-15,14.71,14.73,13.6,13.94,0
2004-07-16,14.34,14.58,13.95,14.27,0
2004-07-19,15.17,15.83,14.86,15.17,0
2004-07-20,14.17,15.57,13.98,15.53,0
2004-07-21,16.41,16.46,13.91,14.0,0
2004-07-22,15.75,17.1,15.29,16.65,0
2004-07-23,16.5,16.94,15.82,15.82,0
2004-07-26,17.3,17.93,16.98,17.22,0
2004-07-27,16.55,17.34,16.3,17.24,0
2004-07-28,16.15,17.41,15.94,16.77,0
2004-07-29,15.68,16.12,15.42,16.0,0
2004-07-30,15.32,15.89,15.27,15.85,0
2004-08-02,15.37,16.58,15.22,16.42,0
2004-08-03,16.03,16.05,15.28,15.56,0
2004-08-04,16.21,16.65,15.82,16.33,0
2004-08-05,18.32,18.41,16.17,16.19,0
2004-08-06,19.34,19.68,18.18,18.21,0
2004-08-09,18.89,19.97,18.63,19.97,0
2004-08-10,17.47,18.86,17.25,18.8,0
2004-08-11,18.04,18.49,17.84,18.15,0
2004-08-12,19.08,19.3,18.36,18.61,0
2004-08-13,17.98,19.25,17.97,18.91,0
2004-08-16,17.57,19.28,17.42,19.28,1500
2004-08-17,17.02,17.28,16.16,16.58,0
2004-08-18,16.23,17.55,16.13,17.55,1400
2004-08-19,16.96,17.55,16.31,16.54,0
2004-08-20,16.0,17.04,15.78,16.99,0
2004-08-23,15.88,16.71,15.79,16.68,0
2004-08-24,15.33,15.81,15.33,15.63,0
2004-08-25,14.98,15.76,14.81,15.4,0
2004-08-26,14.91,15.22,14.76,15.22,0
2004-08-27,14.71,15.02,14.67,14.91,0
2004-08-30,15.44,15.58,15.3,15.35,0
2004-08-31,15.29,15.85,15.28,15.64,0
2004-09-01,14.91,15.39,14.72,15.39,0
2004-09-02,14.28,15.05,14.18,14.97,0
2004-09-03,13.91,14.38,13.79,14.36,1500
2004-09-07,14.07,14.64,14.03,14.52,1400
2004-09-08,14.06,14.31,13.88,14.16,0
2004-09-09,14.01,14.41,13.7,14.12,0
2004-09-10,13.76,14.23,13.69,13.9,0
2004-09-13,13.17,13.78,13.16,13.64,0
2004-09-14,13.56,13.89,13.5,13.5,0
2004-09-15,14.64,14.67,13.68,13.88,0
2004-09-16,14.39,14.66,14.27,14.29,0
2004-09-17,14.03,14.43,13.93,14.11,0
2004-09-20,14.43,15.29,13.98,13.98,0
2004-09-21,13.66,15.98,13.38,15.98,0
2004-09-22,14.74,15.3,13.95,15.28,0
2004-09-23,14.8,15.08,14.61,14.85,0
2004-09-24,14.28,14.94,14.08,14.93,0
2004-09-27,14.62,15.09,14.55,14.86,0
2004-09-28,13.83,14.84,13.69,14.73,0
2004-09-29,13.21,14.14,13.2,14.09,0
2004-09-30,13.34,13.67,13.2,13.49,0
2004-10-01,12.75,13.11,12.6,13.11,0
2004-10-04,13.41,13.45,12.99,13.05,0
2004-10-05,13.95,14.19,13.51,13.51,0
2004-10-06,13.28,14.1,13.24,14.01,0
2004-10-07,14.5,14.66,13.32,13.33,0
2004-10-08,15.05,15.52,13.78,14.7,0
2004-10-11,14.71,15.27,14.28,14.69,0
2004-10-12,15.05,15.69,14.91,15.21,0
2004-10-13,15.42,15.63,13.92,13.92,0
2004-10-14,16.43,16.56,15.22,15.22,0
2004-10-15,15.04,16.49,14.72,16.28,0
2004-10-18,14.71,16.16,14.64,16.16,0
2004-10-19,15.13,16.32,14.32,16.32,0
2004-10-20,14.85,15.53,14.8,15.46,1200
2004-10-21,14.54,15.19,14.28,14.98,0
2004-10-22,15.28,15.41,14.31,14.59,0
2004-10-25,16.58,16.71,16.02,16.07,0
2004-10-26,16.39,16.87,15.97,16.72,0
2004-10-27,15.72,16.53,15.66,16.48,0
2004-10-28,15.39,16.05,15.36,16.02,0
2004-10-29,16.27,16.29,14.96,15.83,0
2004-11-01,16.27,16.76,16.18,16.43,0
2004-11-02,16.18,16.32,15.21,15.99,0
2004-11-03,14.04,15.18,13.79,15.05,0
2004-11-04,13.97,14.02,12.95,13.83,0
2004-11-05,13.84,14.1,13.23,13.67,0
2004-11-08,13.8,14.48,13.68,14.11,0
2004-11-09,13.61,13.96,12.89,12.89,0
2004-11-10,13.08,13.51,12.79,13.16,0
2004-11-11,13.04,13.12,12.64,13.11,1300
2004-11-12,13.33,13.48,13.04,13.24,0
2004-11-15,13.38,14.06,13.25,14.05,0
2004-11-16,13.21,13.67,13.2,13.41,0
2004-11-17,13.21,13.39,12.77,13.2,0
2004-11-18,12.98,13.29,12.96,13.22,0
2004-11-19,13.5,13.83,12.77,12.79,0
2004-11-22,12.97,13.71,12.94,13.71,0
2004-11-23,12.67,12.91,12.57,12.78,0
2004-11-24,12.72,12.89,12.56,12.58,0
2004-11-26,12.78,12.9,12.59,12.76,0
2004-11-29,13.3,13.69,12.93,12.99,0
2004-11-30,13.24,13.38,13.07,13.27,1300
2004-12-01,12.97,13.12,12.77,13.1,0
2004-12-02,12.98,13.04,12.72,12.97,0
2004-12-03,12.96,13.06,12.4,13.02,0
2004-12-06,13.19,13.4,12.93,12.95,1300
2004-12-07,13.67,13.74,12.96,13.07,0
2004-12-08,13.19,13.68,13.18,13.52,0
2004-12-09,12.88,13.71,12.77,13.52,0
2004-12-10,12.76,13.15,12.68,13.05,0
2004-12-13,12.54,12.61,12.13,12.37,0
2004-12-14,12.73,12.97,12.21,12.55,0
2004-12-15,12.35,12.88,12.23,12.41,0
2004-12-16,12.27,12.59,11.96,12.34,0
2004-12-17,11.95,12.75,11.87,12.34,0
2004-12-20,11.83,12.34,11.77,12.26,0
2004-12-21,11.55,12.0,11.37,11.78,0
2004-12-22,11.45,11.71,11.37,11.42,0
2004-12-23,11.23,11.64,11.14,11.41,0
2004-12-27,12.14,12.16,11.53,11.53,0
2004-12-28,12.0,12.4,11.97,12.25,0
2004-12-29,11.62,11.79,11.61,11.61,0
2004-12-30,12.56,12.61,12.18,12.25,0
2004-12-31,13.29,13.29,12.42,12.42,0
2005-01-03,14.08,14.23,13.25,13.39,0
2005-01-04,13.98,14.45,13.93,14.01,0
2005-01-05,14.09,14.09,13.26,13.98,0
2005-01-06,13.58,14.09,13.33,14.09,0
2005-01-07,13.49,13.51,12.94,13.47,0
2005-01-10,13.23,13.93,12.94,13.92,0
2005-01-11,13.19,13.68,13.05,13.44,0
2005-01-12,12.56,13.94,12.54,13.94,0
2005-01-13,12.84,12.86,12.37,12.7,0
2005-01-14,12.43,12.82,12.29,12.68,0
2005-01-18,12.47,13.15,12.3,13.13,0
2005-01-19,13.18,13.21,12.41,12.47,0
2005-01-20,13.83,14.11,13.28,13.37,0
2005-01-21,14.36,14.46,13.4,13.75,1000
2005-01-24,14.65,14.75,14.17,14.38,0
2005-01-25,14.06,14.36,13.88,14.34,0
2005-01-26,13.44,13.84,13.06,13.84,0
2005-01-27,13.24,13.57,12.96,13.5,159600
2005-01-28,13.24,13.56,12.83,13.15,160800
2005-01-31,12.82,13.63,12.79,13.63,161600
2005-02-01,12.03,13.02,12.02,12.8,0
2005-02-02,11.66,12.06,11.52,12.01,161600
2005-02-03,11.79,12.12,11.72,12.03,161500
2005-02-04,11.21,11.97,10.9,11.97,161600
2005-02-07,11.73,11.75,11.36,11.53,161500
2005-02-08,11.6,11.67,11.45,11.66,161600
2005-02-09,12.0,12.02,11.41,11.52,161600
2005-02-10,11.51,11.99,11.38,11.98,161500
2005-02-11,11.43,11.82,11.25,11.64,161600
2005-02-14,11.52,11.86,11.18,11.28,161400
2005-02-15,11.27,11.76,11.13,11.57,161600
2005-02-16,11.1,11.5,11.03,11.4,161600
2005-02-17,11.77,11.91,11.21,11.25,161500
2005-02-18,11.18,12.12,11.18,11.99,161400
2005-02-22,13.14,13.2,12.09,12.18,161600
2005-02-23,12.39,12.94,12.3,12.94,161500
2005-02-24,11.57,12.51,11.48,12.51,161600
2005-02-25,11.49,11.78,10.92,11.75,159000
2005-02-28,12.08,12.5,11.73,11.89,161600
2005-03-01,12.04,12.1,11.66,11.95,161400
2005-03-02,12.5,12.91,12.2,12.88,161400
2005-03-03,12.93,13.07,12.23,12.28,161600
2005-03-04,11.94,12.5,11.94,12.49,161600
2005-03-07,12.26,12.6,12.05,12.36,161600
2005-03-08,12.4,12.5,11.95,12.06,161500
2005-03-09,12.7,12.72,12.2,12.23,161600
2005-03-10,12.49,12.97,12.42,12.62,160400
2005-03-11,12.8,12.98,12.11,12.29,161600
2005-03-14,12.39,12.99,12.36,12.82,161600
2005-03-15,13.15,13.22,12.33,12.44,161600
2005-03-16,13.49,13.81,13.19,13.3,161600
2005-03-17,13.29,13.67,13.2,13.25,161600
2005-03-18,13.14,13.67,13.08,13.65,161600
2005-03-21,13.61,13.98,13.33,13.62,161600
2005-03-22,14.27,14.28,13.15,13.76,161600
2005-03-23,14.06,14.89,13.88,14.61,161600
2005-03-24,13.42,13.88,12.97,13.86,161600
2005-03-28,13.75,14.01,13.44,14.01,161500
2005-03-29,14.49,14.68,13.38,13.96,161600
2005-03-30,13.64,14.47,13.64,14.47,161600
2005-03-31,14.02,14.1,13.57,13.71,160900
2005-04-01,14.09,14.38,12.92,13.64,160900
2005-04-04,14.11,14.76,13.96,14.53,161600
2005-04-05,13.68,14.11,13.66,14.1,161600
2005-04-06,13.15,13.76,12.89,13.75,161500
2005-04-07,12.33,12.96,12.3,12.92,161600
2005-04-08,12.62,12.65,11.52,12.06,161600
2005-04-11,11.98,12.46,11.82,12.09,161600
2005-04-12,11.3,12.83,11.2,12.12,0
2005-04-13,13.31,13.44,11.27,11.68,161600
2005-04-14,14.53,14.6,12.67,13.4,161500
2005-04-15,17.74,18.05,14.71,14.92,161200
2005-04-18,16.56,18.59,16.41,18.33,161600
2005-04-19,14.96,15.97,14.81,15.28,161600
2005-04-20,16.92,17.25,14.52,14.86,160700
2005-04-21,14.41,16.22,14.26,16.22,161600
2005-04-22,15.38,16.32,14.2,14.54,161600
2005-04-25,14.62,15.47,14.6,15.29,161600
2005-04-26,14.91,15.15,14.27,14.27,161600
2005-04-27,14.87,15.93,14.43,14.62,161600
2005-04-28,16.86,16.87,14.19,14.19,161600
2005-04-29,15.31,16.92,15.26,15.75,149200
2005-05-02,15.12,16.01,15.08,15.45,161600
2005-05-03,14.53,15.31,14.53,15.19,0
2005-05-04,13.85,15.38,13.7,14.44,161600
2005-05-05,13.98,15.82,13.43,13.48,161600
2005-05-06,14.05,14.06,13.11,13.29,161600
2005-05-09,13.75,14.56,13.53,14.11,161600
2005-05-10,14.91,15.11,14.03,14.05,161600
2005-05-11,14.45,15.8,14.31,14.69,160700
2005-05-12,16.12,16.23,14.16,14.43,161500
2005-05-13,16.32,17.7,15.4,15.88,161600
2005-05-16,15.68,16.87,15.67,16.87,161600
2005-05-17,14.57,16.21,14.45,15.92,161600
2005-05-18,13.63,14.13,13.3,14.11,0
2005-05-19,13.32,14.02,13.25,13.35,161600
2005-05-20,13.14,13.73,13.07,13.57,159500
2005-05-23,12.95,13.45,12.75,13.38,161600
2005-05-24,12.69,13.3,12.53,13.12,161600
2005-05-25,12.58,13.11,12.58,12.83,161600
2005-05-26,12.24,12.38,11.65,12.23,161200
2005-05-27,12.15,12.43,12.06,12.06,161600
2005-05-31,13.29,13.45,12.67,12.69,161100
2005-06-01,12.36,13.34,12.17,13.34,161500
2005-06-02,11.84,12.43,11.8,12.35,161600
2005-06-03,12.15,12.49,11.52,11.78,161600
2005-06-06,12.28,13.0,12.21,12.68,161200
2005-06-07,12.39,12.43,11.47,12.22,161300
2005-06-08,12.7,12.83,12.05,12.05,0
2005-06-09,12.08,13.07,12.06,12.69,161500
2005-06-10,11.96,12.4,11.9,12.16,158900
2005-06-13,11.65,12.12,11.31,12.12,161600
2005-06-14,11.79,12.02,11.52,11.65,161600
2005-06-15,11.46,11.96,11.05,11.22,161600
2005-06-16,11.15,11.36,11.04,11.24,161600
2005-06-17,11.48,11.64,10.78,10.83,161600
2005-06-20,11.47,12.53,11.31,12.51,161600
2005-06-21,11.08,11.67,11.01,11.52,161600
2005-06-22,11.05,11.31,10.81,10.96,161600
2005-06-23,12.13,12.13,10.96,11.19,161600
2005-06-24,12.18,12.32,11.95,12.27,161600
2005-06-27,12.52,12.78,12.38,12.73,0
2005-06-28,11.58,12.31,11.55,12.31,161200
2005-06-29,11.77,11.78,11.44,11.54,161600
2005-06-30,12.04,12.1,11.5,11.72,161600
2005-07-01,11.4,11.92,11.38,11.75,158400
2005-07-05,11.68,12.41,11.53,12.41,161400
2005-07-06,12.27,12.33,11.54,11.67,161600
2005-07-07,12.49,13.92,12.48,13.91,161300
2005-07-08,11.45,12.29,11.09,12.24,161600
2005-07-11,11.28,11.41,10.53,10.96,161500
2005-07-12,10.95,11.37,10.85,11.03,161600
2005-07-13,10.84,11.44,10.8,11.09,161500
2005-07-14,10.81,11.13,10.5,10.87,161600
2005-07-15,10.33,10.9,10.13,10.61,161100
2005-07-18,10.77,11.09,10.77,11.09,111400
2005-07-19,10.45,10.79,10.36,10.63,161600
2005-07-20,10.23,10.94,9.88,10.8,161700
2005-07-21,10.97,11.21,10.23,10.23,161600
2005-07-22,10.52,11.05,10.51,11.01,161600
2005-07-25,11.1,11.28,10.7,11.12,0
2005-07-26,10.99,11.25,10.92,11.11,0
2005-07-27,10.36,11.03,10.34,11.03,0
2005-07-28,10.52,10.58,10.27,10.4,0
2005-07-29,11.57,11.73,10.24,10.24,0
2005-08-01,12.08,12.23,11.36,11.75,0
2005-08-02,11.75,12.03,11.69,12.0,0
2005-08-03,11.83,12.01,11.62,11.9,0
2005-08-04,12.52,12.57,11.99,12.12,0
2005-08-05,12.48,12.92,11.82,11.82,0
2005-08-08,13.21,13.29,12.56,12.56,0
2005-08-09,12.4,12.78,12.24,12.25,0
2005-08-10,12.38,12.56,11.51,12.03,0
2005-08-11,12.42,12.94,11.88,12.34,0
2005-08-12,12.74,12.98,12.18,12.36,0
2005-08-15,12.26,12.99,12.08,12.87,0
2005-08-16,13.52,13.89,12.28,12.37,0
2005-08-17,13.3,13.76,12.78,13.35,0
2005-08-18,13.42,13.88,13.01,13.47,0
2005-08-19,13.42,13.85,12.61,12.84,0
2005-08-22,13.42,13.89,13.2,13.67,0
2005-08-23,13.34,14.05,13.3,13.63,0
2005-08-24,14.17,14.18,13.0,13.56,0
2005-08-25,13.73,14.12,13.66,13.92,0
2005-08-26,13.72,14.2,13.65,13.79,0
2005-08-29,13.52,14.41,13.38,14.34,0
2005-08-30,13.65,14.18,13.47,13.49,0
2005-08-31,12.6,13.63,12.56,13.37,0
2005-09-01,13.15,13.37,12.31,12.86,0
2005-09-02,13.57,13.72,13.03,13.21,0
2005-09-06,12.93,14.18,12.9,14.17,0
2005-09-07,12.52,13.2,12.44,13.06,0
2005-09-08,12.93,12.94,12.37,12.72,0
2005-09-09,11.98,12.65,11.96,12.46,0
2005-09-12,11.65,11.89,11.45,11.66,0
2005-09-13,12.39,12.48,11.75,11.76,0
2005-09-14,12.91,13.26,12.67,12.79,0
2005-09-15,12.49,13.17,12.28,12.72,0
2005-09-16,11.22,11.93,11.07,11.89,0
2005-09-19,12.14,12.46,12.04,12.17,0
2005-09-20,12.64,12.96,11.83,12.23,0
2005-09-21,13.79,13.91,12.96,13.07,0
2005-09-22,13.33,14.39,13.31,13.85,0
2005-09-23,12.96,13.88,12.75,13.64,0
2005-09-26,13.04,13.47,12.64,13.27,0
2005-09-27,12.76,13.46,12.51,13.06,0
2005-09-28,12.63,12.98,12.37,12.6,0
2005-09-29,12.24,13.23,12.15,12.92,0
2005-09-30,11.92,12.44,11.92,12.42,0
2005-10-03,12.46,12.62,11.98,12.37,0
2005-10-04,13.2,13.21,12.11,12.5,0
2005-10-05,14.55,14.58,12.97,13.15,0
2005-10-06,14.96,15.63,14.04,14.53,0
2005-10-07,14.59,14.82,14.3,14.56,0
2005-10-10,15.55,15.61,14.87,14.93,0
2005-10-11,15.63,15.7,15.06,15.35,0
2005-10-12,16.22,16.27,15.04,15.56,0
2005-10-13,16.47,17.19,15.98,16.32,0
2005-10-14,14.87,16.03,14.83,15.99,0
2005-10-17,14.67,15.3,14.58,15.3,0
2005-10-18,15.33,15.4,14.79,14.92,0
2005-10-19,13.5,15.86,13.47,15.63,0
2005-10-20,16.11,16.19,13.98,14.18,0
2005-10-21,16.13,16.27,15.26,15.53,0
2005-10-24,14.74,16.44,14.61,16.18,0
2005-10-25,14.53,15.3,14.2,14.96,0
2005-10-26,14.59,14.88,13.72,14.8,0
2005-10-27,16.02,16.3,14.57,14.73,0
2005-10-28,14.25,15.61,14.11,15.45,0
2005-10-31,15.32,15.39,13.93,14.04,0
2005-11-01,14.85,15.66,14.65,14.85,0
2005-11-02,13.48,14.99,13.38,14.99,0
2005-11-03,13.0,13.23,12.5,13.12,0
2005-11-04,13.17,13.62,12.69,12.88,0
2005-11-07,13.1,13.65,12.76,13.11,0
2005-11-08,13.08,13.61,13.04,13.61,0
2005-11-09,12.8,13.36,12.42,13.14,0
2005-11-10,11.9,13.17,11.73,12.68,0
2005-11-11,11.63,11.96,11.63,11.82,0
2005-11-14,12.18,12.34,11.77,11.99,0
2005-11-15,12.23,12.69,11.7,12.16,0
2005-11-16,12.26,12.68,12.17,12.22,0
2005-11-17,11.25,12.2,11.25,11.92,0
2005-11-18,11.12,11.67,10.96,11.19,0
2005-11-21,10.82,11.38,10.71,11.18,0
2005-11-22,10.6,11.1,10.5,11.01,0
2005-11-23,10.96,11.03,10.67,10.96,0
2005-11-25,10.88,11.24,10.88,11.04,0
2005-11-28,11.84,11.99,11.33,11.34,0
2005-11-29,11.89,11.96,11.61,11.77,0
2005-11-30,12.06,12.13,11.55,11.84,0
2005-12-01,11.24,12.23,11.14,12.09,0
2005-12-02,11.01,11.23,10.94,11.1,0
2005-12-05,11.6,11.68,11.4,11.45,0
2005-12-06,11.52,11.59,10.96,11.16,0
2005-12-07,12.18,12.44,11.45,11.49,0
2005-12-08,12.21,12.41,11.73,11.88,0
2005-12-09,11.69,12.2,11.56,11.91,0
2005-12-12,11.47,11.81,10.83,10.86,0
2005-12-13,11.11,11.42,10.57,10.57,0
2005-12-14,10.48,10.79,10.39,10.75,0
2005-12-15,10.73,11.11,10.37,10.66,0
2005-12-16,10.68,10.75,10.15,10.7,0
2005-12-19,11.38,11.38,10.65,11.11,0
2005-12-20,11.19,11.45,11.0,11.32,0
2005-12-21,10.81,11.07,10.34,10.71,0
2005-12-22,10.29,10.89,10.28,10.82,0
2005-12-23,10.27,10.48,10.24,10.37,0
2005-12-27,11.57,11.65,10.83,10.97,0
2005-12-28,11.35,11.64,11.26,11.55,0
2005-12-29,11.61,11.67,11.14,11.36,0
2005-12-30,12.07,12.07,11.55,11.96,0
2006-01-03,11.14,12.51,10.99,12.25,0
2006-01-04,11.37,11.71,10.97,11.22,0
2006-01-05,11.31,11.84,11.31,11.43,0
2006-01-06,11.0,11.5,10.81,11.23,0
2006-01-09,11.13,11.35,10.98,11.35,0
2006-01-10,10.86,11.39,10.84,11.39,0
2006-01-11,10.94,11.16,10.83,11.03,0
2006-01-12,11.2,11.38,10.94,10.98,0
2006-01-13,11.23,11.61,11.11,11.4,0
2006-01-17,11.91,12.46,11.87,12.13,0
2006-01-18,12.25,12.7,12.2,12.62,0
2006-01-19,11.98,12.34,11.65,12.12,0
2006-01-20,14.56,14.56,11.89,12.1,0
2006-01-23,13.93,14.48,13.58,14.44,0
2006-01-24,13.31,13.83,13.14,13.79,0
2006-01-25,12.87,13.38,12.62,12.95,0
2006-01-26,12.42,12.91,12.19,12.89,0
2006-01-27,11.97,12.33,11.72,12.27,0
2006-01-30,12.39,12.46,12.07,12.22,0
2006-01-31,12.95,13.06,12.45,12.45,0
2006-02-01,12.36,13.03,12.34,13.03,0
2006-02-02,13.23,13.47,12.48,12.54,0
2006-02-03,12.96,13.7,12.64,13.37,0
2006-02-06,13.04,13.43,12.99,13.43,0
2006-02-07,13.59,13.67,12.97,13.2,0
2006-02-08,12.83,13.61,12.76,13.41,0
2006-02-09,13.12,13.15,12.27,12.56,0
2006-02-10,12.87,13.73,12.69,13.35,0
2006-02-13,13.35,13.7,13.05,13.34,0
2006-02-14,12.25,13.15,12.01,13.09,0
2006-02-15,12.31,12.95,12.21,12.43,0
2006-02-16,11.48,12.29,11.13,12.19,0
2006-02-17,12.01,12.21,11.52,11.64,0
2006-02-21,12.41,12.64,12.28,12.36,0
2006-02-22,11.88,12.3,11.68,12.27,0
2006-02-23,11.87,11.97,11.58,11.86,0
2006-02-24,11.46,12.06,11.42,11.94,0
2006-02-27,11.59,11.83,11.4,11.79,0
2006-02-28,12.34,12.36,11.71,11.74,0
2006-03-01,11.54,12.07,11.52,12.05,0
2006-03-02,11.72,11.95,11.56,11.79,0
2006-03-03,11.96,12.1,11.36,12.03,0
2006-03-06,12.74,12.91,12.22,12.22,0
2006-03-07,12.66,13.34,12.64,12.92,0
2006-03-08,12.32,13.34,12.26,12.83,0
2006-03-09,12.68,12.69,12.01,12.21,0
2006-03-10,11.85,12.6,11.79,12.52,0
2006-03-13,11.37,11.75,10.89,11.72,0
2006-03-14,10.74,11.72,10.53,11.61,0
2006-03-15,11.35,11.54,10.98,11.17,0
2006-03-16,11.98,12.05,10.57,10.59,0
2006-03-17,12.12,12.2,11.53,11.56,0
2006-03-20,11.79,12.21,10.79,12.11,0
2006-03-21,11.62,11.89,11.17,11.71,0
2006-03-22,11.21,11.79,11.11,11.71,0
2006-03-23,11.17,11.57,11.11,11.19,0
2006-03-24,11.19,11.48,11.09,11.23,0
2006-03-27,11.46,11.72,11.41,11.46,0
2006-03-28,11.58,11.9,11.38,11.69,0
2006-03-29,10.95,11.57,10.79,11.46,0
2006-03-30,11.57,11.73,10.7,11.03,0
2006-03-31,11.39,11.65,11.27,11.42,0
2006-04-03,11.57,11.62,11.03,11.47,0
2006-04-04,11.14,11.8,11.09,11.66,0
2006-04-05,11.13,11.36,11.06,11.24,0
2006-04-06,11.45,11.74,11.25,11.34,0
2006-04-07,12.26,12.31,11.2,11.44,0
2006-04-10,12.19,12.49,12.04,12.44,0
2006-04-11,13.0,13.06,12.06,12.09,0
2006-04-12,12.76,13.09,12.66,13.08,0
2006-04-13,12.38,13.0,12.28,12.93,0
2006-04-17,12.58,13.02,12.27,12.8,0
2006-04-18,11.4,12.55,11.31,12.55,0
2006-04-19,11.32,11.8,11.23,11.52,0
2006-04-20,11.64,11.67,11.02,11.3,0
2006-04-21,11.59,11.98,11.19,11.24,0
2006-04-24,11.75,12.42,11.67,12.26,0
2006-04-25,11.75,12.19,11.59,11.71,0
2006-04-26,11.76,11.79,11.34,11.76,0
2006-04-27,11.84,12.52,11.55,12.27,0
2006-04-28,11.59,12.13,11.42,12.13,0
2006-05-01,12.54,12.59,11.75,11.83,0
2006-05-02,11.99,12.27,11.93,12.2,0
2006-05-03,11.99,12.45,11.95,12.21,0
2006-05-04,11.86,12.16,11.71,11.92,0
2006-05-05,11.62,11.62,11.18,11.39,0
2006-05-08,12.0,12.06,11.81,11.98,0
2006-05-09,11.99,12.15,11.88,12.1,0
2006-05-10,11.78,12.32,11.78,12.22,0
2006-05-11,12.49,12.92,11.99,12.33,0
2006-05-12,14.19,14.26,12.71,12.71,0
2006-05-15,13.57,15.13,13.44,15.12,0
2006-05-16,13.35,13.61,12.98,13.49,0
2006-05-17,16.26,16.26,13.39,13.83,0
2006-05-18,16.99,17.09,14.96,15.54,0
2006-05-19,17.18,18.01,15.9,16.16,0
2006-05-22,17.72,19.62,16.73,18.55,0
2006-05-23,18.26,18.26,15.36,16.7,0
2006-05-24,17.36,19.87,17.13,17.87,0
2006-05-25,15.5,16.67,15.31,16.67,0
2006-05-26,14.26,15.04,14.26,14.92,0
2006-05-30,18.66,18.72,15.39,15.39,0
2006-05-31,16.44,18.09,16.41,18.09,0
2006-06-01,14.52,16.56,14.48,16.47,0
2006-06-02,14.32,14.97,13.92,14.17,0
2006-06-05,16.65,17.14,14.97,14.97,0
2006-06-06,17.34,18.56,16.65,16.72,0
2006-06-07,17.8,17.86,16.07,17.21,0
2006-06-08,18.35,20.75,17.88,17.92,0
2006-06-09,18.12,18.45,17.07,17.9,0
2006-06-12,20.96,21.25,17.89,18.13,0
2006-06-13,23.81,23.81,20.27,20.95,0
2006-06-14,21.46,23.49,21.45,23.45,0
2006-06-15,15.9,21.14,15.65,21.05,0
2006-06-16,17.25,18.13,16.52,16.56,0
2006-06-19,17.83,18.1,15.73,16.06,0
2006-06-20,16.69,17.65,16.39,17.52,0
2006-06-21,15.52,16.72,14.88,16.67,0
2006-06-22,15.88,16.66,15.56,15.95,0
2006-06-23,15.89,16.58,14.94,16.41,0
2006-06-26,15.62,16.61,15.49,16.55,0
2006-06-27,16.4,16.55,15.27,15.58,0
2006-06-28,15.79,17.0,15.78,16.02,0
2006-06-29,13.03,15.3,12.93,15.28,0
2006-06-30,13.08,13.47,12.74,12.9,0
2006-07-03,13.05,13.51,12.77,13.29,0
2006-07-05,14.15,14.77,13.86,13.92,0
2006-07-06,13.65,14.04,13.25,14.04,0
2006-07-07,13.97,14.45,13.43,13.9,0
2006-07-10,14.02,14.5,13.67,14.17,0
2006-07-11,13.14,14.68,13.1,14.31,0
2006-07-12,14.49,14.85,13.26,13.39,0
2006-07-13,17.79,17.83,15.17,15.17,0
2006-07-14,18.05,18.79,17.28,17.57,0
2006-07-17,18.64,18.76,17.75,18.73,0
2006-07-18,17.74,19.58,17.66,18.2,0
2006-07-19,15.55,17.62,14.47,17.62,0
2006-07-20,16.21,16.37,14.87,15.1,0
2006-07-21,17.4,17.56,16.23,16.23,0
2006-07-24,14.98,17.08,14.89,17.08,0
2006-07-25,14.85,15.68,14.31,15.44,0
2006-07-26,14.62,15.21,14.09,15.04,0
2006-07-27,14.94,15.39,14.07,14.26,0
2006-07-28,14.33,14.75,14.06,14.73,0
2006-07-31,14.95,15.13,14.86,15.01,0
2006-08-01,15.05,16.15,15.03,15.49,0
2006-08-02,14.34,14.93,13.92,14.93,0
2006-08-03,14.46,15.19,14.2,15.1,0
2006-08-04,14.34,14.91,13.65,14.03,0
2006-08-07,15.23,15.53,14.97,14.98,0
2006-08-08,15.23,15.55,14.86,15.2,0
2006-08-09,15.2,15.41,14.07,14.76,0
2006-08-10,14.46,15.73,14.45,15.56,0
2006-08-11,14.3,14.85,14.3,14.72,0
2006-08-14,14.26,14.43,13.41,14.15,0
2006-08-15,13.42,13.72,13.15,13.57,0
2006-08-16,12.41,12.95,12.11,12.69,0
2006-08-17,12.24,12.72,12.21,12.69,0
2006-08-18,11.64,12.52,11.57,12.11,0
2006-08-21,12.22,12.62,12.21,12.4,0
2006-08-22,12.19,12.42,11.93,12.42,0
2006-08-23,12.4,12.73,12.16,12.26,0
2006-08-24,12.4,12.58,12.21,12.24,0
2006-08-25,12.31,12.47,12.08,12.41,0
2006-08-28,12.18,12.92,12.07,12.92,0
2006-08-29,12.28,12.83,12.21,12.27,0
2006-08-30,12.22,12.35,12.1,12.14,0
2006-08-31,12.31,12.33,12.07,12.23,0
2006-09-01,11.96,12.33,11.91,12.14,0
2006-09-05,12.63,12.86,12.43,12.8,0
2006-09-06,13.74,13.88,13.06,13.06,0
2006-09-07,13.88,14.49,13.67,14.07,0
2006-09-08,13.16,13.8,13.05,13.79,0
2006-09-11,12.99,13.95,12.75,13.95,0
2006-09-12,11.92,13.14,11.55,13.04,0
2006-09-13,11.18,11.56,10.99,11.4,0
2006-09-14,11.55,12.02,10.74,11.36,0
2006-09-15,11.76,12.54,11.4,11.49,0
2006-09-18,11.78,12.41,11.58,12.28,0
2006-09-19,11.98,12.69,11.86,11.96,0
2006-09-20,11.39,11.75,11.34,11.75,0
2006-09-21,12.25,12.6,11.28,11.43,0
2006-09-22,12.59,13.28,12.47,12.47,0
2006-09-25,12.12,13.41,11.93,12.97,0
2006-09-26,11.53,12.23,11.51,12.23,0
2006-09-27,11.58,11.9,11.42,11.65,0
2006-09-28,11.72,12.06,11.59,11.64,0
2006-09-29,11.98,12.1,11.72,11.75,0
2006-10-02,12.57,12.72,12.11,12.45,0
2006-10-03,12.24,12.91,11.97,12.68,0
2006-10-04,11.86,12.64,11.62,12.64,0
2006-10-05,11.98,12.06,11.65,11.94,0
2006-10-06,11.56,12.17,11.55,11.99,0
2006-10-09,11.68,12.09,11.58,12.07,0
2006-10-10,11.52,11.89,11.47,11.77,0
2006-10-11,11.62,12.03,11.31,11.75,0
2006-10-12,11.09,11.51,11.09,11.5,0
2006-10-13,10.75,11.35,10.75,11.17,0
2006-10-16,11.09,11.2,10.91,11.07,0
2006-10-17,11.75,12.03,11.35,11.36,0
2006-10-18,11.34,11.83,11.33,11.44,0
2006-10-19,10.9,11.57,10.78,11.51,0
2006-10-20,10.63,11.23,10.44,11.06,0
2006-10-23,11.08,11.25,10.62,11.15,0
2006-10-24,10.78,11.27,10.78,11.25,0
2006-10-25,10.66,10.88,10.6,10.88,0
2006-10-26,10.56,10.96,10.47,10.56,0
2006-10-27,10.8,10.99,10.53,10.66,0
2006-10-30,11.2,11.43,10.92,11.36,0
2006-10-31,11.1,11.39,10.99,11.1,0
2006-11-01,11.51,11.68,10.89,10.93,0
2006-11-02,11.42,11.76,11.41,11.61,0
2006-11-03,11.16,11.43,10.34,11.16,0
2006-11-06,11.16,11.41,10.99,11.39,0
2006-11-07,11.09,11.19,10.87,11.06,0
2006-11-08,10.75,11.49,10.7,11.41,0
2006-11-09,11.01,11.07,10.57,10.65,0
2006-11-10,10.79,11.12,10.77,11.01,0
2006-11-13,10.86,11.26,10.69,11.19,0
2006-11-14,10.5,11.31,10.14,10.89,0
2006-11-15,10.31,10.61,10.13,10.47,0
2006-11-16,10.16,10.35,10.04,10.13,0
2006-11-17,10.05,10.48,10.05,10.37,0
2006-11-20,9.97,10.48,9.91,10.42,0
2006-11-21,9.9,10.06,9.84,10.05,0
2006-11-22,10.14,10.15,9.81,10.02,0
2006-11-24,10.73,10.86,10.56,10.81,0
2006-11-27,12.3,12.33,11.14,11.26,0
2006-11-28,11.62,12.55,11.56,12.48,0
2006-11-29,10.83,11.43,10.67,11.41,0
2006-11-30,10.91,11.3,10.58,10.88,0
2006-12-01,11.66,12.28,10.96,11.07,0
2006-12-04,11.23,12.01,10.98,12.01,0
2006-12-05,11.27,11.59,10.85,11.13,0
2006-12-06,11.33,11.55,11.19,11.39,0
2006-12-07,12.67,12.68,11.17,11.35,0
2006-12-08,12.08,12.67,11.91,12.58,0
2006-12-11,10.71,11.93,10.71,11.88,0
2006-12-12,10.65,11.39,10.35,11.2,0
2006-12-13,10.18,10.58,10.15,10.45,0
2006-12-14,9.97,10.75,9.64,10.74,0
2006-12-15,10.05,10.07,9.39,9.68,0
2006-12-18,10.6,10.91,10.46,10.64,0
2006-12-19,10.3,11.31,10.27,11.06,0
2006-12-20,10.26,10.33,10.03,10.3,0
2006-12-21,10.53,10.89,10.13,10.36,0
2006-12-22,11.36,11.46,10.59,10.59,0
2006-12-26,11.26,12.03,11.24,12.03,0
2006-12-27,10.64,11.12,10.59,11.12,0
2006-12-28,10.99,11.06,10.73,10.84,0
2006-12-29,11.56,11.65,10.71,10.95,0
2007-01-03,12.04,12.75,11.53,12.16,0
2007-01-04,11.51,12.42,11.28,12.4,0
2007-01-05,12.14,12.25,11.68,11.84,0
2007-01-08,12.0,12.83,11.78,12.48,0
2007-01-09,11.91,12.47,11.69,11.86,0
2007-01-10,11.47,12.5,11.43,12.34,0
2007-01-11,10.87,11.48,10.5,11.42,0
2007-01-12,10.15,10.93,10.14,10.93,0
2007-01-16,10.74,10.89,10.4,10.64,0
2007-01-17,10.59,10.9,10.35,10.9,0
2007-01-18,10.85,11.04,10.45,10.65,0
2007-01-19,10.4,11.03,10.24,10.8,0
2007-01-22,10.77,11.08,10.62,10.77,0
2007-01-23,10.34,10.94,10.22,10.77,0
2007-01-24,9.89,10.41,9.87,10.41,0
2007-01-25,11.22,11.38,9.95,9.99,0
2007-01-26,11.13,11.6,10.92,10.95,0
2007-01-29,11.45,11.6,10.92,11.5,0
2007-01-30,10.96,11.49,10.95,11.28,0
2007-01-31,10.42,11.26,10.27,11.09,0
2007-02-01,10.31,10.43,10.14,10.32,0
2007-02-02,10.08,10.36,9.96,10.3,0
2007-02-05,10.55,10.7,10.44,10.53,0
2007-02-06,10.65,10.88,10.44,10.55,0
2007-02-07,10.32,10.56,10.24,10.31,0
2007-02-08,10.44,10.91,10.4,10.49,0
2007-02-09,11.1,11.56,10.25,10.42,0
2007-02-12,11.61,11.88,11.3,11.33,0
2007-02-13,10.34,11.42,10.33,11.42,0
2007-02-14,10.23,10.26,9.7,10.19,0
2007-02-15,10.22,10.32,10.05,10.28,0
2007-02-16,10.02,10.44,9.98,10.42,0
2007-02-20,10.24,10.72,10.14,10.62,0
2007-02-21,10.2,10.53,10.17,10.48,0
2007-02-22,10.18,10.52,10.01,10.23,0
2007-02-23,10.58,10.7,10.36,10.41,0
2007-02-26,11.15,11.44,10.52,10.59,0
2007-02-27,18.31,19.01,12.1,12.12,0
2007-02-28,15.42,17.29,14.5,17.21,0
2007-03-01,15.82,19.4,15.36,17.76,0
2007-03-02,18.61,18.63,16.04,16.7,0
2007-03-05,19.63,20.41,18.13,20.4,0
2007-03-06,15.96,18.34,15.76,18.31,0
2007-03-07,15.24,16.27,14.52,16.25,0
2007-03-08,14.29,14.7,13.48,14.34,0
2007-03-09,14.09,14.62,13.67,13.7,0
2007-03-12,13.99,14.96,13.76,14.96,0
2007-03-13,18.13,18.42,14.6,14.87,0
2007-03-14,17.27,21.25,16.75,17.63,0
2007-03-15,16.43,16.91,15.27,16.91,0
2007-03-16,16.79,17.71,15.29,15.38,0
2007-03-19,14.59,15.82,14.58,15.82,0
2007-03-20,13.27,15.16,13.25,15.01,0
2007-03-21,12.19,13.67,11.21,13.27,0
2007-03-22,12.93,12.95,12.04,12.29,0
2007-03-23,12.95,13.18,12.46,13.13,0
2007-03-26,13.11,14.7,12.91,13.39,0
2007-03-27,13.48,13.9,13.4,13.56,0
2007-03-28,14.98,15.51,14.22,14.28,0
2007-03-29,15.14,16.05,14.34,14.98,1988300
2007-03-30,14.64,15.82,14.14,15.14,0
2007-04-02,14.53,15.46,14.4,14.91,0
2007-04-03,13.46,14.53,12.81,14.02,0
2007-04-04,13.24,13.91,13.2,13.82,0
2007-04-05,13.23,13.66,12.69,13.57,0
2007-04-09,13.14,13.56,12.89,13.26,0
2007-04-10,12.68,13.33,12.56,13.33,0
2007-04-11,13.49,14.08,12.68,12.72,0
2007-04-12,12.71,14.15,12.58,13.65,0
2007-04-13,12.2,13.0,12.13,12.67,0
2007-04-16,11.98,12.1,11.46,11.86,0
2007-04-17,12.14,12.17,11.5,11.7,0
2007-04-18,12.42,12.57,11.95,12.48,0
2007-04-19,12.54,13.27,12.41,13.16,0
2007-04-20,12.07,12.67,11.97,12.03,0
2007-04-23,13.04,13.08,12.07,12.6,0
2007-04-24,13.12,13.89,13.04,13.12,0
2007-04-25,13.21,13.23,12.58,12.74,0
2007-04-26,12.79,13.67,12.67,13.16,0
2007-04-27,12.45,13.26,12.41,13.12,0
2007-04-30,14.22,14.31,12.45,12.9,0
2007-05-01,13.51,14.6,13.48,14.1,0
2007-05-02,13.08,13.52,12.55,13.52,0
2007-05-03,13.09,13.36,12.89,13.01,0
2007-05-04,12.91,13.36,12.59,12.91,0
2007-05-07,13.15,13.37,12.91,13.34,0
2007-05-08,13.21,13.69,13.15,13.48,0
2007-05-09,12.88,13.5,12.54,13.43,0
2007-05-10,13.6,13.85,12.88,13.31,0
2007-05-11,12.95,13.47,12.63,13.47,0
2007-05-14,13.96,14.43,13.01,13.26,0
2007-05-15,14.01,14.3,13.27,13.88,0
2007-05-16,13.5,14.18,13.47,14.02,0
2007-05-17,13.51,13.82,13.25,13.62,0
2007-05-18,12.76,13.22,12.69,13.01,0
2007-05-21,13.3,13.3,12.7,13.24,0
2007-05-22,13.02,13.38,12.7,13.29,0
2007-05-23,13.24,13.28,12.55,12.77,0
2007-05-24,14.08,14.36,12.92,13.15,0
2007-05-25,13.34,13.87,13.23,13.81,0
2007-05-29,13.53,13.95,13.31,13.86,0
2007-05-30,12.83,14.29,12.82,14.18,0
2007-05-31,13.05,13.18,12.62,12.78,0
2007-06-01,12.78,13.01,12.43,12.77,0
2007-06-04,13.29,13.54,12.78,13.47,0
2007-06-05,13.63,14.17,13.29,13.58,0
2007-06-06,14.87,15.06,13.63,14.07,0
2007-06-07,17.06,17.09,14.89,15.08,0
2007-06-08,14.84,17.06,14.73,16.75,0
2007-06-11,14.71,15.47,14.24,15.31,0
2007-06-12,16.67,16.7,14.77,15.46,0
2007-06-13,14.73,16.1,14.67,16.05,0
2007-06-14,13.64,14.82,13.59,14.76,0
2007-06-15,13.94,13.97,12.58,13.01,0
2007-06-18,13.42,14.51,13.35,14.42,0
2007-06-19,12.85,13.8,12.79,13.78,0
2007-06-20,14.67,14.76,12.75,12.77,0
2007-06-21,14.21,15.56,14.17,14.8,0
2007-06-22,15.75,16.58,14.31,14.45,0
2007-06-25,16.65,17.24,15.41,16.5,0
2007-06-26,18.89,18.89,16.21,16.46,0
2007-06-27,15.53,18.98,15.44,18.87,0
2007-06-28,15.54,15.71,14.98,15.7,0
2007-06-29,16.23,17.13,14.62,15.25,0
2007-07-02,15.4,16.48,15.31,16.48,0
2007-07-03,15.29,15.4,14.85,15.29,0
2007-07-05,15.48,15.95,15.17,15.37,0
2007-07-06,14.72,15.59,14.67,15.36,0
2007-07-09,15.16,15.69,15.03,15.34,0
2007-07-10,17.57,17.68,15.83,15.88,0
2007-07-11,16.64,17.91,16.64,17.69,0
2007-07-12,15.54,16.39,14.93,16.39,0
2007-07-13,15.15,15.51,14.79,15.39,0
2007-07-16,15.59,15.83,15.27,15.57,0
2007-07-17,15.63,15.78,15.31,15.58,0
2007-07-18,16.0,17.06,15.95,16.38,0
2007-07-19,15.23,15.62,15.06,15.43,0
2007-07-20,16.95,18.53,15.36,15.39,0
2007-07-23,16.81,17.09,16.39,16.62,0
2007-07-24,18.55,19.09,17.48,17.63,0
2007-07-25,18.1,19.46,17.38,17.77,0
2007-07-26,20.74,23.36,19.3,19.41,0
2007-07-27,24.17,24.17,19.6,20.34,0
2007-07-30,20.87,23.64,20.86,23.64,0
2007-07-31,23.52,23.93,19.68,20.08,0
2007-08-01,23.67,26.22,23.26,23.71,0
2007-08-02,21.22,23.0,21.2,22.94,0
2007-08-03,25.16,25.55,21.09,21.52,0
2007-08-06,22.6,26.47,22.44,25.32,0
2007-08-07,21.56,23.74,21.37,23.33,0
2007-08-08,21.45,22.95,19.33,20.97,0
2007-08-09,26.48,26.9,23.84,24.46,0
2007-08-10,28.3,29.84,26.91,28.04,0
2007-08-13,26.57,28.02,25.48,28.02,0
2007-08-14,27.68,28.29,25.31,25.56,0
2007-08-15,30.67,31.76,26.16,28.22,0
2007-08-16,30.83,37.5,30.44,32.68,0
2007-08-17,29.99,31.46,25.23,25.25,0
2007-08-20,26.33,29.95,25.8,29.87,0
2007-08-21,25.25,26.72,24.77,26.39,0
2007-08-22,22.89,24.44,22.87,24.33,0
2007-08-23,22.62,23.61,22.05,22.47,0
2007-08-24,20.72,23.03,20.44,22.75,0
2007-08-27,22.72,22.83,21.96,22.24,0
2007-08-28,26.3,26.57,23.72,23.87,0
2007-08-29,23.81,26.02,23.44,25.87,0
2007-08-30,25.06,25.58,23.69,25.4,0
2007-08-31,23.38,24.07,22.47,23.53,0
2007-09-04,22.78,24.81,21.71,21.93,0
2007-09-05,24.58,25.45,23.8,24.03,0
2007-09-06,23.99,25.14,23.66,24.43,0
2007-09-07,26.23,26.97,25.6,25.98,0
2007-09-10,27.38,28.82,26.56,26.91,0
2007-09-11,25.27,27.21,25.19,27.11,0
2007-09-12,24.96,26.21,24.57,25.97,0
2007-09-13,24.76,25.32,23.83,25.01,0
2007-09-14,24.92,26.48,24.68,26.38,0
2007-09-17,26.48,27.08,25.8,26.45,0
2007-09-18,20.35,26.23,20.27,25.79,0
2007-09-19,20.03,20.57,19.17,19.96,0
2007-09-20,20.45,20.82,19.55,20.47,0
2007-09-21,19.0,19.81,18.37,19.44,0
2007-09-24,19.37,19.62,18.32,19.04,0
2007-09-25,18.6,20.46,18.44,20.25,0
2007-09-26,17.63,18.18,17.3,17.92,0
2007-09-27,17.0,17.47,16.95,17.12,0
2007-09-28,18.0,18.22,16.91,17.23,0
2007-10-01,17.84,18.44,17.11,18.44,0
2007-10-02,18.49,18.89,17.6,17.67,0
2007-10-03,18.8,18.99,18.31,18.88,0
2007-10-04,18.44,18.65,18.26,18.65,0
2007-10-05,16.91,17.56,16.44,17.55,0
2007-10-08,17.46,17.83,17.32,17.73,0
2007-10-09,16.12,17.28,16.09,17.15,0
2007-10-10,16.67,17.35,16.39,16.42,0
2007-10-11,18.88,19.73,16.08,16.15,0
2007-10-12,17.73,18.74,17.49,18.68,0
2007-10-15,19.25,20.01,17.95,18.14,0
2007-10-16,20.02,20.75,19.73,20.07,0
2007-10-17,18.54,20.11,18.28,18.76,0
2007-10-18,18.5,19.56,17.73,19.16,0
2007-10-19,22.96,22.96,19.02,19.15,0
2007-10-22,21.64,23.94,21.38,23.89,0
2007-10-23,20.41,21.43,20.13,21.29,0
2007-10-24,20.8,24.15,20.59,21.16,0
2007-10-25,21.17,22.4,20.04,20.84,0
2007-10-26,19.56,20.97,19.48,19.84,0
2007-10-29,19.87,20.24,16.84,19.93,0
2007-10-30,21.07,21.15,20.31,20.46,0
2007-10-31,18.53,22.09,18.3,20.53,0
2007-11-01,23.21,24.15,17.38,19.89,0
2007-11-02,23.01,25.17,22.56,22.56,0
2007-11-05,24.31,25.46,23.61,25.25,0
2007-11-06,21.39,23.74,21.24,23.5,0
2007-11-07,26.49,26.85,22.75,23.15,0
2007-11-08,26.16,29.15,25.32,26.45,0
2007-11-09,28.5,28.84,26.21,27.96,0
2007-11-12,31.09,31.09,24.47,30.57,0
2007-11-13,24.1,27.5,23.82,27.47,0
2007-11-14,25.94,27.03,23.07,23.35,0
2007-11-15,28.06,29.31,25.98,26.96,0
2007-11-16,25.49,28.12,25.12,27.04,0
2007-11-19,26.01,27.18,25.74,26.74,0
2007-11-20,24.88,27.35,23.62,26.12,0
2007-11-21,26.84,27.77,24.55,26.3,0
2007-11-23,25.96,26.42,25.35,26.42,0
2007-11-26,28.91,28.95,25.84,26.46,0
2007-11-27,26.28,28.24,26.23,28.14,0
2007-11-28,24.11,25.14,23.55,25.14,0
2007-11-29,23.97,24.61,23.35,24.59,0
2007-11-30,22.87,23.39,22.0,22.67,0
2007-12-03,23.61,24.49,23.4,23.59,0
2007-12-04,23.79,24.59,23.32,24.3,0
2007-12-05,22.53,23.03,21.87,22.72,0
2007-12-06,20.96,22.75,19.65,22.68,0
2007-12-07,20.85,21.01,20.29,20.69,0
2007-12-10,20.74,21.46,20.36,21.16,0
2007-12-11,23.59,23.7,19.77,20.69,0
2007-12-12,22.47,24.22,20.49,20.82,0
2007-12-13,22.56,24.04,22.41,23.53,0
2007-12-14,23.27,23.53,22.26,23.53,0
2007-12-17,24.52,24.86,23.42,24.13,0
2007-12-18,22.64,24.6,22.41,23.7,0
2007-12-19,21.68,22.68,21.3,22.62,0
2007-12-20,20.58,21.67,20.58,21.02,0
2007-12-21,18.47,19.82,18.28,19.82,0
2007-12-24,18.6,19.42,18.48,19.08,0
2007-12-26,18.66,19.47,18.6,19.37,0
2007-12-27,20.26,20.51,19.15,19.15,0
2007-12-28,20.74,21.05,19.44,19.59,0
2007-12-31,22.5,22.75,21.79,21.87,0
2008-01-02,23.17,24.05,22.4,22.58,0
2008-01-03,22.49,23.27,22.11,23.11,0
2008-01-04,23.94,24.3,23.25,23.5,0
2008-01-07,23.79,24.88,23.3,24.62,0
2008-01-08,25.43,25.6,22.63,23.27,0
2008-01-09,24.12,25.95,23.9,25.61,0
2008-01-10,23.45,24.61,22.62,24.56,0
2008-01-11,23.68,24.41,23.22,24.04,0
2008-01-14,22.9,23.93,22.65,23.76,0
2008-01-15,23.34,24.59,22.97,24.1,0
2008-01-16,24.38,24.38,22.85,23.9,0
2008-01-17,28.46,28.51,23.87,24.11,0
2008-01-18,27.18,29.3,26.27,27.55,0
2008-01-22,31.01,37.57,29.71,35.12,0
2008-01-23,29.02,34.42,22.82,33.84,0
2008-01-24,27.78,28.48,27.03,28.07,0
2008-01-25,29.08,29.76,25.93,26.19,0
2008-01-28,27.78,30.26,27.57,29.67,0
2008-01-29,27.32,27.96,26.55,26.61,0
2008-01-30,27.62,28.34,24.74,27.53,0
2008-01-31,26.2,28.81,25.45,28.78,0
2008-02-01,24.02,25.75,24.02,25.66,0
2008-02-04,25.99,26.03,24.85,25.09,0
2008-02-05,28.24,28.49,27.2,27.2,0
2008-02-06,28.97,29.31,27.04,27.75,0
2008-02-07,27.66,29.7,26.78,29.51,0
2008-02-08,28.01,28.89,27.22,27.98,0
2008-02-11,27.6,29.57,27.32,29.14,0
2008-02-12,26.33,27.17,25.25,26.56,0
2008-02-13,24.88,26.06,24.57,25.67,0
2008-02-14,25.54,25.64,23.98,24.64,0
2008-02-15,25.02,25.67,24.45,25.58,0
2008-02-19,25.59,26.59,24.73,25.39,0
2008-02-20,24.4,26.95,24.21,25.6,0
2008-02-21,25.12,25.45,23.74,24.42,0
2008-02-22,24.06,25.93,23.62,24.99,0
2008-02-25,23.03,25.07,22.69,24.06,0
2008-02-26,21.9,23.45,21.64,23.44,0
2008-02-27,22.69,23.01,21.83,21.9,0
2008-02-28,23.53,23.79,22.69,22.69,0
2008-02-29,26.54,26.91,23.54,23.54,0
2008-03-03,26.28,28.13,26.27,27.54,0
2008-03-04,25.52,27.42,25.51,27.19,0
2008-03-05,24.6,25.77,23.3,25.52,0
2008-03-06,27.55,27.9,25.04,25.45,0
2008-03-07,27.49,29.29,26.48,28.52,0
2008-03-10,29.38,29.73,27.92,28.13,0
2008-03-11,26.36,28.64,26.35,27.25,0
2008-03-12,27.22,27.25,24.9,26.39,0
2008-03-13,27.29,29.62,25.65,27.22,0
2008-03-14,31.16,32.89,26.02,27.31,0
2008-03-17,32.24,35.6,31.1,35.14,0
2008-03-18,25.79,32.24,25.58,32.24,0
2008-03-19,29.84,29.95,25.16,25.78,0
2008-03-20,26.62,29.84,25.8,29.84,0
2008-03-24,25.73,27.04,24.75,26.64,0
2008-03-25,25.72,26.42,25.17,25.75,0
2008-03-26,26.08,26.85,25.51,25.75,0
2008-03-27,25.88,25.98,24.91,25.55,0
2008-03-28,25.71,25.96,25.04,25.81,0
2008-03-31,25.61,26.77,25.35,25.71,0
2008-04-01,22.68,25.61,22.52,25.61,0
2008-04-02,23.43,23.65,22.39,22.64,0
2008-04-03,23.21,24.15,23.0,23.84,0
2008-04-04,22.45,23.31,21.75,23.0,0
2008-04-07,22.42,22.73,21.21,22.45,0
2008-04-08,22.36,23.16,22.36,22.42,0
2008-04-09,22.81,23.57,22.36,22.36,0
2008-04-10,21.98,23.22,21.63,22.8,0
2008-04-11,23.46,23.59,22.65,23.03,0
2008-04-14,23.82,24.35,23.46,23.46,0
2008-04-15,22.78,23.99,22.72,23.84,0
2008-04-16,20.53,22.09,20.5,22.03,0
2008-04-17,20.37,21.54,20.35,21.13,0
2008-04-18,20.13,20.37,19.21,20.37,0
2008-04-21,20.5,21.12,20.15,20.15,0
2008-04-22,20.87,21.6,20.47,20.47,0
2008-04-23,20.26,20.95,19.88,20.63,0
2008-04-24,20.06,20.77,19.21,20.26,0
2008-04-25,19.59,20.36,19.28,19.6,0
2008-04-28,19.64,20.25,19.37,20.14,0
2008-04-29,20.24,20.54,19.63,19.86,0
2008-04-30,20.79,20.81,19.69,20.24,0
2008-05-01,18.88,20.83,18.87,20.78,0
2008-05-02,18.18,19.11,17.97,18.87,0
2008-05-05,18.9,19.29,18.68,18.68,0
2008-05-06,18.21,19.57,18.11,18.9,0
2008-05-07,19.73,19.98,18.42,18.48,0
2008-05-08,19.4,19.92,18.62,19.73,0
2008-05-09,19.41,20.01,19.3,19.98,0
2008-05-12,17.79,19.48,16.92,19.17,0
2008-05-13,17.98,18.63,17.76,17.79,0
2008-05-14,17.66,17.98,16.19,17.98,0
2008-05-15,16.3,17.84,16.25,17.65,0
2008-05-16,16.47,17.92,16.3,16.3,0
2008-05-19,17.01,17.89,15.82,16.47,0
2008-05-20,17.58,18.42,17.02,17.02,0
2008-05-21,18.59,18.89,17.01,17.64,0
2008-05-22,18.05,19.11,17.82,18.92,0
2008-05-23,19.55,19.8,18.38,18.58,0
2008-05-27,19.64,20.95,19.42,20.78,0
2008-05-28,19.07,20.03,19.01,19.64,0
2008-05-29,18.14,19.17,17.54,19.08,0
2008-05-30,17.83,18.21,17.56,18.14,0
2008-06-02,19.83,20.45,17.83,17.83,0
2008-06-03,20.24,21.0,18.89,19.8,0
2008-06-04,20.8,21.31,19.76,20.64,0
2008-06-05,18.63,20.59,18.62,20.54,0
2008-06-06,23.56,23.79,18.63,18.63,0
2008-06-09,23.12,24.47,20.78,23.56,0
2008-06-10,23.18,24.42,22.31,24.37,0
2008-06-11,24.12,24.3,22.86,23.44,0
2008-06-12,23.33,23.98,21.91,23.61,0
2008-06-13,21.22,23.14,21.04,23.02,0
2008-06-16,20.95,22.84,20.73,21.22,0
2008-06-17,21.13,21.42,20.02,20.96,0
2008-06-18,22.24,22.86,21.26,21.67,0
2008-06-19,21.58,22.61,20.91,22.24,0
2008-06-20,22.87,23.7,21.58,21.58,0
2008-06-23,22.64,23.14,22.52,22.89,0
2008-06-24,22.42,23.48,21.68,22.69,0
2008-06-25,21.14,22.42,20.34,22.42,0
2008-06-26,23.93,23.99,22.15,22.23,0
2008-06-27,23.44,24.56,23.3,23.75,0
2008-06-30,23.95,24.26,23.27,24.25,0
2008-07-01,23.65,25.57,23.64,25.14,0
2008-07-02,25.92,25.96,22.7,23.4,0
2008-07-03,24.79,26.08,24.44,25.92,0
2008-07-07,25.78,26.91,24.73,25.48,0
2008-07-08,23.15,26.05,23.02,25.72,0
2008-07-09,25.23,25.39,22.59,23.16,0
2008-07-10,25.59,26.62,25.07,25.22,0
2008-07-11,27.49,29.44,25.56,25.56,0
2008-07-14,28.48,29.3,26.9,27.49,0
2008-07-15,28.54,30.81,27.01,28.47,0
2008-07-16,25.1,28.19,24.87,28.19,0
2008-07-17,25.01,25.5,23.99,24.58,0
2008-07-18,24.05,25.19,23.78,25.01,0
2008-07-21,23.05,24.58,23.04,24.05,0
2008-07-22,21.18,24.08,21.05,24.02,0
2008-07-23,21.31,22.08,20.73,21.23,0
2008-07-24,23.44,23.61,21.31,21.31,0
2008-07-25,22.91,23.45,22.31,23.45,0
2008-07-28,24.23,24.62,19.65,22.91,0
2008-07-29,22.03,24.22,21.96,24.2,0
2008-07-30,21.21,22.31,20.99,22.03,0
2008-07-31,22.94,22.96,21.45,22.33,0
2008-08-01,22.57,23.37,22.35,22.66,0
2008-08-04,23.49,23.86,22.94,23.77,0
2008-08-05,21.14,22.99,20.06,22.99,0
2008-08-06,20.23,21.66,19.75,21.14,0
2008-08-07,21.15,21.46,20.23,20.23,0
2008-08-08,20.66,21.69,20.11,21.15,0
2008-08-11,20.12,20.96,19.66,20.66,0
2008-08-12,21.17,21.51,20.38,20.64,0
2008-08-13,21.55,22.11,20.8,21.57,0
2008-08-14,20.34,22.3,20.07,22.3,0
2008-08-15,19.58,20.65,19.57,20.24,0
2008-08-18,20.98,21.44,19.58,19.58,0
2008-08-19,21.28,22.14,21.28,21.76,0
2008-08-20,20.42,21.67,20.39,21.3,0
2008-08-21,19.82,21.08,18.94,20.43,0
2008-08-22,18.81,19.83,18.64,19.83,0
2008-08-25,20.97,21.22,18.78,18.78,0
2008-08-26,20.49,21.27,20.48,20.98,0
2008-08-27,19.76,20.67,19.53,20.48,0
2008-08-28,19.43,19.66,19.22,19.36,0
2008-08-29,20.65,20.71,19.43,19.43,0
2008-09-02,21.99,22.3,20.47,20.65,0
2008-09-03,21.43,22.3,21.39,21.99,0
2008-09-04,24.03,24.15,21.91,22.02,0
2008-09-05,23.06,24.71,22.97,24.54,0
2008-09-08,22.64,24.06,22.12,22.22,0
2008-09-09,25.47,25.68,22.58,22.69,0
2008-09-10,24.52,25.48,23.8,25.47,0
2008-09-11,24.39,26.25,24.39,25.38,0
2008-09-12,25.66,26.67,24.8,24.8,0
2008-09-15,31.7,31.87,25.66,25.66,0
2008-09-16,30.3,33.7,30.24,31.7,0
2008-09-17,36.22,36.4,30.25,30.25,0
2008-09-18,33.1,42.16,33.1,36.1,0
2008-09-19,32.07,33.08,27.95,33.07,0
2008-09-22,33.85,34.22,30.81,32.4,0
2008-09-23,35.72,36.08,32.63,33.85,0
2008-09-24,35.19,36.71,34.16,35.7,0
2008-09-25,32.82,35.19,32.45,35.19,0
2008-09-26,34.74,36.4,32.82,32.82,0
2008-09-29,46.72,48.4,36.92,36.92,0
2008-09-30,39.39,43.8,38.86,43.77,0
2008-10-01,39.81,42.38,39.39,39.39,0
2008-10-02,45.26,46.48,39.82,39.82,0
2008-10-03,45.14,45.52,41.51,45.22,0
2008-10-06,52.05,58.24,45.12,45.12,0
2008-10-07,53.68,54.19,47.03,52.05,0
2008-10-08,57.53,59.06,51.9,53.68,0
2008-10-09,63.92,64.92,52.54,57.57,0
2008-10-10,69.95,76.94,59.96,65.85,0
2008-10-13,54.99,71.42,54.69,69.95,0
2008-10-14,55.13,59.81,47.29,55.1,0
2008-10-15,69.25,69.47,55.69,55.69,0
2008-10-16,67.61,81.17,66.51,69.21,0
2008-10-17,70.33,74.48,59.82,67.65,0
2008-10-20,52.97,70.4,52.7,70.4,0
2008-10-21,53.11,56.37,50.91,52.95,0
2008-10-22,69.65,80.64,53.0,53.0,0
2008-10-23,67.8,79.43,51.83,68.03,0
2008-10-24,79.13,89.53,67.8,67.8,0
2008-10-27,80.06,81.65,65.9,79.13,0
2008-10-28,66.96,78.98,65.66,73.3,0
2008-10-29,69.96,71.14,62.72,66.96,0
2008-10-30,62.9,69.83,62.67,69.83,0
2008-10-31,59.89,65.85,56.73,62.93,0
2008-11-03,53.68,60.77,53.63,60.17,0
2008-11-04,47.73,53.68,44.25,53.68,0
2008-11-05,54.56,55.62,46.87,47.73,0
2008-11-06,63.68,64.78,55.6,56.71,0
2008-11-07,56.1,63.68,56.03,63.68,0
2008-11-10,59.98,62.09,54.63,56.09,0
2008-11-11,61.44,64.73,58.58,59.98,0
2008-11-12,66.46,67.19,61.52,61.52,0
2008-11-13,59.83,69.99,58.66,66.45,0
2008-11-14,66.31,66.31,59.75,62.6,0
2008-11-17,69.15,69.59,65.1,69.57,0
2008-11-18,67.64,73.13,67.18,70.09,0
2008-11-19,74.26,75.0,67.34,68.46,0
2008-11-20,80.86,81.48,72.76,74.26,0
2008-11-21,72.67,80.74,71.63,80.74,0
2008-11-24,64.7,71.35,61.81,71.19,0
2008-11-25,60.9,65.49,60.25,64.76,0
2008-11-26,54.92,62.5,54.62,60.9,0
2008-11-28,55.28,56.82,50.5,56.02,0
2008-12-01,68.51,68.6,60.36,60.47,0
2008-12-02,62.98,67.01,62.31,66.68,0
2008-12-03,60.72,65.37,60.18,62.98,0
2008-12-04,63.64,65.08,60.21,62.19,0
2008-12-05,59.93,66.54,59.26,63.64,0
2008-12-08,58.49,59.87,57.35,58.86,0
2008-12-09,58.91,59.57,56.37,59.48,0
2008-12-10,55.73,58.91,53.79,58.91,0
2008-12-11,55.78,56.44,52.94,55.08,0
2008-12-12,54.28,58.84,54.26,55.78,0
2008-12-15,56.76,58.49,55.68,55.68,0
2008-12-16,52.37,56.76,50.91,56.76,0
2008-12-17,49.84,52.19,49.36,52.0,0
2008-12-18,47.34,49.84,44.5,49.84,0
2008-12-19,44.93,46.01,41.29,46.01,0
2008-12-22,44.56,46.69,42.75,44.93,0
2008-12-23,45.02,45.39,41.68,43.19,0
2008-12-24,44.21,45.02,44.15,45.02,0
2008-12-26,43.38,44.36,42.92,44.27,0
2008-12-29,43.9,46.24,42.16,43.35,0
2008-12-30,41.63,44.29,41.63,43.99,0
2008-12-31,40.0,41.63,37.96,41.63,0
2009-01-02,39.19,39.82,36.88,39.58,0
2009-01-05,39.08,40.22,38.3,39.24,0
2009-01-06,38.56,39.33,37.34,38.06,0
2009-01-07,43.39,43.82,40.12,40.29,0
2009-01-08,42.56,44.6,42.56,43.38,0
2009-01-09,42.82,43.13,41.05,41.18,0
2009-01-12,45.84,46.62,41.94,42.06,0
2009-01-13,43.27,47.08,43.23,45.84,0
2009-01-14,49.14,51.55,46.14,46.24,0
2009-01-15,51.0,55.16,49.14,49.14,0
2009-01-16,46.11,51.0,45.96,51.0,0
2009-01-20,56.65,57.36,49.27,50.12,0
2009-01-21,46.42,54.12,46.15,51.52,0
2009-01-22,47.29,51.76,46.51,50.65,0
2009-01-23,47.27,51.11,46.43,50.39,0
2009-01-26,45.69,47.93,44.29,47.89,0
2009-01-27,42.25,45.93,42.2,45.11,0
2009-01-28,39.66,42.25,33.76,42.25,0
2009-01-29,42.63,43.03,41.12,41.34,0
2009-01-30,44.84,45.53,42.09,42.63,0
2009-02-02,45.52,49.54,45.26,49.42,0
2009-02-03,43.06,45.52,42.43,45.52,0
2009-02-04,43.85,44.52,41.39,43.06,0
2009-02-05,43.73,46.23,42.32,43.83,0
2009-02-06,43.37,43.71,41.2,43.71,0
2009-02-09,43.64,45.45,43.04,45.4,0
2009-02-10,46.67,48.12,44.18,45.14,0
2009-02-11,44.53,46.67,44.5,46.67,0
2009-02-12,41.25,48.63,41.21,44.52,0
2009-02-13,42.93,43.02,40.73,41.6,0
2009-02-17,48.66,51.18,46.96,48.14,0
2009-02-18,48.46,50.29,46.0,48.66,0
2009-02-19,47.08,48.54,44.81,48.54,0
2009-02-20,49.3,52.04,42.02,47.08,0
2009-02-23,52.62,53.16,48.97,49.3,0
2009-02-24,45.49,52.56,44.28,52.5,0
2009-02-25,44.67,47.23,42.84,45.73,0
2009-02-26,44.66,45.33,41.91,43.75,0
2009-02-27,46.35,47.34,44.46,44.66,0
2009-03-02,52.65,53.25,48.35,49.96,0
2009-03-03,50.93,52.76,48.5,52.65,0
2009-03-04,47.56,48.83,45.02,48.02,0
2009-03-05,50.17,51.95,46.98,47.56,0
2009-03-06,49.33,51.95,47.65,50.17,0
2009-03-09,49.68,51.34,48.4,49.35,0
2009-03-10,44.37,49.68,43.88,49.68,0
2009-03-11,43.61,44.26,42.36,43.35,0
2009-03-12,41.18,43.98,40.75,43.53,0
2009-03-13,42.36,43.52,40.03,40.99,0
2009-03-16,43.74,44.23,42.36,42.36,0
2009-03-17,40.8,44.59,40.74,44.23,0
2009-03-18,40.06,42.39,38.98,41.14,0
2009-03-19,43.68,44.17,38.79,40.06,0
2009-03-20,45.89,47.63,43.07,43.6,0
2009-03-23,43.23,45.89,41.27,45.89,0
2009-03-24,42.93,44.0,41.63,43.24,0
2009-03-25,42.25,44.2,40.81,42.35,0
2009-03-26,40.36,42.25,40.17,42.25,0
2009-03-27,41.04,42.13,40.36,40.36,0
2009-03-30,45.54,46.28,44.86,44.86,0
2009-03-31,44.14,45.54,42.27,45.54,0
2009-04-01,42.28,45.6,42.26,45.42,0
2009-04-02,42.04,42.68,40.3,42.28,0
2009-04-03,39.7,42.03,39.64,42.03,0
2009-04-06,40.93,43.02,40.83,41.96,0
2009-04-07,40.39,42.5,40.36,41.48,0
2009-04-08,38.85,40.86,38.7,40.39,0
2009-04-09,36.53,37.74,36.53,37.22,0
2009-04-13,37.81,38.91,37.51,38.32,0
2009-04-14,37.67,38.5,36.88,37.95,0
2009-04-15,36.17,38.06,36.1,37.85,0
2009-04-16,35.79,36.8,34.88,36.04,0
2009-04-17,33.94,35.52,33.68,35.36,0
2009-04-20,39.18,39.58,33.94,33.94,0
2009-04-21,37.14,40.29,36.95,40.27,0
2009-04-22,38.1,38.19,36.01,37.14,0
2009-04-23,37.15,38.52,37.01,38.1,0
2009-04-24,36.82,37.53,36.37,36.86,0
2009-04-27,38.32,39.52,37.97,39.46,0
2009-04-28,37.95,39.64,37.42,39.43,0
2009-04-29,36.08,37.95,35.37,37.95,0
2009-04-30,36.5,36.71,34.5,36.09,0
2009-05-01,35.3,36.88,34.88,36.5,0
2009-05-04,34.53,36.24,34.31,35.3,0
2009-05-05,33.36,35.14,33.36,34.54,0
2009-05-06,32.45,33.7,32.43,33.36,0
2009-05-07,33.44,34.56,31.91,32.1,0
2009-05-08,32.05,32.72,31.19,32.36,0
2009-05-11,32.87,34.08,32.05,32.05,0
2009-05-12,31.8,33.29,31.57,32.68,0
2009-05-13,33.65,33.99,32.56,32.97,0
2009-05-14,31.37,33.96,31.32,33.65,0
2009-05-15,33.12,33.61,30.59,31.36,0
2009-05-18,30.24,32.91,30.0,32.91,0
2009-05-19,28.8,30.32,28.35,30.23,0
2009-05-20,29.03,29.16,26.57,27.47,0
2009-05-21,31.35,32.77,29.03,29.03,0
2009-05-22,32.63,32.71,30.57,31.36,0
2009-05-26,30.62,34.57,30.38,34.57,0
2009-05-27,32.36,32.53,29.62,30.8,0
2009-05-28,31.67,33.32,31.1,31.54,0
2009-05-29,28.92,31.67,28.85,31.67,0
2009-06-01,30.04,30.05,28.45,28.7,0
2009-06-02,29.63,30.13,28.3,30.04,0
2009-06-03,31.02,31.79,29.62,29.62,0
2009-06-04,30.18,31.02,29.92,31.02,0
2009-06-05,29.62,30.81,28.85,29.39,0
2009-06-08,29.77,31.82,26.41,30.84,0
2009-06-09,28.27,29.77,27.79,29.77,0
2009-06-10,28.46,29.74,26.9,26.9,0
2009-06-11,28.11,28.11,26.81,27.36,0
2009-06-12,28.15,28.5,27.73,28.08,0
2009-06-15,30.81,31.09,29.64,29.7,0
2009-06-16,32.68,32.75,30.07,30.81,0
2009-06-17,31.54,32.77,30.64,31.19,0
2009-06-18,30.03,31.54,29.6,31.54,0
2009-06-19,27.99,29.32,27.56,29.16,0
2009-06-22,31.17,32.05,30.3,30.4,0
2009-06-23,30.58,31.54,27.83,31.3,0
2009-06-24,29.05,30.58,28.79,30.58,0
2009-06-25,26.36,29.56,26.3,29.45,0
2009-06-26,25.93,27.22,25.76,27.09,0
2009-06-29,25.35,27.18,25.29,25.93,0
2009-06-30,26.35,27.38,25.02,25.36,0
2009-07-01,26.22,26.31,24.8,25.73,0
2009-07-02,27.95,28.62,26.22,26.22,0
2009-07-06,29.0,30.6,28.99,30.32,0
2009-07-07,30.85,30.94,28.9,29.0,0
2009-07-08,31.3,33.05,30.43,30.85,0
2009-07-09,29.78,30.49,29.28,30.23,0
2009-07-10,29.02,30.34,28.82,29.78,0
2009-07-13,26.31,29.24,25.42,28.36,0
2009-07-14,25.02,26.84,24.99,26.31,0
2009-07-15,25.89,26.06,23.83,25.05,0
2009-07-16,25.42,26.18,24.51,25.96,0
2009-07-17,24.34,25.55,23.88,25.42,0
2009-07-20,24.4,25.42,24.26,25.06,0
2009-07-21,23.87,25.14,23.81,24.28,0
2009-07-22,23.47,24.14,23.24,24.05,0
2009-07-23,23.43,24.05,23.21,23.71,0
2009-07-24,23.09,23.87,23.0,23.87,0
2009-07-27,24.28,24.86,24.02,24.06,0
2009-07-28,25.01,25.61,24.28,24.28,0
2009-07-29,25.61,26.18,25.41,25.47,0
2009-07-30,25.4,25.76,24.85,25.4,0
2009-07-31,25.92,26.22,24.93,25.4,0
2009-08-03,25.56,26.49,25.56,25.92,0
2009-08-04,24.89,26.16,24.89,25.55,0
2009-08-05,24.9,25.85,24.86,24.91,0
2009-08-06,25.67,26.15,24.47,24.9,0
2009-08-07,24.76,24.95,23.98,24.71,0
2009-08-10,24.99,25.82,24.76,24.76,0
2009-08-11,25.99,26.98,24.98,24.98,0
2009-08-12,25.45,26.5,25.11,25.99,0
2009-08-13,24.71,26.15,24.71,25.34,0
2009-08-14,24.27,25.94,24.26,24.77,0
2009-08-17,27.89,28.39,24.27,24.27,0
2009-08-18,26.18,27.89,26.08,27.89,0
2009-08-19,26.26,28.14,26.14,28.08,0
2009-08-20,25.09,26.45,24.75,26.45,0
2009-08-21,25.01,25.06,23.91,24.49,0
2009-08-24,25.14,25.7,25.01,25.01,0
2009-08-25,24.92,25.13,22.58,25.13,0
2009-08-26,24.95,25.56,24.69,24.91,0
2009-08-27,24.68,25.89,24.43,25.13,0
2009-08-28,24.76,25.5,24.28,24.44,0
2009-08-31,26.01,27.01,24.76,24.76,0
2009-09-01,29.15,29.23,26.0,26.01,0
2009-09-02,28.9,29.57,28.41,29.14,0
2009-09-03,27.1,28.9,26.98,28.9,0
2009-09-04,25.26,26.98,24.86,26.98,0
2009-09-08,25.62,26.15,25.26,25.26,0
2009-09-09,24.32,25.93,24.23,25.66,0
2009-09-10,23.55,24.76,22.82,24.4,0
2009-09-11,24.15,24.33,22.48,23.49,0
2009-09-14,23.86,25.39,23.32,25.39,0
2009-09-15,23.42,24.27,23.07,23.9,0
2009-09-16,23.69,23.92,22.78,23.29,0
2009-09-17,23.65,24.07,22.79,23.99,0
2009-09-18,23.92,24.43,23.14,23.65,0
2009-09-21,24.06,25.51,23.71,25.34,0
2009-09-22,23.08,23.98,23.06,23.81,0
2009-09-23,23.49,23.69,22.19,22.9,0
2009-09-24,24.95,25.37,23.44,23.67,0
2009-09-25,25.61,26.34,24.81,25.18,0
2009-09-28,24.88,26.4,24.85,26.26,0
2009-09-29,25.19,25.28,24.54,24.88,0
2009-09-30,25.61,26.45,24.76,25.19,0
2009-10-01,28.27,28.42,25.98,25.98,0
2009-10-02,28.68,29.56,27.98,29.34,0
2009-10-05,26.84,29.34,26.57,29.34,0
2009-10-06,25.7,26.41,25.19,26.39,0
2009-10-07,24.68,25.82,24.57,25.78,0
2009-10-08,24.18,24.69,23.9,24.68,0
2009-10-09,23.12,24.54,22.99,24.39,0
2009-10-12,23.01,23.53,22.67,23.12,0
2009-10-13,22.99,24.07,22.74,23.0,0
2009-10-14,22.86,22.89,21.55,22.08,0
2009-10-15,21.72,23.53,21.49,23.51,0
2009-10-16,21.43,22.6,20.98,21.72,0
2009-10-19,21.49,22.46,20.91,21.41,0
2009-10-20,20.9,21.76,20.9,21.55,0
2009-10-21,22.22,22.48,20.1,20.9,0
2009-10-22,20.69,22.77,20.33,22.22,0
2009-10-23,22.27,22.59,20.34,20.7,0
2009-10-26,24.31,24.86,21.89,23.06,0
2009-10-27,24.83,25.22,24.03,24.38,0
2009-10-28,27.91,27.94,24.83,24.83,0
2009-10-29,24.76,27.19,24.68,27.16,0
2009-10-30,30.69,31.59,24.76,24.76,0
2009-11-02,29.78,31.84,28.07,30.7,0
2009-11-03,28.81,30.8,28.77,30.62,0
2009-11-04,27.72,28.81,26.61,28.81,0
2009-11-05,25.43,27.39,25.41,27.28,0
2009-11-06,24.19,26.17,24.06,26.17,0
2009-11-09,23.15,24.24,22.78,24.19,0
2009-11-10,22.84,23.53,22.78,23.15,0
2009-11-11,23.0,23.68,21.61,22.84,0
2009-11-12,24.24,24.61,22.91,23.04,0
2009-11-13,23.36,24.43,23.22,24.25,0
2009-11-16,22.89,23.42,22.02,23.36,0
2009-11-17,22.41,23.33,22.27,22.81,0
2009-11-18,21.63,22.65,21.63,22.35,0
2009-11-19,22.63,24.2,21.63,21.63,0
2009-11-20,22.19,23.45,22.14,23.45,0
2009-11-23,21.16,21.98,20.9,21.98,0
2009-11-24,20.47,21.87,20.35,21.28,0
2009-11-25,20.48,20.57,20.05,20.23,0
2009-11-27,24.74,25.93,23.12,25.75,0
2009-11-30,24.51,25.57,24.19,24.95,0
2009-12-01,21.92,24.51,21.88,24.51,0
2009-12-02,21.12,22.19,21.01,21.89,0
2009-12-03,22.46,22.5,20.61,21.15,0
2009-12-04,21.25,22.76,20.62,21.18,0
2009-12-07,22.1,22.46,21.6,22.32,0
2009-12-08,23.69,23.97,22.84,23.28,0
2009-12-09,22.66,24.2,22.54,23.21,0
2009-12-10,22.32,22.66,21.77,22.66,0
2009-12-11,21.59,22.31,21.39,21.45,0
2009-12-14,21.15,21.59,20.57,21.59,0
2009-12-15,21.5,21.87,20.91,21.09,0
2009-12-16,20.54,21.5,20.46,21.5,0
2009-12-17,22.57,22.86,21.4,21.89,0
2009-12-18,21.68,23.02,21.68,21.84,0
2009-12-21,20.49,21.51,20.28,21.46,0
2009-12-22,19.54,20.4,19.54,20.39,0
2009-12-23,19.71,19.97,19.35,19.54,0
2009-12-24,19.47,19.67,19.25,19.67,0
2009-12-28,19.93,20.53,19.9,20.29,0
2009-12-29,20.01,20.12,19.62,19.87,0
2009-12-30,19.96,20.44,19.93,20.36,0
2009-12-31,21.68,21.83,19.89,19.96,0
2010-01-04,20.04,21.68,20.03,21.68,0
2010-01-05,19.35,20.13,19.34,20.05,0
2010-01-06,19.16,19.68,18.77,19.59,0
2010-01-07,19.06,19.71,18.7,19.68,0
2010-01-08,18.13,19.27,18.11,19.27,0
2010-01-11,17.55,17.74,16.86,16.93,0
2010-01-12,18.25,19.46,17.95,17.95,0
2010-01-13,17.85,18.72,17.56,17.94,0
2010-01-14,17.63,18.27,17.38,18.16,0
2010-01-15,17.91,19.02,17.63,17.63,0
2010-01-19,17.58,18.85,17.33,18.63,0
2010-01-20,18.68,19.69,18.44,18.51,0
2010-01-21,22.27,22.3,18.27,18.59,0
2010-01-22,27.31,28.01,22.27,22.27,0
2010-01-25,25.41,27.32,24.61,27.32,0
2010-01-26,24.55,26.22,22.77,26.03,0
2010-01-27,23.14,25.69,23.14,24.81,0
2010-01-28,23.73,25.3,22.69,22.79,0
2010-01-29,24.62,25.03,22.11,23.73,0
2010-02-01,22.59,24.33,22.58,24.33,0
2010-02-02,21.48,22.99,21.08,22.59,0
2010-02-03,21.6,22.11,21.33,22.11,0
2010-02-04,26.08,26.32,22.63,22.63,0
2010-02-05,26.11,29.22,25.37,25.69,0
2010-02-08,26.51,27.11,25.48,26.11,0
2010-02-09,26.0,26.56,24.78,26.51,0
2010-02-10,25.4,26.77,24.8,26.36,0
2010-02-11,23.96,26.11,23.87,25.82,0
2010-02-12,22.73,25.54,22.73,23.96,0
2010-02-16,22.25,23.57,22.13,23.51,0
2010-02-17,21.72,22.6,21.7,22.47,0
2010-02-18,20.63,22.21,20.6,21.72,0
2010-02-19,20.02,21.14,19.71,21.07,0
2010-02-22,19.94,21.0,19.59,20.16,0
2010-02-23,21.37,21.94,20.06,20.39,0
2010-02-24,20.27,21.58,20.22,21.23,0
2010-02-25,20.1,22.68,20.06,22.03,0
2010-02-26,19.5,20.53,19.32,19.88,0
2010-03-01,19.26,19.94,19.18,19.93,0
2010-03-02,19.06,19.36,18.6,18.83,0
2010-03-03,18.83,19.3,18.42,18.95,0
2010-03-04,18.72,19.27,18.58,18.86,0
2010-03-05,17.42,18.15,17.23,18.06,0
2010-03-08,17.79,17.96,17.56,17.95,0
2010-03-09,17.92,18.19,17.51,18.18,0
2010-03-10,18.57,18.6,17.43,18.0,0
2010-03-11,18.06,19.34,18.06,18.9,0
2010-03-12,17.58,18.53,17.58,17.97,0
2010-03-15,18.0,18.78,17.96,18.28,0
2010-03-16,17.69,18.01,17.42,17.78,0
2010-03-17,16.91,17.17,16.52,16.97,0
2010-03-18,16.62,16.99,16.31,16.96,0
2010-03-19,16.97,17.57,16.17,16.17,0
2010-03-22,16.87,18.34,16.77,18.3,0
2010-03-23,16.35,17.09,16.21,16.84,0
2010-03-24,17.55,17.92,16.83,16.85,0
2010-03-25,18.4,18.54,16.62,17.07,0
2010-03-26,17.77,18.69,17.35,18.27,0
2010-03-29,17.59,18.28,17.57,18.17,0
2010-03-30,17.13,18.08,17.13,17.64,0
2010-03-31,17.59,17.92,17.29,17.66,0
2010-04-01,17.47,18.09,16.79,17.01,0
2010-04-05,17.02,18.16,17.02,17.96,0
2010-04-06,16.23,17.54,16.08,17.39,0
2010-04-07,16.62,17.21,16.16,16.72,0
2010-04-08,16.48,17.8,16.3,17.21,0
2010-04-09,16.14,16.65,16.06,16.32,0
2010-04-12,15.58,16.0,15.23,15.67,0
2010-04-13,16.2,16.77,15.81,15.98,0
2010-04-14,15.59,16.38,15.55,15.8,0
2010-04-15,15.89,16.5,15.68,15.87,0
2010-04-16,18.36,19.7,16.11,16.19,0
2010-04-19,17.34,19.55,17.34,19.14,0
2010-04-20,15.73,16.89,15.73,16.84,0
2010-04-21,16.32,16.85,15.5,15.94,0
2010-04-22,16.47,18.19,16.2,17.48,0
2010-04-23,16.62,16.71,16.12,16.62,0
2010-04-26,17.47,17.53,17.07,17.52,0
2010-04-27,22.81,23.2,17.94,18.13,0
2010-04-28,21.08,23.03,20.86,22.08,0
2010-04-29,18.44,20.37,18.44,20.37,0
2010-04-30,22.05,22.39,18.41,18.75,0
2010-05-03,20.19,22.41,19.61,22.41,0
2010-05-04,23.84,25.7,22.46,22.46,0
2010-05-05,24.91,27.23,23.75,25.96,0
2010-05-06,32.8,40.71,24.43,25.88,0
2010-05-07,40.95,42.15,31.71,32.76,0
2010-05-10,28.84,30.89,25.68,28.65,0
2010-05-11,28.32,31.04,25.86,31.04,0
2010-05-12,25.52,26.67,24.98,26.56,0
2010-05-13,26.68,26.85,24.3,26.17,0
2010-05-14,31.24,33.24,28.4,28.4,0
2010-05-17,30.84,35.25,30.76,31.33,0
2010-05-18,33.55,34.17,28.09,28.67,0
2010-05-19,35.32,38.42,33.07,34.65,0
2010-05-20,45.79,46.37,40.3,41.79,0
2010-05-21,40.1,48.2,38.95,47.66,0
2010-05-24,38.32,41.74,35.57,41.74,0
2010-05-25,34.61,43.74,34.59,43.15,0
2010-05-26,35.02,35.02,29.39,32.54,0
2010-05-27,29.68,31.03,29.54,30.24,0
2010-05-28,32.07,33.3,29.53,30.23,0
2010-06-01,35.54,35.68,31.82,34.87,0
2010-06-02,30.17,34.57,29.94,34.39,0
2010-06-03,29.46,31.2,29.12,29.65,0
2010-06-04,35.48,36.12,31.81,32.93,0
2010-06-07,36.57,36.8,34.43,35.66,0
2010-06-08,33.7,37.38,33.36,36.53,0
2010-06-09,33.73,34.12,30.23,32.33,0
2010-06-10,30.57,31.77,29.69,31.0,0
2010-06-11,28.79,31.79,28.6,31.79,0
2010-06-14,28.58,28.72,26.98,27.94,0
2010-06-15,25.87,27.84,25.68,27.68,0
2010-06-16,25.92,26.72,25.34,26.72,0
2010-06-17,25.05,26.64,25.05,25.59,0
2010-06-18,23.95,24.88,23.3,24.87,0
2010-06-21,24.88,25.64,22.87,22.9,0
2010-06-22,27.05,27.05,24.41,25.14,0
2010-06-23,26.91,28.55,26.54,26.93,0
2010-06-24,29.74,30.27,27.53,27.61,0
2010-06-25,28.53,30.41,28.07,29.64,0
2010-06-28,29.0,29.9,28.47,29.2,0
2010-06-29,34.13,35.39,31.22,31.22,0
2010-06-30,34.54,34.63,31.74,33.95,0
2010-07-01,32.86,37.58,32.72,34.41,0
2010-07-02,30.12,31.88,29.35,31.71,0
2010-07-06,29.65,31.15,27.96,28.82,0
2010-07-07,26.84,29.56,26.84,29.56,0
2010-07-08,25.71,27.42,24.22,26.5,0
2010-07-09,24.98,25.67,24.37,25.35,0
2010-07-12,24.43,25.14,23.53,24.66,0
2010-07-13,24.56,24.57,23.12,23.29,0
2010-07-14,24.89,25.8,24.18,24.61,0
2010-07-15,25.14,27.24,24.74,25.08,0
2010-07-16,26.25,28.16,25.71,25.77,0
2010-07-19,25.97,27.3,25.12,27.02,0
2010-07-20,23.93,27.4,23.79,27.35,0
2010-07-21,25.64,26.63,23.59,23.61,0
2010-07-22,24.63,24.85,23.72,24.37,0
2010-07-23,23.47,25.17,23.32,24.79,0
2010-07-26,22.73,24.61,22.7,24.37,0
2010-07-27,23.19,23.57,21.86,21.89,0
2010-07-28,24.25,24.54,22.24,23.93,0
2010-07-29,24.13,25.54,23.04,23.4,0
2010-07-30,23.5,27.32,23.35,25.47,0
2010-08-02,22.01,23.24,21.74,23.07,0
2010-08-03,22.63,23.06,21.98,22.44,0
2010-08-04,22.21,23.69,22.16,22.69,0
2010-08-05,22.1,23.13,22.07,23.04,0
2010-08-06,21.74,23.89,21.72,23.34,0
2010-08-09,22.14,22.87,21.36,21.85,0
2010-08-10,22.37,24.24,22.17,23.3,0
2010-08-11,25.39,26.1,24.96,24.96,0
2010-08-12,25.73,27.21,25.18,27.21,0
2010-08-13,26.24,26.26,25.45,26.08,0
2010-08-16,26.1,28.1,25.38,27.41,0
2010-08-17,24.33,24.89,23.71,24.72,0
2010-08-18,24.59,25.23,23.4,24.3,0
2010-08-19,26.44,26.78,24.26,24.48,0
2010-08-20,25.49,27.0,25.49,26.73,0
2010-08-23,25.66,25.97,24.62,25.97,0
2010-08-24,27.46,28.77,26.32,27.91,0
2010-08-25,26.7,28.92,26.46,28.3,0
2010-08-26,27.37,27.55,25.86,26.45,0
2010-08-27,24.45,28.11,24.41,26.5,0
2010-08-30,27.21,27.21,25.41,25.88,0
2010-08-31,26.05,27.83,25.93,27.58,0
2010-09-01,23.89,25.13,23.86,25.13,0
2010-09-02,23.19,24.31,23.15,24.23,0
2010-09-03,21.31,22.78,21.24,21.99,0
2010-09-07,23.8,23.94,22.77,22.77,0
2010-09-08,23.25,23.56,22.92,23.51,0
2010-09-09,22.81,23.24,22.14,22.22,0
2010-09-10,21.99,22.87,21.76,22.64,0
2010-09-13,21.21,22.05,20.93,21.06,0
2010-09-14,21.56,21.97,20.85,21.69,0
2010-09-15,22.1,22.8,22.1,22.55,0
2010-09-16,21.72,22.83,21.71,22.65,0
2010-09-17,22.01,22.56,21.63,21.65,0
2010-09-20,21.5,22.58,21.25,22.47,0
2010-09-21,22.35,22.59,21.42,21.54,0
2010-09-22,22.51,23.19,21.91,22.56,0
2010-09-23,23.87,24.06,22.56,23.91,0
2010-09-24,21.71,22.61,21.71,22.61,0
2010-09-27,22.54,22.75,21.97,22.58,0
2010-09-28,22.6,24.28,22.4,22.92,0
2010-09-29,23.25,23.45,22.72,23.14,0
2010-09-30,23.7,24.52,22.39,22.85,0
2010-10-01,22.5,23.67,22.46,22.9,0
2010-10-04,23.53,24.34,23.3,23.63,0
2010-10-05,21.76,23.08,21.71,22.52,0
2010-10-06,21.49,22.13,21.46,21.82,0
2010-10-07,21.56,22.16,21.28,21.31,0
2010-10-08,20.71,21.64,20.29,21.58,0
2010-10-11,18.96,19.51,18.8,19.33,0
2010-10-12,18.93,20.1,18.55,20.0,0
2010-10-13,19.07,19.16,17.9,17.92,0
2010-10-14,19.88,21.02,19.4,19.59,0
2010-10-15,19.03,21.59,19.02,20.2,0
2010-10-18,19.09,20.71,18.88,20.43,0
2010-10-19,20.63,21.35,19.33,20.7,0
2010-10-20,19.79,21.2,19.67,21.2,0
2010-10-21,19.27,20.53,18.93,19.7,0
2010-10-22,18.78,19.36,18.76,19.36,0
2010-10-25,19.85,19.88,18.86,19.22,0
2010-10-26,20.22,21.01,20.22,20.52,0
2010-10-27,20.71,22.37,20.69,21.11,0
2010-10-28,20.88,21.41,20.18,20.28,0
2010-10-29,21.2,21.4,20.86,21.2,0
2010-11-01,21.83,22.54,20.92,21.65,0
2010-11-02,21.57,21.82,21.22,21.34,0
2010-11-03,19.56,22.02,19.54,21.66,0
2010-11-04,18.52,18.8,17.97,18.03,0
2010-11-05,18.26,18.44,17.92,18.07,0
2010-11-08,18.29,19.35,18.21,19.33,0
2010-11-09,19.08,19.39,17.83,18.51,0
2010-11-10,18.47,19.96,18.41,18.94,0
2010-11-11,18.64,19.75,18.48,19.44,0
2010-11-12,20.61,21.23,19.29,19.59,0
2010-11-15,20.2,20.37,19.14,20.33,0
2010-11-16,22.58,23.07,20.95,21.26,0
2010-11-17,21.76,22.21,21.22,22.19,0
2010-11-18,18.75,20.31,18.75,20.31,0
2010-11-19,18.04,19.72,17.76,19.15,0
2010-11-22,18.37,20.14,18.35,19.45,0
2010-11-23,20.63,21.45,20.24,20.25,0
2010-11-24,19.56,19.61,18.73,19.42,0
2010-11-26,22.22,22.22,20.28,21.17,0
2010-11-29,21.53,23.84,21.38,23.15,0
2010-11-30,23.54,23.79,22.42,23.27,0
2010-12-01,21.36,21.43,20.4,21.19,0
2010-12-02,19.39,21.13,19.1,21.13,0
2010-12-03,18.01,19.28,17.71,19.26,0
2010-12-06,18.02,18.85,17.95,18.8,0
2010-12-07,17.99,18.15,17.13,17.13,0
2010-12-08,17.74,18.32,17.69,17.97,0
2010-12-09,17.25,17.84,17.24,17.32,0
2010-12-10,17.61,17.63,17.06,17.06,0
2010-12-13,17.55,17.67,16.68,16.82,0
2010-12-14,17.61,17.95,17.22,17.6,0
2010-12-15,17.94,18.14,17.37,17.99,0
2010-12-16,17.39,18.27,16.88,18.03,0
2010-12-17,16.11,17.64,15.46,17.62,0
2010-12-20,16.41,16.86,15.78,16.22,0
2010-12-21,16.49,16.62,16.08,16.2,0
2010-12-22,15.45,16.56,15.45,16.52,0
2010-12-23,16.47,16.86,15.4,15.44,0
2010-12-27,17.67,18.32,17.66,18.26,0
2010-12-28,17.52,17.99,17.3,17.3,0
2010-12-29,17.28,17.49,17.02,17.49,0
2010-12-30,17.52,17.89,17.46,17.65,0
2010-12-31,17.75,18.13,17.75,17.91,0
2011-01-03,17.61,17.95,16.91,17.94,0
2011-01-04,17.38,18.24,17.33,17.34,0
2011-01-05,17.02,17.95,16.86,17.81,0
2011-01-06,17.4,17.56,16.79,16.8,0
2011-01-07,17.14,18.07,16.57,17.31,0
2011-01-10,17.54,18.63,17.54,18.35,0
2011-01-11,16.89,17.35,16.6,16.61,0
2011-01-12,16.24,16.5,16.17,16.26,0
2011-01-13,16.39,16.78,16.14,16.51,0
2011-01-14,15.46,16.71,15.37,16.67,0
2011-01-18,15.87,16.2,15.71,16.19,0
2011-01-19,17.31,17.67,15.86,15.89,0
2011-01-20,17.99,18.85,17.65,17.81,0
2011-01-21,18.47,18.61,16.6,17.03,0
2011-01-24,17.65,18.93,17.56,18.78,0
2011-01-25,17.59,18.55,17.59,18.22,0
2011-01-26,16.64,17.42,16.59,17.0,0
2011-01-27,16.15,16.89,15.81,16.84,0
2011-01-28,20.04,20.08,15.92,15.94,0
2011-01-31,19.53,19.96,17.1,19.61,0
2011-02-01,17.63,18.63,17.4,18.59,0
2011-02-02,17.3,17.84,17.28,17.82,0
2011-02-03,16.69,17.8,16.61,17.53,0
2011-02-04,15.93,16.74,15.89,16.64,0
2011-02-07,16.28,16.54,15.84,16.14,0
2011-02-08,15.81,16.6,14.86,16.29,0
2011-02-09,15.87,16.52,15.86,16.27,0
2011-02-10,16.09,17.07,16.0,16.74,0
2011-02-11,15.69,16.53,15.55,16.53,0
2011-02-14,15.95,16.26,15.22,16.07,0
2011-02-15,16.37,16.75,16.27,16.3,0
2011-02-16,16.72,16.74,15.84,16.31,0
2011-02-17,16.59,17.3,15.88,17.01,0
2011-02-18,16.43,16.91,15.54,16.59,0
2011-02-22,20.8,21.45,18.38,19.46,0
2011-02-23,22.13,23.22,20.3,20.84,0
2011-02-24,21.32,22.71,20.81,22.28,0
2011-02-25,19.22,20.44,18.88,20.41,0
2011-02-28,18.35,19.27,18.14,19.12,0
2011-03-01,21.01,21.01,17.63,17.63,0
2011-03-02,20.7,21.14,19.62,20.73,0
2011-03-03,18.6,19.27,18.25,19.27,0
2011-03-04,19.06,20.33,18.31,18.56,0
2011-03-07,20.66,21.77,18.95,19.37,0
2011-03-08,19.82,21.06,19.15,20.58,0
2011-03-09,20.22,20.96,19.41,20.05,0
2011-03-10,21.79,22.25,20.34,21.37,0
2011-03-11,20.08,21.75,19.97,21.72,0
2011-03-14,21.13,22.74,20.92,21.79,0
2011-03-15,24.32,25.72,23.31,25.66,0
2011-03-16,29.4,31.28,24.04,24.65,0
2011-03-17,26.37,27.54,25.44,26.94,0
2011-03-18,24.44,24.85,23.09,23.9,0
2011-03-21,20.61,22.16,20.22,22.1,0
2011-03-22,20.21,20.59,19.97,20.53,0
2011-03-23,19.17,21.05,18.19,20.59,0
2011-03-24,18.0,18.99,17.87,18.45,0
2011-03-25,17.91,18.08,17.07,17.87,0
2011-03-28,19.44,19.44,17.96,18.31,0
2011-03-29,18.16,19.78,18.0,19.17,0
2011-03-30,17.71,17.89,17.25,17.82,0
2011-03-31,17.74,17.95,17.41,17.9,0
2011-04-01,17.4,17.62,16.44,16.68,0
2011-04-04,17.5,17.85,17.39,17.63,0
2011-04-05,17.25,17.87,16.5,17.87,0
2011-04-06,16.9,17.15,16.5,16.75,0
2011-04-07,17.11,17.77,16.49,16.92,0
2011-04-08,17.87,18.33,16.51,16.51,0
2011-04-11,16.59,17.05,16.22,16.74,0
2011-04-12,17.09,18.46,16.88,17.58,0
2011-04-13,16.92,17.38,16.2,16.33,0
2011-04-14,16.27,18.08,16.08,17.77,0
2011-04-15,15.32,15.98,14.92,15.97,0
2011-04-18,16.96,19.07,16.81,18.3,0
2011-04-19,15.83,16.72,15.69,16.62,0
2011-04-20,15.07,15.39,14.3,14.31,0
2011-04-21,14.69,15.23,14.4,14.71,0
2011-04-25,15.77,16.06,15.5,15.64,0
2011-04-26,15.62,15.66,15.07,15.36,0
2011-04-27,15.35,16.42,15.13,15.37,0
2011-04-28,14.62,15.54,14.27,15.54,0
2011-04-29,14.75,14.99,14.49,14.56,0
2011-05-02,15.99,16.13,15.07,15.07,0
2011-05-03,16.7,17.29,16.13,16.35,0
2011-05-04,17.08,17.72,16.83,16.84,0
2011-05-05,18.2,19.11,16.74,17.68,0
2011-05-06,18.4,19.29,16.12,17.17,0
2011-05-09,17.16,18.59,17.04,18.59,0
2011-05-10,15.91,16.9,15.79,16.84,0
2011-05-11,16.95,17.49,16.23,16.27,0
2011-05-12,16.03,17.89,16.03,17.27,0
2011-05-13,17.07,17.56,15.98,16.02,0
2011-05-16,18.24,18.25,16.61,17.86,0
2011-05-17,17.55,19.09,17.47,18.54,0
2011-05-18,16.23,17.68,16.03,17.56,0
2011-05-19,15.52,16.56,15.5,15.9,0
2011-05-20,17.43,17.43,15.7,15.88,0
2011-05-23,18.27,20.03,17.47,20.03,0
2011-05-24,17.82,18.19,17.0,18.07,0
2011-05-25,17.07,18.26,16.7,18.26,0
2011-05-26,16.09,17.46,15.9,17.17,0
2011-05-27,15.98,16.27,15.36,16.11,0
2011-05-31,15.45,16.5,15.15,15.85,0
2011-06-01,18.3,18.48,15.95,15.95,0
2011-06-02,18.09,18.72,17.39,17.92,0
2011-06-03,17.95,19.87,17.12,18.23,0
2011-06-06,18.49,18.65,17.65,18.42,0
2011-06-07,18.07,18.48,17.39,18.13,0
2011-06-08,18.79,18.83,17.72,18.15,0
2011-06-09,17.77,18.31,17.26,18.2,0
2011-06-10,18.86,19.16,17.93,17.93,0
2011-06-13,19.61,20.02,18.41,19.1,0
2011-06-14,18.26,18.56,17.8,18.56,0
2011-06-15,21.32,21.66,19.03,19.31,0
2011-06-16,22.73,24.65,20.81,21.37,0
2011-06-17,21.85,22.39,20.35,21.56,0
2011-06-20,19.99,23.08,19.99,22.99,0
2011-06-21,18.86,19.46,17.72,19.46,0
2011-06-22,18.52,18.9,17.72,18.86,0
2011-06-23,19.29,21.5,19.22,20.23,0
2011-06-24,21.1,21.28,19.1,19.2,0
2011-06-27,20.56,21.82,20.27,21.6,0
2011-06-28,19.17,20.45,19.17,20.3,0
2011-06-29,17.27,18.83,16.32,18.62,0
2011-06-30,16.52,16.77,15.88,16.67,0
2011-07-01,15.87,16.29,15.12,16.06,0
2011-07-05,16.06,16.5,15.89,16.32,0
2011-07-06,16.34,17.08,16.32,16.46,0
2011-07-07,15.95,16.13,15.3,15.3,0
2011-07-08,15.95,17.14,15.95,17.14,0
2011-07-11,18.39,19.06,17.16,17.44,0
2011-07-12,19.87,20.13,18.25,19.55,0
2011-07-13,19.91,20.16,18.09,19.08,0
2011-07-14,20.8,21.58,19.35,20.08,0
2011-07-15,19.53,21.68,19.52,20.25,0
2011-07-18,20.95,21.93,20.9,21.25,0
2011-07-19,19.21,20.43,19.12,20.14,0
2011-07-20,19.09,19.65,18.61,18.81,0
2011-07-21,17.56,18.63,17.15,18.61,0
2011-07-22,17.52,17.95,17.14,17.22,0
2011-07-25,19.35,19.5,18.73,19.26,0
2011-07-26,20.23,20.5,19.56,19.75,0
2011-07-27,22.98,23.2,20.87,20.87,0
2011-07-28,23.74,23.99,21.2,22.83,0
2011-07-29,25.25,25.94,23.65,25.28,0
2011-08-01,23.66,25.63,22.46,22.63,0
2011-08-02,24.79,24.79,22.65,24.22,0
2011-08-03,23.38,25.23,22.76,23.58,0
2011-08-04,31.66,32.07,24.31,24.57,0
2011-08-05,32.0,39.25,27.54,28.48,0
2011-08-08,48.0,48.0,35.29,36.9,0
2011-08-09,35.06,47.56,34.28,42.12,0
2011-08-10,42.99,44.41,37.34,39.33,0
2011-08-11,39.0,42.88,37.5,41.94,0
2011-08-12,36.36,37.85,34.01,37.08,0
2011-08-15,31.87,34.83,31.47,34.73,0
2011-08-16,32.85,34.49,31.68,33.36,0
2011-08-17,31.58,33.32,30.81,32.09,0
2011-08-18,42.67,45.28,36.69,36.77,0
2011-08-19,43.05,45.4,39.99,45.34,0
2011-08-22,42.44,43.58,38.78,38.8,0
2011-08-23,36.27,42.33,35.83,41.89,0
2011-08-24,35.9,37.38,34.55,37.12,0
2011-08-25,39.76,40.14,34.05,34.43,0
2011-08-26,35.59,43.84,34.33,41.18,0
2011-08-29,32.28,33.81,32.21,33.81,0
2011-08-30,32.89,33.55,31.55,32.97,0
2011-08-31,31.62,32.53,30.16,31.2,0
2011-09-01,31.82,32.38,30.76,31.91,0
2011-09-02,33.92,34.74,32.7,34.29,0
2011-09-06,37.0,39.86,37.0,39.84,0
2011-09-07,33.38,34.7,33.38,34.24,0
2011-09-08,34.32,34.71,32.79,34.41,0
2011-09-09,38.52,40.74,35.53,35.53,0
2011-09-12,38.59,43.18,38.58,42.56,0
2011-09-13,36.91,39.43,36.69,38.68,0
2011-09-14,34.6,37.76,33.4,36.59,0
2011-09-15,31.97,33.98,31.75,33.43,0
2011-09-16,30.98,32.48,30.43,31.81,0
2011-09-19,32.73,35.33,32.35,34.8,0
2011-09-20,32.86,33.14,31.45,32.42,0
2011-09-21,37.32,37.32,32.45,33.0,0
2011-09-22,41.35,43.87,39.33,41.0,0
2011-09-23,41.25,42.82,40.42,42.17,0
2011-09-26,39.02,43.34,39.02,40.99,0
2011-09-27,37.71,38.57,35.32,36.59,0
2011-09-28,41.08,41.24,36.65,37.7,0
2011-09-29,38.84,42.0,38.03,38.62,0
2011-09-30,42.96,42.99,39.88,40.93,0
2011-10-03,45.45,45.55,41.51,44.25,0
2011-10-04,40.82,46.88,40.02,46.18,0
2011-10-05,37.81,41.2,37.51,40.73,0
2011-10-06,36.27,38.74,36.15,38.24,0
2011-10-07,36.2,37.82,35.19,35.67,0
2011-10-10,33.02,35.45,32.96,35.45,0
2011-10-11,32.86,34.24,32.62,33.95,0
2011-10-12,31.26,31.93,29.79,31.57,0
2011-10-13,30.7,32.76,30.48,31.99,0
2011-10-14,28.24,29.96,28.08,29.07,0
2011-10-17,33.39,33.39,30.12,30.35,0
2011-10-18,31.56,34.71,29.69,33.37,0
2011-10-19,34.44,35.47,31.91,32.92,0
2011-10-20,34.78,36.87,34.16,34.44,0
2011-10-21,31.32,32.98,31.32,32.76,0
2011-10-24,29.26,31.7,28.84,31.67,0
2011-10-25,32.22,32.46,30.32,30.68,0
2011-10-26,29.86,33.3,29.63,30.44,0
2011-10-27,25.46,26.46,24.7,24.72,0
2011-10-28,24.53,26.02,24.44,26.02,0
2011-10-31,29.96,29.97,27.01,27.09,0
2011-11-01,34.77,37.53,33.87,36.03,0
2011-11-02,32.74,34.27,32.55,33.53,0
2011-11-03,30.5,34.65,30.21,31.38,0
2011-11-04,30.16,32.56,30.14,31.46,0
2011-11-07,29.85,32.15,29.85,31.4,0
2011-11-08,27.48,30.49,27.47,29.34,0
2011-11-09,36.16,36.43,30.98,31.32,0
2011-11-10,32.81,35.5,32.12,33.09,0
2011-11-11,30.04,30.42,29.45,29.91,0
2011-11-14,31.13,32.85,31.13,31.42,0
2011-11-15,31.22,32.55,30.4,31.74,0
2011-11-16,33.51,33.51,30.54,32.66,0
2011-11-17,34.51,36.46,32.89,33.15,0
2011-11-18,32.0,33.99,31.92,33.16,0
2011-11-21,32.91,35.29,32.53,34.59,0
2011-11-22,31.97,33.39,31.28,33.12,0
2011-11-23,33.98,34.57,32.68,32.91,0
2011-11-25,34.47,34.77,33.12,34.61,0
2011-11-28,32.13,33.11,29.47,31.93,0
2011-11-29,30.64,32.02,30.56,31.76,0
2011-11-30,27.8,28.5,27.03,27.72,0
2011-12-01,27.41,27.89,26.64,27.63,0
2011-12-02,27.52,27.62,25.29,26.26,0
2011-12-05,27.84,28.31,26.0,26.74,0
2011-12-06,28.13,28.13,27.41,27.91,0
2011-12-07,28.67,29.58,28.44,28.61,0
2011-12-08,30.59,30.91,29.02,29.63,0
2011-12-09,26.38,29.61,26.29,29.61,0
2011-12-12,25.67,27.73,25.64,26.78,0
2011-12-13,25.41,26.28,23.27,24.72,0
2011-12-14,26.04,27.55,25.76,26.16,0
2011-12-15,25.11,25.28,23.88,24.38,0
2011-12-16,24.29,25.02,23.51,24.16,0
2011-12-19,24.92,25.38,24.38,25.14,0
2011-12-20,23.22,23.58,22.54,23.56,0
2011-12-21,21.43,23.94,21.12,22.52,0
2011-12-22,21.16,21.33,20.34,21.08,0
2011-12-23,20.73,21.21,20.72,21.1,0
2011-12-27,21.91,22.66,21.68,22.58,0
2011-12-28,23.52,23.56,22.11,22.12,0
2011-12-29,22.65,23.52,22.65,23.52,0
2011-12-30,23.4,23.46,22.65,22.86,0
2012-01-03,22.97,23.1,22.54,22.95,0
2012-01-04,22.22,23.73,22.22,23.44,0
2012-01-05,21.48,23.09,21.34,22.75,0
2012-01-06,20.63,21.72,20.58,21.24,0
2012-01-09,21.07,21.78,21.0,21.67,0
2012-01-10,20.69,20.69,20.05,20.14,0
2012-01-11,21.05,21.22,20.98,21.18,0
2012-01-12,20.47,22.03,20.46,21.01,0
2012-01-13,20.91,22.43,20.91,21.41,0
2012-01-17,22.2,22.25,20.69,20.9,0
2012-01-18,20.89,23.44,20.78,23.2,0
2012-01-19,19.87,20.87,19.45,20.49,0
2012-01-20,18.28,19.94,18.16,19.91,0
2012-01-23,18.67,19.31,18.55,19.22,0
2012-01-24,18.91,20.0,18.63,19.76,0
2012-01-25,18.31,19.55,17.15,19.35,0
2012-01-26,18.57,19.17,16.8,17.96,0
2012-01-27,18.53,19.16,18.26,19.16,0
2012-01-30,19.4,20.33,19.38,20.33,0
2012-01-31,19.44,19.84,18.13,19.07,0
2012-02-01,18.55,18.82,17.99,18.68,0
2012-02-02,17.98,18.5,17.98,18.38,0
2012-02-03,17.1,17.32,16.1,16.84,0
2012-02-06,17.76,18.02,16.11,17.98,0
2012-02-07,17.67,18.1,17.5,17.93,0
2012-02-08,18.16,18.46,17.53,17.79,0
2012-02-09,18.63,18.72,18.07,18.12,0
2012-02-10,20.77,21.98,19.02,20.1,0
2012-02-13,19.04,19.68,17.92,19.64,0
2012-02-14,19.54,20.76,18.95,19.45,0
2012-02-15,21.14,21.77,19.44,19.74,0
2012-02-16,19.22,21.76,19.22,21.59,0
2012-02-17,17.78,18.79,17.54,18.73,0
2012-02-21,18.19,18.94,17.65,18.41,0
2012-02-22,18.19,18.94,17.74,18.85,0
2012-02-23,16.83,18.97,16.79,18.73,0
2012-02-24,17.31,17.62,16.42,16.68,0
2012-02-27,18.18,19.25,17.58,19.1,0
2012-02-28,17.95,18.67,17.88,18.67,0
2012-02-29,18.43,18.75,17.53,17.8,0
2012-03-01,17.26,18.03,17.26,18.02,0
2012-03-02,17.29,17.65,17.14,17.65,0
2012-03-05,18.05,18.9,18.02,18.27,0
2012-03-06,20.84,21.24,20.3,20.57,0
2012-03-07,19.07,20.44,19.07,20.43,0
2012-03-08,18.02,18.46,17.76,18.08,0
2012-03-09,17.11,17.54,16.63,17.16,0
2012-03-12,15.64,16.67,15.23,15.79,0
2012-03-13,14.73,16.08,13.99,14.0,0
2012-03-14,15.31,16.19,14.39,14.42,0
2012-03-15,15.43,16.06,14.58,15.32,0
2012-03-16,14.43,15.24,13.66,14.43,0
2012-03-19,15.04,15.43,14.54,15.42,0
2012-03-20,15.58,15.95,15.11,15.82,0
2012-03-21,15.13,15.31,14.19,14.72,0
2012-03-22,15.68,16.58,15.68,16.04,0
2012-03-23,14.82,16.39,14.69,15.65,0
2012-03-26,14.26,15.03,14.26,14.51,0
2012-03-27,15.57,15.59,14.14,14.52,0
2012-03-28,15.47,17.27,15.4,15.58,0
2012-03-29,15.48,17.2,15.39,16.84,0
2012-03-30,15.5,15.98,14.67,14.88,0
2012-04-02,15.64,16.58,15.02,16.35,0
2012-04-03,15.66,16.65,15.56,15.61,0
2012-04-04,16.42,17.74,16.31,17.07,0
2012-04-05,16.7,17.13,16.29,17.02,0
2012-04-09,18.81,18.94,17.93,18.94,0
2012-04-10,20.39,21.06,18.62,19.1,0
2012-04-11,20.02,20.12,18.73,19.22,0
2012-04-12,17.2,19.74,17.2,19.63,0
2012-04-13,19.55,19.62,17.85,17.95,0
2012-04-16,19.55,20.42,18.6,18.87,0
2012-04-17,18.46,18.66,17.58,18.66,0
2012-04-18,18.64,19.17,17.7,19.02,0
2012-04-19,18.36,19.69,17.69,18.51,0
2012-04-20,17.44,18.05,16.97,17.92,0
2012-04-23,18.97,20.27,18.95,20.22,0
2012-04-24,18.1,19.22,18.09,19.22,0
2012-04-25,16.82,17.38,16.82,17.05,0
2012-04-26,16.24,17.04,15.75,16.97,0
2012-04-27,16.32,16.47,15.83,15.83,0
2012-04-30,17.15,17.41,16.92,17.04,0
2012-05-01,16.6,17.49,16.01,17.27,0
2012-05-02,16.88,17.63,16.78,17.25,0
2012-05-03,17.56,17.92,16.73,16.9,0
2012-05-04,19.16,19.28,17.81,18.03,0
2012-05-07,18.94,19.87,18.41,19.8,0
2012-05-08,19.05,20.91,17.95,19.44,0
