Price,Close,High,Low,Open,Volume
Ticker,BEN,BEN,BEN,BEN,BEN
Date,,,,,
1999-11-24,30.0146,30.2369,29.1252,29.2364,1290200
1999-11-26,29.1252,29.7922,28.9585,29.7922,226900
1999-11-29,28.0692,28.7918,27.6245,28.4583,396100
1999-11-30,27.958,28.8473,27.8468,28.0136,715000
1999-12-01,28.0692,28.2359,27.8468,28.0136,360900
1999-12-02,27.4578,28.4027,27.4578,27.6801,261300
1999-12-03,28.4583,28.9585,27.4578,27.8468,364400
1999-12-06,27.6245,28.9585,27.5133,27.6801,307500
1999-12-07,28.0136,28.2359,27.2354,28.2359,346900
1999-12-08,27.291,28.5694,27.1798,28.0692,359800
1999-12-09,27.7357,28.0136,27.291,27.291,241200
1999-12-10,28.0136,28.625,27.6801,27.7357,354000
1999-12-13,26.9575,28.7918,26.9019,28.7918,1480400
1999-12-14,27.2354,27.3466,26.7908,26.7908,699000
1999-12-15,27.4022,27.8468,27.0687,27.1243,832700
1999-12-16,27.0687,27.4578,26.7908,27.4578,592900
1999-12-17,27.6245,27.6801,26.8463,27.0131,1413400
1999-12-20,27.0131,27.7357,26.7908,27.2354,872000
1999-12-21,27.4022,27.5133,26.7908,27.2354,436000
1999-12-22,26.8463,27.2354,26.6796,27.1798,281900
1999-12-23,27.5689,27.5689,26.7352,26.8463,595000
1999-12-27,27.3466,27.9024,26.8463,26.8463,559100
1999-12-28,28.0136,28.1803,26.9575,27.1243,702000
1999-12-29,28.8491,28.8491,28.0679,28.2353,247400
1999-12-30,28.7375,28.9049,28.2911,28.6259,161700
1999-12-31,28.6259,28.9607,28.5701,28.9607,153100
2000-01-03,28.2911,28.9607,27.7889,28.9607,396000
2000-01-04,27.7889,28.3469,27.2867,28.2353,521900
2000-01-05,28.2353,28.2911,27.2309,28.2353,809100
2000-01-06,29.9652,30.6906,28.1795,28.1795,1209900
2000-01-07,30.2442,30.858,29.4629,30.858,428600
2000-01-10,30.3558,30.5789,30.0209,30.4115,249600
2000-01-11,29.8535,30.5789,29.6861,30.4115,275400
2000-01-12,29.9652,30.1883,29.5187,29.5187,287700
2000-01-13,29.9652,30.5232,29.7978,29.7978,0
2000-01-14,29.7978,30.0767,29.2955,30.0767,1694600
2000-01-18,29.7419,30.0767,29.3514,29.9652,432200
2000-01-19,29.7419,30.0767,29.5187,29.6303,365800
2000-01-20,30.5789,30.7463,29.5746,29.6861,692300
2000-01-21,31.5834,32.3088,31.2486,31.8065,962000
2000-01-24,31.974,32.4204,31.6392,31.6392,587700
2000-01-25,34.3735,34.9873,32.0856,32.1972,1610700
2000-01-26,33.927,34.3735,32.253,32.811,891000
2000-01-27,32.9226,34.3735,32.6436,32.811,655700
2000-01-28,31.9182,32.811,31.7508,32.811,468300
2000-01-31,31.8624,32.0298,31.5276,32.0298,556100
2000-02-01,31.2486,32.0298,31.0812,31.9182,519900
2000-02-02,31.7508,32.253,30.5789,31.2486,2402500
2000-02-03,31.5834,32.1972,31.4718,31.974,266900
2000-02-04,31.5276,32.6436,31.5276,31.974,766200
2000-02-07,31.7508,32.532,31.7508,32.1414,432500
2000-02-08,31.2486,31.974,31.2486,31.9182,340500
2000-02-09,29.9652,31.974,29.9093,31.9182,348900
2000-02-10,29.6303,30.9695,29.5187,30.0767,318500
2000-02-11,29.4629,30.3,29.0165,30.0767,319900
2000-02-14,28.4585,30.3,28.2911,29.4071,501600
2000-02-15,28.7375,28.9049,28.2353,28.9049,716200
2000-02-16,29.1839,30.1883,27.6773,28.6817,554800
2000-02-17,27.6215,28.6259,27.5657,28.6259,463300
2000-02-18,26.6171,27.8447,26.3381,27.5657,674700
2000-02-22,26.5054,27.0635,26.1707,26.7845,1952000
2000-02-23,26.2823,27.2309,25.7243,26.5054,331300
2000-02-24,25.7243,26.2823,25.1104,26.2823,1071900
2000-02-25,24.7198,25.7801,24.7198,25.7243,722500
2000-02-28,24.8872,25.1104,24.5524,24.943,884500
2000-02-29,24.2734,24.664,23.7154,23.9944,851400
2000-03-01,24.2734,24.4966,21.9855,23.8828,1853600
2000-03-02,24.4408,24.4966,23.7154,24.2734,937700
2000-03-03,24.8314,25.222,24.0502,24.1618,410200
2000-03-06,24.7756,26.7287,24.5524,26.6171,893500
2000-03-07,23.548,24.9988,23.4922,24.8872,568600
2000-03-08,22.5994,23.6038,22.4878,23.548,577700
2000-03-09,23.4922,23.548,22.153,22.5994,833500
2000-03-10,23.4364,24.3013,22.4878,22.7667,858500
2000-03-13,22.99,23.2132,22.5994,23.0458,1069900
2000-03-14,22.4878,22.8784,22.3203,22.7667,1292300
2000-03-15,24.9988,25.2778,22.5436,24.0502,772200
2000-03-16,27.1751,27.3425,26.2265,27.0077,1159700
2000-03-17,27.2867,28.5701,27.2309,28.5701,1097000
2000-03-20,26.2823,27.4541,25.9474,26.7845,484500
2000-03-21,26.7845,26.8403,25.5568,26.0591,380900
2000-03-22,26.8961,27.1193,25.8359,26.5613,445500
2000-03-23,28.4585,28.4585,26.4497,26.6729,643000
2000-03-24,30.3558,30.9695,28.1237,28.2353,1211400
2000-03-27,29.0723,30.4115,28.5701,30.2442,742000
2000-03-28,28.4027,30.4115,28.1237,30.2442,634600
2000-03-29,28.7372,29.7455,28.4571,29.2974,723600
2000-03-30,29.4095,29.6895,28.121,28.6252,666300
2000-03-31,29.9696,30.1377,28.5692,28.6252,628100
2000-04-03,30.2497,31.3141,29.9696,29.9696,601200
2000-04-04,29.2974,30.6979,28.7372,30.4738,701100
2000-04-05,30.5298,30.9219,29.0733,29.3534,674600
2000-04-06,31.146,31.3701,30.4738,30.5858,364900
2000-04-07,30.3618,31.146,30.3618,30.5858,368700
2000-04-10,29.6895,30.2497,29.3534,29.6895,490800
2000-04-11,30.6418,30.8099,29.8016,29.8016,629400
2000-04-12,32.0423,32.4905,30.6979,30.7538,1080000
2000-04-13,31.3141,31.9863,31.3141,31.9303,1142700
2000-04-14,28.5131,30.9219,28.177,30.9219,678100
2000-04-17,27.953,28.5692,27.6729,28.5692,629100
2000-04-18,29.6895,29.8016,26.9447,27.5048,453200
2000-04-19,29.0733,29.8016,28.5692,28.5692,363400
2000-04-20,29.8576,29.8576,28.5692,29.4655,288500
2000-04-24,30.1937,30.3618,29.4095,29.4095,575600
2000-04-25,31.034,31.146,29.4095,29.9696,479500
2000-04-26,30.0816,30.8099,29.3534,29.6895,471100
2000-04-27,28.7932,29.4095,27.7289,29.2414,736600
2000-04-28,28.9053,29.4095,28.009,29.2414,736200
2000-05-01,28.2331,29.5775,28.009,29.5775,1102200
2000-05-02,28.3451,28.5692,27.8409,28.121,662700
2000-05-03,27.5608,28.8493,27.0567,28.121,617400
2000-05-04,26.7766,27.5608,26.7766,27.4488,278800
2000-05-05,26.6646,27.8409,26.6646,27.4488,273900
2000-05-08,27.5608,27.953,26.7766,26.8886,349900
2000-05-09,27.3928,28.3451,26.9447,26.9447,259700
2000-05-10,26.8326,27.5608,26.4965,27.5048,263900
2000-05-11,27.5048,27.5608,26.7766,27.5048,295800
2000-05-12,27.8409,28.177,27.0567,27.1127,256200
2000-05-15,28.7932,28.9053,28.5131,28.5131,304100
2000-05-16,28.8493,28.9613,28.4571,28.5692,380300
2000-05-17,28.5692,28.8493,27.953,28.2331,288200
2000-05-18,28.5692,29.8016,28.4011,28.4571,273700
2000-05-19,26.7766,28.2891,26.7206,28.2891,383600
2000-05-22,26.6085,27.5608,25.7682,27.4488,369700
2000-05-23,27.0567,27.3928,26.6646,27.0006,381500
2000-05-24,27.7289,28.4571,27.2808,27.2808,408900
2000-05-25,26.3845,28.3451,26.0483,27.5048,418600
2000-05-26,26.4965,27.1127,26.3284,27.1127,759600
2000-05-30,26.8326,27.0006,26.3284,26.4405,310500
2000-05-31,26.8886,27.5048,26.3284,26.4965,664600
2000-06-01,27.2808,27.7849,26.4965,26.8326,744500
2000-06-02,29.0733,29.4095,27.5048,27.5048,590700
2000-06-05,28.6812,29.5215,28.5692,29.1854,343100
2000-06-06,28.2331,28.5692,27.7849,28.5692,324400
2000-06-07,29.2414,29.8016,28.177,28.177,502700
2000-06-08,27.7289,29.2414,27.6729,28.177,377000
2000-06-09,27.3928,29.0173,27.1687,29.0173,520400
2000-06-12,27.0567,27.8969,26.9447,27.8409,224000
2000-06-13,27.7289,27.7849,26.9447,27.6168,238900
2000-06-14,27.7289,27.7849,27.7289,27.7289,591900
2000-06-15,26.4965,27.6729,25.2641,27.6729,1269100
2000-06-16,26.4405,26.7766,26.2164,26.7766,730400
2000-06-19,27.8409,28.2331,26.3845,26.3845,868800
2000-06-20,27.7849,28.009,27.3368,27.3368,581800
2000-06-21,26.8886,27.8969,26.4965,27.4488,429500
2000-06-22,26.7766,26.9447,26.4405,26.9447,390200
2000-06-23,26.2164,26.9447,25.6562,26.6646,397200
2000-06-26,27.5608,27.6168,26.1604,26.8326,675100
2000-06-27,27.5048,28.177,27.1687,27.1687,288300
2000-06-28,27.6729,28.009,27.1687,27.2808,397600
2000-06-29,27.7836,28.3461,27.2775,27.3899,627000
2000-06-30,27.3337,28.571,26.9963,27.6149,769300
2000-07-03,27.8961,28.0086,26.9963,27.165,322200
2000-07-05,27.8399,28.6835,27.6149,28.0086,464800
2000-07-06,28.1773,28.2898,27.2212,28.0649,251300
2000-07-07,28.6835,28.796,27.2212,28.0649,354200
2000-07-10,28.796,29.021,28.1211,28.571,740000
2000-07-11,29.5272,29.9771,28.1211,28.571,719900
2000-07-12,30.7082,31.4956,30.2021,30.5958,1123700
2000-07-13,31.5519,31.8331,30.2021,30.5958,573500
2000-07-14,31.8331,32.283,31.5519,31.7206,459400
2000-07-17,30.8207,32.283,30.2583,31.7206,550700
2000-07-18,30.2021,31.7206,29.7521,31.7206,222900
2000-07-19,29.5834,30.8207,29.3584,30.8207,245200
2000-07-20,30.5958,30.8207,29.5272,30.2583,1078100
2000-07-21,30.652,31.1582,30.2583,30.2583,572500
2000-07-24,30.427,30.8207,30.2583,30.652,410100
2000-07-25,30.427,30.5958,30.1458,30.5958,352400
2000-07-26,29.9208,30.5958,29.8084,30.5395,432600
2000-07-27,30.9894,31.2707,29.8084,30.3708,340900
2000-07-28,31.1582,31.7769,30.9894,30.9894,907200
2000-07-31,32.283,32.5642,31.3269,31.3832,1035800
2000-08-01,32.3393,32.7892,32.0018,32.0018,371400
2000-08-02,32.1143,32.3393,31.8331,32.3393,459100
2000-08-03,31.5519,32.058,31.3832,32.0018,448700
2000-08-04,32.9017,33.2954,31.7769,31.7769,695100
2000-08-07,33.9703,34.139,32.4517,32.4517,504200
2000-08-08,33.7454,33.8578,33.2392,33.8578,459200
2000-08-09,32.6205,33.0704,32.058,33.0704,645200
2000-08-10,32.0018,33.1829,31.8894,32.8454,385000
2000-08-11,31.8894,32.5642,31.6644,32.5642,605800
2000-08-14,32.058,32.1143,31.2707,32.058,480000
2000-08-15,31.3832,32.1143,31.3832,32.058,415500
2000-08-16,31.1582,31.6081,31.0457,31.0457,403500
2000-08-17,31.4956,31.8894,31.2707,31.3832,416400
2000-08-18,30.9894,31.4394,30.7082,31.0457,386200
2000-08-21,32.2268,32.6205,30.5395,30.8207,434200
2000-08-22,32.6767,33.8578,32.2268,32.3955,536100
2000-08-23,32.7329,33.0142,32.3393,32.3955,407100
2000-08-24,32.6205,33.0142,32.6205,32.7329,443400
2000-08-25,33.4641,33.8016,32.6205,32.8454,530600
2000-08-28,33.1829,33.6329,33.0142,33.0142,341000
2000-08-29,33.3516,33.5766,32.3955,33.1267,283000
2000-08-30,33.4641,34.1953,32.3955,33.1267,281900
2000-08-31,34.1953,34.589,33.5203,33.5766,558700
2000-09-01,34.9265,34.9265,34.139,34.139,465700
2000-09-05,34.6452,35.4889,34.4765,34.7015,791900
2000-09-06,35.4889,36.5012,34.7577,34.8139,466300
2000-09-07,35.0389,35.7138,34.9827,35.7138,433200
2000-09-08,35.8825,35.9388,34.9827,35.7138,484200
2000-09-11,38.1885,38.1885,35.7138,35.8825,777600
2000-09-12,38.8072,38.9197,37.1761,37.7948,750900
2000-09-13,40.157,40.6631,38.7509,38.8072,1343700
2000-09-14,39.8758,41.0569,39.4821,40.157,1303200
2000-09-15,37.7385,40.3257,37.6823,40.2695,759900
2000-09-18,37.851,38.6385,37.6261,38.3572,673500
2000-09-19,39.3133,39.5383,38.2447,38.2447,847900
2000-09-20,39.4821,40.1007,39.3696,39.8195,927200
2000-09-21,38.301,39.2571,37.4574,39.2571,585200
2000-09-22,40.1007,40.3257,38.1323,38.4697,468900
2000-09-25,39.4056,40.3145,39.2256,40.2965,480700
2000-09-26,37.9568,40.3145,37.6238,40.2965,375800
2000-09-27,38.8296,39.1446,37.7948,37.7948,558300
2000-09-28,40.2695,40.4854,39.0546,39.0546,458500
2000-09-29,40.0917,40.3714,39.433,40.1097,348600
2000-10-02,40.9309,41.0572,39.6495,39.8661,910200
2000-10-03,39.3066,39.7037,38.8013,39.4781,936600
2000-10-04,37.9441,39.3066,37.0959,39.3066,1025400
2000-10-05,38.1968,39.6946,36.7259,36.9966,992000
2000-10-06,36.8973,38.7111,36.6537,38.6208,521500
2000-10-09,36.771,37.0868,35.8235,36.8161,385900
2000-10-10,35.5348,37.3576,34.831,36.9966,671400
2000-10-11,35.4987,35.9048,34.9753,35.3273,798300
2000-10-12,34.3166,35.9408,33.5676,35.8686,664400
2000-10-13,34.8851,35.0656,34.1542,34.4249,526000
2000-10-16,35.0565,35.3182,34.5602,34.5602,484900
2000-10-17,34.2534,35.4626,33.9827,35.1017,455700
2000-10-18,33.5947,34.6054,33.1616,34.6054,581900
2000-10-19,34.7136,35.1829,33.3872,34.3797,341400
2000-10-20,36.2116,36.6357,34.831,36.6357,361500
2000-10-23,35.1017,36.0942,34.831,36.0942,220200
2000-10-24,36.4552,36.4552,35.237,35.237,288400
2000-10-25,36.4371,36.9966,35.4175,36.0942,596100
2000-10-26,35.0926,35.6431,34.47,35.6431,503600
2000-10-27,36.2476,36.2476,34.4249,34.47,482700
2000-10-30,37.5741,37.9892,35.6702,36.0942,734300
2000-10-31,38.6569,38.6569,36.5995,37.5741,535300
2000-11-01,37.3756,38.6569,36.5183,37.5741,655600
2000-11-02,36.9334,38.0434,36.6808,37.2222,540000
2000-11-03,36.4462,37.4207,36.2206,37.2222,806700
2000-11-06,36.0852,36.5093,35.2821,36.5093,543000
2000-11-07,35.7785,36.2476,35.4626,35.9138,342800
2000-11-08,35.1919,36.004,34.6956,35.9589,402300
2000-11-09,35.3814,35.9859,35.1558,35.3724,611000
2000-11-10,34.7497,35.3724,34.47,35.3724,493500
2000-11-13,33.8744,34.84,33.0623,34.2715,365500
2000-11-14,33.5045,33.9286,33.0713,33.7932,948100
2000-11-15,34.3797,34.4249,33.342,33.7932,347500
2000-11-16,34.6324,35.2731,34.2895,34.2895,262200
2000-11-17,34.5151,34.7317,34.4249,34.4249,354100
2000-11-20,34.0549,34.6865,33.5225,34.6054,332500
2000-11-21,33.8383,33.8473,32.3585,33.6579,595200
2000-11-22,32.8097,34.2444,32.1329,33.6579,829200
2000-11-24,33.1345,34.109,33.0262,33.0262,210800
2000-11-27,34.1271,34.47,33.0262,33.0262,575500
2000-11-28,33.3601,34.6595,33.3601,34.3346,512300
2000-11-29,33.2879,33.6037,32.7645,33.3691,580600
2000-11-30,32.6743,33.9917,31.8081,33.3691,393000
2000-12-01,32.9992,33.5225,32.936,33.0894,351300
2000-12-04,32.4848,33.2608,32.3134,33.1165,414500
2000-12-05,33.8383,34.3707,32.6653,32.7104,591700
2000-12-06,33.333,35.1738,33.2158,34.0639,493900
2000-12-07,33.8383,34.488,33.1165,33.4323,414000
2000-12-08,35.1919,35.3543,33.6127,33.8383,746900
2000-12-11,35.8686,35.9589,34.9663,35.1017,375200
2000-12-12,33.8835,35.1919,33.4413,35.1919,578300
2000-12-13,33.1255,34.3797,33.1255,34.3797,303500
2000-12-14,31.6637,32.7556,31.3659,32.7556,701400
2000-12-15,31.1313,32.0697,31.1313,31.1313,687100
2000-12-18,32.9811,33.0713,30.644,30.9959,1237000
2000-12-19,33.4503,34.5964,32.9811,32.9811,564000
2000-12-20,33.3872,34.3346,33.0713,33.9286,561800
2000-12-21,33.297,34.7407,32.9811,33.342,1246300
2000-12-22,34.2895,34.5061,32.9811,33.342,369200
2000-12-26,34.3166,34.47,33.342,34.2895,325200
2000-12-27,34.3829,34.6002,33.7761,34.6002,362900
2000-12-28,34.41,34.5458,33.9572,34.5458,692200
2000-12-29,34.5006,35.3336,34.4281,34.6273,428900
2001-01-02,33.9572,34.7722,33.5045,34.41,664300
2001-01-03,36.212,36.538,33.8667,34.1836,1188000
2001-01-04,35.5782,37.4254,35.3608,36.6738,635800
2001-01-05,35.225,36.0399,34.8718,36.0399,482500
2001-01-08,35.1888,35.4061,34.6816,35.4061,233500
2001-01-09,34.4643,35.2884,34.4372,35.2884,225700
2001-01-10,35.0167,35.2612,34.2108,34.2108,434400
2001-01-11,35.1797,36.2029,34.908,35.2431,386400
2001-01-12,35.0891,35.9041,34.8537,35.3608,533100
2001-01-16,35.7683,36.1486,34.8628,35.0439,321700
2001-01-17,36.1033,36.538,35.7773,35.7773,612800
2001-01-18,36.5108,37.027,34.9986,35.8769,719900
2001-01-19,36.2482,36.7643,36.0852,36.6738,490900
2001-01-22,36.8096,36.9545,36.049,36.2211,546000
2001-01-23,37.3349,37.7151,36.8911,36.9002,273600
2001-01-24,38.023,38.3943,37.3077,37.8057,495600
2001-01-25,38.503,38.666,36.6738,37.9235,646600
2001-01-26,39.3542,40.6581,38.7112,38.7112,960100
2001-01-29,42.605,43.0125,39.2093,39.3542,1672700
2001-01-30,43.0216,43.4653,41.8716,42.3786,1213700
2001-01-31,42.3424,42.8405,41.7719,42.8314,721300
2001-02-01,43.3113,43.3657,41.2649,41.7629,778000
2001-02-02,42.9673,43.7369,42.4782,43.085,1183100
2001-02-05,42.2881,42.9673,41.8625,42.9673,749600
2001-02-06,40.4951,42.1976,40.3774,42.1976,914900
2001-02-07,40.1058,40.7034,40.0243,40.4589,694200
2001-02-08,39.7617,40.7034,39.7073,40.4589,1286400
2001-02-09,38.8742,39.7888,38.7565,39.7888,716900
2001-02-12,39.9337,40.1148,39.1912,39.8432,739000
2001-02-13,39.7073,39.8432,38.9376,38.9376,967500
2001-02-14,39.5081,40.2054,39.4357,40.0243,1006500
2001-02-15,39.2546,39.5715,39.0825,39.2998,600700
2001-02-16,39.1912,39.481,39.0282,39.2093,444100
2001-02-20,37.4888,39.3451,37.353,39.2093,909500
2001-02-21,37.4979,37.9687,37.353,37.6699,482300
2001-02-22,37.3077,37.5793,36.4474,37.5793,791300
2001-02-23,37.4888,37.5341,36.2663,37.3982,609900
2001-02-26,38.4487,38.4849,37.1266,38.2585,433300
2001-02-27,38.349,39.1369,37.8057,38.9195,352000
2001-02-28,37.7242,38.7565,37.5793,38.7565,323000
2001-03-01,37.2805,37.7967,36.9455,37.7967,513600
2001-03-02,38.8018,38.9286,37.3077,37.4435,775100
2001-03-05,38.3581,39.1187,37.9053,38.6207,445500
2001-03-06,38.4668,39.2636,38.2585,38.7565,373800
2001-03-07,38.8018,38.8471,38.1317,38.6932,267100
2001-03-08,39.318,39.7979,38.838,39.1187,653800
2001-03-09,38.7112,39.5624,38.2404,39.3904,575000
2001-03-12,37.2715,38.4939,36.9907,38.4849,730200
2001-03-13,36.7553,37.19,36.6014,37.1266,691100
2001-03-14,35.6596,36.3116,35.1344,35.9494,625300
2001-03-15,36.538,36.6104,35.5509,35.5872,624000
2001-03-16,35.388,36.4927,35.388,35.6777,1094700
2001-03-19,36.4746,36.6648,34.8809,35.388,744300
2001-03-20,35.0891,36.9907,35.0167,36.6738,607300
2001-03-21,34.419,35.4061,34.41,34.9986,758000
2001-03-22,32.6713,34.2742,30.969,34.2742,1037400
2001-03-23,35.0076,35.1797,33.097,33.4592,1022200
2001-03-26,35.2068,35.9041,34.9623,35.0076,589600
2001-03-27,35.9041,35.9856,34.745,35.2702,676600
2001-03-28,35.2159,35.9041,34.6816,35.723,472300
2001-03-29,35.1642,35.782,34.8825,35.3913,591400
2001-03-30,35.5367,35.7547,34.937,35.2368,476300
2001-04-02,35.9728,36.727,35.1187,35.3095,582500
2001-04-03,34.0465,35.891,33.7558,35.7457,513800
2001-04-04,33.5104,34.3464,32.7563,33.5286,529600
2001-04-05,35.9274,35.9274,33.6649,33.7103,949300
2001-04-06,34.5644,35.8456,34.4736,35.8002,671600
2001-04-09,35.1187,35.255,34.5735,34.6644,538700
2001-04-10,37.3358,37.3358,35.1187,35.1187,2670300
2001-04-11,38.9441,39.0258,37.9627,38.1627,1367500
2001-04-12,38.8532,39.0441,38.4716,38.7169,711800
2001-04-16,38.1627,39.253,37.8992,38.8532,651900
2001-04-17,38.8441,38.8441,37.7174,38.1172,661800
2001-04-18,40.8886,40.8886,38.408,38.826,985500
2001-04-19,40.2071,40.8886,39.6165,40.8886,641700
2001-04-20,40.0254,40.0254,39.3439,40.0254,449100
2001-04-23,39.3893,39.4802,39.0077,39.2985,447500
2001-04-24,39.7073,40.1616,39.3893,39.3893,702700
2001-04-25,40.2071,40.2071,38.9441,39.7528,385600
2001-04-26,40.9794,41.252,39.5438,39.9799,917800
2001-04-27,40.9794,41.6155,40.8068,41.4338,613700
2001-04-30,39.6619,41.0612,39.3348,40.9794,639300
2001-05-01,40.3888,40.3888,38.9168,39.889,656300
2001-05-02,39.8163,40.3252,39.4347,40.1616,748500
2001-05-03,39.0531,39.889,38.617,39.8436,664200
2001-05-04,39.2985,39.2985,38.5261,38.7623,561900
2001-05-07,39.0531,39.6165,38.7078,39.4802,369100
2001-05-08,38.5533,39.253,38.3444,39.0713,1705800
2001-05-09,38.3989,38.617,38.1627,38.3898,288300
2001-05-10,38.4625,38.8896,38.1899,38.5715,487600
2001-05-11,37.7992,38.4806,37.6629,38.4625,449600
2001-05-14,37.9809,38.0718,37.254,37.9809,553900
2001-05-15,38.0809,38.4806,37.7174,38.2081,405600
2001-05-16,39.5256,39.7164,37.5266,38.0718,607100
2001-05-17,40.0435,40.3343,39.2621,39.571,0
2001-05-18,39.8618,40.0799,39.4983,40.0708,688500
2001-05-21,40.2253,40.3888,39.7073,39.7982,490300
2001-05-22,40.7977,41.0249,40.0708,40.1162,974200
2001-05-23,40.8886,41.3883,40.5796,40.8886,814600
2001-05-24,40.8613,41.0703,40.5978,40.7977,343700
2001-05-25,40.7432,41.0157,40.4524,40.7068,362300
2001-05-29,40.616,40.7068,40.4342,40.5251,1550400
2001-05-30,40.1162,41.0885,40.0708,40.3888,428400
2001-05-31,40.4342,40.616,40.0708,40.0708,677900
2001-06-01,40.1162,40.2071,39.5529,40.0708,424700
2001-06-04,40.5251,40.5524,39.889,40.1616,249100
2001-06-05,41.252,41.3247,40.6614,40.7523,520000
2001-06-06,40.5342,41.2066,40.3434,41.2066,542400
2001-06-07,40.3161,40.5614,39.7346,40.3434,419000
2001-06-08,39.9073,40.3161,39.5347,40.3161,325100
2001-06-11,39.4802,40.0254,39.253,39.9345,317100
2001-06-12,39.462,39.6165,38.8896,39.253,516800
2001-06-13,39.462,40.2525,39.1349,39.2349,518700
2001-06-14,39.2985,39.2985,38.8987,39.2985,513300
2001-06-15,39.5256,39.8436,38.6079,39.0713,1058000
2001-06-18,39.8618,39.9254,39.1622,39.3893,552000
2001-06-19,40.5796,40.9158,40.089,40.089,938400
2001-06-20,41.9335,42.3424,40.7613,40.7613,1422600
2001-06-21,43.0693,43.0693,41.8881,42.1607,829400
2001-06-22,42.0516,43.0693,41.7154,43.0693,381500
2001-06-25,41.6155,42.4787,41.4338,42.2515,629300
2001-06-26,41.1612,41.2066,40.5251,40.9067,924200
2001-06-27,41.5246,41.9335,41.0521,41.143,615600
2001-06-28,41.3519,42.1607,41.2884,41.4338,757300
2001-06-29,41.5882,41.5882,40.725,41.1612,663200
2001-07-02,41.6182,41.6456,41.117,41.5544,491100
2001-07-03,41.2264,41.6456,41.0259,41.6182,519700
2001-07-05,41.2901,41.5362,41.1443,41.281,521700
2001-07-06,40.6432,41.2901,40.552,41.281,493900
2001-07-09,40.7525,40.8254,40.2331,40.4153,279400
2001-07-10,40.2513,40.8163,40.1237,40.5702,469100
2001-07-11,39.8503,40.2695,39.5405,40.0964,645800
2001-07-12,40.8801,41.0988,39.6863,39.6863,556200
2001-07-13,41.1352,41.3266,40.552,40.8892,349300
2001-07-16,40.8254,41.4178,40.7798,41.3631,384200
2001-07-17,41.682,41.7367,40.6432,40.9165,582000
2001-07-18,41.7367,41.7549,41.281,41.6456,425400
2001-07-19,41.6729,41.9827,41.3722,41.8734,576800
2001-07-20,41.5817,41.7914,41.2719,41.682,378000
2001-07-23,41.4633,41.9007,41.281,41.5089,291000
2001-07-24,40.5156,41.1899,40.3424,41.1899,626300
2001-07-25,40.9165,40.9621,40.4153,40.5976,491600
2001-07-26,41.1261,41.1899,39.5131,40.3242,895400
2001-07-27,40.3606,40.7343,40.0964,40.1875,746100
2001-07-30,39.3582,39.6407,38.0915,39.5496,1868100
2001-07-31,39.3127,40.0508,39.2307,39.2489,814200
2001-08-01,39.5223,40.0053,38.939,39.1395,599000
2001-08-02,39.9779,40.1511,39.5952,39.6407,340000
2001-08-03,39.905,40.0508,39.4767,40.0508,274200
2001-08-06,39.3218,39.9597,39.1851,39.7318,460500
2001-08-07,39.2944,39.8595,39.1942,39.3673,278500
2001-08-08,39.0302,39.4949,38.9572,39.1851,398800
2001-08-09,38.8479,39.176,38.4561,38.9846,347200
2001-08-10,38.9664,39.094,38.2738,38.7295,274000
2001-08-13,39.1851,39.2307,38.6839,38.9664,354600
2001-08-14,39.1395,39.6863,38.9572,39.3218,451900
2001-08-15,39.2853,39.4949,39.1486,39.1851,440100
2001-08-16,38.9846,39.2762,38.5928,39.1851,364500
2001-08-17,38.2009,38.8661,38.0004,38.8661,569100
2001-08-20,38.3741,38.5016,38.1462,38.2009,494900
2001-08-21,37.7361,39.0575,37.4628,38.4105,896700
2001-08-22,38.3649,38.5016,37.7271,37.9093,392400
2001-08-23,38.2192,38.6292,38.0004,38.0004,519400
2001-08-24,39.4038,39.7592,38.3831,38.5016,698900
2001-08-27,38.8388,39.5496,38.7659,39.4585,267900
2001-08-28,37.7088,39.0028,37.6359,38.8206,936800
2001-08-29,37.7361,38.1371,37.6086,37.7726,566500
2001-08-30,37.1803,37.8273,36.9069,37.5448,345900
2001-08-31,37.3899,38.2374,37.0709,37.1803,472500
2001-09-04,37.4263,38.3558,36.9069,37.3625,448300
2001-09-05,37.1074,37.5812,36.9069,37.2714,568300
2001-09-06,36.0776,36.998,35.95,36.9525,964400
2001-09-07,34.9841,36.1688,34.9112,35.9045,751100
2001-09-10,35.8862,36.1596,34.6742,34.9021,1104100
2001-09-17,32.9884,35.4488,32.7606,35.4488,856400
2001-09-18,32.4416,33.3984,32.2958,32.9884,559700
2001-09-19,32.3505,33.0248,31.8948,32.6239,1101300
2001-09-20,30.5644,31.8493,30.5552,31.4665,1514000
2001-09-21,29.0699,30.619,28.8421,29.3979,1581500
2001-09-24,31.0109,32.3505,29.6713,29.6713,845100
2001-09-25,31.0473,31.4301,30.2819,30.8013,658900
2001-09-26,31.2205,31.5758,30.8559,31.3936,395700
2001-09-27,30.0722,30.3456,29.0243,29.4344,1180300
2001-09-28,31.5941,31.7125,30.4368,30.619,714700
2001-10-01,30.7831,31.4392,30.6646,31.3936,586400
2001-10-02,30.5735,30.938,29.9811,30.8924,1310400
2001-10-03,31.6007,31.8752,29.8258,30.1918,891200
2001-10-04,31.6007,32.3052,31.4269,31.5732,528400
2001-10-05,31.3537,31.6922,30.9969,31.5732,695800
2001-10-08,30.6034,31.1524,30.393,31.0335,307200
2001-10-09,31.1433,31.2896,30.329,30.3839,325000
2001-10-10,31.7288,31.9301,30.8322,30.8779,412200
2001-10-11,32.5888,33.1194,31.6556,31.6556,1053200
2001-10-12,30.8962,32.479,30.512,32.3601,1494100
2001-10-15,30.8322,31.3811,30.512,30.9237,575500
2001-10-16,31.0701,31.4452,30.6034,30.8322,454100
2001-10-17,30.512,31.9301,30.1918,31.0701,554000
2001-10-18,30.146,30.8962,29.9264,30.3748,313700
2001-10-19,29.9264,30.1094,29.286,29.9173,511700
2001-10-22,30.7498,30.8779,29.6977,29.6977,323800
2001-10-23,29.4415,31.1524,29.0481,30.695,1307600
2001-10-24,29.7618,30.0088,29.2677,29.6703,469700
2001-10-25,29.7983,30.21,28.7279,29.0481,813600
2001-10-26,30.329,30.512,29.7343,29.7983,590400
2001-10-29,29.5605,30.1918,29.4141,30.1918,495500
2001-10-30,28.9475,29.469,28.4992,29.4598,411000
2001-10-31,29.3683,29.533,29.0024,29.1762,953000
2001-11-01,29.5971,29.6886,28.2247,29.1854,592400
2001-11-02,30.0545,30.1735,29.2311,29.3683,385400
2001-11-05,31.0975,31.1066,30.0545,30.1918,610600
2001-11-06,31.6373,31.6556,30.6492,31.0152,401000
2001-11-07,32.1222,32.296,31.6373,31.6373,734400
2001-11-08,32.3052,33.2933,32.2503,32.479,891500
2001-11-09,32.2045,32.3876,31.7288,32.2503,375100
2001-11-12,31.6556,32.5705,31.1798,32.2503,774500
2001-11-13,33.7599,33.8514,32.1588,32.1588,1513700
2001-11-14,33.9886,34.4278,33.4854,33.6684,629900
2001-11-15,34.0344,34.2997,33.7416,33.9429,347000
2001-11-16,33.7141,34.1441,33.5037,33.9886,379300
2001-11-19,34.0344,34.629,33.7141,33.7141,419900
2001-11-20,34.0618,34.3088,33.7965,34.0801,225400
2001-11-21,33.7965,34.0618,33.3939,33.8971,321000
2001-11-23,34.3546,34.382,33.7141,33.7141,88100
2001-11-26,34.1808,34.2722,33.6226,33.8514,505500
2001-11-27,33.7416,34.3912,33.5312,34.3088,935100
2001-11-28,32.909,33.7141,32.845,33.6684,538700
2001-11-29,33.1652,33.4397,32.5705,32.845,790300
2001-11-30,32.7077,33.2658,32.662,33.2109,378800
2001-12-03,32.2045,32.662,31.802,32.662,756300
2001-12-04,32.2503,32.4424,31.9209,32.2503,547500
2001-12-05,33.1926,33.3024,32.4607,32.479,685500
2001-12-06,33.7599,33.9154,32.9822,32.9822,741400
2001-12-07,33.769,33.9886,33.1743,33.8056,423900
2001-12-10,33.3115,34.3088,33.3024,33.6684,366900
2001-12-11,33.2109,33.4397,32.7535,33.3024,606500
2001-12-12,32.7169,33.1194,32.3235,33.1194,322600
2001-12-13,32.2137,32.7169,32.2137,32.7169,198700
2001-12-14,31.8843,32.0673,31.4269,32.0216,795700
2001-12-17,31.7928,32.2869,31.5641,31.8386,592800
2001-12-18,31.9758,32.1314,31.6282,31.9301,940500
2001-12-19,32.3692,32.4607,31.7197,31.9758,938200
2001-12-20,32.2594,32.5248,32.0765,32.5248,501300
2001-12-21,32.0673,32.296,31.9758,32.2045,1125000
2001-12-24,32.1405,32.2594,32.0673,32.0673,129600
2001-12-26,32.2045,32.7535,32.0765,32.1405,390300
2001-12-27,32.2228,32.5705,31.7654,32.1954,396300
2001-12-28,32.479,32.7535,32.2045,32.2228,429800
2001-12-31,32.2686,32.7626,32.113,32.2045,391500
2002-01-02,32.1954,32.3418,31.5824,32.3418,489200
2002-01-03,32.7352,32.9365,32.0307,32.0673,513600
2002-01-04,33.6501,33.8422,32.8541,32.9639,617400
2002-01-07,33.5769,33.8422,33.3024,33.6501,380100
2002-01-08,33.1378,33.5312,33.0188,33.5312,280600
2002-01-09,33.4122,33.7416,33.1194,33.1194,510100
2002-01-10,33.2109,33.7141,33.0646,33.2567,450700
2002-01-11,32.909,33.4763,32.8541,33.0737,404400
2002-01-14,32.3784,33.0463,32.2045,32.9822,461700
2002-01-15,32.6986,32.7352,32.1588,32.4607,336400
2002-01-16,32.0307,32.7535,32.0307,32.5705,306700
2002-01-17,32.5431,32.6528,32.0216,32.0948,294800
2002-01-18,32.2045,32.6894,32.0673,32.4333,290700
2002-01-22,31.9941,32.4333,31.9392,32.113,317500
2002-01-23,31.8569,32.3052,31.802,31.9484,378700
2002-01-24,33.4031,34.0344,32.479,32.479,1507900
2002-01-25,34.0618,34.4461,33.3939,33.8514,1184200
2002-01-28,34.2539,34.565,34.0984,34.4918,711400
2002-01-29,32.4516,34.5742,32.232,34.2631,1134300
2002-01-30,33.3756,33.3756,32.1588,32.7077,1171100
2002-01-31,34.2631,34.2631,33.5312,33.5769,776800
2002-02-01,35.242,35.3975,33.9337,34.3088,1239400
2002-02-04,34.4735,35.4525,34.3729,35.4525,1244500
2002-02-05,34.5101,34.812,34.2173,34.4735,1134600
2002-02-06,34.2539,34.7663,34.0161,34.6748,1038000
2002-02-07,34.7846,35.4067,34.3088,34.3546,1015600
2002-02-08,35.4799,35.5897,34.7663,34.7663,542700
2002-02-11,36.1295,36.2118,35.4159,35.5714,648600
2002-02-12,35.9008,36.4131,35.7452,36.1295,585100
2002-02-13,37.0901,37.0993,35.9008,35.9008,973900
2002-02-14,36.9621,37.8312,36.5961,37.0901,845800
2002-02-15,36.6144,37.4652,36.3674,37.4652,991200
2002-02-19,35.4982,36.3948,35.4525,36.3857,560000
2002-02-20,35.7544,35.974,34.629,35.5897,1071100
2002-02-21,35.1139,36.102,35.0956,35.8093,477200
2002-02-22,35.2878,35.5074,34.7023,35.1322,626500
2002-02-25,36.2027,36.3216,35.2695,35.2695,471700
2002-02-26,36.2759,36.4589,35.6171,36.0929,704000
2002-02-27,36.8705,36.9621,36.2301,36.3674,978800
2002-02-28,37.3829,37.7855,36.9621,36.9621,1014100
2002-03-01,38.1972,38.1972,37.5567,37.9685,892800
2002-03-04,39.4689,39.5147,38.1514,38.1514,1378400
2002-03-05,39.0206,39.6611,38.9748,39.3408,1098200
2002-03-06,39.4506,39.5695,38.801,39.0846,934600
2002-03-07,39.7983,40.0453,39.597,39.7983,1093500
2002-03-08,39.9355,40.3929,39.7617,39.7983,729700
2002-03-11,39.2767,39.7342,39.0298,39.3408,884200
2002-03-12,39.0389,39.1121,38.7461,39.1121,580200
2002-03-13,38.6729,39.1395,38.5814,39.0389,518700
2002-03-14,38.7919,39.2035,38.5174,38.5174,388100
2002-03-15,39.3865,39.5055,38.5631,38.5631,819900
2002-03-18,39.1578,39.7068,39.0298,39.5238,676300
2002-03-19,39.4323,39.6335,39.1578,39.478,437500
2002-03-20,39.1029,39.4323,38.8467,39.0206,509500
2002-03-21,39.0206,39.2035,38.3619,38.9748,558100
2002-03-22,38.5265,38.9291,38.3436,38.9291,592200
2002-03-25,37.6574,38.5265,37.6574,38.5265,499800
2002-03-26,38.1057,38.4076,37.6482,37.6482,433500
2002-03-27,38.5906,38.9108,37.9227,37.9227,324200
2002-03-28,38.3527,38.6912,37.9685,37.9685,757900
2002-04-01,37.7946,38.124,37.264,38.124,633100
2002-04-02,37.7397,37.8587,37.4195,37.7946,675400
2002-04-03,37.5293,37.9227,37.2823,37.8769,530800
2002-04-04,37.1542,37.5293,36.6418,37.5293,874600
2002-04-05,37.1816,37.694,37.0535,37.1908,468700
2002-04-08,37.2823,37.3097,36.6693,37.1633,523700
2002-04-09,38.3253,38.3801,37.2823,37.2823,1238900
2002-04-10,39.1121,39.3042,38.5174,38.5174,1701600
2002-04-11,38.1057,39.2035,37.9044,39.1121,877400
2002-04-12,38.7735,38.7827,38.124,38.1331,986900
2002-04-15,38.1972,38.9291,38.1605,38.7735,1221400
2002-04-16,39.0755,39.2951,38.4899,38.4899,818000
2002-04-17,39.4689,39.6611,39.0206,39.1578,508300
2002-04-18,39.2676,39.7525,39.1029,39.3408,398000
2002-04-19,39.5787,39.9629,39.2676,39.2676,721500
2002-04-22,38.7461,39.7525,38.6821,39.5787,598700
2002-04-23,38.2978,38.9748,38.1972,38.9748,527300
2002-04-24,37.4378,38.6547,37.2823,38.5174,593000
2002-04-25,37.0444,37.1908,36.5961,37.0535,1139200
2002-04-26,37.3646,37.8312,37.0993,37.6482,952800
2002-04-29,37.1359,37.7031,36.7974,37.1908,937400
2002-04-30,38.3344,38.7735,37.145,37.145,1240600
2002-05-01,38.4991,38.5631,37.8221,38.1972,797000
2002-05-02,38.9565,38.9565,38.1423,38.2704,643400
2002-05-03,38.4717,38.8376,38.2612,38.7278,444900
2002-05-06,37.0901,38.4259,37.081,38.4259,908800
2002-05-07,37.6574,37.8953,37.2182,37.3737,601400
2002-05-08,38.8102,38.8376,38.1057,38.1057,969500
2002-05-09,38.5631,39.2035,38.4899,38.7004,642200
2002-05-10,37.7031,38.5631,37.6482,38.5631,490500
2002-05-13,38.5174,38.5997,37.3737,37.7123,410100
2002-05-14,39.5055,39.5329,38.8559,38.8559,690200
2002-05-15,39.6335,39.844,39.2585,39.3408,641900
2002-05-16,39.8074,39.9355,39.478,39.5238,380000
2002-05-17,40.1642,40.1642,39.7525,39.8074,414700
2002-05-20,39.2402,39.9355,39.0846,39.9355,377100
2002-05-21,38.5814,39.844,38.5814,39.6153,638700
2002-05-22,39.1304,39.1762,38.4259,38.7187,767800
2002-05-23,40.3747,40.6949,40.027,40.1642,1240700
2002-05-24,40.2191,40.6949,40.1185,40.4387,908000
2002-05-28,39.8074,40.3472,39.6611,40.3472,317200
2002-05-29,39.8898,40.091,39.6427,39.8165,443400
2002-05-30,39.0206,39.7525,38.7919,39.7525,581400
2002-05-31,39.8257,40.4112,39.0206,39.0206,650700
2002-06-03,39.1487,40.0727,39.0206,39.7068,662200
2002-06-04,39.3499,39.844,38.9383,38.9748,756700
2002-06-05,40.1642,40.1734,39.3499,39.3591,659000
2002-06-06,39.3774,40.1642,39.1121,40.1185,473200
2002-06-07,39.1212,39.4323,38.7919,39.3774,819300
2002-06-10,39.3225,39.4597,38.6912,38.9748,609100
2002-06-11,38.7919,39.8165,38.6912,39.6153,390200
2002-06-12,38.7004,38.7919,37.9227,38.7004,650900
2002-06-13,37.9685,38.6089,37.8312,38.5631,568900
2002-06-14,37.7855,37.9227,36.5961,37.0535,1828500
2002-06-17,39.2035,39.2951,38.0142,38.0142,759000
2002-06-18,39.478,39.478,38.9017,39.2127,770200
2002-06-19,38.4991,39.478,38.4717,39.478,453500
2002-06-20,37.9685,38.5631,37.8678,38.3344,545100
2002-06-21,37.5842,37.9685,37.1633,37.2823,736400
2002-06-24,37.145,37.694,36.6418,37.511,1195200
2002-06-25,37.0719,38.2063,36.9621,37.4195,687700
2002-06-26,37.0627,37.145,36.0929,36.4863,1064500
2002-06-27,38.3344,38.4167,37.2365,37.2365,874400
2002-06-28,39.0114,39.2493,38.1972,38.1972,970100
2002-07-01,37.9593,39.478,37.8221,39.0114,923100
2002-07-02,37.3189,37.8953,36.4863,37.7855,1154900
2002-07-03,36.0471,36.8705,35.5256,36.468,1201200
2002-07-05,36.9621,37.0444,36.2301,36.3216,693900
2002-07-08,36.6144,37.2548,36.5412,36.8248,823900
2002-07-09,35.4799,36.7059,35.4799,36.7059,794800
2002-07-10,34.0801,35.7452,33.9886,35.6355,1013800
2002-07-11,34.1167,34.1716,32.9365,33.7141,1241000
2002-07-12,33.7782,34.3088,33.3848,34.1167,1223100
2002-07-15,33.6044,33.6226,32.0399,33.6226,896100
2002-07-16,32.7077,33.4671,32.5248,33.3756,1117600
2002-07-17,32.3509,32.9273,31.9209,32.7077,1683000
2002-07-18,30.9145,32.3692,30.8505,32.1771,1083400
2002-07-19,28.975,30.2467,28.8194,30.2375,1923300
2002-07-22,28.856,29.7618,28.7279,29.0481,1685900
2002-07-23,28.4077,28.7279,27.9594,28.5449,2419100
2002-07-24,29.1396,29.4781,26.9988,27.4928,3878400
2002-07-25,28.3345,29.7251,27.7215,29.1396,1998500
2002-07-26,28.8652,29.3958,28.2705,28.6364,1093300
2002-07-29,31.9026,31.9118,30.146,30.3748,1785800
2002-07-30,31.8477,32.0033,30.4846,31.3354,1026500
2002-07-31,31.4086,31.7014,30.7407,31.7014,699800
2002-08-01,30.4296,31.2164,30.1918,31.1982,760200
2002-08-02,29.7251,30.1369,29.3043,30.1003,589600
2002-08-05,28.4809,29.5971,28.3711,29.5971,873800
2002-08-06,28.8652,29.7526,28.6821,28.6821,1001400
2002-08-07,29.3866,29.8075,28.5907,29.4598,613200
2002-08-08,30.8779,31.1524,29.4598,29.5239,666200
2002-08-09,31.0792,31.372,30.3564,30.8322,524300
2002-08-12,30.8322,31.0335,30.1735,30.5577,305600
2002-08-13,29.9905,31.2439,29.9813,30.695,616800
2002-08-14,31.5824,31.6007,29.6245,29.8715,954700
2002-08-15,32.4882,32.5705,31.6556,31.6556,1136600
2002-08-16,32.4607,32.8907,32.0216,32.4882,597300
2002-08-19,33.1652,33.2109,32.2411,32.7077,553600
2002-08-20,32.5705,33.0829,32.3876,33.0829,510500
2002-08-21,33.0005,33.1652,31.8752,32.662,455000
2002-08-22,33.5677,33.769,32.5522,32.9365,572200
2002-08-23,32.5888,33.3482,32.479,33.339,457700
2002-08-26,33.0371,33.2109,32.1588,32.7535,370900
2002-08-27,32.7535,33.4397,32.296,33.2567,670300
2002-08-28,31.7471,32.6986,31.4452,32.662,639900
2002-08-29,31.7745,32.0673,31.1616,31.5824,919000
2002-08-30,32.0216,32.3876,31.4726,31.7928,801200
2002-09-03,30.8871,32.0216,30.8596,32.0216,1222600
2002-09-04,31.7654,31.9301,30.7407,30.9054,881400
2002-09-05,31.0609,31.3811,30.6309,31.1066,1339500
2002-09-06,30.8322,31.5184,30.7682,31.2896,867600
2002-09-09,31.5001,31.7014,30.0545,30.8322,725500
2002-09-10,31.4635,31.7014,31.0335,31.7014,321600
2002-09-11,31.3171,32.0124,31.2896,31.9209,330400
2002-09-12,30.21,31.0518,30.0088,30.9237,679700
2002-09-13,31.0243,31.0975,30.0545,30.2833,1002100
2002-09-16,31.0426,31.1982,30.512,30.9237,394800
2002-09-17,30.1277,31.5641,29.9356,31.5184,435500
2002-09-18,30.2283,30.576,29.4141,29.7343,951600
2002-09-19,29.0756,29.7343,29.0756,29.7343,923400
2002-09-20,29.4141,29.4598,28.9109,29.0756,1083800
2002-09-23,29.0115,29.1854,28.4169,29.1854,814700
2002-09-24,28.9475,29.3683,28.5998,28.6821,959700
2002-09-25,29.4415,29.9173,28.9109,29.3135,1033400
2002-09-26,29.963,30.1003,29.3226,29.5513,663300
2002-09-27,29.0481,30.1918,28.9932,29.963,644500
2002-09-30,28.4534,28.8011,28.06,28.2247,1286800
2002-10-01,29.3683,29.4598,27.9136,28.5266,888800
2002-10-02,28.4077,29.4507,27.447,29.2768,990300
2002-10-03,27.482,28.2632,27.436,28.1713,1882700
2002-10-04,26.6364,27.7209,26.2228,27.5739,1643100
2002-10-07,26.0022,26.4434,25.6437,26.2044,1114400
2002-10-08,27.1327,27.482,26.1309,26.1309,1135000
2002-10-09,25.9011,26.7467,25.7448,26.7467,880300
2002-10-10,27.1511,27.2798,25.6437,25.6897,932400
2002-10-11,28.4379,29.4581,27.4177,27.482,769200
2002-10-14,28.2265,28.5574,26.9305,28.4471,973700
2002-10-15,30.1199,30.3129,28.9526,28.9526,953200
2002-10-16,29.2835,29.9545,28.8975,29.8717,648700
2002-10-17,30.6254,30.7173,30.1015,30.1015,633000
2002-10-18,30.5519,31.3332,30.1474,30.6346,678000
2002-10-21,30.846,31.0206,29.3202,29.8717,802400
2002-10-22,30.3037,30.8552,29.8993,30.8552,418800
2002-10-23,30.9379,30.9379,29.4122,30.2394,800700
2002-10-24,30.4692,31.5262,30.3313,31.1677,645700
2002-10-25,31.3332,31.5078,30.1291,30.4967,509200
2002-10-28,31.1861,31.9398,31.1034,31.71,514000
2002-10-29,30.4508,31.1953,29.9085,31.1953,616800
2002-10-30,30.4048,30.6989,29.8717,30.5151,666800
2002-10-31,30.3221,30.7449,30.1751,30.607,393100
2002-11-01,30.8644,30.9747,29.9269,30.2302,439100
2002-11-04,31.4251,32.1604,31.1585,31.1585,589800
2002-11-05,31.4894,31.7008,31.0482,31.4159,398800
2002-11-06,31.563,31.71,31.0666,31.5445,489700
2002-11-07,30.7449,31.5354,30.6438,31.5354,526700
2002-11-08,30.5151,31.2688,30.1107,30.7817,680500
2002-11-11,29.9545,30.5611,29.8074,30.3956,588300
2002-11-12,30.2394,30.7725,29.835,30.0372,509100
2002-11-13,30.3037,30.9196,29.7063,30.1015,385900
2002-11-14,31.2688,31.3424,30.7449,30.8368,399900
2002-11-15,32.0593,32.1971,31.4986,31.71,1050100
2002-11-18,31.5905,32.3993,31.5445,32.3534,631200
2002-11-19,31.7192,32.1604,31.471,31.756,445400
2002-11-20,32.6751,32.8589,31.7192,31.756,559700
2002-11-21,34.1825,34.5134,32.9049,32.9049,1024400
2002-11-22,34.1916,34.5593,33.9527,34.1641,597000
2002-11-25,34.2284,34.6972,33.8883,34.3295,632500
2002-11-26,33.0703,34.2376,33.0244,34.2376,706200
2002-11-27,34.1365,34.1916,33.245,33.2725,517300
2002-11-29,33.9618,34.2192,33.8883,34.0997,202700
2002-12-02,34.4214,34.7891,34.0262,34.3755,713100
2002-12-03,33.9986,34.4214,33.9343,34.1916,433500
2002-12-04,33.4196,33.7597,33.1347,33.5942,617400
2002-12-05,32.8865,33.5483,32.4913,33.5483,416300
2002-12-06,32.9876,32.9968,31.9398,32.2155,734100
2002-12-09,32.1971,32.7946,32.0868,32.7578,693100
2002-12-10,32.6292,32.6751,32.0133,32.2155,596100
2002-12-11,32.5924,32.9049,32.4177,32.5373,508300
2002-12-12,32.5924,33.0979,32.3258,32.3993,482000
2002-12-13,32.2339,32.5924,31.8479,32.3626,443700
2002-12-16,33.153,33.1898,32.2615,32.2615,465100
2002-12-17,32.9049,33.2725,32.813,33.153,282300
2002-12-18,32.3993,32.8957,32.1879,32.8865,311300
2002-12-19,31.8938,32.7486,31.6273,32.2615,511400
2002-12-20,32.4269,32.7211,32.1236,32.1236,1069200
2002-12-23,31.7835,32.4821,31.7651,32.3074,1022400
2002-12-24,31.4894,31.7651,31.3515,31.756,733000
2002-12-26,31.5905,32.0685,31.4986,31.6181,526400
2002-12-27,30.9196,31.5905,30.8276,31.517,489600
2002-12-30,31.324,31.4618,30.7449,31.0666,567400
2002-12-31,31.324,31.4802,31.1861,31.2688,556100
2003-01-02,32.4177,32.4453,31.3699,31.5537,1313800
2003-01-03,32.5924,32.6292,32.2615,32.3993,433900
2003-01-06,33.2633,33.4196,32.6292,32.6292,946100
2003-01-07,33.2817,33.7229,33.006,33.199,860800
2003-01-08,32.6659,33.2817,32.4913,33.2817,569900
2003-01-09,33.3644,33.438,32.6935,32.6935,777200
2003-01-10,33.5023,33.6861,33.0244,33.1347,544200
2003-01-13,33.6402,34.017,33.5942,33.8148,629300
2003-01-14,33.824,33.8883,33.3736,33.5483,374600
2003-01-15,33.3276,33.824,33.2725,33.824,533300
2003-01-16,33.0152,33.4564,32.9049,33.3553,497200
2003-01-17,32.6292,33.0979,32.3626,32.9232,543900
2003-01-21,31.9949,32.7486,31.8662,32.7211,464700
2003-01-22,31.4618,31.9122,31.2964,31.8479,478300
2003-01-23,31.6732,31.8295,31.3791,31.5537,713200
2003-01-24,30.7541,31.6181,30.4232,31.6181,949400
2003-01-27,30.607,31.085,30.3313,30.6989,1894600
2003-01-28,30.8644,30.9379,30.3221,30.6989,598700
2003-01-29,30.9655,31.0942,30.1842,30.8001,505700
2003-01-30,30.2118,31.0942,30.0647,30.9747,518900
2003-01-31,30.6438,30.7449,30.0923,30.1474,829100
2003-02-03,30.9287,31.1401,30.653,30.653,605600
2003-02-04,30.3037,30.6989,29.9729,30.6989,671400
2003-02-05,30.2026,30.8736,30.0831,30.3956,784100
2003-02-06,29.789,30.2026,29.6419,30.2026,717200
2003-02-07,29.3846,30.0555,29.2283,30.0096,704000
2003-02-10,29.5225,29.6144,29.1273,29.4122,647700
2003-02-11,29.2651,29.8717,29.1273,29.6971,539200
2003-02-12,28.9158,29.6695,28.7504,29.3111,664100
2003-02-13,28.9158,29.118,28.493,28.9066,854900
2003-02-14,29.7247,29.7338,28.8975,28.9526,755400
2003-02-18,30.2853,30.6806,29.8717,29.8717,594500
2003-02-19,30.1474,30.3221,29.9177,30.2853,427500
2003-02-20,29.9453,30.3129,29.8074,30.1567,377500
2003-02-21,30.1659,30.3497,29.6419,30.1474,656400
2003-02-24,29.5317,30.1751,29.4489,30.1751,548700
2003-02-25,29.7155,29.743,28.8791,29.4398,598900
2003-02-26,29.4305,29.7247,29.2191,29.7247,557800
2003-02-27,29.9729,30.2853,29.4673,29.6603,550400
2003-02-28,30.028,30.5151,29.9545,30.1015,576600
2003-03-03,29.5684,30.414,29.4398,30.1291,779300
2003-03-04,28.9986,29.5317,28.9618,29.5317,977700
2003-03-05,29.3478,29.3478,28.7964,29.0077,955300
2003-03-06,28.971,29.3019,28.8699,29.1824,681900
2003-03-07,29.4398,29.5684,28.6401,28.8147,684400
2003-03-10,28.539,29.3202,28.4746,29.3202,724600
2003-03-11,27.9415,28.6401,27.9415,28.493,1108400
2003-03-12,28.3092,28.3184,27.5647,27.9507,1453300
2003-03-13,29.5133,29.5133,28.5114,28.6125,823200
2003-03-14,29.4857,29.9545,29.2283,29.5592,833000
2003-03-17,30.8276,30.9196,29.2191,29.4122,1060800
2003-03-18,31.1493,31.2688,30.5243,30.9103,782200
2003-03-19,31.278,31.5354,30.9655,31.2504,854500
2003-03-20,31.3607,31.5262,30.5151,31.0666,974700
2003-03-21,32.0868,32.1604,31.3515,31.6641,1240900
2003-03-24,31.0023,31.8387,30.6989,31.8295,1078500
2003-03-25,31.2504,31.4894,30.7633,30.9839,723600
2003-03-26,31.3424,31.3699,30.9287,31.1493,624500
2003-03-27,31.2989,31.502,30.8095,31.1603,727600
2003-03-28,31.1788,31.4096,30.8926,31.188,582900
2003-03-31,30.3848,30.8834,30.3202,30.8834,641300
2003-04-01,30.791,30.9942,30.3202,30.5602,699300
2003-04-02,31.6497,31.9913,31.2065,31.2065,811800
2003-04-03,31.5851,32.0005,31.5851,31.7328,704800
2003-04-04,32.0467,32.1759,31.6774,31.7605,1671900
2003-04-07,32.1852,33.0807,32.1575,32.4344,850200
2003-04-08,32.1298,32.3144,31.8805,32.2129,364600
2003-04-09,31.6866,32.6099,31.6866,32.1205,630100
2003-04-10,31.742,31.742,31.2527,31.6312,1596300
2003-04-11,31.4558,32.259,31.3081,31.9728,511900
2003-04-14,32.2868,32.296,31.5296,31.5296,546500
2003-04-15,32.8038,32.8222,32.1667,32.2868,529500
2003-04-16,32.2406,33.0069,32.1298,32.8592,527000
2003-04-17,32.6468,32.6653,32.1575,32.2498,484800
2003-04-21,32.4437,32.693,32.3791,32.656,483000
2003-04-22,33.1731,33.3023,32.1113,32.4068,831100
2003-04-23,33.0069,33.2931,32.8776,33.053,893400
2003-04-24,32.5453,33.0161,32.259,33.0161,911400
2003-04-25,32.1298,32.6468,31.7328,32.5545,704100
2003-04-28,32.7114,33.053,32.2221,32.2221,514900
2003-04-29,32.6376,32.9884,32.1021,32.7761,561200
2003-04-30,32.2036,32.6653,32.1944,32.4068,1074400
2003-05-01,31.9082,32.2129,31.3542,32.2129,915900
2003-05-02,32.5822,32.7114,31.6589,31.7143,656100
2003-05-05,32.2036,32.6376,32.1021,32.5453,455100
2003-05-06,32.4991,32.7484,32.0928,32.1759,1445400
2003-05-07,32.3698,32.6653,32.0744,32.4714,496800
2003-05-08,31.8066,32.2313,31.7236,32.0836,519700
2003-05-09,32.3144,32.3606,31.8805,31.9451,593100
2003-05-12,32.656,32.9238,32.0652,32.1759,760800
2003-05-13,32.4252,32.7391,32.3698,32.6653,674400
2003-05-14,32.3237,32.6468,32.1852,32.6468,1101800
2003-05-15,32.9977,33.0807,32.3329,32.3514,832600
2003-05-16,32.8407,32.9607,32.5637,32.9607,793400
2003-05-19,32.0559,33.2377,32.0559,32.8499,775900
2003-05-20,31.9913,32.1852,31.6959,32.1113,607900
2003-05-21,32.1483,32.1667,31.6405,31.8066,937400
2003-05-22,31.9174,32.2036,31.622,31.9913,616600
2003-05-23,31.9451,32.0836,31.5296,31.9082,363300
2003-05-27,32.7299,32.7853,31.6497,31.9082,1066900
2003-05-28,33.2746,33.487,32.8776,32.9146,810300
2003-05-29,33.3116,33.6624,33.1454,33.3762,797500
2003-05-30,34.5026,34.558,33.7363,33.7917,2400100
2003-06-02,35.0381,35.5459,34.4841,34.6226,992200
2003-06-03,34.8996,35.4166,34.7611,35.0381,689700
2003-06-04,35.3612,35.3704,34.7611,34.7611,564900
2003-06-05,35.7582,35.7582,35.232,35.3612,1018400
2003-06-06,36.0629,36.6169,35.9429,36.2383,1219300
2003-06-09,35.6844,36.0075,35.5828,35.9152,792100
2003-06-10,36.3122,36.423,35.5828,35.9152,855300
2003-06-11,36.9492,37.0231,36.2845,36.4415,1061100
2003-06-12,37.0046,37.3186,36.6446,37.0693,603800
2003-06-13,36.7369,37.1893,36.4507,37.1893,470700
2003-06-16,37.494,37.494,36.8569,36.9308,606300
2003-06-17,37.3001,37.5863,37.1524,37.5863,482400
2003-06-18,36.9308,37.2539,36.5984,37.0693,588400
2003-06-19,36.423,37.7156,36.2753,37.7156,1358100
2003-06-20,36.5615,36.8754,36.4415,36.7923,1460600
2003-06-23,35.9337,36.5615,35.7952,36.5154,641500
2003-06-24,36.4692,36.6076,36.0075,36.0075,808500
2003-06-25,36.4137,36.9308,36.3861,36.4784,715000
2003-06-26,36.648,37.0744,36.4441,36.7036,869600
2003-06-27,36.2402,36.7222,36.1753,36.648,507400
2003-06-30,36.2124,36.5924,36.2031,36.3144,1237800
2003-07-01,36.8241,36.8241,35.8324,35.9807,1086600
2003-07-02,36.9168,37.0651,36.7036,36.75,916900
2003-07-03,36.9817,37.3153,36.8983,36.9261,614500
2003-07-07,37.8715,37.9734,37.1485,37.1485,800100
2003-07-08,38.5017,38.511,37.4915,37.649,969900
2003-07-09,38.6037,38.7427,38.3256,38.372,1018900
2003-07-10,38.4646,38.6315,38.0012,38.6037,991500
2003-07-11,38.9559,38.993,38.5852,38.6964,945900
2003-07-14,40.0774,40.2442,39.1876,39.1876,1352800
2003-07-15,40.3925,40.9764,40.0403,40.1516,1328500
2003-07-16,40.1794,40.5408,39.7623,40.4111,863000
2003-07-17,39.512,40.1794,39.3545,40.1794,781900
2003-07-18,40.0959,40.1794,39.41,39.6696,500300
2003-07-21,39.7159,40.0959,39.4842,40.0959,595100
2003-07-22,40.652,40.9672,39.7623,39.9013,810300
2003-07-23,40.5964,40.6057,40.2442,40.5964,972100
2003-07-24,40.235,41.236,40.235,40.6891,612800
2003-07-25,40.9116,40.9857,40.3554,40.3647,815400
2003-07-28,40.5501,40.9301,40.5501,40.7725,989800
2003-07-29,40.0959,40.7355,40.031,40.5594,891600
2003-07-30,40.133,40.4389,39.8457,40.2072,739800
2003-07-31,40.272,40.995,40.2257,40.3647,864900
2003-08-01,39.2988,40.1423,39.271,39.994,1041600
2003-08-04,39.8549,40.0681,38.6037,39.3081,617200
2003-08-05,39.1876,40.133,39.1227,39.9662,617500
2003-08-06,40.0867,40.4111,39.0393,39.1598,1122100
2003-08-07,40.5779,40.7725,39.8874,40.133,986700
2003-08-08,40.8189,41.3379,40.5872,40.5964,650800
2003-08-11,40.8003,41.2453,40.4018,40.9672,501600
2003-08-12,41.0228,41.0599,40.615,40.7818,741200
2003-08-13,40.9116,41.2082,40.7076,41.1525,506800
2003-08-14,41.1896,41.2916,40.6798,41.0135,622600
2003-08-15,40.8189,41.1896,40.5316,41.1525,262000
2003-08-18,40.9116,41.0135,40.7911,40.9672,322100
2003-08-19,40.9301,41.0413,40.5223,41.0135,618300
2003-08-20,40.7262,40.9579,40.5408,40.5964,545200
2003-08-21,40.7911,41.1525,40.5964,40.7818,510000
2003-08-22,40.3832,41.2174,40.3832,41.1062,496100
2003-08-25,40.1794,40.4759,39.9476,40.4389,278500
2003-08-26,40.133,40.1608,39.41,40.0959,497700
2003-08-27,39.8271,40.133,39.7623,40.133,355600
2003-08-28,40.0681,40.1423,39.3359,39.9013,306800
2003-08-29,40.031,40.0959,39.6603,39.7623,615400
2003-09-02,41.1525,41.2267,40.2072,40.2257,552500
2003-09-03,40.8282,41.1155,40.5038,41.1062,713100
2003-09-04,40.1794,40.7262,40.1701,40.5964,1028900
2003-09-05,39.753,40.1701,39.6696,39.7623,720600
2003-09-08,40.5408,40.652,39.892,39.9013,718900
2003-09-09,40.3647,40.615,40.2628,40.5408,602000
2003-09-10,39.994,40.3462,39.8735,40.3462,1473900
2003-09-11,41.1804,41.2731,40.6335,40.8559,1232400
2003-09-12,40.8652,41.0228,40.4574,41.0135,730500
2003-09-15,41.0413,41.236,40.8652,40.9208,912500
2003-09-16,41.8848,41.9682,41.0228,41.0228,1045800
2003-09-17,42.135,42.3111,41.6438,41.6716,752700
2003-09-18,43.377,43.516,42.1628,42.1999,1204700
2003-09-19,43.2102,43.4697,42.997,43.3585,745700
2003-09-22,42.4131,42.8672,42.0053,42.8209,572300
2003-09-23,42.5336,42.6355,41.9589,42.2648,408500
2003-09-24,41.9682,42.5892,41.7457,42.5429,989300
2003-09-25,41.5789,42.4038,41.514,41.9775,670400
2003-09-26,41.2174,41.6623,41.0599,41.6623,716800
2003-09-29,41.4584,41.7643,40.9764,41.2823,489800
2003-09-30,40.9764,41.4769,40.4574,41.4584,1236300
2003-10-01,42.0701,42.1814,41.0228,41.2082,754200
2003-10-02,42.3702,43.1513,42.1284,42.3144,1521500
2003-10-03,42.7235,43.2444,42.3702,42.3702,736700
2003-10-06,42.9561,43.1327,42.6399,42.7235,411800
2003-10-07,43.1141,43.4768,42.1749,42.9561,1401100
2003-10-08,42.7701,43.2629,42.6863,43.1979,528300
2003-10-09,43.4303,43.9418,42.7608,42.7608,914000
2003-10-10,43.4024,43.8674,43.3095,43.4024,563600
2003-10-13,44.6393,44.8718,43.5233,43.5699,665600
2003-10-14,44.9462,44.9927,44.1743,44.3603,665900
2003-10-15,44.8532,45.1229,44.6858,44.9648,850700
2003-10-16,44.6579,44.816,44.3789,44.4998,505900
2003-10-17,43.8767,44.7044,43.6163,44.6858,575500
2003-10-20,43.9139,44.0256,43.4768,43.8767,636100
2003-10-21,44.0256,44.2208,43.4768,43.6628,647400
2003-10-22,42.2864,43.5326,41.9796,43.5233,1277600
2003-10-23,42.9561,43.1979,42.1284,42.2958,723900
2003-10-24,43.328,43.328,42.7887,42.9654,924200
2003-10-27,44.0813,44.3603,43.7279,43.8023,889600
2003-10-28,44.8253,44.9648,44.1464,44.3138,1117800
2003-10-29,44.6393,45.1322,44.3138,44.8718,988900
2003-10-30,44.4161,44.7881,44.1278,44.7323,723200
2003-10-31,44.0906,44.8346,44.0906,44.4998,1198800
2003-11-03,44.9648,45.2903,44.2673,44.2673,899485
2003-11-04,44.0348,44.9648,44.0348,44.9648,1087426
2003-11-05,43.1141,44.0348,42.6213,44.0348,1701000
2003-11-06,44.4905,44.5835,42.2958,43.1234,1800100
2003-11-07,45.0578,45.2625,43.3373,43.8209,1409300
2003-11-10,44.0348,45.2159,43.979,45.1973,941600
2003-11-11,44.2952,44.5277,43.9976,44.0534,1173300
2003-11-12,45.5321,45.6437,44.2673,44.2673,1125500
2003-11-13,45.2438,45.4577,44.8635,45.4298,481900
2003-11-14,43.0119,45.2438,43.0119,45.2438,1649300
2003-11-17,42.6306,43.0119,41.9424,43.0119,1675500
2003-11-18,42.147,43.0211,42.0075,42.7794,1000900
2003-11-19,41.4588,42.1563,41.217,42.1563,1525500
2003-11-20,40.4544,41.124,40.3521,41.0589,1803500
2003-11-21,41.7564,42.1935,39.0594,41.3844,2026900
2003-11-24,42.5283,42.5376,41.7843,41.9889,814900
2003-11-25,43.5884,43.8582,42.0818,42.6399,1715900
2003-11-26,44.4626,44.4626,43.6907,43.7093,1301600
2003-11-28,44.4812,44.6951,44.2952,44.4626,445500
2003-12-01,44.5091,45.0113,44.1464,44.6393,889500
2003-12-02,44.3417,44.63,43.9976,44.5091,717300
2003-12-03,44.0534,44.537,43.8674,44.2208,886400
2003-12-04,44.5091,44.5742,43.9139,43.9697,982200
2003-12-05,43.9883,44.5556,43.7744,44.5556,916600
2003-12-08,44.3789,44.5277,43.9697,43.9883,658200
2003-12-09,45.4019,45.56,45.0299,45.1043,1583800
2003-12-10,45.1043,45.6065,44.8439,45.3926,855300
2003-12-11,45.5786,45.8483,45.1043,45.1043,851500
2003-12-12,45.653,45.7832,45.3833,45.56,579200
2003-12-15,46.0064,46.5365,45.7646,45.8018,1222300
2003-12-16,45.9227,46.2668,45.6809,46.0529,821200
2003-12-17,45.8111,45.839,45.4391,45.8204,543800
2003-12-18,45.9971,46.0715,45.5321,45.839,893800
2003-12-19,47.5223,47.5223,46.3505,46.5923,1935200
2003-12-22,47.1875,47.5688,46.3133,47.0108,1643900
2003-12-23,47.7269,47.9315,47.0108,47.0108,820500
2003-12-24,47.5595,47.8478,47.3828,47.4293,268900
2003-12-26,47.5688,47.885,47.4107,47.4758,127100
2003-12-29,48.4859,48.5232,47.8327,47.8327,538800
2003-12-30,48.3179,48.6165,47.7674,48.5699,643200
2003-12-31,48.5512,48.7565,48.3832,48.5699,981600
2004-01-02,48.7005,49.4097,48.5419,49.2697,813400
2004-01-05,49.503,49.643,48.9338,49.0831,953600
2004-01-06,49.4563,49.7923,49.363,49.4563,883600
2004-01-07,50.0909,50.1469,49.1297,49.223,1215500
2004-01-08,50.4548,50.6228,50.0069,50.3242,1509900
2004-01-09,50.1375,50.6321,50.0629,50.2215,621200
2004-01-12,50.1562,50.3988,49.7363,50.2495,1051800
2004-01-13,50.7441,50.7441,49.9229,49.9229,1395300
2004-01-14,51.9105,52.0318,50.6881,50.7441,1271500
2004-01-15,52.545,52.713,51.6865,52.2371,959500
2004-01-16,53.3195,53.5155,52.3304,52.545,1293000
2004-01-20,53.6461,53.6461,52.7503,53.1422,838100
2004-01-21,55.5124,55.6151,53.2822,53.6461,3120800
2004-01-22,55.7644,57.9479,55.6151,55.951,3113500
2004-01-23,55.0365,55.5684,54.7752,55.0085,1144300
2004-01-26,56.035,56.1283,54.7099,55.0365,756500
2004-01-27,55.1018,55.9043,54.8312,55.895,649000
2004-01-28,53.5808,55.3258,53.5621,55.1112,1042200
2004-01-29,54.1874,54.1874,53.4875,53.6555,955900
2004-01-30,53.9074,54.0381,53.1982,53.6555,1180400
2004-02-02,54.2433,54.6073,53.6555,54.0381,825900
2004-02-03,53.7114,54.2527,53.4502,54.2154,816700
2004-02-04,52.8623,53.8421,52.7317,53.5621,2096500
2004-02-05,52.3491,52.8157,51.4719,52.8157,2453700
2004-02-06,53.2076,53.4128,52.3771,52.4424,607500
2004-02-09,53.0396,53.7488,52.909,53.2169,643600
2004-02-10,53.0956,53.0956,52.4984,53.0956,997600
2004-02-11,55.0272,55.0365,53.0863,53.0956,1289400
2004-02-12,54.6726,54.8685,54.4393,54.8685,596400
2004-02-13,54.542,55.0458,54.1874,54.8219,461600
2004-02-17,55.3258,55.4564,54.7752,55.0085,504000
2004-02-18,54.4953,54.9618,54.0754,54.7752,1009400
2004-02-19,52.8343,53.8234,52.7223,52.7223,1922600
2004-02-20,52.3117,52.825,52.0878,52.825,768400
2004-02-23,52.0505,52.6943,51.6959,52.5357,666700
2004-02-24,51.6865,52.1624,51.332,52.0411,781500
2004-02-25,52.0691,52.2371,51.7425,51.9198,555800
2004-02-26,52.2651,52.461,51.5746,52.0785,564800
2004-02-27,52.7223,53.1236,52.5077,52.5824,764000
2004-03-01,53.8421,54.1967,52.853,52.8623,1046500
2004-03-02,53.8981,54.4673,53.5528,53.8328,993200
2004-03-03,54.234,54.4206,53.8981,53.8981,546500
2004-03-04,55.0178,55.0365,54.0381,54.1687,711500
2004-03-05,55.0552,55.7364,54.4486,54.7846,1035400
2004-03-08,54.6353,55.2418,54.57,55.1485,522200
2004-03-09,54.3553,54.8406,54.178,54.542,754800
2004-03-10,53.1982,54.4767,53.0863,54.262,710000
2004-03-11,51.8732,53.2355,51.8172,53.1889,969400
2004-03-12,52.629,52.7037,51.9292,51.9665,632800
2004-03-15,51.5746,52.517,51.22,52.3957,741800
2004-03-16,52.2558,52.517,51.7519,51.9292,728300
2004-03-17,53.3568,53.4968,52.3491,52.8623,651900
2004-03-18,53.0303,53.2355,52.1624,53.1422,644400
2004-03-19,52.6663,53.4595,52.4797,53.0116,709600
2004-03-22,51.5279,52.2651,50.9587,51.248,695400
2004-03-23,51.276,52.0225,51.136,51.7892,859300
2004-03-24,50.8094,51.3506,50.1935,51.3506,1088200
2004-03-25,51.7146,51.8638,50.996,51.3226,583600
2004-03-26,51.9758,52.5357,51.5279,51.6026,709300
2004-03-29,52.4704,52.741,52.0598,52.2558,481900
2004-03-30,52.0598,52.573,51.8638,52.2558,607100
2004-03-31,51.9572,52.2091,51.5746,52.2091,804600
2004-04-01,52.6477,52.9929,52.3677,52.629,689500
2004-04-02,53.2076,53.5435,52.685,53.4222,773100
2004-04-05,53.3102,53.5061,53.0583,53.0956,758300
2004-04-06,53.2355,53.5342,53.0023,53.1889,426700
2004-04-07,53.1049,53.6555,52.8996,53.2355,594700
2004-04-08,53.0769,53.6088,52.8996,53.3289,714100
2004-04-12,53.2449,53.9448,53.0956,53.0956,610200
2004-04-13,51.8918,53.5715,51.8265,53.4688,1150700
2004-04-14,51.0893,51.8172,50.7534,51.7892,1059900
2004-04-15,51.1173,51.3786,50.5015,51.3226,923100
2004-04-16,51.4439,51.5839,51.1173,51.5559,1211000
2004-04-19,50.5015,51.3226,50.1562,51.2293,799100
2004-04-20,49.4377,51.2293,49.4377,51.136,1034700
2004-04-21,48.9525,49.3817,48.7565,49.223,1376600
2004-04-22,50.7721,51.0147,49.0924,49.2697,2217600
2004-04-23,50.7721,51.3973,50.4081,51.136,891500
2004-04-26,51.6492,51.7705,50.7627,50.996,1088000
2004-04-27,52.3957,53.0209,51.7146,51.7705,1108600
2004-04-28,51.4626,52.3024,51.276,52.3024,916000
2004-04-29,51.5559,52.2558,51.36,51.6959,1245000
2004-04-30,51.164,51.8358,50.7347,51.8358,1054200
2004-05-03,51.4253,51.5279,50.9027,51.2013,637600
2004-05-04,51.3879,52.1251,51.1733,51.4533,820200
2004-05-05,51.2946,51.8172,51.136,51.5092,798100
2004-05-06,50.4641,51.2946,50.3055,51.2293,881900
2004-05-07,49.223,50.7627,49.0458,50.4641,813600
2004-05-10,48.9898,49.1857,47.8233,48.7565,1290800
2004-05-11,47.0022,48.4579,46.6476,48.3366,3552000
2004-05-12,46.9835,47.0955,45.6305,46.8436,1854800
2004-05-13,46.5076,47.1515,46.489,46.9835,1370500
2004-05-14,46.0597,46.4703,45.5092,46.2837,1645100
2004-05-17,45.2385,45.6865,44.8839,45.4905,1094600
2004-05-18,45.9571,45.9664,45.1919,45.2572,1330300
2004-05-19,45.8451,46.7316,45.7424,46.0504,1414100
2004-05-20,45.5092,46.1157,45.1079,45.9571,854000
2004-05-21,45.7238,46.2743,45.4718,45.7424,753900
2004-05-24,45.9571,46.181,45.3692,46.0504,784100
2004-05-25,47.0489,47.1795,45.2852,45.9571,823200
2004-05-26,46.9555,47.5621,46.6103,46.9275,703400
2004-05-27,47.1235,47.5341,46.6942,47.1422,588700
2004-05-28,46.9182,47.4034,46.7969,47.1235,469800
2004-06-01,46.8529,46.8902,45.9757,46.8902,859000
2004-06-02,46.5729,47.0955,46.5636,47.0302,956100
2004-06-03,46.377,46.6663,46.1343,46.5356,679500
2004-06-04,46.8902,47.1142,46.4983,46.7502,743800
2004-06-07,47.7674,47.8607,46.9742,47.0769,609700
2004-06-08,47.2448,47.674,47.0769,47.674,802300
2004-06-09,47.0208,47.3101,46.9182,47.2448,626100
2004-06-10,47.1608,47.2075,46.8156,47.1048,536100
2004-06-14,46.7502,47.1608,46.6382,47.1608,605200
2004-06-15,46.517,47.4408,46.517,47.1702,687300
2004-06-16,47.0489,47.1235,46.4236,46.6569,568900
2004-06-17,46.5076,47.0489,45.8917,47.0489,785400
2004-06-18,46.041,47.1795,46.041,46.5076,812800
2004-06-21,45.2105,46.181,44.9959,46.1437,1523100
2004-06-22,46.5916,46.6009,45.2199,45.3225,947800
2004-06-23,46.6569,46.7129,45.9291,46.4703,1051600
2004-06-24,46.9742,47.0022,46.5356,46.6569,840500
2004-06-25,47.0582,47.646,46.9742,46.9742,1442900
2004-06-28,46.6009,47.3568,46.5263,47.3568,637600
2004-06-29,46.7409,46.7596,46.2183,46.4516,645600
2004-06-30,46.7316,46.9182,46.5076,46.7502,600600
2004-07-01,46.5936,47.1929,46.0505,46.8183,1024700
2004-07-02,46.4438,46.8371,46.3595,46.6779,811500
2004-07-06,45.5542,46.3501,45.4231,46.3501,471400
2004-07-07,45.086,45.8445,45.0767,45.5636,781700
2004-07-08,44.5991,45.0954,44.5991,44.7115,1066000
2004-07-09,44.4306,44.9924,44.159,44.9924,789700
2004-07-12,44.5149,44.7396,44.0092,44.4587,680400
2004-07-13,45.4419,45.4419,44.7302,44.852,1603400
2004-07-14,45.4325,45.8164,45.1329,45.4138,980200
2004-07-15,45.1235,45.6385,45.0767,45.4325,832300
2004-07-16,44.852,45.7415,44.8239,45.5542,587900
2004-07-19,44.7958,46.6123,44.6179,45.5074,1023800
2004-07-20,45.9756,46.0599,44.646,44.8145,1030000
2004-07-21,46.3501,46.94,46.1348,46.4906,1438300
2004-07-22,45.779,46.1067,45.0392,45.882,943200
2004-07-23,44.7583,45.779,44.5429,45.779,967300
2004-07-26,44.3557,44.9269,43.8688,44.852,712300
2004-07-27,45.2546,45.4419,44.131,44.4774,653900
2004-07-28,45.0205,45.5168,44.4025,45.1797,629900
2004-07-29,45.4044,45.5542,45.0205,45.2078,628200
2004-07-30,45.1797,45.5261,44.88,45.2733,670400
2004-08-02,45.4231,45.4419,44.9175,45.189,452100
2004-08-03,45.4138,45.8445,45.3201,45.7228,655700
2004-08-04,45.6666,45.8258,44.9456,45.3482,445600
2004-08-05,45.2452,45.8913,45.189,45.882,675900
2004-08-06,44.7115,45.2827,44.6085,45.0392,1025900
2004-08-09,44.6647,45.0579,44.4212,45.0205,653900
2004-08-10,45.367,45.4981,44.7677,44.8988,534100
2004-08-11,45.6572,46.1629,45.0299,45.367,783600
2004-08-12,45.5449,45.9194,45.3201,45.7415,917200
2004-08-13,45.4325,45.9288,45.2078,45.7321,1120000
2004-08-16,46.4344,46.4438,45.4981,45.5261,486500
2004-08-17,47.118,47.5206,46.6966,46.7247,894900
2004-08-18,47.7641,47.7921,46.7621,46.7715,954900
2004-08-19,47.9701,48.0824,47.6611,47.7079,802700
2004-08-20,48.4195,48.663,47.9045,47.9607,822400
2004-08-23,48.9813,49.1218,48.3821,48.4195,1057800
2004-08-24,49.3746,49.5993,49.0188,49.0188,789700
2004-08-25,50.311,50.4327,49.2997,49.487,850300
2004-08-26,50.3765,50.8073,50.1986,50.311,1102200
2004-08-27,49.8802,50.4795,49.8615,50.4233,717800
2004-08-30,49.7023,50.002,49.6087,49.9083,405800
2004-08-31,49.8802,50.0675,49.6087,49.8147,458400
2004-09-01,49.7398,50.3578,49.6555,49.9552,522400
2004-09-02,50.8728,50.9009,49.6274,49.7491,466900
2004-09-03,50.2454,51.0226,50.1893,50.8728,267200
2004-09-07,51.1912,51.4065,50.4327,50.4327,726200
2004-09-08,50.7042,51.0226,50.7042,50.9852,966000
2004-09-09,50.1331,50.7417,49.8709,50.7417,687000
2004-09-10,51.5095,51.5657,49.9832,50.0394,769200
2004-09-13,51.6219,51.959,51.3503,51.5189,809000
2004-09-14,52.0714,52.2305,51.3597,51.4065,889600
2004-09-15,51.5657,51.9028,51.5563,51.7343,835100
2004-09-16,51.959,52.0245,51.5845,51.5845,564900
2004-09-17,51.3878,51.9871,51.2473,51.959,701600
2004-09-20,51.032,51.2942,50.8634,51.0788,440500
2004-09-21,52.7362,52.8766,51.1724,51.1724,1035800
2004-09-22,51.856,52.371,51.8279,52.1556,790200
2004-09-23,51.0694,51.856,50.9664,51.856,849400
2004-09-24,51.238,51.4346,50.9384,51.1256,558500
2004-09-27,50.414,51.2099,50.414,51.2005,609400
2004-09-28,50.6481,50.6949,50.0301,50.4046,616500
2004-09-29,51.5002,51.5002,50.414,50.5544,623300
2004-09-30,52.2118,52.6519,51.3691,51.4159,1370500
2004-10-01,53.3261,53.607,52.1182,52.2024,928600
2004-10-04,53.3823,53.8317,53.2793,53.3729,637300
2004-10-05,52.886,52.9983,52.5489,52.8485,580300
2004-10-06,53.9722,53.9909,52.7174,52.7642,955100
2004-10-07,54.1875,54.2624,53.607,54.122,922400
2004-10-08,53.7381,54.5808,53.4197,53.9347,1163800
2004-10-11,53.6726,54.0752,53.5508,53.7287,674200
2004-10-12,55.2924,55.4985,53.6632,53.6819,1288000
2004-10-13,55.152,56.0322,54.5808,55.4142,1618200
2004-10-14,54.1033,55.152,54.0845,55.152,1523100
2004-10-15,54.3373,54.7025,53.9534,54.1033,878500
2004-10-18,53.9347,54.5059,53.5695,54.3467,904600
2004-10-19,53.3729,54.2156,53.3729,53.9254,808200
2004-10-20,53.2699,53.3635,52.2212,53.1388,904700
2004-10-21,54.2718,54.3373,53.2512,53.2605,830100
2004-10-22,53.6257,54.6183,53.6164,54.2812,702700
2004-10-25,53.3823,53.6164,52.8673,53.4197,809400
2004-10-26,53.8411,53.8879,52.9234,53.3448,1571300
2004-10-27,55.4797,55.7073,53.5695,53.9347,1232700
2004-10-28,56.9311,57.0528,55.2082,55.2924,1434700
2004-10-29,56.7625,57.4836,55.976,56.9311,992200
2004-11-01,56.7438,57.2307,56.3693,56.6034,802500
2004-11-02,56.0228,56.6502,55.564,55.6202,1113600
2004-11-03,57.0809,57.5304,56.4348,57.1184,938500
2004-11-04,57.7926,57.8206,56.8562,57.0809,652800
2004-11-05,58.1858,58.3918,57.7083,58.0266,1005100
2004-11-08,57.315,58.0454,57.1371,57.8206,962900
2004-11-09,58.4106,58.757,57.9143,57.9705,1397200
2004-11-10,59.2439,59.6934,58.242,58.4012,1430100
2004-11-11,59.9181,60.0024,59.2626,59.3657,708700
2004-11-12,60.3957,60.4986,59.478,59.7402,1357500
2004-11-15,59.9275,60.714,59.8057,60.3488,1043400
2004-11-16,59.1877,59.8432,59.1784,59.8338,639500
2004-11-17,59.4406,59.787,59.2907,59.4218,662000
2004-11-18,59.4406,59.5248,58.8507,59.3844,764000
2004-11-19,58.3357,59.3844,58.0079,59.3469,728300
2004-11-22,58.5885,58.8038,58.036,58.3825,590800
2004-11-23,58.5229,58.654,58.139,58.5885,845200
2004-11-24,58.8787,59.0098,58.5791,58.6165,553400
2004-11-26,59.6934,59.8338,58.757,58.757,611100
2004-11-29,61.3039,61.3507,60.3957,60.3957,2455200
2004-11-30,61.4537,61.5568,60.6766,61.1916,1104700
2004-12-01,62.0343,62.2122,61.3133,61.332,1024400
2004-12-02,62.5493,62.5961,61.9219,62.0624,1004600
2004-12-03,62.2684,62.8957,62.053,62.362,691100
2004-12-06,62.4088,62.5118,62.0624,62.1748,894300
2004-12-07,61.7908,62.5867,61.7908,62.4088,687700
2004-12-08,62.1841,62.2684,61.7066,61.8002,541100
2004-12-09,62.2777,62.5025,61.8845,62.5025,1013600
2004-12-10,63.5325,63.804,62.0811,62.0811,822300
2004-12-13,64.5999,64.6749,63.5044,63.5793,1154100
2004-12-14,63.9539,64.8715,63.8602,64.6093,1406500
2004-12-15,63.7385,64.319,63.1579,63.1579,1356600
2004-12-16,62.7647,63.7479,62.7647,63.7385,973300
2004-12-17,64.1411,64.1411,62.774,62.774,1300900
2004-12-20,64.6374,64.8715,64.216,64.216,1050600
2004-12-21,65.8266,66.0888,64.2816,64.628,1345200
2004-12-22,66.2479,66.9034,66.0981,66.2479,1135700
2004-12-23,65.8828,66.6693,65.8828,66.3135,415900
2004-12-27,65.452,66.0794,65.424,66.0138,432800
2004-12-28,65.5082,65.6768,65.2928,65.4052,593600
2004-12-29,65.5082,65.9015,65.3397,65.5457,636200
2004-12-30,65.8547,66.4633,65.7236,65.8266,943800
2004-12-31,65.2179,66.1356,65.2179,65.9202,557400
2005-01-03,65.1056,66.0513,64.4876,65.452,1019700
2005-01-04,64.6749,65.2835,64.4127,65.1056,1261100
2005-01-05,63.7479,64.937,63.7479,64.7966,1053500
2005-01-06,63.9819,64.5157,63.4014,63.4389,887500
2005-01-07,63.3639,64.2254,63.3358,64.1224,698700
2005-01-10,64.4782,64.4782,63.2141,63.3733,974700
2005-01-11,64.3752,64.9183,64.1224,64.4782,1022700
2005-01-12,64.937,64.937,64.1692,64.6093,1032300
2005-01-13,62.3901,64.8996,62.1373,64.8902,2382300
2005-01-14,63.5512,63.7572,62.5118,62.7366,1438900
2005-01-18,64.0007,64.0849,63.0175,63.5325,780700
2005-01-19,63.3733,64.1411,63.3639,64.0007,532900
2005-01-20,62.4088,63.4857,62.3339,63.3733,833800
2005-01-21,60.8545,62.4088,60.5361,62.362,1724600
2005-01-24,60.8357,61.4725,60.6297,61.2852,1392000
2005-01-25,60.7327,61.6129,60.611,61.0698,760600
2005-01-26,61.6785,61.6878,60.6297,60.6297,1343100
2005-01-27,61.7534,62.7272,61.0979,62.2684,986900
2005-01-28,62.8302,62.8396,61.8002,62.0811,1163800
2005-01-31,63.5419,63.5793,62.9707,62.9988,767600
2005-02-01,63.6168,64.0288,63.3827,63.5325,669500
2005-02-02,63.2048,63.6917,62.6055,63.6168,1111400
2005-02-03,62.8676,63.3171,62.3339,63.3171,471700
2005-02-04,64.0288,64.1505,62.7085,62.7366,803000
2005-02-07,62.8676,64.2816,62.8302,64.1692,979100
2005-02-08,62.6804,63.1767,62.6429,63.0269,609400
2005-02-09,63.804,64.0756,63.0737,63.1111,1591700
2005-02-10,65.143,65.1805,64.4501,64.5625,1368000
2005-02-11,65.9483,66.0045,65.1898,65.2835,1324000
2005-02-14,65.8453,66.0888,65.5925,66.0513,517400
2005-02-15,66.2948,66.4727,65.7704,65.9951,772100
2005-02-16,66.3884,66.66,65.836,66.0138,1225500
2005-02-17,66.1543,66.894,66.1543,66.5476,1168400
2005-02-18,65.6487,66.3416,65.0962,66.3416,684200
2005-02-22,64.1411,65.527,64.1318,65.4146,1150200
2005-02-23,64.4595,65.0869,63.9726,64.7029,883700
2005-02-24,64.9932,65.143,64.0288,64.4595,664900
2005-02-25,65.424,65.5363,64.7404,65.2273,826700
2005-02-28,65.7236,65.9109,65.1243,65.4333,988200
2005-03-01,67.5963,67.6899,65.8734,65.8734,1441900
2005-03-02,67.3716,67.9989,66.8884,67.4652,1189800
2005-03-03,67.2686,67.5589,66.5008,67.3716,1257800
2005-03-04,68.2237,68.6919,67.6244,67.6993,1052800
2005-03-07,68.5795,68.5889,68.1956,68.2237,862600
2005-03-08,67.8491,68.7293,67.6619,68.5608,1092300
2005-03-09,68.102,68.3922,67.5308,67.6993,923700
2005-03-10,68.3548,68.8604,68.0177,68.1488,862400
2005-03-11,66.9689,68.2799,66.7161,68.2611,854400
2005-03-14,66.8566,67.2218,66.5382,67.1469,1137300
2005-03-15,66.9315,67.7649,66.9128,67.3716,1202500
2005-03-16,67.1749,68.1675,66.5101,68.1675,2094300
2005-03-17,67.6806,68.2237,66.7629,67.1749,1526600
2005-03-18,67.3154,68.2237,67.1281,67.4652,4941800
2005-03-21,67.0064,68.0926,66.8285,67.7368,1030300
2005-03-22,65.4801,67.5963,65.452,66.9502,1240600
2005-03-23,64.628,65.4801,64.6093,65.3584,1270300
2005-03-24,64.5625,65.115,64.5344,64.9464,841100
2005-03-28,64.8715,65.3397,64.6374,64.7029,724000
2005-03-29,66.4841,67.3288,66.2357,67.2593,1045400
2005-03-30,67.8257,68.1537,66.4643,66.4643,1059100
2005-03-31,68.2233,68.422,67.627,68.0245,756900
2005-04-01,67.7264,69.4655,67.4083,68.5711,1114600
2005-04-04,68.0046,68.4021,67.2891,67.7164,771700
2005-04-05,68.0145,68.6705,67.8556,67.9947,584700
2005-04-06,67.945,68.4618,67.627,68.0444,938200
2005-04-07,68.1239,68.4021,67.6667,68.0742,587600
2005-04-08,67.7959,68.3127,67.617,68.1239,661000
2005-04-11,67.3686,68.0742,67.2692,67.8257,663400
2005-04-12,67.4382,67.6071,65.9475,67.3686,1739000
2005-04-13,65.6692,67.3885,65.1823,67.3785,1909500
2005-04-14,65.9276,66.1462,65.2121,65.6593,1729900
2005-04-15,64.1587,65.9873,63.9897,65.7885,1411400
2005-04-18,64.4668,64.8444,63.2146,63.2146,981500
2005-04-19,65.3015,65.4705,64.5661,64.6158,903200
2005-04-20,63.9798,65.2419,63.9301,65.2419,648300
2005-04-21,65.6195,65.6494,63.1649,64.3972,1183300
2005-04-22,64.2084,65.7587,63.7612,65.391,1087200
2005-04-25,65.5897,65.6195,64.4966,64.5462,766700
2005-04-26,65.8481,66.2357,65.232,65.391,1208600
2005-04-27,66.0667,66.5239,65.0034,65.5996,908200
2005-04-28,66.5736,67.1798,65.4605,66.0568,1633700
2005-04-29,68.2531,68.432,66.4344,67.5475,1517100
2005-05-02,68.0841,68.6208,67.3388,68.4518,985500
2005-05-03,67.8257,68.4717,67.4382,67.8357,976200
2005-05-04,69.1872,69.3562,68.0046,68.0245,1333800
2005-05-05,69.4357,69.7239,68.591,68.6009,1206500
2005-05-06,69.0878,69.8431,69.0878,69.6841,889300
2005-05-09,70.022,70.0518,69.0183,69.068,918400
2005-05-10,68.6705,69.6742,68.6705,69.3164,1549300
2005-05-11,68.9388,69.1674,68.3226,68.8692,1301900
2005-05-12,67.8655,69.6145,67.8357,68.9388,817800
2005-05-13,67.7164,68.6705,67.3288,68.1736,1000200
2005-05-16,69.6543,69.6543,67.8158,67.8158,1206700
2005-05-17,69.9922,70.1611,68.7599,69.4059,1266700
2005-05-18,71.0257,71.5524,70.1711,70.5288,937900
2005-05-19,71.0555,71.3835,70.7177,71.0357,506300
2005-05-20,70.9363,71.3537,70.5586,70.8071,751100
2005-05-23,71.5127,71.6618,70.7177,71.0357,550400
2005-05-24,71.5524,71.6618,70.9959,71.5325,695800
2005-05-25,70.9065,71.3437,70.7574,71.0555,1009800
2005-05-26,71.0854,71.7114,71.0357,71.1549,687600
2005-05-27,71.9201,72.0096,70.8568,71.1052,523900
2005-05-31,71.6916,72.0493,71.0953,71.8009,653700
2005-06-01,72.099,72.5462,71.453,71.5524,820000
2005-06-02,72.8046,72.8245,71.7114,71.8506,615200
2005-06-03,71.8406,72.7648,71.4332,72.6456,748000
2005-06-06,72.3673,72.6456,71.5127,71.9301,651900
2005-06-07,72.2481,73.0332,72.1189,72.3276,595800
2005-06-08,71.6121,72.7052,71.5922,72.417,495300
2005-06-09,72.9437,73.2319,71.5027,71.7015,649300
2005-06-10,72.5959,73.2419,72.417,73.1723,554800
2005-06-13,72.0493,73.3412,71.8207,72.3971,496100
2005-06-14,72.2381,72.5363,71.7711,72.0394,634000
2005-06-15,72.0593,72.4866,71.7015,72.3276,626000
2005-06-16,71.5027,72.1288,71.5027,72.1288,835200
2005-06-17,71.304,71.7512,71.294,71.7015,1367100
2005-06-20,71.3537,71.7711,70.8568,71.145,871300
2005-06-21,71.6021,71.8009,70.8667,71.4332,1088400
2005-06-22,72.2978,72.417,71.4431,71.7313,863400
2005-06-23,71.8406,72.6059,71.8406,72.2282,973300
2005-06-24,73.5897,73.868,71.6021,71.8506,1690800
2005-06-27,73.7288,74.4145,72.8245,73.54,1068300
2005-06-28,75.8853,76.1636,74.2555,74.4543,1645700
2005-06-29,76.73,77.0878,75.5276,75.9748,1878700
2005-06-30,76.7005,77.3581,76.4913,77.0194,1296400
2005-07-01,77.4179,77.4677,76.6208,76.9496,865500
2005-07-05,79.052,79.2612,77.119,77.1688,1535900
2005-07-06,79.7295,80.2974,79.042,79.052,1699200
2005-07-07,80.2078,80.3472,78.2947,79.1416,1896600
2005-07-08,82.5592,82.7585,80.0882,80.2974,1704100
2005-07-11,83.705,83.7747,82.3499,82.6489,1329300
2005-07-12,84.0338,84.4124,83.2965,83.7648,1369600
2005-07-13,83.446,83.6452,82.7485,82.7485,2354000
2005-07-14,83.446,83.8943,83.3164,83.5954,1628300
2005-07-15,81.7023,82.0311,80.8155,81.8518,2119100
2005-07-18,81.6525,82.2005,81.2838,81.3536,863900
2005-07-19,81.8518,82.0211,81.244,81.9016,967100
2005-07-20,82.2005,82.599,81.0347,81.6824,653700
2005-07-21,81.513,82.1905,80.8355,81.9514,795200
2005-07-22,81.9016,81.9813,81.0547,81.7023,532400
2005-07-25,81.2938,81.782,80.7757,81.7023,763500
2005-07-26,80.5864,81.1643,80.2675,80.6561,966700
2005-07-27,80.965,81.1244,80.4668,80.7956,719500
2005-07-28,81.4333,82.1806,80.5166,81.8518,813000
2005-07-29,80.5266,81.8817,80.4369,81.7023,999300
2005-08-01,80.427,80.8056,79.4206,80.7259,874200
2005-08-02,82.4695,82.4695,80.8255,80.8554,841100
2005-08-03,82.34,82.4695,81.0646,82.071,735100
2005-08-04,81.4333,82.0112,81.2041,81.8518,551600
2005-08-05,80.128,81.3038,80.0982,81.1045,680900
2005-08-08,79.9786,81.1344,79.8192,80.3572,744500
2005-08-09,81.7023,81.7322,80.4568,80.4568,833400
2005-08-10,81.5529,83.1869,81.3137,82.599,840200
2005-08-11,82.1507,82.2403,81.3336,81.7521,494500
2005-08-12,81.2838,81.7322,80.7159,81.2041,471600
2005-08-15,81.6027,81.7222,80.8952,81.1842,432100
2005-08-16,80.4867,81.8617,80.2675,81.6625,606100
2005-08-17,80.7458,81.1244,80.0085,80.2875,470000
2005-08-18,80.407,81.1543,80.1081,80.5565,514600
2005-08-19,81.1144,81.3436,80.417,81.0148,539600
2005-08-22,81.4931,82.5393,80.8454,81.6824,673300
2005-08-23,81.7422,82.1905,81.6425,81.8418,666300
2005-08-24,81.0447,82.6987,80.965,81.9215,590700
2005-08-25,80.5465,81.2539,80.4768,81.0646,565200
2005-08-26,80.0184,80.8853,79.9885,80.7458,914000
2005-08-29,80.5565,80.7159,79.7295,79.8192,511200
2005-08-30,79.58,80.5166,79.0659,80.5166,962000
2005-08-31,80.148,80.148,79.042,79.4107,947800
2005-09-01,80.9251,81.4532,80.0483,80.1579,815200
2005-09-02,81.1543,81.6027,80.4369,81.1742,498000
2005-09-06,82.2503,82.4595,81.234,81.6824,422600
2005-09-07,82.0411,82.34,81.5429,82.2603,394000
2005-09-08,82.1009,82.4496,81.4333,81.7023,622800
2005-09-09,82.6289,82.9876,81.9016,82.3499,438100
2005-09-12,82.7286,83.0673,82.2304,82.2304,637500
2005-09-13,81.2241,82.2304,81.2141,82.2005,1160200
2005-09-14,80.2974,81.503,80.2675,81.3038,1358700
2005-09-15,80.2875,80.9052,79.8192,80.9052,1179600
2005-09-16,80.1081,80.8853,79.7893,80.3174,5057300
2005-09-19,81.2241,81.2241,79.9188,80.3771,1275000
2005-09-20,81.782,82.8979,81.1942,81.4732,1843400
2005-09-21,79.2114,81.6027,79.1616,81.6027,1361000
2005-09-22,80.8654,81.1443,79.2712,79.8092,1256400
2005-09-23,80.8454,81.5329,80.6661,80.975,936300
2005-09-26,80.6462,81.7023,80.0384,81.5728,686800
2005-09-27,81.1942,81.8518,80.4967,80.9949,831000
2005-09-28,81.3635,82.5791,81.1842,81.4532,1164300
2005-09-29,82.7003,82.8001,81.2638,81.3635,609700
2005-09-30,83.7578,83.9872,82.2813,82.2913,797000
2005-10-03,83.1692,83.7777,82.7801,83.3288,754300
2005-10-04,82.002,83.7378,81.9721,83.3986,671700
2005-10-05,81.5232,82.5108,81.2139,81.7526,836500
2005-10-06,81.184,82.0918,80.5555,81.4035,1016400
2005-10-07,81.1042,81.4334,80.7949,81.2239,764900
2005-10-10,80.4857,81.8025,80.0567,80.8548,835800
2005-10-11,80.5056,81.8025,80.1664,81.0044,1004200
2005-10-12,79.099,80.7151,78.8995,80.5056,1148000
2005-10-13,78.0516,79.2486,77.433,79.0392,1379400
2005-10-14,80.5056,80.6453,78.9993,80.0467,1240200
2005-10-17,80.7151,81.5331,80.326,80.3759,694700
2005-10-18,80.4059,81.6229,80.3161,80.5056,798600
2005-10-19,82.8001,82.8001,79.7973,79.8073,729400
2005-10-20,82.0619,83.4385,81.8025,82.9996,948400
2005-10-21,83.3687,84.6456,82.6305,82.7901,1556000
2005-10-24,87.6284,87.9078,83.5882,83.5882,1907100
2005-10-25,86.2617,87.5885,85.6332,86.7905,1482400
2005-10-26,87.5087,89.2844,86.2917,86.5111,1468400
2005-10-27,88.5562,92.0278,88.1871,90.1823,4039900
2005-10-28,86.4014,87.7382,84.0471,87.7382,2710500
2005-10-31,88.0873,88.6859,87.3291,87.3391,1360300
2005-11-01,88.6659,88.7657,87.2593,88.2868,1226100
2005-11-02,89.9728,90.2022,88.237,88.5761,810600
2005-11-03,89.1348,89.9129,88.5163,89.8531,694500
2005-11-04,90.9305,91.0302,89.3543,89.7333,723800
2005-11-07,91.4193,91.9679,91.0202,91.3295,947200
2005-11-08,92.4069,92.6264,90.7808,91.3993,871300
2005-11-09,92.9556,93.5541,91.7684,92.4069,1295900
2005-11-10,94.4719,94.6016,92.5964,93.8734,676500
2005-11-11,94.7712,94.7712,93.3745,93.3745,648300
2005-11-14,94.5717,94.7313,93.9731,94.6714,554000
2005-11-15,92.9556,93.8534,91.549,93.5242,1030000
2005-11-16,93.6239,93.6339,92.4867,93.0154,615700
2005-11-17,95.669,95.7688,93.7736,93.7736,642800
2005-11-18,95.27,96.6666,94.6515,96.6666,935000
2005-11-21,96.6167,96.6866,93.7237,93.7736,807100
2005-11-22,96.6167,97.2542,96.068,96.7464,963100
2005-11-23,96.3673,97.5245,94.6814,94.6814,2544700
2005-11-25,97.7939,97.8837,95.7887,96.6866,479300
2005-11-28,95.7289,98.6219,95.689,98.2627,789300
2005-11-29,94.3721,96.078,94.1028,96.0182,1129500
2005-11-30,92.6563,94.6714,92.377,94.1327,1014500
2005-12-01,94.5118,95.26,94.013,94.023,895300
2005-12-02,94.5018,94.9507,94.0429,94.412,521300
2005-12-05,95.1403,95.3298,93.9731,94.8111,822800
2005-12-06,96.7664,97.2253,95.28,95.9384,1308400
2005-12-07,96.4671,96.906,95.9982,96.7165,1243800
2005-12-08,95.9483,96.916,95.0405,96.916,1168000
2005-12-09,97.6642,98.4723,95.9882,96.7464,979800
2005-12-12,96.1678,96.936,95.8685,95.8685,1118500
2005-12-13,97.1055,97.4248,95.0804,95.9882,861300
2005-12-14,97.2352,97.9635,96.4671,97.6442,1130800
2005-12-15,97.3051,98.1331,97.1255,97.734,777600
2005-12-16,96.7763,97.714,96.2975,97.5146,713900
2005-12-19,95.24,97.9435,95.1403,97.8637,1085600
2005-12-20,95.5094,96.2676,95.1203,96.2676,781600
2005-12-21,95.7488,96.6167,95.2001,96.2077,634800
2005-12-22,95.8186,95.9683,94.9009,95.7787,652000
2005-12-23,96.2376,96.6766,95.7887,96.6167,335800
2005-12-27,94.442,96.9858,94.442,96.936,600400
2005-12-28,94.7712,95.0106,93.9332,94.1627,436300
2005-12-29,94.2524,95.28,93.7736,95.2201,484800
2005-12-30,93.7836,94.2724,93.4145,94.003,421000
2006-01-03,95.669,95.8685,93.0753,94.7712,969300
2006-01-04,95.7887,96.098,95.0605,95.7688,847200
2006-01-05,94.6714,95.6191,94.3422,95.5892,850700
2006-01-06,95.6092,96.3374,95.2201,95.7688,816100
2006-01-09,97.5345,97.734,95.7189,95.7688,630200
2006-01-10,97.5744,97.6842,96.6766,96.6766,632100
2006-01-11,99.3401,99.9386,97.5644,97.5644,1000200
2006-01-12,98.4922,100.3278,98.163,99.4998,840800
2006-01-13,97.7939,99.0409,97.2951,98.7316,492300
2006-01-17,96.6666,97.5644,96.3673,97.1754,658200
2006-01-18,96.3948,97.5445,95.5892,96.4372,772000
2006-01-19,97.6442,98.2129,96.5269,96.5269,650200
2006-01-20,96.7364,100.3876,96.3673,98.5022,1150300
2006-01-23,97.0557,98.173,96.7664,96.7763,558700
2006-01-24,97.6941,97.9036,96.8462,97.1454,752600
2006-01-25,97.0656,98.0632,96.9858,97.744,1026800
2006-01-26,100.5572,101.1258,98.6618,99.0608,1306500
2006-01-27,100.657,102.5524,100.1981,102.5524,981600
2006-01-30,99.6594,101.3852,99.5995,101.056,473300
2006-01-31,98.2627,99.9586,97.6842,99.9088,1055600
2006-02-01,98.7117,99.0109,97.4447,97.744,979500
2006-02-02,97.8837,98.9611,97.4048,98.8613,877400
2006-02-03,95.8386,97.4147,95.26,96.7664,1061400
2006-02-06,96.6666,96.8262,95.3997,95.7688,858500
2006-02-07,94.3522,97.3948,94.3522,96.8661,1295700
2006-02-08,94.9707,95.1602,93.8833,94.3223,802600
2006-02-09,93.9531,95.3498,93.6539,95.0505,911000
2006-02-10,94.412,94.7712,92.8359,93.7038,1014300
2006-02-13,94.9009,95.1702,94.5617,94.8011,899200
2006-02-14,96.4671,96.5868,94.4021,94.7712,801500
2006-02-15,98.3027,99.2404,97.7839,99.1107,1357300
2006-02-16,99.1207,99.3701,97.744,98.4623,855200
2006-02-17,98.3126,99.3102,97.9136,99.3102,805700
2006-02-21,97.7241,99.2304,97.7241,98.7616,770700
2006-02-22,99.8589,99.9287,97.734,97.8637,1092000
2006-02-23,100.6869,101.7443,99.7591,99.9586,957000
2006-02-24,101.8042,102.3529,100.9662,101.2555,949400
2006-02-27,103.2806,103.9191,102.0137,102.0536,894000
2006-02-28,102.4327,103.6497,101.3353,102.3529,1167500
2006-03-01,103.121,103.3205,102.4127,102.9514,619700
2006-03-02,103.141,103.2806,102.323,102.6023,757700
2006-03-03,102.8317,103.9989,102.6522,102.8916,514500
2006-03-06,101.046,103.0412,100.4575,102.8317,661000
2006-03-07,99.8689,101.1957,99.5097,101.056,982700
2006-03-08,98.7616,99.9387,98.0632,99.8689,1457900
2006-03-09,97.0656,98.7815,97.0257,98.3625,1051400
2006-03-10,97.0158,98.3625,96.2676,97.0656,1121800
2006-03-13,97.1454,98.9411,96.507,97.8936,724800
2006-03-14,99.4599,99.7093,96.9759,97.2153,984600
2006-03-15,100.8764,100.8964,99.5596,100.1582,793200
2006-03-16,101.904,102.2332,100.7567,101.2755,1117600
2006-03-17,101.2056,103.4303,100.9463,103.0512,1605900
2006-03-20,101.3254,101.7543,100.5373,101.7543,658600
2006-03-21,99.1307,101.3154,98.971,101.3154,865100
2006-03-22,99.41,100.0684,98.6518,98.8114,784700
2006-03-23,97.8338,99.5097,97.4946,99.5097,1096600
2006-03-24,97.1654,98.1929,97.0257,97.8338,824000
2006-03-27,97.2053,98.163,96.7664,97.2153,860100
2006-03-28,93.5441,98.0134,93.175,98.0134,1609700
2006-03-29,95.2422,95.7317,92.7151,93.8938,2572900
2006-03-30,94.3233,95.9215,93.7839,94.9925,1051800
2006-03-31,94.1335,94.8627,93.8139,94.1635,1018700
2006-04-03,94.6429,96.311,94.4831,94.8926,1241900
2006-04-04,96.1312,96.2112,94.0536,94.6929,1542900
2006-04-05,96.1312,97.1301,95.6718,96.0713,1051300
2006-04-06,95.7517,96.5008,95.3322,96.1412,787500
2006-04-07,94.8727,96.4209,94.2134,95.7517,692800
2006-04-10,95.6418,95.9415,94.6729,94.9925,821800
2006-04-11,93.9337,95.9914,93.3544,95.7916,1057700
2006-04-12,94.0136,94.7928,93.7839,94.7928,679900
2006-04-13,94.5331,94.6429,93.694,94.0136,499500
2006-04-17,94.2234,95.0924,93.6041,94.4831,570000
2006-04-18,97.24,97.3399,93.4543,93.4543,1123000
2006-04-19,97.3399,98.2389,96.4908,97.7394,821700
2006-04-20,97.1401,98.0291,96.7106,97.3898,775700
2006-04-21,96.7505,97.6895,96.0414,97.6895,696100
2006-04-24,96.2511,96.8904,95.3821,96.7405,627900
2006-04-25,95.9415,96.7605,95.9115,96.4409,740300
2006-04-26,97.5896,97.5896,96.1412,96.1512,938000
2006-04-27,93.0747,96.4908,92.9748,96.4409,1734100
2006-04-28,93.0148,94.0236,92.1458,93.1446,1768000
2006-05-01,88.2701,92.9848,87.3212,92.9049,3468800
2006-05-02,88.9993,89.1491,87.2113,87.9006,3423400
2006-05-03,88.5698,89.229,87.3512,88.6997,1730100
2006-05-04,90.2978,91.4665,89.5087,90.3977,3043300
2006-05-05,93.4643,93.7639,90.8972,90.8972,2439000
2006-05-08,91.9959,95.1424,91.7362,94.2933,1437600
2006-05-09,93.2445,93.4443,91.1968,92.0459,1530700
2006-05-10,93.694,94.3932,91.9859,92.8949,1263000
2006-05-11,91.2667,94.9825,90.6475,94.4931,1766900
2006-05-12,89.1991,92.1957,89.0193,91.3367,2378300
2006-05-15,88.6497,90.2479,88.5498,89.1392,2095600
2006-05-16,88.8894,89.8336,88.6997,88.9094,1529200
2006-05-17,87.5909,88.9194,86.4622,88.6497,1692300
2006-05-18,86.642,89.249,86.4122,86.6919,1414800
2006-05-19,88.6497,88.9694,87.501,87.9705,1876200
2006-05-22,87.4611,88.7496,86.7518,87.9006,1562500
2006-05-23,87.6808,89.1691,87.6009,88.4,1171000
2006-05-24,86.7518,88.0504,85.757,87.4511,1789200
2006-05-25,88.6697,88.6697,86.8318,87.6009,1442400
2006-05-26,90.2878,90.2878,89.0892,89.309,772000
2006-05-30,87.6009,89.3689,87.6009,88.8994,1216200
2006-05-31,89.8484,90.0681,87.7807,87.9205,2036000
2006-06-01,90.5476,90.5476,88.9094,89.8384,1106900
2006-06-02,90.5875,91.1469,90.0282,91.017,1176500
2006-06-05,88.0404,90.148,87.8606,89.8883,1259100
2006-06-06,87.4311,88.3001,86.9117,88.2402,1399300
2006-06-07,88.0804,89.0792,86.7718,87.8406,1887400
2006-06-08,87.4011,88.5998,85.3534,87.7208,2321700
2006-06-09,86.7419,88.0404,86.6819,87.2413,1136800
2006-06-12,83.8252,86.8917,83.7652,86.8418,1654900
2006-06-13,81.8474,84.9539,81.368,83.5754,2228300
2006-06-14,81.1382,82.5566,80.0694,81.6077,1977000
2006-06-15,84.894,84.9539,82.2569,82.4068,1591800
2006-06-16,84.9439,85.1037,83.5954,84.5144,1443800
2006-06-19,84.3745,85.4533,84.1049,85.2036,1477000
2006-06-20,85.2935,86.0826,84.5543,84.6542,1367800
2006-06-21,86.7818,87.1214,85.1736,85.2036,1032700
2006-06-22,86.9416,87.1814,86.1425,86.7518,1304300
2006-06-23,86.592,87.0016,85.723,86.4023,1108900
2006-06-26,85.6031,86.5621,85.0538,86.5021,1415600
2006-06-27,83.3357,85.5332,83.2258,85.4533,1705900
2006-06-28,83.6554,83.975,82.8563,83.9051,874900
2006-06-29,86.4422,86.602,84.3945,84.4545,1824500
2006-06-30,86.7119,87.3811,86.3423,87.2713,1096400
2006-07-03,87.1214,87.3911,85.8429,86.4023,571900
2006-07-05,84.3046,85.8029,84.3046,85.6031,1337400
2006-07-06,84.3046,84.5643,83.4656,84.0549,1337700
2006-07-07,82.4068,83.8451,82.2769,83.7053,1314200
2006-07-10,83.3457,83.9151,82.8463,83.2558,996000
2006-07-11,83.6254,84.4045,82.3568,84.4045,1927300
2006-07-12,84.4644,85.0538,84.0549,84.4045,1511300
2006-07-13,83.5655,84.5643,83.0361,84.1049,1300900
2006-07-14,82.9462,84.0949,82.4867,83.945,1180200
2006-07-17,82.8363,83.5355,82.3468,82.5566,736000
2006-07-18,83.2059,83.4456,82.3069,82.7664,956400
2006-07-19,85.9727,86.5321,83.5356,83.6654,1241300
2006-07-20,85.3135,86.8817,85.2036,86.4023,811100
2006-07-21,84.3646,86.0027,84.3046,86.0027,1121700
2006-07-24,85.6331,86.4023,83.2059,83.9051,1291700
2006-07-25,85.3035,85.743,84.2347,85.3135,1070700
2006-07-26,84.2447,85.3834,83.935,85.3035,885500
2006-07-27,87.1015,88.5099,85.9028,85.9028,1770100
2006-07-28,90.8972,90.9671,89.1491,89.1991,1543400
2006-07-31,91.3467,91.5864,89.9782,90.2978,1131300
2006-08-01,90.4577,91.017,89.8883,90.8472,862600
2006-08-02,91.5265,91.8461,91.037,91.2967,765600
2006-08-03,91.6963,92.775,90.7973,91.1669,1333600
2006-08-04,93.0447,94.9026,92.6352,93.5442,1493300
2006-08-07,92.3355,94.2334,92.0658,92.5453,825600
2006-08-08,91.4665,93.2845,91.2168,92.9948,962200
2006-08-09,91.9859,93.9237,91.916,92.4454,1199900
2006-08-10,92.835,93.0947,90.2878,91.3467,993000
2006-08-11,92.0658,92.9748,91.5564,92.4654,559600
2006-08-14,92.6851,94.1235,92.3056,93.7739,880500
2006-08-15,95.6218,95.7417,94.0036,94.2134,1150200
2006-08-16,96.9503,97.0502,95.502,96.391,983800
2006-08-17,97.9991,98.1889,96.371,96.5907,946600
2006-08-18,98.7283,98.8681,97.4198,98.0091,1155700
2006-08-21,97.0102,98.4986,96.6007,98.4986,721300
2006-08-22,97.0802,97.8393,96.6606,97.27,672600
2006-08-23,97.9392,99.8171,97.4997,98.2389,1223900
2006-08-24,97.6595,98.8182,97.1201,98.6384,843200
2006-08-25,97.0202,98.0691,96.6307,96.9703,495800
2006-08-28,97.4198,98.119,96.4609,96.7805,419600
2006-08-29,97.2799,98.0591,96.341,97.4897,1071000
2006-08-30,97.5396,97.8293,97.1301,97.3898,681300
2006-08-31,98.2988,98.3887,97.2999,97.9891,604800
2006-09-01,97.8493,98.7183,97.25,98.4386,712900
2006-09-05,98.3687,98.6883,97.2999,98.1889,522500
2006-09-06,98.5885,98.9581,97.9492,98.2389,816900
2006-09-07,98.2688,98.3787,97.0902,97.7894,913200
2006-09-08,99.1478,99.4075,97.9891,98.2189,1012700
2006-09-11,100.3864,101.0656,99.1478,99.1478,1421900
2006-09-12,103.443,103.8425,100.8359,100.8859,1270900
2006-09-13,104.0223,105.2809,102.2543,102.6339,1209300
2006-09-14,103.9824,104.4518,102.8237,103.413,1002200
2006-09-15,104.6516,105.3508,104.322,104.6816,2289900
2006-09-18,103.7526,104.7315,103.2032,104.6516,943000
2006-09-19,104.1721,105.151,103.1833,103.8825,1034500
2006-09-20,105.6704,106.3597,105.0511,105.3808,1142000
2006-09-21,104.5417,106.5694,104.0423,105.8503,927100
2006-09-22,103.5029,104.7815,102.9136,104.3619,782000
2006-09-25,105.4907,105.9302,103.9025,104.6816,822100
2006-09-26,104.9812,105.7803,103.5429,105.181,1041800
2006-09-27,104.5817,105.4507,103.9824,104.5218,796200
2006-09-28,105.3508,105.4108,103.6128,104.282,684100
2006-09-29,105.6305,106.07,104.8813,105.0511,677600
2006-10-02,105.191,105.5306,104.0423,105.4008,1034200
2006-10-03,106.2598,106.5694,104.332,104.8813,894400
2006-10-04,107.6882,107.6882,105.5905,106.5095,1015000
2006-10-05,108.1277,108.2975,106.3796,107.5883,1127800
2006-10-06,107.5483,107.9678,107.0189,107.5983,408900
2006-10-09,107.8979,108.0945,106.1799,106.8991,569400
2006-10-10,106.6693,107.0988,105.7604,105.9002,1296000
2006-10-11,104.8813,105.8702,103.393,103.8625,1441900
2006-10-12,106.6294,106.6593,105.191,105.2909,989100
2006-10-13,105.3009,106.6394,105.1011,106.2398,835100
2006-10-16,105.9002,105.9102,105.0951,105.4507,456900
2006-10-17,105.151,105.8403,104.332,105.7604,697300
2006-10-18,106.05,106.8791,104.4818,106.1799,901900
2006-10-19,105.151,105.9102,104.5317,105.8802,740700
2006-10-20,105.6005,106.0301,104.9812,105.3308,682500
2006-10-23,107.9678,108.0078,105.0811,105.0811,1361700
2006-10-24,108.0478,108.2775,105.8203,107.3585,1205500
2006-10-25,109.3363,109.3763,106.8791,108.1876,1812100
2006-10-26,111.8435,111.8734,110.1755,111.0144,1786700
2006-10-27,110.7747,112.0632,110.3152,111.354,1049400
2006-10-30,113.3318,114.031,110.8346,111.0444,1741800
2006-10-31,113.8312,114.8501,113.3418,113.7213,2059100
2006-11-01,110.4251,114.7502,110.2752,114.5504,1528800
2006-11-02,109.8258,110.7247,109.2963,110.1754,1657600
2006-11-03,108.3275,111.1203,107.4185,110.6748,1116200
2006-11-06,110.0855,110.2353,108.0777,108.3075,1144800
2006-11-07,110.455,112.3729,110.2053,110.2653,804200
2006-11-08,110.0155,111.384,109.8058,109.8557,680900
2006-11-09,106.5994,109.4762,106.3796,109.4262,1716400
2006-11-10,106.8791,107.6882,106.3397,107.0389,829300
2006-11-13,107.2786,107.5883,106.7692,106.8791,1225900
2006-11-14,107.878,108.0777,106.5594,108.0178,1034800
2006-11-15,108.0577,108.7769,107.5284,107.848,848000
2006-11-16,108.727,109.4662,108.5872,108.7869,506700
2006-11-17,108.3774,109.1665,107.798,108.3275,881000
2006-11-20,108.6071,109.5161,107.838,108.8169,789300
2006-11-21,108.2475,109.4762,107.9179,109.0966,670000
2006-11-22,108.7969,109.1765,108.0777,108.2475,438000
2006-11-24,107.5783,108.0478,107.0189,107.868,278600
2006-11-27,103.7526,107.3386,103.6727,107.1887,1209500
2006-11-28,104.4019,105.171,103.3131,103.8625,786000
2006-11-29,105.8403,106.04,104.5917,104.8714,1327400
2006-11-30,106.6194,107.2387,105.6505,106.3796,1534200
2006-12-01,106.6693,106.8291,104.3719,106.3697,1924500
2006-12-04,109.1066,109.4262,107.4584,107.7781,1344000
2006-12-05,110.8945,111.1043,108.8668,109.7059,1492900
2006-12-06,111.8435,112.1331,110.455,110.8746,1143300
2006-12-07,111.7636,113.3018,111.4439,112.7724,1089500
2006-12-08,112.233,112.6625,110.7847,111.394,868600
2006-12-11,111.5238,112.5227,111.0943,112.5227,960500
2006-12-12,112.273,112.8623,111.2042,111.8435,1248500
2006-12-13,112.1831,113.3817,111.9733,113.172,658800
2006-12-14,113.8712,114.2907,111.6137,112.0732,1071400
2006-12-15,113.112,114.2308,112.9822,113.8712,1076400
2006-12-18,113.5316,114.5704,112.9023,113.122,642200
2006-12-19,111.9034,112.7724,111.2841,111.8734,961100
2006-12-20,111.5938,112.7025,111.5738,111.8734,610500
2006-12-21,111.5138,112.5227,111.1942,111.394,707000
2006-12-22,110.2952,111.7236,109.576,111.6737,635500
2006-12-26,109.7259,110.4051,109.5261,109.9856,667200
2006-12-27,110.8146,111.0444,109.9656,110.3751,863300
2006-12-28,110.9245,111.4339,110.3152,111.374,647100
2006-12-29,110.0455,110.8346,109.7159,110.7247,635500
2007-01-03,113.2519,114.1708,111.2641,111.3141,1220300
2007-01-04,113.7513,114.2507,112.233,113.2619,946200
2007-01-05,111.6437,113.6015,111.4539,112.9722,671200
2007-01-08,114.8101,114.8401,111.1842,111.8934,950500
2007-01-09,116.8378,117.7068,114.8401,114.87,1393300
2007-01-10,118.0564,118.3861,115.1198,115.769,958800
2007-01-11,119.9843,120.1541,117.8866,118.6558,923700
2007-01-12,119.7845,120.4737,119.2151,120.0442,859600
2007-01-16,120.2839,120.8033,119.0753,119.8644,1109400
2007-01-17,120.1141,121.6324,119.7645,120.6135,955600
2007-01-18,119.315,120.9432,119.0353,120.9432,819900
2007-01-19,117.6569,120.0142,117.5171,120.0142,1269400
2007-01-22,117.7868,118.406,117.1674,117.9466,1032900
2007-01-23,117.547,118.5059,116.2585,118.0265,788900
2007-01-24,119.9343,120.0542,118.1064,118.1563,682900
2007-01-25,118.5359,121.4026,118.3861,120.8633,1663300
2007-01-26,117.9665,119.6147,117.0875,119.365,923500
2007-01-29,117.0975,119.295,116.6181,118.1663,822500
2007-01-30,117.3872,117.7967,116.5481,117.3173,1023400
2007-01-31,118.9754,119.4249,116.8878,116.9677,1206700
2007-02-01,121.2628,121.4926,119.295,119.7645,1530500
2007-02-02,120.6235,121.3827,120.174,120.8533,1339300
2007-02-05,121.093,121.4526,120.3239,121.1629,640100
2007-02-06,122.0619,122.4814,121.0331,121.4126,1186800
2007-02-07,123.2705,123.5303,122.1818,122.3616,725000
2007-02-08,123.8399,125.1584,122.3915,123.3105,1092300
2007-02-09,121.7623,124.639,120.7035,124.1795,911200
2007-02-12,122.5214,122.6213,121.083,122.012,839306
2007-02-13,122.7711,122.831,121.6124,122.2018,600138
2007-02-14,125.4481,125.8576,122.8111,123.0208,751777
2007-02-15,125.9575,126.1173,124.8488,125.2383,640000
2007-02-16,125.8776,126.4669,124.7289,125.558,648800
2007-02-20,125.7877,126.1473,124.8687,126.0374,760400
2007-02-21,125.6479,126.5668,125.2483,125.6578,1131700
2007-02-22,125.4081,126.2172,124.0996,125.8277,907000
2007-02-23,123.6102,125.1184,122.7611,124.7589,764400
2007-02-26,122.2817,124.3993,121.7423,124.0796,697489
2007-02-27,115.8489,120.0342,115.0299,120.0342,1754900
2007-02-28,117.1575,117.8592,115.4494,115.8689,1115000
2007-03-01,115.2296,116.4982,112.1931,114.8301,1483726
2007-03-02,114.3307,116.1486,114.2108,115.1997,1397100
2007-03-05,111.5938,114.1209,111.344,112.8723,1684400
2007-03-06,115.2197,115.3595,112.3129,113.8712,1191300
2007-03-07,114.5804,116.0487,114.4205,115.3195,806100
2007-03-08,117.4072,118.1064,115.779,116.0687,1101400
2007-03-09,119.5847,120.234,118.8256,119.5647,1668000
2007-03-12,120.5436,120.9731,118.456,119.5647,1492500
2007-03-13,116.0088,119.6746,115.8789,119.5647,1392000
2007-03-14,117.1774,117.3972,113.8612,115.6192,1228100
2007-03-15,117.2973,117.7668,116.0887,117.1475,1281747
2007-03-16,114.4305,116.5681,113.6714,116.3683,2385100
2007-03-19,116.8178,116.9077,115.5193,115.8689,1310400
2007-03-20,117.2074,117.6569,116.3683,116.6281,1210800
2007-03-21,121.1729,121.5225,116.7679,117.537,1249474
2007-03-22,121.3627,122.3516,120.244,122.3516,1109946
2007-03-23,122.7411,123.2705,121.4826,121.7423,938700
2007-03-26,122.7511,123.2406,121.2628,122.831,1269000
2007-03-27,121.2828,122.7711,121.1529,122.0619,1175600
2007-03-28,119.1152,120.3737,118.5659,120.0142,1412208
2007-03-29,120.3339,121.2728,119.0853,121.073,740350
2007-03-30,120.6935,121.6424,118.7956,120.174,1188348
2007-04-02,120.5836,120.8333,118.6657,120.3938,1053600
2007-04-03,124.1795,124.3493,120.7634,121.5825,1603000
2007-04-04,125.3782,125.558,123.5702,124.5591,1272900
2007-04-05,125.6479,125.8976,124.5591,124.7689,1197560
2007-04-09,125.5779,125.9735,124.3593,125.6678,1097000
2007-04-10,126.2072,126.407,124.4592,124.4592,1272500
2007-04-11,125.7278,127.2261,125.3981,126.0874,1919660
2007-04-12,126.437,126.437,124.5491,125.8476,1372900
2007-04-13,126.397,127.4158,125.9575,126.437,1090600
2007-04-16,129.3237,129.6933,126.8865,126.8865,1104200
2007-04-17,130.792,131.731,128.7843,129.3237,1171100
2007-04-18,132.8397,133.5689,130.6522,130.792,1234445
2007-04-19,128.8243,130.6222,127.4358,130.0129,2274800
2007-04-20,130.1428,130.812,129.0041,129.0041,1290200
2007-04-23,130.0329,131.7509,129.6833,131.1017,929300
2007-04-24,129.3037,130.6122,127.6556,130.0229,897800
2007-04-25,130.862,131.6011,128.2349,129.7332,720678
2007-04-26,130.5123,132.2504,128.9541,132.2504,975700
2007-04-27,131.1916,131.4613,129.6933,130.3625,771200
2007-04-30,131.1616,132.3403,130.3625,131.2615,1118400
2007-05-01,131.4613,131.9108,130.2426,131.5512,1107458
2007-05-02,132.8297,133.2992,131.7609,132.0506,678200
2007-05-03,134.4679,134.5678,132.4402,133.5989,1084275
2007-05-04,135.0472,135.4268,134.2581,135.0272,783600
2007-05-07,135.0772,135.8463,134.5178,135.4967,655300
2007-05-08,134.4579,134.8474,133.509,134.4679,942400
2007-05-09,136.126,136.6654,134.5078,134.6577,1118800
2007-05-10,133.8586,136.106,133.7687,134.8474,901600
2007-05-11,135.8663,136.3258,134.1582,134.1582,431001
2007-05-14,135.1971,136.6953,134.6577,136.3557,704600
2007-05-15,134.6976,137.7042,134.4079,135.6565,944005
2007-05-16,136.7253,137.1149,135.3469,135.3469,711300
2007-05-17,134.348,135.7964,133.2293,135.7464,1275200
2007-05-18,135.8363,135.8363,134.0783,134.5378,881100
2007-05-21,136.4656,136.8252,134.8474,135.6865,999100
2007-05-22,135.1571,136.7153,134.6077,136.7153,1032900
2007-05-23,134.9373,136.4057,134.7875,135.4068,879900
2007-05-24,133.3092,137.0849,132.6599,134.8474,1356900
2007-05-25,133.7986,134.5777,132.8497,133.0795,638668
2007-05-29,134.378,135.3269,133.2992,134.0484,799600
2007-05-30,135.1871,135.3169,132.5101,133.3591,977700
2007-05-31,136.8452,136.8452,135.3868,136.0461,1137400
2007-06-01,135.9762,137.0949,135.5866,135.5866,877700
2007-06-04,137.0549,137.3446,134.2781,137.3446,701900
2007-06-05,133.509,136.3258,132.7099,136.3258,1713400
2007-06-06,131.3914,132.8497,130.7621,132.0306,1272700
2007-06-07,127.4658,131.3914,127.4658,131.3914,1940394
2007-06-08,128.125,128.145,125.7577,127.2161,1709470
2007-06-11,128.7643,129.913,127.306,127.3659,914700
2007-06-12,127.7854,129.8931,127.6656,128.7344,1593100
2007-06-13,129.6333,129.903,127.5457,128.0252,1715900
2007-06-14,130.0928,131.0717,129.3537,129.5634,1102800
2007-06-15,132.1305,133.2093,131.1017,131.4313,1353400
2007-06-18,133.2193,133.9684,132.0306,132.6699,1141400
2007-06-19,134.2981,134.5178,132.3503,132.3503,1249500
2007-06-20,134.7576,139.17,134.4978,136.106,2905000
2007-06-21,134.6776,135.9962,132.2903,134.7576,921553
2007-06-22,132.4502,135.237,132.1605,134.3979,1573900
2007-06-25,131.1217,134.4579,129.923,133.0994,1474900
2007-06-26,132.3503,133.3791,131.8708,132.6,1019900
2007-06-27,133.5,133.75,130.49,132.0,1466700
2007-06-28,134.42,135.19,133.52,133.69,870400
2007-06-29,132.47,135.87,131.6,134.6,1091400
2007-07-02,134.06,134.98,132.47,132.47,1076400
2007-07-03,134.96,135.78,134.53,134.98,587100
2007-07-05,135.0,135.36,134.08,134.96,738000
2007-07-06,135.53,135.75,134.46,135.2,810500
2007-07-09,136.53,136.75,134.75,135.36,944200
2007-07-10,132.62,135.75,132.34,135.6,1305600
2007-07-11,134.83,135.75,133.12,134.32,1408163
2007-07-12,138.83,138.83,134.83,135.32,941800
2007-07-13,140.23,140.7,137.11,137.11,881800
2007-07-16,140.72,141.15,139.66,141.0,903400
2007-07-17,143.95,145.59,141.6,142.0,1536300
2007-07-18,142.03,143.78,140.38,143.08,1263600
2007-07-19,142.2,143.25,140.99,142.4,1222300
2007-07-20,137.94,142.05,136.37,142.05,1634900
2007-07-23,138.95,141.56,138.4,139.62,1117200
2007-07-24,134.32,138.55,134.05,136.59,1536859
2007-07-25,136.0,137.78,132.88,135.67,1495761
2007-07-26,129.65,134.34,126.8,133.4,2039858
2007-07-27,130.15,131.96,127.5,129.99,1634987
2007-07-30,132.55,133.39,129.82,131.87,1410700
2007-07-31,127.37,136.49,127.2,134.3,2002804
2007-08-01,125.62,128.41,121.71,121.73,2455378
2007-08-02,127.2,128.44,125.34,125.34,1632000
2007-08-03,120.49,128.9,120.44,128.9,2734967
2007-08-06,126.12,126.22,118.91,121.63,2261473
2007-08-07,125.72,127.97,123.56,124.98,2673900
2007-08-08,125.47,130.73,121.7,125.61,2985418
2007-08-09,121.84,125.78,116.52,120.91,3534798
2007-08-10,122.03,124.41,117.05,120.49,2273930
2007-08-13,124.02,126.72,122.31,123.1,1508000
2007-08-14,121.07,126.48,121.07,124.87,1392840
2007-08-15,118.95,123.79,118.03,120.47,1404929
2007-08-16,123.64,124.15,113.08,117.95,2734004
2007-08-17,131.5,134.17,126.0,129.71,2498063
2007-08-20,129.33,133.28,127.35,132.49,1436092
2007-08-21,130.4,131.14,127.96,128.25,935614
2007-08-22,132.45,133.66,129.06,131.8,1354300
2007-08-23,132.77,134.24,131.5,133.21,1102200
2007-08-24,134.35,134.5,131.86,133.02,775600
2007-08-27,131.82,134.62,131.8,134.15,818416
2007-08-28,125.42,131.5,125.4,131.49,1364700
2007-08-29,130.13,130.13,124.12,126.47,1400100
2007-08-30,128.25,130.46,127.26,128.98,1392200
2007-08-31,131.77,132.97,128.7,129.63,1229000
2007-09-04,132.88,134.63,130.97,132.0,832000
2007-09-05,130.46,131.59,129.16,131.24,898200
2007-09-06,131.13,131.15,128.46,130.28,875000
2007-09-07,126.14,129.0,125.84,129.0,1921800
2007-09-10,125.02,127.79,123.48,127.15,1257400
2007-09-11,126.05,128.08,124.56,126.0,1241600
2007-09-12,123.11,125.5,122.59,125.45,1771300
2007-09-13,123.38,124.5,122.32,123.44,1351900
2007-09-14,126.12,126.14,121.55,123.0,1193200
2007-09-17,123.82,125.72,123.21,125.72,1092900
2007-09-18,131.54,131.54,122.86,124.9,2008600
2007-09-19,133.1,134.79,132.42,132.84,1482700
2007-09-20,129.31,132.99,128.82,132.47,862600
2007-09-21,130.29,131.04,129.31,129.51,1123000
2007-09-24,129.93,132.24,129.03,129.94,925000
2007-09-25,126.79,128.25,125.46,127.94,2095800
2007-09-26,125.67,128.45,124.7753,128.07,1568600
2007-09-27,126.54,126.85,124.8,126.85,1046400
2007-09-28,127.5,127.97,125.89,126.21,913135
2007-10-01,130.43,130.73,127.04,127.04,1368200
2007-10-02,131.29,131.62,129.48,130.83,1161800
2007-10-03,128.69,130.88,128.06,130.88,829100
2007-10-04,127.39,129.72,127.15,129.72,913700
2007-10-05,130.13,131.12,127.89,128.36,1089500
2007-10-08,129.11,130.5,128.68,130.18,716100
2007-10-09,137.1,137.27,129.56,129.56,1846800
2007-10-10,135.83,137.03,134.28,136.63,1396700
2007-10-11,138.27,141.94,136.89,137.37,2277300
2007-10-12,140.32,140.37,137.47,138.93,856200
2007-10-15,137.0,141.47,134.91,140.75,973100
2007-10-16,135.07,137.55,134.17,136.04,946200
2007-10-17,137.12,137.96,134.0,136.02,1538700
2007-10-18,138.4,139.0,135.3,137.12,1068179
2007-10-19,132.84,138.05,132.84,137.83,1102200
2007-10-22,134.62,135.03,131.3,131.52,1168013
2007-10-23,141.69,141.93,137.01,137.01,1504800
2007-10-24,142.21,143.08,138.65,141.09,1774202
2007-10-25,138.64,142.25,135.2,138.15,1917200
2007-10-26,131.98,138.9,127.5,138.3,3483400
2007-10-29,129.5,132.74,128.05,131.94,1723200
2007-10-30,129.27,130.8,126.05,128.25,1614900
2007-10-31,129.68,131.0,126.9,130.52,1830600
2007-11-01,123.21,127.98,123.13,127.71,1417785
2007-11-02,124.23,124.93,118.6,123.6,2459300
2007-11-05,121.76,123.66,118.6,122.52,1908913
2007-11-06,121.97,123.45,119.21,121.66,1353521
2007-11-07,116.52,121.51,116.43,120.77,2020600
2007-11-08,119.01,120.61,113.82,117.09,2658480
2007-11-09,117.23,120.29,115.78,117.75,2311700
2007-11-12,117.77,122.9,116.51,116.51,1763268
2007-11-13,123.81,123.97,118.26,118.26,1660000
2007-11-14,123.54,127.31,123.1,125.92,2149804
2007-11-15,117.7,123.82,116.06,122.86,5070200
2007-11-16,118.95,119.41,116.63,118.59,1525045
2007-11-19,115.46,119.13,115.03,118.44,1175138
2007-11-20,117.17,119.58,114.61,116.22,1698300
2007-11-21,115.1,117.37,113.47,115.97,1534203
2007-11-23,119.06,119.69,115.56,117.41,430900
