Price,Close,High,Low,Open,Volume
Ticker,BHI,BHI,BHI,BHI,BHI
Date,,,,,
1999-11-24,23.2825,23.5577,22.7321,23.3375,1340600
1999-11-26,22.7321,23.1174,22.2918,22.8972,577600
1999-11-29,22.2918,22.677,21.9615,22.677,1708600
1999-11-30,22.2367,23.2274,21.9615,22.677,1120500
1999-12-01,23.1174,23.6128,21.9065,22.677,1406900
1999-12-02,21.5212,22.0166,20.9157,21.5762,6734600
1999-12-03,21.0258,21.5762,20.5304,21.4111,2440600
1999-12-06,20.4203,21.0258,20.2552,20.9157,1969400
1999-12-07,18.604,20.6956,18.3838,19.7048,2970600
1999-12-08,19.925,20.2552,17.448,17.9434,4527100
1999-12-09,16.9527,17.393,13.2099,14.751,28250200
1999-12-10,16.6775,17.393,15.9619,16.4023,7400000
1999-12-13,15.6317,16.8426,15.3015,16.6224,3854900
1999-12-14,16.017,16.7325,15.2464,15.2464,2744600
1999-12-15,17.2829,17.7784,16.5674,16.7325,4432800
1999-12-16,16.2371,16.9527,16.1821,16.2922,2690600
1999-12-17,16.1821,16.3473,15.9069,16.017,3021300
1999-12-20,16.1821,16.7325,15.8519,16.7325,2287500
1999-12-21,16.2922,16.7325,15.8519,16.7325,2309800
1999-12-22,16.6224,16.6224,15.8519,16.2922,1816000
1999-12-23,16.9527,17.2829,16.4023,16.7325,2067100
1999-12-27,18.2737,18.659,17.2279,17.2829,2797500
1999-12-28,18.9342,19.2094,18.1086,18.1636,1731700
1999-12-29,18.8792,19.2094,18.604,18.714,2032200
1999-12-30,17.6132,18.714,17.5582,18.714,779900
1999-12-31,18.5489,18.714,17.1729,17.6132,725200
2000-01-03,17.7784,19.3195,17.448,19.3195,1463700
2000-01-04,17.8334,18.8241,17.2829,17.6682,2082300
2000-01-05,17.9434,18.8241,17.6132,17.9434,1833700
2000-01-06,19.6497,19.7048,18.2187,18.2187,2234700
2000-01-07,21.1909,21.1909,19.6497,20.0351,2461600
2000-01-10,20.3102,21.0258,19.7048,21.0258,2226400
2000-01-11,20.7506,21.1359,20.0901,20.9157,2001100
2000-01-12,19.7048,20.5304,19.7048,20.5304,1347000
2000-01-13,19.8149,20.5304,19.7599,19.8149,1534800
2000-01-14,20.0351,20.1451,19.3195,19.8699,1824700
2000-01-18,20.5854,20.7506,19.5947,19.8149,4168300
2000-01-19,20.6405,21.3561,20.0901,20.7506,2185500
2000-01-20,19.4846,20.2552,19.4296,20.2552,1822500
2000-01-21,20.0351,21.0809,19.3745,20.4753,3530700
2000-01-24,20.4203,20.4753,20.0351,20.4753,2316700
2000-01-25,20.1451,20.6956,19.4846,20.2552,1747500
2000-01-26,20.0351,21.1359,19.98,20.6956,2045100
2000-01-27,18.9893,20.5854,18.4939,20.0351,1144500
2000-01-28,18.3287,19.7048,18.1086,19.2645,1302700
2000-01-31,22.0166,22.0716,20.0901,20.6956,5169500
2000-02-01,21.2459,21.8514,20.2002,21.7413,3699400
2000-02-02,20.6956,21.5762,20.4203,21.2459,1517800
2000-02-03,21.2395,21.4618,20.6834,21.0726,2807900
2000-02-04,19.905,21.295,19.627,21.0726,1765500
2000-02-07,20.7391,21.2395,19.349,19.4602,1407600
2000-02-08,20.1274,20.8502,19.5714,20.7946,1625500
2000-02-09,19.349,20.6834,19.2378,19.905,879900
2000-02-10,20.0162,20.5166,19.2378,19.2378,2710000
2000-02-11,20.2386,21.4063,20.2386,20.3498,1823500
2000-02-14,21.2395,21.3506,19.7382,20.461,1646100
2000-02-15,22.6851,22.7963,21.4618,21.4618,3495900
2000-02-16,22.5739,23.2411,22.129,22.4627,2468100
2000-02-17,22.5739,22.9075,21.017,22.2402,2193600
2000-02-18,21.8511,22.9075,21.6842,22.2402,1343500
2000-02-22,21.573,22.3514,21.1838,22.0178,1394200
2000-02-23,21.3506,21.7955,21.295,21.7955,1498400
2000-02-24,22.0734,22.6295,21.2395,21.3506,1829400
2000-02-25,21.4063,22.129,21.1838,22.0734,1666700
2000-02-28,22.3514,22.9075,21.1838,21.1838,2230700
2000-02-29,23.0187,23.4635,22.7407,22.9075,2713100
2000-03-01,24.2975,24.3531,21.9622,23.2411,4533900
2000-03-02,25.2983,25.3539,24.0751,24.1863,3426300
2000-03-03,23.7971,24.9091,23.1299,24.9091,2162300
2000-03-06,24.3531,24.6867,23.7971,24.0195,1729500
2000-03-07,25.8543,26.2991,24.2419,24.2419,5272000
2000-03-08,23.6859,24.9647,23.6303,24.9091,3906800
2000-03-09,25.0203,25.0203,24.2419,24.4643,2226900
2000-03-10,24.2419,25.7431,24.0195,24.9091,2105800
2000-03-13,24.2419,25.4095,23.5747,23.5747,1759200
2000-03-14,23.7971,24.4643,22.5183,24.0195,1400500
2000-03-15,23.0743,24.1307,22.5739,23.7971,1010300
2000-03-16,24.3531,24.4087,23.2967,24.0751,1678600
2000-03-17,23.5191,24.6867,23.0187,24.6867,1950800
2000-03-20,22.8519,23.1855,22.2959,23.1299,1023700
2000-03-21,24.2419,24.4643,23.4635,23.5747,2174200
2000-03-22,24.0195,25.4095,23.0187,24.6867,8504600
2000-03-23,24.4087,24.5755,23.0187,24.4087,3714800
2000-03-24,24.9091,25.5207,24.7423,25.5207,2602300
2000-03-27,24.7423,25.4651,24.0195,24.9091,2050300
2000-03-28,25.6319,25.7987,24.0195,24.9091,4442100
2000-03-29,27.2444,27.4667,25.2427,25.4651,3003600
2000-03-30,26.6327,28.4676,26.5772,26.7995,3018200
2000-03-31,26.9107,27.1331,26.1323,26.6327,1978600
2000-04-03,27.3555,27.9116,26.6884,26.6884,1482700
2000-04-04,26.9107,28.2452,25.3539,27.5224,3103000
2000-04-05,25.2983,26.6327,25.2427,25.9099,2093200
2000-04-06,25.2983,25.6875,24.5755,25.3539,1968200
2000-04-07,25.7987,27.2444,25.6319,25.7987,3609600
2000-04-10,23.1299,25.0203,22.7963,24.6867,4402100
2000-04-11,25.5207,25.5207,23.9639,24.5755,3590600
2000-04-12,26.1879,26.466,25.1871,25.5763,2947200
2000-04-13,25.2983,26.466,24.7979,26.2991,1634900
2000-04-14,25.2427,25.9655,24.4643,24.8535,2280000
2000-04-17,24.9091,25.4651,24.0195,25.2983,2038800
2000-04-18,25.2983,25.8543,24.4643,25.1315,2605700
2000-04-19,25.4095,25.5763,24.4087,25.2983,1779600
2000-04-20,26.5772,26.6327,25.2427,25.5763,1663200
2000-04-24,25.7987,27.0775,24.9091,25.5763,1659600
2000-04-25,26.0767,26.1323,24.7423,25.7987,1637500
2000-04-26,28.2452,28.3564,25.6319,26.0767,4323900
2000-04-27,28.3008,29.0792,27.5779,28.412,4040800
2000-04-28,28.3008,28.9124,27.6891,28.1896,1909400
2000-05-01,28.8568,29.246,27.6336,28.0228,1932700
2000-05-02,30.5248,30.5248,28.4676,28.5232,3601100
2000-05-03,29.5796,30.5248,29.3572,30.5248,2883500
2000-05-04,31.359,31.359,29.567,29.567,3406500
2000-05-05,31.527,31.5829,30.5749,31.359,2871800
2000-05-08,31.359,31.807,30.911,31.303,1951700
2000-05-09,31.639,31.751,31.023,31.359,1684800
2000-05-10,31.191,31.527,30.743,31.359,1226800
2000-05-11,32.2549,32.3109,31.191,31.247,4465500
2000-05-12,32.5909,32.7029,31.9189,32.1429,2359000
2000-05-15,32.9269,34.0469,32.6469,32.9269,3580900
2000-05-16,32.7589,32.8709,31.527,32.7589,2025800
2000-05-17,33.9349,33.9349,31.695,31.695,3210100
2000-05-18,32.4229,33.9349,32.2549,33.9349,2740700
2000-05-19,31.9749,32.8149,31.9189,32.4789,1651300
2000-05-22,30.631,31.9749,30.519,31.9749,1466300
2000-05-23,32.3109,32.367,30.239,30.855,1664700
2000-05-24,31.247,33.0389,30.967,32.0869,1875900
2000-05-25,31.695,31.751,29.903,31.247,1987900
2000-05-26,30.183,32.0309,30.127,32.0309,1199600
2000-05-30,30.5749,31.247,30.463,30.5749,1741400
2000-05-31,32.4789,32.9269,31.527,31.5829,2990900
2000-06-01,31.695,32.8709,31.247,32.8709,2770300
2000-06-02,28.727,31.527,28.559,31.471,3026000
2000-06-05,27.999,29.959,27.8871,29.567,2405800
2000-06-06,29.343,29.791,28.167,28.223,2276600
2000-06-07,30.015,30.463,29.399,29.735,1997300
2000-06-08,30.463,31.079,29.847,29.903,1149500
2000-06-09,29.399,31.079,29.119,29.903,1198700
2000-06-12,30.239,30.687,29.791,29.791,1502700
2000-06-13,30.127,30.967,30.127,30.463,1710200
2000-06-14,30.183,31.247,29.567,30.295,2227500
2000-06-15,30.407,30.799,28.671,30.351,2300700
2000-06-16,30.855,31.471,30.351,30.631,1692000
2000-06-19,29.903,30.911,29.567,30.911,1105500
2000-06-20,29.735,29.959,28.3351,29.959,2069900
2000-06-21,31.5829,31.807,29.735,30.687,2649200
2000-06-22,30.519,32.0869,30.239,31.5829,1543700
2000-06-23,30.127,31.415,29.847,30.519,1315900
2000-06-26,30.071,30.911,29.455,30.687,1817000
2000-06-27,30.463,30.799,28.895,29.959,1454500
2000-06-28,28.671,30.239,28.671,30.239,2250300
2000-06-29,29.119,30.071,28.8391,29.119,1300100
2000-06-30,28.671,30.5749,28.671,29.343,1963700
2000-07-03,29.483,29.567,28.895,28.895,516400
2000-07-05,27.327,29.455,27.2711,29.399,1339000
2000-07-06,27.775,29.175,27.6071,28.223,1808600
2000-07-07,27.7191,28.055,27.4391,27.999,1139500
2000-07-10,27.2151,28.559,26.9351,27.999,1259900
2000-07-11,30.645,31.023,27.999,27.999,3510700
2000-07-12,29.735,30.743,29.679,30.631,1712400
2000-07-13,29.567,29.791,29.063,29.119,1101700
2000-07-14,29.119,29.791,28.615,29.119,1998500
2000-07-17,28.3351,28.727,27.8871,28.727,1498100
2000-07-18,29.679,29.959,29.175,29.175,1491000
2000-07-19,29.903,30.295,29.231,29.903,1715400
2000-07-20,30.183,30.351,29.567,29.959,1286800
2000-07-21,28.895,29.959,28.8391,29.959,1614800
2000-07-24,27.8311,28.895,27.1031,28.895,2415100
2000-07-25,27.327,28.671,26.9351,28.671,1460800
2000-07-26,28.391,28.671,27.1031,27.1591,1911100
2000-07-27,30.071,30.463,28.895,29.231,2012200
2000-07-28,30.687,30.911,29.903,30.015,1565600
2000-07-31,31.009,31.359,30.071,30.911,2417000
2000-08-01,31.8629,31.9749,31.023,31.359,1572700
2000-08-02,32.535,33.0389,31.9749,32.2549,3484700
2000-08-03,32.1837,33.2547,31.9583,33.0856,2443900
2000-08-04,32.9728,33.1419,31.5637,33.0856,1766000
2000-08-07,32.8037,33.2547,32.4655,32.4655,1370600
2000-08-08,33.2547,33.5928,32.9165,33.0292,1865600
2000-08-09,34.9456,34.9456,34.0438,34.2692,3673200
2000-08-10,33.5365,34.9456,33.3674,34.3256,2588000
2000-08-11,32.9728,33.5365,32.9165,33.5365,1805700
2000-08-14,34.4383,34.551,32.7474,32.7474,1955200
2000-08-15,33.9874,34.6638,33.8747,34.4383,1524500
2000-08-16,34.6074,34.6638,33.3674,33.8747,2185200
2000-08-17,35.4529,35.4529,34.3256,34.8892,3103400
2000-08-18,34.551,35.4529,33.931,35.4529,1797600
2000-08-21,34.6074,35.1147,33.931,35.1147,1275000
2000-08-22,34.2692,34.8329,34.0438,34.3819,1080900
2000-08-23,34.8892,35.171,34.4383,34.7201,2125400
2000-08-24,33.9874,35.171,33.9874,34.7201,1396800
2000-08-25,33.1983,33.7055,32.8601,33.3674,1902000
2000-08-28,34.2692,34.6638,33.2547,33.3674,1664500
2000-08-29,34.005,35.0019,33.931,34.2692,1592200
2000-08-30,33.1419,34.1565,32.8037,33.1419,1850300
2000-08-31,32.9728,33.4801,32.7474,33.3674,1586200
2000-09-01,33.311,33.5365,33.0856,33.1983,844500
2000-09-05,33.5365,33.7619,33.0292,33.7619,1450500
2000-09-06,34.7765,34.8892,33.5928,34.0438,1665200
2000-09-07,33.931,34.6074,33.4801,34.4947,1178500
2000-09-08,33.2547,33.931,32.691,33.931,1399800
2000-09-11,34.9456,35.1147,33.3674,33.3674,1575500
2000-09-12,34.8329,35.5092,33.9874,35.0019,2431900
2000-09-13,33.6492,34.8892,33.3674,34.8329,1602900
2000-09-14,33.8183,34.0438,32.9728,33.6492,1508400
2000-09-15,35.171,35.171,34.2128,34.4947,2996300
2000-09-18,33.931,35.2274,33.8183,34.4947,1302000
2000-09-19,32.5783,34.6074,32.4655,34.6074,1987700
2000-09-20,32.0146,33.7055,31.9583,33.5928,1984200
2000-09-21,32.6347,32.9165,31.451,31.8456,2113600
2000-09-22,32.3348,33.4238,32.2965,32.6347,2246300
2000-09-25,31.2256,32.0146,30.4364,31.9583,4212000
2000-09-26,32.4655,32.8601,31.451,31.6765,2096200
2000-09-27,33.2547,33.3674,31.7891,31.7891,1440200
2000-09-28,33.4801,33.931,33.0292,33.2547,2350800
2000-09-29,33.4801,34.4947,33.4801,33.8747,1376500
2000-10-02,34.1001,34.2692,32.6347,34.0438,1855500
2000-10-03,33.6492,34.6074,33.5365,33.8747,1279600
2000-10-04,31.9583,33.5928,31.7891,33.3674,1613900
2000-10-05,31.5637,32.2401,31.0001,31.9583,2188700
2000-10-06,31.0564,32.3528,30.831,31.7891,1609800
2000-10-09,31.5074,32.1274,31.1691,31.1691,1042700
2000-10-10,32.5783,32.8037,31.9019,32.0146,1991000
2000-10-11,32.8601,33.7619,32.5783,32.9165,2106900
2000-10-12,34.2692,34.9456,33.0292,33.0856,2549800
2000-10-13,33.0292,33.9874,32.8037,33.8183,2221700
2000-10-16,32.8601,33.1419,32.1837,33.1419,2053800
2000-10-17,34.0438,34.2692,32.9165,32.9165,3023800
2000-10-18,34.3819,34.6074,33.4238,34.6074,3119000
2000-10-19,34.2692,34.8329,33.6492,33.931,2353900
2000-10-20,34.3819,34.9456,33.7619,33.931,2223700
2000-10-23,33.3674,34.9456,32.8037,33.931,1362400
2000-10-24,32.3528,33.8183,32.1837,33.3674,1425300
2000-10-25,29.9291,31.6201,29.8728,31.3382,2866100
2000-10-26,30.6619,31.451,29.4219,31.3382,2201600
2000-10-27,29.2528,30.6055,29.14,30.6055,2751900
2000-10-30,30.3801,31.0564,29.0837,29.7601,4152700
2000-10-31,31.0001,31.3946,30.0983,31.2256,2141700
2000-11-01,33.4801,33.5365,31.2256,31.2256,4663200
2000-11-02,33.4667,33.6369,32.786,33.4667,2315600
2000-11-03,33.5234,34.431,33.2398,33.4667,2067900
2000-11-06,33.5234,33.5801,32.2188,33.2398,2605000
2000-11-07,34.1474,34.431,33.6369,33.6936,3328600
2000-11-08,34.6578,34.7713,34.0906,34.0906,1944500
2000-11-09,33.6936,35.0549,32.6726,34.9415,2575700
2000-11-10,33.2965,34.4877,33.2398,33.6936,2083100
2000-11-13,32.8994,33.8637,32.3889,33.7503,1937700
2000-11-14,33.6369,34.1474,32.7293,32.8994,2220600
2000-11-15,35.3385,35.3385,34.0339,34.1474,5132600
2000-11-16,35.849,36.1326,34.8281,34.9982,3436600
2000-11-17,34.8848,35.7924,34.2608,35.5087,2857800
2000-11-20,34.2608,35.7356,34.0906,35.2818,1941900
2000-11-21,35.0549,35.452,34.3742,34.6578,2175000
2000-11-22,34.2608,34.5444,33.4667,34.4877,1470300
2000-11-24,34.5444,35.1116,33.9204,34.2608,748200
2000-11-27,33.1831,34.7713,32.8427,34.7146,2858900
2000-11-28,32.5591,33.9772,32.5024,33.2398,1753500
2000-11-29,31.3112,32.8427,30.9708,32.7293,3664500
2000-11-30,30.2901,31.4246,29.3258,31.1977,2691700
2000-12-01,30.2901,31.0276,28.9288,29.9499,4230200
2000-12-04,30.2901,31.141,30.0065,30.7439,3210400
2000-12-05,29.7229,30.8574,29.6662,30.5171,3694900
2000-12-06,30.2901,31.0276,29.7796,30.4036,2557100
2000-12-07,30.12,30.4603,29.7796,29.8364,3439700
2000-12-08,30.3468,30.8007,29.5527,29.9499,3177800
2000-12-11,32.0486,32.4457,30.3468,30.3468,1615000
2000-12-12,32.7293,32.8427,31.8217,32.2755,1724800
2000-12-13,32.8427,33.7503,32.786,32.8994,2762800
2000-12-14,32.6159,33.5801,32.3889,32.8994,1580800
2000-12-15,33.5234,33.6936,32.2188,32.2188,2188000
2000-12-18,35.6789,35.7356,33.8637,33.8637,3260700
2000-12-19,37.494,37.8911,35.849,35.849,6329600
2000-12-20,36.9835,37.6642,35.9058,36.8701,3780700
2000-12-21,36.4163,37.1537,35.849,36.5297,3029100
2000-12-22,36.2461,36.6999,36.0759,36.0759,1378900
2000-12-26,38.5718,38.742,36.4163,36.4163,1849300
2000-12-27,38.515,39.0256,37.3806,38.5718,1667400
2000-12-28,38.9688,39.0823,38.2314,38.5718,1862200
2000-12-29,37.7209,39.3659,37.7209,39.3659,1751600
2001-01-02,38.4583,39.4794,37.9478,38.4583,2289900
2001-01-03,37.2671,38.6852,37.0403,38.6852,4980700
2001-01-04,36.2461,36.7566,34.7713,36.7566,4665700
2001-01-05,35.9625,36.9835,35.7356,36.3028,2731600
2001-01-08,36.3028,37.2104,36.0759,36.7566,2294600
2001-01-09,37.3239,38.118,37.097,37.2104,2514200
2001-01-10,37.5508,37.8911,36.473,36.7566,2292400
2001-01-11,38.3449,38.8554,37.6075,38.0613,4357400
2001-01-12,38.4583,38.515,37.7776,37.8911,2345600
2001-01-16,39.2524,39.2524,37.494,39.2524,2525500
2001-01-17,37.2671,38.6285,37.2671,38.5718,2798600
2001-01-18,35.3953,37.3239,34.8281,37.0403,3726300
2001-01-19,36.1326,36.6432,34.2608,34.9415,3220500
2001-01-22,36.6999,37.097,36.3028,36.4163,1443000
2001-01-23,37.2671,38.2882,36.4163,36.6999,2762800
2001-01-24,38.1747,38.4583,37.097,37.6642,1993300
2001-01-25,39.2524,39.763,37.6075,37.6642,3009100
2001-01-26,38.6285,39.8764,37.9478,39.139,2407500
2001-01-29,37.1832,38.4266,36.8928,37.9365,1500000
2001-01-30,37.6642,38.1906,36.8928,37.4101,1759000
2001-01-31,37.5281,38.0454,36.7113,38.0273,1790300
2001-02-01,37.0579,37.1492,35.78,36.7202,1273300
2001-02-02,38.1531,38.7921,37.1948,37.3317,1587000
2001-02-05,39.2485,39.6592,38.7008,38.7008,1866300
2001-02-06,40.0608,40.1521,38.2901,39.0203,2509000
2001-02-07,39.9331,40.7546,39.2211,40.0244,3106300
2001-02-08,39.7323,40.7546,39.2211,40.0244,2461300
2001-02-09,40.1795,40.5263,39.358,39.6136,2199400
2001-02-12,39.5223,40.1704,39.0659,40.1704,3263200
2001-02-13,39.5497,39.7414,38.3357,39.3763,2013400
2001-02-14,38.7921,40.1156,38.427,39.5862,2061300
2001-02-15,36.6654,37.423,35.5518,37.423,4780800
2001-02-16,37.3134,38.3357,36.8205,38.3357,2518200
2001-02-20,37.3134,38.1988,37.0122,38.1988,2027100
2001-02-21,36.6745,37.6694,36.6471,37.5143,1261200
2001-02-22,35.561,37.14,35.132,36.9666,2247900
2001-02-23,35.3967,36.5102,34.5569,35.5518,1444900
2001-02-26,35.78,36.5193,34.5022,34.6847,2452000
2001-02-27,36.1634,36.7932,35.78,36.5102,1871100
2001-02-28,35.8896,36.6928,35.7891,36.6015,1668500
2001-03-01,36.5285,37.277,36.1451,36.4189,1748700
2001-03-02,37.6055,38.1258,36.6837,37.423,2457100
2001-03-05,38.8834,39.0203,37.1492,37.6055,2327200
2001-03-06,39.3398,39.4767,38.3357,38.8834,1518200
2001-03-07,40.8093,40.9371,39.4128,39.6775,2578700
2001-03-08,41.0649,41.1471,40.2525,41.074,3173800
2001-03-09,40.2252,41.3387,39.7688,41.0649,2460100
2001-03-12,39.0659,40.2982,38.9656,40.2982,1569300
2001-03-13,38.0163,39.2942,37.5143,39.2942,1750000
2001-03-14,37.642,39.0659,37.0488,38.0163,2297400
2001-03-15,36.4646,38.3357,36.4372,38.3357,2148400
2001-03-16,36.4646,37.2405,36.4189,36.4646,3468400
2001-03-19,37.1766,37.9706,36.5559,36.5559,1958700
2001-03-20,37.6968,38.6096,37.2495,37.3773,1671300
2001-03-21,36.6015,37.8337,36.1816,37.3317,1709100
2001-03-22,35.6887,36.4554,34.5934,36.4189,2579000
2001-03-23,36.0539,37.0579,34.8216,35.8257,1834900
2001-03-26,36.9118,37.2861,36.3733,36.5102,2183500
2001-03-27,36.492,37.6147,36.0539,37.5599,2879100
2001-03-28,35.4149,36.492,35.3419,36.492,1805500
2001-03-29,33.1239,35.0498,32.5854,34.9311,5639300
2001-03-30,33.1422,33.8176,32.9961,33.2699,3640600
2001-04-02,31.3166,32.8592,30.5773,32.8136,3496200
2001-04-03,29.984,31.8186,29.6189,31.3531,3567600
2001-04-04,30.8511,31.8095,30.4404,30.5773,3470300
2001-04-05,31.9647,32.1746,30.3126,30.8511,2788000
2001-04-06,31.4901,32.3572,30.8511,31.9647,2605300
2001-04-09,32.4667,32.9048,31.8643,31.992,1802500
2001-04-10,32.8592,33.0417,31.7456,32.8592,3287000
2001-04-11,32.4758,33.3156,32.4028,32.8683,2594300
2001-04-12,32.0833,32.8592,31.992,32.8136,2829900
2001-04-16,32.4941,32.8592,32.0833,32.4484,1831800
2001-04-17,33.133,33.133,31.7182,32.4484,2420200
2001-04-18,31.627,33.0417,31.0337,33.0417,3608200
2001-04-19,30.5499,31.8095,30.0753,31.627,3774300
2001-04-20,31.6726,31.7182,30.5316,31.1706,3661900
2001-04-23,32.8592,33.0691,32.5123,32.8136,2536100
2001-04-24,33.0965,33.2608,32.631,32.631,2722500
2001-04-25,33.0691,33.2243,31.992,32.2202,2165400
2001-04-26,35.1411,35.3237,33.6898,34.0001,4819200
2001-04-27,35.5062,35.8257,34.8216,35.5975,3327400
2001-04-30,35.8622,36.0995,34.9585,35.5062,2233100
2001-05-01,34.7577,35.8257,34.5022,35.5975,2024800
2001-05-02,32.5762,34.3653,32.4028,34.3653,3310400
2001-05-03,32.3415,33.0765,31.8821,32.8927,3751600
2001-05-04,33.0765,33.0857,32.415,32.709,2476100
2001-05-07,32.6171,33.7564,32.2312,33.2603,2101500
2001-05-08,32.9663,33.1133,32.2128,32.6171,1987900
2001-05-09,33.9953,34.032,33.0765,33.0765,2086100
2001-05-10,34.0045,34.3628,33.6461,33.9953,3359600
2001-05-11,33.5175,34.0872,33.4532,33.9953,1163100
2001-05-14,34.565,34.6844,33.5359,33.5359,1332000
2001-05-15,35.9248,36.0166,34.7119,35.1438,2655200
2001-05-16,36.2923,36.522,35.3551,35.4654,3113300
2001-05-17,37.2295,37.5418,36.0626,36.0626,2374800
2001-05-18,37.404,37.9277,37.1835,37.2387,2659800
2001-05-21,38.1299,38.1758,37.0273,37.6245,2745800
2001-05-22,37.5235,37.7807,36.9354,37.7164,1844800
2001-05-23,36.2923,37.1008,35.9707,37.0916,1860800
2001-05-24,35.3735,36.2464,34.8222,36.2464,2848100
2001-05-25,36.2923,36.5588,35.4654,35.4837,1821600
2001-05-29,36.035,36.7517,35.7869,36.522,2041900
2001-05-30,35.4929,36.3382,34.8682,36.2647,1531800
2001-05-31,36.2004,36.522,34.7487,35.5021,1987500
2001-06-01,36.0166,36.476,35.5113,36.2004,1045300
2001-06-04,36.3841,37.1192,36.0626,36.4301,2086000
2001-06-05,36.1453,36.476,35.7593,36.2004,2251300
2001-06-06,35.0795,35.8329,34.7854,35.7869,2764800
2001-06-07,34.2985,35.0519,34.0688,34.9141,1440500
2001-06-08,34.1055,34.225,33.5359,33.9953,2453800
2001-06-11,33.9953,34.5741,33.6737,34.4547,1813300
2001-06-12,34.6844,34.8498,33.9953,34.1331,1805100
2001-06-13,35.3551,36.2004,34.9141,35.8329,2879700
2001-06-14,34.7579,35.4654,34.5098,35.1897,2337000
2001-06-15,35.3827,36.0166,34.7303,34.9049,3817000
2001-06-18,34.9141,35.9248,34.8222,35.1897,1822100
2001-06-19,35.0427,35.1438,34.1699,35.006,1911400
2001-06-20,34.372,36.0534,34.2709,35.0519,2276500
2001-06-21,33.1684,34.8222,32.4333,34.372,3595700
2001-06-22,33.0949,33.9034,32.0107,33.7656,2729900
2001-06-25,32.6906,33.6278,32.3415,33.2603,2445800
2001-06-26,34.032,34.225,32.5252,32.7549,1768400
2001-06-27,32.0199,33.8115,32.0199,33.8024,2237000
2001-06-28,31.1378,31.8361,30.4487,31.6064,3471900
2001-06-29,30.7795,31.7902,30.5039,31.6064,4145400
2001-07-02,30.265,31.4227,30.0444,31.4227,3482600
2001-07-03,30.2742,30.6693,30.1364,30.265,2618800
2001-07-05,30.4395,30.9816,29.8607,30.7795,3648600
2001-07-06,30.1088,30.7703,29.7688,30.6876,3581000
2001-07-09,29.5024,30.3661,28.9879,30.3661,2962100
2001-07-10,29.6677,30.4855,29.1716,29.4932,3300500
2001-07-11,29.3094,29.4748,28.115,29.2175,3580200
2001-07-12,28.4825,29.8148,28.2528,29.3186,3780400
2001-07-13,29.0338,29.8607,28.0231,28.4917,2678900
2001-07-16,27.8486,29.5851,27.4718,29.0797,3967100
2001-07-17,27.9588,28.6295,27.5178,28.4825,4709700
2001-07-18,28.6846,29.2175,27.38,27.6556,4321700
2001-07-19,29.5483,29.6126,28.4825,28.8041,2402800
2001-07-20,30.5039,30.5957,29.7688,29.9067,4374000
2001-07-23,30.9449,31.2573,30.1272,31.193,1815600
2001-07-24,30.3752,30.7703,29.6677,30.7703,2411200
2001-07-25,31.3492,31.5973,29.9985,30.7795,2318700
2001-07-26,32.8927,32.9387,32.0199,32.1577,4170900
2001-07-27,33.2327,33.4256,32.1026,33.0765,1986500
2001-07-30,33.15,33.8391,32.8927,33.444,1525800
2001-07-31,32.6906,33.9953,28.4825,33.5175,2391100
2001-08-01,31.5329,33.4348,31.487,33.3981,3520400
2001-08-02,32.249,32.6561,31.3887,31.916,2425800
2001-08-03,32.0362,32.6098,31.8235,32.249,1235800
2001-08-06,31.6292,32.7023,31.3887,32.0085,1993400
2001-08-07,31.0834,31.8975,31.0371,31.7772,1389300
2001-08-08,29.7235,31.4534,29.4552,31.3609,1907700
2001-08-09,30.1675,30.4358,29.2332,29.742,1706700
2001-08-10,30.8891,31.1759,30.3063,30.5283,2779700
2001-08-13,30.6486,31.1944,30.5283,30.9909,2156100
2001-08-14,31.2314,31.2684,30.7596,30.9724,2092600
2001-08-15,32.8503,33.0261,31.3332,31.3332,3797100
2001-08-16,32.5543,33.3036,31.6385,33.3036,2037000
2001-08-17,32.1473,32.8411,31.5922,32.8411,1792300
2001-08-20,31.694,32.1473,31.3609,31.4997,1583800
2001-08-21,32.3138,32.6098,31.6385,31.694,1869800
2001-08-22,32.175,33.5164,31.6107,33.3036,3480000
2001-08-23,31.3609,32.2398,30.9909,32.175,1765300
2001-08-24,30.9631,31.5459,30.7041,31.2684,1405100
2001-08-27,31.1296,31.4349,30.9909,31.2684,2341500
2001-08-28,31.1112,31.3609,30.5283,31.2684,3181100
2001-08-29,30.8799,31.4072,30.5376,31.2962,2539200
2001-08-30,30.1583,31.2221,29.6032,31.0834,3630200
2001-08-31,30.4728,30.7596,30.1583,30.1675,1808300
2001-09-04,31.4534,31.9623,30.8521,30.8521,1806200
2001-09-05,31.4164,32.0085,30.5839,31.4904,2006300
2001-09-06,31.9345,32.1102,31.1296,31.4164,1665600
2001-09-07,31.4072,31.9252,31.0187,31.4534,1188300
2001-09-10,31.9623,32.027,31.0187,31.1759,1016500
2001-09-17,31.3609,33.2111,30.7133,32.5173,2323000
2001-09-18,29.779,30.6763,29.7235,30.6671,2688200
2001-09-19,26.7817,28.9094,25.4403,28.4931,4601100
2001-09-20,26.2173,26.9204,25.6253,25.9028,4093100
2001-09-21,26.5966,27.6235,24.9777,26.2266,3503900
2001-09-24,25.5975,26.4671,24.9777,26.4579,2750400
2001-09-25,24.8019,25.6253,24.2376,25.3015,3698300
2001-09-26,24.3209,24.8389,23.8306,24.8112,4043500
2001-09-27,25.209,25.3477,23.9601,24.4226,2853600
2001-09-28,26.7817,27.198,25.6068,25.6253,2457300
2001-10-01,26.4579,26.8834,25.4495,26.5966,1903400
2001-10-02,26.6429,27.0499,26.0416,26.8279,2969100
2001-10-03,26.8649,27.3274,25.4403,26.3654,2833000
2001-10-04,28.7891,29.6032,27.4293,27.6605,2894600
2001-10-05,28.4931,29.2332,27.753,28.8631,1590100
2001-10-08,28.5578,29.2055,27.4293,28.4931,2253400
2001-10-09,28.7521,29.1407,28.0768,28.5578,1696800
2001-10-10,30.6208,30.6208,28.9556,29.1869,2032100
2001-10-11,30.2323,31.1667,29.705,30.6486,2002100
2001-10-12,30.0103,30.6208,29.0759,30.2323,2089200
2001-10-15,28.7799,30.1583,28.3174,29.6032,2020600
2001-10-16,29.4089,29.964,28.3266,28.7799,2616200
2001-10-17,30.4913,30.6486,29.6217,29.7883,4154300
2001-10-18,28.9464,30.4451,28.5116,30.4358,2283700
2001-10-19,29.5015,29.8622,28.0861,28.9556,3207000
2001-10-22,30.3618,30.5191,29.0019,29.6957,2001700
2001-10-23,30.9076,31.8142,29.7883,30.371,2003600
2001-10-24,30.5931,31.1296,29.7142,30.7133,2195600
2001-10-25,32.397,32.5081,30.3896,30.4358,1675300
2001-10-26,34.0067,34.2287,32.6561,32.6561,4015200
2001-10-29,34.8763,35.3296,33.5812,34.0437,4366400
2001-10-30,33.8495,34.3675,33.7107,34.3212,4183500
2001-10-31,33.1464,34.2287,32.8411,33.8587,3684100
2001-11-01,33.9879,34.3604,32.5911,33.8016,2387500
2001-11-02,32.3862,33.6806,32.0603,33.6154,2782700
2001-11-05,31.6413,33.0101,31.4271,32.6842,1756500
2001-11-06,31.6693,31.9114,30.5332,30.9615,2123200
2001-11-07,32.4887,32.917,31.0826,31.334,2483300
2001-11-08,33.6433,34.3045,32.9077,32.9636,2032200
2001-11-09,34.6769,35.4312,34.1927,34.6397,3154100
2001-11-12,34.6304,35.245,33.5223,34.3138,2080400
2001-11-13,34.8073,35.8409,34.081,34.826,2638900
2001-11-14,32.5911,34.3604,32.1162,33.5223,3807700
2001-11-15,28.5405,30.5239,28.0749,30.2632,8469400
2001-11-16,29.2389,29.2389,27.9725,28.5405,6199900
2001-11-19,28.8664,29.3599,27.9445,28.8664,4388400
2001-11-20,31.3806,31.5668,29.332,29.332,3982700
2001-11-21,30.17,31.7996,30.1235,31.3899,2640500
2001-11-23,30.3749,30.7474,29.1085,29.332,1917100
2001-11-26,30.2911,30.9336,29.6951,30.3097,2818900
2001-11-27,30.7474,31.362,29.7045,29.8907,2431900
2001-11-28,30.1049,30.915,29.9373,30.3097,2788000
2001-11-29,30.7194,30.766,29.6951,30.6822,1524500
2001-11-30,30.7008,31.1944,30.3563,31.0081,1977600
2001-12-03,31.7065,32.4514,30.2911,30.4773,2416700
2001-12-04,32.9077,33.0567,31.1478,32.3956,2813600
2001-12-05,34.2207,34.7887,33.7551,33.7551,4144500
2001-12-06,32.7494,33.9972,32.6097,33.9879,2525000
2001-12-07,32.0045,32.2466,31.2502,32.1255,5082900
2001-12-10,31.3247,31.9858,30.8778,30.9615,2808700
2001-12-11,31.2595,31.4737,30.6357,31.1012,2431000
2001-12-12,31.185,31.334,30.4959,31.2595,2151700
2001-12-13,31.3713,31.6134,30.6357,31.064,2470100
2001-12-14,32.3304,32.6842,30.9802,31.4737,1907100
2001-12-17,31.7344,32.6749,31.2875,32.2186,1994100
2001-12-18,31.7065,32.2186,31.5389,31.7344,2230000
2001-12-19,33.1685,33.3174,31.8462,32.0045,2420800
2001-12-20,32.8891,33.6992,32.5073,33.2616,2208600
2001-12-21,32.9077,33.2429,32.3304,32.7774,2512200
2001-12-24,33.4664,33.783,32.917,32.9356,636000
2001-12-26,34.649,35.1984,33.8482,33.8482,2386500
2001-12-27,34.3976,34.8353,33.8948,34.649,1667000
2001-12-28,34.3976,35.3847,34.2766,34.8446,1393500
2001-12-31,33.9599,34.7701,33.9506,34.3976,1297900
2002-01-02,33.1125,33.5223,32.4514,33.5223,1894800
2002-01-03,32.4235,33.5223,31.9858,32.5353,2552600
2002-01-04,32.7774,33.513,32.4328,32.8239,3413100
2002-01-07,32.6935,33.3826,32.3862,32.5911,1852700
2002-01-08,32.051,32.5725,31.7531,32.498,1477200
2002-01-09,31.6227,31.9393,31.0546,31.3806,3161400
2002-01-10,31.2409,31.6227,30.8218,31.6134,2017000
2002-01-11,30.0117,31.0174,29.9745,30.8218,1958500
2002-01-14,28.9595,30.0583,28.8664,29.4624,2869900
2002-01-15,30.1235,30.5798,29.3506,29.4716,2453000
2002-01-16,28.9595,29.9932,28.9595,29.5182,2214400
2002-01-17,28.8478,29.4344,28.4008,29.332,2873600
2002-01-18,29.4624,29.6113,28.9223,29.5648,1976700
2002-01-22,29.1458,30.198,29.0899,29.7976,1573800
2002-01-23,30.7008,30.8033,29.2855,29.5182,2061200
2002-01-24,31.1944,31.511,30.468,30.6357,2088200
2002-01-25,32.2373,32.917,31.5203,31.6599,2591200
2002-01-28,31.0454,32.3024,30.9243,32.1069,2641900
2002-01-29,30.2632,30.9615,29.9186,30.6822,1832600
2002-01-30,31.6786,31.7717,29.7603,29.8721,2194100
2002-01-31,32.7774,33.1219,31.6227,31.6786,3284500
2002-02-01,32.5632,33.3361,32.3862,32.5446,4324400
2002-02-04,32.1814,32.6284,31.781,32.5632,3611900
2002-02-05,32.0231,32.3956,31.2875,32.1255,3188500
2002-02-06,31.9207,32.7308,31.6227,32.0324,2149000
2002-02-07,31.1362,32.055,30.93,31.9988,2549600
2002-02-08,31.0799,31.4081,30.7893,31.3612,2543900
2002-02-11,32.3457,32.5801,30.7799,31.0893,2256800
2002-02-12,31.8581,32.6269,31.7831,32.1581,1750200
2002-02-13,31.8581,32.1675,31.2675,31.8769,2497600
2002-02-14,31.98,32.8051,31.5956,32.4863,2392400
2002-02-15,32.2613,32.6738,31.6519,32.4863,1831600
2002-02-19,31.83,32.3457,30.9862,31.9706,1595300
2002-02-20,31.8769,32.1581,31.4644,31.7175,1555500
2002-02-21,32.7676,32.9832,32.3644,32.4394,3531800
2002-02-22,32.9551,33.6582,32.4957,32.8144,2954800
2002-02-25,33.752,33.9301,33.0957,33.2832,3281200
2002-02-26,33.5645,34.0895,33.2363,34.0333,3320200
2002-02-27,32.9269,33.9301,32.7301,33.752,2200200
2002-02-28,33.1051,33.8364,32.9551,33.1895,2566300
2002-03-01,33.8457,33.9301,33.002,33.8457,2354000
2002-03-04,35.2146,35.7209,33.677,33.8457,3632400
2002-03-05,35.1677,35.6271,34.7646,35.3927,1616800
2002-03-06,36.0959,36.1428,34.2208,34.5958,2697700
2002-03-07,35.4021,37.446,35.299,36.9397,2869300
2002-03-08,35.3083,35.5802,34.8114,35.4115,3519600
2002-03-11,35.749,36.5084,35.4865,35.7209,2898500
2002-03-12,36.9115,37.0335,35.2052,35.374,2371900
2002-03-13,35.5333,37.4554,35.524,37.221,2565200
2002-03-14,35.1584,35.3927,34.5489,35.299,1909900
2002-03-15,35.8428,36.0021,35.0833,35.2521,2696200
2002-03-18,36.6678,36.8272,35.4865,35.9552,1422400
2002-03-19,36.9585,37.1272,36.3678,36.7522,2560000
2002-03-20,36.3303,37.3897,36.3303,36.5647,2140700
2002-03-21,36.8459,37.2022,36.049,36.3303,1652300
2002-03-22,34.4552,35.7209,34.3614,35.4865,4705500
2002-03-25,34.9146,35.7677,34.2208,34.2208,2625600
2002-03-26,35.1584,35.4021,34.277,34.9708,1975100
2002-03-27,35.8146,36.124,35.1864,35.374,2711400
2002-03-28,35.8615,36.0865,35.2521,35.5333,1530600
2002-04-01,34.8958,35.9177,34.352,35.599,3409300
2002-04-02,34.7365,35.5802,34.5489,34.8958,3500800
2002-04-03,33.6957,34.3989,33.4707,34.3145,2949100
2002-04-04,33.3863,34.3052,33.1895,33.752,3409800
2002-04-05,32.6738,34.0051,32.2519,33.9864,3097900
2002-04-08,32.7207,34.3052,32.4207,33.752,2314300
2002-04-09,32.4582,32.7207,32.0175,32.2519,2205800
2002-04-10,33.3863,33.4707,32.1113,32.2988,3336400
2002-04-11,33.1426,33.8926,32.9551,33.2832,2246800
2002-04-12,31.6425,32.9645,31.0987,32.9551,3688100
2002-04-15,32.6082,33.1144,32.5332,32.7207,2386100
2002-04-16,33.9676,34.3145,32.7769,33.1426,2660400
2002-04-17,34.5302,35.0458,34.3427,34.6896,2295300
2002-04-18,34.8489,35.149,33.677,34.2208,2765100
2002-04-19,34.6708,34.8958,33.9864,34.8489,2200100
2002-04-22,34.6896,35.1021,34.2395,34.6708,1886500
2002-04-23,34.8771,35.0646,34.1458,34.1739,2035900
2002-04-24,34.8302,34.9708,33.9489,33.9864,2317500
2002-04-25,35.3365,35.8052,34.4083,34.8302,2363900
2002-04-26,35.8615,36.0021,35.3365,36.0021,2665000
2002-04-29,35.6084,36.2834,35.5615,35.8428,2286400
2002-04-30,35.3271,35.9177,35.1302,35.8146,2071500
2002-05-01,36.0021,36.3772,34.8114,34.9708,2596500
2002-05-02,36.6369,36.7218,35.7313,36.1087,2775300
2002-05-03,36.2785,37.2029,35.8068,36.6841,3222900
2002-05-06,34.8164,35.7597,34.8164,35.5616,2991900
2002-05-07,34.3636,35.1843,34.241,34.6843,2357900
2002-05-08,35.9389,36.1936,34.8353,34.8353,1577900
2002-05-09,34.7975,35.8446,34.6655,35.6087,1613200
2002-05-10,35.0239,35.3446,34.7786,35.0899,1687700
2002-05-13,35.3541,35.5144,34.5617,34.6655,2355900
2002-05-14,35.3541,36.3162,35.0899,36.3162,2839400
2002-05-15,33.9203,35.071,33.9203,34.9485,2879200
2002-05-16,34.7692,34.9107,34.1278,34.1278,2092800
2002-05-17,33.6184,34.6277,33.4486,34.6183,2166900
2002-05-20,33.5807,34.1278,33.2505,33.6184,1420800
2002-05-21,33.1373,33.8354,33.1373,33.5807,1493300
2002-05-22,34.1372,34.2033,32.9204,33.0147,1958800
2002-05-23,34.7503,35.1843,34.241,34.4296,2983400
2002-05-24,34.4768,34.7126,33.9108,34.6183,1543200
2002-05-28,34.3447,34.807,34.1184,34.4296,1325100
2002-05-29,34.4957,34.8258,33.5995,34.0523,1511600
2002-05-30,34.241,34.4957,33.7222,33.7222,1739200
2002-05-31,34.5711,34.939,33.826,34.4296,1504800
2002-06-03,33.2882,34.5994,33.1845,34.524,1508400
2002-06-04,33.4863,33.9108,32.694,33.392,1777900
2002-06-05,33.0619,33.1091,32.1658,33.0147,2200100
2002-06-06,32.8072,33.958,32.4016,33.5335,2698100
2002-06-07,33.7033,34.807,32.2129,32.8072,2407100
2002-06-10,32.9581,33.9957,32.8072,33.4769,1351100
2002-06-11,31.5809,33.1279,31.4583,32.9487,2408700
2002-06-12,32.4393,32.4959,31.5621,32.0243,3035100
2002-06-13,33.2317,33.7222,31.8828,32.4487,2163800
2002-06-14,33.326,33.5618,32.2601,33.1562,1567600
2002-06-17,34.3259,34.5617,33.8071,33.8637,2155400
2002-06-18,33.8448,34.4674,33.5335,34.241,1339100
2002-06-19,33.0147,33.8448,32.7883,33.4015,2997300
2002-06-20,33.1562,33.7128,32.9393,33.4863,2099200
2002-06-21,32.4582,33.6278,31.996,33.1657,3135200
2002-06-24,32.8072,33.1373,32.0714,32.4582,2195100
2002-06-25,32.4865,33.7222,32.477,33.4863,1648000
2002-06-26,32.128,32.3355,31.3263,31.8356,2783500
2002-06-27,31.8167,32.5336,31.4583,32.3544,1934700
2002-06-28,31.4017,32.4016,31.3357,31.4111,2854700
2002-07-01,30.666,31.7885,30.5622,31.4111,2344100
2002-07-02,29.8075,30.8452,29.6378,30.666,3016800
2002-07-03,30.6093,30.7131,28.8265,29.6661,2816900
2002-07-05,31.4111,31.4772,30.8546,30.9207,783800
2002-07-08,29.9679,31.2697,29.7698,30.8452,1919400
2002-07-09,30.1189,30.3264,29.2416,29.2416,2760800
2002-07-10,29.1473,30.9961,28.9586,30.6565,2225600
2002-07-11,28.6096,29.1378,27.355,29.1378,2949700
2002-07-12,27.8456,28.9775,27.355,28.9114,2890800
2002-07-15,26.9683,28.0814,25.4685,27.8456,4420300
2002-07-16,27.2701,27.7418,26.2703,26.6004,3480900
2002-07-17,27.4871,28.5247,27.0437,27.8267,1816800
2002-07-18,27.421,28.2983,27.289,27.6852,1780300
2002-07-19,25.9401,27.1664,25.7703,26.9777,2509200
2002-07-22,24.629,26.6476,24.478,25.61,3310900
2002-07-23,23.5253,25.1855,23.3932,24.5252,2612900
2002-07-24,25.4685,25.676,23.0537,23.2046,2727100
2002-07-25,25.2232,26.2231,24.4686,25.4685,2230400
2002-07-26,25.0534,26.0816,24.4214,24.9968,2534400
2002-07-29,26.657,26.7419,25.2798,25.2798,2184800
2002-07-30,26.3174,26.8739,25.9401,26.4118,3064200
2002-07-31,25.2798,26.6947,25.0157,26.6947,3897100
2002-08-01,24.3782,25.777,24.2831,24.9301,2850800
2002-08-02,22.7511,24.4828,22.4941,24.3782,4470700
2002-08-05,21.6949,22.8843,21.5046,22.7511,3935600
2002-08-06,22.5893,23.046,22.0089,22.1706,2648900
2002-08-07,22.8081,22.8652,21.5046,22.8081,3484900
2002-08-08,24.0547,24.2735,22.694,22.8081,2822400
2002-08-09,24.9681,25.3773,23.1887,23.5313,1891300
2002-08-12,25.1204,25.7199,23.8453,24.3592,2227500
2002-08-13,24.6065,25.6437,24.559,25.2155,2255600
2002-08-14,26.3574,26.3955,24.597,25.2631,3447100
2002-08-15,29.0883,29.0978,26.3574,26.3574,4977800
2002-08-16,28.013,28.7362,27.6895,28.4983,3487100
2002-08-19,28.5459,28.6315,26.9854,27.8037,2488700
2002-08-20,26.8331,28.2604,26.4715,28.0891,3062100
2002-08-21,26.6428,26.9093,25.834,26.5477,2612800
2002-08-22,28.1748,28.4793,26.6428,26.9283,3170000
2002-08-23,27.4802,28.4317,27.4707,27.6895,1454400
2002-08-26,27.8227,28.1177,27.1186,27.5944,1820400
2002-08-27,27.1566,28.289,26.8807,28.0606,1759900
2002-08-28,26.6428,27.1947,26.2622,27.0995,1522000
2002-08-29,25.8531,26.6428,25.5105,25.9768,2435200
2002-08-30,26.167,26.8522,25.8816,25.9672,1885300
2002-09-03,25.1109,25.834,24.7683,25.834,2499800
2002-09-04,25.4915,25.6723,24.2355,25.3297,2905000
2002-09-05,24.9681,25.7484,24.7112,25.1204,2189600
2002-09-06,25.8055,26.0719,25.4058,25.6913,1406000
2002-09-09,26.5477,26.738,25.2155,25.8816,2523200
2002-09-10,27.2518,27.4992,26.6428,26.757,1654400
2002-09-11,26.8236,27.7751,26.8236,27.6895,1223700
2002-09-12,26.3288,27.2518,26.167,26.9759,2034100
2002-09-13,26.9473,27.2994,25.9292,26.3288,1548200
2002-09-16,27.2518,27.7086,26.6238,26.738,2086600
2002-09-17,26.2908,26.9759,25.9863,26.776,1882300
2002-09-18,26.3669,27.09,25.834,26.5191,1739900
2002-09-19,26.2241,26.9759,26.0339,26.3764,3461300
2002-09-20,26.0339,26.8141,25.7103,26.3955,2674000
2002-09-23,25.9006,26.5477,25.6628,26.1766,1923500
2002-09-24,24.854,26.167,24.7398,25.6913,2301000
2002-09-25,26.2432,26.3288,24.597,25.2631,2677400
2002-09-26,28.2034,28.3746,26.2337,26.2432,3477700
2002-09-27,27.5753,28.584,27.4707,28.1938,2616500
2002-09-30,27.6229,27.8988,26.6048,27.4041,3170400
2002-10-01,28.3651,28.3746,27.0995,27.68,2217200
2002-10-02,27.6514,28.6886,27.4707,28.3746,2875800
2002-10-03,27.4611,28.6886,27.0615,27.8323,3054000
2002-10-04,27.1091,27.975,26.5191,27.6895,1806500
2002-10-07,26.1195,27.0615,25.9292,26.8807,2579600
2002-10-08,25.815,26.5572,24.892,26.0719,2999200
2002-10-09,25.225,26.1576,25.187,25.6532,2081700
2002-10-10,25.6818,25.7864,24.3592,25.4629,2386900
2002-10-11,26.0529,26.3859,25.7579,25.8816,2369800
2002-10-14,26.9378,26.9378,25.7389,26.2146,1885500
2002-10-15,27.5944,27.9274,26.9759,27.0424,2051100
2002-10-16,26.5477,27.7371,26.0148,27.7371,2668000
2002-10-17,27.2899,27.3089,26.776,26.776,2613000
2002-10-18,26.8236,27.5468,26.5191,27.5468,2484800
2002-10-21,26.9093,27.071,26.1005,27.071,2464200
2002-10-22,26.3859,27.1662,26.0719,27.1662,2203500
2002-10-23,27.071,27.3089,26.4715,26.5953,3162100
2002-10-24,27.9084,28.5459,27.3565,27.3565,4205400
2002-10-25,27.1186,29.4974,26.757,28.2604,2389600
2002-10-28,27.699,28.4317,26.9093,27.3565,2436800
2002-10-29,26.9664,27.8988,26.8046,27.8988,2634100
2002-10-30,28.0606,28.2129,27.2899,27.2899,3193200
2002-10-31,27.6419,28.5459,27.4516,28.2604,1888600
2002-11-01,28.9741,29.0597,27.2518,27.6419,1839300
2002-11-04,28.4603,29.3547,28.2985,29.3071,2423500
2002-11-05,29.2024,29.212,27.9274,28.4603,2608600
2002-11-06,30.1635,30.3538,29.3452,29.6211,3297300
2002-11-07,29.0312,30.4014,29.0217,30.2586,1810300
2002-11-08,29.2596,29.6402,29.0217,29.0407,1576300
2002-11-11,28.7743,29.6782,28.7552,29.2976,1485700
2002-11-12,28.7933,29.2596,28.584,29.212,1185700
2002-11-13,27.9084,29.3071,27.5944,28.7838,2295500
2002-11-14,28.8123,28.8504,27.975,28.1177,1984100
2002-11-15,28.8694,29.0121,28.1748,28.8218,1460000
2002-11-18,28.7838,29.212,28.3175,29.1549,1166900
2002-11-19,28.4983,29.1549,28.4412,28.7933,994200
2002-11-20,29.6116,29.8305,28.5459,28.5459,1389000
2002-11-21,30.2777,30.6773,29.6211,29.6211,1364900
2002-11-22,29.9637,30.3538,29.4594,30.3538,1500900
2002-11-25,30.2301,30.3824,29.6877,30.2586,1727700
2002-11-26,29.5545,30.2111,29.545,29.6402,1360800
2002-11-27,30.2491,30.3253,29.6497,30.0303,1064900
2002-11-29,31.1531,31.2578,30.5536,30.801,978800
2002-12-02,32.2283,32.352,31.0865,31.3434,1619700
2002-12-03,32.0666,32.7041,31.7335,32.2569,2132400
2002-12-04,31.2007,31.4956,30.9247,31.2197,1438300
2002-12-05,30.6012,31.6098,30.5632,31.2102,2223600
2002-12-06,31.6098,31.8001,30.2682,30.6012,1546800
2002-12-09,30.9247,32.0856,30.8391,31.6574,1626600
2002-12-10,31.0294,31.3244,30.3062,30.782,1803500
2002-12-11,30.9818,31.5337,30.4109,31.0389,1965800
2002-12-12,31.6669,31.8382,30.8771,31.0865,2897600
2002-12-13,31.2673,31.8762,31.0865,31.5051,1968500
2002-12-16,31.8287,31.8287,31.2768,31.4005,2293800
2002-12-17,30.9247,31.9619,30.7915,31.8382,1451700
2002-12-18,30.8771,31.2768,30.3443,30.9247,1774800
2002-12-19,30.4585,31.3529,30.449,30.8771,2251600
2002-12-20,31.9714,31.9714,30.4775,30.9247,2483500
2002-12-23,32.2664,32.3235,31.3053,31.7811,1457600
2002-12-24,31.8762,32.333,31.7526,32.3044,434100
2002-12-26,31.41,32.2283,31.3149,31.8287,687100
2002-12-27,30.6583,31.705,30.5917,31.41,1079600
2002-12-30,30.4394,31.2863,30.3538,31.0199,1372100
2002-12-31,30.6297,30.6583,30.0493,30.449,1067500
2003-01-02,31.7621,31.8762,30.8771,31.115,1769700
2003-01-03,30.9723,31.9619,30.9628,31.6859,1476000
2003-01-06,30.468,30.9723,30.449,30.9057,1954400
2003-01-07,29.0883,30.4775,28.7267,30.4775,2753500
2003-01-08,28.8789,29.3832,28.5174,28.7362,2233800
2003-01-09,29.4498,29.545,29.0026,29.1263,2618500
2003-01-10,29.1454,29.5735,28.8028,29.0312,1787400
2003-01-13,28.8028,28.9741,28.308,28.9646,2025700
2003-01-14,28.3746,29.0217,28.1177,28.4983,2270000
2003-01-15,28.6791,28.9265,28.4127,28.6886,4292400
2003-01-16,29.8305,29.8685,28.8123,28.9075,3325100
2003-01-17,29.4879,29.7543,29.1168,29.5926,1675900
2003-01-21,28.4127,29.4974,28.3556,29.4974,1472000
2003-01-22,28.8314,29.0883,27.4992,28.4222,2975100
2003-01-23,29.3357,29.4498,28.5935,28.8409,1743000
2003-01-24,28.4888,29.4974,28.1653,29.3071,1805300
2003-01-27,27.1471,28.327,26.9473,28.1177,1789200
2003-01-28,27.8323,28.2604,27.3089,27.3755,1743500
2003-01-29,28.603,28.6981,27.3089,27.8418,2140000
2003-01-30,28.2985,29.4689,28.2985,28.6125,2152500
2003-01-31,28.7933,29.0883,28.0701,28.1177,1639200
2003-02-03,29.1929,29.4974,28.5649,28.8028,1646400
2003-02-04,29.7543,29.9256,28.6791,29.2024,1835600
2003-02-05,30.2301,30.4299,29.8114,30.1159,3252800
2003-02-06,30.5675,30.8455,30.0978,30.4621,2161400
2003-02-07,29.7144,30.9414,29.7144,30.8167,2086600
2003-02-10,30.3758,30.3758,29.6569,29.724,1806800
2003-02-11,30.2416,30.8551,30.0595,30.7688,1589900
2003-02-12,29.4173,30.5579,29.2352,30.0978,1772600
2003-02-13,28.0754,29.4748,27.7686,29.4269,4271100
2003-02-14,28.1808,28.5163,27.9124,28.0754,2595400
2003-02-18,28.7463,28.823,27.8453,28.1808,2657400
2003-02-19,28.8613,28.9093,28.5738,28.7559,2295500
2003-02-20,29.1393,29.8391,28.5163,28.9476,2406300
2003-02-21,29.7336,30.0116,29.0626,29.2352,2113400
2003-02-24,30.3375,30.4142,29.4556,29.7432,2288400
2003-02-25,29.887,31.9191,29.6761,30.7688,4163500
2003-02-26,30.1553,30.7209,29.887,30.002,2380900
2003-02-27,29.7911,30.5771,29.5802,30.1553,2600700
2003-02-28,29.7336,30.3758,29.4748,29.8486,2044600
2003-03-03,29.331,29.8678,29.2256,29.7336,1976200
2003-03-04,29.1297,29.5227,28.938,29.4652,1692300
2003-03-05,29.0722,29.4364,28.7559,29.2352,1842700
2003-03-06,29.4364,29.5323,28.7847,28.9668,2528400
2003-03-07,29.2639,29.7144,29.0051,29.0435,1966000
2003-03-10,28.5067,29.7336,28.4012,29.7336,1724700
2003-03-11,28.0178,28.8517,27.9603,28.3725,2075200
2003-03-12,27.3181,27.9795,27.0881,27.8453,3262700
2003-03-13,27.7303,28.037,27.2318,27.9411,2469700
2003-03-14,27.7974,27.9795,27.414,27.7303,2353700
2003-03-17,27.9315,28.3533,27.5673,27.7974,3037300
2003-03-18,28.938,28.9476,27.414,27.9315,3663000
2003-03-19,28.8805,29.3214,28.5834,29.1681,2515100
2003-03-20,29.5131,29.772,28.6217,28.8805,2939600
2003-03-21,28.8997,29.5227,28.7367,29.5227,3322900
2003-03-24,28.3054,29.4748,28.2191,28.9093,2039500
2003-03-25,28.593,28.9955,28.3917,28.5163,2025700
2003-03-26,28.3629,29.1681,28.1903,28.593,1478800
2003-03-27,29.1489,29.5227,28.4012,28.5642,2907300
2003-03-28,29.2927,29.6953,28.9189,28.9476,1474900
2003-03-31,28.6888,29.2927,28.2671,28.2671,1436600
2003-04-01,29.4556,29.5994,28.6026,28.8997,1574300
2003-04-02,29.6185,29.6185,29.0051,29.4556,1737800
2003-04-03,28.593,29.6185,28.5834,29.6185,1846200
2003-04-04,28.8326,29.1585,28.5354,28.9476,1743700
2003-04-07,28.6313,28.938,28.6121,28.8326,1697700
2003-04-08,28.4108,28.7559,28.2958,28.7271,1534700
2003-04-09,28.3821,28.6409,28.1808,28.4492,1403200
2003-04-10,29.1297,29.216,28.5354,28.6409,1982800
2003-04-11,28.5642,29.2352,27.8932,28.1808,3147400
2003-04-14,27.8741,28.6984,27.7111,28.5642,2657400
2003-04-15,26.8484,27.8741,26.8005,27.8741,4226100
2003-04-16,26.0816,27.1264,26.072,26.8484,3155700
2003-04-17,26.5513,26.8388,25.8324,25.9762,3123900
2003-04-21,26.5992,26.858,26.3596,26.6471,2331000
2003-04-22,27.1552,27.3181,26.5513,26.5992,2431100
2003-04-23,27.7015,28.0849,27.3948,27.6536,4609400
2003-04-24,27.5098,27.8932,27.3468,27.7974,1964200
2003-04-25,27.1839,27.7494,27.0305,27.7494,1642900
2003-04-28,27.0593,27.6536,26.8388,27.3181,2047700
2003-04-29,26.8101,27.1647,26.7238,27.0593,2454900
2003-04-30,26.8388,27.2893,26.5513,26.8101,2948000
2003-05-01,26.9756,27.1689,26.6664,27.0626,1954900
2003-05-02,27.3429,27.6425,26.5794,27.1593,1686300
2003-05-05,27.7778,27.9228,27.1882,27.1882,1870800
2003-05-06,27.7488,28.3191,27.6812,27.8841,2244400
2003-05-07,28.1838,28.4544,27.3816,27.7488,2596600
2003-05-08,28.4351,28.7347,28.0195,28.2514,2461200
2003-05-09,28.7444,28.87,28.1838,28.5704,1443300
2003-05-12,28.8507,29.4209,28.3964,28.783,2143800
2003-05-13,28.9667,29.5756,28.3481,28.8507,3610300
2003-05-14,29.3436,29.5369,28.7347,29.0633,2801200
2003-05-15,29.479,29.5949,29.0923,29.4403,1983900
2003-05-16,29.6626,29.7206,28.667,28.8894,2636800
2003-05-19,29.2663,29.6626,29.2566,29.6626,2156300
2003-05-20,29.0923,29.4596,28.899,29.3823,1884800
2003-05-21,30.8321,31.267,28.9184,28.9184,4213700
2003-05-22,30.9287,31.3057,30.2908,30.8417,3251400
2003-05-23,31.4023,31.528,30.7354,30.9287,2219000
2003-05-27,32.1369,32.3592,31.1993,31.325,2435600
2003-05-28,31.8083,32.2142,31.412,32.1369,2213600
2003-05-29,31.0737,31.8083,31.0254,31.8083,3205300
2003-05-30,31.9436,32.1852,31.1993,31.267,1719800
2003-06-02,31.7309,32.1949,31.7019,31.9436,1624500
2003-06-03,31.6053,31.9436,30.9867,31.9436,1484500
2003-06-04,32.1175,32.6201,31.7889,32.5718,2547200
2003-06-05,32.7458,32.7651,31.6536,32.1175,3088100
2003-06-06,32.8811,33.2484,32.5911,32.8134,3130800
2003-06-09,33.2,33.4417,32.3398,32.5718,2355100
2003-06-10,33.5383,33.6446,32.3398,33.2,1821700
2003-06-11,34.7368,34.7562,33.3933,33.5577,2841300
2003-06-12,34.0893,34.9398,33.6253,34.7368,2686500
2003-06-13,33.403,34.0893,32.9584,34.0893,2420000
2003-06-16,33.1807,33.4127,32.5235,33.4127,3091400
2003-06-17,32.8714,33.8766,32.7844,33.0067,2349500
2003-06-18,32.6588,33.026,32.1175,32.8714,4013800
2003-06-19,33.084,33.6736,32.4945,32.6105,2227300
2003-06-20,32.8714,33.7316,32.8038,33.4417,1970700
2003-06-23,32.8714,33.229,32.7168,32.8714,1607900
2003-06-24,32.9004,33.3354,32.7748,32.8811,1362400
2003-06-25,32.9584,33.8863,32.7844,33.026,2054500
2003-06-26,32.7554,33.229,32.3302,32.9101,5089900
2003-06-27,32.5621,33.1324,32.5621,32.7554,1761900
2003-06-30,32.4462,32.9584,32.3398,32.6684,2274700
2003-07-01,32.3592,32.5718,31.8856,32.4462,2714500
2003-07-02,32.3302,33.0744,31.8469,32.3592,2299300
2003-07-03,32.1175,32.9101,31.8276,32.2818,1940100
2003-07-07,31.5956,32.1272,31.4603,32.1272,2395900
2003-07-08,31.8372,32.2722,31.2863,31.5956,1720500
2003-07-09,32.3302,32.6781,31.8469,31.8469,2350900
2003-07-10,31.3926,32.3495,30.9384,32.3398,2754000
2003-07-11,31.7792,31.7986,31.2187,31.3926,1502000
2003-07-14,31.0447,31.8953,30.7934,31.7792,2635000
2003-07-15,30.9867,31.5086,30.7451,31.2187,1484300
2003-07-16,30.5904,31.267,30.3101,30.9867,1572900
2003-07-17,30.9287,31.354,29.7979,30.5904,2541000
2003-07-18,32.0112,32.1465,30.8997,31.2187,2583300
2003-07-21,31.528,32.3882,31.3153,32.0112,1781300
2003-07-22,31.006,32.2529,30.9867,31.528,1661200
2003-07-23,30.6871,31.7116,30.0105,31.412,2507100
2003-07-24,30.4551,31.5086,30.1748,30.6967,2586200
2003-07-25,30.9577,30.9963,30.2425,30.4648,1906100
2003-07-28,30.6967,31.2283,30.3295,30.6185,2870900
2003-07-29,29.7206,30.8031,29.5562,30.4551,2816800
2003-07-30,30.0975,30.1942,29.5369,29.7302,2155200
2003-07-31,30.3585,30.8901,29.5756,30.1072,2103300
2003-08-01,30.5035,30.5904,29.7496,30.0878,1809200
2003-08-04,29.7496,30.5324,29.334,30.5131,2421200
2003-08-05,29.247,30.0395,29.189,29.7785,1567400
2003-08-06,30.0782,30.1942,29.2276,29.5369,2206000
2003-08-07,31.5569,31.5666,29.9719,30.0878,2931500
2003-08-08,31.8276,31.8953,31.1897,31.8662,2586400
2003-08-11,31.8469,32.3108,30.7354,31.8372,2594700
2003-08-12,31.8372,31.9919,31.2863,31.7986,1774200
2003-08-13,31.8953,32.1852,31.4989,31.8372,1282500
2003-08-14,31.8083,32.1272,31.0157,31.9049,2712800
2003-08-15,31.9532,32.2335,31.7019,32.0885,939500
2003-08-18,32.2529,32.3785,31.9629,32.2432,1121200
2003-08-19,32.0982,32.4558,31.8276,32.4558,1021900
2003-08-20,32.6781,32.8327,31.8566,31.9146,1324600
2003-08-21,33.0164,33.1807,32.6684,33.1517,1789700
2003-08-22,32.2529,33.1324,32.2335,33.1227,1356600
2003-08-25,31.9919,32.2818,31.8179,32.1755,1251000
2003-08-26,31.9049,32.0015,31.5183,32.0015,1819700
2003-08-27,31.586,32.4655,31.267,31.9146,2129200
2003-08-28,32.2529,32.5718,31.47,31.5956,3321900
2003-08-29,32.3398,32.3495,31.6053,32.2529,1398100
2003-09-02,31.9242,31.9919,31.3733,31.3733,3541200
2003-09-03,31.7599,32.0402,31.5376,32.0402,2537400
2003-09-04,31.1993,31.8372,30.8804,31.8372,2676600
2003-09-05,30.9867,31.3443,30.4938,31.0254,2097400
2003-09-08,31.4023,31.5956,31.0737,31.122,1892900
2003-09-09,30.6774,31.4023,30.6387,31.4023,2348600
2003-09-10,30.3681,30.9287,30.2328,30.6774,2339100
2003-09-11,30.2038,30.6001,29.9429,30.4938,2090200
2003-09-12,30.1168,30.2232,29.7496,30.2038,1583500
2003-09-15,29.9429,30.3681,29.8075,30.1265,1271700
2003-09-16,30.0009,30.1072,29.8752,29.9525,1833700
2003-09-17,29.6239,30.1362,29.4499,30.0492,1314300
2003-09-18,30.0395,30.2908,29.2276,29.6336,3625800
2003-09-19,30.5808,30.6291,29.7012,30.0878,2940100
2003-09-22,29.8365,30.6387,29.6722,30.5904,3692700
2003-09-23,29.7206,29.9815,29.4886,29.6239,1937300
2003-09-24,29.7979,30.6387,29.5176,30.2908,6429600
2003-09-25,29.334,29.9429,29.102,29.7689,2540300
2003-09-26,28.5994,29.189,28.2611,29.044,3039800
2003-09-29,28.7444,29.073,28.5607,28.6284,2263500
2003-09-30,28.5994,29.0536,28.0968,28.754,2327400
2003-10-01,29.4982,29.6046,28.5511,28.7057,2976100
2003-10-02,29.5562,29.6722,29.2373,29.3823,2348200
2003-10-03,30.0975,30.3778,29.4596,29.7689,2286800
2003-10-06,29.9912,30.4165,29.8655,30.0105,1219300
2003-10-07,29.8559,29.9912,29.2856,29.9912,1968000
2003-10-08,29.9622,30.4165,29.7012,29.7882,1574000
2003-10-09,30.0105,30.2038,29.7785,30.0105,1891200
2003-10-10,30.2328,30.6291,29.7882,29.9622,2511300
2003-10-13,29.7012,30.3005,29.6239,30.2425,1527700
2003-10-14,29.5562,29.8945,29.4306,29.7109,1886700
2003-10-15,29.131,29.5853,28.9764,29.5853,1813700
2003-10-16,29.3629,29.6819,29.0247,29.0343,1467000
2003-10-17,28.9087,29.4112,28.899,29.4112,1804500
2003-10-20,28.8024,29.0527,28.5124,28.9956,2123900
2003-10-21,29.2373,29.4499,28.899,28.899,2758100
2003-10-22,28.2031,29.2373,27.9808,29.2373,4531300
2003-10-23,27.9325,28.754,27.7682,28.754,3541500
2003-10-24,27.2559,27.8455,27.1303,27.8358,2516800
2003-10-27,27.0819,27.6425,27.0732,27.2946,2218100
2003-10-28,27.1979,27.3912,26.821,27.1593,3450400
2003-10-29,26.1928,27.4009,26.0864,27.1979,5979700
2003-10-30,27.0321,27.1101,26.223,26.5155,5222000
2003-10-31,27.5488,27.7632,26.5837,27.0418,3959000
2003-11-03,27.2953,27.6365,27.1881,27.5488,3285436
2003-11-04,27.8607,27.9192,26.8079,27.2953,4974239
2003-11-05,28.1629,28.2214,27.7827,27.8705,2343600
2003-11-06,28.4359,28.5139,27.9192,28.2702,2336300
2003-11-07,28.6406,28.6991,28.2702,28.5626,1919900
2003-11-10,28.3481,28.7576,28.2994,28.6503,2118300
2003-11-11,28.3481,28.3969,27.9972,28.2604,1310600
2003-11-12,28.5723,28.6113,28.1824,28.2312,1308800
2003-11-13,28.7381,28.9525,28.4456,28.7868,2563400
2003-11-14,28.9038,29.1085,28.5821,28.7478,1738300
2003-11-17,28.2702,28.9038,28.1337,28.9038,2108000
2003-11-18,28.0557,28.4554,27.9777,28.3676,3021800
2003-11-19,28.1337,28.2702,27.9095,28.2214,1614200
2003-11-20,28.0264,28.4749,27.968,27.9777,1509100
2003-11-21,27.7827,28.0752,27.539,27.9875,2463600
2003-11-24,27.6463,27.8412,27.3051,27.7827,2045800
2003-11-25,27.6268,27.7827,27.4903,27.4903,3222500
2003-11-26,28.1142,28.2799,27.5878,27.5878,2060300
2003-11-28,28.1337,28.2312,28.0069,28.0167,1047200
2003-12-01,28.2019,28.4749,28.0264,28.2409,2010900
2003-12-02,28.7576,28.7771,28.2604,28.2896,2370900
2003-12-03,28.1824,29.362,28.0167,29.362,2689800
2003-12-04,28.894,29.4692,28.0752,28.2214,3055300
2003-12-05,29.362,29.44,28.8063,28.855,2383000
2003-12-08,29.6154,29.7032,28.972,29.245,1717100
2003-12-09,29.5959,29.8689,29.4497,29.7324,1595100
2003-12-10,29.245,29.8591,29.0987,29.5472,2253500
2003-12-11,29.2742,29.3522,28.9038,29.3425,1847200
2003-12-12,30.2296,30.3465,29.1963,29.3522,2071700
2003-12-15,29.7422,30.2491,29.6837,30.2003,1832100
2003-12-16,29.8104,30.1808,29.6447,29.6544,1944100
2003-12-17,29.5862,29.8007,29.323,29.7519,2453500
2003-12-18,31.2726,31.3896,29.6349,29.6349,4181500
2003-12-19,30.9022,31.4578,30.639,31.2726,2851600
2003-12-22,31.3701,31.4286,30.6293,30.8047,2256700
2003-12-23,30.717,31.3701,30.5415,31.3701,2162700
2003-12-24,31.4481,31.4676,30.7365,30.756,893100
2003-12-26,31.2239,31.4871,31.0972,31.3896,643000
2003-12-29,31.6918,31.7211,31.0679,31.3409,1520400
2003-12-30,31.7406,32.2475,31.6236,31.7308,1362600
2003-12-31,31.3311,31.9258,31.1362,31.7406,1621400
2004-01-02,30.9997,31.6041,30.834,31.2921,1370900
2004-01-05,31.8283,31.916,30.7657,30.9607,1835600
2004-01-06,31.8478,32.1695,31.6041,31.6821,2649500
2004-01-07,31.1947,31.7503,31.0094,31.7406,1571200
2004-01-08,31.7796,31.8965,31.0484,31.3409,1762600
2004-01-09,32.2767,33.0468,31.3896,31.4091,3978300
2004-01-12,31.8771,32.2377,31.7796,32.1695,1953500
2004-01-13,32.0915,32.8519,32.0817,32.3157,2208300
2004-01-14,31.6821,32.3255,31.6138,32.1792,1405100
2004-01-15,31.3116,32.111,31.2726,31.916,1690600
2004-01-16,32.1987,32.3645,31.3409,31.4676,2590000
2004-01-20,33.2808,33.3588,32.3157,32.3157,3459000
2004-01-21,33.8462,34.0704,33.2028,33.4368,3029400
2004-01-22,33.6805,34.1094,32.8519,33.778,2408000
2004-01-23,34.9575,35.4547,34.2166,34.2166,5532100
2004-01-26,35.0063,35.4839,34.2654,34.5091,2967000
2004-01-27,34.9088,35.6204,34.6748,35.0063,2524100
2004-01-28,35.172,35.289,34.4701,34.9088,3560800
2004-01-29,34.6553,35.3767,34.4506,35.2402,3025800
2004-01-30,34.1972,34.86,33.9729,34.6066,1684500
2004-02-02,34.9283,35.1135,33.9242,33.9242,2434100
2004-02-03,34.6066,34.7041,33.9437,34.3629,2717300
2004-02-04,34.5578,35.0063,34.2654,34.5188,1876500
2004-02-05,34.1954,35.0295,33.5871,34.7057,2359400
2004-02-06,34.1758,34.5879,33.9305,33.9501,1827900
2004-02-09,34.0482,34.637,33.7539,33.7539,3713600
2004-02-10,34.4211,34.5879,33.9109,34.1954,3719800
2004-02-11,35.0098,35.3729,34.2347,34.3426,3226200
2004-02-12,36.2462,36.933,35.422,35.422,4967300
2004-02-13,35.5201,36.2266,34.7547,36.1088,2625800
2004-02-17,35.7948,36.2167,35.3925,35.7654,2235800
2004-02-18,35.4612,36.2266,35.4514,35.9616,2502700
2004-02-19,35.3533,35.9322,35.1963,35.6574,2032300
2004-02-20,35.3238,36.0107,34.9902,35.6477,2000800
2004-02-23,35.3729,35.6084,35.0785,35.422,1753000
2004-02-24,35.9616,36.4032,35.3729,35.422,2857600
2004-02-25,36.2952,36.4817,35.8537,35.9616,2521900
2004-02-26,36.6288,36.7761,36.1088,36.305,1817400
2004-02-27,36.9134,37.0802,36.0499,36.0499,2781300
2004-03-01,37.6984,38.1497,36.8938,37.09,2484500
2004-03-02,37.5512,38.0418,37.5218,37.7082,2189100
2004-03-03,37.3354,37.5414,36.5013,37.5414,2146900
2004-03-04,36.7859,37.2863,36.5798,37.2176,2247700
2004-03-05,36.5896,37.2568,36.4621,36.8447,2511100
2004-03-08,36.5798,37.1882,36.4424,36.7957,1538700
2004-03-09,36.305,36.4228,35.9126,36.3345,2090400
2004-03-10,35.0883,36.305,34.7449,36.256,2553600
2004-03-11,34.48,35.4906,34.3622,35.0883,2639800
2004-03-12,34.7449,35.0196,34.4408,34.8823,2205200
2004-03-15,34.8823,35.2552,34.6861,34.8627,2847700
2004-03-16,34.6762,35.0785,34.4898,35.0785,1709300
2004-03-17,36.2952,36.3737,34.9608,35.3238,3165400
2004-03-18,36.9919,37.2078,36.57,36.7957,3308000
2004-03-19,35.7065,36.8938,35.6574,36.8153,2881600
2004-03-22,35.3238,35.5888,34.9313,35.3729,2066500
2004-03-23,34.8136,35.5299,34.4113,35.3238,2844500
2004-03-24,33.7146,35.2257,33.3614,34.8136,3018200
2004-03-25,34.0679,34.3819,33.7048,33.803,2043000
2004-03-26,34.4898,35.0785,33.9305,33.9501,1691100
2004-03-29,34.323,34.7547,34.1268,34.5781,1659400
2004-03-30,35.4514,35.5986,34.3132,34.323,2257700
2004-03-31,35.7948,36.0794,35.0785,35.5691,2464200
2004-04-01,34.794,35.8635,34.4113,35.785,2931500
2004-04-02,35.0785,35.1669,34.372,34.8038,1910200
2004-04-05,35.0393,35.1472,34.5977,34.8332,1113900
2004-04-06,34.529,35.2159,34.4898,34.7547,1449900
2004-04-07,34.637,35.0883,33.6263,34.5192,3081400
2004-04-08,35.157,35.2061,34.4702,34.9313,2074100
2004-04-12,36.1088,36.4032,35.3238,35.3238,2249900
2004-04-13,35.1767,36.2952,35.157,36.2069,1592100
2004-04-14,35.0098,35.471,34.8332,35.0982,1387700
2004-04-15,35.6672,35.7458,35.0,35.0295,1566300
2004-04-16,36.0303,36.0794,35.3925,35.6967,1779000
2004-04-19,36.0696,36.5209,35.8144,36.1088,1925100
2004-04-20,35.3729,36.1382,35.3729,36.0303,1985600
2004-04-21,35.108,35.2552,34.6272,35.2552,1928900
2004-04-22,36.1088,36.305,35.0982,35.1669,1908000
2004-04-23,36.0597,36.1186,35.6869,36.1088,2841100
2004-04-26,35.8635,36.57,35.8046,36.256,1401500
2004-04-27,37.5512,38.1399,36.7859,36.7957,4502000
2004-04-28,36.7466,37.9633,36.5994,37.355,3033200
2004-04-29,35.6182,36.7466,35.1767,36.7466,3111700
2004-04-30,35.9911,36.2854,35.0295,35.9126,2666300
2004-05-03,36.9134,36.9429,35.7261,35.9911,2142100
2004-05-04,36.3247,37.0802,36.0499,36.9134,2037100
2004-05-05,36.6877,36.6877,34.8332,35.1767,4547600
2004-05-06,36.5695,37.083,36.2141,36.6782,2228000
2004-05-07,35.444,36.7177,35.1873,36.5794,1712300
2004-05-10,34.4172,35.0985,33.8644,34.8023,2875300
2004-05-11,34.4864,34.9701,34.1013,34.6542,2571300
2004-05-12,34.8319,35.3058,34.0519,34.3876,2771900
2004-05-13,34.6344,34.9701,34.5357,34.6344,1914400
2004-05-14,34.8912,35.444,34.1902,34.7036,1469000
2004-05-17,35.0985,35.5428,34.6048,34.6048,2165800
2004-05-18,34.2297,35.1775,33.8051,35.1577,2856900
2004-05-19,33.9137,34.6641,33.5682,34.3087,2670900
2004-05-20,33.6077,34.2889,33.4991,34.0125,2145700
2004-05-21,33.4102,33.9434,33.2226,33.7064,2175400
2004-05-24,34.4666,34.7727,33.193,33.5682,2968900
2004-05-25,34.8023,35.138,34.1605,34.4666,1942900
2004-05-26,33.8446,34.9701,33.7163,34.7036,2868400
2004-05-27,33.3016,33.7854,33.0844,33.7854,2974500
2004-05-28,33.5978,33.8644,33.1634,33.2029,1768800
2004-06-01,33.8644,34.2988,33.7064,34.0026,2477400
2004-06-02,33.9927,34.1309,33.4299,34.0618,2205300
2004-06-03,33.2818,34.4567,33.2818,33.9828,1684400
2004-06-04,33.3608,33.6077,33.0252,33.2818,2071200
2004-06-07,34.1309,34.1902,33.1732,33.3707,2141800
2004-06-08,34.1112,34.8813,33.9335,34.4271,2721400
2004-06-09,33.6965,34.1112,33.3411,34.0914,2720900
2004-06-10,34.1605,34.2395,33.7163,33.9631,2287300
2004-06-14,33.9532,34.5061,33.9335,34.0816,1530600
2004-06-15,34.8714,34.9701,34.0618,34.2099,2710200
2004-06-16,35.7402,35.839,35.2564,35.2959,2337200
2004-06-17,36.2832,36.5597,35.6909,35.8883,3259600
2004-06-18,36.1944,36.5202,35.7007,36.3425,2392000
2004-06-21,35.8488,36.2635,35.8192,35.9969,1804200
2004-06-22,36.2141,36.382,35.8093,35.8192,2073900
2004-06-23,36.4313,36.7177,35.8488,36.2141,2483400
2004-06-24,36.0562,36.4807,35.9377,36.4511,2051800
2004-06-25,36.6782,36.6782,35.9377,35.9377,3403000
2004-06-28,36.2043,36.6683,36.066,36.5597,2690900
2004-06-29,36.6091,36.7275,35.8192,36.1352,2045500
2004-06-30,37.1718,37.2409,36.5301,36.5597,2049700
2004-07-01,37.1718,37.3791,36.9546,37.1817,2305600
2004-07-02,37.2508,37.4285,36.6485,37.1718,1903200
2004-07-06,37.3199,37.5667,37.1027,37.4482,1536500
2004-07-07,37.9518,37.9518,37.0731,37.3199,2492600
2004-07-08,37.5964,38.1492,37.3002,37.9123,2282100
2004-07-09,38.1492,38.1986,37.1027,37.6062,2215900
2004-07-12,37.9024,38.1196,37.5667,38.0604,1501500
2004-07-13,37.7346,37.9913,37.3397,37.5371,1527200
2004-07-14,38.3368,38.4257,37.6556,37.7444,2252200
2004-07-15,39.3241,39.3932,38.0505,38.3862,3317800
2004-07-16,39.6499,39.8375,39.0378,39.492,2982100
2004-07-19,39.6993,40.035,39.3044,39.719,2130000
2004-07-20,39.1859,39.3834,38.6626,39.1464,2333000
2004-07-21,38.6034,39.9362,38.5639,39.2353,2042100
2004-07-22,39.1366,39.2846,38.3072,38.554,2641000
2004-07-23,38.791,39.1859,38.3763,38.8996,2053600
2004-07-26,38.4652,39.3834,37.9715,38.8008,1857600
2004-07-27,38.7317,39.0674,38.2381,38.4553,1941700
2004-07-28,39.0378,39.4327,38.8206,38.8897,1925200
2004-07-29,39.0773,39.4426,38.6626,39.4426,3003700
2004-07-30,39.7882,40.2423,39.3932,39.6401,2738100
2004-08-02,39.6993,40.2324,39.492,39.7882,2787800
2004-08-03,40.2522,40.5187,39.9362,40.0646,2049000
2004-08-04,39.6993,40.4299,39.5117,40.3805,2972900
2004-08-05,39.1958,39.8474,39.0773,39.492,3062900
2004-08-06,37.9024,39.176,37.6655,39.1464,2616700
2004-08-09,38.87,39.2254,37.9913,38.1492,1808400
2004-08-10,38.87,39.3932,38.7712,39.0674,2015800
2004-08-11,38.8798,39.0674,38.4948,38.7712,2759700
2004-08-12,38.2875,39.1958,38.248,38.7515,2436200
2004-08-13,38.4553,38.8897,38.1986,38.4059,1964500
2004-08-16,38.7219,38.9292,38.3171,38.4652,2008700
2004-08-17,38.011,38.7219,37.9715,38.7219,2365700
2004-08-18,38.1986,38.4652,37.9123,38.1097,2576900
2004-08-19,38.5047,39.334,38.327,38.3566,2590600
2004-08-20,38.8502,39.5216,38.7317,38.7515,2633900
2004-08-23,38.2677,39.0773,38.1887,38.9489,1335600
2004-08-24,38.0801,38.1788,37.5766,38.011,2246000
2004-08-25,38.3072,38.4849,37.9024,38.0801,2097200
2004-08-26,38.9786,39.097,37.932,38.3072,1654900
2004-08-27,39.0773,39.4525,38.9391,39.097,1474500
2004-08-30,38.4257,39.3834,38.3072,39.1464,1348900
2004-08-31,38.8305,39.0674,38.5442,38.6034,1541600
2004-09-01,39.7487,39.9362,38.554,38.8305,2693200
2004-09-02,39.956,40.0843,39.5709,39.877,2189600
2004-09-03,40.7557,40.7853,39.8276,39.956,1863800
2004-09-07,40.1831,40.7557,40.0547,40.7557,1541600
2004-09-08,40.2522,40.4793,39.6894,40.035,1239900
2004-09-09,41.0025,41.2888,40.2621,40.3312,2414000
2004-09-10,40.5681,41.0717,40.2818,41.0025,1446800
2004-09-13,41.1605,41.2691,40.8347,40.9235,1675000
2004-09-14,41.2987,41.7726,40.7379,41.2494,2879800
2004-09-15,41.1704,41.743,40.4496,41.1901,2398500
2004-09-16,40.884,41.2691,40.5089,41.0717,1510800
2004-09-17,41.8022,41.9799,41.0815,41.0815,2427600
2004-09-20,41.9503,42.6415,41.8022,41.8022,2824500
2004-09-21,42.6908,42.7402,41.6048,41.9503,2070600
2004-09-22,42.6415,42.9673,42.1478,42.5526,2419700
2004-09-23,42.0886,42.365,41.6739,42.3551,2261500
2004-09-24,42.6217,42.9673,41.7035,42.0886,2352800
2004-09-27,42.3749,43.0265,42.0392,42.75,1940300
2004-09-28,43.53,43.7176,42.6118,42.8982,2963600
2004-09-29,42.8389,43.4708,42.4242,43.2437,3514200
2004-09-30,43.1647,43.4017,42.6513,42.8389,2529800
2004-10-01,44.0039,44.3199,42.8784,43.1252,2353000
2004-10-04,43.5201,44.389,43.2536,44.0138,2177600
2004-10-05,43.4905,44.0434,43.3424,43.688,1972300
2004-10-06,44.3199,44.4778,43.6682,43.6781,2573900
2004-10-07,44.1422,44.7247,43.6485,44.4877,2945300
2004-10-08,44.1915,44.6753,43.7275,44.1422,1784600
2004-10-11,43.0462,44.3297,42.9771,44.31,2608600
2004-10-12,42.3453,43.4115,42.2663,42.9475,1957000
2004-10-13,41.9898,42.3551,41.2691,42.3453,3059800
2004-10-14,42.4242,42.9475,42.0787,42.2071,2397700
2004-10-15,42.365,42.8685,41.9701,42.8488,1846100
2004-10-18,41.3678,42.6711,41.3086,42.365,2386700
2004-10-19,41.4666,41.9306,40.9334,41.2197,2440500
2004-10-20,42.8982,43.2141,41.664,41.7627,3266600
2004-10-21,43.53,44.231,42.9278,43.0956,2998300
2004-10-22,42.8389,44.0138,42.829,43.2931,2125400
2004-10-25,42.6316,42.9574,41.9306,42.9475,2464600
2004-10-26,43.6386,43.6386,42.8093,42.8982,1962400
2004-10-27,42.4539,44.1718,41.9799,43.4905,3529900
2004-10-28,41.4172,42.5032,40.6471,41.8121,4923100
2004-10-29,42.286,42.7599,41.0815,41.4172,2533600
2004-11-01,41.9503,43.3523,41.6936,42.602,3242100
2004-11-02,41.0025,41.9503,40.9235,41.9503,3066300
2004-11-03,41.9997,42.6612,41.1704,41.664,4137000
2004-11-04,41.6739,42.3848,41.3876,41.8911,2868600
2004-11-05,41.664,42.0886,41.2691,42.0096,3281000
2004-11-08,40.2324,41.4271,39.6894,40.9828,4108200
2004-11-09,40.1831,40.5582,39.492,39.9856,3160600
2004-11-10,40.8742,41.2987,40.0054,40.1633,3247800
2004-11-11,40.6866,41.1309,40.42,40.884,2181200
2004-11-12,41.6245,41.7233,40.6372,40.7261,2788900
2004-11-15,40.5187,41.437,39.8178,41.4073,3044900
2004-11-16,40.7063,41.0124,40.6175,40.6175,2077600
2004-11-17,41.6838,41.7134,40.4694,40.7755,3089000
2004-11-18,42.6118,42.7007,41.664,41.6838,3454200
2004-11-19,43.0561,43.3424,42.6612,43.145,2398900
2004-11-22,43.1055,43.2437,42.5822,43.0561,2165500
2004-11-23,43.5991,43.9842,43.066,43.1055,2439100
2004-11-24,44.1224,44.2606,42.9574,43.5991,1878200
2004-11-26,44.2014,44.7049,44.0829,44.1816,668700
2004-11-29,43.7769,44.4186,43.1548,44.3791,1771800
2004-11-30,43.767,44.152,43.53,43.7769,2379800
2004-12-01,41.822,43.5498,41.5456,43.5399,3747200
2004-12-02,40.736,41.5752,40.1337,41.5653,4453800
2004-12-03,41.4073,41.743,40.5879,40.736,3158900
2004-12-06,41.3777,41.8812,40.884,41.7134,1753100
2004-12-07,40.2226,41.3975,40.114,41.3185,2838200
2004-12-08,39.7684,40.5978,39.2649,39.9856,4110500
2004-12-09,40.5681,40.6471,39.8474,39.9856,3187800
2004-12-10,40.9631,41.4666,40.4595,41.2987,3787400
2004-12-13,41.6838,41.7035,40.7261,40.7261,2576000
2004-12-14,42.2268,42.5329,41.8911,42.0096,1731300
2004-12-15,42.7895,42.8488,41.9207,42.3453,2383400
2004-12-16,42.2169,43.066,42.0984,42.7895,2267400
2004-12-17,42.2366,42.6711,41.6147,42.2169,2939300
2004-12-20,42.7599,42.9475,42.0688,42.2366,1794500
2004-12-21,43.3523,43.3918,42.602,42.8192,1910700
2004-12-22,42.365,43.4412,41.2987,43.4412,3711200
2004-12-23,42.5921,42.7007,42.0984,42.1873,1646300
2004-12-27,41.5949,42.602,41.4666,42.602,1585300
2004-12-28,41.822,41.9602,41.5456,41.5949,1358400
2004-12-29,42.365,42.4934,41.7035,41.9207,1486900
2004-12-30,42.1972,42.2564,41.7331,42.2564,1032700
2004-12-31,42.1281,42.4045,41.9898,42.0589,1016300
2005-01-03,40.8248,41.6147,40.7458,41.4666,2330400
2005-01-04,40.9334,41.5456,40.9038,41.0717,2675500
2005-01-05,40.7952,41.2197,40.5879,40.884,2306000
2005-01-06,41.3283,41.664,40.5879,40.736,2149200
2005-01-07,40.8248,41.2296,40.2127,41.2296,2544400
2005-01-10,40.9038,41.6344,40.8051,41.3185,2260800
2005-01-11,40.6767,41.0519,40.5089,40.8248,2360500
2005-01-12,41.2197,41.279,40.3016,40.7557,4044000
2005-01-13,41.3876,41.7924,41.1605,41.4666,3586000
2005-01-14,41.7331,41.8121,41.0223,41.3678,2058000
2005-01-18,42.0392,42.8685,41.7035,42.1379,2433000
2005-01-19,42.1281,42.4144,41.8911,41.9503,2297200
2005-01-20,41.9701,42.5526,41.2691,41.7627,2585200
2005-01-21,41.8615,42.8389,41.822,42.3551,3017900
2005-01-24,41.901,42.6513,41.8615,42.1478,2865800
2005-01-25,42.0589,42.8488,41.5949,42.3058,2436100
2005-01-26,42.4242,42.5526,41.6739,42.1083,2263500
2005-01-27,43.0857,43.3029,42.3551,42.5131,2034300
2005-01-28,42.0195,42.9475,41.6245,42.5526,3107500
2005-01-31,42.75,43.0364,41.2197,41.8417,2618000
2005-02-01,43.224,43.4609,42.4934,42.75,3067500
2005-02-02,43.6781,43.8953,42.8587,43.0956,2203300
2005-02-03,43.8163,43.8361,42.7204,43.4313,1648800
2005-02-04,43.6386,44.1619,43.1845,43.8163,1971000
2005-02-07,43.3523,43.7374,42.7106,43.4609,1898200
2005-02-08,43.688,43.7966,42.8093,42.8982,1709200
2005-02-09,44.0632,44.3791,43.1252,43.5596,2591400
2005-02-10,45.4355,45.6034,44.1915,44.4285,3243600
2005-02-11,46.3833,46.4031,45.5145,45.5935,3033200
2005-02-14,46.1957,46.3537,45.7119,46.2747,2794000
2005-02-15,45.8996,46.3833,45.2775,46.1069,2476900
2005-02-16,46.7486,46.8967,45.7909,46.0871,2932500
2005-02-17,45.5244,47.6372,45.5046,47.2916,4078600
2005-02-18,46.1464,46.5906,45.2874,45.7613,2999400
2005-02-22,45.4454,46.6301,45.4158,46.6203,2916000
2005-02-23,46.4919,46.5413,45.4948,45.5145,1965300
2005-02-24,46.877,46.9954,45.7218,46.64,2343700
2005-02-25,47.0942,47.4101,46.5413,46.877,2031400
2005-02-28,46.6795,47.7458,45.6922,47.3706,2407000
2005-03-01,45.1196,46.5413,44.9221,46.1562,4586100
2005-03-02,45.2677,45.5342,44.4877,44.7839,3502900
2005-03-03,46.7091,46.9954,45.6034,45.6034,3572500
2005-03-04,46.6598,46.9362,45.4651,46.7091,3035700
2005-03-07,46.3241,46.6598,45.5836,46.6598,2080400
2005-03-08,46.0871,46.8375,45.9094,46.3241,2154200
2005-03-09,44.3594,46.4031,44.2804,46.3537,4020000
2005-03-10,43.8361,44.3594,42.9969,44.3594,3835500
2005-03-11,43.8953,44.4976,43.3721,43.4412,3105900
2005-03-14,44.3594,44.4581,42.9969,43.8953,3131600
2005-03-15,43.7374,44.9616,43.6584,44.3594,2798700
2005-03-16,43.53,44.4285,43.145,43.6386,2947300
2005-03-17,43.0068,44.0336,42.75,44.0336,3687600
2005-03-18,43.1252,43.9941,42.8982,43.2931,3680100
2005-03-21,43.2437,43.6189,42.6513,43.1252,2234200
2005-03-22,43.3128,44.6062,42.9969,43.2437,3328900
2005-03-23,42.1379,43.3227,41.9602,43.3128,3552300
2005-03-24,42.3255,42.8389,41.9207,42.4341,2286500
2005-03-28,42.9278,43.3918,42.1873,42.3255,2633300
2005-03-29,42.3946,43.6781,42.3848,42.9475,4081500
2005-03-30,42.5526,43.0462,41.3185,42.6118,4076400
2005-03-31,43.9249,44.31,43.1943,43.3424,3318300
2005-04-01,44.9715,45.317,44.2508,45.317,3588200
2005-04-04,44.1619,45.6132,43.5893,45.4651,4540700
2005-04-05,44.31,44.774,43.5596,44.0434,3347000
2005-04-06,45.1393,45.633,44.3791,44.6555,3646400
2005-04-07,44.8333,45.6922,44.3692,45.6428,4288400
2005-04-08,44.0928,45.1393,44.0237,44.8333,2642900
2005-04-11,44.231,44.3495,43.4412,43.9941,2832700
2005-04-12,43.4412,44.1915,42.8883,44.1816,3714900
2005-04-13,42.7797,43.8953,42.6316,43.2536,3480000
2005-04-14,42.7106,43.6979,42.5625,43.0462,3191300
2005-04-15,42.5131,44.0336,42.3551,43.5399,5876200
2005-04-18,43.451,43.9546,42.7402,42.75,4143500
2005-04-19,44.4482,44.932,43.8854,43.9348,3903500
2005-04-20,43.5201,45.0208,43.4708,44.5272,3853400
2005-04-21,44.9912,45.1097,43.3622,43.53,4081900
2005-04-22,45.4158,46.018,44.7444,45.6626,3860500
2005-04-25,45.8897,46.2056,45.4355,45.8601,2633800
2005-04-26,44.547,45.8304,44.547,45.4651,3236600
2005-04-27,43.3227,44.9813,43.2536,44.7247,3665500
2005-04-28,43.2931,44.2113,42.9475,43.3227,3949200
2005-04-29,43.5596,44.3297,43.1746,44.1323,3776600
2005-05-02,44.7543,44.8234,43.1351,43.4708,2463500
2005-05-03,43.2733,44.4285,43.1153,44.1422,3221100
2005-05-04,44.1422,44.3594,42.8488,43.3326,3124500
2005-05-05,44.5093,45.0055,43.9237,44.41,2990700
2005-05-06,44.7673,45.2734,44.6184,44.9062,2354500
2005-05-09,45.1444,45.4223,44.5291,44.8665,1884700
2005-05-10,44.1818,45.0948,44.0825,44.9558,2641800
2005-05-11,44.0428,44.4596,43.5764,44.0131,2426400
2005-05-12,42.3359,44.0428,42.0084,44.0428,4670000
2005-05-13,42.187,42.6535,41.6611,42.1771,4304900
2005-05-16,42.7229,42.7527,41.4924,42.187,6441800
2005-05-17,43.0306,43.1,42.4252,42.4848,3476700
2005-05-18,42.8718,43.5069,42.3359,43.4672,4240000
2005-05-19,43.9634,44.023,42.5741,42.8718,2868800
2005-05-20,43.6359,44.4795,43.5466,44.1718,2375600
2005-05-23,44.2115,44.3902,43.5168,43.6359,2630300
2005-05-24,44.4001,44.6283,44.023,44.3604,2353300
2005-05-25,45.1642,45.452,44.281,44.4993,3748000
2005-05-26,45.2635,45.4024,44.9459,45.3627,2356400
2005-05-27,45.849,46.0177,45.0848,45.2635,1474400
2005-05-31,45.8391,46.0475,45.0055,45.849,2166300
2005-06-01,46.2162,46.5337,45.9185,46.0872,2065800
2005-06-02,46.3651,46.5933,45.5017,46.1467,2035100
2005-06-03,46.6628,47.2483,46.4841,46.6131,1891900
2005-06-06,47.1391,47.288,46.5437,46.9109,2131400
2005-06-07,46.4048,47.2979,46.3154,46.9605,2213000
2005-06-08,46.6429,47.3674,46.0475,46.2063,2799300
2005-06-09,48.4689,48.4987,46.7719,46.891,2945900
2005-06-10,48.1911,48.8262,47.7147,48.3896,2570100
2005-06-13,48.8659,48.9255,47.6552,48.0521,2218900
2005-06-14,48.5979,49.0247,48.33,48.4789,1788400
2005-06-15,49.382,49.4216,48.588,48.7369,3048100
2005-06-16,50.295,50.4141,49.2629,49.2728,3015200
2005-06-17,51.1584,51.208,49.9476,50.8408,3711300
2005-06-20,51.1683,51.5553,50.8706,51.1584,2925500
2005-06-21,50.2156,51.1782,50.1461,51.1683,2614400
2005-06-22,50.5232,50.7614,49.7789,50.6125,2517100
2005-06-23,50.6225,51.7042,50.295,50.5629,2245200
2005-06-24,50.0171,51.0393,49.9675,50.8011,2519900
2005-06-27,51.5553,51.6843,50.5629,50.5629,3141800
2005-06-28,50.285,51.4462,50.285,51.4462,2577700
2005-06-29,50.3744,50.7118,49.8385,50.285,2254000
2005-06-30,50.7713,51.3072,49.9873,49.9873,3378700
2005-07-01,51.1782,51.595,50.7912,51.208,2362200
2005-07-05,52.7164,52.9348,51.337,51.4263,3376600
2005-07-06,52.4981,53.4607,52.1607,52.9546,2990700
2005-07-07,52.7363,53.3516,51.5355,51.8034,2943600
2005-07-08,51.992,53.1233,51.7836,52.8653,2247800
2005-07-11,52.5775,52.5874,50.94,51.208,2368100
2005-07-12,53.0737,53.5203,52.4584,52.8454,2355000
2005-07-13,52.5179,53.3119,52.3591,53.0439,2669200
2005-07-14,51.6347,52.9447,51.2576,52.7462,2557500
2005-07-15,51.2774,52.0019,51.2576,51.8828,2305500
2005-07-18,51.1484,51.8729,50.4141,51.2774,1840800
2005-07-19,53.0042,53.0042,51.1782,51.4958,2245600
2005-07-20,52.1011,52.8057,51.5057,52.5973,3612000
2005-07-21,52.0416,52.7065,51.0591,52.1011,2221300
2005-07-22,54.6318,54.9295,53.3615,53.4905,3876900
2005-07-25,56.3685,56.4181,54.0859,54.0859,4259400
2005-07-26,55.7829,56.5669,55.4257,56.3685,3348100
2005-07-27,56.5868,56.6662,55.3364,55.9219,2474300
2005-07-28,56.8944,57.0234,55.4555,56.8448,3506000
2005-07-29,56.1104,57.7876,55.9914,57.4105,2545200
2005-08-01,56.5868,57.2517,56.2692,56.3486,2657700
2005-08-02,57.5296,57.8075,56.8647,56.9441,2301000
2005-08-03,57.6784,58.2044,57.3113,57.8571,2776200
2005-08-04,57.6934,58.1508,57.4746,57.5243,2172100
2005-08-05,57.057,57.8823,56.52,57.763,2521100
2005-08-08,57.8326,58.3894,57.7033,57.8226,1946300
2005-08-09,57.5044,58.1607,57.3354,57.9718,2035600
2005-08-10,58.111,58.5087,57.3103,57.7033,2516100
2005-08-11,58.8269,58.8468,58.0116,58.2005,2578600
2005-08-12,58.2204,58.8966,57.932,58.7474,2622600
2005-08-15,57.7033,58.469,57.405,58.2303,2353500
2005-08-16,56.6592,58.3099,56.52,57.7132,2689400
2005-08-17,55.5157,57.1763,55.3964,56.7785,3452500
2005-08-18,54.9787,55.5853,54.402,54.5014,3365400
2005-08-19,55.6251,56.0129,55.1875,55.5157,2438100
2005-08-22,55.2074,56.3808,54.7401,55.9234,1997400
2005-08-23,55.8438,56.2118,54.8395,55.4759,2284400
2005-08-24,56.3808,57.1664,55.4361,56.0825,2293100
2005-08-25,56.0029,56.3808,55.6847,56.3211,1272000
2005-08-26,55.2273,56.5101,55.1577,56.0825,1533000
2005-08-29,55.7742,56.3808,55.3566,55.3566,2251000
2005-08-30,56.9078,57.5044,56.1322,56.1322,3510100
2005-08-31,58.4193,58.4292,57.047,57.0769,4369200
2005-09-01,58.8568,59.2346,57.6934,58.6679,3277600
2005-09-02,57.6039,58.8667,57.5243,58.8667,2352900
2005-09-06,58.5187,58.5187,57.2658,57.8425,3101100
2005-09-07,58.1707,58.7971,57.7729,58.3198,2813200
2005-09-08,57.8723,58.469,57.6934,58.3198,2126300
2005-09-09,58.9761,59.1949,58.0613,58.2602,2549400
2005-09-12,57.4348,59.1153,57.2459,58.9761,3083400
2005-09-13,57.4746,58.0314,56.5697,57.5044,3609700
2005-09-14,58.3695,58.7872,57.8127,57.8226,2869300
2005-09-15,58.3596,59.4037,57.9618,58.7176,3746900
2005-09-16,58.469,58.807,57.8525,58.7673,3472300
2005-09-19,60.408,60.7063,59.4196,59.5131,3387500
2005-09-20,60.1495,60.6566,59.523,60.1594,3118900
2005-09-21,60.4478,60.8555,59.2844,60.7859,3606400
2005-09-22,60.06,61.5515,59.0954,60.756,3975400
2005-09-23,58.8369,60.0898,58.6181,60.0898,2472300
2005-09-26,60.06,60.1296,58.5187,58.5187,2575400
2005-09-27,60.1693,60.2588,59.1352,59.3838,2291700
2005-09-28,60.0401,60.6069,59.7915,60.6069,2612900
2005-09-29,60.3782,60.5074,59.5131,60.1892,2247700
2005-09-30,59.344,60.577,59.2844,60.3881,1942800
2005-10-03,58.7772,59.6423,58.29,59.3838,2248400
2005-10-04,57.1067,58.7275,57.0769,58.7176,2753400
2005-10-05,55.2074,57.7232,55.0086,57.236,3845500
2005-10-06,54.1534,55.1875,53.159,53.2187,5186700
2005-10-07,54.6904,54.6904,53.5667,54.4418,3110800
2005-10-10,54.3523,54.7401,53.0198,54.7401,3061500
2005-10-11,55.1776,56.2714,55.1677,55.6847,2703000
2005-10-12,54.2429,55.4859,53.7755,55.1875,2754800
2005-10-13,53.0795,55.1875,51.8763,55.1875,3987200
2005-10-14,53.6662,53.8352,52.0254,52.9502,3544900
2005-10-17,53.7954,54.2827,53.338,54.1733,3149300
2005-10-18,51.2299,53.8054,51.1106,53.4474,3265800
2005-10-19,52.5525,52.6121,50.3251,51.3592,3918900
2005-10-20,50.9118,52.4928,50.0864,52.0553,3902300
2005-10-21,51.6874,52.9403,50.514,50.7626,3635200
2005-10-24,53.2485,53.3082,51.1007,51.1305,3110900
2005-10-25,55.6549,55.7643,53.2386,53.348,4455500
2005-10-26,56.2813,57.8922,55.2174,55.5853,5407600
2005-10-27,55.1677,56.9277,54.929,56.8581,3461400
2005-10-28,54.7401,54.7898,51.3692,53.9446,8870700
2005-10-31,54.6407,55.287,53.8153,53.9446,4478200
2005-11-01,55.7742,55.9134,54.2628,54.6506,3431600
2005-11-02,57.0769,57.3951,55.1875,55.287,4109200
2005-11-03,58.442,59.1795,57.5151,57.5151,4020800
2005-11-04,56.7377,58.4519,56.5085,58.442,3685500
2005-11-07,55.7012,56.8075,54.8641,56.7377,3872800
2005-11-08,55.2627,56.4587,54.8143,55.4621,3435100
2005-11-09,53.698,55.9205,53.3193,55.2528,6466000
2005-11-10,52.5519,54.2262,51.7247,53.698,5210100
2005-11-11,52.6516,53.3392,51.635,51.8344,3402500
2005-11-14,52.9107,53.7777,52.7811,53.0104,2508200
2005-11-15,52.2928,54.2761,51.8344,52.6715,4137300
2005-11-16,53.8874,54.007,52.532,52.9207,3421100
2005-11-17,55.1531,55.3225,54.5153,54.6648,4288300
2005-11-18,55.482,55.771,54.8143,55.761,3496500
2005-11-21,56.8075,56.8274,55.3126,55.6414,3536000
2005-11-22,57.7344,57.9636,56.7377,57.4055,3460100
2005-11-23,58.0832,58.8705,56.6779,57.3357,2840300
2005-11-25,58.3124,58.4619,57.9436,58.2028,922100
2005-11-28,56.6979,57.6546,56.6082,57.5051,3109800
2005-11-29,56.5384,57.7443,56.2992,56.7078,3420400
2005-11-30,57.1563,57.8041,56.4088,56.4088,3453100
2005-12-01,59.3788,59.4984,57.5051,57.6546,4852900
2005-12-02,59.2094,59.7077,58.5117,59.5283,3567300
2005-12-05,59.6279,60.485,59.3489,59.8073,4932300
2005-12-06,59.4784,60.2658,59.1994,59.2492,2856800
2005-12-07,60.1362,60.5947,59.2393,60.1263,3495300
2005-12-08,62.1793,62.3188,60.2658,60.2957,3805500
2005-12-09,61.7607,62.3686,61.3521,61.97,2729400
2005-12-12,62.548,62.7673,61.2923,62.3387,2560800
2005-12-13,61.2325,62.7872,61.0531,62.6377,3368500
2005-12-14,62.4883,62.7474,60.9335,61.2325,3047100
2005-12-15,62.3387,62.7872,61.6909,62.3886,3033900
2005-12-16,61.0631,62.9168,61.0631,62.8869,3302600
2005-12-19,59.917,61.6112,59.6479,61.2425,2887100
2005-12-20,60.9534,61.3521,60.0664,60.4452,2412200
2005-12-21,61.8703,62.1594,60.9933,61.4418,2822000
2005-12-22,62.0099,62.5281,61.6511,62.2391,2095700
2005-12-23,62.1893,62.2391,60.4551,61.7906,1619300
2005-12-27,60.4252,61.8006,59.7475,61.7906,2097700
2005-12-28,61.0431,61.3621,60.1562,60.5648,2258800
2005-12-29,60.4252,61.7806,60.3256,60.9534,1778700
2005-12-30,60.5747,61.6311,59.6578,59.897,1574400
2006-01-03,63.7141,63.7141,60.3953,60.3953,3764800
2006-01-04,64.3818,64.7406,62.857,63.2357,2720700
2006-01-05,64.0529,64.641,62.7474,64.1825,3945900
2006-01-06,66.8036,67.0827,64.3818,64.7306,3928500
2006-01-09,66.6641,67.1126,65.4781,67.0029,2741000
2006-01-10,67.7205,67.8999,66.5246,66.6641,2710900
2006-01-11,68.7869,69.0958,66.3751,67.7205,3253200
2006-01-12,68.0494,69.7935,67.4315,69.3649,4183600
2006-01-13,68.169,68.6374,67.6806,68.0394,3314000
2006-01-17,68.8666,69.3565,68.5676,69.0161,3169100
2006-01-18,68.3484,69.2154,67.9697,68.8666,4180300
2006-01-19,72.2253,72.4246,69.2154,69.6639,4016200
2006-01-20,73.6604,74.8962,72.3847,73.4013,5864400
2006-01-23,76.142,76.2815,73.192,73.6006,4210400
2006-01-24,74.8065,75.7533,74.368,75.7433,4767600
2006-01-25,72.7136,75.0557,71.9661,74.8962,4669700
2006-01-26,73.2119,73.491,71.8166,72.5043,5017200
2006-01-27,74.1786,75.0855,72.7535,73.9594,4931600
2006-01-30,77.1386,77.6768,74.7467,74.7965,4482000
2006-01-31,77.1785,78.0655,75.9526,76.8894,4021500
2006-02-01,74.2982,77.9758,74.1587,77.4276,4595400
2006-02-02,73.9086,75.4261,72.3811,74.4277,5351800
2006-02-03,73.8087,75.3562,72.6307,74.2281,3412400
2006-02-06,75.7955,76.0051,74.248,74.9768,3663500
2006-02-07,71.852,74.1382,71.4127,74.1282,4273900
2006-02-08,72.0017,72.6706,70.4742,72.0816,4652800
2006-02-09,69.7354,73.0894,69.5358,73.03,4255700
2006-02-10,69.9551,70.8836,68.0582,70.8836,5658600
2006-02-13,69.1464,70.5241,68.2878,69.9551,3319400
2006-02-14,67.0798,69.1364,66.8402,68.2878,5945100
2006-02-15,66.0615,69.2363,64.9134,68.6373,5082100
2006-02-16,69.0366,69.3361,67.1896,67.6489,5831100
2006-02-17,68.4176,70.0649,68.148,69.7354,4303000
2006-02-21,72.7305,72.9701,70.0849,70.1847,4840000
2006-02-22,68.9168,71.6523,68.3877,71.6323,5566200
2006-02-23,69.1065,70.624,67.9184,68.9168,4559800
2006-02-24,69.3461,70.8836,69.2063,70.3844,2488400
2006-02-27,67.7287,69.1464,67.3094,68.8868,3720800
2006-02-28,67.8386,68.178,66.6705,67.4891,3642200
2006-03-01,68.5174,68.8369,67.7163,68.148,2962400
2006-03-02,70.1248,70.4942,68.5474,69.0865,3392600
2006-03-03,70.005,71.0832,69.8153,70.1348,2450400
2006-03-06,66.5706,69.6456,66.371,69.6356,3579700
2006-03-07,64.8535,66.2911,63.905,65.6422,4696200
2006-03-08,65.4824,65.8718,63.4458,64.2944,4304800
2006-03-09,64.6538,66.1913,64.0847,65.8918,3717700
2006-03-10,64.9633,65.8918,63.3959,64.4042,2821600
2006-03-13,66.3011,66.5407,65.3526,65.5423,2562100
2006-03-14,67.7587,67.9783,65.3626,66.4309,2767300
2006-03-15,68.0283,68.3677,66.98,67.579,3706100
2006-03-16,68.0183,68.5773,66.5107,68.0382,3692700
2006-03-17,66.97,68.3477,66.6904,68.2679,2791300
2006-03-20,64.3243,67.3194,64.0747,66.6405,3583800
2006-03-21,64.8135,66.0116,63.5256,64.0947,3203800
2006-03-22,65.2828,66.4209,64.4042,64.9233,2854600
2006-03-23,66.4009,66.9301,65.5623,65.6921,2339800
2006-03-24,66.7304,67.2495,65.8418,66.4009,2617200
2006-03-27,66.8302,67.0499,65.3127,66.0914,2680700
2006-03-28,68.5374,69.1764,67.3094,67.4891,3750600
2006-03-29,69.2163,69.3361,67.7886,68.3377,2970100
2006-03-30,69.3461,70.0749,68.5675,69.5857,2662300
2006-03-31,68.2878,68.8169,67.1996,68.3877,2702700
2006-04-03,67.6389,70.0849,67.4891,68.787,2454400
2006-04-04,68.8269,68.8269,66.5207,67.3893,3912300
2006-04-05,69.9551,70.3644,68.1381,69.2862,2817800
2006-04-06,70.8137,71.0832,69.5258,70.8336,2825000
2006-04-07,69.386,70.9934,68.9168,70.8137,2384100
2006-04-10,72.421,72.7305,70.3245,70.634,3755600
2006-04-11,70.8536,73.1299,70.2646,72.7006,3541200
2006-04-12,70.7637,72.0017,70.5841,71.1032,3319200
2006-04-13,71.4127,71.4426,69.4858,70.3844,2533100
2006-04-17,72.4909,72.9601,71.6323,72.0317,2655700
2006-04-18,73.5192,73.8587,72.7904,73.0799,3140800
2006-04-19,74.9169,75.3063,73.2696,73.5791,3550100
2006-04-20,74.6773,75.3163,72.5109,74.9169,3288700
2006-04-21,77.8222,78.3313,75.3961,75.8754,5121100
2006-04-24,76.8238,77.8321,75.9153,77.8321,3599700
2006-04-25,75.8055,77.8521,74.4777,77.4228,4464400
2006-04-26,78.8704,80.967,78.2315,78.2315,7935100
2006-04-27,78.9802,81.3663,75.7555,78.1117,7168800
2006-04-28,80.6974,81.4562,80.1184,80.7673,4489300
2006-05-01,83.4429,84.2117,80.2582,80.8771,4681500
2006-05-02,86.7775,86.7775,84.0919,84.4313,6059000
2006-05-03,85.809,86.9771,85.2599,86.6077,5547000
2006-05-04,87.1968,87.3166,84.611,85.1601,5603800
2006-05-05,86.9971,88.1152,86.3482,87.656,3919000
2006-05-08,87.7259,87.8846,85.1601,86.0087,3247500
2006-05-09,87.8357,88.6144,86.7575,86.9572,2584500
2006-05-10,86.8573,87.4763,86.2084,86.9572,4595300
2006-05-11,85.2599,87.7159,85.0703,87.6061,4243900
2006-05-12,81.7058,84.9704,81.6259,84.9704,5305800
2006-05-15,80.0785,81.4662,78.8704,79.8688,5319200
2006-05-16,80.5177,82.1051,79.6891,81.0668,3889100
2006-05-17,78.9203,81.1567,78.3812,79.8788,4111800
2006-05-18,77.8721,79.6691,77.6724,78.9703,4416100
2006-05-19,78.7207,79.3397,76.1449,77.8821,5909800
2006-05-22,79.12,79.8688,76.8238,78.541,5406200
2006-05-23,80.7673,82.9637,80.3181,80.7673,5918200
2006-05-24,81.0069,82.7341,78.6508,80.7673,6548000
2006-05-25,84.4014,84.4712,81.2865,81.9653,6011200
2006-05-26,84.2815,85.3897,84.0619,84.3614,3898100
2006-05-30,83.6825,85.7292,83.5228,85.21,3562600
2006-05-31,86.1585,86.2683,83.0236,83.6825,4484200
2006-06-01,86.3182,86.8473,84.7608,85.859,4064400
2006-06-02,88.4547,88.854,86.418,87.057,4047700
2006-06-05,85.0603,89.1535,84.9205,89.1036,4819300
2006-06-06,85.3598,86.5678,83.8123,84.8606,5600400
2006-06-07,80.8672,85.5594,80.8672,85.2599,6007600
2006-06-08,81.8755,82.155,77.8821,80.1683,8407000
2006-06-09,81.3963,82.8239,79.5493,82.2149,4955400
2006-06-12,77.3429,81.9853,77.323,81.7158,4519200
2006-06-13,74.3878,78.1516,73.6291,75.9752,6624400
2006-06-14,75.9552,76.3246,74.0783,74.5076,4907800
2006-06-15,80.4678,80.9271,76.6341,76.684,4941800
2006-06-16,79.8089,80.5776,78.1616,79.8688,4480500
2006-06-19,77.0035,79.8189,76.7739,79.8189,4255200
2006-06-20,74.7871,77.5426,74.5775,77.4028,4643600
2006-06-21,76.1549,77.5127,74.6773,74.7871,5259900
2006-06-22,75.7256,76.8637,75.0966,76.075,4199100
2006-06-23,76.1549,77.1932,75.7256,76.4744,4045100
2006-06-26,76.7739,77.0334,75.1266,76.2747,3163900
2006-06-27,76.5243,78.3663,76.2348,77.5227,3280600
2006-06-28,77.5626,77.8721,76.1649,76.6541,2701200
2006-06-29,81.0469,81.0469,78.1217,78.1217,3820900
2006-06-30,81.7158,82.2748,80.7573,81.1667,2834100
2006-07-03,83.3231,83.6725,81.8755,82.165,1179300
2006-07-05,82.6143,83.5627,80.937,83.3331,3262700
2006-07-06,80.2781,82.6742,80.0086,82.5943,4011400
2006-07-07,78.6208,81.9653,78.4711,80.7274,3169200
2006-07-10,79.16,80.4079,78.3912,78.6308,2448500
2006-07-11,82.2549,82.5145,79.2099,79.4794,3383600
2006-07-12,82.7341,83.8123,82.0253,83.0636,3991300
2006-07-13,81.7557,83.3131,81.3663,83.1135,3561500
2006-07-14,83.5128,83.6526,80.4794,83.3131,3948700
2006-07-17,79.14,82.7541,78.5609,82.1251,4362100
2006-07-18,79.4495,80.4079,77.7722,79.739,5022300
2006-07-19,81.2066,81.4961,79.0102,79.4495,3594800
2006-07-20,77.4727,81.9154,77.4727,81.2066,4294500
2006-07-21,75.6258,77.8721,75.2085,77.4827,4917000
2006-07-24,77.0934,78.501,75.2863,75.6258,4242400
2006-07-25,80.2182,80.6176,77.5726,77.5726,4121500
2006-07-26,80.5976,81.1667,78.2215,80.2282,5850500
2006-07-27,80.7174,82.3547,79.6192,81.7158,7109100
2006-07-28,77.7722,79.13,75.9253,79.12,6852600
2006-07-31,79.8189,80.937,78.4312,78.7207,5811800
2006-08-01,79.8189,80.4179,78.6907,79.5992,3189500
2006-08-02,79.3696,81.2765,78.4711,79.8289,4018500
2006-08-03,79.0102,79.9586,77.4328,77.8721,3807100
2006-08-04,77.6924,80.2881,76.8538,80.2681,3449800
2006-08-07,78.8704,79.9786,77.8421,78.8704,3627200
2006-08-08,77.2631,79.3696,77.1233,78.8804,3995600
2006-08-09,77.1233,78.6208,76.8637,78.3213,4125300
2006-08-10,76.1249,77.4028,75.2464,77.4028,3698700
2006-08-11,75.3462,76.4744,74.7572,76.1349,2959500
2006-08-14,73.7788,75.3163,73.679,74.7772,3358700
2006-08-15,74.7372,74.857,73.1698,74.5276,3373300
2006-08-16,74.6074,75.7356,73.8786,74.877,4242500
2006-08-17,73.4993,74.4577,72.8803,73.8786,4363200
2006-08-18,75.5659,75.6757,73.1898,74.0783,2821100
2006-08-21,76.2547,76.3346,75.4461,76.3246,2467700
2006-08-22,75.7456,76.694,75.6557,75.9253,2170300
2006-08-23,73.669,75.8953,73.5212,75.7456,2638400
2006-08-24,74.907,75.2564,73.5092,74.0783,3243800
2006-08-25,75.1066,76.3346,74.9269,75.2963,2327700
2006-08-28,73.1299,74.867,73.1299,74.6773,2482500
2006-08-29,74.3479,74.4777,72.431,72.9002,3300500
2006-08-30,72.7804,74.3578,72.1315,74.3578,3264800
2006-08-31,71.0633,72.5508,70.8037,72.0816,4644000
2006-09-01,71.862,71.8919,69.7554,70.5841,3881100
2006-09-05,73.7189,73.9585,71.1431,71.6124,5086000
2006-09-06,71.233,73.5292,71.1032,72.7305,4284200
2006-09-07,69.6356,71.0233,69.1764,70.5341,5811500
2006-09-08,67.4692,70.3644,67.0798,70.035,4704900
2006-09-11,63.7852,66.6106,63.5456,66.2911,8093100
2006-09-12,62.8967,64.6238,62.088,63.895,7099100
2006-09-13,64.7536,65.2628,63.6854,63.7752,5624500
2006-09-14,62.068,64.7436,61.7186,64.4042,5653800
2006-09-15,62.2777,62.7669,60.9798,62.068,8008600
2006-09-18,64.4042,64.8734,62.6471,62.6471,5942000
2006-09-19,63.286,64.8634,62.3975,64.494,5496700
2006-09-20,62.5173,63.7653,62.3576,62.9067,6889400
2006-09-21,63.6554,64.534,62.6471,62.7369,5702100
2006-09-22,62.9765,63.945,62.697,63.935,4681200
2006-09-25,63.8451,64.1945,62.0181,62.8967,6588300
2006-09-26,65.133,66.0715,63.2661,63.945,6098500
2006-09-27,67.6988,68.2379,65.7719,65.8219,8441200
2006-09-28,66.8502,68.787,66.6405,67.539,5843300
2006-09-29,68.0882,68.5174,66.6705,66.8602,4376900
2006-10-02,67.4093,68.7371,67.3494,68.0981,4792500
2006-10-03,65.9517,67.4093,65.3726,67.0099,6497100
2006-10-04,67.8485,68.0981,64.8135,66.1413,6464000
2006-10-05,69.6855,70.1148,68.5174,68.9368,5702800
2006-10-06,69.1165,69.8353,68.2679,69.1863,4671000
2006-10-09,67.3993,70.2346,67.1896,69.985,4739300
2006-10-10,68.4176,69.4359,66.9021,66.9101,5752400
2006-10-11,67.1597,68.4076,66.5607,68.168,5074000
2006-10-12,68.787,68.8868,67.1896,67.3893,3640500
2006-10-13,69.6556,70.9035,69.1364,69.1364,4080000
2006-10-16,71.3428,71.3628,69.5258,69.6556,3492400
2006-10-17,71.1631,71.4107,69.8652,71.3827,3973000
2006-10-18,70.2346,71.7821,69.4359,71.1731,4496100
2006-10-19,72.3611,72.3711,70.1148,70.8836,4088600
2006-10-20,71.1631,72.5309,70.6839,72.4809,4085700
2006-10-23,71.3328,72.5309,70.1947,70.5841,4159400
2006-10-24,72.8703,73.4593,71.0832,71.3328,5125000
2006-10-25,74.1083,74.9569,72.1814,72.4809,5975300
2006-10-26,74.6274,74.9569,73.1998,74.4777,4160400
2006-10-27,70.4742,73.7289,69.7055,73.7289,8186000
2006-10-30,68.9268,70.8836,68.6173,69.8952,6415200
2006-10-31,68.9368,69.3361,67.5191,68.9068,6371900
2006-11-01,67.7387,68.8369,67.4193,68.8369,5449400
2006-11-02,67.5291,68.5174,67.1697,67.6189,4856400
2006-11-03,68.787,69.6556,67.9084,68.0382,4662300
2006-11-06,69.4359,69.8153,68.0183,68.5873,4282500
2006-11-07,69.7554,70.0749,68.6373,69.2562,4335100
2006-11-08,70.3245,70.6839,68.9767,69.2363,4623300
2006-11-09,70.6639,71.9418,69.8453,71.0333,4832800
2006-11-10,68.807,70.0649,68.2079,69.8852,4511000
2006-11-13,69.1364,69.8153,67.9484,68.4376,3777000
2006-11-14,70.2147,70.4043,68.5873,69.3361,4473500
2006-11-15,70.9235,71.5724,70.1048,70.2147,3523300
2006-11-16,69.0566,71.7322,68.8569,71.5824,5387200
2006-11-17,68.3877,69.0116,67.579,68.6872,5945700
2006-11-20,68.4376,68.9467,67.2395,68.3877,3717900
2006-11-21,69.2063,70.0749,68.6672,68.807,3138900
2006-11-22,69.8552,70.2546,68.6572,69.2063,3996000
2006-11-24,70.2746,70.8636,69.4259,69.9351,1402300
2006-11-27,69.5458,70.8137,69.4259,70.3744,4071600
2006-11-28,70.5641,70.7438,69.6656,69.6955,4253000
2006-11-29,73.7189,73.9286,70.6539,70.8536,5425200
2006-11-30,73.3096,74.0783,72.6507,73.7189,5204100
2006-12-01,72.9302,73.659,71.7421,73.3096,5480100
2006-12-04,72.4809,72.7904,71.802,72.4809,3842700
2006-12-05,72.9701,73.4693,71.9618,73.3295,4003000
2006-12-06,72.9302,73.4593,72.3711,72.4809,4676000
2006-12-07,72.1515,73.1299,71.9318,72.8803,3321300
2006-12-08,72.8603,73.8387,72.2513,72.8603,3256800
2006-12-11,72.1115,72.9302,71.8819,72.3811,2609900
2006-12-12,71.832,72.8304,71.4127,72.3611,3240300
2006-12-13,74.0883,74.3379,71.8819,72.1015,5339700
2006-12-14,76.7739,77.8721,74.4377,75.1266,7729100
2006-12-15,78.1217,78.501,76.4444,76.7739,5467000
2006-12-18,75.7456,78.7207,75.5958,78.6708,4944800
2006-12-19,76.674,77.1033,74.6773,74.877,3526800
2006-12-20,75.7755,77.0934,75.1466,75.1466,3379300
2006-12-21,75.7555,76.3146,75.2364,75.9752,4341300
2006-12-22,75.3362,76.2448,74.907,76.0151,2263300
2006-12-26,74.847,77.0534,73.9785,77.0534,1911500
2006-12-27,75.1765,75.5259,73.9286,74.857,2316100
2006-12-28,75.3263,76.075,74.6973,74.9768,2336500
2006-12-29,74.5376,75.2564,74.0583,75.0866,2649400
2007-01-03,71.3827,74.5376,70.9534,74.5376,5351900
2007-01-04,68.168,71.1531,67.5091,70.8836,8014600
2007-01-05,67.6589,68.8868,67.3494,68.3877,7243300
2007-01-08,68.0582,69.2662,67.589,68.3377,3718200
2007-01-09,68.2079,68.9268,66.4508,66.6405,5207500
2007-01-10,66.7603,68.0882,66.5607,67.9084,5223700
2007-01-11,66.1913,68.6972,65.8418,66.7603,5385000
2007-01-12,67.8585,67.9584,66.2312,66.4009,4488500
2007-01-16,67.1097,67.6489,66.2611,66.9999,4578300
2007-01-17,66.9999,68.0582,66.7404,66.9001,5946800
2007-01-18,65.8918,67.4991,65.4425,67.0898,5216600
2007-01-19,66.9301,67.3793,65.6821,66.4009,5436900
2007-01-22,66.99,67.8585,66.2312,67.0598,6011400
2007-01-23,68.4276,68.8968,67.4891,67.539,6646800
2007-01-24,68.8669,69.0066,67.1297,68.3377,4917400
2007-01-25,66.94,68.6672,66.6605,68.6572,5005500
2007-01-26,66.5207,67.6888,66.4708,67.3394,4623000
2007-01-29,66.0715,67.2895,65.9716,66.1913,4373000
2007-01-30,67.8785,68.3178,66.5906,66.8402,8051300
2007-01-31,68.9168,69.0865,67.1996,67.539,7542300
2007-02-01,69.0865,69.406,68.2279,68.8868,6471900
2007-02-02,70.9435,71.5025,68.7071,69.4858,6099700
2007-02-05,70.0749,71.6223,69.9751,71.2929,3486600
2007-02-06,70.2446,70.5341,69.0166,70.5341,4932500
2007-02-07,69.6855,71.1232,69.1863,70.7338,3781400
2007-02-08,70.3245,70.4543,68.9168,70.035,3425400
2007-02-09,70.6939,71.213,70.1048,70.5741,3908100
2007-02-12,69.995,70.1248,69.2862,69.7854,3443736
2007-02-13,70.8836,71.1731,70.1747,70.1747,3057908
2007-02-14,71.822,72.431,70.7238,70.7837,4845913
2007-02-15,65.0831,66.8901,64.6638,66.8901,23534208
2007-02-16,64.9433,65.6821,64.6837,65.3926,10839600
2007-02-20,63.4957,64.6538,63.2461,64.6538,8543900
2007-02-21,64.4441,64.5739,63.2361,63.3959,7021900
2007-02-22,65.2528,65.5723,63.9949,64.4741,5598400
2007-02-23,65.2528,65.6621,65.143,65.4125,4970100
2007-02-26,65.4824,66.1413,65.3427,65.4924,4413073
2007-02-27,64.4641,65.3327,63.7453,63.9949,7371700
2007-02-28,65.0032,65.3826,63.9549,64.4242,7456100
2007-03-01,65.0831,65.8518,63.5456,63.945,7169708
2007-03-02,64.6438,65.3127,64.1646,65.0931,5633800
2007-03-05,63.5356,64.6937,63.3659,63.9649,6277600
2007-03-06,64.0847,64.7137,63.7253,64.0448,5971700
2007-03-07,64.2644,65.5124,63.8751,63.895,6531200
2007-03-08,65.0332,65.5723,64.4541,64.7936,4765500
2007-03-09,64.8235,65.5124,64.2969,65.5124,4814200
2007-03-12,64.6538,64.9932,64.1546,64.5539,4617700
2007-03-13,63.6654,65.5423,63.3359,64.2644,6483800
2007-03-14,63.2361,64.2445,62.1579,63.8152,7853910
2007-03-15,63.3559,63.7553,62.8667,62.8667,4758850
2007-03-16,62.6371,63.915,62.4973,63.6654,4911633
2007-03-19,63.8052,64.1446,63.3359,63.3759,3630600
2007-03-20,64.2145,64.7137,63.3659,63.8451,6278200
2007-03-21,65.2228,65.7819,64.2944,64.4441,5807725
2007-03-22,65.9017,66.4009,65.5423,65.6422,5204198
2007-03-23,66.1014,66.7903,65.6422,66.3909,3149056
2007-03-26,66.381,66.7903,65.6122,66.5706,3208100
2007-03-27,66.1513,66.381,65.6222,66.0116,2490400
2007-03-28,66.0715,66.6305,65.5823,66.4908,4185800
2007-03-29,67.0499,67.9284,66.2564,66.6206,4840591
2007-03-30,66.0215,67.1397,65.8918,66.9101,4134192
2007-04-02,67.1697,67.3394,65.5723,66.1813,3795679
2007-04-03,67.1697,67.3094,66.2212,67.1197,3834200
2007-04-04,66.6206,67.1697,66.2512,66.9101,3717300
2007-04-05,67.6289,67.8585,66.3909,66.7404,3500784
2007-04-09,67.0598,68.1081,66.6904,67.6189,4015300
2007-04-10,69.3661,69.4659,67.3494,67.3893,4936660
2007-04-11,69.3161,69.7854,67.6489,67.8885,4897401
2007-04-12,70.2845,70.634,68.787,69.6656,4120554
2007-04-13,70.2446,70.624,69.6356,69.9551,3193551
2007-04-16,72.421,72.5808,69.9751,70.2845,5909823
2007-04-17,72.3611,73.4693,71.812,72.4809,5754310
2007-04-18,72.0017,72.3112,71.5125,72.0017,5197048
2007-04-19,71.243,71.7421,70.9335,71.3827,4764543
2007-04-20,72.3811,72.3911,71.4027,71.9718,4500982
2007-04-23,72.8503,73.4993,72.2813,72.9601,3734695
2007-04-24,72.6806,73.1299,71.9618,72.9402,4599527
2007-04-25,78.3812,78.7307,74.3678,74.4277,9321356
2007-04-26,80.6874,81.4762,77.6924,78.0717,7197475
2007-04-27,80.8771,82.6143,79.4695,79.9686,5289130
2007-04-30,80.2582,83.3331,80.2082,80.9969,6322382
2007-05-01,81.1667,81.6858,79.2798,80.7673,6766991
2007-05-02,82.155,82.2149,80.8472,81.3663,4036442
2007-05-03,82.8439,83.2133,81.1866,81.6459,3996823
2007-05-04,82.1351,84.0519,81.7158,82.8639,5155800
2007-05-07,81.566,82.2149,81.0768,82.1451,4068963
2007-05-08,81.1667,81.4362,79.6292,81.3164,4343400
2007-05-09,80.8672,81.6658,79.3896,80.8672,4294453
2007-05-10,78.7207,81.4861,78.7007,80.8672,4679230
2007-05-11,80.2382,80.4279,79.0701,79.0701,3918138
2007-05-14,80.0785,81.2865,79.4595,80.6176,3492427
2007-05-15,79.9187,80.9969,79.4794,79.8688,3503423
2007-05-16,79.729,80.2382,78.4711,79.8688,3488880
2007-05-17,80.8672,81.2365,78.9303,79.729,5719361
2007-05-18,82.4645,82.5644,80.8771,80.8771,4778567
2007-05-21,82.3547,83.5128,81.3663,82.7241,5018336
2007-05-22,82.0752,83.4629,81.8256,82.3547,3599382
2007-05-23,82.4845,83.7125,81.8356,82.3048,3822181
2007-05-24,80.8672,83.8622,80.4978,82.6542,4599893
2007-05-25,81.5361,82.2149,81.0169,81.6159,2427561
2007-05-29,81.4961,81.9853,80.8272,81.2865,3086400
2007-05-30,82.6742,83.2632,80.8771,81.2665,4716000
2007-05-31,82.3447,83.6526,81.3963,82.6742,3832500
2007-06-01,83.0336,83.6825,82.8239,82.9637,2694106
2007-06-04,85.4097,85.6793,82.6742,82.8639,4004530
2007-06-05,85.3398,85.819,84.3015,85.819,4598126
2007-06-06,83.7524,85.3398,83.3631,85.21,4510910
2007-06-07,82.6942,84.7208,82.5743,83.383,4785074
2007-06-08,82.8838,83.0136,81.6758,82.3647,4184654
2007-06-11,83.8423,84.3614,82.3447,84.3614,2960600
2007-06-12,82.6742,83.9521,82.6143,83.8423,2922490
2007-06-13,83.8622,84.2915,82.864,82.9238,5731200
2007-06-14,86.2383,86.3482,83.9121,83.9121,4150305
2007-06-15,87.8657,88.295,86.3182,86.7275,4895742
2007-06-18,89.2134,89.6028,87.8457,87.8756,4960700
2007-06-19,88.874,89.3732,87.7858,89.0038,4422900
2007-06-20,86.6676,89.1336,86.3681,89.0537,3951673
2007-06-21,88.5645,88.8041,86.6377,86.9072,3431492
2007-06-22,88.4747,89.8025,86.7874,88.874,5529230
2007-06-25,86.8373,88.4747,86.2483,88.4747,4381900
2007-06-26,84.8207,87.057,84.621,86.8573,4441247
2007-06-27,85.1301,85.3398,83.0935,84.1518,7061158
2007-06-28,84.3115,86.7475,83.9521,85.4696,4177394
2007-06-29,83.992,84.8706,83.4329,83.4629,6371401
2007-07-02,85.7491,85.7491,83.8722,84.4613,3046085
2007-07-03,86.9572,87.037,85.6493,85.6593,1905600
2007-07-05,87.1468,87.9755,86.4679,87.7259,3651784
2007-07-06,87.5462,88.0554,87.1468,87.7259,2414863
2007-07-09,88.1652,88.6644,87.3166,87.8257,3249484
2007-07-10,87.6061,88.6044,87.5062,87.5562,3146800
2007-07-11,86.9771,87.2367,85.3398,86.6077,4439713
2007-07-12,88.9838,89.4331,86.9771,87.1069,3791200
2007-07-13,83.8622,85.3498,83.0136,84.4613,13740870
2007-07-16,81.7457,84.1118,81.2066,83.8722,6624761
2007-07-17,80.7673,82.764,80.5177,81.9653,5769272
2007-07-18,82.175,82.3248,80.5676,80.5676,6080627
2007-07-19,83.6027,83.8123,82.0053,82.8639,4240496
2007-07-20,82.2649,84.0619,81.7657,82.7141,4811600
2007-07-23,83.7125,84.2216,82.4845,83.5827,6569014
2007-07-24,82.1451,83.5028,81.6359,82.8639,4319718
2007-07-25,82.8938,82.9338,80.9271,82.6842,4485108
2007-07-26,81.1267,83.8922,80.0884,82.1151,6101623
2007-07-27,79.2997,82.175,79.0302,80.7174,6545533
2007-07-30,79.0901,80.1483,77.8122,79.6192,6027940
2007-07-31,78.9203,80.7174,78.8006,79.8488,6026255
2007-08-01,79.0002,80.8771,77.4428,78.8704,6138276
2007-08-02,78.06,80.62,77.06,80.62,5991900
2007-08-03,75.84,79.07,75.3,78.18,7311016
2007-08-06,76.4,76.52,73.65,76.48,7811960
2007-08-07,79.48,80.7,75.25,75.25,7635107
2007-08-08,79.45,82.09,78.93,79.05,6515386
2007-08-09,79.41,83.07,78.16,78.3,9259390
2007-08-10,80.53,81.33,77.64,79.65,6483557
2007-08-13,79.69,83.06,79.4,82.25,3425200
2007-08-14,78.24,80.25,77.92,79.95,3675970
2007-08-15,77.19,79.4,74.612,78.15,5763722
2007-08-16,76.6,77.45,73.93,76.19,7596116
2007-08-17,78.61,83.94,77.55,79.5,6913291
2007-08-20,78.8,79.61,77.35,78.05,3752573
2007-08-21,77.84,79.28,76.85,78.84,4009991
2007-08-22,78.24,79.25,77.91,78.82,3486300
2007-08-23,79.42,80.01,78.28,79.49,3089500
2007-08-24,81.65,82.18,79.56,79.9,3303300
2007-08-27,80.77,81.52,79.96,81.15,2118310
2007-08-28,79.69,80.98,79.43,80.5,2864600
2007-08-29,82.19,83.0,80.09,80.2,3156800
2007-08-30,82.28,83.25,81.49,81.55,2602400
2007-08-31,83.86,84.33,83.05,83.35,3120400
2007-09-04,85.37,86.17,83.27,83.86,3974198
2007-09-05,85.85,86.14,84.54,84.65,3536799
2007-09-06,86.22,87.24,84.94,86.13,4626000
2007-09-07,85.31,85.62,83.88,85.33,3373900
2007-09-10,84.34,85.13,82.8,84.9,3208500
2007-09-11,85.73,86.21,83.18,84.95,3931000
2007-09-12,86.36,87.2,85.5,85.7,3511786
2007-09-13,86.89,87.76,86.36,86.41,2790100
2007-09-14,87.07,87.7,86.11,86.25,2306256
2007-09-17,85.75,86.94,85.22,86.55,3476300
2007-09-18,88.48,88.67,85.16,85.77,3530400
2007-09-19,88.23,90.0,87.54,89.08,4237883
2007-09-20,89.05,89.55,87.4,87.85,3243400
2007-09-21,90.73,91.13,88.97,89.9,5134679
2007-09-24,90.67,91.25,90.05,90.4,3746600
2007-09-25,89.78,90.03,88.95,89.51,2809277
2007-09-26,89.29,90.78,87.86,90.5,4302000
2007-09-27,90.67,91.07,88.86,89.66,2657800
2007-09-28,90.37,92.1,89.79,91.47,2859200
2007-10-01,92.34,93.0,89.86,90.37,4054130
2007-10-02,92.45,92.56,90.59,91.95,3830200
2007-10-03,92.62,93.75,91.85,92.0,3280000
2007-10-04,93.15,93.48,91.07,92.4,3359323
2007-10-05,92.39,93.65,91.36,93.5,3587600
2007-10-08,91.11,92.16,90.83,91.74,1964600
2007-10-09,92.15,92.5,90.44,91.31,3522400
2007-10-10,96.7,96.87,91.75,91.8,7075300
2007-10-11,95.79,99.66,94.66,97.4,6672100
2007-10-12,96.6,97.59,94.57,96.35,2708511
2007-10-15,98.5,99.46,97.22,98.0,3582000
2007-10-16,98.75,100.29,97.63,98.1,4403100
2007-10-17,97.04,99.13,96.05,98.92,3615688
2007-10-18,96.39,97.5,95.95,96.3,3812200
2007-10-19,90.79,93.74,90.52,93.43,9174312
2007-10-22,90.69,91.01,88.81,89.31,4148337
2007-10-23,91.26,92.49,89.71,91.69,4174347
2007-10-24,92.95,93.76,90.41,91.34,3482800
2007-10-25,93.69,94.42,91.18,93.8,4679408
2007-10-26,90.05,94.3,87.49,94.17,7761084
2007-10-29,87.99,90.57,87.4,90.06,4978100
2007-10-30,86.25,87.58,85.84,87.39,4791100
2007-10-31,86.72,87.99,84.74,86.74,4969000
2007-11-01,84.36,87.4,84.1,85.22,4673900
2007-11-02,85.2,86.25,83.09,84.96,3927800
2007-11-05,84.18,84.57,83.3,84.22,3218793
2007-11-06,87.01,87.09,84.77,84.92,3381700
2007-11-07,85.21,87.4,85.0,86.25,4206727
2007-11-08,86.55,86.99,84.74,85.63,4338876
2007-11-09,85.25,86.45,84.46,85.22,3719154
2007-11-12,81.67,86.48,81.58,86.48,5102229
2007-11-13,82.61,83.18,79.85,81.55,5983561
2007-11-14,81.48,84.4,81.16,83.28,5013580
2007-11-15,78.71,82.2,77.92,81.33,6179767
2007-11-16,80.55,80.76,78.91,79.42,4881217
2007-11-19,78.34,80.49,78.01,80.2,3874361
2007-11-20,81.55,82.37,78.76,78.76,5844162
2007-11-21,80.27,82.16,80.27,80.72,2829040
2007-11-23,82.31,82.73,80.08,80.64,1179700
