Price,Close,High,Low,Open,Volume
Ticker,BUD,BUD,BUD,BUD,BUD
Date,,,,,
1999-11-24,31.6545,31.8876,30.9292,31.1882,2026800
1999-11-26,31.4473,31.5767,31.4213,31.4991,500400
1999-11-29,31.0846,31.3955,30.8256,31.1882,3150600
1999-11-30,31.0069,31.1105,30.7737,31.0846,2231000
1999-12-01,31.0846,31.2918,31.0069,31.0846,2097000
1999-12-02,30.7737,31.0587,30.6183,31.0328,1910800
1999-12-03,30.4369,31.0587,30.3593,30.8774,2150000
1999-12-06,30.2556,30.5147,29.7117,30.5147,4062400
1999-12-07,30.2556,30.981,29.7117,30.5147,2637000
1999-12-08,30.6701,31.1105,30.6442,31.0846,2492000
1999-12-09,30.3075,31.0846,30.2297,31.0846,2459000
1999-12-10,30.2556,30.6442,30.2556,30.4629,1716000
1999-12-13,29.9966,30.2297,29.9189,30.152,2817800
1999-12-14,30.7478,31.1882,29.9189,29.9448,2521400
1999-12-15,29.9707,30.6701,29.9707,30.6701,3753000
1999-12-16,29.7376,30.0485,29.4008,29.9448,1807000
1999-12-17,28.1833,29.6858,27.9761,29.634,7108800
1999-12-20,28.3906,29.1159,28.3129,28.4683,4310000
1999-12-21,27.6653,28.5978,27.4062,28.3906,4470000
1999-12-22,27.6394,28.1833,27.6394,27.7689,3805600
1999-12-23,27.8984,28.3906,27.5617,27.743,2792400
1999-12-27,28.7273,28.7532,28.1833,28.287,2149600
1999-12-28,28.9605,29.4785,28.9605,29.3231,0
1999-12-29,28.7792,29.2713,28.7014,28.8568,1324600
1999-12-30,29.349,29.7376,28.7014,28.8827,1394400
1999-12-31,29.3749,29.5044,29.2713,29.4008,915400
2000-01-03,29.0123,29.4785,28.9863,29.1677,2021800
2000-01-04,29.09,30.1003,28.8309,28.9086,2501000
2000-01-05,30.4369,30.8774,28.8827,28.8827,5023800
2000-01-06,30.8774,31.1364,30.1262,30.3334,3270400
2000-01-07,31.6286,32.328,31.0846,31.1882,6211800
2000-01-10,30.8774,31.4991,30.6442,31.4991,1721400
2000-01-11,30.4888,31.0328,30.2816,30.8774,1524400
2000-01-12,31.3695,31.4473,30.4888,30.4888,2166600
2000-01-13,30.8774,31.4473,30.696,31.2141,1853400
2000-01-14,30.3334,31.0846,30.2556,30.8774,2187800
2000-01-18,29.5821,30.5147,29.5304,30.2038,3328200
2000-01-19,30.0485,30.3334,29.634,29.634,2160000
2000-01-20,29.6858,30.3593,29.634,29.9966,1837600
2000-01-21,29.4267,29.8412,29.2195,29.8412,3475800
2000-01-24,28.6496,29.4785,28.4683,29.4267,2561000
2000-01-25,28.287,28.9605,27.8466,28.7014,2264000
2000-01-26,28.002,28.4683,27.7689,28.287,3669000
2000-01-27,27.7171,28.2351,27.6653,28.002,3546600
2000-01-28,27.5617,28.2351,27.5617,27.8725,3530400
2000-01-31,27.9761,28.0538,27.3544,27.7689,2970000
2000-02-01,28.5978,28.8827,27.3544,27.7689,2528200
2000-02-02,28.9345,29.0382,28.7532,28.8051,3334200
2000-02-03,28.0797,29.7376,28.0797,29.1677,4259600
2000-02-04,27.6653,28.3647,27.199,28.3647,4420400
2000-02-07,28.1091,28.5536,27.6907,27.6907,2465200
2000-02-08,27.8476,28.3967,27.7952,28.1352,3430400
2000-02-09,27.8215,28.2921,27.5861,27.9783,2882600
2000-02-10,27.8737,28.2398,27.8215,27.9783,2528000
2000-02-11,27.2201,28.1091,27.0893,28.0829,2223600
2000-02-14,25.9911,27.4815,25.5727,27.2201,9367200
2000-02-15,26.4356,26.4618,25.8864,26.0433,6177600
2000-02-16,25.9388,26.6186,25.8864,26.2787,3209000
2000-02-17,25.2851,26.2003,25.102,26.0433,4137800
2000-02-18,25.1805,25.5989,25.102,25.102,2193600
2000-02-22,25.808,26.1741,24.5791,25.1282,2857600
2000-02-23,26.0433,26.2787,24.6314,25.6773,4398600
2000-02-24,24.5529,25.7819,23.8207,25.7819,8685600
2000-02-25,25.102,25.3112,24.213,24.6314,5205800
2000-02-28,25.625,25.7819,24.9974,25.2066,2913400
2000-02-29,26.8278,26.8539,26.2525,26.7755,5155600
2000-03-01,26.3571,26.9063,26.0433,26.8278,2923600
2000-03-02,25.2589,26.2525,25.102,26.2003,3172000
2000-03-03,25.8342,26.2264,25.3897,25.5204,1816000
2000-03-06,25.2066,25.7034,24.9974,25.6773,1788600
2000-03-07,23.6639,24.919,23.5331,24.8929,4698600
2000-03-08,24.1346,24.6314,23.8207,23.8469,2833000
2000-03-09,24.2653,24.2653,23.507,24.0561,2604800
2000-03-10,23.7423,24.396,23.4286,24.3699,2674000
2000-03-13,23.507,24.213,23.3763,23.5331,2209800
2000-03-14,23.0363,23.69,22.8533,23.69,2495400
2000-03-15,24.7621,24.8144,23.1671,23.1671,3767000
2000-03-16,25.7557,26.7755,25.625,26.148,5867800
2000-03-17,25.8342,26.331,25.625,26.0433,2970400
2000-03-20,24.6837,25.3897,24.5791,25.2851,2091800
2000-03-21,24.919,25.3112,24.2653,24.6837,3901800
2000-03-22,24.5791,25.4158,23.8469,24.8144,4155800
2000-03-23,24.736,25.4419,24.213,24.5268,3106000
2000-03-24,23.9777,24.7098,23.9777,24.6837,3236400
2000-03-27,24.1607,24.4483,23.7162,24.1084,2510600
2000-03-28,24.3438,24.5791,23.7162,24.1084,2927200
2000-03-29,25.2589,25.6773,24.5529,24.8667,3330000
2000-03-30,26.9063,27.2201,25.4681,25.5727,4226800
2000-03-31,26.0433,26.7755,25.7296,26.7755,2691800
2000-04-03,27.743,28.0306,26.148,26.148,4588200
2000-04-04,28.0045,29.2857,27.037,28.449,5184400
2000-04-05,27.7691,28.7105,27.1154,28.0306,2224000
2000-04-06,27.3769,28.3967,27.2723,27.9783,1861200
2000-04-07,27.3508,27.8737,27.1677,27.5077,1779200
2000-04-10,28.0567,28.1614,27.3508,27.3508,2394400
2000-04-11,28.8673,28.8673,28.1091,28.1091,4253200
2000-04-12,29.3903,29.4949,28.7889,28.8673,3405600
2000-04-13,29.4949,30.1225,28.8673,29.4949,3425200
2000-04-14,27.5338,29.2596,27.4292,28.8673,2766800
2000-04-17,28.0306,28.2921,27.037,27.6384,2077400
2000-04-18,28.4228,29.0243,27.8999,28.0306,2619400
2000-04-19,28.3705,28.7889,27.9521,28.0306,1793600
2000-04-20,29.9656,30.1225,28.2921,28.449,3857800
2000-04-24,31.273,31.456,29.6518,29.6518,4752000
2000-04-25,31.1161,31.7959,30.9331,31.5868,3681400
2000-04-26,31.1945,31.3253,30.384,31.1161,3235600
2000-04-27,29.9133,30.6977,29.5995,30.3317,3167400
2000-04-28,29.2596,29.9656,29.1289,29.8087,2052000
2000-05-01,29.2857,29.7302,29.1812,29.4165,2334800
2000-05-02,29.3119,29.5733,29.0765,29.2334,2423000
2000-05-03,30.1225,30.4886,29.3119,29.3119,2497200
2000-05-04,30.9592,31.3253,29.9656,30.1225,2818800
2000-05-05,30.6151,30.9843,30.3251,30.9843,1854400
2000-05-08,30.747,30.9843,30.4833,30.6943,1910400
2000-05-09,31.5644,31.6172,30.7997,30.7997,2523200
2000-05-10,32.461,32.9093,31.5644,31.6172,4849800
2000-05-11,33.3049,33.6213,32.3819,32.7775,4053400
2000-05-12,32.4346,33.0411,32.1182,33.0411,2707600
2000-05-15,32.6719,32.9093,31.9864,32.3292,2313400
2000-05-16,32.4874,32.8829,32.0391,32.8566,2405000
2000-05-17,32.1709,32.3292,31.8809,32.2765,1032200
2000-05-18,32.0655,32.4874,31.9864,32.0655,838400
2000-05-19,31.7754,32.5401,31.6172,31.7491,1792800
2000-05-22,32.461,32.8038,31.3535,31.8545,2867000
2000-05-23,32.8038,32.8038,31.96,32.5138,1532800
2000-05-24,33.674,34.1223,32.8829,32.8829,5227600
2000-05-25,33.6477,33.7531,33.1466,33.7531,3358000
2000-05-26,34.3069,34.597,33.6477,33.7267,3615400
2000-05-30,33.4367,34.2278,32.9621,34.2278,2415000
2000-05-31,32.6193,33.7004,32.6193,33.4895,0
2000-06-01,32.8038,33.7004,32.5929,32.5929,2542400
2000-06-02,30.6679,32.7511,30.6679,32.7511,5815600
2000-06-05,31.5117,31.6963,30.6679,30.7997,2912800
2000-06-06,31.4326,31.9336,31.3271,31.8545,1625800
2000-06-07,32.5138,32.5401,31.5908,31.5908,2300200
2000-06-08,33.1994,33.2257,31.7358,32.7511,1845400
2000-06-09,32.7775,33.4103,32.7775,33.0939,2160000
2000-06-12,31.9864,32.6456,31.96,32.4874,1494600
2000-06-13,33.5158,33.7267,32.1446,32.4874,2284000
2000-06-14,33.8322,33.9377,33.0411,33.5158,2703800
2000-06-15,34.096,34.5706,33.7004,33.7795,2952200
2000-06-16,32.5929,34.2805,32.2765,33.8586,4775800
2000-06-19,32.7775,33.3049,32.6193,32.9093,2885400
2000-06-20,31.5117,32.6719,31.3535,32.6719,2566000
2000-06-21,31.5381,32.1182,31.3271,31.5381,1887000
2000-06-22,32.0655,32.6719,32.0127,32.0655,2111600
2000-06-23,32.1973,32.4346,31.7491,32.1182,1497400
2000-06-26,33.4367,33.6477,32.4874,32.4874,2837800
2000-06-27,32.5929,33.674,32.4346,33.5949,2376800
2000-06-28,32.5665,32.9621,32.2501,32.5929,1992200
2000-06-29,32.1182,33.0411,32.0655,32.3819,2580800
2000-06-30,31.5117,32.1973,31.5117,32.1973,2927200
2000-07-03,32.1709,32.1709,31.5117,31.5117,1434600
2000-07-05,32.5929,33.0148,32.4874,32.5929,1750400
2000-07-06,32.8038,33.5949,32.8038,32.8566,1988800
2000-07-07,32.5401,32.8302,32.4874,32.8038,1839200
2000-07-10,32.9093,32.9884,32.5665,32.6983,0
2000-07-11,33.4895,33.8059,33.2521,33.5422,3567000
2000-07-12,33.3576,33.6213,32.9093,33.5949,2228400
2000-07-13,33.8059,33.9377,32.9093,33.5949,2186200
2000-07-14,33.3312,33.8322,33.0675,33.3312,2350400
2000-07-17,34.0169,34.7024,33.8586,33.9641,3100600
2000-07-18,34.4124,34.8079,34.0432,34.175,2839000
2000-07-19,34.6497,34.9925,34.5178,34.5706,1386200
2000-07-20,34.096,34.9661,34.0696,34.6761,1403600
2000-07-21,33.2785,34.9661,32.9621,34.6761,2016000
2000-07-24,33.1994,33.6477,32.9356,33.173,2483400
2000-07-25,33.2257,33.885,33.0148,33.3049,2958000
2000-07-26,33.2785,33.9641,32.5401,33.1203,3285000
2000-07-27,33.9641,34.4388,33.6477,33.6477,2698000
2000-07-28,34.3333,34.5706,33.9905,34.0169,1762200
2000-07-31,33.9641,34.8079,33.9641,34.3069,1644800
2000-08-01,33.7531,34.7024,33.7531,34.1223,1655400
2000-08-02,34.9134,34.9925,33.8322,33.9641,1784000
2000-08-03,35.098,35.9945,34.9661,34.9661,3589400
2000-08-04,35.2562,35.2562,34.8343,35.1771,3612400
2000-08-07,34.882,35.4137,34.7225,35.3871,1508600
2000-08-08,35.8125,35.9454,34.882,34.882,2118400
2000-08-09,35.8923,36.0784,35.201,35.7062,0
2000-08-10,35.7859,36.0784,35.6264,35.9189,1739800
2000-08-11,36.5836,36.7696,35.9986,36.1316,2178600
2000-08-14,37.2216,37.2216,36.2645,37.009,2598600
2000-08-15,35.9454,37.1419,35.8391,37.1153,1879000
2000-08-16,35.334,35.653,34.9884,35.6264,2397000
2000-08-17,34.9352,35.334,34.882,34.9884,2246000
2000-08-18,34.8288,35.3074,34.6693,34.9884,1344400
2000-08-21,35.1744,35.3605,34.8554,34.9352,1397400
2000-08-22,34.8022,35.0149,34.1907,34.882,2722400
2000-08-23,35.3605,35.4403,34.4034,34.4034,1970200
2000-08-24,34.9352,35.4403,34.8288,35.4403,1349000
2000-08-25,34.0046,34.5895,33.8451,34.5629,2553000
2000-08-28,34.111,34.4034,33.9249,34.2439,2382800
2000-08-29,34.5629,34.6161,34.0844,34.111,1639600
2000-08-30,33.1804,34.4832,33.1804,34.4566,5426000
2000-08-31,33.526,34.0844,33.2868,33.3399,2672000
2000-09-01,32.9678,33.4995,32.755,33.4995,4443400
2000-09-05,32.5955,33.4463,32.2233,32.9678,4224000
2000-09-06,32.4625,33.1538,32.3562,32.9678,2951200
2000-09-07,33.4197,33.659,32.7019,32.755,3591600
2000-09-08,34.1907,34.2971,33.4197,33.4197,2561400
2000-09-11,34.8288,34.8288,34.0046,34.0312,3008400
2000-09-12,34.7757,34.8288,34.4566,34.4566,1796400
2000-09-13,35.653,35.7062,34.8288,34.882,2364400
2000-09-14,35.5467,35.7859,34.6959,35.4403,2682200
2000-09-15,34.7757,35.9189,34.7225,35.5467,2431200
2000-09-18,35.2808,35.5998,34.6427,34.882,2765600
2000-09-19,36.0518,36.6899,35.6264,35.7328,2002700
2000-09-20,36.2645,36.2645,35.7328,35.8391,2108400
2000-09-21,36.5836,36.5836,35.7328,35.8391,2295100
2000-09-22,37.7002,38.0724,37.328,37.328,2689800
2000-09-25,37.647,37.8597,37.328,37.4875,1278700
2000-09-26,37.3811,38.232,36.6367,37.7002,1624400
2000-09-27,36.7962,37.9661,36.0518,37.2216,2193900
2000-09-28,36.7962,37.7002,36.5304,37.647,1814700
2000-09-29,35.9986,36.5304,35.7328,35.8391,2849600
2000-10-02,35.5201,35.8923,35.4669,35.8391,2822900
2000-10-03,37.1153,37.9661,35.2542,35.6264,1944400
2000-10-04,36.0518,37.9661,35.6264,37.9661,2872600
2000-10-05,37.009,37.3811,35.7328,35.7328,1769600
2000-10-06,36.5836,37.4875,36.1581,37.1153,1125900
2000-10-09,35.9454,36.9026,35.6264,36.3709,1493300
2000-10-10,37.328,37.4343,35.9986,36.5304,1601800
2000-10-11,35.8391,37.8066,35.8391,37.328,2158800
2000-10-12,36.3709,37.7002,36.3709,37.4343,2316100
2000-10-13,36.0518,37.5407,35.7859,37.009,1973400
2000-10-16,36.9558,37.4343,35.9986,36.0518,1878600
2000-10-17,36.9026,37.5407,36.6367,37.009,1216000
2000-10-18,38.0192,38.2851,37.009,37.4343,2601300
2000-10-19,37.4343,37.647,36.5304,36.7962,2792800
2000-10-20,35.6264,36.7962,35.0947,36.7962,2746800
2000-10-23,35.6264,36.424,35.201,35.201,2526800
2000-10-24,36.7431,37.1685,35.8391,36.5836,1425900
2000-10-25,34.6693,37.4343,34.6693,37.328,1504200
2000-10-26,35.7328,36.1581,34.0844,35.7328,6894400
2000-10-27,37.2216,37.5407,35.9454,36.1581,2647200
2000-10-30,39.4549,39.5613,37.7534,37.7534,3234800
2000-10-31,38.9232,39.3486,37.8066,39.2422,2292000
2000-11-01,37.4343,39.4018,36.6899,38.9763,2970900
2000-11-02,37.3811,37.5939,36.7962,37.4343,1477800
2000-11-03,37.8597,37.8597,37.1153,37.4875,1535000
2000-11-06,38.4978,38.6042,37.4875,37.647,1636800
2000-11-07,37.9863,38.2542,37.7184,38.147,816200
2000-11-08,38.6292,39.54,37.772,37.8791,1550400
2000-11-09,39.6472,39.8615,38.8435,38.8435,2317400
2000-11-10,40.1829,40.7187,39.4328,39.4328,3161000
2000-11-13,39.9151,41.0401,39.4328,40.3973,2121200
2000-11-14,40.6651,40.8794,39.8079,40.1829,2095300
2000-11-15,39.8079,40.2901,38.8435,39.2185,3997700
2000-11-16,40.7723,40.7723,39.3257,39.8079,2267000
2000-11-17,40.8259,41.6831,40.3973,41.2009,2862700
2000-11-20,41.2009,41.8974,41.0938,41.1473,2387800
2000-11-21,42.7011,42.7547,40.7723,40.933,3289200
2000-11-22,41.8974,42.5403,41.2545,42.2189,2443300
2000-11-24,41.951,42.0046,41.2009,41.8974,948200
2000-11-27,41.2009,41.951,40.8259,41.4688,2565500
2000-11-28,41.1473,41.4688,40.558,40.8259,1690900
2000-11-29,40.6116,41.2545,40.2901,41.1473,2661500
2000-11-30,40.6651,40.8259,39.9151,40.2901,2308200
2000-12-01,40.3973,41.2009,40.2901,40.6116,2332000
2000-12-04,39.9686,40.7723,39.5936,40.3973,1726400
2000-12-05,40.1829,40.6651,39.54,40.1829,2393300
2000-12-06,39.2721,40.2365,38.3613,40.2365,2748300
2000-12-07,41.2009,41.5759,39.2721,39.2721,2845000
2000-12-08,39.5936,41.1473,39.4328,41.1473,2188300
2000-12-11,39.3793,40.9866,39.3793,39.6472,2285800
2000-12-12,39.6472,40.6116,39.2721,39.4328,2022200
2000-12-13,40.7723,40.7723,39.4864,39.54,1456200
2000-12-14,40.7187,40.9866,40.2365,40.7187,1706200
2000-12-15,41.8974,42.0046,40.2901,40.2901,3302300
2000-12-18,40.6651,41.5224,40.2365,41.4688,3408800
2000-12-19,40.2901,41.0401,39.3257,40.2901,2837700
2000-12-20,39.2185,39.7543,38.6828,38.7364,2426800
2000-12-21,37.4505,38.5221,36.4861,38.4685,3680800
2000-12-22,36.3254,36.9683,35.4681,36.9683,4581200
2000-12-26,37.1826,37.6648,36.111,36.4325,1994800
2000-12-27,38.5756,39.3793,37.3969,37.3969,2269900
2000-12-28,38.8435,39.0578,37.7184,38.6828,1443600
2000-12-29,39.0042,40.1293,38.7364,39.0042,1619400
2001-01-02,38.0934,39.165,37.8255,38.8971,1328200
2001-01-03,35.361,38.0399,35.0395,37.8255,5298700
2001-01-04,33.0036,36.0039,31.5034,35.1467,13139000
2001-01-05,35.2538,36.0039,33.2715,33.4322,7851300
2001-01-08,34.6645,36.2182,34.3965,35.5753,4242900
2001-01-09,34.5573,35.361,34.5573,34.9324,5105900
2001-01-10,34.2894,35.1467,33.8608,34.8252,5652100
2001-01-11,34.343,35.0931,34.2894,34.8252,3503200
2001-01-12,34.6645,34.9324,33.5393,34.718,5730600
2001-01-16,36.2718,36.4325,34.7716,35.2538,3130200
2001-01-17,34.2894,36.3254,34.2894,36.0039,4310800
2001-01-18,34.8788,35.2002,34.2894,34.3965,4307800
2001-01-19,34.2358,34.5037,34.1822,34.3965,6981100
2001-01-22,34.2358,34.718,34.1822,34.2358,2198500
2001-01-23,34.4502,34.6109,34.2358,34.2894,2785700
2001-01-24,34.6109,35.0395,34.2894,34.2894,2212600
2001-01-25,35.4145,35.8432,34.4502,35.0395,2312000
2001-01-26,35.4145,36.1646,34.9324,35.9503,1404200
2001-01-29,36.664,36.844,35.6439,35.7896,1875900
2001-01-30,36.5011,36.9725,36.1496,36.604,1237300
2001-01-31,37.1697,37.2898,35.5495,36.5011,2119600
2001-02-01,37.1954,37.3583,36.7925,37.204,1692400
2001-02-02,36.724,37.1869,36.4411,37.1612,1519000
2001-02-05,35.0609,36.9468,35.0609,36.8611,3751000
2001-02-06,35.0009,35.781,34.8895,35.5753,1948900
2001-02-07,36.2631,37.3868,35.243,35.243,2520200
2001-02-08,35.779,37.3868,35.243,35.243,3107300
2001-02-09,37.2312,37.4733,35.9086,35.9086,1610500
2001-02-12,37.1016,37.6461,36.7385,37.1707,2064100
2001-02-13,37.9314,37.9919,36.6088,36.6088,2388200
2001-02-14,37.1707,38.6835,37.1707,38.2859,2472500
2001-02-15,37.1707,37.603,36.5569,37.1794,2023300
2001-02-16,37.7499,38.1043,37.1794,37.603,1151700
2001-02-20,38.8132,39.0293,37.603,37.603,2382900
2001-02-21,38.7699,39.5047,38.2945,39.1589,1606500
2001-02-22,37.5511,38.986,37.3436,38.6835,1607200
2001-02-23,37.43,38.0351,37.0151,38.0351,1191600
2001-02-26,37.3868,38.0351,37.1621,38.0351,1532400
2001-02-27,38.2253,38.3809,37.2053,37.5165,1112600
2001-02-28,37.6894,38.7267,37.1534,38.7267,1304700
2001-03-01,37.1707,38.3377,37.041,38.0351,1605400
2001-03-02,36.5224,37.9487,36.3841,37.603,3193700
2001-03-05,37.1794,37.3436,36.4964,36.7298,1987600
2001-03-06,35.874,36.7385,35.3986,36.7385,4243100
2001-03-07,37.1707,37.43,35.874,35.874,4350900
2001-03-08,38.2513,38.3464,37.0843,37.3436,1890300
2001-03-09,38.8564,39.1243,38.3895,39.1157,3224100
2001-03-12,38.208,39.9369,38.1043,38.7267,2849100
2001-03-13,37.5597,38.4328,37.188,38.2945,1704400
2001-03-14,37.5684,38.0957,37.3004,37.603,1818200
2001-03-15,38.0524,38.0697,37.1707,37.5684,1681000
2001-03-16,38.5106,39.1589,37.9487,38.1043,3045400
2001-03-19,37.819,38.7958,37.6807,38.2513,1706300
2001-03-20,37.7153,38.9774,37.3782,38.0351,2996700
2001-03-21,38.2859,38.9947,37.9487,38.0351,2529700
2001-03-22,37.041,38.6748,36.8508,38.4241,4697000
2001-03-23,38.5106,38.7699,37.3782,38.0351,2816100
2001-03-26,38.4414,38.9428,37.9487,38.9428,2445200
2001-03-27,38.9515,38.9515,38.0006,38.597,2874400
2001-03-28,40.1617,40.5852,38.3809,38.8132,2885300
2001-03-29,39.254,39.375,38.4328,38.9342,3054300
2001-03-30,39.7035,39.8505,38.9082,38.9428,1813800
2001-04-02,40.153,40.3691,39.5047,39.6776,1801600
2001-04-03,39.1157,39.6343,38.4241,39.3491,2182300
2001-04-04,38.0351,38.0351,37.2571,37.819,3802200
2001-04-05,37.067,38.1129,36.436,38.0351,4523300
2001-04-06,36.4964,37.9833,36.1334,37.3004,3377900
2001-04-09,36.0815,36.3322,35.4764,36.0037,3600900
2001-04-10,36.0469,36.7385,35.8654,36.1334,3345100
2001-04-11,33.6092,34.7935,33.3672,34.5774,10395500
2001-04-12,35.2257,35.4418,33.9291,34.1452,5806400
2001-04-16,35.9346,36.2631,34.8799,34.9232,2121300
2001-04-17,35.9346,36.3927,35.3986,35.7012,3323100
2001-04-18,34.5687,35.9605,34.102,35.9605,7178100
2001-04-19,35.0528,35.2862,34.3181,34.8367,3199200
2001-04-20,35.269,35.3035,34.7849,35.1825,1983700
2001-04-23,34.975,35.6925,34.8799,35.2257,2309200
2001-04-24,34.3786,35.4591,34.2749,34.9664,1736600
2001-04-25,35.2517,35.3554,33.9723,34.3786,3096400
2001-04-26,34.5774,35.0096,34.3181,34.7935,5456300
2001-04-27,35.269,35.4418,34.5947,34.6206,2645300
2001-04-30,34.5687,35.7531,34.5687,35.5715,4916500
2001-05-01,34.5342,34.9578,34.4909,34.5774,2840600
2001-05-02,34.4131,34.8281,34.4131,34.7503,3077300
2001-05-03,34.9664,35.1825,34.3181,34.4131,3390900
2001-05-04,35.3294,35.6147,35.1393,35.4418,2732900
2001-05-07,35.5555,36.0437,35.3027,35.4335,2557300
2001-05-08,35.4335,35.8257,35.3463,35.6078,1907800
2001-05-09,35.7124,35.8431,35.4857,35.634,2187800
2001-05-10,35.5642,36.3923,35.477,36.3923,2475800
2001-05-11,35.9129,35.9129,35.5817,35.7386,1726400
2001-05-14,36.6102,36.6364,35.9565,36.3923,2277200
2001-05-15,37.0461,37.2379,36.5928,37.0897,2855200
2001-05-16,38.3972,38.3972,37.0984,37.1332,3863400
2001-05-17,38.2664,38.4233,37.5429,38.3972,3225700
2001-05-18,38.0659,38.4059,37.8219,38.3536,1764400
2001-05-21,38.31,38.432,37.9264,38.1095,1761900
2001-05-22,37.8829,38.3885,37.3947,38.3536,2378600
2001-05-23,38.0921,38.1357,37.7347,37.8829,1862300
2001-05-24,37.6562,38.2751,37.6213,38.0834,2639800
2001-05-25,37.508,38.0049,36.9589,37.7434,1623100
2001-05-29,38.0049,38.249,37.6039,37.6388,1286100
2001-05-30,38.1967,38.4146,37.9178,38.0049,1320100
2001-05-31,38.3536,38.7459,38.0485,38.1967,1413500
2001-06-01,38.1269,38.3972,37.8741,38.2228,1762000
2001-06-04,37.4383,38.1095,37.4034,37.9178,1761700
2001-06-05,37.4819,37.8306,37.2204,37.787,1513300
2001-06-06,37.0897,37.6126,36.9589,37.4819,1585100
2001-06-07,37.6998,37.6998,37.0984,37.3076,1714100
2001-06-08,37.386,38.2141,37.1332,37.1332,694100
2001-06-11,36.5754,37.2117,36.1656,36.9502,1993900
2001-06-12,37.0809,37.1856,36.6102,36.6102,1847200
2001-06-13,36.6015,37.3337,36.5928,37.264,1654600
2001-06-14,36.9153,36.924,36.5666,36.6102,1335000
2001-06-15,36.3487,36.7323,36.3487,36.3487,2889900
2001-06-18,36.1831,36.6102,36.1134,36.6102,1846100
2001-06-19,36.0524,36.218,35.7386,36.1744,1964800
2001-06-20,36.3052,36.5231,36.1221,36.1308,1544900
2001-06-21,36.924,37.0286,35.9565,35.9565,2606300
2001-06-22,37.2204,37.7609,36.8892,37.0461,1756200
2001-06-25,37.4122,37.8044,37.2727,37.4819,1904000
2001-06-26,37.4209,37.6911,37.3076,37.4819,2770000
2001-06-27,36.5666,37.569,36.5666,37.569,1769000
2001-06-28,37.264,37.3076,36.6451,36.6974,1764400
2001-06-29,35.9129,37.5952,35.7386,37.3512,2364000
2001-07-02,37.6998,37.9178,36.5144,36.5231,2226300
2001-07-03,36.9589,37.5255,36.8892,37.264,1579400
2001-07-05,36.279,37.4034,36.1308,37.3947,2247800
2001-07-06,36.4969,36.9589,36.3052,36.6974,1403800
2001-07-09,36.6102,37.1507,36.2006,36.5231,1192700
2001-07-10,36.3487,36.7758,36.2267,36.5231,1441600
2001-07-11,37.508,37.5952,36.5318,36.5666,2044200
2001-07-12,37.1768,37.508,37.0722,37.508,1813900
2001-07-13,37.7783,37.9178,37.2204,37.3947,1132200
2001-07-16,37.5255,37.8131,37.264,37.4819,1796600
2001-07-17,37.7783,38.1967,37.6562,37.8741,1769000
2001-07-18,38.7807,38.7807,37.8306,37.9178,2622900
2001-07-19,38.6499,39.1817,38.31,38.7894,1764200
2001-07-20,38.1182,38.5715,37.6039,37.9178,1971500
2001-07-23,37.5952,38.3361,37.3599,38.31,1305400
2001-07-24,37.5168,38.0485,37.1071,37.8306,1542700
2001-07-25,37.6562,38.2315,37.3076,37.5168,1798100
2001-07-26,37.8567,38.0834,36.8107,37.3076,2720300
2001-07-27,37.4819,38.1357,37.2204,37.7434,1143800
2001-07-30,37.2204,37.8306,36.8717,37.4819,1589800
2001-07-31,37.7521,38.1792,37.2204,37.2204,1663400
2001-08-01,38.0311,38.5628,37.9264,38.0921,2012100
2001-08-02,38.3972,38.4843,37.6562,38.0311,1776400
2001-08-03,37.8044,38.5715,37.5603,38.3623,1365800
2001-08-06,37.447,38.1792,37.3512,37.8131,1289000
2001-08-07,37.1915,37.9213,37.0157,37.8509,1394700
2001-08-08,37.1915,37.4201,37.0069,37.2795,1776200
2001-08-09,36.8398,37.5168,36.7871,37.4113,2104000
2001-08-10,36.9717,37.1476,36.664,36.9277,1625600
2001-08-13,37.4289,37.7806,37.1036,37.1036,1058500
2001-08-14,36.8838,37.3674,36.7431,37.2091,1719400
2001-08-15,37.4993,37.807,36.8486,36.9629,1637000
2001-08-16,37.9213,38.273,37.2531,37.2795,1352600
2001-08-17,37.807,37.9037,37.2795,37.4993,1232000
2001-08-20,38.3345,38.4664,37.9389,38.2026,1209100
2001-08-21,37.8509,38.5983,37.7542,38.5983,1347800
2001-08-22,38.0356,38.2906,37.7191,37.9389,2116600
2001-08-23,38.1147,38.2026,37.8509,38.0356,818500
2001-08-24,38.5368,38.6862,37.8685,37.9389,1386100
2001-08-27,38.5104,39.0379,38.1147,38.5368,1895900
2001-08-28,38.5631,39.0731,38.4664,38.6423,1496900
2001-08-29,38.3785,38.8181,38.3697,38.7742,1088200
2001-08-30,38.5719,38.9236,38.4576,38.906,2361300
2001-08-31,37.8422,38.1587,37.6311,38.0268,2132900
2001-09-04,38.3785,38.5719,37.9828,37.9828,2922800
2001-09-05,38.8445,38.9588,37.9477,38.3345,2195700
2001-09-06,38.0707,38.6862,38.0356,38.484,1989800
2001-09-07,38.5983,38.6159,37.5696,37.7191,2324100
2001-09-10,38.6423,39.1171,38.4225,38.5983,2745100
2001-09-17,38.7389,38.994,37.7894,38.6423,3331100
2001-09-18,38.1851,38.6862,37.3674,38.6774,3195300
2001-09-19,36.5585,38.1323,35.8287,37.7454,3389500
2001-09-20,36.4529,36.8838,35.1605,35.433,4023500
2001-09-21,35.521,37.1036,35.3803,35.6089,4868700
2001-09-24,34.9495,36.2683,34.5626,35.521,3736200
2001-09-25,36.1804,36.2683,34.6417,34.7297,2511000
2001-09-26,36.0837,36.2332,35.6089,36.1804,1989600
2001-09-27,36.4266,36.7519,35.8902,36.0485,2314900
2001-09-28,36.8223,37.2619,36.6991,36.9277,2567000
2001-10-01,36.7959,36.9014,36.3123,36.8838,1688800
2001-10-02,36.7519,36.9453,36.3123,36.5761,2269600
2001-10-03,36.2683,36.7431,36.0397,36.4882,3173500
2001-10-04,35.6089,36.2243,35.3891,36.0485,3101300
2001-10-05,36.1364,36.4002,35.9518,36.0045,1662000
2001-10-08,34.9055,35.1693,34.0615,34.7297,5668900
2001-10-09,35.3363,35.6089,34.7297,34.8615,2461800
2001-10-10,35.6264,36.0485,35.1605,35.3451,2292700
2001-10-11,35.5034,35.9606,34.8791,35.6089,3948800
2001-10-12,35.6968,35.7847,34.9758,34.9934,2483900
2001-10-15,36.1101,36.3562,35.3451,35.6089,1727900
2001-10-16,35.521,36.0221,35.1781,35.9606,2946400
2001-10-17,36.0485,36.2243,35.3451,36.0485,1954400
2001-10-18,36.8486,37.0157,36.0309,36.0485,2433600
2001-10-19,36.8398,37.0157,36.4969,36.9277,2886900
2001-10-22,37.0596,37.1915,36.5321,36.8838,2038900
2001-10-23,37.3234,37.4553,36.9102,37.0596,2520300
2001-10-24,36.7519,37.0069,35.521,36.708,4862100
2001-10-25,37.2795,37.3674,36.2243,36.3123,3230100
2001-10-26,37.1827,37.4553,36.919,37.2795,1624700
2001-10-29,37.2795,37.4465,36.8838,36.9629,1348600
2001-10-30,36.7255,37.3058,36.6903,37.2882,1126500
2001-10-31,36.6288,37.0596,36.4882,36.9277,1384400
2001-11-01,37.3586,37.3674,36.4354,36.6288,1538700
2001-11-02,37.7191,37.763,36.708,37.1036,1041300
2001-11-05,37.7806,38.2026,37.6311,37.807,1562500
2001-11-06,37.5872,38.2378,37.3762,37.7806,1541400
2001-11-07,37.3376,38.2599,37.1868,38.0471,2721700
2001-11-08,37.4884,37.648,36.903,37.515,2158000
2001-11-09,37.8609,38.056,37.2489,37.2489,1311200
2001-11-12,38.1801,38.2865,37.3376,37.648,1322000
2001-11-13,38.4905,38.5881,38.1801,38.2245,2001500
2001-11-14,38.2245,38.801,38.1003,38.7566,1643900
2001-11-15,38.7566,38.801,38.0914,38.0914,1720700
2001-11-16,38.7034,38.9961,38.5349,38.7832,1705700
2001-11-19,38.3842,38.9606,38.1624,38.8808,1307700
2001-11-20,38.2422,38.4905,38.2067,38.3132,1355400
2001-11-21,38.1535,38.4728,38.0914,38.1358,941600
2001-11-23,38.5615,38.6502,38.189,38.2245,501000
2001-11-26,38.3132,38.7921,38.2688,38.5615,1231500
2001-11-27,38.0028,38.2688,37.4263,37.9584,2520600
2001-11-28,37.9584,38.2599,37.9141,38.0028,1483100
2001-11-29,38.3398,38.6236,38.0382,38.4018,1860100
2001-11-30,38.2245,38.4018,38.1003,38.3132,1112800
2001-12-03,37.9584,38.3132,37.6923,38.3132,2447000
2001-12-04,37.9141,38.0737,37.6923,37.8254,2466900
2001-12-05,37.5593,37.8697,37.1602,37.781,4892700
2001-12-06,37.9141,38.0914,37.2489,37.3819,2204600
2001-12-07,37.8609,38.0471,37.7012,37.9141,1663700
2001-12-10,38.0914,38.4905,38.0116,38.4905,2488200
2001-12-11,37.8697,38.4905,37.7367,38.2688,1587300
2001-12-12,38.1801,38.189,37.7367,38.1358,2005600
2001-12-13,38.2688,38.4462,38.0471,38.1801,1856800
2001-12-14,38.0648,38.3132,37.8609,38.0914,1818400
2001-12-17,38.056,38.2245,37.8254,37.9584,1151100
2001-12-18,38.5349,38.5881,37.8697,37.8697,2216000
2001-12-19,38.8276,39.0581,38.3752,38.5438,2743100
2001-12-20,39.8209,39.9095,38.7566,38.8364,2977100
2001-12-21,41.2488,41.435,39.6435,39.9095,6130100
2001-12-24,40.8674,41.3552,40.8408,41.2488,1240200
2001-12-26,40.7077,41.3552,40.6279,40.9295,1542800
2001-12-27,40.3175,40.7077,39.8741,40.7077,2239600
2001-12-28,40.1047,40.5747,39.8563,40.5303,1388400
2001-12-31,40.0958,40.6279,40.0249,40.2643,1137300
2002-01-02,40.4417,40.5481,39.5991,40.0869,2357300
2002-01-03,40.5481,40.5481,39.6523,40.4417,2459900
2002-01-04,41.027,41.0536,40.1845,40.7255,2574700
2002-01-07,40.7964,40.8851,40.2643,40.8408,1456300
2002-01-08,40.7077,41.0448,40.353,40.5303,2400800
2002-01-09,40.3974,41.1423,40.2377,40.7077,1966700
2002-01-10,40.3707,40.69,40.353,40.3974,2120100
2002-01-11,40.6368,40.8851,40.2022,40.5303,1655600
2002-01-14,41.364,41.5148,40.4151,40.4151,2106300
2002-01-15,40.9472,41.2488,40.5747,41.1512,1807700
2002-01-16,40.6191,41.0802,40.6191,41.0182,1434900
2002-01-17,41.0182,41.0802,40.5303,40.6634,1155200
2002-01-18,41.1423,41.4971,40.8851,40.8851,1633700
2002-01-22,40.9295,41.2133,40.8053,41.1955,1743900
2002-01-23,40.761,41.2931,40.7166,41.1068,1713600
2002-01-24,40.1224,40.7964,39.9095,40.7964,2858900
2002-01-25,40.823,40.9295,40.3086,40.3441,1720300
2002-01-28,40.9561,41.0625,40.5303,40.7964,2705300
2002-01-29,40.8585,41.3108,40.8408,41.0182,2000800
2002-01-30,41.3286,41.3374,40.7964,40.8585,2688700
2002-01-31,41.9228,41.9494,41.2488,41.2842,2655300
2002-02-01,42.3041,42.6678,41.701,41.772,2596800
2002-02-04,42.3928,42.7653,42.1267,42.5258,1871800
2002-02-05,42.7919,42.9249,42.2687,42.5258,2559300
2002-02-06,42.7476,42.8717,42.3041,42.7919,3365200
2002-02-07,43.4249,43.7109,43.2551,43.5232,2645300
2002-02-08,42.8708,43.3176,42.5848,43.2551,3134500
2002-02-11,43.0227,43.2908,42.5491,42.558,2192000
2002-02-12,43.0853,43.2104,42.8529,43.0317,1495400
2002-02-13,42.987,43.4785,42.8887,43.2908,1202300
2002-02-14,42.5223,43.2104,42.424,43.121,3204800
2002-02-15,43.1478,43.3087,42.4507,42.4507,3031200
2002-02-19,42.8976,43.3176,42.8976,43.1478,2084500
2002-02-20,43.13,43.2461,42.7546,43.121,1867400
2002-02-21,43.3981,43.6662,42.9423,42.9423,2815600
2002-02-22,44.6939,44.9085,44.0862,44.3275,4574700
2002-02-25,44.685,45.0425,44.5241,44.9085,3105100
2002-02-26,44.5778,44.8995,44.2382,44.8638,2603400
2002-02-27,44.8369,44.9352,44.399,44.685,2640500
2002-02-28,45.4447,45.7128,44.5956,44.8816,2439000
2002-03-01,45.391,45.8021,45.2123,45.5251,4052000
2002-03-04,44.5956,45.391,44.2292,45.3821,3424800
2002-03-05,44.2024,44.8459,44.1041,44.6403,3627400
2002-03-06,44.5956,45.1229,43.97,43.97,2428100
2002-03-07,44.0415,44.6403,43.8807,44.6403,3078200
2002-03-08,44.4795,44.6582,44.0148,44.0773,1896000
2002-03-11,44.399,45.1319,44.256,44.3722,2537300
2002-03-12,45.0246,45.0425,44.1935,44.1935,1665600
2002-03-13,44.7208,45.4893,44.6046,45.0783,1850000
2002-03-14,44.828,45.2659,44.828,45.0425,1498700
2002-03-15,45.2212,45.7843,45.0961,45.2212,2733900
2002-03-18,45.4536,45.6949,45.4447,45.6234,1715100
2002-03-19,45.8468,46.0166,45.5966,45.6681,2105500
2002-03-20,46.2043,46.4367,45.677,45.9898,1490400
2002-03-21,45.8468,46.4635,45.6681,46.4635,2159500
2002-03-22,46.4456,46.812,45.9809,46.0166,2744000
2002-03-25,46.5081,46.8567,46.2401,46.249,1382900
2002-03-26,46.5439,46.8746,46.4277,46.5081,1770800
2002-03-27,47.1248,47.2767,46.4903,46.5886,2278200
2002-03-28,46.6511,47.0801,46.5618,47.0087,1946400
2002-04-01,46.5975,46.669,46.3384,46.6422,1513400
2002-04-02,46.6065,46.6958,46.2937,46.4724,1768400
2002-04-03,45.9719,46.6422,45.8021,46.5618,3100700
2002-04-04,46.8031,46.9193,46.106,46.1954,2016200
2002-04-05,46.6243,47.1338,46.4456,46.8031,1710300
2002-04-08,46.3294,46.9103,46.1954,46.2937,1530400
2002-04-09,46.3652,46.5528,46.0613,46.3205,1768900
2002-04-10,47.1605,47.2767,46.4635,46.5171,1747400
2002-04-11,46.8478,47.3393,46.678,47.1605,2012600
2002-04-12,46.9103,47.2589,46.5528,46.8478,1285400
2002-04-15,46.2043,47.1248,46.1149,47.0087,1918200
2002-04-16,46.2579,46.4724,46.0434,46.4724,2948500
2002-04-17,46.0703,46.4992,45.9809,46.4188,1836200
2002-04-18,46.097,46.4724,45.9541,46.2937,1807500
2002-04-19,46.6511,47.0087,46.3473,46.4724,1312800
2002-04-22,47.0355,47.3393,46.7852,46.7852,1421900
2002-04-23,47.384,47.4555,46.6601,47.4555,1784900
2002-04-24,46.2043,47.6789,46.0166,47.5449,3286300
2002-04-25,47.0444,47.3661,46.5081,46.7405,2729700
2002-04-26,46.821,47.3125,46.6065,47.2767,1766400
2002-04-29,47.0176,47.1516,46.6065,46.7852,2226800
2002-04-30,47.3661,47.4376,46.8299,47.098,2365000
2002-05-01,48.2151,48.2151,47.4376,47.5002,1817100
2002-05-02,48.1615,48.2598,47.8219,48.2151,2054100
2002-05-03,48.1615,48.1704,47.6431,48.0364,1916400
2002-05-06,47.9023,48.2151,47.8934,47.9917,1471900
2002-05-07,47.4465,47.9917,47.3661,47.9917,1697400
2002-05-08,46.1417,47.7504,45.9362,47.6789,4405600
2002-05-09,46.1328,46.2848,45.4893,45.7575,2704400
2002-05-10,45.6859,46.1775,45.5876,46.0256,1523800
2002-05-13,45.257,45.8021,45.0872,45.8021,2248700
2002-05-14,43.8807,44.9978,43.7824,44.685,4867600
2002-05-15,44.9085,45.1765,43.8896,43.9254,4241100
2002-05-16,45.4893,45.6949,44.9531,45.0425,2537600
2002-05-17,45.534,45.6234,45.1587,45.5072,2315100
2002-05-20,45.0783,45.3999,45.0514,45.3999,1410700
2002-05-21,45.2034,45.4089,44.9263,45.3553,1719200
2002-05-22,45.5162,45.6591,45.2034,45.2034,1743100
2002-05-23,45.1855,45.5787,45.0246,45.3196,1796500
2002-05-24,45.2391,45.5519,45.0425,45.0425,1227600
2002-05-28,45.2659,45.3553,45.1319,45.3106,2007400
2002-05-29,45.2481,45.4089,45.0425,45.0425,1387300
2002-05-30,45.5787,46.0256,45.2927,45.3553,1614200
2002-05-31,46.1239,46.3473,45.6144,45.6234,1357600
2002-06-03,45.2659,46.1239,45.257,45.9362,1863400
2002-06-04,45.5519,45.8021,45.2748,45.4893,2051400
2002-06-05,46.4724,46.5618,45.5787,45.6681,1879600
2002-06-06,46.3652,46.7852,45.8468,46.5171,1871700
2002-06-07,46.0256,46.3741,45.1319,45.6681,2963900
2002-06-10,46.0256,46.4367,45.8021,46.2043,1376900
2002-06-11,46.2937,46.6333,45.8468,46.0881,1454400
2002-06-12,46.5171,46.964,46.383,46.5171,1815500
2002-06-13,47.1963,47.5806,46.4814,46.5171,2293600
2002-06-14,46.5975,46.9729,46.097,46.7405,2313400
2002-06-17,47.1069,47.3661,46.6511,47.2767,1875300
2002-06-18,47.0176,47.1963,46.7942,46.9193,1508900
2002-06-19,45.1765,46.383,44.685,46.249,4222100
2002-06-20,45.534,45.8468,45.2927,45.4893,2622900
2002-06-21,45.3017,45.7575,44.7118,44.7297,3121800
2002-06-24,45.2391,45.8468,44.9978,45.4447,2307200
2002-06-25,44.4705,45.7128,44.4705,45.1319,2364300
2002-06-26,44.9174,45.1765,43.9254,43.9254,3135800
2002-06-27,45.3285,45.5162,44.8548,45.0425,2388900
2002-06-28,44.685,45.9987,44.685,45.3999,2280100
2002-07-01,44.9531,45.4804,44.7297,44.819,2460500
2002-07-02,45.7575,46.106,45.2838,45.3999,2852900
2002-07-03,45.1765,46.0792,45.1765,45.7664,2722700
2002-07-05,45.7217,45.9272,44.9531,45.0425,1102800
2002-07-08,45.6234,45.963,45.2659,45.4983,2455200
2002-07-09,45.3553,45.9362,44.9531,45.3106,2680500
2002-07-10,44.819,45.5429,44.6582,45.3553,2982000
2002-07-11,44.2918,45.391,43.7913,44.685,4907400
2002-07-12,43.97,44.5063,43.6662,44.2382,4305800
2002-07-15,44.3007,44.3275,43.1121,43.8807,3861600
2002-07-16,41.6017,43.9343,41.3783,43.7019,4433700
2002-07-17,42.0039,42.6563,41.843,41.9146,4891000
2002-07-18,42.272,42.8976,42.0039,42.1826,2370100
2002-07-19,39.3228,41.423,39.01,41.1102,5078700
2002-07-22,40.8153,42.272,40.2165,40.2165,5972400
2002-07-23,39.9931,41.4319,39.7339,40.2165,3856100
2002-07-24,41.3336,42.8529,39.3228,39.3228,5948400
2002-07-25,42.4061,43.0585,41.1102,41.3426,5221000
2002-07-26,42.4507,42.8529,41.9592,42.3614,2936300
2002-07-29,44.2828,44.3097,42.5401,42.987,2258400
2002-07-30,43.4428,44.3275,43.2193,44.2828,2124300
2002-07-31,46.2132,46.4724,43.7466,43.7466,3925900
2002-08-01,45.3821,46.249,45.2481,45.9362,3088000
2002-08-02,45.4089,46.0256,44.6939,44.9263,3245000
2002-08-05,44.9531,45.8468,44.7922,45.5876,2423200
2002-08-06,45.2481,45.7396,45.0783,45.1765,2251700
2002-08-07,46.0657,46.327,45.1649,46.2549,2327100
2002-08-08,46.7323,46.8224,45.9666,46.1918,2319100
2002-08-09,46.4801,46.8314,46.4261,46.7413,2163700
2002-08-12,46.6422,46.6422,45.6243,45.8495,2489000
2002-08-13,46.9485,47.516,46.2099,46.417,2579000
2002-08-14,47.561,47.7412,45.9936,47.0656,2256000
2002-08-15,46.8224,47.516,46.39,47.3809,2195900
2002-08-16,46.372,46.8494,46.2999,46.2999,1817200
2002-08-19,47.7682,47.9123,45.9846,46.2549,2799600
2002-08-20,47.561,47.9213,47.2007,47.4259,1722000
2002-08-21,46.9845,47.7412,46.7143,47.561,2272500
2002-08-22,47.516,47.8763,46.7954,47.1106,3076700
2002-08-23,46.9215,47.3809,46.5882,47.2458,2666000
2002-08-26,47.7682,47.9664,46.8945,46.9305,2523100
2002-08-27,47.6961,48.0655,47.2818,47.7231,2607200
2002-08-28,47.2908,47.7772,46.9395,47.561,1968500
2002-08-29,47.2548,47.7231,46.9305,46.9755,2364400
2002-08-30,47.8853,48.3988,46.9395,47.0656,2129100
2002-09-03,47.3088,47.8673,47.1286,47.4259,2571200
2002-09-04,47.8853,48.1466,46.9755,47.471,3887800
2002-09-05,48.669,48.8492,47.7412,47.8853,4586300
2002-09-06,48.0745,49.2365,47.9033,49.0653,2861800
2002-09-09,48.714,49.0023,48.0114,48.0745,2186100
2002-09-10,47.7412,49.1824,47.507,48.9122,5582600
2002-09-11,47.2368,47.8312,47.1647,47.561,2618400
2002-09-12,47.2908,47.6151,46.8764,46.8854,3075100
2002-09-13,47.2908,47.489,46.8314,46.8945,2083600
2002-09-16,47.7682,47.8312,47.0656,47.0656,2021600
2002-09-17,47.1286,47.9844,47.1286,47.7682,1884600
2002-09-18,46.9575,47.606,46.8404,46.9755,2894000
2002-09-19,45.8045,46.7233,45.8045,46.39,3083900
2002-09-20,46.1468,46.2999,45.6964,45.7144,4301800
2002-09-23,45.6243,45.9216,45.264,45.7595,2339600
2002-09-24,45.219,45.9126,45.192,45.6243,2808700
2002-09-25,46.5431,46.6602,45.4622,45.8315,3408900
2002-09-26,47.0836,47.2638,46.1198,46.5161,2586800
2002-09-27,46.5972,47.6961,46.4801,47.0746,2430000
2002-09-30,45.5793,46.0297,45.1559,46.0297,4019500
2002-10-01,47.0566,47.1917,45.5343,45.5343,3299900
2002-10-02,47.2638,47.7592,46.4261,46.6602,2780500
2002-10-03,46.8854,47.9934,46.8854,47.2908,3346400
2002-10-04,47.6871,47.8312,47.1647,47.2908,3217300
2002-10-07,47.1917,48.3897,47.0205,47.9123,4460100
2002-10-08,47.9033,48.1195,47.2187,47.606,3448400
2002-10-09,46.39,47.7412,46.2729,47.543,4091500
2002-10-10,46.5251,47.3358,46.2099,46.2099,3366600
2002-10-11,47.4439,47.9574,46.8044,47.0205,3287500
2002-10-14,48.5879,48.5879,47.6241,47.6511,3509800
2002-10-15,48.4438,48.8762,47.516,48.7771,5849100
2002-10-16,48.5519,48.8581,48.3267,48.4438,2642900
2002-10-17,48.3267,49.0923,48.2546,49.0023,2815300
2002-10-18,48.687,48.9392,48.1736,48.2366,2439600
2002-10-21,49.5157,49.5427,48.75,48.8221,2832600
2002-10-22,48.6149,48.7951,47.9844,48.4618,3042000
2002-10-23,46.7593,49.0023,46.7053,48.5159,5379600
2002-10-24,47.8312,48.4798,46.1198,47.1106,4630600
2002-10-25,47.7772,48.0564,47.1917,47.3989,2365700
2002-10-28,46.7864,48.3717,46.4441,48.3717,2263500
2002-10-29,47.4259,47.606,46.8044,46.9755,2062900
2002-10-30,47.1827,47.9393,47.1196,47.8312,2261300
2002-10-31,47.525,47.9664,46.8494,47.1106,3157600
2002-11-01,47.9393,48.3717,47.2548,47.6331,1710100
2002-11-04,46.7954,47.9483,46.5702,47.7412,2384200
2002-11-05,47.8673,48.0114,46.9395,46.9755,1970100
2002-11-06,47.6468,48.1731,47.0478,48.1005,2007900
2002-11-07,47.5832,47.8101,47.193,47.4199,1707700
2002-11-08,47.3019,47.6195,47.075,47.5832,1770000
2002-11-11,46.9842,48.273,46.957,47.3019,2285700
2002-11-12,43.9984,46.9842,43.5174,46.9842,7677000
2002-11-13,44.9059,45.7409,43.9984,45.2871,6919400
2002-11-14,46.358,46.5577,44.9967,45.5593,3376200
2002-11-15,46.9207,46.9207,46.1856,46.2854,3182800
2002-11-18,45.9405,46.9842,45.877,46.9389,2651500
2002-11-19,46.4216,46.6847,46.0131,46.0131,2379800
2002-11-20,46.7483,47.0387,45.9769,46.4125,2599400
2002-11-21,45.7863,46.7573,45.6501,46.7573,4158900
2002-11-22,46.3761,46.8935,45.7863,45.7863,2721900
2002-11-25,44.7516,46.2763,44.4885,46.1493,4029200
2002-11-26,44.5429,45.1963,44.4249,44.8333,3502100
2002-11-27,45.2689,45.9133,44.679,44.6972,2009800
2002-11-29,44.5792,45.151,44.316,44.8152,1548500
2002-12-02,43.8259,44.4521,43.5264,44.2434,3825700
2002-12-03,45.0511,45.3778,43.6444,43.7533,3238400
2002-12-04,45.033,45.7409,44.8787,45.2417,2246000
2002-12-05,44.2797,45.278,44.2797,45.042,2400800
2002-12-06,44.9332,45.1147,44.0165,44.0165,1807300
2002-12-09,44.9785,45.3325,44.7063,45.0693,1911900
2002-12-10,44.7516,45.278,44.3796,44.797,1688000
2002-12-11,44.189,44.4521,43.6808,44.0165,3815500
2002-12-12,43.7715,44.1527,43.5264,43.7896,2832100
2002-12-13,43.5627,44.0165,43.4085,43.7805,2652200
2002-12-16,44.2525,44.3614,43.5627,43.5627,2750600
2002-12-17,43.5627,44.3705,43.3722,44.0891,2062500
2002-12-18,43.5991,44.1708,43.3812,43.3812,2717500
2002-12-19,43.4266,43.9711,43.1543,43.5627,3121900
2002-12-20,43.3812,43.3903,42.8004,43.109,4209400
2002-12-23,43.4811,43.8259,43.109,43.3812,2105000
2002-12-24,43.3812,43.6989,43.2723,43.3358,1126400
2002-12-26,43.3631,43.8804,43.3177,43.4266,1065300
2002-12-27,43.2905,43.7443,43.2269,43.4992,1223400
2002-12-30,44.0165,44.0982,43.4357,43.6444,1807400
2002-12-31,43.9258,44.3796,43.4448,43.9258,1649100
2003-01-02,44.8606,44.9513,44.1527,44.1527,1589700
2003-01-03,44.3432,44.8424,44.1345,44.5611,1883600
2003-01-06,45.042,45.3688,44.6064,44.6064,2300000
2003-01-07,44.5701,45.2599,44.4885,44.915,2167300
2003-01-08,44.7426,45.151,44.5701,44.5792,1520400
2003-01-09,45.5321,45.7046,44.9241,45.1963,2475600
2003-01-10,45.0148,45.641,44.7516,45.5321,2445000
2003-01-13,45.2145,45.4686,45.1056,45.2871,1455900
2003-01-14,45.6229,45.6592,44.9513,45.3778,1836600
2003-01-15,45.16,45.7772,44.9513,45.6501,1635100
2003-01-16,45.3234,45.4142,44.9422,45.2508,1571600
2003-01-17,45.3597,45.5593,45.2236,45.5593,1919800
2003-01-21,44.6972,45.5775,44.6246,45.5593,1619600
2003-01-22,45.16,45.3688,44.7426,44.7426,1944900
2003-01-23,44.6064,45.2508,44.6064,45.1691,1663700
2003-01-24,43.5174,44.8152,43.472,44.6609,2440200
2003-01-27,43.4629,43.8622,43.118,43.3994,2713700
2003-01-28,43.6081,44.0891,43.5627,43.7443,2299000
2003-01-29,43.1725,44.4249,43.1725,43.472,2855200
2003-01-30,41.9019,43.1815,41.5207,43.1815,6200700
2003-01-31,43.0817,43.2451,41.793,41.793,2782400
2003-02-03,43.6263,44.0074,43.3903,43.472,2080900
2003-02-04,43.7352,43.9258,42.8911,43.6263,2413600
2003-02-05,43.6989,44.198,43.2814,44.0347,2712000
2003-02-06,43.2379,45.3334,42.8444,44.0706,4530400
2003-02-07,43.2836,44.0065,43.2379,43.9241,2616800
2003-02-10,43.732,44.0614,43.3934,43.6496,1963900
2003-02-11,43.5398,44.2627,43.366,44.1072,1898700
2003-02-12,43.3476,43.8784,43.2561,43.5764,1792400
2003-02-13,43.5856,43.9059,43.2379,43.3476,2303700
2003-02-14,43.6496,44.2444,43.4483,43.7137,2330500
2003-02-18,44.1529,44.4275,43.8326,43.8326,1881900
2003-02-19,43.7228,44.4183,43.4666,44.1072,1479700
2003-02-20,43.7411,44.1072,43.366,44.1072,1713600
2003-02-21,43.8235,44.4641,43.6496,44.1072,2214100
2003-02-24,43.2836,43.8693,43.1921,43.6496,1877800
2003-02-25,43.8326,43.8418,42.9084,43.0548,2483600
2003-02-26,43.4392,43.7228,43.2836,43.5307,1777200
2003-02-27,43.2379,43.6222,42.9999,43.5398,2542100
2003-02-28,42.5515,43.2836,42.4143,43.1921,4174700
2003-03-03,42.7803,43.0457,42.5973,42.7803,2413000
2003-03-04,42.0207,43.1829,41.9384,42.8535,2445000
2003-03-05,42.0665,42.46,41.4534,42.0207,3881300
2003-03-06,42.5515,42.9816,41.792,42.0665,2941500
2003-03-07,42.945,43.1921,42.1855,42.2678,2406600
2003-03-10,42.3868,43.1006,42.3868,43.0731,2095300
2003-03-11,42.4051,42.8535,42.277,42.3868,2739400
2003-03-12,43.0823,43.0823,42.1855,42.2587,2188300
2003-03-13,43.732,43.9241,43.3843,43.4666,2432800
2003-03-14,43.6496,43.915,43.1738,43.6954,1857300
2003-03-17,44.6837,44.6837,43.2927,43.4666,2941800
2003-03-18,44.3176,44.8209,43.9882,44.6745,2449300
2003-03-19,44.6379,44.6837,43.9699,44.1072,2089500
2003-03-20,43.8967,44.7477,43.7137,44.336,2603100
2003-03-21,44.2902,44.3451,43.9333,44.1529,3309000
2003-03-24,43.5215,44.1072,43.3751,43.9241,2018700
2003-03-25,43.5398,43.8418,43.1006,43.1921,2228500
2003-03-26,43.0823,43.8876,43.0823,43.2104,3555100
2003-03-27,42.9908,43.2379,42.7254,42.9175,2492700
2003-03-28,42.8352,43.1463,42.7346,42.9908,1808000
2003-03-31,42.6522,43.1555,42.2038,42.4143,2434400
2003-04-01,42.9816,43.1555,42.4234,42.5973,1811800
2003-04-02,43.4209,44.1163,43.0731,43.2379,2636600
2003-04-03,43.4758,43.9059,43.2744,43.4666,2367900
2003-04-04,44.0157,44.217,43.7594,44.0157,2825600
2003-04-07,43.6222,44.8393,43.6222,44.7477,2431700
2003-04-08,44.0614,44.336,43.8967,44.0157,1687400
2003-04-09,42.5058,43.7228,42.5058,42.9999,4680100
2003-04-10,43.247,43.247,42.945,43.0274,2511000
2003-04-11,43.4025,43.6496,43.1921,43.4758,1391500
2003-04-14,43.9608,44.1072,43.3751,43.3751,1588400
2003-04-15,43.8509,44.0431,43.4849,44.0431,2318700
2003-04-16,43.2195,43.8509,43.1738,43.8509,2620000
2003-04-17,44.0248,44.0248,43.6039,43.6039,2271300
2003-04-21,43.7594,44.217,43.6771,44.0157,1598800
2003-04-22,44.0065,44.1712,43.3843,43.6496,2058100
2003-04-23,44.702,45.2144,43.732,44.0157,4276800
2003-04-24,43.9333,44.4732,43.4666,43.4666,3670200
2003-04-25,44.1529,44.3634,43.915,44.336,2187000
2003-04-28,44.8941,45.0131,44.1895,44.336,2073100
2003-04-29,45.9831,46.1844,43.9882,43.9882,3371400
2003-04-30,45.6445,45.9648,45.5164,45.6171,2755100
2003-05-01,45.7269,45.974,44.7569,45.5256,2130500
2003-05-02,45.7543,45.855,45.3791,45.6994,2092500
2003-05-05,45.6079,45.8458,45.5256,45.6628,2175600
2003-05-06,45.7635,45.7909,45.3242,45.5347,2154500
2003-05-07,45.9899,46.4695,45.8884,46.0728,3155500
2003-05-08,46.0267,46.2112,45.7408,45.9991,2191400
2003-05-09,46.6816,46.8938,46.119,46.3035,2145500
2003-05-12,47.2258,47.2996,46.4603,46.534,2004000
2003-05-13,46.903,47.438,46.8292,47.1059,2012800
2003-05-14,47.1889,47.8254,46.8569,47.3181,3144100
2003-05-15,47.5118,47.7055,46.9491,47.1982,3555700
2003-05-16,47.7239,47.8992,47.4656,47.5025,2572200
2003-05-19,47.7424,47.8623,47.5487,47.6132,1786400
2003-05-20,47.7977,47.9637,47.5025,47.7793,2539900
2003-05-21,47.4934,47.6132,47.0045,47.5671,2657800
2003-05-22,47.8438,48.1298,47.4656,47.5025,2680300
2003-05-23,48.3973,48.4249,47.7332,47.7332,1894600
2003-05-27,48.2404,48.6186,47.9545,48.1482,1905500
2003-05-28,48.2404,48.3788,48.0191,48.0836,1919900
2003-05-29,48.5541,48.6463,48.1759,48.2497,3108200
2003-05-30,48.5448,49.1167,48.4618,48.7016,2937300
2003-06-02,48.8769,49.3196,48.7847,48.9783,2703300
2003-06-03,48.8769,48.9599,48.4895,48.6463,2465000
2003-06-04,48.9599,49.2274,48.674,48.8769,2553900
2003-06-05,48.6002,49.0429,48.3511,48.9599,1807500
2003-06-06,48.5448,49.0522,48.305,48.7939,2674100
2003-06-09,48.4342,48.84,47.9729,48.3511,2201800
2003-06-10,48.9415,49.0522,48.6094,48.84,1788400
2003-06-11,49.1167,49.1444,48.7755,48.7847,1811100
2003-06-12,48.8769,49.089,48.5817,49.0706,1898700
2003-06-13,49.172,49.3473,48.7662,48.7755,1961500
2003-06-16,49.5226,49.5871,49.2182,49.3934,2056800
2003-06-17,49.2458,49.6609,49.1628,49.6609,1877700
2003-06-18,49.3842,49.6609,49.0429,49.3012,2263600
2003-06-19,48.3327,49.3934,48.1851,49.3934,3202500
2003-06-20,47.3642,48.1113,47.2812,47.7793,6746100
2003-06-23,46.7554,47.3642,46.5617,47.3642,3782400
2003-06-24,46.903,47.2812,46.6539,46.9491,3320300
2003-06-25,46.4879,47.3549,46.4151,47.0414,3085200
2003-06-26,47.1521,47.1521,46.3404,46.3957,2743400
2003-06-27,47.0229,47.3273,46.6724,46.8569,2895500
2003-06-30,47.0875,47.687,46.9952,47.2258,5269800
2003-07-01,47.2627,47.4472,46.8569,47.0875,2148900
2003-07-02,47.5948,47.6501,47.0506,47.1151,2119400
2003-07-03,47.4103,47.8162,47.1613,47.4565,1159800
2003-07-07,47.4749,48.6002,47.2351,47.4565,2323400
2003-07-08,47.0414,47.5025,46.6724,47.3181,2597200
2003-07-09,47.1059,47.3181,46.8292,46.9215,1689900
2003-07-10,47.3549,47.4565,46.7739,46.903,2043300
2003-07-11,47.3181,47.9545,47.1613,47.9545,1990000
2003-07-14,46.4234,47.7239,46.2112,47.5025,3298500
2003-07-15,46.8661,46.9666,46.3588,46.7185,1902000
2003-07-16,47.2996,47.9637,47.272,47.9637,2785000
2003-07-17,46.9768,47.687,46.8292,47.3181,1740500
2003-07-18,47.4749,47.521,46.9215,47.272,1988000
2003-07-21,47.2258,47.4841,47.0414,47.3181,1831300
2003-07-22,47.5394,48.0283,47.3365,47.438,2013000
2003-07-23,47.1336,47.8254,46.8569,47.7608,3090200
2003-07-24,47.1151,47.8254,46.903,47.3181,1947200
2003-07-25,48.139,48.2681,47.2258,47.2258,2074600
2003-07-28,48.1113,48.5172,47.8715,48.4803,1952400
2003-07-29,47.6686,48.4987,47.4565,47.8069,1865700
2003-07-30,47.9637,48.4065,47.5025,47.6409,1487800
2003-07-31,47.7977,48.4249,47.6409,47.9176,1883200
2003-08-01,47.3549,47.8254,47.2627,47.604,2090200
2003-08-04,47.853,48.1298,47.1521,47.2996,1557500
2003-08-05,47.0414,47.7147,46.9952,47.4103,2424200
2003-08-06,47.2535,47.4934,47.0321,47.3642,2615100
2003-08-07,48.0585,48.0678,47.2676,47.3141,4426800
2003-08-08,48.3841,48.7098,48.0585,48.1981,2753100
2003-08-11,48.5051,48.7377,48.2446,48.5237,1469900
2003-08-12,48.4865,48.6168,48.0585,48.6168,1634300
2003-08-13,48.3004,48.6447,48.1888,48.6447,1308900
2003-08-14,48.2632,48.3748,47.9561,48.3004,1777600
2003-08-15,48.226,48.4865,48.1515,48.2632,993800
2003-08-18,48.5051,48.6353,48.1794,48.3841,1533600
2003-08-19,47.9096,48.5051,47.7328,48.5051,2447100
2003-08-20,47.463,47.9561,47.4072,47.5746,2175300
2003-08-21,47.2955,47.6398,47.0722,47.2862,2518600
2003-08-22,46.9698,47.5281,46.8768,47.4351,2340900
2003-08-25,47.1559,47.463,47.0722,47.0815,1189500
2003-08-26,47.0629,47.2583,46.7186,46.9884,1814200
2003-08-27,47.3141,47.5653,46.9884,46.9884,1768800
2003-08-28,47.4351,47.7235,46.9884,47.4351,1700000
2003-08-29,47.9561,48.0864,47.3885,47.4351,1666500
2003-09-02,48.6261,48.8587,47.7235,47.7328,2249800
2003-09-03,48.654,49.2495,48.4027,48.5703,2755900
2003-09-04,48.5237,48.8959,48.3004,48.8494,1964400
2003-09-05,48.0399,48.6353,47.5932,48.4307,2007300
2003-09-08,47.798,48.1608,47.6398,48.012,1834800
2003-09-09,47.1838,47.7607,47.1838,47.5467,2344400
2003-09-10,47.4723,47.8817,47.2397,47.2397,1740200
2003-09-11,47.4165,47.7328,47.3234,47.6584,1431200
2003-09-12,47.5374,47.5932,47.2862,47.3979,1931600
2003-09-15,47.9096,48.105,47.4537,47.5002,1537800
2003-09-16,48.0213,48.2166,47.6026,47.7049,1861800
2003-09-17,47.556,48.0027,47.556,47.8073,1492600
2003-09-18,47.8259,48.105,47.7235,47.7793,1598900
2003-09-19,47.6398,48.1608,47.463,47.6398,2281300
2003-09-22,47.1559,47.5281,46.7837,47.4072,2602400
2003-09-23,47.2955,47.463,47.0815,47.1001,2040700
2003-09-24,47.2117,47.7142,47.0536,47.3141,2557200
2003-09-25,47.3699,47.6863,47.0908,47.2117,2363000
2003-09-26,46.5232,47.4723,46.4488,47.2304,2693600
2003-09-29,46.7744,46.9698,46.4581,46.4674,2305900
2003-09-30,45.9091,46.5697,45.7788,46.2906,4013700
2003-10-01,47.4537,47.5374,46.0394,46.058,3678600
2003-10-02,47.035,47.2676,46.9512,47.2676,2640300
2003-10-03,46.8954,47.4909,46.8768,47.3141,2476100
2003-10-06,47.4165,47.7328,46.9884,46.9884,1755200
2003-10-07,47.3792,47.6026,47.2024,47.2211,1606500
2003-10-08,47.0071,47.4537,46.8861,47.4537,1820300
2003-10-09,46.8954,47.5932,46.6907,47.0815,2775500
2003-10-10,47.0443,47.1745,46.8116,47.0257,1342400
2003-10-13,46.7186,47.0629,46.7186,46.8954,1446200
2003-10-14,46.3371,46.7558,46.1138,46.5418,3651000
2003-10-15,45.4904,46.4208,45.3136,46.3836,5777100
2003-10-16,45.7974,46.1324,45.4997,45.4997,2910200
2003-10-17,45.3787,45.7323,45.3601,45.5928,2798100
2003-10-20,45.3043,45.5276,45.1368,45.4532,2728400
2003-10-21,45.7788,45.9929,45.295,45.3136,2553000
2003-10-22,46.058,46.3557,45.5928,45.6393,3221800
2003-10-23,46.151,46.6907,45.8719,46.058,3297000
2003-10-24,46.3092,46.4302,45.9277,46.151,1968500
2003-10-27,46.0766,46.5232,45.9277,46.5232,1606400
2003-10-28,45.7788,46.3092,45.509,46.1417,3080100
2003-10-29,45.5462,45.8161,45.5462,45.6858,2334500
2003-10-30,45.3973,46.4488,45.2392,46.4488,2436600
2003-10-31,45.8347,46.0207,45.5928,45.6207,2483600
2003-11-03,46.1975,46.2906,45.723,45.8347,2712753
2003-11-04,45.6113,46.1975,45.5834,46.1975,2067464
2003-11-05,45.7974,45.8905,45.3601,45.5276,2765300
2003-11-06,47.4069,47.4351,46.7027,46.7027,5613500
2003-11-07,48.1674,48.5524,47.4069,47.4069,5425400
2003-11-10,48.5618,48.8059,48.0829,48.1674,3398500
2003-11-11,49.0031,49.0594,48.6369,48.6838,3556000
2003-11-12,49.5383,49.7167,48.6838,48.9374,3051900
2003-11-13,49.2097,49.5383,48.7026,49.5383,2475800
2003-11-14,49.2003,49.3881,48.9374,48.9749,1586100
2003-11-17,49.2942,49.3881,48.8341,49.2003,1886100
2003-11-18,49.4632,49.6697,49.2942,49.3881,2944300
2003-11-19,49.2754,49.3881,48.8623,49.3411,3372500
2003-11-20,48.6838,49.3129,48.6275,49.2097,3453200
2003-11-21,48.7402,48.7777,48.5055,48.7308,2686400
2003-11-24,49.0125,49.2191,48.8998,48.9186,2316900
2003-11-25,49.3411,49.5007,48.7872,48.9186,2214100
2003-11-26,49.2003,49.2848,48.8529,49.2003,1499100
2003-11-28,48.6557,48.9937,48.6557,48.9937,1073100
2003-12-01,49.1157,49.2848,48.6181,48.6557,2019200
2003-12-02,49.0406,49.1063,48.7589,48.7872,2037000
2003-12-03,49.4632,49.8669,49.0688,49.1533,3786800
2003-12-04,49.6697,50.1486,49.3881,49.6228,4253200
2003-12-05,49.3974,49.6416,49.2472,49.3411,1762400
2003-12-08,49.3411,49.5664,49.1627,49.4538,1459100
2003-12-09,49.1815,49.5195,49.0125,49.3881,2611200
2003-12-10,49.0406,49.5946,48.7777,49.2942,2636200
2003-12-11,49.2003,49.4538,49.0219,49.0594,1857600
2003-12-12,49.0125,49.2942,48.7308,49.0594,1315600
2003-12-15,49.0594,49.4068,49.0406,49.2942,1779400
2003-12-16,48.9749,49.5289,48.9749,49.0594,2412100
2003-12-17,49.1815,49.2848,48.8904,49.0125,1669500
2003-12-18,49.1345,49.2754,48.7308,48.9467,2151700
2003-12-19,48.9186,49.2097,48.8717,49.1815,2756900
2003-12-22,49.0125,49.435,48.9374,48.9655,2192100
2003-12-23,49.3411,49.5101,48.928,49.0125,1659700
2003-12-24,49.2754,49.435,49.1063,49.3599,747000
2003-12-26,49.2378,49.4068,49.2284,49.2942,437000
2003-12-29,49.2566,49.3974,49.2003,49.2942,1907500
2003-12-30,49.1345,49.4819,49.1063,49.3411,1722000
2003-12-31,49.435,49.6228,49.1063,49.1063,2832000
2004-01-02,49.2378,49.6228,49.1909,49.5289,1286300
2004-01-05,49.3411,49.5664,49.3129,49.3881,1812500
2004-01-06,48.7308,49.2848,48.7026,49.2472,2693900
2004-01-07,48.2426,48.7308,48.0736,48.7308,3243700
2004-01-08,47.6135,48.2332,47.5853,48.2332,3654300
2004-01-09,47.0877,47.82,46.975,47.529,3963600
2004-01-12,47.7168,48.2613,47.6792,47.8388,3926700
2004-01-13,47.6698,48.9186,47.4726,47.8858,2652400
2004-01-14,47.8858,48.1956,47.698,48.1674,1839600
2004-01-15,47.5383,47.9139,47.4632,47.8858,2479900
2004-01-16,47.2754,47.651,47.1815,47.651,2742900
2004-01-20,47.1909,47.5102,47.1158,47.4351,3437300
2004-01-21,47.0783,47.4163,47.0032,47.313,3986500
2004-01-22,47.5947,47.7355,47.1346,47.144,4130800
2004-01-23,48.2613,48.3458,47.7261,47.7731,2729800
2004-01-26,48.2519,48.3834,47.989,48.036,2562800
2004-01-27,48.1956,48.4397,48.1205,48.1674,2196200
2004-01-28,47.7919,48.3552,47.698,48.3552,2283800
2004-01-29,47.9796,48.2144,47.6886,47.698,2705700
2004-01-30,47.6228,47.989,47.5008,47.9796,2524000
2004-02-02,47.8951,48.2238,47.6041,47.7074,2421200
2004-02-03,48.4961,48.6369,47.8388,47.8858,5480700
2004-02-04,48.712,49.2284,48.1956,48.2613,3090500
2004-02-05,48.9707,49.1507,48.0616,48.2983,3762900
2004-02-06,49.2453,49.4253,48.7718,48.7718,5638300
2004-02-09,48.9991,49.4632,48.8855,49.2453,3367400
2004-02-10,49.056,49.34,48.8287,48.8476,2670900
2004-02-11,49.1128,49.3969,48.8287,49.1507,2731700
2004-02-12,49.198,49.34,48.7245,48.7245,1833400
2004-02-13,49.2169,49.3211,48.9139,49.2927,1566700
2004-02-17,49.198,49.9556,49.1885,49.5768,2205200
2004-02-18,48.9707,49.8041,48.9139,49.6715,2430200
2004-02-19,49.1507,49.4727,49.0181,49.198,2181500
2004-02-20,50.1356,50.4765,49.3116,49.4348,3505400
2004-02-23,51.1489,51.2341,50.0503,50.2397,4676400
2004-02-24,50.4386,51.0258,50.2682,50.7606,2845100
2004-02-25,50.6659,50.7227,50.0408,50.3818,2608100
2004-02-26,50.3534,50.9026,49.5579,50.5712,1890900
2004-02-27,50.4007,50.7133,50.1829,50.5144,2487500
2004-03-01,50.9405,51.1299,50.4481,50.4765,1798600
2004-03-02,50.3913,50.9026,50.3723,50.7606,2124800
2004-03-03,50.8932,51.0258,50.2587,50.3723,2318200
2004-03-04,50.2492,50.789,50.0503,50.7795,1648200
2004-03-05,49.7189,50.6091,49.6999,50.2871,2425000
2004-03-08,49.4442,49.8231,49.378,49.7189,3122500
2004-03-09,49.9083,50.2966,49.3685,50.2966,3013500
2004-03-10,50.2587,50.8837,49.7757,49.8515,3502700
2004-03-11,50.0503,50.6091,50.003,50.1924,2809200
2004-03-12,50.0787,50.0787,49.6337,50.0125,2048500
2004-03-15,49.2643,50.0787,49.2453,50.0787,1947500
2004-03-16,49.0275,49.3969,48.715,49.3685,2790800
2004-03-17,49.1696,49.3685,48.9044,49.2738,2593600
2004-03-18,48.8381,49.2075,48.5919,49.1791,2287600
2004-03-19,49.1033,49.3685,48.6771,48.6771,2806000
2004-03-22,48.3173,49.0938,48.2131,49.056,2555100
2004-03-23,47.6544,48.3078,47.446,48.2983,4519700
2004-03-24,47.3418,47.9953,47.2945,47.6922,3380600
2004-03-25,47.2945,47.5407,47.1619,47.446,4988300
2004-03-26,47.5312,47.7585,47.285,47.2945,4290200
2004-03-29,48.4025,48.5067,47.7964,47.8248,3773500
2004-03-30,48.4404,48.4877,48.1847,48.3268,2452500
2004-03-31,48.2983,48.6014,48.0616,48.2226,3142600
2004-04-01,48.6866,48.9328,48.2036,48.2036,2886300
2004-04-02,48.2983,49.2264,48.2699,48.7245,3123900
2004-04-05,47.9385,48.3741,47.7775,48.251,3540100
2004-04-06,48.3268,48.3741,47.91,47.9385,2556000
2004-04-07,47.9858,48.3173,47.7112,48.3173,2514700
2004-04-08,48.3268,48.4783,48.1563,48.2983,2331600
2004-04-12,48.251,48.412,48.2036,48.2036,2173800
2004-04-13,48.071,48.4783,47.91,48.4309,2998200
2004-04-14,48.0047,48.3741,47.8438,48.071,3013600
2004-04-15,47.929,48.1184,47.7491,48.0994,2547000
2004-04-16,47.8438,48.3457,47.8248,48.0805,2294500
2004-04-19,48.4783,48.7245,48.0142,48.0142,2091900
2004-04-20,48.3646,48.7718,48.3268,48.5351,1935600
2004-04-21,48.2983,48.573,48.1279,48.3173,2114400
2004-04-22,48.6771,48.8097,48.1089,48.1089,2181700
2004-04-23,49.4916,49.5484,48.5162,48.5824,2445600
2004-04-26,49.198,49.6052,49.056,49.5768,2050400
2004-04-27,49.2264,49.6147,48.9613,49.1507,2370100
2004-04-28,48.5635,49.6621,48.1657,49.2927,3466300
2004-04-29,48.6582,48.9802,48.3078,48.7718,3258200
2004-04-30,48.5256,49.0844,48.4877,48.6771,2581000
2004-05-03,48.573,48.6771,48.2983,48.6298,2254300
2004-05-04,48.3836,48.5635,48.232,48.4215,2433800
2004-05-05,48.393,48.4877,48.2131,48.4404,2247900
2004-05-06,48.6244,48.8919,48.5289,48.6435,1227500
2004-05-07,49.3791,49.5415,48.5934,48.6244,3500200
2004-05-10,49.3409,49.6561,49.1689,49.3791,2636300
2004-05-11,49.6275,49.6752,48.9588,49.1976,2412400
2004-05-12,49.3313,49.6466,49.2453,49.5319,2816500
2004-05-13,48.9588,49.2931,48.9301,49.1976,2703800
2004-05-14,48.9301,49.0352,48.7295,48.9588,1884000
2004-05-17,49.5033,49.6179,48.8155,48.9301,2296500
2004-05-18,49.4364,49.6561,49.2167,49.6275,2871100
2004-05-19,49.4937,49.6752,49.4364,49.5988,1827000
2004-05-20,49.7803,50.0765,49.5128,49.5319,2728100
2004-05-21,49.2453,49.7708,49.1212,49.5797,1927100
2004-05-24,49.3218,49.5701,49.2645,49.3409,1750200
2004-05-25,50.3726,50.4586,49.2549,49.2931,2880400
2004-05-26,50.621,50.6688,49.895,50.3726,2861500
2004-05-27,50.8885,51.0126,50.5732,50.6305,1762800
2004-05-28,50.8885,51.5858,50.8598,51.2037,3337000
2004-06-01,51.0508,51.347,50.6783,51.1082,1806700
2004-06-02,51.4616,51.5094,51.0222,51.1082,1780900
2004-06-03,51.5094,51.9393,51.2992,51.4616,2305600
2004-06-04,51.6622,51.71,51.3948,51.6814,2441100
2004-06-07,51.347,51.6814,51.1559,51.6622,1901500
2004-06-08,51.7005,51.9202,51.3661,51.3948,2106500
2004-06-09,51.6622,52.0635,51.6527,51.8915,1945700
2004-06-10,51.261,51.7005,50.9935,51.6718,1871100
2004-06-14,51.5094,51.7196,51.2992,51.4425,1777000
2004-06-15,51.796,51.968,51.4043,51.5858,1785500
2004-06-16,51.6909,52.2927,51.5858,52.0157,1730500
2004-06-17,51.4234,51.8056,51.347,51.6049,1574800
2004-06-18,51.5858,51.7769,51.3088,51.4234,2235300
2004-06-21,51.5667,51.9966,51.3661,51.5858,1239000
2004-06-22,51.519,51.7005,51.175,51.4425,1519200
2004-06-23,51.624,51.6718,51.2992,51.4234,1638100
2004-06-24,51.5858,51.8246,51.4521,51.6622,1260800
2004-06-25,51.3183,51.6718,51.3183,51.6527,3157500
2004-06-28,51.4807,51.7482,51.3948,51.3948,1407400
2004-06-29,51.796,51.8056,51.4234,51.4425,1552600
2004-06-30,51.5858,51.8246,51.5285,51.7769,1890900
2004-07-01,51.519,51.7387,51.0891,51.6527,1910900
2004-07-02,51.4616,51.6496,51.3948,51.4425,1123800
2004-07-06,51.6909,51.7673,51.4616,51.4903,1279500
2004-07-07,51.6718,51.7769,51.5763,51.6814,1201100
2004-07-08,51.4616,51.7673,51.4425,51.6049,1559100
2004-07-09,51.2419,51.4903,51.1368,51.4807,1730700
2004-07-12,51.7196,51.8151,51.347,51.3852,2008700
2004-07-13,51.6527,51.6814,51.5381,51.6814,1079600
2004-07-14,51.8629,52.1781,51.6049,51.9011,1765200
2004-07-15,51.7482,52.0539,51.6814,51.8533,1355500
2004-07-16,51.2515,51.8724,51.1559,51.8724,1551400
2004-07-19,50.9171,51.1177,50.5637,51.1082,3429400
2004-07-20,50.8216,51.2897,50.812,51.0604,2900300
2004-07-21,49.8567,51.0031,49.7994,50.8502,3278000
2004-07-22,49.5128,49.8185,49.446,49.723,2495500
2004-07-23,49.1403,49.7134,48.8632,49.36,2039500
2004-07-26,49.3409,49.4555,48.997,49.2931,2153700
2004-07-27,49.5797,49.6275,49.1689,49.2453,1982700
2004-07-28,49.9905,50.5446,49.0161,49.4364,4153200
2004-07-29,48.8919,50.0191,48.6149,50.0191,3458200
2004-07-30,49.5797,49.6466,48.8919,48.9588,2317200
2004-08-02,50.4012,50.5732,49.5033,49.5319,2397000
2004-08-03,50.0191,50.2962,49.7708,50.2102,2147400
2004-08-04,50.4203,50.5255,49.6848,49.8376,1535400
2004-08-05,49.8472,50.1815,49.7326,50.0287,3039700
2004-08-06,49.5606,50.0765,49.5606,49.7421,2241100
2004-08-09,49.6466,49.8854,49.5033,49.723,1231200
2004-08-10,49.9523,49.9523,49.6275,49.6466,1315300
2004-08-11,50.4299,50.5255,49.7708,49.7708,2574900
2004-08-12,50.4299,50.621,50.2484,50.4586,2059100
2004-08-13,50.2197,50.6783,50.1624,50.363,1946300
2004-08-16,50.172,50.2293,49.9141,50.2197,1878900
2004-08-17,50.5923,50.621,50.172,50.172,1653800
2004-08-18,50.6974,50.7834,50.3439,50.4873,1749100
2004-08-19,50.2006,50.7165,49.9618,50.6878,1922000
2004-08-20,50.2293,50.3153,49.9618,50.1529,1414600
2004-08-23,50.3917,50.6305,50.172,50.172,1133500
2004-08-24,50.172,50.6019,49.9809,50.5637,1397400
2004-08-25,50.4203,50.5064,50.172,50.3917,935700
2004-08-26,50.3057,50.621,50.0574,50.621,821300
2004-08-27,50.1242,50.363,50.0096,50.2102,1443600
2004-08-30,50.2102,50.6019,49.9618,50.1338,794400
2004-08-31,50.4395,50.4968,50.0669,50.2962,1129100
2004-09-01,50.1147,50.5159,50.0574,50.3439,1258000
2004-09-02,50.0287,50.2006,49.7326,50.0574,1696500
2004-09-03,50.1815,50.3917,50.0096,50.0287,1481200
2004-09-07,50.2197,50.3344,49.9714,50.1529,1738400
2004-09-08,49.5606,50.2197,49.5033,50.2197,2796900
2004-09-09,48.6149,49.5797,48.4907,49.5606,4515400
2004-09-10,48.8823,48.9396,48.4811,48.5289,2436100
2004-09-13,48.6244,48.911,48.6053,48.8155,2309900
2004-09-14,48.4811,48.7104,48.2165,48.6053,4885800
2004-09-15,48.8059,48.9015,48.099,48.2614,3063500
2004-09-16,49.0161,49.2071,48.7964,48.8059,2517300
2004-09-17,49.0065,49.0925,48.5862,48.8155,3563700
2004-09-20,48.0513,48.7773,47.9844,48.7773,2898300
2004-09-21,47.4207,48.0226,47.3539,48.013,4229700
2004-09-22,47.2393,47.5736,47.2201,47.459,2888700
2004-09-23,47.6309,47.736,47.2106,47.2775,2384700
2004-09-24,47.4876,47.7264,47.4016,47.6405,2576600
2004-09-27,47.65,47.6882,47.3348,47.3825,1787600
2004-09-28,48.185,48.2423,47.5258,47.5927,2478700
2004-09-29,47.9748,48.1945,47.7551,47.9557,1611100
2004-09-30,47.7169,48.1468,47.6882,47.8793,2137100
2004-10-01,48.2232,48.4907,47.7073,47.8984,1807500
2004-10-04,47.9557,48.3665,47.8602,48.3569,1509900
2004-10-05,48.4716,48.5384,47.9079,47.9079,1717500
2004-10-06,48.7391,48.7391,48.3665,48.4716,1648000
2004-10-07,48.2136,48.8919,48.2136,48.8155,1605100
2004-10-08,48.4047,48.8346,48.1754,48.1754,1503800
2004-10-11,48.5766,48.5957,48.2901,48.4333,1142800
2004-10-12,48.2232,48.5862,48.1659,48.3378,1166500
2004-10-13,48.1277,48.3951,47.9271,48.3378,1366000
2004-10-14,48.1754,48.462,48.0226,48.1277,1401800
2004-10-15,48.2423,48.5957,48.2232,48.3665,1506200
2004-10-18,48.5193,48.7104,48.1468,48.2805,1015000
2004-10-19,47.8984,48.5289,47.7837,48.5289,2438900
2004-10-20,47.8984,48.0321,47.7742,47.8411,1380300
2004-10-21,48.0035,48.1086,47.5832,47.9844,1987900
2004-10-22,47.8793,48.0417,47.7551,47.9366,1434600
2004-10-25,47.9462,48.0703,47.7073,47.8698,1110500
2004-10-26,48.0513,48.0894,47.3061,47.5258,2949700
2004-10-27,47.6787,48.1181,47.4112,47.8602,5163500
2004-10-28,47.6691,47.9557,47.2775,47.3348,4442500
2004-10-29,47.7169,47.9079,47.5067,47.5067,2139800
2004-11-01,47.6022,47.8124,47.5258,47.7169,1835900
2004-11-02,47.9748,48.2614,47.6118,47.6213,2266300
2004-11-03,48.1181,48.3187,47.9653,48.2423,1853700
2004-11-04,48.4333,48.4716,48.1086,48.1181,2031000
2004-11-05,48.7722,48.8976,48.3574,48.8011,2034000
2004-11-08,48.4828,48.7336,48.4056,48.695,2271900
2004-11-09,49.2642,49.4378,48.5214,48.5503,3206400
2004-11-10,48.859,49.3606,48.859,49.1966,1511400
2004-11-11,48.9169,49.0519,48.7047,48.9844,1617800
2004-11-12,49.2545,49.2545,48.7722,48.8301,1308600
2004-11-15,49.1388,49.3413,48.8397,49.2545,1299200
2004-11-16,48.9362,49.2835,48.9072,49.1195,1251900
2004-11-17,49.1484,49.3896,49.0037,49.023,1219700
2004-11-18,49.0809,49.1677,48.8879,49.1002,1280200
2004-11-19,48.4828,49.1195,48.396,49.0809,2058000
2004-11-22,48.4925,48.7143,48.3767,48.4442,1473800
2004-11-23,48.4346,48.5889,48.232,48.3767,1849300
2004-11-24,48.4249,48.6854,48.3285,48.4731,1640300
2004-11-26,48.4249,48.6179,48.396,48.4249,671200
2004-11-29,48.2609,48.6179,48.232,48.4249,1637200
2004-11-30,48.3188,48.6082,48.1838,48.2609,1772000
2004-12-01,48.8879,48.9555,48.3092,48.3188,1778000
2004-12-02,48.7818,49.1966,48.7047,48.8879,1921100
2004-12-03,48.9941,49.322,48.8108,48.8879,1859100
2004-12-06,48.4731,48.9941,48.4539,48.9941,1911400
2004-12-07,48.4153,48.6082,48.3574,48.5696,1778700
2004-12-08,48.6179,48.6564,48.4249,48.5214,1601900
2004-12-09,48.8783,48.9748,48.4635,48.6661,1623300
2004-12-10,48.5214,48.9555,48.5214,48.9555,1813900
2004-12-13,48.6661,48.7626,48.4731,48.5985,1520200
2004-12-14,48.7626,48.8879,48.56,48.6564,1942900
2004-12-15,48.5214,48.8108,48.4828,48.6661,2674300
2004-12-16,48.7818,48.8108,48.5407,48.5696,3265000
2004-12-17,48.8108,49.1002,48.6661,48.7818,6041300
2004-12-20,48.8783,49.1484,48.7818,48.8301,2438000
2004-12-21,48.859,48.9941,48.6854,48.9072,2165200
2004-12-22,48.8494,49.2352,48.724,48.9265,2319300
2004-12-23,49.0134,49.1774,48.7915,48.859,1504000
2004-12-27,48.7143,49.1002,48.5985,48.9555,1891500
2004-12-28,48.9844,49.0326,48.7143,48.7143,1419900
2004-12-29,48.8687,49.0519,48.7722,48.8397,1156200
2004-12-30,49.0712,49.1966,48.8204,48.8783,1312600
2004-12-31,48.9362,49.1966,48.8879,49.1966,965400
2005-01-03,48.7336,49.5053,48.7047,48.9362,2030600
2005-01-04,48.695,49.0037,48.6179,48.9072,2146800
2005-01-05,48.1838,48.4346,48.0391,48.4249,6455000
2005-01-06,47.4603,48.1355,47.1612,48.1355,6574800
2005-01-07,47.4892,47.7593,46.6789,47.3156,4191800
2005-01-10,47.5374,47.8172,47.3252,47.5664,3232400
2005-01-11,47.4121,47.523,47.277,47.3638,2702000
2005-01-12,47.4313,47.7304,47.3252,47.4121,2766800
2005-01-13,47.3735,47.6629,47.2867,47.2867,2632900
2005-01-14,47.3252,47.5374,47.277,47.3831,3058900
2005-01-18,47.3542,47.5278,47.0648,47.2674,4700100
2005-01-19,47.3638,47.5471,47.2867,47.3831,3246100
2005-01-20,47.1323,47.5085,47.0358,47.1227,3062500
2005-01-21,47.0358,47.2481,47.0165,47.1323,3822300
2005-01-24,47.2867,47.74,47.1516,47.1709,3507700
2005-01-25,47.3638,47.5374,47.2674,47.2674,3058700
2005-01-26,46.9876,47.3156,46.9008,47.2674,5344400
2005-01-27,47.3349,47.4699,46.978,46.978,3041200
2005-01-28,47.2963,47.4313,47.1419,47.2577,2474800
2005-01-31,47.441,47.6918,47.2867,47.5278,2085000
2005-02-01,47.7111,47.7111,47.4217,47.5085,2171000
2005-02-02,47.6243,48.3285,47.3735,47.7497,4940600
2005-02-03,46.8236,47.4603,46.6403,47.4506,4776000
2005-02-04,46.814,46.8815,46.7464,46.785,3364200
2005-02-07,46.6114,46.8526,46.5728,46.785,3203700
2005-02-08,46.5921,46.6307,46.4957,46.6018,2921600
2005-02-09,46.8333,46.9297,46.5535,46.6114,2570300
2005-02-10,46.5632,46.9297,46.5439,46.9297,2807200
2005-02-11,46.6693,46.8815,46.4957,46.5921,3837700
2005-02-14,46.5921,46.8622,46.5053,46.7464,2655700
2005-02-15,46.6114,46.6886,46.3992,46.5439,2980900
2005-02-16,46.6693,46.8429,46.6114,46.6114,2637700
2005-02-17,46.3027,46.5921,46.2641,46.5921,3799400
2005-02-18,46.2545,46.4667,46.2062,46.3509,1884800
2005-02-22,45.6757,46.3124,45.6371,46.2641,3161700
2005-02-23,45.7432,46.0037,45.5985,45.9169,2430200
2005-02-24,45.8879,46.0037,45.6757,45.7239,1879800
2005-02-25,45.8397,45.9361,45.6275,45.8204,2305900
2005-02-28,45.7722,45.9072,45.6371,45.8397,3002000
2005-03-01,45.8011,46.2062,45.7915,45.8686,2204000
2005-03-02,45.8976,46.1194,45.5889,45.6757,2284800
2005-03-03,45.7239,45.9651,45.6178,45.8686,2624000
2005-03-04,46.2545,46.4957,45.8204,45.9169,2483900
2005-03-07,46.4281,46.6886,46.2159,46.4957,2473500
2005-03-08,46.2352,46.5342,46.158,46.4281,1811600
2005-03-09,46.0712,46.4957,45.9651,46.0616,2875900
2005-03-10,46.3124,46.4474,46.1194,46.187,2279800
2005-03-11,45.859,46.2285,45.8107,46.2255,2195100
2005-03-14,46.2352,46.2834,45.859,45.8686,1636000
2005-03-15,45.7915,46.2545,45.7722,46.158,2392700
2005-03-16,45.6661,46.0037,45.6082,45.8011,2245200
2005-03-17,45.7239,46.3027,45.6275,45.7239,2438400
2005-03-18,45.9169,45.994,45.7432,45.8204,2757400
2005-03-21,45.7915,45.9361,45.5792,45.83,1617500
2005-03-22,45.5889,46.0326,45.5889,45.8204,2013900
2005-03-23,45.7143,45.7239,45.4346,45.531,2639900
2005-03-24,45.6082,45.8107,45.5503,45.8107,1923800
2005-03-28,45.7722,46.0519,45.6477,45.7625,2090500
2005-03-29,45.5889,45.8686,45.5792,45.8011,1900500
2005-03-30,45.8204,45.9458,45.3381,45.5889,3190700
2005-03-31,45.7143,45.8686,45.5503,45.83,2259600
2005-04-01,45.4635,45.9169,45.3381,45.83,3155800
2005-04-04,45.4924,45.5889,45.2898,45.4635,2021900
2005-04-05,45.7625,45.8107,45.5407,45.5985,1910000
2005-04-06,44.0358,44.7111,43.8429,44.3638,11070000
2005-04-07,44.4699,44.5085,43.8525,43.8815,3676700
2005-04-08,44.3734,44.6339,44.3734,44.4699,2319200
2005-04-11,44.4217,44.7786,44.2094,44.3831,2855200
2005-04-12,45.0583,45.232,44.3156,44.412,3140900
2005-04-13,44.4313,45.0873,44.3638,45.0583,2841800
2005-04-14,44.3638,45.0005,44.2673,44.4313,2558400
2005-04-15,44.1033,44.6242,43.9104,44.3734,3138800
2005-04-18,44.084,44.248,43.9104,44.0165,2133400
2005-04-19,43.6693,44.084,43.3702,44.0744,3634100
2005-04-20,43.5053,43.9201,43.2641,43.6693,3708700
2005-04-21,46.3413,46.7464,43.5053,43.5535,12882800
2005-04-22,45.3381,45.7239,45.1258,45.6275,6367700
2005-04-25,45.6082,45.8204,45.3381,45.4538,3042900
2005-04-26,44.904,45.5889,44.904,45.4828,2793900
2005-04-27,45.2995,45.7239,44.7593,44.904,4177300
2005-04-28,44.8268,45.3091,44.7689,45.3091,2902300
2005-04-29,45.2127,45.2802,44.6146,45.0487,3000500
2005-05-02,45.9458,45.9554,45.3477,45.3863,2850600
2005-05-03,46.2352,46.6307,45.9265,45.9458,3093600
2005-05-04,46.3992,46.7754,46.2545,46.2545,2591900
2005-05-05,46.4867,46.7596,45.98,46.6329,2437600
2005-05-06,46.2236,46.8278,46.1456,46.7304,1671400
2005-05-09,46.4867,46.6622,46.0579,46.0579,1895900
2005-05-10,45.7168,46.2431,45.5219,46.0579,2210700
2005-05-11,45.8825,45.9118,45.3952,45.7168,1618900
2005-05-12,45.2783,45.9507,45.0736,45.8825,2389200
2005-05-13,44.8495,45.4635,44.7423,45.3172,2409000
2005-05-16,45.6389,45.6389,44.83,44.8495,1798500
2005-05-17,45.2588,45.5024,44.9274,45.4927,1888400
2005-05-18,45.8435,45.9118,45.4342,45.4829,2701100
2005-05-19,46.0092,46.1359,45.8045,45.9995,1647800
2005-05-20,46.0092,46.2139,45.6681,46.1749,1824300
2005-05-23,45.7168,46.0092,45.6291,46.0092,1710000
2005-05-24,45.98,46.1554,45.366,45.5219,2321100
2005-05-25,46.1944,46.6232,46.0092,46.0092,3334300
2005-05-26,46.4575,46.5355,45.9897,46.1944,2010200
2005-05-27,46.3893,46.5842,46.1846,46.4575,1596300
2005-05-31,45.6584,46.3016,45.6389,46.2918,3207800
2005-06-01,46.0872,46.1359,45.6291,45.8045,1879800
2005-06-02,46.3795,46.3893,45.7948,45.9995,2183300
2005-06-03,46.0872,46.1456,45.6973,46.0969,2363900
2005-06-06,46.1456,46.2333,45.9605,46.0872,1336500
2005-06-07,46.3795,46.5744,46.0969,46.1359,1891600
2005-06-08,46.3405,46.555,46.2041,46.555,1292300
2005-06-09,46.5452,46.6816,46.2139,46.3016,2007600
2005-06-10,46.0969,46.4575,45.824,46.4575,1926100
2005-06-13,46.1359,46.3698,45.8728,45.9897,2021300
2005-06-14,46.0384,46.1456,45.8045,46.0482,2352300
2005-06-15,45.3562,46.0969,45.3172,46.0482,2733700
2005-06-16,45.21,45.3952,45.0736,45.3172,2407400
2005-06-17,45.1126,45.5609,44.9372,45.5609,2928100
2005-06-20,45.5024,45.6486,45.0249,45.1223,1694000
2005-06-21,45.1223,45.4147,45.0249,45.3465,1598800
2005-06-22,45.1321,45.3952,44.9859,45.1029,1760800
2005-06-23,44.9274,45.1516,44.83,45.0249,2097600
2005-06-24,44.5084,45.1711,44.4889,44.83,2858600
2005-06-27,44.6253,44.7325,44.4889,44.5084,1685900
2005-06-28,44.9859,44.9869,44.6058,44.674,1854300
2005-06-29,44.713,44.9567,44.6838,44.9567,1711600
2005-06-30,44.5863,45.0249,44.5668,44.7228,2468200
2005-07-01,44.713,44.9567,44.5961,44.6935,1350100
2005-07-05,44.7813,44.9274,44.5474,44.713,1290400
2005-07-06,44.2745,44.766,44.2257,44.752,2162100
2005-07-07,44.2647,44.3719,43.9431,44.1478,2652800
2005-07-08,44.7617,45.0249,44.5668,44.5863,2920500
2005-07-11,44.8105,44.9079,44.4402,44.4596,1911700
2005-07-12,44.5766,44.8787,44.5181,44.83,1463700
2005-07-13,44.6351,44.7617,44.5571,44.5863,2058500
2005-07-14,44.9469,45.0736,44.7325,44.9274,2378100
2005-07-15,45.2978,45.327,44.8495,44.9469,1919800
2005-07-18,44.791,45.2588,44.7423,45.1711,2378300
2005-07-19,44.6351,44.9177,44.5863,44.7325,2509300
2005-07-20,44.7715,44.8495,44.5474,44.6448,2015900
2005-07-21,44.3427,44.6838,44.099,44.6838,3316800
2005-07-22,44.5571,44.7228,44.3037,44.3427,1986300
2005-07-25,44.6351,44.8592,44.2452,44.4402,1874900
2005-07-26,44.7325,45.1711,44.6156,44.7325,2470900
2005-07-27,42.9978,44.9664,42.988,44.6448,7919100
2005-07-28,43.6313,44.1478,42.4715,42.5982,6806500
2005-07-29,43.222,43.5923,43.1635,43.4656,2881200
2005-08-01,42.9003,43.5435,42.8711,43.2707,3537000
2005-08-02,43.0855,43.2707,42.6859,42.8321,3160100
2005-08-03,43.1927,43.1927,42.9296,43.0855,2455600
2005-08-04,43.2707,43.2804,42.9783,43.0758,3475400
2005-08-05,43.81,43.9472,43.3001,43.8492,4704500
2005-08-08,43.4374,43.7805,43.3883,43.7805,3366100
2005-08-09,43.457,43.5942,43.3491,43.5354,1980700
2005-08-10,43.408,43.6825,43.3295,43.4766,2791200
2005-08-11,43.5648,43.6629,43.3589,43.3883,2074800
2005-08-12,43.4374,43.6335,43.3687,43.5648,2271000
2005-08-15,43.7315,43.8002,43.3687,43.3687,1383800
2005-08-16,43.3981,43.8296,43.3491,43.7707,2536400
2005-08-17,43.4962,43.5942,43.3119,43.3393,1654100
2005-08-18,43.7609,43.7805,43.3785,43.3883,1446900
2005-08-19,43.5844,43.8492,43.5844,43.8002,1520900
2005-08-22,43.5452,43.8688,43.4766,43.5746,1829700
2005-08-23,43.5844,43.7119,43.4864,43.5452,1512500
2005-08-24,43.3393,43.604,43.202,43.3393,2050700
2005-08-25,43.3883,43.4178,43.1922,43.2903,1434200
2005-08-26,43.2903,43.4472,43.2511,43.2903,1374600
2005-08-29,43.4178,43.5844,43.153,43.1628,1655500
2005-08-30,43.5942,43.6727,43.1726,43.2413,2275600
2005-08-31,43.4472,43.6433,43.2609,43.604,3494500
2005-09-01,43.5354,43.8002,43.3393,43.3883,2152600
2005-09-02,44.212,44.212,43.6139,43.6727,3312000
2005-09-06,44.3885,44.663,44.0355,44.2512,2633900
2005-09-07,44.212,44.3002,43.8982,44.3002,2122900
2005-09-08,44.0649,44.1728,43.8884,43.9767,1731400
2005-09-09,44.5159,44.7219,44.0649,44.1629,2143700
2005-09-12,44.3885,44.5748,44.1826,44.5552,2128600
2005-09-13,44.1826,44.2316,44.0453,44.1728,2232600
2005-09-14,44.3885,44.5355,44.0257,44.0943,1726100
2005-09-15,44.1728,44.4865,44.0649,44.3885,2012300
2005-09-16,44.3198,44.3591,44.0845,44.3002,2953600
2005-09-19,44.0943,44.1728,43.8296,44.1237,1617100
2005-09-20,44.0453,44.1433,43.9767,44.1139,4267800
2005-09-21,43.3295,43.9374,43.3001,43.9374,3141200
2005-09-22,43.1726,43.3393,42.8196,43.2413,2490800
2005-09-23,43.1726,43.3883,42.8883,43.2118,1371100
2005-09-26,42.7706,43.3099,42.4274,43.2118,2539200
2005-09-27,42.7902,42.9177,42.5059,42.5549,3185800
2005-09-28,42.349,42.849,42.3097,42.8,3565400
2005-09-29,42.6137,42.9079,42.3097,42.349,2675900
2005-09-30,42.2019,42.6431,42.0352,42.6333,3786500
2005-10-03,41.6724,42.3392,41.6724,42.2117,3239600
2005-10-04,41.5057,41.8685,41.4763,41.8685,2508700
2005-10-05,40.986,41.6234,40.986,41.5057,2920500
2005-10-06,41.6038,42.349,41.0557,41.0841,3952900
2005-10-07,41.3783,41.6626,41.1822,41.6626,2764700
2005-10-10,41.3881,41.8195,41.3194,41.3783,2368700
2005-10-11,41.2704,41.4861,41.1429,41.3292,1771600
2005-10-12,41.1331,41.6626,41.0988,41.1625,2011600
2005-10-13,41.241,41.4567,40.8292,40.839,2105400
2005-10-14,41.3586,41.4273,41.1331,41.2312,1505900
2005-10-17,41.643,41.8881,41.4763,41.5744,1884100
2005-10-18,41.3783,41.7313,41.3489,41.594,2420000
2005-10-19,41.7999,41.8489,41.29,41.2998,2616400
2005-10-20,41.5253,41.9077,41.3783,41.8391,2063200
2005-10-21,41.3489,41.8783,41.1822,41.7116,2998800
2005-10-24,41.1037,41.4959,41.0155,41.3685,2308200
2005-10-25,40.937,41.0547,40.4173,40.888,3121100
2005-10-26,40.0055,41.4469,39.731,40.6919,6053300
2005-10-27,39.78,40.2408,39.3682,39.6329,3536100
2005-10-28,39.78,39.8781,39.5153,39.8094,4365100
2005-10-31,40.4468,40.9664,40.3879,40.6919,5148600
2005-11-01,40.3781,40.7311,40.3585,40.6232,2890500
2005-11-02,40.8292,40.8684,40.2506,40.4958,3340500
2005-11-03,41.1822,41.7705,41.0155,41.4763,3029100
2005-11-04,41.3194,41.6724,41.1037,41.6724,2282700
2005-11-07,41.7932,41.8623,41.4775,41.7932,2044200
2005-11-08,41.4873,41.9413,41.4478,41.8919,1874800
2005-11-09,41.7044,41.8031,41.3294,41.4281,2111700
2005-11-10,42.4939,42.4939,41.6551,41.8031,2071300
2005-11-11,42.6222,42.6518,42.2176,42.4939,2054300
2005-11-14,42.6715,42.6913,42.4517,42.6518,2212100
2005-11-15,42.7308,42.7801,42.4988,42.5334,2072500
2005-11-16,42.563,42.7998,42.5136,42.6913,2358100
2005-11-17,42.6321,42.6617,42.4347,42.5433,2055500
2005-11-18,42.6025,43.1156,42.4742,43.1156,2947300
2005-11-21,42.8788,42.9183,42.4544,42.5728,1711800
2005-11-22,43.4413,43.5104,43.0465,43.0465,4926100
2005-11-23,43.2143,43.4314,43.0169,43.0169,2678300
2005-11-25,43.2933,43.3919,43.1452,43.3031,789300
2005-11-28,43.4314,43.4808,43.1255,43.2933,2781300
2005-11-29,44.1123,44.4873,43.5419,43.6683,3898500
2005-11-30,43.165,44.3492,43.165,43.9841,3081100
2005-12-01,43.0367,43.4709,43.0367,43.1748,3215800
2005-12-02,42.9281,43.2538,42.6715,42.8788,3673300
2005-12-05,43.0268,43.1748,42.5531,42.8393,2040500
2005-12-06,42.7801,43.2735,42.7308,42.9775,1558800
2005-12-07,42.6715,43.1058,42.5728,42.7603,1333700
2005-12-08,42.4643,42.9281,42.2965,42.6321,2383500
2005-12-09,42.6617,43.0169,42.5136,42.6025,1916500
2005-12-12,42.5334,42.8985,42.4347,42.6617,1735800
2005-12-13,42.938,43.0761,42.4643,42.4643,2130200
2005-12-14,43.2933,43.4018,42.8886,42.938,2317100
2005-12-15,43.4216,43.5597,43.1748,43.4018,2535800
2005-12-16,43.6979,43.8459,43.4808,43.5696,3368800
2005-12-19,43.688,43.9643,43.4906,43.5498,1836200
2005-12-20,43.313,43.7373,43.2538,43.5794,2042600
2005-12-21,43.5794,43.836,43.4314,43.4906,1948000
2005-12-22,43.2735,43.7571,43.0959,43.4709,1960000
2005-12-23,43.1255,43.3426,42.8886,43.1847,1408700
2005-12-27,42.9972,43.4018,42.9972,43.1255,1459100
2005-12-28,42.938,43.1156,42.8295,42.9577,1568800
2005-12-29,42.7406,43.2143,42.7011,42.938,1441400
2005-12-30,42.3952,42.5926,42.188,42.5827,2253100
2006-01-03,43.0959,43.1058,42.5235,42.6814,2304100
2006-01-04,43.3426,43.5104,42.8689,43.0268,2230500
2006-01-05,42.563,43.4216,42.3459,43.4018,3495300
2006-01-06,43.4018,43.4314,42.4939,42.8097,2529500
2006-01-09,43.2538,43.3722,43.0169,43.2933,1880600
2006-01-10,42.5827,43.086,42.3558,43.0761,3182400
2006-01-11,42.5433,42.7308,42.4248,42.6715,3155800
2006-01-12,41.8525,42.2373,41.6847,41.9906,3386900
2006-01-13,42.0893,42.2077,41.5071,41.5663,2249700
2006-01-17,41.7538,42.1485,41.5465,42.1386,2094200
2006-01-18,41.7222,41.9413,41.3788,41.8031,2367500
2006-01-19,41.5169,41.6945,41.4281,41.5465,2074200
2006-01-20,40.7768,41.5959,40.6781,41.5169,3184600
2006-01-23,40.8459,41.0728,40.7472,40.7867,2376300
2006-01-24,41.4281,41.5465,40.9643,41.0334,3145200
2006-01-25,40.9742,41.7242,40.9445,41.6452,2670000
2006-01-26,41.5268,41.6353,41.2702,41.4478,2580200
2006-01-27,41.2998,41.4478,41.1052,41.3886,1811200
2006-01-30,41.4577,41.507,41.211,41.359,1564900
2006-01-31,40.8952,41.517,40.7077,41.4084,3390200
2006-02-01,40.8557,41.2801,40.4807,40.6978,4493300
2006-02-02,40.5597,40.8557,40.1353,40.609,4051800
2006-02-03,40.3919,40.5597,40.1748,40.4511,2784600
2006-02-06,40.2143,40.5399,40.1945,40.2735,3020300
2006-02-07,40.1946,40.2939,39.9065,40.1548,3212400
2006-02-08,40.4231,40.6218,39.986,40.0257,2225000
2006-02-09,40.2641,40.4827,40.0555,40.3535,2788100
2006-02-10,40.1548,40.4827,40.0654,40.1449,1727000
2006-02-13,40.3039,40.5125,40.0754,40.2343,1668400
2006-02-14,40.7012,40.8006,40.205,40.2741,1986500
2006-02-15,41.4066,41.486,40.5125,40.5919,2871000
2006-02-16,41.5258,41.7443,41.1682,41.3867,2774900
2006-02-17,41.2278,41.5059,41.1185,41.4761,2406000
2006-02-21,40.9993,41.4463,40.9397,41.2278,1930100
2006-02-22,41.4264,41.5159,41.1582,41.3072,2087200
2006-02-23,41.6649,41.804,41.2576,41.4264,2317300
2006-02-24,41.5457,41.8139,41.3271,41.8139,2057200
2006-02-27,41.8735,41.9728,41.4761,41.5755,2496100
2006-02-28,41.2675,42.0225,41.0787,41.6748,2914500
2006-03-01,41.2675,41.4662,41.1284,41.4562,1431400
2006-03-02,41.0986,41.1781,40.7807,41.0291,2036400
2006-03-03,40.9496,41.2774,40.8503,40.8503,2040000
2006-03-06,41.1284,41.3867,41.0291,41.1582,1705500
2006-03-07,41.4264,41.7344,41.039,41.1284,2134000
2006-03-08,41.9033,42.0821,41.2476,41.3768,3194100
2006-03-09,42.6583,42.7179,41.9927,42.0225,3505800
2006-03-10,42.6682,43.1848,42.4795,42.6384,2533200
2006-03-13,42.3404,42.7179,42.102,42.6782,2138800
2006-03-14,43.0457,43.3239,42.7775,42.8868,4962900
2006-03-15,43.0756,43.2941,42.9663,43.1451,2094800
2006-03-16,43.0557,43.314,43.0159,43.304,1857400
2006-03-17,43.0358,43.1749,42.8669,43.165,2391400
2006-03-20,43.6617,43.8802,43.155,43.155,2308900
2006-03-21,43.0159,43.7908,42.8868,43.7908,2145300
2006-03-22,43.4133,43.4332,43.0159,43.0855,1908400
2006-03-23,42.9861,43.5822,42.9166,43.4133,2358100
2006-03-24,42.6186,42.9464,42.5788,42.9365,2609000
2006-03-27,42.6682,42.8272,42.5888,42.7676,1600400
2006-03-28,42.4298,42.7477,42.2907,42.6484,1728200
2006-03-29,42.9961,43.006,42.4199,42.6285,2189000
2006-03-30,42.4894,43.2643,42.4696,42.9265,1903400
2006-03-31,42.4894,42.8272,42.4497,42.6484,1652500
2006-04-03,42.6186,42.708,42.3603,42.6881,2185900
2006-04-04,42.7775,42.8669,42.3205,42.6186,2061400
2006-04-05,42.8371,43.1252,42.5987,42.8967,1800500
2006-04-06,42.6484,42.8073,42.4795,42.5987,1464800
2006-04-07,41.7443,42.7179,41.7245,42.6484,2456900
2006-04-10,41.9927,42.1417,41.794,41.9232,1830000
2006-04-11,42.1914,42.2212,41.8238,42.1815,1798900
2006-04-12,41.794,42.3305,41.6748,42.2311,2318900
2006-04-13,41.943,42.0919,41.6649,41.6748,1738700
2006-04-17,41.6351,42.0126,41.6152,41.7543,1608100
2006-04-18,42.3603,42.41,41.6351,41.6947,2003900
2006-04-19,42.3404,42.6782,42.2113,42.4696,1502100
2006-04-20,42.3205,42.7179,42.1914,42.3404,1869700
2006-04-21,42.4497,42.7576,42.3305,42.6384,1818500
2006-04-24,42.7477,42.8868,42.2709,42.3305,1287800
2006-04-25,42.3503,42.7179,42.3305,42.5987,3737600
2006-04-26,44.6054,44.6551,42.1516,42.1715,8566000
2006-04-27,44.3273,44.7048,44.1385,44.5856,4112600
2006-04-28,44.2876,44.7942,44.2081,44.3372,2824900
2006-05-01,44.4366,44.7545,44.367,44.5756,2532200
2006-05-02,44.9035,44.9432,44.1087,44.6849,3505100
2006-05-03,45.5691,45.5989,44.9234,44.9929,3811900
2006-05-04,45.3406,45.6486,45.2015,45.5691,2839500
2006-05-05,45.5592,45.6883,45.0724,45.2015,4470600
2006-05-08,45.4797,45.6883,45.4002,45.5691,2974600
2006-05-09,46.5029,46.6817,45.3803,45.4995,5547700
2006-05-10,46.4334,46.5526,46.2446,46.4036,3166400
2006-05-11,45.7876,46.3837,45.6088,46.3738,2970800
2006-05-12,45.7181,46.0757,45.579,45.7876,2412100
2006-05-15,46.0857,46.1751,45.579,45.8175,2605800
2006-05-16,46.2844,46.2943,45.9466,46.0857,1961500
2006-05-17,45.9665,46.6718,45.7976,45.8969,3326300
2006-05-18,45.887,46.2943,45.6088,45.9367,2426800
2006-05-19,45.8274,46.5427,45.6585,45.887,3380400
2006-05-22,46.6519,46.7612,45.5989,45.8274,3521000
2006-05-23,46.195,46.5725,45.9863,46.5725,2456000
2006-05-24,46.195,46.4135,45.8473,45.9963,3015300
2006-05-25,46.5029,46.6917,46.0459,46.493,2119100
2006-05-26,45.4598,46.4831,45.0028,46.4731,5775900
2006-05-30,45.2015,45.4499,45.132,45.2214,2868900
2006-05-31,45.3406,45.4995,45.1518,45.1916,2608800
2006-06-01,45.6883,45.7578,45.3009,45.4896,2432500
2006-06-02,45.3207,45.6884,45.0724,45.4201,2488200
2006-06-05,44.6054,45.1816,44.4862,45.1022,3571400
2006-06-06,44.6651,44.8439,44.2081,44.6054,5039700
2006-06-07,44.8737,45.3207,44.6054,44.6154,3270700
2006-06-08,44.7743,45.2015,44.6154,45.0426,3513300
2006-06-09,44.8638,45.1916,44.6651,44.9532,2743800
2006-06-12,44.6849,45.281,44.675,45.0525,2449200
2006-06-13,44.9035,45.3505,44.7445,44.7545,3181800
2006-06-14,44.8439,45.1717,44.6949,44.8538,3886000
2006-06-15,45.122,45.1916,44.6353,44.824,2836400
2006-06-16,45.2214,45.4896,44.9135,44.9532,2789100
2006-06-19,45.1022,45.4995,44.8041,45.2114,2527400
2006-06-20,45.3009,45.5691,45.0525,45.0525,1999100
2006-06-21,45.3505,45.5592,45.0922,45.1022,3917500
2006-06-22,45.2015,45.5194,45.1816,45.4697,5667300
2006-06-23,45.122,45.3605,44.8638,45.1022,2630500
2006-06-26,45.0028,45.2561,44.8339,45.2015,1945800
2006-06-27,44.7942,45.1121,44.7048,45.0128,2767200
2006-06-28,44.6849,45.0128,44.367,44.7247,3429800
2006-06-29,45.43,45.4896,44.7147,45.0128,2215000
2006-06-30,45.2909,45.5194,45.2313,45.43,3292000
2006-07-03,45.2611,45.6287,45.2512,45.4101,1139200
2006-07-05,45.2313,45.3406,45.0823,45.2015,2440200
2006-07-06,45.3009,45.4995,45.2313,45.281,3119700
2006-07-07,45.6585,45.8373,45.3705,45.579,4528700
2006-07-10,45.7479,45.8969,45.5095,45.6585,1267100
2006-07-11,45.9168,45.9764,45.3108,45.6982,3045500
2006-07-12,45.7876,46.1353,45.7479,45.8969,2483400
2006-07-13,45.1618,45.7082,44.9929,45.6982,2214300
2006-07-14,44.8936,45.2909,44.4564,45.1022,1815700
2006-07-17,45.122,45.122,44.7247,44.8141,1616900
2006-07-18,45.4598,45.6684,44.8141,45.0922,2910200
2006-07-19,46.5228,46.642,45.8969,45.9963,6911800
2006-07-20,46.3837,46.6917,46.2446,46.3738,3328400
2006-07-21,46.5029,46.6519,46.3142,46.5923,2803400
2006-07-24,46.8904,46.9102,46.4632,46.5427,2604100
2006-07-25,47.3175,47.3672,46.6122,46.8904,2927300
2006-07-26,48.0328,48.3805,46.8606,47.0692,5643200
2006-07-27,47.7447,48.4898,47.5162,48.0825,3578400
2006-07-28,47.5858,47.9732,47.4268,47.6851,2711800
2006-07-31,47.8341,48.013,47.4964,47.5758,2101300
2006-08-01,47.5957,47.9235,47.3871,47.7348,2555200
2006-08-02,47.556,47.7447,47.3871,47.6354,1972100
2006-08-03,47.4169,47.6851,47.0891,47.556,1828200
2006-08-04,47.407,48.013,47.1487,47.6652,1885600
2006-08-07,47.556,47.6056,47.099,47.2778,2462500
2006-08-08,47.7547,47.9037,47.4964,47.5361,2560500
2006-08-09,47.6752,47.9335,47.5957,47.8838,1881300
2006-08-10,47.8937,47.9633,47.5063,47.546,2008800
2006-08-11,47.8838,47.9633,47.4467,47.8838,2429400
2006-08-14,47.705,48.152,47.6156,48.013,1581700
2006-08-15,48.1719,48.2017,47.9434,48.0428,2424200
2006-08-16,48.5792,48.6587,47.9235,48.1222,3471800
2006-08-17,48.4997,48.5792,48.1421,48.5792,1462800
2006-08-18,48.4799,48.609,48.2812,48.5097,2145700
2006-08-21,48.4997,48.5395,48.1421,48.4799,2708400
2006-08-22,48.4501,48.6289,48.3606,48.4302,1501400
2006-08-23,48.5295,48.6289,48.2414,48.3905,1846000
2006-08-24,48.9766,49.066,48.5593,48.5693,2528700
2006-08-25,49.1355,49.1753,48.8772,48.9766,1811500
2006-08-28,48.9369,49.2547,48.8872,49.1256,2136500
2006-08-29,49.5826,49.672,48.9369,48.9468,3929400
2006-08-30,49.1256,49.6223,49.1256,49.513,1946800
2006-08-31,49.0561,49.215,48.7978,49.2051,1848200
2006-09-01,49.1256,49.4713,49.0263,49.3442,2047100
2006-09-05,48.9766,49.2547,48.7978,49.1753,3448100
2006-09-06,47.6752,49.3144,47.6255,49.1256,7086000
2006-09-07,47.0195,47.546,46.5029,47.5361,5562800
2006-09-08,47.1089,47.7944,46.7711,47.7944,2445500
2006-09-11,46.9897,47.2877,46.9003,47.2679,2138500
2006-09-12,47.0493,47.2977,46.8009,47.2778,1472700
2006-09-13,46.6023,47.0692,46.5526,46.8606,2378900
2006-09-14,46.6221,46.8705,46.3241,46.6023,3145000
2006-09-15,46.9996,47.0692,46.3738,46.6321,2832000
2006-09-18,46.8109,47.3772,46.6917,46.9996,2069500
2006-09-19,47.2083,47.2381,46.7513,47.1685,2366700
2006-09-20,47.3374,47.5361,47.1487,47.4566,1770200
2006-09-21,47.3275,47.6056,47.1685,47.2877,1874600
2006-09-22,46.8407,46.8904,46.5427,46.8904,3724400
2006-09-25,47.4368,47.6255,46.7215,46.9897,2384700
2006-09-26,47.556,47.6553,46.9484,47.2281,2028200
2006-09-27,47.099,47.397,46.5625,47.3573,2848800
2006-09-28,47.6553,47.7646,46.9897,47.2679,2756200
2006-09-29,47.1983,47.8242,47.1387,47.556,1752800
2006-10-02,47.1785,47.4318,47.0096,47.3871,1619900
2006-10-03,46.8804,47.2679,46.8407,47.2579,1898700
2006-10-04,47.5162,47.5858,46.5427,46.9102,2112500
2006-10-05,46.9202,47.5063,46.8308,47.2977,2180200
2006-10-06,46.7711,46.8308,46.2446,46.6023,2866400
2006-10-09,46.6817,46.9102,46.5129,46.6619,1413800
2006-10-10,47.6652,48.4699,46.0956,46.6817,11249000
2006-10-11,47.1586,47.6752,46.791,47.6752,3096900
2006-10-12,47.3772,47.5262,47.2679,47.407,1589500
2006-10-13,47.695,47.695,47.099,47.1785,4041800
2006-10-16,48.2712,48.3209,47.4268,47.6851,3731500
2006-10-17,48.2812,48.2911,47.6156,48.2712,2829500
2006-10-18,48.3606,48.6289,48.0924,48.4799,3269200
2006-10-19,47.6851,48.1322,47.6056,47.9136,2146100
2006-10-20,47.0096,47.6752,46.8506,47.6652,4468300
2006-10-23,47.2778,47.4666,46.5725,46.7016,3170200
2006-10-24,46.5824,46.8705,46.1751,46.7612,4357800
2006-10-25,47.546,48.2812,46.0857,46.4433,5605000
2006-10-26,47.9037,47.9533,47.2281,47.8043,3701900
2006-10-27,47.3871,47.9235,47.3573,47.6752,2518900
2006-10-30,47.0493,47.8341,47.0195,47.5361,2020200
2006-10-31,47.1089,47.6255,47.0294,47.099,2562700
2006-11-01,47.3772,47.545,47.0493,47.1387,1909400
2006-11-02,46.9102,47.4169,46.8407,47.2381,1993400
2006-11-03,46.642,47.2877,46.5427,46.94,3064900
2006-11-06,47.099,47.1884,46.6817,46.8208,3532400
2006-11-07,46.8904,47.2083,46.7115,47.0096,2604800
2006-11-08,46.9202,47.0394,46.6122,46.6619,1645200
2006-11-09,46.9202,47.1288,46.7711,46.9102,2217000
2006-11-10,46.9798,47.1785,46.791,47.0692,1214900
2006-11-13,46.6619,47.0891,46.5427,46.9798,2355000
2006-11-14,46.7612,46.8804,46.4334,46.6619,2270600
2006-11-15,46.6122,46.8109,46.4632,46.6917,2623200
2006-11-16,46.7612,46.8804,46.4433,46.6122,2097000
2006-11-17,46.5824,46.8804,46.4632,46.6619,2631900
2006-11-20,46.2347,46.7142,46.195,46.5427,1841600
2006-11-21,46.0658,46.4632,45.9466,46.2049,2994300
2006-11-22,46.2148,46.3042,46.0559,46.0956,2221100
2006-11-24,45.9764,46.2446,45.9466,45.9665,952700
2006-11-27,45.8373,46.0857,45.7678,45.9069,3441200
2006-11-28,46.5824,46.8506,45.7479,45.8373,4348000
2006-11-29,46.3142,46.641,46.0956,46.5824,3391400
2006-11-30,47.1983,47.2579,46.2446,46.2446,4697900
2006-12-01,47.3175,47.7149,47.0791,47.3374,3457400
2006-12-04,47.7944,47.9732,47.3374,47.5659,3015400
2006-12-05,47.9732,48.0229,47.546,47.8341,2782700
2006-12-06,47.8739,47.9235,47.546,47.8441,1748800
2006-12-07,47.7149,48.0626,47.6851,47.9335,1423800
2006-12-08,47.4864,47.705,47.1387,47.5758,2645300
2006-12-11,47.9931,48.0328,47.4368,47.6056,2893900
2006-12-12,48.1818,48.6488,47.9633,48.0428,3997400
2006-12-13,47.8441,48.4004,47.7547,48.3706,2215000
2006-12-14,48.1024,48.3606,47.8242,47.9832,1861500
2006-12-15,48.1222,48.1719,47.7348,48.1024,3329600
2006-12-18,47.7447,48.1818,47.6454,48.1818,2500900
2006-12-19,47.5858,47.8739,47.556,47.7547,2055900
2006-12-20,47.7248,47.9732,47.1189,47.3871,4581500
2006-12-21,48.6289,48.6587,47.7944,47.8242,3545700
2006-12-22,48.5792,48.7779,48.4302,48.6786,1847800
2006-12-26,48.758,48.8375,48.4501,48.4501,1234200
2006-12-27,48.8872,49.1355,48.6885,48.768,1408500
2006-12-28,49.0561,49.4236,48.6885,49.2746,1421100
2006-12-29,48.8772,49.0561,48.7779,48.9071,1409200
2007-01-03,48.8971,49.3541,48.7779,49.0163,3212300
2007-01-04,48.4302,49.0461,48.3606,48.8971,3394500
2007-01-05,48.4799,48.8375,48.2116,48.4302,4722200
2007-01-08,48.46,48.6189,48.1818,48.2017,3447800
2007-01-09,48.4401,48.7978,48.3408,48.6587,2245400
2007-01-10,48.8673,48.9468,48.3805,48.4799,3179300
2007-01-11,49.3541,49.4038,49.1157,49.1951,4008600
2007-01-12,50.0098,50.1588,49.3541,49.5528,4997500
2007-01-16,50.2879,50.576,50.0098,50.0098,2849100
2007-01-17,50.3177,50.6456,50.1687,50.2879,2965800
2007-01-18,50.427,51.1125,49.9998,50.6654,2603200
2007-01-19,50.4866,50.5735,50.2085,50.4668,2483200
2007-01-22,50.5363,50.6853,50.2383,50.4866,3374500
2007-01-23,50.7151,50.7449,50.427,50.6158,2564800
2007-01-24,50.9635,51.0231,50.4767,50.6654,3591200
2007-01-25,50.735,51.2218,50.725,51.0728,2970500
2007-01-26,50.5959,50.884,50.3177,50.8045,2858100
2007-01-29,50.427,50.9635,50.3475,50.6058,3603800
2007-01-30,50.6654,50.7052,50.4071,50.6654,2211100
2007-01-31,50.6356,50.8244,50.3873,50.5661,2303500
2007-02-01,51.0628,51.1522,50.5661,50.5959,3886900
2007-02-02,51.033,51.4006,50.576,51.1622,4359200
2007-02-05,50.7946,50.9635,50.4568,50.8343,3103200
2007-02-06,50.3277,51.0131,50.2184,50.9138,3753800
2007-02-07,49.9204,50.2681,49.831,50.2581,3056100
2007-02-08,49.8607,50.0495,49.7415,49.97,2274000
2007-02-09,49.7217,50.0396,49.6422,49.8508,2998200
2007-02-12,49.5627,49.9601,49.5031,49.821,2652584
2007-02-13,49.7316,49.7515,49.4932,49.5826,2595374
2007-02-14,49.9005,50.1588,49.7117,49.821,2538088
2007-02-15,51.4105,51.9072,51.182,51.3608,8825750
2007-02-16,50.8244,51.2615,50.6058,51.192,4859200
2007-02-20,50.4966,50.7648,50.278,50.576,2900000
2007-02-21,50.3376,50.6356,50.1985,50.4071,3836200
2007-02-22,50.0594,50.7747,49.9005,50.4866,3050400
2007-02-23,49.7217,50.0197,49.6919,50.0197,2344200
2007-02-26,49.4832,49.7713,49.2349,49.7018,3683275
2007-02-27,48.6786,49.9204,48.2911,49.215,5112000
2007-02-28,48.7183,49.0759,48.5693,48.6885,4901400
2007-03-01,48.6984,48.9766,48.4302,48.7481,3876600
2007-03-02,47.8242,48.6686,47.8242,48.6388,3666300
2007-03-05,47.6553,47.9931,47.6354,47.7248,4702500
2007-03-06,49.1355,49.1554,48.0428,48.5693,4810500
2007-03-07,48.6984,49.513,48.6686,48.9269,4425800
2007-03-08,49.4932,49.6124,48.8772,49.0759,3785000
2007-03-09,49.8707,49.9104,49.4733,49.672,2893059
2007-03-12,50.2581,50.3475,49.6819,49.7415,2530800
2007-03-13,49.7217,50.1389,49.672,49.8707,3411800
2007-03-14,50.1687,50.1687,49.5329,49.6521,3145661
2007-03-15,49.5727,50.1687,49.5528,50.0694,3358711
2007-03-16,49.3144,49.97,49.1951,49.8011,5182200
2007-03-19,49.7018,49.7713,49.4932,49.6223,2086500
2007-03-20,49.831,49.8409,49.5429,49.6819,1655300
2007-03-22,50.5661,50.6555,49.97,50.4171,2894103
2007-03-23,50.4668,50.5263,50.2085,50.4171,1600700
2007-03-26,50.5164,50.5462,50.0296,50.5462,1723606
2007-03-27,50.0892,50.4767,49.7018,50.2681,2690500
2007-03-28,49.4634,49.8707,49.4634,49.8707,2712000
2007-03-29,49.831,49.9402,49.6099,49.7217,2097475
2007-03-30,50.129,50.2879,49.6621,49.9502,2502200
2007-04-02,50.3674,50.6555,50.0197,50.0197,2572500
2007-04-03,50.725,50.8641,50.576,50.6158,2356400
2007-04-04,50.8542,50.9635,50.7052,50.7846,1755700
2007-04-05,50.7648,50.9933,50.6555,50.9933,1353865
2007-04-09,51.3708,51.4602,50.7648,50.7648,2609200
2007-04-10,51.7483,51.8079,50.8641,51.3112,2636136
2007-04-11,51.5496,51.8576,51.4801,51.6589,2756300
2007-04-12,51.8377,51.8774,51.2416,51.4602,4075775
2007-04-13,51.798,52.1556,51.4801,52.1556,1945046
2007-04-16,52.1258,52.1556,51.7284,51.8973,2457804
2007-04-17,52.1457,52.2748,51.937,52.1556,1797104
2007-04-18,51.798,52.9702,51.7682,52.6523,2042327
2007-04-19,51.7582,51.788,51.4204,51.5099,2655911
2007-04-20,52.2649,52.6026,51.9668,52.6026,3549285
2007-04-23,52.1655,52.2947,52.0463,52.245,1642700
2007-04-24,52.0066,52.2847,51.9072,52.1258,2740289
2007-04-25,50.5661,52.4536,49.9204,52.1556,8578079
2007-04-26,50.2681,50.5959,49.672,50.3177,5182846
2007-04-27,49.7018,49.9601,49.6422,49.821,3718196
2007-04-30,48.8673,49.7912,48.8574,49.7713,6925472
2007-05-01,49.2349,49.3144,48.9071,48.9965,5659251
2007-05-02,49.5627,49.7117,49.066,49.1951,3499350
2007-05-03,49.97,50.0793,49.5329,49.6124,3733054
2007-05-04,50.1687,50.1687,49.9204,50.0495,2821527
2007-05-07,50.0793,50.6654,49.672,49.9204,3378823
2007-05-08,50.0694,50.1985,49.97,50.0197,2773700
2007-05-09,49.6323,50.2681,49.6025,50.1588,4392205
2007-05-10,49.5429,49.9005,49.4038,49.4038,3240900
2007-05-11,49.8111,49.8409,49.4634,49.4733,2319000
2007-05-14,49.6223,49.8707,49.4435,49.7316,3254410
2007-05-15,50.0694,50.1687,49.5255,49.672,3021884
2007-05-16,49.9502,50.0793,49.6621,50.0793,2353649
2007-05-17,49.3541,49.821,49.2746,49.7415,3467500
2007-05-18,49.821,49.821,49.3839,49.4634,3091400
2007-05-21,49.3243,49.9104,49.2349,49.672,2739507
2007-05-22,50.735,50.8144,49.2945,49.4336,7590445
2007-05-23,51.0131,51.2317,50.6158,50.6754,7042100
2007-05-24,50.9436,51.3112,50.6952,50.735,4953791
2007-05-25,50.6456,51.1572,50.6456,50.9635,2819600
2007-05-29,51.8874,51.9569,50.4866,50.4866,7619839
2007-05-30,52.3344,52.3841,51.3211,51.4403,6016235
2007-05-31,52.9901,53.2086,51.8576,52.2152,11214300
2007-06-01,53.6557,53.8246,52.9801,53.0,7644407
2007-06-04,52.8013,53.6458,52.3642,53.6458,5494894
2007-06-05,53.308,54.8279,52.851,53.6656,18511036
2007-06-06,52.7616,53.1987,52.4338,53.149,6674900
2007-06-07,51.9867,53.2881,51.9271,52.4735,7457529
2007-06-08,52.2549,52.3046,51.7483,52.1556,4782048
2007-06-11,53.616,53.8047,52.3841,52.5033,9760494
2007-06-12,52.5629,53.616,52.553,53.616,8055644
2007-06-13,53.5365,53.6656,52.702,52.702,6756370
2007-06-14,52.5132,53.4967,52.4338,53.3676,5165164
2007-06-15,52.543,53.2782,52.3543,52.7318,4495800
2007-06-18,53.9438,54.212,52.3543,52.5232,7052871
2007-06-19,54.0531,54.4604,53.457,53.6458,7974604
2007-06-20,52.4437,53.904,52.2649,53.7948,10040176
2007-06-21,52.7517,52.8808,52.4437,52.6523,5400217
2007-06-22,52.1059,52.702,52.096,52.6523,5222453
2007-06-25,51.0231,52.404,50.9039,52.1059,7677143
2007-06-26,50.5562,51.4801,50.2283,51.0827,13719887
2007-06-27,51.1423,51.2218,50.2879,50.5562,5345060
2007-06-28,51.4006,51.8476,50.6654,50.8542,3882500
2007-06-29,51.8178,51.9072,51.2615,51.4403,5458600
2007-07-02,51.9668,52.1556,51.5496,52.1059,2714400
2007-07-03,51.0926,51.8874,50.9933,51.8874,2848007
2007-07-05,51.7582,51.937,51.1622,51.3211,3131100
2007-07-06,51.2218,51.6887,51.0628,51.4701,3638200
2007-07-09,50.6654,51.6787,50.6356,51.3112,6604673
2007-07-10,49.9402,51.5496,49.821,51.2913,6638400
2007-07-11,50.1786,50.4966,49.8707,49.9005,5639400
2007-07-12,50.129,50.6456,49.4038,50.1786,6624792
2007-07-13,50.4866,50.7151,49.672,49.8707,6224415
2007-07-16,50.4568,50.6654,50.1985,50.2184,3910350
2007-07-17,49.9899,50.3276,49.9402,50.2879,4646658
2007-07-18,49.672,50.1687,49.4534,49.7217,4371484
2007-07-19,49.8011,50.129,49.4932,49.8905,3162500
2007-07-20,49.3044,49.8607,49.2349,49.7912,5202850
2007-07-23,49.8905,50.2681,49.6124,49.9005,5556811
2007-07-24,48.7978,49.7713,48.7382,49.4336,4816656
2007-07-25,49.2647,49.672,47.9931,49.2249,8602583
2007-07-26,48.1918,49.2547,47.546,48.2116,12840475
2007-07-27,48.3308,49.1753,47.9335,48.1918,9105354
2007-07-30,48.9766,49.1157,48.2017,48.5494,4867700
2007-07-31,48.4501,49.3144,48.4103,49.3044,3770501
2007-08-01,49.4832,49.6621,48.2712,48.4501,5290146
2007-08-02,49.374,49.7415,49.0461,49.4236,3525100
2007-08-03,48.6289,49.6323,48.46,49.4236,4127887
2007-08-06,50.0098,50.0594,48.7779,49.0064,4644936
2007-08-07,50.08,50.43,49.4,49.45,3695397
2007-08-08,51.02,51.06,49.4,50.11,6612375
2007-08-09,48.5,50.3,48.5,50.1,7442049
2007-08-10,48.73,49.01,48.0,48.5,5439377
2007-08-13,48.46,49.34,48.3,48.87,3583600
2007-08-14,48.04,48.83,48.0,48.42,3187497
2007-08-15,47.86,48.97,47.8,48.35,3029967
2007-08-16,46.95,48.31,46.74,47.45,7802710
2007-08-17,47.25,48.46,46.78,46.95,6457072
2007-08-20,47.85,48.32,47.38,47.9,5094424
2007-08-21,47.62,48.38,47.5,47.76,4243700
2007-08-22,47.79,47.9,47.41,47.8,5072500
2007-08-23,48.0,48.17,47.53,48.0,4454900
2007-08-24,48.4,48.53,47.91,48.0,3115900
2007-08-27,48.6,48.78,48.32,48.58,3259016
2007-08-28,47.68,48.85,47.6,48.5,4169700
2007-08-29,48.33,48.4,47.53,47.83,3268700
2007-08-30,48.4,48.71,47.88,48.0,2219700
2007-08-31,49.4,49.46,48.3,48.73,4334500
2007-09-04,49.02,49.38,48.81,49.38,3251959
2007-09-05,48.57,49.02,48.23,49.01,2990900
2007-09-06,49.7,49.89,48.19,48.57,4747500
2007-09-07,49.84,50.0,49.1,49.27,3600200
2007-09-10,49.59,50.18,49.27,49.85,3748100
2007-09-11,50.12,50.12,49.55,49.65,2490800
2007-09-12,50.44,50.75,50.02,50.02,3141300
2007-09-13,50.67,50.9,50.38,50.38,3373300
2007-09-14,50.18,50.48,49.9,50.37,2797700
2007-09-17,49.99,50.39,49.75,50.16,2305100
2007-09-18,50.4,50.5,49.77,50.23,3011200
2007-09-19,50.93,51.0,50.442,50.7,5298300
2007-09-20,50.74,51.07,50.55,50.82,3791000
2007-09-21,50.57,51.14,50.42,51.12,4388000
2007-09-24,49.98,50.55,49.94,50.46,2834000
2007-09-25,50.43,50.61,49.88,49.91,2700200
2007-09-26,50.59,50.74,50.17,50.69,3129200
2007-09-27,50.26,50.85,50.08,50.71,2088100
2007-09-28,49.99,50.42,49.93,50.15,2967804
2007-10-01,49.79,50.16,49.68,50.0,4053900
2007-10-02,50.7,50.72,49.83,49.94,3587600
2007-10-03,51.7,52.27,50.3,50.51,7422449
2007-10-04,50.92,51.98,50.76,51.92,3346900
2007-10-05,51.6,52.04,51.17,51.22,3524250
2007-10-08,52.03,52.2,51.44,51.49,2155100
2007-10-09,51.63,52.23,51.21,51.88,3456300
2007-10-10,52.26,52.53,51.3,51.36,4141100
2007-10-11,52.38,53.0,52.15,52.41,3758700
2007-10-12,52.87,52.91,52.27,52.44,2419700
2007-10-15,52.22,52.85,51.73,52.57,3769700
2007-10-16,52.19,52.49,51.99,52.21,1931100
2007-10-17,52.53,52.97,52.15,52.5,3036900
2007-10-18,52.59,53.0,52.41,52.47,2108950
2007-10-19,51.31,52.39,51.15,52.23,3910600
2007-10-22,51.3,51.37,50.91,50.94,2327700
2007-10-23,51.55,51.75,50.98,51.75,2413308
2007-10-24,51.87,52.69,50.9,51.32,5015800
2007-10-25,52.27,52.3,51.32,52.05,2549060
2007-10-26,51.8,52.45,51.54,52.43,2740000
2007-10-29,51.74,52.08,51.39,51.84,3306300
2007-10-30,51.43,51.77,51.21,51.43,3074800
2007-10-31,51.28,51.93,51.15,51.51,3806100
2007-11-01,50.41,51.39,50.32,51.13,4660600
2007-11-02,50.66,50.98,50.23,50.57,4097000
2007-11-05,51.08,51.41,50.47,50.66,4602918
2007-11-06,51.13,51.48,50.33,50.33,3866109
2007-11-07,50.06,50.91,50.01,50.47,3584810
2007-11-08,50.48,50.66,49.95,50.1,3872673
2007-11-09,49.81,50.69,49.78,49.9,4178253
2007-11-12,49.88,50.72,49.67,49.67,3443802
2007-11-13,50.3,50.35,49.7,50.2,3628303
2007-11-14,50.8,51.31,50.0,50.5,3800148
2007-11-15,49.81,51.18,49.73,50.74,3851249
2007-11-16,49.74,50.22,49.34,50.08,5024750
2007-11-19,48.74,49.8,48.16,49.8,7030666
2007-11-20,49.59,49.86,48.72,48.92,4005911
2007-11-21,49.24,50.03,49.08,49.08,4165029
2007-11-23,50.19,50.22,49.25,49.5,1464972
