Price,Close,High,Low,Open,Volume
Ticker,C,C,C,C,C
Date,,,,,
1999-11-24,24.9374,25.342,24.8508,25.342,9160268
1999-11-26,25.1397,25.3998,25.0242,25.1975,4319677
1999-11-29,24.793,25.053,24.7063,25.053,12782634
1999-11-30,24.9086,25.5154,24.7063,24.7352,16079838
1999-12-01,25.1686,25.2553,24.504,24.5329,10619462
1999-12-02,25.1379,25.7177,24.7352,25.6599,14958817
1999-12-03,26.2378,26.5268,25.4865,25.6309,21067096
1999-12-06,26.0644,26.3245,25.6888,26.3245,12468494
1999-12-07,26.4401,26.5846,26.0644,26.18,14106935
1999-12-08,25.1397,26.6134,25.1397,26.4978,12766129
1999-12-09,25.5443,25.9488,25.0819,25.891,13830806
1999-12-10,25.9488,26.18,25.7465,25.8044,13939032
1999-12-13,25.5732,25.891,25.4287,25.891,11229784
1999-12-14,24.7352,25.342,24.7063,24.9663,14060215
1999-12-15,25.1975,25.4576,24.8797,24.9374,14500752
1999-12-16,24.9086,25.4865,24.5329,25.4865,13183924
1999-12-17,25.1975,25.3998,24.7063,24.9374,19055322
1999-12-20,24.6485,25.6021,24.6196,25.1975,13827956
1999-12-21,25.5443,25.8044,24.504,24.5329,16296881
1999-12-22,25.4287,25.6309,25.1108,25.6309,11244301
1999-12-23,25.891,26.0355,25.7177,25.8044,10798548
1999-12-27,25.1686,26.18,25.1397,25.92,9619354
1999-12-28,25.6599,25.7177,25.1397,25.2264,6731612
1999-12-29,25.3709,25.8044,25.2553,25.7177,5953225
1999-12-30,25.5732,25.6599,25.1108,25.4287,5456182
1999-12-31,25.7465,25.8621,25.3709,25.5443,2800430
2000-01-03,24.504,25.7177,24.3884,25.7177,17918708
2000-01-04,23.0014,24.1284,23.0014,24.0416,25841720
2000-01-05,23.406,23.8683,22.8858,23.5215,18707526
2000-01-06,25.053,25.2842,23.6949,23.7238,20001396
2000-01-07,25.1975,25.2264,24.4173,24.9663,13072096
2000-01-10,24.9663,25.3998,24.7641,25.3998,9102634
2000-01-11,24.5907,25.1397,24.4462,24.6774,10658333
2000-01-12,25.3709,25.7465,24.7063,24.7641,12313548
2000-01-13,25.6888,25.92,25.2842,25.4287,13311075
2000-01-14,26.8157,27.0758,26.0933,26.1222,23884838
2000-01-18,26.7868,27.2492,26.4401,26.8446,16846988
2000-01-19,27.5959,27.7982,26.7579,26.8157,21009730
2000-01-20,26.469,27.7693,26.4401,27.6826,14432688
2000-01-21,26.0933,27.0469,25.8333,26.9024,16624086
2000-01-24,25.5732,26.3534,25.2553,26.3534,12278548
2000-01-25,25.8333,26.5846,25.4865,26.2667,16579462
2000-01-26,26.7868,27.0758,26.0355,26.1222,14344193
2000-01-27,27.2492,27.5092,26.7002,27.1047,15574032
2000-01-28,25.9488,27.0469,25.891,26.5846,12752258
2000-01-31,26.5556,26.7868,26.0066,26.18,14625645
2000-02-01,26.9313,27.0469,26.5556,26.6134,12851182
2000-02-02,26.3534,27.1047,26.3534,26.9602,14006559
2000-02-03,26.9648,26.9939,25.5977,26.9067,20342794
2000-02-04,25.5686,26.8776,25.2195,26.4703,15599408
2000-02-07,25.3941,26.1504,25.2195,25.7431,13297473
2000-02-08,25.9468,26.1504,25.6559,25.7431,14195376
2000-02-09,25.2195,25.9468,25.1032,25.6559,13612311
2000-02-10,24.9868,25.6849,24.6668,25.365,11964569
2000-02-11,25.1032,25.6849,24.6087,25.2195,14237956
2000-02-14,24.6087,25.3941,24.2305,25.2486,12396827
2000-02-15,25.2777,25.5686,24.5214,24.6087,15031075
2000-02-16,24.8705,25.5395,24.6959,25.1904,9279677
2000-02-17,24.4342,25.4814,24.2887,25.2486,13798548
2000-02-18,23.9396,24.5214,23.2415,24.4051,21670106
2000-02-22,23.8524,24.376,23.2706,23.9105,20820322
2000-02-23,23.5615,24.056,23.5033,23.6779,16718709
2000-02-24,23.0089,23.4451,22.6016,23.2706,33838388
2000-02-25,22.6597,23.5906,21.9325,22.9797,20198118
2000-02-28,22.9797,23.5615,22.8925,23.0379,34677848
2000-02-29,24.0269,24.2596,23.416,23.5033,27355106
2000-03-01,24.1433,24.7832,23.8524,24.7832,17947364
2000-03-02,23.9687,25.4814,23.2706,24.1723,12487311
2000-03-03,24.8996,25.045,24.4342,24.8996,19839246
2000-03-06,24.3469,25.2486,23.7651,25.1323,13326989
2000-03-07,23.5615,24.6087,23.4451,24.5796,12296182
2000-03-08,23.2124,23.7069,22.8925,23.6197,12686881
2000-03-09,23.2997,23.3869,22.5725,22.8343,15466935
2000-03-10,22.747,23.5906,22.6888,23.1833,13184946
2000-03-13,22.8052,23.1543,22.2234,22.3107,20621612
2000-03-14,23.1252,23.4451,22.9215,23.3288,12715967
2000-03-15,24.2596,24.3178,22.747,22.9506,25567580
2000-03-16,26.4994,26.5285,24.5505,24.9578,36857204
2000-03-17,26.5867,26.8776,26.1213,26.3249,21071826
2000-03-20,26.0922,26.7321,25.7431,26.1213,14565161
2000-03-21,27.023,27.1103,25.8885,26.2085,22136344
2000-03-22,27.4011,27.4594,26.8194,27.1103,15996666
2000-03-23,28.7392,28.7683,27.0521,27.343,23387634
2000-03-24,27.9248,29.0301,27.7502,28.7683,19626344
2000-03-27,27.9248,28.7101,27.1394,28.1865,13727311
2000-03-28,28.3902,28.7974,27.1394,28.1865,15395268
2000-03-29,27.9248,28.5647,27.6921,28.3902,11475967
2000-03-30,27.6921,28.0993,27.3139,27.9829,12536612
2000-03-31,27.6048,28.2738,27.5175,27.9539,12414301
2000-04-03,28.7392,29.0592,27.8666,27.9248,17543494
2000-04-04,27.4884,29.4083,26.0631,28.8556,25475106
2000-04-05,27.2557,27.6921,26.9939,27.343,12641720
2000-04-06,27.6048,27.8666,27.3721,27.6921,9138064
2000-04-07,27.4303,27.9248,27.3721,27.8084,9855752
2000-04-10,28.9719,29.1465,27.4011,27.4594,16876666
2000-04-11,29.5246,29.5246,28.5647,28.9138,16400430
2000-04-12,29.321,30.4554,29.1174,29.8737,22552526
2000-04-13,28.9138,29.321,28.6229,29.321,15426236
2000-04-14,26.8776,28.3611,26.5576,28.3611,23001720
2000-04-17,27.8375,27.8375,26.4122,26.6449,21131880
2000-04-18,29.0301,29.321,27.6048,27.7502,16069086
2000-04-19,27.7793,28.9138,26.7903,28.8847,25655482
2000-04-20,28.5065,28.5065,27.8084,28.332,11076989
2000-04-24,28.7683,28.9138,28.1575,28.332,11579784
2000-04-25,29.961,29.9901,28.9719,29.001,13618172
2000-04-26,29.1756,29.8446,28.8556,29.5246,11985376
2000-04-27,28.8833,29.0003,28.181,28.737,11895752
2000-04-28,27.8298,29.3515,27.5957,29.3222,11873548
2000-05-01,28.2395,29.0296,27.6542,28.181,9614193
2000-05-02,28.6199,28.9125,28.0054,28.2687,8859892
2000-05-03,28.1517,29.3222,27.9761,28.4736,12768709
2000-05-04,27.5079,28.2687,27.1859,28.0054,13100215
2000-05-05,27.8883,28.0639,27.1275,27.1275,8544623
2000-05-08,28.2102,28.298,27.6249,27.7713,10388494
2000-05-09,27.7713,28.5028,27.5664,28.2687,10160430
2000-05-10,26.4544,27.7127,26.3959,27.3615,13618172
2000-05-11,27.5957,27.8298,26.6885,27.0104,11934462
2000-05-12,28.1625,28.5321,27.3031,27.5664,12513548
2000-05-15,29.4978,29.5271,28.0639,28.2395,12827096
2000-05-16,28.8833,29.6734,28.6784,29.5856,12248440
2000-05-17,28.8247,29.2637,28.5028,28.854,10075537
2000-05-18,28.8247,29.5271,28.737,29.0296,11593978
2000-05-19,28.5321,28.737,28.181,28.5028,10698602
2000-05-22,28.7077,28.854,27.8883,28.737,9187204
2000-05-23,29.1467,29.6149,28.5614,28.5614,11224193
2000-05-24,28.5906,29.5856,28.2395,28.9711,17958118
2000-05-25,27.4201,28.5614,27.2152,28.1517,16325430
2000-05-26,27.2152,27.4786,26.7177,27.1859,12585053
2000-05-30,28.2395,28.4736,27.742,27.8591,10058064
2000-05-31,29.1174,29.1174,28.3565,28.3858,10491881
2000-06-01,29.6734,30.0831,29.3222,29.4978,15630376
2000-06-02,31.0196,31.3121,30.6976,30.7854,16049301
2000-06-05,31.1073,31.1659,30.7269,30.8147,10963010
2000-06-06,30.3465,30.8732,29.966,30.8439,9605000
2000-06-07,30.9903,31.1659,30.2587,30.6098,10228387
2000-06-08,30.2587,31.0196,30.0538,30.9903,10050752
2000-06-09,29.966,30.7561,29.849,30.405,9041129
2000-06-12,29.966,30.405,29.849,30.1709,7224354
2000-06-13,30.6098,30.6391,29.7905,30.2587,9258064
2000-06-14,31.517,31.6633,30.5806,30.6391,12906075
2000-06-15,30.3172,31.4878,30.3172,31.4585,13675107
2000-06-16,29.3808,30.6098,28.9418,30.3757,20868924
2000-06-19,30.0245,30.2587,29.41,29.4978,10355107
2000-06-20,30.1709,30.4928,29.7612,30.3757,9043870
2000-06-21,29.4978,29.7027,29.2637,29.6734,9784623
2000-06-22,29.1174,29.4686,28.298,29.2637,9893010
2000-06-23,28.9711,29.41,28.8247,29.0588,8882849
2000-06-26,29.9075,30.0245,29.1174,29.3222,10652043
2000-06-27,29.849,30.2294,29.7612,29.966,8052311
2000-06-28,30.0245,30.4635,29.4978,30.0538,9477096
2000-06-29,29.41,30.0245,29.3222,29.3515,9228225
2000-06-30,28.2102,29.4978,28.0932,29.2929,17757848
2000-07-03,29.2344,29.41,28.3565,28.4151,6327849
2000-07-05,29.6149,30.1123,29.3515,29.4686,10779462
2000-07-06,29.9075,30.0538,28.854,29.3808,10611021
2000-07-07,30.522,30.6098,29.9953,30.1123,10712258
2000-07-10,30.5513,30.8439,30.4343,30.5513,8105376
2000-07-11,30.9025,31.4878,30.5806,30.8147,10276129
2000-07-12,31.3707,31.9559,31.3414,31.4878,11464354
2000-07-13,31.1951,31.6633,30.9025,31.4,7417634
2000-07-14,31.8097,31.8389,31.2537,31.3121,8422634
2000-07-17,31.0781,32.0438,30.6684,31.8389,11451182
2000-07-18,31.2244,31.2829,30.5806,30.8439,6875806
2000-07-19,31.7804,32.0145,31.0196,31.0196,9721989
2000-07-20,33.0387,33.0973,31.9267,31.9267,13105913
2000-07-21,33.2436,33.7118,32.7461,33.068,17263924
2000-07-24,33.1265,33.507,32.6583,33.068,9363440
2000-07-25,32.9802,33.2729,32.629,33.2143,9757419
2000-07-26,32.5998,33.185,32.5705,33.1265,10095591
2000-07-27,32.7169,33.1558,32.5413,32.7461,7583655
2000-07-28,31.9852,32.6876,31.6633,32.5998,7841559
2000-07-31,33.0095,33.0387,31.5463,32.1608,11926451
2000-08-01,33.0095,33.2436,32.8046,33.2143,9530591
2000-08-02,33.1265,33.3899,32.8339,33.0095,8992795
2000-08-03,33.5977,33.8334,33.1561,33.2739,11944623
2000-08-04,34.6284,34.6872,33.3327,33.7744,12221935
2000-08-07,34.7462,35.07,33.9511,34.5695,10977634
2000-08-08,34.3045,34.6284,33.9806,34.5989,8066666
2000-08-09,34.2161,34.7167,33.6567,33.9806,8873548
2000-08-10,33.5389,34.3045,33.4211,34.2456,8673978
2000-08-11,34.0984,34.3928,33.4211,33.5683,10436236
2000-08-14,34.9228,34.9523,33.9217,34.6284,7645268
2000-08-15,34.8345,35.0406,34.4222,34.9228,7288870
2000-08-16,34.3339,35.2467,34.2161,34.9817,9140913
2000-08-17,35.2173,35.4529,34.3339,34.3928,9753817
2000-08-18,35.2173,35.4823,34.9817,35.4529,7130322
2000-08-21,36.189,36.2184,35.2762,35.3351,10831397
2000-08-22,36.5129,36.8957,35.924,36.2184,16298064
2000-08-23,36.0712,36.454,35.7768,36.2773,10930000
2000-08-24,36.1301,36.3362,35.7473,36.2184,7897634
2000-08-25,35.7859,36.6307,35.7473,36.1596,5566451
2000-08-28,36.4737,37.1411,35.7277,35.8062,8256774
2000-08-29,36.5914,36.67,35.8454,36.5914,8175483
2000-08-30,36.4344,36.7485,35.6884,36.1988,7855698
2000-08-31,36.67,36.9055,35.9632,35.9632,7916021
2000-09-01,36.1988,37.1018,35.924,36.827,7654193
2000-09-05,36.3951,36.9055,36.0025,36.2381,7265913
2000-09-06,35.0602,36.1203,33.9217,35.5314,30550322
2000-09-07,34.275,34.6676,33.6469,34.5106,22846988
2000-09-08,35.1781,35.2173,34.1572,34.275,18309892
2000-09-11,35.5314,35.6099,34.9032,35.4921,10450752
2000-09-12,35.4529,35.8848,35.1388,35.8848,9628494
2000-09-13,34.9032,35.4136,34.3928,35.021,10212365
2000-09-14,34.8639,35.6099,34.8639,35.4136,11289784
2000-09-15,34.3535,35.3743,34.3535,35.3351,14305053
2000-09-18,33.6469,34.275,33.3327,34.0395,10637204
2000-09-19,33.9047,34.1965,33.6469,33.8824,9933655
2000-09-20,33.6469,34.0787,32.0371,34.0787,10993440
2000-09-21,33.372,33.372,32.312,33.0579,12730430
2000-09-22,33.2542,33.4505,32.5083,33.3327,14365161
2000-09-25,34.0787,34.3928,33.4113,33.4898,10223548
2000-09-26,33.6076,34.4321,33.5683,33.6469,10061290
2000-09-27,32.9009,34.0395,32.7046,33.8432,11098709
2000-09-28,33.8432,34.0002,32.6653,33.0187,12865376
2000-09-29,34.0002,34.5106,33.5683,34.2358,12913333
2000-10-02,34.7854,34.8247,33.6469,33.9609,11828817
2000-10-03,35.7277,35.8848,34.8639,34.9032,15512688
2000-10-04,34.3928,35.6492,33.9217,35.2566,14653440
2000-10-05,35.2566,35.4921,34.3928,34.3928,12246774
2000-10-06,33.6076,35.6099,33.0187,35.6099,15678709
2000-10-09,33.0579,33.7253,32.8616,33.5683,6682473
2000-10-10,32.0371,33.1365,31.409,33.0579,17659568
2000-10-11,31.0949,31.6838,30.2704,31.4482,24153118
2000-10-12,29.3673,31.0556,28.268,30.7808,30413224
2000-10-13,31.2519,31.723,29.3673,29.3673,16920106
2000-10-16,31.9979,32.1942,30.6237,31.0163,13044516
2000-10-17,31.0163,33.1365,30.3489,32.5475,16273225
2000-10-18,31.0949,31.8801,27.954,28.3858,22494300
2000-10-19,32.2335,32.626,31.6838,31.8408,12345376
2000-10-20,31.9979,33.0972,31.8801,32.1942,11086451
2000-10-23,31.6838,32.5083,31.2912,32.1157,8727849
2000-10-24,32.469,32.9009,31.9979,32.1549,11212795
2000-10-25,31.8016,33.5291,31.566,32.626,9406559
2000-10-26,30.7808,32.2335,29.8385,31.9586,15928387
2000-10-27,31.566,31.9586,30.9378,31.3697,13684838
2000-10-30,32.3905,32.9009,31.566,31.6052,9966129
2000-10-31,33.0579,33.2935,32.5868,32.7438,11898279
2000-11-01,32.5083,33.0972,31.9979,32.6653,12685053
2000-11-02,33.5452,34.2169,32.9525,33.1896,13163333
2000-11-03,34.0984,34.2564,33.4661,34.0589,10444086
2000-11-06,34.691,35.1257,34.4935,34.612,10815698
2000-11-07,34.612,35.2837,34.4935,34.691,7495591
2000-11-08,33.5452,34.4935,33.3871,34.454,11774301
2000-11-09,33.3082,33.7428,32.5574,33.2686,13906344
2000-11-10,32.5574,33.7032,32.5574,33.0315,10389139
2000-11-13,31.9252,32.3203,30.7399,31.7672,15266021
2000-11-14,32.0833,32.9525,31.6486,32.2808,11876989
2000-11-15,31.7277,32.755,31.4116,31.7672,13102688
2000-11-16,32.676,32.992,31.6091,31.7277,10584301
2000-11-17,32.3058,33.3871,32.0042,32.5969,12974301
2000-11-20,31.214,32.755,31.0955,32.5179,12141182
2000-11-21,31.056,31.214,29.7916,31.0164,19750536
2000-11-22,29.8706,30.7004,29.3965,30.5423,14607849
2000-11-24,29.9101,30.5028,29.9101,30.4633,5306236
2000-11-27,29.9891,30.5818,29.9101,30.4238,11838817
2000-11-28,30.1077,30.9375,29.7521,29.9891,13067849
2000-11-29,31.2535,31.4906,30.1077,30.4238,12023118
2000-11-30,31.4906,32.0438,30.3842,31.056,23499568
2000-12-01,30.9375,32.3993,30.6608,32.1623,14156774
2000-12-04,30.2262,30.8189,29.5545,30.6213,17676450
2000-12-05,32.0833,32.2413,30.3053,30.8584,19227310
2000-12-06,31.4511,33.2291,30.8189,32.1623,22745806
2000-12-07,31.4511,31.9647,30.5818,30.6608,10281290
2000-12-08,32.5574,33.1501,31.8857,31.8857,14291505
2000-12-11,33.4267,33.6637,32.8735,33.1501,14468387
2000-12-12,33.2686,33.3871,32.6364,33.3082,12193225
2000-12-13,33.5057,33.9403,32.676,33.5057,10742043
2000-12-14,32.2018,32.834,31.8462,32.4784,13590000
2000-12-15,30.3842,32.0833,30.3842,31.4906,27230322
2000-12-18,31.5301,31.8067,31.0955,31.135,18110214
2000-12-19,31.7672,32.2413,30.9769,31.2535,26524086
2000-12-20,30.3448,31.6091,30.1472,31.372,17072688
2000-12-21,30.9375,31.293,29.8706,30.2657,16927418
2000-12-22,31.6486,31.8462,30.8979,31.4116,10788494
2000-12-26,32.2018,32.5179,32.0438,32.2018,7796666
2000-12-27,32.1623,32.3993,31.4906,31.4906,9609354
2000-12-28,32.3993,32.913,32.2808,32.5969,10396129
2000-12-29,32.2808,32.992,32.2413,32.7155,9763010
2001-01-02,31.9252,32.7945,31.6486,32.7155,13857849
2001-01-03,34.7306,34.7701,31.8462,31.9252,36479460
2001-01-04,35.2047,36.2715,34.7306,34.8491,30238816
2001-01-05,33.9403,35.1257,33.1896,34.9281,23983118
2001-01-08,33.7428,34.2169,33.3477,33.9008,12183870
2001-01-09,32.992,34.0193,32.9525,33.7428,13674838
2001-01-10,34.0984,34.3749,32.7945,32.913,16413118
2001-01-11,34.7701,34.9676,33.9798,34.1379,14737204
2001-01-12,33.5847,34.6515,33.0711,34.612,14361935
2001-01-16,34.5725,34.691,32.8735,33.2291,15883225
2001-01-17,34.0193,34.7306,33.5452,34.454,14505698
2001-01-18,34.2959,34.2959,33.7428,34.0984,15195483
2001-01-19,34.3749,34.691,34.1379,34.2959,12957526
2001-01-22,34.0589,34.9281,33.5057,34.5725,16891826
2001-01-23,34.691,35.0466,34.0193,34.2959,12605376
2001-01-24,35.2837,35.5998,34.4935,34.8886,16914408
2001-01-25,34.9676,35.7974,34.454,35.4022,13564193
2001-01-26,34.8886,35.2442,34.4935,35.0071,13296344
2001-01-29,35.5287,35.6551,34.8143,35.2126,10128709
2001-01-30,35.5287,35.7436,35.0925,35.7183,12998172
2001-01-31,35.3833,36.0281,34.8965,35.8448,16561075
2001-02-01,35.6804,35.992,35.3116,35.4515,11029032
2001-02-02,35.2671,36.0493,34.9746,35.6804,9245806
2001-02-05,35.8012,36.1892,35.2925,35.7376,9634408
2001-02-06,35.1017,35.8012,35.0191,35.8012,9503655
2001-02-07,34.4595,35.4197,34.3959,35.3879,10217419
2001-02-08,34.6503,34.9555,34.1797,34.8156,9465376
2001-02-09,34.3641,34.6566,34.0207,34.6248,12090215
2001-02-12,35.0572,35.1335,34.3577,34.3705,7891612
2001-02-13,34.6375,35.585,34.4977,35.2925,11501182
2001-02-14,34.1161,34.8728,34.0207,34.7838,11676666
2001-02-15,34.3831,34.7838,34.0589,34.2751,10043655
2001-02-16,34.4341,34.9428,33.7981,33.9571,11900537
2001-02-20,32.5582,34.523,32.272,34.345,14647956
2001-02-21,30.7903,32.6217,30.4914,32.1194,19326988
2001-02-22,30.9048,31.2736,29.4422,30.8094,22977848
2001-02-23,30.9048,30.9175,28.9335,30.8412,18909568
2001-02-26,31.9858,31.9858,30.6631,30.8412,14303333
2001-02-27,31.6043,32.876,31.0638,31.7951,17110430
2001-02-28,31.2673,31.9222,30.7776,31.7951,13845591
2001-03-01,30.9366,31.0765,30.0527,30.714,14391505
2001-03-02,30.5233,31.4707,30.218,30.6504,15000537
2001-03-05,30.6822,31.0066,30.1862,30.7776,12845591
2001-03-06,30.9238,31.636,30.7331,31.4135,13058494
2001-03-07,32.0812,32.1003,30.8539,31.1591,10756129
2001-03-08,32.272,32.7489,31.7951,32.0812,11905053
2001-03-09,31.2418,31.9604,31.032,31.954,11628064
2001-03-12,29.9509,30.6504,29.4104,30.3643,19129892
2001-03-13,30.7713,30.7713,29.4422,29.9191,21342150
2001-03-14,28.5519,29.7919,28.0432,28.9335,27142580
2001-03-15,29.5058,29.8237,29.156,29.2196,18907418
2001-03-16,28.9335,30.059,28.9335,29.2832,21571396
2001-03-19,29.4422,29.7284,28.393,29.2832,14020537
2001-03-20,28.1704,29.8556,27.8206,29.8556,18076558
2001-03-21,26.8668,28.6664,26.4471,28.1767,22629138
2001-03-22,25.8176,26.8032,24.8001,26.5806,32726236
2001-03-23,27.2483,27.4073,26.2309,26.3899,21040430
2001-03-26,28.1068,28.234,27.42,27.7253,14867204
2001-03-27,29.5376,29.6012,27.4391,28.2022,22373654
2001-03-28,28.6791,29.1243,28.3294,29.0607,15453548
2001-03-29,28.4248,28.8572,28.1195,28.4883,11963225
2001-03-30,28.6028,28.6473,27.7253,28.393,18420752
2001-04-02,29.0607,29.4104,28.0432,28.3294,16848924
2001-04-03,27.7889,28.9017,27.3819,28.4883,16217204
2001-04-04,27.1529,27.9478,26.3263,27.5027,22428494
2001-04-05,28.6155,28.6155,27.6617,27.8906,17481612
2001-04-06,27.1847,28.4438,27.1847,28.234,17756666
2001-04-09,27.2356,27.9796,27.1529,27.6299,12003440
2001-04-10,28.8699,29.2514,28.0114,28.1068,17571182
2001-04-11,29.4677,30.2053,29.2514,29.5694,14723548
2001-04-12,30.0781,30.1544,29.2514,29.3596,10347311
2001-04-16,29.8556,30.5868,29.3786,30.4597,12389462
2001-04-17,30.4724,30.4788,29.4104,29.8237,10978709
2001-04-18,31.8269,33.3784,30.714,30.9048,24425052
2001-04-19,31.9858,32.7108,31.6106,31.6679,15979784
2001-04-20,31.4262,31.9795,30.873,31.9795,15181182
2001-04-23,30.8348,31.4453,30.555,31.4453,11297204
2001-04-24,30.9683,31.6679,30.6568,31.0638,11009032
2001-04-25,31.3499,31.6043,30.6886,31.0002,10741290
2001-04-26,31.4835,32.0176,31.1655,31.3372,10544193
2001-04-27,32.3737,32.4309,31.706,32.0812,11650860
2001-04-30,31.2546,32.7362,31.2546,32.7362,12189139
2001-05-01,32.0494,32.0939,31.1146,31.2863,10502473
2001-05-02,32.1766,32.4628,31.7314,32.0494,11286559
2001-05-03,32.6418,32.6418,31.6881,32.0017,10216881
2001-05-04,32.5009,32.8018,31.8737,32.0657,11682043
2001-05-07,32.4177,32.5521,31.8097,32.0337,9426021
2001-05-08,31.8737,32.4177,31.7457,32.4177,9616881
2001-05-09,31.6497,31.7457,31.304,31.4256,9610322
2001-05-10,31.7457,32.1169,31.6561,32.0017,9743548
2001-05-11,31.5281,32.0849,31.304,31.9697,7348387
2001-05-14,32.0657,32.0657,31.4256,31.5281,8504301
2001-05-15,32.3537,32.6418,32.0977,32.2129,9959032
2001-05-16,33.1473,33.2818,32.0017,32.3537,14653010
2001-05-17,32.4433,33.3778,32.2577,32.8657,21589354
2001-05-18,32.5521,32.6353,32.2577,32.5777,12759462
2001-05-21,33.0002,33.1473,32.3217,32.4817,11881612
2001-05-22,33.6338,33.7618,33.0577,33.2562,14980537
2001-05-23,33.2882,33.5314,32.8594,33.4418,13274516
2001-05-24,33.6466,33.9218,33.3522,33.4098,11565913
2001-05-25,33.1922,33.813,33.1602,33.7938,7106344
2001-05-29,33.0258,33.5698,32.9041,33.5058,9535698
2001-05-30,32.5009,33.4354,32.3665,33.0258,12460430
2001-05-31,32.8018,33.013,32.3345,32.6418,10733440
2001-06-01,33.1538,33.5378,32.5777,32.8081,13078064
2001-06-04,33.461,33.4738,32.7697,33.3778,11930967
2001-06-05,33.6466,33.8962,33.2818,33.525,9778279
2001-06-06,33.1922,33.4098,32.9745,33.3778,9238709
2001-06-07,32.917,33.0258,32.3281,33.0258,13430430
2001-06-08,32.6097,32.6993,32.1681,32.6418,6718064
2001-06-11,32.2577,32.5777,31.9377,32.3857,8954838
2001-06-12,32.2449,32.5137,31.5217,32.0017,10007311
2001-06-13,31.9313,32.7378,31.8097,32.3857,8979462
2001-06-14,31.112,31.9313,31.0736,31.9313,10853763
2001-06-15,31.5537,31.7137,30.5616,30.7537,21661074
2001-06-18,31.8673,32.0017,31.2656,31.8097,9803333
2001-06-19,32.4817,32.8657,32.3537,32.5777,13564516
2001-06-20,32.4177,33.1794,32.3537,32.4817,13316774
2001-06-21,34.2738,34.2738,32.5265,32.6418,17893654
2001-06-22,34.1778,34.4659,33.7938,34.2738,12297096
2001-06-25,33.6338,34.3699,32.6481,34.2418,10654408
2001-06-26,33.3778,33.5058,32.8594,32.9618,13464516
2001-06-27,33.0898,33.9154,32.9938,33.5058,11932473
2001-06-28,33.6658,33.909,33.2818,33.3074,13010430
2001-06-29,33.8194,33.9154,33.2946,33.6658,10636989
2001-07-02,34.229,34.3699,33.4802,33.8898,9512795
2001-07-03,33.9538,34.389,33.8642,34.389,5823978
2001-07-05,33.461,34.2226,33.4418,33.7938,8043440
2001-07-06,32.5073,33.3138,32.3857,33.1473,11739569
2001-07-09,32.5137,32.7953,32.1937,32.5457,10943010
2001-07-10,31.4385,32.5905,31.3617,32.4177,11460430
2001-07-11,30.4656,31.5537,30.2736,31.4256,25029138
2001-07-12,31.1696,31.6305,30.7856,31.0736,18371074
2001-07-13,31.2721,31.6817,31.144,31.3104,11434301
2001-07-16,31.4577,32.4561,31.2785,32.0017,14779892
2001-07-17,32.4561,32.5137,31.3745,31.8737,14660752
2001-07-18,32.3985,32.5841,31.8801,32.2577,14033225
2001-07-19,32.0977,32.6418,31.7457,32.6289,13820430
2001-07-20,32.3601,32.3857,31.6817,31.7137,10393010
2001-07-23,32.1425,32.6033,32.0593,32.3665,9148494
2001-07-24,31.3425,32.2833,31.1377,32.1937,13904731
2001-07-25,31.5857,31.7777,31.0736,31.4256,13803763
2001-07-26,32.0017,32.0913,31.4321,31.6817,10601397
2001-07-27,32.0337,32.1553,31.8097,32.0977,7891290
2001-07-30,31.7713,32.0273,31.6881,31.9377,7520215
2001-07-31,32.1361,32.6993,31.8993,31.9889,11826021
2001-08-01,32.4113,32.8977,32.2449,32.4497,8568279
2001-08-02,32.916,33.1675,32.6903,33.045,8834301
2001-08-03,32.9676,33.0772,32.5614,33.0772,7644946
2001-08-06,32.4969,33.1417,32.3035,33.0772,7226451
2001-08-07,32.7548,32.8322,32.426,32.6581,8440537
2001-08-08,31.9811,32.6903,31.9101,32.3873,9826774
2001-08-09,31.8585,32.11,31.433,32.11,10225698
2001-08-10,32.0069,32.1036,31.1751,31.9166,8183010
2001-08-13,31.678,32.1874,31.4975,32.0456,8591612
2001-08-14,31.433,31.994,31.1429,31.8972,8624946
2001-08-15,31.3363,31.5942,30.9494,31.4911,9975913
2001-08-16,30.872,31.1106,30.3369,31.0139,12868817
2001-08-17,30.0467,30.8527,29.7759,30.4981,15405161
2001-08-20,30.5626,30.6142,30.0467,30.0983,14713118
2001-08-21,30.2402,31.3298,30.1886,30.8076,12953118
2001-08-22,30.3046,30.814,29.9952,30.6593,11964731
2001-08-23,30.1692,30.4981,30.0338,30.4014,8513118
2001-08-24,31.1429,31.433,29.9629,30.4336,13385161
2001-08-27,30.9494,31.3363,30.8785,31.2396,10187419
2001-08-28,30.3369,31.0526,30.1048,30.8979,8982580
2001-08-29,29.95,30.5239,29.6921,30.4787,10977956
2001-08-30,29.3568,29.8598,28.6927,29.6599,17040860
2001-08-31,29.5309,30.0145,29.1182,29.3568,12656344
2001-09-04,29.763,30.4981,29.215,29.8211,14400967
2001-09-05,29.389,29.9178,28.9184,29.6728,15452795
2001-09-06,28.4025,29.1763,28.1768,28.9828,16236236
2001-09-07,27.9963,28.3703,27.4031,27.79,18623762
2001-09-10,27.3709,27.8545,27.0872,27.4031,20888172
2001-09-17,25.5333,26.12,23.4249,24.6628,34698280
2001-09-18,25.3656,25.7783,24.8756,25.5333,17652902
2001-09-19,24.7918,25.5655,23.6505,25.1141,24720752
2001-09-20,23.4441,24.6628,23.4055,24.018,26602042
2001-09-21,23.4441,23.6569,22.2513,22.5673,32844086
2001-09-24,25.1464,25.4688,24.3468,24.5016,21230860
2001-09-25,25.1722,25.688,24.5081,24.8885,19947740
2001-09-26,25.3463,25.7589,24.8885,25.7589,15151290
2001-09-27,25.7073,25.7847,24.7273,25.4301,14675913
2001-09-28,26.1135,26.5004,25.8234,25.8879,19760322
2001-10-01,26.9195,27.2613,26.1135,26.2941,19001612
2001-10-02,27.2419,27.3064,26.4553,26.8551,16701505
2001-10-03,28.035,28.3703,26.8809,26.9389,20752150
2001-10-04,28.1253,28.7571,27.7836,28.6604,24170322
2001-10-05,27.79,28.5315,27.1839,28.0479,22499892
2001-10-08,27.3515,27.7964,27.0937,27.7964,12654838
2001-10-09,27.5321,27.8867,27.1517,27.2097,12026451
2001-10-10,28.5702,28.8861,27.5643,27.5966,16739032
2001-10-11,29.4987,29.6599,28.9635,29.0151,20403010
2001-10-12,29.0537,29.3439,28.3703,29.0151,18864838
2001-10-15,28.8861,29.2085,28.3767,28.9828,12875161
2001-10-16,29.7179,30.0467,29.086,29.2085,15399677
2001-10-17,30.0209,31.0784,29.7953,30.2724,20796666
2001-10-18,29.9823,30.1563,29.6534,29.763,11909892
2001-10-19,29.5631,29.9758,28.8732,29.9758,16689139
2001-10-22,30.3111,30.4658,29.4471,29.4664,12508279
2001-10-23,30.4594,31.2718,30.3369,30.9494,17627096
2001-10-24,30.2659,30.8463,30.1113,30.4658,13078387
2001-10-25,31.0139,31.188,29.6341,29.8017,13857096
2001-10-26,31.3234,31.433,30.8076,30.8334,12632580
2001-10-29,29.8855,31.1493,29.3697,31.1493,15706989
2001-10-30,29.3697,30.2982,28.9119,29.273,15161935
2001-10-31,29.3503,30.0467,29.1827,29.6599,11891720
2001-11-01,30.0667,30.2163,29.0591,29.5467,13519462
2001-11-02,30.5088,30.5868,29.4882,29.5142,9649032
2001-11-05,30.7298,31.2044,30.3723,30.8469,13431827
2001-11-06,30.9119,30.9899,30.2618,30.7298,15614086
2001-11-07,31.2694,31.5295,30.7493,30.7493,12796559
2001-11-08,31.5295,32.1145,31.341,31.3669,14330000
2001-11-09,31.3995,31.848,31.1329,31.4644,8770860
2001-11-12,31.3344,31.51,30.4893,31.0744,10224516
2001-11-13,32.4721,32.5046,31.6205,31.887,14547956
2001-11-14,32.7972,32.9922,32.2771,32.5046,16017526
2001-11-15,32.5631,32.8751,32.2576,32.6866,13328172
2001-11-16,31.7245,32.3486,31.3344,32.3421,19049892
2001-11-19,32.2446,32.5241,31.7895,32.0626,10629569
2001-11-20,32.2121,32.6216,32.1666,32.4591,9376774
2001-11-21,31.7895,32.2836,31.5945,32.1015,7404516
2001-11-23,32.4656,32.4981,31.8935,31.952,3859139
2001-11-26,33.0312,33.0832,32.2511,32.5566,11865698
2001-11-27,32.8621,33.1482,32.5046,33.0312,10868817
2001-11-28,31.0744,32.6476,31.0419,32.5046,25430536
2001-11-29,31.4385,31.523,30.5543,31.0744,16628279
2001-11-30,31.1394,31.51,30.8859,31.4385,13753548
2001-12-03,30.4958,31.2044,30.2618,31.2044,14764731
2001-12-04,31.0939,31.1329,30.5283,30.5868,10322258
2001-12-05,31.8545,32.1991,31.2044,31.2044,13669892
2001-12-06,32.2446,32.4851,31.757,31.9845,11712580
2001-12-07,31.991,32.4396,31.7245,32.4071,8988279
2001-12-10,31.1524,31.913,31.0874,31.692,10560430
2001-12-11,31.601,31.9195,30.9119,31.3344,13043118
2001-12-12,31.302,31.9195,30.8729,31.6595,14629677
2001-12-13,30.8469,30.8794,30.5868,30.7168,13424946
2001-12-14,30.3528,30.7168,29.9042,30.5088,15898924
2001-12-17,30.7948,31.0289,30.0993,30.5153,12489784
2001-12-18,31.2694,31.4255,30.7819,31.1069,14784946
2001-12-19,32.5046,32.5761,31.5295,31.5295,19705052
2001-12-20,32.3161,32.8297,32.1471,32.1796,14800430
2001-12-21,32.6021,32.6021,31.7895,32.3226,27178924
2001-12-24,32.4851,32.6996,32.4526,32.5046,5213225
2001-12-26,32.6476,33.0442,32.5436,32.5761,7118064
2001-12-27,32.9857,33.0507,32.5046,32.5046,7999892
2001-12-28,33.2782,33.6748,33.1157,33.1547,9339677
2001-12-31,32.8167,33.3952,32.8167,32.8947,9074193
2002-01-02,33.1612,33.2197,32.4461,32.5176,12125483
2002-01-03,33.1872,33.4147,32.6672,32.9597,12704301
2002-01-04,33.8048,33.8048,33.2522,33.2522,13278387
2002-01-07,33.4082,33.9348,33.2587,33.7983,11302150
2002-01-08,32.1796,33.1937,32.017,33.1222,21328924
2002-01-09,32.3681,32.8947,32.2901,32.6021,13941935
2002-01-10,32.4071,32.6996,32.173,32.5046,9876236
2002-01-11,31.9,32.6281,31.848,32.5696,9280430
2002-01-14,31.7765,32.043,31.5295,31.9,11846236
2002-01-15,32.3226,32.3746,31.7505,32.1145,11336129
2002-01-16,31.5295,32.1666,31.2044,32.0495,13045268
2002-01-17,32.4396,32.6672,32.3095,32.5696,16591505
2002-01-18,32.4786,32.7126,32.3746,32.4396,13694193
2002-01-22,31.9845,32.8621,31.8935,32.8297,13381182
2002-01-23,32.1796,32.4981,31.6595,32.2706,10562795
2002-01-24,32.4396,32.8687,32.1471,32.4721,12354623
2002-01-25,32.2576,32.6281,32.03,32.2446,10403548
2002-01-28,32.056,32.5631,31.549,32.4201,11108172
2002-01-29,30.3658,32.2446,30.0667,32.056,24253010
2002-01-30,30.8794,31.0094,29.3906,30.2293,24819784
2002-01-31,31.0571,31.2864,30.3036,31.2733,16116451
2002-02-01,30.4608,31.0571,30.1398,30.8016,15400645
2002-02-04,29.0259,30.4608,28.8228,30.1398,23772688
2002-02-05,29.3535,29.8122,28.2724,29.8122,21040536
2002-02-06,28.8294,29.727,28.5018,29.3535,16972580
2002-02-07,28.9211,29.7073,28.5345,28.6656,17325160
2002-02-08,29.8057,30.0284,29.216,29.3208,16419139
2002-02-11,30.0284,30.0743,29.4846,29.8122,11881827
2002-02-12,29.5828,30.0415,29.5173,30.0415,11000000
2002-02-13,29.7139,30.2381,29.5239,29.7467,14847096
2002-02-14,29.8449,30.107,29.2749,29.7794,12843010
2002-02-15,28.9146,29.6418,28.8228,29.5501,21566344
2002-02-19,27.6631,28.5018,27.6107,28.338,24761396
2002-02-20,28.5149,28.6066,27.3879,27.781,23640752
2002-02-21,28.0431,28.8752,28.0431,28.5214,17220322
2002-02-22,27.781,28.0497,27.1913,28.0497,20962364
2002-02-25,28.6918,28.7638,27.9972,28.1414,17216666
2002-02-26,28.6983,29.0259,28.338,28.8294,18487634
2002-02-27,28.9866,29.6222,28.7638,29.0587,18912472
2002-02-28,29.6484,30.1267,29.1832,29.3863,19034408
2002-03-01,30.0088,30.0677,29.3666,29.8122,18724516
2002-03-04,31.1947,31.2864,30.3167,30.4019,20513010
2002-03-05,31.2537,31.7779,30.8277,30.8277,15588709
2002-03-06,31.9089,32.2365,31.2537,31.4502,17375912
2002-03-07,31.922,32.4003,31.5813,32.4003,14260107
2002-03-08,32.0202,32.6296,31.614,32.4003,16129462
2002-03-11,32.0399,32.2693,31.7123,31.8761,12759032
2002-03-12,32.3217,32.4003,31.5813,32.0399,12726236
2002-03-13,31.7058,32.0923,31.2209,31.9744,13283548
2002-03-14,31.981,32.1447,31.5813,31.7647,10691827
2002-03-15,32.5576,32.5641,32.2037,32.3544,20868278
2002-03-18,32.4659,33.0555,32.171,32.7607,14391290
2002-03-19,32.6951,32.8524,32.4396,32.7607,10941720
2002-03-20,32.2693,32.6951,32.2299,32.6624,10445806
2002-03-21,32.4986,32.6231,31.8106,32.3675,11725913
2002-03-22,32.6558,32.8262,31.9875,32.5969,10683440
2002-03-25,31.8761,32.7279,31.8761,32.4659,10949247
2002-03-26,32.2037,32.6951,31.8172,31.8761,13107311
2002-03-27,32.7607,32.8983,32.2037,32.3675,12709247
2002-03-28,32.4462,33.0817,32.4331,32.7607,13625591
2002-04-01,32.4003,32.6296,31.9875,32.2037,9212473
2002-04-02,32.4003,32.5706,32.0727,32.1054,9951935
2002-04-03,31.9548,32.4527,31.8434,32.4068,10624946
2002-04-04,31.8761,31.9613,31.5485,31.8761,11506666
2002-04-05,31.8893,32.3544,31.8237,32.0334,11223333
2002-04-08,31.8434,31.9613,31.3389,31.4502,9391827
2002-04-09,32.0006,32.2103,31.9416,32.0727,10405913
2002-04-10,31.863,32.171,31.6534,31.994,12291075
2002-04-11,30.6378,31.8564,30.4674,31.8172,16573118
2002-04-12,30.8606,31.2537,30.6509,30.795,12660860
2002-04-15,30.0874,30.8868,29.6746,30.7623,17444946
2002-04-16,31.5223,31.5813,30.4346,30.5657,17313654
2002-04-17,31.2013,31.7713,31.0243,31.5158,14434623
2002-04-18,30.8277,31.293,30.2381,31.1226,12103010
2002-04-19,30.4871,31.1554,30.3364,31.1226,14146344
2002-04-22,29.7794,30.2446,29.6091,30.2381,14202150
2002-04-23,29.8122,30.0743,29.3535,29.7467,13725806
2002-04-24,29.288,30.1267,29.157,29.976,13245806
2002-04-25,28.9277,29.2553,28.2069,28.8294,19319032
2002-04-26,28.2069,29.3535,28.2069,28.9604,16308172
2002-04-29,28.0955,28.6983,28.0431,28.2724,14416451
2002-04-30,28.3707,28.8949,28.0103,28.1742,17297848
2002-05-01,28.8032,28.9473,28.0103,28.3707,14265698
2002-05-02,29.7337,29.7337,29.0722,29.1383,12304086
2002-05-03,29.2971,29.7337,29.1052,29.7337,11759569
2002-05-06,28.0667,29.5021,28.0601,29.3368,11632903
2002-05-07,27.8815,28.543,27.8418,28.543,16096021
2002-05-08,29.6146,29.8064,28.7414,28.8076,15234623
2002-05-09,29.3235,29.7072,29.1052,29.3897,9819569
2002-05-10,28.6422,29.7337,28.5695,29.7337,15393763
2002-05-13,29.264,29.2772,28.3115,28.5099,14739784
2002-05-14,30.0313,30.0313,29.6278,29.9321,14156236
2002-05-15,30.2695,31.0699,29.7733,30.0313,17596128
2002-05-16,30.6597,30.7722,30.157,30.2695,10133655
2002-05-17,30.9442,31.1492,30.3885,31.0566,11987204
2002-05-20,30.329,30.8251,30.1041,30.8251,7833978
2002-05-21,29.9387,30.8251,29.8858,30.6928,11247419
2002-05-22,29.7667,29.7998,29.4294,29.6014,18639462
2002-05-23,29.9916,30.1636,29.5418,29.8792,12879569
2002-05-24,29.6477,30.0975,29.4889,29.9916,7450000
2002-05-28,29.092,29.9387,28.9597,29.9321,14173118
2002-05-29,28.7745,29.0788,28.6091,28.92,12905698
2002-05-30,28.6687,29.0391,28.1924,28.543,11984946
2002-05-31,28.5628,29.0193,28.3842,28.6687,14719569
2002-06-03,28.0469,28.9333,27.7823,28.7414,12927311
2002-06-04,27.7757,28.2122,27.5772,27.8815,16194838
2002-06-05,28.0072,28.1395,27.4515,27.7823,15147096
2002-06-06,27.7823,28.0006,27.0546,27.9146,19175698
2002-06-07,27.1208,27.6169,26.4262,27.2862,24722580
2002-06-10,27.5838,27.7161,26.7967,27.1208,12136236
2002-06-11,26.929,27.9543,26.8231,27.6896,13271075
2002-06-12,27.2531,27.3523,26.2609,26.8231,19844300
2002-06-13,26.5784,27.4978,26.4924,26.9753,13086666
2002-06-14,26.5916,26.8033,25.3678,25.9963,19243118
2002-06-17,28.3313,28.3776,27.0546,27.0877,17031182
2002-06-18,28.4901,28.543,27.8947,27.9807,15684193
2002-06-19,27.822,28.4437,27.7161,28.113,14911290
2002-06-20,26.7834,27.8484,26.6114,27.5507,16926344
2002-06-21,26.327,26.876,26.1616,26.2939,27854192
2002-06-24,26.1616,26.5585,25.4803,26.1285,30075376
2002-06-25,25.8772,26.8231,25.7713,26.4593,20662472
2002-06-26,24.4748,25.2355,23.8133,23.9787,45350216
2002-06-27,25.9036,25.983,24.6402,24.9379,22661182
2002-06-28,25.6325,26.7239,25.5861,25.9963,21063436
2002-07-01,25.4604,26.2939,25.3216,25.7647,15961075
2002-07-02,24.7923,25.4671,24.6071,25.4604,19797310
2002-07-03,24.4814,25.0371,23.8464,24.4285,19958708
2002-07-05,26.0029,26.1749,24.9511,25.1363,10365806
2002-07-08,25.4472,26.1881,25.3017,25.7978,15667419
2002-07-09,24.8585,25.7316,24.6535,25.4472,16312150
2002-07-10,24.1772,25.2025,23.8993,24.8585,24538386
2002-07-11,24.4087,24.6733,23.2181,23.8332,29104516
2002-07-12,24.0449,24.7394,23.8861,24.5741,16210000
2002-07-15,24.4352,24.4616,23.1519,23.8531,22730752
2002-07-16,23.9457,24.541,23.5488,23.8795,32298816
2002-07-17,24.4285,25.1363,24.1441,24.8717,31048278
2002-07-18,24.4087,25.1033,24.3095,24.5741,23289784
2002-07-19,23.8133,24.4087,23.3172,24.0118,27466988
2002-07-22,21.1939,23.1849,21.1674,22.1597,58095696
2002-07-23,17.86,21.3063,16.7024,21.3063,130788168
2002-07-24,19.5732,19.7055,16.193,16.8678,100930432
2002-07-25,19.6129,20.7705,17.9261,20.0165,62543656
2002-07-26,20.334,20.4398,19.4013,19.6129,27483870
2002-07-29,22.034,22.12,20.7044,20.7044,34252148
2002-07-30,22.4573,22.4838,21.3659,21.8289,29503118
2002-07-31,22.1861,22.5235,21.4651,22.4838,31196666
2002-08-01,21.6338,22.3705,21.118,22.1026,29317096
2002-08-02,20.6827,21.5333,20.1402,21.3726,25121396
2002-08-05,19.1891,20.2607,19.1556,20.1938,25271182
2002-08-06,20.3612,21.5668,19.6579,19.6579,27039784
2002-08-07,21.1114,21.2654,20.3612,20.6291,21417956
2002-08-08,22.7055,22.7657,21.9352,22.2366,29058924
2002-08-09,22.98,23.1944,22.0356,22.2835,22532794
2002-08-12,22.826,22.9733,22.2031,22.605,14040000
2002-08-13,22.1696,23.5092,22.1562,22.826,25584516
2002-08-14,23.6029,23.6766,21.895,22.2835,23318708
2002-08-15,24.0048,24.1455,23.4556,23.6097,22532794
2002-08-16,23.3752,23.8441,23.1341,23.536,24548924
2002-08-19,24.3464,24.3799,23.3819,23.3819,16727311
2002-08-20,23.9713,24.3464,23.6967,24.3464,16974300
2002-08-21,29.0668,29.2021,27.9328,29.0668,19100400
2002-08-22,29.7691,30.2091,28.7283,29.0668,16706700
2002-08-23,28.7706,29.1937,28.3559,28.6859,20606900
2002-08-26,29.1091,29.3206,28.2628,28.6859,14750800
2002-08-27,28.9398,29.3629,28.4152,29.0244,14845500
2002-08-28,28.0513,28.9398,27.9159,28.9398,17990000
2002-08-29,27.7721,28.229,27.1797,27.5013,14354800
2002-08-30,27.7128,28.5675,27.5775,27.7975,13177600
2002-09-03,24.8696,26.4435,24.7088,26.2235,34255000
2002-09-04,25.6397,25.8512,24.7427,24.7511,27256500
2002-09-05,24.7934,25.2166,24.2435,24.7088,21753400
2002-09-06,25.6227,26.0374,25.3858,25.3858,20483900
2002-09-09,26.2912,26.5705,24.9711,25.2673,19614300
2002-09-10,26.122,26.6382,25.8597,26.4435,16188300
2002-09-11,25.5043,26.909,25.3943,26.7397,16324200
2002-09-12,24.6665,25.5043,24.4381,25.4027,20039100
2002-09-13,24.8611,25.3012,24.5565,24.675,16346000
2002-09-16,25.2842,25.4281,24.455,24.8696,12279500
2002-09-17,25.2166,26.0205,24.9796,25.8512,18593800
2002-09-18,24.6327,25.0812,24.0657,24.1165,22322000
2002-09-19,23.3972,24.2011,23.1857,23.9896,24718400
2002-09-20,22.7034,23.5326,22.5087,23.5326,43626900
2002-09-23,23.3295,23.4311,20.664,22.7118,27362300
2002-09-24,23.0165,23.778,22.678,23.228,25131000
2002-09-25,23.7611,23.9473,22.8049,23.8626,24032000
2002-09-26,24.9711,25.1742,23.6934,23.7696,26475600
2002-09-27,24.5565,25.8089,24.2519,24.9796,24044300
2002-09-30,25.0896,25.5973,23.3126,24.565,29881800
2002-10-01,26.232,26.232,24.7934,25.4027,23744000
2002-10-02,25.0473,26.3166,24.7934,25.7243,21783300
2002-10-03,24.125,25.3858,23.8626,25.0558,23434300
2002-10-04,23.6765,24.6158,23.4988,24.125,22292000
2002-10-07,22.6187,23.778,22.4833,23.6849,21575200
2002-10-08,23.558,24.1165,22.6272,22.6272,25039900
2002-10-09,22.7541,23.5665,22.3395,23.5665,23790800
2002-10-10,24.1757,24.3281,22.3818,22.4241,24753600
2002-10-11,25.7243,26.2066,24.1757,24.3365,26309100
2002-10-14,25.6481,26.1897,25.0896,25.1489,17617100
2002-10-15,28.889,29.1937,27.5436,28.6859,45923300
2002-10-16,28.6436,28.6521,27.8059,28.5675,24087300
2002-10-17,30.2514,30.4545,29.2275,29.786,31006200
2002-10-18,29.5998,30.3953,29.4052,30.2514,24495300
2002-10-21,30.0568,30.2514,28.7198,29.1429,19989300
2002-10-22,30.0653,30.2937,29.4052,29.6168,15719100
2002-10-23,30.0314,30.0737,28.2628,30.0737,29544400
2002-10-24,29.3375,30.3783,29.0837,30.0399,20628900
2002-10-25,30.2091,30.2937,28.9229,29.346,14682500
2002-10-28,30.7168,31.5122,30.2176,30.2176,22082600
2002-10-29,30.8861,30.9707,29.8368,30.6322,22860500
2002-10-30,31.3769,31.5122,30.5984,30.8945,23231000
2002-10-31,31.5824,31.8389,30.9841,31.5397,20029700
2002-11-01,32.1808,32.1808,31.0268,31.4114,18932100
2002-11-04,32.138,33.6338,31.9671,32.7876,18964900
2002-11-05,32.4884,32.7278,31.9499,32.138,14424900
2002-11-06,32.3859,32.9073,31.4542,32.7363,22038900
2002-11-07,31.155,32.0867,30.967,31.7961,19357400
2002-11-08,31.514,31.9671,31.0781,31.1636,16961000
2002-11-11,30.514,31.514,30.2234,31.514,12769100
2002-11-12,31.1038,31.5397,30.514,30.514,15827200
2002-11-13,29.9157,30.7619,29.3088,30.6422,27673400
2002-11-14,30.8901,30.9414,29.9157,29.9157,15790300
2002-11-15,31.5397,31.7021,30.1892,30.8986,18029100
2002-11-18,30.6166,31.8816,30.5824,31.8389,15873100
2002-11-19,31.1465,31.4286,30.514,30.6166,17887000
2002-11-20,32.3004,32.4542,31.4114,31.4542,17325400
2002-11-21,33.2833,33.4286,32.5226,32.6509,22131900
2002-11-22,32.9414,33.4714,32.9414,33.1038,14964600
2002-11-25,33.0355,33.3859,32.6509,33.2491,12953400
2002-11-26,31.7619,32.9073,31.6251,32.6081,16194900
2002-11-27,33.309,33.4799,32.2234,32.3517,16451900
2002-11-29,33.2321,33.762,33.2064,33.5483,8671600
2002-12-02,32.9243,33.7449,32.5739,33.2406,17365800
2002-12-03,32.3517,32.8901,32.1294,32.5397,12973800
2002-12-04,32.3517,32.9073,31.5824,31.9671,16136400
2002-12-05,31.7448,32.4884,31.6337,32.4799,10591100
2002-12-06,32.1038,32.2662,31.1978,31.2234,12927500
2002-12-09,30.8986,31.7534,30.7704,31.5397,15915900
2002-12-10,31.4457,31.7448,30.6849,30.8986,12506600
2002-12-11,30.9926,31.6593,30.8046,31.4457,12099200
2002-12-12,31.3004,31.5653,30.9499,30.9926,10979200
2002-12-13,30.7704,31.4286,30.5567,31.155,11667500
2002-12-16,32.0354,32.0354,31.0097,31.0696,13327400
2002-12-17,31.7363,32.2234,31.6679,32.2064,12110800
2002-12-18,31.7534,32.044,31.4969,31.8389,12831600
2002-12-19,31.6251,32.3089,31.2918,31.7619,15838200
2002-12-20,32.5996,32.6081,31.8389,31.8389,31965300
2002-12-23,32.2064,32.4884,31.9414,32.1808,13605500
2002-12-24,31.1978,31.9243,31.1209,31.7277,8722100
2002-12-26,30.7875,31.685,30.5738,31.1978,11460500
2002-12-27,30.061,30.8217,29.7875,30.6422,13545100
2002-12-30,30.1294,30.343,29.7533,30.0695,12804600
2002-12-31,30.0781,30.2148,29.5738,30.0439,12096300
2003-01-02,31.0696,31.1123,29.9926,30.514,18498000
2003-01-03,30.8645,31.1123,30.608,31.0696,13657200
2003-01-06,31.8901,32.1294,31.0012,31.0696,15197400
2003-01-07,31.608,32.138,31.3516,31.8987,13093700
2003-01-08,31.3602,31.9243,31.1209,31.2405,12040600
2003-01-09,31.6508,32.138,31.4542,31.4542,15235200
2003-01-10,32.0183,32.1465,31.2747,31.6593,20885400
2003-01-13,31.6593,32.5825,31.6508,32.3089,14983000
2003-01-14,32.42,32.4371,31.6593,31.7961,14284900
2003-01-15,32.0098,33.2491,31.8816,32.5653,13680900
2003-01-16,31.7192,32.1808,31.4799,32.1808,13292500
2003-01-17,31.4542,31.8217,31.1807,31.7277,11218000
2003-01-21,30.8901,31.9158,30.7277,31.9158,13691800
2003-01-22,30.6849,31.061,30.343,30.8986,17860600
2003-01-23,31.7448,31.7961,30.8559,30.8986,18837500
2003-01-24,30.5909,31.7448,30.3516,31.7106,19137200
2003-01-27,29.9926,30.7277,29.6165,30.2148,17091400
2003-01-28,30.3088,30.5738,30.0012,30.0866,15166200
2003-01-29,30.3858,30.5567,29.3943,29.9584,17259100
2003-01-30,29.2319,30.3345,29.2319,30.1721,15163800
2003-01-31,29.3857,29.4712,28.7618,28.9755,23643300
2003-02-03,29.6165,29.9242,29.3088,29.3857,13562900
2003-02-04,28.7532,29.0866,28.4712,28.9755,18613500
2003-02-05,28.7618,29.6251,28.5481,29.1464,14062100
2003-02-06,28.3344,28.7618,27.9498,28.7618,15897900
2003-02-07,28.1293,28.7875,27.7105,28.719,16165300
2003-02-10,28.1122,28.3002,27.4968,28.1635,15337200
2003-02-11,27.3942,28.5566,27.1378,28.3772,19231300
2003-02-12,26.8557,27.6934,26.8216,27.3942,14610700
2003-02-13,27.2147,27.4455,26.5394,26.8557,15550100
2003-02-14,27.813,27.813,27.0267,27.1634,19526900
2003-02-18,28.4114,28.6763,27.813,28.2917,12649400
2003-02-19,28.5139,28.8473,28.1977,28.4114,9882600
2003-02-20,28.0865,28.6336,27.9925,28.5139,9882000
2003-02-21,28.3772,28.6763,27.6506,28.3772,13312300
2003-02-24,27.719,28.3857,27.5053,28.3857,13029700
2003-02-25,28.1122,28.1122,26.8899,27.2831,15672800
2003-02-26,27.5737,28.1122,27.3942,28.1122,13852400
2003-02-27,28.0865,28.3772,27.5224,27.7788,13940800
2003-02-28,28.4968,28.8302,28.2489,28.3002,14372500
2003-03-03,28.2489,29.1294,28.0438,28.9327,13410800
2003-03-04,27.6677,28.4199,27.6079,28.4199,11926200
2003-03-05,28.3515,28.4797,27.6677,27.7361,13902500
2003-03-06,28.0267,28.4626,27.9241,28.3601,12697500
2003-03-07,28.343,28.6336,27.36,27.36,14066800
2003-03-10,27.5224,28.0524,27.3942,27.8643,14198600
2003-03-11,26.9668,27.7788,26.8814,27.3942,15912000
2003-03-12,27.0609,27.0779,25.8557,26.9241,21656900
2003-03-13,28.5395,28.5395,27.3002,27.5481,18783400
2003-03-14,28.8473,29.0353,28.4028,28.5395,17179600
2003-03-17,29.2319,29.7106,28.4284,28.5908,26648400
2003-03-18,29.6849,29.8046,29.0609,29.2746,16815500
2003-03-19,30.3088,30.4713,29.6593,29.8302,19162000
2003-03-20,30.6251,30.7277,29.6593,30.0354,15940300
2003-03-21,31.7961,31.7961,30.5482,30.6251,22768500
2003-03-24,30.514,31.2747,30.3772,31.2662,16256700
2003-03-25,30.6849,30.9243,30.2661,30.5225,14784800
2003-03-26,30.6764,30.9328,30.4456,30.5567,11839500
2003-03-27,30.6849,30.8901,30.1208,30.6764,11678300
2003-03-28,30.2747,30.7533,28.6336,30.4029,11356800
2003-03-31,29.4456,29.9755,29.4456,29.5738,15131400
2003-04-01,30.4285,30.4884,29.4541,29.4541,14707400
2003-04-02,31.6593,31.9585,31.0268,31.155,18451500
2003-04-03,31.2149,32.0525,31.1294,31.8816,16685400
2003-04-04,31.8217,31.8816,31.155,31.608,13394900
2003-04-07,31.8132,33.215,31.7192,32.8474,20136800
2003-04-08,32.1465,32.4799,31.6251,31.9585,14365300
2003-04-09,31.6593,32.8218,31.591,32.4371,15839400
2003-04-10,31.5824,31.9671,31.4542,31.6679,11526400
2003-04-11,31.9243,32.3859,31.6679,31.6679,14219900
2003-04-14,32.8474,32.9073,32.0525,32.3431,18019600
2003-04-15,33.5483,33.6167,32.779,32.779,21667400
2003-04-16,32.7021,33.762,32.5568,33.5654,16324800
2003-04-17,33.3688,33.3945,32.403,32.7363,14337400
2003-04-21,33.0782,33.8646,32.8987,33.856,11321400
2003-04-22,34.1381,34.1466,32.7363,32.8218,15885100
2003-04-23,34.4372,34.5313,33.8646,34.1381,16136900
2003-04-24,33.4628,34.0868,33.2662,33.8646,17859000
2003-04-25,32.8645,33.5398,32.7192,33.4714,10758700
2003-04-28,33.5568,33.8389,32.8731,33.2064,14288600
2003-04-29,33.4201,34.1893,33.0782,33.762,17127000
2003-04-30,33.5483,33.9757,32.7534,33.6509,17841900
2003-05-01,33.687,33.8425,33.0824,33.7302,16063900
2003-05-02,34.2916,34.4299,33.5229,33.7302,12763500
2003-05-05,34.1448,34.6199,33.998,34.3003,13910700
2003-05-06,34.5076,34.7235,33.9462,34.3262,13907100
2003-05-07,34.5681,34.7149,34.0584,34.2916,14892300
2003-05-08,33.8684,34.5853,33.8684,34.1794,14803400
2003-05-09,33.7302,34.1621,33.3933,33.877,18461800
2003-05-12,34.0239,34.2485,33.1946,33.1946,11458400
2003-05-13,33.9202,34.1534,33.592,34.0239,11775700
2003-05-14,33.6007,34.188,33.4279,34.1189,11496600
2003-05-15,34.0757,34.0757,33.6611,33.7734,11350400
2003-05-16,33.8166,34.1189,33.5056,34.0757,15673100
2003-05-19,33.0219,33.687,32.9096,33.402,12545400
2003-05-20,33.2724,33.5315,32.901,33.0305,13213100
2003-05-21,33.5661,33.6438,33.0133,33.0219,10301200
2003-05-22,33.4451,33.8943,32.9787,33.4711,13330500
2003-05-23,33.7648,33.9029,33.3588,33.3847,8349300
2003-05-27,34.7063,34.7667,33.2638,33.7648,16857900
2003-05-28,35.5355,35.9674,34.7408,34.8963,24040000
2003-05-29,35.2159,35.8378,35.0949,35.6737,19715300
2003-05-30,35.4318,35.8983,35.1813,35.1986,16065900
2003-06-02,35.7341,36.3129,35.1554,35.8291,17069200
2003-06-03,36.4943,36.5029,35.6305,35.7601,15121300
2003-06-04,37.1594,37.1853,36.3993,36.5029,13365800
2003-06-05,37.574,37.7208,36.8571,37.0471,14631400
2003-06-06,37.7381,38.4291,37.1421,38.0922,15484300
2003-06-09,37.0212,37.3839,36.7361,37.3062,12988200
2003-06-10,37.2803,37.3408,36.6584,36.9262,11568900
2003-06-11,38.0836,38.1441,37.1248,37.1853,12252300
2003-06-12,38.0663,38.3859,37.5049,38.3255,11062500
2003-06-13,38.0922,38.2909,37.7035,38.0663,8888500
2003-06-16,39.0769,39.0769,38.0922,38.3859,13306500
2003-06-17,39.3534,39.4916,38.9733,39.3879,15249100
2003-06-18,38.7919,39.3534,38.4809,39.3534,13203700
2003-06-19,37.8245,38.956,37.0384,38.8783,14287300
2003-06-20,38.0491,38.3082,37.764,38.1614,19104500
2003-06-23,37.2285,37.98,36.8743,37.9627,11566800
2003-06-24,37.5049,37.7035,36.4856,36.8829,11052300
2003-06-25,37.1853,38.0922,37.1378,37.5135,13467200
2003-06-26,37.764,37.8676,36.8829,37.1507,12177100
2003-06-27,37.1507,38.6537,37.0384,37.6604,9787900
2003-06-30,36.9693,37.4444,36.7534,37.1421,15931400
2003-07-01,37.8417,37.9022,36.5806,36.5893,13857800
2003-07-02,38.3514,38.3946,37.669,38.0059,13492500
2003-07-03,37.9022,38.6235,37.9022,38.0491,7846800
2003-07-07,38.8178,38.9387,38.2218,38.2218,13100700
2003-07-08,39.1892,39.2929,38.4378,38.6105,10907000
2003-07-09,39.7248,40.1307,39.3706,39.4916,16846400
2003-07-10,39.0424,39.7334,38.8696,39.2065,10818400
2003-07-11,39.863,39.958,39.2151,39.4311,11781200
2003-07-14,40.7008,41.4523,40.5928,40.5972,21989900
2003-07-15,40.4503,41.5862,40.1048,40.8563,17263400
2003-07-16,39.3188,40.5972,38.9992,40.3372,26602400
2003-07-17,38.7142,39.5175,38.5241,39.0424,16967700
2003-07-18,39.5088,39.6039,38.6969,39.0424,11662200
2003-07-21,38.8265,39.5175,38.5328,39.5088,12382700
2003-07-22,39.2583,39.3965,38.5328,39.1115,11540700
2003-07-23,39.4225,39.4829,38.9992,39.2929,10358500
2003-07-24,38.7574,39.7161,38.7401,39.4743,13094900
2003-07-25,39.5002,39.5606,38.5328,38.9474,10053800
2003-07-28,39.5606,39.8276,39.1115,39.3447,12799500
2003-07-29,39.2497,39.7248,39.0855,39.6039,11554900
2003-07-30,39.0683,39.5952,38.9992,39.5347,10510100
2003-07-31,38.6969,39.4656,38.5241,39.2583,14840700
2003-08-01,37.5308,38.9387,37.4185,38.9387,18045900
2003-08-04,37.8936,37.98,36.693,37.6776,16029500
2003-08-05,37.2025,38.0922,37.1309,37.8072,11490600
2003-08-06,37.5913,37.9886,37.1939,37.358,12616900
2003-08-07,38.0922,38.1614,37.2544,37.574,12486900
2003-08-08,38.3514,38.5241,38.1786,38.4118,11220000
2003-08-11,38.4809,38.5673,38.0059,38.4464,10332000
2003-08-12,39.0337,39.0424,38.4464,38.4809,10069600
2003-08-13,38.8265,39.3706,38.6969,39.362,10095700
2003-08-14,38.9819,39.172,38.671,39.0251,9444200
2003-08-15,38.7832,39.0424,38.6969,39.0165,6310800
2003-08-18,38.5673,39.1201,38.4378,39.1201,11952200
2003-08-19,38.36,38.7919,37.8936,38.5673,13224600
2003-08-20,38.1441,38.4291,38.0577,38.1009,9772300
2003-08-21,37.9281,38.6192,37.5826,38.4205,13242100
2003-08-22,37.2285,38.2477,37.1421,38.17,15028300
2003-08-25,37.073,37.4272,36.978,37.0125,14455200
2003-08-26,37.4099,37.5049,36.8829,37.0212,15248400
2003-08-27,37.1075,37.358,36.8829,37.0212,9901400
2003-08-28,37.2198,37.358,36.7534,37.3494,10350800
2003-08-29,37.4444,37.4963,37.155,37.358,7596100
2003-09-02,38.1614,38.2218,37.358,37.4444,13044600
2003-09-03,38.4378,38.7401,37.7035,37.7035,14478100
2003-09-04,38.36,38.4723,38.1095,38.3082,9604200
2003-09-05,38.2995,38.8265,38.0404,38.0404,10245700
2003-09-08,38.455,38.8696,38.2563,38.2563,10271200
2003-09-09,38.2477,38.5241,38.0491,38.2391,9660000
2003-09-10,37.9627,38.2132,37.7727,38.0232,12864600
2003-09-11,38.1959,38.4637,37.9886,37.9886,9442600
2003-09-12,38.265,38.4896,38.0599,38.0922,9830900
2003-09-15,38.1441,38.3255,37.859,38.265,8953500
2003-09-16,38.6192,38.6796,38.1181,38.1268,11530200
2003-09-17,38.8178,38.9992,38.2218,38.8265,13397700
2003-09-18,40.2948,40.4762,39.051,39.2151,22965500
2003-09-19,40.5626,40.5885,40.2517,40.2603,17347100
2003-09-22,40.0098,40.3812,39.6557,39.9062,13332900
2003-09-23,40.6836,40.7613,39.3965,40.1653,12742900
2003-09-24,40.1739,41.0118,40.0357,40.8477,15047100
2003-09-25,39.7334,40.4244,39.6557,40.1912,11184000
2003-09-26,39.1892,39.7161,39.1288,39.7161,12569700
2003-09-29,39.7938,40.0271,39.1892,39.1892,13561300
2003-09-30,39.3101,39.863,39.1314,39.7938,14578400
2003-10-01,40.5972,40.6836,39.5088,39.5866,15488500
2003-10-02,40.8045,40.9341,40.4503,40.649,10705000
2003-10-03,40.6922,41.3746,40.5972,41.3746,16963400
2003-10-06,40.8649,41.1068,40.4676,40.7267,8777800
2003-10-07,41.3141,41.3573,40.5972,40.6404,10589700
2003-10-08,41.1241,41.435,40.9341,41.435,8778200
2003-10-09,41.3573,41.7201,41.2018,41.4609,14600700
2003-10-10,41.3746,41.6683,41.2105,41.3487,8679500
2003-10-13,42.2643,42.3161,41.5905,41.841,10080200
2003-10-14,42.3247,42.3593,41.3055,42.2815,10628900
2003-10-15,42.2211,42.4283,41.8324,42.3247,11807400
2003-10-16,42.3247,42.4543,41.936,42.1606,9997400
2003-10-17,41.7892,42.3765,41.4869,42.3247,13257300
2003-10-20,41.5819,41.9879,40.9427,40.9427,18070200
2003-10-21,41.0896,41.5905,40.8995,41.5905,17251200
2003-10-22,40.7699,40.9859,40.5626,40.5972,12897800
2003-10-23,41.2709,41.3746,40.5799,40.7699,11502400
2003-10-24,41.1154,41.3573,40.4244,41.2709,10627400
2003-10-27,40.338,41.4005,40.2862,41.2709,16409400
2003-10-28,41.0982,41.0982,40.3812,40.4244,13814300
2003-10-29,41.1068,41.2018,40.7008,41.0982,11799700
2003-10-30,41.6731,41.8924,41.4364,41.8573,11135500
2003-10-31,41.5767,41.8661,41.261,41.8485,9737100
2003-11-03,42.1292,42.4449,41.6644,41.7433,13929922
2003-11-04,42.3747,42.5036,41.7696,42.0941,12903727
2003-11-05,42.5326,42.5764,42.0941,42.3747,11125300
2003-11-06,42.8746,42.9096,42.3203,42.5413,9385300
2003-11-07,41.8749,42.9535,41.8749,42.9096,15427200
2003-11-10,42.0502,42.2432,41.5854,41.8749,11338200
2003-11-11,41.5591,42.1292,41.4451,41.9187,13161800
2003-11-12,41.5679,41.9424,41.3925,41.4977,11593000
2003-11-13,41.3048,41.6731,41.2697,41.5591,10838200
2003-11-14,40.7173,41.3925,40.5682,41.2522,14931200
2003-11-17,40.6032,40.7699,40.0332,40.3489,11056200
2003-11-18,39.9455,40.8663,39.8666,40.6471,14158600
2003-11-19,40.2876,40.3928,39.5509,39.928,13907600
2003-11-20,40.1385,40.954,39.7438,39.9981,15255800
2003-11-21,40.6383,40.7786,40.2876,40.4278,10805200
2003-11-24,40.9891,41.2873,40.7786,40.8225,12378200
2003-11-25,41.1382,41.3925,40.9365,41.2171,11021500
2003-11-26,41.1733,41.4714,40.8751,41.4627,8360900
2003-11-28,41.2434,41.5328,41.1733,41.3399,4333500
2003-12-01,41.7082,41.7345,41.3487,41.5767,9364800
2003-12-02,41.3837,41.8398,41.2171,41.6468,13029600
2003-12-03,41.1996,41.6468,41.1733,41.6468,12020400
2003-12-04,41.3837,41.4802,40.3401,41.2434,9119200
2003-12-05,40.9102,41.4714,40.6909,41.3837,9988900
2003-12-08,41.5328,41.5679,40.7348,40.7874,9428200
2003-12-09,41.3399,41.6644,41.1207,41.5854,10448500
2003-12-10,41.5328,41.6293,41.2873,41.3487,10113100
2003-12-11,41.717,42.0064,41.3508,41.3662,12537200
2003-12-12,41.6907,41.8836,41.5328,41.7433,7900900
2003-12-15,41.9362,42.5238,41.9011,42.5238,12660600
2003-12-16,42.0415,42.0757,41.7082,41.9011,8830300
2003-12-17,41.6381,41.945,41.3487,41.8749,10064900
2003-12-18,41.945,41.9976,41.1908,41.6468,11027700
2003-12-19,42.3309,42.3309,41.9441,42.0765,16154800
2003-12-22,42.4712,42.5326,42.1642,42.2256,9250600
2003-12-23,42.1555,42.6553,42.1292,42.515,9581700
2003-12-24,41.9626,42.1362,41.8932,42.0941,4211000
2003-12-26,41.9713,42.0765,41.9275,42.0502,2420700
2003-12-29,42.4098,42.4361,42.0502,42.0853,7966200
2003-12-30,42.4712,42.5501,42.2256,42.4185,7478200
2003-12-31,42.4712,42.6378,42.1818,42.6378,9863600
2004-01-02,42.971,43.1903,42.5676,43.0149,13960400
2004-01-05,43.6726,43.6726,43.278,43.392,14617800
2004-01-06,43.7165,43.7428,43.4183,43.4358,10770300
2004-01-07,43.7691,43.9971,43.4271,43.6814,12041600
2004-01-08,43.9532,44.0497,43.5849,43.8041,13545600
2004-01-09,43.7515,44.1637,43.4709,43.848,11331000
2004-01-12,43.7165,43.7515,43.4095,43.5937,9799100
2004-01-13,43.4972,43.7077,43.1201,43.6814,10971200
2004-01-14,43.848,43.8743,43.5849,43.6463,10278200
2004-01-15,43.4095,44.304,43.085,43.848,17412800
2004-01-16,43.4095,43.5761,43.0324,43.5761,15112200
2004-01-20,43.2254,43.848,43.0588,43.848,13994900
2004-01-21,44.1637,44.2163,43.1464,43.1464,19128100
2004-01-22,44.4531,44.6811,44.0146,44.1988,13675800
2004-01-23,44.1286,44.6723,43.9532,44.6285,15547800
2004-01-26,44.6636,44.8214,43.848,43.848,11331300
2004-01-27,43.9094,44.7074,43.8919,44.4619,13217600
2004-01-28,43.1727,44.418,43.0588,44.1988,16613200
2004-01-29,44.1221,44.3183,43.5692,43.8279,16463200
2004-01-30,44.1221,44.2113,43.7119,43.917,10360700
2004-02-02,43.8992,44.4966,43.6941,44.1399,11899600
2004-02-03,43.5871,43.8279,43.5247,43.81,9695100
2004-02-04,43.3106,43.6852,43.2571,43.2571,13274300
2004-02-05,42.9005,43.6049,42.7934,43.6049,12076800
2004-02-06,43.9705,44.0062,42.9896,43.0075,11718900
2004-02-09,43.8279,44.0953,43.7387,43.9705,9224500
2004-02-10,43.6227,43.81,43.5158,43.6941,13895500
2004-02-11,44.354,44.4164,43.3552,43.6762,16921500
2004-02-12,44.1489,44.5591,44.0864,44.1845,9371000
2004-02-13,44.131,44.5412,43.6941,44.2291,9797100
2004-02-17,44.4966,44.7133,44.3807,44.3985,10734800
2004-02-18,44.1935,44.5858,44.1399,44.5769,7655000
2004-02-19,43.8011,44.5591,43.7832,44.5412,13440700
2004-02-20,43.596,43.8546,43.2839,43.7387,15247100
2004-02-23,43.9794,44.1123,43.6941,43.8279,10193900
2004-02-24,44.0864,44.3183,43.5603,43.5603,11043700
2004-02-25,44.4431,44.5323,44.1489,44.2202,9654700
2004-02-26,44.5858,44.6215,44.238,44.3629,9953100
2004-02-27,44.8176,44.9068,44.354,44.675,14368600
2004-03-01,44.996,45.3883,44.9157,45.1208,13218900
2004-03-02,44.3807,45.0941,44.3183,44.996,12771200
2004-03-03,44.4253,44.7998,44.3005,44.3183,11538400
2004-03-04,44.0597,44.6928,43.9616,44.5858,19539200
2004-03-05,44.5858,44.8533,44.1845,44.2291,17709200
2004-03-08,44.5323,44.9781,44.4788,44.7196,9455500
2004-03-09,44.4431,44.5769,44.1845,44.3183,10253600
2004-03-10,43.8813,44.4966,43.8635,44.2737,12064700
2004-03-11,43.3552,44.2737,43.3374,43.8813,17419300
2004-03-12,43.9705,43.9973,43.3374,43.3552,12182300
2004-03-15,43.8011,44.3451,43.0075,44.3183,18036700
2004-03-16,44.5769,44.5947,44.0953,44.1845,16136400
2004-03-17,45.317,45.4418,44.8087,44.9781,16251800
2004-03-18,45.7272,45.8966,45.0673,45.1921,17645200
2004-03-19,44.889,45.8253,44.6036,45.6113,16493700
2004-03-22,44.238,44.7641,44.0419,44.6393,14271400
2004-03-23,44.4075,44.8065,44.1578,44.568,11738200
2004-03-24,44.3985,44.675,44.1578,44.3985,12915700
2004-03-25,44.8176,44.9514,44.3629,44.7909,11818000
2004-03-26,44.6393,44.9425,44.5056,44.6215,10138500
2004-03-29,45.7629,45.9412,45.1654,45.1654,15272000
2004-03-30,46.3157,46.3425,45.4864,45.4864,13972600
2004-03-31,46.1017,46.4138,45.9769,46.3157,17789100
2004-04-01,46.6278,46.7705,46.0482,46.3514,12471300
2004-04-02,46.1909,47.1539,46.0482,46.9399,17067200
2004-04-05,46.5743,46.5922,46.0839,46.3157,10640800
2004-04-06,46.5833,46.6011,46.1909,46.1909,7606700
2004-04-07,46.1998,46.7438,45.9501,46.7438,9834800
2004-04-08,45.9501,46.5387,45.7629,46.5297,8256900
2004-04-12,46.4227,46.4851,46.1642,46.2979,7052600
2004-04-13,45.6559,46.4673,45.3972,46.4316,15309600
2004-04-14,45.4329,45.6559,44.6304,45.21,14917600
2004-04-15,44.5145,45.2992,44.0953,44.8533,26220800
2004-04-16,44.675,44.9514,44.5501,44.7552,17628800
2004-04-19,44.568,44.7106,44.3272,44.5858,9791200
2004-04-20,43.8813,44.7463,43.8724,44.568,12813400
2004-04-21,43.8189,44.1399,43.6584,43.7832,12522900
2004-04-22,44.2826,44.4966,43.7208,44.0062,14587600
2004-04-23,43.8546,44.131,43.5782,44.1043,11756000
2004-04-26,43.6852,44.0597,43.5514,43.8279,9713700
2004-04-27,43.6584,44.1132,43.6049,43.6941,13700400
2004-04-28,43.1858,43.5782,43.1055,43.4801,17907200
2004-04-29,43.6857,44.4838,43.3955,43.985,17220500
2004-04-30,43.6132,43.9759,43.4862,43.6857,11856600
2004-05-03,44.0394,44.1482,43.6132,43.6222,12275700
2004-05-04,44.2934,44.6017,43.8943,44.121,13428100
2004-05-05,44.1029,44.5926,43.8943,44.2934,11042200
2004-05-06,43.0871,43.8671,42.9058,43.849,15947200
2004-05-07,42.3707,43.2504,42.144,42.8604,20648000
2004-05-10,41.1827,41.491,40.7836,41.491,29832000
2004-05-11,41.4366,41.5817,41.0738,41.4457,15110400
2004-05-12,41.9989,42.0261,40.6567,41.4366,16354100
2004-05-13,41.6814,42.3526,41.4729,41.7721,13576200
2004-05-14,41.4003,41.9626,41.2371,41.6905,11642300
2004-05-17,40.6838,41.0829,40.6567,40.8289,15777800
2004-05-18,40.9468,41.1917,40.7745,40.9831,12294300
2004-05-19,40.8108,41.6633,40.8108,41.3822,16792800
2004-05-20,41.0648,41.3278,40.8471,40.8562,10805200
2004-05-21,41.1191,41.5726,40.8199,41.2099,19145900
2004-05-24,41.2008,41.5545,41.0557,41.5001,8552200
2004-05-25,42.1712,42.2709,40.965,41.2824,13078300
2004-05-26,42.2075,42.3526,41.7812,42.1712,10315200
2004-05-27,42.1893,42.5974,41.8084,42.5339,11854300
2004-05-28,42.1077,42.3526,41.9082,42.3435,9939000
2004-06-01,42.416,42.4705,41.7721,42.1349,11285100
2004-06-02,42.6518,42.8786,41.9172,42.6972,13165700
2004-06-03,42.0442,43.0781,42.0442,43.0781,10083800
2004-06-04,42.2165,42.6246,42.1258,42.5249,10323000
2004-06-07,43.1053,43.1688,42.4705,42.5702,12740100
2004-06-08,43.1688,43.1688,42.8786,42.9874,9161600
2004-06-09,42.67,43.1597,42.67,43.1234,8162300
2004-06-10,42.942,42.9783,42.6065,42.7153,6789300
2004-06-14,42.3888,42.806,42.1893,42.5883,12614700
2004-06-15,42.6428,42.9511,42.4614,42.806,12274000
2004-06-16,42.6428,42.9148,42.4886,42.7153,6698400
2004-06-17,42.6972,42.806,42.416,42.5521,6412400
2004-06-18,43.0781,43.1597,42.7788,42.8332,13677500
2004-06-21,42.7879,43.1869,42.7153,43.0055,8532500
2004-06-22,42.6156,42.8514,42.2165,42.6246,10505500
2004-06-23,42.8423,42.9058,42.3163,42.6065,11306600
2004-06-24,42.7335,43.1416,42.7153,42.9239,13049200
2004-06-25,42.4432,43.1053,42.3798,42.8423,12769700
2004-06-28,42.1893,42.7153,42.144,42.6246,11384200
2004-06-29,42.017,42.1984,41.8175,41.9354,12343900
2004-06-30,42.1712,42.5067,41.881,42.0351,14905200
2004-07-01,41.7449,42.3979,41.5273,42.1712,14885800
2004-07-02,41.5001,41.8175,41.4184,41.7631,10686400
2004-07-06,41.2189,41.5363,40.9468,41.4184,11753000
2004-07-07,41.3822,41.5273,41.0194,41.0194,9154900
2004-07-08,40.965,41.5001,40.8289,41.4003,11862500
2004-07-09,40.838,41.1917,40.7564,41.0285,12030100
2004-07-12,40.7201,41.0267,40.6838,40.8108,13136500
2004-07-13,41.0829,41.1464,40.6476,40.7292,11536600
2004-07-14,40.9015,41.3731,40.711,41.0829,13534000
2004-07-15,40.0944,41.1736,39.5593,40.9015,28611000
2004-07-16,39.5593,40.2848,39.523,40.2395,18365900
2004-07-19,39.8948,40.2213,39.6318,39.7225,14005500
2004-07-20,39.9493,40.0037,39.5684,39.7951,14809800
2004-07-21,39.8495,40.6022,39.8132,40.2213,15491600
2004-07-22,40.4481,40.6022,39.6318,39.8495,15204700
2004-07-23,40.1851,40.5646,39.7225,40.4481,12709100
2004-07-26,39.7316,40.2848,39.4958,40.2032,12481500
2004-07-27,39.8132,40.0853,39.5865,39.9946,13725600
2004-07-28,40.0037,40.1216,39.6046,39.7407,17503100
2004-07-29,40.9067,41.1099,40.648,40.805,12972200
2004-07-30,40.7312,40.9252,40.4818,40.7496,10570200
2004-08-02,40.9436,41.2393,39.8812,39.8812,15867800
2004-08-03,40.685,41.3316,40.6111,40.9436,10548800
2004-08-04,41.0176,41.1931,40.4725,40.648,9863400
2004-08-05,40.491,41.1007,40.4355,41.0176,9103000
2004-08-06,39.8997,40.5834,39.715,40.2877,15505800
2004-08-09,40.1584,40.4171,39.9552,39.9552,10584900
2004-08-10,40.8143,40.8143,40.2877,40.3986,9393500
2004-08-11,40.9714,41.036,40.5279,40.7866,8850700
2004-08-12,40.5556,41.1377,40.4818,40.9714,9716000
2004-08-13,40.6573,40.9067,40.4632,40.6757,7495000
2004-08-16,41.3594,41.424,40.6573,40.6665,10026600
2004-08-17,41.7197,41.7935,41.461,41.5257,10295200
2004-08-18,42.1631,42.1723,41.618,41.7197,11609400
2004-08-19,41.9968,42.0799,41.6827,41.9506,8120700
2004-08-20,42.4495,42.5326,41.8305,41.9968,9510500
2004-08-23,42.3294,42.5049,42.0153,42.4033,11154100
2004-08-24,42.4218,42.6619,42.2462,42.588,7614100
2004-08-25,42.7728,42.856,42.3571,42.5234,9658300
2004-08-26,42.9206,43.0222,42.5788,42.7728,8590500
2004-08-27,43.1608,43.244,42.7081,42.9206,7542200
2004-08-30,42.8745,43.1701,42.8745,43.1608,7088500
2004-08-31,43.0315,43.0777,42.6527,43.013,9173200
2004-09-01,42.9114,43.2347,42.6804,43.0222,9235100
2004-09-02,43.4103,43.5765,42.7728,43.0222,8837500
2004-09-03,43.2717,43.7336,43.2717,43.4195,7909200
2004-09-07,43.6135,43.8444,43.3271,43.558,10485500
2004-09-08,43.2532,43.6782,43.1978,43.6043,11199000
2004-09-09,43.3733,43.5858,43.1423,43.438,9503400
2004-09-10,43.6412,43.7613,43.1978,43.2809,7279300
2004-09-13,43.4195,43.7243,43.2624,43.6135,8922100
2004-09-14,43.595,43.7982,43.3271,43.4195,8344100
2004-09-15,43.401,43.6597,43.3364,43.4841,7136300
2004-09-16,43.5858,43.8537,43.3271,43.401,8254400
2004-09-17,43.3733,43.6874,43.1978,43.6782,17354900
2004-09-20,41.9414,42.7266,41.812,42.5511,25441200
2004-09-21,42.1723,42.3663,41.6457,42.0615,18022700
2004-09-22,40.9991,41.9506,40.9991,41.9506,21871400
2004-09-23,40.5372,41.073,40.5187,40.9252,15200500
2004-09-24,40.7866,40.842,40.297,40.6296,18750900
2004-09-27,40.2877,40.7496,40.2231,40.6757,17532800
2004-09-28,40.9344,40.9529,40.2877,40.3709,17256500
2004-09-29,41.2947,41.2947,40.5741,40.5834,15471700
2004-09-30,40.7589,41.2485,40.648,41.1284,16514000
2004-10-01,41.4518,41.4887,40.879,41.0822,13637900
2004-10-04,41.3224,41.6827,41.1377,41.5718,15124000
2004-10-05,41.1284,41.5072,40.9436,41.3132,12640000
2004-10-06,41.3316,41.3316,40.8605,41.1099,11871000
2004-10-07,41.3501,41.6642,41.267,41.3686,10687800
2004-10-08,41.1654,41.7381,40.9252,41.3501,10818700
2004-10-11,41.4425,41.5534,41.2116,41.2116,7879000
2004-10-12,41.3871,41.6088,41.1099,41.1099,12085100
2004-10-13,40.7496,41.6735,40.6665,41.618,13658900
2004-10-14,40.3709,40.9621,39.9644,40.8698,19802100
2004-10-15,40.5926,41.0083,40.5002,40.8882,15595400
2004-10-18,40.8513,40.9714,40.297,40.297,10772400
2004-10-19,40.2693,41.2023,40.2693,40.9252,15445300
2004-10-20,39.9921,40.2046,39.5025,40.1954,18825200
2004-10-21,39.678,40.2138,39.5394,40.1307,16002200
2004-10-22,39.3177,39.8166,39.2623,39.6226,13193900
2004-10-25,39.3362,39.4009,38.8928,39.3085,16292700
2004-10-26,40.0383,40.0845,39.4933,39.5302,17058000
2004-10-27,40.6018,40.648,39.7981,40.0476,17619100
2004-10-28,41.6499,41.8381,40.9442,41.0759,15054200
2004-10-29,41.7535,41.9323,41.537,41.7817,12993400
2004-11-01,41.697,41.9699,41.6029,41.8287,13475900
2004-11-02,42.2522,42.3369,41.697,41.697,16423600
2004-11-03,42.6192,42.958,42.4216,42.9203,15389400
2004-11-04,43.372,43.4002,42.4404,42.638,14121100
2004-11-05,43.4097,43.7296,43.0238,43.5508,16463000
2004-11-08,43.5226,43.5602,43.2309,43.4097,11215700
2004-11-09,43.485,43.8237,43.3532,43.5226,10902800
2004-11-10,43.3344,43.5508,43.1462,43.4285,11218100
2004-11-11,43.532,43.6543,43.2026,43.4755,11084100
2004-11-12,44.2943,44.313,43.4755,43.4755,16322500
2004-11-15,43.9178,44.3225,43.8049,44.2284,13792700
2004-11-16,43.3344,43.7108,43.1932,43.4473,17661400
2004-11-17,43.4567,43.8614,43.2873,43.4567,19800000
2004-11-18,43.2026,43.5602,43.2026,43.4755,16127500
2004-11-19,42.4874,43.3532,42.3745,43.3532,23290000
2004-11-22,42.5063,42.798,42.3745,42.5816,14901400
2004-11-23,42.5439,42.6945,42.2898,42.6286,14826100
2004-11-24,42.8356,42.9109,42.638,42.7698,11229600
2004-11-26,42.7415,42.8921,42.7227,42.8639,5321000
2004-11-29,42.3087,42.8921,42.2052,42.7509,15533600
2004-11-30,42.111,42.3651,41.9699,42.3181,14864600
2004-12-01,43.2309,43.2779,42.2804,42.3745,15389400
2004-12-02,43.0615,43.4755,42.958,43.0521,13672500
2004-12-03,42.958,43.2497,42.798,42.8356,15175100
2004-12-06,43.4473,43.5508,42.8639,42.9674,14189000
2004-12-07,43.2873,43.7484,43.2873,43.6167,13615500
2004-12-08,43.5602,43.5979,43.1932,43.485,13614600
2004-12-09,43.7014,43.7296,43.118,43.3156,11258500
2004-12-10,43.2026,44.4918,43.0521,43.692,13630300
2004-12-13,44.0119,44.0308,43.3061,43.5132,13498800
2004-12-14,44.106,44.2472,44.0025,44.0119,14444200
2004-12-15,44.5201,44.633,44.1813,44.2754,16538900
2004-12-16,44.2754,44.473,44.0213,44.4166,15826200
2004-12-17,43.8708,44.3695,43.7767,43.9272,19268600
2004-12-20,43.9366,44.3601,43.9178,44.106,10215400
2004-12-21,44.4072,44.5013,43.9649,44.0872,12808800
2004-12-22,45.4611,45.5082,44.2284,44.2284,20730100
2004-12-23,45.8752,46.1669,44.5765,44.6989,17711100
2004-12-27,45.4611,46.1669,45.4611,46.1104,8165300
2004-12-28,45.4988,45.8752,45.4611,45.4705,7934700
2004-12-29,45.1788,45.5364,45.1317,45.3576,8973100
2004-12-30,45.1976,45.4046,45.1694,45.1694,7545800
2004-12-31,45.3388,45.4799,45.1694,45.2917,5557400
2005-01-03,45.4235,46.1104,45.3576,46.1104,14746600
2005-01-04,45.0376,45.894,44.8871,45.4329,15847700
2005-01-05,45.6023,45.9034,45.1882,45.2164,18955000
2005-01-06,46.0445,46.3363,45.8657,45.9222,18049900
2005-01-07,45.7811,46.2139,45.734,46.2045,12804600
2005-01-10,45.4893,45.8657,45.1882,45.6493,16999100
2005-01-11,45.3764,45.6211,45.1882,45.4799,12949200
2005-01-12,45.2353,45.3482,44.8965,45.2635,16124300
2005-01-13,44.793,45.4329,44.6518,45.1694,15435600
2005-01-14,44.7083,45.0282,44.6612,44.9341,11412300
2005-01-18,45.3294,45.4705,44.4636,44.6048,15114800
2005-01-19,45.207,45.5835,45.1788,45.2635,12764200
2005-01-20,44.953,45.2164,44.6518,44.6989,17321900
2005-01-21,45.1035,45.6399,45.0282,45.6399,19515700
2005-01-24,45.5082,45.894,45.32,45.4329,15981500
2005-01-25,45.6493,45.8752,45.5082,45.687,12691500
2005-01-26,45.6211,45.8093,45.2917,45.6587,14104500
2005-01-27,45.6964,45.894,45.2635,45.6305,12369400
2005-01-28,45.527,45.7434,45.367,45.6399,16820500
2005-01-31,46.1575,46.3927,46.0351,46.1104,19150600
2005-02-01,46.5621,46.675,46.2234,46.3927,18749100
2005-02-02,46.7503,46.8162,46.3457,46.6092,16085500
2005-02-03,46.2516,46.4398,45.8752,46.3363,15174800
2005-02-04,46.8444,46.8538,46.2422,46.2516,14114300
2005-02-07,46.7974,47.042,46.5809,46.8256,9464600
2005-02-08,46.5621,46.9479,46.5056,46.8632,10984600
2005-02-09,46.2798,46.7127,46.1669,46.5621,10619600
2005-02-10,46.0916,46.5809,46.0634,46.2798,13731600
2005-02-11,46.4868,46.6656,45.9693,46.1104,9999400
2005-02-14,46.3457,46.5433,46.2045,46.4962,9607000
2005-02-15,46.4868,46.6092,46.3269,46.3551,9507400
2005-02-16,46.2798,46.4398,46.1575,46.2234,8277900
2005-02-17,45.9222,46.3551,45.8469,46.2892,14135700
2005-02-18,45.7058,45.894,45.5082,45.687,16531900
2005-02-22,45.1223,45.7811,45.0753,45.4517,17437800
2005-02-23,45.527,45.6399,45.1412,45.4799,16587100
2005-02-24,45.4517,45.6964,45.3294,45.574,12785900
2005-02-25,45.4329,45.5552,45.1317,45.2164,15846400
2005-02-28,44.9059,45.4141,44.793,45.4046,20700200
2005-03-01,45.0565,45.3388,44.8683,45.1035,12440400
2005-03-02,45.2917,45.5552,44.8118,44.84,11450700
2005-03-03,45.1412,45.5364,44.9247,45.527,11731000
2005-03-04,45.5458,45.8093,45.1882,45.3388,12550500
2005-03-07,45.6117,45.7811,45.4893,45.4988,7911600
2005-03-08,45.6117,45.8093,45.367,45.6117,11926400
2005-03-09,45.0565,45.4893,44.8871,45.3105,13068500
2005-03-10,45.3105,45.4705,45.0471,45.0659,11971200
2005-03-11,44.9718,45.4046,44.6706,45.3105,11987300
2005-03-14,45.3764,45.4046,44.9341,44.9718,9981900
2005-03-15,44.9812,45.5928,44.9624,45.5458,10657500
2005-03-16,44.5765,44.8777,44.5107,44.6989,11435300
2005-03-17,44.4542,44.6989,44.2284,44.6142,9594200
2005-03-18,44.0872,44.473,43.3344,44.473,37565400
2005-03-21,43.0615,43.7296,42.8639,43.7296,24473700
2005-03-22,41.8193,43.2967,41.7723,43.1932,44885000
2005-03-23,41.8287,42.2052,41.4523,41.6405,36802000
2005-03-24,41.8946,42.4404,41.8946,42.0169,18216600
2005-03-28,42.1299,42.5063,42.1299,42.2052,12257600
2005-03-29,41.7346,42.2616,41.6499,42.0263,17213400
2005-03-30,42.271,42.3463,41.7723,41.8287,13391400
2005-03-31,42.2898,42.5345,42.1487,42.3463,14288700
2005-04-01,41.9887,43.005,41.7817,42.7227,17256800
2005-04-04,41.9605,42.1204,41.2171,41.9981,19361400
2005-04-05,42.2898,42.3933,41.904,42.2522,12644100
2005-04-06,42.4874,42.6568,41.9417,42.5345,11598500
2005-04-07,42.7792,43.0521,42.5345,42.6286,12897400
2005-04-08,42.7227,43.0803,42.6757,43.0144,9643400
2005-04-11,42.9203,43.1932,42.8168,42.9768,11318700
2005-04-12,43.7108,43.8614,42.6662,42.9203,15050100
2005-04-13,43.1085,43.8425,42.9956,43.7578,13852300
2005-04-14,42.7227,43.2591,42.5157,43.1932,15790100
2005-04-15,43.0521,43.6355,42.9391,43.212,27064300
2005-04-18,43.485,43.6731,43.2685,43.2873,18557300
2005-04-19,43.6167,44.0496,43.6167,43.8049,14904700
2005-04-20,43.4097,43.8708,43.1838,43.4755,19341300
2005-04-21,43.5414,43.7108,42.9674,43.6449,17606900
2005-04-22,43.5885,43.9461,43.0615,43.0615,12538600
2005-04-25,44.0213,44.2284,43.6637,43.7108,12228700
2005-04-26,43.8708,44.3601,43.8425,44.0401,13029100
2005-04-27,44.2754,44.3695,43.6731,43.7578,12186600
2005-04-28,44.2945,44.8219,44.237,44.6014,15987600
2005-04-29,45.0329,45.0521,43.8726,44.3425,17128400
2005-05-02,44.6206,45.2822,44.2562,45.0329,15257900
2005-05-03,44.8795,44.9466,44.4192,44.7644,14471600
2005-05-04,45.0425,45.2535,44.6398,44.8795,13727600
2005-05-05,44.9562,45.2535,44.5439,45.0713,9906800
2005-05-06,44.6781,45.0233,44.611,44.9658,11311800
2005-05-09,44.9274,45.0329,44.6528,44.7165,8518900
2005-05-10,44.4767,44.6877,44.2849,44.5918,12497300
2005-05-11,44.7836,44.9658,44.3712,44.8219,10521200
2005-05-12,44.5055,45.0713,44.3137,44.9754,10048100
2005-05-13,44.026,44.7836,43.0575,44.7836,13465700
2005-05-16,44.8795,44.9658,44.0931,44.0931,12781900
2005-05-17,45.2247,45.3014,44.6493,44.6589,13508900
2005-05-18,45.7809,46.1645,45.359,45.4357,15330500
2005-05-19,45.8768,46.0303,45.6275,45.9535,8969500
2005-05-20,45.8384,45.896,45.4165,45.8864,10995900
2005-05-23,45.6467,46.0015,45.5987,45.5987,10936700
2005-05-24,45.7521,45.8288,45.4549,45.4549,9177600
2005-05-25,45.5028,45.6946,45.3206,45.5891,9864200
2005-05-26,45.4357,45.7809,45.3302,45.7713,12334700
2005-05-27,45.3398,45.4932,45.1192,45.359,11403700
2005-05-31,45.1768,45.4549,45.0905,45.3494,10076300
2005-06-01,45.7617,46.1261,45.1768,45.1864,14864200
2005-06-02,45.7521,45.8193,45.5028,45.6946,8028400
2005-06-03,45.6083,45.8864,45.5028,45.7521,9661800
2005-06-06,45.733,45.7426,45.3685,45.6083,6022700
2005-06-07,45.7042,46.1261,45.6754,45.7809,11492400
2005-06-08,45.7905,46.0111,45.7426,45.8384,7978000
2005-06-09,45.7234,45.9343,45.1768,45.8097,7226600
2005-06-10,45.685,46.0111,45.4261,45.7426,8570900
2005-06-13,45.6467,45.8768,45.474,45.5508,8351900
2005-06-14,45.4645,45.7138,45.4357,45.5699,7972900
2005-06-15,45.4549,45.6946,45.1864,45.5028,11542700
2005-06-16,45.5891,45.7042,45.1384,45.1384,10486600
2005-06-17,45.5124,45.7426,45.3973,45.7426,20356900
2005-06-20,45.4261,45.5508,45.2151,45.311,11547900
2005-06-21,45.3781,45.4549,45.2631,45.2918,9626500
2005-06-22,45.4932,45.5891,45.2151,45.5028,10447200
2005-06-23,44.9562,45.4549,44.8699,45.3206,12404500
2005-06-24,45.0233,45.2727,44.8987,44.985,12186600
2005-06-27,44.8507,45.1959,44.7356,44.8411,11876300
2005-06-28,45.0905,45.2343,44.9946,45.0809,8768000
2005-06-29,44.8603,45.2343,44.7644,45.2151,10735800
2005-06-30,44.3329,45.0329,44.3041,44.8795,16598700
2005-07-01,44.2658,44.7261,44.1794,44.5918,8711300
2005-07-05,44.5534,44.6685,44.1219,44.2082,9381400
2005-07-06,44.4,44.8891,44.3521,44.7356,14854600
2005-07-07,44.3712,44.3904,43.9109,44.1123,15828300
2005-07-08,44.6014,44.8028,44.2753,44.3712,12387600
2005-07-11,44.2178,44.7069,44.1603,44.6014,14544700
2005-07-12,44.1123,44.3329,44.0068,44.3041,14336300
2005-07-13,43.863,44.2849,43.7191,44.2082,18429500
2005-07-14,44.5918,44.6877,43.863,43.9877,17562300
2005-07-15,44.5151,44.5439,44.1507,44.4,13583900
2005-07-18,43.1534,43.9205,43.0575,43.8246,34259000
2005-07-19,42.578,43.2876,42.4437,43.2492,38194000
2005-07-20,42.3958,42.8273,42.319,42.8177,27519400
2005-07-21,42.3382,42.5971,42.2903,42.4821,19828900
2005-07-22,42.5971,42.6259,42.3766,42.4821,21952300
2005-07-25,42.7026,42.9136,42.5971,42.7218,15176400
2005-07-26,42.7698,42.952,42.6835,42.7218,15120500
2005-07-27,42.5684,42.8657,42.3478,42.6739,18411600
2005-07-28,42.4812,42.859,42.4328,42.859,24031100
2005-07-29,42.1325,42.52,42.1325,42.4134,19010100
2005-08-01,42.3262,42.5297,42.1713,42.2294,17524100
2005-08-02,42.6846,42.7137,42.4134,42.5684,16413100
2005-08-03,42.6652,42.6749,42.3747,42.5684,16170400
2005-08-04,42.5393,42.5878,42.3262,42.5393,16193600
2005-08-05,42.2584,42.549,42.1325,42.3747,14650100
2005-08-08,41.9388,42.3553,41.9291,42.181,14412600
2005-08-09,42.2294,42.365,41.9485,41.9485,13030600
2005-08-10,41.9388,42.6652,41.8517,42.2294,17842100
2005-08-11,42.1422,42.2364,41.6676,41.9388,15992000
2005-08-12,42.2488,42.3941,41.9195,41.9873,11266200
2005-08-15,42.4134,42.7621,42.1519,42.2778,14833600
2005-08-16,42.7524,43.0333,42.4134,42.4134,18414200
2005-08-17,42.7137,43.0139,42.5393,42.7137,10722300
2005-08-18,42.8202,43.0333,42.52,42.7234,13306300
2005-08-19,42.7718,43.0042,42.6943,42.9849,9812500
2005-08-22,42.8105,43.0042,42.549,42.888,9551400
2005-08-23,42.1907,42.8202,42.0163,42.8202,18072000
2005-08-24,41.6967,42.2778,41.5998,41.5998,20930600
2005-08-25,41.9118,42.1325,41.7064,41.8129,14362100
2005-08-26,41.7451,42.2778,41.7257,42.2681,17109700
2005-08-29,42.1713,42.3359,41.5611,41.6483,15989300
2005-08-30,41.9001,42.055,41.687,42.0357,16455900
2005-08-31,42.3941,42.4037,41.6676,41.9001,15442800
2005-09-01,42.3359,42.6556,42.0163,42.2294,16437800
2005-09-02,42.5006,42.7427,42.4522,42.549,10823100
2005-09-06,42.9074,43.0333,42.6168,42.6168,16133600
2005-09-07,43.0624,43.0624,42.6943,42.9074,12098300
2005-09-08,43.043,43.1689,42.7137,42.7137,12564500
2005-09-09,43.2076,43.4885,42.9655,43.0042,13077700
2005-09-12,43.5951,43.8275,43.537,43.7888,17165700
2005-09-13,43.6822,43.7985,43.3432,43.411,17142400
2005-09-14,43.566,43.8082,43.5176,43.6822,12553000
2005-09-15,43.6144,43.7016,43.4885,43.5854,10646700
2005-09-16,44.0212,44.0212,43.6338,43.7016,24198200
2005-09-19,43.9341,43.9922,43.7597,43.8566,12096100
2005-09-20,43.7307,44.428,43.6241,43.8856,17738100
2005-09-21,43.411,43.905,43.411,43.5854,13824900
2005-09-22,43.7597,44.0503,43.198,43.4207,12243800
2005-09-23,43.8178,44.0697,43.6338,43.7307,10705100
2005-09-26,43.6726,44.06,43.6144,43.9728,11282100
2005-09-27,43.6726,44.0697,43.5079,43.8275,10751200
2005-09-28,43.7597,44.0115,43.5079,43.8759,12542500
2005-09-29,44.2053,44.3506,43.6338,43.6822,13998400
2005-09-30,44.089,44.3699,43.8953,44.3699,12060900
2005-10-03,44.0793,44.3796,43.9437,44.3021,11857700
2005-10-04,43.9147,44.5927,43.7985,44.1471,16285300
2005-10-05,43.8469,44.3602,43.7985,43.9631,14911200
2005-10-06,44.0019,44.2537,43.6629,43.9244,12936900
2005-10-07,43.9825,44.3118,43.8275,44.3118,10963900
2005-10-10,43.8082,44.1956,43.75,43.9341,10743700
2005-10-11,43.3917,43.9922,43.2658,43.7307,16714400
2005-10-12,43.198,43.6532,43.043,43.0527,16426900
2005-10-13,43.3142,43.3917,42.8977,42.9074,13963300
2005-10-14,43.6241,43.6338,43.198,43.5854,13140700
2005-10-17,43.4013,44.1471,43.1398,43.9244,14637100
2005-10-18,43.0624,43.5176,43.0624,43.2948,12390600
2005-10-19,43.4789,43.5176,42.6168,43.1302,25423900
2005-10-20,42.9461,43.6532,42.7137,43.3432,16586200
2005-10-21,42.9364,43.1689,42.7815,42.9461,17138500
2005-10-24,43.6338,43.721,43.072,43.1689,14104200
2005-10-25,43.75,43.7985,43.3142,43.75,12704500
2005-10-26,44.215,44.5055,43.6241,43.6338,17590400
2005-10-27,43.9825,44.5055,43.9631,44.1181,13178500
2005-10-28,44.4474,44.5346,43.9922,44.1181,15464000
2005-10-31,44.3506,44.7961,44.3409,44.554,24140900
2005-11-01,43.9728,44.5152,43.8953,44.5055,19931300
2005-11-02,44.1181,44.2053,43.905,43.9728,21133500
2005-11-03,44.4408,44.5387,44.2159,44.48,16073900
2005-11-04,44.5973,44.8712,44.3431,44.6756,13350100
2005-11-07,45.4091,45.4384,44.744,44.7929,22818600
2005-11-08,45.5754,45.6731,45.1773,45.233,16528400
2005-11-09,45.7905,45.9176,45.4776,45.6242,13116300
2005-11-10,46.6805,46.7392,45.7612,45.7905,23519600
2005-11-11,46.9446,47.013,46.5436,46.7196,13254300
2005-11-14,47.1793,47.2575,46.6512,46.9054,13396600
2005-11-15,46.612,47.1304,46.4556,46.9935,14956400
2005-11-16,46.6414,46.8468,46.123,46.8174,15130500
2005-11-17,46.8859,46.9348,46.2893,46.3969,15219600
2005-11-18,47.3456,47.4042,46.9446,46.9446,15899700
2005-11-21,47.4434,47.5118,47.0913,47.2477,15016100
2005-11-22,47.8443,47.9421,46.9739,47.4336,14827600
2005-11-23,48.2551,48.4018,47.6781,47.7172,12946100
2005-11-25,48.4311,48.6659,48.2355,48.2355,8303700
2005-11-28,48.216,48.5094,48.0497,48.4018,15228900
2005-11-29,48.0106,48.304,47.6292,48.2062,15430700
2005-11-30,47.4825,48.1671,47.4629,48.0986,17582200
2005-12-01,47.7759,48.1573,47.5998,47.8835,18498500
2005-12-02,47.6976,47.8541,47.5243,47.6879,12543900
2005-12-05,47.7759,47.9813,47.4042,47.502,14105300
2005-12-06,47.815,48.2747,47.727,47.8737,14300000
2005-12-07,47.6292,47.8248,47.238,47.6879,13724400
2005-12-08,47.4336,47.9128,47.1891,47.5803,10866000
2005-12-09,47.8346,48.1671,47.2673,47.4336,12207200
2005-12-12,47.6096,48.0204,47.3651,47.9226,10227600
2005-12-13,48.3529,48.6072,47.4727,47.4727,20669000
2005-12-14,48.5485,48.5974,47.9618,48.4116,17676100
2005-12-15,48.0204,48.5974,47.9813,48.5289,14597100
2005-12-16,48.2844,48.4214,48.1671,48.2942,27952500
2005-12-19,48.0888,48.5876,47.9324,48.1671,11808300
2005-12-20,48.128,48.4311,47.9813,47.9813,8742300
2005-12-21,48.1866,48.6365,48.0399,48.3725,14752100
2005-12-22,48.1084,48.304,48.0204,48.1671,10296500
2005-12-23,48.1573,48.216,47.8737,48.1573,6253800
2005-12-27,47.5803,48.3529,47.5607,48.3333,10124800
2005-12-28,47.4042,47.8248,47.3651,47.6976,11417600
2005-12-29,47.5118,47.903,47.3064,47.5118,9222800
2005-12-30,47.4629,47.639,47.1597,47.2869,10589500
2006-01-03,48.2062,48.2942,47.0522,47.9226,15376600
2006-01-04,47.3162,47.9715,47.2869,47.7857,18709600
2006-01-05,47.5509,47.7074,47.3358,47.3749,11431600
2006-01-06,47.5509,47.8248,47.1402,47.8052,13702500
2006-01-09,47.326,47.6683,47.238,47.5314,16807400
2006-01-10,47.4727,47.4825,47.0228,47.238,13659600
2006-01-11,47.903,48.4898,47.5118,48.4898,16844300
2006-01-12,47.9519,48.0204,47.8052,48.0204,12300100
2006-01-13,47.8443,48.1084,47.6585,48.0204,9408800
2006-01-17,47.3651,47.6292,47.2086,47.4434,12378300
2006-01-18,47.3162,47.5998,47.0522,47.3651,12189100
2006-01-19,46.8859,47.5118,46.6512,47.4922,16965000
2006-01-20,44.6853,46.3578,44.6267,46.3578,47819300
2006-01-23,44.9885,45.3602,44.6951,44.9885,20254900
2006-01-24,44.9983,45.3406,44.9788,45.2722,20837400
2006-01-25,45.2135,45.3504,44.9983,45.1255,15919400
2006-01-26,45.9763,46.5045,45.4286,45.5265,19885900
2006-01-27,45.8394,46.3284,45.5754,45.9763,14127600
2006-01-30,45.7905,45.9568,45.634,45.8394,10576300
2006-01-31,45.5558,46.0155,45.5265,45.8003,18872800
2006-02-01,45.3113,45.6927,45.0961,45.5656,18449700
2006-02-02,44.6591,45.5685,44.58,45.3708,23254300
2006-02-03,44.5405,45.0841,44.2933,44.5503,16665100
2006-02-06,44.6492,45.0841,44.5701,44.7382,11474200
2006-02-07,44.5306,44.8568,44.4812,44.6788,12077800
2006-02-08,44.837,45.005,44.5503,44.8073,10513700
2006-02-09,45.262,45.5685,44.9062,44.9754,13577400
2006-02-10,45.4301,45.5388,44.7283,45.1731,12720300
2006-02-13,45.1533,45.697,44.8864,45.5289,11583000
2006-02-14,45.5882,45.7167,45.183,45.2522,15180400
2006-02-15,45.7167,45.9342,45.2324,45.5092,17000500
2006-02-16,45.9045,45.9045,45.5092,45.7662,13260000
2006-02-17,45.7068,46.033,45.5981,45.9638,13138500
2006-02-21,45.6376,45.8354,45.44,45.6673,13956400
2006-02-22,46.3395,46.4383,45.7068,45.8452,15155500
2006-02-23,46.2604,46.5767,46.0627,46.3395,12575500
2006-02-24,46.3098,46.5471,46.1912,46.1912,12546000
2006-02-27,46.2406,46.5866,46.1714,46.4581,10114800
2006-02-28,45.8354,46.3988,45.776,46.0429,16567900
2006-03-01,45.9935,46.1121,45.6772,45.8551,10069900
2006-03-02,45.519,45.865,45.351,45.7365,12806700
2006-03-03,45.3905,45.8057,45.2719,45.4696,13986100
2006-03-06,45.5586,45.9441,45.3016,45.3905,12242000
2006-03-07,45.865,45.9045,45.2719,45.3213,15603800
2006-03-08,46.1418,46.2703,45.776,45.8156,11388200
2006-03-09,45.954,46.4383,45.9243,46.1418,13353800
2006-03-10,46.4482,46.6459,46.0429,46.0627,13562800
2006-03-13,46.2999,46.6459,46.0924,46.4482,10442800
2006-03-14,46.636,46.725,46.3493,46.3988,13142500
2006-03-15,46.468,46.6558,46.3395,46.5866,11538800
2006-03-16,46.7744,47.1006,46.5965,46.6261,17532600
2006-03-17,46.8634,46.9721,46.7052,46.9721,20929000
2006-03-20,46.8535,47.1599,46.7546,46.9029,10510100
2006-03-21,46.6755,46.9325,46.5668,46.7546,16068800
2006-03-22,47.1204,47.2489,46.3592,46.3592,13773200
2006-03-23,47.2192,47.4268,46.9226,47.0314,13785000
2006-03-24,47.2588,47.4466,47.0017,47.1994,8696100
2006-03-27,47.0907,47.2686,46.9424,47.0808,12275500
2006-03-28,47.0512,47.4564,46.893,46.9721,17538700
2006-03-29,47.0808,47.3576,46.8535,47.0611,15344100
2006-03-30,46.7349,47.1302,46.725,46.9721,14432600
2006-03-31,46.6854,47.0116,46.6657,46.8041,12939900
2006-04-03,46.8634,47.3082,46.7546,46.8634,11455200
2006-04-04,47.6541,47.8222,46.8634,46.8831,16123900
2006-04-05,47.7036,47.9111,47.5751,47.7431,12763400
2006-04-06,47.2983,47.6146,47.1105,47.5059,11834500
2006-04-07,47.1105,47.7826,46.9128,47.4861,12555800
2006-04-10,47.3774,47.6937,47.15,47.3477,12735100
2006-04-11,46.9227,47.5371,46.8217,47.15,10206600
2006-04-12,47.0512,47.2785,46.9325,46.9523,7870300
2006-04-13,47.496,47.6245,46.8634,46.8634,11978400
2006-04-17,47.7925,48.0001,47.6442,47.8518,16780800
2006-04-18,47.921,48.0396,47.3477,47.8815,18036700
2006-04-19,47.6937,48.1484,47.496,47.921,14454800
2006-04-20,47.7431,48.1582,47.7036,47.7431,18664600
2006-04-21,47.4564,47.9309,47.239,47.9309,15791300
2006-04-24,47.4466,47.5553,47.2489,47.4268,13476800
2006-04-25,46.9128,47.4663,46.8732,47.4466,18490300
2006-04-26,47.1994,47.2785,46.9128,46.9128,12192000
2006-04-27,47.5948,47.8815,46.6064,46.6558,24648000
2006-04-28,49.3741,49.3741,47.8419,47.8419,40372800
2006-05-01,48.8897,49.4828,48.6821,49.4235,20766800
2006-05-02,49.0281,49.295,48.692,49.0775,14936700
2006-05-03,49.2752,49.3642,48.8502,49.206,11800600
2006-05-04,48.8106,49.3049,48.692,49.2752,17212800
2006-05-05,49.7892,49.7892,49.1171,49.206,18948800
2006-05-08,49.5816,50.1352,49.4828,49.8288,13847700
2006-05-09,49.7695,49.977,49.4235,49.6706,12618400
2006-05-10,49.72,49.9869,49.4235,49.5223,15914800
2006-05-11,48.9095,49.9474,48.6228,49.9474,14803000
2006-05-12,48.4251,49.2258,48.3856,48.8798,18618000
2006-05-15,48.9391,49.1467,48.3856,48.4153,13875400
2006-05-16,48.9688,49.1269,48.4943,49.0676,9390000
2006-05-17,48.267,48.6821,47.9606,48.6426,22161100
2006-05-18,48.1681,48.6723,48.1385,48.2571,16451000
2006-05-19,48.2373,48.5141,48.1286,48.3757,21790200
2006-05-22,48.2769,48.5734,47.9606,47.9902,18090300
2006-05-23,47.9704,48.6624,47.9606,48.4153,15977600
2006-05-24,48.0989,48.3164,47.8716,47.9704,20907400
2006-05-25,48.5042,48.5536,48.1879,48.3955,12794300
2006-05-26,48.9985,49.1962,48.6031,48.7217,13477100
2006-05-30,48.4548,49.0281,48.3362,49.0281,12089300
2006-05-31,48.7316,48.9688,48.2077,48.6821,16664500
2006-06-01,49.2555,49.3543,48.7019,48.8106,14464900
2006-06-02,49.5619,49.6508,49.0973,49.4532,14276900
2006-06-05,49.0479,49.8288,48.9787,49.4334,13667600
2006-06-06,49.1863,49.3246,48.6228,49.0973,15872100
2006-06-07,49.3741,49.8288,49.1368,49.2258,16656300
2006-06-08,49.3741,49.6212,48.6031,49.3246,22749100
2006-06-09,49.1962,49.5223,49.1269,49.3741,13033000
2006-06-12,48.7513,49.3741,48.7513,49.3246,13544600
2006-06-13,47.6442,48.8205,47.5256,48.6821,25400100
2006-06-14,47.2489,48.0396,46.9227,47.7036,23418400
2006-06-15,48.1187,48.3757,47.407,47.4466,20258500
2006-06-16,47.8024,48.2868,47.6146,48.1385,18897600
2006-06-19,47.2686,48.2077,47.1204,47.8914,12876700
2006-06-20,47.4564,47.9507,47.1994,47.2686,13557400
2006-06-21,47.8123,48.1879,47.496,47.5454,15960600
2006-06-22,47.6146,48.435,47.496,48.435,10467500
2006-06-23,47.1895,47.6245,47.1006,47.3477,11642900
2006-06-26,47.7431,47.8222,47.0512,47.1895,9811300
2006-06-27,47.2093,48.0001,47.2093,47.7431,12423800
2006-06-28,47.2983,47.4663,46.982,47.2588,9795700
2006-06-29,48.2966,48.7217,47.3477,47.5948,20349200
2006-06-30,47.6937,48.3856,47.6838,48.3856,19917800
2006-07-03,48.4054,48.4845,47.9408,48.0396,6328600
2006-07-05,48.4449,48.6821,48.1088,48.3856,12359000
2006-07-06,48.7019,48.9704,48.5042,48.5042,9426900
2006-07-07,48.5141,49.0182,48.4449,48.7019,8079500
2006-07-10,48.7711,49.0676,48.5339,48.7612,8388700
2006-07-11,49.0281,49.1072,48.2966,48.7711,8168800
2006-07-12,48.267,49.1566,48.1484,48.949,13741500
2006-07-13,47.3181,48.2373,47.2785,48.2373,16333900
2006-07-14,47.0314,47.4564,46.8634,47.2983,15396900
2006-07-17,45.865,46.4087,45.7958,46.3691,32654100
2006-07-18,46.0133,46.3592,45.6871,45.8848,16551000
2006-07-19,46.7052,46.9622,46.2901,46.3098,26213400
2006-07-20,46.5668,46.9029,46.5075,46.7052,15971300
2006-07-21,46.3889,46.9128,46.1022,46.8337,24514200
2006-07-24,46.9128,47.0808,46.4581,46.5569,15498500
2006-07-25,46.9029,47.3477,46.6755,47.15,14749900
2006-07-26,46.982,47.3378,46.5965,46.9029,13906800
2006-07-27,46.7645,47.3774,46.7349,47.3774,10721900
2006-07-28,47.7728,48.267,47.0512,47.0512,21182800
2006-07-31,47.753,47.9902,47.6245,47.7728,17806600
2006-08-01,47.9507,48.01,47.5553,47.753,13886300
2006-08-02,48.1582,48.267,47.7233,48.1385,13321200
2006-08-03,47.9111,48.0396,47.6442,47.6838,12860600
2006-08-04,47.9408,48.4647,47.5158,48.2769,14854700
2006-08-07,47.6739,48.0001,47.5553,47.7826,9187400
2006-08-08,47.753,48.1385,47.6047,47.921,12825600
2006-08-09,47.2785,48.3065,47.1401,48.1286,10843200
2006-08-10,47.4169,47.496,46.8041,47.2785,12031800
2006-08-11,47.0907,47.3675,46.6755,47.3675,7823300
2006-08-14,47.1698,47.6838,46.9227,47.3971,11001600
2006-08-15,47.8518,48.1088,47.6442,47.6541,12560500
2006-08-16,47.9704,48.1484,47.8716,48.0298,11290600
2006-08-17,48.01,48.0298,47.8222,47.9408,10354700
2006-08-18,48.0396,48.0693,47.8617,48.0594,11800500
2006-08-21,47.9309,48.0693,47.8222,47.9902,8200400
2006-08-22,47.8617,48.1582,47.8518,48.0989,13231400
2006-08-23,48.0199,48.0396,47.6739,47.9309,10408200
2006-08-24,48.1582,48.2077,47.9408,48.1187,13359600
2006-08-25,48.0792,48.2373,47.9408,48.1681,7971800
2006-08-28,48.5536,48.781,47.9507,47.9507,12874600
2006-08-29,48.692,48.781,48.2077,48.6327,14994300
2006-08-30,48.949,49.1269,48.6723,48.692,13641900
2006-08-31,48.781,49.1368,48.692,48.949,10119500
2006-09-01,48.8008,49.1368,48.6426,49.1269,7441500
2006-09-05,48.8502,49.1072,48.5536,48.7415,7756400
2006-09-06,48.5635,48.7019,48.3461,48.6426,10413700
2006-09-07,47.9902,49.0775,47.8617,49.0775,14205700
2006-09-08,48.1582,48.2275,47.921,47.9507,9200000
2006-09-11,48.3559,48.5932,48.0495,48.1286,10447100
2006-09-12,48.4251,48.6327,48.1978,48.435,10981700
2006-09-13,48.7316,48.9293,48.3065,48.435,14067500
2006-09-14,48.7217,48.8502,48.4845,48.7415,13324300
2006-09-15,48.6228,49.0083,48.6129,48.9095,17848700
2006-09-18,49.0182,49.1467,48.5438,48.6821,12461500
2006-09-19,49.1269,49.1368,48.7316,49.0182,9184600
2006-09-20,49.3246,49.5718,49.0578,49.2555,16317500
2006-09-21,49.1764,49.5322,48.9293,49.3148,14019000
2006-09-22,48.9293,49.0775,48.7019,49.0775,11141900
2006-09-25,49.5026,49.5915,48.9391,49.1764,16258600
2006-09-26,49.6508,49.7596,49.2752,49.5026,16163600
2006-09-27,49.3938,49.7695,49.2653,49.4729,15890600
2006-09-28,49.3543,49.5915,49.1764,49.4136,12026600
2006-09-29,49.0973,49.4927,49.0083,49.4235,16908800
2006-10-02,48.9194,49.2752,48.7118,49.1072,11678900
2006-10-03,49.5125,49.809,48.9787,49.0182,15084400
2006-10-04,50.4416,50.4713,49.4235,49.4729,20935200
2006-10-05,50.4021,50.5899,50.0759,50.5306,14870300
2006-10-06,50.4614,50.4812,50.0166,50.4021,15023300
2006-10-09,50.491,50.58,50.2637,50.412,9929000
2006-10-10,50.234,50.7382,50.2242,50.6097,23595700
2006-10-11,49.7991,49.9672,49.552,49.7695,19806100
2006-10-12,49.6014,50.0067,49.3741,49.9177,19223600
2006-10-13,49.7991,49.8189,49.1467,49.809,19698700
2006-10-16,49.5718,49.7497,49.295,49.72,13057200
2006-10-17,49.4729,49.7003,49.0578,49.384,13039000
2006-10-18,49.6113,50.1253,49.1269,49.6113,18656100
2006-10-19,49.295,49.3543,48.9391,49.1764,18146500
2006-10-20,49.3345,49.4136,48.9293,49.295,26694200
2006-10-23,50.0364,50.155,49.2159,49.2258,20939400
2006-10-24,49.8881,50.066,49.6607,49.9177,15487400
2006-10-25,50.2835,50.3428,49.8189,49.8189,14169200
2006-10-26,50.2439,50.3625,49.9869,50.2835,19278400
2006-10-27,49.7793,50.1648,49.72,50.066,16712800
2006-10-30,49.5421,49.8584,49.4729,49.6706,12848300
2006-10-31,49.5816,49.8782,49.5322,49.5421,18139000
2006-11-01,49.5125,50.1253,49.3444,49.9672,20808300
2006-11-02,49.1665,49.3049,48.8996,49.2258,17615200
2006-11-03,49.0182,49.4136,48.9095,49.1764,10582100
2006-11-06,49.641,49.7102,48.8699,49.0281,15291000
2006-11-07,49.898,50.1648,49.6113,49.6706,13627500
2006-11-08,49.9869,50.1352,49.6904,49.8189,10750800
2006-11-09,50.0265,50.0364,49.7299,49.9869,10241000
2006-11-10,50.0462,50.3131,49.8189,50.1648,11650900
2006-11-13,50.1055,50.3625,49.9177,49.9177,8094700
2006-11-14,50.1648,50.2637,49.463,50.2637,18073200
2006-11-15,49.8881,50.1154,49.6212,49.9672,15143900
2006-11-16,50.0759,50.1648,49.8386,49.9177,12951700
2006-11-17,50.2143,50.2934,49.898,50.0561,30111200
2006-11-20,50.1451,50.3032,49.8683,50.1648,13427300
2006-11-21,50.0265,50.2637,49.8698,50.2538,10110600
2006-11-22,50.1846,50.3625,49.9968,50.1154,11686800
2006-11-24,49.7299,50.0858,49.7299,49.9177,10137600
2006-11-27,49.3148,49.9573,49.0973,49.72,21751500
2006-11-28,48.9886,49.2752,48.8601,49.0775,14558400
2006-11-29,49.2851,49.3938,48.9095,49.1764,13262900
2006-11-30,49.0182,49.3148,48.8798,49.1566,17061500
2006-12-01,48.8106,49.0578,48.267,49.0182,17741600
2006-12-04,49.4235,49.6014,48.8008,49.0775,20780300
2006-12-05,49.9276,49.9869,49.1863,49.3148,15779400
2006-12-06,50.1945,50.2242,49.7991,49.9177,12317800
2006-12-07,50.1253,50.1846,49.8386,50.0858,19845900
2006-12-08,51.2522,52.0924,49.7695,49.898,54461000
2006-12-11,52.2703,52.2703,51.2522,51.2522,26764800
2006-12-12,51.6475,51.7662,51.1533,51.5882,26099800
2006-12-13,51.7168,52.0429,51.5191,52.0232,14081700
2006-12-14,52.4976,52.5866,51.697,51.7958,20961700
2006-12-15,53.4466,53.4565,52.5866,52.7349,32139900
2006-12-18,54.8008,54.9688,53.6245,53.753,45485600
2006-12-19,54.5932,54.5932,53.9112,54.4944,26405800
2006-12-20,54.524,54.6525,54.1484,54.4845,20341900
2006-12-21,54.1286,54.8008,54.0199,54.5339,16263300
2006-12-22,53.921,54.4647,53.8321,54.3164,9647700
2006-12-26,54.4845,54.5536,53.8914,54.0495,8806500
2006-12-27,55.7596,56.0166,54.4845,54.4845,22350900
2006-12-28,55.2357,56.3428,54.9095,55.9474,15304700
2006-12-29,55.0578,55.4433,54.9095,55.206,11038000
2007-01-03,54.613,55.6311,54.0891,55.0182,22821100
2007-01-04,54.4252,55.5026,54.0891,54.613,16586800
2007-01-05,54.1385,54.4153,53.8321,54.3658,13178800
2007-01-08,54.4153,54.5141,53.6739,53.9705,12495200
2007-01-09,53.9408,54.5141,53.5652,54.3757,19658100
2007-01-10,53.5059,53.8617,53.3279,53.6443,17448900
2007-01-11,53.5454,53.7629,53.1797,53.6443,14510500
2007-01-12,53.753,53.921,53.3774,53.3971,18429600
2007-01-16,54.1385,54.178,53.7135,54.0001,12552000
2007-01-17,53.7629,54.4449,53.6541,54.3658,14045200
2007-01-18,53.7629,54.0792,53.4466,53.8716,17615300
2007-01-19,53.8716,53.8815,52.8831,53.3774,23955800
2007-01-22,54.0495,54.8897,54.0298,54.5339,28082900
2007-01-23,53.8617,54.1682,53.6739,54.0199,16265700
2007-01-24,54.1682,54.2077,53.6443,53.8716,15863600
2007-01-25,53.3082,54.2472,53.2192,54.0693,19026800
2007-01-26,54.0396,54.0396,52.9029,53.3082,21100900
2007-01-29,53.4367,53.9705,53.3279,53.8222,22206800
2007-01-30,53.6443,53.6937,53.1797,53.2785,16921400
2007-01-31,54.4944,54.6525,53.3971,53.407,18156124
2007-02-01,54.099,54.524,53.6739,54.4944,18755050
2007-02-02,54.0298,54.3065,53.6937,54.099,12585600
2007-02-05,54.1187,54.5536,53.7826,53.921,16588100
2007-02-06,54.3164,54.8601,54.0891,54.1187,15536200
2007-02-07,54.3164,54.5536,54.1944,54.3065,11996000
2007-02-08,53.8123,54.1484,53.5257,54.0891,13995000
2007-02-09,52.7843,53.8617,52.6756,53.7728,19229700
2007-02-12,52.8139,53.2884,52.5866,52.8733,15309243
2007-02-13,53.0907,53.2291,52.8831,52.9128,13052531
2007-02-14,53.5553,53.8123,53.1204,53.239,14163536
2007-02-15,53.5849,53.8914,53.4169,53.5751,13708600
2007-02-16,53.4762,53.5257,53.1599,53.4565,17256100
2007-02-20,53.5652,54.0199,53.4663,53.5454,16105700
2007-02-21,53.1303,53.5257,52.9721,53.3873,14916000
2007-02-22,52.9721,53.4663,52.8041,53.3279,19093000
2007-02-23,53.15,53.407,52.5372,53.0512,17737400
2007-02-26,52.0726,53.5652,51.5784,53.2785,35597580
2007-02-27,50.0166,52.1616,49.4729,51.5191,31798500
2007-02-28,49.7892,50.4317,48.9886,50.412,46741900
2007-03-01,50.491,50.8568,49.0281,49.1764,36723848
2007-03-02,49.3938,50.6195,49.2752,50.3329,26173300
2007-03-05,48.6821,49.9672,48.6129,49.0281,24925800
2007-03-06,49.9968,50.2538,48.9787,49.2752,26871300
2007-03-07,49.641,50.5108,49.5915,50.0166,20805800
2007-03-08,49.9177,50.6492,49.7299,50.0364,17830900
2007-03-09,49.7497,50.3625,49.4235,50.323,15701200
2007-03-12,49.7793,50.066,49.5223,49.5322,10988600
2007-03-13,48.1879,49.5125,48.1879,49.4334,29286300
2007-03-14,48.5141,48.7513,47.496,48.2373,30438552
2007-03-15,49.552,49.5915,48.4943,48.5339,29294600
2007-03-16,48.9589,49.7991,48.6228,49.4334,30815616
2007-03-19,49.4828,49.5223,49.1269,49.2357,16813616
2007-03-20,50.0561,50.3527,49.3444,49.4828,16445081
2007-03-21,51.4301,51.8947,49.8584,49.9078,29271386
2007-03-22,51.2423,51.5981,51.094,51.3016,21733380
2007-03-23,51.1237,51.4597,50.837,51.2027,15143389
2007-03-26,50.9457,51.4103,50.4713,51.4004,20869284
2007-03-27,50.4713,51.0545,50.412,50.6195,17111600
2007-03-28,50.3724,51.0545,50.2242,50.5899,23236100
2007-03-29,50.8074,50.9952,50.4416,50.7085,17816044
2007-03-30,50.748,51.3411,50.3329,50.9062,19913080
2007-04-02,50.4614,50.9062,49.8288,50.7184,18813250
2007-04-03,50.8172,51.0644,50.5701,50.58,21449710
2007-04-04,50.7678,50.926,50.5504,50.8963,15331751
2007-04-05,50.9754,51.1632,50.4614,50.6195,10339537
2007-04-09,50.9853,51.2225,50.7678,51.2027,11533259
2007-04-10,51.7958,51.9045,50.7579,51.0051,21535838
2007-04-11,51.2027,51.8749,50.748,51.8057,25170022
2007-04-12,51.0545,51.2126,50.7283,51.2027,22710330
2007-04-13,51.0051,51.2027,50.7579,51.2027,16901442
2007-04-16,52.3197,52.9721,51.6475,51.6574,32773124
2007-04-17,51.9243,52.4383,51.7563,52.3889,22536814
2007-04-18,52.379,52.6855,52.0429,52.1121,26188584
2007-04-19,52.4779,52.8535,52.0429,52.1022,22503210
2007-04-20,52.8041,53.1303,52.2999,53.1204,26592132
2007-04-23,52.4976,53.0215,52.2901,52.7151,15148279
2007-04-24,52.2011,52.6855,51.7662,52.636,18967374
2007-04-25,53.1797,53.3181,52.1714,52.379,26753324
2007-04-26,52.9425,53.2291,52.6558,53.1698,24742052
2007-04-27,52.7546,52.9326,52.5372,52.8337,13158903
2007-04-30,53.0018,54.0792,52.8634,53.0215,30498320
2007-05-01,53.5751,53.6937,53.1204,53.1797,20989126
2007-05-02,53.6739,53.8222,53.4466,53.8222,19414092
2007-05-03,53.3279,53.4762,52.9326,53.3279,16266712
2007-05-04,53.4663,53.9319,53.3279,53.4762,17704246
2007-05-07,53.2588,53.7728,53.1006,53.3477,16029707
2007-05-08,53.1006,53.3774,52.8634,53.1303,15394637
2007-05-09,53.496,53.5257,52.8139,53.0116,20771386
2007-05-10,52.5866,53.4268,52.5668,53.15,21082420
2007-05-11,52.4976,53.1401,52.2901,52.5965,76732792
2007-05-14,52.2505,52.6855,51.9738,52.5668,23984826
2007-05-15,52.1813,52.6261,52.1319,52.4186,26143728
2007-05-16,54.2769,54.4054,52.8831,53.1797,64535416
2007-05-17,54.1682,54.5536,53.3279,54.2571,22369160
2007-05-18,54.3658,54.9095,54.1088,54.3658,21021988
2007-05-21,54.2077,54.5635,54.1088,54.5438,23317184
2007-05-22,54.4449,54.692,53.8914,54.2472,21781358
2007-05-23,54.3757,54.8897,54.2176,54.4845,19121832
2007-05-24,54.2966,54.8798,54.1088,54.6031,22431112
2007-05-25,54.4845,54.524,53.8518,54.3263,13538597
2007-05-29,54.2769,54.781,53.9902,54.781,16000912
2007-05-30,54.5635,54.6031,53.921,54.1385,14200299
2007-05-31,53.8617,54.5635,53.6838,54.4746,19563852
2007-06-01,53.8815,54.1187,53.6541,54.0396,17364236
2007-06-04,53.5257,53.8123,53.3279,53.8123,15835790
2007-06-05,53.2785,53.5158,53.0512,53.4762,14436588
2007-06-06,52.7151,53.2785,52.4878,52.9919,19406808
2007-06-07,51.9144,53.1303,51.865,52.636,22537244
2007-06-08,52.7151,52.7546,51.697,51.9144,22848514
2007-06-11,52.8535,53.15,52.2011,52.5866,14581594
2007-06-12,51.9935,53.1204,51.9935,52.6855,20563496
2007-06-13,53.0611,53.1105,52.1418,52.2011,23184800
2007-06-14,53.0512,53.5948,52.9523,52.9919,17183892
2007-06-15,53.3576,53.6937,53.1006,53.3971,26970490
2007-06-18,53.3378,53.8617,53.3279,53.7036,12055567
2007-06-19,53.6344,53.7629,53.3279,53.3378,18256888
2007-06-20,52.8238,53.8024,52.7942,53.664,19479054
2007-06-21,53.0413,53.0512,52.1022,52.8139,17503172
2007-06-22,51.8057,52.982,51.697,52.7448,33643112
2007-06-25,51.094,52.2901,50.9457,52.0528,25611472
2007-06-26,50.5602,51.608,50.5306,51.3312,28963314
2007-06-27,51.2126,51.3016,49.898,50.3724,30665158
2007-06-28,51.2126,51.7662,50.6393,51.4202,23682356
2007-06-29,50.6986,51.6475,50.1747,51.4993,26579340
2007-07-02,51.0446,51.1533,50.4218,50.7085,18060636
2007-07-03,51.2621,51.6278,50.9853,51.3214,10052028
2007-07-05,50.9062,51.4004,50.7777,51.2621,13538399
2007-07-06,51.1039,51.2027,50.8172,51.1731,12535980
2007-07-09,51.0051,51.2621,50.9062,50.9358,17896480
2007-07-10,50.412,50.7678,50.1846,50.6788,33728692
2007-07-11,50.8172,50.926,50.2143,50.3823,25188930
2007-07-12,52.2308,52.2999,50.8172,50.9556,30787490
2007-07-13,51.9144,52.2703,51.6772,51.9441,20354060
2007-07-16,51.5882,52.3592,51.4795,52.0627,18966602
2007-07-17,51.8551,52.3197,51.5289,51.697,23323774
2007-07-18,51.0051,51.7958,50.1055,51.3312,36452972
2007-07-19,50.5405,51.5289,50.2439,51.0051,28984138
2007-07-20,50.1451,51.5784,49.5718,50.8469,47630120
2007-07-23,50.2736,50.7184,50.155,50.323,23699030
2007-07-24,48.7415,49.898,48.3955,49.7596,45976412
2007-07-25,48.6447,49.4729,47.921,49.1171,44481152
2007-07-26,47.2588,48.1187,45.9638,47.9309,77334272
2007-07-27,46.4284,47.6344,46.1714,47.1599,55904708
2007-07-30,46.6459,47.1006,46.1615,46.7744,40248640
2007-07-31,46.033,47.7036,45.9638,47.0215,46790996
2007-08-01,46.3098,46.5965,45.1039,45.865,60734512
2007-08-02,47.24,47.28,46.49,46.75,41282956
2007-08-03,45.72,47.59,45.69,47.16,48124724
2007-08-06,48.35,48.5,45.02,45.9,62822984
2007-08-07,48.59,49.4,47.42,47.93,57001464
2007-08-08,49.49,49.88,48.17,48.76,53972156
2007-08-09,46.9,48.71,46.9,47.81,66597200
2007-08-10,47.0,47.5,45.75,45.79,51585120
2007-08-13,46.54,47.91,46.44,47.74,34500300
2007-08-14,45.66,46.83,45.52,46.65,38826804
2007-08-15,45.61,46.5,45.2,45.58,46063204
2007-08-16,47.55,48.33,44.66,45.07,102343104
2007-08-17,48.81,49.9,47.39,49.9,84971984
2007-08-20,48.39,49.18,47.7,49.0,38619208
2007-08-21,48.06,48.83,47.8,48.15,33663384
2007-08-22,48.43,48.77,47.5,48.5,40891168
2007-08-23,48.36,49.0,47.95,48.8,25798600
2007-08-24,48.5,48.62,47.86,48.36,23562500
2007-08-27,47.79,48.38,47.7,48.33,20315358
2007-08-28,46.14,47.26,46.1,47.25,38998708
2007-08-29,46.95,47.0,45.85,46.4,29453978
2007-08-30,46.23,46.74,46.0,46.65,30068400
2007-08-31,46.88,47.17,46.41,47.08,27211550
2007-09-04,47.21,47.565,46.5,46.96,26292772
2007-09-05,46.0,46.68,45.87,46.68,35250416
2007-09-06,45.66,46.39,45.53,46.16,27041950
2007-09-07,45.48,46.05,45.07,45.22,40566900
2007-09-10,45.3,45.83,44.83,45.7,31747600
2007-09-11,46.01,46.34,45.45,45.54,31693500
2007-09-12,45.76,46.2,45.5,45.89,28875302
2007-09-13,46.36,46.57,45.91,45.99,28835278
2007-09-14,46.64,46.69,45.92,45.95,28649852
2007-09-17,46.03,46.52,45.65,46.5,23458702
2007-09-18,48.37,48.52,46.05,46.48,49327792
2007-09-19,48.27,49.0,47.73,48.67,41794588
2007-09-20,47.2,48.47,47.02,48.36,33582836
2007-09-21,47.51,47.7,46.93,47.58,38109696
2007-09-24,46.59,47.55,46.41,47.5,37986908
2007-09-25,46.31,46.56,45.96,46.33,32231408
2007-09-26,46.55,47.02,46.01,46.36,34722480
2007-09-27,46.88,46.89,46.42,46.84,27135206
2007-09-28,46.67,47.18,46.5,46.86,20982924
2007-10-01,47.72,48.23,45.86,45.89,56765152
2007-10-02,47.86,48.0,47.28,47.83,33022008
2007-10-03,47.89,48.25,47.65,47.75,34089948
2007-10-04,47.63,48.45,47.4,48.04,35658580
2007-10-05,48.3,48.77,47.81,47.85,37029252
2007-10-08,47.8,48.28,47.58,48.27,18548258
2007-10-09,47.67,47.95,46.8,47.95,39795876
2007-10-10,47.14,47.38,46.77,47.3,29144352
2007-10-11,48.32,48.95,47.13,47.31,64857300
2007-10-12,47.87,48.83,47.34,47.84,43769804
2007-10-15,46.24,48.45,45.69,47.07,77190776
2007-10-16,44.79,46.24,44.68,45.9,64290200
2007-10-17,44.66,45.3,43.85,45.13,114548336
2007-10-18,43.83,44.42,43.75,44.09,57300600
2007-10-19,42.36,44.05,42.29,43.7,69948168
2007-10-22,42.61,43.24,42.07,42.1,58837800
2007-10-23,42.44,42.95,42.13,42.9,43647804
2007-10-24,41.82,42.81,41.15,42.21,71034568
2007-10-25,41.23,42.27,40.44,41.75,60901964
2007-10-26,42.63,42.78,41.51,42.28,54764520
2007-10-29,42.69,43.11,42.5,42.84,34186872
2007-10-30,42.11,42.82,41.81,42.5,38935644
2007-10-31,41.9,42.47,41.4,42.25,73445856
2007-11-01,38.51,40.9,38.13,38.62,171457968
2007-11-02,37.73,38.9,36.52,38.73,138434320
2007-11-05,35.9,36.99,35.0,36.0,230166272
2007-11-06,35.08,36.34,34.52,36.04,151686304
2007-11-07,33.41,35.36,33.38,34.6,120715264
2007-11-08,32.9,34.0,31.05,33.75,194233072
2007-11-09,33.1,34.47,31.6,32.1,153931344
2007-11-12,33.57,35.06,33.3,33.59,110598008
2007-11-13,35.9,36.0,34.21,34.57,105701360
2007-11-14,36.04,37.5,35.94,37.41,116442208
2007-11-15,34.58,35.8,34.21,35.75,82684256
2007-11-16,34.0,34.88,33.45,34.8,79689432
2007-11-19,32.0,33.17,31.9,32.85,98110632
2007-11-20,31.4,32.75,30.8,31.9,127573520
2007-11-21,30.73,31.55,30.5,30.93,92046840
2007-11-23,31.7,31.7,31.01,31.3,38480540
