Price,Close,High,Low,Open,Volume
Ticker,CAT,CAT,CAT,CAT,CAT
Date,,,,,
1999-11-24,10.6953,10.8605,10.5989,10.7916,4132800
1999-11-26,10.5989,10.6403,10.4888,10.6126,1775200
1999-11-29,10.1722,10.5163,10.1722,10.4613,3953000
1999-11-30,10.2135,10.6126,10.0483,10.0483,4766200
1999-12-01,10.3374,10.4613,10.1722,10.1722,2687200
1999-12-02,10.4613,10.709,10.4613,10.5439,3839600
1999-12-03,10.5989,10.8329,10.4475,10.5714,4582800
1999-12-06,10.5163,10.709,10.475,10.6265,2517400
1999-12-07,10.0621,10.5439,10.0345,10.5439,4028800
1999-12-08,9.9382,10.0621,9.8418,9.952,6091400
1999-12-09,10.0896,10.241,10.007,10.0483,3743800
1999-12-10,10.2823,10.3649,10.1309,10.1309,4631800
1999-12-13,10.1309,10.3374,10.0758,10.2548,3099800
1999-12-14,10.1584,10.5025,10.0208,10.0208,4296200
1999-12-15,10.0896,10.4062,10.0896,10.1309,3360000
1999-12-16,10.3099,10.4613,10.1309,10.1309,2940400
1999-12-17,9.8969,10.4475,9.8969,10.4338,5319400
1999-12-20,9.9795,10.0758,9.8969,9.9107,2824400
1999-12-21,9.773,9.9107,9.5115,9.7868,3272600
1999-12-22,9.5528,9.8694,9.5528,9.7042,2524200
1999-12-23,9.8694,10.007,9.7042,9.7317,2132800
1999-12-27,10.1998,10.3374,9.9657,10.0208,3476200
1999-12-28,10.2961,10.5851,10.2135,10.2823,3054000
1999-12-29,10.241,10.5851,10.186,10.5025,3090400
1999-12-30,10.1309,10.475,10.1034,10.2961,2703800
1999-12-31,10.3649,10.4475,10.0621,10.0758,1525600
2000-01-03,10.709,10.7916,10.5025,10.7641,5047400
2000-01-04,10.5714,10.9568,10.5714,10.5989,6181400
2000-01-05,10.8192,11.0532,10.5714,10.5851,6256600
2000-01-06,11.3698,11.5074,11.1358,11.2321,5132400
2000-01-07,11.7276,12.1406,11.6175,11.6451,5557800
2000-01-10,11.3698,12.0167,11.3698,11.9066,3646200
2000-01-11,11.177,11.7139,11.177,11.3698,3819800
2000-01-12,11.3698,11.5212,11.2597,11.3422,3304000
2000-01-13,11.4937,11.7552,11.4661,11.7139,2998400
2000-01-14,11.4386,11.6451,11.4249,11.4661,2918200
2000-01-18,11.4527,11.8684,11.4383,11.8254,4006200
2000-01-19,11.3094,11.6247,11.3094,11.4527,3245600
2000-01-20,10.8076,11.4527,10.7933,11.3667,4222200
2000-01-21,10.521,10.994,10.4636,10.822,4906000
2000-01-24,10.3919,10.8363,10.3346,10.779,5361200
2000-01-25,10.0049,10.3203,9.7612,10.2773,6022200
2000-01-26,10.3633,10.478,9.9476,9.9476,4124600
2000-01-27,10.22,10.4493,10.091,10.306,3340800
2000-01-28,9.9763,10.3633,9.9763,10.1196,4750800
2000-01-31,9.7326,10.0766,9.7326,9.8903,3677000
2000-02-01,9.9046,10.1053,9.8043,9.8043,2928600
2000-02-02,9.9619,10.263,9.9333,10.2056,2932600
2000-02-03,9.7039,9.9189,9.6609,9.9046,4283600
2000-02-04,9.7039,9.7756,9.4602,9.7469,4098400
2000-02-07,9.4602,9.5893,9.3456,9.5463,4085400
2000-02-08,9.2309,9.5176,9.1735,9.5176,5470600
2000-02-09,8.9729,9.4459,8.9729,9.1735,5833800
2000-02-10,8.7292,9.0732,8.6289,8.9585,5763600
2000-02-11,8.1988,8.6862,7.9982,8.5429,11769200
2000-02-14,8.8726,8.9299,8.3135,8.4855,6767600
2000-02-15,9.1735,9.3456,8.8582,8.9156,5962800
2000-02-16,9.0446,9.3169,8.9156,9.1162,3431600
2000-02-17,8.7722,8.9729,8.6432,8.9729,3767600
2000-02-18,8.6432,8.8009,8.5716,8.7722,2932000
2000-02-22,8.7865,8.9156,8.6002,8.7005,3993200
2000-02-23,8.6719,8.8726,8.5285,8.8009,4828400
2000-02-24,8.3135,8.6862,8.3135,8.6719,4378200
2000-02-25,8.2562,8.6002,8.2275,8.3279,4051800
2000-02-28,8.1702,8.3995,8.1129,8.2562,3290800
2000-02-29,8.0412,8.3566,8.0268,8.0412,4782200
2000-03-01,7.9982,8.2132,7.9982,8.0555,4669600
2000-03-02,7.8692,8.0268,7.8405,7.9839,3937600
2000-03-03,8.2848,8.5572,7.9122,7.9122,4792200
2000-03-06,8.4138,8.7149,8.3566,8.5285,5139400
2000-03-07,7.7545,8.3708,7.6828,8.3708,8704000
2000-03-08,8.0125,8.3566,7.9408,8.0985,5713800
2000-03-09,8.0268,8.1129,7.8548,8.0125,4441600
2000-03-10,8.1845,8.4282,7.9839,8.0268,5159200
2000-03-13,8.1702,8.2848,8.0268,8.0268,3304800
2000-03-14,8.2132,8.5285,8.1988,8.4282,6162800
2000-03-15,8.7865,8.9585,8.1702,8.3135,6776400
2000-03-16,9.2882,9.5463,9.2596,9.4172,7692600
2000-03-17,9.0589,9.2453,9.0446,9.2022,4737000
2000-03-20,8.8295,9.3026,8.8152,9.0446,4351600
2000-03-21,9.1306,9.1879,8.8152,8.8439,3065800
2000-03-22,8.9012,9.0876,8.8869,9.0302,2486800
2000-03-23,9.0732,9.2165,9.0016,9.0589,3559200
2000-03-24,9.0589,9.1735,9.0016,9.0159,2277400
2000-03-27,8.9585,9.3169,8.9442,8.9442,2226200
2000-03-28,8.7865,9.3169,8.7865,8.9442,2613200
2000-03-29,8.9729,9.0732,8.6432,8.7722,3224000
2000-03-30,9.2739,9.4746,8.9156,9.0016,4877400
2000-03-31,9.0446,9.4459,9.0159,9.3169,4818800
2000-04-03,9.6323,9.6896,9.0446,9.1592,4641800
2000-04-04,9.9619,10.1196,9.3743,9.6466,7259000
2000-04-05,9.7326,10.0623,9.6896,9.9333,3513800
2000-04-06,9.6896,10.0049,9.6896,9.7469,2076400
2000-04-07,9.4889,9.7326,9.4602,9.6036,2911400
2000-04-10,9.5033,9.6609,9.4316,9.4602,1890600
2000-04-11,9.6609,9.9189,9.5463,9.6323,3376400
2000-04-12,9.9619,10.263,9.8043,9.8329,4224200
2000-04-13,9.6323,10.2916,9.5893,10.0766,4334200
2000-04-14,9.3026,9.6323,9.2165,9.5319,4286400
2000-04-17,9.3886,9.7326,9.2309,9.3169,3754200
2000-04-18,9.2882,9.9763,9.0302,9.8329,9753600
2000-04-19,9.0388,9.4161,8.9332,9.2199,8527800
2000-04-20,9.1746,9.2501,9.0539,9.069,4914600
2000-04-24,9.401,9.4463,9.2199,9.2199,3308000
2000-04-25,9.6726,9.7782,9.4161,9.4161,4366800
2000-04-26,9.6575,9.8235,9.5368,9.6877,4542800
2000-04-27,9.6877,9.7631,9.401,9.4161,2884600
2000-04-28,9.5217,9.8989,9.4764,9.8989,3671600
2000-05-01,9.3708,9.582,9.3708,9.5217,2609800
2000-05-02,9.567,9.6424,9.1897,9.4161,2837800
2000-05-03,9.3859,9.5066,9.2954,9.4463,2439600
2000-05-04,9.1595,9.401,9.1444,9.401,2377000
2000-05-05,9.4312,9.5066,9.1444,9.1595,2542600
2000-05-08,9.401,9.5972,9.3104,9.3104,2078600
2000-05-09,9.1746,9.6575,9.1595,9.6575,2973800
2000-05-10,9.2652,9.2802,9.069,9.2048,2391400
2000-05-11,9.3708,9.5519,9.0992,9.3255,2597600
2000-05-12,9.5066,9.6273,9.3255,9.3406,1927800
2000-05-15,9.7933,9.8386,9.5519,9.582,3526000
2000-05-16,9.7179,10.08,9.7028,9.914,4066000
2000-05-17,9.6575,9.8235,9.6273,9.7782,1502800
2000-05-18,9.3708,9.6575,9.2954,9.6424,3553200
2000-05-19,9.6726,9.7631,9.2954,9.3859,3922200
2000-05-22,9.7028,9.8235,9.567,9.6877,2441400
2000-05-23,9.5368,9.8235,9.4161,9.7631,2002200
2000-05-24,9.582,9.7782,9.3557,9.3557,2075000
2000-05-25,9.1897,9.6273,9.1293,9.5217,2737600
2000-05-26,9.2048,9.3708,9.1444,9.2954,1900600
2000-05-30,9.2501,9.3708,9.2048,9.2802,1348400
2000-05-31,9.235,9.2802,9.1444,9.1444,2686400
2000-06-01,9.5972,9.6575,9.3708,9.3859,2835400
2000-06-02,9.914,10.2611,9.7179,9.9895,4234200
2000-06-05,9.6575,9.8688,9.3104,9.7179,3622200
2000-06-06,9.4312,9.5519,9.2199,9.5368,3697400
2000-06-07,9.3708,9.3708,9.2048,9.3557,2796600
2000-06-08,9.2048,9.2802,9.0992,9.2802,2378800
2000-06-09,9.1746,9.3104,9.1143,9.2501,1819000
2000-06-12,9.3255,9.4312,9.0992,9.1143,2635600
2000-06-13,9.0539,9.3104,8.9332,9.3104,3153400
2000-06-14,9.0841,9.235,8.9634,8.9935,3292600
2000-06-15,8.9332,9.1746,8.8879,9.0237,2704200
2000-06-16,8.6766,8.9634,8.6615,8.9181,5500200
2000-06-19,8.4805,8.8125,8.4805,8.7672,3703200
2000-06-20,8.4654,8.6163,8.4503,8.4805,3185400
2000-06-21,8.4805,8.571,8.4352,8.4654,2541000
2000-06-22,8.3748,8.5408,8.2843,8.4654,3420200
2000-06-23,8.3899,8.4805,8.3145,8.3597,1787200
2000-06-26,8.405,8.6163,8.3748,8.3899,1955000
2000-06-27,8.6163,8.8125,8.3748,8.3748,2754800
2000-06-28,8.7219,8.8728,8.6917,8.8125,2523400
2000-06-29,8.4503,8.571,8.3899,8.571,2415400
2000-06-30,8.1787,8.5258,8.1636,8.3899,4576600
2000-07-03,8.6917,8.7068,8.2541,8.2692,1702400
2000-07-05,8.4956,8.5559,8.2843,8.4201,3324600
2000-07-06,8.405,8.6011,8.405,8.6011,2179200
2000-07-07,8.2088,8.4352,8.2088,8.4201,3444200
2000-07-10,8.2692,8.5408,8.2541,8.2541,3004000
2000-07-11,8.7219,8.8577,8.3296,8.3296,5024000
2000-07-12,8.7521,8.9332,8.6314,8.9181,3186200
2000-07-13,8.6766,8.8426,8.6615,8.8125,3438000
2000-07-14,8.571,8.8426,8.4805,8.8125,2886400
2000-07-17,8.6314,8.737,8.4503,8.571,2564200
2000-07-18,9.6786,9.8068,9.4542,9.5183,8446200
2000-07-19,9.7267,9.8869,9.6626,9.8869,6346200
2000-07-20,9.5023,9.8548,9.3581,9.7907,4858600
2000-07-21,9.3581,9.5344,9.326,9.4863,3777600
2000-07-24,9.3101,9.3581,9.2619,9.326,1660200
2000-07-25,9.1978,9.3902,9.1978,9.294,2343000
2000-07-26,8.9094,9.1658,8.9094,9.1178,3356600
2000-07-27,8.9415,9.0697,8.8774,8.9575,2642200
2000-07-28,8.9895,8.9895,8.7011,8.8133,3316600
2000-07-31,8.7332,9.0216,8.7332,8.8613,3128800
2000-08-01,8.7972,8.8293,8.7492,8.7972,4007600
2000-08-02,8.9735,9.0216,8.8133,8.8453,3722000
2000-08-03,8.9895,9.1658,8.7812,8.7812,3352200
2000-08-04,8.9415,8.9895,8.8133,8.9735,2017400
2000-08-07,9.4062,9.4703,8.8613,8.9735,4035600
2000-08-08,9.8388,9.951,9.4382,9.4703,6948400
2000-08-09,9.6466,9.8228,9.6305,9.8228,4305400
2000-08-10,9.6145,9.7747,9.5825,9.7747,1956800
2000-08-11,9.951,9.9991,9.5504,9.5504,2780800
2000-08-14,10.0151,10.0151,9.8228,9.9831,4092600
2000-08-15,9.9189,10.1273,9.8068,10.0792,2485800
2000-08-16,9.9189,10.0792,9.8548,9.951,2872600
2000-08-17,9.8068,9.951,9.7907,9.9189,1760600
2000-08-18,9.7907,9.8869,9.6626,9.8388,1970800
2000-08-21,9.6626,9.8228,9.5825,9.8068,1527600
2000-08-22,9.6946,9.7427,9.5825,9.7107,1903600
2000-08-23,9.5504,9.7107,9.5023,9.7107,1962200
2000-08-24,9.6145,9.6626,9.4863,9.5023,2351000
2000-08-25,9.6466,9.6946,9.5504,9.6305,1400200
2000-08-28,9.5344,9.6786,9.3902,9.6626,2669000
2000-08-29,9.9029,10.0311,9.6786,9.7747,4092000
2000-08-30,9.6305,9.8548,9.4062,9.6946,3988200
2000-08-31,9.4222,9.7107,9.3581,9.4863,4763400
2000-09-01,9.5664,9.6145,9.294,9.4382,2540200
2000-09-05,9.7587,9.951,9.5023,9.5825,2869600
2000-09-06,9.9189,10.0632,9.7587,9.7587,2900600
2000-09-07,9.7587,10.0151,9.7587,9.9991,4777800
2000-09-08,9.6946,9.8068,9.6145,9.7587,3016000
2000-09-11,9.8228,10.0792,9.6786,9.6946,2521400
2000-09-12,9.7427,9.951,9.6786,9.7747,3099600
2000-09-13,9.9189,10.0632,9.8068,9.8548,2132000
2000-09-14,9.9991,10.1593,9.951,10.0471,4187600
2000-09-15,9.5344,9.8548,9.5344,9.6786,5926600
2000-09-18,9.2459,9.5664,9.0857,9.5504,5579000
2000-09-19,9.1017,9.278,8.8774,9.0697,5196800
2000-09-20,9.0376,9.1498,8.9575,9.0697,3511600
2000-09-21,8.9255,9.1498,8.9094,9.0857,2412400
2000-09-22,9.0055,9.1498,8.8613,8.9094,2595000
2000-09-25,9.1017,9.2299,8.9895,9.0697,2056400
2000-09-26,8.9735,9.0697,8.8453,8.9735,2784800
2000-09-27,8.4287,8.9094,8.3326,8.8613,7448000
2000-09-28,8.7171,8.9094,8.3646,8.3646,4866000
2000-09-29,8.6691,8.9094,8.653,8.7812,3539800
2000-10-02,8.7652,8.7812,7.9479,7.9479,6509000
2000-10-03,8.9895,9.2299,8.7652,8.7652,4416200
2000-10-04,9.0055,9.2139,8.9255,9.0055,3533400
2000-10-05,8.9735,9.1337,8.9415,9.0055,2774200
2000-10-06,8.8453,9.1498,8.8453,8.9895,2546400
2000-10-09,8.8613,8.9735,8.8133,8.8453,1319200
2000-10-10,8.5569,8.8293,8.5409,8.7492,2649400
2000-10-11,8.5248,8.7171,8.3486,8.5248,3734200
2000-10-12,8.1242,8.5248,7.996,8.5088,4675600
2000-10-13,8.1242,8.1562,7.9159,7.964,3513600
2000-10-16,8.1403,8.2364,8.028,8.0922,3410000
2000-10-17,7.8197,8.2204,7.7877,8.1883,3267200
2000-10-18,8.1916,8.2775,8.1229,8.2775,5565800
2000-10-19,8.3805,8.4664,8.2603,8.2946,3145200
2000-10-20,8.432,8.5694,8.3461,8.3461,2370200
2000-10-23,8.6381,8.7583,8.432,8.4835,2722600
2000-10-24,8.7583,8.8614,8.6724,8.7068,3463400
2000-10-25,8.6896,8.7927,8.5522,8.5522,1854800
2000-10-26,8.7411,8.8785,8.5351,8.5522,2644800
2000-10-27,9.0331,9.0331,8.7927,8.7927,3151000
2000-10-30,9.6342,9.8231,8.93,8.9987,5673600
2000-10-31,9.6342,9.8402,9.3078,9.5998,6506200
2000-11-01,9.5483,9.8231,9.4968,9.6513,3282400
2000-11-02,9.5655,9.7543,9.5483,9.7029,2355600
2000-11-03,9.5655,9.617,9.4968,9.5826,2074000
2000-11-06,9.9433,10.0635,9.5655,9.5655,3178800
2000-11-07,9.9261,9.9605,9.7716,9.7887,2476000
2000-11-08,10.012,10.1494,9.7029,9.8918,2545800
2000-11-09,10.0463,10.1665,9.8059,10.0635,2847600
2000-11-10,9.8231,9.9948,9.8231,9.9776,2718400
2000-11-13,9.9433,9.9776,9.6685,9.6685,3065400
2000-11-14,9.9089,9.9776,9.8059,9.8746,2271200
2000-11-15,10.0807,10.1494,9.9089,9.9776,2818400
2000-11-16,9.9433,10.0807,9.8402,10.0807,1835200
2000-11-17,10.1494,10.3039,10.012,10.0463,2573400
2000-11-20,10.1837,10.2524,10.0291,10.0807,3128000
2000-11-21,10.51,10.5787,10.2181,10.2352,3665600
2000-11-22,10.3898,10.4929,10.3211,10.4413,2131800
2000-11-24,10.6817,10.7161,10.3726,10.3898,1485400
2000-11-27,10.905,10.9393,10.5615,10.7504,2941600
2000-11-28,10.7161,10.7848,10.5959,10.6989,1821000
2000-11-29,11.0253,11.1454,10.7161,10.7161,2852000
2000-11-30,10.802,11.2828,10.7848,10.8535,3981400
2000-12-01,11.1798,11.3343,10.8535,10.8535,2994200
2000-12-04,11.9011,12.0728,11.197,11.2141,5571800
2000-12-05,11.9182,12.1587,11.5232,11.7809,5867800
2000-12-06,11.4202,11.7293,11.3687,11.6606,3076800
2000-12-07,11.4202,11.6778,11.3516,11.6778,2262800
2000-12-08,11.4374,11.5747,11.2656,11.4889,2768600
2000-12-11,11.6435,11.695,11.2485,11.5061,3061400
2000-12-12,11.6435,11.9869,11.5061,11.5061,4009800
2000-12-13,11.5061,11.8667,11.5061,11.8152,2068800
2000-12-14,11.5061,11.5061,11.5061,11.5061,1900000
2000-12-15,11.2141,11.3858,11.197,11.2485,4361600
2000-12-18,11.6263,11.7122,11.0253,11.1454,3666000
2000-12-19,11.7809,11.9182,11.3858,11.6435,5338600
2000-12-20,11.8324,11.9011,11.3343,11.6091,5809600
2000-12-21,12.2102,12.3304,11.6091,11.695,5834200
2000-12-22,12.8113,12.8456,12.1415,12.1587,5722600
2000-12-26,13.1204,13.1204,12.7597,12.8113,3698400
2000-12-27,13.0517,13.0688,12.7426,12.9658,3733000
2000-12-28,13.086,13.1032,12.6911,12.9487,2546200
2000-12-29,13.0001,13.1719,12.8628,12.9315,3020800
2001-01-02,12.7254,12.983,12.5365,12.7082,3242400
2001-01-03,12.7769,12.8284,11.9698,12.296,7574600
2001-01-04,13.3779,13.6356,12.7769,12.7769,9141200
2001-01-05,12.6052,13.3265,12.4506,13.3265,6932400
2001-01-08,12.5708,12.6395,12.3991,12.4678,3751200
2001-01-09,12.5537,12.5708,12.3304,12.5708,3297000
2001-01-10,12.3819,12.5365,12.1072,12.5021,3655000
2001-01-11,12.485,12.485,12.1243,12.4678,3359800
2001-01-12,12.0041,12.4334,11.7293,12.4334,3438000
2001-01-16,12.2789,12.2789,11.8324,12.0213,4239400
2001-01-17,12.3648,12.6052,12.1759,12.2789,4460200
2001-01-18,12.0087,12.0986,11.5053,12.0447,9124400
2001-01-19,11.6851,11.8109,11.4514,11.793,5492600
2001-01-22,11.757,11.9188,11.4514,11.6851,4659800
2001-01-23,11.9727,12.0806,11.721,11.757,5772400
2001-01-24,12.1345,12.3323,11.793,11.8289,3670200
2001-01-25,12.4581,12.6738,12.2065,12.3323,3517600
2001-01-26,12.4402,12.584,12.2423,12.4042,3094400
2001-01-29,12.4027,12.5983,12.3136,12.3682,2436200
2001-01-30,12.771,12.7997,12.1525,12.4315,4675200
2001-01-31,12.7191,12.9435,12.6559,12.771,3889000
2001-02-01,12.7508,12.8285,12.5696,12.7911,2723200
2001-02-02,12.7336,12.9205,12.6271,12.7278,2387400
2001-02-05,12.5897,12.7652,12.5782,12.6559,1823000
2001-02-06,12.5264,12.6731,12.4574,12.6185,2070400
2001-02-07,12.5581,12.6243,12.4775,12.5264,1676600
2001-02-08,12.4258,12.6243,12.0461,12.5264,1776000
2001-02-09,12.3855,12.4402,12.2215,12.3912,2911200
2001-02-12,12.4977,12.6127,12.4402,12.4402,2855200
2001-02-13,12.489,12.699,12.4114,12.4114,2676600
2001-02-14,12.3452,12.7997,12.3165,12.6415,2898400
2001-02-15,12.7249,12.9435,12.4861,12.5178,3352200
2001-02-16,12.5264,12.8515,12.5236,12.6328,2874600
2001-02-20,12.0231,12.4833,12.0231,12.4833,4235800
2001-02-21,11.7987,12.1611,11.7815,12.095,2849800
2001-02-22,11.7038,11.9224,11.5629,11.908,3152600
2001-02-23,11.5283,11.7268,11.4334,11.7038,2900000
2001-02-26,11.9627,12.0461,11.6664,11.7038,1856000
2001-02-27,12.1784,12.2676,11.9512,11.9512,3600200
2001-02-28,12.1007,12.42,11.793,12.1669,2657800
2001-03-01,12.0806,12.2963,11.9425,11.9655,3172000
2001-03-02,12.2762,12.5006,12.1209,12.1496,2591600
2001-03-05,12.7508,12.8572,12.4545,12.5552,3643000
2001-03-06,12.8026,13.001,12.6961,12.9665,3706000
2001-03-07,13.4612,13.4642,12.9723,13.2023,6537000
2001-03-08,13.746,13.8064,13.5044,13.5188,7466600
2001-03-09,13.4728,13.7403,13.3174,13.7374,4933800
2001-03-12,12.932,13.4612,12.8802,13.0873,4548200
2001-03-13,13.2455,13.2973,12.9061,12.9435,4318600
2001-03-14,12.8831,13.0845,12.8141,12.8601,4421600
2001-03-15,12.9435,13.001,12.771,12.9061,2643600
2001-03-16,12.8285,13.1017,12.7278,13.1017,5352600
2001-03-19,12.9838,13.0298,12.6587,12.6875,2889400
2001-03-20,12.6185,13.1075,12.584,12.9148,4687800
2001-03-21,12.1324,12.4402,11.9512,12.4402,5513200
2001-03-22,11.8994,12.072,11.5485,12.0662,4421400
2001-03-23,12.0144,12.0749,11.6606,12.0432,4683200
2001-03-26,12.351,12.584,12.1467,12.2532,4582600
2001-03-27,12.886,12.886,12.2158,12.351,4649400
2001-03-28,13.0873,13.0902,12.5322,12.886,4885000
2001-03-29,12.7019,12.8716,12.443,12.771,6438400
2001-03-30,12.7652,12.9234,12.5897,12.7767,3042600
2001-04-02,12.7824,13.1448,12.5983,12.7681,4333600
2001-04-03,12.1266,12.6415,11.9368,12.6415,6226800
2001-04-04,12.5264,12.6357,12.0518,12.0691,3690000
2001-04-05,13.1679,13.2311,12.5264,12.5264,4687800
2001-04-06,12.8141,12.9694,12.6214,12.9665,4029600
2001-04-09,12.9378,13.142,12.8198,12.8572,4270200
2001-04-10,13.1448,13.5188,12.9435,12.9723,5092400
2001-04-11,12.9838,13.2599,12.9205,13.2311,3410400
2001-04-12,13.5217,13.5217,12.9291,12.9291,3299600
2001-04-16,13.4469,13.5878,13.1219,13.3174,3681800
2001-04-17,13.1592,13.3779,13.0672,13.375,5744800
2001-04-18,13.9359,14.0941,13.1304,13.2023,7887200
2001-04-19,14.3006,14.3966,14.0847,14.3966,3230600
2001-04-20,14.3606,14.4626,14.0547,14.0967,3085800
2001-04-23,14.4716,14.5166,14.3216,14.4716,3266800
2001-04-24,14.4866,14.7445,14.4566,14.5616,5000000
2001-04-25,14.9965,15.0055,14.2616,14.5016,5221800
2001-04-26,14.8015,15.1164,14.7325,14.9965,5072000
2001-04-27,15.0894,15.2454,14.8226,14.9215,4130800
2001-04-30,15.0564,15.4434,15.0564,15.1015,5025000
2001-05-01,15.2304,15.2964,14.8645,15.0564,4591200
2001-05-02,15.0865,15.2994,14.8165,15.2964,4183200
2001-05-03,15.0085,15.0715,14.6786,14.9515,2756400
2001-05-04,15.1615,15.1764,14.7146,14.7266,4022200
2001-05-07,15.4494,15.6323,15.0265,15.0265,5853000
2001-05-08,15.5514,15.6713,15.4914,15.5363,4541600
2001-05-09,15.5963,15.8063,15.4854,15.5544,3479200
2001-05-10,16.0253,16.1992,15.6443,15.6563,5383800
2001-05-11,15.9563,16.1662,15.8873,16.0762,5665600
2001-05-14,15.8423,15.9593,15.7163,15.8963,3262800
2001-05-15,15.9382,16.0762,15.5363,15.5963,5993200
2001-05-16,16.7691,16.9461,15.8093,15.8663,7287400
2001-05-17,16.5711,16.8111,16.2292,16.6461,7409400
2001-05-18,16.5711,16.6461,16.2862,16.5741,3645600
2001-05-21,16.7061,16.7061,16.2562,16.3462,4775200
2001-05-22,16.8561,16.9461,16.6311,16.7061,4307600
2001-05-23,16.4961,17.045,16.4662,16.8531,6303800
2001-05-24,16.3162,16.5711,16.1962,16.4961,6046800
2001-05-25,16.1962,16.3912,16.1482,16.3462,3132000
2001-05-29,16.5381,16.5832,16.0522,16.0522,3863800
2001-05-30,16.0162,16.4961,15.9743,16.4961,4958800
2001-05-31,16.2442,16.4062,16.0583,16.0762,2928600
2001-06-01,16.4512,16.5231,16.1332,16.2262,2992000
2001-06-04,16.7301,16.8081,16.3102,16.4512,2770800
2001-06-05,16.7631,16.7811,16.4781,16.7211,3469800
2001-06-06,16.3912,16.7511,16.3282,16.6161,2306200
2001-06-07,16.4902,16.5351,16.1752,16.1962,3108000
2001-06-08,16.2952,16.4902,16.0643,16.4902,2791800
2001-06-11,16.0043,16.2262,15.8363,16.0762,3123600
2001-06-12,16.1422,16.2142,15.8963,15.9563,3121800
2001-06-13,16.2082,16.3402,16.1212,16.1422,1696200
2001-06-14,16.2532,16.3762,16.0613,16.1932,4177000
2001-06-15,16.2412,16.3402,16.1812,16.2532,6396400
2001-06-18,16.3342,16.4391,16.2112,16.2112,2958200
2001-06-19,16.1632,16.4062,16.1033,16.3612,4450200
2001-06-20,16.6461,16.7151,16.1962,16.1992,4143600
2001-06-21,16.7931,16.9461,16.5921,16.6191,5216600
2001-06-22,16.3912,16.7631,16.2832,16.6311,3723400
2001-06-25,15.7913,16.3882,15.7763,16.3462,5424400
2001-06-26,15.9563,16.1062,15.5094,15.5214,7306200
2001-06-27,15.6833,16.1812,15.5963,15.9713,5119800
2001-06-28,15.1944,15.8543,15.1164,15.6863,9924800
2001-06-29,15.0115,15.2664,14.8465,14.9215,8198400
2001-07-02,15.5844,15.6713,15.0115,15.0115,4130200
2001-07-03,15.5934,15.6804,15.4764,15.5963,2145800
2001-07-05,15.5004,15.6563,15.4614,15.5694,3176600
2001-07-06,14.8765,15.5214,14.8765,15.5214,3752600
2001-07-09,15.1164,15.3414,14.9965,15.0715,2722600
2001-07-10,14.6306,15.2724,14.6276,15.2664,4149800
2001-07-11,14.6966,15.0205,14.6516,14.7415,4082400
2001-07-12,15.5664,15.6114,14.9665,14.9665,4698000
2001-07-13,15.7403,15.8033,15.5664,15.5963,4263800
2001-07-16,15.1075,15.7313,15.0415,15.7013,3250800
2001-07-17,16.0613,16.3462,15.4164,15.4464,10296000
2001-07-18,16.4198,16.7782,16.158,16.5975,6169600
2001-07-19,16.8936,17.0899,16.4853,16.5507,6136000
2001-07-20,16.8312,17.1273,16.7533,17.065,3240400
2001-07-23,16.8001,16.9715,16.5382,16.8905,2931200
2001-07-24,16.4884,16.8936,16.4198,16.8281,6567400
2001-07-25,16.5196,16.7066,16.3045,16.5819,7029400
2001-07-26,16.3855,16.5507,16.1767,16.4634,4771200
2001-07-27,16.4416,16.4416,16.2702,16.2702,4408600
2001-07-30,16.691,16.7596,16.5445,16.6131,2818200
2001-07-31,17.1741,17.2988,16.7533,16.8312,5099400
2001-08-01,16.8156,17.3673,16.6754,17.0962,5009000
2001-08-02,17.0182,17.0588,16.6754,16.9092,3661200
2001-08-03,16.9715,17.0058,16.5944,16.9715,2258600
2001-08-06,16.504,16.8374,16.2982,16.8312,2318600
2001-08-07,16.6131,16.6972,16.3481,16.4416,2774800
2001-08-08,16.4447,16.6131,16.3668,16.4261,4666800
2001-08-09,16.3169,16.3356,16.0146,16.2702,4719600
2001-08-10,16.7221,16.9902,16.1143,16.3013,4205400
2001-08-13,16.8374,16.931,16.6068,16.6131,2607200
2001-08-14,16.7876,16.853,16.6068,16.7533,3481400
2001-08-15,17.2146,17.2583,16.7938,16.7938,4810400
2001-08-16,16.878,17.2053,16.853,17.2053,4929400
2001-08-17,16.7533,16.9777,16.5382,16.9092,3457400
2001-08-20,16.4416,16.7066,16.2858,16.7066,4281000
2001-08-21,16.3356,16.5476,16.2889,16.5196,5605600
2001-08-22,16.6131,16.6131,16.2858,16.3949,5141600
2001-08-23,16.1455,16.3949,15.8525,16.3949,5302400
2001-08-24,16.2826,16.2951,15.8962,16.1455,4937000
2001-08-27,16.3512,16.4198,16.2702,16.3013,2026600
2001-08-28,16.2515,16.3512,16.0739,16.3481,2104800
2001-08-29,15.9492,16.2079,15.8525,16.2079,3142200
2001-08-30,15.5844,16.0208,15.4286,15.8338,3859600
2001-08-31,15.5844,15.9522,15.4442,15.5533,3337600
2001-09-04,15.7029,16.0364,15.3974,15.5876,5409800
2001-09-05,15.678,15.8338,15.519,15.8338,3526600
2001-09-06,15.9366,16.1299,15.7528,15.7559,6178400
2001-09-07,15.2292,15.9398,15.1949,15.9398,5088400
2001-09-10,14.9923,15.0702,14.6649,14.9611,5512000
2001-09-17,13.9294,15.1014,13.6675,14.6494,8080800
2001-09-18,14.2473,14.7896,13.9948,14.1818,5560200
2001-09-19,13.839,14.4468,13.4961,14.2909,4928000
2001-09-20,12.9974,14.0166,12.9195,13.8702,5925200
2001-09-21,13.7299,13.7455,12.5641,12.9974,9802200
2001-09-24,14.3751,14.7772,14.0416,14.0416,5621600
2001-09-25,14.4561,14.5808,14.0541,14.3751,4508000
2001-09-26,13.7361,14.2753,13.6115,14.2753,6251400
2001-09-27,13.6519,13.8702,13.2873,13.7455,4824400
2001-09-28,13.9636,14.1787,13.4961,13.6519,4309000
2001-10-01,13.7081,13.9792,13.5117,13.9792,4210200
2001-10-02,14.1507,14.2598,13.6519,13.786,3604000
2001-10-03,14.7803,14.8988,13.9325,14.0728,4646400
2001-10-04,14.7834,15.0764,14.7616,14.8052,4249400
2001-10-05,15.039,15.039,14.6494,14.905,3755200
2001-10-08,14.5372,14.8676,14.4218,14.8676,4105400
2001-10-09,14.6182,14.6618,14.3377,14.372,2772600
2001-10-10,14.746,14.8052,14.1818,14.2753,6710200
2001-10-11,15.3663,15.5533,14.7959,14.8239,4826400
2001-10-12,15.1325,15.2665,14.8676,15.1481,5498200
2001-10-15,15.0234,15.0702,14.8676,14.9767,2232000
2001-10-16,14.9704,15.0234,14.478,14.6494,6546600
2001-10-17,14.6307,15.0857,14.5964,14.9923,5831200
2001-10-18,15.1005,15.2828,14.9312,15.1623,3185600
2001-10-19,14.8954,15.2339,14.7457,15.2339,3547600
2001-10-22,15.159,15.2014,14.7782,14.8628,5294000
2001-10-23,15.0321,15.3186,14.9605,15.299,2885000
2001-10-24,14.7945,15.12,14.7131,15.0223,3301400
2001-10-25,15.0939,15.2112,14.4234,14.6643,3657600
2001-10-26,15.3967,15.4976,15.1103,15.12,2530400
2001-10-29,14.8759,15.4618,14.8759,15.3316,2401800
2001-10-30,14.6187,14.8759,14.5178,14.8759,3526200
2001-10-31,14.5569,14.8596,14.5439,14.7945,3347600
2001-11-01,14.7131,14.7619,14.2248,14.7131,4913600
2001-11-02,14.8791,14.9084,14.5341,14.6806,3090600
2001-11-05,15.0061,15.1265,14.9084,14.9573,3518800
2001-11-06,15.5562,15.5595,14.8889,15.0549,4478200
2001-11-07,15.7222,15.9013,15.3641,15.4943,4798400
2001-11-08,15.7515,16.2138,15.7222,15.7548,4637600
2001-11-09,15.7059,15.9338,15.4976,15.8133,2983200
2001-11-12,15.5529,15.872,15.299,15.6408,2079800
2001-11-13,15.9371,16.077,15.7548,15.8687,3655000
2001-11-14,15.7482,16.2658,15.7222,16.2593,4700800
2001-11-15,15.6148,15.7222,15.4357,15.7222,4831200
2001-11-16,15.9826,16.0315,15.6734,15.7873,5166000
2001-11-19,16.2788,16.3244,15.872,16.064,4664600
2001-11-20,16.0152,16.1909,15.7938,16.1128,4775000
2001-11-21,15.7613,16.064,15.7124,16.0152,3299200
2001-11-23,15.8329,15.8329,15.6864,15.7613,2175000
2001-11-26,16.0315,16.0315,15.7385,15.9143,2474800
2001-11-27,15.8524,16.0315,15.6083,15.8362,3707400
2001-11-28,15.6864,15.8524,15.6246,15.8524,2016200
2001-11-29,15.6897,15.7548,15.4781,15.6864,2973000
2001-11-30,15.4357,15.6864,15.4065,15.5432,3595600
2001-12-03,15.4325,15.4618,15.2014,15.4357,3457000
2001-12-04,15.7743,15.784,15.3707,15.5106,2364400
2001-12-05,16.4547,16.6011,15.9013,15.9501,4610000
2001-12-06,16.4416,16.8257,16.4286,16.5848,4724800
2001-12-07,16.6499,16.8127,16.3114,16.3407,4188000
2001-12-10,16.2788,16.6499,16.243,16.6499,4043600
2001-12-11,16.4383,16.6336,16.2756,16.2788,2902800
2001-12-12,16.6011,16.6174,16.3439,16.4383,3740600
2001-12-13,16.3439,16.6499,16.3081,16.4872,2446000
2001-12-14,16.2984,16.3537,15.8524,16.2853,4585600
2001-12-17,16.243,16.4579,16.1779,16.1779,2426800
2001-12-18,16.7183,16.8518,16.4253,16.4383,2632000
2001-12-19,16.9429,16.9754,16.6076,16.7183,3769200
2001-12-20,16.4709,16.8648,16.4514,16.8615,2750200
2001-12-21,16.7997,16.8192,16.6662,16.6825,3328200
2001-12-24,16.9266,17.008,16.7476,16.7476,858800
2001-12-26,17.0731,17.187,16.8485,16.8778,1760400
2001-12-27,17.174,17.2358,17.0047,17.0764,1336400
2001-12-28,17.314,17.3302,17.034,17.2196,2038400
2001-12-31,17.008,17.2847,16.9917,17.2033,2043800
2002-01-02,16.8127,17.1219,16.6011,17.0406,4030200
2002-01-03,17.034,17.0406,16.7508,16.816,3149000
2002-01-04,17.5321,17.5907,17.0568,17.0568,5030600
2002-01-07,17.3009,17.607,17.2684,17.4963,2739800
2002-01-08,16.715,17.0503,16.5979,17.047,6399000
2002-01-09,16.7834,17.1968,16.7313,16.8778,3375800
2002-01-10,16.6467,16.8615,16.5295,16.7313,2487000
2002-01-11,16.5425,16.894,16.5425,16.715,2428000
2002-01-14,16.4351,16.6825,16.4123,16.523,2803600
2002-01-15,16.1942,16.5685,16.1779,16.4383,3242400
2002-01-16,15.6734,16.1942,15.6311,16.1942,4496600
2002-01-17,16.7348,16.8502,16.3241,16.3241,3986600
2002-01-18,16.6228,16.823,16.6126,16.7348,3320800
2002-01-22,16.3513,16.7484,16.3513,16.633,3211600
2002-01-23,16.5481,16.5787,15.866,16.1884,5761000
2002-01-24,16.6635,16.9214,16.4938,16.5448,2495400
2002-01-25,17.0029,17.064,16.5956,16.7314,2583600
2002-01-28,17.2506,17.434,17.0029,17.0199,3452200
2002-01-29,16.8671,17.305,16.8671,17.254,3274600
2002-01-30,17.0368,17.0436,16.2902,16.7823,5645200
2002-01-31,17.064,17.1149,16.6669,17.0029,3247000
2002-02-01,17.1454,17.1896,16.8739,17.1387,2875400
2002-02-04,16.6398,17.3525,16.6398,17.0708,2927000
2002-02-05,16.5549,16.935,16.5142,16.6363,3406400
2002-02-06,16.5006,16.6737,16.1884,16.5549,5272800
2002-02-07,16.0967,16.5107,16.0967,16.4599,2981600
2002-02-08,16.4599,16.4599,16.0594,16.1545,2533600
2002-02-11,16.8943,16.952,16.3547,16.375,3458800
2002-02-12,17.0504,17.1726,16.6635,16.8332,4188000
2002-02-13,17.2303,17.3558,17.0063,17.0504,4430200
2002-02-14,17.1488,17.4611,17.1318,17.2574,2685000
2002-02-15,16.9452,17.2337,16.9011,17.2235,3136200
2002-02-19,16.935,17.0368,16.6296,16.9011,3483600
2002-02-20,17.3423,17.4678,16.9452,17.0368,5018600
2002-02-21,17.607,17.8446,17.3321,17.3932,4004800
2002-02-22,17.8785,17.9498,17.4102,17.4102,4282000
2002-02-25,19.0256,19.0731,18.1568,18.1568,10458000
2002-02-26,18.9917,19.2768,18.6828,19.0392,6491800
2002-02-27,18.9713,19.1478,18.7847,19.0222,3990000
2002-02-28,18.8389,19.1071,18.7745,18.9713,4525000
2002-03-01,19.1173,19.3107,18.581,18.8016,5744400
2002-03-04,20.0506,20.0913,19.1342,19.141,6646000
2002-03-05,19.684,20.1252,19.3786,20.0064,7229800
2002-03-06,20.0302,20.1015,19.5856,19.6162,5500400
2002-03-07,19.8605,20.2949,19.8096,20.261,4782000
2002-03-08,20.1354,20.3424,20.0234,20.0743,5518000
2002-03-11,20.0574,20.1931,19.9386,20.0506,3407400
2002-03-12,19.9929,20.3458,19.8198,19.8198,4690400
2002-03-13,19.511,19.9861,19.511,19.9216,4973000
2002-03-14,19.908,20.227,19.572,19.5754,5973000
2002-03-15,20.2915,20.3594,19.9555,19.9827,7082600
2002-03-18,20.0641,20.2915,19.9555,20.2915,4261200
2002-03-19,20.1252,20.3424,20.0234,20.2202,4446200
2002-03-20,19.6942,20.278,19.6874,20.1083,4367000
2002-03-21,19.3786,19.6331,19.2089,19.5313,4823400
2002-03-22,19.3887,19.684,19.1274,19.3786,3561000
2002-03-25,18.9849,19.6331,18.9713,19.5652,4208000
2002-03-26,19.0901,19.4804,18.8865,18.9544,4717000
2002-03-27,19.511,19.684,19.1071,19.141,4481000
2002-03-28,19.2938,19.6263,19.2938,19.6094,3043000
2002-04-01,19.3175,19.4227,19.0087,19.3447,2571800
2002-04-02,19.141,19.3311,19.0731,19.3175,3016600
2002-04-03,18.6387,19.0595,18.4623,19.0562,4972000
2002-04-04,18.805,19.1919,18.6319,18.6387,5235800
2002-04-05,19.4668,19.5992,18.9374,18.9374,4895400
2002-04-08,19.5992,19.6603,19.1512,19.4634,3595200
2002-04-09,19.6433,19.9691,19.5483,19.6603,3133600
2002-04-10,20.1897,20.2338,19.7214,19.8028,4472000
2002-04-11,19.83,20.2236,19.7621,20.0404,3746400
2002-04-12,19.6738,20.0913,19.6331,20.0574,3429400
2002-04-15,19.6806,19.7858,19.3616,19.718,3042600
2002-04-16,19.2259,19.6806,19.1512,19.6806,8827000
2002-04-17,18.9374,19.2971,18.7507,19.1749,6017200
2002-04-18,19.3121,19.502,19.1644,19.4985,4835600
2002-04-19,19.3543,19.4985,19.2594,19.4809,2665600
2002-04-22,18.9288,19.3719,18.8479,19.3543,3961600
2002-04-23,18.6721,18.9886,18.6581,18.9535,4495400
2002-04-24,18.637,19.277,18.637,18.7073,2973400
2002-04-25,18.8479,18.8761,18.3627,18.637,4477200
2002-04-26,19.0414,19.1644,18.6897,19.0414,4913800
2002-04-29,18.5983,19.0976,18.5983,19.0449,3202600
2002-04-30,19.2066,19.393,18.6018,18.7073,4513600
2002-05-01,19.0343,19.2699,18.6616,19.2066,4887800
2002-05-02,19.2172,19.3895,18.9745,19.1293,3114800
2002-05-03,18.9886,19.2875,18.7425,19.2136,3797400
2002-05-06,18.426,18.8655,18.3557,18.8093,4039800
2002-05-07,18.4998,18.6194,18.3275,18.6018,3821000
2002-05-08,19.3473,19.4106,18.9007,18.9359,4473600
2002-05-09,18.9394,19.3438,18.8198,19.3403,3082000
2002-05-10,18.5701,18.9394,18.535,18.9394,3722000
2002-05-13,18.549,18.7214,18.317,18.5667,3825400
2002-05-14,19.073,19.1117,18.7284,19.0414,5002800
2002-05-15,19.6919,19.815,19.1117,19.1609,5891600
2002-05-16,19.4001,19.7623,19.2524,19.6567,3536600
2002-05-17,19.2664,19.5829,19.1644,19.4422,3274600
2002-05-20,19.0027,19.2699,18.855,19.2664,4206000
2002-05-21,18.7917,19.1644,18.7565,19.0941,2663800
2002-05-22,19.0836,19.0906,18.6475,18.7952,3077400
2002-05-23,19.0765,19.2348,18.855,19.0765,3868600
2002-05-24,18.971,19.1715,18.964,19.066,2402600
2002-05-28,18.8093,19.1258,18.6756,19.059,1914400
2002-05-29,18.4612,18.8093,18.3451,18.8058,4295200
2002-05-30,18.2853,18.3697,18.0216,18.2678,4096600
2002-05-31,18.3803,18.6299,18.2432,18.2853,3253000
2002-06-03,18.2326,18.6299,18.1271,18.4682,3852600
2002-06-04,17.8774,18.2572,17.4344,18.1974,4567600
2002-06-05,18.0849,18.2115,17.7754,17.793,3455400
2002-06-06,17.67,18.1622,17.5293,18.1095,2373800
2002-06-07,17.8001,17.9337,17.5293,17.67,3197800
2002-06-10,17.7684,17.9267,17.575,17.8634,1805400
2002-06-11,17.4238,18.2432,17.4238,17.9688,3502200
2002-06-12,17.2831,17.2831,16.8964,17.2374,5566800
2002-06-13,17.3183,17.4414,17.1882,17.1952,3292800
2002-06-14,17.1952,17.2128,16.7557,16.9491,4690400
2002-06-17,16.8928,17.5785,16.8787,17.0194,7378000
2002-06-18,17.3887,17.5434,17.037,17.0546,4472800
2002-06-19,16.9561,17.4836,16.8787,17.1601,4015800
2002-06-20,16.7908,17.0546,16.7908,16.8787,2994200
2002-06-21,16.7803,16.9209,16.6326,16.6326,5556400
2002-06-24,16.7205,16.8964,16.1403,16.5904,4998000
2002-06-25,16.9491,17.1777,16.7557,16.8964,4655200
2002-06-26,16.7592,16.8682,16.4744,16.4744,4223800
2002-06-27,17.1249,17.1249,16.5728,16.826,3374400
2002-06-28,17.2128,17.5996,17.0546,17.0721,5278600
2002-07-01,16.8787,17.3711,16.8436,17.3007,5179600
2002-07-02,16.5834,17.0194,16.3689,16.9315,4130200
2002-07-03,16.2388,16.703,15.7711,16.5271,5858200
2002-07-05,16.9632,16.9632,16.281,16.281,2349000
2002-07-08,16.826,17.0897,16.6678,16.9491,3334600
2002-07-09,16.5728,17.1671,16.5728,16.7908,3154000
2002-07-10,15.9997,16.7732,15.9469,16.7451,4294400
2002-07-11,15.8485,15.9363,15.3561,15.8941,5269800
2002-07-12,15.9997,16.2458,15.6129,15.8555,3911000
2002-07-15,15.8906,15.9997,15.1029,15.9997,4771200
2002-07-16,15.1205,15.3104,14.1535,14.1535,17151400
2002-07-17,15.2084,15.5249,15.0502,15.2084,5660400
2002-07-18,15.7046,15.8959,15.5132,15.7487,4562400
2002-07-19,15.2372,15.837,15.2336,15.7083,5382800
2002-07-22,14.9502,15.6751,14.7184,15.16,6402800
2002-07-23,14.7184,15.1784,14.6816,14.9502,5350400
2002-07-24,15.8959,15.8959,14.3688,14.6264,6252800
2002-07-25,15.745,16.0063,15.1894,15.7119,4592600
2002-07-26,16.0247,16.0615,15.745,15.8591,3050000
2002-07-29,16.8894,16.9262,16.1903,16.3375,4221800
2002-07-30,16.6723,16.8232,16.1903,16.7974,3988400
2002-07-31,16.4479,16.7422,16.113,16.7422,4328800
2002-08-01,15.918,16.4846,15.7671,16.3375,6466000
2002-08-02,15.3071,16.0063,15.0312,15.9327,5427400
2002-08-05,14.8656,15.3844,14.8288,15.2152,4414000
2002-08-06,15.5978,15.9879,15.1232,15.1232,4102000
2002-08-07,15.7671,15.9695,15.2225,15.8775,3193400
2002-08-08,16.3926,16.5398,15.8223,15.9327,3584800
2002-08-09,16.4,16.5509,16.0615,16.3007,3895800
2002-08-12,16.2712,16.3375,15.8407,16.2271,2619400
2002-08-13,16.2639,16.7275,16.216,16.5215,5745400
2002-08-14,16.308,16.3595,15.826,16.0983,6987200
2002-08-15,16.2491,16.5398,16.1167,16.3743,4799200
2002-08-16,15.9916,16.1719,15.9217,16.1572,4787800
2002-08-19,16.4442,16.4773,15.9732,16.0247,4226400
2002-08-20,16.2823,16.3816,16.1167,16.3191,3386600
2002-08-21,16.3595,16.4663,16.1167,16.4294,3364600
2002-08-22,16.687,16.779,16.2307,16.3375,3423800
2002-08-23,16.503,16.687,16.4331,16.687,2836000
2002-08-26,16.6061,16.7422,16.3043,16.503,2849800
2002-08-27,16.503,16.9998,16.4479,16.9078,3569600
2002-08-28,16.2749,16.5215,16.1167,16.4846,2045800
2002-08-29,15.9401,16.0909,15.7119,16.0063,3390000
2002-08-30,16.0578,16.3375,15.8407,15.9143,2358800
2002-09-03,15.6861,16.0468,15.6015,16.0431,4854400
2002-09-04,15.6935,15.7597,15.4102,15.6861,3712400
2002-09-05,15.6604,15.7413,15.2336,15.4543,3609000
2002-09-06,15.8959,15.8959,15.4728,15.8039,4588200
2002-09-09,15.8665,15.929,15.5941,15.8223,3862200
2002-09-10,15.7745,15.9327,15.6383,15.9143,3089400
2002-09-11,15.8039,16.1682,15.7413,16.0799,2173200
2002-09-12,15.5978,15.929,15.5243,15.7303,3265000
2002-09-13,14.9539,15.3293,14.8104,15.3256,8147200
2002-09-16,14.9687,14.987,14.6338,14.9576,3909000
2002-09-17,14.5161,15.3071,14.4572,15.3071,4459000
2002-09-18,14.3542,14.4793,13.8316,14.3137,5355000
2002-09-19,13.9825,14.3872,13.9015,14.0745,5835600
2002-09-20,13.9347,14.0377,13.7617,13.9052,6718800
2002-09-23,13.8574,13.9935,13.6513,13.6697,3810000
2002-09-24,13.563,13.8353,13.4011,13.6697,5629800
2002-09-25,13.9825,14.0193,13.5667,13.7801,4270600
2002-09-26,14.3247,14.3983,14.0083,14.0561,5833200
2002-09-27,13.7985,14.3137,13.7985,14.3137,4143400
2002-09-30,13.6955,13.9052,13.368,13.4857,5104600
2002-10-01,14.229,14.2511,13.5446,13.7433,5636200
2002-10-02,13.9015,14.2217,13.8721,14.0745,3301000
2002-10-03,13.7948,14.2621,13.7286,13.8905,2847200
2002-10-04,13.2502,13.9199,12.9264,13.861,4218000
2002-10-07,13.2061,13.4857,13.1141,13.3202,4035600
2002-10-08,13.3643,13.5777,12.7572,13.3018,5611000
2002-10-09,12.4591,13.2687,12.4186,13.0,7742800
2002-10-10,12.9044,12.989,12.4591,12.529,7250200
2002-10-11,13.46,13.6808,13.0258,13.0625,4586800
2002-10-14,13.1398,13.3791,13.1362,13.3569,3427600
2002-10-15,13.9752,13.9752,13.6109,13.6145,6629600
2002-10-16,14.2621,14.6117,14.0561,14.4424,9656000
2002-10-17,15.6115,15.6618,14.9887,15.4529,7111000
2002-10-18,15.8552,15.8823,15.4336,15.5109,4550600
2002-10-21,16.5979,16.683,15.7082,15.859,5435200
2002-10-22,16.1608,16.2497,15.8823,16.2459,4813800
2002-10-23,16.5553,16.5747,16.037,16.1646,4404000
2002-10-24,15.9016,16.8261,15.859,16.8068,5561400
2002-10-25,16.0331,16.8261,15.7237,15.9055,4480800
2002-10-28,15.654,16.2652,15.5573,16.1492,3373000
2002-10-29,15.6502,15.8011,15.2285,15.6657,3481600
2002-10-30,15.8475,16.0679,15.5071,15.7043,3155600
2002-10-31,15.8011,16.0409,15.5883,15.9364,2723600
2002-11-01,16.2884,16.3813,15.6657,15.7817,2957400
2002-11-04,16.5786,16.8183,16.2923,16.2923,3895200
2002-11-05,16.6636,16.7487,16.4083,16.5824,2562200
2002-11-06,16.8531,16.8686,16.3929,16.8648,3575200
2002-11-07,16.4548,16.9383,16.3464,16.8648,3399000
2002-11-08,16.6946,16.8261,16.4779,16.4973,3155600
2002-11-11,16.0331,16.6365,15.9558,16.6327,2878200
2002-11-12,16.4741,16.6907,16.0525,16.0911,3066800
2002-11-13,16.652,16.8725,16.2768,16.4586,3047600
2002-11-14,17.1239,17.2129,16.6559,16.6559,3713200
2002-11-15,17.4372,17.445,16.9731,17.1355,4239600
2002-11-18,17.2593,17.619,17.2516,17.5224,4318000
2002-11-19,17.3869,17.4991,16.9886,17.2593,3190600
2002-11-20,17.9981,17.9981,17.1819,17.3908,4389400
2002-11-21,18.5744,18.6557,17.913,18.0948,3991600
2002-11-22,18.7795,18.9497,18.4894,18.5706,4485200
2002-11-25,18.8298,18.9922,18.6402,18.8375,3295000
2002-11-26,18.2148,18.7447,18.1064,18.7408,4344400
2002-11-27,19.0541,19.0618,18.2457,18.2766,3631800
2002-11-29,19.3017,19.4564,19.2359,19.263,2648400
2002-12-02,19.0386,19.6653,18.8143,19.3055,5687200
2002-12-03,18.2959,18.9536,18.1799,18.9419,5303800
2002-12-04,18.0755,18.1954,17.9904,18.1026,4877400
2002-12-05,17.9207,18.1838,17.8666,18.1799,4418600
2002-12-06,17.8589,18.0252,17.5804,17.619,3872200
2002-12-09,17.4063,17.8589,17.4063,17.8589,2890200
2002-12-10,17.619,17.7738,17.1703,17.4102,4110800
2002-12-11,17.681,17.7196,17.3135,17.619,2963000
2002-12-12,17.4527,17.7931,17.4063,17.681,2265000
2002-12-13,17.2516,17.6384,17.2516,17.4527,2796000
2002-12-16,17.9014,17.9091,17.3483,17.3483,2394000
2002-12-17,17.7273,18.091,17.6887,17.9014,1975200
2002-12-18,17.6384,17.7931,17.4257,17.7273,2331800
2002-12-19,17.4953,17.8202,17.2903,17.5417,2329000
2002-12-20,17.9865,17.9865,17.6113,17.677,4469400
2002-12-23,17.9285,18.0252,17.7931,17.9788,1779200
2002-12-24,17.9479,17.9827,17.797,17.9285,1075200
2002-12-26,17.9091,18.1722,17.8395,17.9671,2205600
2002-12-27,17.4295,17.8898,17.4295,17.8705,2873600
2002-12-30,17.5881,17.6926,17.2825,17.5262,1705200
2002-12-31,17.6848,17.7157,17.2941,17.5997,1910600
2003-01-02,18.47,18.47,17.7041,17.7738,4539400
2003-01-03,18.3463,18.4507,18.1799,18.4313,3399800
2003-01-06,18.7214,18.7292,18.3926,18.3926,2354400
2003-01-07,18.5087,18.7214,18.2959,18.7214,3126000
2003-01-08,17.9479,18.5126,17.8898,18.5126,3246600
2003-01-09,18.3115,18.3501,17.9169,18.0252,2916600
2003-01-10,18.3424,18.5319,18.0832,18.1567,2844000
2003-01-13,18.4507,18.5435,18.2379,18.5087,2716200
2003-01-14,18.3308,18.4158,18.0136,18.354,4640600
2003-01-15,18.2495,18.5165,18.1258,18.412,3860800
2003-01-16,18.4375,18.6443,18.3166,18.3166,3278000
2003-01-17,18.3556,18.5194,18.2113,18.3556,2814200
2003-01-21,17.9733,18.4921,17.9655,18.4921,3617000
2003-01-22,17.3413,17.9772,17.1813,17.9772,5860800
2003-01-23,17.7431,17.7704,16.6741,17.4583,8767800
2003-01-24,17.1345,17.7431,17.0487,17.7431,3641600
2003-01-27,16.8731,17.2398,16.8146,17.0876,3010000
2003-01-28,17.0994,17.1657,16.7756,16.9121,2947000
2003-01-29,17.1852,17.353,16.7171,17.1033,3829400
2003-01-30,16.795,17.3139,16.7639,17.2827,2812000
2003-01-31,17.1579,17.3608,16.6234,16.678,3284800
2003-02-03,17.2632,17.3919,17.1657,17.3022,2334000
2003-02-04,17.0643,17.2671,16.8809,17.1657,2672400
2003-02-05,17.0331,17.4505,17.0018,17.2242,2658000
2003-02-06,16.7639,17.1618,16.678,16.9706,2891000
2003-02-07,16.6312,17.0292,16.5259,16.8926,2782600
2003-02-10,16.6117,16.678,16.3035,16.561,3235200
2003-02-11,16.6117,16.916,16.5025,16.795,2855800
2003-02-12,16.4011,16.795,16.3893,16.639,2642600
2003-02-13,16.4323,16.4595,16.0889,16.3659,3096000
2003-02-14,16.8731,16.8848,16.284,16.4323,3159600
2003-02-18,17.3803,17.4739,16.9121,16.9121,4055600
2003-02-19,17.9265,17.9265,17.6144,17.7119,7256000
2003-02-20,18.063,18.0825,17.7197,18.0045,5731400
2003-02-21,18.1567,18.18,17.8484,18.063,4367800
2003-02-24,17.8718,18.0591,17.7626,18.0591,5391800
2003-02-25,17.8757,17.946,17.5207,17.7236,4559400
2003-02-26,17.8484,17.946,17.7314,17.8094,3841000
2003-02-27,18.2268,18.2698,17.7548,17.946,5416200
2003-02-28,18.3361,18.5507,18.219,18.3166,4503400
2003-03-03,18.3673,18.4726,18.2815,18.34,4103600
2003-03-04,17.6417,18.2971,17.5987,18.2971,5392200
2003-03-05,17.8016,17.9226,17.5753,17.6417,3461200
2003-03-06,17.3998,17.8055,17.3218,17.8055,3598600
2003-03-07,17.8679,18.0435,17.0526,17.0682,5230400
2003-03-10,17.4739,17.7119,17.3998,17.6924,2725800
2003-03-11,17.3608,17.6456,17.2827,17.4778,3516600
2003-03-12,17.2515,17.4115,16.9784,17.3022,3930600
2003-03-13,18.3088,18.3088,17.5987,17.6144,5121200
2003-03-14,18.3439,18.7067,18.184,18.3166,5226800
2003-03-17,19.5962,19.6001,18.2503,18.3166,7943600
2003-03-18,19.4284,19.7718,19.3114,19.5962,7566800
2003-03-19,19.4246,19.5065,19.0656,19.3114,5683200
2003-03-20,19.7484,19.8966,19.1164,19.4246,5713000
2003-03-21,20.5013,20.7939,19.7991,19.7991,8699400
2003-03-24,19.7913,20.5052,19.6859,20.5052,5402200
2003-03-25,19.8966,19.9747,19.643,19.8966,5575000
2003-03-26,19.5845,19.9161,19.4675,19.8966,5476600
2003-03-27,19.7874,19.8966,19.2334,19.409,3678400
2003-03-28,19.6001,19.7874,19.4207,19.7874,3848800
2003-03-31,19.1944,19.448,19.0071,19.2139,4725600
2003-04-01,19.3699,19.5065,19.1086,19.1944,4317400
2003-04-02,20.1736,20.2243,19.8186,19.8381,5207800
2003-04-03,20.2087,20.3648,20.0098,20.3648,3945800
2003-04-04,20.08,20.3648,19.92,20.2087,3447400
2003-04-07,20.1698,20.8759,20.1385,20.4779,4251400
2003-04-08,20.3258,20.3843,19.9435,20.2673,3054600
2003-04-09,20.1736,20.5052,20.1151,20.1151,5010800
2003-04-10,20.6106,20.6106,20.0917,20.1736,4317600
2003-04-11,20.6691,21.1645,20.5989,20.872,3944200
2003-04-14,20.9266,20.9305,20.5754,20.5872,3423600
2003-04-15,20.5598,20.8446,20.3726,20.7354,5635200
2003-04-16,20.7933,21.6871,20.7771,21.5375,5160600
2003-04-17,21.0238,21.0885,20.3848,20.3969,5137400
2003-04-21,20.9672,21.1977,20.8337,21.1128,3852800
2003-04-22,21.4202,21.4849,20.5708,20.7083,4266200
2003-04-23,21.3797,21.4363,21.133,21.3191,4373200
2003-04-24,21.3352,21.4728,21.1532,21.1532,2923000
2003-04-25,21.0036,21.4242,20.9631,21.3352,3252200
2003-04-28,21.3474,21.4363,20.9106,20.9106,2978800
2003-04-29,21.1896,21.4606,20.9914,21.3595,3411600
2003-04-30,21.2746,21.4161,20.9874,21.1816,3407600
2003-05-01,20.9712,21.2948,20.765,21.2746,3552200
2003-05-02,21.1734,21.2584,20.858,20.9308,4966000
2003-05-05,21.3069,21.5698,21.2503,21.2544,4367800
2003-05-06,21.8004,21.8004,21.2826,21.3433,4171600
2003-05-07,21.5698,21.7397,21.4768,21.6183,3589000
2003-05-08,21.0198,21.5213,20.9834,21.5213,5616400
2003-05-09,21.497,21.7195,21.0319,21.0319,3927200
2003-05-12,21.9419,22.0147,21.3959,21.5375,3455600
2003-05-13,21.5051,21.8812,21.4363,21.8812,3932800
2003-05-14,21.3514,21.6305,21.133,21.5779,4019000
2003-05-15,21.5981,21.6143,21.3636,21.5577,3476000
2003-05-16,21.4242,21.7397,21.2463,21.5981,3558000
2003-05-19,20.8296,21.315,20.7973,21.2948,3279200
2003-05-20,20.7285,20.9065,20.5708,20.8296,3955600
2003-05-21,20.3969,20.6679,20.2998,20.6679,5217200
2003-05-22,20.7164,20.8216,20.4293,20.5061,3846600
2003-05-23,20.6274,20.7366,20.4252,20.7285,2054200
2003-05-27,21.2382,21.2948,20.4657,20.5263,3741000
2003-05-28,21.2382,21.4566,21.1734,21.2746,4024600
2003-05-29,20.4252,21.5658,20.4252,21.2422,6425200
2003-05-30,21.0926,21.1168,20.5465,20.6274,5990200
2003-06-02,21.1047,21.4161,21.0319,21.2341,3128400
2003-06-03,21.4161,21.6507,21.0561,21.1047,3720000
2003-06-04,21.8085,21.9015,21.4202,21.4363,3627200
2003-06-05,21.9905,22.039,21.582,21.8085,3478800
2003-06-06,22.0875,22.6497,22.0592,22.0956,5493600
2003-06-09,21.9298,22.1482,21.8004,22.0592,3458000
2003-06-10,22.0875,22.1523,21.7599,22.1118,2836000
2003-06-11,22.9167,22.9248,22.1361,22.1846,4675600
2003-06-12,22.7023,23.0744,22.5891,22.9167,3231600
2003-06-13,22.67,22.7509,22.5122,22.6659,2737600
2003-06-16,23.4142,23.4263,22.9046,22.9531,4286400
2003-06-17,23.3616,23.5598,23.1642,23.4546,3625200
2003-06-18,23.0623,23.4546,22.9976,23.2564,3469000
2003-06-19,22.852,23.2362,22.763,23.1351,3027200
2003-06-20,23.1553,23.2483,22.9733,23.038,5063200
2003-06-23,22.9167,23.2079,22.585,23.1553,3256000
2003-06-24,22.8318,23.2564,22.7509,22.7509,2775200
2003-06-25,22.7104,22.8803,22.488,22.8358,3173000
2003-06-26,22.9571,23.0016,22.5931,22.678,2192800
2003-06-27,22.581,22.9814,22.4151,22.8924,3170400
2003-06-30,22.5122,22.8277,22.3262,22.6012,2414600
2003-07-01,22.1401,22.4536,21.4768,22.2857,8532800
2003-07-02,22.5446,22.6619,22.1401,22.1401,5236600
2003-07-03,22.4758,22.7913,22.3666,22.4071,2047400
2003-07-07,22.8156,23.1755,22.7104,22.7509,3396000
2003-07-08,22.9369,23.0259,22.7023,22.7751,2427400
2003-07-09,22.8236,23.0016,22.6902,22.9126,2160600
2003-07-10,22.7387,22.8722,22.6497,22.8236,3527400
2003-07-11,23.2079,23.309,22.67,22.67,3552200
2003-07-14,23.4101,23.7539,23.3899,23.58,5128600
2003-07-15,23.487,23.7014,23.3009,23.7014,4361400
2003-07-16,23.7175,23.7175,23.3697,23.6528,4603200
2003-07-17,25.873,25.9545,24.2687,24.6352,20684400
2003-07-18,26.716,26.8177,25.816,25.9789,15271400
2003-07-21,26.5979,26.834,26.3658,26.716,13465000
2003-07-22,26.1418,26.5693,25.8812,25.8812,13112600
2003-07-23,26.4065,26.4716,25.9752,26.154,9669600
2003-07-24,25.9871,26.4675,25.9789,26.4472,6020200
2003-07-25,26.5897,26.5897,25.5717,26.0604,6886000
2003-07-28,26.5083,26.7485,26.4757,26.6304,5279600
2003-07-29,26.6101,26.72,26.378,26.5083,5407000
2003-07-30,27.058,27.1598,26.5653,26.6141,6066800
2003-07-31,27.4733,27.8072,27.3471,27.4245,7192800
2003-08-01,27.3715,27.5996,27.1068,27.5141,5166200
2003-08-04,27.3227,27.4611,27.1313,27.2616,4266600
2003-08-05,27.1557,27.5018,27.1516,27.4081,6155200
2003-08-06,26.9195,27.2657,26.8544,27.1557,6627200
2003-08-07,27.3471,27.4652,26.7118,26.8748,6085400
2003-08-08,27.7747,28.0108,27.3593,27.4448,6182600
2003-08-11,27.966,28.1004,27.6362,27.852,4436800
2003-08-12,28.6257,28.6257,27.7543,27.966,5474400
2003-08-13,28.6135,28.7071,28.4302,28.6257,6153800
2003-08-14,28.7682,28.9799,28.4424,28.6664,7145800
2003-08-15,28.8944,29.2976,28.6868,28.9514,3300800
2003-08-18,29.7414,29.7821,29.0492,29.098,6569200
2003-08-19,29.6844,29.7862,29.208,29.7455,6420000
2003-08-20,29.4238,29.4889,29.2405,29.3627,4044400
2003-08-21,29.892,30.112,29.3586,29.4808,6196200
2003-08-22,29.1917,30.1201,29.1917,30.0061,4680600
2003-08-25,28.3651,28.9107,28.1778,28.9107,7085200
2003-08-26,28.3203,28.4628,27.7421,27.7421,7307000
2003-08-27,28.5687,28.6908,28.2429,28.2999,4183800
2003-08-28,28.7682,28.8863,28.2104,28.7275,3715200
2003-08-29,29.2487,29.3302,28.9107,28.9107,3647200
2003-09-02,29.5052,29.6844,29.0044,29.2976,4242800
2003-09-03,29.2976,29.5052,28.9148,29.3912,4994800
2003-09-04,28.9474,29.2772,28.7193,29.1347,3969600
2003-09-05,28.5564,28.7071,28.2796,28.4832,7657000
2003-09-08,28.7112,28.7438,28.3325,28.5564,4619000
2003-09-09,28.2592,28.6094,28.0149,28.6094,5141400
2003-09-10,28.0963,28.1574,27.7706,28.1167,6279200
2003-09-11,27.6851,28.133,27.2249,28.0963,11170400
2003-09-12,27.7013,27.7706,27.3471,27.5873,6041600
2003-09-15,28.0963,28.2836,27.7461,27.8032,5558200
2003-09-16,28.3773,28.418,28.019,28.1085,3667800
2003-09-17,28.5972,28.7886,28.4994,28.5239,5389200
2003-09-18,29.0329,29.2283,28.4832,28.7478,5145800
2003-09-19,28.9922,29.2161,28.8211,29.0329,4965200
2003-09-22,28.6949,29.1876,28.5605,28.8944,5866200
2003-09-23,29.0899,29.1917,28.7723,28.7763,3932400
2003-09-24,28.7071,29.2976,28.6827,29.1143,4616000
2003-09-25,28.0882,28.8578,28.0556,28.7763,5387600
2003-09-26,27.7869,28.0149,27.4652,28.0149,5862400
2003-09-29,28.1737,28.2714,27.681,27.852,4724200
2003-09-30,28.0312,28.2958,27.6484,28.1045,5148400
2003-10-01,29.0492,29.098,28.0556,28.0678,5336200
2003-10-02,29.5989,29.6966,29.2813,29.3179,7216400
2003-10-03,29.8798,30.3318,29.603,29.9287,6192000
2003-10-06,30.1364,30.4133,29.8025,30.0916,3772000
2003-10-07,30.2708,30.3033,29.8473,30.0346,3934200
2003-10-08,30.6494,30.7716,30.3929,30.5191,4130800
2003-10-09,30.9793,31.3946,30.8082,31.0078,5414600
2003-10-10,30.8652,31.1096,30.6942,30.9467,2556600
2003-10-13,31.3132,31.5168,30.9467,30.9467,3015600
2003-10-14,31.2887,31.3091,30.9304,31.1584,3658200
2003-10-15,32.0543,32.1357,31.3661,31.5453,6321000
2003-10-16,30.9928,31.3678,30.0616,31.3678,27353800
2003-10-17,30.7256,31.21,30.6504,31.0513,6637000
2003-10-20,30.901,31.0722,30.5753,30.9218,4032600
2003-10-21,30.3832,30.9051,30.379,30.9051,5590800
2003-10-22,29.8862,30.5251,29.7902,29.9739,5806000
2003-10-23,29.7985,29.9948,29.6565,29.8862,5641200
2003-10-24,29.6691,29.8821,29.4269,29.5229,4872800
2003-10-27,29.9405,30.0032,29.6524,29.857,3972200
2003-10-28,30.3915,30.4792,29.8612,29.9948,5315800
2003-10-29,30.6755,30.6755,30.0658,30.3832,3301600
2003-10-30,30.8425,31.093,30.4583,30.8634,5517200
2003-10-31,30.6212,31.0179,30.6003,30.8425,4872000
2003-11-03,30.9218,31.1056,30.6003,30.6755,4029314
2003-11-04,31.2392,31.4313,30.8634,30.9218,4473000
2003-11-05,31.2935,31.6066,31.0597,31.1348,3948800
2003-11-06,31.1223,31.21,30.926,31.1933,3948600
2003-11-07,30.3038,31.1098,30.2621,31.0805,5778000
2003-11-10,30.1034,30.6295,29.9907,30.2537,4156000
2003-11-11,30.0449,30.308,29.9656,30.1034,4250200
2003-11-12,30.7757,30.8008,30.1493,30.1493,2639600
2003-11-13,30.6838,30.9385,30.5377,30.6546,3132200
2003-11-14,30.3205,31.1348,30.2746,30.6838,3460600
2003-11-17,30.2746,30.333,30.0449,30.3205,3641000
2003-11-18,29.8278,30.5418,29.7693,30.2746,3668000
2003-11-19,30.3874,30.4332,29.7902,29.8153,3591400
2003-11-20,30.379,30.7214,30.2328,30.3581,3676400
2003-11-21,30.4541,30.6295,30.3748,30.4959,3011000
2003-11-24,30.6254,30.8049,30.5042,30.5042,3615400
2003-11-25,31.3436,31.448,30.7339,30.7548,4780000
2003-11-26,31.4856,31.5273,31.0346,31.5273,3596200
2003-11-28,31.757,31.8238,31.4104,31.4271,1362600
2003-12-01,32.066,32.0744,31.4563,31.8405,3524400
2003-12-02,31.5649,31.9616,31.4021,31.9616,3887000
2003-12-03,31.5106,31.8823,31.4647,31.7069,2759000
2003-12-04,31.306,31.5566,31.1515,31.5273,3034200
2003-12-05,31.9408,32.2038,31.7361,31.7361,6489000
2003-12-08,32.0242,32.0994,31.7528,31.924,3184800
2003-12-09,31.9198,32.2957,31.8739,32.1662,3612800
2003-12-10,31.7361,31.9741,31.6317,31.924,3809800
2003-12-11,32.5462,32.6506,31.7779,31.9032,4596800
2003-12-12,32.613,32.6882,32.3416,32.5462,3660200
2003-12-15,32.7759,33.2436,32.7759,32.9847,6112400
2003-12-16,33.8324,33.8741,32.8093,32.8093,8137400
2003-12-17,34.2166,34.2667,33.4607,33.657,6470600
2003-12-18,34.9933,35.1603,34.0746,34.3042,8481400
2003-12-19,35.3899,35.3899,34.701,35.1603,10107000
2003-12-22,34.9974,35.4734,34.9473,35.344,5316800
2003-12-23,34.9557,35.1394,34.6342,34.9891,4049800
2003-12-24,34.8722,35.0601,34.6592,34.797,1674400
2003-12-26,34.9557,35.1227,34.6843,34.7678,776400
2003-12-29,35.3232,35.3941,35.035,35.035,2537400
2003-12-30,35.106,35.3983,35.0183,35.2856,2185400
2003-12-31,34.6717,35.2522,34.6592,35.2438,4476000
2004-01-02,34.513,34.9473,34.4588,34.7302,4172800
2004-01-05,35.4776,35.5612,34.9557,35.0141,6184200
2004-01-06,34.8054,35.273,34.7427,35.2104,6190400
2004-01-07,34.4462,34.8763,34.3711,34.8763,6203200
2004-01-08,34.179,34.7385,34.1372,34.5506,5050400
2004-01-09,33.5943,34.0955,33.4899,33.8449,6071000
2004-01-12,34.4295,34.5339,33.8491,33.8658,4166200
2004-01-13,34.4504,34.9098,33.8115,34.6383,5228200
2004-01-14,34.9515,35.106,34.4379,34.4379,4498000
2004-01-15,34.9893,35.6692,34.6578,35.2495,3720600
2004-01-16,35.3082,35.6481,35.1068,35.2495,5083400
2004-01-20,34.4731,35.2536,34.4731,35.0816,4803400
2004-01-21,34.9977,35.048,34.1752,34.4983,4066600
2004-01-22,35.2495,35.5474,34.8844,35.0606,4110800
2004-01-23,35.3208,35.3208,34.8928,35.283,4675200
2004-01-26,35.6733,35.7069,34.6914,35.1236,4635000
2004-01-27,34.4102,35.9628,34.4102,35.9628,9250600
2004-01-28,33.4114,34.4731,33.2352,34.1165,7843000
2004-01-29,32.4211,33.6381,32.2071,33.5709,10858000
2004-01-30,32.7862,32.9205,32.3162,32.333,9041400
2004-02-02,32.5176,32.9624,32.4085,32.8366,7814400
2004-02-03,32.3288,32.5009,32.0686,32.5009,8211000
2004-02-04,31.8504,32.1106,31.7959,31.9973,8467800
2004-02-05,32.0266,32.3708,31.5902,31.8084,7881000
2004-02-06,32.9415,33.0757,32.0602,32.0602,5229600
2004-02-09,32.5932,33.017,32.5302,32.9247,2939600
2004-02-10,32.1274,32.6477,31.9553,32.5386,5732600
2004-02-11,33.1345,33.1345,31.9008,32.0224,6356600
2004-02-12,33.0212,33.2562,32.803,33.0464,3096400
2004-02-13,32.4883,33.1764,32.4379,32.9415,3749000
2004-02-17,33.3695,33.5248,32.9415,33.0044,4740000
2004-02-18,33.1135,33.3821,32.845,33.2436,3079400
2004-02-19,32.954,33.4577,32.9331,33.2562,3372800
2004-02-20,32.2365,33.0044,31.9301,32.954,5351400
2004-02-23,32.4043,32.6561,32.1274,32.3959,3589400
2004-02-24,32.1861,32.5218,32.0434,32.2281,3252200
2004-02-25,32.3875,32.5218,31.9637,32.1651,3886600
2004-02-26,32.7107,32.9666,32.2533,32.312,3620400
2004-02-27,31.7875,32.6057,31.7665,32.6057,7390600
2004-03-01,32.2449,32.568,31.8294,31.8924,4758800
2004-03-02,32.5596,32.6603,31.9427,31.9973,4534200
2004-03-03,32.4463,32.8072,32.4136,32.5638,3606200
2004-03-04,32.2994,32.4211,32.1106,32.3414,2649800
2004-03-05,32.0476,32.354,31.8714,31.9343,5206000
2004-03-08,32.2659,32.8366,32.2659,32.5848,5699600
2004-03-09,32.0602,32.7233,31.8798,32.4169,5101800
2004-03-10,30.8475,32.4799,30.7887,32.312,9450600
2004-03-11,30.6964,31.2629,30.4278,30.7803,7803400
2004-03-12,31.4433,31.4433,30.6377,30.7719,5666800
2004-03-15,31.0447,31.3301,30.9062,31.0951,5711600
2004-03-16,31.6196,31.8336,31.158,31.2629,6195400
2004-03-17,32.4043,32.5176,31.6826,31.7035,5044400
2004-03-18,32.3959,32.4799,31.7035,32.2994,4893400
2004-03-19,32.0182,32.6771,31.9805,32.4001,4901600
2004-03-22,31.6826,31.8084,31.4182,31.7455,3908200
2004-03-23,31.8294,32.2071,31.6742,31.7665,4311800
2004-03-24,32.0308,32.1693,31.7161,31.8714,3448800
2004-03-25,32.375,32.3959,31.8714,32.1022,3494400
2004-03-26,32.4966,32.8366,32.0812,32.291,3820000
2004-03-29,33.3527,33.445,32.9163,32.9163,5057200
2004-03-30,33.5709,33.5877,32.8219,33.2688,6002400
2004-03-31,33.1807,33.508,33.0967,33.3443,3436800
2004-04-01,33.1513,33.5877,32.9415,33.2142,3429400
2004-04-02,34.0745,34.213,33.3905,33.6758,5519400
2004-04-05,34.5822,34.6242,33.8227,33.9906,3417800
2004-04-06,34.7921,34.9473,34.3682,34.4102,4343600
2004-04-07,34.4983,34.7459,34.1668,34.6704,4794200
2004-04-08,34.4018,34.9096,34.3263,34.7039,2356400
2004-04-12,35.1446,35.1656,34.4102,34.4941,3497000
2004-04-13,34.4186,35.3124,34.1584,35.1907,5195400
2004-04-14,34.0031,34.5739,33.6339,34.2717,5116200
2004-04-15,33.9066,34.3934,33.6926,34.0955,4013200
2004-04-16,34.3976,34.4354,33.9025,34.2843,3499800
2004-04-19,33.9906,34.3934,33.8647,34.3892,3235800
2004-04-20,33.5625,34.4396,33.5122,34.0955,4575000
2004-04-21,34.0241,34.0661,32.9079,33.5709,6023400
2004-04-22,36.158,36.4417,35.1132,35.6851,10814000
2004-04-23,35.2379,36.2483,35.1476,36.1623,7014600
2004-04-26,34.7822,35.2852,34.7521,35.2551,4947600
2004-04-27,35.1691,35.2551,34.7865,34.9541,4461000
2004-04-28,34.2663,35.3282,34.0255,35.2551,5506200
2004-04-29,33.3548,34.5242,33.1011,34.5242,6920200
2004-04-30,33.4193,33.9438,33.1613,33.5353,5599600
2004-05-03,34.1244,34.2663,33.4752,33.4924,3710600
2004-05-04,33.9696,34.2318,33.5397,34.1244,4164000
2004-05-05,33.8793,34.0298,33.6213,33.961,3516000
2004-05-06,33.4709,33.7073,32.9807,33.7073,3812800
2004-05-07,33.157,33.7632,33.1527,33.2774,4857000
2004-05-10,31.334,32.7228,31.0503,32.7185,14209400
2004-05-11,31.4286,31.6479,31.2567,31.4974,7685400
2004-05-12,32.1853,32.2025,31.0804,31.5146,6281200
2004-05-13,32.0993,32.525,31.7554,32.022,4856800
2004-05-14,32.5422,32.7658,31.8285,32.0305,4855400
2004-05-17,31.6178,32.0091,31.2567,31.9445,5203400
2004-05-18,31.7081,32.1165,31.4329,32.052,4745200
2004-05-19,31.7296,32.353,31.6264,32.0305,5559800
2004-05-20,31.0675,31.7339,30.9987,31.7296,6378200
2004-05-21,31.3986,31.42,30.96,31.1965,4399800
2004-05-24,31.8113,32.568,31.6651,32.2455,7180200
2004-05-25,32.095,32.1036,31.5447,31.7296,5267800
2004-05-26,32.181,32.3358,32.0305,32.095,4146800
2004-05-27,32.3186,32.8775,32.0907,32.353,4933400
2004-05-28,32.396,32.5852,32.224,32.353,2859200
2004-06-01,32.6583,32.8173,32.2713,32.396,3725600
2004-06-02,32.856,32.9936,32.5551,32.7185,4106000
2004-06-03,32.31,32.8216,32.2885,32.6884,3496600
2004-06-04,32.4605,32.8087,31.9445,32.5078,4757400
2004-06-07,33.4064,33.4322,32.7382,32.7615,3319800
2004-06-08,33.157,33.4278,33.0022,33.1914,3924400
2004-06-09,32.4175,33.1699,32.3874,33.0968,4578800
2004-06-10,32.5035,32.74,32.3315,32.525,3345800
2004-06-14,32.1423,32.5078,32.0778,32.5035,2451600
2004-06-15,32.4132,32.6067,32.1897,32.2455,4769800
2004-06-16,31.8199,32.5035,31.7683,32.4261,5287800
2004-06-17,32.1251,32.1982,31.8156,31.8199,4065200
2004-06-18,31.9961,32.2283,31.8715,32.0091,6656800
2004-06-21,32.2369,32.4347,32.0391,32.2025,3327600
2004-06-22,32.9549,32.9549,32.2928,32.6754,4883200
2004-06-23,33.488,33.488,32.8259,32.9721,4114200
2004-06-24,34.0083,34.1373,33.5482,33.5955,5932800
2004-06-25,33.5998,34.0685,33.5439,33.9008,6559800
2004-06-28,33.3118,33.8707,33.1699,33.7718,3521000
2004-06-29,33.8879,33.9868,33.1269,33.2774,3816000
2004-06-30,34.1545,34.2233,33.5353,33.8793,5106000
2004-07-01,33.6127,34.133,33.4236,34.0513,3636800
2004-07-02,32.985,33.617,32.8431,33.6127,3957200
2004-07-06,32.9893,33.0925,32.6841,32.985,3237200
2004-07-07,33.3204,33.3505,32.783,32.8818,2808600
2004-07-08,32.9033,33.3075,32.8861,33.2559,3382000
2004-07-09,33.1398,33.3806,33.0151,33.1484,3442000
2004-07-12,33.6342,33.703,32.9592,33.1398,2911800
2004-07-13,34.0814,34.1029,33.3462,33.3462,4126200
2004-07-14,33.8707,34.1502,33.6815,33.9438,3845600
2004-07-15,34.1373,34.2362,33.8234,33.8707,2916600
2004-07-16,34.3779,35.1688,34.3381,35.1157,4241400
2004-07-19,34.5458,34.7226,34.2056,34.3824,3474800
2004-07-20,34.4928,34.7844,34.2542,34.5502,2848000
2004-07-21,33.998,34.9965,33.8124,34.6607,4892400
2004-07-22,32.4869,32.6195,31.3912,32.0319,17837000
2004-07-23,32.35,32.7609,32.0186,32.4869,7610600
2004-07-26,32.076,32.6018,31.9788,32.3544,5043800
2004-07-27,31.886,32.0981,31.59,32.076,6918800
2004-07-28,32.4428,32.6548,31.8065,31.8905,6344000
2004-07-29,32.6637,32.8094,32.2793,32.6725,3329400
2004-07-30,32.4692,32.7388,32.3058,32.6637,3467800
2004-08-02,32.2969,32.4692,32.1423,32.3588,4189800
2004-08-03,31.6696,32.2969,31.4752,32.2969,7622400
2004-08-04,31.6784,31.8949,31.59,31.8109,6272800
2004-08-05,30.7594,31.7712,30.7594,31.7447,6007000
2004-08-06,31.0378,31.325,30.2646,30.5518,9485600
2004-08-09,30.9582,31.3647,30.9008,31.2587,3340800
2004-08-10,31.484,31.5105,30.861,30.9538,4053800
2004-08-11,31.8375,31.8772,31.1703,31.3736,4309800
2004-08-12,31.7049,31.8021,31.4884,31.59,5892600
2004-08-13,31.7005,31.8772,31.5061,31.6563,4379600
2004-08-16,32.1953,32.1953,31.4928,31.7005,4745600
2004-08-17,32.023,32.783,31.8993,32.5178,6229000
2004-08-18,32.0319,32.1556,31.8331,31.9126,4411600
2004-08-19,31.4973,32.0363,31.2322,32.0319,5305200
2004-08-20,31.917,32.0672,31.3691,31.3691,3947800
2004-08-23,31.8331,32.1512,31.7491,32.0274,2516600
2004-08-24,32.3191,32.6283,32.1953,32.6283,5325400
2004-08-25,32.6372,32.699,32.1865,32.3985,4168000
2004-08-26,32.5665,32.7344,32.3721,32.6372,2586600
2004-08-27,32.562,32.7123,32.4074,32.6327,2037000
2004-08-30,31.9214,32.4958,31.917,32.4958,2704400
2004-08-31,32.1202,32.2616,31.8109,32.0054,2314800
2004-09-01,32.0849,32.4516,32.0098,32.1953,3301600
2004-09-02,32.3191,32.3676,31.9258,32.1512,3307200
2004-09-03,32.5002,32.646,32.3235,32.4737,2645800
2004-09-07,33.3308,33.4192,32.7609,32.7962,5689800
2004-09-08,33.2248,33.3441,33.0922,33.238,2582400
2004-09-09,33.079,33.3043,32.8934,33.2248,3565400
2004-09-10,33.1806,33.2248,32.6813,33.2248,3063200
2004-09-13,33.5606,33.6268,33.2513,33.269,3744400
2004-09-14,33.4545,33.5782,33.2425,33.5782,2927400
2004-09-15,32.9818,33.4015,32.8978,33.4015,3351200
2004-09-16,33.0657,33.3131,32.9243,32.9818,2389400
2004-09-17,33.6312,33.6666,33.1629,33.2468,4936800
2004-09-20,33.5252,33.8389,33.3971,33.4457,2637800
2004-09-21,33.724,33.9184,33.5164,33.5738,3407600
2004-09-22,33.2955,33.6268,33.1629,33.6224,3450400
2004-09-23,32.9155,33.3485,32.752,33.2955,3271000
2004-09-24,33.0304,33.2513,32.783,32.783,3156400
2004-09-27,32.8802,33.0038,32.699,32.7918,2538400
2004-09-28,33.9759,34.4221,32.9332,32.9376,9189800
2004-09-29,35.5664,35.5885,34.0289,34.1305,14206000
2004-09-30,35.5443,35.9199,35.2792,35.5222,8609600
2004-10-01,35.6106,35.7741,35.3102,35.5399,7252000
2004-10-04,35.8978,36.2247,35.6769,35.6769,5685000
2004-10-05,35.509,35.9243,35.3853,35.8978,4108800
2004-10-06,35.7873,35.7873,35.4073,35.509,3496600
2004-10-07,35.3455,36.0745,35.2969,35.9199,4044600
2004-10-08,35.1246,35.456,34.9965,35.3499,3201000
2004-10-11,35.0848,35.4781,34.9965,35.1246,1914400
2004-10-12,35.2306,35.456,34.6828,34.9788,3672000
2004-10-13,34.9435,35.2351,34.484,35.2351,7324800
2004-10-14,35.1246,35.319,34.6563,34.9435,5252800
2004-10-15,35.8271,36.1099,35.1246,35.129,6098200
2004-10-18,35.8448,35.858,35.4118,35.7917,4689400
2004-10-19,35.7299,36.2247,35.4692,35.9331,5197200
2004-10-20,35.6945,36.1099,35.3853,35.8403,5131200
2004-10-21,34.949,36.6776,34.822,36.4689,16269200
2004-10-22,35.0896,35.8428,35.0715,35.4027,9025000
2004-10-25,35.5434,35.6704,34.9581,35.0942,4387800
2004-10-26,36.0288,36.0787,35.4798,35.4798,4759400
2004-10-27,36.6595,36.7865,35.8383,35.9154,6479400
2004-10-28,36.0833,36.596,35.8564,36.478,6464400
2004-10-29,36.5415,36.6504,36.0651,36.0878,3871200
2004-11-01,37.1313,37.1631,36.605,36.7049,5245800
2004-11-02,37.1994,37.7847,37.027,37.1903,6079200
2004-11-03,38.2248,38.3291,37.9117,38.1114,6920200
2004-11-04,38.9643,39.164,38.066,38.3246,7655400
2004-11-05,39.5496,39.8581,38.987,39.1095,7455600
2004-11-08,39.477,39.6948,39.105,39.477,4181000
2004-11-09,40.0668,40.1712,39.3454,39.3817,5526200
2004-11-10,40.2619,40.3754,39.9489,40.1576,5291400
2004-11-11,40.7655,40.8336,40.3436,40.3708,4492000
2004-11-12,40.82,40.82,40.1939,40.8109,4662600
2004-11-15,40.693,41.1285,40.5614,40.7519,4194000
2004-11-16,40.7791,41.0604,40.448,40.8064,4628600
2004-11-17,41.2328,41.5005,40.9062,41.2419,3939400
2004-11-18,41.4869,41.6412,40.8926,41.2328,3567400
2004-11-19,40.9153,41.4869,40.879,41.4869,3919800
2004-11-22,40.879,41.2555,40.6557,40.947,3692000
2004-11-23,41.2374,41.6276,40.8381,41.4688,5179800
2004-11-24,41.7682,41.7864,41.1648,41.2873,3674000
2004-11-26,42.104,42.1403,41.7819,41.8544,1418600
2004-11-29,41.3599,42.2854,41.1784,42.104,5228000
2004-11-30,41.5368,41.6412,40.9243,41.1965,4187600
2004-12-01,42.0359,42.0404,41.5307,41.5368,3336400
2004-12-02,41.6185,42.0359,41.3145,42.0359,3411400
2004-12-03,41.251,41.6639,40.879,41.5051,4909600
2004-12-06,41.0922,41.4688,41.0196,41.2555,2917000
2004-12-07,41.2056,42.0041,41.1557,41.2056,4531200
2004-12-08,41.1194,41.3145,40.8427,41.2056,3430600
2004-12-09,41.5005,41.6276,40.4661,40.9243,5305200
2004-12-10,41.5686,41.7819,41.2873,41.5005,2900600
2004-12-13,42.6394,42.6439,41.7093,41.8998,4642000
2004-12-14,42.5123,42.7528,41.8998,42.6348,4624000
2004-12-15,43.0477,43.1838,42.4579,42.5169,4284200
2004-12-16,43.0068,43.4333,42.5985,43.0567,4969200
2004-12-17,42.7573,43.1793,42.4942,43.0068,5976800
2004-12-20,42.8072,43.2382,42.6938,43.0567,3040600
2004-12-21,43.6738,43.7555,42.907,43.0341,4318800
2004-12-22,44.0776,44.2047,43.6738,43.7963,3604600
2004-12-23,44.1502,44.3771,43.9642,44.0776,2178000
2004-12-27,43.6012,44.4587,43.5105,44.2273,2452000
2004-12-28,44.6765,44.7128,43.8281,43.8417,2803000
2004-12-29,44.6765,44.7899,44.3725,44.4632,2533600
2004-12-30,44.2546,44.7355,44.2546,44.681,2396200
2004-12-31,44.2409,44.4632,44.0867,44.2591,1651400
2005-01-03,43.1339,44.0776,42.8934,43.6012,6294000
2005-01-04,42.6575,43.692,42.3445,43.5785,7579400
2005-01-05,41.8408,42.8526,41.8408,42.7618,5932800
2005-01-06,42.4579,42.9025,41.8408,41.9225,6300400
2005-01-07,42.3671,42.7845,42.2628,42.4987,5815400
2005-01-10,41.977,42.5123,41.918,42.4216,4819400
2005-01-11,41.3962,41.977,41.3372,41.977,5896000
2005-01-12,41.9089,41.9679,41.1693,41.741,8387600
2005-01-13,42.1312,42.2537,41.8136,41.8317,6702200
2005-01-14,42.5078,42.662,42.1902,42.417,3825000
2005-01-18,42.9449,43.3951,42.6525,43.3069,4624600
2005-01-19,42.4716,43.0146,42.4669,42.8382,5838800
2005-01-20,41.8078,42.4947,41.7336,42.4716,5108600
2005-01-21,41.4133,42.2163,41.1952,41.7382,6873600
2005-01-24,40.8982,41.6454,40.8982,41.5619,5634200
2005-01-25,42.0028,42.0028,40.9028,41.1859,5999600
2005-01-26,42.2905,42.5319,41.7243,42.0028,6353600
2005-01-27,40.1556,40.9539,40.0999,40.564,21820600
2005-01-28,40.5919,40.8982,40.3087,40.3784,8176600
2005-01-31,41.353,41.6083,40.6847,40.8425,6675200
2005-02-01,41.8264,42.0214,41.3762,41.5851,4816400
2005-02-02,42.2394,42.4437,41.5712,41.8125,6762800
2005-02-03,42.6061,42.7129,41.896,42.0121,5226800
2005-02-04,42.6525,42.7872,42.2302,42.6061,6606200
2005-02-07,42.4019,42.7872,42.3462,42.6525,3717400
2005-02-08,42.4576,42.6154,42.0631,42.4205,3357200
2005-02-09,42.0678,42.6943,42.0028,42.4576,3795800
2005-02-10,42.7268,42.8892,42.1931,42.2348,3192400
2005-02-11,43.061,43.2374,42.3741,42.8382,4657200
2005-02-14,42.8011,43.2513,42.6386,43.2281,2403400
2005-02-15,42.4669,42.9682,42.2256,42.7082,6315800
2005-02-16,42.9496,43.0795,42.2859,42.3509,4561000
2005-02-17,42.6154,43.1816,42.5597,42.9496,3429400
2005-02-18,42.1606,42.6293,42.1049,42.6154,4446600
2005-02-22,41.5201,42.4251,41.5015,42.0538,5110400
2005-02-23,41.9842,42.1281,41.6083,41.729,3099800
2005-02-24,43.2374,43.3395,42.1003,42.1188,4545600
2005-02-25,44.0078,44.2259,43.047,43.2002,6088600
2005-02-28,44.1145,44.6715,43.5622,43.9057,6592000
2005-03-01,45.1913,45.298,43.8314,44.0774,9691800
2005-03-02,45.0985,45.3909,44.8439,44.8478,6762000
2005-03-03,45.363,45.4157,44.6343,45.0985,5446400
2005-03-04,46.3933,46.3933,45.1356,45.4141,8097200
2005-03-07,45.9014,46.3655,45.7389,46.3655,4778200
2005-03-08,45.9478,46.3052,45.6693,45.9942,4963000
2005-03-09,44.9314,45.7668,44.9035,45.7157,5756400
2005-03-10,45.6044,45.9292,44.9128,45.0149,7010600
2005-03-11,45.9478,46.217,45.4094,45.6044,5681600
2005-03-14,44.8014,45.5997,44.639,45.4373,8236400
2005-03-15,44.9035,45.182,44.6947,44.9081,5437600
2005-03-16,44.6808,45.1403,44.328,44.9035,4454400
2005-03-17,44.936,45.1356,44.7225,44.7411,3418000
2005-03-18,44.7411,45.4234,44.3373,45.2516,8865800
2005-03-21,44.639,45.0428,44.4626,44.7411,3360200
2005-03-22,43.9567,44.9639,43.8871,44.8107,4645200
2005-03-23,43.4601,44.0821,43.409,43.9846,5009600
2005-03-24,43.4323,43.9706,43.4323,43.5576,3649400
2005-03-28,43.7293,43.8825,43.1724,43.4369,4184800
2005-03-29,41.6779,43.6272,41.5897,43.3487,12334200
2005-03-30,42.4576,42.569,41.9517,41.9889,6591400
2005-03-31,42.4391,42.7222,42.077,42.4669,4560600
2005-04-01,41.8403,42.815,41.6918,42.699,6366800
2005-04-04,41.8682,42.1095,41.3391,41.6779,6504800
2005-04-05,41.9378,42.0492,41.469,41.9703,4557000
2005-04-06,42.4159,42.4947,42.0538,42.0538,4596000
2005-04-07,42.504,42.634,42.1884,42.3741,3512800
2005-04-08,42.091,42.699,42.0724,42.6897,3612000
2005-04-11,41.8496,42.2952,41.8125,42.0074,3357800
2005-04-12,42.4159,42.4669,41.3809,41.8496,4976400
2005-04-13,41.1209,42.3462,41.0003,42.3462,6272200
2005-04-14,39.6358,41.3066,39.5894,41.1163,9814000
2005-04-15,38.7354,39.6822,38.4847,39.6358,9301000
2005-04-18,38.7911,39.3387,38.3409,38.8189,6255800
2005-04-19,39.4269,39.7657,39.167,39.1716,6884200
2005-04-20,40.861,41.7707,40.6893,41.5851,17638600
2005-04-21,42.6227,42.7369,41.5959,41.9762,9535600
2005-04-22,42.6941,42.9745,42.1902,42.6227,6380400
2005-04-25,43.3216,43.6116,42.8272,42.9983,5848800
2005-04-26,42.2425,43.4214,42.1902,43.3263,5687400
2005-04-27,41.8574,42.057,41.035,42.057,7995200
2005-04-28,41.2156,41.9667,41.0682,41.8574,5696200
2005-04-29,41.8574,41.9525,40.8971,41.6435,5593200
2005-05-02,42.0238,42.038,41.4818,41.9382,3609200
2005-05-03,41.634,42.1426,41.4628,42.0238,5118800
2005-05-04,42.5087,42.6323,41.7528,41.7528,3899000
2005-05-05,42.7131,42.9127,42.4516,42.5087,4534600
2005-05-06,42.8605,43.3834,42.8081,43.3834,4641600
2005-05-09,42.9175,43.1172,42.7701,42.8605,3009400
2005-05-10,42.618,42.8319,42.4754,42.8319,4120000
2005-05-11,43.2122,43.3216,42.3565,42.6893,4582600
2005-05-12,42.252,43.4024,42.2139,43.236,7342800
2005-05-13,42.309,42.889,42.0903,42.309,6188800
2005-05-16,42.965,43.0458,42.1664,42.3138,3781200
2005-05-17,43.7161,43.7637,42.8319,43.0839,4603800
2005-05-18,44.4577,44.6859,43.7352,43.7352,4985000
2005-05-19,44.4482,44.5909,44.1155,44.4435,2762600
2005-05-20,44.51,44.6146,44.0679,44.6146,2659200
2005-05-23,44.7049,45.0377,44.472,44.472,2723600
2005-05-24,44.6051,44.7049,44.2818,44.6859,2201800
2005-05-25,43.9586,44.4102,43.7922,44.3532,3393200
2005-05-26,44.8903,44.9094,44.0774,44.0774,2630800
2005-05-27,44.8333,44.9521,44.491,44.8761,1793800
2005-05-31,44.7382,45.147,44.472,44.8381,3546400
2005-06-01,45.3848,45.8981,44.5909,44.6621,5041000
2005-06-02,45.2469,45.6367,45.1138,45.3942,2719400
2005-06-03,44.6716,45.4465,44.5671,45.1851,3270800
2005-06-06,44.7572,45.1233,44.6003,44.762,2420600
2005-06-07,44.9379,45.5939,44.7239,44.7905,3284200
2005-06-08,45.9124,46.0693,45.399,45.6367,7875600
2005-06-09,46.326,46.8632,46.0122,46.0883,5370000
2005-06-10,46.1216,46.6112,45.7555,46.5162,4947600
2005-06-13,46.3878,47.0866,45.9504,46.1358,4168400
2005-06-14,46.8584,47.0201,46.2452,46.3973,3809400
2005-06-15,46.8632,47.0391,46.2927,46.8632,3306600
2005-06-16,46.7348,47.0913,46.5066,47.0153,4159800
2005-06-17,47.6333,47.9375,46.8251,47.0628,7572800
2005-06-20,47.9185,48.18,47.291,47.5382,4247800
2005-06-21,48.584,48.9548,48.0801,48.1087,6815200
2005-06-22,47.8092,48.6031,47.7759,48.489,4390000
2005-06-23,46.8108,47.7759,46.7538,47.7759,5940200
2005-06-24,46.0455,46.8917,45.8268,46.8108,7026800
2005-06-27,46.074,46.5874,45.6462,46.0455,3741600
2005-06-28,46.4924,46.5827,46.1311,46.2309,5434200
2005-06-29,45.9409,46.8489,45.8744,46.4924,6020000
2005-06-30,45.3087,46.1263,45.2944,45.7793,6724600
2005-07-01,45.6034,45.6842,45.4038,45.5178,4250400
2005-07-05,45.7175,45.8744,45.3419,45.5654,4409400
2005-07-06,45.3039,45.6747,45.09,45.4465,5080800
2005-07-07,46.2785,46.3545,45.1613,45.3087,5609400
2005-07-08,46.9202,47.2672,46.2309,46.4686,5812600
2005-07-11,47.5239,47.6095,46.9678,47.2672,4666200
2005-07-12,47.0438,47.5335,46.7776,47.5239,7609000
2005-07-13,47.4622,47.475,46.8822,47.0438,15703400
2005-07-14,48.489,48.584,47.0628,47.7284,7034100
2005-07-15,48.1752,48.489,47.7474,48.489,5129900
2005-07-18,48.3178,48.8693,48.2132,48.2513,4302400
2005-07-19,50.7708,50.7898,49.6869,49.7915,13784500
2005-07-20,51.3082,51.694,50.363,51.2021,10219000
2005-07-21,50.4402,51.5493,50.1991,51.3757,8321700
2005-07-22,50.5463,50.961,49.9194,50.8742,5118800
2005-07-25,50.0062,50.797,49.7844,50.6813,3809600
2005-07-26,49.9773,50.3727,49.7747,50.1508,2777900
2005-07-27,50.9127,50.9127,49.7747,50.1508,5410700
2005-07-28,52.5137,52.6584,50.9224,51.1153,7656500
2005-07-29,51.9929,52.4076,51.4529,52.1279,5421300
2005-08-01,52.099,52.5137,51.8386,52.2726,3024700
2005-08-02,52.5234,52.6294,52.0026,52.1279,3050600
2005-08-03,52.4559,52.5234,52.0604,52.3016,3224000
2005-08-04,52.099,52.3016,51.8097,52.1376,2862700
2005-08-05,51.7036,52.2244,51.53,52.0797,2600800
2005-08-08,51.7711,52.3112,51.5975,52.0604,2043100
2005-08-09,52.4076,52.4655,51.7615,52.0797,2262400
2005-08-10,53.0442,53.6132,52.6198,52.6873,4334700
2005-08-11,53.5264,53.5264,52.8802,53.1888,2758700
2005-08-12,52.8513,53.401,52.5619,53.3913,2448300
2005-08-15,53.2949,53.3913,52.6198,53.2467,1772700
2005-08-16,51.7807,52.9477,51.7036,52.4655,4933500
2005-08-17,51.5589,51.935,51.3467,51.694,2256000
2005-08-18,51.2599,51.501,50.826,51.4529,2804500
2005-08-19,52.8706,52.9959,51.2503,51.501,4110700
2005-08-22,52.8609,53.5264,52.6005,53.0442,3190000
2005-08-23,52.7452,53.2081,52.3305,52.8995,2297600
2005-08-24,51.3178,52.668,51.1249,52.6584,3836800
2005-08-25,51.501,52.1183,51.3082,51.3274,2792200
2005-08-26,51.5878,52.0701,51.2503,51.9833,2675700
2005-08-29,51.7904,51.9833,51.1635,51.2599,2364500
2005-08-30,51.8675,51.9929,51.0574,51.501,2737400
2005-08-31,53.5167,53.671,51.964,52.1858,6101400
2005-09-01,54.9152,54.973,53.8157,53.9797,6425100
2005-09-02,56.1786,56.709,54.973,55.1659,7003500
2005-09-06,56.4293,56.7187,55.4071,55.7253,7794300
2005-09-07,56.9694,57.0273,56.4004,56.8527,4965500
2005-09-08,56.2557,57.1237,55.8218,56.1304,3982000
2005-09-09,56.7669,56.8537,56.3329,56.6608,2658000
2005-09-12,57.1816,57.1816,56.6608,56.8537,2439400
2005-09-13,57.2877,57.7506,56.7958,57.2105,3694400
2005-09-14,56.2268,57.4709,56.0918,57.2877,2990000
2005-09-15,55.6867,56.4486,55.3202,56.2557,3497100
2005-09-16,55.6674,56.1015,55.0502,55.9375,4872500
2005-09-19,54.9441,56.0532,54.6259,55.6482,3391500
2005-09-20,54.7898,55.7639,54.674,55.4071,3755900
2005-09-21,55.0791,55.5324,54.3558,54.6837,4223200
2005-09-22,55.9375,56.5162,55.7253,55.9375,4261300
2005-09-23,56.8248,56.9984,56.0821,56.304,3185400
2005-09-26,56.2654,56.4679,55.542,56.3233,4682900
2005-09-27,56.6319,56.873,55.841,56.3233,3437900
2005-09-28,55.5035,57.442,54.973,57.3456,3868600
2005-09-29,55.9278,56.1689,55.2334,55.5131,3083200
2005-09-30,56.6608,57.0369,55.9471,56.2075,3998300
2005-10-03,56.9116,57.1237,56.4679,56.6705,2598600
2005-10-04,55.7253,57.7121,55.6964,56.8055,3695800
2005-10-05,54.2208,55.6096,54.2111,54.7802,5207900
2005-10-06,53.2274,54.3461,52.5619,54.3461,6345300
2005-10-07,54.6066,54.8766,53.5264,53.5457,3593100
2005-10-10,53.5939,54.7802,53.1213,54.539,3294500
2005-10-11,53.5843,54.5294,53.5264,53.8736,3296200
2005-10-12,52.8127,54.2304,52.5523,53.671,5345800
2005-10-13,52.0797,53.0056,51.3853,52.6198,6138100
2005-10-14,52.7934,52.9574,52.4076,52.4655,4334400
2005-10-17,53.0731,53.4203,52.533,53.237,3286800
2005-10-18,52.0411,52.9284,52.0315,52.9188,3535100
2005-10-19,53.4589,53.4782,51.4336,52.0508,3169600
2005-10-20,52.8271,54.587,52.2013,53.9515,4197800
2005-10-21,47.8895,49.2974,47.1758,48.1632,27235800
2005-10-24,49.1899,49.229,48.349,48.3979,8564900
2005-10-25,49.1703,49.493,48.8672,49.3072,6928900
2005-10-26,49.4245,50.0112,48.8477,49.1801,4675500
2005-10-27,48.789,49.4734,48.6424,49.3268,5288300
2005-10-28,49.8939,50.2165,48.701,49.0334,4308800
2005-10-31,51.4093,51.9666,50.5294,50.8423,6600400
2005-11-01,51.5462,51.996,51.1844,51.4289,6539500
2005-11-02,52.4946,52.8173,51.6342,51.6733,4270400
2005-11-03,52.3382,53.2964,52.26,52.8955,6196500
2005-11-04,52.3577,52.7391,52.2111,52.5631,3205900
2005-11-07,53.0422,53.443,52.2111,52.5533,3196900
2005-11-08,53.0422,53.4724,52.5347,53.0422,3602300
2005-11-09,52.8955,53.3257,52.6511,53.0519,2819200
2005-11-10,53.4724,53.6875,52.6217,52.7293,2939600
2005-11-11,53.6484,53.7657,53.0715,53.5995,1872100
2005-11-14,54.1959,54.2546,53.4039,53.5799,3049000
2005-11-15,54.6554,54.7141,54.147,54.1666,3923000
2005-11-16,55.4669,55.9851,54.6554,54.6554,4577900
2005-11-17,56.1905,56.2198,55.3203,55.7114,4299800
2005-11-18,56.0047,56.7087,55.6048,56.7087,4075100
2005-11-21,56.4251,56.5229,55.4278,55.8287,2666000
2005-11-22,57.4518,57.5886,56.122,56.4251,3231900
2005-11-23,56.7184,57.3051,56.5718,57.2953,2714000
2005-11-25,56.6598,57.178,56.6011,56.7282,815500
2005-11-28,56.1709,56.9238,55.8483,56.6891,2200900
2005-11-29,55.8287,56.5131,55.6723,56.1709,3592600
2005-11-30,56.4936,56.6989,55.9265,55.9754,2709000
2005-12-01,57.6864,57.7157,56.5522,56.7087,3140300
2005-12-02,57.5006,58.1264,57.0998,57.5886,2262100
2005-12-05,57.0313,57.8233,56.5327,57.3442,3191600
2005-12-06,57.4908,57.97,56.6989,56.9531,2689400
2005-12-07,56.4936,57.7646,56.2198,57.4908,3164300
2005-12-08,56.0634,56.8945,55.7994,56.3469,2813800
2005-12-09,56.7967,57.1095,56.034,56.3078,2288300
2005-12-12,56.738,57.2367,56.7087,56.7282,1381900
2005-12-13,57.6571,58.097,56.5131,56.6402,2670600
2005-12-14,57.442,57.6864,56.8064,57.4224,2373800
2005-12-15,57.4029,58.1753,57.3149,57.7353,2555400
2005-12-16,58.3121,58.4197,57.5104,57.6864,5106100
2005-12-19,55.5647,57.6864,55.1052,57.3442,5654700
2005-12-20,55.4767,56.4349,55.3203,55.7309,3488000
2005-12-21,55.8092,56.4545,55.4963,55.8287,2874900
2005-12-22,57.1487,57.4029,56.0487,56.122,3101000
2005-12-23,57.2073,57.5397,56.9433,57.1584,1331800
2005-12-27,56.6011,58.0677,56.5914,57.2171,2143000
2005-12-28,56.5522,56.8945,56.0927,56.7576,2213900
2005-12-29,56.8456,57.4811,56.5914,56.6109,1619900
2005-12-30,56.4838,56.8064,56.2892,56.562,2047500
2006-01-03,56.5131,56.8162,55.7798,56.5816,3697500
2006-01-04,57.9504,58.1068,56.2687,56.6598,4577200
2006-01-05,57.9504,58.5272,57.6864,57.706,4590700
2006-01-06,59.1041,59.4072,58.0579,58.146,5692300
2006-01-09,60.1796,60.3068,59.1041,59.1041,4408800
2006-01-10,59.9352,60.1534,59.2899,59.9841,3188100
2006-01-11,59.9645,60.2676,59.3486,59.5148,2755600
2006-01-12,60.8249,61.2649,59.7494,59.8667,5322500
2006-01-13,60.9423,61.0987,60.4925,60.6392,1936700
2006-01-17,61.5582,61.7439,60.2774,60.3165,3623200
2006-01-18,61.6777,62.0636,61.0543,61.7074,3656100
2006-01-19,61.8559,62.3407,61.2522,61.4007,2375600
2006-01-20,60.144,61.8559,59.8471,61.8559,4441300
2006-01-23,60.4012,60.7971,59.6294,60.1143,2710500
2006-01-24,60.708,61.2127,60.1143,60.1539,3291600
2006-01-25,61.4205,62.5881,60.4705,60.8564,4772400
2006-01-26,64.488,64.7542,61.648,62.6376,10318100
2006-01-27,66.8233,67.6545,64.4682,65.2104,7587900
2006-01-30,66.3088,67.4072,65.6256,65.8338,5077400
2006-01-31,67.1895,67.4566,65.9426,66.2989,5673000
2006-02-01,68.5154,68.6144,67.1895,67.3874,4826100
2006-02-02,67.6743,68.3769,67.2785,68.0306,4605500
2006-02-03,67.4171,68.2483,67.041,67.4863,3529800
2006-02-06,67.9811,68.0998,67.2884,67.7832,3745900
2006-02-07,66.4572,67.6248,66.2296,67.5853,4909100
2006-02-08,68.0899,68.1691,66.6551,67.041,3569000
2006-02-09,67.7337,69.0201,67.519,68.2779,4017700
2006-02-10,68.0306,68.1493,67.0707,67.4369,3167900
2006-02-13,67.9019,68.3373,67.1697,67.5853,2838400
2006-02-14,69.4852,69.6732,67.516,68.2779,4532600
2006-02-15,70.8507,70.9002,69.1705,69.1982,4396500
2006-02-16,71.207,71.2466,70.6429,71.0387,3483300
2006-02-17,71.296,71.6325,70.9596,71.2466,4767900
2006-02-21,71.8304,72.0283,70.9299,71.2466,3956800
2006-02-22,72.2954,72.9584,71.7809,71.8304,5532000
2006-02-23,71.5929,72.3251,71.1476,72.3054,4974100
2006-02-24,71.9392,72.1569,71.0091,71.7413,2924100
2006-02-27,72.7309,73.2157,72.2362,72.5329,3217900
2006-02-28,72.3152,72.5923,71.6424,72.335,4444400
2006-03-01,73.6115,74.1558,72.1824,72.3647,4193400
2006-03-02,73.5621,73.8391,73.0376,73.3642,2247700
2006-03-03,73.8292,74.7099,73.3345,73.572,3397300
2006-03-06,72.4538,74.0964,71.7413,73.849,5497000
2006-03-07,72.2757,73.2454,71.4543,72.246,4904700
2006-03-08,71.6424,72.2856,69.6071,72.2757,7726100
2006-03-09,70.6528,71.7611,70.5044,71.6721,5101600
2006-03-10,70.2075,71.2564,69.6435,70.6034,5996900
2006-03-13,70.257,70.9992,70.0492,70.7023,3401500
2006-03-14,71.1872,71.5236,70.257,70.257,4048600
2006-03-15,73.5126,73.9183,71.1872,71.3554,5212400
2006-03-16,74.1162,74.6011,73.6016,74.1459,5802800
2006-03-17,75.4323,75.551,73.6709,74.7891,7015500
2006-03-20,75.0563,76.3031,74.8386,76.0755,4217900
2006-03-21,73.5324,75.4719,73.4136,75.1057,4594400
2006-03-22,75.4125,75.65,72.9288,72.9288,3636000
2006-03-23,75.462,76.402,74.9573,75.6005,4874800
2006-03-24,74.7099,75.8578,74.3834,75.462,4321000
2006-03-27,74.5912,75.363,74.2449,75.086,2579100
2006-03-28,74.0865,75.4323,73.9282,74.7594,3726600
2006-03-29,72.8991,73.2058,71.7908,72.4835,6587900
2006-03-30,71.6424,73.572,71.4049,72.8793,5283600
2006-03-31,71.0585,71.7016,70.5539,71.6424,4316800
2006-04-03,72.7309,74.6901,71.8007,71.9491,5885200
2006-04-04,74.512,74.7297,72.7209,73.3246,4606100
2006-04-05,75.0068,75.3531,73.8194,74.7099,4758400
2006-04-06,74.8584,75.2839,74.2251,74.7099,3679300
2006-04-07,74.136,75.2542,73.8787,74.8089,4262900
2006-04-10,74.6605,75.1255,74.136,74.1459,4039400
2006-04-11,75.8578,75.937,74.7099,75.4224,5325200
2006-04-12,77.0254,77.4312,76.0359,76.0359,6412900
2006-04-13,76.1348,76.9562,75.6104,76.3921,4209000
2006-04-17,75.6896,77.9754,75.4917,76.6791,5461200
2006-04-18,78.1436,78.2723,76.0161,76.2437,7702400
2006-04-19,78.1535,79.1133,77.5301,78.2228,4647800
2006-04-20,77.6456,78.99,76.9286,78.6614,3850300
2006-04-21,77.5461,79.6672,77.2772,79.1195,6891700
2006-04-24,77.0581,79.3884,76.4108,77.9245,11225200
2006-04-25,74.6183,76.9585,74.4589,76.9585,7536800
2006-04-26,75.634,76.4805,75.2955,75.7436,4613000
2006-04-27,74.7477,75.3353,73.5428,74.678,6142000
2006-04-28,75.4249,75.7834,74.7876,75.1859,4432600
2006-05-01,75.3154,76.2913,75.0963,75.883,4253100
2006-05-02,77.1577,77.3369,75.5046,75.6241,3857400
2006-05-03,77.7751,77.9046,76.2813,77.6257,3639700
2006-05-04,78.4821,78.8008,77.9942,78.1734,3640800
2006-05-05,79.6473,80.5535,79.0697,79.2489,6022400
2006-05-08,79.5676,79.7867,78.5817,79.6572,2725300
2006-05-09,80.8025,80.8025,79.6572,79.6672,2969200
2006-05-10,80.6332,81.6888,79.9162,81.0514,3969300
2006-05-11,79.2888,80.9618,79.0099,80.6332,4367800
2006-05-12,77.4863,79.1693,77.3568,78.9203,4548800
2006-05-15,77.1477,77.5759,75.9029,77.4863,4918800
2006-05-16,77.0183,78.6415,76.7992,77.6357,3756300
2006-05-17,75.5942,76.839,74.698,76.0722,6110900
2006-05-18,74.3096,76.132,74.0407,75.7735,6260200
2006-05-19,72.4772,74.7677,71.8001,74.678,10337400
2006-05-22,72.5669,73.0747,71.6507,71.7005,7286400
2006-05-23,73.4133,74.439,73.3635,73.4034,5703800
2006-05-24,73.2839,74.8872,71.8797,73.0947,6464700
2006-05-25,73.6523,73.7718,72.1386,73.4133,3761000
2006-05-26,74.1104,74.5087,73.0249,73.9411,2748000
2006-05-30,71.8598,74.1303,71.7602,74.1204,4130200
2006-05-31,72.6465,73.1146,71.103,72.2781,4032900
2006-06-01,72.9851,73.1644,71.5611,72.4075,2910300
2006-06-02,72.5071,73.244,71.8299,73.244,3730800
2006-06-05,69.0416,72.5071,68.5238,72.4971,6864000
2006-06-06,68.1951,69.7287,67.8167,68.9619,8730300
2006-06-07,66.4723,68.464,66.1337,68.4142,9781400
2006-06-08,66.6117,67.259,64.1918,66.1238,11897800
2006-06-09,67.2889,68.7627,67.02,67.6076,7943000
2006-06-12,66.0541,68.1154,65.7852,68.1154,6336200
2006-06-13,66.0043,67.2192,65.1379,65.357,6267800
2006-06-14,67.1096,67.2989,65.626,65.6756,5343500
2006-06-15,70.5553,70.7544,68.215,68.215,8440100
2006-06-16,70.2565,71.0731,70.0573,70.5553,6861900
2006-06-19,69.659,71.1528,69.2109,70.7046,5341000
2006-06-20,70.6947,71.342,69.908,70.0872,5368800
2006-06-21,72.1685,73.1444,70.6847,70.6947,5502100
2006-06-22,71.9793,72.3577,71.0631,72.298,3360500
2006-06-23,71.8399,72.9452,70.854,71.7503,3331200
2006-06-26,72.1785,72.6565,71.2822,72.0988,2525900
2006-06-27,71.3519,72.6664,71.2225,71.3021,2586300
2006-06-28,72.4075,72.6266,71.1129,71.3619,2922500
2006-06-29,74.0905,74.3793,72.3776,72.5469,5138300
2006-06-30,74.1702,74.6382,73.1146,74.6382,3920700
2006-07-03,74.4589,75.1162,74.1702,74.6083,1908300
2006-07-05,72.8258,73.493,72.5768,73.3934,5035700
2006-07-06,73.3436,73.9312,72.6465,72.8158,3175700
2006-07-07,72.2781,73.6324,72.059,73.0947,3334000
2006-07-10,72.9652,73.7917,72.1984,72.4474,2609100
2006-07-11,73.0947,73.3038,72.288,72.9752,3400100
2006-07-12,71.0134,72.8955,70.844,72.7162,3876700
2006-07-13,69.41,70.7743,69.3603,70.7644,4981100
2006-07-14,68.9022,69.9976,68.5138,69.7088,5557000
2006-07-17,68.9022,69.8979,68.713,68.9022,5693500
2006-07-18,69.181,69.8582,67.7769,69.3105,4852200
2006-07-19,70.8241,71.4913,68.0955,69.181,5557600
2006-07-20,68.7926,71.571,68.3345,71.0731,7217900
2006-07-21,68.0657,70.8042,66.8209,70.7046,14444500
2006-07-24,70.2266,70.2665,67.9362,69.1611,7135100
2006-07-25,70.3661,70.7245,69.0416,70.2067,5465200
2006-07-26,69.8382,70.6349,69.5096,70.4756,3526900
2006-07-27,70.4258,72.3179,69.9478,70.2067,6082600
2006-07-28,70.9138,71.4117,70.1071,71.0034,3027700
2006-07-31,70.5752,71.3619,70.1569,70.7046,3419800
2006-08-01,69.42,70.137,68.8344,69.8283,4518600
2006-08-02,70.4557,70.9138,69.6291,69.6291,3056500
2006-08-03,72.4274,72.5967,69.6291,69.9578,4899600
2006-08-04,72.7959,73.7718,71.9395,73.1644,5194900
2006-08-07,72.8756,73.6125,72.2283,72.8258,3873200
2006-08-08,71.3021,73.1245,70.9735,72.8855,4140400
2006-08-09,68.2349,72.049,68.1154,71.9992,8318200
2006-08-10,68.0358,68.7528,67.7769,68.464,6736000
2006-08-11,66.7512,67.9362,65.8749,67.8665,7035500
2006-08-14,65.6856,68.3246,65.2474,67.3188,8324400
2006-08-15,67.1296,67.1794,65.6258,66.1835,6886400
2006-08-16,68.8225,69.2607,67.3785,67.8864,6774900
2006-08-17,69.0715,69.7486,68.4641,68.8225,3738700
2006-08-18,68.0258,69.4598,67.4084,69.4598,5815800
2006-08-21,67.9661,68.1453,67.3287,67.9661,3925100
2006-08-22,68.215,68.8125,67.8267,68.1354,3696400
2006-08-23,66.9304,68.9221,66.8009,68.464,4572100
2006-08-24,65.2275,66.9404,64.4806,66.9304,8912100
2006-08-25,65.7155,66.1835,64.9786,65.2275,3964500
2006-08-28,65.7951,66.7113,65.5462,65.8549,3840500
2006-08-29,65.1777,66.1935,64.8391,65.9943,4912800
2006-08-30,64.7894,65.4566,64.5503,64.8292,4251700
2006-08-31,66.074,66.2831,64.6798,65.0284,6410100
2006-09-01,66.9902,67.518,65.6756,66.3926,5712000
2006-09-05,69.3901,69.5793,67.6773,68.5636,8504900
2006-09-06,68.8424,70.1071,68.7229,68.7229,5589800
2006-09-07,67.4781,68.3644,67.4184,68.1652,5196300
2006-09-08,67.0399,67.9163,66.9902,67.8167,4313300
2006-09-11,65.2375,66.7312,65.0682,66.7312,7895100
2006-09-12,64.879,65.7653,64.3313,65.4765,12080600
2006-09-13,66.0541,66.8607,64.869,64.8889,7132700
2006-09-14,65.2375,66.3926,65.1777,66.0541,3498800
2006-09-15,65.1578,66.0242,65.0184,66.0242,6409000
2006-09-18,66.7113,67.3188,65.2275,65.2375,5674400
2006-09-19,66.2831,67.3188,65.6159,67.269,3997800
2006-09-20,65.6059,66.9702,65.5761,66.6715,4903400
2006-09-21,64.2715,66.1138,63.9628,66.0939,8954100
2006-09-22,62.5089,64.4042,61.8317,64.2715,11133500
2006-09-25,64.0624,64.63,62.4989,62.708,7680700
2006-09-26,65.6258,66.2731,64.0226,64.0923,7622500
2006-09-27,65.4068,66.5719,64.869,65.6258,5032800
2006-09-28,66.313,66.313,64.8989,65.3669,5875900
2006-09-29,65.5263,66.781,65.4765,66.7213,4279900
2006-10-02,65.0881,66.2034,65.0284,65.1777,4272700
2006-10-03,64.8391,65.4366,64.2217,65.0981,5630500
2006-10-04,65.2673,65.2673,63.2358,63.5446,7107400
2006-10-05,67.9561,68.5238,65.0284,65.1279,12215600
2006-10-06,67.7669,67.8267,66.2632,67.2291,6587800
2006-10-09,68.6134,69.659,67.498,67.518,6839600
2006-10-10,68.7727,69.1212,68.2051,69.0117,4698200
2006-10-11,68.0358,68.5238,67.2391,68.5138,3445200
2006-10-12,68.9619,69.3762,68.2748,68.4142,4324200
2006-10-13,68.7926,69.1611,68.3943,69.1611,3486100
2006-10-16,69.6391,69.9578,68.713,69.0416,6686200
2006-10-17,69.6092,69.8283,68.2847,69.3901,6039100
2006-10-18,68.7926,70.625,68.4142,70.4656,6579300
2006-10-19,68.7329,68.8623,67.8072,68.4042,4938800
2006-10-20,58.7546,62.0209,58.5753,61.7022,67797400
2006-10-23,60.1687,60.3778,58.9139,59.7504,22131800
2006-10-24,60.6765,61.5429,60.4774,61.045,11653200
2006-10-25,61.6525,61.8317,60.5271,60.9852,11557600
2006-10-26,62.0906,62.5188,61.8516,62.4392,10546000
2006-10-27,61.0151,62.0906,60.9653,62.0906,8734100
2006-10-30,60.5072,60.9354,60.2384,60.9155,5366000
2006-10-31,60.4574,60.8757,60.089,60.7462,6959600
2006-11-01,60.2483,60.7662,59.8102,60.4574,9107900
2006-11-02,60.3081,60.8657,59.9994,60.2483,7879900
2006-11-03,60.1786,60.6765,59.9994,60.3778,6515000
2006-11-06,59.601,60.3379,59.4317,60.1487,9579900
2006-11-07,59.6707,60.1487,59.611,59.7205,7660000
2006-11-08,59.85,60.1487,59.2923,59.6707,11509700
2006-11-09,58.9537,60.1487,58.7546,60.0591,7779700
2006-11-10,59.3521,59.4417,58.7446,59.2027,5966900
2006-11-13,59.2724,59.9595,58.9936,59.0135,5139300
2006-11-14,60.1089,60.1886,59.4118,59.6508,6206800
2006-11-15,61.1944,61.4035,60.1189,60.2483,8616700
2006-11-16,61.1147,61.8516,61.055,61.3935,4834000
2006-11-17,60.6865,61.1147,60.1985,61.1147,7929700
2006-11-20,60.6566,60.8259,60.2483,60.2583,3759100
2006-11-21,61.9313,62.1404,59.9496,60.2981,9021100
2006-11-22,62.5288,62.8375,61.6226,62.6682,7213200
2006-11-24,62.6085,63.0665,61.8616,62.1902,2965900
2006-11-27,61.7122,62.9271,61.5927,62.3396,5817900
2006-11-28,61.3437,61.7022,60.3479,61.4931,6687600
2006-11-29,61.8018,62.2002,61.4433,61.7919,3592400
2006-11-30,61.7719,62.4392,61.3537,61.8914,3997000
2006-12-01,60.9354,62.1802,60.0491,62.1802,7193900
2006-12-04,61.2342,61.533,60.6964,61.1346,4954600
2006-12-05,61.8914,62.24,61.1346,61.2442,4508600
2006-12-06,62.7877,62.8375,61.7819,62.0408,6066400
2006-12-07,62.7379,63.684,62.489,62.9869,5392600
2006-12-08,63.1362,63.6143,62.7379,62.7379,4098700
2006-12-11,62.8076,63.3952,62.3992,63.3354,4699700
2006-12-12,62.0209,63.0367,61.3039,62.7379,6698400
2006-12-13,61.2342,62.24,61.035,62.2201,5110000
2006-12-14,61.8616,62.2101,61.2541,61.4334,5352800
2006-12-15,61.5628,62.479,61.4931,62.3794,5763800
2006-12-18,61.6624,62.3296,61.4035,61.9114,5307700
2006-12-19,61.2641,61.7421,60.8956,61.2143,4304900
2006-12-20,61.1147,61.6325,60.6466,61.1446,5606100
2006-12-21,60.557,61.274,60.1288,60.8956,3357700
2006-12-22,60.3379,60.6367,60.0989,60.557,2788000
2006-12-26,60.6466,60.8757,60.2384,60.2483,1933100
2006-12-27,61.2143,61.3238,60.6466,60.7462,2773800
2006-12-28,61.055,61.5927,61.0151,61.1246,2398500
2006-12-29,61.0749,61.3935,60.806,60.8657,2363600
2007-01-03,60.9056,62.0508,60.4475,61.4533,6138900
2007-01-04,60.7462,61.0251,60.0938,60.9952,4060000
2007-01-05,59.9695,60.6666,59.7006,60.5172,6267100
2007-01-08,60.0392,60.318,59.611,59.84,3943000
2007-01-09,60.3678,60.4475,59.7504,60.2085,3929100
2007-01-10,60.0691,60.1388,59.601,59.9396,6825100
2007-01-11,59.7504,60.328,59.6508,59.8898,7440900
2007-01-12,59.4915,59.6508,58.9537,59.4118,6560800
2007-01-16,58.9936,59.6807,58.8541,59.6209,6842100
2007-01-17,59.6608,60.4276,59.0035,59.1131,7255600
2007-01-18,59.6508,60.0491,59.3521,59.3521,7027700
2007-01-19,59.123,59.9496,59.0334,59.85,5561700
2007-01-22,57.928,59.2823,57.7388,59.123,9881300
2007-01-23,59.3122,59.3122,57.928,58.1869,8587900
2007-01-24,59.5014,59.8699,58.8044,59.5413,8015800
2007-01-25,59.3819,59.8699,59.133,59.601,7482200
2007-01-26,60.8359,61.1645,60.2483,61.0051,12450500
2007-01-29,61.4433,62.0309,60.8159,61.035,9608800
2007-01-30,62.6184,62.8973,61.7022,61.8914,8949600
2007-01-31,63.8035,64.0723,62.718,62.8773,9638100
2007-02-01,64.7196,64.9786,64.1819,64.5304,10273000
2007-02-02,64.9786,65.0981,64.2815,64.7296,5971800
2007-02-05,64.2217,65.0284,64.0425,64.9786,5253500
2007-02-06,64.152,64.6798,64.0524,64.2317,4873100
2007-02-07,65.3669,65.6273,64.3811,64.63,6546300
2007-02-08,65.357,65.5761,64.5902,65.3072,4528600
2007-02-09,64.5304,65.7155,64.4209,65.7155,5576200
2007-02-12,64.3313,64.9089,64.0126,64.4806,4977627
2007-02-13,64.4607,64.9089,64.0425,64.4308,4965188
2007-02-14,65.8848,66.2034,64.8989,65.1777,7522935
2007-02-15,67.3387,67.9163,66.7213,67.7171,9566900
2007-02-16,67.3885,67.757,67.02,67.508,4250200
2007-02-20,67.6474,67.7171,66.7312,67.259,6964300
2007-02-21,67.9262,68.0756,67.0499,67.3088,7225300
2007-02-22,67.498,68.1453,67.0499,67.9661,4989400
2007-02-23,66.9802,67.3785,66.791,67.2291,3777200
2007-02-26,66.9802,67.4881,66.791,67.2291,3990310
2007-02-27,64.5603,65.8947,63.2458,65.7752,10798400
2007-02-28,64.162,64.7894,62.7479,64.401,9558200
2007-03-01,63.6342,64.0226,62.489,63.6342,7994165
2007-03-02,62.7777,63.8931,62.6782,63.1362,6037500
2007-03-05,62.9072,63.5346,62.0807,62.2599,6713400
2007-03-06,63.3553,63.8632,62.9271,63.2956,5360600
2007-03-07,63.9628,64.3811,63.3653,63.4649,5284300
2007-03-08,64.0325,64.7196,63.7338,64.2914,4206200
2007-03-09,64.1321,64.5304,63.7437,64.1918,3267700
2007-03-12,64.3014,64.62,63.3653,64.0325,4949100
2007-03-13,63.0765,64.3811,62.9172,63.8433,6294800
2007-03-14,63.3753,63.5147,62.3197,62.947,6611900
2007-03-15,63.196,63.6441,62.9072,63.2259,4547500
2007-03-16,62.8973,63.8433,62.6383,63.4549,5241507
2007-03-19,63.903,64.4806,63.6242,64.3811,5075902
2007-03-20,64.5902,64.9089,63.7437,63.903,4730800
2007-03-21,65.9346,66.1736,64.7196,64.8292,5865424
2007-03-22,66.2632,66.5918,65.6657,66.3429,4810807
2007-03-23,66.6018,67.1495,66.3229,66.3727,3955397
2007-03-26,66.5619,67.4383,65.9844,67.1694,7645778
2007-03-27,66.6018,66.7611,65.8649,66.0341,4266800
2007-03-28,65.9644,66.4624,65.4765,66.2731,4428700
2007-03-29,65.9146,66.6317,65.357,66.3926,3752400
2007-03-30,66.7512,67.4084,66.3727,66.4225,6216500
2007-04-02,66.4723,66.8707,65.7454,66.7611,4917200
2007-04-03,66.9603,67.4184,66.5619,66.9304,5065355
2007-04-04,67.1993,67.4781,66.6516,66.9603,3257300
2007-04-05,67.3486,67.7171,67.1196,67.1993,3632707
2007-04-09,67.0599,67.9063,66.8009,67.4781,3780650
2007-04-10,66.6715,67.269,66.1238,66.9204,3699985
2007-04-11,66.074,66.8934,65.7752,66.7213,3779732
2007-04-12,66.3628,66.4723,65.586,65.825,4017847
2007-04-13,66.5122,66.7512,66.0541,66.6715,3449689
2007-04-16,66.6217,67.0499,66.1935,66.7512,5126326
2007-04-17,67.3785,67.4781,66.5221,66.7213,7919095
2007-04-18,69.0814,69.5694,68.1254,68.1254,9469520
2007-04-19,68.3345,68.6432,67.7968,68.4142,6963883
2007-04-20,71.5212,72.527,70.4158,71.7303,19014962
2007-04-23,71.5511,72.6963,71.4416,71.8996,10759010
2007-04-24,72.5071,72.6366,71.5312,71.6009,6847555
2007-04-25,72.9254,73.1843,71.7104,72.6963,5806174
2007-04-26,72.6963,73.0349,72.3079,72.7461,4511114
2007-04-27,73.4531,73.7917,72.1984,72.298,6511480
2007-04-30,72.3179,73.6125,72.2084,73.254,5221474
2007-05-01,72.9353,73.005,71.4814,72.298,5284792
2007-05-02,73.0947,73.9809,72.8457,73.005,4355288
2007-05-03,73.0548,73.3834,72.5868,73.005,4349402
2007-05-04,72.7959,73.8714,72.527,73.493,3468648
2007-05-07,72.3677,73.1146,72.0789,72.6465,3632388
2007-05-08,73.1245,73.5428,71.9395,72.1984,4548500
2007-05-09,74.439,74.449,72.9951,73.0947,5651827
2007-05-10,73.503,74.5884,73.1046,74.2,4536920
2007-05-11,74.5685,74.688,73.5428,73.7917,5549083
2007-05-14,75.9826,76.1419,74.2897,74.688,8043340
2007-05-15,75.6938,76.5203,75.4747,75.7137,5614050
2007-05-16,75.634,76.4706,74.8175,76.1818,5897425
2007-05-17,74.5287,74.8872,73.5428,74.8672,7426300
2007-05-18,74.4589,74.937,74.1602,74.698,5199400
2007-05-21,74.5386,74.9469,74.0108,74.4589,4445700
2007-05-22,75.1959,75.415,74.4689,74.5386,5170700
2007-05-23,75.7137,76.9286,75.4946,75.5643,5682658
2007-05-24,75.1162,76.6598,74.7677,75.7137,6316294
2007-05-25,75.395,76.2714,75.0365,75.0565,3337402
2007-05-29,75.4349,75.9926,74.9668,75.5046,3816357
2007-05-30,78.1535,78.3129,74.9867,75.0863,8564374
2007-05-31,78.2531,78.5618,77.556,78.273,5738120
2007-06-01,77.8149,79.1294,77.4166,78.522,6532040
2007-06-04,77.9643,78.0838,77.1876,77.6656,3227400
2007-06-05,78.3228,78.5518,77.4763,77.795,3480865
2007-06-06,78.3527,78.7909,77.6755,77.795,5395137
2007-06-07,76.9884,78.9502,76.7793,78.1037,6368148
2007-06-08,78.1934,78.2531,76.7295,76.9187,5266945
2007-06-11,78.4224,79.1294,77.7353,77.9942,3694052
2007-06-12,77.7552,79.0,77.6954,77.9743,4578928
2007-06-13,79.5975,79.6373,77.6855,78.1336,7961800
2007-06-14,80.3942,80.663,79.1494,79.1494,6189540
2007-06-15,80.7726,81.2605,80.663,81.2107,5901000
2007-06-18,81.5095,81.7883,80.7228,80.7726,4548454
2007-06-19,82.1468,82.4556,81.2406,81.5095,4052300
2007-06-20,81.0415,82.5452,80.922,82.5352,4162400
2007-06-21,81.1311,81.2904,79.8863,80.673,5411873
2007-06-22,80.5635,81.6489,80.434,81.1311,5134700
2007-06-25,80.3643,81.2406,79.8166,80.3145,4386500
2007-06-26,79.956,80.8025,79.8664,80.6132,5537900
2007-06-27,79.1792,79.956,78.1137,79.6871,7854800
2007-06-28,78.761,79.2987,78.3228,79.2191,4736600
2007-06-29,77.9743,79.0199,77.2075,78.6913,7513500
2007-07-02,80.1153,80.5336,78.1834,78.273,4867025
2007-07-03,77.6656,78.8606,77.2772,78.8606,6266966
2007-07-05,77.1676,78.0539,76.839,77.6755,4410300
2007-07-06,78.4523,78.8108,77.2772,77.4365,4723300
2007-07-09,79.4979,80.4539,78.751,78.9104,6490400
2007-07-10,80.8821,81.4995,79.6672,79.6871,10013622
2007-07-11,81.8282,82.2365,80.8821,81.0614,6648900
2007-07-12,83.7402,83.7999,81.8282,82.6348,7163675
2007-07-13,84.7758,85.5426,84.3178,84.5468,6340900
2007-07-16,85.5426,86.1302,84.9053,85.6124,6032770
2007-07-17,86.1103,86.6381,85.6323,85.8912,5679400
2007-07-18,86.23,86.98,84.83,85.98,7013354
2007-07-19,86.98,87.0,85.63,86.76,6257336
2007-07-20,83.2,83.2,78.26,79.75,38721384
2007-07-23,82.0,82.99,81.39,82.47,10071480
2007-07-24,81.66,82.37,80.91,81.82,8273412
2007-07-25,80.5,82.055,79.56,82.02,9408705
2007-07-26,78.29,80.83,76.8,79.48,11703386
2007-07-27,76.02,79.98,75.25,78.7,12588165
2007-07-30,77.04,77.75,75.67,76.99,6766797
2007-07-31,78.8,79.7,77.87,78.11,11028988
2007-08-01,80.13,80.28,78.08,78.61,10204770
2007-08-02,80.67,80.8,79.0,80.25,6631573
2007-08-03,78.96,81.4162,78.92,80.11,7816863
2007-08-06,81.0,81.11,77.65,79.0,7033530
2007-08-07,80.44,81.56,79.46,80.38,6449713
2007-08-08,80.9,82.13,79.69,80.3,6859497
2007-08-09,78.48,80.48,78.41,79.62,8139113
2007-08-10,77.55,78.5,76.89,77.68,8444180
2007-08-13,77.9,79.3,77.81,78.11,3866600
2007-08-14,76.77,78.21,76.59,77.91,5190900
2007-08-15,74.95,77.32,74.53,76.5,7455522
2007-08-16,73.0,74.11,70.59,73.0,16052807
2007-08-17,72.64,75.7,71.81,75.24,10762460
2007-08-20,74.05,74.8,72.23,72.97,6780200
2007-08-21,74.24,75.0,73.3,74.25,4737780
2007-08-22,75.3,76.24,74.88,75.25,5236500
2007-08-23,75.14,76.5,74.32,76.23,5548200
2007-08-24,76.32,76.41,74.8,75.43,3483400
2007-08-27,76.0,76.89,75.51,75.87,3136310
2007-08-28,74.16,76.24,74.09,75.98,4653000
2007-08-29,75.04,75.0975,73.35,74.23,4401200
2007-08-30,74.66,75.7,74.2,74.47,3579600
2007-08-31,75.77,76.28,75.21,75.66,3341100
2007-09-04,76.85,77.37,75.47,75.8,4471946
2007-09-05,75.54,76.95,75.06,76.25,4675800
2007-09-06,75.75,76.82,74.68,75.7,4617400
2007-09-07,73.44,74.5,73.1,74.2,6397900
2007-09-10,73.74,74.47,72.64,73.55,4762100
2007-09-11,73.89,74.78,73.5,74.1,4689000
2007-09-12,72.77,74.0,72.5,73.74,5681500
2007-09-13,72.99,73.4,72.62,73.17,4667010
2007-09-14,73.16,73.8,72.2,72.29,4028800
2007-09-17,73.69,74.6,73.0,73.0,4660750
2007-09-18,77.46,77.96,74.18,74.2,7460550
2007-09-19,77.91,80.17,77.65,78.66,7598050
2007-09-20,77.37,77.92,76.61,77.9,4515792
2007-09-21,78.16,78.36,77.37,78.14,5950250
2007-09-24,77.72,79.75,77.45,78.64,5682700
2007-09-25,76.37,77.31,75.97,76.98,6759000
2007-09-26,76.66,76.78,75.38,76.78,6032600
2007-09-27,77.47,78.03,76.75,77.03,4773400
2007-09-28,78.43,79.0,77.44,77.5,5643489
2007-10-01,79.56,80.04,78.43,78.91,4480096
2007-10-02,79.64,80.17,78.43,79.97,5049604
2007-10-03,78.56,79.65,78.05,79.64,4610399
2007-10-04,78.64,78.99,77.17,78.57,4305961
2007-10-05,80.33,81.0,79.01,79.01,6656500
2007-10-08,81.34,81.61,80.48,80.74,3633055
2007-10-09,82.5,82.74,81.08,81.69,4898463
2007-10-10,81.16,82.41,80.31,82.4,5167600
2007-10-11,79.44,81.76,78.62,81.53,6783970
2007-10-12,80.3,80.45,78.86,79.9,4482569
2007-10-15,78.84,80.1,77.75,80.1,6570500
2007-10-16,77.75,78.99,77.3,78.5,6320113
2007-10-17,77.13,78.86,76.25,78.35,7305250
2007-10-18,77.66,77.75,75.25,76.8,7791001
2007-10-19,73.57,75.7,72.8,74.61,19713038
2007-10-22,73.5,74.11,71.63,72.65,10289300
2007-10-23,74.42,74.6,73.09,73.8,7150883
2007-10-24,75.79,75.98,74.0,74.0,9153645
2007-10-25,74.67,75.85,73.58,75.24,6588885
2007-10-26,75.04,75.1,73.75,74.6,4844400
2007-10-29,73.9,75.36,73.8,75.01,6442262
2007-10-30,73.46,74.29,73.23,73.85,4090200
2007-10-31,74.61,75.16,73.25,73.41,6218312
2007-11-01,73.31,74.29,72.84,74.29,6177600
2007-11-02,74.76,75.13,72.57,73.51,5968947
2007-11-05,73.5,74.12,73.12,73.56,5986903
2007-11-06,74.92,75.0,73.5,73.56,5093435
2007-11-07,73.6,74.98,73.6,74.01,4673308
2007-11-08,72.43,73.83,71.82,73.66,9308463
2007-11-09,70.41,72.0948,69.67,71.94,8793513
2007-11-12,69.6,70.55,69.48,70.25,7589021
2007-11-13,71.07,71.3,69.03,70.09,7242987
2007-11-14,70.03,72.0,69.85,71.64,7505473
2007-11-15,69.73,70.65,69.29,69.89,7699524
2007-11-16,69.44,70.25,68.54,70.06,7640246
2007-11-19,68.2,69.5,67.41,69.4,7385531
2007-11-20,68.28,69.23,67.16,68.17,7487836
2007-11-21,67.94,68.73,67.0,67.58,6311093
2007-11-23,68.63,68.73,67.64,68.53,2459811
