Price,Close,High,Low,Open,Volume
Ticker,CL,CL,CL,CL,CL
Date,,,,,
1999-11-24,50.4728,51.5504,50.1326,50.5863,1416400
1999-11-26,49.7923,50.5863,49.452,50.5863,608600
1999-11-29,49.3953,49.5654,48.3178,48.7715,1724500
1999-11-30,49.7923,51.4936,49.452,49.6222,1882900
1999-12-01,50.3594,50.9832,48.5447,48.8849,1638600
1999-12-02,51.1534,51.4369,50.0191,50.5863,1684200
1999-12-03,52.6846,53.9322,52.6279,53.0816,1632700
1999-12-06,53.5353,54.1591,52.8547,53.0816,1157800
1999-12-07,52.2876,53.5353,51.4936,53.4218,1322600
1999-12-08,53.0249,53.195,51.6071,53.0816,992600
1999-12-09,53.6487,54.3292,52.2309,53.5353,988600
1999-12-10,54.6695,55.1799,53.4218,53.8755,1286300
1999-12-13,53.9889,54.8963,53.9889,54.6695,818500
1999-12-14,53.5353,54.6695,53.4785,53.6487,1338900
1999-12-15,54.0457,55.2366,53.2517,53.5353,1379100
1999-12-16,52.9681,54.6695,52.0608,54.6695,1155600
1999-12-17,55.1232,55.5768,53.7054,53.9889,2048800
1999-12-20,54.8396,55.2933,54.3292,55.0098,742600
1999-12-21,54.4993,55.4634,53.7054,54.7829,837500
1999-12-22,56.7111,57.9587,54.8396,55.2366,1311300
1999-12-23,56.8245,57.3916,55.8037,57.0513,630500
1999-12-27,57.1648,57.1648,55.2366,56.3708,864200
1999-12-28,56.5409,57.3916,56.0305,56.9379,570400
1999-12-29,56.2574,56.5977,55.8037,56.5977,357600
1999-12-30,56.7678,57.1648,56.2007,56.5977,436000
1999-12-31,58.9795,58.9795,56.7678,56.9379,561500
2000-01-03,56.4842,58.0721,56.2007,58.0721,1212900
2000-01-04,55.0098,56.2007,54.8963,55.5768,1179200
2000-01-05,53.1383,55.5768,52.401,55.1232,1578700
2000-01-06,53.0249,54.4426,52.5144,52.6279,2887600
2000-01-07,55.0664,55.2933,52.6279,53.6487,2386800
2000-01-10,57.7319,57.7319,56.0305,57.6185,1523800
2000-01-11,58.0154,58.8094,57.1081,57.1648,1925400
2000-01-12,58.4124,58.4691,56.9947,57.3916,1163300
2000-01-13,58.8094,59.6033,57.902,58.1856,1320000
2000-01-14,57.4483,60.5674,56.2574,59.8869,2347900
2000-01-18,57.1648,57.7319,56.3141,57.2215,1446000
2000-01-19,55.8037,57.3916,55.4634,57.1648,1235100
2000-01-20,56.2007,57.8453,54.8963,55.6903,1541000
2000-01-21,55.6335,57.3916,54.7829,57.3916,1798600
2000-01-24,55.2087,57.3125,55.0382,57.085,1505900
2000-01-25,54.2421,56.2322,53.901,56.1753,964500
2000-01-26,54.7539,55.1519,53.6167,54.3559,677200
2000-01-27,54.8676,55.7773,54.3559,54.3559,1037500
2000-01-28,54.1284,55.6067,53.2187,55.095,1544200
2000-01-31,53.901,54.299,53.2187,53.4461,1637200
2000-02-01,54.2421,54.7539,53.1618,53.901,1539800
2000-02-02,55.7773,56.0047,54.3559,55.0382,1505200
2000-02-03,54.5833,56.1753,53.105,55.493,2101800
2000-02-04,51.1718,54.1853,50.0346,54.1853,3232400
2000-02-07,51.2855,51.6835,48.7269,51.1718,2911600
2000-02-08,53.3893,54.0147,51.2855,51.2855,2724700
2000-02-09,52.9344,54.3559,52.309,54.3559,2210200
2000-02-10,52.1953,53.2187,52.1953,52.9913,1192100
2000-02-11,50.8307,52.4227,50.6032,52.4227,1543300
2000-02-14,49.6367,50.8876,48.2152,50.8876,1949800
2000-02-15,50.6601,50.7738,48.9544,49.8073,1913100
2000-02-16,50.3758,51.6267,50.1484,50.8307,1248500
2000-02-17,48.9544,50.9444,48.7269,50.6032,1306400
2000-02-18,48.2721,49.921,47.3055,47.7604,2091200
2000-02-22,47.6466,49.0681,46.1115,48.2721,1550500
2000-02-23,46.737,47.2486,46.3389,47.1918,1527400
2000-02-24,44.6332,46.9643,43.5529,46.1684,2471200
2000-02-25,43.894,45.2586,43.6666,44.7469,2959100
2000-02-28,46.5095,46.6801,43.6666,44.4626,2657100
2000-02-29,47.4761,48.6701,46.0546,46.6232,2484400
2000-03-01,48.2152,48.7838,46.8506,47.533,1744800
2000-03-02,47.9309,48.5564,47.7604,48.4426,1533700
2000-03-03,49.0112,50.1484,47.8172,47.8741,1380600
2000-03-06,48.0447,50.0346,47.8741,50.0346,1119800
2000-03-07,42.5294,45.3723,41.6197,41.8472,8291900
2000-03-08,39.9709,43.5529,38.5494,42.8706,7845600
2000-03-09,40.0277,40.3689,39.118,39.8003,2471900
2000-03-10,38.8905,40.0277,37.1848,40.0277,3970000
2000-03-13,39.4591,40.1983,36.8437,36.8437,2873000
2000-03-14,39.1749,39.6297,38.2083,38.4357,1589600
2000-03-15,47.1349,49.125,39.8003,39.914,5837900
2000-03-16,46.6232,47.6466,46.0546,47.0781,4762200
2000-03-17,45.8272,47.2486,45.3723,45.7135,2525400
2000-03-20,45.7135,46.3958,44.69,45.4292,1848000
2000-03-21,45.5998,46.8506,45.2586,45.3723,2089800
2000-03-22,45.9978,46.3389,44.1215,45.3723,2443700
2000-03-23,48.3289,49.125,45.4861,45.6566,2955000
2000-03-24,49.4661,50.9444,48.3858,48.3858,2301000
2000-03-27,50.0346,50.4895,49.0681,50.0346,1664100
2000-03-28,51.7404,51.7404,48.5564,48.5564,2146100
2000-03-29,51.1718,52.4227,50.6601,51.8541,2057100
2000-03-30,51.115,51.3424,49.6367,50.2621,2882100
2000-03-31,51.2855,53.105,50.8876,51.2855,2142200
2000-04-03,55.0382,55.3793,51.3424,51.513,1881700
2000-04-04,55.2087,56.0616,53.9578,54.5833,2851700
2000-04-05,55.8341,56.1753,52.9913,54.9244,1626900
2000-04-06,53.6736,54.5833,51.8541,53.2756,1524000
2000-04-07,54.0147,54.5833,53.4461,53.6736,1231900
2000-04-10,54.8107,55.3793,52.6501,52.7639,2158000
2000-04-11,56.8576,57.1987,55.2656,55.3793,2430500
2000-04-12,56.4027,59.3593,56.3459,56.9713,3053000
2000-04-13,53.6736,55.9479,52.5933,55.493,2917800
2000-04-14,50.0346,52.1953,49.523,50.717,2512600
2000-04-17,52.4227,52.4227,49.6367,50.0346,2263200
2000-04-18,50.2621,51.8541,49.6936,51.8541,2299500
2000-04-19,50.6601,50.9444,48.0447,50.9444,3941900
2000-04-20,51.9678,52.1953,49.6936,50.2621,2755700
2000-04-24,53.4803,53.5944,49.8314,50.4015,1967800
2000-04-25,53.9935,54.7347,53.0242,53.4233,2358000
2000-04-26,51.941,54.2785,51.941,54.2785,1552700
2000-04-27,53.5373,53.5373,51.4278,51.8839,2284700
2000-04-28,52.112,52.6822,50.0594,51.5418,1988300
2000-05-01,50.2875,51.5418,50.2875,51.0857,1296600
2000-05-02,51.1997,51.8269,50.1164,50.2875,1276800
2000-05-03,50.6296,52.7392,50.4585,51.2568,1065900
2000-05-04,51.0287,51.1427,50.4015,50.8577,1002000
2000-05-05,52.112,52.9672,50.8577,51.3138,1157400
2000-05-08,52.3971,54.2785,51.941,52.4541,1064100
2000-05-09,53.8224,54.2215,52.6251,52.6822,1778100
2000-05-10,53.0812,54.5066,52.9102,53.1383,1891600
2000-05-11,54.9057,55.4189,53.4803,53.8224,2023300
2000-05-12,53.6728,54.9057,52.7962,54.9057,970100
2000-05-15,53.9365,54.5066,53.4803,53.5944,1028700
2000-05-16,52.9672,53.8795,52.5681,53.8795,1177200
2000-05-17,53.4233,53.7084,52.3971,53.0242,857600
2000-05-18,53.8795,54.2785,52.226,52.226,913700
2000-05-19,51.941,53.7084,51.4848,53.7084,1310400
2000-05-22,51.5989,52.5681,51.0857,51.9979,939800
2000-05-23,51.0287,52.34,50.8006,51.5989,1327900
2000-05-24,51.4848,51.9979,50.8006,50.8006,1758300
2000-05-25,51.0857,51.5418,50.7436,51.0857,1620000
2000-05-26,51.0287,51.9979,50.4015,51.2568,812500
2000-05-30,49.3753,51.3138,49.0902,51.1997,1345500
2000-05-31,48.0069,49.2612,47.0376,48.8051,3678100
2000-06-01,48.634,50.1164,47.8928,49.3753,2555500
2000-06-02,49.8314,50.0594,49.2042,49.4893,1280600
2000-06-05,48.577,49.8314,48.406,49.8314,1060700
2000-06-06,49.7173,49.9454,47.4367,47.4367,1212100
2000-06-07,51.9979,53.0242,50.1164,50.1734,2156600
2000-06-08,51.2568,51.8269,49.7173,50.8577,1829700
2000-06-09,51.8839,52.9102,51.7699,51.8839,871500
2000-06-12,52.3971,53.4233,51.9979,51.9979,917100
2000-06-13,50.6866,52.4541,49.9454,52.3971,1796300
2000-06-14,52.34,52.5681,50.5726,50.6866,1249800
2000-06-15,53.3663,53.6514,52.2831,52.2831,1492100
2000-06-16,52.7962,53.1383,52.2831,52.2831,2136400
2000-06-19,52.5681,53.1383,52.169,52.9102,973800
2000-06-20,52.34,52.7392,50.9717,51.7699,1550100
2000-06-21,51.9979,52.5111,50.6866,52.226,1186000
2000-06-22,51.0857,51.9979,50.7436,51.9979,1409900
2000-06-23,50.6866,51.1427,50.1734,51.0857,1227200
2000-06-26,51.5418,51.8839,50.6866,50.7436,1254500
2000-06-27,51.6558,52.3971,51.3138,51.5418,1886700
2000-06-28,51.5989,52.4541,50.6296,51.9979,1233100
2000-06-29,51.7699,52.3971,51.1427,51.5989,1760000
2000-06-30,54.6207,54.6207,51.6558,51.6558,2170800
2000-07-03,54.6207,54.7347,53.4803,54.3926,861400
2000-07-05,54.1075,54.5636,53.7084,53.8224,1603600
2000-07-06,53.6514,54.9627,53.5944,54.6207,1354600
2000-07-07,52.169,52.8532,51.8839,52.4541,2122900
2000-07-10,50.8006,52.7962,50.6296,52.226,1475400
2000-07-11,49.8314,51.0287,48.8621,50.8577,3524800
2000-07-12,48.349,49.8314,48.0639,49.8314,3497200
2000-07-13,48.406,48.6911,46.5245,48.349,5591200
2000-07-14,49.0902,49.8314,47.7788,48.349,3366100
2000-07-17,50.1164,50.7436,48.0639,48.6911,2341200
2000-07-18,50.1164,50.6296,49.8884,50.6296,1456400
2000-07-19,49.7743,50.3445,48.406,50.1734,2004000
2000-07-20,50.5155,51.0857,49.2612,50.2875,2371900
2000-07-21,51.6558,52.226,50.5155,51.1997,2001900
2000-07-24,51.1715,52.0863,50.8856,51.7432,1098000
2000-07-25,51.5145,52.2006,51.0,51.9148,1689200
2000-07-26,50.8284,51.8004,50.4282,51.7432,1454700
2000-07-27,51.5717,51.7432,50.0851,51.0571,1277100
2000-07-28,51.2287,52.6008,50.5997,52.3722,1308800
2000-07-31,50.9428,52.7152,50.9428,51.2287,1083400
2000-08-01,52.0291,52.8296,50.5997,50.8856,2100400
2000-08-02,51.7432,52.4865,50.6569,52.2578,930600
2000-08-03,51.5717,52.6008,51.343,51.6861,1155500
2000-08-04,50.3138,51.5717,49.8564,51.5717,930800
2000-08-07,48.9988,51.1715,48.1412,50.5425,2112500
2000-08-08,48.3699,49.1703,47.2264,49.1703,2642300
2000-08-09,47.6838,49.056,47.1692,48.3699,1325200
2000-08-10,49.056,49.4562,48.6558,48.7701,1165500
2000-08-11,48.9988,49.7993,48.084,49.7421,1131000
2000-08-14,49.3419,49.6278,48.2556,49.6278,782300
2000-08-15,49.3991,50.1995,49.1132,49.5706,1168500
2000-08-16,49.2847,49.9708,49.056,49.5134,1080900
2000-08-17,48.2556,49.3419,47.2264,49.3419,1667000
2000-08-18,47.8553,48.4271,47.2836,48.3699,1784400
2000-08-21,48.1984,48.9417,47.741,48.4842,1184800
2000-08-22,46.6547,48.1412,46.2544,47.4551,1756700
2000-08-23,48.5414,48.8273,47.5695,47.5695,2005300
2000-08-24,48.3127,48.5414,47.4551,47.5695,1225000
2000-08-25,48.4842,48.7129,46.7118,47.5695,1303800
2000-08-28,48.1412,49.5134,47.9697,48.8273,1141200
2000-08-29,47.3979,48.1412,46.8834,48.0269,1091200
2000-08-30,46.9977,47.5695,46.6547,46.8834,1360400
2000-08-31,46.5975,47.741,46.426,47.2264,1154600
2000-09-01,47.3979,47.6838,46.8834,47.2264,832100
2000-09-05,47.6838,47.9697,46.5403,47.1692,1129700
2000-09-06,49.3276,50.0851,48.3699,48.3699,2723000
2000-09-07,48.7701,49.9136,48.1984,49.9136,1846300
2000-09-08,49.4562,49.7993,48.3699,48.5414,1749200
2000-09-11,50.3138,50.371,48.9988,49.3991,1750400
2000-09-12,50.8856,51.0,49.7421,50.1995,1505200
2000-09-13,51.4002,51.8004,50.1423,50.9428,2128600
2000-09-14,43.4529,45.3968,42.8811,44.3677,18793800
2000-09-15,42.5381,43.6816,42.1378,43.2241,10934800
2000-09-18,41.5089,42.3665,40.4798,41.7376,5321100
2000-09-19,40.7085,41.3946,40.3083,41.1659,6570400
2000-09-20,39.3934,41.1087,39.1076,40.4798,4331000
2000-09-21,40.1367,42.0807,38.8789,39.5078,5146200
2000-09-22,41.223,42.2522,40.5941,40.7085,4565200
2000-09-25,40.7542,41.669,40.2968,41.3031,2101800
2000-09-26,41.3397,41.852,41.0561,41.852,1768800
2000-09-27,40.7085,41.1659,40.4798,41.1659,1546900
2000-09-28,43.1876,43.4986,40.2968,40.7542,2265700
2000-09-29,43.1784,43.9377,43.1327,43.4529,1969000
2000-10-02,42.9772,43.2241,42.3093,43.2241,944200
2000-10-03,42.3825,43.7273,42.2636,43.7273,1338000
2000-10-04,42.9314,43.6816,42.7942,43.6816,1610600
2000-10-05,45.3831,46.1973,43.9103,43.9103,3131400
2000-10-06,45.7307,46.8834,45.3922,45.8771,2519900
2000-10-09,45.8405,45.9686,45.191,45.7399,1371000
2000-10-10,45.9594,46.5998,45.6026,45.6118,1345100
2000-10-11,45.8862,46.6089,45.8771,46.426,1234300
2000-10-12,44.6421,45.8496,43.6816,45.7856,3826700
2000-10-13,46.1241,46.1332,44.5963,44.6421,2901700
2000-10-16,47.1944,47.5969,45.5569,45.5569,1917100
2000-10-17,46.5632,47.0663,46.426,46.7004,1664800
2000-10-18,46.8102,47.112,45.9686,46.6547,1722000
2000-10-19,45.9777,46.5632,45.1727,45.9228,2071600
2000-10-20,46.307,46.7461,45.8771,46.0143,1528600
2000-10-23,45.191,46.307,45.1361,46.2887,2114000
2000-10-24,48.6857,49.5117,46.0701,46.0701,2839700
2000-10-25,51.1177,51.1177,49.787,50.2459,1762800
2000-10-26,50.9433,52.2006,50.2459,50.9433,2573600
2000-10-27,52.8797,52.8797,50.613,50.925,1995100
2000-10-30,54.1371,54.1462,52.3567,53.045,1899100
2000-10-31,53.926,54.1003,51.6683,53.2285,2781400
2000-11-01,52.219,54.4124,51.1636,54.0545,3060800
2000-11-02,53.5497,54.0086,51.5674,52.0813,1553500
2000-11-03,53.6874,54.4674,53.1826,53.5589,1081700
2000-11-06,52.9165,53.3203,52.5585,53.2285,1128200
2000-11-07,54.0086,54.1462,52.8797,53.6415,1472400
2000-11-08,54.2472,54.6051,53.4855,54.6051,1127700
2000-11-09,54.0086,55.6146,53.2744,53.9627,2118200
2000-11-10,54.6143,55.0272,53.7333,54.0177,2132500
2000-11-13,54.2931,55.1557,53.6415,54.9722,2282700
2000-11-14,53.9994,54.3757,52.632,54.1462,1856000
2000-11-15,54.7152,54.9263,54.1003,54.6051,1482800
2000-11-16,54.0177,54.3757,53.4579,54.1462,1249400
2000-11-17,54.1921,54.7886,53.8801,54.1921,1187700
2000-11-20,54.9538,55.7981,54.1921,55.064,1455400
2000-11-21,54.5133,55.0548,53.9168,54.8804,1219000
2000-11-22,54.3298,55.0364,53.836,54.6143,1408300
2000-11-24,53.045,53.6874,52.7788,53.412,682800
2000-11-27,52.2741,53.2193,51.8427,52.8614,1281600
2000-11-28,53.6231,54.1921,52.9532,53.1367,1722800
2000-11-29,54.6785,55.1833,53.4029,53.4579,1387400
2000-11-30,53.9168,55.5779,53.7424,54.8345,1532500
2000-12-01,54.7795,55.0456,54.0545,54.8345,1364100
2000-12-04,54.9905,55.4311,54.1921,54.1921,1411900
2000-12-05,53.3019,54.7978,52.5861,54.7886,2128000
2000-12-06,51.8335,53.7516,50.8791,53.4579,3294900
2000-12-07,54.3757,54.4215,50.9801,50.9801,2695700
2000-12-08,53.5497,54.7428,52.9991,54.1462,1546900
2000-12-11,51.8978,53.045,51.4389,53.045,1781100
2000-12-12,54.1462,54.9722,53.5497,53.6874,1984200
2000-12-13,53.5038,53.9719,53.045,53.9627,1217500
2000-12-14,53.045,53.045,53.045,53.045,1429800
2000-12-15,52.4576,52.8155,50.9342,51.1177,2632600
2000-12-18,54.3573,54.5133,52.7696,52.7696,1085500
2000-12-19,54.1646,55.2016,53.5038,54.3757,1384200
2000-12-20,54.4307,55.064,53.9168,53.9168,1146700
2000-12-21,55.8257,55.8257,54.3848,54.4307,2044500
2000-12-22,54.8437,55.4678,53.926,54.9538,1290800
2000-12-26,57.2206,57.5051,55.064,55.064,1291900
2000-12-27,59.2488,59.6251,58.221,58.276,1828400
2000-12-28,59.1938,59.6985,57.7162,59.1479,1390000
2000-12-29,59.2397,60.2859,59.1479,59.882,1268000
2001-01-02,57.3583,59.102,57.2849,58.1384,1617000
2001-01-03,55.1649,59.4232,54.5133,59.4232,2349700
2001-01-04,51.3196,55.5228,51.1636,55.5228,4331800
2001-01-05,52.8614,53.6415,52.118,52.219,2253300
2001-01-08,54.0177,54.4215,52.8706,52.8706,2342000
2001-01-09,54.9538,55.2016,53.1826,54.3757,2330400
2001-01-10,54.2931,54.8162,53.7333,54.6969,1485200
2001-01-11,53.3753,54.4215,53.1367,54.4215,1710500
2001-01-12,53.1367,54.0086,52.4025,53.3753,1421200
2001-01-16,53.1367,53.6415,52.3108,53.1367,1513100
2001-01-17,51.8978,53.1367,51.2921,53.1367,1426500
2001-01-18,52.2006,53.3111,51.0259,51.8794,1513100
2001-01-19,51.9896,52.6778,50.9342,52.2006,1401300
2001-01-22,52.1089,52.5861,51.2554,51.9987,1394400
2001-01-23,52.9807,53.4763,52.1456,52.3383,1372500
2001-01-24,53.4666,53.8255,51.5709,52.7488,1420700
2001-01-25,53.6967,54.0648,51.7733,52.7304,1401400
2001-01-26,52.4635,54.4053,52.3623,53.8807,1510800
2001-01-29,51.8746,52.5924,51.304,52.4727,1239700
2001-01-30,54.0372,54.5801,51.9022,51.9942,1779900
2001-01-31,55.2887,55.3071,52.5003,53.8071,1685100
2001-02-01,56.2089,56.5955,55.2887,55.2887,2369600
2001-02-02,55.9513,56.8255,55.1323,56.2734,1770500
2001-02-05,55.077,56.5495,54.939,55.9513,1758200
2001-02-06,55.4636,55.9421,54.5249,55.2611,979700
2001-02-07,54.5709,55.0955,52.8961,53.3746,4960700
2001-02-08,55.2151,55.3071,52.8961,53.3746,2642400
2001-02-09,54.6169,55.3071,54.5709,55.2887,1030400
2001-02-12,54.258,54.8562,52.9145,54.6445,1349800
2001-02-13,53.4114,54.1384,53.0065,54.1292,1708700
2001-02-14,51.9022,53.3746,51.8101,53.3746,1980600
2001-02-15,52.1783,52.6292,51.3592,51.6261,1837500
2001-02-16,54.6077,54.6169,53.5587,53.6046,1768700
2001-02-20,55.2611,55.4451,54.5249,54.755,1438600
2001-02-21,54.5157,55.2151,53.6507,55.031,1537100
2001-02-22,54.5525,55.4451,53.6967,54.939,1962500
2001-02-23,53.9543,54.3776,52.8224,54.2948,1225000
2001-02-26,53.5126,53.8347,52.7764,53.0065,1356600
2001-02-27,54.166,54.6629,53.393,53.4666,1357900
2001-02-28,54.1568,54.6813,53.9267,54.2948,940900
2001-03-01,52.9605,54.2948,52.6936,54.1108,1129900
2001-03-02,53.485,53.8531,52.8224,52.8224,1540500
2001-03-05,53.8347,53.9267,52.8685,53.5587,1046400
2001-03-06,53.1905,53.8347,53.0065,53.8347,1206600
2001-03-07,53.5402,54.3869,52.6384,52.6384,1716200
2001-03-08,55.2151,55.4912,53.6967,54.0648,1588000
2001-03-09,54.2028,55.3071,53.5587,55.2151,1122100
2001-03-12,52.3163,54.2948,52.169,53.6046,1447000
2001-03-13,51.9022,52.3623,50.8439,52.3623,1458700
2001-03-14,51.0463,51.9022,50.6599,51.6721,1454200
2001-03-15,50.5218,51.0463,49.0034,51.0463,2061100
2001-03-16,49.896,50.8439,49.2334,49.2334,2414300
2001-03-19,49.1874,49.9972,49.123,49.6936,1416800
2001-03-20,49.3807,50.5954,49.1414,49.1874,2018300
2001-03-21,47.2549,49.3255,47.2549,49.2334,2451400
2001-03-22,46.9328,47.1629,44.6322,46.7027,3179900
2001-03-23,47.3929,47.669,46.2886,46.7027,2906800
2001-03-26,48.8653,48.9574,47.6414,48.2212,2002000
2001-03-27,50.8071,51.258,48.6353,48.8194,2777300
2001-03-28,50.9911,51.1752,49.4635,50.7979,1682000
2001-03-29,49.6844,50.8439,49.3255,50.8439,1665400
2001-03-30,50.8531,51.1475,49.4819,49.8776,1247800
2001-04-02,50.4758,51.8378,50.0617,50.9819,1412700
2001-04-03,49.1414,50.4298,48.8653,50.3377,1593700
2001-04-04,49.7396,50.4298,48.1199,48.9114,1518300
2001-04-05,51.074,51.074,49.0494,50.1537,1473500
2001-04-06,49.4635,50.2917,47.9451,50.1537,1648300
2001-04-09,47.9451,49.1598,47.8531,47.8531,2785100
2001-04-10,47.4389,48.0831,47.2641,47.4849,2440400
2001-04-11,47.1721,47.4849,46.5647,47.4389,2055800
2001-04-12,48.9574,48.9574,47.3929,47.577,1870400
2001-04-16,49.0954,49.6567,48.6813,49.2334,1139600
2001-04-17,48.6537,49.0034,48.0923,48.4972,1604700
2001-04-18,47.623,49.0586,47.3929,48.8653,2987800
2001-04-19,48.3776,49.0034,48.1752,48.7733,3278500
2001-04-20,49.0494,49.3715,47.761,48.4512,2549700
2001-04-23,48.8101,49.666,48.6353,49.2334,1631300
2001-04-24,48.3652,49.1036,48.1068,48.596,1732900
2001-04-25,49.2698,49.3806,48.1622,48.3652,1496000
2001-04-26,49.6575,50.4512,48.919,49.3806,2184800
2001-04-27,51.365,51.5496,50.0728,50.3036,2070600
2001-04-30,51.5496,52.5188,50.9958,51.965,1659500
2001-05-01,52.1126,52.6941,51.2266,52.1496,2843700
2001-05-02,51.6881,52.3342,50.9496,51.9188,2346900
2001-05-03,51.5496,51.965,50.9496,51.6881,1305300
2001-05-04,52.4264,52.5741,51.4111,51.5957,924700
2001-05-07,52.7772,52.9249,52.3895,52.4911,947500
2001-05-08,52.8695,53.0725,51.965,52.9803,1193500
2001-05-09,52.971,53.3956,52.5188,53.0725,936000
2001-05-10,53.5341,53.5341,52.971,53.3033,1105600
2001-05-11,53.6633,54.2171,53.211,53.9033,884200
2001-05-14,53.7094,53.8848,53.3956,53.8571,1076600
2001-05-15,52.3342,53.8294,52.1496,53.7187,2271300
2001-05-16,54.014,54.0878,52.0111,52.5188,2059700
2001-05-17,53.5802,54.5125,53.1556,54.3186,1478700
2001-05-18,52.9803,53.8109,52.611,53.5802,1230200
2001-05-21,53.1648,53.3495,52.3342,52.7495,1192600
2001-05-22,51.8911,52.851,51.845,52.5649,1562900
2001-05-23,52.408,52.8418,51.8727,51.8727,1548700
2001-05-24,52.7864,52.9803,52.1496,52.288,795500
2001-05-25,52.408,52.8418,52.0665,52.5649,689400
2001-05-29,53.5156,53.7187,52.3434,52.408,1199100
2001-05-30,53.1003,53.6171,52.5372,53.4417,1134700
2001-05-31,52.2788,52.9987,52.0942,52.8418,1645100
2001-06-01,52.8418,53.0356,51.7988,52.3803,929100
2001-06-04,53.0356,53.1464,52.1496,53.0725,990800
2001-06-05,53.7187,53.9033,52.8326,53.211,1061200
2001-06-06,53.9494,54.5032,53.6079,53.9494,1528000
2001-06-07,54.2263,54.6878,54.0509,54.1802,1312500
2001-06-08,54.3371,54.4202,53.6264,54.1802,1109300
2001-06-11,54.2909,54.3463,53.9033,54.3463,800000
2001-06-12,54.3002,54.5032,53.7187,54.3648,1003500
2001-06-13,53.4417,54.0878,53.3495,53.8109,1199400
2001-06-14,53.2664,53.6725,52.7034,53.3956,0
2001-06-15,53.4417,53.9955,52.9526,53.2756,2910100
2001-06-18,53.451,53.7187,52.9803,53.4417,1281500
2001-06-19,53.7002,53.8202,53.0633,53.4417,1357300
2001-06-20,54.6417,55.177,53.4879,53.4879,1487000
2001-06-21,56.303,56.303,54.3186,54.8263,2271900
2001-06-22,54.7801,55.7585,54.4109,55.7492,1841700
2001-06-25,54.3648,55.0016,53.3956,54.8724,1960100
2001-06-26,56.0262,56.0262,53.9309,54.0878,2301200
2001-06-27,55.9339,56.0723,55.297,55.8416,1439800
2001-06-28,56.2569,56.303,55.6846,56.0723,1478200
2001-06-29,54.4478,56.303,54.3555,56.2569,3495000
2001-07-02,55.3616,55.5739,54.4478,54.4478,2084900
2001-07-03,55.6108,55.7954,54.8078,55.3801,707500
2001-07-05,55.0386,55.4723,54.5032,55.4723,1155600
2001-07-06,54.494,55.1032,54.2724,55.0386,1007100
2001-07-09,53.9309,54.5217,53.5341,54.494,1981300
2001-07-10,52.8418,54.0417,52.611,54.0417,2509400
2001-07-11,50.9958,53.1187,50.1189,53.0725,4446200
2001-07-12,50.6543,51.3096,49.8421,51.1804,3462300
2001-07-13,50.9589,51.0881,49.8421,50.0728,2138700
2001-07-16,51.5496,52.3342,50.765,50.8573,1904800
2001-07-17,51.965,52.1957,51.5865,52.0111,1600300
2001-07-18,51.0235,51.9465,50.765,51.5034,2096100
2001-07-19,51.1342,51.7434,50.7743,51.5034,1777000
2001-07-20,51.5127,51.8265,51.1342,51.1342,1424900
2001-07-23,50.442,51.2266,49.1036,51.2266,2807300
2001-07-24,50.1457,50.5531,49.7475,50.4698,1859500
2001-07-25,50.3679,50.5624,49.9605,50.0531,1294100
2001-07-26,50.0994,50.4698,49.59,50.3679,2048000
2001-07-27,49.9975,50.192,49.5437,50.192,1623600
2001-07-30,50.1734,50.3772,49.5437,49.9975,1636200
2001-07-31,50.192,50.9328,50.0808,50.0994,2821600
2001-08-01,49.0344,50.3772,48.8029,50.3309,1784200
2001-08-02,49.0251,49.6827,48.9418,49.2659,1783800
2001-08-03,49.4511,49.6363,48.8492,49.2566,1208800
2001-08-06,48.9696,49.3585,48.4139,49.1733,1286900
2001-08-07,49.0344,49.8678,48.6918,49.4048,1171800
2001-08-08,49.0714,49.7382,48.6732,48.9881,1505100
2001-08-09,49.5437,49.9605,48.9418,49.0714,2229800
2001-08-10,49.5437,50.192,49.4511,49.7752,1605300
2001-08-13,50.7013,50.9791,49.7289,49.7752,1498700
2001-08-14,50.5717,51.0995,50.2753,50.7013,1115500
2001-08-15,50.3587,50.8402,50.2661,50.5717,1116700
2001-08-16,51.2662,51.3217,50.5624,50.655,1639000
2001-08-17,51.1921,51.6736,51.0254,51.3495,1128500
2001-08-20,51.3495,51.5347,50.8402,50.9606,946200
2001-08-21,51.3959,51.9052,51.1643,51.4421,1524800
2001-08-22,52.0441,52.2293,51.0347,51.5811,1577800
2001-08-23,51.8311,52.0533,51.3032,52.0441,1948000
2001-08-24,51.7292,51.9144,51.4236,51.8311,1557300
2001-08-27,51.2662,51.7292,51.0717,51.7292,1732300
2001-08-28,50.6642,51.4977,50.655,51.4977,1317700
2001-08-29,50.4698,50.8958,50.2753,50.8958,869400
2001-08-30,50.2845,50.8402,49.9882,50.5161,1332900
2001-08-31,50.1457,50.7569,49.6827,49.6827,842100
2001-09-04,50.655,51.2569,50.0345,50.2383,1209400
2001-09-05,51.6088,52.0441,50.016,50.7476,3137700
2001-09-06,52.1459,52.2293,51.4051,51.6088,1843100
2001-09-07,51.8589,52.5349,51.6551,52.3682,2653100
2001-09-10,53.0257,53.1831,51.3959,51.72,2175900
2001-09-17,53.1553,53.2479,51.72,52.5534,2591600
2001-09-18,53.711,54.174,53.0164,53.9888,2905200
2001-09-19,52.7386,53.7202,52.22,53.711,3195400
2001-09-20,50.7754,52.2015,50.4605,52.1367,2299900
2001-09-21,48.7473,49.5437,47.7194,48.9881,3528500
2001-09-24,50.4976,50.6735,49.3122,49.3122,1617900
2001-09-25,51.4884,51.6274,50.9328,51.3959,2181300
2001-09-26,52.5071,52.6923,51.5811,52.183,2462300
2001-09-27,53.6832,53.7573,52.3219,52.5071,2075400
2001-09-28,53.9425,53.9425,53.0628,53.6832,2223500
2001-10-01,53.1553,53.6184,52.4608,53.4795,2151100
2001-10-02,53.2479,53.6832,52.5441,52.7849,1184200
2001-10-03,52.5534,52.9887,51.3959,52.7849,2050500
2001-10-04,51.9977,52.6553,51.72,52.4978,1356600
2001-10-05,53.572,53.711,51.8126,51.9977,1616400
2001-10-08,52.7571,53.2572,52.3497,53.2479,957600
2001-10-09,53.0257,53.2479,52.3219,52.8775,956600
2001-10-10,53.7017,54.0814,52.6367,52.7849,1225100
2001-10-11,53.3961,54.0351,52.8312,53.711,1416400
2001-10-12,53.1553,53.572,52.5071,53.4331,1102600
2001-10-15,52.8775,53.3868,52.5534,53.2016,962300
2001-10-16,52.9979,53.1553,51.3032,51.9977,2042800
2001-10-17,52.5719,53.072,52.0904,53.0628,1501700
2001-10-18,53.3406,53.6184,51.9515,52.0997,1149900
2001-10-19,53.8591,54.0166,53.2479,53.3498,1819200
2001-10-22,55.0167,55.239,53.7202,53.8036,1414100
2001-10-23,54.3777,54.8778,54.0814,54.8685,1471300
2001-10-24,54.3313,54.8515,53.9226,54.2941,1578000
2001-10-25,54.7121,54.7865,53.0866,54.0991,1114100
2001-10-26,54.3406,54.5728,53.5975,54.4799,1702900
2001-10-29,53.5231,54.2848,52.845,54.2477,2055000
2001-10-30,53.6718,53.969,52.715,52.715,1104900
2001-10-31,53.4303,53.6904,53.0308,53.5046,1456000
2001-11-01,53.6532,53.8297,52.7893,53.1981,2021900
2001-11-02,54.3406,54.3406,53.2724,53.6532,1528900
2001-11-05,54.387,54.9258,54.1269,54.5728,1376800
2001-11-06,54.675,54.7957,53.9319,54.2012,1067800
2001-11-07,54.4799,55.1394,54.2755,54.6843,889100
2001-11-08,53.6439,54.5728,53.3652,54.387,1811300
2001-11-09,53.2816,53.969,53.133,53.8761,1543600
2001-11-12,52.7615,53.3188,51.3867,53.3188,1605300
2001-11-13,53.7461,53.8297,53.0401,53.2724,1372400
2001-11-14,53.6253,53.8204,53.2724,53.7461,1256200
2001-11-15,54.2477,54.3963,53.5046,53.5046,1808800
2001-11-16,54.387,54.7121,53.8761,54.0154,1414200
2001-11-19,54.452,54.7586,54.0154,54.5264,1052000
2001-11-20,54.4985,54.7121,53.969,53.969,1118700
2001-11-21,54.4149,54.7957,54.1084,54.387,941700
2001-11-23,54.4613,54.5728,53.9319,54.2941,483900
2001-11-26,54.6564,54.8608,54.0619,54.2941,1250300
2001-11-27,53.6811,54.7029,53.6439,54.5728,1409400
2001-11-28,53.8297,54.3127,53.3652,53.6811,1005800
2001-11-29,53.5789,53.969,52.9565,53.969,1319000
2001-11-30,54.2105,54.3963,52.9937,53.2724,1282100
2001-12-03,53.969,54.2012,53.3188,53.9226,1672700
2001-12-04,54.1269,54.2012,53.6439,53.7832,839200
2001-12-05,53.8204,54.6192,53.6439,53.8947,1741100
2001-12-06,52.7615,53.4953,52.7615,53.2724,1938400
2001-12-07,52.6314,52.9751,52.1576,52.8079,1372000
2001-12-10,52.585,52.9658,52.1019,52.3527,1484400
2001-12-11,52.6035,52.9472,51.879,52.6221,1423900
2001-12-12,52.9101,53.7368,52.8543,53.4117,1371500
2001-12-13,52.8915,53.4024,52.7986,53.0401,1149800
2001-12-14,52.5292,53.0401,51.8976,53.0401,1235300
2001-12-17,52.3434,52.8543,52.1484,52.5292,957400
2001-12-18,53.4024,53.486,52.4085,52.5292,1523500
2001-12-19,54.2477,54.3777,52.9937,53.133,1688900
2001-12-20,54.0526,54.4149,53.7832,53.8761,1602200
2001-12-21,53.5696,54.1827,52.7615,54.1084,2104700
2001-12-24,53.5324,53.7832,53.4117,53.6439,445100
2001-12-26,53.9226,54.3406,53.4395,53.4581,766900
2001-12-27,54.0247,54.0619,53.6439,53.7832,593900
2001-12-28,54.0062,54.1548,53.4303,54.0247,1266500
2001-12-31,53.6439,54.2384,53.4581,53.8761,1027900
2002-01-02,53.5231,53.6439,52.6221,53.1794,1180200
2002-01-03,53.3374,53.3374,52.8265,53.2909,1001600
2002-01-04,52.2413,53.1144,51.6746,53.1051,2233800
2002-01-07,51.6932,52.0648,51.461,51.7861,1873400
2002-01-08,52.0183,52.2413,51.7861,51.9254,3090400
2002-01-09,52.2505,52.5292,52.0183,52.5292,1999500
2002-01-10,51.461,52.3434,51.2845,52.3434,1410900
2002-01-11,51.3402,51.9812,51.2102,51.461,1283700
2002-01-14,51.8697,52.4828,50.9966,50.9966,1179600
2002-01-15,52.8079,53.1051,51.9254,51.9254,1331000
2002-01-16,52.7615,53.1981,52.427,52.6686,1532100
2002-01-17,53.0401,53.2073,52.3434,52.5757,862800
2002-01-18,53.0866,53.2259,52.6686,52.8543,973800
2002-01-22,52.715,52.9472,52.2041,52.7615,1268800
2002-01-23,52.4634,52.8827,51.9229,52.5566,1789800
2002-01-24,52.0907,52.6032,52.044,52.4168,1218900
2002-01-25,52.5752,52.9293,51.9043,52.1373,1282600
2002-01-28,52.6404,52.6964,51.867,52.277,1065900
2002-01-29,51.7366,52.5566,51.6993,52.3236,1511700
2002-01-30,52.277,52.6404,51.4384,51.5036,1829000
2002-01-31,53.2555,53.2555,51.9509,52.4168,1983400
2002-02-01,53.2555,53.4418,52.4634,53.2555,1288300
2002-02-04,52.4913,53.5816,52.2677,53.2555,1473400
2002-02-05,52.1466,52.51,49.8449,50.0872,5398500
2002-02-06,51.5968,51.9509,51.1588,51.9509,2930700
2002-02-07,50.7208,51.485,50.4785,51.485,3235100
2002-02-08,50.6929,50.7208,50.0406,50.5065,2403200
2002-02-11,50.4599,50.7861,50.3201,50.5997,1680700
2002-02-12,50.8792,50.9911,50.4226,50.5531,2304200
2002-02-13,51.3359,51.3359,50.4972,51.1122,1463800
2002-02-14,51.2893,51.457,50.8792,51.019,1190000
2002-02-15,52.1838,52.5566,51.2054,51.2893,1672600
2002-02-19,51.8111,52.3702,51.485,52.3702,1361100
2002-02-20,52.3609,52.5379,51.3079,51.8111,1267600
2002-02-21,52.1838,52.9759,52.1559,52.51,1534600
2002-02-22,52.8361,53.3953,51.7831,52.044,1620400
2002-02-25,53.0691,53.4698,52.3236,53.3021,1176900
2002-02-26,52.7616,53.0784,52.2211,53.0691,1487800
2002-02-27,52.5566,52.9759,52.2304,52.9293,1595100
2002-02-28,52.1652,52.8827,51.8577,52.277,2212200
2002-03-01,52.9759,53.0225,52.2304,52.3702,1229100
2002-03-04,52.5379,53.0691,52.044,53.0691,1446100
2002-03-05,51.5781,51.9882,50.7674,51.9509,2231200
2002-03-06,52.0907,52.3702,51.3918,51.7645,1538200
2002-03-07,50.8233,51.9509,50.5531,51.9509,2113800
2002-03-08,50.6276,51.0656,50.199,50.7861,2353900
2002-03-11,50.4133,50.5531,49.6958,50.5065,1809200
2002-03-12,51.5036,51.5036,50.0778,50.1803,2058900
2002-03-13,50.9724,51.5688,50.6649,51.5036,1566200
2002-03-14,50.8326,51.1682,50.7861,51.0656,1272100
2002-03-15,52.1652,52.1838,51.0097,51.0656,2658800
2002-03-18,52.5846,52.7895,51.867,52.1838,1778000
2002-03-19,53.0039,53.7214,52.6498,52.6498,2940100
2002-03-20,52.9386,53.3766,52.9293,53.1157,1206600
2002-03-21,52.7616,53.1809,52.3702,52.9386,1520100
2002-03-22,53.0225,53.2276,52.4727,52.5566,1243500
2002-03-25,52.2584,52.8455,52.2397,52.8361,1220800
2002-03-26,52.8082,53.1623,52.2491,52.4634,1811900
2002-03-27,53.4046,53.5816,52.7429,52.9759,1495800
2002-03-28,53.2555,53.6096,53.0691,53.1157,1124700
2002-04-01,52.7429,53.1064,52.4168,53.0225,4049300
2002-04-02,52.9573,53.2089,52.51,52.8361,1046300
2002-04-03,52.6311,52.9293,52.2025,52.8361,1278000
2002-04-04,53.4698,53.535,52.5566,52.5566,1685100
2002-04-05,53.4512,53.6096,53.1623,53.563,1037400
2002-04-08,53.6189,53.6748,53.1716,53.2555,1015500
2002-04-09,53.4418,53.7121,53.0225,53.5816,1186900
2002-04-10,54.4296,54.5414,53.1157,53.3487,2455500
2002-04-11,53.4978,54.4017,53.4325,54.1967,1859200
2002-04-12,54.7278,54.8489,53.5071,53.5071,1421300
2002-04-15,53.9264,54.8396,53.7214,54.8396,1382300
2002-04-16,54.3737,54.4576,53.535,53.768,2295500
2002-04-17,53.8146,54.7931,53.6748,54.3737,2549200
2002-04-18,50.2735,51.9975,49.4815,50.7861,11940500
2002-04-19,50.6929,51.0656,50.3201,51.0656,5377000
2002-04-22,50.9259,51.3172,50.3201,50.9259,2769800
2002-04-23,51.3452,51.7459,50.7488,50.9911,2160000
2002-04-24,51.7192,51.9155,51.3452,51.3452,4176700
2002-04-25,52.0183,52.1118,51.1956,51.7005,2341300
2002-04-26,51.5041,51.9996,51.5041,51.9342,2068900
2002-04-29,50.4664,51.635,50.457,51.2798,1989300
2002-04-30,49.5595,50.6253,49.5595,50.0176,2837100
2002-05-01,50.0644,50.3916,49.7932,49.7932,2119000
2002-05-02,51.2237,51.3358,49.9241,50.1111,2650300
2002-05-03,50.9993,51.5696,50.8871,51.2237,2305300
2002-05-06,51.5882,52.0557,51.0927,51.1862,2041600
2002-05-07,51.3732,52.1212,51.3358,51.7939,1793000
2002-05-08,51.7846,51.7846,51.1208,51.7472,2313400
2002-05-09,51.3265,52.2146,51.261,51.6537,1296100
2002-05-10,51.9061,51.9809,51.2143,51.3358,1438500
2002-05-13,51.9809,52.2146,51.6631,51.7192,1197400
2002-05-14,52.0277,52.1679,51.6631,51.9903,1646800
2002-05-15,51.8968,52.0744,51.4761,51.8874,1678900
2002-05-16,52.0463,52.1959,51.607,51.8968,1615400
2002-05-17,51.4574,52.0744,51.0273,51.8874,1835700
2002-05-20,51.2798,51.7005,51.1021,51.233,1009200
2002-05-21,50.5412,51.5602,50.4851,51.4667,1325800
2002-05-22,50.5598,50.6534,50.0644,50.1578,2202100
2002-05-23,50.429,50.6721,49.6624,50.6253,1991100
2002-05-24,49.9802,50.5318,49.8306,50.4383,1586000
2002-05-28,48.8209,49.9709,48.6152,49.7465,2476900
2002-05-29,48.3815,49.0359,47.9608,48.7555,2794000
2002-05-30,48.5217,48.9425,48.0543,48.4283,3091900
2002-05-31,50.6721,50.9619,48.7648,48.8022,3607300
2002-06-03,50.5318,51.3265,50.429,50.4383,2197500
2002-06-04,50.457,51.0647,50.2513,50.5318,2087200
2002-06-05,51.9903,52.1305,50.0176,50.2513,3090800
2002-06-06,51.5602,52.2707,51.4761,51.9809,2799300
2002-06-07,51.5602,51.8407,50.8123,51.42,1861800
2002-06-10,50.4196,51.1208,50.0644,50.859,3886400
2002-06-11,49.6437,50.9058,49.6437,50.859,1779400
2002-06-12,50.3542,50.5786,49.7091,49.9241,2501600
2002-06-13,49.3632,50.3168,49.2229,50.0176,1403300
2002-06-14,49.1294,49.2229,48.3348,48.7555,2093500
2002-06-17,50.2326,50.2513,49.4193,49.5502,1375300
2002-06-18,49.4941,50.2513,49.2977,50.2046,1661400
2002-06-19,49.3538,49.681,48.9705,49.1762,1937200
2002-06-20,48.2413,49.0827,48.2413,48.7555,2670800
2002-06-21,47.1661,48.3348,46.6519,47.9141,3074900
2002-06-24,46.3247,47.4934,44.9411,46.9792,4102800
2002-06-25,44.8288,46.278,44.5951,46.2312,3264100
2002-06-26,46.4276,46.5117,42.9123,44.3147,5572000
2002-06-27,48.1945,48.475,46.8857,47.2129,5021900
2002-06-28,46.7922,48.3815,46.7641,47.9608,0
2002-07-01,48.3161,48.5685,46.9324,46.9792,2472900
2002-07-02,47.2597,47.9608,47.1194,47.8673,2888800
2002-07-03,46.8857,47.5495,46.3154,47.2129,2315900
2002-07-05,48.3722,48.3722,47.1194,47.5869,1378100
2002-07-08,47.9515,48.5965,47.7084,48.2413,1021700
2002-07-09,46.7828,47.9141,46.6052,47.5869,1788500
2002-07-10,46.3247,46.9324,46.306,46.7454,1849700
2002-07-11,47.2316,47.2503,45.9134,46.278,3401100
2002-07-12,46.2593,47.4466,45.6422,47.3064,3460300
2002-07-15,45.5768,45.904,42.9777,45.8105,2806300
2002-07-16,44.5858,45.1561,43.4078,45.1093,1841500
2002-07-17,44.0809,45.4366,43.8098,45.3431,2685700
2002-07-18,43.174,44.9223,43.0245,44.1744,2142500
2002-07-19,41.4725,42.6786,41.1827,42.0709,3262700
2002-07-22,42.3607,43.5293,41.6502,41.8839,2905200
2002-07-23,44.1277,45.0626,42.4355,43.4732,3765400
2002-07-24,46.915,47.3936,44.0245,44.1277,4153500
2002-07-25,47.4781,47.6283,45.8451,47.1496,2878800
2002-07-26,47.159,47.8629,46.7367,47.8629,3629700
2002-07-29,49.2424,49.2706,47.5719,47.8629,2641500
2002-07-30,48.1444,48.8014,47.7221,48.7075,2764800
2002-07-31,48.1913,48.2664,46.8118,48.1444,3283000
2002-08-01,49.1955,49.7305,47.9567,48.1444,3043600
2002-08-02,49.1298,49.6929,48.257,49.1955,2808100
2002-08-05,47.7878,49.0735,47.647,48.989,2152700
2002-08-06,48.4729,49.2894,48.0224,48.0224,3108100
2002-08-07,49.2706,49.2706,48.3509,48.4823,2382800
2002-08-08,50.8003,50.913,49.3738,49.4583,1985400
2002-08-09,50.744,50.866,49.9369,50.7253,1903400
2002-08-12,50.4062,50.6314,49.9369,50.2091,1095600
2002-08-13,49.9557,50.8754,49.5522,49.7398,2019900
2002-08-14,51.0725,51.0725,49.3644,50.1903,1414400
2002-08-15,51.4291,51.4291,50.7065,51.0819,1414200
2002-08-16,50.6314,51.1475,50.2091,50.5845,1844300
2002-08-19,51.523,51.5417,50.3499,50.6314,1428600
2002-08-20,50.9599,51.3822,50.5376,51.2883,1479400
2002-08-21,51.3447,51.5136,50.9411,51.0537,1092400
2002-08-22,51.2696,51.6168,50.9505,51.4291,1283100
2002-08-23,50.4625,51.3822,50.303,51.279,1489700
2002-08-26,49.9839,50.3968,49.5146,50.303,1581800
2002-08-27,50.744,50.9036,49.7492,50.2091,1881200
2002-08-28,50.3592,51.0162,50.0402,50.7534,1435100
2002-08-29,50.3499,50.866,49.7398,49.9276,1735100
2002-08-30,51.1945,51.7576,50.303,50.3499,1387400
2002-09-03,49.4395,50.7816,49.3926,50.256,2033200
2002-09-04,51.157,51.2602,49.6085,49.6741,2281100
2002-09-05,52.6867,53.7284,51.1664,51.6168,5648500
2002-09-06,51.523,52.743,51.3634,52.5553,2846000
2002-09-09,52.4145,52.6961,51.11,51.1475,1959700
2002-09-10,52.2738,52.743,51.9922,52.2268,1910700
2002-09-11,52.4709,52.9213,52.377,52.6961,1101100
2002-09-12,51.523,52.2268,51.2133,51.9922,1460100
2002-09-13,52.0861,52.3207,50.7722,51.2414,1374800
2002-09-16,52.6116,52.743,51.6637,52.3207,1595900
2002-09-17,51.4291,53.1559,51.4197,52.7899,2677100
2002-09-18,51.1945,51.523,50.5939,50.913,1306500
2002-09-19,50.1246,51.0068,50.0402,50.7722,1587600
2002-09-20,50.0214,50.256,49.524,50.0308,2513800
2002-09-23,50.1997,50.6314,49.4583,50.0214,1197200
2002-09-24,49.2706,50.3217,49.2706,50.2091,2408000
2002-09-25,50.378,50.6408,49.402,49.524,2351400
2002-09-26,52.1048,52.2268,50.3592,50.4906,2091200
2002-09-27,51.3447,52.2268,51.1475,52.133,3088000
2002-09-30,50.6314,51.3822,50.4249,50.866,3174000
2002-10-01,51.4291,51.5417,50.6783,50.6783,2080600
2002-10-02,50.8285,51.7013,49.8619,50.6783,1716100
2002-10-03,50.8473,51.1945,50.3968,50.6783,1802600
2002-10-04,50.8379,51.2883,50.1715,50.9599,1635500
2002-10-07,51.3822,52.2268,50.7722,50.7722,2631500
2002-10-08,51.9078,52.3958,51.157,51.6168,2346300
2002-10-09,51.2227,51.7201,50.9693,51.2414,2309400
2002-10-10,51.9453,52.1424,50.9599,51.1945,2841200
2002-10-11,52.9307,53.3343,51.7107,52.133,2261000
2002-10-14,53.4938,53.4938,52.4614,52.4614,2242000
2002-10-15,52.6398,54.1977,51.5136,54.1977,4741300
2002-10-16,51.4291,52.7336,51.3165,52.5084,2803400
2002-10-17,52.2738,52.865,51.645,52.8369,2459700
2002-10-18,53.1935,53.7284,51.6168,51.6168,2234900
2002-10-21,54.3478,54.4229,52.8274,53.1935,1987100
2002-10-22,53.1372,53.7753,52.743,53.7378,2385500
2002-10-23,53.2878,53.655,52.4781,53.1466,1734400
2002-10-24,52.1581,53.8998,52.0168,53.8998,1400200
2002-10-25,52.5064,52.5817,51.5461,51.8756,1218100
2002-10-28,51.5649,52.4405,51.1318,52.4405,2117000
2002-10-29,52.4311,52.544,51.1507,51.9792,1840900
2002-10-30,52.6759,52.9866,52.3464,52.77,1382600
2002-10-31,51.7626,52.7229,51.499,52.6852,1615600
2002-11-01,51.7814,51.998,50.9341,51.998,2088900
2002-11-04,50.1715,51.7909,49.9926,51.6873,2590900
2002-11-05,51.3107,51.3107,50.4069,50.4069,1828500
2002-11-06,50.2751,51.2071,49.8514,51.1695,2435800
2002-11-07,50.6893,50.887,50.0868,50.2751,2342300
2002-11-08,50.8682,51.7344,50.4634,50.84,1393700
2002-11-11,50.7929,51.5932,50.2657,51.3107,1754100
2002-11-12,49.7855,51.2636,49.5595,51.1224,2253700
2002-11-13,49.5219,50.0397,49.1547,49.6631,3144000
2002-11-14,49.8326,49.8326,49.0135,49.6631,2268900
2002-11-15,49.9832,49.9926,49.0982,49.842,2697600
2002-11-18,49.569,50.2186,49.4748,50.0397,1190600
2002-11-19,49.7008,50.3127,49.3336,49.3336,1684800
2002-11-20,50.0209,50.2751,48.9099,50.0397,1650600
2002-11-21,48.3921,50.0303,48.0061,50.0303,3885100
2002-11-22,48.5522,49.569,48.4863,48.7687,3287100
2002-11-25,48.0532,48.8252,47.9214,48.7875,2493300
2002-11-26,48.1567,48.5428,47.5448,48.0155,2442200
2002-11-27,48.8629,49.4277,47.9684,48.1567,1530900
2002-11-29,48.3827,48.8252,48.3168,48.8158,675800
2002-12-02,48.3921,48.4863,48.0155,48.3921,1515800
2002-12-03,48.6745,49.1547,48.5898,48.6275,1657900
2002-12-04,50.0021,50.2657,48.8158,48.8158,2171100
2002-12-05,49.4842,50.5104,49.4748,50.0115,1717300
2002-12-06,50.3504,50.3504,49.3524,49.4842,1646600
2002-12-09,50.5104,50.6517,49.9456,50.4257,1738800
2002-12-10,50.9341,50.9718,50.1244,50.5199,1246600
2002-12-11,50.3975,50.9435,49.9832,50.9435,1853500
2002-12-12,49.9738,50.4916,49.4089,50.3222,1288800
2002-12-13,49.8043,49.9832,49.1359,49.9832,2244300
2002-12-16,49.6631,49.8797,49.0982,49.7102,2047100
2002-12-17,49.3524,49.6914,49.0135,49.3336,2221000
2002-12-18,49.5878,49.7573,49.2018,49.2395,1478300
2002-12-19,48.8629,49.5125,48.7781,49.3336,1965100
2002-12-20,49.3336,49.569,48.957,48.957,2197700
2002-12-23,49.569,49.9832,49.1359,49.3242,991100
2002-12-24,49.3713,49.5784,49.1924,49.456,411200
2002-12-26,49.5407,49.9456,49.456,49.5219,728200
2002-12-27,49.0982,49.4654,48.9664,49.3524,716300
2002-12-30,49.1265,49.4277,48.8629,49.0512,901300
2002-12-31,49.3618,49.5125,48.571,49.0323,998100
2003-01-02,50.6517,50.6799,49.4466,49.4466,1466300
2003-01-03,50.0491,50.5104,49.9173,50.1339,1075000
2003-01-06,51.1412,51.2636,50.0021,50.0491,1371900
2003-01-07,50.4445,51.1507,50.4445,51.0753,1744100
2003-01-08,50.0868,50.9718,50.0868,50.5104,1934000
2003-01-09,49.9926,50.3598,49.8043,49.8985,1688800
2003-01-10,49.8326,49.9926,49.5784,49.8985,1400300
2003-01-13,49.7573,49.9926,49.3995,49.8514,1369600
2003-01-14,49.5031,49.5972,49.3148,49.5219,1148600
2003-01-15,49.2395,49.616,48.957,49.5219,913800
2003-01-16,50.84,51.0753,49.3242,49.3807,1744400
2003-01-17,50.614,51.4237,50.4163,50.8494,1859500
2003-01-21,49.9644,51.2636,49.9644,50.84,1605700
2003-01-22,48.9382,49.9926,48.844,49.8514,1860000
2003-01-23,49.3054,49.3242,48.4863,48.4863,1281200
2003-01-24,48.5898,49.3336,48.2415,49.3148,1633800
2003-01-27,47.8743,48.5428,47.46,48.5333,2070100
2003-01-28,48.5051,48.8723,47.5919,47.8743,1661500
2003-01-29,47.8461,48.2415,47.3377,48.2038,2051400
2003-01-30,46.7163,47.8555,46.6033,47.8555,3661100
2003-01-31,47.9308,48.1567,46.6504,46.6504,1975700
2003-02-03,47.7802,48.345,47.4977,48.2509,1792300
2003-02-04,49.1359,49.2018,47.6389,48.1567,3702300
2003-02-05,48.4863,49.183,48.3921,48.9099,2100300
2003-02-06,48.4109,48.4768,48.0155,48.4768,1479000
2003-02-07,48.2038,48.7687,48.1003,48.5804,1391500
2003-02-10,48.4863,48.8534,47.9214,48.5804,1412800
2003-02-11,47.6483,48.8158,47.4412,48.7216,1465700
2003-02-12,47.2341,47.7331,47.074,47.6389,1397000
2003-02-13,47.4318,47.7331,46.3679,47.2341,1358200
2003-02-14,47.7613,47.7613,46.7445,47.4412,1180800
2003-02-18,47.9402,48.1567,47.6672,47.8272,1292400
2003-02-19,47.5448,48.072,47.2623,47.7802,1048700
2003-02-20,47.1399,47.686,46.9987,47.4506,1385100
2003-02-21,48.0155,48.345,47.3377,47.5448,1324100
2003-02-24,47.4224,48.0344,47.3753,48.0155,1001700
2003-02-25,47.9873,48.0155,46.9799,47.4224,1459700
2003-02-26,47.8366,48.1003,47.6013,47.9873,1195400
2003-02-27,47.8178,48.3921,47.4883,47.9779,1138100
2003-02-28,47.3659,48.1097,47.1117,48.0155,1382000
2003-03-03,47.1211,47.7048,46.9611,47.6389,1039300
2003-03-04,46.8198,47.3,46.5939,47.2153,1379800
2003-03-05,47.2153,47.2153,46.5091,46.7634,1433100
2003-03-06,46.7445,47.2153,46.4432,47.2153,1109900
2003-03-07,46.7445,46.7916,45.8972,46.1325,2242500
2003-03-10,46.2267,46.5845,46.0949,46.5091,1396800
2003-03-11,46.9328,47.3659,45.9913,45.9913,1809000
2003-03-12,48.1097,48.1097,46.6504,46.6974,2426200
2003-03-13,48.9664,49.0606,47.9967,48.4863,1992400
2003-03-14,49.1453,49.5595,48.6557,48.9664,1613300
2003-03-17,50.6046,50.7458,48.8629,48.8629,2146200
2003-03-18,50.3222,50.7929,50.0868,50.5104,2037800
2003-03-19,51.2354,51.2354,50.4257,50.5575,1758000
2003-03-20,51.3954,51.5649,50.614,51.0283,2013600
2003-03-21,52.4876,52.4876,51.4049,51.7814,1728100
2003-03-24,50.9435,51.838,50.5575,51.8285,1829400
2003-03-25,50.6517,50.9435,50.2751,50.84,2114200
2003-03-26,50.6423,50.9153,50.2657,50.3692,1336600
2003-03-27,50.9153,51.4425,49.7949,50.3692,1186700
2003-03-28,51.1695,51.3484,50.5104,50.9153,1218200
2003-03-31,51.2542,52.0733,50.5387,50.84,1408700
2003-04-01,51.7814,52.2239,50.84,51.3107,2119000
2003-04-02,52.2522,52.5346,51.8285,52.0639,1844600
2003-04-03,51.3484,52.2145,51.1695,52.2051,1670100
2003-04-04,51.3295,52.0074,51.113,51.9697,1359800
2003-04-07,51.6873,52.6759,51.6308,52.4876,2162700
2003-04-08,51.9321,52.2522,51.5461,51.5932,1125300
2003-04-09,52.2522,52.9112,52.0262,52.2522,1812700
2003-04-10,52.4217,52.6759,51.8285,52.2993,1873000
2003-04-11,52.271,53.269,52.271,52.7229,1023100
2003-04-14,53.3066,53.382,52.2898,52.2993,1196500
2003-04-15,53.8433,54.2575,53.1937,53.3066,2581400
2003-04-16,53.0524,53.8527,52.7323,53.6644,2337500
2003-04-17,52.4876,52.8265,51.6402,52.8171,4090700
2003-04-21,53.0242,53.1654,52.6382,52.7229,1618700
2003-04-22,53.9469,54.1257,53.0242,53.2878,3102700
2003-04-23,54.2872,54.3156,53.5119,53.9563,2064600
2003-04-24,54.0792,54.3629,53.9847,54.1927,1888300
2003-04-25,53.5876,54.1076,53.3985,54.0319,1494600
2003-04-28,54.2778,54.5141,53.4741,53.6254,1225100
2003-04-29,54.3629,54.5803,53.928,54.1265,1954800
2003-04-30,54.0509,54.5047,53.8901,54.3723,1846200
2003-05-01,53.7861,54.0319,53.1905,53.7483,1216100
2003-05-02,54.0319,54.0319,53.1621,53.7861,1665900
2003-05-05,54.4574,54.4574,53.6632,53.9658,1697400
2003-05-06,54.4101,54.4857,53.8901,54.3629,2179400
2003-05-07,54.5992,54.8356,54.1738,54.1738,1603800
2003-05-08,53.8712,54.221,53.6727,53.8901,1769500
2003-05-09,54.2399,54.3345,53.7294,53.9469,1326900
2003-05-12,55.157,55.157,53.9563,54.2021,1970100
2003-05-13,54.2589,55.0719,54.1549,55.0719,1747900
2003-05-14,54.6181,54.8261,54.3534,54.4101,1688100
2003-05-15,55.157,55.3177,54.4574,54.6181,1715900
2003-05-16,55.3745,55.4029,54.8923,54.9301,1485500
2003-05-19,55.3083,55.3745,54.8166,55.3745,1622200
2003-05-20,55.9228,56.0741,55.5447,55.781,3101800
2003-05-21,55.261,56.0079,55.2137,55.9701,2567500
2003-05-22,55.677,55.885,55.3083,55.4029,1412400
2003-05-23,55.5919,55.781,55.3177,55.6392,1190500
2003-05-27,55.677,55.8188,55.3083,55.4029,2123800
2003-05-28,55.7149,55.8377,55.5068,55.7527,1726800
2003-05-29,55.9134,56.2065,55.4501,55.4501,2094000
2003-05-30,56.3672,56.509,55.8567,55.8755,1745100
2003-06-02,56.2443,56.8588,56.1781,56.5846,1594400
2003-06-03,56.2821,56.5468,56.0457,56.2537,1122400
2003-06-04,56.0646,56.6225,55.8755,56.2915,1723400
2003-06-05,55.8567,56.2821,55.5541,55.9701,1802800
2003-06-06,55.4029,56.1119,55.2327,55.8755,1918700
2003-06-09,55.5636,56.1214,55.2421,55.4029,1622600
2003-06-10,55.4217,55.5636,54.7032,55.5636,2606200
2003-06-11,55.6865,55.7149,55.2799,55.3083,1571400
2003-06-12,56.4995,56.5657,55.5919,55.8755,1464900
2003-06-13,56.7076,56.8683,56.2443,56.3483,2108500
2003-06-16,57.5584,57.5584,56.6414,56.6508,2168100
2003-06-17,57.341,57.5774,57.029,57.5774,1964700
2003-06-18,57.4639,57.5301,56.925,57.1992,1514500
2003-06-19,56.613,57.6624,56.5941,57.4072,1432500
2003-06-20,56.6414,56.9146,55.8283,56.7265,1923900
2003-06-23,56.3766,56.3955,55.9323,56.2537,1279800
2003-06-24,56.8872,57.0195,56.093,56.2065,1402900
2003-06-25,55.5447,56.509,55.4029,56.0646,1982400
2003-06-26,55.1381,55.6014,54.5709,55.1192,2755300
2003-06-27,54.533,55.3461,54.3629,54.8356,1778800
2003-06-30,54.7883,55.3367,54.5519,54.6465,2019500
2003-07-01,55.0719,55.4029,54.3156,54.7883,2017200
2003-07-02,55.1287,55.3839,55.0247,55.3083,1908900
2003-07-03,54.7032,55.1381,54.6559,54.9774,1199700
2003-07-07,54.8356,55.0814,54.7032,54.7127,2035600
2003-07-08,54.8356,54.9963,54.1738,54.5992,2164600
2003-07-09,54.4763,54.8356,54.221,54.6465,1358300
2003-07-10,54.1738,54.5898,53.8807,54.4763,1641300
2003-07-11,54.1265,54.2551,53.8901,54.1738,1426500
2003-07-14,53.8712,54.4952,53.8429,54.1738,1783200
2003-07-15,53.8429,54.0981,53.6065,53.8429,2123800
2003-07-16,53.4363,54.0036,53.0014,53.8901,1583100
2003-07-17,52.9069,53.4174,52.6894,53.3701,2143600
2003-07-18,53.2283,53.3701,52.7178,52.9447,2093800
2003-07-21,53.2283,53.6065,53.0392,53.4647,2301500
2003-07-22,53.5119,54.3439,52.8511,53.4174,2701100
2003-07-23,53.2094,53.5403,53.0108,53.3229,1284000
2003-07-24,52.888,53.5971,52.784,53.2188,1243700
2003-07-25,52.8501,53.0298,52.2356,52.7556,1433800
2003-07-28,52.5192,52.7272,52.3302,52.4531,1451800
2003-07-29,52.2356,52.784,52.0276,52.472,1490500
2003-07-30,52.1127,52.4909,51.7912,52.2829,1516100
2003-07-31,51.6211,52.6422,51.6211,52.3774,1747000
2003-08-01,51.3374,51.6211,50.6756,51.1294,1454900
2003-08-04,51.3658,51.4982,50.6284,51.1673,1477400
2003-08-05,51.3374,51.8196,51.2429,51.5076,1506000
2003-08-06,51.8574,52.2262,51.1956,51.3374,1373600
2003-08-07,51.7345,51.8574,51.3469,51.8574,1349600
2003-08-08,52.0181,52.0938,51.7062,51.7345,1099700
2003-08-11,52.2262,52.5854,52.0938,52.1411,1506800
2003-08-12,52.992,53.077,52.1127,52.4247,1547300
2003-08-13,52.5476,53.181,52.3774,53.181,1102900
2003-08-14,52.7083,52.9825,52.2356,52.8029,1110300
2003-08-15,51.9898,52.6705,51.9047,52.6138,1243200
2003-08-18,51.6022,51.952,51.5644,51.8574,1480400
2003-08-19,51.4698,51.8291,51.2429,51.7912,1076000
2003-08-20,51.5076,51.7156,51.2051,51.4698,1200200
2003-08-21,51.3847,51.8007,51.1956,51.5076,1476700
2003-08-22,50.4393,51.3847,50.2975,51.3374,1950300
2003-08-25,50.4865,50.5905,50.0611,50.3447,1334800
2003-08-26,50.9687,51.1294,50.3637,50.5338,1574300
2003-08-27,52.3302,52.765,51.6683,52.472,3142800
2003-08-28,52.3112,52.5192,51.9992,52.5192,1232300
2003-08-29,52.264,52.6516,51.9992,52.3774,1293500
2003-09-02,53.0392,53.2945,52.3302,52.472,1460400
2003-09-03,53.4647,53.8429,53.1149,53.2283,1801900
2003-09-04,53.2283,53.9847,53.1621,53.4741,1199400
2003-09-05,53.1621,53.2283,52.784,53.0865,1378600
2003-09-08,53.408,53.408,52.8501,53.0676,1554300
2003-09-09,52.8974,53.4647,52.8974,53.408,1189500
2003-09-10,52.9825,53.5025,52.8029,52.8029,1290500
2003-09-11,53.389,53.8712,53.0865,53.0865,1371200
2003-09-12,53.0676,53.2945,52.7083,53.181,1251300
2003-09-15,52.349,52.765,52.2356,52.6138,2023900
2003-09-16,52.5665,52.7178,51.9992,52.3302,1525100
2003-09-17,52.1789,52.472,52.0654,52.472,1150900
2003-09-18,51.8574,52.2262,51.6494,52.0465,2893700
2003-09-19,52.2829,52.3396,51.7156,51.7156,1883100
2003-09-22,51.8385,52.2356,51.5265,52.2356,1494300
2003-09-23,52.4152,52.5665,51.9992,51.9992,1651500
2003-09-24,52.5192,53.0865,52.5192,52.8029,2431800
2003-09-25,52.6705,52.9258,52.3774,52.4247,2781500
2003-09-26,52.3585,52.8407,52.0749,52.6705,1259500
2003-09-29,52.7178,52.8312,52.264,52.472,1778700
2003-09-30,52.8407,53.5119,52.472,52.5665,2070100
2003-10-01,53.8618,53.8901,52.8407,52.8407,1656600
2003-10-02,54.0981,54.4007,53.6727,53.8618,2110900
2003-10-03,54.2116,54.9017,54.1643,54.3439,2217600
2003-10-06,54.5425,54.7032,54.221,54.3156,1124200
2003-10-07,54.7883,54.9679,54.2986,54.5425,1321400
2003-10-08,54.6087,54.7883,54.325,54.7883,1118000
2003-10-09,54.5047,55.0719,54.0319,54.8356,1761000
2003-10-10,54.7883,54.9207,54.429,54.5803,937900
2003-10-13,54.9112,55.3083,54.6938,55.3083,1112900
2003-10-14,55.1003,55.261,54.8356,55.261,1453200
2003-10-15,55.4217,55.5163,54.9679,55.0814,1778700
2003-10-16,54.8734,55.2799,54.5236,55.2137,2303600
2003-10-17,54.221,54.6276,53.8901,54.5519,2073500
2003-10-20,54.2399,54.4101,53.7767,54.1738,1900100
2003-10-21,54.4669,54.6938,54.1549,54.2399,1415700
2003-10-22,54.8371,54.8466,53.9827,54.4004,1818800
2003-10-23,50.4984,53.9162,50.318,51.5047,10895100
2003-10-24,49.2262,50.4984,48.704,50.4984,7796000
2003-10-27,48.5046,49.5585,48.1819,49.0838,6671700
2003-10-28,48.5711,48.8464,47.954,48.5046,5445400
2003-10-29,49.5775,49.6534,48.3717,48.4192,4636700
2003-10-30,49.0078,50.318,48.799,49.6534,3493300
2003-10-31,50.4984,50.7547,49.7768,50.0332,4181500
2003-11-03,50.4604,51.0111,50.4034,50.5553,2162285
2003-11-04,50.6028,50.8876,50.4604,50.5553,2941548
2003-11-05,49.7199,50.8686,49.5964,50.7452,3487800
2003-11-06,49.6439,49.8528,49.3211,49.8433,2666400
2003-11-07,49.4635,50.318,49.3781,49.6059,2599400
2003-11-10,49.3116,49.9192,49.1312,49.7009,1713000
2003-11-11,49.6819,49.6819,49.3116,49.3116,2309700
2003-11-12,50.0427,50.2515,49.511,49.6059,2917400
2003-11-13,50.1281,50.318,49.6819,49.9857,2216900
2003-11-14,49.4635,50.2231,49.4227,50.1661,2290900
2003-11-17,49.454,49.7578,48.1819,49.473,2697000
2003-11-18,48.7895,49.5775,48.7895,49.416,2745900
2003-11-19,49.0838,49.4142,48.704,48.7515,3531100
2003-11-20,49.1502,49.454,48.8939,48.8939,2903800
2003-11-21,49.2262,49.3686,48.9224,49.3211,1543600
2003-11-24,49.7958,49.8338,49.3496,49.4635,2393200
2003-11-25,49.7768,50.261,49.6534,49.7958,2675900
2003-11-26,49.6914,49.8338,49.4635,49.7673,1994800
2003-11-28,49.8433,50.1376,49.6534,49.7009,689800
2003-12-01,50.2231,50.5079,49.9287,49.9382,2270100
2003-12-02,50.375,50.4984,50.0996,50.1946,1798600
2003-12-03,50.337,50.6883,50.0047,50.3465,3367700
2003-12-04,50.9731,50.9921,50.3655,50.375,3363800
2003-12-05,51.1345,51.2674,50.7642,50.7927,2313100
2003-12-08,50.8212,51.125,50.4604,51.0775,2319100
2003-12-09,50.318,51.0585,50.1946,50.8876,3722700
2003-12-10,49.9477,50.318,49.7009,50.261,2467300
2003-12-11,49.9382,50.2231,49.7958,49.8433,2022700
2003-12-12,50.8971,51.125,50.0047,50.2705,1684100
2003-12-15,50.8591,51.2009,50.6313,51.03,1841800
2003-12-16,50.4699,50.9921,50.2326,50.8591,2687700
2003-12-17,51.144,51.1914,50.5079,50.6028,2923600
2003-12-18,47.935,50.2231,47.3274,49.8433,16103100
2003-12-19,46.7008,47.6122,46.1027,47.2799,9962100
2003-12-22,46.6343,47.3654,46.4445,46.7103,4786300
2003-12-23,46.8432,46.9286,46.5394,46.8052,3004100
2003-12-24,46.6818,46.8622,46.5204,46.7578,1482400
2003-12-26,46.8052,46.8527,46.5489,46.6818,980900
2003-12-29,47.4318,47.4508,46.6628,46.6628,2284200
2003-12-30,47.3844,47.6597,47.1375,47.4508,2199700
2003-12-31,47.5268,47.6881,47.3844,47.3844,2752700
2004-01-02,47.109,47.5647,46.9191,47.4223,2015900
2004-01-05,47.4888,47.5457,47.1375,47.2989,5042300
2004-01-06,47.8496,47.9825,47.3464,47.4698,4664200
2004-01-07,48.0869,48.2008,47.8686,47.9445,4199100
2004-01-08,48.2008,48.3527,47.9635,48.1154,2587000
2004-01-09,47.935,48.3717,47.8021,47.973,3769900
2004-01-12,47.8116,48.0774,47.5647,48.0205,3255600
2004-01-13,48.0205,48.3242,47.7261,48.1819,3453100
2004-01-14,47.8686,48.3433,47.5457,48.2768,3570100
2004-01-15,48.4667,48.5426,47.8496,47.9635,3837900
2004-01-16,48.6376,48.8939,48.4382,48.8464,2071800
2004-01-20,48.4952,49.1028,48.3242,48.8939,3440200
2004-01-21,48.8464,48.8844,48.6376,48.704,2501000
2004-01-22,48.6471,48.9698,48.1913,48.9698,2232800
2004-01-23,48.4097,48.9888,48.3717,48.7325,1641700
2004-01-26,48.7895,48.8939,48.5806,48.7515,3466600
2004-01-27,48.666,49.0838,48.6281,48.8464,3110800
2004-01-28,48.2768,48.6091,48.2198,48.4667,3737900
2004-01-29,49.3211,49.3686,48.4192,48.4667,3183000
2004-01-30,48.6755,49.6059,48.5711,49.5775,3042400
2004-02-02,47.7926,48.7325,47.4688,48.685,4899000
2004-02-03,49.2262,49.4635,47.3559,47.7926,5636700
2004-02-04,51.0395,51.4193,49.4635,49.7483,6961000
2004-02-05,51.856,51.9415,51.106,51.2674,4032000
2004-02-06,52.0269,52.2358,51.7611,51.8845,4712800
2004-02-09,52.1408,52.2168,51.5522,52.1788,2294300
2004-02-10,52.2168,52.9288,52.2168,52.2832,3326600
2004-02-11,52.2832,52.4826,52.0744,52.4541,3161000
2004-02-12,52.2737,52.4541,52.2168,52.2453,1341600
2004-02-13,52.2453,52.9288,52.2263,52.9288,1199300
2004-02-17,52.5491,52.7674,52.4541,52.5965,1872800
2004-02-18,52.6915,52.7864,52.5396,52.7864,1319700
2004-02-19,53.6409,54.0206,52.7959,52.8339,3090500
2004-02-20,53.2136,54.1535,53.0807,53.7833,2449700
2004-02-23,53.1757,53.3276,52.9098,53.2231,2353300
2004-02-24,52.4257,53.1187,52.3117,53.0333,2561700
2004-02-25,52.2168,53.0238,52.2168,52.644,1629900
2004-02-26,52.663,52.7674,52.1693,52.1978,1453200
2004-02-27,52.644,52.9383,52.3687,52.739,2208800
2004-03-01,53.394,53.4985,52.739,52.8339,1661900
2004-03-02,53.2896,53.3561,52.9573,53.2611,1861600
2004-03-03,53.4605,53.527,52.9953,53.0238,1459900
2004-03-04,53.2136,53.5364,53.1282,53.4985,1106100
2004-03-05,53.4985,53.6409,52.6725,53.1092,1290400
2004-03-08,53.6599,53.9067,53.3371,53.432,1341800
2004-03-09,53.413,53.7738,53.1852,53.451,1692600
2004-03-10,53.6884,54.3529,53.5934,53.6884,2488000
2004-03-11,52.1218,53.451,51.9794,53.2611,2834100
2004-03-12,52.1408,52.3497,51.894,52.0459,2154700
2004-03-15,51.7231,52.1693,51.6187,52.1693,1583700
2004-03-16,51.894,52.2263,51.6851,51.7896,2113900
2004-03-17,52.2168,52.3877,51.856,51.9794,1913400
2004-03-18,52.2168,52.6535,51.9415,52.2168,1546300
2004-03-19,51.9794,52.3117,51.932,52.2168,2151300
2004-03-22,50.9351,52.0174,50.7927,51.9794,1917800
2004-03-23,50.3085,50.9066,50.2231,50.8401,3236500
2004-03-24,50.1281,50.5648,49.9857,50.1756,2223900
2004-03-25,52.1313,52.2643,50.6598,50.7927,3631800
2004-03-26,51.951,52.3117,51.932,52.2453,1196500
2004-03-29,52.5491,52.5776,51.5997,51.7896,1449200
2004-03-30,53.2136,53.3086,52.4731,52.5016,1982900
2004-03-31,52.3117,53.0238,52.0744,53.0238,2494200
2004-04-01,52.1408,52.3592,52.0269,52.3592,1657400
2004-04-02,52.8054,53.0333,52.1978,52.1978,1432500
2004-04-05,52.0649,52.6915,51.8275,52.6915,1467300
2004-04-06,52.1978,52.2927,51.6187,51.6946,1984900
2004-04-07,51.6756,52.0839,51.3908,51.8845,1627200
2004-04-08,51.5237,52.1693,51.3433,51.7896,1564800
2004-04-12,51.2484,51.5997,51.1345,51.5522,1355900
2004-04-13,50.8497,51.5237,50.5743,51.2674,2276500
2004-04-14,52.0744,52.1883,50.7072,50.7927,3170300
2004-04-15,52.6915,52.8434,52.1218,52.2643,1887300
2004-04-16,52.9288,53.1187,52.7295,52.9763,1372000
2004-04-19,53.4605,53.4985,52.9668,53.1662,2281200
2004-04-20,53.7453,54.1061,53.4985,53.5934,2419600
2004-04-21,53.4035,54.5618,53.1567,54.1156,3433100
2004-04-22,53.7945,53.9184,52.9459,53.4894,2227300
2004-04-23,54.0042,54.1568,53.3845,53.6038,1474700
2004-04-26,54.4047,54.5858,53.8993,54.2426,3309300
2004-04-27,54.3666,54.4714,54.2521,54.3475,1781200
2004-04-28,53.7754,54.2235,53.6324,54.2235,1748900
2004-04-29,55.1579,55.444,53.7849,53.9089,2468900
2004-04-30,55.1865,55.7586,55.0816,55.444,2580600
2004-05-03,56.1781,56.2258,55.1007,55.196,2076400
2004-05-04,55.9969,56.2544,55.5202,55.9398,2862500
2004-05-05,55.854,56.0256,55.4535,55.8349,1738200
2004-05-06,55.7681,55.9398,55.0912,55.587,1757900
2004-05-07,54.9481,55.873,54.7193,55.6251,1607900
2004-05-10,54.357,55.1865,54.2235,54.7765,1770800
2004-05-11,54.4142,54.643,53.7277,54.643,1698100
2004-05-12,54.2616,54.4428,53.7182,54.2235,1440100
2004-05-13,53.3845,54.5,53.2891,54.2807,2032700
2004-05-14,53.1556,53.7277,52.5836,53.3463,2467600
2004-05-17,53.5561,54.1568,52.8982,52.9173,1584900
2004-05-18,53.537,54.0137,53.3845,53.7277,1076000
2004-05-19,53.3082,53.9089,53.3082,53.6324,1300200
2004-05-20,53.3654,53.5847,52.9268,53.1556,1251400
2004-05-21,54.5668,54.8814,53.5847,53.8707,2151700
2004-05-24,54.1663,55.0816,54.1186,54.8051,1426000
2004-05-25,54.5,54.6335,53.7468,54.1758,1699200
2004-05-26,55.196,55.3009,54.1663,54.5,1481900
2004-05-27,54.8433,55.7967,54.8337,55.196,1896200
2004-05-28,54.5382,54.9005,54.357,54.9005,1336000
2004-06-01,54.8623,54.9481,54.2331,54.6144,1318300
2004-06-02,54.7479,55.2723,54.4333,55.1007,1100900
2004-06-03,54.3951,54.7193,54.3475,54.4619,1310200
2004-06-04,54.2712,54.7479,53.928,54.643,1580800
2004-06-07,54.9196,54.9196,54.2807,54.2807,1074400
2004-06-08,55.0816,55.1579,54.4047,54.5858,1304800
2004-06-09,55.4058,55.5298,55.0626,55.0912,1444400
2004-06-10,55.444,55.5298,55.1484,55.2151,1015200
2004-06-14,55.3963,55.4154,55.0816,55.1102,1207600
2004-06-15,55.4821,55.6633,55.2914,55.463,1126500
2004-06-16,55.749,55.7776,55.4725,55.5393,1122100
2004-06-17,55.6347,56.1591,55.5488,55.6251,1397100
2004-06-18,55.6633,55.9874,55.444,55.6442,847300
2004-06-21,55.5679,55.7776,55.444,55.4916,895900
2004-06-22,55.9493,56.2925,55.3486,55.4916,1345000
2004-06-23,55.7014,55.9969,55.5584,55.73,1558600
2004-06-24,55.4535,55.5679,55.2247,55.444,1065300
2004-06-25,54.6812,55.463,54.6812,55.3772,1790100
2004-06-28,55.0721,55.2437,54.9196,55.0149,1198000
2004-06-29,55.873,56.0637,55.0149,55.0816,1635900
2004-06-30,55.73,55.9207,55.3963,55.73,1453500
2004-07-01,55.9969,56.2258,55.873,55.873,1978600
2004-07-02,55.6633,56.016,55.444,55.873,685400
2004-07-06,55.5774,55.6823,55.1579,55.463,1363800
2004-07-07,55.3963,55.9493,55.3772,55.5393,1373500
2004-07-08,55.3581,55.73,55.2914,55.3009,1144800
2004-07-09,55.0721,55.5107,54.9577,55.3295,945000
2004-07-12,54.9767,55.1579,54.643,54.9672,733700
2004-07-13,54.8051,54.9577,54.5954,54.5954,928300
2004-07-14,54.2426,54.8337,54.0519,54.6335,1298000
2004-07-15,54.2521,54.3189,53.8898,54.2426,1256100
2004-07-16,53.6991,54.2521,53.2987,54.2521,1631400
2004-07-19,53.5179,53.9852,53.4035,53.7945,917600
2004-07-20,53.9852,53.9852,53.2891,53.4226,2174600
2004-07-21,52.4406,53.3177,51.7254,52.7266,6288800
2004-07-22,51.5691,52.1054,51.3297,52.0958,2942600
2004-07-23,50.4104,51.6074,50.0847,51.3775,2989300
2004-07-26,50.4678,50.7934,49.9986,50.5348,3248700
2004-07-27,50.8125,51.0232,50.2093,50.6498,1739700
2004-07-28,51.186,51.3297,50.2667,50.6019,2462000
2004-07-29,51.0328,51.3488,50.7647,51.3297,1518500
2004-07-30,50.9466,50.9753,50.2954,50.7742,1667700
2004-08-02,51.0807,51.2914,50.9083,50.9562,1369800
2004-08-03,50.7264,51.1956,50.6689,50.937,1062100
2004-08-04,50.5827,50.7551,50.305,50.7264,1700000
2004-08-05,50.0369,50.6306,49.8932,50.6306,1011800
2004-08-06,49.558,50.1614,49.3186,49.8932,1295800
2004-08-09,49.3665,49.7304,49.0218,49.5102,1342400
2004-08-10,50.0177,50.0369,49.3857,49.558,1318800
2004-08-11,49.9986,50.2188,49.175,50.0177,2794700
2004-08-12,49.7783,50.123,49.6347,49.8357,1213600
2004-08-13,49.5389,49.9794,49.3186,49.8932,1150700
2004-08-16,49.7496,50.2571,49.4048,49.6634,1314400
2004-08-17,49.4335,50.0369,49.3186,49.9411,1456300
2004-08-18,49.9219,49.9315,49.3665,49.4431,1538800
2004-08-19,49.6825,49.7879,49.2324,49.7496,1401100
2004-08-20,50.4295,50.5252,49.5963,49.7304,1146200
2004-08-23,51.0807,51.2818,50.4199,50.6689,2102000
2004-08-24,51.0998,51.3775,50.9083,51.2818,822700
2004-08-25,51.5691,51.6265,50.87,51.0424,1085400
2004-08-26,51.6648,51.7415,51.3392,51.3488,1020100
2004-08-27,51.6648,51.7606,51.4542,51.5882,692300
2004-08-30,51.4446,51.7606,51.435,51.5021,707300
2004-08-31,51.7127,51.8085,51.2531,51.3871,1393400
2004-09-01,52.0862,52.2394,51.4925,51.6265,983600
2004-09-02,52.498,52.7278,51.9809,52.1916,1628400
2004-09-03,52.5267,52.9098,52.4597,52.5555,948200
2004-09-07,52.6704,52.8044,52.4788,52.6704,891400
2004-09-08,52.1916,52.6704,52.1245,52.6704,1482300
2004-09-09,51.9234,52.3448,51.8468,52.3352,882900
2004-09-10,52.0958,52.1628,51.6744,51.8085,777700
2004-09-13,52.1628,52.7374,51.8564,52.0,1903400
2004-09-14,52.0479,52.316,51.617,52.1916,1449000
2004-09-15,52.0671,52.1916,51.7319,52.0479,1205100
2004-09-16,52.0,52.2394,51.7893,52.0383,785600
2004-09-17,52.0288,52.4118,51.9809,52.2394,2220700
2004-09-20,46.1871,47.4225,46.0531,47.4225,15838800
2004-09-21,44.1186,46.2541,43.8218,46.2541,19429000
2004-09-22,43.9079,44.1952,43.8601,44.0037,9862700
2004-09-23,43.8601,44.3867,43.7643,44.0037,7367800
2004-09-24,43.2376,43.975,43.1418,43.8888,7086600
2004-09-27,43.3142,43.6207,43.2376,43.477,4620700
2004-09-28,43.4291,43.7164,43.2855,43.3812,6125400
2004-09-29,43.5728,43.7739,43.3621,43.4579,4068300
2004-09-30,43.2663,43.5919,43.1131,43.5728,4041100
2004-10-01,43.2089,43.8122,43.1897,43.2855,5168900
2004-10-04,42.9982,43.3908,42.5864,42.9982,7381700
2004-10-05,42.6151,42.8737,42.4715,42.8066,5836600
2004-10-06,42.663,42.9503,42.5193,42.7109,3947600
2004-10-07,42.5289,43.1035,42.5098,42.73,2932200
2004-10-08,42.2799,42.912,42.1363,42.596,4995100
2004-10-11,42.1267,42.414,41.8586,42.2512,2382300
2004-10-12,41.5138,42.0597,41.4564,41.9926,4747800
2004-10-13,41.6096,41.8394,41.2936,41.8298,4786900
2004-10-14,41.6096,41.849,41.3893,41.849,3279800
2004-10-15,42.0692,42.4906,41.9543,42.3757,3876700
2004-10-18,42.0597,42.2321,41.8586,41.8586,2492500
2004-10-19,41.2361,42.0692,41.0733,42.0597,5491900
2004-10-20,43.4291,43.5057,42.0884,42.1363,9203700
2004-10-21,44.1415,44.4593,43.9008,44.4593,6641600
2004-10-22,43.9971,44.2378,43.9683,44.1415,2645500
2004-10-25,43.2751,44.2763,43.0055,44.2763,3430300
2004-10-26,43.6891,43.6987,43.0825,43.3232,2494800
2004-10-27,43.7276,43.8142,43.1307,43.6891,2884600
2004-10-28,43.2751,44.0645,43.2558,43.9683,3964800
2004-10-29,42.9574,43.4772,42.7841,43.1884,4075100
2004-11-01,43.0344,43.3136,42.8803,42.9574,3400100
2004-11-02,43.3425,43.8046,42.7071,43.2751,3409800
2004-11-03,43.7853,43.9105,43.4387,43.8527,2398300
2004-11-04,44.7866,44.854,43.8046,43.949,3548400
2004-11-05,45.162,45.3546,44.8636,44.9599,2411800
2004-11-08,44.6518,45.2102,44.6037,45.1043,2248200
2004-11-09,44.931,45.2294,44.7481,44.9888,2263800
2004-11-10,44.7192,45.1235,44.6229,45.0562,2018200
2004-11-11,45.6145,45.836,45.008,45.1043,2562000
2004-11-12,45.8456,45.8745,45.499,45.8745,2418100
2004-11-15,46.1152,46.2981,45.8167,46.0959,2593600
2004-11-16,46.3462,46.5869,45.9226,46.1152,2358400
2004-11-17,46.9239,47.0779,46.5195,46.5965,3077800
2004-11-18,45.1717,46.0189,44.9213,45.9707,5650800
2004-11-19,44.4977,45.1524,44.3341,45.1524,3221400
2004-11-22,44.3148,44.6229,44.0453,44.5748,2512100
2004-11-23,44.286,44.3918,44.0453,44.3822,1714700
2004-11-24,44.0838,44.44,43.9008,44.1897,2258500
2004-11-26,44.1897,44.4881,44.1897,44.1897,667300
2004-11-29,44.286,44.6807,44.1897,44.286,1921100
2004-11-30,44.2763,44.3534,44.0838,44.1415,1776000
2004-12-01,44.9791,45.0562,44.4304,44.4977,2447300
2004-12-02,45.5953,45.7397,44.9599,45.0562,2538400
2004-12-03,45.1524,45.6819,44.854,45.6819,3371600
2004-12-06,44.5652,45.1524,44.4111,45.1043,2404500
2004-12-07,48.2043,48.5605,45.99,46.1825,14395300
2004-12-08,47.7037,48.4835,47.6555,48.2043,6585100
2004-12-09,48.3776,48.5605,47.6363,47.7037,3597600
2004-12-10,48.5798,48.8301,47.9444,48.185,2400300
2004-12-13,48.1562,48.2621,47.5496,48.2332,3530600
2004-12-14,48.599,48.6664,48.0599,48.0888,1871300
2004-12-15,48.3487,48.4628,47.8096,48.4257,2186200
2004-12-16,48.0406,48.1947,47.4149,47.9925,2998400
2004-12-17,48.0599,48.2332,47.5496,47.6555,3076500
2004-12-20,48.4354,48.7338,47.9829,48.0599,2657200
2004-12-21,48.5701,48.7146,48.185,48.3295,2150400
2004-12-22,48.6183,48.7434,48.3776,48.4257,2123800
2004-12-23,48.8397,49.1285,48.6183,48.6183,1489200
2004-12-27,48.4065,49.0323,48.4065,48.8782,1300500
2004-12-28,48.4546,48.7242,48.3487,48.4739,1337200
2004-12-29,48.445,48.5701,48.1465,48.5413,1602300
2004-12-30,49.3499,49.5618,48.6183,48.6183,2132800
2004-12-31,49.2537,49.244,48.9264,49.3885,1240900
2005-01-03,48.1562,49.244,48.108,49.013,2691900
2005-01-04,47.8192,48.599,47.8192,48.2524,1947900
2005-01-05,46.7409,47.6363,46.6832,47.2223,4458000
2005-01-06,47.877,48.6279,47.4149,47.6555,2993600
2005-01-07,48.2139,48.4739,47.5111,47.877,1845800
2005-01-10,48.6568,48.9456,48.185,48.2139,2342000
2005-01-11,48.5701,48.7434,48.1369,48.4835,2071200
2005-01-12,48.3391,48.4257,48.031,48.2428,2339200
2005-01-13,48.0406,48.9745,47.8577,48.6183,2100700
2005-01-14,48.2139,48.2332,47.6748,48.0406,1688900
2005-01-18,48.2717,48.4257,47.6844,47.8962,1713700
2005-01-19,48.2043,48.599,48.0406,48.2717,1211800
2005-01-20,48.2524,48.5798,48.0214,48.2524,1613900
2005-01-21,47.9444,48.3969,47.5978,48.2524,1878400
2005-01-24,47.6542,48.2733,47.5187,48.1766,1949300
2005-01-25,48.1766,48.4087,47.6155,47.896,2818000
2005-01-26,48.254,48.7473,48.2249,48.3701,1970300
2005-01-27,50.9724,51.1949,49.3084,50.2565,7300900
2005-01-28,49.9759,50.866,48.7183,50.6048,7181000
2005-01-31,50.8273,50.8369,50.0727,50.3049,3793400
2005-02-01,51.4754,51.5141,50.4983,50.8273,2892900
2005-02-02,52.5202,52.617,51.5141,51.5141,3541100
2005-02-03,52.9942,53.6231,52.5396,52.7234,5532400
2005-02-04,53.0426,53.149,52.4718,52.5783,3719500
2005-02-07,53.4006,53.565,52.6847,53.0426,3068700
2005-02-08,53.1103,53.4973,52.8878,53.3812,2905400
2005-02-09,52.733,53.2071,52.6653,53.12,1764400
2005-02-10,52.2397,52.8008,51.9591,52.7427,2549100
2005-02-11,52.8685,53.0233,52.3364,52.3364,2211900
2005-02-14,52.7137,53.0039,52.5589,52.8781,1427900
2005-02-15,52.1623,52.7234,51.8817,52.7234,3062300
2005-02-16,52.2203,52.3654,51.8334,52.1623,2293200
2005-02-17,52.1623,52.4718,51.843,52.2397,2321400
2005-02-18,51.4657,52.3267,51.4657,52.288,1976800
2005-02-22,50.6918,51.5431,50.6918,51.4657,1984000
2005-02-23,50.8853,51.0401,50.5881,50.7886,1886800
2005-02-24,51.1175,51.1465,50.3823,50.7886,1771100
2005-02-25,50.8853,51.1852,50.6338,50.7886,1783100
2005-02-28,51.1949,51.2529,50.4983,50.7112,2025800
2005-03-01,51.1465,51.814,51.0594,51.1949,2368400
2005-03-02,50.9917,51.5625,50.537,51.1465,2382500
2005-03-03,50.9627,51.4077,50.6048,51.1755,1378000
2005-03-04,51.1175,51.2336,50.6628,51.0401,1684000
2005-03-07,51.2046,51.4174,51.0498,51.2626,1360000
2005-03-08,51.0981,51.2723,50.9337,51.1562,1331400
2005-03-09,50.0727,51.0111,50.0146,50.8466,1963000
2005-03-10,50.9821,51.1852,49.9759,49.9953,1955000
2005-03-11,50.6338,51.5141,50.5467,50.8369,1620200
2005-03-14,50.866,50.866,50.4113,50.6338,1534200
2005-03-15,50.8853,51.4077,50.8369,51.1078,1506000
2005-03-16,50.508,50.9627,50.3049,50.895,1210600
2005-03-17,50.2662,50.6048,49.9566,50.5951,1214800
2005-03-18,50.4403,50.5564,49.7438,50.1017,2390700
2005-03-21,49.9759,50.4983,49.8059,50.4403,1463200
2005-03-22,48.9408,49.9759,48.9021,49.7534,2330100
2005-03-23,50.4306,50.7015,48.9505,48.9505,2768100
2005-03-24,50.0824,50.508,50.0437,50.3049,1450600
2005-03-28,49.9372,50.3339,49.8889,50.0824,1107700
2005-03-29,49.7534,50.2855,49.647,49.8212,1530100
2005-03-30,50.5757,50.7499,49.6664,49.676,1503900
2005-03-31,50.4693,50.7886,50.3242,50.7402,1112100
2005-04-01,49.8405,50.7595,49.5793,50.5951,1851100
2005-04-04,50.092,50.1598,49.6277,49.8695,1384400
2005-04-05,50.5661,50.7789,50.3242,50.3242,1408900
2005-04-06,51.0981,51.1465,50.5564,50.7789,1265500
2005-04-07,51.7947,51.7947,50.9143,51.1852,1602300
2005-04-08,51.7947,52.0946,51.4367,51.7947,1483700
2005-04-11,51.9591,52.3074,51.6979,51.9591,1355900
2005-04-12,52.1913,52.3751,51.311,51.9881,2165800
2005-04-13,52.172,52.5783,51.785,52.3074,1836400
2005-04-14,51.5625,52.3171,51.5238,52.172,2221200
2005-04-15,51.0981,52.3171,51.0594,51.5722,2768200
2005-04-18,50.6531,51.1755,50.3049,51.0014,1877800
2005-04-19,50.421,50.7595,50.1888,50.6241,1920200
2005-04-20,49.4245,50.2855,49.3375,50.2758,2438500
2005-04-21,50.3049,50.5467,49.7534,49.9179,1965000
2005-04-22,49.984,50.2272,49.4587,50.2175,1568100
2005-04-25,50.2467,50.4218,49.6338,50.0715,1562600
2005-04-26,49.3224,50.3342,49.3224,50.2953,2379100
2005-04-27,49.3517,49.4976,47.1822,49.2738,3839800
2005-04-28,49.0501,49.6921,48.9625,49.2544,2225600
2005-04-29,48.4372,49.3353,48.1843,49.196,2951000
2005-05-02,48.7485,48.7582,48.3983,48.5734,2684700
2005-05-03,48.4956,48.729,48.2621,48.6609,2435600
2005-05-04,48.6804,48.7339,48.3107,48.6317,2089800
2005-05-05,48.2329,48.7096,47.9994,48.7096,2479500
2005-05-06,47.834,48.4372,47.6006,48.4177,2113900
2005-05-09,47.6589,47.9411,47.5908,47.9119,2999200
2005-05-10,47.2795,47.7173,46.9877,47.6589,2205500
2005-05-11,47.9508,47.98,47.2795,47.3963,2249900
2005-05-12,47.9119,48.2524,47.7757,47.9508,2017400
2005-05-13,47.2795,48.0092,46.939,48.0092,2447300
2005-05-16,47.8438,47.9313,47.3739,47.4254,2014200
2005-05-17,48.2426,48.2426,47.6006,47.6006,2619900
2005-05-18,49.0306,49.2252,48.2815,48.3107,2688000
2005-05-19,49.3127,49.3711,49.0209,49.0209,1346900
2005-05-20,49.731,49.77,49.2057,49.5948,1777600
2005-05-23,49.3419,49.7602,49.1863,49.731,2253200
2005-05-24,49.4295,49.5657,49.0307,49.517,1466800
2005-05-25,49.089,49.4976,48.8944,49.3906,1426800
2005-05-26,48.9236,49.2738,48.8847,49.2252,1207900
2005-05-27,48.6999,49.0987,48.6609,48.8555,1205700
2005-05-31,48.6123,48.8944,48.5247,48.7971,1283200
2005-06-01,48.8847,49.3224,48.5053,48.6317,1509500
2005-06-02,48.2621,48.7777,48.1745,48.6415,1580800
2005-06-03,47.7562,48.2329,47.6687,48.0189,1938500
2005-06-06,47.6297,47.727,47.2309,47.5908,1922500
2005-06-07,48.3204,48.5247,47.5714,47.5714,2279500
2005-06-08,48.4469,48.6317,48.1259,48.301,1854100
2005-06-09,48.3496,48.5247,48.194,48.301,2047500
2005-06-10,48.408,48.7874,48.2913,48.4469,1842900
2005-06-13,48.3399,48.7582,48.1843,48.3496,1279800
2005-06-14,48.301,48.4469,48.1259,48.2037,1286800
2005-06-15,48.194,48.3983,47.8243,48.3983,1287900
2005-06-16,47.5714,48.1648,47.5519,48.1064,2074400
2005-06-17,47.9897,48.1161,47.62,47.6687,2903200
2005-06-20,49.3614,49.5073,48.3399,48.4956,3211700
2005-06-21,49.4587,49.4781,48.9139,49.2738,1911800
2005-06-22,49.8089,49.9645,49.4489,49.8575,2208200
2005-06-23,49.9548,50.0715,49.7408,50.0034,2373700
2005-06-24,49.2252,50.091,48.9431,50.0034,3037900
2005-06-27,48.7874,49.3127,48.6026,49.3127,2524400
2005-06-28,49.2544,49.5948,48.7874,48.9528,2429200
2005-06-29,49.4878,49.6824,49.196,49.196,2099500
2005-06-30,48.5539,49.6046,48.5345,49.517,2569300
2005-07-01,48.6901,49.2738,48.5734,48.7777,1781000
2005-07-05,49.0014,49.2544,48.3788,48.5442,1454500
2005-07-06,48.2037,48.8944,48.1551,48.8847,2449900
2005-07-07,48.6317,48.7193,47.7173,48.1551,3230100
2005-07-08,49.089,49.1084,48.4274,48.7582,1900100
2005-07-11,49.0501,49.3906,48.8069,49.2252,1578400
2005-07-12,49.4489,49.7894,48.9333,48.9333,1535100
2005-07-13,49.7991,50.0715,49.517,49.5462,1803500
2005-07-14,49.8672,50.2369,49.7116,49.7991,1554900
2005-07-15,50.1494,50.198,49.7122,49.7894,1753900
2005-07-18,50.0813,50.4996,50.0618,50.1494,1796200
2005-07-19,50.0326,50.3829,49.8381,50.2953,1272500
2005-07-20,50.0326,50.2369,49.517,49.9548,1523300
2005-07-21,50.4412,50.4996,49.663,50.0229,2523900
2005-07-22,50.852,50.8911,50.1867,50.4998,1790800
2005-07-25,50.7346,50.8617,50.5389,50.8617,1386500
2005-07-26,50.6269,51.0965,50.5585,50.6563,2159100
2005-07-27,50.8715,51.4194,50.8715,50.9204,3121600
2005-07-28,52.1433,52.2998,51.028,51.1161,3521100
2005-07-29,51.7911,52.3194,51.752,52.2411,2219500
2005-08-01,51.8987,52.2118,51.5563,51.9966,1889900
2005-08-02,51.7911,51.9966,51.4291,51.8792,1972900
2005-08-03,51.9672,52.6227,51.7031,52.6227,2084500
2005-08-04,51.2433,51.9672,51.1161,51.9672,1775900
2005-08-05,51.4781,51.6053,51.1161,51.2628,1149800
2005-08-08,51.4389,51.7618,51.2726,51.6542,1204800
2005-08-09,51.4879,51.6346,51.3411,51.5857,1318700
2005-08-10,51.6053,52.0846,51.2335,51.8205,1690900
2005-08-11,51.5563,51.8498,51.3998,51.6053,1444700
2005-08-12,51.6542,51.8205,51.1748,51.4585,1600300
2005-08-15,51.6248,51.8205,51.4585,51.7226,997700
2005-08-16,51.2433,51.8205,51.1552,51.7031,877200
2005-08-17,50.7737,51.2824,50.7248,51.165,1359700
2005-08-18,51.6053,51.8498,50.7248,50.7443,1798600
2005-08-19,50.9889,51.5563,50.9889,51.5563,1689800
2005-08-22,51.2726,51.4976,51.0183,51.0183,1760600
2005-08-23,51.8596,52.0846,51.2628,51.3118,2018000
2005-08-24,51.5074,52.114,51.1091,51.8107,2920900
2005-08-25,51.3313,51.4879,51.2139,51.4487,1206600
2005-08-26,51.0378,51.2922,50.8813,51.2922,1633400
2005-08-29,51.6933,51.8498,50.8226,50.8226,1167100
2005-08-30,51.2726,51.5955,50.852,51.5563,1814800
2005-08-31,51.3607,51.4487,50.8715,51.2726,1789300
2005-09-01,51.4976,51.7128,51.028,51.4096,1389800
2005-09-02,51.3509,51.5563,51.1161,51.5563,1233800
2005-09-06,52.3487,52.4759,51.8498,52.0259,2252200
2005-09-07,52.8868,53.1216,52.3977,52.4368,2759900
2005-09-08,52.2411,52.6031,51.9868,52.0455,2204500
2005-09-09,52.1824,52.5346,52.114,52.4368,1307900
2005-09-12,51.9477,52.2118,51.7618,52.0944,1165600
2005-09-13,51.615,51.7618,51.2628,51.6053,1638200
2005-09-14,51.4096,51.7226,51.1846,51.4291,1414700
2005-09-15,51.84,51.977,51.2531,51.5074,1477900
2005-09-16,52.4564,52.5444,51.6053,52.0455,2285700
2005-09-19,51.6737,52.3879,51.3704,52.2705,1164400
2005-09-20,51.4487,51.8987,51.2531,51.6639,1564000
2005-09-21,50.8226,51.1552,50.6171,51.1063,2304000
2005-09-22,50.8422,50.9791,50.2161,50.578,2047000
2005-09-23,50.9498,51.2139,50.5389,51.0085,1184000
2005-09-26,50.2356,51.302,50.0791,51.165,1948600
2005-09-27,50.852,50.9987,50.1476,50.1769,1748100
2005-09-28,51.2335,51.4487,50.7933,50.8324,1591900
2005-09-29,51.4194,51.6639,50.6661,51.0574,1864300
2005-09-30,51.6444,51.6639,50.6954,51.2922,1636100
2005-10-03,51.8498,51.9868,51.2824,51.8303,2356900
2005-10-04,51.8792,52.2314,51.0672,51.6053,2674400
2005-10-05,51.2726,51.8303,51.2726,51.5172,2027100
2005-10-06,51.0672,51.8009,50.7248,51.4487,2577200
2005-10-07,51.4976,51.5563,50.852,51.3118,1697300
2005-10-10,51.1259,51.6444,51.0868,51.3607,1491300
2005-10-11,51.0085,51.6444,50.94,51.2041,1619400
2005-10-12,50.8324,50.9889,50.5291,50.578,2060600
2005-10-13,50.6563,51.0085,50.4509,50.5878,1490000
2005-10-14,51.2628,51.6737,50.2454,50.6563,1892500
2005-10-17,51.2531,51.3118,50.6954,51.028,2033700
2005-10-18,50.9791,51.2628,50.6269,50.8715,1471400
2005-10-19,51.5368,51.5368,50.578,50.6367,1704100
2005-10-20,50.9596,51.7422,50.8813,51.4781,1365800
2005-10-21,50.9693,51.3704,50.5095,51.0476,1907200
2005-10-24,51.6484,51.6484,50.9794,51.1171,1209400
2005-10-25,51.55,52.032,51.0876,51.6287,1406600
2005-10-26,51.304,51.9337,51.245,51.2548,1693000
2005-10-27,51.2942,51.4319,50.94,51.2548,1315500
2005-10-28,52.278,52.278,51.3827,51.4319,2363700
2005-10-31,52.091,52.5337,51.8254,52.337,3397300
2005-11-01,51.5106,52.7207,51.2647,52.3862,2792400
2005-11-02,51.4418,51.9533,51.186,51.6189,2111600
2005-11-03,51.1565,51.7466,50.9105,51.4516,3175100
2005-11-04,51.0089,51.3139,50.8613,50.8613,1862000
2005-11-07,51.1269,51.1762,50.3596,51.1073,2449000
2005-11-08,51.8058,52.0123,50.822,50.822,2637000
2005-11-09,52.2976,52.4157,51.8451,51.9632,2249100
2005-11-10,52.7797,52.8781,52.0812,52.1107,1862700
2005-11-11,52.76,52.8486,52.4452,52.76,1262400
2005-11-14,52.3075,53.006,52.1796,52.6616,1581200
2005-11-15,52.6616,52.8781,52.2878,52.6518,1486100
2005-11-16,52.7305,52.9273,52.5337,52.9273,1311300
2005-11-17,53.3208,53.4192,52.5928,52.6912,1890500
2005-11-18,52.9863,53.7044,52.6026,53.7044,2850500
2005-11-21,53.5077,53.7438,52.9273,53.0748,1528500
2005-11-22,52.9961,53.5175,52.7699,53.3995,1618500
2005-11-23,53.124,53.2224,52.7797,53.1142,1063300
2005-11-25,53.1732,53.5077,53.1732,53.3011,538600
2005-11-28,53.429,53.7044,53.0257,53.2421,2140000
2005-11-29,53.4093,53.6553,53.2027,53.4192,1714900
2005-11-30,53.6356,54.0783,53.547,53.5667,2195300
2005-12-01,54.2947,54.4324,53.8127,53.8127,2372800
2005-12-02,54.0685,54.1963,53.8127,54.0094,1643800
2005-12-05,54.3537,54.4128,54.0094,54.0783,1855300
2005-12-06,54.6292,54.6882,54.3046,54.4915,1816900
2005-12-07,54.0193,54.5899,53.7438,54.5603,1897500
2005-12-08,54.3636,54.6095,53.911,54.157,1713800
2005-12-09,54.1471,54.5013,53.9602,54.3046,1050300
2005-12-12,53.9799,54.098,53.6159,54.0685,1738200
2005-12-13,54.7473,54.7473,53.8422,53.8619,1898100
2005-12-14,55.3375,55.6917,54.8948,55.0916,2095300
2005-12-15,55.4753,55.5343,54.5997,55.2883,1602100
2005-12-16,55.0326,56.2229,54.9637,55.6228,2633400
2005-12-19,54.9735,55.1309,54.4733,55.0227,1571600
2005-12-20,54.4521,55.1506,54.4423,55.0424,1843900
2005-12-21,54.3537,54.8555,54.157,54.4915,1614600
2005-12-22,54.521,54.5899,54.1176,54.2652,1497700
2005-12-23,54.5997,54.7473,54.3144,54.6981,688200
2005-12-27,54.1373,54.639,54.0783,54.5603,1003100
2005-12-28,54.3537,54.5505,53.9012,53.9996,1384600
2005-12-29,54.4029,54.6292,54.1963,54.5505,1213200
2005-12-30,53.9602,54.3341,53.9406,54.0488,974200
2006-01-03,54.0193,54.2244,53.6258,54.0881,1837100
2006-01-04,54.6587,54.7571,53.9406,53.9504,1975800
2006-01-05,53.8422,55.0345,53.8127,54.8063,1933200
2006-01-06,53.9307,54.1767,53.6946,53.9602,1907000
2006-01-09,54.5702,54.7177,53.734,53.793,1699300
2006-01-10,54.0193,54.4128,53.9209,54.2652,2080900
2006-01-11,53.793,54.2751,53.6612,53.9602,2592200
2006-01-12,53.37,53.7635,53.2224,53.7635,2047700
2006-01-13,53.8619,54.1078,53.4487,53.4978,1422300
2006-01-17,53.6061,53.9701,53.5274,53.8323,1348600
2006-01-18,53.5077,53.7241,53.2421,53.488,1469700
2006-01-19,54.1176,54.2062,53.5569,53.8619,2607300
2006-01-20,52.8289,54.0488,52.6518,53.9602,4095300
2006-01-23,53.0453,53.4093,52.76,53.0257,2340200
2006-01-24,53.1641,53.4905,52.8278,53.1344,1884900
2006-01-25,55.0434,55.1918,54.0642,54.1433,4307600
2006-01-26,54.0147,55.1918,53.7971,55.172,3169300
2006-01-27,55.3797,55.4884,54.4994,55.3896,3058700
2006-01-30,54.7467,55.4885,54.6972,55.4588,1921300
2006-01-31,54.2917,54.5785,53.8466,54.4005,3779600
2006-02-01,54.6972,54.8159,54.2027,54.2027,2023200
2006-02-02,54.2422,54.6972,54.1829,54.6972,2433100
2006-02-03,53.9455,54.2917,53.7378,53.8565,1499500
2006-02-06,53.5597,53.7971,53.4015,53.6092,1415200
2006-02-07,53.2333,53.5103,53.0059,53.4114,1626400
2006-02-08,53.2927,53.5894,52.9762,53.1344,1317000
2006-02-09,53.174,53.6784,53.0553,53.0949,1537200
2006-02-10,53.4312,53.6883,53.174,53.263,1476500
2006-02-13,53.5004,53.54,53.1147,53.4114,1185200
2006-02-14,53.6587,53.8565,53.4114,53.5696,1360800
2006-02-15,53.9158,54.0048,53.1245,53.6784,1626100
2006-02-16,54.2126,54.2126,53.7576,53.9059,1222700
2006-02-17,54.2027,54.3016,53.9059,54.173,1606900
2006-02-21,53.7279,53.9949,53.6389,53.9059,1370000
2006-02-22,53.9752,54.3807,53.4312,53.5795,1460500
2006-02-23,54.0543,54.3906,53.6587,53.7576,1477300
2006-02-24,54.0246,54.4005,53.9059,54.2027,1503300
2006-02-27,54.8258,54.9247,53.7081,53.7774,1725900
2006-02-28,53.8862,55.1324,53.8565,54.6972,1811400
2006-03-01,54.173,54.351,53.896,54.084,1126400
2006-03-02,53.9158,54.1433,53.5103,53.9554,980800
2006-03-03,54.262,54.6873,53.7477,53.7675,1369200
2006-03-06,53.7081,54.3807,53.5301,54.1334,1200400
2006-03-07,54.0444,54.2521,53.4312,53.4806,1496600
2006-03-08,55.9237,55.9435,54.1235,54.1532,3572700
2006-03-09,56.6556,57.0414,55.4094,55.6369,4358400
2006-03-10,57.0908,57.3678,56.527,56.8732,2510700
2006-03-13,57.1799,57.6546,57.0513,57.3678,1958800
2006-03-14,56.0325,56.715,55.805,56.6952,4535700
2006-03-15,56.0523,56.5468,55.9633,56.0325,2050700
2006-03-16,56.0325,56.4578,55.6962,56.082,2832900
2006-03-17,56.0721,56.2699,55.7556,56.26,1997100
2006-03-20,56.3787,56.4677,56.1908,56.3193,1541200
2006-03-21,56.9524,57.259,56.3787,56.3787,2076800
2006-03-22,57.3876,57.4568,56.2699,56.2699,1659100
2006-03-23,56.715,57.2194,56.2798,57.17,1701700
2006-03-24,57.17,57.1799,56.4084,56.6754,1814100
2006-03-27,57.1403,57.4667,56.9919,57.2392,1288300
2006-03-28,56.5864,57.3678,56.4776,57.3678,2190200
2006-03-29,57.0315,57.3579,56.3985,56.8337,2343300
2006-03-30,57.6447,57.7733,56.5765,56.7842,2455200
2006-03-31,56.4776,57.5656,56.4776,57.3876,2637500
2006-04-03,57.1996,57.803,56.6853,56.8732,2222100
2006-04-04,57.2392,57.4964,56.9622,57.4667,1784700
2006-04-05,57.348,57.526,57.0908,57.3678,1696100
2006-04-06,57.3975,57.5359,57.071,57.348,1338600
2006-04-07,56.9227,57.4766,56.8436,57.3975,1582400
2006-04-10,57.17,57.2788,56.527,56.6754,1108700
2006-04-11,56.438,57.0908,56.1908,56.9227,2066800
2006-04-12,56.26,56.7743,56.2006,56.5765,1271400
2006-04-13,55.983,56.1017,55.5973,55.7852,1596300
2006-04-17,55.6962,56.1017,55.3896,55.8841,1464800
2006-04-18,56.082,56.2006,55.5874,55.6665,1524600
2006-04-19,56.3094,56.3787,55.8248,56.0523,1212200
2006-04-20,56.6376,57.1449,56.3062,56.3094,1740400
2006-04-21,56.5581,57.0355,56.2497,56.9957,1717800
2006-04-24,57.0355,57.6224,56.7272,56.7868,1804800
2006-04-25,57.0455,57.5925,56.946,57.2941,2170700
2006-04-26,58.637,58.9553,57.692,57.7417,3816100
2006-04-27,59.1244,59.4228,58.5773,59.4228,3324200
2006-04-28,58.8061,58.9652,58.2888,58.7364,3210500
2006-05-01,58.438,59.0846,58.2689,58.9354,2177400
2006-05-02,59.0647,59.373,58.5773,58.637,2348600
2006-05-03,59.0349,59.1443,57.9705,58.627,2030900
2006-05-04,59.4725,59.6814,58.7862,58.7862,2072300
2006-05-05,60.0096,60.2981,59.0846,59.4725,2249300
2006-05-08,60.4871,60.6761,59.8306,59.8306,2170700
2006-05-09,59.751,60.6065,59.1443,60.2981,1971500
2006-05-10,59.1741,59.6416,59.0846,59.5819,2020400
2006-05-11,58.7563,59.2139,58.1595,59.1542,2385900
2006-05-12,58.9254,59.2636,58.7066,58.816,2734800
2006-05-15,59.3332,59.3531,58.4977,58.7862,2364500
2006-05-16,60.2782,60.5766,59.6217,59.9002,4135100
2006-05-17,60.6562,61.7802,60.2285,60.2782,8094500
2006-05-18,59.7809,60.4771,59.5123,59.9798,4759400
2006-05-19,59.1542,59.8033,58.7364,59.751,3420600
2006-05-22,59.6715,60.0494,59.1542,59.1642,2285300
2006-05-23,59.1144,60.0693,59.0746,59.7013,2106100
2006-05-24,59.4725,59.7411,58.8757,59.2039,3720400
2006-05-25,59.6317,59.7311,59.2935,59.4626,1465800
2006-05-26,60.4075,60.5468,59.6814,59.7809,1712100
2006-05-30,59.9102,60.4572,59.7112,59.8803,1699200
2006-05-31,60.0196,60.1688,59.7013,59.9102,1790600
2006-06-01,60.4473,60.4473,59.7311,59.9002,1447100
2006-06-02,59.9002,60.6761,59.3929,60.6761,1716800
2006-06-05,59.2736,60.139,59.1542,59.6814,1696900
2006-06-06,59.8903,59.94,59.194,59.2835,2125400
2006-06-07,60.3677,60.6761,59.94,60.0992,2546200
2006-06-08,60.6761,60.7756,59.9997,60.2782,3549800
2006-06-09,61.2331,61.3923,60.6761,60.7457,2966400
2006-06-12,61.0441,61.9891,60.9745,61.2729,3302600
2006-06-13,61.0242,61.6111,60.497,60.9248,2709800
2006-06-14,60.0892,61.1138,59.4327,60.9745,3838400
2006-06-15,59.9301,60.308,59.2835,59.7908,3382900
2006-06-16,60.3677,60.9446,60.0196,60.0793,3499600
2006-06-19,60.0395,60.5667,59.6913,60.3677,1973900
2006-06-20,59.8505,60.3279,59.7709,60.0096,2410700
2006-06-21,60.0196,60.308,59.8017,60.1489,2386100
2006-06-22,59.9798,60.0793,59.5322,60.0793,1559200
2006-06-23,59.751,60.1589,59.6217,59.6814,1154100
2006-06-26,59.8903,60.1191,59.6118,59.7411,2034000
2006-06-27,59.8107,59.8902,59.383,59.7809,2905800
2006-06-28,59.0249,59.6615,58.1526,59.5819,2831100
2006-06-29,59.8306,59.94,58.9254,58.9851,2009300
2006-06-30,59.5819,59.9997,59.4327,59.9798,2382600
2006-07-03,59.562,59.6516,58.9553,58.9553,954500
2006-07-05,59.4526,59.6118,58.5972,59.5023,2449300
2006-07-06,60.7059,60.7358,59.5421,59.5819,2231100
2006-07-07,60.5567,60.875,60.4374,60.4374,1597900
2006-07-10,61.2928,61.432,60.5766,60.5766,1025700
2006-07-11,61.3127,61.432,60.8851,61.1734,966400
2006-07-12,61.0938,61.5216,60.8949,61.4221,1238700
2006-07-13,61.2729,61.6409,60.5667,60.6164,1665400
2006-07-14,60.686,60.9944,60.0892,60.9944,1569900
2006-07-17,60.5567,60.9844,60.4075,60.6264,1910700
2006-07-18,60.5468,60.7557,59.9997,60.7557,1673200
2006-07-19,61.9393,62.1781,60.6363,60.7756,1744600
2006-07-20,62.1184,62.377,61.2828,61.7504,1568600
2006-07-21,61.7404,62.8246,61.5912,62.6157,2130800
2006-07-24,61.7603,62.0686,61.6608,61.6608,1779500
2006-07-25,60.3279,61.1237,59.6913,60.9745,3582600
2006-07-26,59.1343,59.7112,58.9055,59.6516,3109200
2006-07-27,58.6071,59.4327,58.3286,59.2338,2668000
2006-07-28,59.3531,59.6217,58.6668,58.8856,1684800
2006-07-31,59.005,59.6118,58.9055,59.1045,1876700
2006-08-01,58.2192,58.8657,57.9109,58.8061,2186600
2006-08-02,58.6867,58.9234,57.7417,58.0004,2255900
2006-08-03,57.9109,58.9254,57.8909,58.5375,2679500
2006-08-04,58.1297,58.2888,57.702,57.9904,2426000
2006-08-07,58.6867,58.7464,58.1894,58.3783,2116500
2006-08-08,58.5972,59.0448,58.3386,58.8061,2251200
2006-08-09,58.6768,59.3332,58.5475,58.7364,1666700
2006-08-10,59.4725,59.7709,58.7165,58.7961,1928200
2006-08-11,59.194,59.4228,58.6967,59.2835,1600800
2006-08-14,59.3432,59.8604,59.2636,59.7311,1340000
2006-08-15,59.7809,60.129,59.5919,59.9798,1504200
2006-08-16,59.4526,59.7709,59.2537,59.5819,1949500
2006-08-17,58.7066,59.4526,58.3783,59.4526,3075300
2006-08-18,58.6867,58.9851,58.5275,58.7663,1223000
2006-08-21,58.9453,59.2835,58.7563,58.9055,1266400
2006-08-22,58.5773,59.2238,58.4281,59.0846,1534400
2006-08-23,58.9055,59.1244,58.4878,58.5475,1122900
2006-08-24,58.8459,59.1343,58.7563,58.9752,909800
2006-08-25,58.4778,58.6867,58.1396,58.5972,1053000
2006-08-28,58.5773,58.7563,58.4679,58.637,1287900
2006-08-29,59.1343,59.1642,58.3585,58.438,1655900
2006-08-30,59.3332,59.4825,58.8061,58.9851,1327800
2006-08-31,59.5421,59.751,59.1244,59.2139,1385800
2006-09-01,60.3279,60.3976,59.6615,59.9997,1677600
2006-09-05,60.4473,60.6164,60.0196,60.4274,1593900
2006-09-06,61.0043,61.0839,60.1688,60.3279,1979400
2006-09-07,60.3578,61.3724,60.2981,60.9446,2452200
2006-09-08,60.4374,60.8949,60.2384,60.5368,1386200
2006-09-11,61.7205,61.7305,60.3777,60.3777,2523800
2006-09-12,61.9692,62.1582,61.6111,61.7702,2382500
2006-09-13,60.9347,61.7205,60.5866,61.5614,3030100
2006-09-14,61.4519,61.5315,60.2583,60.4771,2006900
2006-09-15,61.81,61.9493,61.3525,61.5713,2344600
2006-09-18,61.5912,62.0189,61.442,62.0189,1094600
2006-09-19,61.5116,61.6708,61.1734,61.4221,921200
2006-09-20,61.5216,61.8896,61.2232,61.4718,1111700
2006-09-21,61.4221,62.1084,61.1834,61.81,1512300
2006-09-22,61.2729,61.6111,61.074,61.3724,1396400
2006-09-25,61.8797,61.9692,61.442,61.7702,1671700
2006-09-26,62.0289,62.566,61.7205,61.8299,2185600
2006-09-27,61.7106,62.0189,61.5812,61.8001,2132500
2006-09-28,62.2378,62.2676,61.5415,61.7702,1320300
2006-09-29,61.7702,62.4068,61.5614,62.0885,2171900
2006-10-02,62.0786,62.1582,61.4221,61.9692,1363800
2006-10-03,61.7305,62.0985,61.5912,61.8697,1562700
2006-10-04,62.0686,62.1781,61.4718,61.5713,3243700
2006-10-05,62.556,62.6157,61.8797,61.9194,2236100
2006-10-06,62.3173,62.6655,62.0786,62.3671,1467700
2006-10-09,62.2875,62.3571,61.6807,61.9194,1359200
2006-10-10,61.9194,62.4168,61.7603,62.3173,1637400
2006-10-11,61.7006,62.2676,61.4122,61.6807,1894300
2006-10-12,61.1535,61.8697,60.8253,61.8697,2682400
2006-10-13,60.4771,61.0441,60.4572,60.9844,2334200
2006-10-16,59.7709,60.1505,59.6715,60.0793,3449300
2006-10-17,59.4725,59.7112,59.0349,59.4725,3094900
2006-10-18,60.0992,60.3876,59.6217,59.6814,2518700
2006-10-19,59.9102,60.3578,59.9002,60.0295,2556600
2006-10-20,60.4175,60.5368,59.8604,59.9798,3231500
2006-10-23,59.9897,60.3976,59.8306,60.3578,2339000
2006-10-24,60.1489,60.3578,59.6814,59.8306,2501400
2006-10-25,61.8399,62.387,61.2033,61.4221,4468300
2006-10-26,62.4466,62.6555,61.6807,62.4665,3161600
2006-10-27,62.9738,63.2349,62.3969,62.4466,2520600
2006-10-30,63.4612,63.5408,62.8346,62.8843,1840900
2006-10-31,63.6303,63.7298,62.9838,63.1529,2488100
2006-11-01,63.6701,63.8889,63.3195,63.879,1540700
2006-11-02,63.2225,63.7397,62.9838,63.5607,1667100
2006-11-03,63.3319,63.6303,62.9838,63.3319,1492700
2006-11-06,63.7198,63.8591,63.3717,63.4612,1704700
2006-11-07,64.6548,64.6548,63.7099,63.8591,2220800
2006-11-08,64.6548,64.7245,64.2968,64.6548,2553700
2006-11-09,64.7046,64.8538,64.1873,64.8538,1403300
2006-11-10,64.8936,65.003,64.4659,64.8737,1082600
2006-11-13,64.5255,64.8737,64.3266,64.7742,1400200
2006-11-14,64.3863,64.7643,63.9605,64.6548,2114500
2006-11-15,63.9785,64.4062,63.7497,64.1774,2597500
2006-11-16,65.3014,65.4506,64.1078,64.2072,1974400
2006-11-17,65.6595,65.6595,64.9433,65.1224,1917700
2006-11-20,65.6296,66.5647,65.0627,66.4652,2893300
2006-11-21,66.4751,66.7238,65.5003,65.5003,2846500
2006-11-22,66.3856,66.4453,65.7291,65.8883,1612400
2006-11-24,65.6197,66.1668,65.1522,65.9479,977700
2006-11-27,64.6648,65.371,64.3962,65.2815,2141300
2006-11-28,64.7344,65.2318,64.1674,65.2318,1571100
2006-11-29,64.7941,64.8637,64.1674,64.6548,1252900
2006-11-30,64.7046,65.1224,64.4857,65.003,1582600
2006-12-01,65.0129,65.0527,64.3067,64.8538,1589300
2006-12-04,65.8883,65.8883,65.1422,65.1522,1391800
2006-12-05,65.2318,66.127,65.1621,65.928,1592600
2006-12-06,65.5103,65.57,65.1621,65.2417,1319300
2006-12-07,65.2815,65.7888,65.182,65.3511,838300
2006-12-08,65.2517,65.3511,64.7046,65.3014,899400
2006-12-11,65.5401,65.56,65.1224,65.3113,1054400
2006-12-12,65.3412,65.6396,65.1721,65.6296,1581400
2006-12-13,65.2119,65.7788,64.8239,65.6296,1259200
2006-12-14,65.3511,65.6694,65.1422,65.4307,1559600
2006-12-15,64.9831,65.2716,64.9532,65.1025,2228400
2006-12-18,64.8438,65.0527,64.6648,64.7444,1257100
2006-12-19,64.7444,64.9334,64.4857,64.7543,2061000
2006-12-20,64.8239,65.0925,64.7145,64.8438,1994900
2006-12-21,64.3465,65.0229,64.068,64.804,1941200
2006-12-22,64.247,64.4559,63.8193,64.1774,1281900
2006-12-26,64.6548,64.7742,64.1973,64.3067,961600
2006-12-27,64.6946,64.9732,64.4086,64.9035,1144600
2006-12-28,65.3611,65.4307,64.7344,64.8836,905700
2006-12-29,64.8936,65.5202,64.7941,65.371,1172300
2007-01-03,65.3312,65.7888,65.0726,65.5998,1603700
2007-01-04,65.4108,65.6097,64.6648,65.1025,1513400
2007-01-05,65.1124,65.5501,64.993,65.4009,1809600
2007-01-08,65.3611,65.4904,64.7941,65.0129,2024800
2007-01-09,65.3312,65.9579,65.0826,65.6993,2073400
2007-01-10,65.6893,65.8684,65.0527,65.2019,1577900
2007-01-11,65.9479,66.0972,65.4904,65.6893,1437300
2007-01-12,66.4851,66.6641,65.6097,65.938,1719400
2007-01-16,66.505,67.6688,66.3956,67.3803,1492500
2007-01-17,66.1966,66.6044,65.8684,66.2563,2640000
2007-01-18,66.127,66.4652,65.8783,66.1568,1355400
2007-01-19,66.495,66.495,65.8883,66.1966,1347500
2007-01-22,66.1668,66.8034,65.5103,66.5448,1871100
2007-01-23,65.9678,66.1867,65.57,65.9181,1380200
2007-01-24,66.1071,66.1668,65.6495,65.7888,1564100
2007-01-25,65.6495,65.9877,65.4605,65.749,2705800
2007-01-26,65.8286,65.928,65.2815,65.6993,1678500
2007-01-29,66.3558,66.7039,65.8485,65.8485,3232900
2007-01-30,67.062,67.1913,65.6495,66.1668,4314600
2007-01-31,67.9373,68.1959,67.052,67.3504,3255200
2007-02-01,67.7483,67.8975,67.3306,67.8776,2509800
2007-02-02,67.3803,67.7483,67.1416,67.5395,2370200
2007-02-05,67.1316,67.2311,66.6044,67.1714,1812200
2007-02-06,66.6343,67.3704,66.4552,66.8829,2561600
2007-02-07,66.6442,67.062,66.5249,66.7934,1633600
2007-02-08,66.6741,67.0123,66.4155,66.7934,1566900
2007-02-09,66.5647,67.0421,66.316,66.8233,1757400
2007-02-12,66.5547,66.9426,66.5149,66.8133,1523062
2007-02-13,67.2012,67.2709,66.4751,66.4751,1849748
2007-02-14,67.5395,67.6091,66.9924,67.1515,1732684
2007-02-15,67.5494,67.7682,67.2311,67.7284,1531800
2007-02-16,68.3949,68.5043,67.7881,68.3054,2117900
2007-02-20,68.5043,68.6237,67.6787,68.0865,1664200
2007-02-21,68.1363,68.3551,68.1164,68.2059,1249900
2007-02-22,67.997,68.0467,67.5792,67.8379,1498800
2007-02-23,67.9672,68.0766,67.3803,67.8279,1315300
2007-02-26,68.1064,68.3949,67.6787,68.1661,1415868
2007-02-27,66.9824,68.6336,66.3956,68.0169,4366500
2007-02-28,67.052,67.8677,66.694,66.9327,2966600
2007-03-01,66.5746,66.8829,65.5202,66.0076,2426045
2007-03-02,66.2961,66.7039,66.1568,66.5149,2445600
2007-03-05,66.2464,66.7139,65.8982,66.0474,2431900
2007-03-06,66.2364,66.6442,65.9479,66.4552,2287300
2007-03-07,65.5202,66.2662,65.5202,66.2662,2627100
2007-03-08,65.8783,65.9479,65.3611,65.4506,1795100
2007-03-09,66.2762,66.4055,65.749,65.8783,1665900
2007-03-12,66.2464,66.4353,65.9778,66.2762,1357500
2007-03-13,65.5202,66.1867,65.4208,66.0673,2143300
2007-03-14,64.9831,65.7987,64.5255,65.6495,3223196
2007-03-15,64.9135,65.2716,64.6747,65.0328,2183400
2007-03-16,64.7543,65.1224,64.5056,65.0726,2411500
2007-03-19,65.0328,65.4605,64.7145,64.7742,1622300
2007-03-20,65.4605,65.56,64.9035,64.9532,1670600
2007-03-21,66.4552,66.5149,65.1721,65.5799,1554590
2007-03-22,66.694,67.3206,65.6097,67.3206,1782600
2007-03-23,66.7636,66.8233,66.3956,66.6442,1382200
2007-03-26,66.5845,66.8332,65.9081,66.8332,1374100
2007-03-27,66.117,66.4353,65.9081,66.3657,1364000
2007-03-28,66.5249,66.6243,65.7291,65.9877,1942900
2007-03-29,66.4851,66.7238,66.2165,66.694,1853300
2007-03-30,66.4353,67.0222,65.9181,66.5647,1754700
2007-04-02,65.7092,66.6641,65.6197,66.3558,2304600
2007-04-03,65.6694,66.2165,65.57,66.0972,1945600
2007-04-04,65.8286,65.9479,65.6595,65.8684,1390151
2007-04-05,66.2762,66.3259,65.6993,65.8883,1188284
2007-04-09,66.3558,66.3956,66.0574,66.2961,1667700
2007-04-10,65.6197,66.5547,65.4108,66.2961,2315575
2007-04-11,65.5401,65.5501,65.0627,65.4506,1931600
2007-04-12,65.9877,65.9977,65.1621,65.4009,1502536
2007-04-13,66.0574,66.2464,65.8186,65.938,1808400
2007-04-16,65.8485,66.1469,65.6197,66.0176,2254210
2007-04-17,66.316,66.3956,65.6296,65.7589,1841100
2007-04-18,66.3856,67.1615,66.0972,66.6442,1548148
2007-04-19,66.6442,67.2311,66.1469,67.2311,2115124
2007-04-20,66.9327,66.9426,66.2165,66.3757,1877087
2007-04-23,66.7039,67.0421,66.5448,67.0421,1136100
2007-04-24,67.5593,67.7782,66.4552,67.5395,2696400
2007-04-25,67.0819,68.6237,66.7238,68.2357,3290540
2007-04-26,66.2066,67.0222,66.1568,66.8332,3886525
2007-04-27,66.684,66.8829,65.9678,66.0574,2528509
2007-04-30,67.3803,67.4201,66.8432,67.1416,3135776
2007-05-01,67.7384,67.7483,66.8432,67.4897,2405313
2007-05-02,67.6389,68.3849,67.3803,67.8876,2394150
2007-05-03,67.1018,67.7583,66.7735,67.6688,2997960
2007-05-04,67.7881,67.8279,66.8829,67.1416,2780248
2007-05-07,67.062,67.8379,67.0023,67.5593,3119200
2007-05-08,67.1416,67.4897,66.8034,66.8929,2310000
2007-05-09,67.4798,67.6389,66.6741,67.0421,1648200
2007-05-10,66.7636,67.4997,66.7636,67.44,2276100
2007-05-11,66.6044,67.062,66.2961,66.9526,1907029
2007-05-14,65.8584,66.6641,65.7788,66.6542,3099033
2007-05-15,65.9877,66.5149,65.9081,66.0474,2382200
2007-05-16,67.1615,67.1615,65.9778,66.0972,2486425
2007-05-17,67.052,67.4201,66.6442,67.3604,1996500
2007-05-18,66.9426,67.1416,66.6442,67.1316,1787311
2007-05-21,66.6741,66.9625,66.1767,66.9625,2534000
2007-05-22,66.5945,66.7139,66.2861,66.5945,1561600
2007-05-23,66.4751,66.7636,65.8982,66.6144,2923265
2007-05-24,66.0872,66.6542,66.0365,66.6243,2393700
2007-05-25,66.2165,66.6442,66.1668,66.3657,1881800
2007-05-29,66.4751,66.6442,65.9977,66.0972,1556500
2007-05-30,66.5647,66.5647,66.0275,66.2265,3008462
2007-05-31,66.6044,66.7735,66.1568,66.5647,2983500
2007-06-01,67.052,67.0719,66.4552,66.5945,1875116
2007-06-04,66.9128,67.0222,66.5149,66.7437,1533515
2007-06-05,66.5448,67.1913,66.495,67.1217,2322147
2007-06-06,66.0574,66.694,65.9479,66.2961,2182203
2007-06-07,65.8584,66.1369,65.6495,65.8982,2504245
2007-06-08,66.3359,66.4155,65.56,65.8684,2233480
2007-06-11,66.8631,66.9426,66.0076,66.1668,2093001
2007-06-12,67.1316,67.2112,66.4851,66.6343,2831400
2007-06-13,67.1018,67.43,66.3757,67.3007,4905000
2007-06-14,66.495,67.062,66.3259,66.9128,2441800
2007-06-15,66.2762,66.8631,66.0275,66.6144,3101100
2007-06-18,66.0275,66.4353,65.7689,66.3657,1610530
2007-06-19,65.371,65.8286,65.2119,65.8286,1911000
2007-06-20,66.0474,66.684,66.0474,66.3359,3803313
2007-06-21,65.928,66.2464,65.4705,65.9479,3289300
2007-06-22,64.9234,65.6893,64.7145,65.6296,4456900
2007-06-25,65.0627,65.7092,64.9632,65.0229,2418420
2007-06-26,64.3067,65.2019,64.2271,65.192,3968176
2007-06-27,64.0978,64.5554,64.068,64.3266,2915163
2007-06-28,65.0129,65.1323,63.8193,63.9983,2770708
2007-06-29,64.5056,65.4208,64.1177,65.0229,2303472
2007-07-02,64.804,65.2119,64.5156,64.8737,1828007
2007-07-03,65.2318,65.371,64.9433,65.0527,1950100
2007-07-05,65.6993,65.7888,65.3511,65.6495,2239540
2007-07-06,65.6595,65.7192,65.1621,65.6993,1645620
2007-07-09,65.8584,65.9678,65.57,65.749,2309500
2007-07-10,65.4208,65.8982,65.3312,65.6097,2695568
2007-07-11,66.5348,66.6343,65.1522,65.1522,2250200
2007-07-12,67.9771,68.007,66.5348,66.6442,2769200
2007-07-13,68.0865,68.3849,67.5693,67.619,2795900
2007-07-16,67.8279,68.1661,67.6688,67.8279,2442812
2007-07-17,67.7085,68.3849,67.7085,68.186,2591900
2007-07-18,67.3902,67.7682,66.9825,67.4101,3137762
2007-07-19,68.5,68.6,67.71,67.85,2256198
2007-07-20,67.68,68.74,67.57,68.37,3144200
2007-07-23,68.68,68.97,67.81,67.91,2418000
2007-07-24,68.25,69.36,67.97,68.35,3793234
2007-07-25,69.66,70.16,68.13,69.705,5381604
2007-07-26,68.79,69.89,68.51,68.85,6407018
2007-07-27,68.45,69.29,68.22,68.87,4204516
2007-07-30,67.4,70.16,67.18,68.89,3367225
2007-07-31,66.0,68.74,65.99,68.74,4552063
2007-08-01,67.29,67.55,66.15,66.76,3582171
2007-08-02,67.25,68.09,66.63,68.01,3396713
2007-08-03,66.2,67.9,66.13,67.9,3987101
2007-08-06,67.85,67.87,66.41,66.47,2670683
2007-08-07,68.81,69.13,66.94,68.07,3743865
2007-08-08,68.36,69.6,67.52,68.69,2776701
2007-08-09,66.5,67.85,66.47,66.67,4172331
2007-08-10,66.95,67.35,65.69,65.9,3560162
2007-08-13,66.3,67.3,65.56,67.3,3007700
2007-08-14,65.45,66.26,65.38,66.1,2229891
2007-08-15,64.91,66.39,64.73,65.31,3219392
2007-08-16,65.44,65.63,63.75,64.55,5173119
2007-08-17,67.37,67.38,64.81,66.29,3339761
2007-08-20,66.6,67.87,66.05,67.13,2533606
2007-08-21,66.43,66.6,65.53,66.08,1715790
2007-08-22,66.79,67.06,66.1,67.0,1646000
2007-08-23,66.75,67.3,66.33,67.0,1551800
2007-08-24,67.46,67.5,66.51,66.91,1149000
2007-08-27,66.23,67.39,66.15,67.21,1380138
2007-08-28,65.34,66.24,65.33,66.09,3822800
2007-08-29,66.48,66.52,65.51,65.55,1584300
2007-08-30,65.93,66.21,65.64,65.84,1513900
2007-08-31,66.32,66.77,65.83,66.28,1708600
2007-09-04,65.89,66.39,65.45,66.25,1764300
2007-09-05,65.37,65.96,65.0,65.5,2091000
2007-09-06,66.0,66.13,65.07,65.07,1501900
2007-09-07,65.43,66.23,65.21,65.43,2361500
2007-09-10,66.69,67.05,65.3,65.31,3229200
2007-09-11,67.31,67.66,66.42,66.89,2328100
2007-09-12,68.15,68.39,66.79,67.22,2310000
2007-09-13,67.6,69.1,67.27,68.41,2767200
2007-09-14,68.03,68.24,67.27,67.39,2184000
2007-09-17,68.24,68.67,67.54,67.56,2247900
2007-09-18,69.11,69.41,68.25,68.4,2550100
2007-09-19,69.89,70.05,68.5,69.46,2594265
2007-09-20,69.9,70.47,69.73,69.81,1793675
2007-09-21,69.85,70.48,69.7,70.48,2561900
2007-09-24,69.67,69.94,69.11,69.55,2386720
2007-09-25,70.7,70.91,69.25,69.48,3143400
2007-09-26,71.62,71.88,70.65,71.0,2505900
2007-09-27,71.58,71.91,71.14,71.65,2208700
2007-09-28,71.32,71.49,70.91,71.4,1956480
2007-10-01,71.56,71.82,71.13,71.7,3607400
2007-10-02,72.31,72.39,71.37,71.81,1986800
2007-10-03,71.38,72.16,71.19,71.95,1842000
2007-10-04,71.72,72.5,71.38,71.38,2086100
2007-10-05,72.13,72.31,71.44,71.8,2383200
2007-10-08,72.0,72.4,71.92,72.18,1972200
2007-10-09,72.86,73.0,72.01,72.3,2691800
2007-10-10,72.77,73.1,72.0,72.86,3928800
2007-10-11,73.6,73.68,72.77,73.05,4715400
2007-10-12,74.34,74.49,73.15,73.5,2684940
2007-10-15,73.66,74.52,73.32,74.45,2497200
2007-10-16,73.29,73.76,72.83,73.64,2240400
2007-10-17,72.85,73.59,72.67,73.35,2429900
2007-10-18,72.86,73.0,72.31,72.73,1677900
2007-10-19,71.84,73.19,71.84,72.56,2609100
2007-10-22,72.79,72.89,71.27,71.3,1834000
2007-10-23,73.21,73.42,72.51,73.03,1995800
2007-10-24,73.73,73.81,72.63,72.68,3225900
2007-10-25,73.69,73.89,73.19,73.84,2656900
2007-10-26,73.95,74.43,73.29,74.27,1876300
2007-10-29,74.26,74.7,73.61,74.01,2569300
2007-10-30,75.26,76.39,73.31,74.0,6059300
2007-10-31,76.27,76.27,74.75,75.38,3284200
2007-11-01,74.52,75.98,74.42,75.63,2983090
2007-11-02,74.72,76.12,73.85,75.85,3141400
2007-11-05,75.37,75.7,74.07,74.76,2713432
2007-11-06,75.52,75.86,75.05,75.44,2376175
2007-11-07,75.32,75.99,74.45,75.45,3333061
2007-11-08,76.02,76.07,74.47,76.07,3397407
2007-11-09,76.51,77.1,75.05,75.43,3441600
2007-11-12,76.78,77.58,76.18,76.51,3455032
2007-11-13,77.5,77.6,75.95,77.27,2757711
2007-11-14,78.12,79.02,77.05,78.0,4069000
2007-11-15,77.9,78.66,77.6,77.97,2384231
2007-11-16,78.8,79.05,77.9,78.32,3537434
2007-11-19,77.49,78.86,77.3101,78.86,4037450
2007-11-20,78.87,79.4,77.46,77.46,4789391
2007-11-21,78.03,79.93,77.93,78.28,4011580
2007-11-23,79.0,79.26,78.39,78.39,1356144
