Price,Close,High,Low,Open,Volume
Ticker,COF,COF,COF,COF,COF
Date,,,,,
1999-11-24,44.4272,44.5452,43.7192,44.2502,309900
1999-11-26,44.6632,44.9582,44.0732,44.1912,207100
1999-11-29,43.3062,44.4272,42.8932,44.4272,758800
1999-11-30,43.9553,44.6632,42.7752,43.0703,1566700
1999-12-01,43.6602,44.6632,43.3652,44.4863,1372100
1999-12-02,45.2532,45.4302,43.3652,44.4863,1079400
1999-12-03,47.9083,48.0853,43.1882,43.1882,1166100
1999-12-06,47.8493,48.6163,46.7282,48.6163,1074600
1999-12-07,46.4333,48.1443,44.8992,48.1443,1268300
1999-12-08,45.7843,48.1443,45.6662,48.1443,558000
1999-12-09,45.5483,47.3773,44.3092,46.6102,1351300
1999-12-10,46.9642,47.1413,45.6662,46.6102,1331000
1999-12-13,47.1413,47.2003,46.3743,46.4923,719700
1999-12-14,45.6662,47.2003,45.0172,46.9642,1561600
1999-12-15,44.3092,45.7843,44.1912,45.6662,882500
1999-12-16,43.8372,44.2502,42.1852,44.0732,1123700
1999-12-17,43.8962,44.8402,43.7782,43.8962,912600
1999-12-20,43.6012,44.7813,43.5422,43.9553,458900
1999-12-21,43.4243,44.0732,42.7752,43.6012,813800
1999-12-22,43.3652,43.6012,43.1882,43.6012,414700
1999-12-23,43.5422,44.0732,43.3062,43.5422,471500
1999-12-27,43.6602,44.7222,43.3062,43.5422,965600
1999-12-28,44.0142,44.3683,43.6602,43.6602,528400
1999-12-29,44.1912,44.4863,44.0142,44.0142,320100
1999-12-30,45.0172,45.3122,44.0732,44.0732,298400
1999-12-31,45.4893,45.7252,44.8992,44.9582,296200
2000-01-03,43.6012,45.4893,42.5982,45.4302,872500
2000-01-04,40.8872,42.7752,40.4742,42.7162,1221700
2000-01-05,39.9432,40.9463,39.4122,40.8872,1360400
2000-01-06,41.7722,41.9492,39.7072,39.9432,2477300
2000-01-07,43.1292,43.6012,40.7102,41.7722,994300
2000-01-10,42.5392,43.4832,42.5392,42.5392,851800
2000-01-11,41.0642,42.9523,40.8282,42.9523,1487400
2000-01-12,41.7722,42.0082,40.9463,42.0082,1151900
2000-01-13,42.6572,42.8932,41.4772,41.8902,417700
2000-01-14,44.1912,45.3122,43.3062,43.6012,1259100
2000-01-18,39.8842,42.7752,39.6482,41.5362,2602800
2000-01-19,40.9463,41.3592,40.3562,41.3002,1940600
2000-01-20,40.0022,41.0642,39.6482,40.7692,1158600
2000-01-21,39.0582,40.8282,38.5272,40.7692,1310000
2000-01-24,38.8222,39.1762,38.5862,38.9992,1058900
2000-01-25,37.8192,38.7632,37.7602,38.7042,984100
2000-01-26,39.5892,40.2382,37.8782,37.8782,1009300
2000-01-27,39.1762,40.7102,38.4092,39.6482,1583200
2000-01-28,37.8192,38.9402,37.5832,38.9402,539500
2000-01-31,38.7042,38.8812,36.9932,37.0522,500800
2000-02-01,37.9372,39.2351,37.7602,39.1762,610200
2000-02-02,37.5832,38.5272,37.0522,38.5272,534400
2000-02-03,36.9341,38.5272,36.4621,38.2322,865700
2000-02-04,36.4032,38.5272,36.3442,38.2322,611000
2000-02-07,35.8636,37.1635,35.3319,36.3363,907600
2000-02-08,35.3319,36.6317,34.9183,36.2772,1017700
2000-02-09,33.0867,35.0364,32.9094,34.9773,1654300
2000-02-10,31.6686,33.5002,31.196,33.0867,2103800
2000-02-11,31.7869,32.2004,30.8415,31.6686,1960600
2000-02-14,32.3186,32.3186,31.196,31.5505,1369200
2000-02-15,35.0364,35.2728,32.2004,32.5549,1852600
2000-02-16,35.6273,37.0453,34.9773,36.159,2547400
2000-02-17,34.741,35.8636,34.6819,35.6863,1177700
2000-02-18,32.614,34.2093,31.4323,34.032,1183400
2000-02-22,32.0823,34.032,31.0188,33.5002,1862900
2000-02-23,31.2551,33.0867,30.9597,33.0867,1561500
2000-02-24,32.9685,33.0276,30.3097,31.4323,2269600
2000-02-25,33.5002,33.9729,32.4368,32.7913,1522900
2000-02-28,35.8045,36.0999,33.5002,33.5002,2346300
2000-02-29,34.8001,36.0409,34.3865,35.9226,1965000
2000-03-01,35.6273,36.0999,34.741,34.8592,1075000
2000-03-02,35.3319,36.0999,34.5047,35.6863,1171300
2000-03-03,35.8636,37.2225,35.3909,36.3954,964200
2000-03-06,35.0364,36.868,34.741,36.0409,665000
2000-03-07,32.7913,34.8592,32.614,34.8592,1255900
2000-03-08,33.3821,33.5002,32.0232,32.5549,1091100
2000-03-09,34.6819,35.9226,32.8503,33.4412,1618700
2000-03-10,34.8001,34.9183,33.9138,34.032,870500
2000-03-13,35.6863,35.6863,34.2683,34.5637,1098000
2000-03-14,36.0409,36.5135,35.6863,35.6863,1104400
2000-03-15,38.6405,39.4677,35.7455,36.0409,2730900
2000-03-16,44.0172,44.0762,39.8221,39.9404,3991800
2000-03-17,43.7217,45.7306,43.4854,44.3716,2344800
2000-03-20,39.2905,42.4809,38.995,42.3037,1645000
2000-03-21,41.7129,42.0083,39.2314,39.4677,1540900
2000-03-22,43.7217,44.0762,41.6538,41.772,1004200
2000-03-23,43.3081,44.0762,42.6582,43.6036,1119500
2000-03-24,42.5992,44.2535,42.1856,43.4854,852500
2000-03-27,42.2446,42.5992,40.9448,42.5992,731800
2000-03-28,42.8946,43.6627,40.9448,42.5992,844000
2000-03-29,42.7764,43.5445,41.5947,43.1309,713600
2000-03-30,43.8399,44.3716,42.6582,43.1309,932400
2000-03-31,45.317,46.1441,43.19,43.19,973000
2000-04-03,46.3214,46.9713,45.0806,45.0806,1315200
2000-04-04,44.0172,46.6759,42.0083,46.3214,1273100
2000-04-05,43.7808,44.9034,43.7217,44.9034,749800
2000-04-06,44.3126,45.4352,43.7217,44.1944,800000
2000-04-07,44.6671,45.0806,44.2535,44.9034,526800
2000-04-10,45.4943,46.3805,44.6671,44.9034,556300
2000-04-11,46.5577,47.1486,45.9078,45.9669,1010500
2000-04-12,47.5031,50.1028,46.2032,46.3214,2204200
2000-04-13,44.1353,47.5031,43.4854,47.5031,1658700
2000-04-14,40.5312,42.6582,39.9404,41.772,2163600
2000-04-17,40.6494,41.4765,39.9994,40.354,1463800
2000-04-18,42.5992,42.8946,40.5312,40.5312,1073600
2000-04-19,43.0127,43.3081,42.4219,42.4219,622800
2000-04-20,44.7262,44.8443,42.4219,43.0127,651100
2000-04-24,44.5489,46.2032,43.899,43.899,866700
2000-04-25,46.2032,46.4986,43.9581,44.6079,0
2000-04-26,45.2579,46.5577,45.0806,46.3214,662600
2000-04-27,43.6036,46.5577,42.7764,46.3214,1174100
2000-04-28,41.3584,42.4809,40.4721,42.0674,1346300
2000-05-01,42.54,43.3672,39.9404,42.0674,772400
2000-05-02,42.8946,43.3672,41.8901,41.8901,647700
2000-05-03,40.1176,42.6582,39.8221,42.6582,876700
2000-05-04,38.5814,40.1176,38.0497,40.1176,995200
2000-05-05,37.6952,38.4042,37.5179,38.4042,1319100
2000-05-08,39.8764,40.8231,37.2732,37.3915,1284800
2000-05-09,39.5214,41.3555,39.1073,39.1073,693400
2000-05-10,38.8706,39.9948,38.8706,39.699,661600
2000-05-11,41.0597,41.7105,39.8764,39.8764,894200
2000-05-12,41.2964,42.4205,40.5272,40.5272,741200
2000-05-15,42.8938,42.9826,41.0597,41.4147,747400
2000-05-16,43.0713,43.8404,42.7754,43.3079,693500
2000-05-17,41.6514,42.243,41.3555,42.243,398700
2000-05-18,43.3079,43.5446,41.5922,42.0063,732500
2000-05-19,41.6514,42.6571,40.4681,41.6514,688900
2000-05-22,41.533,41.8288,40.5864,41.8288,448600
2000-05-23,42.4205,42.8938,41.6514,42.0063,477100
2000-05-24,42.4796,44.4321,42.1247,42.1247,966300
2000-05-25,42.8346,43.3079,42.243,42.4796,907200
2000-05-26,42.5388,43.1896,42.4796,42.4796,635100
2000-05-30,43.7221,44.9645,42.8346,43.0713,1045900
2000-05-31,44.7279,44.9053,43.8996,44.2546,1799800
2000-06-01,46.0887,46.3844,43.8996,44.2546,2147200
2000-06-02,48.5144,49.5793,47.6269,47.6861,1512000
2000-06-05,47.6861,47.9819,46.917,47.6861,1324000
2000-06-06,47.0353,47.8044,46.7986,47.8044,1302300
2000-06-07,47.6269,47.9819,46.9761,47.0353,465000
2000-06-08,46.7986,47.9819,46.2662,47.0353,571500
2000-06-09,46.0887,47.9227,45.7929,47.1536,351100
2000-06-12,47.0944,47.2719,45.3195,45.4378,912600
2000-06-13,47.7453,47.9227,47.0353,47.0353,454100
2000-06-14,50.0527,50.881,48.1594,48.1594,1151800
2000-06-15,47.5677,49.461,46.917,49.461,879300
2000-06-16,45.9112,47.5677,44.0179,47.5677,1242200
2000-06-19,45.0828,46.2662,44.6096,45.7929,1025400
2000-06-20,44.4912,45.9112,43.7813,45.2012,1460100
2000-06-21,43.7813,44.077,43.7813,44.077,1047200
2000-06-22,42.0655,43.8996,41.178,43.8996,1729700
2000-06-23,41.5922,42.5388,41.4739,42.0655,1012500
2000-06-26,42.1247,42.7163,41.533,41.8288,787200
2000-06-27,43.3079,43.8404,42.3022,42.4796,1095300
2000-06-28,44.077,44.6687,43.3079,43.8996,995400
2000-06-29,43.4263,43.7813,42.4796,43.3079,1421400
2000-06-30,42.243,43.7813,42.1247,43.4263,832500
2000-07-03,42.9529,43.0121,42.243,42.598,263800
2000-07-05,43.1304,44.3137,42.5388,42.9529,652900
2000-07-06,45.4378,45.4378,42.8346,43.0121,900800
2000-07-07,46.6211,47.7453,45.2603,45.4378,0
2000-07-10,46.8578,47.1536,45.9112,45.9112,475600
2000-07-11,46.7986,47.2128,46.3253,46.3844,750300
2000-07-12,46.8578,47.4494,46.562,46.8578,1016600
2000-07-13,48.5735,49.816,48.1594,48.6327,1502500
2000-07-14,48.2777,49.1652,47.8636,48.5144,1021600
2000-07-17,47.5677,48.1002,47.1536,48.0411,632300
2000-07-18,49.6385,50.1118,47.8044,48.0411,751600
2000-07-19,50.4076,50.6443,49.461,49.6976,721000
2000-07-20,52.5375,53.0108,50.1118,50.4076,1457400
2000-07-21,52.8334,53.3658,52.4192,52.4192,1199000
2000-07-24,51.0584,54.4308,50.4076,53.6025,1578600
2000-07-25,51.4134,51.5317,50.4668,51.0584,645900
2000-07-26,50.4076,51.7092,49.8752,51.0584,1034400
2000-07-27,53.5433,54.0758,50.4076,50.526,1120100
2000-07-28,53.78,53.78,52.4192,53.6025,1458000
2000-07-31,55.4957,56.0874,53.8983,53.9575,1453300
2000-08-01,54.49,54.9041,52.7742,54.9041,2208500
2000-08-02,52.5967,54.6674,51.7092,54.49,1162000
2000-08-03,53.3658,53.8391,51.4134,52.5375,1498900
2000-08-04,55.7324,55.7916,53.1883,53.3658,2039300
2000-08-07,55.31,55.6061,54.3625,55.5469,1064300
2000-08-08,54.7178,56.1391,54.5402,55.2508,964800
2000-08-09,53.4742,54.6586,52.7636,54.6586,1127300
2000-08-10,52.9413,54.0072,52.5859,53.4742,351100
2000-08-11,53.7111,54.0072,52.1122,52.9413,584600
2000-08-14,54.4217,54.6586,53.0597,53.0597,495800
2000-08-15,51.7569,54.2441,51.52,54.1848,796600
2000-08-16,52.1714,52.6452,51.9938,52.1122,726100
2000-08-17,52.5859,52.8228,51.8161,52.1122,517600
2000-08-18,52.053,52.4675,51.6977,52.4083,484000
2000-08-21,53.5334,53.8295,51.9938,52.2307,810500
2000-08-22,54.9547,55.6061,53.8888,54.0072,1011500
2000-08-23,55.0139,55.6061,54.3033,55.1323,801800
2000-08-24,56.0206,56.0206,54.8955,54.9547,826400
2000-08-25,55.1916,55.7837,55.0139,55.5469,412700
2000-08-28,56.672,57.4419,55.1916,55.2508,1157700
2000-08-29,56.9681,57.3234,55.5469,56.9089,830000
2000-08-30,56.5536,57.3827,56.1983,56.9089,502700
2000-08-31,57.1458,58.3894,56.5536,56.5536,854900
2000-09-01,56.9681,58.3302,56.4944,58.3302,694600
2000-09-05,57.9156,59.1592,56.9681,56.9681,1139300
2000-09-06,59.2776,60.1659,58.5078,58.8631,1373900
2000-09-07,61.0542,61.5872,58.6262,59.2184,1965800
2000-09-08,61.7649,62.4163,60.3436,61.0542,1153400
2000-09-11,62.2386,62.6531,61.4095,62.0017,1552400
2000-09-12,62.2978,62.4163,61.1727,61.8241,1127100
2000-09-13,62.5347,63.1861,61.7056,61.8241,1391300
2000-09-14,60.995,63.0676,60.7581,62.6531,1184200
2000-09-15,60.6396,62.5347,60.462,60.995,1317700
2000-09-18,58.3894,61.2911,58.3894,61.1134,1531300
2000-09-19,59.5145,60.5804,58.2709,58.6262,1190400
2000-09-20,59.2184,59.6922,57.5603,59.5145,752400
2000-09-21,60.462,60.462,57.9156,59.5145,1115900
2000-09-22,62.0609,62.0609,59.5145,60.2251,1567800
2000-09-25,65.0811,65.8509,63.0084,63.4822,2359600
2000-09-26,63.423,66.9168,62.9492,66.3247,1509800
2000-09-27,64.9626,65.4364,63.4822,65.4364,970700
2000-09-28,67.6867,67.9828,65.4364,65.6732,1127200
2000-09-29,66.3839,67.5683,65.9101,67.4498,1232900
2000-10-02,66.7984,67.1537,64.4889,66.2062,813000
2000-10-03,67.2721,69.404,66.3247,67.6275,1746400
2000-10-04,67.509,68.8118,66.2062,66.5615,1291600
2000-10-05,67.9828,69.3448,66.2062,66.5615,1286300
2000-10-06,62.8307,66.2062,60.6989,66.2062,2228400
2000-10-09,63.1861,63.5414,61.7649,62.8307,1202400
2000-10-10,60.2843,63.2453,59.4553,63.1269,1844200
2000-10-11,61.9425,62.2386,58.8631,59.6922,2038600
2000-10-12,58.6262,63.4822,58.2117,62.7716,2304400
2000-10-13,64.1928,64.3112,57.9156,62.7716,1190800
2000-10-16,66.0878,66.9761,64.785,64.9034,1345100
2000-10-17,62.5939,67.0353,61.8241,66.5615,1523200
2000-10-18,63.7783,64.9034,59.2776,59.2776,1355700
2000-10-19,65.1403,66.7392,64.5481,65.0219,1493900
2000-10-20,64.785,65.0219,64.0151,64.6666,1415600
2000-10-23,62.2978,64.0151,60.462,63.9559,1595600
2000-10-24,60.8766,64.785,60.7581,62.7716,1971700
2000-10-25,57.3827,58.7447,57.0866,58.7447,1958400
2000-10-26,55.7837,55.7837,49.092,55.31,5528900
2000-10-27,57.3827,58.1525,53.5334,55.7837,2567100
2000-10-30,59.0408,60.2843,57.205,57.5011,1018100
2000-10-31,59.8106,60.1659,56.7313,58.5078,1236400
2000-11-01,58.567,60.1659,57.5603,58.5078,839400
2000-11-02,59.6922,59.9883,58.1525,58.6855,805200
2000-11-03,58.2117,59.6922,57.2642,59.6922,637400
2000-11-06,60.6932,61.0489,57.0777,58.3224,924500
2000-11-07,60.9896,62.3528,60.2783,60.6932,971600
2000-11-08,60.6339,61.0489,59.0929,60.9896,857500
2000-11-09,58.7966,61.4637,57.8482,59.2707,1459800
2000-11-10,56.1294,58.5595,55.5959,58.5595,1032200
2000-11-13,53.5807,56.6628,51.2691,55.5959,2427200
2000-11-14,54.8847,56.3665,53.1658,54.9439,1693200
2000-11-15,54.1734,56.3071,53.2844,54.1141,1795600
2000-11-16,52.4546,54.7068,52.4546,53.5807,1419600
2000-11-17,49.7874,52.5138,49.1946,51.0913,2747500
2000-11-20,47.0016,49.3725,43.5047,49.3132,3784100
2000-11-21,47.1795,48.7798,44.1567,45.9941,3661300
2000-11-22,45.9348,48.8391,45.8755,48.8391,1788000
2000-11-24,47.0609,47.2387,45.9941,45.9941,517000
2000-11-27,51.1506,51.8026,49.1354,49.3132,2096100
2000-11-28,50.6172,52.0397,50.3208,51.2099,1723200
2000-11-29,53.4622,53.6992,50.7357,50.8542,1779200
2000-11-30,52.9287,54.292,51.2691,52.6917,2590400
2000-12-01,53.9363,54.8847,53.1065,53.1658,1695300
2000-12-04,51.3284,52.2175,50.2023,51.9211,2176700
2000-12-05,56.1294,56.7221,51.5062,52.0989,2363000
2000-12-06,55.2996,59.1522,54.8847,55.4774,2263500
2000-12-07,55.0032,56.6628,54.529,55.0032,1542200
2000-12-08,56.3071,57.0777,55.7737,56.7221,1328300
2000-12-11,57.4926,58.2631,56.0108,56.3665,841300
2000-12-12,56.5442,57.5518,55.9515,57.4926,814100
2000-12-13,55.9515,57.4926,55.9515,57.137,979800
2000-12-14,55.0625,55.6552,53.5807,55.1217,1602900
2000-12-15,54.7661,55.4774,53.8178,54.9439,1870200
2000-12-18,57.3741,58.2631,55.9515,56.1886,1492400
2000-12-19,55.5959,58.3816,55.3588,57.1963,1313000
2000-12-20,55.7737,56.1294,53.9363,55.0032,1275800
2000-12-21,56.3071,57.0184,54.7068,56.0701,1163300
2000-12-22,58.5002,58.7373,56.8999,57.0184,1058400
2000-12-26,59.7449,59.7449,58.0853,58.5595,539900
2000-12-27,60.0412,60.9303,59.0336,59.982,1282400
2000-12-28,62.1749,63.0048,60.1598,60.2783,868600
2000-12-29,62.4121,64.4865,62.2935,63.7753,755300
2001-01-02,58.7373,61.2859,57.9075,61.2859,1220900
2001-01-03,63.5382,65.1978,57.3741,58.0853,1951700
2001-01-04,63.5382,66.7981,62.4121,62.827,3032000
2001-01-05,61.1674,61.5823,58.4409,58.4409,1945500
2001-01-08,59.4485,61.5823,58.7966,61.1674,1577800
2001-01-09,57.5518,60.5154,57.1963,60.5154,1192500
2001-01-10,59.6856,63.9531,57.0777,57.3741,1129300
2001-01-11,60.3376,62.8862,59.6856,59.6856,1207700
2001-01-12,60.2783,61.6415,59.6856,60.4561,917100
2001-01-16,61.3452,62.7084,60.219,60.9303,1250200
2001-01-17,62.2342,64.4273,62.2342,62.5899,2486600
2001-01-18,60.1598,63.0641,58.8558,61.8194,3864000
2001-01-19,58.2631,59.0336,57.1963,58.5595,3848800
2001-01-22,59.1522,60.1598,57.4333,57.8482,2856200
2001-01-23,59.7449,60.3968,59.2114,59.3893,1393400
2001-01-24,62.1749,62.2935,59.6856,60.1005,1605100
2001-01-25,61.1081,62.1157,60.5747,61.9379,1081000
2001-01-26,62.2342,62.2935,60.0412,61.1081,891100
2001-01-29,63.7753,64.4865,62.2105,62.2295,1553400
2001-01-30,61.6415,63.9175,61.6415,63.7753,3164600
2001-01-31,59.7638,61.1674,58.825,61.1674,2106500
2001-02-01,59.2992,59.8397,58.7966,59.8397,1520000
2001-02-02,58.6353,60.6837,58.3793,59.4604,1098900
2001-02-05,58.5595,58.7966,57.8956,58.5689,876000
2001-02-06,58.7438,59.3703,57.377,58.5824,1174400
2001-02-07,58.4021,60.4333,58.3926,58.7153,915300
2001-02-08,58.5729,60.1296,58.4211,58.4211,1156400
2001-02-09,59.3418,60.0821,58.2312,58.5255,706100
2001-02-12,60.4143,60.4903,58.8482,58.8482,916700
2001-02-13,59.6549,61.0313,59.3228,60.6041,792700
2001-02-14,57.0447,59.5601,56.9498,59.3322,792700
2001-02-15,57.918,58.2312,55.3458,57.2821,2362900
2001-02-16,57.7756,58.8197,57.339,57.918,1049600
2001-02-20,54.9566,57.6237,54.6244,56.8075,1640600
2001-02-21,53.2386,54.9186,52.5837,54.9092,1863000
2001-02-22,52.0617,53.0108,48.0277,53.0108,2938900
2001-02-23,53.4474,53.4474,50.486,52.0142,1710600
2001-02-26,52.745,53.9315,51.3403,53.6088,1767500
2001-02-27,54.3207,55.3363,51.4352,52.5837,2195000
2001-02-28,53.1057,55.1939,51.3498,55.1844,1464900
2001-03-01,52.9633,53.0108,51.6155,52.9633,1078300
2001-03-02,54.3396,55.0515,52.5362,52.9633,1065400
2001-03-05,53.8745,55.8109,53.2956,55.7634,1243800
2001-03-06,54.3396,56.0956,53.6468,54.1118,774600
2001-03-07,54.1213,54.9946,53.1532,54.5769,1494400
2001-03-08,54.539,54.9661,54.0549,54.4346,897600
2001-03-09,53.7797,54.5769,52.7735,54.539,950500
2001-03-12,49.4894,53.0582,49.3565,53.0582,1690900
2001-03-13,52.4793,52.6786,50.0684,50.8752,1578800
2001-03-14,50.7803,51.8244,49.2141,50.4006,1566300
2001-03-15,51.3688,52.5837,51.3023,51.682,1896900
2001-03-16,51.6155,52.2325,50.6853,51.3688,1683600
2001-03-19,51.1979,52.3559,49.6413,51.8528,1508200
2001-03-20,49.0717,51.7769,49.0243,51.2549,1621900
2001-03-21,46.6988,49.4419,46.6988,48.4548,2673500
2001-03-22,45.408,46.509,44.5158,45.987,3403000
2001-03-23,48.4453,48.8819,45.5599,45.7972,1687000
2001-03-26,48.6067,50.3911,47.8948,49.1667,1216500
2001-03-27,51.7104,52.0617,47.9802,48.5972,2058000
2001-03-28,52.1566,52.6786,50.3057,50.5905,2247300
2001-03-29,50.2962,52.299,49.4515,51.701,2920500
2001-03-30,52.6786,52.6786,50.6284,50.8752,2460300
2001-04-02,53.2956,53.6468,50.2108,50.8752,2701800
2001-04-03,51.1125,53.343,51.103,52.9159,1785600
2001-04-04,49.6887,51.5681,48.9864,51.1125,1307100
2001-04-05,52.2609,52.4793,50.5999,50.7328,1335900
2001-04-06,51.046,52.6501,50.8657,51.4922,1180200
2001-04-09,52.204,52.4888,51.0555,51.0555,1526900
2001-04-10,55.2413,55.9058,52.764,53.0108,2234300
2001-04-11,57.0732,58.3641,56.6177,58.2787,3278600
2001-04-12,56.7125,57.4244,56.0481,56.3803,1873600
2001-04-16,56.0481,57.6143,55.621,56.9024,1096200
2001-04-17,55.4217,57.8041,55.4217,56.0481,1632800
2001-04-18,62.6448,62.977,57.5288,57.5668,3641900
2001-04-19,60.5282,62.2272,59.3322,61.2211,3129500
2001-04-20,59.7024,60.1486,59.1329,59.2279,2038700
2001-04-23,59.1899,59.9872,58.6678,59.7973,1213100
2001-04-24,58.2787,59.6549,57.8041,59.1329,1165000
2001-04-25,58.8102,59.038,57.4529,58.2787,1294000
2001-04-26,59.5791,60.2719,58.5634,58.7533,1015400
2001-04-27,60.737,60.9363,59.9872,60.4618,906100
2001-04-30,59.6645,61.6482,59.3418,60.8414,994300
2001-05-01,60.6231,60.6896,58.8956,59.4272,879700
2001-05-02,61.1641,61.5913,60.2719,60.6231,761200
2001-05-03,60.196,61.6008,59.7973,60.9363,1260500
2001-05-04,61.8001,62.2651,58.5634,58.5824,1906600
2001-05-07,61.9845,62.26,61.5951,61.8895,1279400
2001-05-08,60.9871,61.6236,60.8161,61.272,1560800
2001-05-09,60.5596,60.5596,59.6571,60.1321,1809400
2001-05-10,60.6071,61.7946,60.4171,61.272,1239200
2001-05-11,60.7781,61.6521,60.3126,60.6071,1565200
2001-05-14,60.0751,61.2341,59.7522,60.6356,907400
2001-05-15,61.1106,61.3195,59.3057,60.2271,1409700
2001-05-16,63.267,63.457,60.0466,60.5121,1849400
2001-05-17,63.4285,63.8844,62.811,63.096,2103700
2001-05-18,63.2385,64.3689,62.127,63.3335,826400
2001-05-21,65.5184,65.5469,62.6685,63.077,1119700
2001-05-22,68.4537,68.9477,66.2594,66.4968,3476300
2001-05-23,66.0219,68.1783,65.6894,68.1212,3693800
2001-05-24,64.6064,66.2119,64.1695,65.8319,1681400
2001-05-25,63.8654,64.4449,63.5045,63.5045,785000
2001-05-29,63.267,64.8819,63.02,64.7869,1034300
2001-05-30,62.355,63.97,61.747,63.1245,1392500
2001-05-31,61.8515,63.115,61.69,63.077,1075300
2001-06-01,63.6945,63.6945,61.4621,62.507,1201400
2001-06-04,64.1219,64.1219,62.716,63.457,930400
2001-06-05,65.5469,65.5469,63.9415,64.0269,1099800
2001-06-06,62.9345,64.9389,62.849,64.9294,1417900
2001-06-07,62.8015,62.8015,61.861,62.792,1129000
2001-06-08,62.5545,62.925,62.1745,62.678,585200
2001-06-11,62.241,63.6185,61.7565,62.5545,1186500
2001-06-12,62.2125,62.317,60.1131,61.0061,1492100
2001-06-13,60.4266,62.1745,60.1701,61.6426,1644300
2001-06-14,57.4723,59.2392,56.8073,59.0872,2743000
2001-06-15,57.2347,58.3082,56.0473,56.0473,2926500
2001-06-18,56.2658,57.0923,55.5723,56.9973,1970900
2001-06-19,57.1112,57.7477,56.6173,57.2822,1618000
2001-06-20,57.4818,58.4222,56.9973,57.2822,2012600
2001-06-21,59.7522,60.2271,57.6148,57.8522,2301000
2001-06-22,58.8307,59.9801,58.2797,59.9801,1205700
2001-06-25,57.3868,59.0112,56.6173,58.9257,1238300
2001-06-26,56.5698,56.7598,55.6673,55.6673,1814300
2001-06-27,55.0974,57.9852,55.0974,56.9973,3786100
2001-06-28,57.4723,58.3747,55.4298,55.4298,3210100
2001-06-29,57.1398,58.3367,56.8073,57.1873,2178100
2001-07-02,57.9282,58.3747,57.1873,57.5673,1583900
2001-07-03,57.9757,58.2892,57.6432,57.8997,924500
2001-07-05,58.8972,59.0397,57.6717,57.9757,2134600
2001-07-06,57.1112,58.9447,56.7693,58.8972,1364000
2001-07-09,56.2943,57.2822,55.7243,57.2347,1983900
2001-07-10,56.0473,56.9783,55.6673,56.6173,1881000
2001-07-11,55.9903,56.1898,54.4609,55.9523,1879300
2001-07-12,59.9801,60.1321,57.7098,58.1847,2844400
2001-07-13,62.3265,62.602,59.7046,59.9421,2919200
2001-07-16,61.481,63.077,60.9111,62.3265,1677300
2001-07-17,63.6565,63.8844,61.1771,61.1771,2099600
2001-07-18,62.203,63.6659,61.4431,62.412,2973600
2001-07-19,60.1226,62.412,59.0112,62.317,3419400
2001-07-20,60.2556,60.6071,59.3246,60.5596,2070200
2001-07-23,60.3506,61.0821,60.1606,60.4171,1429400
2001-07-24,59.1252,61.2436,58.6977,60.3601,1513400
2001-07-25,59.1347,60.3696,58.2322,60.3696,1163100
2001-07-26,59.5622,59.9706,58.4222,59.1347,1425400
2001-07-27,61.1391,61.4146,59.2772,59.2772,917800
2001-07-30,60.0086,61.5095,59.3722,61.1391,948500
2001-07-31,61.0536,62.317,60.0086,60.0086,1487700
2001-08-01,62.3835,63.4,60.7971,61.0346,1059800
2001-08-02,62.602,63.3905,62.3645,62.982,1151600
2001-08-03,62.4025,62.602,61.5666,62.602,659600
2001-08-06,61.7505,63.3667,61.5983,62.6537,657200
2001-08-07,61.1325,62.6537,61.0564,61.7029,859300
2001-08-08,59.4497,61.0374,59.174,61.0374,1606600
2001-08-09,59.1549,59.4592,57.6338,59.4497,1858400
2001-08-10,58.9648,59.3641,57.8049,59.1549,1180800
2001-08-13,59.7919,60.0582,58.0235,59.2786,1281200
2001-08-14,60.9613,61.2276,59.8965,59.8965,1192700
2001-08-15,60.4765,61.4843,59.9441,60.9613,961400
2001-08-16,58.9458,60.6381,58.1852,60.2483,1343700
2001-08-17,58.0046,58.7651,57.282,58.7556,1274000
2001-08-20,58.7937,59.1455,58.014,58.1377,783300
2001-08-21,56.4454,59.4116,56.4073,58.9648,1521000
2001-08-22,57.282,57.6623,55.7323,56.9492,2531300
2001-08-23,57.2439,57.8049,56.8541,57.282,959500
2001-08-24,56.2361,57.5102,54.8576,57.3866,3016700
2001-08-27,55.8844,56.2837,55.409,56.2837,1694000
2001-08-28,54.5723,56.1411,53.8783,56.046,1986900
2001-08-29,53.8879,54.9051,53.3174,54.5723,1790300
2001-08-30,52.5188,53.5266,51.6726,53.1463,3008400
2001-08-31,52.8705,53.4315,52.0054,52.5283,1915100
2001-09-04,50.161,51.8818,48.7253,50.8645,6284500
2001-09-05,49.8947,50.5793,48.25,50.3416,3965000
2001-09-06,47.7651,49.5335,47.2517,49.5335,3104300
2001-09-07,46.1108,47.3943,45.6829,46.2059,4136400
2001-09-10,47.8887,48.7729,45.7305,45.7305,3385200
2001-09-17,42.7071,44.447,41.3571,42.7832,3909900
2001-09-18,39.8929,43.2586,39.5982,43.2205,3054200
2001-09-19,38.1055,40.8342,35.7192,40.026,3561100
2001-09-20,37.982,38.2672,36.2706,38.1055,2919800
2001-09-21,38.0295,38.0295,34.6068,36.6509,5172000
2001-09-24,40.9292,42.0226,40.4063,41.3571,4027300
2001-09-25,40.6916,42.4029,39.8454,41.0718,3085700
2001-09-26,41.6138,42.3839,40.7866,41.8325,2715600
2001-09-27,41.5662,42.3363,40.4063,41.8325,2139200
2001-09-28,43.7625,44.2569,41.9465,42.4029,2851700
2001-10-01,44.2569,44.9224,43.6103,43.9716,2007600
2001-10-02,44.7037,45.084,43.7339,44.447,2054100
2001-10-03,46.1203,46.2819,43.8765,44.428,2019000
2001-10-04,45.6829,47.3087,45.4453,46.6812,1901600
2001-10-05,44.6847,45.5403,43.6103,45.1601,2062900
2001-10-08,43.154,44.6942,42.7832,44.6942,1455000
2001-10-09,43.6008,44.4945,43.154,43.5913,1549600
2001-10-10,45.6069,45.9206,43.2586,43.7054,1778100
2001-10-11,45.3502,47.7746,44.5896,46.396,3264100
2001-10-12,42.593,45.3502,40.4539,45.3502,7891300
2001-10-15,40.4063,42.6406,39.988,42.593,5069400
2001-10-16,41.0053,42.7832,40.2923,40.644,3905900
2001-10-17,45.5308,46.5861,45.4738,46.5861,9321900
2001-10-18,46.2534,46.9189,45.3692,45.9682,3282700
2001-10-19,45.3217,45.8541,43.2586,45.3978,7385300
2001-10-22,45.3027,46.6337,44.4565,45.4453,4399000
2001-10-23,45.2551,45.9967,44.7797,45.3122,2985400
2001-10-24,43.5913,45.3978,43.0684,45.2647,5316800
2001-10-25,42.6025,44.0667,40.8817,43.4963,6339400
2001-10-26,43.848,44.3804,42.2318,42.6025,3472100
2001-10-29,42.3173,43.3632,42.3078,43.3537,4056800
2001-10-30,41.4142,42.2983,40.8817,42.2128,2935600
2001-10-31,39.275,41.6423,38.9802,41.4521,5968400
2001-11-01,41.3096,42.0226,39.2179,39.7408,5949800
2001-11-02,41.8705,42.3459,40.5395,41.262,3299100
2001-11-05,42.5979,43.0262,41.8935,41.8935,1713200
2001-11-06,44.8634,45.3108,42.3599,42.7883,3465400
2001-11-07,47.367,47.6049,44.5017,44.7397,4647500
2001-11-08,47.5954,51.403,47.2718,47.5954,4834500
2001-11-09,48.2142,48.8329,46.4626,47.5954,2696700
2001-11-12,49.3089,49.4992,46.7863,48.2237,2878400
2001-11-13,51.2888,51.6315,49.404,50.0704,3612200
2001-11-14,51.879,51.9742,51.0508,51.5934,3343000
2001-11-15,52.0028,52.9261,50.6415,50.8795,3185900
2001-11-16,49.404,51.0699,48.6425,50.4702,4056000
2001-11-19,49.3564,50.5654,48.3379,49.404,2905200
2001-11-20,48.6615,49.366,48.3569,49.366,2396600
2001-11-21,47.9762,49.0233,47.2718,48.6711,2665100
2001-11-23,49.5373,49.6135,47.9286,47.9857,1016500
2001-11-26,50.5083,50.6415,49.2612,50.0228,1562100
2001-11-27,51.8314,52.355,50.2703,50.2703,2752600
2001-11-28,49.5373,51.603,49.4992,51.5934,1778000
2001-11-29,49.0233,49.9752,49.0233,49.5373,2306600
2001-11-30,47.624,48.7377,47.5954,47.7858,3370300
2001-12-03,46.1961,47.0338,45.882,47.0243,2870500
2001-12-04,47.7382,47.8334,46.396,46.8815,2823100
2001-12-05,48.8805,49.9752,47.643,47.643,1797800
2001-12-06,50.9366,51.3078,48.9757,49.0233,2078000
2001-12-07,49.5659,50.4511,48.9757,49.9752,2300600
2001-12-10,47.6906,49.4421,47.5954,49.0233,1807700
2001-12-11,48.6235,49.7372,48.2617,48.5473,2610800
2001-12-12,47.148,48.119,46.1675,48.0238,3457500
2001-12-13,45.9771,47.4812,45.9296,46.7387,2295300
2001-12-14,45.5869,46.6435,44.2637,46.0723,2482900
2001-12-17,46.5959,47.4336,45.5964,45.6916,1463100
2001-12-18,47.7382,48.2617,47.1004,47.2432,1827200
2001-12-19,49.2136,49.6896,47.5002,47.6811,2115500
2001-12-20,48.8329,49.9752,48.6615,49.2232,2344600
2001-12-21,47.9286,49.0708,47.8049,49.0708,2092300
2001-12-24,47.9571,48.376,47.881,47.9762,376900
2001-12-26,48.871,49.2232,47.8334,47.9286,1385600
2001-12-27,50.2607,50.7272,48.8329,48.8329,1255400
2001-12-28,52.0979,52.4121,50.2607,50.2607,2214200
2001-12-31,51.3554,52.5453,51.2888,52.0979,1837300
2002-01-02,50.5654,51.5458,49.6896,51.5458,1952700
2002-01-03,50.7938,51.384,50.1656,50.6701,1944000
2002-01-04,54.1636,54.3063,52.117,52.355,3416400
2002-01-07,52.6405,55.0203,52.4977,53.3069,3080400
2002-01-08,51.7933,52.6405,51.2222,52.6405,3797500
2002-01-09,51.5934,52.2217,51.2127,52.0218,2122000
2002-01-10,50.8795,52.3074,50.4511,51.5458,2632200
2002-01-11,49.8991,50.8414,49.6896,50.8319,2088100
2002-01-14,49.7848,50.4511,49.404,49.7087,1801000
2002-01-15,50.9747,51.8695,49.7372,49.88,2831500
2002-01-16,51.4602,52.8309,50.3179,51.0223,4675500
2002-01-17,52.7357,53.2117,51.7362,52.117,2818000
2002-01-18,52.2027,52.6881,51.879,52.117,2509500
2002-01-22,50.6034,51.86,50.5463,51.403,2323000
2002-01-23,49.4992,50.9176,49.4992,50.6034,2612800
2002-01-24,50.1656,50.9271,49.5468,49.5468,2287900
2002-01-25,50.6891,50.8605,50.118,50.118,1577400
2002-01-28,48.7948,49.642,48.119,49.0994,4242200
2002-01-29,44.8444,48.7948,44.5017,48.7948,6817300
2002-01-30,45.5964,46.7197,42.7026,45.2156,8720300
2002-01-31,47.7572,47.7572,45.5678,45.7106,3481200
2002-02-01,46.0819,47.0243,44.9872,46.9767,5172500
2002-02-04,43.3689,45.1776,42.8834,45.168,4832500
2002-02-05,42.4075,43.7973,41.5984,43.407,4410700
2002-02-06,42.3352,42.8879,40.9914,42.7926,4793500
2002-02-07,43.9935,45.5089,41.4584,41.8872,4802100
2002-02-08,45.2897,45.5756,43.9935,43.9935,3133400
2002-02-11,43.536,44.5654,42.9356,44.5558,5094500
2002-02-12,45.3659,46.0712,44.3176,44.5558,4064300
2002-02-13,46.462,46.8909,45.9854,46.0331,2658600
2002-02-14,45.2325,46.8242,45.0324,45.9854,2996300
2002-02-15,43.8315,45.6518,43.2311,45.6518,4105600
2002-02-19,43.2501,44.1746,42.8975,43.2215,2430900
2002-02-20,44.5177,44.6416,42.4114,43.4598,2183600
2002-02-21,42.7926,44.594,42.4495,44.2699,2646900
2002-02-22,42.0207,43.0786,41.1629,42.9356,3494400
2002-02-25,44.7941,44.7941,42.0778,42.0778,2674100
2002-02-26,45.1563,45.4136,43.6028,44.6988,2458300
2002-02-27,46.6049,47.558,45.8425,45.9854,3261400
2002-02-28,46.9576,47.9392,46.7384,46.7955,3114700
2002-03-01,48.2156,48.6064,46.5573,47.1291,2170800
2002-03-04,52.6093,52.8284,49.9883,50.036,5637900
2002-03-05,53.5623,54.9919,51.9516,52.0374,6297900
2002-03-06,54.4201,54.7537,53.1525,53.2288,3472800
2002-03-07,55.4589,55.7067,54.8966,55.4685,4739000
2002-03-08,55.7163,57.3746,55.1063,57.184,5095100
2002-03-11,58.0132,58.5183,56.0403,56.0403,5468000
2002-03-12,58.1752,58.7565,56.9934,57.0887,4910300
2002-03-13,56.8028,57.7558,56.6121,57.5652,3936400
2002-03-14,56.9648,57.4222,56.412,56.8981,2615500
2002-03-15,59.1378,59.2331,57.1649,57.184,2056200
2002-03-18,59.5476,60.3291,58.8519,59.1473,2696600
2002-03-19,60.8152,61.0916,59.7096,59.8526,2997900
2002-03-20,59.2331,60.5102,59.0901,60.3291,2061800
2002-03-21,59.3475,59.4428,57.8988,59.2331,2069100
2002-03-22,60.3958,60.8056,58.909,59.3475,2243500
2002-03-25,57.6986,60.5674,57.508,60.2814,2874000
2002-03-26,59.8049,60.0718,57.7272,57.7272,2962800
2002-03-27,60.92,60.92,59.5857,59.8049,1968400
2002-03-28,60.8533,61.8636,59.9955,60.92,1734900
2002-04-01,60.615,61.9493,59.519,60.8533,1388900
2002-04-02,60.9867,61.9398,60.1861,60.3768,2952000
2002-04-03,59.0425,60.9009,57.9464,60.8914,2868800
2002-04-04,58.8423,59.1854,58.0418,58.1371,2287800
2002-04-05,58.5755,60.1861,58.3753,59.1854,2762000
2002-04-08,59.8144,59.8526,58.0894,58.1371,1936800
2002-04-09,60.0432,61.368,59.8144,60.1385,2032100
2002-04-10,61.3775,61.4156,60.2052,60.9963,2042200
2002-04-11,59.357,61.9493,58.7089,61.3775,3164000
2002-04-12,59.519,60.453,59.2807,59.8526,2158700
2002-04-15,59.0615,60.3768,58.8519,60.0432,1231700
2002-04-16,60.7675,60.9867,59.5667,59.5667,2077600
2002-04-17,60.9105,63.3789,60.2052,60.7675,9603900
2002-04-18,62.0351,62.1018,60.8056,60.9963,6550800
2002-04-19,62.6641,62.7118,61.6157,62.3306,2737000
2002-04-22,61.9302,62.7499,61.4919,61.9493,2912800
2002-04-23,62.4258,62.9596,61.53,61.6634,2716400
2002-04-24,61.3775,62.7594,60.9009,62.3782,3392400
2002-04-25,59.9288,61.387,59.6048,61.387,3273000
2002-04-26,59.1378,60.615,58.9948,60.1576,2306100
2002-04-29,55.9927,59.1378,55.802,59.0901,4859700
2002-04-30,57.0791,57.4699,56.2976,56.2976,3957300
2002-05-01,56.5169,56.9362,54.5154,56.7551,3527700
2002-05-02,57.6986,57.8511,56.1737,56.5263,3161700
2002-05-03,56.9362,57.3746,56.4692,57.184,2377000
2002-05-06,54.706,57.3365,54.706,56.7551,2271900
2002-05-07,55.5638,56.4883,55.0968,55.4208,2228600
2002-05-08,59.5762,59.7573,57.1363,57.184,2957000
2002-05-09,57.6796,59.0901,57.6605,58.9948,1688200
2002-05-10,57.4699,59.0806,57.184,57.6891,3007200
2002-05-13,59.1092,59.4523,57.7844,58.3753,1961600
2002-05-14,61.6157,61.8826,59.9955,61.2345,2583000
2002-05-15,61.4442,61.4442,60.3768,61.2345,1767400
2002-05-16,60.9486,61.3203,59.5857,61.2822,2755300
2002-05-17,61.1869,61.3012,60.1385,60.9486,1906000
2002-05-20,59.843,61.4061,59.7668,61.1869,1723600
2002-05-21,59.0901,60.7103,58.5564,60.615,2021500
2002-05-22,59.4237,59.4713,58.3658,58.8519,1180300
2002-05-23,60.3672,60.3768,58.9853,59.4332,1349500
2002-05-24,60.4721,60.758,59.9288,60.129,1053000
2002-05-28,58.7184,60.615,58.6422,60.4244,1986400
2002-05-29,59.3189,59.9479,58.5278,58.6136,1613200
2002-05-30,59.1569,59.3189,58.5659,59.0901,1539400
2002-05-31,59.5095,60.0432,58.8042,58.8519,1381100
2002-06-03,57.6891,59.9002,57.6796,59.1854,1613700
2002-06-04,56.4501,57.7082,55.802,57.6129,3304300
2002-06-05,57.6033,57.8893,56.4692,56.4692,1770200
2002-06-06,56.9743,57.7844,56.6979,57.6605,1718300
2002-06-07,57.184,57.3651,55.5352,56.2309,1925600
2002-06-10,56.9934,57.3269,55.8306,57.2793,1666700
2002-06-11,56.2214,58.3658,56.0785,57.4699,1794600
2002-06-12,54.3248,56.4215,53.7339,56.3262,4014000
2002-06-13,52.676,54.4201,52.047,54.4201,3976500
2002-06-14,53.0191,53.1239,49.5594,51.6562,3646000
2002-06-17,56.8028,56.8028,54.1342,54.2295,3582400
2002-06-18,56.9838,57.2698,56.0403,56.2309,2655100
2002-06-19,55.9641,56.5645,55.5638,56.2309,2835800
2002-06-20,54.3724,55.9641,54.2771,55.9641,2866700
2002-06-21,54.4773,54.706,53.6005,54.1342,2132500
2002-06-24,55.3636,56.2309,52.6379,53.9436,2561500
2002-06-25,54.8585,57.1649,54.8013,55.316,2031500
2002-06-26,54.1342,54.4201,53.0,53.8006,2648500
2002-06-27,56.3262,56.4692,54.5631,55.1349,2676800
2002-06-28,58.1847,58.9948,56.2309,56.3358,3068400
2002-07-01,55.783,58.2324,55.5447,57.9464,2862900
2002-07-02,54.0865,55.7925,54.0389,55.7925,2676200
2002-07-03,54.7822,54.7822,52.3329,53.3717,2423800
2002-07-05,57.1363,57.4699,55.1825,55.3732,1064500
2002-07-08,55.3064,57.8035,55.0491,56.8028,2865100
2002-07-09,52.8475,55.2779,52.8475,54.8966,3164800
2002-07-10,48.9971,54.1342,48.9399,53.4098,9167300
2002-07-11,48.0536,49.1973,46.3571,49.1782,8591300
2002-07-12,49.0829,50.1217,47.2244,48.4157,4497600
2002-07-15,48.7112,48.7493,45.9378,48.7017,4135000
2002-07-16,48.2251,49.4737,47.0052,48.3681,4050100
2002-07-17,29.0494,39.7905,28.5824,36.4548,42710400
2002-07-18,31.7466,32.5948,28.5824,28.9732,19137800
2002-07-19,33.5574,35.454,31.5941,31.9086,9754100
2002-07-22,32.4995,35.2634,32.4995,34.0721,9413900
2002-07-23,29.5355,32.9284,28.7826,32.6997,8538700
2002-07-24,31.7466,32.4042,25.3039,26.6858,11891400
2002-07-25,30.8698,32.7473,29.5355,30.4981,7288100
2002-07-26,29.0685,32.1659,28.8302,32.1659,9583400
2002-07-29,27.9724,30.8316,27.0671,29.0685,10424700
2002-07-30,28.5252,28.9732,26.257,28.1154,11052600
2002-07-31,30.2122,30.2884,28.6587,28.7158,6900700
2002-08-01,28.5919,30.3075,28.3632,30.3075,4108500
2002-08-02,27.2577,28.7063,26.7049,28.6396,3484500
2002-08-05,23.5407,27.5245,23.0641,27.3053,9431900
2002-08-06,25.5122,26.3146,24.2132,24.3565,8435600
2002-08-07,24.1463,26.2668,22.9715,25.5218,12086600
2002-08-08,26.4578,27.0787,23.1626,25.0728,8812300
2002-08-09,27.7951,28.2631,25.7128,26.1713,5487100
2002-08-12,27.5849,27.6518,26.0853,26.9832,4513600
2002-08-13,27.8906,28.7311,27.2888,27.7951,5003400
2002-08-14,29.6576,29.7054,25.1206,25.5982,9125500
2002-08-15,31.2814,31.6157,29.5144,29.8009,6615900
2002-08-16,31.0426,31.9023,29.8009,30.6605,4067600
2002-08-19,33.2395,33.6215,30.2307,30.5651,5527600
2002-08-20,33.4114,33.8126,32.1888,33.0007,3418900
2002-08-21,33.698,34.2806,32.8574,33.526,3245400
2002-08-22,35.5127,36.296,33.335,34.0514,5585800
2002-08-23,34.443,35.5127,34.2137,35.5127,3110200
2002-08-26,34.9874,35.1975,33.5738,34.3857,2711800
2002-08-27,34.1946,35.9235,33.9081,35.1785,3043600
2002-08-28,33.7457,33.9845,33.2395,33.8603,2974800
2002-08-29,33.9176,34.2901,32.4753,33.1917,4098200
2002-08-30,34.0705,34.8155,33.3637,33.6215,2193200
2002-09-03,31.9405,33.4019,31.9214,33.3541,4056400
2002-09-04,33.9367,34.2042,31.9405,32.3798,3194700
2002-09-05,33.4974,34.2137,32.5231,33.4783,3515400
2002-09-06,34.8728,35.3408,34.0705,34.1946,2846600
2002-09-09,37.7096,38.0917,34.5767,34.6245,6002900
2002-09-10,37.2034,37.595,35.9521,36.764,5092600
2002-09-11,39.1615,39.639,38.2063,38.2063,4728900
2002-09-12,36.8691,38.6839,36.8213,38.6839,4478100
2002-09-13,37.1747,37.8242,35.8184,36.105,2975900
2002-09-16,36.9359,37.7287,35.5701,37.0601,1882600
2002-09-17,33.6597,36.9359,33.144,36.9168,7239000
2002-09-18,34.3761,35.4363,32.4753,33.6597,7533500
2002-09-19,33.3064,34.1278,33.1917,33.4305,3210500
2002-09-20,33.2872,33.6215,32.6186,33.3064,4241300
2002-09-23,33.0962,33.3923,31.8927,32.6664,3226200
2002-09-24,32.7141,33.9081,31.9978,33.1058,3648400
2002-09-25,33.7935,34.1469,31.8927,33.5738,5508400
2002-09-26,34.6149,34.9587,33.7839,33.8794,3576300
2002-09-27,33.144,35.102,32.6186,34.3857,3346900
2002-09-30,33.3541,33.9272,30.928,32.8574,5427900
2002-10-01,34.6913,34.8632,32.3321,33.8126,2834500
2002-10-02,32.0933,34.1755,31.0426,33.9081,4351100
2002-10-03,30.9757,32.6186,30.8993,32.2652,4124400
2002-10-04,29.0177,31.6061,28.5401,31.5679,6468300
2002-10-07,26.8017,28.0816,26.5725,27.6996,7148400
2002-10-08,28.3586,29.5716,26.3146,27.0787,5967300
2002-10-09,25.3116,27.4608,24.9869,27.4226,7644600
2002-10-10,27.9097,28.1771,24.9296,25.3212,5291300
2002-10-11,29.2851,30.4695,27.9193,27.9193,5789600
2002-10-14,30.7179,30.8516,28.8458,29.0463,3184900
2002-10-15,33.0867,34.7964,32.2556,34.6245,7835000
2002-10-16,26.6011,28.1198,24.3469,27.6996,21173800
2002-10-17,27.6613,29.1896,26.5056,28.6547,8696500
2002-10-18,28.8171,29.1323,26.9068,27.3843,4513800
2002-10-21,30.2116,30.2403,28.1771,28.6547,4094400
2002-10-22,30.7752,31.5679,29.3711,29.5621,4120800
2002-10-23,30.3549,30.7847,28.8171,30.7847,4358700
2002-10-24,27.4608,31.2719,27.0118,31.1381,9035400
2002-10-25,28.9508,29.0272,27.3843,28.4637,5896600
2002-10-28,29.5048,30.3263,28.9604,28.9604,4687700
2002-10-29,28.9221,29.3711,27.8141,29.1514,4135600
2002-10-30,29.9346,30.5459,28.7216,29.1132,3445500
2002-10-31,29.1036,30.5841,29.0081,29.9442,2594000
2002-11-01,29.8964,30.0875,28.2917,29.1132,4766800
2002-11-04,31.587,32.4945,30.6605,30.6605,5012300
2002-11-05,32.1888,32.2461,30.8516,31.3769,4378200
2002-11-06,31.6282,32.5754,30.6237,32.4319,5951400
2002-11-07,29.6096,31.2838,29.4949,31.0925,5104400
2002-11-08,28.0502,30.2028,27.8302,29.7053,5056000
2002-11-11,28.0598,28.8156,26.9979,28.0023,4127800
2002-11-12,27.3327,28.2511,27.237,28.0693,3767100
2002-11-13,26.9405,27.8493,25.9646,27.3422,5754000
2002-11-14,28.7008,30.088,26.95,26.95,10737300
2002-11-15,29.6575,29.9253,28.232,28.7103,6255500
2002-11-18,27.6867,29.8392,27.6484,29.6575,6717600
2002-11-19,27.7632,28.2033,27.2753,27.6867,4240400
2002-11-20,28.1076,28.2702,27.7632,27.7728,3434500
2002-11-21,31.7143,31.9535,28.5094,28.5764,8422800
2002-11-22,30.1741,32.0492,30.021,31.7239,9447300
2002-11-25,32.2597,32.7476,30.4515,30.5663,4359800
2002-11-26,31.523,33.4555,31.3795,32.4988,4266200
2002-11-27,33.1494,33.2355,31.8387,32.4319,2980300
2002-11-29,32.3362,33.1015,32.3266,33.0633,917400
2002-12-02,34.2783,34.8714,32.3362,32.3362,4779800
2002-12-03,32.5275,33.6756,32.4032,32.5275,5393500
2002-12-04,32.9868,34.0104,31.1403,31.9535,3734500
2002-12-05,33.1207,33.6469,32.6711,33.0059,2562200
2002-12-06,32.3075,33.446,31.8578,32.2883,3944700
2002-12-09,31.3412,32.7189,31.0925,32.3458,2913100
2002-12-10,31.523,31.877,30.8724,31.3412,2719700
2002-12-11,30.8055,31.0638,29.9349,31.0638,5133800
2002-12-12,30.6907,32.1162,30.5185,30.6333,3011300
2002-12-13,28.8921,30.7003,28.8921,30.7003,5619600
2002-12-16,30.8533,31.0734,29.2748,29.2939,3334200
2002-12-17,30.5089,31.4847,30.2793,30.5663,2785600
2002-12-18,29.3322,30.088,28.9973,29.9445,3214700
2002-12-19,29.6383,30.0688,29.1982,29.3417,2832600
2002-12-20,30.1741,30.6141,29.6479,29.6479,2971300
2002-12-23,30.2315,31.1977,29.9827,30.2602,2393300
2002-12-24,29.8966,30.4132,29.7723,29.7723,662000
2002-12-26,29.8966,30.6428,29.5905,30.308,1355200
2002-12-27,28.3659,29.8488,28.1459,29.8105,3338700
2002-12-30,28.806,29.0643,28.0885,28.3659,2352900
2002-12-31,28.4329,29.16,28.2415,28.9495,1976400
2003-01-02,30.3463,30.4515,28.5955,28.8921,4736600
2003-01-03,30.375,30.7385,29.8105,30.3558,2156700
2003-01-06,31.8005,32.8911,30.662,30.7385,4761600
2003-01-07,30.8055,32.2883,30.662,31.6856,3324000
2003-01-08,33.8765,35.0149,30.4707,30.8151,14350300
2003-01-09,34.9288,35.1106,32.8719,34.4601,8111300
2003-01-10,37.311,37.598,34.02,34.9288,11098400
2003-01-13,37.2058,37.9807,36.4213,37.4258,4828100
2003-01-14,37.024,37.1388,36.45,36.737,3061500
2003-01-15,35.3498,37.0336,34.5462,37.0336,8137700
2003-01-16,33.6564,35.1585,33.5512,34.6706,8140000
2003-01-17,31.81,33.0059,31.0447,32.7189,9584300
2003-01-21,30.595,32.4319,30.375,31.8196,4095700
2003-01-22,31.3795,32.0396,30.2697,30.6046,4958500
2003-01-23,30.8629,31.8578,29.514,31.456,6958500
2003-01-24,30.1549,31.2264,30.088,30.9011,2929900
2003-01-27,29.1026,30.662,28.9303,29.8488,3855000
2003-01-28,30.2889,30.4515,29.4182,29.4182,3280300
2003-01-29,30.4611,30.7576,29.38,30.0975,3417800
2003-01-30,29.734,30.4707,29.4661,30.4707,2996400
2003-01-31,29.7053,30.0593,28.7582,29.7435,3401400
2003-02-03,30.4419,30.9011,29.7053,29.7149,2817500
2003-02-04,29.6957,30.088,29.1791,29.7053,2969200
2003-02-05,29.2461,30.4132,29.0069,29.7723,2486500
2003-02-06,28.5286,29.2174,28.5286,29.2174,2927600
2003-02-07,28.7008,29.667,28.3372,29.0834,2447400
2003-02-10,28.5477,28.873,27.7919,28.7773,2526900
2003-02-11,28.4233,29.16,28.3372,28.5477,2514500
2003-02-12,28.4616,29.0452,28.0502,28.1267,4103800
2003-02-13,27.8493,28.4712,26.9022,28.4712,5485500
2003-02-14,28.9017,28.9782,27.7536,27.9354,2888900
2003-02-18,30.7098,30.9873,29.1791,29.1791,4030000
2003-02-19,29.514,31.3221,29.1217,30.7194,4119300
2003-02-20,28.8634,29.6575,28.7295,29.6575,2329500
2003-02-21,29.4852,29.7435,28.5668,28.9878,2339100
2003-02-24,28.4903,29.313,28.2798,29.3035,2605000
2003-02-25,28.7964,28.8921,27.6484,28.2702,3491300
2003-02-26,28.5573,28.8156,28.3372,28.6816,2481700
2003-02-27,29.0834,29.5809,28.5668,28.7964,2100600
2003-02-28,29.6287,29.7818,29.0069,29.1791,2485400
2003-03-03,27.0265,27.2179,25.8785,26.2133,18393600
2003-03-04,26.1847,27.0361,25.9742,27.0361,7136200
2003-03-05,26.5099,26.7395,26.0698,26.3569,3621800
2003-03-06,25.7542,26.596,25.7542,26.5195,2932600
2003-03-07,26.2899,26.5769,24.874,25.8785,3536500
2003-03-10,25.869,26.883,25.6776,26.1655,3783800
2003-03-11,24.2808,26.0603,23.8312,25.735,6684300
2003-03-12,25.1323,25.1514,24.233,24.2904,4413700
2003-03-13,27.0744,27.3327,25.9455,26.4334,4505100
2003-03-14,27.0265,27.3136,26.3569,27.2657,4017800
2003-03-17,28.6625,28.8156,26.4047,27.0265,4957300
2003-03-18,29.0165,29.3513,28.4807,28.8538,3830200
2003-03-19,30.0401,30.2697,29.026,29.1313,5025500
2003-03-20,29.8296,30.4707,28.806,29.9636,4071700
2003-03-21,31.1882,31.389,30.1358,30.375,3954700
2003-03-24,29.9062,30.7194,29.4852,30.3272,3190100
2003-03-25,30.1167,30.6046,29.6575,29.6766,2067100
2003-03-26,30.6716,31.523,30.1645,30.1645,2738400
2003-03-27,30.0497,30.6811,29.4279,30.6811,3331900
2003-03-28,29.8296,30.5185,28.8921,29.7627,1545300
2003-03-31,28.7103,29.6096,28.4807,28.8347,3181900
2003-04-01,30.0114,30.1549,28.7486,28.7964,2822900
2003-04-02,31.5517,31.9057,30.3272,30.3272,3495800
2003-04-03,31.7909,32.4319,31.1882,31.8483,2419200
2003-04-04,32.1831,32.5467,31.6952,31.7909,2058700
2003-04-07,32.231,33.6086,32.2118,33.4364,4502600
2003-04-08,31.8674,32.4319,31.5708,32.231,2222000
2003-04-09,31.1308,32.384,31.1212,31.9535,2210400
2003-04-10,32.8719,33.0059,31.6282,31.6665,4176100
2003-04-11,32.6328,33.4747,32.4414,33.3886,2843800
2003-04-14,33.6373,33.6756,32.4319,32.8241,2428200
2003-04-15,35.8664,36.1152,33.6756,33.7234,6372100
2003-04-16,35.101,36.3543,34.8523,35.8186,3558800
2003-04-17,35.7994,36.7944,35.101,35.101,3377100
2003-04-21,35.6751,36.3447,35.5029,35.9525,3582800
2003-04-22,36.5265,36.5265,34.0008,35.6751,9038500
2003-04-23,37.378,37.8659,36.6317,37.4641,5090800
2003-04-24,36.7275,37.9233,36.3352,37.378,4538200
2003-04-25,36.0577,36.4309,35.6846,36.3065,3104800
2003-04-28,37.1866,37.5502,36.0577,36.2108,2280700
2003-04-29,38.3634,38.5069,37.3588,37.3588,3367200
2003-04-30,40.0567,40.7264,38.1433,38.746,7564000
2003-05-01,39.6358,40.1428,38.5547,40.0567,3819900
2003-05-02,40.9465,41.0421,39.6453,39.6453,3949700
2003-05-05,42.4963,42.8503,41.3865,41.3865,6120300
2003-05-06,44.6362,44.8852,42.481,42.5193,9832300
2003-05-07,44.5979,45.2109,43.5443,44.0807,6809800
2003-05-08,42.8929,44.6171,42.6726,43.5826,5593000
2003-05-09,43.0174,43.4868,41.3508,43.3623,6793800
2003-05-12,44.6841,44.9044,43.1036,43.8029,6993400
2003-05-13,45.0193,46.0442,44.004,44.0136,4502100
2003-05-14,43.4293,45.9389,43.3144,45.1151,8670800
2003-05-15,42.9504,44.55,42.8929,44.0615,6498000
2003-05-16,42.9504,43.2952,42.3373,42.5481,4802900
2003-05-19,40.9676,42.481,40.6132,42.3948,4257200
2003-05-20,41.0251,41.9446,40.5845,40.9772,3507200
2003-05-21,42.4044,42.414,40.4312,41.0347,4447900
2003-05-22,42.8354,43.1132,41.9542,42.2416,4638200
2003-05-23,43.0558,43.1898,42.4331,42.8354,2875100
2003-05-27,44.9523,45.2588,42.5289,43.0558,4787100
2003-05-28,47.0213,47.1458,44.9523,44.9523,5951900
2003-05-29,45.3833,47.4619,44.9427,47.0404,5139900
2003-05-30,46.14,46.2263,45.0385,45.3833,3070800
2003-06-02,49.3393,49.6267,46.2167,46.9351,7891800
2003-06-03,47.8354,49.8757,47.4619,48.8699,6922800
2003-06-04,49.7895,49.9044,47.663,47.9408,4671100
2003-06-05,50.9198,51.1784,48.9945,48.9945,4734900
2003-06-06,50.4313,52.6726,50.1918,51.3891,4946800
2003-06-09,47.9408,49.8949,47.5864,49.6171,4285300
2003-06-10,48.4964,49.0424,47.414,48.5155,3916600
2003-06-11,50.9389,50.9868,48.1995,48.3719,3442900
2003-06-12,51.4658,52.0596,49.9044,51.1018,4376700
2003-06-13,50.6995,51.3029,50.0385,51.2933,3382000
2003-06-16,51.2359,51.4849,50.6707,50.8623,2294100
2003-06-17,50.1918,51.2359,49.7608,51.2359,3216700
2003-06-18,49.665,50.2205,48.9466,50.1918,2625100
2003-06-19,48.6305,50.278,48.2952,49.7608,2590000
2003-06-20,47.5481,49.301,47.3949,48.8987,4486600
2003-06-23,46.5232,47.6055,46.1496,47.5481,2962300
2003-06-24,47.414,47.7588,46.3604,46.6764,2890100
2003-06-25,46.5998,48.0366,46.2646,47.0788,3252800
2003-06-26,47.845,47.9791,46.504,46.6477,2493500
2003-06-27,46.8201,48.1803,46.6669,47.8546,2384400
2003-06-30,47.1075,47.5098,46.7435,47.1745,2127600
2003-07-01,46.9063,47.1075,45.3546,47.1075,3231400
2003-07-02,47.1841,47.8163,46.2167,46.9063,2968800
2003-07-03,47.1745,47.7493,46.3699,47.1841,1358000
2003-07-07,48.9753,49.3106,47.8929,47.9408,3008200
2003-07-08,49.8565,50.0002,48.9945,48.9945,2607600
2003-07-09,49.5883,50.0481,49.1669,49.8087,1824700
2003-07-10,48.5826,49.5979,48.1324,49.5883,2396000
2003-07-11,49.5692,49.665,47.9887,48.5634,2280500
2003-07-14,52.711,53.5443,50.5271,50.6228,5702000
2003-07-15,50.5079,53.0558,50.2205,52.778,4575800
2003-07-16,52.9888,53.2569,51.1976,52.0117,4816100
2003-07-17,46.1879,48.9466,42.6343,48.3719,20205500
2003-07-18,46.8968,47.4351,45.3929,46.8393,7739800
2003-07-21,47.1649,47.7876,46.8776,47.0308,2606800
2003-07-22,46.3699,47.5098,45.6898,47.4715,3463300
2003-07-23,45.8622,46.3699,45.5653,46.3699,2840700
2003-07-24,45.9772,46.9255,45.7761,46.073,2399000
2003-07-25,47.7109,47.7971,45.9772,45.9772,2993700
2003-07-28,47.2224,47.7493,47.0308,47.3182,2096500
2003-07-29,46.2933,47.3374,46.073,47.2224,2555100
2003-07-30,45.6133,46.6094,45.1822,46.3029,2645200
2003-07-31,45.891,47.05,45.7665,46.3604,2529800
2003-08-01,45.2588,46.1496,45.1343,45.4121,2255600
2003-08-04,45.2014,45.7377,43.6305,45.2684,2934100
2003-08-05,43.9561,45.4983,43.8795,45.0193,2646800
2003-08-06,44.6217,45.2355,43.8066,44.3819,3094200
2003-08-07,44.8806,44.9573,43.9216,44.6217,2529100
2003-08-08,45.8492,46.0602,45.0724,45.0724,1962400
2003-08-11,46.1177,46.7794,45.8588,45.8588,2502600
2003-08-12,48.4193,49.3879,48.1412,48.6207,8822600
2003-08-13,47.7864,48.4308,47.4795,48.4289,2315500
2003-08-14,47.8343,48.3234,47.4027,47.5083,1468100
2003-08-15,47.7192,47.796,46.8274,47.4795,822900
2003-08-18,48.1412,48.4193,47.4027,47.9206,1962400
2003-08-19,48.6207,48.7358,47.8055,48.5056,1555600
2003-08-20,49.0522,49.4838,48.3138,48.6687,2252800
2003-08-21,49.292,49.7619,48.7645,49.1961,1933400
2003-08-22,49.5413,50.1551,49.3975,50.0592,2283700
2003-08-25,50.1263,50.2702,49.1002,49.5413,2235000
2003-08-26,50.577,50.7305,49.5797,50.1646,2047600
2003-08-27,50.2126,50.9031,50.0112,50.577,1755500
2003-08-28,50.7209,50.8264,49.3303,50.2414,1473700
2003-08-29,51.21,51.21,50.4044,50.4907,1131000
2003-09-02,53.2814,53.3197,50.9031,50.9223,2847000
2003-09-03,51.9292,53.5115,51.6894,53.2814,3560900
2003-09-04,51.5552,51.9292,51.0949,51.9292,2850400
2003-09-05,51.7086,53.3763,51.2483,51.5552,2537300
2003-09-08,53.1279,53.1855,52.2649,52.4087,2159800
2003-09-09,53.7513,53.991,52.1498,52.9553,2905900
2003-09-10,56.494,57.7407,55.0555,55.4007,9550200
2003-09-11,55.8419,56.7721,55.6501,56.494,3227200
2003-09-12,56.283,56.3885,54.8062,55.6213,2413700
2003-09-15,56.6666,57.0022,56.2734,56.3501,2185300
2003-09-16,57.5201,57.6352,56.4844,56.6282,2558000
2003-09-17,58.3544,59.4764,57.3571,57.5201,3051000
2003-09-18,59.0162,59.371,57.5872,58.1147,3116400
2003-09-19,59.1312,59.3614,57.9229,59.0162,2511100
2003-09-22,58.1051,58.8531,57.779,58.2105,2345400
2003-09-23,57.7215,58.0955,57.4434,57.9229,3105600
2003-09-24,56.0816,57.6639,55.8994,57.4913,2921600
2003-09-25,55.1035,56.5515,55.0267,56.0816,2442300
2003-09-26,53.9239,55.3336,53.7992,55.1994,2581200
2003-09-29,55.372,55.4295,53.8855,53.991,2297100
2003-09-30,54.7007,55.5925,54.0198,54.95,2269200
2003-10-01,56.2063,56.2447,54.6815,54.7007,2063100
2003-10-02,56.8488,56.9831,55.651,56.0912,1918700
2003-10-03,57.2516,58.2585,57.1077,57.7311,2483600
2003-10-06,57.8845,58.0476,57.2516,57.2516,1899200
2003-10-07,58.1051,58.2585,56.494,57.2995,2660200
2003-10-08,58.3065,58.9778,57.6831,57.8941,2484000
2003-10-09,60.6848,60.8948,58.3161,58.3161,3716600
2003-10-10,59.4189,60.6944,59.2559,60.6944,3508500
2003-10-13,60.4163,60.819,59.4477,59.4477,1577900
2003-10-14,59.7066,59.9176,59.2175,59.8888,2761100
2003-10-15,58.738,59.697,58.4408,59.5723,2085500
2003-10-16,58.7476,58.9874,57.827,58.1626,2509300
2003-10-17,57.9229,59.4573,57.827,58.786,1582100
2003-10-20,58.5558,58.6901,57.874,58.0188,1692300
2003-10-21,59.2463,59.3134,58.4503,58.5558,2310900
2003-10-22,57.6352,59.2463,57.6256,59.2463,2795000
2003-10-23,59.9176,60.7903,57.5393,57.5393,4731000
2003-10-24,59.4189,59.9176,58.9106,59.9176,2285100
2003-10-27,59.2079,60.2724,58.9202,59.5532,1603400
2003-10-28,61.4903,61.615,59.2079,59.2079,3272100
2003-10-29,60.7807,61.4903,60.5409,61.4903,3052400
2003-10-30,57.2324,59.3614,57.0502,58.4983,7713300
2003-10-31,58.201,58.8914,57.2228,57.3858,3766800
2003-11-03,59.1504,59.4093,57.9804,58.3065,3352098
2003-11-04,59.1696,59.4573,58.6229,59.1504,2513430
2003-11-05,58.8183,59.2214,58.2923,59.2214,1791400
2003-11-06,58.5015,58.8375,57.6473,58.8183,2113900
2003-11-07,57.5897,59.0774,57.5801,58.6455,1954400
2003-11-10,56.8987,57.8105,56.7259,57.5897,2204200
2003-11-11,57.081,57.7625,56.8987,56.8987,2101800
2003-11-12,58.0024,58.0601,57.1098,57.1578,1568300
2003-11-13,57.6569,58.0024,57.4458,58.0024,1867900
2003-11-14,56.4859,58.0216,56.4859,57.6569,1565100
2003-11-17,55.6797,56.4859,54.931,56.4859,2559400
2003-11-18,55.3341,56.1212,55.2093,56.102,1565000
2003-11-19,55.7085,55.7756,54.2783,55.2381,1916200
2003-11-20,54.7294,55.91,54.7102,55.6701,1627600
2003-11-21,54.2303,55.2861,54.2111,54.9502,1893600
2003-11-24,56.2268,56.3899,54.5183,54.5375,2325600
2003-11-25,56.3899,57.4458,56.2843,56.3899,1607700
2003-11-26,57.3305,57.3305,56.1692,56.5339,1581300
2003-11-28,57.321,57.4458,56.7547,57.2058,596600
2003-12-01,57.7817,57.9256,57.3402,57.5993,1607600
2003-12-02,57.1194,57.7817,57.1098,57.7529,1651200
2003-12-03,57.9256,58.5687,57.3018,57.3018,1914600
2003-12-04,57.6857,58.0601,57.2058,57.9256,1130100
2003-12-05,56.7739,57.0906,56.5531,57.0138,1178200
2003-12-08,56.7451,57.3498,56.2748,56.7835,1325300
2003-12-09,55.3821,56.8218,55.3533,56.8218,1887200
2003-12-10,53.0785,55.0366,52.9345,54.883,3704700
2003-12-11,53.7408,54.2303,53.2993,53.3185,2983100
2003-12-12,53.9903,54.1343,53.5776,54.1151,1320700
2003-12-15,53.2321,54.9502,53.0785,54.6142,2482000
2003-12-16,54.2303,54.3263,53.2321,53.2321,2096700
2003-12-17,54.3167,54.4799,53.7888,54.2303,1231700
2003-12-18,56.9946,57.0138,54.9598,55.5261,3434100
2003-12-19,57.3114,57.4937,56.4955,56.9082,2531200
2003-12-22,58.0888,58.1848,57.3114,57.3114,2243300
2003-12-23,58.2136,59.0391,57.6761,59.0391,1062100
2003-12-24,58.2136,58.5303,57.6953,57.9256,397500
2003-12-26,58.0024,58.3672,57.7721,58.2424,280300
2003-12-29,59.0678,59.231,58.1656,58.1656,1327300
2003-12-30,58.6263,59.0678,58.4056,58.9239,986900
2003-12-31,58.7991,59.0294,58.2808,58.5207,982700
2004-01-02,57.8105,59.1255,57.6281,58.8663,1344800
2004-01-05,59.9413,60.4884,58.7895,59.1255,2980300
2004-01-06,61.1699,61.2947,59.6245,59.9413,3338100
2004-01-07,61.3427,61.381,60.7091,61.0739,2430200
2004-01-08,62.2257,62.3505,61.1219,61.429,3680900
2004-01-09,61.4482,62.0721,61.333,62.0721,2456600
2004-01-12,61.6306,62.1297,61.4002,61.6882,2887400
2004-01-13,61.7362,62.0625,60.9107,61.573,1968600
2004-01-14,62.1873,62.2353,61.0931,61.7362,1568800
2004-01-15,64.4045,64.9324,62.3697,62.3889,5768800
2004-01-16,64.5676,64.7884,64.1741,64.4045,3003500
2004-01-20,65.1724,66.948,64.5773,65.2683,5307500
2004-01-21,67.044,67.236,65.1436,65.4123,4621900
2004-01-22,71.1713,71.2193,67.9942,67.9942,6587800
2004-01-23,71.0849,71.3153,70.413,70.6434,3211400
2004-01-26,70.6914,70.7874,69.0021,69.8275,4024800
2004-01-27,70.2691,70.6434,69.7123,70.5474,2381500
2004-01-28,67.5719,70.2211,67.092,70.0867,2710400
2004-01-29,66.8041,67.5527,66.3146,67.476,2640800
2004-01-30,68.2246,68.8773,67.2072,67.5719,2271100
2004-02-02,68.6086,69.3956,67.9079,68.0998,1703300
2004-02-03,68.8677,69.0597,68.3878,68.5318,1582200
2004-02-04,67.7351,68.407,67.4472,67.6679,1233500
2004-02-05,66.8521,67.9463,66.305,67.7351,1822800
2004-02-06,68.7621,68.9637,66.5737,66.6601,1358900
2004-02-09,69.4244,70.7874,69.3476,70.0675,1765900
2004-02-10,69.1844,69.6068,68.7717,69.4244,1075700
2004-02-11,71.2193,71.4976,68.9061,69.9235,2432500
2004-02-12,70.5474,71.2193,70.3363,70.8354,1360800
2004-02-13,70.1155,70.6242,69.4244,70.5282,1265800
2004-02-17,69.2132,70.5474,68.2918,70.5474,2672600
2004-02-18,68.7717,69.3188,68.5318,69.0789,1002200
2004-02-19,69.3476,69.8275,69.0213,69.2037,1502400
2004-02-20,68.263,69.386,67.6305,69.3476,2019900
2004-02-23,67.1784,68.3878,66.948,68.3878,1869200
2004-02-24,65.9018,67.044,65.2971,67.044,2615200
2004-02-25,67.9271,68.0998,65.921,66.0362,2042900
2004-02-26,68.1479,68.7429,67.188,67.7159,1912400
2004-02-27,67.8791,68.5126,67.0152,67.0152,1721900
2004-03-01,68.359,68.5318,67.7543,68.1958,1357000
2004-03-02,68.1479,68.7237,67.9367,68.1479,1551500
2004-03-03,68.4358,68.5318,67.7639,67.8311,1450100
2004-03-04,70.3746,70.5282,68.3974,69.6356,2247800
2004-03-05,70.8162,71.0273,69.3572,69.8275,2189900
2004-03-08,71.4209,71.9871,69.8755,71.3441,3104300
2004-03-09,69.8851,71.8336,69.5876,71.4305,2686600
2004-03-10,70.8738,72.1023,70.7874,71.8432,4619000
2004-03-11,68.9733,70.797,68.8773,70.7874,2696100
2004-03-12,70.5474,70.701,69.194,69.2037,1753700
2004-03-15,69.8467,70.5474,69.5972,70.5474,1989700
2004-03-16,69.8083,70.3554,69.3092,70.3074,2091900
2004-03-17,70.3939,70.7586,69.4724,70.0195,1590900
2004-03-18,70.8642,71.1905,69.5684,69.5876,1744600
2004-03-19,69.4916,71.2577,69.2996,70.4514,1853500
2004-03-22,68.8197,69.4436,67.8599,69.4436,2212500
2004-03-23,68.8677,69.53,68.503,69.1077,1593700
2004-03-24,68.6181,68.9637,67.188,68.6277,3140100
2004-03-25,69.2996,69.5684,68.5318,69.1269,2103200
2004-03-26,70.6914,71.3825,69.0405,69.2612,1959000
2004-03-29,71.6896,71.9871,70.7394,70.9601,1453700
2004-03-30,72.7358,73.6285,71.3249,71.6896,3206700
2004-03-31,72.3999,73.2349,72.1695,73.091,1937000
2004-04-01,72.947,74.0892,72.0351,73.9164,1641500
2004-04-02,71.9775,74.2139,71.2673,74.1948,2403900
2004-04-05,73.1389,73.3885,71.6032,71.9871,2523300
2004-04-06,73.734,74.0508,72.4671,72.755,1556800
2004-04-07,72.7934,73.7148,72.0927,73.7148,1344300
2004-04-08,72.3807,73.5037,71.9488,72.8126,1231000
2004-04-12,74.4059,74.5499,73.2541,73.2829,2095800
2004-04-13,72.0832,74.3003,71.6128,74.2907,2171800
2004-04-14,70.2115,71.8432,69.53,71.7472,2364200
2004-04-15,68.8485,70.3458,68.1479,70.3074,3590100
2004-04-16,70.7586,70.7586,68.3494,69.1557,2855300
2004-04-19,70.8066,70.8066,69.7795,70.7586,2025900
2004-04-20,69.0885,71.4017,69.0501,70.8066,1941000
2004-04-21,68.5606,69.0885,66.5449,69.0885,3261800
2004-04-22,67.8119,68.7717,65.5563,67.9655,7642000
2004-04-23,66.0842,67.7447,65.9402,67.6679,3162500
2004-04-26,64.9612,66.3242,64.5101,66.2282,3481600
2004-04-27,65.6811,67.044,65.1724,65.1724,2441100
2004-04-28,63.7326,65.5275,63.4927,65.5179,2633300
2004-04-29,63.4159,65.0284,62.9936,63.9726,2205400
2004-04-30,62.8976,63.8958,62.4272,63.5887,1390600
2004-05-03,62.984,63.4735,61.909,62.7728,2217300
2004-05-04,64.1262,64.7404,62.9552,63.0415,2360600
2004-05-05,64.2797,65.1436,63.9726,64.1262,1897900
2004-05-06,63.8609,64.1299,63.2173,64.005,2177700
2004-05-07,61.4402,63.4479,61.2385,62.8235,3846300
2004-05-10,59.2116,61.2385,58.7409,61.0944,4680400
2004-05-11,60.9023,61.1232,59.7111,59.8936,3083000
2004-05-12,62.0454,62.2087,61.0368,61.5747,3404300
2004-05-13,62.9868,63.5439,61.7188,61.9589,3140000
2004-05-14,63.2461,63.7841,62.8139,63.0732,1517100
2004-05-17,62.1126,62.5353,61.8821,62.2471,1694400
2004-05-18,63.1213,63.2077,62.3047,62.3528,1701100
2004-05-19,63.3998,65.0425,63.323,63.7553,2313300
2004-05-20,64.2452,64.5814,63.4094,63.4767,1718400
2004-05-21,64.5237,64.9848,64.3028,64.4565,1392500
2004-05-24,64.6966,64.9848,63.9954,64.9368,1456700
2004-05-25,66.5218,66.7043,64.1491,64.6582,2739700
2004-05-26,66.3009,66.9925,65.9934,66.4738,1401300
2004-05-27,67.2326,67.5592,66.4257,66.4257,2191800
2004-05-28,67.2999,67.6745,67.0501,67.2903,978300
2004-06-01,66.6467,67.0982,65.8398,67.0501,1638200
2004-06-02,66.9252,67.4344,66.0703,67.0501,1110200
2004-06-03,65.6188,66.541,65.5035,66.3489,1269000
2004-06-04,67.1077,67.3863,66.224,66.3777,1384800
2004-06-07,69.029,69.1154,67.3863,67.3863,1582300
2004-06-08,68.6255,69.0098,68.2221,68.395,1303900
2004-06-09,68.0203,69.0001,67.6265,68.6255,1450100
2004-06-10,67.3959,67.9819,66.858,67.6265,1597100
2004-06-14,67.4824,67.9147,66.8292,67.1558,1662900
2004-06-15,67.9915,68.4238,67.6937,67.9627,1866900
2004-06-16,68.4238,68.5775,67.9435,67.9819,1084000
2004-06-17,69.1442,69.2787,67.9819,68.2029,1889400
2004-06-18,68.5679,69.4516,68.3469,68.443,2162500
2004-06-21,68.0876,68.9233,68.0876,68.6447,946600
2004-06-22,67.9339,68.1452,66.6851,67.6265,1873800
2004-06-23,67.8858,68.0588,66.8772,67.9435,1897400
2004-06-24,67.4152,68.0972,67.1654,67.7418,1269000
2004-06-25,67.492,67.9339,67.0597,67.2422,1433700
2004-06-28,66.3105,67.8955,66.1856,67.5304,2579700
2004-06-29,65.4459,66.0991,64.9848,66.0895,1863200
2004-06-30,65.6861,66.0607,65.1385,65.4459,1384000
2004-07-01,65.907,66.5026,65.3883,66.2336,1372800
2004-07-02,65.4075,66.0511,65.2154,65.907,1017900
2004-07-06,65.1769,65.7917,64.7159,65.4075,1018800
2004-07-07,65.7725,66.2816,65.3018,65.3018,1254900
2004-07-08,64.8887,65.8013,64.7159,65.8013,1232300
2004-07-09,63.7937,65.1289,63.4671,65.0329,2008900
2004-07-12,64.2067,64.7543,63.6592,63.7937,1322700
2004-07-13,63.7937,64.3028,63.592,64.1107,1052700
2004-07-14,63.5727,64.4469,63.1213,63.3998,1123900
2004-07-15,63.5151,63.9858,63.2749,63.5727,963800
2004-07-16,63.419,64.2836,63.3134,63.8129,1174900
2004-07-19,62.6314,63.3998,62.372,63.3998,2634700
2004-07-20,63.6976,63.8801,62.6986,62.7754,1943000
2004-07-21,63.3998,64.4757,63.3326,63.8609,2168400
2004-07-22,66.5698,66.8004,63.4094,63.4094,4556300
2004-07-23,65.2922,66.7235,64.9464,66.3105,1928200
2004-07-26,65.5612,65.9934,65.1097,65.7341,1268800
2004-07-27,65.8398,66.0127,64.9752,65.7053,1488600
2004-07-28,65.1289,66.5794,64.6966,65.5996,1475500
2004-07-29,66.2624,66.6947,65.3499,65.6092,1149100
2004-07-30,66.589,66.589,65.7917,66.3201,1031900
2004-08-02,66.7811,66.9829,65.6477,65.9166,1124500
2004-08-03,66.2048,67.2422,66.176,66.6275,1321500
2004-08-04,65.8013,66.3681,65.2442,65.8398,887500
2004-08-05,64.2932,65.8013,64.2932,65.8013,1277300
2004-08-06,63.3518,64.274,62.9675,63.8513,2303000
2004-08-09,63.1405,63.7168,62.9291,63.5439,1181500
2004-08-10,65.5612,65.5612,63.6976,63.8993,1628600
2004-08-11,64.6966,64.7927,63.8321,64.6294,2112200
2004-08-12,64.5429,64.7063,64.1491,64.5045,1582500
2004-08-13,65.3402,65.5132,64.5429,64.5429,1558400
2004-08-16,66.7811,67.1077,65.1481,65.1481,1798700
2004-08-17,66.8676,68.0684,66.6563,67.2422,1742600
2004-08-18,67.3287,67.3863,66.4449,66.858,1332900
2004-08-19,67.1942,67.6745,66.9829,67.2422,1202200
2004-08-20,68.0588,68.2701,67.1942,67.2422,1449200
2004-08-23,67.5208,68.3662,67.5112,68.0876,881200
2004-08-24,67.6841,68.0203,67.1558,67.9435,724800
2004-08-25,67.7129,67.7129,66.6659,67.5977,1497000
2004-08-26,66.8388,67.1366,66.493,66.9541,1624400
2004-08-27,66.2048,66.8196,66.0895,66.7427,1304200
2004-08-30,65.4363,66.1856,65.3883,65.9838,871800
2004-08-31,65.0905,65.8013,64.8503,65.4651,1427400
2004-09-01,65.6188,66.1856,64.639,65.1289,887000
2004-09-02,66.4449,66.5506,65.3787,65.7341,760000
2004-09-03,65.8782,66.9252,65.8205,66.3489,775400
2004-09-07,67.5112,67.9339,66.3393,66.3777,1529100
2004-09-08,66.7235,67.8186,66.6755,67.5208,1421700
2004-09-09,66.8676,67.0309,66.0031,66.81,1309600
2004-09-10,69.6918,69.7302,67.7129,67.7129,3300400
2004-09-13,70.4122,70.7485,69.3652,69.6438,1691100
2004-09-14,70.6236,70.6524,69.8359,69.8839,1617300
2004-09-15,69.9127,71.3632,69.8359,71.1807,1873300
2004-09-16,69.759,70.2201,68.9233,68.9233,1045900
2004-09-17,70.297,70.6043,69.9319,70.1529,1138800
2004-09-20,69.8839,70.2682,69.5861,70.076,772200
2004-09-21,71.0751,71.1999,69.8839,70.0472,1457600
2004-09-22,70.5467,70.8061,70.2586,70.3642,1513800
2004-09-23,69.8935,70.4795,69.8743,70.3834,1227300
2004-09-24,70.7004,70.9406,70.0088,70.0472,782800
2004-09-27,70.5755,70.8829,70.0184,70.4122,1148200
2004-09-28,72.0261,72.0357,70.5755,70.9502,2004600
2004-09-29,71.6034,72.516,71.5073,72.0261,2135200
2004-09-30,70.9886,71.5746,70.6043,71.5265,1667200
2004-10-01,71.6226,71.9012,71.1807,71.3537,1338700
2004-10-04,71.9396,72.516,71.8916,72.0261,885700
2004-10-05,71.4017,72.0357,71.2288,71.9396,1186700
2004-10-06,72.1317,72.1317,71.4209,71.5554,1224100
2004-10-07,70.9598,71.882,70.9598,71.613,1294300
2004-10-08,70.0664,70.662,69.8359,70.6524,1224200
2004-10-11,70.2682,70.4122,70.0568,70.1913,484600
2004-10-12,69.2019,69.4228,68.491,68.5871,1833400
2004-10-13,67.857,69.6341,67.8186,69.442,1346400
2004-10-14,66.493,67.761,66.3585,67.7514,2550800
2004-10-15,67.1558,67.1654,66.3393,66.9637,1657700
2004-10-18,66.9444,67.2422,66.5314,66.9156,1245500
2004-10-19,67.2422,68.0107,66.4065,67.1077,1639300
2004-10-20,66.3297,67.223,64.956,66.81,2723400
2004-10-21,67.8378,68.8753,67.1558,67.9627,3871800
2004-10-22,67.0501,68.0876,66.5506,68.0299,1447200
2004-10-25,67.7129,67.7898,66.5698,67.0885,1521200
2004-10-26,69.9607,69.9607,67.6841,67.7129,1999800
2004-10-27,70.8157,70.979,69.2595,69.8839,1723500
2004-10-28,70.4314,70.9118,70.2778,70.5275,1039400
2004-10-29,70.8541,71.0751,70.2682,70.6043,1409800
2004-11-01,71.5458,71.7955,70.9213,71.0366,1606600
2004-11-02,71.5265,72.2566,71.3344,71.8435,1759400
2004-11-03,71.8147,72.6697,71.4785,72.3142,1542000
2004-11-04,73.4862,73.4958,71.6802,72.0261,1544500
2004-11-05,74.1009,74.4468,73.3805,73.6783,1493400
2004-11-08,74.0145,74.3507,73.5054,73.7455,1416500
2004-11-09,74.7393,74.8739,72.8648,72.8648,1912700
2004-11-10,75.6045,75.8544,74.9508,74.9796,1789500
2004-11-11,76.1812,76.2485,75.4603,75.6045,1755500
2004-11-12,76.633,76.7292,75.8448,76.3254,1367800
2004-11-15,76.6426,76.8734,76.0851,76.2774,1359700
2004-11-16,75.2969,76.6234,75.268,76.6138,1296400
2004-11-17,75.7294,76.8445,75.3065,75.4122,1564100
2004-11-18,76.1716,76.4792,75.7102,75.7294,724000
2004-11-19,74.6624,76.4312,74.5182,76.1908,1156900
2004-11-22,75.1815,75.441,73.9607,74.8066,1062500
2004-11-23,76.3927,76.7099,75.1527,75.1911,1503200
2004-11-24,76.8926,76.9022,76.3254,76.4215,1103300
2004-11-26,76.883,76.8926,76.6138,76.8061,377800
2004-11-29,75.4699,76.585,75.2488,76.5177,1308700
2004-11-30,75.5372,75.8544,75.0854,75.4795,1132800
2004-12-01,76.2293,76.5177,75.6045,75.6045,1205300
2004-12-02,76.8157,77.181,75.9121,76.162,1783200
2004-12-03,76.1716,76.9118,75.7487,76.5657,1182100
2004-12-06,76.2774,76.7003,75.1238,75.1238,1302800
2004-12-07,75.6429,76.7292,75.6237,76.287,1267200
2004-12-08,75.5564,75.7487,74.8835,75.5564,1101500
2004-12-09,76.1236,76.1332,74.5374,75.4122,1327800
2004-12-10,77.9788,79.0651,76.3735,76.3735,3081600
2004-12-13,78.8055,78.8055,77.479,78.3249,2157800
2004-12-14,78.6902,78.8151,78.0653,78.7286,1098400
2004-12-15,79.2573,79.4111,78.0846,78.3441,1315100
2004-12-16,78.6517,79.2381,78.3537,79.017,1079000
2004-12-17,78.8632,78.9978,78.075,78.075,1492800
2004-12-20,78.7575,79.6322,78.7575,79.0555,954300
2004-12-21,79.5457,79.6564,78.9593,79.0651,1022500
2004-12-22,79.5265,79.5938,79.3342,79.5457,713600
2004-12-23,79.2381,79.5842,79.1324,79.5072,470500
2004-12-27,79.6034,79.8629,78.8344,79.017,866200
2004-12-28,80.6992,80.8915,80.1321,80.1705,1068300
2004-12-29,80.9011,81.103,80.4205,80.9011,736500
2004-12-30,80.5454,81.1799,80.5454,80.8626,642200
2004-12-31,80.9492,81.1799,80.2186,80.555,789300
2005-01-03,80.555,81.4683,80.3051,80.7954,1721800
2005-01-04,79.0651,81.2183,79.0651,80.7473,1562000
2005-01-05,78.2768,79.2958,78.2095,79.0747,1508100
2005-01-06,79.2573,79.5842,77.7769,78.3345,1397900
2005-01-07,78.7863,79.8533,78.6229,79.315,1500900
2005-01-10,79.1227,79.6514,78.4979,78.5364,910000
2005-01-11,78.9113,79.4015,78.3922,78.6325,1202200
2005-01-12,79.2766,79.2766,77.7962,78.6998,1063200
2005-01-13,78.8632,79.7187,78.7863,79.2766,1272500
2005-01-14,78.9401,79.19,78.4306,78.9209,900900
2005-01-18,79.7187,79.8629,78.4499,78.4691,1253300
2005-01-19,78.9209,79.9014,78.6229,79.7187,1628500
2005-01-20,75.6141,76.6426,74.5951,75.7006,7316200
2005-01-21,75.3545,76.6523,75.3545,75.6237,2911900
2005-01-24,73.778,75.3642,73.7011,75.2872,2275100
2005-01-25,74.076,74.7393,73.778,74.3067,1757300
2005-01-26,75.7006,75.9313,74.2106,74.4702,1620000
2005-01-27,74.6143,75.7679,74.6143,75.5756,1580100
2005-01-28,74.6143,74.922,73.9703,74.7585,1359900
2005-01-31,75.2488,75.6045,74.5855,74.9316,1285100
2005-02-01,76.3831,76.5465,74.9796,75.1527,1891700
2005-02-02,75.4314,76.2101,74.97,76.2101,1440600
2005-02-03,75.3834,76.0563,75.1527,75.441,1176800
2005-02-04,75.7775,75.864,75.0758,75.2488,1370100
2005-02-07,75.5276,76.162,75.3353,75.5083,711900
2005-02-08,74.326,75.2776,74.2106,74.7682,1507400
2005-02-09,73.8549,75.2007,73.6339,74.3644,2082200
2005-02-10,74.2106,74.5086,73.4704,73.9511,1808000
2005-02-11,75.3642,75.6814,73.6819,74.4029,1237100
2005-02-14,75.7967,76.037,75.2319,75.3738,1064100
2005-02-15,75.4603,75.9217,75.1334,75.4603,1704200
2005-02-16,75.5852,75.8448,75.0277,75.22,851200
2005-02-17,74.8643,75.7487,74.5471,75.3642,1276500
2005-02-18,73.8453,74.797,73.5954,74.7874,1644500
2005-02-22,72.0958,74.1145,71.7401,73.4031,2425900
2005-02-23,72.4995,73.4896,71.8074,72.0958,2393300
2005-02-24,73.0571,73.1051,72.0574,72.2881,1281700
2005-02-25,74.3548,74.5471,72.6726,72.7591,1350300
2005-02-28,73.7107,74.3067,73.4993,74.2587,1795500
2005-03-01,73.778,74.4798,73.3551,74.1337,1390600
2005-03-02,73.5762,74.3067,73.3262,73.3935,1037000
2005-03-03,73.6339,74.4894,73.307,74.2587,1688500
2005-03-04,75.0565,75.4218,73.9991,74.0183,2038000
2005-03-07,73.0571,74.7297,72.0958,72.1919,9625200
2005-03-08,75.7006,75.7006,73.6339,73.6339,6974700
2005-03-09,75.3642,76.9503,75.22,75.7006,4475500
2005-03-10,75.6621,75.8929,74.8066,75.4122,2216800
2005-03-11,74.8643,76.2389,74.2587,75.6621,2456700
2005-03-14,75.9505,76.0659,75.0181,75.22,2108900
2005-03-15,75.1719,76.2966,75.0277,76.2966,2987400
2005-03-16,74.0183,75.1719,73.8261,75.1719,2731400
2005-03-17,73.9511,74.4605,73.4608,74.2587,1874400
2005-03-18,73.6723,74.1145,72.961,74.1145,2828900
2005-03-21,73.9799,74.4702,73.4224,73.6723,1933200
2005-03-22,72.711,74.2298,72.5091,73.9222,2087100
2005-03-23,72.8744,73.1244,71.9035,72.7206,2616400
2005-03-24,72.1439,73.3262,71.942,72.9225,1929900
2005-03-28,71.2883,72.5284,70.9615,72.5284,2589000
2005-03-29,70.9038,71.4998,70.3174,70.9134,2229700
2005-03-30,71.817,71.817,70.8269,71.0192,1656500
2005-03-31,71.8747,72.0958,71.3268,71.8555,2110600
2005-04-01,71.7882,74.0183,71.4229,73.0571,2566700
2005-04-04,71.9324,72.5764,70.8461,71.8747,1839400
2005-04-05,72.1919,72.7687,71.9516,72.1054,1125400
2005-04-06,72.2592,72.7302,72.1054,72.1727,977600
2005-04-07,72.365,72.6149,71.6632,72.1631,1312300
2005-04-08,71.4806,72.3938,70.9999,72.3746,1296900
2005-04-11,71.1826,71.7594,70.7116,71.4037,1350200
2005-04-12,71.9997,72.5476,70.4905,70.8942,2244700
2005-04-13,71.644,72.5572,71.3268,72.0766,2103200
2005-04-14,71.3556,71.8843,71.173,71.4037,2225600
2005-04-15,70.1732,71.5479,69.7407,71.1634,2640200
2005-04-18,70.0194,70.75,69.7407,70.0194,2116600
2005-04-19,70.6058,70.8846,69.5676,69.9618,1463500
2005-04-20,69.4427,71.4037,69.4427,70.5578,2283600
2005-04-21,68.8563,69.5196,66.4146,69.5004,8626900
2005-04-22,67.9143,69.6157,67.5105,68.5871,2972400
2005-04-25,69.0101,69.6542,67.8662,68.0777,2030900
2005-04-26,68.2411,69.3369,68.2411,69.0197,1420400
2005-04-27,68.8371,69.2216,67.7701,68.2988,1854700
2005-04-28,68.2026,69.3081,67.9623,68.5391,1699900
2005-04-29,68.145,68.5871,66.6742,68.5102,3130400
2005-05-02,68.9428,69.1062,68.3084,68.318,1574600
2005-05-03,68.7986,69.7022,68.5295,68.7313,1741800
2005-05-04,69.6926,70.404,68.8178,68.9236,2732600
2005-05-05,69.212,70.404,68.741,69.8368,2237400
2005-05-06,68.789,69.9329,68.789,69.6926,1836400
2005-05-09,68.9332,69.4907,68.1161,68.7506,1828200
2005-05-10,68.3276,68.8275,68.3084,68.4237,1993200
2005-05-11,69.1735,69.5676,68.2988,68.7794,1891300
2005-05-12,68.4622,69.9521,68.3276,69.1735,2037500
2005-05-13,68.2699,69.087,67.7893,68.3084,1946500
2005-05-16,69.8753,69.9425,68.3949,68.3949,2401700
2005-05-17,70.4232,70.5043,68.9909,69.6926,1803700
2005-05-18,71.3268,71.7786,70.3655,70.3655,2885600
2005-05-19,71.6248,72.1054,71.2018,71.6632,1931600
2005-05-20,71.4614,71.5767,71.0288,71.471,1189300
2005-05-23,71.2499,71.7017,71.1345,71.4614,2045900
2005-05-24,71.3268,71.4133,70.5481,71.0865,1349900
2005-05-25,71.1249,71.6921,70.7981,71.6921,1654000
2005-05-26,71.4902,71.8939,70.702,71.1249,2170900
2005-05-27,71.9708,72.0477,71.6248,71.7882,1845300
2005-05-31,72.4803,72.4803,70.0963,70.0963,4864300
2005-06-01,72.6053,73.0186,71.9708,72.1535,1956900
2005-06-02,72.538,72.961,72.1727,72.961,941400
2005-06-03,72.0285,72.6726,71.2499,72.538,1439500
2005-06-06,71.8555,71.9516,71.2787,71.6152,1511200
2005-06-07,72.0958,72.9706,71.9612,72.2112,1969900
2005-06-08,71.9805,72.7687,71.8651,72.7687,1193400
2005-06-09,72.4034,72.7687,71.6152,71.9901,1030700
2005-06-10,71.6536,72.24,71.4614,72.24,1115700
2005-06-13,71.7594,72.1343,71.173,71.3845,1139600
2005-06-14,71.519,71.7978,71.0576,71.519,1177400
2005-06-15,72.1727,72.2112,71.4229,72.0477,1561800
2005-06-16,71.9997,72.2592,71.4614,72.1727,1420300
2005-06-17,72.0766,72.4034,71.817,72.3938,2219400
2005-06-20,72.0766,72.365,71.6921,71.7497,1313500
2005-06-21,71.8939,72.2785,71.5094,71.9324,1225100
2005-06-22,71.5575,72.413,71.2691,72.2496,1196300
2005-06-23,70.2694,71.5863,69.7887,71.3268,2006600
2005-06-24,70.5193,70.9423,70.279,70.279,1909800
2005-06-27,70.7692,70.8461,70.1204,70.279,1283800
2005-06-28,71.471,71.5767,70.5866,70.9423,1350600
2005-06-29,71.0288,71.6536,70.8365,71.4806,2084500
2005-06-30,76.9118,77.4021,75.3161,75.4699,13553200
2005-07-01,75.7487,77.3924,75.4795,76.9118,3677600
2005-07-05,75.9409,76.2101,75.6621,75.7006,2138100
2005-07-06,76.5369,77.1713,75.7871,75.7967,2785300
2005-07-07,78.3057,78.3633,75.4987,76.1332,3264200
2005-07-08,78.6805,78.7286,77.4501,78.075,1867600
2005-07-11,79.19,80.1032,78.5844,78.7286,2617100
2005-07-12,79.613,79.9494,79.0266,79.3823,1683400
2005-07-13,79.7572,79.8629,79.315,79.4015,1433000
2005-07-14,79.1996,80.2186,78.4402,80.2186,2056800
2005-07-15,78.9882,79.4496,78.671,79.4496,994500
2005-07-18,78.4402,78.8728,78.421,78.8728,1035700
2005-07-19,78.1134,79.0651,78.1038,78.9689,1100300
2005-07-20,77.9115,78.5748,77.7001,78.123,1640300
2005-07-21,80.9107,81.5644,79.6803,79.786,3839500
2005-07-22,81.6125,81.7567,80.3724,80.6127,2383200
2005-07-25,80.4974,81.0165,80.4012,80.7473,2204000
2005-07-26,80.4205,80.6416,79.9494,80.5839,1086000
2005-07-27,79.8629,80.5358,79.7668,80.4109,1713500
2005-07-28,80.3532,80.4109,79.1612,79.5457,1263400
2005-07-29,79.3054,80.1994,79.1708,80.1705,922300
2005-08-01,80.1225,80.1898,79.5457,79.5457,1213900
2005-08-02,80.2282,80.5839,79.9975,80.1225,724100
2005-08-03,79.9206,80.2667,79.5457,80.2667,882600
2005-08-04,80.6992,80.8338,79.7283,79.9206,1992000
2005-08-05,81.0837,81.1607,79.8725,80.507,1894500
2005-08-08,80.7251,81.8597,80.3885,81.1482,2175200
2005-08-09,81.2924,81.9751,80.8212,80.8597,2212600
2005-08-10,79.5423,81.3982,79.5231,81.3982,1936700
2005-08-11,80.177,80.1962,78.8692,79.5423,1416000
2005-08-12,80.1289,80.4462,79.7154,79.8116,861000
2005-08-15,80.2731,80.552,79.6289,79.8981,780100
2005-08-16,80.4943,81.5232,80.4174,80.5328,2357600
2005-08-17,81.9463,82.1675,80.5808,80.5808,2384000
2005-08-18,81.5424,82.004,81.1674,81.9463,965700
2005-08-19,81.5424,81.8309,81.2732,81.7347,1106900
2005-08-22,82.1579,82.2059,81.177,81.7347,1459900
2005-08-23,80.8885,82.6675,80.7635,82.2155,1459500
2005-08-24,79.6577,80.9078,79.6192,80.9078,1393900
2005-08-25,79.6673,79.8981,79.2058,79.85,1260400
2005-08-26,78.023,79.5327,77.9846,79.5231,2125100
2005-08-29,78.5615,78.9462,77.2249,78.023,1738000
2005-08-30,78.2346,78.6192,77.4557,78.4173,1777400
2005-08-31,79.0808,79.0808,76.9364,78.2346,8910500
2005-09-01,77.0518,78.8692,75.8691,78.8404,6408800
2005-09-02,78.8885,78.9558,76.9845,77.0614,4885000
2005-09-06,77.4076,79.1289,77.0326,78.9173,3424600
2005-09-07,76.3979,78.8452,76.1191,78.3884,8041400
2005-09-08,75.946,76.7153,75.6768,75.9941,3427600
2005-09-09,76.2537,76.4076,75.8979,75.9556,2081800
2005-09-12,77.6095,77.6288,76.3018,76.3018,3387000
2005-09-13,77.4557,77.9749,77.1672,77.7442,3075000
2005-09-14,77.3884,77.6961,77.0038,77.4557,2346600
2005-09-15,77.1961,77.6961,76.9557,77.6288,2803000
2005-09-16,78.85,78.85,77.4268,77.5518,4027500
2005-09-19,78.8019,78.9173,77.5518,78.9077,2121400
2005-09-20,78.7923,79.475,78.225,79.1096,2459100
2005-09-21,76.3595,78.1961,76.2633,78.1769,2580900
2005-09-22,76.3018,76.6095,74.8883,76.3595,2883600
2005-09-23,76.7922,77.0326,75.5037,76.5422,1730900
2005-09-26,77.4749,77.6961,76.8499,77.6192,2309600
2005-09-27,77.0807,77.8211,76.5518,77.773,2110900
2005-09-28,76.9268,77.6865,76.6768,77.4364,3391100
2005-09-29,77.3114,77.398,76.5614,76.7345,3122400
2005-09-30,76.4653,76.7826,75.8114,76.696,2917300
2005-10-03,77.023,77.2441,76.2537,76.3499,2080400
2005-10-04,75.6864,77.1191,75.5614,77.023,3118900
2005-10-05,74.1671,75.4845,74.119,75.4845,3567400
2005-10-06,73.1478,74.3979,72.4458,74.3786,3660500
2005-10-07,72.6382,73.4843,72.4362,73.1766,2414100
2005-10-10,71.9266,72.6862,71.3304,72.6382,4168600
2005-10-11,70.638,72.1189,70.4265,71.8304,5038500
2005-10-12,69.9361,70.965,69.0707,69.2341,4950500
2005-10-13,69.2438,70.388,69.1764,69.6188,4206100
2005-10-14,70.1669,70.965,69.263,70.5515,2596500
2005-10-17,69.8592,71.5419,69.7149,70.8688,2814200
2005-10-18,69.3591,70.8496,69.3591,69.8592,2185200
2005-10-19,70.7246,70.7246,68.4168,69.3688,2678400
2005-10-20,69.8111,71.6381,68.8495,70.715,2856900
2005-10-21,71.6093,72.8497,69.4842,70.1188,5011800
2005-10-24,72.9939,73.0997,71.5516,71.59,2241600
2005-10-25,71.9073,73.5613,71.3208,72.3304,3259900
2005-10-26,72.1381,72.5901,71.3496,71.6862,1971200
2005-10-27,71.3112,72.2054,71.1669,71.9458,1780600
2005-10-28,72.3304,72.5228,71.1573,71.3208,1764700
2005-10-31,73.3882,73.6478,72.3401,72.3689,2100400
2005-11-01,72.8785,73.6382,72.5708,73.2247,3381200
2005-11-02,72.8401,73.5613,72.167,72.5997,2246600
2005-11-03,72.7439,73.5997,71.8689,73.0805,2985200
2005-11-04,73.3305,73.5613,72.917,73.2247,1543800
2005-11-07,74.3305,74.7248,73.4266,73.4266,1569200
2005-11-08,72.3358,74.1634,72.0472,74.1634,3409700
2005-11-09,75.0869,75.3081,72.6244,72.6244,3998200
2005-11-10,77.5109,77.9919,75.1254,75.3177,4944700
2005-11-11,77.7418,79.2616,77.5205,78.8864,4368600
2005-11-14,77.8283,78.0111,77.0011,77.7514,3510600
2005-11-15,78.1554,78.6075,77.6359,77.9149,2640700
2005-11-16,78.6267,78.9153,77.6167,78.1554,5350700
2005-11-17,79.5501,79.5983,78.8768,79.2808,2406700
2005-11-18,81.1277,81.1854,79.8387,81.0411,2924700
2005-11-21,80.9738,81.07,80.0119,81.0123,1609600
2005-11-22,81.1662,81.474,79.8387,80.6756,1451000
2005-11-23,81.3104,81.7048,80.8776,81.1758,1714400
2005-11-25,81.7048,81.8684,81.272,81.3104,646200
2005-11-28,80.3678,82.1666,80.3389,81.5605,2596200
2005-11-29,80.6179,81.4547,80.5313,80.8006,2004000
2005-11-30,79.8964,81.2046,79.7137,80.7622,2071500
2005-12-01,81.0411,81.3682,80.0215,80.0215,1562300
2005-12-02,81.3104,81.5317,80.6563,81.0411,605000
2005-12-05,80.7718,81.195,79.8676,80.8968,1132200
2005-12-06,81.5221,82.1954,80.7525,80.7718,1619600
2005-12-07,80.4159,81.4836,80.1658,81.3008,1242000
2005-12-08,79.6367,80.464,79.2231,80.4159,1726500
2005-12-09,81.2527,81.6664,79.656,79.656,1605700
2005-12-12,80.6275,82.003,80.2427,81.7337,1889700
2005-12-13,80.0792,80.5794,79.5694,80.1465,1834700
2005-12-14,81.5798,81.6664,80.0023,80.0023,1688900
2005-12-15,82.4647,82.5609,81.1854,81.6856,2163300
2005-12-16,82.4744,82.7245,81.6664,82.609,3395800
2005-12-19,82.7245,82.9842,81.5798,82.003,2515800
2005-12-20,84.504,85.187,82.7148,82.7245,3780800
2005-12-21,84.3693,84.9788,83.9461,84.3597,2140900
2005-12-22,84.4367,84.5232,84.0134,84.379,689800
2005-12-23,84.6579,85.0042,84.4559,84.7252,535500
2005-12-27,83.6768,85.0619,83.4363,84.5521,692400
2005-12-28,83.2728,83.9268,82.8303,83.6287,987200
2005-12-29,83.4074,83.9268,83.2054,83.3882,1179300
2005-12-30,83.1092,83.3882,82.6379,83.3882,632500
2006-01-03,83.6671,83.6671,81.1373,83.1092,1934000
2006-01-04,83.1285,83.8595,82.3301,83.6671,1751500
2006-01-05,83.1477,83.6383,82.7245,83.2535,1365100
2006-01-06,83.1477,83.5421,82.4263,83.494,904000
2006-01-09,84.7637,85.2543,83.2439,83.2535,1598400
2006-01-10,84.379,84.5232,83.696,83.7345,1359200
2006-01-11,84.6483,85.7449,84.2058,84.831,1924000
2006-01-12,83.3978,84.985,83.3305,84.6002,1372000
2006-01-13,83.3401,83.7891,83.2439,83.7826,1616800
2006-01-17,82.7245,83.1766,82.2627,82.7726,1257400
2006-01-18,82.811,83.013,82.4359,82.4359,1250800
2006-01-19,82.2627,83.4555,81.9068,83.09,1580200
2006-01-20,81.9261,83.9461,81.7722,82.7245,3762400
2006-01-23,81.2816,83.0129,81.1854,82.5321,1973500
2006-01-24,81.1662,82.1858,80.993,81.3297,1853800
2006-01-25,80.3197,81.4547,80.1177,81.4066,1752200
2006-01-26,81.5702,81.7626,81.0315,81.7144,1929600
2006-01-27,81.5125,81.7914,81.0123,81.5798,1426200
2006-01-30,81.07,81.9068,81.07,81.7144,1013700
2006-01-31,80.1273,81.1277,79.8387,81.0796,2208600
2006-02-01,80.0984,80.4063,79.5405,80.2139,1632500
2006-02-02,79.5501,80.0984,79.2712,80.0888,1347000
2006-02-03,80.0984,80.3966,79.2808,79.454,1358300
2006-02-06,80.1273,80.387,79.8483,80.0792,1293300
2006-02-07,78.6363,79.9638,78.4632,79.5309,1521400
2006-02-08,80.3077,80.3654,78.1523,78.6142,1439800
2006-02-09,80.9524,81.4912,80.6637,80.7215,1909900
2006-02-10,81.9531,82.0301,80.5387,81.0967,1528700
2006-02-13,82.7421,82.848,81.116,81.116,1796900
2006-02-14,83.5504,83.8295,82.1937,82.7614,1947800
2006-02-15,85.2151,85.4749,84.3876,84.4934,3199900
2006-02-16,84.58,85.4172,83.9738,84.9553,1487700
2006-02-17,83.9642,84.7725,83.868,84.6762,1222900
2006-02-21,83.9161,84.6377,83.8583,83.9642,788400
2006-02-22,86.2928,86.4564,83.9161,83.9161,2258900
2006-02-23,85.4364,86.4082,85.0611,86.4082,1117900
2006-02-24,85.4941,85.5807,84.1085,84.4838,1897900
2006-02-27,85.4268,86.2735,85.3306,86.2447,1545900
2006-02-28,84.2913,85.523,83.8583,85.4653,1430800
2006-03-01,84.9553,85.09,84.2721,84.58,1572300
2006-03-02,85.7924,85.9271,84.9649,84.9649,1726200
2006-03-03,85.013,86.1196,84.7821,85.6385,989400
2006-03-06,84.1759,85.3402,83.8872,85.013,887700
2006-03-07,83.5216,84.1663,83.1944,84.0508,964500
2006-03-08,82.7806,83.714,82.0878,83.6659,1275000
2006-03-09,82.6555,84.3202,82.4824,83.6851,1829800
2006-03-10,86.5237,86.6392,84.0989,84.3106,2840000
2006-03-13,79.9613,82.0782,79.586,81.6933,16867900
2006-03-14,79.2396,79.5764,78.6527,79.4032,8776100
2006-03-15,79.9036,80.3751,78.7585,79.2396,5976500
2006-03-16,80.8273,80.9043,79.8651,80.0094,5874400
2006-03-17,78.8066,80.9235,78.5853,80.8273,5895800
2006-03-20,77.9406,78.8644,77.1323,78.5661,6089900
2006-03-21,77.8733,78.364,77.652,78.0368,2354600
2006-03-22,78.9606,79.0857,78.0368,78.1331,3968300
2006-03-23,78.8259,79.153,78.5757,78.9029,2761800
2006-03-24,78.9991,79.4802,78.4891,78.8259,2434900
2006-03-27,79.3647,79.6341,78.6815,79.0472,2112100
2006-03-28,78.2293,79.6341,78.2293,79.3647,2551700
2006-03-29,78.6719,79.1915,78.2149,78.4217,2290500
2006-03-30,77.8444,78.7008,77.3248,78.6719,2335000
2006-03-31,77.4788,77.9021,77.065,77.065,2929600
2006-04-03,78.0368,78.4987,77.3729,77.7482,2282400
2006-04-04,79.0761,79.3359,77.8636,78.2004,2181400
2006-04-05,79.2781,79.8651,79.0376,79.6534,1677000
2006-04-06,79.461,80.606,79.1242,80.5868,2253100
2006-04-07,79.9517,80.2885,79.1819,80.2019,2262200
2006-04-10,80.3558,80.6734,80.1056,80.2019,1876100
2006-04-11,79.7207,80.5002,79.5475,80.3654,1539500
2006-04-12,80.1056,80.2307,79.5764,80.0094,1528100
2006-04-13,80.7311,81.116,80.2788,80.3558,2950400
2006-04-17,80.2211,80.3462,79.2878,79.384,3582400
2006-04-18,80.76,81.0583,80.3366,80.3462,2925800
2006-04-19,80.6734,80.9235,80.1537,80.8273,2142000
2006-04-20,80.4136,80.7792,80.1826,80.7792,2139500
2006-04-21,82.8384,83.0693,81.472,82.2707,6070500
2006-04-24,82.3284,82.8095,81.4912,82.8095,2608600
2006-04-25,81.626,82.4342,81.4239,81.8377,2097700
2006-04-26,81.982,82.4054,81.549,81.8665,2641800
2006-04-27,82.4246,82.8961,81.2411,81.8858,3184300
2006-04-28,83.3676,83.7333,82.1841,82.4246,2961600
2006-05-01,82.2707,83.868,82.1841,83.8391,2069800
2006-05-02,82.1456,82.5497,81.3373,82.1263,3110200
2006-05-03,82.338,82.5112,81.7703,82.2803,1369100
2006-05-04,81.9339,83.1174,81.7607,83.1174,1840400
2006-05-05,82.5786,83.0886,82.261,82.3669,1481100
2006-05-08,83.0212,83.0501,82.4535,82.5593,1266100
2006-05-09,83.6082,83.8295,83.0886,83.0982,1940200
2006-05-10,83.9353,84.0315,83.3965,83.5985,1926500
2006-05-11,83.5023,84.1951,83.0886,84.1374,2479400
2006-05-12,82.7518,83.8102,82.6555,83.6659,1909300
2006-05-15,83.2521,83.2521,82.5882,82.7518,1528600
2006-05-16,82.5786,83.2521,82.3573,83.2521,1021400
2006-05-17,80.962,82.2803,80.7407,82.2707,2633100
2006-05-18,80.7022,81.828,80.3173,80.3173,2179100
2006-05-19,80.5675,81.3565,80.0479,80.8754,1732600
2006-05-22,78.8259,80.2019,78.6046,79.7689,2890600
2006-05-23,79.3166,80.1441,79.0761,79.2974,1511000
2006-05-24,78.8163,79.3455,77.9887,79.1915,1729600
2006-05-25,80.1249,80.173,78.6046,79.2878,2160000
2006-05-26,80.3943,80.6926,79.9228,80.0575,1248900
2006-05-30,79.4032,80.1922,79.1434,80.1537,1338500
2006-05-31,79.6438,79.894,79.0953,79.5764,1482600
2006-06-01,80.3751,80.452,79.153,79.2493,1697400
2006-06-02,80.5483,81.1641,79.9806,80.8081,1384000
2006-06-05,78.9029,80.2115,78.6431,80.1537,1353700
2006-06-06,79.5572,79.5572,78.7778,79.0472,2020400
2006-06-07,79.9902,80.5771,79.6438,79.6919,2751600
2006-06-08,80.2307,80.3462,78.9413,79.7207,1715200
2006-06-09,80.096,80.9235,79.6245,79.9421,1196000
2006-06-12,79.9421,80.8081,79.8843,80.7119,1388800
2006-06-13,79.3166,81.0005,78.9029,80.1056,2517100
2006-06-14,79.3744,79.9228,78.7104,79.1915,2432900
2006-06-15,80.5675,80.76,79.1434,79.74,2113800
2006-06-16,80.6541,80.8273,80.0383,80.4424,1650200
2006-06-19,80.962,81.7222,80.7792,81.0679,2117000
2006-06-20,80.8273,81.5586,80.5868,80.606,1344400
2006-06-21,81.9146,82.3092,80.9813,80.9813,2046100
2006-06-22,81.7511,82.4246,81.6067,82.1359,1797900
2006-06-23,82.1648,82.694,81.2411,81.8858,1923600
2006-06-26,82.6555,82.8095,82.415,82.7037,2045700
2006-06-27,81.2122,82.9442,81.1256,82.6555,1372300
2006-06-28,81.6837,81.7896,80.8754,81.3084,1244700
2006-06-29,83.5601,83.714,81.905,82.1263,2593000
2006-06-30,82.2225,83.8198,82.2225,83.5504,2156800
2006-07-03,82.8672,83.2521,82.1359,82.4439,1016900
2006-07-05,81.0967,82.8672,80.885,82.8672,2163700
2006-07-06,81.0583,81.4624,80.5868,81.2892,1717900
2006-07-07,81.5201,81.8762,80.606,81.0583,2040400
2006-07-10,81.7703,81.9146,81.2603,81.5297,2219100
2006-07-11,81.8377,82.2707,81.2315,82.2707,2145200
2006-07-12,81.5586,82.5689,81.4335,82.1263,1360800
2006-07-13,80.4713,81.5586,80.3654,81.5586,2436900
2006-07-14,80.0383,80.5098,79.3647,80.4809,1226500
2006-07-17,79.9324,80.2211,79.5248,79.9613,946800
2006-07-18,79.7689,80.8658,79.5957,80.1056,2589900
2006-07-19,82.6267,82.8672,80.1056,80.1056,4134600
2006-07-20,82.9154,83.8968,82.3669,82.7037,4566100
2006-07-21,74.7653,77.9984,73.803,77.8925,14128700
2006-07-24,74.7845,75.0636,73.37,74.7653,4452400
2006-07-25,75.3715,75.5543,74.3804,74.3804,2546700
2006-07-26,75.7179,76.1316,74.7556,75.535,2188400
2006-07-27,72.8023,76.2471,72.4655,75.8237,3155800
2006-07-28,74.7556,75.1983,72.0325,72.0325,2635000
2006-07-31,74.4285,75.0347,74.313,74.7556,1650300
2006-08-01,75.7275,76.0162,74.1975,75.9392,2191500
2006-08-02,76.478,76.6416,75.8622,76.1605,2209300
2006-08-03,77.7001,77.7097,75.968,76.478,3061200
2006-08-04,76.1605,79.1434,75.9488,78.4217,2908700
2006-08-07,75.4773,75.9488,74.6209,75.5832,1999100
2006-08-08,74.3708,75.5832,73.9185,75.3715,2514000
2006-08-09,71.8401,74.9288,71.792,74.5055,2970400
2006-08-10,70.6277,71.8401,70.5603,71.8401,3850300
2006-08-11,69.1074,71.1088,69.0592,70.8201,5039100
2006-08-14,70.1273,70.5411,69.2806,69.4826,3859400
2006-08-15,71.1088,71.3975,70.6084,70.7239,2292300
2006-08-16,71.6188,72.148,70.8779,71.8786,2215800
2006-08-17,72.1769,72.3501,71.5129,71.6188,2100700
2006-08-18,71.4841,72.3597,71.1569,72.3597,1587300
2006-08-21,70.3101,71.4841,70.3101,71.2435,1521700
2006-08-22,69.3768,70.4064,69.2709,70.2428,2439000
2006-08-23,69.2228,70.2332,68.963,69.473,1992300
2006-08-24,68.3183,69.5307,68.174,69.1362,1789700
2006-08-25,67.2406,68.2221,66.6825,68.174,3409000
2006-08-28,68.2991,68.4434,66.875,67.5004,3158000
2006-08-29,69.2902,69.473,67.9431,68.0585,3159600
2006-08-30,70.6084,71.1954,69.2998,69.473,3569600
2006-08-31,70.339,70.8682,69.9734,70.5988,1990800
2006-09-01,70.6854,71.2339,70.3198,71.205,1841600
2006-09-05,71.5899,71.6188,70.5411,70.9645,1734900
2006-09-06,70.0696,71.561,69.8964,71.5322,1966000
2006-09-07,69.6173,70.5122,69.3479,70.0503,1776000
2006-09-08,69.7232,69.8002,69.1843,69.4249,2044900
2006-09-11,69.1555,69.9926,68.9053,69.3768,1810300
2006-09-12,73.0814,73.0814,69.627,69.6655,3856900
2006-09-13,72.86,73.3027,72.4078,73.0621,2996300
2006-09-14,71.6573,73.0621,71.2243,73.014,2641600
2006-09-15,73.2161,73.37,71.8305,71.8305,3431500
2006-09-18,72.9466,73.9955,72.7446,73.7068,1931600
2006-09-19,72.2539,72.5618,71.7439,72.5521,2209800
2006-09-20,74.0147,74.2553,72.3116,72.3116,2329500
2006-09-21,73.6491,74.8904,73.2738,74.3323,3855200
2006-09-22,74.0436,74.5055,73.6106,74.0917,1715600
2006-09-25,74.6594,74.8519,73.6587,74.1398,2258000
2006-09-26,74.7364,75.1213,74.3323,74.7171,3451100
2006-09-27,75.41,75.7467,74.5151,74.9577,1811900
2006-09-28,77.0746,77.0746,75.3522,75.3522,3517200
2006-09-29,75.689,77.6327,75.5832,77.6327,2059700
2006-10-02,74.39,76.0643,74.2168,76.0162,2190500
2006-10-03,75.333,75.8901,74.6017,74.669,1620600
2006-10-04,76.2952,76.3048,74.8711,75.333,1103900
2006-10-05,76.0739,76.5935,75.179,76.2952,1590300
2006-10-06,75.6409,75.7949,74.6305,75.5832,1491000
2006-10-09,76.3433,76.4684,75.4677,75.6505,1130300
2006-10-10,77.2671,77.5557,76.6416,76.6897,2899400
2006-10-11,76.4588,76.8148,74.8615,76.3048,3165800
2006-10-12,78.1619,78.1812,76.7859,76.9688,2617200
2006-10-13,78.5372,78.8211,78.365,78.6527,1650800
2006-10-16,78.4795,78.5372,77.854,78.5083,1393000
2006-10-17,77.6135,78.3255,76.9981,77.9887,1705000
2006-10-18,77.0842,78.518,76.045,78.518,3640300
2006-10-19,78.8066,79.7015,76.5069,77.9406,4278200
2006-10-20,78.1716,79.1915,77.6423,79.0472,2640700
2006-10-23,77.8636,79.0087,77.6712,78.0368,1515400
2006-10-24,77.6038,78.4025,77.4884,78.4025,1652500
2006-10-25,79.307,79.4032,77.2671,77.2863,2400000
2006-10-26,79.5957,79.8651,78.518,79.384,1881700
2006-10-27,78.5757,79.4032,78.4506,79.0472,2346500
2006-10-30,78.1427,78.6527,77.4595,78.6334,1944600
2006-10-31,76.3337,78.1812,75.8718,78.1812,4801400
2006-11-01,73.957,76.9399,73.5144,76.9303,5053200
2006-11-02,73.7645,74.2745,72.937,73.957,2293900
2006-11-03,73.6683,75.0828,73.4663,74.5728,2204600
2006-11-06,75.7083,75.7949,73.9859,74.1398,2418200
2006-11-07,74.6402,75.9103,74.5343,75.535,2001800
2006-11-08,74.5728,74.6305,73.8223,74.3323,1271400
2006-11-09,73.5336,74.8904,73.3412,74.8134,2830000
2006-11-10,74.5921,74.7075,73.7549,73.7742,1739400
2006-11-13,74.5728,75.3137,74.3804,74.5728,1182700
2006-11-14,74.1398,74.8326,73.447,74.5728,2334500
2006-11-15,74.1783,74.3323,73.6202,74.0917,2313700
2006-11-16,72.7446,74.5921,72.3789,74.2745,4028200
2006-11-17,72.6484,73.1872,71.205,72.3597,3219000
2006-11-20,72.1384,73.2738,72.0614,72.6484,1884000
2006-11-21,72.148,72.7927,71.9363,72.2635,1673300
2006-11-22,72.7638,72.7638,72.1769,72.6003,1618700
2006-11-24,72.5521,72.6965,72.0422,72.2154,561100
2006-11-27,72.3404,72.7927,71.5899,72.7927,3269100
2006-11-28,72.5618,72.6484,71.436,71.7054,3279700
2006-11-29,74.3996,75.0539,73.5817,74.0725,5028000
2006-11-30,74.9385,75.0539,74.0051,74.8615,7468100
2006-12-01,74.7075,75.1694,74.0917,74.9385,2782200
2006-12-04,75.2079,75.766,75.0058,75.0539,3468700
2006-12-05,74.977,75.2079,74.1975,75.0636,5530700
2006-12-06,74.6498,74.9481,73.6683,74.823,4167800
2006-12-07,73.6683,75.3907,73.6106,74.6305,4124000
2006-12-08,73.3027,73.6876,72.8889,73.6106,2923900
2006-12-11,73.6298,73.9474,73.1776,73.3123,3231700
2006-12-12,73.5432,74.2457,73.1776,73.2257,2792300
2006-12-13,74.1687,74.6402,73.8127,74.3804,2003000
2006-12-14,74.3323,74.9096,73.7838,73.9474,2479800
2006-12-15,73.7164,74.8134,73.6491,74.5728,2583700
2006-12-18,74.1109,74.4189,73.6106,73.6202,2471300
2006-12-19,73.8319,74.7556,73.6106,74.0917,2377400
2006-12-20,74.4381,74.4766,73.6207,73.6298,1756300
2006-12-21,74.5921,74.9962,74.2457,74.4381,2431800
2006-12-22,74.4766,74.6017,73.7645,74.6017,1372900
2006-12-26,75.0732,75.3426,74.0917,74.236,1882100
2006-12-27,75.2753,75.3811,74.4574,75.0828,1797900
2006-12-28,75.1309,75.2945,74.8326,75.0539,1962200
2006-12-29,73.9185,75.2464,73.9185,75.1213,1859400
2007-01-03,74.3323,74.8134,73.7261,74.1591,3047000
2007-01-04,74.2457,74.7845,73.7357,74.544,1462000
2007-01-05,74.2457,74.5728,73.6106,74.2457,2163900
2007-01-08,74.5055,74.544,73.601,74.3226,2018900
2007-01-09,73.7357,74.7653,73.4181,74.746,2089600
2007-01-10,72.8408,73.6395,72.4559,73.601,2839500
2007-01-11,73.1199,73.2257,72.5987,72.8408,3194800
2007-01-12,74.1109,74.3034,73.1006,73.1199,2819900
2007-01-16,73.3123,74.1302,73.0814,74.1206,3647000
2007-01-17,73.6395,74.2264,73.0236,73.2834,2884900
2007-01-18,72.9563,74.6209,72.7157,74.3804,3301500
2007-01-19,75.9007,76.0162,73.9859,74.5728,7297000
2007-01-22,76.0065,76.6993,75.4196,75.8045,3993100
2007-01-23,77.0265,77.065,76.1028,76.3722,3825400
2007-01-24,77.1805,77.2478,76.529,76.9784,2667600
2007-01-25,75.7083,77.3633,75.3522,77.2093,3352500
2007-01-26,76.4684,76.7859,75.8718,76.4973,2715700
2007-01-29,75.7756,76.4877,75.2753,76.3048,2081100
2007-01-30,77.1227,77.3633,75.2945,75.7949,3381400
2007-01-31,77.3633,77.6808,75.9873,76.7859,2996300
2007-02-01,76.709,77.3922,76.4492,77.3633,2799700
2007-02-02,77.7578,78.1812,76.6609,76.9495,5207700
2007-02-05,78.5564,78.7681,77.2382,77.5269,3509200
2007-02-06,79.5668,79.7207,78.3351,78.518,4148500
2007-02-07,80.452,80.6734,78.6912,79.5764,3162900
2007-02-08,79.6534,80.0383,77.9502,79.9036,3464300
2007-02-09,78.9125,79.9806,78.2293,79.5764,2697700
2007-02-12,78.4217,79.0664,77.7289,78.5083,2661006
2007-02-13,78.6912,79.307,78.4217,78.518,2207750
2007-02-14,78.7778,79.5091,78.5949,78.9991,2669102
2007-02-15,79.2396,79.384,78.1812,78.8932,3127200
2007-02-16,78.9702,79.3166,78.6142,78.9991,3397400
2007-02-20,79.0376,79.2781,78.5083,78.7297,2601100
2007-02-21,79.1819,79.2878,78.1619,78.4217,3546500
2007-02-22,79.2011,79.3359,78.7778,79.3262,2611200
2007-02-23,77.4403,79.3166,76.8918,79.3166,3420200
2007-02-26,77.2863,78.0753,76.5165,77.4691,3242206
2007-02-27,74.2168,76.8726,73.4278,76.4973,4813400
2007-02-28,74.1206,75.3137,72.9178,74.2168,4257500
2007-03-01,74.236,74.5343,72.1673,72.504,3539175
2007-03-02,73.88,74.5055,73.2738,73.7068,3236000
2007-03-05,71.561,74.3226,71.4456,73.1295,4763800
2007-03-06,72.9948,73.4181,71.8689,73.1295,2702100
2007-03-07,71.9844,72.9851,71.9652,72.7542,2733600
2007-03-08,73.7549,74.4285,72.6484,72.7542,3825700
2007-03-09,74.0917,74.6017,73.3219,74.3323,3454400
2007-03-12,73.3027,73.9955,73.2257,73.9955,2015600
2007-03-13,71.9267,73.1199,71.7342,72.6484,4442100
2007-03-14,72.3693,72.6484,70.6565,71.9363,4652200
2007-03-15,73.0814,73.7549,72.1673,72.3693,2711213
2007-03-16,72.1191,73.6298,71.7823,73.4855,3596900
2007-03-19,72.7831,73.014,71.8016,72.3212,3801600
2007-03-20,73.3315,73.4085,72.4078,72.7735,2491100
2007-03-21,75.1213,75.8814,73.0525,73.2546,3537800
2007-03-22,74.823,75.8718,74.1591,74.9577,2302300
2007-03-23,74.9481,75.2175,74.544,74.823,2656000
2007-03-26,74.5151,75.2849,73.7357,74.9866,3043700
2007-03-27,73.7453,74.3323,73.6491,74.034,3120000
2007-03-28,72.6387,73.3412,72.1865,73.3412,3562200
2007-03-29,72.7927,73.4278,72.3597,73.2065,1759716
2007-03-30,72.6099,73.1487,72.2346,72.5233,2074100
2007-04-02,70.7913,72.3886,70.6469,72.3789,25366104
2007-04-03,71.5514,72.3116,70.9645,71.1761,4172800
2007-04-04,70.5122,71.715,70.3198,71.6573,4471380
2007-04-05,70.5892,70.7047,69.7328,70.493,4520164
2007-04-09,70.6565,70.9067,70.3005,70.6373,2081898
2007-04-10,71.2146,71.3686,70.3679,70.6662,2453900
2007-04-11,71.128,71.6284,70.8875,71.0511,3271152
2007-04-12,71.0414,71.1885,70.4833,70.7335,2461197
2007-04-13,72.225,72.2635,71.0895,71.1088,3785617
2007-04-16,73.4278,73.9955,72.4078,72.5233,3017400
2007-04-17,74.2072,74.4766,73.2546,73.8993,3653642
2007-04-18,74.746,75.2271,73.6106,74.2072,3588200
2007-04-19,74.4189,75.1983,73.7164,74.0917,4200330
2007-04-20,70.0503,71.5803,68.8668,70.7624,15549974
2007-04-23,67.6063,69.7136,67.587,69.7136,9344648
2007-04-24,69.2517,69.2709,67.8757,68.1066,6317892
2007-04-25,71.1569,71.3109,69.55,70.0022,5937135
2007-04-26,72.6387,73.0621,70.7335,70.7624,6187981
2007-04-27,72.0806,72.5329,71.0799,71.9171,4156622
2007-04-30,71.4552,72.8119,71.4071,72.1576,3557842
2007-05-01,70.9548,71.638,70.4352,71.4648,3905075
2007-05-02,71.3493,71.561,70.772,71.1473,3517800
2007-05-03,71.6861,71.9171,71.1377,71.3493,2070500
2007-05-04,71.6188,72.148,71.3301,72.071,2497880
2007-05-07,72.4655,72.4848,71.5226,71.6861,2961117
2007-05-08,72.5425,72.6965,71.4648,71.9748,2424641
2007-05-09,72.4655,72.9563,72.0518,72.3597,1946200
2007-05-10,73.2738,74.3323,72.0133,72.8408,5180175
2007-05-11,74.2841,74.3804,73.5625,73.8512,2916100
2007-05-14,74.1687,74.3804,73.447,74.0917,2772890
2007-05-15,73.8896,74.8807,73.7453,74.1687,3241500
2007-05-16,74.0725,74.544,73.8223,74.544,2882600
2007-05-17,73.9762,74.3611,73.8127,74.0725,3035400
2007-05-18,74.5151,74.669,73.9666,73.9666,2465000
2007-05-21,74.977,75.1598,74.1494,74.2938,2151639
2007-05-22,75.6505,75.9969,74.6209,75.3618,1956412
2007-05-23,76.7571,77.1227,75.689,75.689,4359242
2007-05-24,75.5928,77.2189,75.4869,77.1227,3334495
2007-05-25,75.8045,75.9007,74.9673,75.6313,1780600
2007-05-29,76.7571,76.9303,75.5639,75.8141,2508600
2007-05-30,76.9784,77.0592,75.3811,75.9199,2329765
2007-05-31,76.7667,77.4403,76.353,76.7956,2956100
2007-06-01,77.1227,77.4306,76.632,76.8726,3383000
2007-06-04,76.8822,77.3633,76.7378,76.8822,2123075
2007-06-05,76.8629,77.1708,76.122,76.4973,2703994
2007-06-06,76.6031,76.9207,76.0643,76.4396,3739912
2007-06-07,76.5839,77.1035,76.2952,76.4877,5054998
2007-06-08,76.9688,76.9688,75.9873,76.555,2994785
2007-06-11,77.5269,77.7867,76.6031,76.9784,2928885
2007-06-12,76.6897,77.421,76.5839,76.709,3391525
2007-06-13,77.5942,77.5942,76.1797,76.7956,2677300
2007-06-14,77.3825,78.0561,77.2767,77.5076,2578959
2007-06-15,77.7001,78.5468,77.6712,77.8348,4035100
2007-06-18,78.7585,78.951,77.6038,77.8444,2893900
2007-06-19,78.5564,79.1434,78.0465,78.7585,2580100
2007-06-20,77.4306,78.9991,77.421,77.9406,3030202
2007-06-21,77.8444,78.3448,76.5839,76.9976,3415500
2007-06-22,77.0073,78.1138,76.8148,77.575,3596101
2007-06-25,76.4011,77.5846,76.3048,77.3922,3052359
2007-06-26,75.8333,76.6416,75.0828,76.5935,5084800
2007-06-27,75.8237,75.8814,74.4766,75.4388,4163200
2007-06-28,76.6609,77.9118,76.3241,77.7386,4180990
2007-06-29,75.4773,77.8444,75.0058,77.7963,3930291
2007-07-02,75.7756,76.2663,75.0828,76.2663,2080800
2007-07-03,75.9584,76.4396,75.8526,75.8526,1088400
2007-07-05,75.0828,75.7083,74.8615,75.5062,2256700
2007-07-06,75.6601,75.9199,74.9,75.0828,1933819
2007-07-09,75.8718,76.2375,75.2079,75.3234,2083805
2007-07-10,72.8216,75.0154,72.581,74.6498,5568600
2007-07-11,71.8112,73.5047,71.3109,73.37,8229500
2007-07-12,72.8504,73.3219,71.8112,72.3404,4357200
2007-07-13,72.504,73.0525,72.1961,72.6099,2636600
2007-07-16,73.3219,74.2168,72.225,72.225,3152626
2007-07-17,73.5047,74.3611,72.9466,73.3315,3206368
2007-07-18,73.4951,73.7838,72.4752,73.1295,4917115
2007-07-19,72.658,75.1309,71.8689,75.1309,6624469
2007-07-20,74.7268,75.8237,73.6202,74.5632,7751051
2007-07-23,75.1021,75.6601,74.7268,75.1021,2692899
2007-07-24,72.5136,73.8223,72.2442,73.6395,4799729
2007-07-25,72.2827,73.7549,71.0895,73.2257,5110895
2007-07-26,71.0414,71.4744,69.4826,71.0799,6289483
2007-07-27,70.262,71.994,70.1081,70.2091,4478601
2007-07-30,70.7143,71.5226,69.3864,70.262,4314249
2007-07-31,68.0874,72.3308,67.9238,71.6573,8797154
2007-08-01,67.3176,69.1843,65.5567,67.8372,11011272
2007-08-02,68.5108,69.6943,67.4427,67.5966,4943964
2007-08-03,64.7966,68.4627,64.0075,68.2895,9831572
2007-08-06,67.5966,67.5966,62.9395,65.0756,7574379
2007-08-07,67.9431,68.8379,65.9031,66.5574,5236610
2007-08-08,71.59,73.79,70.23,70.61,6241159
2007-08-09,68.0,71.44,67.81,69.0,7182014
2007-08-10,69.1,69.33,66.3,67.09,5131095
2007-08-13,68.47,70.79,68.1,70.11,3552400
2007-08-14,66.0,68.87,65.24,68.8,6111910
2007-08-15,63.03,66.96,62.41,66.18,9946408
2007-08-16,64.86,65.88,59.49,62.07,11866277
2007-08-17,68.75,69.61,65.01,68.0,8484999
2007-08-20,66.72,69.48,65.41,68.75,5517759
2007-08-21,68.527,69.65,66.17,67.33,8120133
2007-08-22,66.94,69.8,66.19,69.8,6055900
2007-08-23,66.76,67.73,65.85,67.3,4055400
2007-08-24,66.32,66.59,65.58,66.37,2957100
2007-08-27,65.9,66.24,65.1,65.9,2099500
2007-08-28,63.75,65.29,63.43,65.1,6423400
2007-08-29,65.04,65.34,62.77,64.19,4788900
2007-08-30,64.25,65.1,63.99,64.33,3986500
2007-08-31,64.66,66.0,64.23,65.55,3042800
2007-09-04,64.73,65.3,64.35,64.64,3361600
2007-09-05,63.14,63.89,62.6,63.8,3992400
2007-09-06,64.12,64.24,62.9,62.9,3018800
2007-09-07,62.7,63.59,62.18,63.01,5402600
2007-09-10,62.79,63.52,62.2,63.0,3986300
2007-09-11,64.08,64.42,63.0,63.1,3399878
2007-09-12,65.07,65.67,63.12,63.78,3680400
2007-09-13,66.41,66.6,65.13,65.13,3404600
2007-09-14,66.11,66.35,64.79,65.74,2854330
2007-09-17,65.24,65.89,64.27,65.07,3371000
2007-09-18,69.73,70.15,65.28,66.03,6068600
2007-09-19,70.98,72.43,69.76,70.0,4830400
2007-09-20,69.39,70.95,69.34,70.8,3692283
2007-09-21,69.02,69.66,68.17,69.53,5617100
2007-09-24,66.77,69.04,66.73,68.79,4541277
2007-09-25,65.86,66.4,64.57,66.4,4781900
2007-09-26,66.1,66.58,65.21,66.0,2753390
2007-09-27,66.8,67.73,66.5,67.0,2165600
2007-09-28,66.43,66.98,66.05,66.78,2466700
2007-10-01,68.32,68.69,65.79,65.99,2746300
2007-10-02,69.32,70.75,68.47,68.48,2812350
2007-10-03,70.3,70.53,68.42,69.44,5393200
2007-10-04,71.05,71.95,70.31,70.36,3331900
2007-10-05,72.94,73.55,71.5,72.0,3241091
2007-10-08,71.25,72.28,71.05,72.03,2491225
2007-10-09,71.93,72.04,70.5,71.3,2692000
2007-10-10,70.83,71.96,70.28,71.59,2259420
2007-10-11,71.89,73.39,71.12,71.12,4358940
2007-10-12,70.88,71.89,70.62,71.81,2730479
2007-10-15,68.52,70.93,67.69,70.63,3972013
2007-10-16,66.99,68.8,66.64,68.16,2961400
2007-10-17,66.9,67.84,65.3,67.76,3380400
2007-10-18,66.0,66.41,64.45,65.93,5416500
2007-10-19,62.68,65.59,62.41,65.12,6925286
2007-10-22,62.93,64.09,61.0,61.15,5115244
2007-10-23,62.06,65.0,61.12,63.97,5341918
2007-10-24,63.73,63.91,60.91,61.71,6618928
2007-10-25,61.96,64.33,60.87,63.52,7312100
2007-10-26,64.4,64.62,61.88,63.55,4567702
2007-10-29,65.89,67.69,64.4,64.88,5503920
2007-10-30,65.23,65.75,64.64,65.6,2714700
2007-10-31,65.59,67.79,63.83,66.48,4227404
2007-11-01,62.29,64.34,61.86,64.2,7126300
2007-11-02,61.17,62.79,60.1,62.5,7743399
2007-11-05,60.53,61.33,59.0,60.0,4435050
2007-11-06,59.47,61.97,58.05,60.77,9333000
2007-11-07,50.21,58.1,50.05,56.1,18796158
2007-11-08,52.9,54.13,50.44,50.88,14732508
2007-11-09,54.26,55.76,50.35,51.25,11440347
2007-11-12,54.27,55.98,52.5,53.2,7052412
2007-11-13,56.93,57.05,54.6,54.84,5765817
2007-11-14,55.3,59.29,54.48,57.93,6212575
2007-11-15,52.79,54.97,52.5,54.97,7111261
2007-11-16,53.05,53.97,52.06,53.16,5002780
2007-11-19,51.5,52.92,50.35,52.61,6015595
2007-11-20,50.74,51.8,49.22,51.5,8472860
2007-11-21,49.81,51.34,48.83,50.22,6507869
2007-11-23,52.07,52.42,50.04,50.04,2542320
