Price,Close,High,Low,Open,Volume
Ticker,COP,COP,COP,COP,COP
Date,,,,,
1999-11-24,20.7052,21.1371,20.5702,21.1371,524000
1999-11-26,20.6782,20.9211,20.6242,20.8132,342200
1999-11-29,20.7591,20.7591,20.4622,20.6782,1521000
1999-11-30,20.6512,20.7321,20.5972,20.7321,3317600
1999-12-01,21.0021,21.0021,20.3542,20.6242,681200
1999-12-02,20.6782,21.1371,20.5432,21.0021,786600
1999-12-03,20.7591,21.2181,20.5432,21.0021,870000
1999-12-06,20.6782,20.7052,20.4892,20.6512,653600
1999-12-07,20.5702,20.7052,20.4622,20.5702,1364600
1999-12-08,21.2181,21.569,20.5702,20.5702,2385800
1999-12-09,21.0021,21.2991,20.7861,21.1101,628200
1999-12-10,20.4082,21.0291,20.4082,21.0021,981200
1999-12-13,20.6242,20.8132,20.2462,20.3542,1475800
1999-12-14,20.3542,20.5432,20.1653,20.4622,677000
1999-12-15,20.7052,20.9482,20.5162,20.5702,805400
1999-12-16,20.6242,20.6782,20.1383,20.5972,1036600
1999-12-17,20.3542,20.9482,20.2462,20.9482,2524800
1999-12-20,19.8413,20.1922,19.5984,20.1113,700200
1999-12-21,19.7064,20.0573,19.5984,19.8413,835200
1999-12-22,19.6523,19.7064,19.3824,19.6523,2076400
1999-12-23,19.7603,19.9763,19.6523,19.7603,1731000
1999-12-27,19.7603,19.9223,19.7064,19.8683,1881000
1999-12-28,20.0033,20.0303,19.5714,19.5714,841200
1999-12-29,20.1383,20.3003,20.0303,20.0303,525800
1999-12-30,20.3272,20.4352,20.0033,20.1383,928400
1999-12-31,20.3003,20.5432,20.1922,20.5432,446800
2000-01-03,19.5714,20.1383,19.5444,20.0843,1419600
2000-01-04,19.1934,19.5444,19.0855,19.3824,1122800
2000-01-05,18.8425,19.4094,18.6535,19.3014,3095200
2000-01-06,19.4904,19.7064,18.6805,18.8965,2073400
2000-01-07,19.4364,19.7873,19.4364,19.6523,1170600
2000-01-10,19.4364,19.5714,19.2474,19.5714,1147000
2000-01-11,19.4094,19.5444,19.2204,19.4364,849200
2000-01-12,19.0315,19.3824,18.9505,19.3014,1687600
2000-01-13,19.0855,19.3014,19.0045,19.2744,1477200
2000-01-14,18.8965,19.0585,18.5726,19.0585,846000
2000-01-18,19.1934,19.2204,18.8155,18.8155,1172000
2000-01-19,19.0315,19.3554,18.8425,19.3554,1125400
2000-01-20,18.4916,18.9505,18.3026,18.9505,930600
2000-01-21,18.4376,18.8695,18.2486,18.6535,2521400
2000-01-24,18.0327,18.6535,17.9247,18.5995,1757200
2000-01-25,18.2486,18.3836,17.7897,18.1676,1115000
2000-01-26,17.7897,18.3566,17.6007,18.3566,1807200
2000-01-27,17.4928,17.7897,17.2498,17.7897,1083800
2000-01-28,17.2228,17.5737,16.9528,17.4657,1006800
2000-01-31,17.6547,17.7087,16.9528,17.1688,1549400
2000-02-01,17.5737,17.7627,17.2498,17.6547,1284400
2000-02-02,17.3308,17.8707,17.2228,17.4928,965000
2000-02-03,17.0068,17.4388,17.0068,17.3308,2496200
2000-02-04,16.8449,16.9799,16.6019,16.9799,1451800
2000-02-07,17.2768,17.3308,17.0878,17.2768,2485200
2000-02-08,16.8449,17.5197,16.7909,17.5197,1664400
2000-02-09,16.4669,17.1688,16.3859,17.1688,1508800
2000-02-10,16.3859,17.0068,16.3319,16.4939,2187000
2000-02-11,16.17,16.5479,16.062,16.5209,1144400
2000-02-14,16.251,16.413,15.954,16.197,1996200
2000-02-15,16.5209,16.6019,16.305,16.359,0
2000-02-16,16.8989,16.9258,16.278,16.359,1584600
2000-02-17,17.0608,17.1688,16.8989,16.9799,1512800
2000-02-18,16.7369,17.4928,16.4399,17.4928,1971600
2000-02-22,16.8719,16.9799,16.5749,16.6829,2098400
2000-02-23,16.224,16.8179,16.089,16.8179,1106800
2000-02-24,15.6571,16.197,15.5761,16.116,1068600
2000-02-25,15.927,16.116,15.5221,15.873,1041400
2000-02-28,16.035,16.4399,15.6841,16.089,1352200
2000-02-29,16.5209,16.6019,15.6571,15.6571,1722400
2000-03-01,16.7099,16.7099,15.981,16.5209,1485600
2000-03-02,16.4399,16.8179,16.143,16.6019,1789800
2000-03-03,16.4669,16.5209,16.17,16.5209,2188000
2000-03-06,16.6289,16.6289,16.17,16.4399,1065000
2000-03-07,17.4928,17.5197,16.5209,16.7369,2509400
2000-03-08,17.4657,17.7897,16.9258,17.3848,1967200
2000-03-09,17.4657,17.6007,16.9528,17.5467,1042200
2000-03-10,17.2498,17.8167,17.1148,17.4928,1614200
2000-03-13,17.0338,17.4657,16.9799,17.0608,1307200
2000-03-14,17.0338,17.0338,16.3319,17.0338,1927400
2000-03-15,16.8719,17.1688,16.5209,17.1688,0
2000-03-16,18.6265,18.9235,18.4106,18.5186,3939400
2000-03-17,17.8707,18.7345,17.7627,18.5726,2099200
2000-03-20,17.9517,18.0596,17.5737,18.0057,1625000
2000-03-21,18.7885,18.7885,18.0866,18.1406,1722600
2000-03-22,18.3836,18.9775,18.2486,18.7885,2163600
2000-03-23,18.4646,18.5726,18.3566,18.4916,1071200
2000-03-24,18.5455,19.0585,18.4916,18.9505,1451000
2000-03-27,18.5726,18.7345,17.8977,18.4646,1560000
2000-03-28,18.6265,18.7345,17.8977,18.4646,1543000
2000-03-29,19.2474,19.3284,18.5455,18.5726,1442200
2000-03-30,19.7064,19.8953,19.1664,19.2204,1515600
2000-03-31,19.9763,20.3542,19.5444,19.6793,1806600
2000-04-03,20.0843,20.3003,19.8953,19.9223,1348800
2000-04-04,19.9223,20.3272,19.6523,19.9763,2014200
2000-04-05,19.7064,20.0843,19.6523,19.8143,1064800
2000-04-06,20.1113,20.2192,19.6793,19.7334,941800
2000-04-07,19.8953,20.2192,19.7603,19.7603,985600
2000-04-10,19.7334,19.9493,19.6793,19.8683,1253400
2000-04-11,20.2462,20.3542,19.6793,19.7334,1042800
2000-04-12,20.7052,21.0561,20.4082,20.4082,1267200
2000-04-13,20.8132,21.1641,20.6782,20.6782,1541000
2000-04-14,21.1371,21.1371,20.5972,20.7321,1333800
2000-04-17,20.3272,21.0561,20.1922,21.0561,2595600
2000-04-18,20.2732,20.5702,20.1922,20.5702,2211200
2000-04-19,20.5972,20.7861,20.2732,20.2732,1295800
2000-04-20,20.5432,20.5702,20.3003,20.3003,950000
2000-04-24,21.1641,21.1641,20.6242,20.6242,1143600
2000-04-25,21.38,21.542,21.2181,21.2991,0
2000-04-26,21.38,21.38,21.2181,21.38,1679800
2000-04-27,21.1371,21.3531,21.0561,21.2181,1531000
2000-04-28,20.5162,21.2721,20.4892,21.2721,2347600
2000-05-01,20.9211,21.1101,20.5972,20.6242,1793400
2000-05-02,20.8941,21.1641,20.5972,20.6242,1982000
2000-05-03,20.7861,20.8671,20.5972,20.7861,2465400
2000-05-04,21.1101,21.1911,20.7591,20.8401,2032400
2000-05-05,21.2451,21.2451,20.9482,21.0021,988400
2000-05-08,21.3531,21.488,21.2451,21.2451,1214600
2000-05-09,21.326,21.569,21.2991,21.488,2748200
2000-05-10,21.326,21.461,21.2721,21.407,1796000
2000-05-11,21.785,21.812,21.326,21.326,3603800
2000-05-12,21.65,21.9199,21.596,21.8659,2372400
2000-05-15,21.8929,22.3519,21.65,21.65,2868200
2000-05-16,22.1629,22.4059,21.839,22.0819,2053800
2000-05-17,22.5408,22.6488,22.0549,22.1089,2553000
2000-05-18,22.9458,23.1077,22.7028,22.8918,2567200
2000-05-19,22.9727,23.0537,22.8108,22.9727,1852800
2000-05-22,23.5126,23.6476,22.9727,22.9727,2732600
2000-05-23,23.3777,23.8906,23.3237,23.7016,2918800
2000-05-24,23.5396,23.7016,23.4047,23.4856,2245000
2000-05-25,23.5667,23.6476,23.2157,23.6476,2228400
2000-05-26,23.1617,23.9176,22.9727,23.5937,1956800
2000-05-30,23.8096,23.8906,23.2157,23.4856,1675400
2000-05-31,24.7274,24.8624,23.9176,23.9446,4549800
2000-06-01,24.6194,24.9164,24.3495,24.5925,2255200
2000-06-02,23.5937,24.6194,23.5396,24.6194,1734200
2000-06-05,23.4047,23.8636,23.3777,23.8636,1409000
2000-06-06,23.7826,23.9446,23.3507,23.4047,1878000
2000-06-07,23.7286,23.8366,23.2967,23.5667,1285200
2000-06-08,23.5396,23.7286,23.1887,23.5667,1370000
2000-06-09,23.5126,23.9446,23.3237,23.7556,850000
2000-06-12,24.0256,24.5655,23.5126,23.5126,1575200
2000-06-13,24.2415,24.7274,24.2415,24.2415,1919000
2000-06-14,24.1605,24.5925,24.1605,24.4035,1630400
2000-06-15,23.7286,24.3765,23.5937,24.2145,1537000
2000-06-16,24.5385,24.5925,23.3507,23.3507,2418000
2000-06-19,23.6476,24.5925,23.5126,23.5126,1709800
2000-06-20,23.5126,23.7286,23.1887,23.7286,1708800
2000-06-21,23.8366,24.0256,23.2157,23.4317,1745800
2000-06-22,23.4047,24.0256,23.2697,23.9446,1258600
2000-06-23,23.5396,23.8096,23.4587,23.5126,1214000
2000-06-26,23.4047,23.7016,23.3507,23.6476,1473400
2000-06-27,23.0807,23.3507,22.8377,23.3237,1409000
2000-06-28,22.6758,23.1617,22.4059,23.1347,1560200
2000-06-29,22.5138,22.8648,22.4328,22.5948,2458400
2000-06-30,21.8929,22.6218,21.758,22.5678,2305600
2000-07-03,22.0279,22.2169,21.758,21.9739,939600
2000-07-05,20.4082,21.9199,20.2192,21.9199,3631000
2000-07-06,21.65,21.9469,21.0021,21.0561,2850000
2000-07-07,21.785,21.9469,21.677,21.677,1185600
2000-07-10,21.9469,22.2169,21.785,21.839,1934800
2000-07-11,22.9525,22.9525,22.1359,22.1359,1367400
2000-07-12,22.5408,22.9997,22.4868,22.9458,1560400
2000-07-13,22.0819,22.3789,21.812,22.3789,1936800
2000-07-14,22.1359,22.1629,21.785,22.0279,1610200
2000-07-17,22.0279,22.4598,21.9199,22.4059,1684600
2000-07-18,22.1359,22.4059,22.0279,22.0279,977000
2000-07-19,22.2709,22.3789,22.1359,22.2169,952200
2000-07-20,22.0819,22.4598,22.0549,22.2169,1078600
2000-07-21,21.542,22.1899,21.488,22.1089,1780200
2000-07-24,20.6782,21.785,20.4892,21.434,2502600
2000-07-25,20.7861,21.2721,20.5972,20.6242,1020000
2000-07-26,20.6242,21.0021,20.3812,20.9211,1907200
2000-07-27,21.2721,21.3531,20.6242,20.6782,1122800
2000-07-28,21.542,21.758,21.2991,21.38,953000
2000-07-31,21.9402,22.1359,21.596,21.704,1760800
2000-08-01,21.812,22.1089,21.623,22.0279,1279600
2000-08-02,22.5408,22.6488,22.0549,22.0549,1926400
2000-08-03,22.9727,23.3777,22.8648,23.2967,3585000
2000-08-04,22.8108,23.1617,22.4868,22.9188,1289400
2000-08-07,23.0267,23.1887,22.7298,22.9188,989200
2000-08-08,23.2697,23.2967,22.8108,22.8377,1346000
2000-08-09,23.5126,23.7016,23.2697,23.2967,736400
2000-08-10,23.9716,24.1336,23.5126,23.6206,1582000
2000-08-11,23.5667,23.9986,23.5396,23.6206,914000
2000-08-14,24.1066,24.1605,23.5126,23.5937,1607800
2000-08-15,24.5115,24.5655,24.1875,24.1875,2382400
2000-08-16,24.9434,25.1054,24.4845,24.5385,2719400
2000-08-17,25.8072,26.1042,24.8354,24.8894,4203400
2000-08-18,25.2673,25.7263,25.1863,25.6723,3106200
2000-08-21,25.4833,25.7532,25.1054,25.2673,1497000
2000-08-22,25.8342,25.9962,25.5643,25.5913,3316000
2000-08-23,26.887,26.995,26.0232,26.0232,4570400
2000-08-24,26.2931,26.7521,26.2931,26.6981,3765400
2000-08-25,26.6441,26.779,26.2122,26.2662,1605200
2000-08-28,26.4821,26.8601,26.4281,26.7251,1443800
2000-08-29,26.7251,26.8061,26.4821,26.5901,1364200
2000-08-30,26.2662,26.5901,25.9962,26.4011,1576400
2000-08-31,26.7251,26.941,26.1312,26.4551,2195000
2000-09-01,27.184,27.3729,26.6711,26.7251,2014200
2000-09-05,26.995,27.3999,26.6171,27.238,1625000
2000-09-06,27.4539,27.6429,26.995,26.995,1898800
2000-09-07,27.103,27.4539,27.022,27.3729,1442000
2000-09-08,26.7521,26.914,26.4281,26.887,1737000
2000-09-11,27.3729,28.6687,26.887,26.887,4927400
2000-09-12,27.9398,28.0478,27.3189,27.3729,3187800
2000-09-13,27.9669,28.2368,27.8859,28.0748,1927600
2000-09-14,27.9669,28.1288,27.6429,28.0478,1367600
2000-09-15,28.6687,30.2344,28.1828,28.1828,4889600
2000-09-18,28.8661,29.4516,28.7227,28.8847,2686200
2000-09-19,28.1288,28.7767,27.9938,28.7497,1676000
2000-09-20,28.1288,29.4246,28.1018,28.2368,3499800
2000-09-21,27.5079,27.7509,27.292,27.6699,2668400
2000-09-22,26.5545,27.5079,26.5545,27.5079,2039000
2000-09-25,26.4281,26.7251,25.4563,26.1312,3349400
2000-09-26,26.968,27.6159,26.7521,26.887,2587800
2000-09-27,27.8049,28.0208,27.076,27.076,2194200
2000-09-28,27.076,27.6969,27.049,27.6969,1920200
2000-09-29,27.103,27.6969,26.833,26.995,2017600
2000-10-02,27.4809,27.7509,27.157,27.211,1401400
2000-10-03,27.4809,27.6159,27.184,27.211,1193200
2000-10-04,26.914,27.6699,26.779,27.6429,1751000
2000-10-05,26.6711,26.941,25.9152,25.9152,1594600
2000-10-06,26.1852,27.3459,26.1042,26.779,1681200
2000-10-09,27.211,27.238,26.5631,26.6171,1130200
2000-10-10,27.7509,28.3178,27.3729,27.4809,1802000
2000-10-11,27.8589,28.4797,27.6969,28.0208,1463400
2000-10-12,28.6957,29.4786,27.8859,27.8859,3236200
2000-10-13,27.6429,28.7227,27.4809,28.7227,1796400
2000-10-16,27.184,27.5349,26.833,27.5349,1882000
2000-10-17,27.6159,28.1288,26.914,27.076,1704600
2000-10-18,27.3729,27.9398,27.211,27.7239,2526000
2000-10-19,27.4539,27.9398,26.995,27.7239,1570000
2000-10-20,28.1828,28.2638,27.5349,27.5349,1285800
2000-10-23,28.0478,28.4258,27.5619,28.3448,1205400
2000-10-24,27.3459,28.2368,27.238,28.1018,1223000
2000-10-25,27.076,27.4269,27.022,27.13,1706400
2000-10-26,26.4551,27.3189,26.4281,26.779,2010400
2000-10-27,26.4011,26.5091,26.1312,26.3741,1746600
2000-10-30,26.5901,26.6711,26.2122,26.3471,1589000
2000-10-31,26.6711,26.887,25.8882,26.6171,1920600
2000-11-01,26.833,27.238,26.6711,26.779,2455200
2000-11-02,26.1042,26.6441,25.9692,26.6441,1677200
2000-11-03,25.8882,26.3741,25.7263,26.0772,1534400
2000-11-06,26.0502,26.2662,25.4563,25.7802,1428600
2000-11-07,25.6993,26.3471,25.6183,26.0502,1482800
2000-11-08,26.1042,26.5091,25.7802,25.8072,1832400
2000-11-09,26.3471,26.3741,25.8612,26.1582,2400400
2000-11-10,26.1042,26.4551,25.9962,26.4011,1285200
2000-11-13,26.3741,26.7521,26.1582,26.2122,1787400
2000-11-14,26.7251,27.049,26.3202,26.3741,1716400
2000-11-15,26.995,27.157,26.833,27.049,1865200
2000-11-16,27.049,27.3189,26.779,26.968,1406000
2000-11-17,26.6441,27.265,26.4281,27.157,1676600
2000-11-20,26.2931,26.887,26.2931,26.7521,1095200
2000-11-21,26.5901,26.8061,26.1852,26.1852,1763600
2000-11-22,26.779,26.887,26.1852,26.5901,1201200
2000-11-24,26.6711,26.8061,26.5901,26.7251,365400
2000-11-27,26.7521,26.8061,26.2391,26.7521,1818400
2000-11-28,26.4551,26.968,26.4281,26.833,1222800
2000-11-29,25.5103,26.5361,25.4563,26.5361,0
2000-11-30,24.4035,25.7263,24.1336,25.5103,3084200
2000-12-01,24.7544,25.2673,24.6464,24.7274,2920800
2000-12-04,25.3213,25.4293,24.7274,24.7274,1957200
2000-12-05,23.7556,25.6723,23.7556,25.2133,3468200
2000-12-06,23.3237,24.1875,22.2439,23.9716,7865200
2000-12-07,23.1077,24.0525,22.7298,23.6746,2801800
2000-12-08,23.3237,23.5396,22.4868,23.0537,2199800
2000-12-11,22.8377,23.1617,22.4868,22.9997,2601400
2000-12-12,22.9727,23.1617,22.8108,23.0537,1705600
2000-12-13,23.6476,23.6476,22.9997,23.0537,1340800
2000-12-14,22.7838,23.5667,22.7838,23.5396,1473800
2000-12-15,22.8918,23.1617,22.6488,22.8918,2429600
2000-12-18,23.3777,23.6206,23.0267,23.1077,2332200
2000-12-19,23.2697,24.0256,23.1887,23.4587,1896000
2000-12-20,22.8648,23.0807,22.7298,22.7838,1425400
2000-12-21,23.0807,23.2157,22.7298,22.8918,2090800
2000-12-22,23.5937,23.5937,22.8918,23.3777,1439000
2000-12-26,24.3495,24.5655,23.6206,23.6206,2306800
2000-12-27,24.9974,25.1593,24.2685,24.5115,3357400
2000-12-28,25.1324,25.4293,24.7274,25.1054,1473600
2000-12-29,24.5655,25.2673,24.4305,25.1593,1484400
2001-01-02,24.6464,25.3753,24.5655,24.6734,1802000
2001-01-03,23.9986,24.6194,23.8636,24.4035,2143400
2001-01-04,23.7016,23.8366,22.8918,23.7556,2099000
2001-01-05,24.1336,24.5655,23.6746,23.6746,1686800
2001-01-08,24.1605,24.6059,24.0525,24.1605,1085800
2001-01-09,23.7556,24.1605,23.3507,24.1066,1641200
2001-01-10,23.3507,23.7556,23.2427,23.5937,1440400
2001-01-11,23.5937,23.9716,23.4856,23.6476,1621400
2001-01-12,23.8096,23.8096,23.4587,23.5667,2106400
2001-01-16,24.5385,24.5655,23.8906,23.9176,2806600
2001-01-17,23.9446,24.8084,23.9176,24.8084,3779400
2001-01-18,23.8096,24.0795,23.5937,24.0795,1417200
2001-01-19,23.8636,24.0256,23.6206,23.8366,1888600
2001-01-22,24.3765,24.6194,23.9716,23.9986,2136600
2001-01-23,24.6194,24.7274,24.3495,24.4575,1791000
2001-01-24,24.5115,24.7814,24.4035,24.5925,2180800
2001-01-25,25.0784,25.4023,24.8894,24.9704,3027200
2001-01-26,24.5655,25.2673,24.5385,25.1593,2564000
2001-01-29,24.7361,24.8311,24.4683,24.8311,1315000
2001-01-30,24.8786,24.965,24.7533,24.9218,1386800
2001-01-31,25.3019,25.4833,25.0514,25.4833,2206400
2001-02-01,25.0686,25.2673,24.7576,25.2673,1594200
2001-02-02,25.1118,25.3537,25.0341,25.155,1604600
2001-02-05,23.0429,23.2589,22.3303,22.827,27004800
2001-02-06,23.3237,23.3237,22.8486,23.1941,13500000
2001-02-07,23.6433,23.7772,23.2157,23.3237,9312600
2001-02-08,23.6692,23.7297,23.3237,23.6908,8151400
2001-02-09,24.0795,24.1227,23.7902,23.842,6110400
2001-02-12,24.2351,24.4769,24.1875,24.4467,7913800
2001-02-13,24.5287,24.5331,24.1875,24.3344,5777000
2001-02-14,24.4294,24.6842,24.1314,24.6626,5917000
2001-02-15,24.2221,24.5331,24.0795,24.5331,7670000
2001-02-16,24.2307,24.3819,23.9845,24.3387,4390000
2001-02-20,24.1832,24.4423,24.058,24.1746,3058800
2001-02-21,23.9716,24.2048,23.9154,24.1702,3657200
2001-02-22,23.937,24.1314,23.8722,24.0709,4120200
2001-02-23,23.7211,23.9888,23.5699,23.9327,3952200
2001-02-26,23.7556,23.9284,23.734,23.8377,4060000
2001-02-27,23.6908,24.0148,23.652,23.9672,3060200
2001-02-28,23.0386,23.7599,22.9781,23.7556,3533200
2001-03-01,23.1077,23.2978,22.8918,22.8961,3878400
2001-03-02,23.7383,23.842,23.0429,23.1293,4264800
2001-03-05,23.9197,24.0148,23.6994,23.7426,3516400
2001-03-06,23.937,24.0493,23.6908,23.9197,2927000
2001-03-07,24.2696,24.2912,24.0234,24.0536,4871000
2001-03-08,24.8872,24.8916,24.2048,24.2739,6759200
2001-03-09,24.8268,25.1162,24.6626,24.8916,3963000
2001-03-12,24.3042,24.7965,24.2653,24.7922,3431400
2001-03-13,23.8204,24.3085,23.639,24.3042,3037400
2001-03-14,23.626,23.6908,23.4187,23.4489,3403200
2001-03-15,23.7772,23.8377,23.4317,23.7513,2676200
2001-03-16,23.7383,23.8463,23.6304,23.7772,4405600
2001-03-19,23.9802,24.2307,23.7556,23.7556,3952000
2001-03-20,24.0839,24.5331,23.7124,23.9802,3067600
2001-03-21,23.7599,24.0882,23.4835,24.0882,3648200
2001-03-22,23.0386,23.7513,22.6758,23.7513,4162400
2001-03-23,23.4965,23.5656,22.8918,23.1725,4881600
2001-03-26,23.2891,23.6692,23.2848,23.4965,4033400
2001-03-27,23.3841,23.6692,23.341,23.3669,3707200
2001-03-28,23.1466,23.4101,23.1164,23.3367,3668600
2001-03-29,22.9997,23.1293,22.5246,23.1293,4781400
2001-03-30,23.7772,23.8852,23.0818,23.0818,3446200
2001-04-02,23.0948,23.9716,23.0257,23.8031,3756800
2001-04-03,22.8874,23.2805,22.7967,23.1293,3522400
2001-04-04,23.3107,23.6692,23.0905,23.1077,4288600
2001-04-05,23.9672,23.9845,23.2373,23.3107,4690600
2001-04-06,23.7859,23.9672,23.2805,23.9672,3432000
2001-04-09,24.2998,24.3042,24.0018,24.0018,2773600
2001-04-10,24.8743,24.9952,24.5763,24.6194,4523000
2001-04-11,24.3905,25.0514,24.3603,24.8743,7478800
2001-04-12,24.4467,24.7015,24.2221,24.3603,9021800
2001-04-16,25.0902,25.0946,24.6194,24.654,6021600
2001-04-17,25.0859,25.1593,24.9218,25.0902,5750600
2001-04-18,24.965,25.3062,24.7922,25.0816,5377200
2001-04-19,24.7706,25.2241,24.7706,25.0514,7566600
2001-04-20,24.7361,25.1593,24.6972,24.775,3444000
2001-04-23,25.3451,25.5265,24.8095,25.0514,3977200
2001-04-24,25.5697,25.6993,25.4833,25.5179,3393600
2001-04-25,25.8504,25.885,25.5092,25.6777,3675600
2001-04-26,25.9066,26.0232,25.8288,25.9066,4752600
2001-04-27,25.9152,26.0448,25.7511,25.9584,4413600
2001-04-30,25.7425,26.1096,25.7295,25.9152,5240000
2001-05-01,25.5913,25.8245,25.479,25.7468,3688800
2001-05-02,24.4597,25.2285,24.3603,25.2241,6087800
2001-05-03,24.3128,24.4899,23.9284,24.4683,4071400
2001-05-04,24.8181,24.8656,24.4899,24.5244,3396000
2001-05-07,25.0125,25.1507,24.7965,25.0514,2590400
2001-05-08,25.1464,25.3062,24.8009,25.0125,2443800
2001-05-09,25.7122,25.8202,25.2673,25.2716,4584600
2001-05-10,25.6949,26.0016,25.6172,25.7165,4241200
2001-05-11,25.7036,25.7295,25.4833,25.6993,2401800
2001-05-14,26.4033,26.4638,25.7727,25.7856,3413600
2001-05-15,26.9173,26.9907,26.3471,26.4033,4639000
2001-05-16,27.7077,27.7768,27.1246,27.2067,8568000
2001-05-17,28.4506,29.241,27.6861,27.8157,8742200
2001-05-18,29.1633,29.3706,28.5068,28.5068,7084400
2001-05-21,29.0553,29.1633,28.8782,29.1633,4648800
2001-05-22,28.8782,29.3274,28.8566,29.0596,5213000
2001-05-23,28.6493,29.0251,28.5931,28.8523,4850800
2001-05-24,28.4636,28.7616,28.4203,28.7227,4826200
2001-05-25,28.0705,28.4376,27.8459,28.3772,4113000
2001-05-29,28.0662,28.3426,27.9582,28.1785,3625400
2001-05-30,28.01,28.0748,27.8113,28.0532,2753000
2001-05-31,27.9625,28.118,27.6947,28.0144,5087200
2001-06-01,27.8502,27.9669,27.6861,27.9021,2692600
2001-06-04,28.01,28.2865,27.915,28.0748,3897400
2001-06-05,27.8675,28.0057,27.6688,28.0057,3189600
2001-06-06,27.3406,27.5349,26.8482,27.5349,4112400
2001-06-07,26.9,27.3794,26.9,27.3622,3555600
2001-06-08,26.995,27.1894,26.6754,27.0382,1981200
2001-06-11,26.9345,27.198,26.8007,27.103,3147800
2001-06-12,27.0944,27.103,26.8654,26.9086,2952800
2001-06-13,26.8266,27.1635,26.5717,27.0512,2758600
2001-06-14,26.2478,26.8438,26.2089,26.8309,2173800
2001-06-15,26.2046,26.5415,26.0016,26.0016,3538000
2001-06-18,25.9195,26.3212,25.872,26.3212,3152200
2001-06-19,26.1139,26.1744,25.7554,26.0275,2397600
2001-06-20,25.8029,26.3385,25.7468,26.0707,2966600
2001-06-21,25.1162,25.8288,24.8613,25.8159,4586000
2001-06-22,25.3105,25.3537,24.6886,25.1162,3700000
2001-06-25,24.844,25.3408,24.8354,25.3105,5021600
2001-06-26,24.9995,25.0514,24.8138,24.8959,3107800
2001-06-27,24.1659,24.7101,23.95,24.7058,4676400
2001-06-28,24.0148,24.2005,23.5699,24.1443,5655600
2001-06-29,24.6194,24.7274,24.0148,24.1012,4330200
2001-07-02,24.4121,24.762,24.3171,24.6972,3646000
2001-07-03,24.5547,24.7274,24.3258,24.7274,1517800
2001-07-05,24.8354,25.0211,24.5244,24.7491,3928000
2001-07-06,24.8052,25.1162,24.641,24.9434,3405200
2001-07-09,24.5417,24.8354,24.4683,24.8354,3519000
2001-07-10,24.6022,24.7491,24.3819,24.5374,3889000
2001-07-11,24.1875,24.4467,23.9975,24.4467,3017400
2001-07-12,23.9716,24.6453,23.7988,24.0795,3354600
2001-07-13,24.1098,24.4942,23.8204,23.9716,4273200
2001-07-16,23.7556,24.1832,23.734,24.0018,3686000
2001-07-17,23.1812,23.7556,23.1336,23.7556,4440200
2001-07-18,22.9436,23.1855,22.7924,23.1293,5854400
2001-07-19,23.3237,23.5785,23.1509,23.3237,3009200
2001-07-20,23.7167,23.8118,23.518,23.518,2997400
2001-07-23,23.8204,24.0364,23.4792,23.8852,3046600
2001-07-24,22.8874,23.8247,22.719,23.8247,4830200
2001-07-25,24.0191,24.0364,22.9134,22.9997,3977000
2001-07-26,24.3042,24.3949,24.14,24.1659,3295400
2001-07-27,24.6065,24.7058,23.9975,24.3776,2126400
2001-07-30,24.8095,24.9391,24.5979,24.7491,2851400
2001-07-31,24.6583,25.0039,24.5979,24.8354,2827200
2001-08-01,24.6022,25.2414,24.559,24.9866,3786800
2001-08-02,24.8613,24.87,24.3085,24.7274,3120000
2001-08-03,24.4726,25.0471,24.4683,25.0471,2816200
2001-08-06,24.3042,24.6238,24.1875,24.4899,1814000
2001-08-07,24.6842,24.8268,24.4467,24.4899,3852400
2001-08-08,24.6194,24.965,24.4899,24.965,4376400
2001-08-09,24.559,24.7101,24.4251,24.5331,3216800
2001-08-10,25.0255,25.073,24.6238,24.6842,3054800
2001-08-13,24.8613,25.1896,24.8354,25.1334,2174000
2001-08-14,25.0082,25.0384,24.8354,24.8872,2607800
2001-08-15,25.5783,25.6301,25.0514,25.2673,4388800
2001-08-16,25.4617,25.5697,25.2285,25.4833,3172400
2001-08-17,25.06,25.2889,24.9736,25.2457,1584600
2001-08-20,24.9218,25.1118,24.8872,25.06,1530200
2001-08-21,24.9693,25.2889,24.9132,25.0298,1714600
2001-08-22,24.9002,25.6993,24.857,25.2673,3463800
2001-08-23,25.3105,25.4444,24.965,25.0082,6247800
2001-08-24,25.6431,25.6993,25.3537,25.5265,2158600
2001-08-27,25.3796,25.8072,25.3753,25.6561,2558600
2001-08-28,25.168,25.4833,25.1248,25.4833,1837600
2001-08-29,25.2673,25.7986,25.2371,25.4833,2529400
2001-08-30,25.1507,25.6561,25.1118,25.4185,3219600
2001-08-31,24.8354,25.3149,24.8354,25.1378,3139800
2001-09-04,25.2933,25.4833,25.0298,25.0514,2637800
2001-09-05,25.5653,25.6474,25.0298,25.4444,2659800
2001-09-06,25.6561,25.8547,25.4833,25.5653,2935200
2001-09-07,25.5567,25.8418,25.5524,25.6604,3637800
2001-09-10,25.2933,25.6345,25.1853,25.5999,2086800
2001-09-17,25.3062,25.5913,24.8354,25.2976,5154600
2001-09-18,24.0364,25.1162,24.0277,24.9218,4799800
2001-09-19,22.8227,24.1227,22.5333,24.058,5208200
2001-09-20,22.9997,23.0688,22.5678,22.6499,4217400
2001-09-21,23.3971,23.7772,22.4382,22.7838,5233400
2001-09-24,22.2439,23.3064,21.9199,22.9349,6117400
2001-09-25,21.9718,22.4598,21.596,22.4598,4744600
2001-09-26,21.7688,22.2741,21.7256,22.1575,3439000
2001-09-27,22.611,22.6887,21.7688,21.7688,3393600
2001-09-28,23.2978,23.2978,22.5894,22.6758,3652800
2001-10-01,22.9263,23.2978,22.5678,23.2978,2739400
2001-10-02,23.3021,23.3237,22.6024,22.6974,2399200
2001-10-03,23.1466,23.531,22.8918,23.2978,3212600
2001-10-04,23.4403,23.5396,23.1077,23.2373,4217600
2001-10-05,23.4749,23.7254,23.1077,23.5612,3282800
2001-10-08,23.7513,24.0752,23.2373,23.4792,1980400
2001-10-09,24.0018,24.0623,23.734,23.8852,2099400
2001-10-10,24.8052,24.8872,23.9716,24.1746,2659200
2001-10-11,24.5979,24.8872,24.1962,24.7965,3000400
2001-10-12,24.8354,24.8354,24.3516,24.5979,3598400
2001-10-15,24.2307,24.7274,23.7859,24.7274,3525800
2001-10-16,24.6194,24.7491,24.1314,24.2264,3705200
2001-10-17,24.5849,25.0557,24.4812,24.8354,5883000
2001-10-18,23.6563,24.4855,23.5958,24.4467,3097800
2001-10-19,23.7124,23.9716,23.1336,23.6606,3844400
2001-10-22,23.8852,24.045,23.652,23.9716,2590800
2001-10-23,24.0752,24.546,23.652,23.7556,3660400
2001-10-24,24.0666,24.2955,23.7859,24.0752,2682000
2001-10-25,24.546,24.559,23.8506,23.8506,2483600
2001-10-26,25.0125,25.0471,24.438,24.438,2034000
2001-10-29,24.8786,25.1593,24.7318,24.8613,2626600
2001-10-30,23.8636,24.6583,23.7772,24.6583,2846600
2001-10-31,23.5008,24.0752,23.2762,24.0364,4515200
2001-11-01,24.0191,24.0407,23.2805,23.5612,3267600
2001-11-02,23.2373,23.7167,23.1509,23.7167,1918800
2001-11-05,23.3669,23.4878,22.9393,23.4749,3352600
2001-11-06,23.6865,23.7124,23.0213,23.3669,3704000
2001-11-07,24.0277,24.1443,23.3237,23.4749,3363600
2001-11-08,23.924,24.2739,23.7772,24.0364,2167200
2001-11-09,24.4251,24.5935,24.1227,24.2696,2347600
2001-11-12,24.2307,24.6194,23.8463,24.1012,1674000
2001-11-13,24.4251,24.4251,24.0148,24.2739,1985200
2001-11-14,23.0732,23.7945,22.8918,23.5396,4881600
2001-11-15,22.2007,22.7881,21.9631,22.7838,4589200
2001-11-16,22.3821,22.4382,21.8811,22.3475,4609000
2001-11-19,23.0429,23.842,22.5549,23.7124,10048200
2001-11-20,23.6304,23.9284,23.2805,23.3237,5180400
2001-11-21,23.4446,23.8593,23.112,23.7556,3374400
2001-11-23,23.7556,23.7556,23.0429,23.22,1349000
2001-11-26,23.3669,23.5785,22.8918,23.5785,3307000
2001-11-27,23.626,23.9672,23.2287,23.3237,3865600
2001-11-28,23.6001,24.0105,23.3453,23.5828,4281600
2001-11-29,24.2351,24.3171,23.6044,23.6044,4118800
2001-11-30,24.0277,24.2351,23.7383,24.2351,3297800
2001-12-03,24.261,24.3949,23.7038,24.0277,3295600
2001-12-04,24.4683,24.4812,23.9888,24.3128,3319800
2001-12-05,25.2716,25.4401,24.6886,24.6886,7203000
2001-12-06,24.3128,25.2889,24.2739,25.2846,3735600
2001-12-07,24.6497,24.6929,24.1443,24.4035,2849200
2001-12-10,24.5115,24.5979,24.2092,24.3603,1725000
2001-12-11,23.9413,24.5115,23.9413,24.5115,2231600
2001-12-12,24.3042,24.4035,23.9716,23.9716,2562800
2001-12-13,23.8593,24.2523,23.7642,24.248,1614200
2001-12-14,24.451,24.4899,23.8981,23.937,2750200
2001-12-17,24.153,24.451,24.0666,24.451,2053200
2001-12-18,24.4855,24.4855,24.0234,24.0234,3087800
2001-12-19,24.9866,25.0082,24.3042,24.4855,3130600
2001-12-20,25.2241,25.2457,24.9477,25.0471,3368800
2001-12-21,25.3321,25.5179,25.3278,25.4746,3939800
2001-12-24,25.7425,25.8245,25.3753,25.3753,1565400
2001-12-26,26.0923,26.1873,25.8418,25.8504,2644400
2001-12-27,25.872,26.0966,25.3969,26.0966,3880000
2001-12-28,26.1269,26.2348,25.9584,26.0189,1894800
2001-12-31,26.0275,26.3256,26.0059,26.1744,1783400
2002-01-02,25.9671,26.0361,25.4185,25.9843,3599400
2002-01-03,25.8159,26.1571,25.5913,25.9671,3189600
2002-01-04,26.0319,26.2175,25.8202,25.8418,2983600
2002-01-07,26.0405,26.1096,25.7856,26.0361,2118200
2002-01-08,25.6993,26.0405,25.5308,26.0405,3274600
2002-01-09,25.4833,25.777,25.276,25.4833,3584000
2002-01-10,25.5697,25.7208,25.2889,25.5049,2987800
2002-01-11,25.5913,26.0016,25.3796,25.5697,5464200
2002-01-14,25.1982,25.6993,25.168,25.5913,3730800
2002-01-15,25.5135,25.8202,25.4185,25.4401,2881000
2002-01-16,25.0946,25.2933,25.0039,25.1593,3018800
2002-01-17,25.0946,25.3278,25.0082,25.2025,1326000
2002-01-18,25.06,25.1939,24.8397,25.0082,2236400
2002-01-22,24.7792,25.1809,24.7792,25.073,1973600
2002-01-23,25.4099,25.4703,24.9218,24.9391,2080200
2002-01-24,25.5653,25.6777,25.1162,25.1939,2617200
2002-01-25,25.6258,25.6993,25.3019,25.466,3493400
2002-01-28,25.4271,25.6345,25.2328,25.6129,2194400
2002-01-29,24.8613,25.3969,24.7533,25.3969,4229000
2002-01-30,25.2457,25.5913,24.8224,25.5913,10476800
2002-01-31,25.2544,25.2673,25.0514,25.0557,4913800
2002-02-01,25.4963,25.5005,25.1593,25.1593,3160800
2002-02-04,25.0211,25.4963,24.965,25.4963,2242600
2002-02-05,24.965,25.1421,24.7491,25.0211,1932600
2002-02-06,25.1075,25.2501,24.8786,24.965,2484800
2002-02-07,24.7706,24.9995,24.6324,24.965,2436000
2002-02-08,24.8138,24.8354,24.5201,24.6842,2061000
2002-02-11,25.0643,25.1118,24.4985,24.6194,2425400
2002-02-12,24.7965,25.0082,24.6713,25.0082,2745800
2002-02-13,24.8354,24.9434,24.5331,24.7491,2358800
2002-02-14,24.9693,25.1939,24.8138,24.844,3240200
2002-02-15,25.1162,25.2025,24.9477,24.9693,2826000
2002-02-19,24.3473,24.8743,24.2955,24.8138,2406600
2002-02-20,24.2351,24.3819,23.8852,24.2739,2278600
2002-02-21,24.4985,24.7015,24.2739,24.2739,2573400
2002-02-22,25.0773,25.155,24.6065,24.6065,2378400
2002-02-25,25.561,25.6129,24.965,25.1378,3393000
2002-02-26,25.4358,25.587,25.0686,25.5826,3293600
2002-02-27,25.0946,25.5481,25.0298,25.4617,2153000
2002-02-28,25.5308,25.8288,25.2241,25.2457,3690400
2002-03-01,25.6129,25.7252,25.2241,25.7208,5984600
2002-03-04,25.8332,25.8591,25.5826,25.7727,3910800
2002-03-05,25.8677,25.885,25.6129,25.8807,3003400
2002-03-06,26.2824,26.3212,25.8245,25.872,4152200
2002-03-07,26.2651,26.4335,25.9454,26.3903,3112400
2002-03-08,26.1571,26.5674,26.0448,26.373,2648400
2002-03-11,26.5199,26.5847,26.2391,26.3471,2271200
2002-03-12,26.9518,26.9648,26.3903,26.4335,4137400
2002-03-13,26.9907,27.2153,26.8266,27.2067,5022800
2002-03-14,26.805,27.0123,26.6927,27.008,2753200
2002-03-15,27.09,27.1764,26.8827,27.0598,3279800
2002-03-18,27.4053,27.4053,27.0209,27.1246,2648200
2002-03-19,27.4874,27.5565,27.3103,27.4053,3068600
2002-03-20,27.211,27.4528,27.0728,27.3189,3516600
2002-03-21,27.0037,27.2153,26.7877,27.1116,3157600
2002-03-22,26.6581,26.9129,26.5501,26.9086,2254200
2002-03-25,26.3903,26.6927,26.3903,26.6624,2789600
2002-03-26,26.5113,26.6279,26.3687,26.5631,3110600
2002-03-27,27.0771,27.0771,26.5631,26.6927,2723800
2002-03-28,27.1246,27.1591,26.8136,27.1246,3037200
2002-04-01,27.5263,27.5263,27.0857,27.185,2819600
2002-04-02,27.5047,27.6861,27.4399,27.4917,3154600
2002-04-03,27.1678,27.4399,27.0425,27.4399,2863200
2002-04-04,26.7143,27.1678,26.4767,27.1678,3214800
2002-04-05,26.1916,26.7143,26.1744,26.6063,2875400
2002-04-08,26.7186,26.7834,26.4811,26.5631,2629600
2002-04-09,25.9368,26.3514,25.8245,26.3471,5855200
2002-04-10,26.0664,26.1787,25.8116,25.9368,2761200
2002-04-11,25.7856,26.1657,25.7208,26.0016,2301400
2002-04-12,25.0946,25.8072,25.0082,25.6777,3577000
2002-04-15,25.6993,25.6993,25.3451,25.3451,3346400
2002-04-16,25.9368,25.9671,25.7338,25.8072,3967000
2002-04-17,26.0837,26.2003,25.8936,26.1528,2194600
2002-04-18,26.2003,26.2824,25.7684,26.196,1929800
2002-04-19,26.4551,26.5458,26.0016,26.2046,2473400
2002-04-22,26.2046,26.5199,26.1139,26.4594,1827400
2002-04-23,26.3342,26.4335,25.8936,25.9368,2689800
2002-04-24,25.9454,26.2564,25.9454,26.088,2585600
2002-04-25,26.2046,26.3471,25.764,25.9195,2367400
2002-04-26,25.8418,26.2348,25.7252,26.1571,3606600
2002-04-29,25.8893,25.9541,25.6129,25.8418,1897800
2002-04-30,25.8332,26.0966,25.8332,25.8893,2490000
2002-05-01,25.993,26.0837,25.6388,25.7468,1571800
2002-05-02,26.2262,26.2435,25.8807,25.993,2641000
2002-05-03,26.3342,26.4897,26.2391,26.3298,2840200
2002-05-06,25.7425,26.2046,25.7425,26.2003,2333400
2002-05-07,25.7079,25.8677,25.6345,25.7856,1570000
2002-05-08,26.1873,26.1873,25.7425,25.9238,2389600
2002-05-09,26.1225,26.3471,25.9195,26.1312,1914600
2002-05-10,25.9238,26.2391,25.8547,26.1225,1985600
2002-05-13,26.3298,26.3471,25.7727,25.8936,2806600
2002-05-14,26.3385,26.494,26.2219,26.4767,3039000
2002-05-15,26.0232,26.2348,25.9152,26.2305,3147000
2002-05-16,26.3212,26.4033,26.1269,26.1312,2064400
2002-05-17,26.1269,26.2521,25.9498,26.2435,1745400
2002-05-20,25.9757,26.0275,25.7943,25.9152,1406800
2002-05-21,25.8634,26.2003,25.8072,25.872,1958200
2002-05-22,26.1398,26.1744,25.8375,25.9713,2616400
2002-05-23,26.1182,26.2521,25.8764,26.2521,2514200
2002-05-24,25.5999,26.1312,25.5956,26.0102,2563200
2002-05-28,25.4531,25.6863,25.2716,25.6863,1671800
2002-05-29,25.2673,25.4574,25.1593,25.4574,3144600
2002-05-30,24.6194,25.1766,24.5158,25.1378,4237200
2002-05-31,24.857,25.3753,24.8527,24.9434,3266000
2002-06-03,24.3905,24.9347,24.3905,24.8613,3172200
2002-06-04,24.1746,24.546,23.9802,24.3905,3739000
2002-06-05,24.248,24.2696,23.9025,24.1012,3108200
2002-06-06,24.1573,24.5633,23.9111,24.4467,3172200
2002-06-07,24.4423,24.4985,23.9716,23.9716,3182600
2002-06-10,24.1184,24.5028,24.0364,24.4035,2762000
2002-06-11,23.9845,24.438,23.95,24.4035,2840000
2002-06-12,24.0536,24.2739,23.7859,24.1659,3448200
2002-06-13,24.0795,24.4812,24.0536,24.1875,2518200
2002-06-14,24.0061,24.1962,23.5526,23.7556,3185200
2002-06-17,24.7879,24.8527,24.1141,24.1141,2269600
2002-06-18,24.7965,24.9002,24.6238,24.6799,2139000
2002-06-19,24.559,24.9132,24.5201,24.8095,2804000
2002-06-20,24.6281,24.8786,24.5374,24.7274,2412600
2002-06-21,24.4078,24.8354,24.2826,24.4078,3842200
2002-06-24,24.438,24.6022,24.2523,24.5331,3137600
2002-06-25,24.3387,24.8872,24.3387,24.6194,2023000
2002-06-26,24.7836,24.7836,24.1659,24.3344,4037600
2002-06-27,24.9995,25.0211,24.5158,24.9391,2972000
2002-06-28,25.4315,25.6388,24.762,24.762,4159200
2002-07-01,25.4833,25.574,25.2025,25.4185,4246800
2002-07-02,25.4876,25.5697,24.8181,25.4487,5299200
2002-07-03,24.8009,24.8354,24.5287,24.6626,5763600
2002-07-05,25.2673,25.2673,24.7792,24.9088,1921000
2002-07-08,25.5567,25.5697,24.9304,25.2673,4086200
2002-07-09,25.1205,25.5222,25.0298,25.4617,2594800
2002-07-10,24.153,25.3537,24.058,25.3537,4238000
2002-07-11,23.0645,23.9759,23.0645,23.9716,6283400
2002-07-12,22.9177,23.2157,22.732,23.0905,5289000
2002-07-15,22.395,22.719,21.4448,21.596,5024400
2002-07-16,22.1359,22.5074,21.7947,22.1791,5207800
2002-07-17,22.395,22.814,22.2136,22.3734,3924000
2002-07-18,21.9502,22.5851,21.8811,22.395,3931000
2002-07-19,21.1641,21.8984,20.8229,21.8984,4373200
2002-07-22,20.0411,21.2678,19.7603,20.9482,5175400
2002-07-23,19.756,20.4601,19.553,19.9763,5539000
2002-07-24,20.6371,20.7494,19.3284,19.8035,6198200
2002-07-25,19.8985,20.6026,19.5617,20.4946,4390400
2002-07-26,20.5119,20.5119,19.8856,20.0065,3283200
2002-07-29,21.6824,21.6867,20.7019,20.7926,3428000
2002-07-30,21.6435,21.8854,21.0993,21.7904,4364600
2002-07-31,22.3519,22.3519,21.4016,21.6478,3192200
2002-08-01,21.2548,22.1575,21.2202,22.0711,4121800
2002-08-02,21.0172,21.38,20.5896,21.2548,4291000
2002-08-05,20.0843,21.3757,20.0843,21.0172,3639400
2002-08-06,20.9438,21.4103,20.2355,20.2355,2912400
2002-08-07,21.1079,21.1814,20.663,21.1641,3142000
2002-08-08,22.0279,22.0279,21.1554,21.2073,2514600
2002-08-09,22.3648,22.4728,21.4837,21.9415,2588200
2002-08-12,22.3432,22.3821,21.9329,22.3648,2265200
2002-08-13,21.8595,22.3389,21.8595,22.3389,3204400
2002-08-14,22.5765,22.6326,21.7904,22.1575,2676000
2002-08-15,22.6369,22.8702,22.4987,22.7838,2702000
2002-08-16,22.3864,22.611,22.2568,22.5289,2313400
2002-08-19,22.5851,22.732,22.2223,22.4598,2168000
2002-08-20,22.2136,22.5721,21.9891,22.5721,1626600
2002-08-21,22.4037,22.4339,21.8854,22.313,2227000
2002-08-22,22.8011,22.8788,22.3303,22.4598,3652800
2002-08-23,22.3778,22.7881,22.3087,22.7838,1880400
2002-08-26,22.4555,22.503,22.11,22.4598,2138800
2002-08-27,22.395,22.8702,22.3605,22.6801,2495600
2002-08-28,22.2439,22.3303,21.1641,21.9415,2938000
2002-08-29,22.2655,22.2871,21.8206,22.1575,3716000
2002-08-30,22.7104,22.9479,22.2353,22.3044,6635000
2002-09-03,22.7622,22.9781,22.3994,22.7104,8701200
2002-09-04,22.3303,22.8702,21.907,22.8702,9257800
2002-09-05,22.2871,22.4469,21.9415,22.2007,7450000
2002-09-06,22.1705,22.5678,22.0927,22.4382,6413800
2002-09-09,22.1402,22.2353,21.8768,22.1229,4524400
2002-09-10,22.5074,22.5203,22.1791,22.2007,6637400
2002-09-11,22.6585,22.7622,22.5894,22.611,3725400
2002-09-12,22.5203,22.6758,22.3648,22.6585,4828200
2002-09-13,22.4382,22.5462,22.2223,22.2439,2850200
2002-09-16,22.408,22.408,22.0495,22.0927,3805600
2002-09-17,21.5744,22.1791,21.5744,22.1143,5274400
2002-09-18,21.7385,21.9329,21.19,21.5744,3997600
2002-09-19,21.5269,21.8811,21.393,21.5226,3912400
2002-09-20,21.0777,21.6522,21.0777,21.5744,5465600
2002-09-23,20.9265,21.2461,20.6458,21.082,4870600
2002-09-24,20.4169,20.8185,20.3477,20.8185,4382000
2002-09-25,20.7494,20.892,20.2009,20.5162,4168000
2002-09-26,21.2418,21.3628,20.8617,20.9265,5528200
2002-09-27,20.6112,21.4189,20.6026,21.1338,4829600
2002-09-30,19.972,20.3953,19.8122,20.3953,5107000
2002-10-01,20.7797,20.7797,19.8337,19.8683,6333800
2002-10-02,20.4298,21.2116,20.3434,20.7797,3852000
2002-10-03,21.0,21.1209,20.3218,20.4514,4966200
2002-10-04,20.2786,21.2073,20.1275,21.0,3726000
2002-10-07,19.8467,20.7537,19.8424,20.5162,4810600
2002-10-08,20.067,20.162,19.553,20.1059,4635200
2002-10-09,19.2895,20.0627,19.2636,19.8467,3786800
2002-10-10,19.6394,19.6783,19.0174,19.2895,6706400
2002-10-11,19.7603,19.9979,19.5962,19.7171,5756400
2002-10-14,20.4471,20.5292,19.661,19.7603,3080800
2002-10-15,20.8401,20.9049,20.6242,20.6458,3698400
2002-10-16,20.7494,21.0172,20.5594,20.8401,3165000
2002-10-17,21.2807,21.3541,20.9784,21.2721,4343800
2002-10-18,21.1252,21.3671,20.7883,21.1641,2763600
2002-10-21,20.987,21.1425,20.6933,21.0604,3214400
2002-10-22,20.3866,20.6458,20.0411,20.581,5624200
2002-10-23,20.7106,20.8185,20.1707,20.3866,4596600
2002-10-24,20.3909,21.0043,20.2786,20.9913,3926200
2002-10-25,20.5075,20.7754,20.1102,20.486,4346600
2002-10-28,20.7581,21.177,20.4341,20.7537,3274000
2002-10-29,20.1879,20.5162,19.8337,20.5162,4408000
2002-10-30,21.2375,21.3368,20.5378,20.5378,7678600
2002-10-31,21.4841,22.1441,21.3291,22.1043,7998000
2002-11-01,21.3822,21.7499,21.1829,21.4841,6627600
2002-11-04,21.1253,21.4841,20.864,21.4841,4131000
2002-11-05,21.462,21.6259,21.0899,21.3069,3521400
2002-11-06,21.7056,21.8163,21.0721,21.7499,4554600
2002-11-07,21.7942,21.8606,21.5107,21.7056,4697200
2002-11-08,21.8075,22.0954,21.6392,21.8828,3312200
2002-11-11,21.298,21.8385,21.1917,21.7278,2426000
2002-11-12,21.2272,21.4398,21.1031,21.3734,3071200
2002-11-13,20.6425,21.3069,20.4387,21.174,3485800
2002-11-14,21.3689,21.3955,20.7532,20.9082,5017000
2002-11-15,21.5949,21.6569,21.3246,21.3689,3836800
2002-11-18,21.9227,21.9227,21.5196,21.7056,2587000
2002-11-19,21.5727,22.0821,21.5107,21.9536,3623000
2002-11-20,21.9581,21.9581,21.5904,21.7056,5149400
2002-11-21,22.122,22.1353,21.803,22.122,3368000
2002-11-22,21.5063,22.122,21.0057,22.122,6872400
2002-11-25,21.4575,21.5373,21.0057,21.1076,5925600
2002-11-26,20.9525,21.4841,20.9304,21.4841,4828800
2002-11-27,21.298,21.3911,21.019,21.0411,3823000
2002-11-29,21.1785,21.4177,21.1031,21.4177,2145800
2002-12-02,21.2139,21.7189,20.9525,21.7056,5225400
2002-12-03,21.6923,21.8119,21.3556,21.462,4485800
2002-12-04,21.8163,21.9182,21.5949,21.6967,3938000
2002-12-05,22.0998,22.215,21.8828,21.9714,3863000
2002-12-06,22.1131,22.2948,21.9536,22.0998,4631000
2002-12-09,22.0068,22.4808,21.9935,22.215,4646800
2002-12-10,22.277,22.2948,21.8163,22.06,3718400
2002-12-11,21.9625,22.2815,21.9271,22.2815,3813800
2002-12-12,21.8163,21.9891,21.5727,21.8828,6156800
2002-12-13,21.4398,21.8518,21.3335,21.7056,7637600
2002-12-16,21.9758,21.9758,21.4487,21.4841,6470400
2002-12-17,22.0555,22.1353,21.8606,21.9758,5577200
2002-12-18,21.8296,22.0821,21.7499,21.772,4811200
2002-12-19,21.6436,21.9094,21.5284,21.6834,4970800
2002-12-20,22.1175,22.1175,21.6701,21.7278,5586600
2002-12-23,22.0157,22.1486,21.8961,22.122,4421000
2002-12-24,21.7676,22.0157,21.741,21.9935,1714400
2002-12-26,21.5196,22.0334,21.4797,21.7942,2825400
2002-12-27,21.1829,21.6834,21.0854,21.5949,2244800
2002-12-30,21.5063,21.5063,21.1696,21.2848,3249600
2002-12-31,21.4354,21.555,21.1474,21.5107,3445600
2003-01-02,21.8518,21.8828,21.4664,21.617,4094200
2003-01-03,21.8828,22.0245,21.8163,21.9404,2791200
2003-01-06,22.2948,22.3701,21.8163,21.9271,4749600
2003-01-07,21.4575,22.1486,21.3999,22.0821,6312800
2003-01-08,21.081,21.5949,21.0766,21.4575,6308800
2003-01-09,21.267,21.3025,20.9747,20.9747,5230600
2003-01-10,20.6823,21.1785,20.6425,21.174,5273800
2003-01-13,20.895,20.9304,20.576,20.7754,5219400
2003-01-14,21.1474,21.1474,20.7665,20.9304,5573000
2003-01-15,21.1386,21.3512,20.9525,21.1519,5201400
2003-01-16,21.3734,21.462,21.2803,21.3601,3827200
2003-01-17,21.3113,21.5063,21.267,21.3778,3451200
2003-01-21,20.9968,21.1297,20.895,21.0677,4242400
2003-01-22,21.0234,21.143,20.6115,20.9525,5248600
2003-01-23,21.0633,21.1519,20.9215,21.0854,3709600
2003-01-24,20.5406,21.0145,20.421,20.9747,4886000
2003-01-27,20.071,20.576,19.9957,20.5406,3772200
2003-01-28,20.3368,20.4918,20.0046,20.1995,3342800
2003-01-29,21.267,21.2936,20.2438,20.5096,5977000
2003-01-30,21.019,21.4354,21.0057,21.267,6323800
2003-01-31,21.3468,21.524,20.8196,20.9525,4431600
2003-02-03,21.9625,22.0378,21.2759,21.3468,5290600
2003-02-04,22.1707,22.3257,21.6746,21.9625,5418600
2003-02-05,21.8872,22.3479,21.865,22.3435,3689600
2003-02-06,21.6392,21.8916,21.4841,21.8916,4848000
2003-02-07,21.555,21.7676,21.5107,21.6834,3709400
2003-02-10,21.6214,21.7278,21.4487,21.462,3402200
2003-02-11,21.4885,21.8473,21.3778,21.7056,3854000
2003-02-12,21.2095,21.5683,21.1962,21.3291,3502600
2003-02-13,21.2316,21.3069,20.9747,21.2405,2997800
2003-02-14,21.5816,21.586,21.1297,21.2626,3186600
2003-02-18,21.8252,21.9005,21.4752,21.5727,3615200
2003-02-19,21.9227,22.0112,21.71,21.9138,2914000
2003-02-20,21.5196,22.0245,21.5107,21.9271,3648200
2003-02-21,22.122,22.2815,21.5284,21.5727,5711800
2003-02-24,22.0024,22.3213,21.9005,22.1486,4332200
2003-02-25,22.1308,22.1929,21.8916,22.0024,5142600
2003-02-26,22.2726,22.4542,22.0112,22.1308,5916800
2003-02-27,22.4586,22.627,22.3169,22.5738,6327400
2003-02-28,22.4586,22.72,22.3922,22.658,5395200
2003-03-03,22.9238,22.9681,22.6359,22.6359,6125000
2003-03-04,22.813,22.9636,22.7599,22.9238,5625400
2003-03-05,22.7599,23.0124,22.6491,22.813,5102400
2003-03-06,22.5074,22.7864,22.4188,22.5915,6981000
2003-03-07,22.8573,22.906,22.4498,22.5074,7356800
2003-03-10,22.5605,22.9592,22.5029,22.8573,3820200
2003-03-11,22.4631,22.7909,22.4365,22.6137,4366000
2003-03-12,22.0157,22.4631,21.8163,22.4631,6535800
2003-03-13,22.2637,22.308,22.06,22.3036,3664400
2003-03-14,22.4055,22.4055,22.0378,22.308,4483800
2003-03-17,22.5915,22.813,22.3922,22.4055,6915000
2003-03-18,22.5561,22.5915,22.0157,22.5915,5906200
2003-03-19,22.7599,22.8573,22.5118,22.6801,4438600
2003-03-20,23.0699,23.1408,22.6137,22.7599,4651000
2003-03-21,22.8795,23.1851,22.8352,23.1674,5034400
2003-03-24,22.627,23.0124,22.4454,22.8839,4370200
2003-03-25,23.0434,23.3003,22.7244,22.813,3756000
2003-03-26,22.9769,23.1763,22.9016,23.0877,3767000
2003-03-27,23.3224,23.5041,22.9016,22.9813,4691600
2003-03-28,23.7388,23.8451,23.2781,23.3003,4643000
2003-03-31,23.7433,23.854,23.5395,23.7388,4615400
2003-04-01,23.9293,24.0312,23.7211,23.8319,4154000
2003-04-02,23.6325,23.9249,23.411,23.9205,7056200
2003-04-03,23.1718,23.7654,23.0345,23.6724,5007800
2003-04-04,23.3003,23.4775,23.1674,23.4775,4457800
2003-04-07,22.9149,23.5882,22.8573,23.4553,5767000
2003-04-08,22.7023,22.7687,22.5605,22.6801,3680600
2003-04-09,22.5472,22.8352,22.4852,22.7466,4253800
2003-04-10,22.5915,22.6801,22.5118,22.5472,4203600
2003-04-11,22.6225,22.7687,22.5472,22.6359,2912800
2003-04-14,22.7244,22.751,22.5339,22.5915,3218000
2003-04-15,22.6845,22.8396,22.6004,22.7466,4502400
2003-04-16,22.4897,22.7687,22.3922,22.7244,3434600
2003-04-17,22.7023,22.7643,22.4897,22.4897,3820600
2003-04-21,22.6225,22.8086,22.5782,22.6137,2768400
2003-04-22,22.9238,22.9902,22.4586,22.6225,3548200
2003-04-23,22.8529,22.9592,22.5871,22.9016,3378200
2003-04-24,22.5162,22.9681,22.5118,22.8219,4964200
2003-04-25,22.3302,22.5384,22.0024,22.5384,5314200
2003-04-28,22.9839,23.0611,22.6979,22.7434,3668600
2003-04-29,22.7206,23.0611,22.6389,23.0611,5383600
2003-04-30,22.8341,22.934,22.6662,22.7116,4732800
2003-05-01,22.8477,23.0203,22.6389,22.9431,3565400
2003-05-02,23.3789,23.5151,22.9703,23.0157,4281600
2003-05-05,23.4016,23.4697,23.22,23.3789,3407000
2003-05-06,23.4243,23.6013,23.3335,23.4016,4972400
2003-05-07,23.5605,23.6059,23.2563,23.4879,5664600
2003-05-08,23.3199,23.7194,23.2881,23.5151,4958000
2003-05-09,23.0611,23.329,22.8795,23.3017,5828800
2003-05-12,23.3244,23.397,23.0203,23.0747,3704000
2003-05-13,23.6285,23.7511,23.1973,23.3607,3078200
2003-05-14,23.5151,23.7194,23.4243,23.6739,2565000
2003-05-15,23.6059,23.6649,23.5015,23.5605,3334200
2003-05-16,23.6467,23.7602,23.4333,23.6059,4180200
2003-05-19,23.4969,23.7602,23.4969,23.5968,3148600
2003-05-20,23.5741,23.7194,23.3335,23.6513,3446000
2003-05-21,24.1279,24.1824,23.4197,23.5741,5059000
2003-05-22,24.0144,24.1052,23.8873,24.0462,2667000
2003-05-23,24.1325,24.2006,23.9464,24.0144,4566400
2003-05-27,24.6954,24.7226,24.0371,24.1325,5483800
2003-05-28,24.4366,24.7862,24.4048,24.7045,5520400
2003-05-29,24.0553,24.6,23.9464,24.6,5146600
2003-05-30,24.5002,24.65,24.0553,24.196,4376400
2003-06-02,24.9859,25.172,24.5501,24.6182,4269000
2003-06-03,25.1266,25.172,24.8361,25.0812,3596000
2003-06-04,25.172,25.399,25.0585,25.0585,4774200
2003-06-05,25.054,25.1266,24.8769,25.0812,3716600
2003-06-06,24.8316,25.1947,24.8043,25.1493,3121600
2003-06-09,24.5274,24.591,24.423,24.5138,4514800
2003-06-10,24.7635,24.9314,24.5955,24.8543,2549200
2003-06-11,25.0994,25.1175,24.7589,24.8769,5196000
2003-06-12,25.1675,25.2401,24.9995,25.1039,4673600
2003-06-13,24.6545,25.0222,24.482,25.0177,4299800
2003-06-16,24.8588,25.0358,24.5637,24.8769,5828000
2003-06-17,24.8906,24.936,24.7271,24.8588,5483600
2003-06-18,24.8452,24.9223,24.7408,24.8906,4297400
2003-06-19,24.8543,24.9678,24.3731,24.8452,3190000
2003-06-20,24.8769,24.9859,24.8089,24.9678,6476000
2003-06-23,24.9042,24.9587,24.8497,24.9223,4284400
2003-06-24,24.8815,24.9678,24.8543,24.9133,4118400
2003-06-25,24.6409,25.0812,24.6182,24.9223,4824400
2003-06-26,24.7862,24.8316,24.5138,24.6727,3663400
2003-06-27,24.8361,24.945,24.7317,24.7907,4272200
2003-06-30,24.8769,25.0131,24.8089,24.945,4270200
2003-07-01,24.9814,25.0131,24.6273,24.8543,4743800
2003-07-02,24.9904,25.0585,24.5319,24.9814,4890600
2003-07-03,24.7862,24.8769,24.5637,24.8769,2721200
2003-07-07,24.482,24.8815,24.4684,24.8316,5568600
2003-07-08,24.2369,24.5002,24.0825,24.4729,4529000
2003-07-09,24.1461,24.2414,24.0598,24.1733,4281200
2003-07-10,24.0144,24.2142,23.9009,24.1915,3584000
2003-07-11,24.2641,24.5319,24.0598,24.0598,3101400
2003-07-14,24.3504,24.5819,24.2868,24.5819,4258400
2003-07-15,24.0598,24.4139,24.0008,24.3504,3252600
2003-07-16,24.0144,24.1506,23.7421,24.0734,2839800
2003-07-17,23.9464,24.2687,23.9327,24.0144,4241200
2003-07-18,24.3776,24.5138,24.1778,24.2868,3202000
2003-07-21,24.2868,24.5093,24.2051,24.4003,3055600
2003-07-22,24.4865,24.6046,23.7511,23.7511,3441000
2003-07-23,24.2096,24.5546,24.0871,24.4684,2241400
2003-07-24,23.91,24.4185,23.91,24.2414,2832200
2003-07-25,24.0326,24.2777,23.91,24.0598,4153800
2003-07-28,24.0371,24.4548,24.0144,24.3186,4918800
2003-07-29,23.5832,24.028,23.4924,23.8919,4051600
2003-07-30,23.6059,23.9827,23.6059,23.969,3764400
2003-07-31,23.7602,24.1688,23.7194,23.9009,4348600
2003-08-01,23.6195,23.7602,23.2836,23.7602,3398000
2003-08-04,23.7284,23.8056,23.4606,23.7421,3031200
2003-08-05,23.6876,24.1234,23.6876,23.8555,4493400
2003-08-06,23.9464,24.1461,23.624,23.7421,2503400
2003-08-07,24.3594,24.3867,23.9645,23.9917,2985000
2003-08-08,24.5138,24.5728,24.246,24.4911,2566200
2003-08-11,24.4865,24.7362,24.4185,24.4911,4038000
2003-08-12,24.7271,24.7362,24.3594,24.5093,3098000
2003-08-13,24.7135,24.9223,24.6772,24.8316,3164000
2003-08-14,24.9133,24.9314,24.7408,24.8406,2855000
2003-08-15,24.8134,24.9223,24.6591,24.9223,2313000
2003-08-18,24.9178,24.9405,24.7952,24.8179,3721000
2003-08-19,24.9314,24.9587,24.7771,24.8996,3925800
2003-08-20,24.8134,24.9405,24.7907,24.9223,3182000
2003-08-21,24.8906,24.945,24.7362,24.8996,2593000
2003-08-22,24.6409,24.9223,24.6046,24.9223,2561600
2003-08-25,24.6772,24.7498,24.5683,24.6273,2759200
2003-08-26,24.6454,24.7408,24.4366,24.6046,2029000
2003-08-27,24.8815,24.9314,24.65,24.65,2164000
2003-08-28,25.2129,25.2446,24.768,24.8996,4767200
2003-08-29,25.3491,25.4172,25.1221,25.2129,3395400
2003-09-02,25.803,25.803,25.2083,25.4081,5934000
2003-09-03,25.7622,25.853,25.5851,25.6487,6253000
2003-09-04,25.7849,25.912,25.7304,25.7849,3893400
2003-09-05,25.458,25.8212,25.3672,25.7894,4835400
2003-09-08,25.7531,25.8121,25.5443,25.8076,4442000
2003-09-09,25.912,25.912,25.5306,25.6714,4524000
2003-09-10,25.744,25.9438,25.685,25.8984,3346400
2003-09-11,25.6441,25.9664,25.5761,25.7622,3525600
2003-09-12,25.6668,25.6714,25.4353,25.6441,3084400
2003-09-15,25.5488,25.6124,25.4263,25.6033,2106400
2003-09-16,25.7803,25.803,25.4626,25.5488,3032200
2003-09-17,25.34,25.803,25.2901,25.803,3005400
2003-09-18,25.4081,25.4626,25.3082,25.3354,3840600
2003-09-19,25.4444,25.5306,25.2764,25.4217,3702200
2003-09-22,25.2537,25.3309,24.9995,25.3309,2994400
2003-09-23,25.3491,25.3854,25.222,25.2855,2828000
2003-09-24,25.3491,26.1163,25.1993,26.089,4646200
2003-09-25,25.1085,25.458,25.0358,25.3536,4030400
2003-09-26,24.7726,25.0767,24.7453,25.0585,4931000
2003-09-29,24.6091,24.7408,24.4548,24.7408,5690200
2003-09-30,24.8543,24.9723,24.3322,24.5819,4740800
2003-10-01,25.1493,25.2174,24.8452,24.8996,6004800
2003-10-02,25.4081,25.4217,24.6454,25.1493,4842800
2003-10-03,25.3899,25.6759,25.3899,25.4671,3549800
2003-10-06,25.6033,25.6623,25.399,25.399,3624000
2003-10-07,25.7667,25.8303,25.4081,25.6033,2765600
2003-10-08,25.5352,25.6941,25.3627,25.6941,2798600
2003-10-09,25.6986,25.8621,25.5306,25.5306,2871400
2003-10-10,25.9846,25.9982,25.7259,25.7758,3357800
2003-10-13,26.3206,26.4204,26.0391,26.0936,4785600
2003-10-14,26.3568,26.3796,26.0255,26.3251,3458600
2003-10-15,26.139,26.4658,26.03,26.3478,5156200
2003-10-16,26.4204,26.5385,26.139,26.139,4685400
2003-10-17,26.316,26.5294,26.2524,26.5112,3630600
2003-10-20,26.1889,26.3478,26.1299,26.3296,3170400
2003-10-21,26.0754,26.257,26.0572,26.1616,2823200
2003-10-22,25.7803,26.0754,25.3718,26.0754,3166800
2003-10-23,26.0527,26.089,25.5534,25.7395,4148600
2003-10-24,26.1117,26.139,25.8757,26.0527,2643200
2003-10-27,26.0346,26.1934,25.9438,26.1117,3215200
2003-10-28,26.0572,26.148,25.7304,26.1026,2858000
2003-10-29,26.4637,26.8261,25.5811,25.5811,4154400
2003-10-30,26.264,26.5798,26.1014,26.5055,4184400
2003-10-31,26.552,26.6588,26.2918,26.3848,3513200
2003-11-03,26.4684,26.7796,26.4451,26.5473,4689082
2003-11-04,26.4869,26.538,26.394,26.5009,6063658
2003-11-05,26.7332,26.7796,26.0271,26.4869,3970800
2003-11-06,26.9004,26.9422,26.5845,26.7471,3668600
2003-11-07,26.9979,27.0351,26.7378,26.9329,3555600
2003-11-10,26.9189,27.0165,26.8493,26.9422,3069000
2003-11-11,26.408,26.9189,26.3615,26.9189,5221600
2003-11-12,26.5241,26.5706,26.3383,26.5706,3931400
2003-11-13,26.7332,26.7563,26.4823,26.5706,2282200
2003-11-14,26.6263,26.8678,26.5659,26.5706,3404400
2003-11-17,26.552,26.6263,26.2779,26.6263,2175200
2003-11-18,26.552,26.7471,26.4962,26.6402,3319200
2003-11-19,26.4916,26.6914,26.4776,26.6402,4997000
2003-11-20,26.5055,26.7053,26.3848,26.5009,3500200
2003-11-21,26.2361,26.696,26.2036,26.6635,3751000
2003-11-24,26.5752,26.5845,26.2129,26.2222,2977200
2003-11-25,26.5798,26.775,26.4312,26.5984,2864200
2003-11-26,26.6402,26.8075,26.5287,26.7796,3968600
2003-11-28,26.3569,26.6635,26.2733,26.6402,3153600
2003-12-01,26.9282,26.9422,26.5055,26.5938,4727000
2003-12-02,27.272,27.5414,26.9004,26.9282,6396000
2003-12-03,27.1373,27.4299,27.114,27.3045,5322600
2003-12-04,27.6808,27.7319,27.128,27.1512,5873600
2003-12-05,27.7876,27.9548,27.6575,27.7551,4441800
2003-12-08,27.8805,27.8991,27.7319,27.8015,3165200
2003-12-09,27.9223,28.1732,27.3742,27.3742,3809600
2003-12-10,27.9967,28.0896,27.848,27.9873,3903000
2003-12-11,28.3172,28.3357,27.8062,27.9781,4040600
2003-12-12,28.3264,28.424,28.1035,28.2196,3620600
2003-12-15,28.0291,28.4054,27.9873,28.3729,3792200
2003-12-16,28.3172,28.4147,27.9967,28.0106,4152400
2003-12-17,28.7074,28.8421,28.2243,28.2243,5499200
2003-12-18,29.7293,29.9337,28.7399,28.7399,8843000
2003-12-19,29.4645,29.6828,29.3763,29.6828,6469200
2003-12-22,29.497,29.6596,29.4413,29.4692,3573200
2003-12-23,29.367,29.497,29.0882,29.4785,3253800
2003-12-24,29.6828,29.9569,29.353,29.353,2184800
2003-12-26,29.9058,30.0127,29.7061,29.7061,1268800
2003-12-29,30.152,30.1613,29.785,29.9987,5337200
2003-12-30,30.3703,30.4168,30.0498,30.0823,3935800
2003-12-31,30.4679,30.6769,30.3518,30.3843,4654800
2004-01-02,30.4168,30.5608,30.3564,30.4121,3758400
2004-01-05,31.2854,31.4248,30.6862,30.6955,6903600
2004-01-06,30.9556,31.1136,30.807,31.0067,5540800
2004-01-07,30.7373,30.9835,30.31,30.6583,6072000
2004-01-08,30.5655,30.6909,30.0777,30.0777,5095400
2004-01-09,30.3936,30.5608,30.1938,30.2171,5316400
2004-01-12,30.5283,30.6212,30.3936,30.4725,3807200
2004-01-13,30.6026,31.2715,30.5329,30.5329,5940400
2004-01-14,30.7141,30.8209,30.361,30.5655,3853800
2004-01-15,30.0916,30.7698,30.0777,30.728,5455400
2004-01-16,30.2496,30.2496,29.8687,30.1474,4306200
2004-01-20,30.9231,31.0114,30.2496,30.2496,3402400
2004-01-21,31.2158,31.4434,30.9185,30.9231,4284200
2004-01-22,31.304,31.5641,31.1229,31.5641,3720000
2004-01-23,31.2901,31.5595,31.1229,31.3087,3371000
2004-01-26,31.5502,31.606,31.0485,31.2158,2793800
2004-01-27,31.4527,31.6617,31.4202,31.4945,3528800
2004-01-28,30.807,31.3505,30.7048,31.3365,5217800
2004-01-29,30.9463,31.016,30.5979,30.9231,3792400
2004-01-30,30.6026,30.951,30.5143,30.951,3291800
2004-02-02,30.8023,30.9975,30.4725,30.6073,4089000
2004-02-03,30.5747,30.7419,30.4028,30.6351,2608200
2004-02-04,30.3146,30.6351,30.2496,30.5794,3397600
2004-02-05,30.3239,30.4632,30.0173,30.4261,3002800
2004-02-06,30.6723,30.7419,30.2171,30.2171,3557200
2004-02-09,30.7373,31.0021,30.5562,30.6816,2849200
2004-02-10,31.0439,31.0903,30.6491,30.7419,3952200
2004-02-11,31.7407,31.8197,30.9835,31.0253,4267200
2004-02-12,31.7221,31.9497,31.5131,31.6849,3093200
2004-02-13,31.88,32.0008,31.5409,31.7778,3590000
2004-02-17,32.2238,32.2842,31.9776,32.0287,3127000
2004-02-18,31.671,32.0055,31.6571,31.959,3220000
2004-02-19,31.7593,32.0798,31.7128,31.7825,3149400
2004-02-20,31.6478,31.9822,31.5409,31.959,3491800
2004-02-23,31.9822,32.0891,31.75,31.75,3541000
2004-02-24,32.0194,32.2145,31.8661,31.8893,3070000
2004-02-25,31.9497,32.2145,31.9172,32.0055,3224200
2004-02-26,31.9822,32.0751,31.7871,31.7964,3421400
2004-02-27,31.9915,32.1541,31.8661,31.9822,4589600
2004-03-01,32.7951,32.8184,32.2656,32.3027,5546200
2004-03-02,32.3027,32.6186,32.2191,32.5164,5207000
2004-03-03,32.391,32.5118,31.959,32.3074,3299800
2004-03-04,32.3213,32.4282,32.1216,32.3957,2214400
2004-03-05,32.6697,32.7766,32.2609,32.3167,4327600
2004-03-08,32.8044,33.2086,32.758,32.7859,4129400
2004-03-09,32.8091,32.9252,32.7115,32.7487,4494800
2004-03-10,32.1541,32.8973,32.038,32.8973,4194800
2004-03-11,31.606,32.1727,31.5038,31.9822,5069600
2004-03-12,32.1216,32.1216,31.5084,31.6571,3471800
2004-03-15,31.8382,32.2609,31.7639,32.1216,3717800
2004-03-16,31.8475,31.9126,31.527,31.9126,3966400
2004-03-17,32.0055,32.6511,31.8754,31.8893,4898600
2004-03-18,32.679,32.8416,31.9497,32.0055,4896000
2004-03-19,32.1866,32.8509,32.1216,32.7487,4564200
2004-03-22,32.0287,32.3353,31.894,32.1216,3313200
2004-03-23,31.8011,32.1402,31.6338,32.0751,3632600
2004-03-24,31.239,32.0055,31.1693,31.8661,4251400
2004-03-25,30.6769,31.304,30.5097,31.2622,6961600
2004-03-26,31.0299,31.4341,30.7559,30.8813,5589000
2004-03-29,31.3226,31.5131,31.1089,31.239,5201600
2004-03-30,32.2238,32.4003,31.4573,31.8568,5280800
2004-03-31,32.4282,32.5489,31.9636,32.5164,9214600
2004-04-01,31.9079,32.7208,31.894,32.5164,6460200
2004-04-02,32.0194,32.1216,31.8568,31.959,4952400
2004-04-05,32.2749,32.3631,31.8893,31.8893,4718600
2004-04-06,32.3631,32.5536,32.2609,32.3771,3115000
2004-04-07,32.5257,32.7487,32.1727,32.3771,3937600
2004-04-08,33.0367,33.255,32.7719,32.8648,5603000
2004-04-12,33.6127,34.0494,33.2132,33.2132,6149000
2004-04-13,33.1853,33.9425,33.1668,33.896,5277600
2004-04-14,33.4733,33.5105,32.9391,33.19,5283000
2004-04-15,33.7753,33.9425,33.5198,33.5384,3836400
2004-04-16,33.8124,34.0308,33.6359,33.91,4263000
2004-04-19,33.9332,34.1655,33.8078,33.8124,5105800
2004-04-20,32.9949,34.1701,32.981,33.9379,5835000
2004-04-21,32.7998,33.1714,32.6697,33.0506,5995200
2004-04-22,33.2225,33.2782,32.5861,32.5861,5074000
2004-04-23,33.3665,33.5291,33.1482,33.2271,3676400
2004-04-26,33.7706,33.9053,33.3897,33.4455,3901200
2004-04-27,34.3095,34.551,33.7753,33.7753,6298600
2004-04-28,34.2584,34.5371,33.5151,34.3745,5875800
2004-04-29,33.1389,34.3234,32.9391,34.2584,6992200
2004-04-30,33.1203,33.7474,33.0878,33.4455,5733000
2004-05-03,34.3281,34.4117,33.1017,33.1528,5823400
2004-05-04,34.3327,34.5278,33.9472,34.3281,6294400
2004-05-05,34.9366,35.0992,34.0633,34.3327,9097800
2004-05-06,34.6114,34.9877,34.5278,34.8855,5495800
2004-05-07,33.975,34.6718,33.975,34.6161,3853000
2004-05-10,33.3433,33.6684,32.7301,33.4455,7144800
2004-05-11,33.9983,34.0912,33.269,33.269,6012000
2004-05-12,33.9564,34.1887,33.3758,34.0261,6818800
2004-05-13,34.0273,34.5003,33.9375,34.1692,5293000
2004-05-14,34.68,34.8313,33.9942,34.051,5399600
2004-05-17,34.7793,34.9684,34.4293,34.453,4784600
2004-05-18,34.1408,34.7793,34.1408,34.7793,6624800
2004-05-19,33.6963,34.1361,33.649,34.0983,7512800
2004-05-20,33.4173,33.7814,33.3983,33.6679,4499400
2004-05-21,33.3274,34.2543,32.9774,33.8854,6027200
2004-05-24,34.3111,34.3915,33.2754,33.3558,5485400
2004-05-25,34.8833,34.9496,34.3584,34.3915,4194200
2004-05-26,34.7036,34.9968,34.5665,34.9401,4803200
2004-05-27,34.2733,34.7781,34.2543,34.7084,6001400
2004-05-28,34.68,34.9259,34.0652,34.9259,4225600
2004-06-01,35.5691,35.588,34.7367,34.7367,7559600
2004-06-02,35.3184,36.0326,35.3184,35.6778,5426200
2004-06-03,35.4177,35.6873,35.2522,35.3799,7013400
2004-06-04,34.9684,35.5123,34.8218,35.4792,5721800
2004-06-07,35.8481,35.8528,35.0631,35.1151,5426800
2004-06-08,35.3563,36.0136,35.1151,35.8481,8063000
2004-06-09,35.0441,35.309,34.6847,35.309,5941800
2004-06-10,35.4934,35.5454,35.1245,35.134,3209400
2004-06-14,34.9259,35.4934,34.836,35.4934,4902800
2004-06-15,35.2806,35.3847,35.0158,35.0205,5067800
2004-06-16,35.9474,36.1791,35.4745,35.4934,4670400
2004-06-17,36.146,36.3825,35.9049,36.2548,4757200
2004-06-18,36.269,36.619,36.0846,36.1791,6334800
2004-06-21,36.2454,36.5225,36.1177,36.2738,4022800
2004-06-22,36.5008,36.5197,36.0231,36.1791,4189200
2004-06-23,37.1865,37.3568,36.4818,36.5244,5613800
2004-06-24,36.9358,37.248,36.9027,37.125,4171000
2004-06-25,36.5055,37.021,36.5055,36.9358,3987800
2004-06-28,35.9711,36.6805,35.8481,36.5008,5195200
2004-06-29,35.7772,36.1035,35.7062,35.8481,5116800
2004-06-30,36.0798,36.2028,35.7535,35.9427,5872200
2004-07-01,36.1319,36.269,35.8434,36.2028,5139600
2004-07-02,36.0326,36.2406,35.9616,36.1319,2741000
2004-07-06,36.1272,36.4913,36.0609,36.2028,5576400
2004-07-07,36.5906,36.5906,35.9522,36.0609,5907000
2004-07-08,36.444,36.7514,36.2075,36.4724,3866200
2004-07-09,36.5812,36.7798,36.4014,36.5339,3480600
2004-07-12,36.3589,36.6237,36.2738,36.5859,2835400
2004-07-13,36.3116,36.3778,35.9001,36.0467,3537000
2004-07-14,36.9358,36.9595,36.2028,36.2028,3900200
2004-07-15,37.3237,37.3894,36.9832,37.1014,5655000
2004-07-16,37.598,37.7304,37.3662,37.3662,5638800
2004-07-19,37.4182,37.7635,37.2669,37.5176,3130400
2004-07-20,37.4939,37.5932,37.1865,37.3851,3625200
2004-07-21,36.7372,37.5507,36.7372,37.4372,3646000
2004-07-22,36.7987,37.2622,36.6663,36.9832,5573200
2004-07-23,36.496,36.8602,36.4109,36.7703,3133400
2004-07-26,36.0042,36.4629,35.9238,36.4251,4121400
2004-07-27,36.3683,36.4582,35.7923,36.0089,5218000
2004-07-28,36.8758,37.0442,36.5872,36.9047,4246400
2004-07-29,37.5685,37.5974,36.948,36.9913,3673600
2004-07-30,37.8908,37.963,37.631,37.6888,3867600
2004-08-02,37.9582,38.0928,37.583,37.8908,3220600
2004-08-03,38.0159,38.4488,38.0159,38.088,4602600
2004-08-04,36.8951,37.9582,36.8277,37.9293,5857200
2004-08-05,36.5102,37.1212,36.3948,37.0394,5799400
2004-08-06,35.5578,36.5295,35.4375,36.414,6054800
2004-08-09,36.1206,36.3852,35.577,35.577,4725000
2004-08-10,35.7021,36.2938,35.5722,36.2938,6103400
2004-08-11,35.2355,35.7502,34.8747,35.7021,7394400
2004-08-12,34.9084,35.476,34.9084,35.2355,4491400
2004-08-13,35.3413,35.5963,34.9325,34.9325,4089800
2004-08-16,35.7214,35.7646,35.2403,35.4279,3810600
2004-08-17,34.817,35.7214,34.7449,35.7165,6571200
2004-08-18,35.1874,35.452,34.9373,35.2355,6069400
2004-08-19,35.577,35.6636,35.1393,35.2115,6587000
2004-08-20,35.6733,36.0966,35.5626,35.7165,5281000
2004-08-23,35.3461,35.9282,35.3125,35.5963,3668200
2004-08-24,34.8026,35.3461,34.6102,35.3461,6550000
2004-08-25,34.6631,35.0672,34.5861,34.7304,6453600
2004-08-26,34.971,35.0479,34.2879,34.6631,6663600
2004-08-27,35.274,35.4616,35.0046,35.2019,3691800
2004-08-30,35.2019,35.6107,35.0672,35.3798,4298000
2004-08-31,35.8031,35.8128,35.2259,35.2259,3710400
2004-09-01,36.4381,36.4573,35.6781,35.8031,5753800
2004-09-02,36.6882,36.7604,36.4477,36.6064,8027400
2004-09-03,36.6497,36.7171,36.5295,36.6882,4787800
2004-09-07,36.7219,36.7604,36.4862,36.6546,5976600
2004-09-08,36.8806,36.9913,36.4862,36.7027,6523000
2004-09-09,37.53,37.6407,36.8806,36.8806,6182000
2004-09-10,37.3665,37.5637,37.227,37.53,4830000
2004-09-13,37.3857,37.6743,37.2847,37.4242,4131000
2004-09-14,37.7032,37.9293,37.5396,37.6647,4524400
2004-09-15,37.6166,38.0351,37.5396,37.7609,5807400
2004-09-16,37.6599,37.7369,37.328,37.6214,5678800
2004-09-17,38.064,38.2804,37.7128,37.8812,5916000
2004-09-20,38.2227,38.4777,38.1746,38.242,4959800
2004-09-21,39.5311,39.6754,38.3093,38.3863,7281200
2004-09-22,39.204,39.5792,39.0116,39.3676,6937000
2004-09-23,39.0645,39.3676,38.5498,39.0838,5961400
2004-09-24,39.3002,39.5744,39.127,39.204,4715800
2004-09-27,38.9924,39.5552,38.9587,39.3628,5036800
2004-09-28,40.0266,40.0939,39.2329,39.2329,6630400
2004-09-29,39.2377,40.575,38.9106,40.575,8083800
2004-09-30,39.8534,39.8967,39.4349,39.5889,6249600
2004-10-01,40.4403,40.5076,39.6899,39.8534,6233200
2004-10-04,40.7289,40.8155,40.2816,40.4451,6767800
2004-10-05,41.7054,41.7246,40.8636,40.8876,7140800
2004-10-06,42.7396,42.8454,41.7535,41.7535,7732000
2004-10-07,41.917,43.1725,41.7631,42.8118,11188400
2004-10-08,42.3692,42.6867,41.8545,42.0998,6469000
2004-10-11,41.9218,42.4751,41.6092,42.374,5256800
2004-10-12,41.08,42.172,41.0319,41.7294,6714600
2004-10-13,39.9304,40.6423,39.5359,40.5509,9997800
2004-10-14,40.0795,40.6231,40.0218,40.2094,6843400
2004-10-15,40.4018,40.5702,40.0939,40.4547,5765400
2004-10-18,39.5311,40.4788,39.4253,40.2527,5982200
2004-10-19,39.4445,39.7139,39.1992,39.4782,5364800
2004-10-20,40.1949,40.2238,39.4061,39.5023,5644400
2004-10-21,40.2767,40.7914,40.017,40.2623,6994400
2004-10-22,40.7914,40.9598,40.2382,40.4932,7208400
2004-10-25,40.8492,41.2099,40.7674,40.7914,5698400
2004-10-26,41.5755,41.5755,40.7145,40.8347,5025800
2004-10-27,41.5706,42.4762,41.2231,42.1727,9196400
2004-10-28,40.6209,41.5168,40.2195,41.365,7828000
2004-10-29,41.272,41.2916,40.5573,40.6307,5407400
2004-11-01,41.1007,41.8399,40.851,41.4874,6679000
2004-11-02,40.8412,41.3161,40.7384,41.1203,6064400
2004-11-03,41.8545,41.9133,40.9,41.3552,6495400
2004-11-04,42.7602,42.8434,41.786,41.8545,7746200
2004-11-05,43.2546,43.4357,42.5105,42.7651,6668200
2004-11-08,42.4762,43.2056,42.2315,43.1665,6160400
2004-11-09,42.3392,42.7602,42.0993,42.393,4796000
2004-11-10,42.721,42.9119,42.0259,42.4665,5016000
2004-11-11,42.4714,42.9902,42.4714,42.721,5774400
2004-11-12,43.0245,43.0539,42.3833,42.4762,5609000
2004-11-15,42.3441,42.8875,42.1385,42.8826,6262600
2004-11-16,42.1629,42.6867,42.1483,42.5742,6051800
2004-11-17,42.4518,42.7602,42.3098,42.393,6413600
2004-11-18,42.2266,42.579,41.9035,42.4518,7715800
2004-11-19,42.7993,42.8679,42.1629,42.3,5081000
2004-11-22,43.5043,43.5728,42.6867,42.6867,5421200
2004-11-23,43.9106,44.0966,43.5287,43.6266,7538800
2004-11-24,44.0036,44.1162,43.5532,44.0574,7084800
2004-11-26,44.2337,44.4588,44.0232,44.3022,3132800
2004-11-29,44.0721,44.4246,43.7931,44.2043,4893200
2004-11-30,44.5421,44.591,43.8861,43.8861,5828600
2004-12-01,43.705,44.6546,43.2595,44.5421,9013200
2004-12-02,42.0748,43.3721,41.7566,43.3721,9758000
2004-12-03,42.3441,42.6819,42.0014,42.0259,5715000
2004-12-06,42.393,42.5692,42.0895,42.4762,4885600
2004-12-07,41.4874,42.5301,41.4825,42.393,6395800
2004-12-08,41.9133,42.3098,40.7727,41.3552,6827400
2004-12-09,41.9231,42.0308,41.2426,41.8545,5529200
2004-12-10,41.4874,42.2217,41.3846,41.9231,5477000
2004-12-13,42.0063,42.0699,41.365,41.4874,6333000
2004-12-14,42.4175,42.4909,41.7468,42.0993,5163600
2004-12-15,42.8532,43.2056,42.2168,42.4909,5216600
2004-12-16,42.6182,42.7846,42.2951,42.7798,3927200
2004-12-17,42.584,42.907,42.2755,42.6182,6935200
2004-12-20,43.0784,43.4553,42.7161,42.8336,3932400
2004-12-21,43.0441,43.3036,42.7846,43.2986,4387000
2004-12-22,42.5497,43.2986,41.9867,43.1665,5874200
2004-12-23,42.6623,42.9217,42.5056,42.5546,2792600
2004-12-27,42.1238,42.7798,42.1238,42.6672,4060000
2004-12-28,42.3685,42.5595,42.2315,42.2315,3765600
2004-12-29,42.7406,42.8532,42.2755,42.4665,3261600
2004-12-30,42.486,42.9266,42.4762,42.6525,2889400
2004-12-31,42.5056,42.6084,42.3392,42.4371,2806800
2005-01-03,41.1741,42.4518,41.0762,42.4518,6524200
2005-01-04,40.9049,41.4972,40.7727,41.2818,5231400
2005-01-05,41.2084,41.4825,40.5328,40.8265,7631600
2005-01-06,41.8056,42.0602,41.1496,41.2084,6667000
2005-01-07,41.5412,41.8056,41.1888,41.8056,5288000
2005-01-10,41.9182,42.256,41.6881,41.7322,4404400
2005-01-11,41.9035,42.1434,41.5853,41.8301,3558000
2005-01-12,42.721,42.7602,41.8545,42.0748,5544000
2005-01-13,43.3721,43.8224,42.6721,42.7846,7460000
2005-01-14,43.5777,43.8861,43.1812,43.2644,5033800
2005-01-18,44.1162,44.2337,43.842,43.891,8180200
2005-01-19,43.7001,44.3022,43.7001,44.0378,4736800
2005-01-20,42.9462,43.705,42.5448,43.705,6586800
2005-01-21,42.7357,43.3036,42.7357,42.9805,6008600
2005-01-24,43.3084,43.514,43.0343,43.0539,4949800
2005-01-25,43.5189,43.6609,43.2007,43.3476,4253000
2005-01-26,44.2973,44.5176,43.7343,44.0574,7889400
2005-01-27,44.5469,44.9484,43.984,44.0574,6674800
2005-01-28,44.5421,44.7134,44.028,44.0574,5952000
2005-01-31,45.4232,45.712,44.3022,44.5469,7371800
2005-02-01,46.3141,46.3729,45.7022,45.7218,7903800
2005-02-02,46.5442,46.7988,46.2505,46.3337,6063600
2005-02-03,46.9212,47.068,46.2554,46.5051,5059000
2005-02-04,47.1023,47.1316,46.5246,46.9946,6218400
2005-02-07,47.0386,47.3128,46.6225,47.1072,5763800
2005-02-08,47.3373,47.4107,46.7743,46.9946,4944600
2005-02-09,47.4156,47.6603,46.8477,47.2638,5232400
2005-02-10,48.6932,48.7814,47.5086,47.5869,5210200
2005-02-11,48.4827,49.0898,48.1058,48.3897,6490600
2005-02-14,49.4275,49.7408,48.752,48.752,7565400
2005-02-15,49.6282,49.6576,49.0457,49.4178,4577000
2005-02-16,51.0625,51.1556,49.5156,49.6282,7988600
2005-02-17,50.9108,51.4884,50.6709,51.0087,8760400
2005-02-18,52.0122,52.2962,50.7737,50.9548,10101800
2005-02-22,51.8654,53.0304,51.6989,52.1591,9940000
2005-02-23,52.4773,52.6095,51.2584,51.4003,7971600
2005-02-24,53.9361,53.9997,52.5018,52.5018,10865400
2005-02-25,54.9837,55.7914,53.9067,53.9361,14854600
2005-02-28,54.2836,55.6886,52.5018,55.106,12916400
2005-03-01,53.1137,54.5774,53.0011,54.5774,10386800
2005-03-02,53.6032,53.7256,52.4137,52.6976,10040800
2005-03-03,54.1417,54.592,53.1675,53.8382,10332000
2005-03-04,54.9298,55.2725,53.9214,54.1417,7326000
2005-03-07,54.7291,55.0669,53.7452,54.6067,6918800
2005-03-08,53.6571,54.8711,53.236,54.7291,11832400
2005-03-09,52.1836,54.6508,52.0857,53.75,11877600
2005-03-10,51.6745,52.0122,50.436,51.792,12619600
2005-03-11,51.6892,52.5018,51.3318,51.3318,7014400
2005-03-14,52.0367,52.1787,50.9451,51.6989,7012400
2005-03-15,51.2584,52.6193,51.1507,51.9926,7182200
2005-03-16,52.1395,53.0843,50.9891,51.0675,8906000
2005-03-17,52.8542,53.2508,52.4577,52.4969,7616000
2005-03-18,53.9703,54.3375,52.9228,54.3375,12926600
2005-03-21,53.4074,54.1417,52.8934,53.9703,7753000
2005-03-22,52.3941,54.1074,52.3309,53.3584,8916200
2005-03-23,51.4493,52.0122,50.9108,51.6451,10893200
2005-03-24,51.2975,52.1934,50.6856,51.6451,7078400
2005-03-28,51.5227,51.8458,51.0038,51.3024,6187600
2005-03-29,50.7297,52.0122,50.666,51.3514,7362800
2005-03-30,51.6108,51.7332,50.0345,51.1556,10391000
2005-03-31,52.7906,52.8248,51.6108,51.6353,9994400
2005-04-01,53.985,54.2102,53.0784,53.0892,10551400
2005-04-04,54.127,55.3116,53.8871,54.5774,12938200
2005-04-05,53.0256,54.4256,52.8346,54.1319,8876200
2005-04-06,54.2738,54.3815,52.6241,53.2508,8544600
2005-04-07,54.0193,54.8221,53.2801,54.5822,9703600
2005-04-08,53.4221,54.5627,53.4025,54.0242,7673600
2005-04-11,54.0095,54.0536,52.8738,53.4221,5708800
2005-04-12,53.006,53.9801,52.5703,53.799,8790400
2005-04-13,51.5472,52.8346,51.5325,52.1444,11659200
2005-04-14,51.3367,52.3255,50.9891,51.8409,8915000
2005-04-15,48.9869,51.1556,48.5611,51.1213,11786800
2005-04-18,50.2597,50.3381,47.9785,48.9527,9180600
2005-04-19,51.18,51.3905,50.3723,50.4213,7701600
2005-04-20,50.5535,51.7968,50.4604,51.18,7078600
2005-04-21,51.7381,51.7381,50.0835,50.1765,6649600
2005-04-22,52.3598,52.8689,51.4996,51.8458,6581200
2005-04-25,53.2116,53.5983,52.8689,52.8689,6592200
2005-04-26,52.257,53.2116,52.257,52.9179,4887200
2005-04-27,50.7639,52.8934,50.7248,52.8934,8717600
2005-04-28,50.3038,50.9989,50.1667,50.7639,8080000
2005-04-29,51.3269,51.7332,50.2548,50.7639,7509200
2005-05-02,52.2325,52.2325,50.5809,51.3269,7586600
2005-05-03,50.666,52.071,50.3136,52.0122,7441200
2005-05-04,50.9353,51.2682,50.3038,51.0332,8403400
2005-05-05,51.4052,51.7822,50.7346,51.1115,7295200
2005-05-06,51.3612,52.2521,51.3514,51.8409,5633600
2005-05-09,52.2619,52.3304,51.3612,51.5227,5611000
2005-05-10,51.3514,52.1836,51.1507,51.8899,6206200
2005-05-11,51.8801,51.9388,50.8129,50.8129,6429600
2005-05-12,49.1093,51.557,48.9527,51.557,8847400
2005-05-13,48.2233,49.2317,47.6505,49.0995,11728000
2005-05-16,47.3764,48.0508,46.554,47.9736,14265800
2005-05-17,48.4142,48.5807,47.1512,47.2149,10616000
2005-05-18,48.8548,49.9318,48.238,48.4632,9332800
2005-05-19,49.6184,49.873,48.5366,48.8548,6274400
2005-05-20,49.4961,49.8975,49.3003,49.4912,5932200
2005-05-23,50.5926,50.8374,49.8583,50.1765,5744800
2005-05-24,51.0772,51.0821,50.5192,50.8129,4940600
2005-05-25,51.5667,52.0318,50.4506,51.1556,7253200
2005-05-26,51.4395,51.7479,51.2535,51.694,5041800
2005-05-27,52.6486,52.7465,51.5227,51.7185,4336600
2005-05-31,52.7906,53.1088,51.9591,52.6486,6599200
2005-06-01,53.9214,53.9459,53.1137,53.1626,7007200
2005-06-02,53.7794,54.2788,53.3584,54.2396,4844400
2005-06-03,53.8577,54.4354,53.613,53.6326,4208300
2005-06-06,54.034,54.3375,53.3682,54.3375,3613100
2005-06-07,53.4955,54.3375,53.4563,54.2788,4265300
2005-06-08,53.3584,54.827,52.9668,53.4465,7030300
2005-06-09,55.0816,55.1109,53.4563,53.6521,6202700
2005-06-10,54.7683,55.3165,53.613,54.9739,4474400
2005-06-13,54.827,55.2186,54.1417,54.5333,4112600
2005-06-14,55.3655,55.6592,54.6997,55.1207,3652600
2005-06-15,56.1292,56.2173,55.2676,55.7082,5034200
2005-06-16,57.3726,57.3824,56.139,56.2956,5481400
2005-06-17,59.409,59.4775,58.1656,58.7432,11108100
2005-06-20,58.8607,60.0747,58.7628,59.5265,7567800
2005-06-21,57.0103,58.9292,56.7851,58.7432,6560000
2005-06-22,57.1865,57.7642,56.3837,57.1376,6689300
2005-06-23,56.7949,57.8229,56.5893,57.6956,5760600
2005-06-24,56.9907,57.6956,56.746,57.3726,5376500
2005-06-27,58.2733,58.6453,57.5292,57.6663,7332400
2005-06-28,56.883,58.5964,56.8047,58.3418,6622000
2005-06-29,56.5599,57.8131,55.9529,56.932,8062800
2005-06-30,56.2858,57.4411,56.0117,56.5697,6242200
2005-07-01,57.8621,58.1852,56.8341,57.0788,4838500
2005-07-05,59.9573,60.1433,58.4985,58.7922,7167400
2005-07-06,58.7237,60.6524,58.6355,60.2706,6620600
2005-07-07,59.3405,59.5363,57.911,58.0579,6005200
2005-07-08,58.9782,60.0356,58.6649,59.7223,6984600
2005-07-11,59.6342,59.9181,58.1656,58.3027,7031300
2005-07-12,60.2803,60.7699,59.5656,59.9181,5227300
2005-07-13,60.2118,60.809,60.0062,60.5545,5344100
2005-07-14,58.2929,60.9167,57.7642,60.2314,7305400
2005-07-15,58.1068,58.8509,57.6565,58.7334,6431000
2005-07-18,57.96,58.2635,57.3921,57.8621,4279000
2005-07-19,59.3013,59.3307,57.9894,58.0873,4819800
2005-07-20,59.2817,59.8594,58.6649,59.1838,5307400
2005-07-21,58.7726,59.6244,58.2537,59.2523,3507000
2005-07-22,59.9671,60.3391,59.1348,59.1838,5657200
2005-07-25,60.9265,61.7489,59.7712,59.7712,7149000
2005-07-26,60.437,61.1223,60.2118,61.1223,6342000
2005-07-27,61.2636,61.3915,60.6141,61.2439,5659700
2005-07-28,62.3361,62.4345,61.4505,61.8441,6071700
2005-07-29,61.5883,62.8183,61.4013,62.7789,4880900
2005-08-01,61.9917,62.6608,61.8146,61.8933,4491900
2005-08-02,63.3496,63.3595,62.2377,62.3263,4621800
2005-08-03,62.8773,63.9597,62.5428,63.94,4839200
2005-08-04,63.1528,63.5464,62.7887,63.2217,3814400
2005-08-05,62.7297,63.6842,62.1098,63.5661,4059100
2005-08-08,63.9302,64.3927,63.2807,63.3103,5778800
2005-08-09,63.576,64.3533,63.0741,64.2844,4944000
2005-08-10,64.5895,64.7666,63.389,63.9597,4795900
2005-08-11,65.3373,65.7309,64.4714,64.9437,5088800
2005-08-12,65.5538,66.1638,64.5698,65.4357,5356200
2005-08-15,64.7863,65.5439,64.4911,65.4357,4652400
2005-08-16,63.0544,64.6387,62.9364,64.6387,5950500
2005-08-17,60.7125,63.3792,60.0237,62.9265,9408300
2005-08-18,60.6141,60.9093,59.2759,60.3681,8498700
2005-08-19,62.0606,62.2377,61.0963,61.175,5833500
2005-08-22,62.1983,63.576,61.4112,63.0249,5784600
2005-08-23,61.7064,62.6805,60.8601,62.3853,4704900
2005-08-24,62.2082,62.9265,61.5096,61.9917,5786000
2005-08-25,62.0311,62.0704,61.0569,62.0606,4702900
2005-08-26,60.8896,62.4837,60.8896,62.3853,4902800
2005-08-29,62.0606,62.3951,61.2144,61.4505,5928400
2005-08-30,63.3792,63.5071,62.2082,62.2672,6492800
2005-08-31,64.8847,65.416,63.6153,63.6645,8502100
2005-09-01,67.8957,68.8797,66.4394,66.4492,13318600
2005-09-02,65.7014,67.5021,65.6423,67.5021,7315200
2005-09-06,65.721,66.2426,64.619,65.721,5616300
2005-09-07,65.6128,67.0396,65.1897,65.5735,6380000
2005-09-08,66.1245,66.5082,65.1602,65.6817,5538200
2005-09-09,67.9154,68.2696,66.8625,66.9117,7286800
2005-09-12,66.0851,67.876,65.9966,67.8662,6437500
2005-09-13,65.1405,66.3213,64.7567,66.1245,6316800
2005-09-14,66.4,66.6657,65.2389,65.4357,5694400
2005-09-15,66.4591,67.3742,65.7604,66.7247,7025600
2005-09-16,68.0433,68.0433,66.4197,66.8035,10532600
2005-09-19,69.0568,70.0703,68.2893,68.8797,7691700
2005-09-20,67.7973,69.1552,67.5021,68.4861,6663400
2005-09-21,69.3028,70.0998,68.3975,69.3028,8629400
2005-09-22,68.6435,70.336,67.0396,69.9129,7229900
2005-09-23,67.1971,68.3483,66.587,68.3483,6001300
2005-09-26,68.2696,68.3877,66.5181,66.6263,6176800
2005-09-27,67.876,68.1614,67.2167,67.9941,4459100
2005-09-28,68.3877,68.7813,67.3151,68.2794,4839000
2005-09-29,69.7751,69.9621,68.1023,68.801,5880900
2005-09-30,68.7911,70.1195,68.6042,69.3815,4524100
2005-10-03,67.8563,69.5291,67.7875,68.9781,6606700
2005-10-04,65.3373,67.7481,65.1602,67.6005,7987600
2005-10-05,62.2377,65.3373,62.1098,65.3373,10903500
2005-10-06,61.0274,62.2869,59.7679,61.116,12824900
2005-10-07,62.5821,62.7297,61.4505,61.9917,7226800
2005-10-10,62.218,62.6805,61.1061,62.3853,6075400
2005-10-11,63.576,64.1467,62.5821,62.5821,5846400
2005-10-12,62.4542,63.9499,62.0606,63.6251,5767600
2005-10-13,60.0729,62.1885,59.2267,61.9327,9815300
2005-10-14,61.3324,61.5489,58.8036,59.5317,8710700
2005-10-17,62.0114,63.0348,61.4211,62.5723,8090200
2005-10-18,59.1185,62.2377,59.0397,61.8933,9449800
2005-10-19,60.5649,60.7617,57.1209,59.1578,10990700
2005-10-20,56.8257,60.3681,56.3042,60.0237,10647100
2005-10-21,57.2095,57.7605,56.3042,56.5797,12506400
2005-10-24,59.3349,59.5317,57.1996,57.2193,7757300
2005-10-25,61.4407,61.5194,59.2759,59.4432,7859500
2005-10-26,61.7949,64.1762,60.7912,61.972,11768800
2005-10-27,60.2228,63.0313,60.2129,62.5368,7449000
2005-10-28,62.517,62.7643,59.3328,60.7964,9277400
2005-10-31,64.653,65.0486,63.0313,63.4367,10997200
2005-11-01,65.4046,65.988,64.3761,64.4454,8085900
2005-11-02,65.9682,66.7,65.098,65.4046,7629400
2005-11-03,67.4318,68.035,66.0177,66.0177,6691800
2005-11-04,65.5133,67.5405,65.2068,67.3329,11415400
2005-11-07,65.0189,65.2365,64.3267,65.2167,9857200
2005-11-08,65.8693,66.4725,63.8322,64.7222,6597600
2005-11-09,64.8607,66.9274,64.564,65.5331,9058500
2005-11-10,62.6851,64.564,61.7259,63.6345,10542000
2005-11-11,62.7939,64.0004,62.0028,62.8434,7358200
2005-11-14,62.6258,63.6938,62.2204,63.6938,6408500
2005-11-15,62.1808,64.6728,62.1017,62.6258,7073400
2005-11-16,63.9806,64.3662,61.6063,62.7939,8168500
2005-11-17,62.3786,64.119,61.6963,63.7927,8820100
2005-11-18,61.538,62.8434,60.6659,62.7939,9732600
2005-11-21,63.5356,63.7136,62.0226,62.2995,7651100
2005-11-22,63.6839,64.2575,63.585,63.7828,5946000
2005-11-23,63.3971,64.0696,63.0906,63.5653,5150900
2005-11-25,63.2884,64.0992,63.14,63.9806,1444400
2005-11-28,61.0436,63.0411,60.8656,63.0313,7021300
2005-11-29,60.6085,62.2401,60.4503,61.2315,8226600
2005-11-30,59.8372,61.1029,59.5207,60.8162,10073300
2005-12-01,62.2698,62.3192,60.4898,60.8656,8628700
2005-12-02,61.6963,62.7939,61.2809,62.7939,6422300
2005-12-05,62.2599,63.14,61.9929,61.9929,7178900
2005-12-06,63.0214,63.7828,62.4874,62.9818,6933300
2005-12-07,62.4676,64.2673,62.4676,63.763,7079200
2005-12-08,63.2093,63.4268,62.1116,62.4775,6457300
2005-12-09,62.3687,63.2587,62.1215,62.8335,5891000
2005-12-12,60.5689,60.9348,59.3823,60.4206,19640400
2005-12-13,57.5528,58.5219,57.3452,58.4329,41224500
2005-12-14,57.5924,57.8199,56.4156,57.5528,24053200
2005-12-15,58.1165,58.1956,56.9595,57.7506,16025700
2005-12-16,56.7123,58.2451,56.5046,58.2451,14838900
2005-12-19,57.9484,59.0856,57.3551,57.3551,19010800
2005-12-20,58.3637,58.9373,58.0967,58.2451,15411200
2005-12-21,58.6901,59.1845,58.344,58.4428,11313500
2005-12-22,58.789,59.2241,58.7,58.9867,9365500
2005-12-23,58.4923,58.9175,57.6715,58.6604,6304400
2005-12-27,56.8606,58.4923,56.6628,58.4923,9814500
2005-12-28,57.6418,58.0967,57.1375,57.2067,9150800
2005-12-29,57.0584,58.1561,57.0584,57.6418,9160500
2005-12-30,57.5331,57.8199,56.9101,57.0584,7232800
2006-01-03,59.8372,60.0943,58.1343,58.1857,15894500
2006-01-04,59.3328,59.9163,58.9076,59.5801,10989900
2006-01-05,58.8681,59.4119,58.4428,59.1845,12353400
2006-01-06,60.2129,60.4503,59.2834,59.5801,11859600
2006-01-09,60.203,60.7865,59.758,60.7173,9931900
2006-01-10,60.0844,60.7568,59.7976,59.9756,8640100
2006-01-11,60.0943,60.4305,59.2636,59.9756,10903900
2006-01-12,60.0943,61.4491,59.7482,60.6678,12923900
2006-01-13,60.0844,60.3909,59.5801,59.7284,10076000
2006-01-17,63.5751,63.8817,61.0733,61.1128,19342400
2006-01-18,63.1895,64.1784,61.8545,64.1784,11936200
2006-01-19,63.496,63.6938,62.2599,62.3588,11841700
2006-01-20,63.9311,65.5133,63.4861,63.8421,15741300
2006-01-23,64.1882,64.4651,61.983,62.3489,12216700
2006-01-24,63.763,64.6629,63.0609,63.2587,11089500
2006-01-25,62.8335,65.1376,61.805,64.8211,13584700
2006-01-26,63.2884,63.9114,62.4182,63.4268,9496200
2006-01-27,64.3564,64.8805,64.0201,64.208,9940600
2006-01-30,64.5245,65.2266,63.9806,64.7717,10829100
2006-01-31,63.9806,64.4651,63.5356,64.2673,8564200
2006-02-01,63.7037,65.187,63.3872,63.9806,13096200
2006-02-02,63.5949,64.653,62.3984,63.6839,12298700
2006-02-03,61.805,63.2884,61.6765,63.2884,13325000
2006-02-06,62.0621,63.1104,61.716,62.3192,9512200
2006-02-07,59.4317,61.5578,59.4159,61.4589,13892800
2006-02-08,59.5306,59.7185,57.7407,59.5801,12733800
2006-02-09,58.6406,61.0139,58.1165,60.2228,12175500
2006-02-10,58.6901,59.234,57.6023,58.8384,14086100
2006-02-13,58.789,59.7679,58.2846,58.8384,9974300
2006-02-14,58.5318,58.7692,57.365,57.7506,11830500
2006-02-15,58.0176,59.4317,57.721,58.8384,12556100
2006-02-16,59.5999,59.5999,58.4059,58.7044,10681700
2006-02-17,60.7839,61.0227,59.8884,60.0974,11386200
2006-02-21,62.5152,63.3212,61.6993,61.9879,16447600
2006-02-22,61.5899,62.1272,61.1421,61.7192,12776800
2006-02-23,61.1322,61.968,60.7939,61.0426,9965900
2006-02-24,62.4157,63.0426,61.9083,62.1371,10271900
2006-02-27,61.5799,62.1371,61.1421,62.1073,7221400
2006-02-28,60.6546,61.3411,59.968,61.0924,12582000
2006-03-01,61.4605,61.5401,60.5053,61.0924,8009600
2006-03-02,62.4655,62.6844,61.4008,61.6894,9931000
2006-03-03,62.167,62.9232,62.0078,62.2665,6889400
2006-03-06,60.2765,62.0376,60.2367,61.7889,7140800
2006-03-07,59.182,60.1471,58.7044,60.0974,9203900
2006-03-08,59.2517,59.6994,58.2467,58.6049,8706000
2006-03-09,58.8437,59.7491,58.615,59.6099,7326800
2006-03-10,58.7741,59.6198,58.2069,58.7939,9120600
2006-03-13,59.8586,59.8685,58.993,59.0726,7860000
2006-03-14,60.5252,60.5949,59.5203,59.9979,8785200
2006-03-15,61.361,61.4008,60.1173,60.4058,10566000
2006-03-16,62.0277,62.1769,60.6944,61.4406,8461500
2006-03-17,61.0526,62.4854,60.8436,62.4854,7975200
2006-03-20,59.9879,61.1919,59.8586,60.6844,6167500
2006-03-21,59.192,60.3859,59.1223,59.7889,8729700
2006-03-22,60.177,61.1421,58.9233,58.9233,7835700
2006-03-23,60.8138,61.5998,60.6347,60.9431,6699500
2006-03-24,61.4506,62.2068,61.0028,61.1322,8089300
2006-03-27,62.7839,63.1023,60.8436,61.3212,11516900
2006-03-28,63.4306,64.6544,63.152,63.152,10506700
2006-03-29,64.4753,64.7141,63.6694,63.8783,7892300
2006-03-30,64.157,65.2216,64.0276,64.4256,8648000
2006-03-31,62.8336,63.749,62.5252,63.7391,10940900
2006-04-03,64.0873,65.0425,63.4107,63.6296,11322200
2006-04-04,64.8236,65.0723,63.8087,63.8087,9710600
2006-04-05,66.2265,66.4156,64.4555,65.1221,12538200
2006-04-06,66.9131,67.7588,66.4852,66.6643,11314700
2006-04-07,65.6295,66.8235,65.1818,66.2663,8108800
2006-04-10,66.3658,67.2812,65.9181,66.0972,8848600
2006-04-11,67.0225,67.8484,66.7341,67.4106,10661200
2006-04-12,66.9927,67.7489,66.6743,66.7738,7075500
2006-04-13,66.8036,67.321,66.2166,66.6643,5067000
2006-04-17,67.9777,68.3757,67.2215,67.8384,7395600
2006-04-18,70.3458,70.4552,68.6344,68.8036,11420100
2006-04-19,70.4055,70.6542,69.1518,69.2812,9817000
2006-04-20,69.51,70.5448,68.6543,69.898,11135200
2006-04-21,72.1368,72.1368,69.7488,69.7488,11470600
2006-04-24,69.4901,71.9278,69.4901,71.7388,11143100
2006-04-25,67.9081,70.893,67.7787,70.2463,14040500
2006-04-26,66.8136,68.7339,66.6743,67.1618,12325900
2006-04-27,65.8584,66.4156,64.3659,65.8683,14984800
2006-04-28,66.5648,67.8782,66.2962,66.4355,11141200
2006-05-01,67.4603,68.6245,67.0623,67.0922,8329900
2006-05-02,68.8334,69.0523,67.6792,68.0076,7938000
2006-05-03,67.1618,68.8633,66.5648,68.8234,8656900
2006-05-04,66.2166,67.1618,64.8634,66.5151,10513600
2006-05-05,66.5151,67.3807,66.2464,66.9131,8471700
2006-05-08,66.6345,66.7937,65.1917,65.54,9190000
2006-05-09,66.8335,67.5996,66.4653,66.7539,7485700
2006-05-10,67.3708,67.6096,66.2365,66.5051,7126000
2006-05-11,66.5449,68.1867,66.3758,67.9379,8540600
2006-05-12,64.8634,66.3658,64.7141,66.1668,9705200
2006-05-15,63.2018,64.2166,62.3361,63.9779,13350900
2006-05-16,64.3161,65.3808,63.4306,63.6794,11597400
2006-05-17,63.1918,65.1022,62.555,64.3261,12682500
2006-05-18,62.1272,63.3311,62.1073,63.1819,9738900
2006-05-19,62.4058,63.2018,60.8436,62.1272,11952200
2006-05-22,62.2565,62.9232,60.7143,61.7192,11672000
2006-05-23,62.3859,64.6445,62.0177,63.2814,11205600
2006-05-24,60.8436,62.0277,60.2168,61.7889,15267800
2006-05-25,62.4356,63.0923,61.1123,61.5003,13463300
2006-05-26,63.1421,63.3908,61.968,62.6844,7641000
2006-05-30,61.6695,63.9182,61.6396,63.7291,8642600
2006-05-31,62.9729,63.0127,61.4506,61.7889,9093900
2006-06-01,63.3809,63.6794,62.0576,62.2864,8850000
2006-06-02,64.1868,64.5749,63.1421,63.9281,7068000
2006-06-05,62.2267,65.0524,62.2267,64.9231,11233400
2006-06-06,61.5899,62.5849,61.2118,62.1769,12943400
2006-06-07,60.2068,61.7292,60.177,61.57,12953400
2006-06-08,60.8038,60.8536,58.4656,59.6795,19228200
2006-06-09,60.1969,61.57,59.968,61.0426,9739000
2006-06-12,59.3114,60.9929,59.2318,60.4257,9111800
2006-06-13,57.6995,59.5999,57.3711,59.0327,15756600
2006-06-14,59.1223,59.182,57.5602,57.6099,11242400
2006-06-15,61.4406,61.6894,59.5103,59.6297,12527200
2006-06-16,60.8635,61.4406,59.8984,60.8138,11147700
2006-06-19,58.9034,60.8635,58.7342,60.8536,9876900
2006-06-20,58.5054,59.6497,58.3263,59.5004,10284100
2006-06-21,59.5502,60.2964,58.5054,58.8039,10760500
2006-06-22,60.4556,60.6247,59.2616,59.8984,8640000
2006-06-23,60.9531,61.9182,60.6944,60.6944,7565100
2006-06-26,61.7889,61.9978,60.3382,60.7441,6592900
2006-06-27,62.4356,63.7689,61.9182,61.9182,11031700
2006-06-28,63.8186,64.0376,62.6489,62.9829,8416200
2006-06-29,65.6395,65.6693,64.1171,64.1768,9478000
2006-06-30,65.2017,66.3011,64.9042,65.7788,6613100
2006-07-03,66.4852,66.6842,65.6594,65.9479,3543500
2006-07-05,67.2315,67.5797,65.5897,66.0773,11978200
2006-07-06,67.2315,68.1369,67.0822,67.2613,10102100
2006-07-07,66.8534,68.6245,66.6842,67.6593,9382600
2006-07-10,67.0026,67.7986,66.2663,66.8434,6588100
2006-07-11,67.5698,67.8384,66.8434,67.4603,6174100
2006-07-12,67.6096,68.6543,67.5001,67.9081,9520600
2006-07-13,66.7439,68.2862,66.525,68.0076,8869100
2006-07-14,67.1121,67.5499,65.928,67.3608,8307700
2006-07-17,64.8236,66.8733,64.2266,66.2663,11073500
2006-07-18,65.0922,65.6693,64.1768,65.4106,8652900
2006-07-19,65.5599,65.8484,64.4654,65.0524,10991600
2006-07-20,64.1072,66.0176,64.0773,65.5599,7519100
2006-07-21,63.3112,64.7241,63.1321,64.7141,8865000
2006-07-24,65.4504,66.0375,63.6097,64.0276,8062000
2006-07-25,67.1121,67.2514,65.7191,66.1171,8536700
2006-07-26,68.2563,69.5797,66.7638,67.3608,13355200
2006-07-27,67.6693,69.5001,67.4106,69.1021,9049900
2006-07-28,67.6096,67.8782,66.6842,67.5399,9436300
2006-07-31,68.2961,69.0125,67.3409,67.8683,6242000
2006-08-01,68.326,68.5747,67.7688,68.117,6128900
2006-08-02,68.6842,70.3955,68.5648,68.7637,10588600
2006-08-03,68.4354,69.2115,68.0374,68.127,6034600
2006-08-04,68.1767,69.3309,67.5797,69.1518,5544200
2006-08-07,67.2713,68.6543,66.9628,68.5051,9746200
2006-08-08,67.2912,68.2265,66.8633,66.9131,7121400
2006-08-09,68.5548,69.3707,67.7588,68.0474,8579700
2006-08-10,67.7588,68.5648,67.2713,68.1568,6979800
2006-08-11,68.0374,68.127,66.8633,67.3608,5445000
2006-08-14,66.4852,67.7389,65.9861,67.7091,6086500
2006-08-15,66.6345,67.5598,66.0773,67.5598,5093200
2006-08-16,66.3658,67.4006,65.7987,66.8434,6239800
2006-08-17,65.9479,66.2663,65.3111,65.6992,7232400
2006-08-18,66.0673,66.4056,65.5002,66.0375,6821100
2006-08-21,66.535,66.7937,66.3161,66.4156,8422000
2006-08-22,66.7539,66.8335,66.326,66.3658,6574000
2006-08-23,65.6594,66.8534,65.4206,66.6146,5504700
2006-08-24,65.5698,65.8683,65.2216,65.3111,6049600
2006-08-25,65.9678,66.6743,65.6693,65.9678,4757600
2006-08-28,65.3708,65.938,65.2415,65.4206,4901900
2006-08-29,64.3659,65.2713,64.137,65.2614,8744100
2006-08-30,63.1819,64.5152,62.2366,64.4355,11907200
2006-08-31,63.1122,63.4306,62.5948,63.1421,7179300
2006-09-01,63.9182,63.9281,63.1322,63.6794,5277100
2006-09-05,63.958,64.2167,63.3013,63.7291,6285100
2006-09-06,61.4605,63.3908,61.3212,63.3809,13314000
2006-09-07,61.2118,61.8386,60.5153,61.2416,11352400
2006-09-08,60.0377,61.6695,59.8486,61.0725,11243600
2006-09-11,58.5054,59.5203,57.9681,59.4506,17730900
2006-09-12,57.8487,59.1223,57.6497,58.6547,13797400
2006-09-13,58.8636,59.3512,57.8487,58.0676,12681900
2006-09-14,58.1472,59.6596,57.7094,59.2019,14325000
2006-09-15,57.8089,58.5452,57.7393,58.2069,13611500
2006-09-18,58.7741,59.4407,58.0278,58.2567,10167700
2006-09-19,58.0079,59.5402,57.6895,59.3213,12284800
2006-09-20,56.9632,58.0179,56.7443,57.9781,14938100
2006-09-21,57.9184,58.4756,57.2119,57.2119,12274600
2006-09-22,57.7492,58.5353,56.9234,58.4557,8561000
2006-09-25,57.0229,57.7094,56.2667,57.0627,16446100
2006-09-26,58.1572,58.1771,56.8637,57.2119,13382100
2006-09-27,58.8039,59.2517,57.799,58.7044,15475500
2006-09-28,58.6348,59.4308,58.2666,59.0527,12198200
2006-09-29,59.2318,59.4506,58.2567,58.7044,8593900
2006-10-02,58.2567,59.8984,58.2467,59.4208,9571000
2006-10-03,55.7493,57.4607,55.3911,57.4607,17303500
2006-10-04,56.4955,56.4955,54.625,55.8488,20664600
2006-10-05,57.59,58.1074,57.0428,57.1423,16290900
2006-10-06,57.7194,58.0278,56.794,57.6099,10117300
2006-10-09,57.1821,58.5054,57.0527,58.3562,8779500
2006-10-10,57.8885,58.1472,56.9632,57.1025,10708700
2006-10-11,57.3413,58.0477,57.0129,57.5104,9346100
2006-10-12,58.5154,58.7741,57.4507,57.5403,13855800
2006-10-13,59.7292,60.3561,58.8636,58.8636,11473200
2006-10-16,60.7839,60.8436,59.3711,59.5103,9555900
2006-10-17,60.4954,61.0924,59.8685,61.0924,9287400
2006-10-18,60.0277,61.1322,59.6894,60.5451,10008000
2006-10-19,60.8237,61.0824,59.8287,60.2068,8434400
2006-10-20,60.5551,61.361,60.1173,61.1919,9586300
2006-10-23,60.4058,60.5153,59.5502,59.9183,9069000
2006-10-24,61.0924,61.371,59.8486,59.8984,11266700
2006-10-25,62.4356,62.8834,60.8436,60.8436,13663900
2006-10-26,61.8884,62.9729,61.4307,62.9431,9462500
2006-10-27,60.8834,61.8685,60.8436,61.6894,8038700
2006-10-30,59.5004,60.2864,59.1124,60.2566,12924400
2006-10-31,59.9382,60.0476,58.5353,59.4308,16282500
2006-11-01,59.4009,60.4357,58.784,59.9979,12541800
2006-11-02,59.4009,59.7889,58.7342,59.2019,9106600
2006-11-03,60.6645,61.1322,59.8287,59.8387,10466500
2006-11-06,60.7441,61.4506,60.5252,60.7939,11613000
2006-11-07,60.6844,61.172,60.2367,61.172,8955400
2006-11-08,62.0575,62.4058,60.4556,60.5949,15230300
2006-11-09,62.9928,63.9182,62.4257,62.6844,14156400
2006-11-10,62.7739,63.1222,62.2565,62.8734,6170300
2006-11-13,62.754,63.4505,61.7889,61.8884,9799900
2006-11-14,63.1421,63.5202,62.754,63.2814,8176400
2006-11-15,63.6595,64.0973,62.8635,63.1421,8580400
2006-11-16,61.958,64.2266,61.9083,64.1768,12186000
2006-11-17,62.3859,62.6247,61.2516,61.2914,10799200
2006-11-20,62.5053,63.2615,61.6894,61.8386,9232500
2006-11-21,63.9977,64.2365,62.8436,62.9829,12607000
2006-11-22,64.1669,64.6743,63.2814,64.3659,10270700
2006-11-24,63.9679,64.6942,63.9281,64.0574,2584100
2006-11-27,63.8684,64.6644,63.8286,64.157,7379000
2006-11-28,64.5848,65.2514,64.0376,64.1271,9729200
2006-11-29,66.1171,66.7738,64.8932,64.943,12893200
2006-11-30,66.9628,67.321,65.9877,66.3459,13221600
2006-12-01,67.0325,67.1419,65.7191,66.5648,9692800
2006-12-04,66.923,67.1021,66.2066,67.0325,8721200
2006-12-05,67.7489,68.2862,66.724,67.7389,13473500
2006-12-06,68.5449,69.5299,67.6195,67.6593,17575300
2006-12-07,69.3409,69.898,68.2464,68.8533,15595600
2006-12-08,70.6841,71.0224,69.7786,69.9478,14958900
2006-12-11,70.3955,70.6443,69.7886,70.296,8970300
2006-12-12,70.2463,70.7139,69.7687,70.5448,10391600
2006-12-13,70.6443,71.2612,70.2065,70.495,9248400
2006-12-14,72.7039,73.4701,70.9726,71.5398,15777600
2006-12-15,72.4054,73.1517,72.0472,73.0721,13402300
2006-12-18,72.1368,74.5148,71.8283,74.1168,19646600
2006-12-19,72.6641,72.8731,70.4353,71.6393,14317600
2006-12-20,72.1368,73.3009,72.1268,73.3009,9716700
2006-12-21,71.7089,72.4651,71.0821,72.2164,9525400
2006-12-22,70.694,71.9179,70.694,71.6393,6016300
2006-12-26,71.3308,71.6791,70.5846,71.092,5815300
2006-12-27,71.7786,72.2363,70.7637,71.2214,6223500
2006-12-28,72.3059,72.7736,71.7388,71.9079,7087700
2006-12-29,71.5895,72.3756,71.3209,72.0373,7071400
2007-01-03,67.8484,71.1418,67.5598,70.9428,21112800
2007-01-04,65.739,67.1419,64.8037,66.7638,27279400
2007-01-05,67.0822,67.3111,65.739,66.3658,16188700
2007-01-08,67.9578,68.2265,66.734,67.7588,16777200
2007-01-09,66.1768,67.3111,66.0773,66.6643,20072000
2007-01-10,64.2067,66.8633,64.0674,65.6693,23535100
2007-01-11,61.5103,64.1171,61.2814,63.1819,32980000
2007-01-12,63.5102,63.6694,61.9779,62.167,19179300
2007-01-16,62.4953,63.948,62.1869,63.56,16920500
2007-01-17,63.2316,63.749,62.3958,62.3958,18008300
2007-01-18,62.2963,64.0773,62.1073,63.7291,15969800
2007-01-19,63.6296,63.9082,62.6446,62.6844,13992300
2007-01-22,63.0625,64.2465,62.8137,64.0773,13426000
2007-01-23,64.6445,64.9828,63.351,63.5401,15824600
2007-01-24,65.2614,65.4902,64.1271,64.6743,12620800
2007-01-25,63.7391,65.331,63.5998,65.2912,9452800
2007-01-26,64.4455,64.7838,63.7689,64.137,8460400
2007-01-29,64.2962,65.1121,64.137,64.6246,10393900
2007-01-30,65.3211,65.5002,64.4256,64.6047,11173200
2007-01-31,66.0773,66.3061,64.8236,65.2514,15997800
2007-02-01,66.9728,67.0822,66.0076,66.3658,13955000
2007-02-02,66.9529,67.1917,66.1867,67.0126,6954600
2007-02-05,66.7041,67.4305,66.5449,67.0623,6547100
2007-02-06,66.3061,67.52,65.9081,67.3409,8336700
2007-02-07,65.8982,66.6046,65.4405,66.5051,9948900
2007-02-08,66.535,66.7937,65.2813,65.8783,9946200
2007-02-09,66.6544,66.9927,66.1967,66.6643,9456700
2007-02-12,65.6992,66.4255,65.3708,65.7688,9077788
2007-02-13,66.933,67.0126,65.8186,65.8683,9771858
2007-02-14,67.122,67.7588,66.8633,66.9031,9532185
2007-02-15,65.8285,66.7539,65.4405,66.7439,10417200
2007-02-16,65.8186,66.0673,65.4206,65.4803,7061300
2007-02-20,65.2514,65.3211,64.6942,65.2813,7256700
2007-02-21,65.9579,66.0275,64.346,65.1818,10761000
2007-02-22,66.5449,66.6345,65.2713,65.9579,8998200
2007-02-23,66.8633,67.4006,66.7638,66.933,8867100
2007-02-26,67.6195,68.0971,67.122,67.2514,7879510
2007-02-27,64.7241,67.1917,63.6893,66.5648,16950200
2007-02-28,64.9927,66.1071,64.3261,65.1718,14065000
2007-03-01,65.6196,66.0076,63.4505,64.5848,14415689
2007-03-02,64.6047,65.6594,64.1868,65.3609,10805900
2007-03-05,64.1669,65.3609,63.5102,63.7888,12364000
2007-03-06,65.4902,65.6295,64.5649,64.7042,9604900
2007-03-07,66.8235,68.4056,65.3808,65.4902,16365000
2007-03-08,67.2315,67.7986,66.8932,67.4603,10063900
2007-03-09,67.4603,67.9578,67.0922,67.8185,12192700
2007-03-12,66.9031,67.3907,66.4653,66.6643,10708600
2007-03-13,66.2564,68.0971,66.2265,66.7539,12956800
2007-03-14,67.5698,67.6096,65.54,66.6046,15624828
2007-03-15,66.1867,67.3509,66.127,67.1618,13001128
2007-03-16,65.0126,66.3061,64.8534,66.1768,14467850
2007-03-19,65.3211,65.8285,64.7838,65.331,14801200
2007-03-20,65.9778,66.0773,64.6445,65.5798,12472126
2007-03-21,66.8335,67.2116,65.9181,66.1469,11414534
2007-03-22,68.3359,68.9926,67.132,67.132,16492660
2007-03-23,68.9031,69.4901,68.3558,68.8533,10975230
2007-03-26,69.2115,69.6791,68.6245,69.1618,10291200
2007-03-27,69.1319,69.3807,68.6543,68.9628,8386337
2007-03-28,68.8931,70.1368,67.2613,69.5697,11700541
2007-03-29,68.8234,69.5001,68.515,69.4404,10857494
2007-03-30,68.0076,68.7339,67.6593,68.4354,10806516
2007-04-02,67.8484,68.4255,67.4603,68.1668,10102700
2007-04-03,67.5001,67.9877,66.8633,67.3011,10268900
2007-04-04,67.4006,67.5996,66.2962,67.1419,11433900
2007-04-05,67.6195,68.0175,67.0126,67.3409,6922759
2007-04-09,68.0772,68.8135,65.9081,66.6842,9686726
2007-04-10,69.1021,69.4503,68.3359,68.3359,12118848
2007-04-11,68.8831,69.6095,68.6742,69.4006,10947321
2007-04-12,70.1368,70.2363,68.6941,69.3409,11892677
2007-04-13,70.1866,70.4154,69.4801,70.1567,9844951
2007-04-16,70.2463,70.4652,69.51,70.4055,7903199
2007-04-17,70.0771,70.8134,69.6791,70.3557,9196522
2007-04-18,69.4901,69.7388,69.1219,69.5797,7939018
2007-04-19,68.9329,69.2812,68.4951,68.913,6697719
2007-04-20,70.893,70.9627,69.0225,69.699,12371974
2007-04-23,70.2463,71.301,70.0373,70.5945,13189088
2007-04-24,69.2911,70.2662,69.0523,69.7886,10972009
2007-04-25,70.4652,70.8731,68.6941,69.5299,14016919
2007-04-26,70.3756,70.6443,69.4304,69.4304,9874968
2007-04-27,69.6891,70.2562,69.1319,70.0473,8825595
2007-04-30,69.0025,70.3856,68.7837,69.301,10875670
2007-05-01,68.8434,69.5498,68.3857,68.9628,9698493
2007-05-02,69.0722,69.321,68.3558,68.8633,9358321
2007-05-03,69.6394,69.908,68.6344,68.8234,14222248
2007-05-04,69.8383,70.5945,69.5498,69.7886,8465348
2007-05-07,69.9876,69.9975,69.1021,69.5995,7471337
2007-05-08,69.898,70.1965,69.2115,69.6791,7385606
2007-05-09,69.7587,70.0771,68.9329,69.709,11796594
2007-05-10,68.7339,70.1169,68.3558,69.8582,9866833
2007-05-11,69.8383,70.1965,69.0523,69.0523,10869050
2007-05-14,70.3657,70.5448,69.8383,69.8383,10680704
2007-05-15,70.3657,71.1915,70.0672,70.0672,9910183
2007-05-16,71.49,71.5099,70.296,70.5846,15904117
2007-05-17,72.883,73.2213,70.6443,71.1617,15709127
2007-05-18,74.475,74.7337,72.3756,73.2014,17549448
2007-05-21,75.4799,76.4152,74.873,75.1118,17668622
2007-05-22,75.47,76.5147,74.6243,74.6243,13810699
2007-05-23,76.3257,77.3804,75.868,75.8779,14512143
2007-05-24,74.8133,77.1515,74.2959,76.2162,21166770
2007-05-25,76.0371,76.1665,75.0322,75.3705,11640945
2007-05-29,74.9725,75.9078,74.2959,75.8978,10561783
2007-05-30,76.9127,77.0918,74.5347,74.5944,13050430
2007-05-31,77.0421,77.5396,76.5346,77.2311,13580500
2007-06-01,78.4649,78.8032,77.48,77.5197,11534000
2007-06-04,79.0122,79.5097,78.1167,78.4848,8854226
2007-06-05,78.8928,79.2609,78.256,78.6937,7643342
2007-06-06,78.0072,78.5147,77.46,78.2361,9870129
2007-06-07,76.8729,78.5346,76.7137,77.9376,10131274
2007-06-08,76.9028,77.0023,75.8182,76.3257,11001872
2007-06-11,77.4799,78.1565,76.654,77.1117,7688351
2007-06-12,76.7287,77.7983,76.664,77.46,9559400
2007-06-13,77.3605,77.7983,76.9127,76.9227,13484700
2007-06-14,78.8231,79.0221,77.6092,77.9376,8427237
2007-06-15,80.1166,80.3554,79.2112,79.5892,11944017
2007-06-18,80.2857,80.9922,80.2161,80.3156,7549167
2007-06-19,79.828,80.0967,79.3803,79.8877,8771341
2007-06-20,77.8082,80.3753,77.7087,80.0071,11053344
2007-06-21,79.2709,79.4798,78.1067,78.5246,10590795
2007-06-22,78.3455,79.5992,77.7684,79.1913,12419449
2007-06-25,77.649,79.1316,77.4202,77.858,12823233
2007-06-26,75.4202,78.1465,74.9327,78.0072,17184312
2007-06-27,76.8729,77.1117,74.1665,74.3954,15433537
2007-06-28,76.3555,77.5993,76.1466,77.1515,9990668
2007-06-29,78.1067,78.1366,77.0421,77.5893,11139648
2007-07-02,79.6091,80.0967,78.4848,78.4948,13572874
2007-07-03,80.2161,80.6539,79.2112,79.2808,5473342
2007-07-05,80.3156,80.8529,79.4698,80.3156,12232972
2007-07-06,80.6738,81.3106,80.4947,80.7932,7784849
2007-07-09,83.6289,84.3055,80.5743,80.7434,17937638
2007-07-10,83.6985,86.4348,82.9324,83.4299,22497820
2007-07-11,85.1612,85.798,84.1563,84.2558,17801672
2007-07-12,88.1959,88.2059,85.1612,85.9174,17922172
2007-07-13,89.7182,90.3849,88.4546,88.9521,13927144
2007-07-16,86.6935,89.6685,85.2507,89.1511,25726516
2007-07-17,85.5492,87.9571,85.2109,87.3104,14374255
2007-07-18,86.9621,87.1114,85.0318,85.0517,13618695
2007-07-19,86.9223,87.9969,86.8527,87.4696,9417301
2007-07-20,85.8676,86.7432,85.201,86.6636,11709146
2007-07-23,85.201,85.798,83.5991,85.7582,12132067
2007-07-24,81.9175,84.7035,81.43,84.6637,15907944
2007-07-25,83.8677,84.5244,80.8827,82.1762,14508130
2007-07-26,81.4001,83.5593,78.8032,82.5941,18814398
2007-07-27,79.8,81.95,79.07,81.02,17489166
2007-07-30,81.39,81.75,79.52,80.5,12103871
2007-07-31,80.84,82.88,80.67,82.42,12510232
2007-08-01,80.75,82.58,78.36,80.14,16754138
2007-08-02,80.26,81.5,78.86,81.1,13830128
2007-08-03,77.59,81.37,77.5,80.02,14603947
2007-08-06,78.95,79.14,75.24,77.93,16971060
2007-08-07,79.98,80.94,77.2,77.89,15875503
2007-08-08,80.67,81.92,79.5,80.12,12114052
2007-08-09,78.23,80.39,78.22,78.7,12681117
2007-08-10,78.21,78.8,76.0,77.5,16854272
2007-08-13,79.2,80.37,78.52,79.02,10910900
2007-08-14,78.86,80.39,78.55,79.89,11470860
2007-08-15,77.38,80.11,77.06,78.96,14327827
2007-08-16,77.28,77.87,73.75,76.01,22218786
2007-08-17,79.13,80.0,78.07,78.9,14917266
2007-08-20,79.86,80.4,78.25,78.9,11794087
2007-08-21,78.13,79.68,77.79,79.05,11660088
2007-08-22,78.9,79.11,78.11,78.68,12286400
2007-08-23,79.24,79.86,78.21,79.75,9108800
2007-08-24,80.74,81.0,79.58,79.79,9133100
2007-08-27,80.98,81.52,80.02,80.04,10892400
2007-08-28,78.81,80.65,78.64,80.18,9273600
2007-08-29,81.77,82.1,79.14,79.53,9258300
2007-08-30,81.29,82.24,80.8,81.23,9392600
2007-08-31,81.89,82.81,81.58,82.45,8909400
2007-09-04,83.48,84.16,81.58,81.71,9091847
2007-09-05,82.12,83.19,81.44,83.19,9978100
2007-09-06,83.63,83.9,82.58,82.75,9769300
2007-09-07,82.81,83.47,82.16,82.75,8734378
2007-09-10,82.19,83.1,80.93,82.91,9593300
2007-09-11,83.53,83.86,81.03,82.66,11699400
2007-09-12,84.85,85.3,83.08,83.08,9975900
2007-09-13,85.11,86.11,84.86,85.56,7860704
2007-09-14,85.27,85.91,84.27,84.6,7211299
2007-09-17,84.73,85.66,84.42,84.71,7219800
2007-09-18,87.79,88.24,84.24,84.65,11028300
2007-09-19,88.29,89.5,87.9,88.48,10688529
2007-09-20,88.41,88.98,83.5,88.55,7244900
2007-09-21,88.94,89.64,88.41,89.18,9679951
2007-09-24,89.18,89.74,88.43,88.94,12312825
2007-09-25,87.29,88.07,87.08,88.07,10168200
2007-09-26,87.3,88.31,86.21,87.95,10123544
2007-09-27,87.96,88.5,87.54,88.16,11484888
2007-09-28,87.77,88.9,87.12,88.16,7125529
2007-10-01,87.39,87.82,86.61,86.77,9866680
2007-10-02,85.47,86.78,84.5,86.78,12664055
2007-10-03,84.06,84.76,83.49,84.39,11957049
2007-10-04,83.94,84.49,82.41,83.39,14299100
2007-10-05,84.2,84.55,83.44,84.26,6766400
2007-10-08,84.33,84.65,83.5,83.55,7625500
2007-10-09,85.89,86.32,84.44,84.78,10374385
2007-10-10,86.73,87.91,84.36,84.36,9690500
2007-10-11,85.72,87.77,85.0,87.08,11562437
2007-10-12,85.72,86.87,85.48,86.27,6619128
2007-10-15,86.36,86.86,85.48,86.6,9296100
2007-10-16,87.8,88.15,86.03,86.2,12561200
2007-10-17,87.46,88.82,86.4,87.97,12440200
2007-10-18,88.01,88.21,86.82,87.01,8263500
2007-10-19,85.07,87.68,84.36,87.67,11387300
2007-10-22,83.12,84.33,81.6,83.99,13236238
2007-10-23,83.22,83.93,81.83,83.39,10367251
2007-10-24,81.65,83.22,80.5,83.22,14559324
2007-10-25,83.69,84.5,81.28,82.15,13134900
2007-10-26,84.81,85.33,83.8,85.12,9175767
2007-10-29,84.63,85.12,84.48,85.01,6717300
2007-10-30,82.72,83.83,82.45,83.8,12468097
2007-10-31,84.96,85.52,82.6,83.44,13411679
2007-11-01,83.21,84.93,82.68,83.6,11813489
2007-11-02,84.57,84.85,82.45,83.13,12401952
2007-11-05,83.92,85.0,82.7,82.72,10101939
2007-11-06,85.14,85.29,83.99,83.99,10170818
2007-11-07,82.41,85.49,82.35,84.61,11948019
2007-11-08,83.95,85.19,82.3,82.3,14261164
2007-11-09,82.56,83.57,81.5,82.64,12600782
2007-11-12,78.97,81.97,78.8,81.78,14007344
2007-11-13,79.77,79.82,77.26,79.47,12886796
2007-11-14,79.37,81.64,78.84,80.48,11923467
2007-11-15,78.04,79.79,77.06,78.78,13676185
2007-11-16,78.93,79.73,78.12,78.68,12342668
2007-11-19,77.13,79.24,77.09,78.55,11041779
2007-11-20,79.29,79.87,77.54,77.54,15397117
2007-11-21,77.82,80.12,77.68,78.67,11153176
2007-11-23,79.12,79.35,77.95,78.18,4989969
