Price,Close,High,Low,Open,Volume
Ticker,EOG,EOG,EOG,EOG,EOG
Date,,,,,
1999-11-24,9.6608,9.7525,9.4774,9.4774,2993600
1999-11-26,9.6608,9.722,9.6302,9.6608,577800
1999-11-29,9.1717,9.5691,9.1717,9.5385,2176800
1999-11-30,9.0494,9.5385,8.8965,9.5385,1730000
1999-12-01,9.1411,9.294,8.9577,9.1717,1488800
1999-12-02,8.7437,9.294,8.7131,9.1717,1345400
1999-12-03,8.4991,8.8965,8.3156,8.8659,992200
1999-12-06,8.071,8.8659,8.071,8.8659,973800
1999-12-07,7.3985,7.7348,7.0927,7.5819,9580000
1999-12-08,7.643,7.7959,7.0316,7.5819,4578400
1999-12-09,7.7348,7.9488,7.3373,7.857,2109400
1999-12-10,7.643,7.7959,7.3679,7.7959,1871000
1999-12-13,7.8265,8.3156,7.7042,7.7653,2370200
1999-12-14,7.7348,8.0099,7.7042,7.7653,1349800
1999-12-15,7.8876,8.1016,7.7042,7.9182,3073400
1999-12-16,8.2851,8.2851,7.9488,7.9488,3112000
1999-12-17,8.4074,8.4074,8.2545,8.4074,2127400
1999-12-20,8.3462,8.4379,8.1016,8.4074,1971600
1999-12-21,8.2239,8.4074,8.1933,8.4074,1075200
1999-12-22,8.2239,8.3462,8.071,8.3462,1201000
1999-12-23,8.3462,8.5602,8.071,8.1016,2115400
1999-12-27,8.071,8.4074,7.9182,8.2851,1126400
1999-12-28,8.3156,8.3768,7.857,8.3156,1755600
1999-12-29,8.4685,8.6519,8.3156,8.3156,673600
1999-12-30,8.3462,8.6519,8.071,8.4379,944800
1999-12-31,8.5908,8.5908,8.1016,8.2545,462200
2000-01-03,7.5819,8.4991,7.3373,8.4074,1972600
2000-01-04,7.5819,7.643,7.215,7.3373,2701400
2000-01-05,7.3679,7.5819,7.2762,7.4596,1799000
2000-01-06,7.9793,8.071,7.3067,7.3679,1978000
2000-01-07,8.1322,8.1933,7.9182,8.071,879000
2000-01-10,7.9488,7.9488,7.643,7.7653,999400
2000-01-11,8.0099,8.1322,7.8265,7.8265,1394200
2000-01-12,8.0246,8.1165,7.8715,7.8715,1039600
2000-01-13,8.1778,8.3003,8.0553,8.0553,2148200
2000-01-14,8.1778,8.3921,8.1165,8.3003,2543600
2000-01-18,8.3615,8.7903,8.1778,8.4534,1853400
2000-01-19,8.3921,8.7291,8.3921,8.4534,831200
2000-01-20,8.2084,8.3921,7.8408,8.3615,2120400
2000-01-21,7.9634,8.3921,7.9021,8.3615,3880000
2000-01-24,7.8102,7.9327,7.5652,7.8408,2696600
2000-01-25,7.6571,7.9327,7.6265,7.7796,2652000
2000-01-26,7.749,7.9634,7.6877,7.6877,2283200
2000-01-27,7.5652,7.9021,7.4733,7.7796,1302600
2000-01-28,7.4733,7.6877,7.4427,7.5652,1149000
2000-01-31,7.4121,7.8102,7.3814,7.5958,1529800
2000-02-01,7.9021,7.9327,7.6571,7.6571,1381000
2000-02-02,8.0859,8.1778,7.9634,7.9634,2050400
2000-02-03,7.9021,8.239,7.9021,8.1471,1709600
2000-02-04,7.6877,8.1165,7.4733,8.1165,1274200
2000-02-07,7.6265,7.9021,7.5652,7.8102,1560400
2000-02-08,7.5958,7.7796,7.5039,7.6877,1180800
2000-02-09,7.3814,7.7796,7.2895,7.6571,1893000
2000-02-10,7.7796,7.7796,7.2895,7.6571,0
2000-02-11,7.6571,7.8102,7.4733,7.8102,1505800
2000-02-14,7.7183,7.7796,7.5039,7.6571,1033600
2000-02-15,7.9634,8.0553,7.5039,7.6571,1339000
2000-02-16,7.8408,8.1165,7.7796,8.0246,1210400
2000-02-17,7.9327,7.9327,7.8102,7.8715,2295400
2000-02-18,7.7183,7.9634,7.7183,7.9327,1388400
2000-02-22,7.5958,7.749,7.4427,7.6571,677200
2000-02-23,7.2283,7.7183,7.1977,7.5346,1414800
2000-02-24,6.8607,7.3201,6.7382,7.3201,2523400
2000-02-25,6.7995,6.9833,6.7076,6.8914,2713200
2000-02-28,6.9526,7.1058,6.7688,6.8914,1570600
2000-02-29,7.4733,7.4733,6.922,6.9526,4318800
2000-03-01,7.6571,7.7183,7.4733,7.5958,3107200
2000-03-02,8.6985,8.7597,7.8408,7.8408,4354400
2000-03-03,8.484,8.8822,8.1471,8.6985,3073600
2000-03-06,8.5147,8.7597,8.3309,8.3921,956200
2000-03-07,9.1579,9.2804,8.6372,8.8822,2012200
2000-03-08,9.2498,9.5254,8.8822,9.1272,3488400
2000-03-09,9.1885,9.3723,9.0047,9.311,1327000
2000-03-10,9.0966,9.4029,8.8209,9.0354,2407800
2000-03-13,8.9435,9.2804,8.9128,8.9741,785000
2000-03-14,9.066,9.2191,8.8822,8.9741,1337600
2000-03-15,8.9741,9.2498,8.7597,9.1885,1239200
2000-03-16,9.1885,9.4948,8.9435,8.9741,1787400
2000-03-17,9.0354,9.311,8.9741,9.1885,719400
2000-03-20,9.0047,9.0354,8.6985,8.9741,1205800
2000-03-21,9.1579,9.2498,8.9128,9.0047,1659200
2000-03-22,9.2804,9.6479,9.0047,9.3723,3918800
2000-03-23,9.311,9.3417,9.1885,9.311,1403000
2000-03-24,9.0354,9.4335,9.0047,9.2804,1850000
2000-03-27,9.0354,9.2498,8.9435,9.0047,1555400
2000-03-28,9.4642,9.6173,8.9435,9.0047,1866800
2000-03-29,10.5361,10.5974,9.4948,9.4948,2458200
2000-03-30,11.2712,11.7919,10.5361,10.628,5638000
2000-03-31,10.383,11.7307,10.383,11.2406,3052000
2000-04-03,11.3938,11.455,10.6587,10.7812,2210800
2000-04-04,11.1181,11.7919,10.7506,11.7,4401200
2000-04-05,10.8731,11.5163,10.7199,11.3325,1996600
2000-04-06,11.3938,11.455,10.9956,11.3325,1090200
2000-04-07,11.5775,11.6694,11.2712,11.3631,1143800
2000-04-10,11.0262,11.5775,10.8118,11.5469,1731000
2000-04-11,11.4856,11.7,11.0568,11.0568,1627800
2000-04-12,11.9297,12.2364,11.6844,11.715,3362200
2000-04-13,12.0217,12.1137,11.7457,11.7764,1927600
2000-04-14,11.4083,12.0524,11.2243,12.0524,2038000
2000-04-17,11.255,11.5003,11.1017,11.5003,1319400
2000-04-18,11.6537,11.6537,11.0403,11.1323,1358400
2000-04-19,11.3777,12.0217,11.2243,11.5924,2150800
2000-04-20,11.6844,12.0524,11.347,12.0217,2947800
2000-04-24,11.4083,11.5924,11.3164,11.5924,2015400
2000-04-25,11.5924,11.7457,11.531,11.531,1684400
2000-04-26,11.5924,11.7457,11.531,11.6537,1494600
2000-04-27,11.7764,11.8684,11.439,11.6537,2090800
2000-04-28,12.2057,12.2057,11.7457,11.7457,2286200
2000-05-01,12.6964,12.8191,12.2057,12.267,4464800
2000-05-02,13.1564,13.4324,12.7271,12.7271,3696000
2000-05-03,12.8804,13.3404,12.8191,13.1564,3682400
2000-05-04,13.5858,13.8004,12.8191,12.8804,4053400
2000-05-05,13.9538,14.0458,13.4324,13.4324,2597600
2000-05-08,14.2298,14.4445,13.7391,13.8004,3324600
2000-05-09,14.0151,14.4138,13.6164,14.1991,3270600
2000-05-10,14.1071,14.1378,13.6471,13.9538,1462400
2000-05-11,14.4445,14.4751,14.1378,14.2298,2450600
2000-05-12,14.5671,14.5978,14.1685,14.4751,1906800
2000-05-15,14.4751,14.6898,14.4751,14.5058,3313600
2000-05-16,13.7391,14.4751,13.6471,14.4751,2736200
2000-05-17,14.6592,14.9658,13.7391,13.8004,3833200
2000-05-18,15.0885,15.1498,14.3525,14.5978,3623200
2000-05-19,15.2418,15.4565,14.7511,15.0885,4766600
2000-05-22,15.3032,15.6712,15.1192,15.2725,2442000
2000-05-23,15.2725,15.6405,15.2418,15.2725,4120200
2000-05-24,15.1192,15.6712,15.0578,15.3032,2299600
2000-05-25,14.8125,15.4565,14.5671,15.4565,3526000
2000-05-26,14.7205,15.1805,14.5978,15.1805,2928000
2000-05-30,15.2725,15.3338,14.6285,14.9658,2772600
2000-05-31,15.9472,16.0085,15.3032,15.3338,3786000
2000-06-01,15.7325,16.1312,15.3952,16.1312,2350200
2000-06-02,14.9658,15.9165,14.9045,15.8245,3872800
2000-06-05,14.8125,14.9658,14.5365,14.9658,1756400
2000-06-06,15.3952,15.4258,14.5365,14.9658,2530600
2000-06-07,15.3338,15.8858,14.8432,15.3952,2264000
2000-06-08,15.7938,16.1925,15.4258,15.4565,1985000
2000-06-09,15.5485,15.7938,15.4872,15.7938,1340200
2000-06-12,15.9779,16.1619,15.6405,15.7938,1488600
2000-06-13,16.3152,16.4072,16.0392,16.1005,1454000
2000-06-14,16.4379,16.6525,16.2845,16.3459,1147200
2000-06-15,16.3152,16.5299,15.9779,16.3765,2386600
2000-06-16,16.9899,17.1126,15.9779,16.3765,2979800
2000-06-19,16.7696,17.0819,16.4379,16.9286,2078800
2000-06-20,16.4685,16.4992,16.1312,16.4379,2153800
2000-06-21,16.4992,16.6219,16.0392,16.4685,3277800
2000-06-22,15.8552,16.8365,15.5792,16.8365,1736200
2000-06-23,16.2232,16.4685,15.9472,15.9779,650200
2000-06-26,15.9472,16.5605,15.7018,16.3152,621000
2000-06-27,16.1619,16.1925,15.6098,16.1925,1572600
2000-06-28,16.4072,16.4379,15.9165,16.1312,996400
2000-06-29,16.5605,16.8365,16.2232,16.4379,1267800
2000-06-30,16.4379,16.8672,16.0699,16.5605,1654600
2000-07-03,16.1619,16.5912,16.0699,16.4685,477600
2000-07-05,14.5058,16.1312,14.3525,16.1312,4237200
2000-07-06,14.1071,15.1498,13.4018,14.9658,6646200
2000-07-07,14.7205,14.7818,13.8311,13.9844,3672400
2000-07-10,14.9045,15.7018,14.8432,15.6712,2783200
2000-07-11,15.8858,15.9472,14.9658,14.9658,5116400
2000-07-12,15.4258,16.4685,15.3952,16.4379,3238600
2000-07-13,15.6886,15.9036,14.829,15.4123,3252600
2000-07-14,15.4737,15.8115,15.2281,15.4123,1390800
2000-07-17,14.9211,15.9343,14.7676,15.4737,2563400
2000-07-18,15.4737,15.4737,14.7983,14.7983,2403600
2000-07-19,15.1974,15.4737,15.1053,15.4431,1000400
2000-07-20,14.2457,15.1974,14.0308,15.1974,2477000
2000-07-21,13.7851,14.3685,13.2325,14.3685,2737800
2000-07-24,13.4167,14.0,13.2632,13.8158,2061800
2000-07-25,13.2632,14.0,13.1097,13.693,2314800
2000-07-26,13.6623,13.8465,13.2632,13.2939,2602600
2000-07-27,14.4913,14.6448,13.7851,13.7851,3354200
2000-07-28,14.7369,15.0746,14.4913,14.4913,1574000
2000-07-31,14.522,15.2281,14.2764,15.2281,1224200
2000-08-01,15.1667,15.4123,14.4606,14.4913,1532200
2000-08-02,15.7194,15.75,15.136,15.136,2081800
2000-08-03,15.4737,16.7018,15.4737,15.965,2430800
2000-08-04,16.0571,16.3027,15.5044,15.7808,2006000
2000-08-07,16.1799,16.4562,16.0264,16.1492,1244000
2000-08-08,16.1185,16.579,16.0571,16.1799,1745600
2000-08-09,16.3334,16.6711,16.272,16.6711,1226000
2000-08-10,16.7939,17.0088,16.4562,16.579,2542800
2000-08-11,16.8246,16.9167,16.6097,16.886,1400800
2000-08-14,17.0702,17.6536,16.8553,16.8553,4536600
2000-08-15,17.4387,17.6843,17.1931,17.1931,1877600
2000-08-16,17.3158,17.6843,17.2237,17.4694,2235800
2000-08-17,17.8378,18.5439,17.5615,17.5615,3984200
2000-08-18,17.715,18.0527,17.3773,17.9299,1501600
2000-08-21,17.8685,18.2062,17.5922,18.0834,1517200
2000-08-22,18.022,18.4211,17.9299,18.1141,1604000
2000-08-23,18.5439,18.7281,18.0834,18.1755,2117000
2000-08-24,18.636,18.6974,18.1755,18.5439,2494200
2000-08-25,18.636,18.6974,18.2676,18.6053,1077000
2000-08-28,18.636,18.8816,18.5439,18.636,1085800
2000-08-29,19.1273,19.4036,18.5439,18.7281,2153400
2000-08-30,18.6053,19.2194,18.2983,19.1273,2582000
2000-08-31,18.7895,19.0352,18.6974,18.7895,1079200
2000-09-01,18.9123,19.2501,18.8816,18.9123,1824000
2000-09-05,18.9123,18.9738,18.6667,18.7895,1201200
2000-09-06,19.2808,19.2808,18.7895,18.851,2631600
2000-09-07,19.3115,19.3115,18.9738,19.2808,1340000
2000-09-08,19.0352,19.1273,18.5746,19.0045,1717200
2000-09-11,19.4957,19.5878,18.9123,19.0352,1576400
2000-09-12,19.772,19.8334,19.3422,19.5878,2334000
2000-09-13,19.2808,19.8948,19.0352,19.8948,2067400
2000-09-14,19.465,19.5264,18.8202,19.2808,938000
2000-09-15,19.4036,19.8334,19.2194,19.4343,2437200
2000-09-18,19.6185,19.7413,19.3422,19.4036,2110000
2000-09-19,19.0659,19.772,18.9431,19.6185,2413600
2000-09-20,19.4957,19.8948,19.0659,19.1887,3243400
2000-09-21,18.7895,19.4036,18.7281,19.4036,2974200
2000-09-22,18.6667,19.3115,18.5439,18.6667,2560000
2000-09-25,18.2676,18.5132,17.6229,18.5132,2450200
2000-09-26,19.1273,19.4036,18.3904,18.3904,1500400
2000-09-27,19.4036,19.5571,19.1273,19.2501,1842800
2000-09-28,19.158,19.7106,19.158,19.5878,1756400
2000-09-29,19.0966,20.079,18.9738,19.2808,2110800
2000-10-02,19.4957,19.7106,19.3115,19.3729,1378200
2000-10-03,19.4036,19.5264,19.2808,19.4957,1018400
2000-10-04,18.4825,19.3422,18.4518,19.3115,2657000
2000-10-05,18.1448,18.6667,18.0527,18.5746,1625000
2000-10-06,18.636,18.6974,18.1755,18.1755,2362600
2000-10-09,18.6053,18.9738,18.4211,18.7281,552800
2000-10-10,19.9255,20.079,18.6667,18.7281,4048800
2000-10-11,20.7545,21.0615,20.1711,20.3246,5522400
2000-10-12,20.7545,21.1536,20.4475,20.6317,3217000
2000-10-13,20.4337,20.6488,20.1571,20.6488,2331000
2000-10-16,20.0957,20.6488,20.0342,20.6488,1680200
2000-10-17,20.8946,20.9867,20.0957,20.6488,2876600
2000-10-18,20.7717,21.2633,20.741,20.8946,3855600
2000-10-19,20.741,21.1404,20.741,20.8331,2894000
2000-10-20,21.3555,21.3862,20.8024,20.8331,2079000
2000-10-23,21.1097,21.5706,20.5873,20.8331,1571800
2000-10-24,19.6655,21.1404,19.2353,21.0175,2135000
2000-10-25,17.5453,19.389,17.5146,19.3582,3511800
2000-10-26,18.6208,18.6822,18.0984,18.0984,2667000
2000-10-27,18.8051,19.1738,17.6989,18.0984,3326800
2000-10-30,18.9895,19.0202,18.252,18.6208,1593400
2000-10-31,19.3582,19.4197,18.4979,18.928,1868800
2000-11-01,20.7102,21.3555,20.1879,21.1097,31827400
2000-11-02,20.1879,20.6488,20.1264,20.6488,5689200
2000-11-03,19.9113,20.4951,19.9113,20.1879,1726200
2000-11-06,19.604,19.942,19.3275,19.942,1766200
2000-11-07,19.604,19.9728,19.389,19.7884,1237800
2000-11-08,20.0957,20.2493,19.6962,19.727,2171800
2000-11-09,19.5119,20.1571,19.389,19.727,1092200
2000-11-10,19.604,19.727,19.5119,19.6348,910000
2000-11-13,19.1431,19.7884,19.0817,19.6655,1438200
2000-11-14,19.7884,19.9113,19.1738,19.1738,1934800
2000-11-15,21.5091,21.6013,20.0342,20.0342,3103400
2000-11-16,21.8471,22.0622,21.1404,21.5091,3343000
2000-11-17,21.5706,21.8471,21.5706,21.7242,1640800
2000-11-20,20.7717,21.8471,20.6488,21.7242,1519000
2000-11-21,21.6013,21.632,20.5259,20.5566,3057800
2000-11-22,21.632,21.755,21.079,21.6013,1620400
2000-11-24,22.3695,22.431,22.0008,22.0929,1207400
2000-11-27,22.4924,22.6153,21.9393,22.4002,1543400
2000-11-28,22.2466,22.7997,22.2159,22.4924,1934800
2000-11-29,21.0482,22.1544,20.4644,22.1237,2724800
2000-11-30,20.8639,21.8471,20.403,21.0482,4088000
2000-12-01,21.8471,21.8471,20.8946,20.9867,2520800
2000-12-04,22.6153,22.9533,21.97,21.97,2381400
2000-12-05,22.6461,23.445,22.4002,22.6153,3622000
2000-12-06,23.4142,23.5679,22.9226,23.2299,2654800
2000-12-07,22.3388,24.0288,21.5399,23.5986,5297400
2000-12-08,22.431,22.6153,21.8471,22.5539,3498400
2000-12-11,23.3528,23.445,22.4924,22.5539,1569000
2000-12-12,23.7523,23.7829,22.7382,23.3528,1772200
2000-12-13,24.0288,24.2131,23.6293,23.7523,2446400
2000-12-14,23.2299,23.8137,23.2299,23.7523,3239400
2000-12-15,23.4142,23.5679,23.2913,23.2913,2434400
2000-12-18,24.3361,24.797,23.445,23.4757,3127400
2000-12-19,24.797,25.5344,24.7663,24.7663,3982800
2000-12-20,24.6434,25.4422,24.3975,24.7663,3029200
2000-12-21,25.3808,25.811,24.8277,24.8277,3383400
2000-12-22,25.5651,25.5959,25.0735,25.4115,1065200
2000-12-26,27.3166,27.4703,25.5651,25.5651,3536200
2000-12-27,27.5624,27.5624,26.7943,27.2859,2798400
2000-12-28,27.7468,27.8697,27.2244,27.4703,2477400
2000-12-29,26.8557,27.839,26.5177,27.7468,2417600
2001-01-02,26.3333,27.1937,25.8724,26.7635,4073600
2001-01-03,24.0903,26.487,23.8752,26.0568,5310600
2001-01-04,22.7997,24.3053,22.3695,24.0903,7386800
2001-01-05,23.5064,23.8137,22.7997,23.2913,3115400
2001-01-08,24.2131,24.797,24.2131,24.2131,3523600
2001-01-09,23.7523,24.4897,23.4142,24.459,3624600
2001-01-10,23.9366,24.7663,23.7829,23.8444,2422800
2001-01-11,23.4142,24.5511,23.2913,24.2131,2308400
2001-01-12,23.0317,23.37,22.8165,23.37,3424800
2001-01-16,23.5852,23.7697,22.386,22.509,2350600
2001-01-17,21.9862,23.4622,21.8017,23.4622,3855400
2001-01-18,21.402,21.525,20.2027,21.525,7356800
2001-01-19,21.771,22.017,20.7562,21.156,4622200
2001-01-22,22.14,22.386,21.771,21.771,1835000
2001-01-23,22.632,22.8472,22.263,22.2937,2817200
2001-01-24,22.632,23.0932,22.386,22.6627,3454800
2001-01-25,23.2777,23.4007,22.5397,22.632,1833800
2001-01-26,23.0625,23.5237,22.9087,23.1547,2324600
2001-01-29,22.3269,23.37,22.3269,23.06,1913600
2001-01-30,21.894,22.4303,21.5102,22.3318,2366600
2001-01-31,21.52,22.258,21.402,21.894,3139000
2001-02-01,21.279,21.8841,20.7624,21.7218,2147800
2001-02-02,22.3614,22.386,21.402,21.402,3548000
2001-02-05,22.263,22.7058,21.7956,21.7956,1646600
2001-02-06,22.6369,23.001,22.1301,22.509,1510600
2001-02-07,23.3011,23.5176,22.2679,23.0748,2119000
2001-02-08,22.7402,23.493,22.632,23.124,1427000
2001-02-09,23.2715,23.6012,22.627,22.6861,1852400
2001-02-12,22.9468,23.985,22.6812,23.8866,1450800
2001-02-13,23.2174,23.2913,22.386,22.5582,1554800
2001-02-14,23.1584,23.7734,23.124,23.2224,1715800
2001-02-15,22.2383,23.1535,22.14,23.1535,2295600
2001-02-16,22.6664,23.2224,22.4991,22.7796,2072400
2001-02-20,22.5532,23.001,22.509,22.6566,1290600
2001-02-21,21.9973,23.247,21.9973,22.7796,3389400
2001-02-22,21.6971,22.2876,21.648,22.1154,1564200
2001-02-23,21.4315,22.0809,21.2052,21.7021,1491000
2001-02-26,21.771,21.894,21.4265,21.5742,2280000
2001-02-27,21.8448,22.1154,21.7218,21.766,1196200
2001-02-28,21.3528,21.83,21.156,21.83,1324000
2001-03-01,21.4708,21.6234,21.156,21.279,1949200
2001-03-02,22.1892,22.263,21.5987,21.7956,4668000
2001-03-05,22.4942,22.878,22.386,22.4352,1465600
2001-03-06,22.8042,23.0748,22.7796,22.8288,2249800
2001-03-07,23.9997,24.2064,23.2715,23.3946,4179400
2001-03-08,24.7229,24.7525,23.5176,24.4524,2825000
2001-03-09,24.8017,24.9444,24.1276,24.6,3319600
2001-03-12,23.37,24.6,23.3306,24.5508,2435400
2001-03-13,23.0846,23.4142,22.6172,23.365,3232000
2001-03-14,22.4106,22.9026,22.2383,22.5336,2030200
2001-03-15,22.0366,22.878,21.894,22.8288,1568200
2001-03-16,22.0416,22.3318,21.7759,21.894,2346800
2001-03-19,22.4696,22.632,21.9432,21.9432,1451800
2001-03-20,22.9764,23.365,22.3663,22.5926,2503400
2001-03-21,21.6971,23.0895,21.5987,23.0256,2837800
2001-03-22,21.0772,21.7218,20.4672,21.6971,2393800
2001-03-23,21.3921,21.8448,20.6639,21.1264,1743200
2001-03-26,21.3675,21.771,21.2544,21.397,2013000
2001-03-27,20.8312,21.5594,20.6886,21.402,5907800
2001-03-28,20.6344,21.1264,20.4672,20.91,1278600
2001-03-29,19.7193,19.926,19.3356,19.7587,3268000
2001-03-30,20.2851,20.4672,19.7242,19.7242,2616400
2001-04-02,19.5127,20.4672,19.3995,20.4081,4053400
2001-04-03,18.6418,19.5324,18.5287,19.5077,2855800
2001-04-04,19.2569,19.4684,18.6468,18.942,3566200
2001-04-05,19.8423,19.8866,19.1388,19.2864,4104400
2001-04-06,19.8521,19.9161,19.2618,19.8768,1679600
2001-04-09,20.6639,20.6639,20.2212,20.2212,1206800
2001-04-10,21.1412,21.2248,20.6738,20.9592,2155800
2001-04-11,20.9984,21.5204,20.959,21.5204,1969000
2001-04-12,21.353,21.4219,21.0033,21.1215,0
2001-04-16,21.9685,22.1261,21.3234,21.3234,1689400
2001-04-17,22.3132,22.3576,21.6681,21.9636,2535800
2001-04-18,21.9094,22.5693,21.8651,22.3182,4039800
2001-04-19,21.3037,21.8159,20.5601,21.7863,4117600
2001-04-20,21.5204,21.7174,21.0526,21.2495,1830800
2001-04-23,23.0963,23.1209,21.6189,21.6681,4587600
2001-04-24,22.9731,23.441,22.7762,22.7762,3261000
2001-04-25,23.4853,23.633,23.0716,23.3917,2612000
2001-04-26,23.5543,24.1403,23.5543,23.9334,2109200
2001-04-27,23.2933,23.633,23.0224,23.5592,2151800
2001-04-30,22.8451,23.638,22.3576,23.244,2893400
2001-05-01,22.3822,22.7712,22.1606,22.7712,3630000
2001-05-02,20.8999,22.1655,20.8851,22.1606,4602000
2001-05-03,20.7374,21.2742,20.2646,20.9294,3136200
2001-05-04,21.4859,21.6681,20.8802,20.9541,3262200
2001-05-07,21.4958,21.9636,21.4465,21.8651,2867800
2001-05-08,21.6681,21.7666,21.2397,21.545,1493000
2001-05-09,22.2591,22.2591,21.6681,21.6681,1700000
2001-05-10,21.9538,22.3576,21.8651,22.2099,2299000
2001-05-11,21.87,21.9636,21.7223,21.9636,2254600
2001-05-14,22.3822,22.3822,21.9685,22.1951,1504800
2001-05-15,23.2243,23.3671,22.3822,22.3822,2917800
2001-05-16,23.2834,23.8793,23.244,23.3425,3802200
2001-05-17,23.6823,23.835,22.7269,22.9042,2853600
2001-05-18,24.2388,24.3717,23.6626,23.6823,1803200
2001-05-21,24.5145,24.5539,24.2437,24.288,1709400
2001-05-22,24.3176,24.4998,23.9876,24.4998,2043000
2001-05-23,23.0322,24.0319,22.9978,23.8842,4536400
2001-05-24,22.6481,22.8008,22.1606,22.5447,4521400
2001-05-25,22.397,22.7023,22.2099,22.4068,2550600
2001-05-29,22.2197,22.8993,21.9882,22.6334,1686000
2001-05-30,22.1606,22.2197,21.4219,22.2197,3334400
2001-05-31,22.1064,22.2985,21.7223,22.0375,2352800
2001-06-01,22.1606,22.3822,21.5697,22.1852,1529800
2001-06-04,22.4708,22.6875,22.2394,22.5299,1113400
2001-06-05,22.1852,22.3625,22.003,22.0375,2521600
2001-06-06,20.565,21.9193,20.437,21.9144,5541800
2001-06-07,20.2695,20.565,20.1169,20.565,6016200
2001-06-08,20.3533,20.6094,19.6589,20.5059,3684200
2001-06-11,20.6241,20.7571,20.1908,20.5355,3147600
2001-06-12,21.0526,21.2988,20.7915,21.0772,3072600
2001-06-13,20.4764,21.5401,20.4419,21.2249,2184000
2001-06-14,20.1021,20.4813,20.0676,20.4813,1607000
2001-06-15,20.0529,20.4124,19.8017,19.8017,1253000
2001-06-18,19.4521,20.043,19.4225,20.043,3376000
2001-06-19,19.6343,19.6983,19.3191,19.6983,3478200
2001-06-20,19.26,19.9347,19.196,19.6934,2321800
2001-06-21,18.1963,19.4028,17.7285,19.3831,3930200
2001-06-22,18.7232,18.7626,17.9008,18.2702,3530800
2001-06-25,18.4819,18.8611,18.3687,18.4179,3045400
2001-06-26,18.6937,18.7626,18.2209,18.4672,2169000
2001-06-27,18.0781,18.4475,17.9255,18.4475,2330200
2001-06-28,17.305,18.1274,17.1917,18.1274,3533800
2001-06-29,17.5068,17.822,17.3345,17.6792,3446400
2001-07-02,17.167,17.7777,16.9652,17.7531,2263800
2001-07-03,17.4231,17.5266,17.1375,17.167,1598000
2001-07-05,17.7531,18.1224,17.433,17.433,1501600
2001-07-06,18.1224,18.216,17.5019,17.9698,1496000
2001-07-09,17.433,18.0239,17.3838,18.0239,3376600
2001-07-10,17.2163,17.7285,17.1129,17.5807,5213600
2001-07-11,16.6204,16.8666,16.0541,16.8666,3194000
2001-07-12,16.3791,16.9898,16.1132,16.6697,2733200
2001-07-13,16.7588,17.0645,16.1967,16.32,1755200
2001-07-16,16.0784,16.9116,15.9452,16.5122,1779400
2001-07-17,15.6889,15.9748,15.5311,15.5311,4324400
2001-07-18,15.4473,15.7234,15.186,15.6938,2605200
2001-07-19,15.5163,15.748,15.2846,15.4818,1778000
2001-07-20,15.8368,15.9502,15.5557,15.5902,2618600
2001-07-23,15.8269,16.2509,15.7776,16.0241,2185800
2001-07-24,15.2254,15.8368,15.186,15.8368,1730000
2001-07-25,16.6996,16.7045,15.1613,15.4916,3597000
2001-07-26,17.0103,17.1335,16.6454,16.7637,2809800
2001-07-27,17.9421,17.9963,16.7341,17.2568,3289200
2001-07-30,17.454,18.1886,17.4491,17.6512,2953600
2001-07-31,17.4293,17.9963,17.385,17.9963,2470600
2001-08-01,17.0595,17.8928,16.9609,17.6019,3000200
2001-08-02,17.3554,17.4047,16.7686,17.1335,2066600
2001-08-03,16.9461,17.3011,16.813,17.2568,1066200
2001-08-06,16.7243,17.168,16.5862,16.8968,1354200
2001-08-07,16.5714,16.9954,16.5714,16.7637,1136000
2001-08-08,15.8614,16.7884,15.8319,16.6405,1433000
2001-08-09,15.8516,16.0833,15.6593,15.8614,1808000
2001-08-10,16.0291,16.246,15.8023,15.9009,928800
2001-08-13,16.1326,16.4136,15.7776,15.7776,2915000
2001-08-14,16.5172,16.5172,16.3249,16.5172,1744200
2001-08-15,17.8484,17.8534,16.4186,16.4186,4280400
2001-08-16,17.7893,17.8287,17.2962,17.8238,3512400
2001-08-17,17.385,17.7893,17.0103,17.7893,1318200
2001-08-20,16.8377,17.385,16.813,17.38,1342600
2001-08-21,16.813,17.0546,16.6898,17.0103,862800
2001-08-22,16.6207,17.6019,16.5172,16.9856,2366200
2001-08-23,16.4038,16.7193,16.3446,16.7193,2967400
2001-08-24,16.1425,16.3693,15.9748,16.2805,1732400
2001-08-27,16.034,16.2263,15.8516,16.1474,2036800
2001-08-28,15.8466,16.0537,15.8269,15.9107,1508600
2001-08-29,15.8762,16.1622,15.5311,16.0143,2143000
2001-08-30,15.5705,15.9945,15.2895,15.9748,2825600
2001-08-31,15.5902,15.753,15.4078,15.5705,1885400
2001-09-04,16.0241,16.0488,15.7776,16.0241,1813000
2001-09-05,15.6544,15.9058,15.4127,15.9009,3125400
2001-09-06,16.0636,16.2213,15.5557,15.679,1548800
2001-09-07,16.1079,16.32,15.5804,15.9255,1537800
2001-09-10,16.1375,16.3101,15.8861,15.9354,2088400
2001-09-17,15.1712,16.3643,15.1367,16.1721,2482800
2001-09-18,14.2935,15.107,14.116,14.7767,3110400
2001-09-19,13.8498,14.397,13.3222,14.2935,3639800
2001-09-20,13.7512,14.2886,13.6131,13.7808,2459600
2001-09-21,13.9977,14.0914,13.1398,13.1891,2374800
2001-09-24,13.3863,14.7422,13.3617,14.7422,4479200
2001-09-25,13.1496,13.4603,12.9672,13.3173,2480800
2001-09-26,13.1348,13.3124,12.9081,13.3074,2598400
2001-09-27,13.4603,13.6575,12.7207,12.7207,3032600
2001-09-28,14.2639,14.5006,13.7758,13.8794,2323400
2001-10-01,13.9237,14.2639,13.6328,14.1062,2819200
2001-10-02,14.2491,14.2984,13.7561,13.7561,1288600
2001-10-03,14.5647,14.6929,13.8103,13.904,2125200
2001-10-04,15.3437,15.5804,14.6781,14.6781,2436000
2001-10-05,15.5163,15.6445,15.1367,15.5311,2716800
2001-10-08,15.7875,16.0734,15.3338,15.4916,1970400
2001-10-09,15.8516,16.0389,15.4374,15.7825,1769800
2001-10-10,16.7637,16.7637,15.8762,15.8762,2499200
2001-10-11,16.7539,17.0842,16.4629,16.7637,0
2001-10-12,16.7686,17.0103,16.32,16.7637,2149800
2001-10-15,16.2404,16.7834,15.9196,16.7834,1823400
2001-10-16,16.8279,17.0253,16.2898,16.2898,1805000
2001-10-17,16.7785,17.3758,16.7341,17.0747,3256000
2001-10-18,16.3737,16.5119,16.117,16.3885,2123400
2001-10-19,16.7834,16.8871,15.8258,16.043,2119400
2001-10-22,16.976,17.0253,16.4823,16.5366,1894800
2001-10-23,16.9315,17.6572,16.6107,16.8773,3787800
2001-10-24,17.2228,17.4252,16.6452,16.9315,12779800
2001-10-25,18.2101,18.215,17.1784,17.2228,7186200
2001-10-26,18.6099,19.0048,17.8201,17.8201,7494600
2001-10-29,18.7136,19.4491,18.7037,19.4491,6781600
2001-10-30,17.5634,18.3186,17.2722,18.3137,6000200
2001-10-31,17.4597,17.9978,16.8081,17.4696,2984400
2001-11-01,17.7559,17.8201,17.1043,17.3265,2057000
2001-11-02,17.0698,17.7065,16.9809,17.6572,2886800
2001-11-05,16.6995,17.0944,16.6354,16.8328,1584400
2001-11-06,16.8131,16.8328,16.2404,16.4379,1957000
2001-11-07,17.4153,17.5584,16.5366,16.5366,3422000
2001-11-08,17.44,17.7707,17.4005,17.5239,2484800
2001-11-09,18.0718,18.758,17.8201,17.8694,2346000
2001-11-12,17.8201,18.0126,17.3709,17.9682,2309000
2001-11-13,17.8102,17.8991,17.4252,17.825,1141800
2001-11-14,16.7884,17.3265,16.7637,17.2771,2495400
2001-11-15,15.6925,16.2948,15.0557,16.2898,5036400
2001-11-16,16.1565,16.2799,15.4309,15.6925,2287400
2001-11-19,16.1664,16.2898,15.5543,16.0578,2134600
2001-11-20,17.0007,17.1784,16.4873,16.4873,2788400
2001-11-21,16.9414,17.2771,16.665,16.9809,3305600
2001-11-23,17.3462,17.4252,16.6847,16.7341,1129000
2001-11-26,17.0796,17.1537,16.7341,17.0994,3401600
2001-11-27,17.0698,17.4745,16.7834,16.8328,2314000
2001-11-28,16.9661,17.5979,16.4379,16.7341,8535000
2001-11-29,17.3659,17.4005,16.9562,17.0796,3101000
2001-11-30,17.2672,17.4054,16.6798,17.361,6374200
2001-12-03,17.7806,17.8694,16.4873,16.5366,3511800
2001-12-04,18.3779,18.4124,17.6473,17.7707,4046000
2001-12-05,19.3059,19.5774,18.9604,19.2516,6452400
2001-12-06,19.0542,19.3059,18.7925,19.3059,2737600
2001-12-07,18.837,18.9999,18.521,18.758,2989000
2001-12-10,18.4421,18.6346,18.2644,18.2644,1758200
2001-12-11,17.9682,18.4421,17.7164,18.4371,3789600
2001-12-12,17.6078,17.6128,17.1043,17.4745,2836400
2001-12-13,17.3857,17.7164,16.9809,17.2771,2102200
2001-12-14,17.8299,17.983,17.2672,17.4745,1481200
2001-12-17,17.672,18.0718,17.6029,18.0422,1820800
2001-12-18,18.1162,18.1656,17.3561,17.3758,1866400
2001-12-19,18.5556,18.6247,18.0373,18.1113,1675200
2001-12-20,18.3631,18.9061,18.3483,18.4124,2109600
2001-12-21,18.6346,18.758,18.5358,18.6099,1885800
2001-12-24,18.7136,18.9011,18.6593,18.832,710000
2001-12-26,19.2516,19.3158,19.0097,19.2072,3704600
2001-12-27,19.2368,19.4688,19.0295,19.1529,1610600
2001-12-28,19.375,19.5675,19.1578,19.2368,1424000
2001-12-31,19.3059,19.5281,19.1529,19.2516,1173400
2002-01-02,18.8024,18.9604,18.294,18.8567,2280800
2002-01-03,18.4371,18.758,18.3335,18.7086,1995800
2002-01-04,18.6543,18.7086,18.3384,18.5112,2180200
2002-01-07,18.8172,18.9505,18.4766,18.5852,2262200
2002-01-08,18.6247,18.7728,18.1162,18.5852,2132400
2002-01-09,18.5112,18.6099,18.2792,18.4964,2917000
2002-01-10,18.3236,18.5112,18.1409,18.5112,2209200
2002-01-11,17.5881,18.0175,17.5881,17.8694,1950200
2002-01-14,17.0796,17.3166,16.8328,16.9809,4953000
2002-01-15,17.3465,17.475,17.1587,17.1982,2700800
2002-01-16,16.9759,17.2477,16.7485,17.1735,3721800
2002-01-17,16.6052,17.1142,16.363,17.1142,2760200
2002-01-18,16.1851,16.6793,16.022,16.6151,5643800
2002-01-22,16.1604,16.8029,16.0616,16.8029,1759200
2002-01-23,16.5904,16.7287,16.1456,16.2098,2389000
2002-01-24,16.8721,16.9956,16.5064,16.5558,1862800
2002-01-25,16.9363,17.1142,16.7436,16.9017,2142400
2002-01-28,16.3927,17.2328,16.368,17.1834,2103400
2002-01-29,15.7848,16.3927,15.6217,16.3927,2918400
2002-01-30,16.2593,16.4471,15.0732,15.4142,5188200
2002-01-31,16.7979,16.9857,16.3976,16.5163,2440400
2002-02-01,16.4421,16.9511,16.195,16.7979,3083800
2002-02-04,16.3136,16.5558,16.0863,16.3729,2347200
2002-02-05,16.2296,16.4322,15.9084,16.3729,1563800
2002-02-06,16.1555,16.6052,16.0665,16.3284,994400
2002-02-07,15.7156,16.0912,15.6959,16.0863,1184200
2002-02-08,15.9084,15.9133,15.3993,15.6662,2213400
2002-02-11,16.3433,16.4569,15.765,15.859,1398200
2002-02-12,16.0122,16.2593,15.8936,16.1357,1363200
2002-02-13,16.0764,16.1357,15.6909,15.8886,1241000
2002-02-14,16.2988,16.5014,15.8342,15.9232,1748800
2002-02-15,16.1357,16.3087,15.9627,16.2988,1983200
2002-02-19,16.2197,16.3778,15.8293,15.9627,1351600
2002-02-20,16.0319,16.3037,15.8491,16.2593,1751600
2002-02-21,16.4619,16.6546,16.111,16.111,1719000
2002-02-22,16.8128,16.9264,16.4569,16.5113,1586000
2002-02-25,17.2378,17.3317,16.709,16.709,1997600
2002-02-26,17.1093,17.2921,16.9264,17.2872,1503400
2002-02-27,17.05,17.2477,16.9857,17.1587,1401800
2002-02-28,17.391,17.643,17.0599,17.1241,3103400
2002-03-01,17.3712,17.5442,17.1488,17.5442,1402400
2002-03-04,17.643,17.7864,17.4206,17.4206,2549200
2002-03-05,17.7468,17.8358,17.5689,17.7419,1943600
2002-03-06,18.755,18.8291,17.8555,18.0384,3157400
2002-03-07,19.2689,19.605,19.0021,19.0762,3596000
2002-03-08,19.2541,19.4222,19.0861,19.2739,4404600
2002-03-11,19.5161,19.7533,19.2986,19.521,1891800
2002-03-12,19.5457,19.5605,19.2245,19.2739,2462200
2002-03-13,19.6841,19.8571,19.5704,19.6198,3980800
2002-03-14,19.4469,19.6841,19.091,19.6841,1778800
2002-03-15,19.3974,19.5951,19.2591,19.2739,2304600
2002-03-18,19.7088,19.7187,19.3727,19.5951,2112200
2002-03-19,20.1486,20.1882,19.7631,19.7681,1747800
2002-03-20,19.9806,20.2574,19.778,20.1091,1549800
2002-03-21,20.3364,20.4205,19.778,19.8274,1508000
2002-03-22,19.8472,20.2623,19.7681,20.1635,2106800
2002-03-25,19.7088,20.1091,19.5259,19.5704,1339400
2002-03-26,19.4222,19.8521,19.3036,19.5457,1404000
2002-03-27,20.0992,20.2129,19.5161,19.5161,1404400
2002-03-28,20.0449,20.2722,19.8768,20.1042,1716000
2002-04-01,20.455,20.544,20.1931,20.1931,1365600
2002-04-02,20.9196,20.9987,20.5588,20.7022,2161600
2002-04-03,20.3167,20.712,20.1684,20.7071,1667800
2002-04-04,19.6248,20.6923,19.4518,20.3611,1897800
2002-04-05,19.3974,19.8669,19.1256,19.7483,1129600
2002-04-08,19.8818,20.3018,19.521,19.7187,820000
2002-04-09,19.2887,19.8867,19.2294,19.8867,1162400
2002-04-10,19.8225,19.9164,19.2492,19.2887,874600
2002-04-11,19.7829,20.1042,19.4716,19.6989,1443800
2002-04-12,18.8133,19.4812,18.6501,19.3427,1804800
2002-04-15,19.2586,19.5306,19.1942,19.1942,1402000
2002-04-16,19.219,19.5306,19.1942,19.3427,1521600
2002-04-17,19.8571,19.9808,19.3921,19.4218,2102000
2002-04-18,20.1094,20.3123,19.9115,20.1688,1305800
2002-04-19,20.4359,20.52,19.8868,20.1144,1573200
2002-04-22,20.4508,20.619,20.3073,20.3865,1766800
2002-04-23,20.6289,20.9356,20.3024,20.4508,1558800
2002-04-24,20.2875,20.5745,20.2479,20.2826,1647400
2002-04-25,20.6635,20.9009,20.1342,20.3568,1679600
2002-04-26,20.8416,20.8762,20.5547,20.6981,1448800
2002-04-29,20.8317,20.9554,20.4508,20.8317,781800
2002-04-30,21.0494,21.2472,20.7773,20.9554,1540400
2002-05-01,21.0543,21.0692,20.3815,20.431,2118200
2002-05-02,21.3709,21.3709,20.7872,20.9009,1450600
2002-05-03,21.6529,21.8161,21.3561,21.455,1935200
2002-05-06,20.8861,21.3759,20.8218,21.3709,2683000
2002-05-07,20.9653,21.0345,20.6536,20.9257,1430600
2002-05-08,21.4995,21.5441,21.173,21.272,1063400
2002-05-09,21.1285,21.5737,21.1137,21.3709,1057600
2002-05-10,21.1483,21.3214,21.0692,21.2324,894800
2002-05-13,21.5886,21.5886,20.9257,20.9999,948600
2002-05-14,21.6183,21.8409,21.5589,21.7667,2026400
2002-05-15,21.0791,21.5045,20.9999,21.3907,1725000
2002-05-16,21.4154,21.4847,21.0791,21.0791,1260000
2002-05-17,20.9751,21.2027,20.7624,21.1483,2036800
2002-05-20,21.1236,21.1928,20.7377,20.8515,974600
2002-05-21,21.0296,21.366,20.9009,20.9257,1393600
2002-05-22,21.2769,21.2769,20.896,21.0345,1557400
2002-05-23,21.3412,21.4451,21.0692,21.4451,994200
2002-05-24,20.8515,21.2176,20.7674,21.0741,1365800
2002-05-28,20.6882,20.9504,20.5349,20.8515,882200
2002-05-29,20.6981,20.7525,20.3123,20.3914,1337400
2002-05-30,20.1391,20.6536,19.9808,20.5745,1500800
2002-05-31,20.2826,20.6437,20.2826,20.2925,1490000
2002-06-03,19.8423,20.3518,19.6691,20.3518,1442000
2002-06-04,19.6988,19.9363,19.4762,19.8868,1564800
2002-06-05,19.5702,19.5999,19.3526,19.4416,1384000
2002-06-06,19.4218,20.0847,19.1942,19.7384,1525200
2002-06-07,19.684,19.7582,19.2981,19.4218,1485400
2002-06-10,19.0112,19.7483,19.0112,19.6395,1298000
2002-06-11,18.6847,19.2586,18.5363,19.0953,1652200
2002-06-12,18.7243,19.0112,18.6501,18.8727,1931800
2002-06-13,18.8232,19.0161,18.5264,18.7985,2448000
2002-06-14,18.9617,19.0261,18.3582,18.749,2314600
2002-06-17,19.3971,19.5158,19.2289,19.3031,912800
2002-06-18,19.3674,19.5603,19.308,19.3971,1217600
2002-06-19,19.313,19.6642,19.1448,19.5158,1946200
2002-06-20,19.2833,19.6345,19.2536,19.4169,2922600
2002-06-21,19.1794,19.4911,18.8727,19.407,1858600
2002-06-24,19.313,19.4564,19.0706,19.1843,2136800
2002-06-25,19.3526,19.679,19.3427,19.5158,1655400
2002-06-26,19.4515,19.4812,19.0903,19.3179,1930200
2002-06-27,19.3773,19.6246,19.0458,19.5752,1769800
2002-06-28,19.6395,19.6395,19.3624,19.4465,1952000
2002-07-01,19.1448,19.6296,19.12,19.59,1169600
2002-07-02,19.1448,19.2882,18.5363,19.1448,1156600
2002-07-03,18.7045,18.9321,18.4027,18.561,987000
2002-07-05,19.0409,19.0409,18.655,18.655,543600
2002-07-08,18.5017,18.9519,18.4423,18.8727,1141200
2002-07-09,18.2988,18.7094,18.2988,18.4621,1183600
2002-07-10,17.7893,18.5412,17.72,18.5017,1281000
2002-07-11,17.542,17.7003,17.3193,17.5865,1788200
2002-07-12,17.4232,17.8833,17.1808,17.6013,1208200
2002-07-15,17.5074,17.5074,16.7199,17.3093,1991600
2002-07-16,17.4084,17.661,16.9032,17.2846,1802000
2002-07-17,17.4034,18.077,17.1508,17.8789,1849600
2002-07-18,17.2746,17.6362,17.2499,17.3341,997600
2002-07-19,16.8091,17.2846,16.7893,17.2152,2219400
2002-07-22,15.665,16.9626,15.5908,16.8141,2798200
2002-07-23,15.3184,15.9671,15.3085,15.6007,2195000
2002-07-24,16.2445,16.294,14.8677,14.9321,2554200
2002-07-25,15.7245,16.3782,15.254,16.1702,4990200
2002-07-26,16.0563,16.0811,15.4075,15.6502,1466200
2002-07-29,16.9874,16.9923,16.294,16.5417,1407800
2002-07-30,17.0023,17.1261,16.4822,16.9874,1116200
2002-07-31,16.9824,17.1855,16.7249,16.9626,1130800
2002-08-01,16.4674,17.1805,16.4377,17.1805,1433200
2002-08-02,16.398,16.7546,16.1455,16.3337,1446600
2002-08-05,15.8186,16.7101,15.7839,16.3782,1160800
2002-08-06,16.4377,16.611,16.19,16.2445,1142200
2002-08-07,16.6704,16.7645,16.2098,16.715,858200
2002-08-08,17.3143,17.344,16.5664,16.715,802400
2002-08-09,17.5867,17.8046,16.8438,17.2103,1005400
2002-08-12,17.8293,17.9383,17.2103,17.5867,808200
2002-08-13,17.0815,17.7253,17.0666,17.4628,1701000
2002-08-14,17.2598,17.344,16.8289,17.1607,1537400
2002-08-15,17.7055,17.8095,17.3093,17.3093,1607400
2002-08-16,17.3836,17.656,17.2152,17.656,1744600
2002-08-19,17.4579,17.5619,17.0963,17.3341,1542600
2002-08-20,17.0765,17.4579,16.9478,17.4579,761400
2002-08-21,17.2152,17.3093,16.8141,17.0765,761000
2002-08-22,17.6659,17.7055,17.1657,17.1657,1008600
2002-08-23,17.3737,17.6362,17.339,17.6362,936600
2002-08-26,17.5916,17.6807,17.136,17.3836,610800
2002-08-27,17.7798,18.0275,17.6411,17.9532,1217800
2002-08-28,17.3291,17.7402,17.2796,17.7352,974400
2002-08-29,16.9676,17.3589,16.8933,17.1607,1188800
2002-08-30,17.2548,17.4678,16.9626,16.9874,1042400
2002-09-03,16.616,17.0122,16.4624,17.0072,1272600
2002-09-04,16.6902,16.8041,16.19,16.715,800200
2002-09-05,16.8636,16.9379,16.5219,16.5417,908600
2002-09-06,17.1855,17.3341,16.9379,17.0963,745400
2002-09-09,17.1112,17.2301,16.9032,17.0617,977800
2002-09-10,17.5074,17.5272,17.1508,17.1855,832000
2002-09-11,17.6411,17.7055,17.5817,17.5817,1470400
2002-09-12,17.3687,17.6362,17.2598,17.5817,1683600
2002-09-13,17.443,17.5669,17.1954,17.2697,1507800
2002-09-16,17.661,17.7551,17.2945,17.443,1173400
2002-09-17,17.2301,17.4678,17.0914,17.3341,1759000
2002-09-18,17.448,17.5074,17.0963,17.2846,1427400
2002-09-19,16.9478,17.4331,16.9478,17.0865,1612600
2002-09-20,16.8487,17.1607,16.8487,16.9478,1076600
2002-09-23,16.928,17.2598,16.7992,16.9874,954200
2002-09-24,16.403,16.8883,16.3832,16.8883,1289000
2002-09-25,17.1112,17.2053,16.3436,16.5813,2868400
2002-09-26,17.6164,17.7303,17.1112,17.1855,1010200
2002-09-27,17.6709,18.0027,17.4232,17.4529,1011400
2002-09-30,17.8095,17.9532,17.2895,17.6709,1340400
2002-10-01,17.8789,17.9185,17.3836,17.3836,1138000
2002-10-02,18.072,18.6564,17.7848,17.8293,3004400
2002-10-03,17.7204,18.0968,17.5322,17.8293,1728400
2002-10-04,17.3192,17.9284,17.1558,17.7798,1389800
2002-10-07,17.136,17.6461,17.0865,17.3093,1062800
2002-10-08,16.9131,17.2499,16.6358,17.136,1498800
2002-10-09,16.4971,16.9577,16.4179,16.9131,1231600
2002-10-10,16.507,16.5615,16.0464,16.4971,2920400
2002-10-11,16.8289,16.9428,16.5219,16.6704,1264600
2002-10-14,17.7204,17.8194,16.7893,16.8388,1513400
2002-10-15,18.2807,18.365,18.0476,18.0476,1635400
2002-10-16,18.003,18.3302,17.8344,18.2807,966000
2002-10-17,18.6178,18.6376,18.1369,18.4641,902000
2002-10-18,18.5087,18.6971,18.241,18.5186,1018200
2002-10-21,18.7418,18.9649,18.3451,18.355,1385800
2002-10-22,18.4591,18.469,17.8146,18.3203,2469000
2002-10-23,19.2624,19.3219,18.4443,18.4591,2468600
2002-10-24,18.9748,19.5004,18.8558,19.4855,1308600
2002-10-25,18.0823,18.945,17.7402,18.9401,4840400
2002-10-28,18.1617,18.5236,17.76,18.4641,1659200
2002-10-29,17.7353,17.9732,17.4973,17.9633,1512800
2002-10-30,18.4939,18.7219,17.7402,17.7402,2062600
2002-10-31,18.36,18.9599,17.8493,18.6426,1948000
2002-11-01,18.6674,18.7517,18.2658,18.2707,1534400
2002-11-04,18.7814,18.955,18.5732,18.8013,2079200
2002-11-05,18.6971,18.9401,18.479,18.8508,1098000
2002-11-06,18.8508,18.8955,18.5236,18.7814,1537600
2002-11-07,18.7715,18.9847,18.5484,18.9847,1320800
2002-11-08,18.5881,18.7913,18.4542,18.7219,940800
2002-11-11,18.4492,18.831,18.3005,18.5385,827400
2002-11-12,18.2906,18.5881,18.2212,18.4591,886400
2002-11-13,17.7749,18.5186,17.5121,18.241,2505800
2002-11-14,18.6773,18.6773,17.8592,17.8741,2915000
2002-11-15,18.6376,18.712,18.122,18.122,1679200
2002-11-18,18.8211,18.8707,18.5682,18.8409,1500200
2002-11-19,18.9946,19.0888,18.6426,18.836,1418400
2002-11-20,19.783,19.783,19.0839,19.0888,2394600
2002-11-21,20.011,20.1945,19.7136,19.8078,2927400
2002-11-22,19.0293,19.4855,19.0293,19.4111,6712600
2002-11-25,19.1632,19.2773,19.0393,19.2773,2154400
2002-11-26,18.6971,19.1632,18.6823,19.1632,1548600
2002-11-27,18.9797,19.0888,18.707,18.7467,1448600
2002-11-29,19.2227,19.3814,19.1236,19.1285,984000
2002-12-02,19.3814,19.5648,19.1681,19.5648,2073400
2002-12-03,19.5549,19.7086,19.2524,19.4012,2405200
2002-12-04,19.2723,19.5599,19.2029,19.5599,1162800
2002-12-05,19.4904,19.5599,19.2871,19.5549,1996000
2002-12-06,19.7631,19.8326,19.3913,19.4161,1435000
2002-12-09,19.5252,20.0805,19.5053,19.7631,1929400
2002-12-10,19.9119,19.9565,19.5103,19.5351,1291800
2002-12-11,19.9714,20.1053,19.6342,19.9119,1705800
2002-12-12,20.5713,20.6953,19.9714,19.9714,2952000
2002-12-13,20.4077,20.7597,20.3284,20.6259,1851400
2002-12-16,20.5168,20.7746,20.4722,20.5317,1731200
2002-12-17,20.1796,20.6209,20.1647,20.4672,1259000
2002-12-18,19.7681,20.135,19.7383,20.13,1442200
2002-12-19,19.7334,19.9218,19.5351,19.7681,1873400
2002-12-20,20.5217,20.5217,20.0358,20.0805,2844600
2002-12-23,20.6556,20.8242,20.3135,20.5217,1620200
2002-12-24,20.4821,20.7399,20.4821,20.73,440000
2002-12-26,20.378,20.6011,20.3383,20.487,687800
2002-12-27,19.897,20.4821,19.8425,20.373,1310600
2002-12-30,19.8573,20.2044,19.7929,20.0061,1315400
2002-12-31,19.7929,19.8821,19.545,19.8078,852000
2003-01-02,20.4077,20.4077,19.9565,20.0557,1000400
2003-01-03,20.2788,20.5515,20.2143,20.4523,1497800
2003-01-06,20.1796,20.492,20.135,20.2639,1520200
2003-01-07,19.2128,20.1846,19.0888,20.1846,2843800
2003-01-08,19.1533,19.3962,19.0393,19.2178,2213000
2003-01-09,19.4805,19.4855,19.1781,19.2326,1706600
2003-01-10,19.2971,19.5103,19.2376,19.4855,1283400
2003-01-13,19.2029,19.5103,19.0393,19.5053,2102800
2003-01-14,19.302,19.4657,19.2574,19.3863,1904000
2003-01-15,19.6293,19.6789,19.2723,19.2971,1477200
2003-01-16,19.6293,19.9119,19.5995,19.7086,2711200
2003-01-17,19.4607,19.6541,19.3715,19.6342,1379400
2003-01-21,19.0244,19.4657,19.0244,19.4657,1639800
2003-01-22,18.9698,19.1583,18.593,18.9897,2889800
2003-01-23,18.9897,19.0839,18.7269,19.0145,1740000
2003-01-24,18.5434,18.9996,18.5434,18.9897,2162600
2003-01-27,17.8493,18.4244,17.7005,18.36,2129200
2003-01-28,18.3897,18.5682,17.9187,17.9187,2966600
2003-01-29,19.0393,19.2376,18.2509,18.3055,3643200
2003-01-30,18.7963,19.4111,18.7517,19.0888,1540000
2003-01-31,19.2178,19.3863,18.6575,18.7963,1482400
2003-02-03,19.1781,19.3367,19.0145,19.2227,1038400
2003-02-04,19.778,19.8226,18.9401,19.1831,2967800
2003-02-05,19.7036,19.9813,19.6541,19.8326,2285400
2003-02-06,19.5797,19.8425,19.4309,19.659,1378200
2003-02-07,19.3615,19.7631,19.2673,19.6144,1016600
2003-02-10,19.545,19.6045,19.3466,19.4855,1026600
2003-02-11,19.4706,19.8226,19.3962,19.6689,863600
2003-02-12,18.9202,19.5351,18.9202,19.4855,2126600
2003-02-13,19.064,19.0888,18.7467,19.0045,1356000
2003-02-14,19.2773,19.2773,18.9599,19.1087,1027000
2003-02-18,19.5648,19.5797,19.2078,19.3169,1037200
2003-02-19,19.7136,19.7136,19.4657,19.5698,995200
2003-02-20,19.9317,20.0755,19.6739,19.6888,3515600
2003-02-21,20.13,20.2738,19.9317,19.9317,3737200
2003-02-24,20.6655,20.6655,20.1201,20.13,3886000
2003-02-25,20.7449,21.2357,20.611,20.8738,4810800
2003-02-26,20.8936,21.0374,20.6259,20.7498,1608000
2003-02-27,20.5763,21.0572,20.378,21.0572,2226400
2003-02-28,20.4771,20.9333,20.3928,20.6804,1481400
2003-03-03,20.2788,20.5515,20.1846,20.4771,3832800
2003-03-04,20.2788,20.5564,20.2788,20.4027,2219600
2003-03-05,20.6159,20.6159,20.3036,20.4027,1639400
2003-03-06,20.7498,20.7944,20.487,20.492,1694600
2003-03-07,20.849,20.8738,20.6011,20.6754,1406200
2003-03-10,20.968,21.2357,20.7399,20.7399,3696000
2003-03-11,20.6953,21.1316,20.6407,20.9977,1800400
2003-03-12,20.3333,20.6953,20.0458,20.6953,2393000
2003-03-13,20.011,20.5019,19.9069,20.5019,2698800
2003-03-14,19.6342,20.0259,19.4359,20.011,3090400
2003-03-17,19.5896,19.8821,19.4706,19.7036,2446600
2003-03-18,19.897,19.9069,18.9897,19.5896,4178800
2003-03-19,19.8673,20.0011,19.6541,19.9714,1775600
2003-03-20,20.0854,20.2044,19.7383,19.8673,1679000
2003-03-21,19.4607,20.1796,19.4359,20.1796,1795600
2003-03-24,19.2326,19.7086,19.1285,19.5053,1358400
2003-03-25,19.54,19.7582,19.2624,19.2624,1828400
2003-03-26,19.2971,19.4855,19.2227,19.4855,1861800
2003-03-27,19.6144,19.7334,19.1979,19.2673,2180600
2003-03-28,19.8772,19.9962,19.5698,19.5698,1100000
2003-03-31,19.6144,19.9317,19.5946,19.8375,1696600
2003-04-01,19.9565,19.9714,19.6789,19.7383,1425800
2003-04-02,19.5698,19.9317,19.4904,19.9317,1953400
2003-04-03,19.2574,19.8127,19.2078,19.8127,2176600
2003-04-04,18.8955,19.3715,18.8211,19.2871,4147200
2003-04-07,18.6525,18.9004,18.6228,18.9004,3283200
2003-04-08,18.3154,18.6029,18.2757,18.6029,2623400
2003-04-09,18.36,18.5186,18.2955,18.3302,1954200
2003-04-10,19.1037,19.1236,18.5881,18.5881,2927400
2003-04-11,18.9649,19.2078,18.6525,19.1037,2258400
2003-04-14,19.0096,19.084,18.9103,18.9847,1394000
2003-04-15,19.0344,19.0393,18.816,18.8855,1943200
2003-04-16,18.7167,19.1585,18.677,19.1336,1333400
2003-04-17,19.2081,19.2528,18.7167,18.7167,1498600
2003-04-21,19.4414,19.4662,19.1187,19.2428,1421800
2003-04-22,19.6449,19.7243,19.223,19.4016,1336400
2003-04-23,19.362,19.7838,19.2875,19.6449,1371400
2003-04-24,19.0592,19.491,18.9748,19.2825,2337400
2003-04-25,18.95,18.9847,18.7713,18.9401,1887400
2003-04-28,18.9053,19.1783,18.7763,18.9748,1069000
2003-04-29,18.2204,18.8458,18.1459,18.811,2422600
2003-04-30,18.5529,18.6423,18.3395,18.3395,2908400
2003-05-01,18.3742,18.6621,18.2551,18.5082,1858400
2003-05-02,18.5132,18.6175,18.3891,18.3991,2148200
2003-05-05,18.7465,19.084,18.538,18.6075,2173200
2003-05-06,18.5331,18.8358,18.4735,18.7366,1479800
2003-05-07,18.4983,18.7713,18.2204,18.5331,2908200
2003-05-08,18.4834,18.6969,18.3147,18.4983,1702200
2003-05-09,18.8259,18.8458,18.3693,18.4834,3490200
2003-05-12,19.1535,19.3868,18.7515,18.9053,2480200
2003-05-13,19.4265,19.486,19.0244,19.0393,1774200
2003-05-14,19.6101,19.6548,19.3321,19.357,2020400
2003-05-15,19.7789,19.8434,19.6101,19.6101,1658800
2003-05-16,19.9179,19.9179,19.5704,19.7789,1780800
2003-05-19,19.754,20.0221,19.6796,19.8335,2170200
2003-05-20,19.4314,19.7938,19.2875,19.764,2114200
2003-05-21,20.4042,20.5234,19.3669,19.4562,3675600
2003-05-22,20.5135,20.6474,20.3844,20.4092,2165600
2003-05-23,20.8509,20.9453,20.4241,20.5135,1389400
2003-05-27,21.2034,21.3026,20.7666,20.841,1986000
2003-05-28,21.0594,21.3026,20.975,21.3026,2512000
2003-05-29,20.9353,21.0445,20.8708,21.0346,3515200
2003-05-30,21.3919,21.3919,20.7467,21.0197,4308000
2003-06-02,21.5855,21.8386,21.3721,21.4317,2730800
2003-06-03,21.9081,21.923,21.3671,21.3919,2266200
2003-06-04,21.8089,22.2506,21.655,21.9627,3134600
2003-06-05,21.8238,21.8287,21.5111,21.8138,2936800
2003-06-06,21.6848,22.2109,21.6649,21.8635,2692000
2003-06-09,21.4912,21.6848,21.4912,21.6848,1814000
2003-06-10,21.5259,21.7394,21.3919,21.5409,2018400
2003-06-11,22.4442,22.5484,21.521,21.521,2592400
2003-06-12,21.7146,22.6129,21.516,22.4442,2906600
2003-06-13,21.1339,21.7195,20.8212,21.7195,5025400
2003-06-16,20.8212,21.1339,20.5482,21.1339,2589400
2003-06-17,20.7219,20.975,20.6028,20.8212,2791800
2003-06-18,20.5085,20.9204,20.3745,20.7219,2813200
2003-06-19,20.8956,21.2034,20.1164,20.5085,2566600
2003-06-20,20.6772,21.0247,20.6276,20.8956,2191400
2003-06-23,20.9254,20.9601,20.6127,20.7467,1945600
2003-06-24,20.7467,21.0693,20.7467,20.9204,1340800
2003-06-25,21.3175,21.4168,20.7169,20.846,3022400
2003-06-26,20.836,21.4664,20.8013,21.2927,2899200
2003-06-27,20.7815,20.9453,20.5978,20.6574,1651400
2003-06-30,20.7666,21.0445,20.6921,21.0445,2434000
2003-07-01,20.5333,20.7666,20.305,20.7666,1867000
2003-07-02,20.3348,20.5978,20.2603,20.5333,2772800
2003-07-03,20.4489,20.7368,20.2008,20.3149,1209000
2003-07-07,19.9824,20.6028,19.8583,20.6028,2305000
2003-07-08,19.8484,20.1065,19.5406,19.9824,1789400
2003-07-09,20.0816,20.1809,19.8533,19.9972,1402200
2003-07-10,19.5257,20.027,19.3967,19.9923,2232200
2003-07-11,19.6051,19.7292,19.4215,19.63,1216600
2003-07-14,19.1237,19.6657,19.1138,19.6051,2312800
2003-07-15,19.0096,19.2577,18.8606,19.1982,2169000
2003-07-16,18.7465,19.1585,18.7266,19.0096,2117800
2003-07-17,19.3321,19.3321,18.7118,18.7465,2519000
2003-07-18,19.7044,19.8434,19.3321,19.3321,1706200
2003-07-21,19.5803,19.9724,19.5208,19.7292,1433000
2003-07-22,19.4215,19.5803,19.3073,19.5803,1663200
2003-07-23,19.2478,19.63,19.084,19.4562,1278600
2003-07-24,18.9847,19.5654,18.9847,19.3223,1349200
2003-07-25,19.357,19.362,18.8954,18.9103,1726400
2003-07-28,19.4165,19.5506,19.1386,19.2925,1784600
2003-07-29,18.9649,19.4612,18.95,19.4562,1405600
2003-07-30,19.1634,19.3917,18.9947,19.3917,2317200
2003-07-31,19.2478,19.63,19.0443,19.213,2155600
2003-08-01,19.2875,19.4116,19.0344,19.2478,1383800
2003-08-04,18.9202,19.1982,18.7961,19.1585,1501000
2003-08-05,19.1237,19.3321,18.8656,18.9599,2187000
2003-08-06,19.357,19.4562,18.9301,19.2081,2727800
2003-08-07,19.8781,20.1462,19.357,19.357,2867400
2003-08-08,19.6796,20.0866,19.5307,20.0866,1472600
2003-08-11,20.2305,20.3447,19.9858,20.0469,2052600
2003-08-12,20.7169,20.7169,20.2305,20.2305,2896200
2003-08-13,20.578,20.8162,20.578,20.7169,2281400
2003-08-14,20.4042,20.7219,20.0667,20.5482,3042200
2003-08-15,20.5631,20.6723,20.3397,20.3397,582400
2003-08-18,20.6474,20.8212,20.5631,20.5631,807600
2003-08-19,20.2752,20.4142,20.1213,20.1313,2515200
2003-08-20,20.3993,20.5234,20.2008,20.2752,1223800
2003-08-21,20.6177,20.6226,20.3645,20.4489,2142400
2003-08-22,20.7418,20.7914,20.5631,20.6474,1840600
2003-08-25,20.5978,20.7964,20.5432,20.7219,1454200
2003-08-26,20.4985,20.5829,20.2405,20.4886,1500400
2003-08-27,20.5978,20.8708,20.5283,20.5333,1729800
2003-08-28,20.9155,21.0544,20.5978,20.7219,2375200
2003-08-29,21.0445,21.0644,20.7715,20.8659,895000
2003-09-02,21.0445,21.0942,20.846,21.0445,1531000
2003-09-03,21.0793,21.2133,20.98,21.1884,1184600
2003-09-04,21.0693,21.2778,21.0048,21.0197,1736600
2003-09-05,20.7318,21.1041,20.6623,21.0693,1705400
2003-09-08,20.9353,20.9403,20.6474,20.6921,1617400
2003-09-09,20.6326,20.9403,20.5978,20.9403,1088600
2003-09-10,20.444,20.5978,20.3348,20.5333,2158600
2003-09-11,20.2405,20.4936,20.0816,20.444,1595200
2003-09-12,20.2454,20.3248,20.0717,20.3199,1069600
2003-09-15,20.2156,20.3397,20.0568,20.3397,903600
2003-09-16,20.5978,20.6077,20.2901,20.4489,1661400
2003-09-17,20.2851,20.6276,20.0717,20.6028,2575800
2003-09-18,20.5978,20.6375,20.0767,20.3348,2355400
2003-09-19,20.5631,20.6474,20.3496,20.5978,2059800
2003-09-22,20.6574,20.7318,20.3248,20.5532,1781000
2003-09-23,20.5085,20.7467,20.3248,20.6822,2191400
2003-09-24,20.7815,21.0048,20.6226,20.846,2316000
2003-09-25,20.5234,20.7467,20.4737,20.6276,1364200
2003-09-26,20.1809,20.5234,19.9972,20.4787,1481200
2003-09-29,20.3199,20.3496,20.0767,20.1462,1116800
2003-09-30,20.7169,20.8509,20.2305,20.2752,1727200
2003-10-01,20.7418,20.8212,20.5383,20.568,1975200
2003-10-02,20.9701,20.98,20.6425,20.846,1511800
2003-10-03,21.109,21.253,20.8708,20.98,803600
2003-10-06,21.0445,21.2083,20.985,21.2083,1265000
2003-10-07,21.119,21.1438,20.8063,21.0445,1210800
2003-10-08,21.0247,21.1934,20.9006,21.119,1605600
2003-10-09,20.8956,21.0644,20.6623,21.0247,2209200
2003-10-10,21.2182,21.2182,20.8956,20.8956,2059400
2003-10-13,21.2331,21.3175,21.0991,21.2927,581600
2003-10-14,21.0495,21.2331,20.3645,21.2331,2860000
2003-10-15,20.6023,21.0147,20.5376,20.97,2026600
2003-10-16,20.8606,20.9103,20.6023,20.6023,1127400
2003-10-17,20.7066,20.8308,20.6023,20.8209,1389800
2003-10-20,20.5973,20.6619,20.4432,20.6221,1271400
2003-10-21,20.8855,21.0396,20.5923,20.5923,1945200
2003-10-22,20.8955,21.0544,20.7563,20.9203,955800
2003-10-23,20.8259,20.8955,20.5327,20.8955,1552400
2003-10-24,20.8507,20.9203,20.6619,20.8308,1143200
2003-10-27,20.5526,20.8706,20.5228,20.801,1097400
2003-10-28,20.4581,20.6321,20.319,20.5526,2052400
2003-10-29,20.6818,20.7513,20.4234,20.4581,1156000
2003-10-30,20.4731,20.8507,20.4333,20.7215,1754400
2003-10-31,20.9103,21.0892,20.2991,20.4234,1942000
2003-11-03,20.9948,21.1439,20.7961,20.9899,1207058
2003-11-04,20.8955,21.1439,20.6122,21.1041,2022556
2003-11-05,20.6967,20.9203,20.6569,20.8209,1806600
2003-11-06,20.6967,20.8259,20.5029,20.7215,1494600
2003-11-07,20.7464,20.8408,20.6718,20.8209,1612400
2003-11-10,20.7215,20.8557,20.6221,20.7464,1231400
2003-11-11,20.7812,20.8507,20.6619,20.8159,840200
2003-11-12,21.1936,21.1986,20.7464,20.8159,1759400
2003-11-13,21.4172,21.442,21.0694,21.288,1483800
2003-11-14,21.3675,21.6955,21.2433,21.3725,1655200
2003-11-17,21.1091,21.3675,20.9402,21.3675,953200
2003-11-18,21.1389,21.2383,20.9998,21.1936,1323600
2003-11-19,21.1588,21.283,21.1091,21.283,1122000
2003-11-20,21.1688,21.3178,21.0644,21.1638,1725000
2003-11-21,20.8855,21.2433,20.8458,21.2433,1242200
2003-11-24,20.7215,20.8706,20.6718,20.8458,2308400
2003-11-25,20.8159,20.8656,20.6818,20.7712,2352600
2003-11-26,20.8209,20.8458,20.7215,20.8458,1863000
2003-11-28,20.8408,20.9203,20.7315,20.8805,283000
2003-12-01,21.0793,21.1439,20.8458,20.8706,1336800
2003-12-02,21.293,21.3327,21.124,21.1439,2511600
2003-12-03,21.0644,21.288,20.9998,21.2632,1835000
2003-12-04,22.1427,22.3613,20.97,20.97,4207000
2003-12-05,22.1179,22.3613,22.0433,22.2371,1506200
2003-12-08,22.3067,22.3067,22.0135,22.1775,1816000
2003-12-09,22.3812,22.4607,22.2918,22.2918,1827800
2003-12-10,22.257,22.5055,22.252,22.4657,1253800
2003-12-11,22.416,22.4359,22.1576,22.262,1053000
2003-12-12,22.7191,22.7291,22.4259,22.5353,947000
2003-12-15,22.421,22.6049,22.3961,22.5999,1496800
2003-12-16,22.7042,22.8384,22.4458,22.4458,1784000
2003-12-17,22.9626,22.9924,22.5551,22.6545,1524400
2003-12-18,23.4645,23.6136,22.9875,23.0322,3637600
2003-12-19,23.3204,23.4446,23.1067,23.3353,1623400
2003-12-22,23.1067,23.3055,22.9428,23.3055,1519400
2003-12-23,22.8633,23.062,22.6545,23.057,1370000
2003-12-24,23.2459,23.4049,22.8831,22.9129,719800
2003-12-26,23.2807,23.3304,23.1663,23.231,243800
2003-12-29,23.4198,23.4943,23.0819,23.2856,1316800
2003-12-30,23.3005,23.554,23.2558,23.4446,1172200
2003-12-31,22.9428,23.3651,22.8136,23.3304,1553000
2004-01-02,22.7688,22.908,22.5601,22.8831,1255800
2004-01-05,23.1415,23.1614,22.744,22.908,1344200
2004-01-06,23.062,23.4049,22.9229,23.3403,1422400
2004-01-07,22.7738,23.0322,22.7241,23.0322,1998200
2004-01-08,22.7142,22.9328,22.5154,22.8831,1622800
2004-01-09,22.7738,23.1067,22.5651,22.7092,2950800
2004-01-12,22.5601,22.8284,22.4602,22.8284,1762200
2004-01-13,22.6247,22.9626,22.5104,22.5601,2104000
2004-01-14,22.9676,22.9775,22.7142,22.8086,1475600
2004-01-15,22.257,23.3552,22.1079,23.1167,3368600
2004-01-16,22.5204,22.5651,22.2073,22.262,1870200
2004-01-20,23.216,23.3304,22.6446,22.6446,1750400
2004-01-21,22.9924,23.2956,22.908,23.1813,1836000
2004-01-22,22.8732,23.2409,22.421,23.1067,2666400
2004-01-23,23.3005,23.5788,22.9825,22.9875,1671800
2004-01-26,23.3304,23.3304,22.8434,23.2011,1283800
2004-01-27,23.1614,23.4794,23.0272,23.4198,1685000
2004-01-28,22.8086,23.1366,22.7489,23.1017,2303000
2004-01-29,22.5104,22.8086,22.3365,22.8086,1937800
2004-01-30,22.5104,22.5601,22.2669,22.4558,1709200
2004-02-02,22.411,22.739,22.1825,22.4558,1466000
2004-02-03,22.5055,22.7688,22.3613,22.411,1105800
2004-02-04,22.0881,22.575,21.9539,22.5104,1554800
2004-02-05,21.3178,21.9489,21.0942,21.9439,3012000
2004-02-06,21.4967,21.7303,21.1389,21.5166,2540400
2004-02-09,21.447,21.77,21.4271,21.4321,2042000
2004-02-10,21.7501,21.7899,21.3675,21.5713,3100600
2004-02-11,21.4868,21.6408,21.3725,21.6259,3237600
2004-02-12,21.9191,21.9986,21.5067,21.5067,2946800
2004-02-13,21.7452,21.9091,21.6259,21.9091,1597400
2004-02-17,21.8495,21.9439,21.775,21.775,1191200
2004-02-18,21.6259,21.8893,21.5663,21.775,1286600
2004-02-19,21.4669,21.7998,21.4271,21.6358,1089000
2004-02-20,21.3675,21.5067,21.0942,21.4719,1801600
2004-02-23,21.3874,21.5315,21.2582,21.442,928200
2004-02-24,21.5663,21.5911,21.2781,21.3675,1609200
2004-02-25,21.7153,21.7998,21.4073,21.4918,1233400
2004-02-26,21.8694,21.9837,21.6408,21.7253,2117600
2004-02-27,22.1079,22.2321,21.8297,21.8644,1578400
2004-03-01,22.4856,22.5104,22.103,22.2371,2072000
2004-03-02,22.575,22.7986,22.3862,22.3862,2212400
2004-03-03,22.6446,22.7788,22.1626,22.411,2522800
2004-03-04,22.252,22.6396,22.0433,22.6098,1954800
2004-03-05,22.6198,22.7639,22.3365,22.3613,2996000
2004-03-08,22.7291,23.0024,22.6247,22.7837,1539400
2004-03-09,22.4508,22.6843,22.3067,22.5104,1414200
2004-03-10,22.1179,22.6297,22.0881,22.6297,1458000
2004-03-11,21.7949,22.0881,21.7104,21.9936,1670400
2004-03-12,22.2023,22.2023,21.7452,21.7501,902400
2004-03-15,22.416,22.5055,22.2421,22.2421,1300400
2004-03-16,22.3862,22.5551,22.2669,22.5402,1685000
2004-03-17,22.5999,22.898,22.416,22.4508,1543000
2004-03-18,22.5601,22.7092,22.3465,22.5999,2486600
2004-03-19,22.2272,22.6049,22.1924,22.5104,1565400
2004-03-22,22.3315,22.4905,22.0334,22.2272,1423600
2004-03-23,22.2371,22.4359,22.0632,22.3961,1709000
2004-03-24,21.5414,22.3266,21.5216,22.3266,1372000
2004-03-25,21.5961,21.7601,21.5067,21.6657,2090200
2004-03-26,21.8545,22.0483,21.5663,21.5663,1544400
2004-03-29,22.1377,22.2222,21.8942,21.8942,1920200
2004-03-30,22.4856,22.7042,22.1477,22.1675,2350600
2004-03-31,22.8036,22.8036,22.411,22.58,1644400
2004-04-01,22.6595,22.9974,22.5204,22.8334,2634400
2004-04-02,22.7986,22.9527,22.6794,22.8831,1651600
2004-04-05,22.7887,22.9179,22.6645,22.8583,2625000
2004-04-06,22.8633,22.9279,22.7142,22.7887,1107200
2004-04-07,22.8682,23.057,22.7291,22.8136,1890400
2004-04-08,23.39,23.3999,22.9875,23.057,2100400
2004-04-12,23.7925,24.0757,23.39,23.39,1886800
2004-04-13,23.549,23.9366,23.5291,23.7925,1661400
2004-04-14,23.6435,23.6784,23.2256,23.4246,2190200
2004-04-15,24.1411,24.3053,23.8824,23.8824,1824600
2004-04-16,24.4496,24.5242,24.2953,24.4545,2480800
2004-04-19,24.9222,24.9222,24.569,24.5938,3121400
2004-04-20,24.3899,24.8775,24.3899,24.6585,1725200
2004-04-21,24.0018,24.3799,23.962,24.2555,2061800
2004-04-22,24.36,24.3998,23.9023,24.0316,2006600
2004-04-23,24.2207,24.355,23.9968,24.3302,1102000
2004-04-26,24.4744,24.5938,24.3202,24.3202,1363000
2004-04-27,25.0864,25.2705,24.5839,24.6536,2314000
2004-04-28,24.9322,25.1561,24.8377,25.0914,2098400
2004-04-29,24.355,24.768,24.2157,24.6436,2568800
2004-04-30,24.5043,24.7779,24.3102,24.4048,1658600
2004-05-03,25.9472,25.9472,24.4346,24.6038,4858800
2004-05-04,26.8776,27.2408,26.0367,26.0367,7514800
2004-05-05,26.8677,26.9721,26.5144,26.8179,4007200
2004-05-06,26.9572,27.0716,26.4597,26.8726,3102000
2004-05-07,26.8129,27.206,26.7731,26.9622,3206600
2004-05-10,25.9721,26.4298,25.6238,26.4248,4209000
2004-05-11,26.1362,26.3651,25.9472,26.0964,2841000
2004-05-12,26.3701,26.589,25.9522,26.1362,2482800
2004-05-13,26.4298,26.5442,26.1611,26.3204,1953000
2004-05-14,26.9522,27.1662,26.5691,26.594,2401200
2004-05-17,27.191,27.5045,26.9522,26.9522,2149000
2004-05-18,26.7681,27.2408,26.6189,27.191,3004000
2004-05-19,26.3303,26.9124,26.3204,26.798,2592600
2004-05-20,26.0964,26.599,26.0865,26.3701,2536800
2004-05-21,26.2059,26.4298,25.8925,26.4199,2414600
2004-05-24,26.7632,26.8627,26.2208,26.2955,1565400
2004-05-25,27.1413,27.1712,26.6139,26.6288,1694400
2004-05-26,26.9124,27.3851,26.8876,27.2657,1924400
2004-05-27,26.4298,26.8726,26.3601,26.8726,1961600
2004-05-28,26.584,26.997,26.5144,26.5393,1578400
2004-06-01,27.1712,27.3552,26.8378,26.8677,1346000
2004-06-02,26.7831,27.4597,26.7433,27.3652,2357400
2004-06-03,26.3253,27.0368,26.2507,26.7831,2294200
2004-06-04,25.9273,26.2756,25.788,26.2756,2029000
2004-06-07,26.5791,26.589,25.788,25.9571,2153200
2004-06-08,26.3801,26.8577,26.2855,26.5592,1358600
2004-06-09,26.1661,26.3353,25.8925,26.2805,1389400
2004-06-10,27.201,27.201,26.6636,26.6686,2776800
2004-06-14,27.1662,27.4747,26.8279,27.1164,1985000
2004-06-15,28.1215,28.1513,27.41,27.4448,3678600
2004-06-16,28.823,29.0569,28.3205,28.3603,3256000
2004-06-17,28.9922,29.1166,28.619,28.9225,2082800
2004-06-18,28.9375,29.0469,28.7782,28.8728,1835000
2004-06-21,29.032,29.0469,28.7384,28.9822,1173400
2004-06-22,29.3305,29.4051,28.9325,29.032,2289000
2004-06-23,30.3953,30.445,29.4997,29.6042,3795200
2004-06-24,30.2958,30.7485,30.1515,30.4799,3482000
2004-06-25,29.8977,31.6889,29.8977,30.9028,4242600
2004-06-28,29.3206,30.0271,29.1614,30.0271,2767000
2004-06-29,29.5196,29.6539,29.1812,29.1812,2188600
2004-06-30,29.7087,29.843,29.4798,29.649,2071600
2004-07-01,30.0022,30.1863,29.7136,29.7833,2315800
2004-07-02,30.256,30.5346,30.0022,30.1266,1560800
2004-07-06,30.6739,31.057,30.5247,30.5247,2801000
2004-07-07,30.9973,31.0222,30.455,30.664,1948400
2004-07-08,30.9177,31.2511,30.4699,31.052,1969200
2004-07-09,31.1267,31.3008,30.8232,30.9177,1356000
2004-07-12,31.0023,31.1279,30.7585,31.1217,2369000
2004-07-13,30.7038,31.0023,30.5993,31.0023,2609400
2004-07-14,31.1217,31.1814,30.649,30.6739,1732800
2004-07-15,31.3953,31.4451,30.8182,31.0968,2118000
2004-07-16,31.5048,31.6392,31.057,31.5695,2812000
2004-07-19,31.465,31.5894,31.1963,31.4849,1281200
2004-07-20,31.2461,31.4849,31.1018,31.465,1752400
2004-07-21,30.4102,31.4202,30.3256,31.2909,2250800
2004-07-22,30.5595,30.8132,30.2361,30.455,2290000
2004-07-23,30.256,30.5296,30.052,30.3505,1295800
2004-07-26,29.7883,30.455,29.5594,30.2361,2137400
2004-07-27,30.4749,30.5545,29.5047,29.6639,2062200
2004-07-28,31.1466,31.1516,30.4002,30.4799,3007400
2004-07-29,31.3655,31.4202,30.7485,31.1516,2418000
2004-07-30,31.6192,31.7436,31.3953,31.4501,1621000
2004-08-02,31.6143,31.8033,30.9476,31.6192,1580800
2004-08-03,32.286,32.888,31.7088,31.7188,4350200
2004-08-04,30.5545,32.286,30.445,32.286,4314000
2004-08-05,29.9773,30.7237,29.7186,30.5545,3665600
2004-08-06,29.0569,30.0022,28.9474,29.9773,2597800
2004-08-09,29.4549,29.9525,29.1066,29.1066,2648000
2004-08-10,29.6241,29.8231,29.3156,29.6042,2308000
2004-08-11,28.8628,29.5793,28.6837,29.4748,2653800
2004-08-12,28.3902,29.3198,28.3852,28.9673,2424800
2004-08-13,28.6091,28.8479,28.4747,28.4847,2988600
2004-08-16,28.6041,28.9126,28.4747,28.5742,1892000
2004-08-17,27.5642,27.9025,27.5592,27.614,3976200
2004-08-18,27.9274,28.0419,27.6886,27.6886,2483000
2004-08-19,28.3106,28.3852,27.813,28.0518,2443600
2004-08-20,28.4598,28.9574,28.42,28.5593,2419200
2004-08-23,28.0667,28.6737,27.9374,28.4598,1706000
2004-08-24,27.9623,28.0667,27.5642,28.0667,2779800
2004-08-25,27.9025,28.425,27.7583,28.0618,2550200
2004-08-26,28.3603,28.4051,27.4647,27.8627,1962600
2004-08-27,28.5842,28.6539,28.3553,28.3752,1253200
2004-08-30,28.3553,28.7434,28.1115,28.3752,1416600
2004-08-31,28.7434,28.7981,28.3106,28.3553,975200
2004-09-01,29.2857,29.3853,28.7335,28.8081,2182600
2004-09-02,29.3156,29.5843,29.0618,29.3803,1573000
2004-09-03,29.2211,29.3853,29.1066,29.3156,1038600
2004-09-07,29.3454,29.3454,28.7434,29.226,1528600
2004-09-08,29.3056,29.6539,29.2758,29.5644,2642200
2004-09-09,29.7037,29.7335,29.241,29.3554,2536400
2004-09-10,29.6738,29.7932,29.3902,29.6987,1398200
2004-09-13,30.4251,30.5843,30.0719,30.1515,3351600
2004-09-14,31.4252,31.5297,30.5645,30.5744,4318600
2004-09-15,31.1864,31.679,31.1864,31.3953,2520200
2004-09-16,31.3904,31.4998,30.9724,31.1864,1426600
2004-09-17,31.6342,31.7834,31.5396,31.5396,1660200
2004-09-20,31.5794,31.8829,31.5098,31.7337,1688000
2004-09-21,32.5447,32.6542,31.5297,31.6392,1941200
2004-09-22,32.2113,32.5447,32.0422,32.5447,1780400
2004-09-23,31.6989,32.0869,31.679,32.0869,2233400
2004-09-24,32.2661,32.4203,31.9725,32.0422,2205600
2004-09-27,32.0969,32.5497,31.7436,32.3904,1420200
2004-09-28,32.7686,32.8979,32.3855,32.4402,1759200
2004-09-29,32.3258,33.2711,32.1666,32.7686,2505400
2004-09-30,32.7636,32.9676,32.3258,32.3258,3365200
2004-10-01,33.4353,33.5597,32.5696,32.7636,2736200
2004-10-04,33.5945,33.7786,33.2214,33.4403,2072800
2004-10-05,34.4553,34.6692,33.9329,33.9329,2156600
2004-10-06,34.9628,35.1021,34.6294,34.6294,2060600
2004-10-07,34.6394,36.0624,34.5747,35.5748,3210000
2004-10-08,34.6792,35.0076,34.2911,34.6642,1510600
2004-10-11,34.4553,34.7339,34.2214,34.6842,1248600
2004-10-12,33.9229,34.7588,33.903,34.52,1634400
2004-10-13,32.5795,33.3657,32.281,33.3607,4091000
2004-10-14,33.2363,33.49,32.5795,32.5795,2490400
2004-10-15,33.1318,33.4851,32.9228,33.286,1331800
2004-10-18,32.7885,33.3607,32.6591,33.1865,1638200
2004-10-19,32.8382,33.0472,32.5994,32.7387,1327000
2004-10-20,33.9677,34.0324,32.9626,32.9626,2741600
2004-10-21,34.2662,34.3856,33.7289,34.2562,2267800
2004-10-22,34.2115,34.6045,34.1468,34.4553,1240000
2004-10-25,34.2712,34.5399,34.0125,34.2811,1709600
2004-10-26,34.6891,34.7638,33.9627,34.2762,1681600
2004-10-27,33.7687,35.4504,33.087,34.8533,3730000
2004-10-28,32.3556,34.0324,32.3556,34.0324,4726000
2004-10-29,33.1169,33.1368,32.3108,32.4054,2628200
2004-11-01,32.6691,33.7239,32.3954,33.3856,2554000
2004-11-02,32.0521,32.9328,31.9178,32.7686,2032200
2004-11-03,32.7387,32.878,32.2263,32.689,3011800
2004-11-04,33.3856,33.6343,32.883,33.087,3475800
2004-11-05,33.6293,34.0174,33.3806,33.3856,1899600
2004-11-08,32.4501,33.6343,32.3656,33.5248,2873800
2004-11-09,32.4651,32.9676,31.9874,32.9676,2747800
2004-11-10,32.9179,32.9228,32.1666,32.5795,3179200
2004-11-11,32.6044,32.9626,32.5248,32.9079,2902600
2004-11-12,34.0174,34.0821,32.48,32.6044,2849200
2004-11-15,33.5846,34.0274,32.9676,34.0224,3521200
2004-11-16,33.3408,33.8582,33.1069,33.6443,2251600
2004-11-17,33.8334,33.9478,33.4161,33.6592,2488600
2004-11-18,34.4752,34.5299,33.7239,33.8831,3247600
2004-11-19,35.4952,35.9529,34.5598,34.5996,4644000
2004-11-22,36.5798,36.6544,35.7638,35.8086,3521800
2004-11-23,36.8435,37.1769,36.4952,36.5798,1983400
2004-11-24,37.55,37.6545,36.4206,36.8435,2651200
2004-11-26,37.7292,38.0625,37.4455,37.555,879600
2004-11-29,37.4655,37.9033,37.0799,37.8386,2611400
2004-11-30,37.351,37.361,36.8336,37.0177,2764600
2004-12-01,36.3708,37.4903,36.1967,37.351,3472200
2004-12-02,35.0673,36.3708,34.5299,36.3708,4284600
2004-12-03,35.9031,35.9629,34.7538,34.7538,2991600
2004-12-06,35.6544,36.1171,35.3907,36.0723,1503000
2004-12-07,34.7389,35.5748,34.6195,35.4504,2425800
2004-12-08,35.1369,35.3061,34.0174,34.6195,2202200
2004-12-09,35.4802,35.6245,34.9379,35.2116,1855800
2004-12-10,34.6792,35.6245,34.5399,35.5797,1959000
2004-12-13,35.6046,35.6046,34.7787,34.8036,2237400
2004-12-14,35.8484,35.9629,35.4355,35.729,1859400
2004-12-15,36.4505,36.5947,35.5847,35.9479,2081600
2004-12-16,35.7489,36.3708,35.6494,36.3708,1799400
2004-12-17,36.4156,36.4355,35.8036,35.8236,2138600
2004-12-20,36.545,36.6942,36.3211,36.3957,1421800
2004-12-21,36.7589,36.9132,36.4952,36.55,1335400
2004-12-22,35.8236,36.8684,35.5997,36.7938,3070600
2004-12-23,36.0226,36.3211,35.7937,35.8285,1673800
2004-12-27,35.0275,36.0226,34.9827,36.0226,1469600
2004-12-28,35.4753,35.5101,35.0772,35.0772,1582400
2004-12-29,35.4603,35.6842,35.2364,35.5748,2065800
2004-12-30,35.2762,35.5748,35.127,35.3509,1450200
2004-12-31,35.5051,35.6544,35.2862,35.3758,1245800
2005-01-03,33.1119,35.5051,32.9129,35.5051,6014200
2005-01-04,32.5895,33.5348,32.4899,33.1915,5841600
2005-01-05,32.3158,32.7885,31.8929,32.5895,3927600
2005-01-06,32.7935,33.3358,31.9377,32.3158,4357400
2005-01-07,32.5795,32.8134,32.1367,32.8134,2022200
2005-01-10,33.092,33.5597,32.9029,32.9378,2262800
2005-01-11,33.3109,33.4851,32.8681,33.2612,2255800
2005-01-12,33.7943,33.884,32.947,33.4105,3181600
2005-01-13,34.1632,34.547,33.7943,33.9688,2539400
2005-01-14,34.866,34.9457,34.0336,34.1682,1982200
2005-01-18,35.6984,35.8878,35.2896,35.2896,3681800
2005-01-19,35.3395,35.9975,35.3146,35.6934,1706800
2005-01-20,35.4492,35.6984,34.7015,35.1401,2803600
2005-01-21,35.7133,36.127,35.5937,36.1121,2570600
2005-01-24,35.9526,36.1719,35.9277,35.9626,2555600
2005-01-25,35.8429,36.3314,35.6286,36.0822,1957400
2005-01-26,36.3563,36.4261,35.7881,36.0622,2221800
2005-01-27,36.6703,37.0791,36.2367,36.3613,1908000
2005-01-28,36.8847,36.9245,36.4161,36.6753,2942000
2005-01-31,37.0093,37.2834,36.5208,36.8847,3362400
2005-02-01,37.8566,37.9314,37.2485,37.2585,2829600
2005-02-02,38.1906,38.1906,37.727,37.8816,2428800
2005-02-03,38.5196,39.2273,37.8417,39.1277,4493800
2005-02-04,38.2055,38.7488,37.9613,38.5794,3162200
2005-02-07,38.3601,38.38,37.7769,38.2055,2922800
2005-02-08,38.7239,38.9682,37.9813,38.3551,2564200
2005-02-09,38.9981,39.4516,38.2155,38.6541,2947800
2005-02-10,39.8753,39.99,39.2323,39.352,2348800
2005-02-11,40.4984,40.6778,39.6311,39.8753,3173600
2005-02-14,40.947,40.9968,40.5233,40.5233,3619400
2005-02-15,40.9569,41.3158,40.603,40.947,2339800
2005-02-16,42.3625,42.5171,40.9968,40.9968,4118800
2005-02-17,41.6498,42.6915,41.5052,42.5918,4330400
2005-02-18,42.6516,42.9208,41.7594,41.7943,4014600
2005-02-22,43.165,44.0273,42.9756,42.9756,4785000
2005-02-23,43.0853,43.4392,42.9557,43.0155,3541600
2005-02-24,44.0273,44.0273,43.1002,43.3146,3229800
2005-02-25,45.6074,45.732,44.0323,44.0323,3820200
2005-02-28,45.418,46.5046,44.471,45.7071,5374600
2005-03-01,43.8379,45.2585,43.5987,45.0591,4331600
2005-03-02,44.8398,45.0691,43.6435,43.8329,2386400
2005-03-03,45.737,46.4548,45.2186,45.5575,2831500
2005-03-04,46.6442,47.1725,45.418,45.737,1900600
2005-03-07,46.046,46.5046,45.2984,46.3551,1818400
2005-03-08,46.9133,47.013,45.8566,45.8566,2019000
2005-03-09,46.4747,48.2591,46.375,47.2523,4427100
2005-03-10,44.7202,45.8666,43.9326,45.8566,3904400
2005-03-11,45.2385,45.6572,44.5806,44.7202,2219800
2005-03-14,45.6273,45.7071,44.3214,45.408,1880800
2005-03-15,44.7401,46.2255,44.7202,45.5077,1713500
2005-03-16,45.1588,45.9364,44.0323,44.7401,2621900
2005-03-17,46.1856,46.4348,45.3382,45.3582,3482000
2005-03-18,48.0597,48.279,47.3519,47.8504,4583200
2005-03-21,47.5115,48.0697,46.8236,48.0597,1960900
2005-03-22,46.4548,48.0597,46.3451,47.5115,1900300
2005-03-23,44.8896,46.1258,44.3115,46.1258,3178600
2005-03-24,45.3482,46.365,44.77,45.0292,2085800
2005-03-28,45.1389,45.8965,44.79,45.3582,1607100
2005-03-29,44.6105,46.0859,44.5607,45.1389,2269900
2005-03-30,46.2255,46.2354,43.9626,44.7601,3615200
2005-03-31,48.5881,48.6878,47.5015,47.6012,3113000
2005-04-01,50.1034,50.1632,48.947,49.0965,3061800
2005-04-04,49.9139,52.3364,49.2062,50.5121,4072000
2005-04-05,49.8143,50.7912,49.2959,49.9139,3026200
2005-04-06,49.8741,50.2529,48.7576,49.7445,3491600
2005-04-07,48.9669,50.8012,48.299,50.7413,2655000
2005-04-08,47.1426,48.8672,47.013,48.7476,3059900
2005-04-11,48.4086,48.4685,46.704,47.1426,1951600
2005-04-12,47.2423,48.6279,47.023,48.4086,2043000
2005-04-13,45.6672,47.2523,45.4579,47.2024,2441200
2005-04-14,45.5575,47.2024,45.3482,46.1557,3128400
2005-04-15,43.484,46.0061,43.3545,45.9563,3543600
2005-04-18,44.6404,44.6803,42.6666,43.5638,2472500
2005-04-19,46.4548,46.7339,45.099,45.1588,2688100
2005-04-20,45.408,47.0928,45.3083,46.4747,1763000
2005-04-21,46.9233,46.9931,45.4479,45.6074,1593800
2005-04-22,47.2024,47.7607,46.4847,47.013,1748800
2005-04-25,48.1594,49.2161,47.8005,49.2161,1773800
2005-04-26,47.6012,48.2491,47.4018,48.1594,1912400
2005-04-27,47.6311,48.6479,45.8965,48.6479,4036300
2005-04-28,47.1426,47.8005,46.6442,47.2323,3046900
2005-04-29,47.4018,48.2491,46.8236,47.9501,2488300
2005-05-02,49.256,49.2859,46.4548,46.8036,2681000
2005-05-03,48.3688,48.947,48.0498,48.6977,2650600
2005-05-04,48.6379,48.8473,47.3021,48.618,4044700
2005-05-05,49.7843,49.9439,48.917,49.246,2799900
2005-05-06,49.565,50.2429,49.246,50.0834,2608600
2005-05-09,49.8043,50.0336,49.4155,49.8641,2140500
2005-05-10,48.8772,49.9638,48.6778,49.6348,1537000
2005-05-11,48.7875,49.1464,48.1495,48.3488,2481800
2005-05-12,45.3382,48.5183,44.8597,48.4485,5094000
2005-05-13,44.8498,45.7071,42.2678,45.7071,4394000
2005-05-16,44.6903,44.7501,43.3744,44.5906,2434700
2005-05-17,45.9663,45.9962,44.4111,44.4111,1826000
2005-05-18,46.2853,47.0728,45.6672,46.2354,2260300
2005-05-19,47.0529,47.1127,46.2055,46.4548,1956200
2005-05-20,47.7108,47.8504,46.9233,47.4018,2882300
2005-05-23,49.0965,49.3158,48.299,48.7974,2110700
2005-05-24,49.6647,49.7146,48.7077,49.1065,1431200
2005-05-25,49.8442,50.3426,49.1563,49.6348,1831300
2005-05-26,50.3825,50.4622,49.6149,49.8442,1463900
2005-05-27,50.7413,50.841,50.0635,50.5619,1029100
2005-05-31,49.7345,50.0236,49.266,49.5451,2262500
2005-06-01,51.4292,51.7881,48.9769,48.9769,1997600
2005-06-02,51.4093,51.8379,50.7912,51.6385,1856500
2005-06-03,51.5089,52.1071,50.9906,51.6884,1054900
2005-06-06,51.9476,52.2965,51.4492,52.0273,1028100
2005-06-07,50.7613,52.3264,50.5818,52.0871,1826700
2005-06-08,52.2965,52.9644,50.7214,50.7613,2917300
2005-06-09,53.9812,53.9912,52.3663,52.5357,2145000
2005-06-10,54.0011,54.2603,53.5027,54.0809,1394800
2005-06-13,54.5694,54.6292,53.4429,53.7818,1306800
2005-06-14,55.2373,55.2971,54.2603,54.5694,1585700
2005-06-15,55.4167,56.1245,55.2473,55.8255,1669400
2005-06-16,55.8653,56.1744,55.4566,55.8753,1351300
2005-06-17,55.975,56.2741,55.008,56.1245,2908500
2005-06-20,57.1513,57.5501,56.4834,56.9719,2224500
2005-06-21,56.3239,57.261,56.1245,56.8223,2451300
2005-06-22,56.6728,57.4902,56.3937,56.8223,3548200
2005-06-23,56.5432,57.7395,56.3239,56.8223,2207300
2005-06-24,55.7258,57.1712,55.4267,56.7226,2414200
2005-06-27,56.5631,57.1214,55.8354,55.8354,2548100
2005-06-28,55.8255,56.5432,55.4466,56.5133,2062900
2005-06-29,56.294,56.4734,55.6261,55.7258,1807800
2005-06-30,56.623,57.7594,55.7357,55.7756,2352800
2005-07-01,58.2977,58.537,57.3407,57.5002,2021300
2005-07-05,59.7631,59.8628,58.6167,58.8161,2257400
2005-07-06,58.8261,60.5108,58.6765,59.8828,1787500
2005-07-07,60.1619,60.1818,58.1183,58.517,2250600
2005-07-08,60.2716,61.1986,59.2248,60.4111,2173100
2005-07-11,60.2416,60.5008,59.3046,59.6136,1783000
2005-07-12,61.1588,61.5575,60.3114,60.5606,2203700
2005-07-13,60.5706,61.5575,60.0124,61.5575,1289100
2005-07-14,58.9457,61.2086,58.5968,60.9096,2299400
2005-07-15,58.4971,59.7133,57.9588,59.0354,2398600
2005-07-18,57.9488,58.4074,57.3208,58.4074,1495700
2005-07-19,59.9625,59.9625,57.0018,57.0018,1355100
2005-07-20,60.4909,60.7999,59.0454,60.3114,1660600
2005-07-21,60.0423,60.9295,59.2547,60.461,1770600
2005-07-22,63.332,63.332,60.0522,60.5606,2129100
2005-07-25,64.0996,64.7476,62.5145,63.0529,2257100
2005-07-26,65.1463,65.1862,63.8105,64.7675,2157200
2005-07-27,63.5912,65.6747,63.4715,65.0965,3124800
2005-07-28,60.6603,63.5114,58.8261,62.0161,5201600
2005-07-29,60.9096,61.2086,60.5308,60.8597,1905100
2005-08-01,61.0292,62.8535,60.9594,62.8535,1570100
2005-08-02,62.4547,62.4946,61.0292,61.4578,1944300
2005-08-03,61.8068,62.7638,61.3881,62.5245,1353200
2005-08-04,62.1955,63.1625,61.6273,61.9563,1860200
2005-08-05,61.7569,62.7638,60.9893,62.6641,1362200
2005-08-08,61.9064,63.1426,61.717,62.2653,1786100
2005-08-09,61.5575,62.4049,61.1688,62.046,1313200
2005-08-10,62.9532,63.5214,62.056,62.5046,2228600
2005-08-11,63.9002,63.9201,62.9332,62.9532,1670900
2005-08-12,63.4915,64.2392,63.2722,63.8603,1469100
2005-08-15,62.7837,64.3987,62.4647,64.3987,1341500
2005-08-16,60.9993,62.9831,60.9096,62.3052,1714900
2005-08-17,59.5638,62.2055,58.9856,60.9993,2829700
2005-08-18,59.8628,60.4311,58.5669,59.2946,2186500
2005-08-19,60.8896,61.1588,60.6504,60.7102,1433000
2005-08-22,61.2186,61.7868,60.6105,61.3083,1356100
2005-08-23,60.8099,61.8566,59.6634,61.6672,1838800
2005-08-24,61.4977,62.1856,60.5108,60.8099,1564600
2005-08-25,61.4678,61.7868,60.8298,60.8298,1597400
2005-08-26,60.2716,61.8068,60.0622,61.3482,1522600
2005-08-29,61.5476,62.8236,60.5806,62.5544,2872900
2005-08-30,63.003,63.2323,62.056,62.056,2941500
2005-08-31,63.6311,65.0068,62.8634,63.9002,5911800
2005-09-01,66.2628,66.3725,64.1295,64.8971,3635100
2005-09-02,65.0466,66.1133,64.6379,65.884,2920300
2005-09-06,65.9737,66.1432,64.7775,66.0834,1612600
2005-09-07,66.1831,67.0902,65.4454,66.2927,2150100
2005-09-08,67.2797,67.9376,66.2429,66.4921,2062600
2005-09-09,70.2902,70.5594,67.6983,67.9575,2819800
2005-09-12,69.7619,70.3201,68.8248,70.2803,3711200
2005-09-13,68.2367,70.7687,68.0971,69.7619,4668200
2005-09-14,68.9843,69.742,68.0472,68.785,2729200
2005-09-15,69.8815,69.9314,68.436,69.4828,2442100
2005-09-16,70.4398,70.8385,69.2834,70.0211,2292400
2005-09-19,72.4734,74.3276,72.3039,72.8722,3041500
2005-09-20,71.4865,72.7326,70.7787,72.3837,2342200
2005-09-21,73.8092,74.0086,72.1345,72.7226,2748300
2005-09-22,73.6597,75.5837,71.1176,74.3077,3007100
2005-09-23,72.2142,73.4703,71.7955,72.8622,2055500
2005-09-26,74.2977,74.5669,71.2772,71.2871,2080100
2005-09-27,74.6267,74.7663,73.1712,74.208,1701800
2005-09-28,75.7033,75.8628,73.2709,74.8759,2968600
2005-09-29,75.5737,76.76,75.2148,76.0622,3628100
2005-09-30,74.6665,75.7631,74.4572,75.5139,2425600
2005-10-03,77.8466,78.1257,75.7432,75.813,4046800
2005-10-04,74.7463,77.7469,74.517,77.7469,2945000
2005-10-05,71.1974,75.5438,71.0279,75.3644,3309100
2005-10-06,67.1899,69.1837,65.7444,67.808,5710000
2005-10-07,68.8547,68.9743,67.1899,68.2865,3102700
2005-10-10,67.5687,70.0809,66.6217,70.0311,2486800
2005-10-11,70.1407,70.5793,68.5856,68.5856,2381000
2005-10-12,68.0771,70.38,67.5289,70.1407,2895700
2005-10-13,65.7334,67.3294,63.4492,67.3294,3692300
2005-10-14,66.7608,67.1797,63.8382,65.7334,3387900
2005-10-17,68.636,69.3243,67.9278,68.3268,2427700
2005-10-18,64.2771,68.4864,64.1574,67.9278,3071100
2005-10-19,66.1623,66.2521,62.0328,64.2771,3906900
2005-10-20,60.9156,65.6436,59.8084,65.3344,5484400
2005-10-21,61.1051,62.9105,60.2074,60.6662,3828700
2005-10-24,63.9579,64.3768,60.2473,60.2972,2540700
2005-10-25,66.8506,67.4191,64.0477,64.7658,3563000
2005-10-26,65.883,69.4141,65.494,66.8306,2971100
2005-10-27,63.6387,67.1697,63.6088,67.08,2713400
2005-10-28,65.7334,66.6211,62.0826,63.7883,3716200
2005-10-31,67.449,68.7857,66.1424,67.3892,3255700
2005-11-01,67.7583,68.2271,66.2721,66.8306,2537700
2005-11-02,70.3218,70.8205,68.0775,68.0775,3187600
2005-11-03,71.5187,72.3666,70.0425,70.5711,2708500
2005-11-04,68.2869,71.4489,67.9777,71.409,2688400
2005-11-07,66.3019,67.5887,65.484,66.7309,3503700
2005-11-08,66.1922,67.3992,64.9354,65.9927,2455200
2005-11-09,65.6237,67.9478,64.3569,66.3319,3079400
2005-11-10,63.0901,64.9155,61.9729,64.8855,3780500
2005-11-11,63.9778,64.6262,62.2023,62.2023,2179300
2005-11-14,63.3494,65.7733,62.9704,64.8357,4013900
2005-11-15,65.9628,67.7184,62.9406,63.0203,4132100
2005-11-16,69.5338,69.7133,66.292,66.3319,4076200
2005-11-17,69.3941,70.6609,68.5263,70.3118,3327900
2005-11-18,68.6959,69.9327,67.7682,69.7233,2570800
2005-11-21,71.9576,72.1172,69.1348,69.1348,2852700
2005-11-22,72.6459,73.5137,72.0673,72.8155,2335200
2005-11-23,71.2394,72.5561,70.3417,71.3192,2480200
2005-11-25,72.7157,72.7456,71.409,71.5287,714000
2005-11-28,68.7158,71.1197,68.2271,71.02,2723500
2005-11-29,70.8604,71.2594,69.424,69.9726,3289800
2005-11-30,71.5686,72.4164,70.8404,71.818,2803700
2005-12-01,74.4912,74.6408,72.1172,72.3067,3510700
2005-12-02,74.9999,75.2991,73.2159,74.6608,2482200
2005-12-05,75.5784,77.4537,75.0298,76.9051,2530500
2005-12-06,75.6682,75.7979,74.162,74.7106,3212600
2005-12-07,76.157,78.1818,75.1296,76.0572,2677900
2005-12-08,78.4511,78.501,76.1271,76.3664,3065000
2005-12-09,76.4861,77.9025,75.7879,77.6133,2535500
2005-12-12,78.6008,79.7678,77.8028,78.7005,2569700
2005-12-13,78.9599,81.7927,78.89,79.7978,3976400
2005-12-14,80.6356,80.6955,78.6008,79.0995,3092000
2005-12-15,80.5359,81.7927,79.3988,80.6356,3137400
2005-12-16,77.4537,80.6655,77.2053,80.6655,2797300
2005-12-19,76.8153,78.3913,76.1171,77.7829,1959700
2005-12-20,77.3639,77.733,76.3664,76.7555,1760000
2005-12-21,76.6757,78.1719,76.0471,77.8327,2122800
2005-12-22,75.8577,77.5135,75.6483,77.1245,2678400
2005-12-23,75.7879,75.8079,73.3351,74.4613,1957500
2005-12-27,72.4663,75.0199,71.6085,74.98,2918900
2005-12-28,74.0623,74.6508,72.6658,73.0947,1842300
2005-12-29,73.1845,75.1795,72.975,73.9925,1673900
2005-12-30,73.1845,73.9127,71.798,71.818,1631300
2006-01-03,78.7703,78.8502,73.8129,73.8129,4413500
2006-01-04,78.8502,78.9898,77.314,77.5534,3103300
2006-01-05,75.8876,78.4511,75.3191,78.4511,3440400
2006-01-06,77.6033,78.7305,77.0647,77.0647,2818100
2006-01-09,77.9624,78.2118,75.9475,77.6233,2640200
2006-01-10,77.8028,79.698,77.6233,78.0422,2569400
2006-01-11,78.1818,78.5808,76.5659,77.713,2760800
2006-01-12,78.102,81.0346,77.8926,78.7205,3363200
2006-01-13,80.0281,80.3075,77.7427,77.8425,2852100
2006-01-17,82.3733,82.3733,80.8364,81.1857,3118800
2006-01-18,81.4153,81.8344,78.4513,81.5849,2761500
2006-01-19,83.8603,83.9701,79.579,79.7986,3577500
2006-01-20,84.6388,86.1457,83.3713,84.9282,3870800
2006-01-23,84.3992,84.6288,82.6827,83.8304,3068800
2006-01-24,83.0719,84.7885,82.8823,83.4512,2763200
2006-01-25,81.066,83.7306,79.5391,83.0819,3867700
2006-01-26,79.9782,80.3375,77.4333,80.1379,3729000
2006-01-27,80.2277,82.3334,79.6588,82.3334,3146000
2006-01-30,83.2516,84.01,80.7866,80.8364,2691000
2006-01-31,84.3693,84.7186,82.0839,82.8324,3162800
2006-02-01,82.7825,86.7345,82.3634,84.9781,4307600
2006-02-02,80.547,82.533,78.5611,82.533,5002600
2006-02-03,78.9503,80.0081,78.3714,79.589,4158000
2006-02-06,80.088,81.2756,79.6888,79.6888,4727100
2006-02-07,73.8506,78.3914,73.7608,78.092,5790600
2006-02-08,73.7907,74.0502,71.3157,73.8506,5150900
2006-02-09,70.1581,75.148,69.3597,74.0502,5582700
2006-02-10,69.2299,70.8067,68.0224,70.5073,6316500
2006-02-13,68.1222,69.4595,67.5633,68.5513,4364400
2006-02-14,68.8707,68.9904,65.8468,65.8667,5912700
2006-02-15,69.2,70.7069,68.2319,69.709,4932000
2006-02-16,71.9145,72.1041,69.4794,69.4994,4174800
2006-02-17,71.4055,73.3296,71.3057,72.8526,3515300
2006-02-21,72.4833,74.3496,71.8546,73.3915,2956500
2006-02-22,70.4075,72.2339,69.9485,72.1041,3263800
2006-02-23,69.709,71.665,68.3118,69.699,3951800
2006-02-24,70.0083,71.3456,69.8686,71.0163,2808000
2006-02-27,68.1521,69.8088,68.0124,69.5094,2950100
2006-02-28,67.2639,67.5034,65.475,67.3537,4455900
2006-03-01,68.212,68.6012,67.1841,67.4236,2538900
2006-03-02,69.18,70.4075,67.6332,68.212,3854800
2006-03-03,70.2079,70.9155,69.1102,69.1102,3574700
2006-03-06,66.4855,69.7589,65.6871,69.3597,4733900
2006-03-07,65.1182,66.6551,63.9905,66.4855,3726500
2006-03-08,66.6152,67.3138,64.5195,64.9686,5616400
2006-03-09,65.1682,68.0623,64.8089,67.6132,4014200
2006-03-10,65.3478,66.6751,64.0704,65.0384,3084300
2006-03-13,67.5533,67.8128,65.6572,65.6671,2494900
2006-03-14,69.1701,69.5094,66.1062,67.5533,3559700
2006-03-15,70.2479,70.3377,67.8627,68.212,3225400
2006-03-16,72.8027,72.9823,69.8587,69.9984,4267000
2006-03-17,72.4135,73.2718,72.0243,73.2418,3045900
2006-03-20,68.3617,72.2339,68.2319,70.8566,4242200
2006-03-21,68.3317,69.9684,67.3637,67.6132,3279700
2006-03-22,69.2998,70.7069,68.1521,68.3617,2994300
2006-03-23,70.3876,71.5053,69.6491,69.7888,3090200
2006-03-24,71.8047,72.4035,70.4974,70.6471,2723800
2006-03-27,71.7648,72.3137,70.2579,70.8566,3338800
2006-03-28,72.4135,73.2318,71.9444,72.3536,2751800
2006-03-29,73.6011,74.2498,72.3536,72.3536,3309700
2006-03-30,73.8805,75.0681,73.5512,73.7009,2631500
2006-03-31,71.8546,73.0522,71.2858,72.8626,2905200
2006-04-03,71.7548,73.7907,71.4255,73.2518,2856900
2006-04-04,72.9524,73.0821,70.6071,70.8067,2653600
2006-04-05,74.2498,74.2498,72.5033,73.0123,2501100
2006-04-06,74.4294,75.148,72.9025,75.148,3444700
2006-04-07,71.9245,73.9604,71.4255,73.4314,2524800
2006-04-10,73.7508,74.3496,72.8526,72.8526,2592600
2006-04-11,72.7818,74.6096,72.2225,74.1502,2168100
2006-04-12,72.0127,73.7406,71.853,73.0815,2092400
2006-04-13,71.8829,72.1126,69.2361,70.3648,2892000
2006-04-17,73.5908,73.6708,72.0327,72.9117,1766600
2006-04-18,77.0666,77.2065,74.26,74.28,3302700
2006-04-19,78.4649,79.1441,76.3675,76.4074,2938200
2006-04-20,76.5573,78.1054,75.1889,77.7558,2588700
2006-04-21,77.2864,77.6959,75.6504,76.9268,2894000
2006-04-24,75.109,76.4873,74.4198,76.4574,2263600
2006-04-25,73.2413,76.1178,72.7119,75.3787,2652500
2006-04-26,71.5833,75.099,71.2037,73.3711,2809200
2006-04-27,70.3548,72.602,68.4071,68.4171,3203300
2006-04-28,70.145,74.4099,69.7655,74.4099,2502100
2006-05-01,71.7231,72.7319,70.6544,71.1438,2888200
2006-05-02,72.8318,73.5109,72.2824,73.1314,2911700
2006-05-03,71.803,72.9516,71.0739,72.8418,3051500
2006-05-04,71.3635,72.4323,70.0451,70.9141,2624400
2006-05-05,76.2177,76.4674,73.9105,73.9105,4422200
2006-05-08,74.4598,74.6795,73.0183,74.0103,2626700
2006-05-09,74.5597,75.089,74.0603,74.4598,2086900
2006-05-10,75.6284,75.6983,73.8206,74.0103,2664100
2006-05-11,73.2712,77.1965,73.0415,76.4074,2911000
2006-05-12,68.8466,72.7119,68.527,72.3623,4454600
2006-05-15,65.9901,68.2673,64.6617,67.7679,4697400
2006-05-16,66.4195,67.1986,65.6105,66.879,3492300
2006-05-17,63.6729,66.6792,63.0236,65.7603,3576100
2006-05-18,61.9849,64.9114,61.6953,63.7727,4319900
2006-05-19,62.6241,63.7128,61.3756,62.0248,4845800
2006-05-22,62.8139,63.1535,60.0173,61.6253,5285900
2006-05-23,62.0848,65.4507,61.7352,64.6717,4174400
2006-05-24,61.2158,62.8139,59.5279,60.9262,4596500
2006-05-25,62.4244,63.2434,61.2558,61.5255,3732000
2006-05-26,63.543,64.2422,62.5342,63.2234,3271300
2006-05-30,62.8239,65.1211,62.7084,64.6717,2693900
2006-05-31,65.5806,65.6105,62.2646,62.8239,4187500
2006-06-01,65.8702,66.7192,63.7128,64.0524,4011500
2006-06-02,65.8302,66.7991,64.6317,66.7991,2902400
2006-06-05,62.8439,66.6193,62.5842,66.3596,3374600
2006-06-06,64.0125,64.8914,62.744,62.9837,3844100
2006-06-07,61.1259,63.9725,60.9961,63.3233,4187000
2006-06-08,60.7065,60.9761,57.0209,59.7476,8303100
2006-06-09,59.7276,61.8151,59.1683,60.9961,3476400
2006-06-12,57.5103,60.5257,57.3305,59.6777,3746200
2006-06-13,57.2506,59.0085,56.2419,57.0509,6371900
2006-06-14,60.3769,60.6066,57.77,57.8799,5533200
2006-06-15,62.5542,63.0236,60.6765,60.9262,4542500
2006-06-16,62.9637,63.7028,60.8763,62.0448,4092000
2006-06-19,58.9785,62.724,58.3793,62.704,5086400
2006-06-20,59.0185,60.5367,58.6789,59.1983,4070400
2006-06-21,60.7864,61.7752,59.1184,59.1184,3337800
2006-06-22,60.5766,61.3457,59.9274,59.9773,2917100
2006-06-23,64.4919,65.6704,63.6529,63.7927,5474600
2006-06-26,65.5206,65.7304,63.6229,64.4419,2580700
2006-06-27,66.0,66.7691,65.7204,65.9801,4051200
2006-06-28,66.3496,66.7391,65.5606,66.4695,2889200
2006-06-29,68.3572,69.3959,66.9301,67.5182,3686500
2006-06-30,69.2561,69.8953,68.1774,68.6069,3678400
2006-07-03,70.8042,71.0939,69.7755,70.125,1457600
2006-07-05,71.5433,71.7331,69.4658,70.6045,3756700
2006-07-06,70.994,72.3623,70.7942,71.6132,3671000
2006-07-07,68.9864,72.2924,68.487,71.813,4902900
2006-07-10,69.4758,70.155,68.1674,68.1674,3462800
2006-07-11,70.4147,70.8342,69.4558,69.9652,2595300
2006-07-12,70.165,71.2137,69.2861,70.0252,2969500
2006-07-13,69.4159,71.0639,68.9964,70.3148,4380000
2006-07-14,70.0651,70.2149,67.5082,69.7755,3271000
2006-07-17,67.3684,69.5457,66.7391,69.1662,3630300
2006-07-18,66.7991,68.477,65.4407,68.4171,3274000
2006-07-19,67.9077,68.3472,66.4695,66.7991,2934800
2006-07-20,66.4195,68.6868,66.4195,68.0276,2339900
2006-07-21,64.3221,66.8191,64.2222,66.7691,3735900
2006-07-24,67.2885,67.5681,64.9213,65.0712,3291100
2006-07-25,69.2961,70.3947,67.9277,68.4371,3138300
2006-07-26,71.7431,72.1027,68.5569,69.1662,3886000
2006-07-27,70.5345,72.5221,70.185,72.3324,2951200
2006-07-28,71.9728,71.9728,69.5358,69.9153,2604800
2006-07-31,74.0603,75.4686,72.662,72.8118,4381000
2006-08-01,71.3436,73.5609,70.984,72.0827,5170500
2006-08-02,70.7343,73.2413,70.185,72.0127,3652400
2006-08-03,69.2661,70.3348,68.7187,68.7667,3266200
2006-08-04,69.5058,70.1151,68.2873,69.5158,3173000
2006-08-07,69.8154,70.7842,68.8865,69.7056,2820800
2006-08-08,69.0663,70.5246,68.9864,69.4259,2909300
2006-08-09,70.2349,71.6232,69.5158,70.2349,2726100
2006-08-10,69.8154,70.185,68.6468,69.9752,2864100
2006-08-11,68.0575,69.6256,67.8178,69.5657,2230800
2006-08-14,66.05,67.5881,65.7703,67.5582,3177800
2006-08-15,66.1199,66.879,65.6704,66.879,3330300
2006-08-16,65.241,67.1487,64.8614,66.1698,3963800
2006-08-17,65.3608,65.5106,64.1323,64.402,3140100
2006-08-18,66.2597,66.5194,65.0712,65.4207,2759200
2006-08-21,66.4395,67.3484,66.3696,66.5094,2105200
2006-08-22,67.0588,67.3284,66.1698,66.4195,1815200
2006-08-23,65.7104,67.658,65.5406,66.9189,2040700
2006-08-24,67.3284,67.4782,65.4807,65.9201,2426400
2006-08-25,69.0463,69.8254,68.2673,68.7168,3091100
2006-08-28,67.7479,68.7567,66.9689,67.4183,2122200
2006-08-29,65.5506,67.2186,65.4207,67.2086,4077500
2006-08-30,65.1111,66.1798,64.0524,65.5506,2962500
2006-08-31,64.7416,65.8302,64.2522,64.5718,3563700
2006-09-01,65.8602,66.04,64.7715,64.7715,1358300
2006-09-05,66.5294,66.7391,65.241,65.241,1989000
2006-09-06,63.0736,65.4707,62.9937,65.201,3885300
2006-09-07,62.9238,63.6229,62.1147,62.5942,3133100
2006-09-08,60.8163,63.2234,60.5566,62.9238,2956700
2006-09-11,59.6977,60.6765,58.3793,59.9074,4353000
2006-09-12,59.7476,60.6365,58.9686,59.8075,2973500
2006-09-13,60.7065,61.6153,59.6377,59.6377,4093000
2006-09-14,58.6489,61.4755,58.4192,60.8862,3756100
2006-09-15,59.7676,59.9274,58.5291,59.0784,3948300
2006-09-18,62.6141,63.8027,60.7065,60.7264,5745300
2006-09-19,61.8251,63.1335,60.8663,62.6241,4080000
2006-09-20,60.9162,62.0948,60.227,61.1559,4933300
2006-09-21,62.4244,63.8626,61.091,61.1259,5406100
2006-09-22,62.1147,62.8368,61.096,62.6241,4265600
2006-09-25,63.2234,63.3632,60.6265,61.4755,5526200
2006-09-26,64.1323,64.4419,62.4344,62.9238,5035700
2006-09-27,65.221,65.3808,63.3233,64.4819,4762500
2006-09-28,63.8127,65.6804,63.8127,64.9713,5374300
2006-09-29,64.9713,65.6205,63.9026,64.8215,5043700
2006-10-02,64.4719,65.7603,64.2721,65.221,4463200
2006-10-03,62.0248,63.0137,61.7552,62.9238,5901000
2006-10-04,62.8738,63.0536,59.8075,62.0248,7183700
2006-10-05,63.4032,64.5618,62.2546,64.1123,5098300
2006-10-06,63.2334,63.5929,61.8251,63.0236,3580300
2006-10-09,62.744,64.5818,62.4943,63.7228,3236700
2006-10-10,63.6229,64.5718,62.4044,62.5143,4003600
2006-10-11,62.2246,63.6429,62.1547,63.1735,4429100
2006-10-12,63.6329,63.9226,62.2945,62.5243,3958200
2006-10-13,64.8614,65.5806,63.8526,63.9126,3673500
2006-10-16,67.1487,67.4583,64.8614,64.8714,4182900
2006-10-17,66.1199,66.9789,65.2709,66.8989,3461200
2006-10-18,65.9801,66.8091,65.181,65.9301,3821700
2006-10-19,67.1786,67.3284,65.4607,66.3496,3553200
2006-10-20,66.1698,67.3284,65.241,67.2985,2935800
2006-10-23,66.03,66.3796,64.9413,65.6405,3115100
2006-10-24,68.8466,68.9964,65.6904,65.8302,4287700
2006-10-25,70.2549,70.7243,67.0488,67.1686,4044200
2006-10-26,69.2561,70.984,68.4071,70.9141,3111100
2006-10-27,67.9277,69.9852,67.7879,69.0064,2344500
2006-10-30,66.9189,68.0276,66.4195,67.1387,3609800
2006-10-31,66.4495,67.2485,64.9713,66.8191,4396900
2006-11-01,65.9401,66.6692,65.0013,66.1698,3499700
2006-11-02,65.6704,66.2897,64.5018,65.221,3365700
2006-11-03,67.0488,68.0476,66.3596,66.6193,2668300
2006-11-06,66.8091,67.648,65.8702,66.3896,2735900
2006-11-07,66.1698,67.1986,65.8602,67.1786,2841900
2006-11-08,67.5681,67.8778,65.8402,65.9201,2648100
2006-11-09,69.1263,69.8953,67.7279,68.3772,4968600
2006-11-10,67.3784,68.4071,66.6792,68.3172,2464700
2006-11-13,66.879,67.8778,66.05,66.05,2347100
2006-11-14,67.5881,67.7479,66.9089,67.5482,2454700
2006-11-15,68.3872,68.9565,67.1387,67.1786,3395900
2006-11-16,65.8502,69.346,65.6505,69.0563,3128800
2006-11-17,68.2173,68.4171,65.4207,65.4207,3523600
2006-11-20,68.1375,68.4271,66.9589,67.7479,2893500
2006-11-21,69.4658,69.6456,67.9077,68.2973,4286500
2006-11-22,69.4758,69.7255,68.2173,69.4658,3294000
2006-11-24,69.3859,70.5945,69.3859,69.6157,1022800
2006-11-27,68.8466,70.0451,68.8166,69.8354,2553900
2006-11-28,70.8841,71.3336,69.0963,69.0963,3856000
2006-11-29,71.9728,72.1825,69.4658,71.4135,6277300
2006-11-30,70.4446,71.3136,69.5757,71.1138,5512600
2006-12-01,70.5445,70.6344,68.7767,69.8254,2913000
2006-12-04,69.0863,70.0252,68.3971,69.6656,2632400
2006-12-05,69.2461,69.8454,68.547,69.4758,3061500
2006-12-06,69.2661,70.4646,68.8166,68.8166,2357500
2006-12-07,68.8566,69.5857,68.4371,69.2661,1940800
2006-12-08,68.5869,69.5657,68.3072,69.366,2113800
2006-12-11,68.3072,69.0164,67.4583,68.4271,2184600
2006-12-12,68.1874,69.0863,67.638,68.3372,2188700
2006-12-13,68.547,69.2261,67.9577,68.8366,1941700
2006-12-14,69.7355,70.0851,68.497,68.9864,3151800
2006-12-15,68.537,69.8753,67.8578,69.7355,2779900
2006-12-18,65.4008,67.8178,65.0412,67.8178,3090800
2006-12-19,66.3496,67.0288,63.2234,63.2234,2480300
2006-12-20,64.9313,66.4994,64.8115,66.4994,2489000
2006-12-21,64.9213,65.5905,64.2022,65.3209,2435500
2006-12-22,64.2322,65.0013,64.1323,64.9213,1513900
2006-12-26,63.0836,64.7815,62.8638,63.0236,1700000
2006-12-27,63.5929,63.8227,62.2546,63.0836,2598200
2006-12-28,63.5031,64.3021,63.2334,63.9226,1860800
2006-12-29,62.3744,63.523,61.7951,63.1735,2976900
2007-01-03,60.5866,63.3932,59.1384,61.7352,5502900
2007-01-04,60.6265,61.7951,59.6889,61.6453,5653500
2007-01-05,62.6041,62.9238,60.8263,61.2258,6521800
2007-01-08,62.1747,63.9226,61.2158,63.7827,4029800
2007-01-09,61.3756,61.8151,60.0472,60.9262,5421200
2007-01-10,60.9062,61.5354,59.9474,61.1759,3597200
2007-01-11,59.8874,62.0049,59.6377,61.9949,4585300
2007-01-12,62.2046,62.3644,59.9074,59.9274,3736000
2007-01-16,61.9549,63.0137,61.4356,62.0448,3028300
2007-01-17,62.0948,62.744,61.6653,61.8351,3052500
2007-01-18,61.6253,62.6241,61.1259,62.4344,2498500
2007-01-19,64.6517,64.7915,62.0548,62.3245,3390000
2007-01-22,64.8514,66.3696,64.2921,65.4207,4248200
2007-01-23,67.4083,68.0276,65.4507,65.4857,3632100
2007-01-24,67.2685,67.3284,65.6105,66.7491,2654900
2007-01-25,64.8814,67.0088,64.7016,67.0088,3344600
2007-01-26,65.4907,66.1898,65.0112,65.5206,2132000
2007-01-29,64.9513,67.4083,64.8714,66.0899,2671000
2007-01-30,67.9776,68.3872,64.9513,64.9513,3724700
2007-01-31,69.0463,69.6656,66.2497,66.6193,4132400
2007-02-01,69.5058,69.8654,68.0176,69.4159,5003800
2007-02-02,68.6069,69.4558,67.9577,69.336,2790600
2007-02-05,67.8678,69.6556,67.7779,68.7767,2940500
2007-02-06,67.0588,68.8466,66.6093,68.8266,2790700
2007-02-07,66.4695,67.6281,65.8802,67.0687,2256000
2007-02-08,66.5294,66.7291,65.4807,66.4695,3004400
2007-02-09,66.4894,67.5382,66.1998,66.7591,1751000
2007-02-12,64.9613,66.0799,64.3221,65.5905,2390988
2007-02-13,65.6904,66.0899,65.0013,65.9101,2986817
2007-02-14,66.04,66.5893,65.5206,65.9101,2152779
2007-02-15,65.7104,66.02,64.6317,65.7204,2901300
2007-02-16,66.9189,67.4483,65.8302,65.8602,3251400
2007-02-20,66.3196,66.5394,65.9201,66.3196,2441900
2007-02-21,67.2186,67.5382,65.7403,66.5294,2088700
2007-02-22,68.4271,68.7168,67.2485,67.638,2793700
2007-02-23,67.7779,69.0863,67.3784,68.9265,1875300
2007-02-26,69.4958,69.6656,68.1874,68.3172,2741876
2007-02-27,67.5182,69.7355,66.6692,67.8877,2953600
2007-02-28,67.658,68.2173,66.5793,67.678,2704800
2007-03-01,66.9689,67.8578,65.8902,66.2897,2716346
2007-03-02,65.8402,67.1387,65.6205,66.7591,2126000
2007-03-05,64.7216,65.7703,63.9226,64.6916,2832200
2007-03-06,66.1199,66.1199,65.1411,65.5206,2679200
2007-03-07,67.1287,68.2173,65.7503,66.0999,2729600
2007-03-08,66.889,67.8877,66.5394,67.4683,2074500
2007-03-09,66.829,67.668,66.4395,67.3084,1303900
2007-03-12,66.04,66.3996,65.6704,66.3097,1956300
2007-03-13,65.7903,67.9477,65.6105,66.0,2821600
2007-03-14,67.3084,67.3284,65.5206,66.3696,2538900
2007-03-15,66.6492,67.5182,66.4695,67.1187,1480700
2007-03-16,65.5606,66.9689,65.221,66.8191,2785800
2007-03-19,66.6992,66.839,65.9301,66.3596,1597212
2007-03-20,67.8478,67.9477,66.6692,67.2186,2140200
2007-03-21,69.6356,69.9153,67.9677,68.1574,3501751
2007-03-22,71.1138,71.783,70.145,70.4147,3468300
2007-03-23,71.3635,71.5733,70.5945,71.1738,2107200
2007-03-26,72.3923,72.5122,70.7243,71.9029,2676400
2007-03-27,71.8829,72.5421,71.3835,71.9428,2759500
2007-03-28,71.5833,73.0016,71.014,72.9117,2511090
2007-03-29,71.783,72.3124,71.2637,72.1626,1782400
2007-03-30,71.2537,71.8729,70.9141,71.8729,2909094
2007-04-02,72.5122,72.7019,71.2537,71.3935,1729785
2007-04-03,72.9816,72.9816,71.0639,71.6632,1830200
2007-04-04,74.0603,74.3599,72.1825,72.4522,3136253
2007-04-05,74.6596,74.7994,73.6108,73.9604,2474639
2007-04-09,74.3,75.7682,74.0203,74.7594,2107624
2007-04-10,75.8181,75.958,74.3599,74.5097,2266093
2007-04-11,75.119,76.1078,74.1002,74.1002,1858594
2007-04-12,77.0666,77.0766,75.2389,75.7282,1907344
2007-04-13,76.8868,77.5061,76.4174,76.8868,1883649
2007-04-16,77.2564,77.3563,75.4985,76.737,2135159
2007-04-17,75.8181,77.616,75.4885,77.4062,2921089
2007-04-18,74.5597,75.4885,74.4099,75.4885,3167833
2007-04-19,73.3911,74.3,72.9516,74.3,2475519
2007-04-20,73.8905,74.28,72.9067,73.491,3073469
2007-04-23,74.1202,74.4498,72.7319,72.7718,1554749
2007-04-24,74.3,74.6296,73.8405,74.27,1755361
2007-04-25,75.3088,76.0379,74.5297,74.6596,2151604
2007-04-26,74.4099,74.9192,73.6708,74.8094,2291223
2007-04-27,74.1601,74.8793,73.7107,74.0603,1810554
2007-04-30,73.3511,75.129,73.3511,74.0403,2179222
2007-05-01,75.6883,77.2264,73.7107,74.6396,5513878
2007-05-02,77.3163,77.5061,75.6084,75.8281,2351180
2007-05-03,77.9256,78.0454,76.5073,77.1765,2939680
2007-05-04,76.8269,78.5648,76.5672,78.0355,1908980
2007-05-07,77.0367,77.3862,76.3675,76.5273,1564076
2007-05-08,76.6571,76.727,74.8493,76.5273,2658900
2007-05-09,75.8481,76.787,75.1789,76.5972,2434200
2007-05-10,74.4498,76.2876,74.2101,75.6384,1935775
2007-05-11,75.8181,75.918,74.5197,75.4486,1952300
2007-05-14,77.0167,77.556,75.968,76.0479,2372300
2007-05-15,75.7083,77.1665,75.4686,76.717,2079680
2007-05-16,75.5585,76.2077,74.5397,75.958,2502023
2007-05-17,76.6072,77.2264,74.7095,75.7083,2525597
2007-05-18,78.3751,78.4949,75.4586,75.4586,2371341
2007-05-21,78.435,79.1142,77.7358,78.6347,2551729
2007-05-22,77.4362,78.9543,77.2864,78.435,1659600
2007-05-23,77.4262,79.0542,77.1765,77.3063,1969600
2007-05-24,75.7282,79.0043,75.3687,78.8944,2146000
2007-05-25,76.5173,77.1066,75.6484,76.7071,2134900
2007-05-29,75.7382,76.6072,74.8593,76.3075,1884600
2007-05-30,77.626,77.7658,75.2888,77.4062,2133700
2007-05-31,76.807,78.405,76.6671,78.2252,2137936
2007-06-01,77.0467,78.1553,76.8369,77.8157,2448800
2007-06-04,78.8145,79.0043,76.4274,76.5273,1851365
2007-06-05,77.8457,78.5848,77.5061,78.1054,1898000
2007-06-06,76.3475,79.0842,75.908,79.0842,2099052
2007-06-07,74.7994,77.4661,74.5697,75.9879,2483100
2007-06-08,75.2488,75.2888,73.3212,74.0503,2022266
2007-06-11,75.5685,76.2776,74.7195,75.2089,1431300
2007-06-12,75.7183,77.1366,74.9692,75.5685,2239500
2007-06-13,77.3563,77.586,75.958,76.0079,2001700
2007-06-14,79.9132,80.1529,77.4362,77.5161,3006000
2007-06-15,80.3926,80.6223,79.224,80.1928,2393400
2007-06-18,80.1629,81.3914,80.0131,81.2915,1695867
2007-06-19,79.3539,80.043,79.1841,79.8533,1822500
2007-06-20,76.6871,80.3027,76.5173,79.6036,2518883
2007-06-21,78.8045,78.8844,76.9668,77.7458,2217217
2007-06-22,76.5273,78.5049,75.2888,78.0055,3499401
2007-06-25,74.3399,75.3987,73.5808,75.119,5007741
2007-06-26,72.5721,76.0479,72.1126,75.8181,3551140
2007-06-27,73.7706,73.8306,71.2437,71.4734,3352108
2007-06-28,72.3623,74.7494,71.773,74.0303,3550465
2007-06-29,72.9716,74.6096,72.1226,72.1226,4538307
2007-07-02,74.0403,74.0403,72.5022,73.3312,2822286
2007-07-03,74.5896,75.099,72.3423,72.4123,1436741
2007-07-05,74.5697,75.2189,73.7107,73.9105,2466900
2007-07-06,74.9492,75.8481,74.6695,75.4086,2593200
2007-07-09,74.4798,75.4086,73.9704,74.4398,2209000
2007-07-10,74.0703,75.3687,73.7307,73.9704,2721630
2007-07-11,74.3299,74.4798,73.0615,73.0615,2599900
2007-07-12,74.4997,75.1689,73.5609,74.8893,2039400
2007-07-13,74.91,75.5,73.55,74.08,1827900
2007-07-16,73.05,74.86,72.11,74.63,2435200
2007-07-17,72.69,74.35,72.53,73.74,2225200
2007-07-18,75.13,75.33,72.2,72.23,3624900
2007-07-19,76.2,76.43,74.95,75.55,2451600
2007-07-20,75.03,76.92,74.72,76.45,2991060
2007-07-23,72.09,73.61,71.4,73.61,4816013
2007-07-24,70.28,71.44,69.91,71.15,3405278
2007-07-25,71.24,71.47,68.99,69.9,2873935
2007-07-26,69.95,71.13,68.3,70.86,3964918
2007-07-27,69.11,71.07,68.41,69.95,3284708
2007-07-30,71.09,71.686,69.59,69.75,3418332
2007-07-31,70.1,72.55,69.88,72.25,2964825
2007-08-01,71.59,72.44,69.27,70.64,3716444
2007-08-02,73.14,74.3,71.16,72.44,4280200
2007-08-03,70.47,73.53,70.23,71.8,4236900
2007-08-06,70.52,70.74,67.72,70.36,3551800
2007-08-07,71.99,72.42,69.35,70.74,4687300
2007-08-08,73.25,75.45,72.41,73.0,4032100
2007-08-09,73.33,75.83,71.09,72.32,3903700
2007-08-10,71.99,72.48,69.45,71.0,4115500
2007-08-13,71.49,73.0,71.46,72.45,2808300
2007-08-14,70.34,72.14,70.2,71.2,2120000
2007-08-15,68.68,71.86,68.36,71.03,2888531
2007-08-16,69.0,69.48,65.6,67.5,4831300
2007-08-17,71.58,72.06,69.38,70.16,3393000
2007-08-20,69.78,70.85,68.51,69.86,3061000
2007-08-21,67.97,69.71,67.51,68.92,2831700
2007-08-22,66.7,68.98,66.22,68.82,3887200
2007-08-23,67.1,67.77,65.92,67.4,2421900
2007-08-24,67.89,68.2,66.92,67.6,1666400
2007-08-27,66.84,67.61,66.45,67.61,1626750
2007-08-28,65.7,66.66,65.29,66.36,2123600
2007-08-29,66.72,66.98,65.55,66.26,1635200
2007-08-30,66.74,67.98,66.1,66.72,2156800
2007-08-31,67.36,68.43,67.26,67.41,1769100
2007-09-04,69.13,69.85,66.86,67.36,2145800
2007-09-05,69.39,70.16,69.0,69.12,2427000
2007-09-06,70.7,71.59,69.66,69.66,3387400
2007-09-07,69.9,70.27,69.05,70.07,2642900
2007-09-10,70.32,70.55,68.41,69.8,2793900
2007-09-11,71.29,71.54,69.19,70.41,2583400
2007-09-12,72.52,73.46,71.41,71.6,3754900
2007-09-13,71.72,72.77,71.46,72.45,2093200
2007-09-14,72.35,72.65,71.01,71.01,1727100
2007-09-17,71.85,72.81,71.57,72.57,1459900
2007-09-18,73.85,73.93,70.79,72.0,2608100
2007-09-19,74.22,74.99,73.78,74.7,2304600
2007-09-20,73.83,74.36,73.18,73.86,1707100
2007-09-21,74.49,75.25,73.83,74.62,1711700
2007-09-24,73.76,74.8699,73.27,74.4,1664700
2007-09-25,72.87,73.25,71.63,72.95,1717357
2007-09-26,72.37,73.95,71.7,73.45,2803800
2007-09-27,72.38,73.13,71.64,73.0,2333900
2007-09-28,72.33,73.09,71.91,72.8,1572700
2007-10-01,73.27,73.41,72.2,72.41,1680756
2007-10-02,74.7,75.54,72.72,72.79,2146430
2007-10-03,74.48,74.92,73.71,74.34,1856800
2007-10-04,76.55,77.0,74.08,74.62,2796400
2007-10-05,77.41,77.9,76.24,76.41,2950900
2007-10-08,76.51,77.28,76.06,76.55,1238300
2007-10-09,78.34,78.84,76.67,77.1,2192400
2007-10-10,79.55,80.0,77.63,77.83,2158700
2007-10-11,80.9,82.6,79.81,79.93,4065700
2007-10-12,81.37,81.86,80.22,80.41,1694266
2007-10-15,81.66,83.28,81.1,82.15,2250898
2007-10-16,81.68,82.3,81.27,81.65,2029400
2007-10-17,81.52,82.55,80.9,82.0,2480300
2007-10-18,82.17,82.72,81.3,81.46,2755200
2007-10-19,79.8,82.05,79.66,81.88,3997700
2007-10-22,78.39,78.48,76.5,77.89,3380900
2007-10-23,77.43,79.78,76.87,79.26,3749717
2007-10-24,78.55,79.05,76.37,77.32,2711500
2007-10-25,80.77,81.07,78.87,78.87,2402000
2007-10-26,81.91,82.93,80.77,82.26,1723900
2007-10-29,82.51,82.74,81.78,82.49,2363900
2007-10-30,85.95,86.32,83.93,84.09,7672400
2007-10-31,88.6,89.71,86.3,86.87,4966500
2007-11-01,86.6,88.5,85.99,87.47,3908600
2007-11-02,87.47,87.95,86.06,87.47,2467200
2007-11-05,87.0,87.51,83.8,86.75,2017902
2007-11-06,88.47,90.73,87.6,88.39,3064900
2007-11-07,86.7,89.1,86.7,88.1,2571450
2007-11-08,88.12,89.55,86.14,86.8,3015488
2007-11-09,87.41,88.31,86.35,87.13,3147904
2007-11-12,84.29,86.17,82.76,85.75,3473774
2007-11-13,85.66,85.82,82.78,84.83,3061390
2007-11-14,87.25,89.82,86.6,87.25,2820812
2007-11-15,85.1,87.17,84.18,87.08,2794700
2007-11-16,85.28,86.66,84.53,85.38,3941302
2007-11-19,83.98,85.9,83.78,85.02,2085001
2007-11-20,83.72,85.09,82.86,84.46,3269500
2007-11-21,82.45,83.86,82.0,83.1,2069172
2007-11-23,83.64,84.03,82.09,82.78,1068230
