Price,Close,High,Low,Open,Volume
Ticker,FITB,FITB,FITB,FITB,FITB
Date,,,,,
1999-11-24,36.876,37.1081,36.6106,37.0749,1091969
1999-11-26,36.7101,36.9091,36.478,36.876,484545
1999-11-29,36.2127,36.3122,35.5826,36.3122,2499545
1999-11-30,37.1413,37.2407,35.9474,36.1464,1218787
1999-12-01,35.9474,36.9423,35.7485,36.8428,1291515
1999-12-02,36.4117,36.478,35.6822,36.0137,981666
1999-12-03,38.0698,38.5175,36.677,36.876,1191212
1999-12-06,36.279,37.9371,36.1464,37.9371,1416212
1999-12-07,35.649,36.4117,34.9526,36.4117,1596060
1999-12-08,34.6541,36.0469,34.4883,35.8811,1076060
1999-12-09,34.936,35.4832,34.1898,34.9526,1015303
1999-12-10,34.2893,35.649,34.2893,35.2842,781818
1999-12-13,34.9194,35.0188,33.6924,34.2727,1169242
1999-12-14,35.1847,35.1847,34.8199,34.9194,2232575
1999-12-15,34.6873,35.1515,34.3556,35.0188,736515
1999-12-16,34.5878,35.1184,33.8914,34.7536,2744545
1999-12-17,34.9857,35.3837,34.5546,34.621,2607272
1999-12-20,35.9474,36.0137,35.1515,35.1515,1197878
1999-12-21,37.3734,37.4066,35.1515,36.0469,1447121
1999-12-22,37.7382,38.0035,37.4397,37.4729,1337424
1999-12-23,38.5009,38.932,37.7713,37.7713,1599090
1999-12-27,38.6004,39.131,38.4677,38.5341,1278484
1999-12-28,38.0035,38.8325,37.6055,38.5009,0
1999-12-29,38.8757,38.9091,38.2745,38.5417,403181
1999-12-30,39.3599,39.5102,38.4832,39.0093,600303
1999-12-31,39.2097,39.4101,38.8089,39.3432,286969
2000-01-03,37.3393,38.8757,36.7048,38.8757,0
2000-01-04,35.7696,36.6046,35.2018,36.5044,1586969
2000-01-05,35.4022,36.0368,35.0015,35.8698,1095757
2000-01-06,36.471,36.5044,34.7343,35.2686,1802575
2000-01-07,36.0034,36.8718,35.7028,36.3374,689848
2000-01-10,35.2853,36.3374,34.9012,36.137,910151
2000-01-11,34.2333,35.2686,33.9995,35.1351,849242
2000-01-12,34.0329,34.4003,33.7991,34.1999,0
2000-01-13,35.0015,35.2018,34.1331,34.1999,1704242
2000-01-14,35.469,35.8364,35.0682,35.2352,1833787
2000-01-18,34.7343,35.469,34.4337,35.469,1428333
2000-01-19,33.0309,35.1351,32.4298,34.8679,1768787
2000-01-20,32.0624,33.1645,31.8954,33.1645,1953333
2000-01-21,32.1292,32.6636,31.862,32.5967,1903484
2000-01-24,30.8433,32.3964,30.7599,32.0958,833030
2000-01-25,32.363,32.7971,31.027,31.1272,1287424
2000-01-26,33.7657,33.8993,32.3296,32.6301,1314393
2000-01-27,34.1665,34.5672,33.7323,33.7657,1017424
2000-01-28,33.6321,34.1331,33.0643,34.1331,1060454
2000-01-31,35.469,35.469,33.2647,33.4651,1140454
2000-02-01,34.4337,35.2686,33.8659,35.2686,955000
2000-02-02,33.3983,34.8679,33.3649,34.8679,969545
2000-02-03,34.968,35.0682,33.3649,33.3983,1394393
2000-02-04,33.2647,34.9347,33.1645,34.9347,1073333
2000-02-07,33.0643,33.4651,32.3296,33.4651,1193333
2000-02-08,33.0977,33.3983,32.7637,32.9307,1203484
2000-02-09,32.363,33.1645,32.1626,32.9976,725757
2000-02-10,32.1959,33.0977,32.1626,32.4966,789696
2000-02-11,32.0791,32.8974,31.9956,32.3964,1008333
2000-02-14,30.9936,32.1292,30.6597,32.029,1140454
2000-02-15,31.3944,31.3944,30.5261,31.027,1677272
2000-02-16,31.6616,31.6616,30.6931,31.4612,887272
2000-02-17,30.6597,31.7284,30.6597,31.6282,1577878
2000-02-18,29.6243,31.027,29.6243,30.9268,2642575
2000-02-22,29.0899,29.8581,28.7893,29.8581,3893333
2000-02-23,28.2549,29.1233,28.0546,29.1233,1454090
2000-02-24,28.0212,28.3551,27.0526,28.3217,1937272
2000-02-25,26.7854,28.3885,26.4514,28.0212,1625909
2000-02-28,28.1882,28.2216,26.5516,26.919,2388181
2000-02-29,27.8208,28.2216,26.6184,28.2216,1140151
2000-03-01,26.752,27.9878,26.6184,27.7206,1601818
2000-03-02,26.4181,26.919,26.4181,26.8522,1812424
2000-03-03,26.2844,26.8188,25.9838,26.8188,1053636
2000-03-06,24.9819,26.4514,24.9151,26.4514,1445151
2000-03-07,24.6479,25.0821,23.9799,25.0821,893333
2000-03-08,24.0468,24.6813,23.5124,24.6479,1035151
2000-03-09,25.2491,25.3159,23.8797,24.1136,953787
2000-03-10,24.5143,25.7167,24.3807,25.4829,1073636
2000-03-13,24.5812,25.1155,24.0133,24.2805,921212
2000-03-14,25.8837,26.3178,24.6479,24.9151,2437121
2000-03-15,28.3217,28.7225,25.7167,25.9171,1928939
2000-03-16,31.4946,32.7971,28.7225,28.9229,4735151
2000-03-17,31.9622,32.4631,31.0938,31.7284,3031060
2000-03-20,30.3925,31.9288,29.7245,31.8954,1340757
2000-03-21,31.8954,32.2961,29.4573,29.8915,1979848
2000-03-22,32.1959,32.6636,31.7952,31.7952,1157727
2000-03-23,33.6989,34.0329,31.528,31.9288,1281060
2000-03-24,33.8993,34.7009,33.0643,33.5987,1576363
2000-03-27,33.2313,33.8325,32.6301,33.7991,1226363
2000-03-28,33.9327,34.4003,32.5967,32.7971,1401060
2000-03-29,33.9697,34.441,33.8014,34.239,902272
2000-03-30,33.128,34.0707,33.027,33.5657,716969
2000-03-31,33.936,35.0807,32.1853,33.1617,1248636
2000-04-03,36.1581,36.3516,34.1381,34.1381,2215909
2000-04-04,35.0639,36.7977,33.9529,35.9897,1463787
2000-04-05,34.0707,35.9308,33.8014,34.744,755303
2000-04-06,34.7188,34.8451,33.734,34.1044,484393
2000-04-07,33.431,34.8114,33.2963,34.744,595606
2000-04-10,34.643,35.0471,32.724,33.128,1020909
2000-04-11,34.643,35.552,34.34,34.3737,686666
2000-04-12,34.643,36.36,34.6094,34.9797,1657424
2000-04-13,34.1044,34.8114,33.734,34.643,1229393
2000-04-14,31.815,33.7004,31.0744,33.7004,2734242
2000-04-17,33.3637,33.7677,31.7813,31.9833,1655757
2000-04-18,35.0134,35.5184,33.0607,33.1954,1871515
2000-04-19,33.936,34.7777,33.128,34.744,659545
2000-04-20,34.2727,34.4747,33.5994,33.8687,1003333
2000-04-24,34.7861,35.0134,33.5657,33.8687,1165757
2000-04-25,36.6294,37.3027,35.0471,35.0471,2384848
2000-04-26,35.2827,36.36,35.0807,36.36,1389393
2000-04-27,34.1717,34.6094,33.5321,34.2727,1775000
2000-04-28,34.0034,34.1717,32.5894,34.1717,1515757
2000-05-01,34.037,34.8114,33.4984,33.7677,1342878
2000-05-02,34.1381,34.2727,33.229,34.037,1709545
2000-05-03,32.8587,34.1717,32.219,34.1381,855303
2000-05-04,31.6467,33.128,31.6467,32.8587,907121
2000-05-05,31.8487,32.0844,30.502,31.6467,845909
2000-05-08,32.8251,33.1449,30.9734,31.714,967121
2000-05-09,33.4647,33.5657,32.32,32.8251,670151
2000-05-10,33.2963,33.7677,32.7913,33.2963,828181
2000-05-11,34.6094,35.0975,33.431,33.4899,1468333
2000-05-12,35.6194,35.855,34.4747,34.6094,2121666
2000-05-15,36.0233,36.0571,35.148,35.6362,736666
2000-05-16,35.6867,36.0907,35.0807,36.0233,1107575
2000-05-17,35.2827,35.3837,34.542,35.0471,561060
2000-05-18,36.0571,36.4274,35.148,35.2827,1045757
2000-05-19,35.3837,36.0571,35.0807,35.4847,1292878
2000-05-22,36.3264,36.4274,35.1143,35.3837,590606
2000-05-23,36.0571,36.5789,35.8214,36.2254,1156060
2000-05-24,36.4611,36.562,35.552,36.2254,2915454
2000-05-25,36.2927,36.5957,36.0571,36.4947,1952575
2000-05-26,36.6967,36.764,35.8887,36.36,997878
2000-05-30,36.9324,37.1344,36.3264,36.7304,1051818
2000-05-31,36.6294,36.9324,36.36,36.8314,834848
2000-06-01,37.7067,38.2454,36.6294,36.7304,3165303
2000-06-02,38.5484,38.784,38.1107,38.1444,1987272
2000-06-05,37.7404,38.3464,37.471,38.1781,1244090
2000-06-06,37.7067,37.8077,37.471,37.5889,3468939
2000-06-07,38.2117,38.6157,37.3364,37.471,1785454
2000-06-08,37.0334,38.2117,36.6294,38.1781,854545
2000-06-09,36.1581,37.6394,35.7877,37.1344,570606
2000-06-12,36.5957,37.0334,36.259,36.4947,485757
2000-06-13,36.4947,36.562,35.8214,36.2927,638787
2000-06-14,36.3264,36.6294,35.6867,36.562,729545
2000-06-15,34.5084,36.0907,33.9697,36.0571,2183787
2000-06-16,32.3537,33.936,31.9833,33.1954,3307878
2000-06-19,34.2643,34.4073,32.118,32.3537,2711212
2000-06-20,33.3973,34.1717,32.4547,34.1717,1336666
2000-06-21,32.724,33.3973,31.9833,33.3637,933787
2000-06-22,33.33,33.3973,32.3873,32.4547,872272
2000-06-23,33.1617,33.6499,32.8587,33.5321,668939
2000-06-26,33.8014,34.0707,33.0607,33.0607,638787
2000-06-27,34.5084,35.0807,33.835,33.8687,957272
2000-06-28,34.8512,35.4626,34.6813,34.8172,1483939
2000-06-29,34.1039,34.6473,33.7642,34.5794,1147121
2000-06-30,34.3756,34.8172,33.9765,34.1039,1472424
2000-07-03,35.4286,35.9381,34.1718,34.3416,1027424
2000-07-05,36.1759,36.7534,35.5305,35.556,1083484
2000-07-06,37.0591,37.0931,35.5984,36.1419,1051515
2000-07-07,38.3838,38.4518,37.0931,37.127,1521212
2000-07-10,37.4667,38.0781,37.2968,38.0102,1406666
2000-07-11,36.9912,37.8404,36.7194,37.7724,1015757
2000-07-12,36.9912,37.2289,36.9571,37.0251,924545
2000-07-13,36.5835,37.127,36.3117,37.0931,946060
2000-07-14,37.8404,38.0781,36.3117,36.5156,1366060
2000-07-17,36.7472,38.6,36.3355,38.4971,982400
2000-07-18,35.6664,36.5928,35.3061,36.5928,1193100
2000-07-19,35.5635,36.3355,35.409,35.6664,867600
2000-07-20,36.4384,36.953,35.898,35.9237,743900
2000-07-21,35.409,36.8501,34.8429,35.5635,1075400
2000-07-24,34.9973,35.705,34.8944,35.0488,764400
2000-07-25,34.8429,35.512,34.8429,35.2546,382600
2000-07-26,33.968,34.9458,33.9165,34.7914,0
2000-07-27,35.1517,35.409,34.2253,34.4826,1208700
2000-07-28,34.8944,35.512,34.5856,35.1517,1109800
2000-07-31,34.0194,34.9973,33.9165,34.8944,1006000
2000-08-01,34.5856,34.8429,33.7107,34.2253,417500
2000-08-02,34.3282,34.7914,34.1739,34.5598,368900
2000-08-03,35.8208,35.8594,33.968,34.3282,822500
2000-08-04,36.9016,37.3648,35.9237,35.9237,840700
2000-08-07,36.953,37.1075,35.8208,36.8501,559700
2000-08-08,36.4384,36.8759,35.8208,36.8759,606100
2000-08-09,36.3355,37.056,35.7179,36.284,511600
2000-08-10,37.6221,37.9309,36.3355,36.3355,728000
2000-08-11,37.9953,38.1368,37.3648,37.4162,781400
2000-08-14,37.725,38.2397,37.056,37.9309,548400
2000-08-15,37.1589,37.6736,37.1075,37.5706,693500
2000-08-16,36.7472,37.6736,36.6957,37.1075,554400
2000-08-17,37.1075,37.3648,36.6957,36.7472,481100
2000-08-18,36.5928,37.1589,36.5413,36.8501,626300
2000-08-21,36.0267,36.7472,35.3576,36.6443,820700
2000-08-22,36.9016,37.056,35.8208,35.9752,735300
2000-08-23,36.5928,36.7472,36.0267,36.4384,1181300
2000-08-24,36.7472,37.0431,36.5928,36.6443,688700
2000-08-25,36.6443,36.9016,36.5413,36.7987,946200
2000-08-28,36.953,37.3648,36.284,36.6443,828600
2000-08-29,36.0267,36.7987,35.9237,36.6957,597700
2000-08-30,36.5413,36.953,35.9237,35.9237,678800
2000-08-31,38.0339,38.2397,36.5413,36.5413,1066400
2000-09-01,37.4162,38.2912,37.2104,38.0853,942500
2000-09-05,37.6736,38.1883,37.2619,37.5706,738000
2000-09-06,38.8059,39.1147,37.6736,37.725,1260000
2000-09-07,39.1661,39.4749,38.6,38.7544,1153900
2000-09-08,40.144,40.3499,39.0632,39.1661,2056500
2000-09-11,40.7102,40.8131,39.7323,39.7323,1511000
2000-09-12,40.6586,40.9675,40.4528,40.6586,1259900
2000-09-13,40.2469,40.916,40.1954,40.6329,905600
2000-09-14,40.0925,40.8131,39.8867,40.1954,945300
2000-09-15,39.2691,40.1954,38.8573,39.9896,1967900
2000-09-18,38.1883,39.4492,37.9309,39.4235,1444900
2000-09-19,39.4749,39.4749,38.0853,38.2397,1205300
2000-09-20,39.1661,39.4749,37.9824,39.1147,1264100
2000-09-21,39.1661,39.2176,38.6515,38.9088,861200
2000-09-22,39.9381,40.0411,38.9088,38.9603,901400
2000-09-25,40.5043,40.7616,39.6808,39.8352,1255300
2000-09-26,41.6366,41.8424,40.3499,40.6844,2279400
2000-09-27,43.9693,44.073,41.636,41.6878,2566600
2000-09-28,44.1248,45.4211,43.9174,43.9693,3117200
2000-09-29,44.6952,45.2137,44.073,44.1767,1882800
2000-10-02,47.4951,47.547,44.2285,44.747,2455900
2000-10-03,46.8729,47.1321,45.6803,46.8729,1969300
2000-10-04,47.2877,47.7543,46.3544,46.4581,1822600
2000-10-05,47.5988,47.7543,47.0284,47.1321,1554700
2000-10-06,46.4063,48.0136,46.0433,47.3395,1392800
2000-10-09,45.4729,46.3544,45.11,46.1729,448900
2000-10-10,43.8267,45.6285,43.036,45.5766,888300
2000-10-11,43.3989,44.073,42.3101,43.8656,921200
2000-10-12,40.7545,44.3841,40.3397,43.4507,1323800
2000-10-13,43.8137,43.8656,40.4953,40.7026,1717000
2000-10-16,44.7989,45.7322,43.3989,43.6063,1002600
2000-10-17,43.71,45.4729,43.1915,44.7989,756600
2000-10-18,43.1396,43.6581,41.7915,43.5026,1095000
2000-10-19,44.3841,44.4878,43.3471,43.3471,1743200
2000-10-20,43.1915,44.3322,43.1396,44.073,1277600
2000-10-23,42.3619,43.2952,42.2063,43.0878,847800
2000-10-24,42.673,43.0878,42.0508,42.8285,1917700
2000-10-25,42.2582,42.6211,42.2063,42.6211,1134700
2000-10-26,42.2582,42.9063,41.2212,42.5174,817600
2000-10-27,43.2433,43.2952,41.8952,42.1545,1211800
2000-10-30,43.1396,43.3471,42.3619,42.9841,1730400
2000-10-31,42.6211,43.1915,41.6878,43.1396,1005500
2000-11-01,42.673,42.7248,42.1545,42.673,1029700
2000-11-02,43.1396,43.3471,42.6211,42.673,949600
2000-11-03,43.0878,43.3989,42.9323,43.036,1070700
2000-11-06,42.9841,43.5545,42.6211,43.2433,888400
2000-11-07,42.5174,43.036,41.6878,42.9323,1147100
2000-11-08,41.4286,42.4137,41.1175,42.3101,1014800
2000-11-09,42.3101,42.4137,41.2212,41.5323,1562500
2000-11-10,42.2582,42.5693,41.8434,42.3101,602300
2000-11-13,41.1693,42.3101,40.8064,42.1804,1302800
2000-11-14,42.2582,42.3619,41.6878,41.6878,1672500
2000-11-15,42.0508,42.2063,41.1693,42.1285,1215400
2000-11-16,41.636,42.3101,41.5323,41.9471,800400
2000-11-17,39.873,41.8952,39.5101,41.6878,2010500
2000-11-20,38.4731,39.3027,35.9324,36.3991,7987100
2000-11-21,38.5768,38.9916,38.0064,38.3694,2547600
2000-11-22,38.9397,39.0434,37.6435,38.5768,2093200
2000-11-24,39.0434,39.1472,38.9397,38.9656,433500
2000-11-27,40.4953,40.9619,39.0953,39.1472,2608000
2000-11-28,41.3249,41.3767,39.9249,40.3397,1836600
2000-11-29,43.8656,44.1248,41.273,41.3249,3514000
2000-11-30,44.4878,44.7989,43.036,43.7618,3166100
2000-12-01,43.4507,44.747,43.2433,44.747,2517000
2000-12-04,43.9693,44.2285,42.9323,43.1396,1972100
2000-12-05,46.3026,46.3544,43.2433,44.0211,3304700
2000-12-06,45.8359,48.6358,45.8359,46.0951,6191400
2000-12-07,47.184,47.5988,45.0063,46.0433,2680300
2000-12-08,46.4063,48.1692,46.4063,47.2877,2212100
2000-12-11,47.2877,47.3914,46.7174,46.7174,1997600
2000-12-12,47.2877,47.4951,46.5618,47.1321,1288500
2000-12-13,46.9248,47.8062,46.9248,47.5988,710800
2000-12-14,45.9914,46.3544,44.4359,45.7322,1728400
2000-12-15,44.7989,45.9396,44.7989,45.6285,2562900
2000-12-18,47.1321,47.2877,45.1618,45.6285,2195500
2000-12-19,46.5618,48.7395,46.4063,47.1321,2344500
2000-12-20,47.7543,48.0655,45.5248,46.2507,1449500
2000-12-21,49.0506,49.1025,47.0284,47.7543,2301600
2000-12-22,49.6728,50.3469,49.0506,49.0506,2714100
2000-12-26,50.1395,50.2951,49.1543,49.7766,1812000
2000-12-27,50.5036,50.8167,49.7732,50.3471,2992400
2000-12-28,50.295,50.8167,49.8776,50.5558,1462200
2000-12-29,49.8776,50.7124,49.8254,50.295,1239000
2001-01-02,47.7776,49.5124,47.4906,49.408,1740800
2001-01-03,49.8384,50.295,47.2689,47.7906,3653600
2001-01-04,49.9297,51.1819,49.4602,49.9297,4519800
2001-01-05,49.408,49.9297,47.6863,49.9297,4009500
2001-01-08,48.3645,49.0428,48.1037,48.9124,1988400
2001-01-09,47.6341,48.9906,47.2689,48.3124,1646100
2001-01-10,47.5298,48.3124,46.3298,47.4254,1958100
2001-01-11,47.008,47.5298,45.5993,47.3733,2986600
2001-01-12,46.0167,47.0602,45.0776,47.0602,1646100
2001-01-16,47.0863,48.1037,45.3907,45.9124,2951900
2001-01-17,48.0515,48.6254,47.2689,47.3733,2864800
2001-01-18,47.2167,48.4167,47.1124,48.3124,1861500
2001-01-19,45.8081,47.7906,45.5993,47.6863,1976200
2001-01-22,46.7472,47.008,45.2342,45.8081,1814400
2001-01-23,47.6863,48.208,46.8515,46.9037,1931500
2001-01-24,47.6863,47.9472,47.2689,47.6863,1149600
2001-01-25,47.0602,48.7819,46.8515,47.895,1872300
2001-01-26,47.7906,47.895,46.7472,47.008,2480900
2001-01-29,48.1558,49.0428,47.3733,47.9994,1895800
2001-01-30,49.0428,49.095,47.9472,48.1037,2872200
2001-01-31,49.4602,49.5645,48.6254,48.9906,2088800
2001-02-01,48.7819,49.1472,48.6254,48.9385,2141900
2001-02-02,48.6776,49.1993,48.5211,48.8341,1254500
2001-02-05,48.3645,48.7298,47.6341,48.5211,1301900
2001-02-06,47.7906,48.5732,47.6341,48.3645,873800
2001-02-07,48.8341,48.9385,47.5819,47.8428,1284700
2001-02-08,48.4689,49.2515,48.208,49.095,1047300
2001-02-09,48.1558,48.5732,47.6341,48.5211,1064900
2001-02-12,49.2515,49.2515,47.8428,48.1558,1730500
2001-02-13,49.3559,49.6689,48.9385,49.1472,1763100
2001-02-14,48.7298,49.5645,48.6776,49.3037,1903800
2001-02-15,48.208,48.8863,47.6863,48.8341,1433400
2001-02-16,48.9906,48.9906,47.3733,47.3733,1851100
2001-02-20,48.1558,48.7819,47.3211,48.6776,1759800
2001-02-21,46.6428,47.7385,46.4341,47.6863,1469500
2001-02-22,45.3385,47.1124,44.8168,46.9558,2588800
2001-02-23,45.2342,45.495,44.6081,45.0254,1756000
2001-02-26,45.5472,45.8081,44.9733,45.4689,2006800
2001-02-27,46.0167,46.3298,45.3907,45.7037,2229100
2001-02-28,44.9211,46.4341,44.7646,46.2254,1386500
2001-03-01,45.5993,45.7037,44.2429,44.8168,1949300
2001-03-02,46.0167,46.4863,44.9733,45.0515,1708100
2001-03-05,45.5993,46.4863,44.7646,46.1211,1074600
2001-03-06,45.3385,46.4341,45.182,46.1211,1402100
2001-03-07,46.2254,46.3298,45.182,45.3907,870600
2001-03-08,46.6428,46.7472,45.5993,46.2776,993100
2001-03-09,45.6515,46.4341,45.182,46.4341,1359800
2001-03-12,43.3559,45.2863,43.095,45.2342,2303900
2001-03-13,44.9733,45.0776,42.8863,43.5124,1843500
2001-03-14,43.1994,44.1385,42.5733,43.8255,1695200
2001-03-15,44.295,44.3472,43.3559,43.5124,1437800
2001-03-16,44.1907,44.4515,42.3646,42.469,2903700
2001-03-19,43.669,43.982,42.5733,43.7733,1590800
2001-03-20,41.8429,43.7733,41.6342,43.6168,1660500
2001-03-21,39.9646,40.8516,39.5473,40.8516,4436300
2001-03-22,39.3907,40.0168,38.1386,39.9125,3725900
2001-03-23,41.3733,41.7386,39.3907,39.4429,3015500
2001-03-26,41.9472,42.469,41.4777,41.9472,1332000
2001-03-27,43.669,43.9298,41.2168,41.9472,2323300
2001-03-28,44.2806,44.8065,42.44,42.4663,1958600
2001-03-29,43.7021,44.0703,43.2288,44.044,1455200
2001-03-30,44.9643,45.1747,43.5444,43.9651,2412100
2001-04-02,45.1221,46.0161,44.228,44.7013,1600900
2001-04-03,43.8073,44.9117,43.334,44.491,1300200
2001-04-04,42.5451,43.6495,41.8089,43.597,1712600
2001-04-05,42.7555,43.2814,42.3348,43.2288,2307000
2001-04-06,42.1244,43.4918,41.1253,42.2822,2949600
2001-04-09,42.5767,42.9553,42.1139,42.3075,1244100
2001-04-10,43.3845,43.5948,42.8291,43.1068,1557600
2001-04-11,43.233,44.167,43.2078,43.4098,2565800
2001-04-12,43.3676,43.5359,42.9048,43.1994,1166500
2001-04-16,42.9385,43.9398,41.9877,43.0058,2004200
2001-04-17,42.9133,42.9133,41.8447,42.3663,2634000
2001-04-18,44.2175,44.5962,42.7029,43.0311,2875500
2001-04-19,44.8738,45.0084,43.5864,44.1754,1842100
2001-04-20,44.5877,44.9327,44.3437,44.3942,2385500
2001-04-23,43.5528,44.5962,43.5191,44.3521,1304300
2001-04-24,43.923,44.024,43.5444,43.6285,1394100
2001-04-25,43.8978,44.0156,42.9133,43.9146,1250100
2001-04-26,44.1586,44.3605,43.6369,43.8978,1578500
2001-04-27,45.3703,45.4039,44.1754,44.2091,1602500
2001-04-30,45.2357,45.7826,44.8486,45.3871,1866300
2001-05-01,45.3535,45.4376,44.6466,44.8065,1301200
2001-05-02,45.3955,45.5302,44.8486,45.303,1054900
2001-05-03,45.16,45.3451,44.411,45.3451,1167200
2001-05-04,45.5386,45.6059,44.3942,44.7477,1409900
2001-05-07,45.0505,45.6143,44.9327,45.4376,754100
2001-05-08,45.1431,45.2861,44.714,45.1179,803400
2001-05-09,45.2777,45.3535,44.8065,45.0001,1591000
2001-05-10,46.0602,46.1024,45.5217,45.5217,1547200
2001-05-11,45.9761,46.3211,45.7405,45.9256,2098800
2001-05-14,47.1289,47.1626,45.9172,46.0602,2150200
2001-05-15,47.5244,47.6337,46.7671,47.1205,2660200
2001-05-16,49.0053,49.0895,47.1794,47.3392,2042700
2001-05-17,48.492,49.3082,48.4163,49.0474,2202800
2001-05-18,48.6267,48.9296,48.2733,48.2733,1612100
2001-05-21,48.736,48.7613,48.0208,48.5004,1176400
2001-05-22,49.3335,49.8383,48.5089,48.5509,1503400
2001-05-23,49.5102,49.5943,48.8454,49.2746,1105900
2001-05-24,49.4344,49.7962,49.2914,49.5354,944400
2001-05-25,49.3082,49.5775,49.2073,49.426,946300
2001-05-29,49.4597,49.6027,49.1568,49.3082,1315000
2001-05-30,49.3082,49.771,49.1568,49.384,1751800
2001-05-31,49.5354,49.6195,49.1063,49.4681,1599000
2001-06-01,50.0319,50.1076,49.0137,49.527,2097900
2001-06-04,50.9743,50.9911,50.1244,50.1244,2770100
2001-06-05,51.3109,51.4202,50.4862,50.7976,2507000
2001-06-06,50.7302,51.2604,50.0739,51.2604,1470000
2001-06-07,50.6713,50.705,50.1076,50.6882,866900
2001-06-08,50.4274,50.5283,50.0739,50.4947,837800
2001-06-11,50.1497,50.7387,50.0655,50.4105,1326700
2001-06-12,50.1413,50.2338,49.3924,49.9309,1490700
2001-06-13,50.3011,50.6629,49.9056,50.1917,1000200
2001-06-14,49.9814,50.36,49.6027,49.9393,1148800
2001-06-15,50.0234,50.2002,49.628,49.8888,3895500
2001-06-18,49.6701,50.4442,49.6448,50.0487,1293700
2001-06-19,50.015,50.461,49.7795,49.872,1443900
2001-06-20,50.6882,51.1678,50.0234,50.1076,1665300
2001-06-21,52.7161,53.0106,50.4947,50.5283,5609000
2001-06-22,52.1439,52.6908,51.7063,52.5646,2246200
2001-06-25,51.9588,52.5225,51.4623,52.228,1611500
2001-06-26,51.9924,52.4384,51.3109,51.4791,1228400
2001-06-27,52.0972,53.3001,52.0041,52.3937,1605300
2001-06-28,52.1904,52.8596,52.0633,52.5208,1517400
2001-06-29,51.1231,52.2413,50.8774,52.2413,2059900
2001-07-02,51.8092,51.8177,50.9621,51.0384,1508200
2001-07-03,51.7753,52.1481,51.3941,51.8431,589500
2001-07-05,51.8516,52.1396,51.3603,51.6313,588600
2001-07-06,50.9028,51.7584,50.7419,51.7245,997000
2001-07-09,51.1146,51.3857,50.4877,50.9706,810000
2001-07-10,50.1235,51.1062,50.1065,51.0977,1332900
2001-07-11,50.4962,51.0807,49.7846,50.0727,1492300
2001-07-12,51.7415,51.8008,50.5301,50.547,1238900
2001-07-13,53.2324,53.5373,51.6737,51.7669,1873800
2001-07-16,51.1824,53.6983,51.0807,53.2324,3384100
2001-07-17,53.1815,53.1985,51.0553,51.1654,2722300
2001-07-18,53.1477,53.1561,52.1651,52.5801,1515800
2001-07-19,53.1477,53.5966,52.2243,53.2578,1706700
2001-07-20,53.0291,53.1053,52.5208,52.5632,1578600
2001-07-23,52.9698,53.6136,52.8342,53.0291,1370000
2001-07-24,51.7923,53.2917,51.6568,52.9613,1672900
2001-07-25,51.9786,52.1311,51.2756,51.7838,999000
2001-07-26,52.597,52.6563,51.7584,51.9194,800300
2001-07-27,52.7072,52.7495,52.1566,52.2751,861900
2001-07-30,52.6225,52.902,51.8854,52.7664,597400
2001-07-31,53.3849,54.1642,52.5547,52.7326,2468900
2001-08-01,53.4187,54.0795,53.1985,53.4357,959600
2001-08-02,53.8338,53.8931,53.2578,53.8508,809400
2001-08-03,53.6644,53.7491,53.0714,53.7067,589000
2001-08-06,52.9952,53.5373,52.8427,53.5289,739000
2001-08-07,53.4865,53.9609,52.8173,53.0799,1610200
2001-08-08,53.334,54.3082,53.19,53.2663,1127100
2001-08-09,53.4696,53.927,53.0714,53.3595,1451000
2001-08-10,53.2832,53.7321,53.0714,53.495,1471400
2001-08-13,54.1557,54.3167,53.207,53.2408,1348800
2001-08-14,53.9863,54.8419,53.8847,54.1303,1403800
2001-08-15,54.4692,54.8673,54.1218,54.1218,1565800
2001-08-16,54.52,54.5454,54.0965,54.3929,1339200
2001-08-17,53.8677,54.4692,53.7237,54.4353,1665100
2001-08-20,54.1811,54.3421,53.7067,53.7915,688600
2001-08-21,53.7491,54.2913,53.5628,54.1218,1378400
2001-08-22,54.5793,54.5878,53.5119,54.071,1373000
2001-08-23,53.2493,54.7063,53.0036,54.6301,1931600
2001-08-24,51.7838,53.4441,51.6822,53.2832,2016200
2001-08-27,50.1489,51.716,49.7169,51.7076,2926800
2001-08-28,50.2336,51.1146,50.1828,50.1912,2034000
2001-08-29,49.3102,50.6063,49.0815,50.4623,1686600
2001-08-30,49.2255,50.0557,48.9968,49.4289,1777400
2001-08-31,49.3865,50.4031,49.0731,49.09,1770400
2001-09-04,48.7935,49.8101,48.1921,49.5305,1408900
2001-09-05,48.5902,48.6665,47.489,48.4632,1827000
2001-09-06,47.3703,48.5817,47.2094,48.4801,1489400
2001-09-07,46.4216,47.6669,45.4898,46.6164,3855500
2001-09-10,46.4724,46.8113,45.4838,46.142,2239100
2001-09-17,45.3204,46.5063,44.0666,44.6257,3352400
2001-09-18,47.0823,47.6414,45.1594,45.2356,2651900
2001-09-19,47.1077,48.2005,45.5745,47.2094,2831900
2001-09-20,45.9557,46.9731,45.7524,46.6757,3149400
2001-09-21,45.6083,47.0485,42.94,42.9823,4297300
2001-09-24,47.8702,48.0311,46.3623,46.3792,3138900
2001-09-25,48.6918,48.9884,48.082,48.1582,3277900
2001-09-26,50.0596,50.6398,49.2831,49.36,2992600
2001-09-27,50.8787,51.1176,50.3412,50.435,2890800
2001-09-28,52.4572,52.551,50.9726,51.0664,3218000
2001-10-01,52.6449,52.6791,51.1006,52.0221,2171500
2001-10-02,53.592,53.6091,52.1927,52.7388,2416900
2001-10-03,53.0972,53.8139,52.005,53.2422,3356800
2001-10-04,51.1262,53.464,50.836,53.1569,3451600
2001-10-05,49.2746,51.3224,48.9248,51.3224,2836900
2001-10-08,46.5699,48.8992,46.2285,48.8992,4601900
2001-10-09,47.8241,47.9862,46.3651,46.9624,4561200
2001-10-10,48.6603,48.976,47.1842,47.4828,2294800
2001-10-11,47.9094,49.2661,47.6876,48.6859,1949300
2001-10-12,47.5169,47.6961,46.075,47.6876,2841500
2001-10-15,47.7217,47.7388,46.604,47.4743,2064300
2001-10-16,46.8599,48.447,45.819,48.174,5187700
2001-10-17,45.8105,47.0135,45.7337,46.877,6139700
2001-10-18,46.4589,46.8599,45.4777,46.0238,2146800
2001-10-19,46.6808,46.9538,45.7507,46.7576,2182800
2001-10-22,48.2593,48.3531,46.3139,46.3736,2180800
2001-10-23,47.9436,49.1381,47.5681,49.1381,2666500
2001-10-24,47.9777,48.2422,47.3378,48.2422,1878000
2001-10-25,48.4982,48.7115,46.7235,47.7388,1411300
2001-10-26,49.3173,49.7439,47.9948,48.72,1647100
2001-10-29,48.2763,49.0528,47.5938,48.959,1406600
2001-10-30,48.4555,48.831,47.3463,48.0801,1724700
2001-10-31,48.1398,49.0613,48.0204,48.3787,1198300
2001-11-01,49.2064,49.2405,47.5255,47.8838,1629500
2001-11-02,48.8395,49.3002,48.5485,48.9333,942000
2001-11-05,50.6569,51.1091,49.0613,49.1893,1943400
2001-11-06,51.3565,51.3992,50.2047,50.4009,1699900
2001-11-07,50.5801,51.493,50.4948,50.8531,2206400
2001-11-08,51.2968,51.7234,50.5801,50.9982,3115300
2001-11-09,51.3821,51.7234,50.7849,50.947,1273500
2001-11-12,51.4248,51.6978,50.5971,51.4419,1132600
2001-11-13,51.9367,52.0733,51.22,51.4675,996700
2001-11-14,51.6808,52.057,51.3224,51.7831,1172000
2001-11-15,51.7063,52.389,51.2798,51.5186,1343800
2001-11-16,51.1944,52.1501,50.7252,51.7405,1221500
2001-11-19,51.1944,52.0135,50.9299,51.5101,1661200
2001-11-20,51.0494,51.3821,50.5971,51.0664,737900
2001-11-21,50.6484,51.2968,50.4948,51.0152,626400
2001-11-23,51.1944,51.3821,50.674,50.836,539000
2001-11-26,51.7063,51.7063,51.0494,51.3651,1393600
2001-11-27,50.8105,51.4846,50.6484,51.4163,1389800
2001-11-28,50.6142,51.0323,50.2985,50.546,1220500
2001-11-29,51.5016,51.5101,50.4777,50.7166,1196400
2001-11-30,51.2712,51.5699,51.1006,51.5016,1848100
2001-12-03,50.563,51.0579,50.197,51.0152,1528500
2001-12-04,51.3565,51.476,50.6398,50.9811,1716400
2001-12-05,51.5613,52.133,51.5528,51.8429,2984700
2001-12-06,51.3651,51.8181,51.22,51.5101,1728600
2001-12-07,51.2712,51.4163,50.6398,51.2883,1358300
2001-12-10,50.7252,51.2883,50.6227,51.1262,823400
2001-12-11,50.8105,51.1432,50.4606,51.0323,1132700
2001-12-12,50.9555,51.1944,50.6398,50.8531,1243600
2001-12-13,50.1535,50.8702,49.9999,50.7337,1147300
2001-12-14,49.9658,50.2302,49.6586,50.034,1389700
2001-12-17,50.3071,50.563,49.6415,49.8122,1411800
2001-12-18,51.1859,51.1944,50.0169,50.3582,1542200
2001-12-19,51.5613,52.0221,50.9043,51.1006,1503500
2001-12-20,52.2524,52.6193,51.4333,51.5186,2148000
2001-12-21,53.2678,53.5835,51.9794,52.0477,4320800
2001-12-24,52.9009,53.3616,52.7644,53.1995,664200
2001-12-26,53.2252,53.6859,52.8241,52.9009,996700
2001-12-27,52.7047,53.1569,52.3548,53.1483,863400
2001-12-28,52.8753,52.9521,52.2012,52.7388,1341400
2001-12-31,52.3292,52.9009,52.3292,52.8241,1474100
2002-01-02,52.3207,52.3207,51.5186,52.1842,1389300
2002-01-03,52.4658,52.807,52.0903,52.2012,1176100
2002-01-04,52.8923,52.9009,52.2439,52.3804,1524200
2002-01-07,52.935,53.1142,52.5681,52.7303,951800
2002-01-08,52.662,52.9606,52.3036,52.9606,843100
2002-01-09,52.0306,52.8164,51.732,52.6705,1630400
2002-01-10,52.1159,52.2183,51.5272,51.8941,1173700
2002-01-11,51.7576,52.3548,51.5784,52.2354,871600
2002-01-14,51.2968,51.9538,51.2798,51.7576,1275200
2002-01-15,52.8582,52.9692,51.7405,51.8344,2152400
2002-01-16,52.6535,53.1654,52.1159,52.6791,1596600
2002-01-17,53.0204,53.063,52.6705,52.7729,1127200
2002-01-18,53.0886,53.5835,52.406,52.4316,1737100
2002-01-22,53.2422,53.575,53.0545,53.2038,1065300
2002-01-23,53.2934,53.6091,53.0289,53.174,1778500
2002-01-24,53.592,54.4879,52.9863,53.174,2840600
2002-01-25,54.0443,54.3088,53.3446,53.5835,1580300
2002-01-28,53.6774,54.1808,53.3105,54.1381,736000
2002-01-29,52.3719,54.1125,51.8855,53.9419,2311900
2002-01-30,53.5494,53.6176,51.5101,52.3804,2365000
2002-01-31,53.9675,53.976,52.9094,53.4555,2124400
2002-02-01,54.1381,54.5647,53.5835,53.6774,2084200
2002-02-04,52.9094,54.3941,52.6449,54.121,1613400
2002-02-05,52.9436,53.3361,52.406,52.8582,1628800
2002-02-06,52.4231,53.0374,51.9794,52.935,1330400
2002-02-07,52.1842,53.2849,52.0733,52.6364,1541300
2002-02-08,53.0118,53.1142,51.9879,52.1842,1633100
2002-02-11,53.046,53.2081,52.5255,53.1825,1864200
2002-02-12,53.2166,53.3702,52.4316,52.4402,1363300
2002-02-13,53.8907,53.9077,53.1057,53.191,1125600
2002-02-14,54.1808,54.2832,53.4897,53.848,1203200
2002-02-15,53.5835,54.1722,53.1142,54.1722,2399900
2002-02-19,52.3122,53.5408,51.8344,53.4726,1616600
2002-02-20,52.2866,52.6961,51.4675,52.6876,1795600
2002-02-21,52.1927,53.0204,52.1244,52.4316,1550100
2002-02-22,52.3378,52.6449,51.7831,52.0818,1576400
2002-02-25,53.592,53.7456,52.406,52.5681,1629300
2002-02-26,54.0613,54.6927,53.592,53.7798,2745600
2002-02-27,54.1893,55.034,53.8309,54.4367,1808700
2002-02-28,54.4026,54.9743,54.2661,54.4367,1811600
2002-03-01,55.4862,55.5716,54.2319,54.3941,1839200
2002-03-04,56.5955,56.6808,55.3753,55.3838,2454000
2002-03-05,57.0135,57.7985,56.348,56.3736,3131900
2002-03-06,57.7217,57.8156,56.7405,57.0733,2429600
2002-03-07,57.0135,58.0886,56.1688,57.6108,2555500
2002-03-08,56.7319,57.3719,56.4589,57.0135,2050800
2002-03-11,57.662,57.935,56.3907,56.6893,1608800
2002-03-12,58.0204,58.0374,56.8002,57.2268,1463000
2002-03-13,57.935,57.9948,57.4231,57.9521,1600200
2002-03-14,57.9948,58.0289,57.3634,57.7985,1495100
2002-03-15,58.9845,59.4623,58.1227,58.2934,3527000
2002-03-18,58.6688,59.1296,58.5408,58.5494,1433000
2002-03-19,59.2149,59.4026,58.848,58.8992,1474200
2002-03-20,58.7456,59.249,58.3361,58.9589,1909300
2002-03-21,58.063,58.6518,57.7729,58.6432,1760200
2002-03-22,58.0715,58.6688,57.6193,58.0459,1068100
2002-03-25,57.5425,58.1398,57.406,58.0715,1400500
2002-03-26,57.5255,58.1142,57.2183,57.406,2147000
2002-03-27,58.0801,58.5579,57.2012,57.3805,2265800
2002-03-28,57.5767,58.4043,57.0477,57.4999,1655400
2002-04-01,57.0818,57.1671,56.5784,56.8429,1854600
2002-04-02,57.1756,57.4402,56.6125,57.0391,1499300
2002-04-03,56.4248,57.2354,56.075,57.1671,1937800
2002-04-04,56.5442,56.8685,56.1859,56.3992,1692000
2002-04-05,56.9538,57.1415,56.7405,57.0391,1113500
2002-04-08,57.0477,57.2525,55.7166,55.8446,1262700
2002-04-09,57.8326,58.063,56.7832,56.86,1874500
2002-04-10,59.0528,59.1296,57.645,57.8582,2230900
2002-04-11,58.6262,59.1722,58.3361,59.0272,2286000
2002-04-12,59.1722,59.1893,58.4384,58.8395,2445900
2002-04-15,58.575,59.4709,58.4043,59.2917,1387100
2002-04-16,58.5579,59.0869,58.319,59.0186,1978000
2002-04-17,58.7883,58.9077,57.703,58.5408,2040400
2002-04-18,58.4981,59.249,57.9086,58.7797,1586000
2002-04-19,58.4043,58.7712,57.4214,58.72,1505400
2002-04-22,58.0289,58.7627,57.9777,58.2678,1243000
2002-04-23,57.8497,58.6774,57.5852,58.1142,3076300
2002-04-24,58.4214,58.9248,57.9265,57.935,2546400
2002-04-25,57.9862,58.575,57.4743,58.319,2925900
2002-04-26,57.662,58.5238,57.6364,58.0289,1243900
2002-04-29,57.662,58.063,57.278,57.5937,1652000
2002-04-30,58.5238,58.6944,57.3377,57.5852,1940800
2002-05-01,58.5323,58.8566,57.8924,58.2763,1763100
2002-05-02,58.848,59.0272,58.464,58.6518,1543900
2002-05-03,58.8224,58.9504,58.1825,58.8736,1772500
2002-05-06,57.7217,59.104,57.6108,58.5238,1287600
2002-05-07,57.7217,58.319,57.5937,57.79,1110600
2002-05-08,58.1995,58.3361,57.7729,57.8241,1407900
2002-05-09,57.1842,58.1484,57.1756,58.0289,1188400
2002-05-10,56.5101,57.6364,56.476,57.6364,1581400
2002-05-13,57.2525,57.3377,56.4675,56.6808,1375200
2002-05-14,57.8497,57.935,57.1927,57.935,1337600
2002-05-15,57.7473,58.2763,57.4487,57.8412,1614400
2002-05-16,57.7047,57.9692,57.4743,57.8241,1502400
2002-05-17,57.5255,57.8839,57.4657,57.5084,1949000
2002-05-20,55.8787,57.389,55.6142,57.2268,3157800
2002-05-21,56.1944,56.6466,55.9384,56.0323,2109800
2002-05-22,56.4504,56.604,55.7251,56.1859,1444000
2002-05-23,56.3395,56.8429,55.7251,56.5272,1704900
2002-05-24,55.964,56.5528,55.9043,56.1432,1146200
2002-05-28,55.3582,56.0067,54.9743,55.9896,1348800
2002-05-29,55.2047,55.7149,54.505,55.2814,1242700
2002-05-30,55.4606,55.5971,54.7439,54.8633,2914300
2002-05-31,55.6057,55.6569,55.2473,55.4692,2912000
2002-06-03,54.7439,55.7669,54.7354,55.6057,1919700
2002-06-04,54.5732,54.9572,53.9077,54.8633,2587900
2002-06-05,55.2047,55.4009,54.6159,54.7354,1408300
2002-06-06,54.2405,55.4179,53.9419,55.4009,1859800
2002-06-07,54.7183,54.7183,53.8758,54.0954,2226000
2002-06-10,54.761,55.1449,54.5647,54.8122,1370300
2002-06-11,54.4453,55.6398,54.4282,54.9487,2188000
2002-06-12,54.3173,54.761,53.976,54.7012,2332100
2002-06-13,53.7712,54.3779,53.592,54.0101,2062800
2002-06-14,54.3173,54.6927,53.2849,53.6006,1804100
2002-06-17,56.3907,56.4419,54.3429,54.3941,2207400
2002-06-18,56.7149,56.8429,55.8873,56.3139,1663500
2002-06-19,55.7422,56.5186,55.7251,56.3992,2048800
2002-06-20,55.3924,56.2286,55.3582,55.6654,2331900
2002-06-21,55.307,55.5289,54.6927,54.6927,3245500
2002-06-24,55.0255,55.4606,54.2234,55.3497,2138100
2002-06-25,55.3753,55.8438,54.9743,55.7508,2291400
2002-06-26,55.3874,55.8,54.5795,54.7084,3414000
2002-06-27,56.7283,56.8916,55.525,55.5679,2931700
2002-06-28,57.287,57.7683,56.6767,56.6939,3273900
2002-07-01,57.201,57.7167,56.9002,57.3471,2171400
2002-07-02,56.5908,57.648,56.4275,57.3987,3294500
2002-07-03,56.3329,56.8228,55.6539,56.2555,2449800
2002-07-05,57.8113,57.8714,56.0836,56.4188,1044700
2002-07-08,58.5247,58.6708,57.6737,57.7511,2397000
2002-07-09,57.3729,58.9114,57.2698,58.7481,2575800
2002-07-10,57.0892,58.0519,56.9861,57.7597,2949400
2002-07-11,56.2899,57.7167,55.8258,56.9002,3670400
2002-07-12,54.6912,56.7283,53.9692,56.5908,3741300
2002-07-15,53.9005,54.3302,50.9695,54.3302,3407000
2002-07-16,55.1124,55.5507,53.4621,53.5824,3958700
2002-07-17,56.0836,56.4188,54.9181,55.2929,3460900
2002-07-18,53.3933,55.9891,53.3418,55.7828,5107500
2002-07-19,51.6485,53.2043,51.5282,53.0238,5940600
2002-07-22,52.3275,53.5739,51.1328,51.7001,5590909
2002-07-23,50.4366,52.6885,49.5942,52.3447,5707449
2002-07-24,53.4965,53.9606,47.497,50.1529,6454854
2002-07-25,53.3761,54.1497,50.7116,53.2902,5105700
2002-07-26,54.0208,54.081,52.5596,53.2902,2645300
2002-07-29,56.5478,56.5994,54.4763,54.5021,3521900
2002-07-30,55.4906,56.3587,54.8459,56.3071,3327257
2002-07-31,56.7884,56.8486,55.2267,55.4046,3219190
2002-08-01,55.2327,56.7369,54.7686,56.7283,2779700
2002-08-02,54.0551,55.6195,53.2043,55.4304,3391113
2002-08-05,52.3189,54.0638,52.147,54.0551,3269890
2002-08-06,54.081,55.164,52.5768,52.6112,3077800
2002-08-07,55.1296,55.353,54.081,54.8803,2477564
2002-08-08,56.4275,56.5048,54.674,55.1811,5009900
2002-08-09,56.522,56.8486,55.2671,56.2469,2726368
2002-08-12,56.0234,56.3845,55.0866,55.6968,1908329
2002-08-13,54.7514,56.3673,54.6397,55.6367,2238796
2002-08-14,56.8314,56.8916,54.0638,54.7428,2806343
2002-08-15,57.1752,57.2182,56.1954,56.7111,2888290
2002-08-16,57.5276,58.1379,56.436,56.4446,3604249
2002-08-19,58.2152,58.2238,57.4589,57.4674,1542782
2002-08-20,57.3901,57.9995,56.9431,57.9574,1935158
2002-08-21,57.6222,58.0949,56.6767,57.3901,1810015
2002-08-22,57.9917,58.0777,57.1924,57.6308,1234100
2002-08-23,56.4704,57.7597,56.075,57.5792,1720600
2002-08-26,57.8027,57.9316,56.6337,56.883,1837300
2002-08-27,57.6136,58.5247,57.2096,57.9316,2088600
2002-08-28,56.7626,57.5792,56.3587,57.4073,1923519
2002-08-29,57.287,57.7511,55.439,56.3415,2770616
2002-08-30,57.605,58.3699,56.9775,57.3385,1899909
2002-09-03,55.6539,57.158,55.4132,57.1494,2252700
2002-09-04,56.4275,56.4704,55.0092,55.7656,2233392
2002-09-05,57.4589,57.4933,55.4218,56.2813,3205700
2002-09-06,57.2784,58.2754,57.0377,57.519,2522300
2002-09-09,57.7081,58.0949,56.6337,57.2698,1898683
2002-09-10,56.4618,57.5964,55.9031,57.5878,4293466
2002-09-11,54.2013,56.687,53.9434,56.4704,5209100
2002-09-12,52.7659,54.2958,52.5252,54.0551,5402342
2002-09-13,53.1956,53.4191,51.786,52.5166,4648309
2002-09-16,53.6512,53.6769,52.6112,53.1698,2760900
2002-09-17,54.0294,54.8115,53.7199,53.9348,3491814
2002-09-18,53.5996,54.2013,52.869,53.2816,2810324
2002-09-19,52.4307,53.8489,52.3447,53.2558,2798951
2002-09-20,52.8862,53.2043,52.4049,52.8604,4622900
2002-09-23,52.6885,52.998,51.511,52.826,2848883
2002-09-24,51.6657,53.1604,51.5282,52.0439,2766530
2002-09-25,53.0839,53.5051,51.468,51.829,2457422
2002-09-26,54.4666,54.6227,53.486,53.6689,2312800
2002-09-27,53.6863,55.0388,53.4782,54.2239,2476400
2002-09-30,53.088,53.7123,52.5678,53.2701,3762300
2002-10-01,55.5764,55.6223,52.8019,53.0273,3788950
2002-10-02,53.4955,55.2729,53.1054,55.2643,4807102
2002-10-03,51.2412,53.1314,50.9725,52.958,6509151
2002-10-04,49.828,51.5274,48.3714,50.8077,6775074
2002-10-07,48.4321,50.669,48.0506,49.1344,6107000
2002-10-08,50.3491,51.9435,48.7269,48.7355,5077560
2002-10-09,49.1171,50.2702,48.9436,50.1054,3765900
2002-10-10,51.1459,51.6314,49.0043,49.0477,3525847
2002-10-11,53.2606,54.0678,51.2933,51.3019,3588963
2002-10-14,53.9724,54.5793,52.6545,53.0707,2292144
2002-10-15,56.348,56.4868,55.3423,55.3423,5466202
2002-10-16,55.7671,56.3568,55.2383,55.4463,2840451
2002-10-17,57.0763,57.6313,56.2961,56.6168,2602075
2002-10-18,56.9897,57.5619,56.3134,56.7122,2121622
2002-10-21,57.2931,57.444,56.0273,56.8162,1817444
2002-10-22,56.322,56.9377,56.0359,56.9377,1871553
2002-10-23,56.6272,56.7816,55.2036,56.2527,2175247
2002-10-24,55.4637,57.2151,55.1603,56.8683,2113309
2002-10-25,56.981,57.1804,54.8221,55.2816,1631175
2002-10-28,55.8798,57.3937,55.4724,57.1631,2102062
2002-10-29,55.0128,55.8625,54.2932,55.7064,2243454
2002-10-30,55.6891,56.0186,54.9782,54.9782,1402319
2002-10-31,55.0562,56.4434,54.7007,55.6891,2225500
2002-11-01,56.8509,56.8683,54.3625,55.0302,2059500
2002-11-04,55.1429,57.4405,55.0302,57.2238,2615200
2002-11-05,55.8798,56.14,54.9695,55.0475,2166356
2002-11-06,54.9695,56.5821,54.1978,56.5301,2455600
2002-11-07,53.5476,54.7007,53.1487,54.6573,2645002
2002-11-08,52.5418,53.6689,51.8308,53.5822,4099700
2002-11-11,52.0736,53.0967,51.9349,52.5938,1547437
2002-11-12,52.7239,53.3048,52.2817,52.377,1519551
2002-11-13,52.9753,53.9464,51.7788,52.6285,2844967
2002-11-14,54.2152,54.3279,53.4348,53.4348,1635701
2002-11-15,49.7846,51.3626,48.0333,49.7673,19614298
2002-11-18,49.1777,50.6248,49.091,50.0361,3813400
2002-11-19,49.828,50.539,49.0477,49.143,3651200
2002-11-20,49.9841,50.3309,49.5072,49.8367,3052083
2002-11-21,50.4262,50.9378,50.0795,50.0795,2807700
2002-11-22,49.5332,50.5043,49.5245,50.4349,2611300
2002-11-25,50.0534,50.3049,49.3598,49.5939,1896500
2002-11-26,48.8136,49.7066,48.8136,49.4898,1883677
2002-11-27,49.2384,49.6806,49.0303,49.0303,2096070
2002-11-29,48.5535,49.4985,48.172,49.3945,1129629
2002-12-02,50.1054,50.669,49.6806,50.1488,2862893
2002-12-03,48.987,49.854,48.987,49.854,2302027
2002-12-04,50.2008,50.7644,48.7876,48.8483,2197934
2002-12-05,49.7153,50.8424,49.3598,50.2442,1591733
2002-12-06,50.539,50.9031,49.2038,49.3425,1884593
2002-12-09,49.5939,50.5563,49.4985,50.4523,1751786
2002-12-10,51.7615,51.7702,49.9407,49.9494,3287940
2002-12-11,52.4118,53.1834,51.7875,51.8568,3814014
2002-12-12,51.7615,53.0187,51.6574,52.8886,2002460
2002-12-13,51.6834,51.9349,50.9898,51.4667,1578519
2002-12-16,51.9002,52.4031,51.432,51.5014,2524799
2002-12-17,51.3193,51.7441,50.9465,51.6314,2744724
2002-12-18,50.6343,51.3106,49.9841,51.2412,2618388
2002-12-19,50.4349,51.4225,50.0274,50.6343,2393321
2002-12-20,50.5737,51.1199,49.5072,50.5216,3542916
2002-12-23,51.1459,51.2066,50.0708,50.5737,1648414
2002-12-24,51.0939,51.3106,50.8858,51.0678,614532
2002-12-26,51.51,52.0736,51.0678,51.0678,1057268
2002-12-27,50.6604,51.5274,50.6517,51.1372,1116762
2002-12-30,50.9465,51.1719,50.3222,50.7731,1369895
2002-12-31,50.7644,51.1285,50.0621,50.9465,1349629
2003-01-02,52.4118,52.4204,50.8945,50.9118,2113468
2003-01-03,52.1776,52.4204,50.9378,52.2644,1368290
2003-01-06,53.5042,53.6256,52.0649,52.1603,1950404
2003-01-07,52.9146,53.7123,52.8973,53.3221,1713529
2003-01-08,52.7846,53.3481,52.3857,53.0447,1656739
2003-01-09,53.5822,53.8337,52.7846,52.7846,1499538
2003-01-10,52.7412,53.6863,52.5851,53.1487,1727391
2003-01-13,52.9666,53.8857,52.8158,52.9493,1656485
2003-01-14,53.6689,53.7036,52.5071,52.9666,1170256
2003-01-15,51.51,53.5909,50.5043,53.5909,5735684
2003-01-16,50.1835,51.562,49.958,51.5187,3863102
2003-01-17,50.4262,50.643,49.6893,50.1141,1781347
2003-01-21,49.5072,50.6343,49.4786,50.4262,1848454
2003-01-22,48.9783,49.4283,48.5179,49.2818,2872685
2003-01-23,49.013,49.4898,48.6922,48.9783,2130294
2003-01-24,48.1373,49.039,48.0333,48.9436,1955910
2003-01-27,47.2703,48.9436,47.0795,47.9466,2471037
2003-01-28,47.9292,48.1806,47.1836,47.5044,2078119
2003-01-29,47.5139,48.1373,46.6633,47.9292,1871454
2003-01-30,46.724,47.8859,46.6894,47.5217,2407818
2003-01-31,46.2559,47.1229,46.0738,46.1692,4195250
2003-02-03,45.2674,46.2559,44.7559,46.2559,6921255
2003-02-04,45.4928,45.6403,44.5825,45.2674,3800295
2003-02-05,45.1547,45.9524,44.8426,45.4842,2522845
2003-02-06,45.6489,46.0824,45.0073,45.1547,2420886
2003-02-07,45.6056,46.2385,45.2154,45.7703,2053178
2003-02-10,45.9004,46.0391,45.2241,45.6056,1771756
2003-02-11,45.5189,46.2645,45.3455,46.0477,1981409
2003-02-12,45.3281,45.857,45.1634,45.5189,1745475
2003-02-13,45.5536,45.805,44.8166,45.3455,1548134
2003-02-14,46.3339,46.542,45.2588,45.3975,1590350
2003-02-18,46.5766,46.8974,46.4552,46.6287,1411847
2003-02-19,46.4379,46.62,46.0131,46.4639,1148519
2003-02-20,46.2992,46.8194,46.0651,46.568,1302512
2003-02-21,47.2789,47.5044,46.0391,46.698,2274539
2003-02-24,46.5333,47.0969,46.5073,46.9928,1839960
2003-02-25,46.4119,46.5593,45.6143,46.2992,1812949
2003-02-26,45.544,46.4119,45.4322,46.4119,1486010
2003-02-27,46.2905,46.3772,45.4235,45.8744,3674720
2003-02-28,46.0477,46.62,45.8136,46.2905,3476032
2003-03-03,45.883,46.7934,45.6403,46.2992,1813958
2003-03-04,45.8657,46.1085,45.6143,45.8223,1782416
2003-03-05,45.5449,46.0824,45.2328,45.6143,3203440
2003-03-06,44.175,45.4668,44.0883,45.3801,2750247
2003-03-07,45.0593,45.172,43.6461,43.6548,2979269
2003-03-10,43.9582,44.7732,43.7683,44.6605,1844830
2003-03-11,43.9669,44.4871,43.6981,43.7761,2582398
2003-03-12,42.1635,43.4293,40.7936,43.3947,7588137
2003-03-13,43.1779,43.3513,42.1635,42.1635,3499288
2003-03-14,43.5074,43.9149,42.779,43.386,2913128
2003-03-17,44.7386,44.8339,43.1606,43.2646,3140425
2003-03-18,44.9987,45.2934,44.4092,44.9119,2370720
2003-03-19,46.2905,46.3426,44.7125,44.8686,3082373
2003-03-20,45.9957,46.2732,45.1981,46.0564,3254924
2003-03-21,47.1055,47.357,45.5449,46.5333,2678609
2003-03-24,45.0333,46.62,45.0247,46.1085,2612877
2003-03-25,45.5969,45.6836,44.8686,45.3628,2831593
2003-03-26,44.9119,45.4668,44.7646,45.094,1942877
2003-03-27,46.4918,47.7445,44.7572,44.985,6377130
2003-03-28,45.0814,46.2816,44.9061,45.9399,3699466
2003-03-31,44.0047,44.6871,43.8899,44.6784,3217563
2003-04-01,43.7314,44.2404,43.2416,44.1703,3922341
2003-04-02,44.1011,44.5995,43.741,44.0213,2929444
2003-04-03,42.9701,44.2141,42.9701,44.0914,2565136
2003-04-04,43.487,43.6271,42.9963,43.1891,2122573
2003-04-07,43.2767,44.8536,42.9613,44.4594,2311974
2003-04-08,42.935,43.3906,42.7248,43.1015,3002404
2003-04-09,41.8671,43.3643,41.8312,43.3118,3361017
2003-04-10,42.5846,42.9088,42.1291,42.2605,3005499
2003-04-11,42.6372,43.4519,42.5505,43.0664,2151984
2003-04-14,43.7498,43.8023,42.6196,42.9438,2467857
2003-04-15,43.7936,43.8987,42.5408,43.2329,4318171
2003-04-16,42.7073,43.8111,42.646,43.6184,2492561
2003-04-17,43.3118,43.4957,42.3393,42.6635,2818487
2003-04-21,43.119,43.7936,43.0051,43.6096,1882115
2003-04-22,43.1453,43.1453,42.3218,42.9263,2879106
2003-04-23,42.7248,43.0577,42.4883,42.8124,2767390
2003-04-24,41.8137,42.7598,41.3844,42.5759,2819744
2003-04-25,42.6372,42.8387,41.8926,41.9013,3321083
2003-04-28,43.5833,43.8637,42.5671,42.6196,2605749
2003-04-29,43.4353,44.0038,42.6635,43.5395,3602254
2003-04-30,43.119,43.6622,42.9789,43.2416,2169412
2003-05-01,42.6985,43.119,42.0503,42.9263,2590031
2003-05-02,44.2754,44.5207,42.5233,42.5321,2588996
2003-05-05,43.8286,44.4856,43.6972,44.4068,2411284
2003-05-06,45.2741,45.5019,43.9775,44.2579,3417180
2003-05-07,44.7309,45.0726,44.363,44.7134,2446789
2003-05-08,44.4156,44.7835,43.8023,44.4156,2607826
2003-05-09,44.5733,44.9587,44.0213,44.4068,1425068
2003-05-12,44.8974,45.0113,44.2404,44.6784,2779835
2003-05-13,45.1164,45.4493,44.6346,44.8098,2016047
2003-05-14,45.2128,45.3004,44.6784,44.9762,2391812
2003-05-15,45.3792,45.5895,45.1427,45.3442,2754376
2003-05-16,45.9662,46.7021,45.4843,45.5019,3105379
2003-05-19,45.5544,46.229,45.4055,45.9487,1995300
2003-05-20,45.6333,45.9749,45.4055,45.4668,2461145
2003-05-21,45.7559,45.9749,45.3705,45.4756,1644652
2003-05-22,45.0551,45.9837,44.8974,45.826,2306685
2003-05-23,45.642,45.8961,44.8448,45.0989,2313628
2003-05-27,47.105,47.2365,45.2478,45.5544,2567390
2003-05-28,48.4279,48.4454,46.5268,46.9824,4362860
2003-05-29,48.9535,49.0323,48.4016,48.4279,5112415
2003-05-30,50.2851,50.5129,48.9623,49.0674,3261077
2003-06-02,50.2938,50.6881,49.5405,50.653,3445730
2003-06-03,50.6618,51.0998,50.0135,50.3026,2999550
2003-06-04,51.678,51.6885,50.5041,51.678,2315214
2003-06-05,51.827,52.081,51.2838,51.3013,2502044
2003-06-06,50.8633,52.2562,50.4691,51.9233,5306024
2003-06-09,50.9684,51.1086,50.2413,50.653,3089134
2003-06-10,51.1787,51.5466,50.7056,51.1112,2284190
2003-06-11,52.1248,52.1248,50.7231,51.0823,2936903
2003-06-12,51.9233,52.335,51.5378,52.2037,2109535
2003-06-13,51.2926,52.4752,50.9246,52.046,1883126
2003-06-16,52.554,52.5628,51.3714,51.4678,1922331
2003-06-17,52.7205,52.9921,51.7043,52.554,2415645
2003-06-18,52.6942,52.9746,52.0022,52.6504,2011465
2003-06-19,51.7481,52.9746,51.7437,52.6154,2788406
2003-06-20,52.1861,52.4314,51.4239,52.3438,2745879
2003-06-23,51.678,51.9584,51.275,51.6692,2337559
2003-06-24,51.494,52.0897,51.3364,51.6868,1937989
2003-06-25,50.9158,52.3175,50.8633,51.2137,2174096
2003-06-26,51.7685,52.1757,50.9277,51.1136,1500351
2003-06-27,51.3348,51.7951,51.2463,51.6358,1559356
2003-06-30,50.8215,51.7774,50.6799,51.326,1918724
2003-07-01,51.1755,51.4411,49.5204,50.7153,2154755
2003-07-02,51.087,51.503,50.733,51.1667,1952555
2003-07-03,50.9543,51.8128,50.6887,50.9543,1125696
2003-07-07,51.9633,52.3793,51.2994,51.3526,1570354
2003-07-08,51.4056,51.9456,51.1578,51.2906,1803717
2003-07-09,50.4675,51.3703,50.4241,51.2287,2431673
2003-07-10,50.2639,50.671,49.662,50.1842,2086937
2003-07-11,50.0603,50.7153,49.8479,50.5294,1461526
2003-07-14,51.0162,51.9986,50.4498,50.6179,2541461
2003-07-15,51.3703,52.0341,50.8923,51.3703,2455709
2003-07-16,49.7771,51.2463,49.3877,51.1136,2721767
2003-07-17,48.9097,49.6974,48.8566,49.5293,2548171
2003-07-18,49.4585,49.5735,48.7858,49.4762,1294940
2003-07-21,48.3787,49.4762,48.2902,49.3877,1562511
2003-07-22,49.2018,49.8922,48.5026,48.5026,1903823
2003-07-23,49.4319,49.609,48.9009,49.0779,1066479
2003-07-24,48.6707,50.1842,48.6088,49.8745,2167080
2003-07-25,50.0072,50.1488,48.6353,48.6442,1690503
2003-07-28,49.3877,49.7063,48.8566,49.5824,1170541
2003-07-29,48.8832,49.7948,48.7593,49.5735,1640277
2003-07-30,48.892,49.547,48.5646,49.3788,1572646
2003-07-31,48.6885,49.901,48.6176,49.0779,2000448
2003-08-01,47.9715,48.6885,47.6618,48.4318,1793282
2003-08-04,47.7591,48.06,46.6881,48.06,2040536
2003-08-05,46.7058,48.0246,46.5377,47.9627,2335996
2003-08-06,46.9714,47.6618,46.4669,47.1661,1988328
2003-08-07,47.6795,47.8122,46.6704,47.0422,1686546
2003-08-08,47.8919,47.9804,47.529,47.706,1117441
2003-08-11,46.9448,48.1839,46.697,48.0158,1666757
2003-08-12,48.1397,48.2193,47.1749,47.529,1924074
2003-08-13,48.6796,48.7593,48.1839,48.2459,2005273
2003-08-14,49.5116,49.5204,48.2105,48.5911,1887204
2003-08-15,49.547,49.5647,48.4636,49.4673,779921
2003-08-18,49.7063,50.0603,49.5647,49.6001,1260992
2003-08-19,49.9895,50.0515,49.5116,49.8568,1244246
2003-08-20,50.078,50.5648,49.7151,50.0161,1269318
2003-08-21,50.9543,51.4588,49.9453,50.0161,2563756
2003-08-22,50.4852,51.3083,49.9984,50.671,2972760
2003-08-25,51.1047,51.149,50.2285,50.3613,2297569
2003-08-26,51.7774,51.7774,50.7064,51.0959,1997380
2003-08-27,51.4499,51.5738,51.2109,51.5561,1360079
2003-08-28,51.6535,51.7331,50.9808,51.0428,1106876
2003-08-29,51.8659,52.0164,51.2198,51.3968,952936
2003-09-02,52.4235,52.6094,51.3968,51.7597,1766570
2003-09-03,52.0695,52.273,51.7863,52.1314,1380589
2003-09-04,51.981,52.3527,51.7863,51.9898,1335160
2003-09-05,51.8394,52.1491,51.5207,51.7685,1646350
2003-09-08,51.7951,52.3881,51.6004,51.6004,1796041
2003-09-09,52.0695,52.0695,51.1578,51.4499,2620517
2003-09-10,51.5473,51.742,51.264,51.3348,4311937
2003-09-11,51.9633,52.1314,51.5119,51.5561,2186268
2003-09-12,52.1049,52.2199,51.4765,52.0783,1837037
2003-09-15,51.5561,52.3527,51.1578,52.2199,2092427
2003-09-16,51.5561,51.742,51.2021,51.3791,2180743
2003-09-17,50.9188,51.6623,50.9012,51.5561,2496100
2003-09-18,51.4411,51.6889,50.9012,50.9366,2197024
2003-09-19,51.6447,52.0075,51.2198,51.2198,2576273
2003-09-22,51.149,51.503,51.0074,51.3791,1893823
2003-09-23,51.0959,51.4145,50.8746,51.0251,1818285
2003-09-24,50.0692,51.0074,50.0426,50.9808,2258819
2003-09-25,50.1488,50.6445,49.5647,50.0869,2333105
2003-09-26,50.5709,51.2417,50.3562,50.4367,1606921
2003-09-29,50.6514,50.7497,50.3204,50.3562,1604797
2003-09-30,49.6765,50.714,49.426,50.4457,2404691
2003-10-01,51.4027,51.6978,49.6138,49.7748,2708575
2003-10-02,51.3222,51.6978,50.5798,51.6978,1389042
2003-10-03,52.1272,52.7712,51.7515,51.7694,2052720
2003-10-06,52.4492,52.7712,51.6978,52.0556,1123267
2003-10-07,52.8695,52.8785,51.9617,52.4939,1615364
2003-10-08,52.3508,52.9858,52.0449,52.8785,1254834
2003-10-09,52.8964,53.5404,52.5476,52.8338,1839484
2003-10-10,52.95,53.1826,52.637,52.8964,1269597
2003-10-13,53.6656,53.6745,52.95,53.111,1420725
2003-10-14,52.1093,52.8606,51.0718,52.4313,5817840
2003-10-15,51.0091,52.3687,50.9286,52.3687,3460021
2003-10-16,50.8571,51.2506,50.4904,50.9913,2190448
2003-10-17,50.1326,50.9107,49.9806,50.7945,2218574
2003-10-20,50.1863,50.2757,49.7927,50.1684,1104043
2003-10-21,50.1863,50.6156,50.0968,50.3115,1087050
2003-10-22,49.9716,50.1415,49.6317,49.9537,1094086
2003-10-23,50.4367,50.5351,49.9627,49.9985,966725
2003-10-24,50.7319,50.7676,49.9985,50.3473,1203316
2003-10-27,51.2775,51.519,50.7319,50.9555,2153748
2003-10-28,51.5726,51.7515,50.8303,51.1433,1737606
2003-10-29,51.1433,51.6352,50.9823,51.51,2200030
2003-10-30,51.8141,51.8678,51.1523,51.6263,1333961
2003-10-31,52.0288,52.3776,51.6621,52.0288,1511769
2003-11-03,52.1093,52.3239,51.6621,51.7426,1178625
2003-11-04,52.5207,52.7622,51.51,51.832,1795052
2003-11-05,52.2524,52.5476,52.1719,52.4849,1840487
2003-11-06,52.6639,52.7801,51.841,52.306,1500721
2003-11-07,52.467,52.9232,52.3329,52.5028,2015252
2003-11-10,52.4402,52.8874,52.2345,52.4134,1153636
2003-11-11,51.8588,52.5386,51.7426,52.3597,1207798
2003-11-12,51.9304,52.1272,51.7426,52.1272,1658234
2003-11-13,51.9483,52.3239,51.5726,51.7784,1338124
2003-11-14,51.9304,52.4402,51.7873,51.9394,1253500
2003-11-17,51.9215,52.1003,51.6531,51.6531,1485597
2003-11-18,51.188,52.1451,51.036,51.8678,1585124
2003-11-19,51.4027,51.5816,50.9823,51.036,1050427
2003-11-20,51.358,51.9304,50.9107,51.197,1168596
2003-11-21,51.4564,51.8767,51.027,51.3937,901947
2003-11-24,52.2524,52.4134,51.5458,51.5637,839972
2003-11-25,52.4402,52.6728,51.6978,52.3597,1173549
2003-11-26,52.7622,52.8427,52.4044,52.6639,1094856
2003-11-28,51.993,52.6817,51.8588,52.646,748479
2003-12-01,52.3329,52.3329,51.8141,52.0556,1019017
2003-12-02,52.315,52.6281,51.8588,52.5923,1055895
2003-12-03,52.3329,53.2363,52.2971,52.4044,1925462
2003-12-04,52.3866,52.8517,51.8767,52.2765,921269
2003-12-05,51.6174,52.3866,51.2059,52.3866,1562156
2003-12-08,52.0646,52.2792,51.1612,51.358,1213048
2003-12-09,52.4134,52.7801,51.8767,52.0556,1928202
2003-12-10,52.2971,52.637,51.4742,52.637,1360352
2003-12-11,52.5028,52.8517,51.9572,51.9572,1332156
2003-12-12,52.6817,52.7712,51.993,52.6012,829077
2003-12-15,51.4742,53.3078,51.2417,52.8785,1452301
2003-12-16,51.2596,51.68,51.1701,51.2864,1209796
2003-12-17,51.1344,51.4742,50.8213,51.4027,1246329
2003-12-18,51.7515,51.7604,50.8303,51.4385,1418010
2003-12-19,51.8767,52.0825,51.3401,51.6978,2177938
2003-12-22,52.0735,52.0735,51.6442,51.9215,952547
2003-12-23,52.1898,52.2345,51.8141,52.0825,1013470
2003-12-24,51.8767,52.0109,51.6174,51.8767,665508
2003-12-26,52.0467,52.1898,51.8767,51.9662,387597
2003-12-29,52.9867,52.9867,52.3904,52.544,1048462
2003-12-30,53.1584,53.1945,52.7699,52.9054,991998
2003-12-31,53.4024,53.4476,52.7879,53.0681,1253661
2004-01-02,52.8422,53.6102,52.4988,53.2126,1702958
2004-01-05,53.9536,53.9536,52.8422,52.8873,2224817
2004-01-06,54.1253,54.2156,53.3662,53.8361,1633265
2004-01-07,54.071,54.2156,53.3753,53.8993,1799737
2004-01-08,53.7548,54.2156,53.4204,54.2066,1751712
2004-01-09,53.6464,54.1253,53.3843,53.7187,1576537
2004-01-12,53.9084,54.053,53.3753,53.5831,1270523
2004-01-13,53.6644,54.0981,53.0409,53.6915,1439121
2004-01-14,52.7518,53.7638,52.6705,53.4927,2454694
2004-01-15,52.3723,53.0771,51.6856,52.8241,3934319
2004-01-16,51.4597,52.5349,51.2337,52.5259,3514723
2004-01-20,51.306,51.7027,50.9898,51.4868,2155362
2004-01-21,51.559,51.803,51.2337,51.4868,2294961
2004-01-22,51.9476,52.1193,51.2789,51.3603,3417903
2004-01-23,52.0379,52.3181,51.6223,51.6856,2163454
2004-01-26,52.6343,52.6434,51.9928,52.056,3004139
2004-01-27,52.5168,52.7879,52.2819,52.5168,2260371
2004-01-28,51.785,53.1584,51.7217,52.6434,2689515
2004-01-29,52.4988,52.806,51.8753,51.8843,3087769
2004-01-30,52.1735,52.6434,51.9837,52.4536,2619388
2004-02-02,52.544,52.8422,51.8663,51.8663,2882527
2004-02-03,52.6976,52.8331,52.0018,52.1645,1990649
2004-02-04,52.8512,53.0409,52.309,52.5349,1826257
2004-02-05,52.8422,52.9054,52.4084,52.7427,2407807
2004-02-06,52.9235,53.1042,52.7156,52.8602,2693419
2004-02-09,52.0922,52.7699,52.0199,52.5711,1390182
2004-02-10,52.3994,52.4536,51.9114,51.9205,1643763
2004-02-11,52.4084,52.6614,51.6856,52.2458,2304362
2004-02-12,52.2458,52.544,52.0741,52.3,731755
2004-02-13,52.2096,52.6434,51.8482,52.3542,947746
2004-02-17,52.7789,53.312,52.0651,52.3633,1361784
2004-02-18,52.3994,52.9863,52.0651,52.9054,804332
2004-02-19,52.1825,52.9235,51.9837,52.6253,1387307
2004-02-20,51.785,52.5982,51.6313,51.8211,1432326
2004-02-23,51.7488,52.2006,51.6042,51.8843,1400683
2004-02-24,51.5319,52.1283,51.1886,51.8482,1496797
2004-02-25,51.2247,51.8933,50.6826,51.5048,1919019
2004-02-26,50.9717,51.297,50.6374,50.8723,1772910
2004-02-27,50.6193,51.3874,50.4657,51.044,2458932
2004-03-01,50.529,51.0531,50.2398,50.8542,2166184
2004-03-02,50.4657,50.9085,50.3753,50.8271,1594094
2004-03-03,51.0078,51.288,50.3753,50.4205,1832589
2004-03-04,51.2157,51.2609,50.7277,50.9627,1475916
2004-03-05,51.3422,51.9837,50.9988,51.1524,2258090
2004-03-08,50.4567,51.3241,50.4296,51.306,1536480
2004-03-09,50.4205,50.7729,50.0862,50.3844,1559208
2004-03-10,49.7609,50.4205,49.5892,50.3934,2182264
2004-03-11,49.5079,50.294,49.3272,49.5802,3340192
2004-03-12,49.9597,50.3573,49.4175,49.6073,1851680
2004-03-15,49.029,49.7519,48.1344,49.6525,2071688
2004-03-16,50.0591,50.4386,49.4717,50.1856,2331864
2004-03-17,50.9537,51.3151,49.8964,50.2308,2211077
2004-03-18,51.0531,51.3241,50.6464,50.7097,2032260
2004-03-19,50.3753,51.3331,50.2669,51.1976,2710988
2004-03-22,50.538,50.9898,49.8332,50.9175,2164412
2004-03-23,50.4657,51.0078,50.3753,50.9808,1827835
2004-03-24,50.4657,50.9085,50.2398,50.2579,2166874
2004-03-25,50.7368,51.044,50.303,50.5109,1470954
2004-03-26,50.2308,50.6826,50.0681,50.6464,1417050
2004-03-29,50.6509,51.0075,50.3675,50.7606,1310379
2004-03-30,50.4772,50.5137,50.084,50.34,2103656
2004-03-31,50.6235,50.724,50.3217,50.6143,1720446
2004-04-01,50.4406,50.6509,50.2303,50.5229,1646062
2004-04-02,49.828,50.788,49.3435,50.7515,1769951
2004-04-05,49.4897,49.8463,49.1423,49.8463,2306634
2004-04-06,49.9012,50.0109,49.1515,49.1515,1272635
2004-04-07,50.7332,50.916,50.148,50.3309,3755560
2004-04-08,51.4829,51.5194,50.596,50.9252,2444928
2004-04-12,52.0314,52.068,51.4829,51.5103,1788729
2004-04-13,50.3034,52.1137,49.9743,51.9766,2474210
2004-04-14,49.7001,50.2029,48.6669,50.1754,2884042
2004-04-15,48.8863,49.6543,48.3835,49.5812,3113594
2004-04-16,50.0017,50.34,49.1789,49.252,3041791
2004-04-19,49.7366,50.0109,49.5903,49.8829,1365793
2004-04-20,49.6634,50.2852,49.6452,49.9469,1911048
2004-04-21,50.0291,50.2852,49.3983,49.6634,2851781
2004-04-22,50.4223,51.0166,49.6726,49.8097,1962153
2004-04-23,50.4406,50.7423,49.828,50.3126,1223392
2004-04-26,50.2852,50.7149,50.1572,50.3675,1240263
2004-04-27,50.2303,50.7057,50.0383,50.6692,1340692
2004-04-28,49.5446,50.276,49.4623,49.892,1077196
2004-04-29,49.3343,50.1206,49.0418,49.5995,1233497
2004-04-30,49.1149,49.9469,48.9503,49.3343,1641494
2004-05-03,48.9137,49.1423,48.4749,49.0692,1837797
2004-05-04,48.9137,49.6178,48.6944,48.868,1391745
2004-05-05,49.1606,49.8463,49.0052,49.6543,1578611
2004-05-06,48.5115,49.1423,48.4109,49.0235,1235334
2004-05-07,47.1218,48.3926,46.9938,48.1732,2866428
2004-05-10,47.0852,48.2555,46.7835,46.9206,3301237
2004-05-11,47.3046,47.7709,47.0943,47.1949,2455061
2004-05-12,48.2372,48.3835,46.7469,46.8201,2220920
2004-05-13,48.8223,49.124,48.0086,48.1549,2946287
2004-05-14,48.5572,49.0783,48.5298,48.6395,2037845
2004-05-17,48.3012,48.4841,48.1641,48.2829,1887815
2004-05-18,48.3469,48.5663,48.2098,48.42,1688301
2004-05-19,48.356,48.9046,48.3103,48.6486,1865404
2004-05-20,48.1092,48.4018,47.7709,48.356,1427171
2004-05-21,48.8223,48.9137,48.1823,48.2555,2113190
2004-05-24,49.0235,49.1423,48.7675,48.9778,1212601
2004-05-25,49.508,49.764,48.8315,49.0509,1430705
2004-05-26,49.9377,50.1937,49.444,49.6086,1733992
2004-05-27,50.212,50.2852,49.8463,50.2669,1566854
2004-05-28,49.636,50.3034,49.4349,50.3034,1126337
2004-06-01,49.3526,49.7458,49.3252,49.4075,2320527
2004-06-02,49.3983,49.6817,49.252,49.4258,1685313
2004-06-03,49.3343,49.7275,49.2612,49.3435,1335898
2004-06-04,49.5995,50.1389,49.4166,49.4166,1368410
2004-06-07,50.5046,50.6692,49.8555,49.9377,1811055
2004-06-08,50.3034,50.5046,50.0109,50.3034,1088953
2004-06-09,50.7606,51.3823,50.4315,50.468,1906342
2004-06-10,50.7606,50.8795,50.5503,50.6966,777283
2004-06-14,49.7549,50.6417,49.7275,50.4589,1267092
2004-06-15,50.0383,50.5137,49.9195,50.1298,2018917
2004-06-16,49.8737,50.3949,49.7458,49.9103,1243245
2004-06-17,49.4349,49.828,49.3435,49.7183,1002370
2004-06-18,49.5537,49.7823,49.1972,49.3983,3584562
2004-06-21,49.1332,49.7183,49.1149,49.508,1294644
2004-06-22,48.9137,49.3892,48.7401,49.188,1690283
2004-06-23,49.0601,49.1058,48.7035,48.8955,2586702
2004-06-24,48.9412,49.2886,48.9412,49.0966,1503292
2004-06-25,48.9686,49.444,48.8132,49.2246,3922116
2004-06-28,49.7252,50.0029,49.6327,49.7437,2116106
2004-06-29,49.6604,49.7993,49.4384,49.5957,1789533
2004-06-30,49.7715,50.2342,49.6049,49.7807,2209432
2004-07-01,49.0774,49.9288,48.9478,49.9288,1514195
2004-07-02,49.392,49.5494,48.8923,48.9663,1059720
2004-07-06,48.9756,49.281,48.6702,49.0959,1364715
2004-07-07,49.0126,49.1422,48.8183,49.0959,1405457
2004-07-08,49.0126,49.2718,48.6609,48.9108,1471000
2004-07-09,48.5962,49.0589,48.5869,49.0219,1518799
2004-07-12,49.2625,49.4384,48.6702,48.7535,2234817
2004-07-13,49.3643,49.5031,49.0959,49.3735,1669203
2004-07-14,49.9566,50.0399,49.2162,49.2162,2588382
2004-07-15,46.736,49.5123,46.736,49.0589,8242194
2004-07-16,46.4398,47.3745,46.2455,47.1894,4550590
2004-07-19,46.7545,46.9025,46.2177,46.5509,2250169
2004-07-20,46.9303,47.2912,46.4861,46.6619,1427726
2004-07-21,46.847,47.3838,46.8285,46.9211,2207933
2004-07-22,46.884,47.1061,46.5601,47.0043,1468775
2004-07-23,46.2732,46.9118,46.0789,46.8748,1075574
2004-07-26,46.1437,46.3658,45.7642,46.3195,1467659
2004-07-27,46.4861,46.5231,45.8105,46.1344,1790666
2004-07-28,46.1437,46.5694,45.903,46.1622,1843896
2004-07-29,46.1807,46.412,45.903,46.301,1242246
2004-07-30,45.6809,46.2732,45.5976,46.1067,1277963
2004-08-02,45.4958,45.5329,44.5611,44.6907,3763540
2004-08-03,45.1719,45.3755,44.5981,45.2182,2394922
2004-08-04,45.0331,45.1719,44.4593,44.9868,2266604
2004-08-05,44.7462,45.0609,44.5796,45.0053,1330406
2004-08-06,44.2927,44.8758,44.0706,44.6166,1464676
2004-08-09,43.904,44.4963,43.793,44.4408,1298382
2004-08-10,44.0984,44.1632,43.6634,43.867,1432098
2004-08-11,44.3945,44.5241,43.7837,43.8022,1322300
2004-08-12,43.8578,44.4963,43.8393,44.2002,951895
2004-08-13,43.3673,44.1169,43.1174,44.0336,1513704
2004-08-16,44.1909,44.5981,43.1544,43.2007,2268067
2004-08-17,44.5334,44.7369,44.0706,44.1817,1301831
2004-08-18,45.5051,45.5051,44.302,44.5149,1633587
2004-08-19,45.6809,45.718,45.1997,45.2552,2109385
2004-08-20,46.1529,46.2547,45.6254,45.792,1570181
2004-08-23,46.0326,46.264,45.8475,46.1992,1227376
2004-08-24,46.1529,46.2732,45.8105,46.1622,1282383
2004-08-25,46.5879,46.7452,45.9308,46.2732,1637206
2004-08-26,46.7822,46.9581,46.5509,46.5786,1214688
2004-08-27,46.6712,47.0043,46.4861,46.8285,977152
2004-08-30,46.2362,46.8378,46.227,46.5509,916985
2004-08-31,46.0974,46.375,45.8568,46.2732,1531958
2004-09-01,45.2274,45.5329,44.9683,45.5236,2496605
2004-09-02,45.4218,45.5791,44.774,45.4588,1590657
2004-09-03,45.9863,46.0419,45.3107,45.3478,1420771
2004-09-07,45.6532,46.3658,45.5514,46.0233,1630812
2004-09-08,44.6999,45.7272,44.6999,45.5791,1801512
2004-09-09,44.3483,44.8758,44.1909,44.6999,2230087
2004-09-10,44.885,45.2923,44.4686,45.2923,2177608
2004-09-13,44.885,45.0886,44.5981,45.0609,2221813
2004-09-14,45.209,45.4866,44.6814,44.8387,2340136
2004-09-15,45.2737,45.7827,44.9961,45.209,2232678
2004-09-16,46.2732,46.338,45.5514,45.5514,2212014
2004-09-17,46.0141,46.5046,45.7642,46.3473,2838213
2004-09-20,45.3385,46.227,45.2274,46.227,2328937
2004-09-21,44.9683,45.4311,44.848,45.2923,3234475
2004-09-22,45.6995,46.0696,44.6537,44.6814,3439463
2004-09-23,45.1349,45.829,45.0979,45.6995,2029736
2004-09-24,45.6532,46.0326,45.0146,45.0424,1976961
2004-09-27,45.4033,45.903,45.2367,45.5606,2059641
2004-09-28,45.9617,46.2524,45.746,46.0367,1531869
2004-09-29,46.515,46.515,45.4834,45.8116,1493976
2004-09-30,46.1586,46.5806,45.8585,46.5806,2322545
2004-10-01,46.7307,46.8338,46.1305,46.3087,1535948
2004-10-04,46.9591,47.012,46.3274,46.7494,1801441
2004-10-05,46.4399,46.8432,46.4212,46.6463,1319530
2004-10-06,47.012,47.0214,46.3743,46.4399,1686111
2004-10-07,46.9745,47.2183,46.6463,46.9745,1624638
2004-10-08,46.515,47.1245,46.3743,46.7776,1304817
2004-10-11,47.012,47.1152,46.515,46.8901,1089051
2004-10-12,46.9651,47.2652,46.5431,46.6931,1667102
2004-10-13,46.6463,47.2795,46.515,47.1433,1793246
2004-10-14,45.8679,46.6838,45.8397,46.6838,2337944
2004-10-15,45.7272,46.2242,45.5396,46.2242,2168109
2004-10-18,46.665,46.7119,45.5772,45.6147,1390839
2004-10-19,46.6275,46.8432,46.3274,46.6087,2365512
2004-10-20,45.971,46.515,45.5021,46.4493,2007976
2004-10-21,45.6803,46.2805,45.4365,46.0789,1536289
2004-10-22,44.8457,45.9429,44.8457,45.7272,1496119
2004-10-25,44.7331,44.9676,44.3674,44.6675,1345089
2004-10-26,45.5772,45.6991,44.6769,44.7238,1662838
2004-10-27,46.2899,46.3837,45.0145,45.5865,1414756
2004-10-28,46.1305,46.3931,45.2489,46.2336,1652494
2004-10-29,46.1305,46.3837,45.971,46.0273,1413737
2004-11-01,46.2242,46.4775,46.0179,46.2758,2410112
2004-11-02,46.3461,46.8901,46.0461,46.2336,1201227
2004-11-03,46.8901,46.937,46.515,46.6275,2065531
2004-11-04,48.128,48.1373,46.6556,47.0026,2323492
2004-11-05,47.856,48.5031,47.734,48.2171,2196299
2004-11-08,46.8713,47.8279,46.7213,47.7622,2549962
2004-11-09,46.6838,47.1339,45.9523,47.087,1235447
2004-11-10,46.8713,47.1996,46.515,46.7869,907038
2004-11-11,47.6403,47.6684,46.8526,46.8526,984467
2004-11-12,48.2687,48.3624,47.2746,47.706,1646023
2004-11-15,48.4187,48.475,47.931,48.1936,1090067
2004-11-16,48.6344,48.7469,48.1655,48.3062,2202082
2004-11-17,48.9814,49.0564,48.5781,48.7188,2762903
2004-11-18,48.7188,49.0845,48.5687,48.7001,1017647
2004-11-19,47.8373,48.822,47.7341,48.7751,1055633
2004-11-22,48.0436,48.1468,47.4528,47.9217,1574565
2004-11-23,48.1561,48.2312,47.5747,47.9217,1509966
2004-11-24,47.9967,48.6719,47.7341,48.2968,1223816
2004-11-26,47.931,48.2218,47.9217,47.9686,268455
2004-11-29,47.6216,48.0624,47.4246,47.8466,1191815
2004-11-30,47.2277,47.7622,47.1714,47.509,1735332
2004-12-01,48.3437,48.4375,47.3777,47.509,1849053
2004-12-02,48.4468,48.5781,48.0998,48.203,1366876
2004-12-03,45.0051,47.3684,44.358,45.1552,12215444
2004-12-06,44.0767,44.9582,43.861,44.8326,4585551
2004-12-07,43.1295,44.0954,43.0357,43.936,4764208
2004-12-08,42.9326,43.7203,42.6325,43.1858,6153440
2004-12-09,43.439,43.4859,42.5012,42.8106,4467627
2004-12-10,43.7391,43.9173,43.2608,43.2796,3271692
2004-12-13,44.2642,44.3862,43.786,43.8891,3951521
2004-12-14,44.5456,44.63,44.0767,44.0767,3040214
2004-12-15,45.1082,45.127,44.5456,44.6394,3862548
2004-12-16,44.7988,45.1082,44.4424,45.0332,3041178
2004-12-17,44.1892,44.5925,43.7485,43.7766,5240117
2004-12-20,44.3393,44.7144,44.2642,44.4002,2432236
2004-12-21,44.7613,44.7613,44.0392,44.2267,2637034
2004-12-22,44.6019,44.7894,44.3111,44.7894,1765297
2004-12-23,44.7238,44.8551,44.5456,44.7519,1117624
2004-12-27,44.6675,44.9113,44.6394,44.8269,1282656
2004-12-28,44.8363,44.9019,44.6394,44.7519,1490524
2004-12-29,44.1236,44.7331,44.0298,44.1798,1880104
2004-12-30,44.1986,44.3299,43.9548,44.133,1718041
2004-12-31,44.358,44.6675,44.208,44.3018,2345613
2005-01-03,44.5925,44.9957,44.358,44.6581,6287135
2005-01-04,44.2736,44.6487,44.0673,44.6112,2145148
2005-01-05,43.5609,44.4424,43.5609,44.3111,2589054
2005-01-06,43.3827,43.8422,43.2796,43.6547,2190668
2005-01-07,43.092,43.6087,43.0263,43.6078,1875062
2005-01-10,43.167,43.242,42.9026,43.1389,2619438
2005-01-11,42.8294,43.3171,42.6418,43.242,3138604
2005-01-12,42.4355,42.9044,42.2011,42.8294,2896854
2005-01-13,41.7509,42.5668,41.6102,42.5199,3763049
2005-01-14,41.7416,42.0135,41.6384,41.8353,4026573
2005-01-18,44.2361,44.2736,42.2011,42.5293,8089467
2005-01-19,43.7766,44.3111,43.7391,44.1705,3517410
2005-01-20,43.4109,43.9548,43.1295,43.7672,2706148
2005-01-21,43.1483,43.5703,43.1201,43.1295,2126466
2005-01-24,43.7109,44.3674,43.1858,43.3733,3524512
2005-01-25,43.3733,43.861,43.2796,43.6265,3451834
2005-01-26,43.7297,43.9548,43.4109,43.4577,2185786
2005-01-27,43.5421,43.9173,43.4296,43.6922,2513097
2005-01-28,42.9513,43.6265,42.6794,43.6265,3228757
2005-01-31,43.5796,43.6172,43.3171,43.4202,2518391
2005-02-01,44.0298,44.2361,43.5984,43.6734,2411693
2005-02-02,44.4424,44.5175,43.8422,44.133,4173173
2005-02-03,44.4143,44.4424,44.2361,44.3018,2260692
2005-02-04,45.0989,45.1082,44.2642,44.4612,2484766
2005-02-07,44.977,45.127,44.78,45.0145,1865772
2005-02-08,44.6581,45.0332,44.5456,44.7144,2576256
2005-02-09,44.5831,44.7706,44.2549,44.6863,2725532
2005-02-10,44.7519,44.9394,44.5175,44.5175,2563400
2005-02-11,44.63,44.8363,44.433,44.7331,2105932
2005-02-14,44.4987,44.7706,44.3768,44.7706,1638481
2005-02-15,44.0954,44.5831,43.8422,44.555,2314725
2005-02-16,43.8891,44.1611,43.6265,44.1611,2541730
2005-02-17,43.4577,44.0017,43.4202,43.936,2149633
2005-02-18,42.8575,43.5609,42.6231,43.4859,2276799
2005-02-22,42.051,43.1201,41.6853,42.9513,4278870
2005-02-23,42.0979,42.3886,41.9479,42.1542,3061675
2005-02-24,42.4543,42.5574,42.0229,42.1495,2474661
2005-02-25,42.4824,42.5762,42.2855,42.398,1576020
2005-02-28,41.9854,42.4168,41.7884,42.3418,2558535
2005-03-01,42.051,42.2949,41.9854,42.0604,2958557
2005-03-02,42.1823,42.2949,41.8353,41.9854,2499060
2005-03-03,42.0604,42.2761,42.0135,42.2292,1869901
2005-03-04,43.0263,43.1389,42.1542,42.3605,3192019
2005-03-07,43.4952,43.6265,43.1107,43.1107,2840179
2005-03-08,42.8575,43.5046,42.8575,43.5046,2797710
2005-03-09,41.9104,42.6606,41.9104,42.6606,7074675
2005-03-10,42.248,42.2855,41.7322,41.9197,2915943
2005-03-11,41.3946,42.5762,41.3195,42.3324,2806935
2005-03-14,41.2727,41.5352,41.0101,41.479,2814027
2005-03-15,40.5599,41.4508,40.5599,41.4508,2684640
2005-03-16,40.2223,40.6912,40.091,40.5505,2935293
2005-03-17,40.363,40.5505,40.2129,40.3724,2707739
2005-03-18,39.7346,40.6068,39.7346,40.3255,7009929
2005-03-21,39.9222,40.2879,39.8191,39.8191,2703739
2005-03-22,39.594,40.166,39.5377,39.9972,2690910
2005-03-23,39.744,40.091,39.669,39.8284,2210312
2005-03-24,39.4346,40.3255,39.4346,39.8847,2177093
2005-03-28,39.866,40.1473,39.5752,39.7628,1853925
2005-03-29,40.4122,40.8032,40.2405,40.2405,2453493
2005-03-30,40.9843,41.0606,40.2787,40.4789,2233444
2005-03-31,40.9843,41.7377,40.9843,41.5279,2617571
2005-04-01,40.8604,41.4802,40.6601,40.9939,2874374
2005-04-04,40.5075,40.8604,40.1452,40.7268,2548769
2005-04-05,40.8794,41.0892,40.5266,40.5266,1935010
2005-04-06,41.156,41.5183,40.8794,41.0034,2174877
2005-04-07,41.2799,41.7281,41.1178,41.2227,1635841
2005-04-08,40.908,41.4516,40.8699,41.175,1562757
2005-04-11,41.0129,41.1655,40.8604,41.0034,1784032
2005-04-12,41.4134,41.6709,40.2882,40.8604,3096736
2005-04-13,41.0892,41.5374,40.8565,41.4992,2222776
2005-04-14,39.1916,40.3264,38.3716,40.2501,9198146
2005-04-15,39.0581,39.7256,38.5527,38.6576,3671171
2005-04-18,39.8019,39.8305,38.8865,38.9437,3267901
2005-04-19,39.5063,40.0498,39.2202,40.0498,3104944
2005-04-20,38.6195,39.4205,38.5146,39.3823,2290270
2005-04-21,39.5826,39.7161,38.7244,38.8102,3478073
2005-04-22,39.8591,40.2596,39.3346,39.4014,2674567
2005-04-25,40.5648,40.6315,39.9259,40.0498,1994906
2005-04-26,40.1643,40.5075,40.0498,40.4599,2260606
2005-04-27,40.7936,40.8699,40.0498,40.1452,2087856
2005-04-28,40.3073,40.908,40.1833,40.5266,1771030
2005-04-29,41.4802,41.4802,40.3836,40.6792,2923447
2005-05-02,41.5946,41.8521,41.2132,41.5183,1942246
2005-05-03,41.5279,41.9474,41.2704,41.3371,1997490
2005-05-04,41.8521,42.1763,41.0511,41.8425,2481700
2005-05-05,41.7663,42.3098,41.4039,41.6709,1581844
2005-05-06,41.4897,41.957,41.3181,41.8235,1340510
2005-05-09,41.7663,42.0046,41.3467,41.442,1360844
2005-05-10,41.156,41.5469,40.9462,41.4992,1840238
2005-05-11,41.299,41.5374,40.9557,41.1941,1876437
2005-05-12,41.6995,41.957,41.3848,41.4039,2278322
2005-05-13,41.4134,42.0237,41.2895,41.8235,2221139
2005-05-16,42.1477,42.2812,41.3467,41.3467,1451743
2005-05-17,42.3002,42.3765,41.9379,41.9951,1843393
2005-05-18,42.3384,42.5959,41.9665,42.3384,2550371
2005-05-19,41.8711,42.4242,41.5088,42.3289,3130861
2005-05-20,41.3276,42.4528,41.2227,42.4338,3240858
2005-05-23,41.3371,41.4706,41.1178,41.2895,2741535
2005-05-24,40.7745,41.3371,40.5838,41.2608,2544032
2005-05-25,40.622,40.9652,40.5075,40.6506,2036292
2005-05-26,40.9939,41.3371,40.7745,40.8413,1530809
2005-05-27,41.2227,41.4516,40.7841,40.8508,1164229
2005-05-31,40.6887,41.3181,40.6124,41.2227,2331153
2005-06-01,41.2322,41.7567,40.641,40.6506,2321177
2005-06-02,40.8604,41.0511,40.7745,41.0225,1291701
2005-06-03,40.0212,40.8508,39.8973,40.7555,2066791
2005-06-06,40.3073,40.4026,39.9545,40.0022,1633628
2005-06-07,39.9163,40.5743,39.9163,40.5266,1613589
2005-06-08,40.0784,40.2691,39.8686,39.8686,1497777
2005-06-09,40.1643,40.4122,39.9545,40.0975,1956067
2005-06-10,40.0498,40.4122,39.821,40.0689,1890097
2005-06-13,39.3346,39.8973,39.2393,39.7828,2995960
2005-06-14,39.4014,39.573,39.2107,39.3442,2309135
2005-06-15,39.2965,39.573,39.1153,39.5254,2160983
2005-06-16,39.3537,39.4872,39.144,39.2298,1814195
2005-06-17,39.6398,39.8114,39.1916,39.5158,3490364
2005-06-20,39.5063,39.7733,39.2107,39.4967,2211447
2005-06-21,40.0975,40.231,39.3728,39.4205,2510019
2005-06-22,40.2787,40.5075,40.0975,40.3073,1644375
2005-06-23,39.7065,40.3836,39.5444,40.2405,1578922
2005-06-24,39.8782,39.9545,39.5826,39.8305,3826632
2005-06-27,39.6779,39.964,39.6493,39.7065,2392842
2005-06-28,40.4247,40.4887,40.124,40.4441,2825649
2005-06-29,40.5023,40.8708,40.3374,40.3956,1746623
2005-06-30,39.9301,40.6478,39.8622,40.1919,3306376
2005-07-01,39.8234,40.221,39.7361,39.9883,1885757
2005-07-05,39.9689,40.0852,39.5615,39.8234,2521446
2005-07-06,39.9785,40.221,39.6973,39.7652,1783583
2005-07-07,40.0852,40.1434,39.4936,39.804,1389206
2005-07-08,40.9581,40.9872,39.8582,39.8719,2078789
2005-07-11,41.4625,41.4625,40.9775,41.2879,2333555
2005-07-12,41.7243,42.0347,41.2122,41.2491,2024899
2005-07-13,42.1317,42.6651,41.7049,41.9959,2716636
2005-07-14,41.026,41.2976,40.0368,41.2006,6084028
2005-07-15,40.9484,41.123,40.5799,40.8806,2177068
2005-07-18,40.2695,40.9193,40.2307,40.8514,1645546
2005-07-19,40.4344,40.6672,40.2016,40.221,1195155
2005-07-20,40.9678,41.22,40.2113,40.4247,2241790
2005-07-21,40.6284,41.1133,40.4441,40.8999,1864874
2005-07-22,41.0939,41.1327,40.7157,40.9775,1327988
2005-07-25,41.1424,41.414,40.9387,41.026,1420667
2005-07-26,41.5595,41.6817,40.7739,41.0454,1444104
2005-07-27,41.6758,41.7728,41.414,41.414,1323488
2005-07-28,41.928,42.0347,41.6273,41.8213,1453555
2005-07-29,41.8019,42.1414,41.6952,41.9086,2267297
2005-08-01,41.734,41.9376,41.1618,41.7922,2888959
2005-08-02,42.1511,42.1802,41.7825,41.831,1761489
2005-08-03,42.1705,42.2578,41.7631,42.0153,1641366
2005-08-04,41.9571,42.1705,41.8019,41.8601,1323139
2005-08-05,41.5595,42.0444,41.4237,41.928,2017532
2005-08-08,41.6952,41.8698,41.2297,41.831,1826094
2005-08-09,41.6952,41.9571,41.6177,41.7728,2243169
2005-08-10,41.8892,42.1802,41.7825,41.8407,2695406
2005-08-11,42.0638,42.1123,41.6758,41.7534,1890276
2005-08-12,41.9571,42.1705,41.6952,42.025,1205698
2005-08-15,42.0929,42.1705,41.4431,41.7437,1400803
2005-08-16,41.734,42.1123,41.7243,42.0929,1355114
2005-08-17,41.8504,42.0347,41.5401,41.6661,1082136
2005-08-18,41.7631,42.0444,41.5692,41.7534,1302314
2005-08-19,41.7146,42.0444,41.5789,42.0056,1388250
2005-08-22,41.928,42.0735,41.6371,41.6952,1515860
2005-08-23,41.7825,41.9571,41.7049,41.831,1674592
2005-08-24,41.3849,41.9086,41.3655,41.6079,1630813
2005-08-25,40.5605,40.7254,40.124,40.2016,4179730
2005-08-26,40.1143,40.803,40.1046,40.5896,3154161
2005-08-29,40.2695,40.4344,39.8719,40.0173,1512502
2005-08-30,40.027,40.4441,39.6488,40.4441,1849251
2005-08-31,40.1628,40.1628,39.5421,40.1046,1686599
2005-09-01,40.124,40.4829,39.8137,39.8331,2772109
2005-09-02,40.0464,40.4441,40.0368,40.3471,1954143
2005-09-06,40.3859,40.609,40.1434,40.1822,1437330
2005-09-07,40.0852,40.3664,39.7555,40.1725,1157242
2005-09-08,39.9785,40.1434,39.7264,40.0173,1785122
2005-09-09,40.124,40.3083,39.8719,39.9592,1445178
2005-09-12,40.5217,40.929,40.0561,40.2792,2619449
2005-09-13,40.1143,40.5702,39.9107,40.5605,2300171
2005-09-14,39.2996,40.2792,39.2317,39.9689,2814529
2005-09-15,37.292,38.1552,36.9525,37.4763,10847135
2005-09-16,38.3492,38.6013,37.4181,37.4181,12723409
2005-09-19,37.6896,38.1455,37.0689,38.1067,4428007
2005-09-20,37.001,37.9321,36.7488,37.5926,4185444
2005-09-21,36.4676,37.1853,36.4385,36.9525,3938861
2005-09-22,36.3609,36.6713,36.1087,36.5161,3558102
2005-09-23,36.4385,36.584,36.3221,36.3803,2069771
2005-09-26,36.3318,36.7682,36.2251,36.7682,2219131
2005-09-27,35.905,36.4967,35.8177,36.3609,2637192
2005-09-28,36.0618,36.4734,35.9148,36.4734,3333730
2005-09-29,36.0422,36.4636,35.7679,36.4636,3248168
2005-09-30,36.0129,36.3754,35.6503,36.15,2842729
2005-10-03,35.758,36.1892,35.6699,35.9834,2140914
2005-10-04,35.4445,35.8168,35.4151,35.7679,2995905
2005-10-05,34.9839,35.3857,34.9741,35.3269,3410187
2005-10-06,35.0035,35.3465,34.9153,35.0329,2885959
2005-10-07,35.1015,35.3367,34.9349,35.1799,2422655
2005-10-10,34.9545,35.5327,34.9447,35.1995,1656321
2005-10-11,34.5233,35.0819,34.3469,35.0819,2171312
2005-10-12,34.6899,34.8957,34.3371,34.4449,2095460
2005-10-13,35.3073,35.3661,34.4939,34.4939,2428024
2005-10-14,35.7973,35.8462,35.2779,35.2975,3012708
2005-10-17,36.3656,37.2182,35.9344,35.9932,3461828
2005-10-18,38.0119,38.7763,36.052,36.4832,10233127
2005-10-19,37.5317,37.8159,36.983,37.7277,5038012
2005-10-20,37.375,38.4137,37.1006,37.7277,3542149
2005-10-21,37.2378,37.9531,37.1104,37.9335,2229639
2005-10-24,37.6885,37.7179,36.885,37.5121,2164940
2005-10-25,37.1594,37.8453,36.983,37.6297,2338527
2005-10-26,38.1687,38.4039,36.6008,37.1398,3657776
2005-10-27,38.3745,38.8351,37.9825,37.9825,3697228
2005-10-28,39.766,40.06,38.7665,38.9821,5886483
2005-10-31,39.3446,39.7954,39.1487,39.5896,2937479
2005-11-01,39.1977,39.5014,38.5607,39.4034,2252782
2005-11-02,39.423,39.472,38.8841,39.1977,1650280
2005-11-03,38.8841,39.2467,38.7665,39.2173,1922281
2005-11-04,39.5896,39.668,38.7077,39.0017,2081948
2005-11-07,39.9424,40.0012,39.2565,39.5896,1701185
2005-11-08,39.3153,39.9228,39.1781,39.7268,1523263
2005-11-09,39.619,39.7072,39.0213,39.2369,1330874
2005-11-10,40.4226,40.4226,39.5406,39.8346,2093936
2005-11-11,40.4912,40.6186,40.0208,40.5696,1542594
2005-11-14,40.1286,40.4128,39.9424,40.3834,2177816
2005-11-15,39.4622,40.2364,39.2173,40.0502,2348974
2005-11-16,39.1487,39.6876,39.0801,39.4622,2131444
2005-11-17,39.6092,39.6092,39.1193,39.2173,1270220
2005-11-18,39.6484,40.1776,39.4622,40.158,2069534
2005-11-21,40.3932,40.4814,39.4524,39.717,1525458
2005-11-22,41.0987,41.1575,39.864,40.0012,2605151
2005-11-23,41.2751,41.6475,40.8635,41.1477,1789413
2005-11-25,41.3731,41.6475,41.1575,41.5985,496697
2005-11-28,41.3045,41.6475,41.2947,41.4613,1914278
2005-11-29,40.4618,40.942,39.9326,40.5108,3859646
2005-11-30,39.4622,40.5892,39.1389,40.3736,3741606
2005-12-01,39.7366,39.8248,39.4426,39.5602,2727153
2005-12-02,39.4818,39.8934,39.2467,39.668,1654630
2005-12-05,39.1977,39.4319,39.0507,39.3446,2057468
2005-12-06,39.0507,39.3936,38.9723,39.2957,1807540
2005-12-07,38.6293,39.0507,38.0707,38.7175,2753689
2005-12-08,38.2569,38.8057,38.1099,38.7077,1602419
2005-12-09,39.2859,39.4818,38.1589,38.1589,2327812
2005-12-12,38.6979,39.3415,38.6293,39.1487,1833604
2005-12-13,38.6587,38.9919,37.4818,37.5219,5061367
2005-12-14,38.6783,38.9527,38.3059,38.5313,2078204
2005-12-15,38.5117,38.8743,38.4235,38.6783,1931387
2005-12-16,38.6489,39.0997,38.4431,38.9037,4250384
2005-12-19,38.1099,38.7077,37.9727,38.5607,2313405
2005-12-20,38.0609,38.3843,37.9825,38.0217,1426179
2005-12-21,37.9727,38.2765,37.7963,37.9629,1992803
2005-12-22,38.1491,38.1687,37.8159,38.0707,1311263
2005-12-23,38.1393,38.2765,38.0217,38.2275,777250
2005-12-27,37.7081,38.3745,37.6003,38.2961,1922462
2005-12-28,38.025,38.1804,37.7875,38.1537,2396106
2005-12-29,37.5401,38.1636,37.4906,37.8073,1355478
2005-12-30,37.3322,37.4609,36.966,37.4213,1795171
2006-01-03,37.4807,37.6984,36.8176,37.6489,2533554
2006-01-04,37.9459,37.9953,37.3718,37.4708,1736678
2006-01-05,38.4605,38.4704,37.8766,37.9063,4572411
2006-01-06,38.4407,38.6684,38.223,38.4506,2298974
2006-01-09,38.5991,38.7376,38.2923,38.4407,1685699
2006-01-10,38.5991,38.6288,38.3121,38.5991,1665974
2006-01-11,38.4407,38.4605,37.8073,38.2131,2627183
2006-01-12,38.4011,38.6981,38.0052,38.5397,5697945
2006-01-13,38.5298,38.6585,38.2725,38.6387,1695676
2006-01-17,38.0448,38.3121,37.4114,37.5995,4428101
2006-01-18,37.8766,38.4407,37.6094,37.9953,3876459
2006-01-19,37.4609,37.9855,37.4213,37.9558,2451857
2006-01-20,36.2831,37.5599,36.1644,37.5104,3253709
2006-01-23,37.1937,37.3322,36.3326,36.5899,2411307
2006-01-24,36.7978,37.3619,36.5207,37.3124,2193816
2006-01-25,36.9858,37.065,36.4316,36.7087,2014665
2006-01-26,37.7875,37.9063,37.065,37.065,1774104
2006-01-27,37.8964,38.1042,37.2036,37.8271,1698203
2006-01-30,37.7182,37.9656,37.5104,37.7677,2030808
2006-01-31,37.1838,37.8271,36.9364,37.8271,2184367
2006-02-01,37.0947,37.5599,36.6394,36.7928,1997608
2006-02-02,36.4118,37.1244,36.293,36.9462,2038670
2006-02-03,36.293,36.6097,36.0654,36.1941,1557188
2006-02-06,36.1545,36.3029,36.006,36.2238,1093198
2006-02-07,36.0852,36.3128,35.9268,36.2336,1360160
2006-02-08,36.9957,37.1343,35.9664,36.0357,1927576
2006-02-09,36.9264,37.4906,36.8077,36.8374,1511155
2006-02-10,37.2531,37.3718,36.7384,36.9561,1620834
2006-02-13,36.9759,37.263,36.8275,37.263,1011707
2006-02-14,37.6588,37.9063,36.7681,36.9759,2426996
2006-02-15,37.7677,37.9162,37.1244,37.5203,1635139
2006-02-16,38.1141,38.1438,37.5599,37.6292,1525948
2006-02-17,38.124,38.2517,37.8667,38.2032,2000374
2006-02-21,37.6885,38.3219,37.6885,38.0943,1477065
2006-02-22,39.1434,39.3711,37.7875,37.8073,3396285
2006-02-23,39.183,39.5195,38.6288,38.995,1504886
2006-02-24,38.7673,39.3414,38.7574,39.282,1295139
2006-02-27,38.3813,38.8663,38.3813,38.6782,1974247
2006-02-28,38.2527,38.5298,38.1042,38.1537,1398044
2006-03-01,38.5397,38.5397,38.1042,38.1438,983231
2006-03-02,38.0151,38.4506,37.3817,38.3517,1970419
2006-03-03,37.9953,38.3318,37.5104,37.5104,1537312
2006-03-06,37.5797,38.0052,37.3916,38.0052,2128849
2006-03-07,37.5203,37.6885,37.3223,37.5203,1628405
2006-03-08,37.5401,37.7182,37.2135,37.3322,1835382
2006-03-09,36.9364,37.6786,36.9264,37.4312,1724381
2006-03-10,37.3817,37.7974,36.9165,37.2135,1900912
2006-03-13,37.3817,37.9855,37.3223,37.5104,1595499
2006-03-14,38.3318,38.4011,37.2352,37.3322,1699572
2006-03-15,38.8465,39.0544,38.1834,38.2527,2627827
2006-03-16,38.7673,39.2424,38.5298,39.1434,1430042
2006-03-17,38.8069,39.1533,38.6486,39.1038,2054310
2006-03-20,39.6086,39.6086,38.8762,39.0741,2789043
2006-03-21,39.5393,39.7472,39.2424,39.569,2620035
2006-03-22,40.341,40.5488,39.3414,39.4898,2899254
2006-03-23,40.4399,40.5488,40.1232,40.242,1823875
2006-03-24,40.2816,40.4795,40.1628,40.4202,1179015
2006-03-27,40.9051,40.9744,39.9946,40.054,3518073
2006-03-28,40.1133,41.0041,39.955,40.6379,3508861
2006-03-29,39.7867,40.2618,39.2127,40.0243,5042652
2006-03-30,38.9851,39.7669,38.9455,39.4502,1926853
2006-03-31,38.9554,39.2721,38.8861,39.1335,2149693
2006-04-03,38.7772,39.4304,38.7376,39.1533,2037556
2006-04-04,39.2721,39.5789,38.6684,38.7574,1692071
2006-04-05,39.282,39.569,38.995,39.282,2419353
2006-04-06,39.1434,39.5393,38.995,39.1187,1013887
2006-04-07,38.9554,39.4205,38.6684,39.3018,1327413
2006-04-10,38.896,39.1731,38.7178,39.084,1093511
2006-04-11,38.8564,38.9257,38.5793,38.896,1183044
2006-04-12,38.3912,38.8861,38.3219,38.7772,1312389
2006-04-13,38.9653,39.084,38.3318,38.4902,1459123
2006-04-17,38.9158,39.3216,38.5595,38.7574,1334558
2006-04-18,40.4301,40.5983,38.4605,38.9455,4385321
2006-04-19,39.9649,40.4301,39.6284,40.2222,1843242
2006-04-20,39.1434,39.9669,39.1236,39.4601,2109707
2006-04-21,38.8267,39.5888,38.5991,39.47,2564184
2006-04-24,38.8267,39.1731,38.609,38.8069,1779267
2006-04-25,38.5991,38.9752,38.5991,38.6585,1435047
2006-04-26,38.9158,38.9752,38.6189,38.797,1267653
2006-04-27,39.8758,40.2519,38.6684,38.7079,3019665
2006-04-28,40.0045,40.3014,39.8461,39.8857,3064909
2006-05-01,39.2028,40.1133,39.0939,40.0342,1882087
2006-05-02,39.2127,39.3909,38.9752,39.1929,2025795
2006-05-03,39.183,39.3513,39.0049,39.1137,1594101
2006-05-04,39.2325,39.4502,39.0544,39.0642,1403642
2006-05-05,39.5195,39.5987,39.3018,39.4799,1529419
2006-05-08,39.7076,40.0342,39.5789,39.6383,1766408
2006-05-09,39.2919,39.7472,39.0741,39.6779,1424138
2006-05-10,39.4403,39.5591,39.0544,39.3216,1292644
2006-05-11,38.7079,39.4403,38.411,39.2622,1788944
2006-05-12,38.4308,38.9851,38.4011,38.797,1183194
2006-05-15,38.9851,39.0049,38.411,38.5298,1631610
2006-05-16,38.7475,39.0444,38.4803,38.9356,1190188
2006-05-17,38.0052,38.5336,37.9162,38.5001,1461432
2006-05-18,37.5302,38.2923,37.4609,38.1141,1694015
2006-05-19,37.8271,38.0547,37.4906,37.8469,2551441
2006-05-22,37.7677,38.1834,37.3263,37.738,2108664
2006-05-23,37.5401,38.1141,37.5302,37.6588,1842775
2006-05-24,37.7776,37.9162,37.3322,37.4609,2426331
2006-05-25,37.7182,38.1042,37.3322,37.8865,1703539
2006-05-26,37.8271,38.0547,37.6588,37.8073,1307277
2006-05-30,37.5302,37.8964,37.4807,37.8073,1294354
2006-05-31,37.6094,37.9656,37.2827,37.7776,2206379
2006-06-01,38.3022,38.411,37.5797,37.6984,1626792
2006-06-02,38.411,38.995,38.1042,38.2428,1518066
2006-06-05,37.738,38.3418,37.6687,38.1141,1747114
2006-06-06,37.7083,38.2131,37.3421,37.7578,1776164
2006-06-07,38.0151,38.223,37.738,37.8716,1741584
2006-06-08,38.4209,38.4605,37.4708,38.0151,1739862
2006-06-09,38.4605,38.6486,38.2131,38.2774,1964866
2006-06-12,37.9558,38.5991,37.9558,38.5298,1035203
2006-06-13,37.738,38.3517,37.6588,38.0745,2640105
2006-06-14,36.491,37.7776,36.0456,37.7677,4366102
2006-06-15,37.5896,37.639,36.7087,37.2135,4431281
2006-06-16,37.1541,37.55,36.9858,37.5302,3152775
2006-06-19,36.7285,37.5401,36.6691,37.1739,2309391
2006-06-20,36.877,37.2234,36.5899,36.6196,1652903
2006-06-21,36.5306,36.966,36.4712,36.877,2102110
2006-06-22,36.3524,36.5612,36.1446,36.3722,1716106
2006-06-23,35.9763,36.3029,35.4913,36.1347,2496040
2006-06-26,36.4217,36.4811,36.0654,36.0654,1807078
2006-06-27,36.1347,36.5701,36.1248,36.3326,1206822
2006-06-28,35.907,36.3425,35.8872,36.1248,1184374
2006-06-29,36.8077,36.8275,35.9961,36.1644,3050860
2006-06-30,36.5009,36.9462,36.392,36.8572,2369540
2006-07-03,36.7285,36.8077,36.4217,36.6493,488971
2006-07-05,36.0951,36.6196,35.9268,36.5553,1685988
2006-07-06,36.7384,36.9364,36.0852,36.0901,2141544
2006-07-07,36.4712,36.9759,36.3722,36.585,999081
2006-07-10,36.679,36.877,36.4712,36.5751,1010728
2006-07-11,37.0749,37.1838,36.1842,36.5899,1737506
2006-07-12,36.2534,36.9561,36.2435,36.9116,1758383
2006-07-13,36.1248,36.392,35.9565,36.0555,1291485
2006-07-14,35.8773,36.1248,35.5804,35.9961,1199824
2006-07-17,36.4415,36.4811,35.7883,36.1842,841148
2006-07-18,36.3326,36.6196,35.9862,36.3722,1308022
2006-07-19,37.3025,37.55,36.4811,36.6196,2388361
2006-07-20,37.4015,37.7677,37.3223,37.6094,3852673
2006-07-21,37.5005,37.7776,36.9858,37.6786,2367579
2006-07-24,37.9855,38.1339,37.4807,37.55,2180299
2006-07-25,37.5401,37.9855,37.3619,37.7479,2134153
2006-07-26,37.5995,37.7677,37.3223,37.5401,1478927
2006-07-27,37.2333,37.6687,37.1046,37.6094,1618674
2006-07-28,38.1042,38.223,37.1739,37.2234,1609426
2006-07-31,37.7479,38.0745,37.6094,37.8766,1534977
2006-08-01,37.8271,37.8766,37.5302,37.6094,1247040
2006-08-02,37.6885,37.9261,37.5995,37.9261,1076282
2006-08-03,37.9558,38.0448,37.6193,37.6885,1410073
2006-08-04,38.609,38.7376,38.0745,38.1438,4003073
2006-08-07,38.8069,38.8613,38.4803,38.5298,1429811
2006-08-08,38.995,39.4007,38.9356,38.9455,3225044
2006-08-09,38.9257,39.3513,38.8663,39.1929,2268805
2006-08-10,38.7871,39.0444,38.5595,38.9356,1779148
2006-08-11,38.7574,38.797,38.3714,38.7178,1195257
2006-08-14,38.7277,38.9257,38.5496,38.7772,967530
2006-08-15,39.2721,39.3018,38.9059,39.2121,1276905
2006-08-16,39.6977,39.7373,39.2523,39.4007,1832075
2006-08-17,39.5195,39.7669,39.1484,39.7669,1859640
2006-08-18,39.5195,39.757,39.3414,39.757,1300275
2006-08-21,39.4106,39.5393,39.282,39.3711,1135814
2006-08-22,39.0939,39.4007,39.0741,39.3414,1641993
2006-08-23,38.9752,39.3315,38.9257,39.183,1197613
2006-08-24,39.1038,39.381,39.0444,39.1434,1025547
2006-08-25,39.0444,39.2919,38.9257,38.9257,1205003
2006-08-28,39.0741,39.2424,38.8465,38.9554,1326403
2006-08-29,38.9158,39.282,38.6684,39.0049,2029491
2006-08-30,38.896,39.1335,38.6288,39.0148,804018
2006-08-31,38.9356,38.995,38.5397,38.7574,1581225
2006-09-01,39.0642,39.2226,38.9356,39.0939,937185
2006-09-05,38.9158,39.1137,38.797,38.9059,972470
2006-09-06,38.7772,39.0939,38.7475,38.9306,1162877
2006-09-07,38.4011,38.8663,38.3714,38.6684,1771240
2006-09-08,38.6486,38.7772,38.1141,38.5793,1917287
2006-09-11,38.3912,38.6782,38.2626,38.4704,1734015
2006-09-12,38.6782,38.8465,37.6588,37.8172,2766820
2006-09-13,38.6288,38.7475,38.5001,38.5397,1474786
2006-09-14,38.411,38.5397,37.6094,37.7182,2293484
2006-09-15,38.3121,38.5199,38.0844,38.2824,3034535
2006-09-18,37.8964,38.3418,37.8271,38.2527,2065971
2006-09-19,37.6786,38.0151,37.55,37.8667,1840542
2006-09-20,38.2032,38.2923,37.6786,37.8667,1429649
2006-09-21,37.7776,38.3219,37.7281,38.3121,1166891
2006-09-22,38.1537,38.2626,37.6786,37.6786,1813167
2006-09-25,38.51,38.7277,38.0844,38.3121,1869842
2006-09-26,38.9653,39.1038,38.3517,38.6387,2774079
2006-09-27,38.1042,38.797,38.0052,38.7475,2141603
2006-09-28,38.1339,38.2923,37.8568,38.2824,1342269
2006-09-29,37.6885,38.4704,37.6588,37.8667,1473533
2006-10-02,37.7083,37.837,37.5797,37.6193,1077068
2006-10-03,37.6687,37.8271,37.55,37.7875,1357695
2006-10-04,38.2725,38.3418,37.5203,37.5203,1683855
2006-10-05,38.0052,38.3219,37.8964,38.1636,934784
2006-10-06,37.5797,38.0052,37.5302,37.8964,1320524
2006-10-09,38.2428,38.3714,37.3619,37.3718,1605294
2006-10-10,38.0646,38.4011,37.8568,38.3912,1819711
2006-10-11,38.1933,38.3615,37.9063,37.9765,1044853
2006-10-12,38.4011,38.51,38.2131,38.3714,944776
2006-10-13,38.6585,38.7772,38.2725,38.2725,1915090
2006-10-16,38.609,38.7772,38.3714,38.5595,1754056
2006-10-17,38.8168,38.8168,38.1537,38.3517,2845046
2006-10-18,38.8762,39.2028,38.6189,38.9455,1679077
2006-10-19,38.7871,38.9455,38.1933,38.6585,3399314
2006-10-20,38.9653,39.0049,38.3121,38.797,2137842
2006-10-23,39.1137,39.1632,38.8465,38.8861,2085879
2006-10-24,39.0345,39.1335,38.797,39.0148,1538073
2006-10-25,39.0544,39.2919,38.7376,39.2424,1317208
2006-10-26,39.381,39.4304,38.5991,39.0049,1841332
2006-10-27,39.1335,39.3117,39.084,39.1731,1610134
2006-10-30,39.3117,39.5789,39.0247,39.2424,1166858
2006-10-31,39.4403,39.5393,39.2325,39.3414,1612436
2006-11-01,39.1731,39.5888,39.1335,39.4898,1344986
2006-11-02,38.8366,39.0939,38.7871,39.0939,1318453
2006-11-03,39.1038,39.381,38.8465,39.0544,1675815
2006-11-06,39.3216,39.5492,39.0247,39.3117,1612762
2006-11-07,39.3216,39.5888,39.2424,39.3513,1055118
2006-11-08,39.8461,39.8956,39.2424,39.3414,1642904
2006-11-09,39.955,40.0837,39.7472,39.7669,2129879
2006-11-10,39.7867,40.0837,39.5294,40.0243,1253261
2006-11-13,40.0441,40.3014,39.7867,39.8461,1586563
2006-11-14,40.1628,40.2618,39.7867,40.0639,1641464
2006-11-15,40.1133,40.4795,39.9154,40.1331,1476244
2006-11-16,40.4894,40.5785,40.0639,40.1035,1445636
2006-11-17,40.3707,40.4894,40.2816,40.341,1215010
2006-11-20,40.4399,40.5785,40.2618,40.2618,915829
2006-11-21,39.8461,39.9847,39.4898,39.5096,3075684
2006-11-22,39.5888,39.9451,39.5591,39.7768,2300775
2006-11-24,39.5195,39.6779,39.3711,39.3909,1122538
2006-11-27,38.9554,39.5888,38.9158,39.4106,2501492
2006-11-28,38.7178,38.9752,38.5595,38.7426,2873020
2006-11-29,39.0148,39.1137,38.7376,38.8465,1777848
2006-11-30,39.0247,39.183,38.6486,38.8713,2049675
2006-12-01,38.9257,39.1533,38.7376,39.084,1306013
2006-12-04,39.5294,39.5393,39.0049,39.1533,1215256
2006-12-05,39.5888,39.6086,39.183,39.5195,1608255
2006-12-06,39.5096,39.7175,39.4502,39.6581,931569
2006-12-07,39.2226,39.6185,39.2127,39.6185,934326
2006-12-08,39.3018,39.5096,39.1038,39.1038,1167698
2006-12-11,39.5195,39.5987,39.2721,39.3018,1324502
2006-12-12,39.7274,39.8164,39.4403,39.5393,1623320
2006-12-13,39.9847,40.1035,39.6977,39.6977,1575638
2006-12-14,40.2123,40.2915,39.8857,40.1232,1787670
2006-12-15,40.4498,40.529,40.1826,40.1876,3165711
2006-12-18,40.5191,40.5389,40.2915,40.4399,1283572
2006-12-19,40.529,40.5785,40.3509,40.5191,1446496
2006-12-20,40.5587,40.5785,40.3806,40.4598,1432925
2006-12-21,40.7666,40.9348,40.529,40.5785,1552767
2006-12-22,40.4795,40.8061,40.4004,40.7765,1023197
2006-12-26,40.7666,40.7962,40.4598,40.4795,750791
2006-12-27,41.014,41.0734,40.7072,40.9447,1482130
2006-12-28,40.9546,41.1427,40.8061,40.8952,778952
2006-12-29,40.5092,40.7072,40.2123,40.5785,1342045
2007-01-03,40.5587,40.9843,40.341,40.628,1903466
2007-01-04,40.5686,40.6478,40.2024,40.5389,1581395
2007-01-05,39.7669,40.4202,39.5294,40.3905,3167250
2007-01-08,39.5096,39.6977,39.2127,39.6581,3109563
2007-01-09,39.5888,39.8263,39.3216,39.6878,1383261
2007-01-10,39.4898,39.5888,39.3216,39.5195,1296331
2007-01-11,39.5195,39.6878,39.4502,39.4997,1197442
2007-01-12,39.6185,39.8263,39.2721,39.4205,1670659
2007-01-16,39.9352,39.955,39.4898,39.8164,2376697
2007-01-17,39.2325,39.9451,39.084,39.9451,3080568
2007-01-18,39.4898,40.3212,38.7178,39.2919,4138611
2007-01-19,39.183,39.5888,38.6684,39.5888,2882488
2007-01-22,38.797,39.0642,38.6981,39.0049,2071955
2007-01-23,38.6881,38.8663,38.6189,38.797,1294886
2007-01-24,38.9752,38.9752,38.6387,38.7871,1986931
2007-01-25,38.51,38.9257,38.4605,38.896,1597602
2007-01-26,38.7079,38.8069,38.4605,38.5001,3350489
2007-01-29,38.6881,38.9653,38.5793,38.8663,3337509
2007-01-30,38.896,38.9356,38.4605,38.6684,1668101
2007-01-31,39.4898,39.5195,38.7574,38.797,3103484
2007-02-01,39.8263,39.8461,39.4007,39.4898,2793498
2007-02-02,39.9154,40.054,39.6581,39.7274,1978008
2007-02-05,39.9154,40.1549,39.8164,39.955,1673780
2007-02-06,40.1133,40.3905,39.9352,39.955,1620529
2007-02-07,40.4894,40.5785,40.1925,40.242,1781529
2007-02-08,39.9748,40.3905,39.9451,40.3212,1921912
2007-02-09,40.0441,40.1727,39.8065,40.0639,3076897
2007-02-12,40.3311,40.4993,40.0837,40.0837,2451835
2007-02-13,40.628,40.6379,40.2519,40.5092,2072845
2007-02-14,40.6874,40.8457,40.3212,40.6379,2160364
2007-02-15,40.5488,40.7567,40.3905,40.6181,1614569
2007-02-16,40.5587,40.6973,40.4053,40.4301,1682580
2007-02-20,40.7765,40.8754,40.4894,40.5389,1596943
2007-02-21,40.3806,40.6973,40.2519,40.6577,2475612
2007-02-22,40.2618,40.5587,40.0144,40.5092,1571106
2007-02-23,40.1628,40.5191,39.9154,40.4598,1650762
2007-02-26,40.2321,40.7765,40.0243,40.6973,2158585
2007-02-27,39.3117,40.2321,39.1632,40.0936,4254772
2007-02-28,39.8659,39.9946,39.282,39.3117,3921416
2007-03-01,39.6977,39.8362,38.5991,39.3513,5040843
2007-03-02,39.5789,39.9847,39.5294,39.5888,2941883
2007-03-05,38.9851,39.5096,38.9653,39.3711,2449411
2007-03-06,39.7373,39.7867,39.0544,39.1929,2030519
2007-03-07,39.183,39.5888,39.1731,39.5888,2037915
2007-03-08,39.668,39.9154,39.4106,39.5789,2416184
2007-03-09,39.5492,40.0837,39.5492,39.9352,2806801
2007-03-12,39.8065,39.8362,39.2523,39.2919,1764453
2007-03-13,38.2626,39.6581,38.2626,39.6284,4512429
2007-03-14,38.5595,38.609,37.5401,38.411,4103015
2007-03-15,38.9851,39.1038,38.4209,38.5694,2074259
2007-03-16,38.9455,39.3117,38.7871,39.2524,3524020
2007-03-19,39.0741,39.3315,38.9455,38.9455,3640569
2007-03-20,39.2028,39.2721,38.9851,39.084,3772144
2007-03-21,40.0342,40.1529,38.9257,39.1038,4932218
2007-03-22,39.7175,40.0936,39.6086,40.0837,1938693
2007-03-23,39.7175,39.9748,39.6086,39.6531,1098728
2007-03-26,39.6581,39.7472,39.1731,39.7373,3274813
2007-03-27,39.3513,39.6185,39.2721,39.4304,2642987
2007-03-28,38.3121,39.0939,38.2824,38.8663,3509420
2007-03-29,38.5892,38.8465,38.3022,38.6486,2423794
2007-03-30,38.2923,38.7079,37.8667,38.5397,2441894
2007-04-02,37.7083,38.1933,37.4906,38.1933,2856916
2007-04-03,38.2032,38.2725,37.7677,37.8469,2051563
2007-04-04,38.2527,38.4011,38.0745,38.4011,1862444
2007-04-05,38.3912,38.5397,38.1141,38.411,2502030
2007-04-09,37.8766,38.3912,37.7479,38.3566,2246629
2007-04-10,38.2032,38.2626,37.8667,37.8766,1946945
2007-04-11,38.0151,38.2923,37.7479,38.2626,3018501
2007-04-12,37.8667,37.9459,37.5599,37.8667,3261470
2007-04-13,38.0349,38.2032,37.7083,37.8667,3511973
2007-04-16,38.9257,39.4403,38.0646,38.124,5048153
2007-04-17,38.7079,39.0642,38.6585,38.8267,2670958
2007-04-18,39.2226,39.4007,38.5199,38.6981,4301240
2007-04-19,39.6284,39.8857,38.8069,39.183,4769496
2007-04-20,39.7472,39.8263,39.2721,39.5393,5760129
2007-04-23,39.6878,39.8857,39.6284,39.7669,4029701
2007-04-24,39.4799,39.7966,39.3216,39.6779,4393175
2007-04-25,39.9946,40.1035,39.47,39.7175,3538590
2007-04-26,40.2519,40.4598,39.856,39.9253,3489152
2007-04-27,40.4202,40.5191,39.8461,40.1925,2770792
2007-04-30,40.1727,40.6379,40.0837,40.5785,3403789
2007-05-01,40.3707,40.5389,39.8857,40.1628,3978972
2007-05-02,40.4894,40.628,40.3311,40.4498,2538300
2007-05-03,40.8556,40.8655,40.4004,40.6478,2528331
2007-05-04,40.6973,40.915,40.5686,40.8952,2472919
2007-05-07,41.1229,41.1525,40.6973,40.8358,2074636
2007-05-08,40.8358,41.1031,40.7171,40.9645,2369253
2007-05-09,41.0338,41.212,40.7666,40.8358,2037399
2007-05-10,40.4202,41.014,40.4202,40.9843,2270171
2007-05-11,40.6973,41.0635,40.3014,40.7962,1966603
2007-05-14,40.4598,40.826,40.3113,40.7567,1537784
2007-05-15,40.3707,41.0041,40.341,40.4598,2752813
2007-05-16,40.9546,40.9744,40.3311,40.3509,2091129
2007-05-17,40.5884,40.915,40.4993,40.8061,2880902
2007-05-18,40.7369,40.8161,40.5884,40.7567,2928313
2007-05-21,40.9546,41.1229,40.4993,40.5785,2375406
2007-05-22,41.014,41.202,40.3212,40.8358,2970083
2007-05-23,42.3897,42.8747,40.9348,41.1724,8861800
2007-05-24,42.1522,42.3105,41.4693,42.0928,5784789
2007-05-25,42.4887,42.5283,41.9443,42.3699,2809939
2007-05-29,41.9641,42.3897,41.6573,41.7761,4038572
2007-05-30,42.3402,42.4293,41.5682,41.8355,3377047
2007-05-31,41.9245,42.5382,41.8454,42.36,3807885
2007-06-01,42.3402,42.4194,42.0037,42.1027,2643516
2007-06-04,42.2215,42.3105,42.0235,42.2017,2061584
2007-06-05,41.6969,42.1126,41.4891,42.0631,2827506
2007-06-06,41.3505,41.6474,41.2812,41.6474,2951337
2007-06-07,41.113,41.4495,40.7567,41.113,5958045
2007-06-08,41.9542,42.0235,40.8556,41.0239,4675690
2007-06-11,42.1819,42.3006,41.5286,41.8058,2710955
2007-06-12,41.8553,42.3105,41.7365,42.1225,4845033
2007-06-13,42.5085,42.5085,41.8652,41.8849,3933771
2007-06-14,42.1126,42.5382,41.9641,42.5184,2195684
2007-06-15,42.3105,42.558,42.2215,42.4491,3587023
2007-06-18,42.3303,42.4887,42.1126,42.4095,2743178
2007-06-19,42.6173,42.6668,42.2511,42.3501,1829000
2007-06-20,41.9344,42.7559,41.9146,42.7361,2724428
2007-06-21,41.8454,42.1027,41.3406,41.9344,3201390
2007-06-22,40.9249,41.7959,40.826,41.687,6370038
2007-06-25,40.6082,41.4,40.529,40.9546,3627381
2007-06-26,40.4301,40.915,40.4202,40.8952,3544394
2007-06-27,40.59,40.68,39.96,40.33,4228147
2007-06-28,40.27,40.59,40.18,40.45,3520640
2007-06-29,39.77,40.46,39.51,40.22,4303261
2007-07-02,40.37,40.57,39.96,40.06,2408912
2007-07-03,40.66,40.84,40.44,40.55,1715900
2007-07-05,40.28,40.71,40.07,40.54,1992968
2007-07-06,40.06,40.24,39.96,40.15,1926853
2007-07-09,39.76,40.07,39.64,40.06,3950708
2007-07-10,38.75,39.56,38.75,39.52,5327814
2007-07-11,38.99,39.08,38.66,38.75,2785161
2007-07-12,40.47,40.49,38.99,39.19,4073080
2007-07-13,40.79,40.95,40.22,40.28,4492430
2007-07-16,40.5,41.0,40.49,40.59,2617367
2007-07-17,40.65,41.01,40.36,40.37,3587606
2007-07-18,40.11,40.64,39.74,40.53,4885891
2007-07-19,39.55,40.54,39.34,40.54,3404554
2007-07-20,38.69,39.5,38.22,39.27,5194121
2007-07-23,38.78,39.75,38.71,39.62,3571245
2007-07-24,37.54,38.49,37.465,38.44,4713332
2007-07-25,38.23,38.46,37.35,37.67,5043133
2007-07-26,37.18,37.88,36.51,37.8,5433337
2007-07-27,36.78,37.69,36.77,37.41,4265972
2007-07-30,38.07,38.44,36.42,36.52,5724302
2007-07-31,36.89,38.79,36.83,38.12,5373637
2007-08-01,37.19,37.25,36.02,36.64,5426923
2007-08-02,37.48,37.86,37.0,37.09,3386336
2007-08-03,36.09,37.64,36.08,37.56,4743971
2007-08-06,38.82,38.94,35.93,36.38,5638126
2007-08-07,39.53,39.99,37.89,38.39,5410038
2007-08-08,40.1,41.17,37.71,39.57,6862001
2007-08-09,38.61,39.72,37.09,37.85,5530945
2007-08-10,39.22,40.13,37.85,38.36,5447402
2007-08-13,37.61,39.75,37.5,39.54,3748887
2007-08-14,37.42,37.93,37.03,37.71,3111468
2007-08-15,37.38,38.81,37.3,37.35,4780510
2007-08-16,36.39,37.5,35.27,35.98,14401266
2007-08-17,38.03,41.12,37.06,37.77,8053189
2007-08-20,36.91,38.48,36.48,38.01,6484709
2007-08-21,37.2,37.48,36.8,36.9,5237582
2007-08-22,37.15,37.85,36.51,37.53,4057013
2007-08-23,37.01,37.68,36.69,37.53,2109498
2007-08-24,37.01,37.25,36.61,36.92,2967994
2007-08-27,36.4,37.0,36.38,36.75,2600668
2007-08-28,35.36,36.2,35.31,36.17,3712474
2007-08-29,36.27,36.33,35.06,35.645,2787613
2007-08-30,35.42,36.11,35.25,35.9,3092356
2007-08-31,35.69,36.12,35.18,35.82,2523723
2007-09-04,35.69,35.91,35.29,35.55,3141409
2007-09-05,34.73,35.41,34.36,35.39,4491701
2007-09-06,35.25,35.32,34.64,34.95,3613321
2007-09-07,34.79,35.29,34.42,34.83,3220469
2007-09-10,35.06,35.45,34.41,34.88,2330772
2007-09-11,34.8,35.8,34.51,35.06,4148632
2007-09-12,34.42,34.83,34.32,34.77,3017423
2007-09-13,34.41,34.89,34.21,34.68,3812329
2007-09-14,34.77,34.83,34.19,34.54,3057141
2007-09-17,34.72,34.87,34.43,34.63,1625394
2007-09-18,36.64,36.64,34.8,34.89,4307405
2007-09-19,36.5,37.82,36.23,36.97,3265886
2007-09-20,35.41,36.7,35.35,36.37,2950219
2007-09-21,35.23,35.88,34.8,35.85,4967225
2007-09-24,34.61,35.3,34.6,35.14,2667640
2007-09-25,34.8399,34.86,34.22,34.54,2653918
2007-09-26,34.21,34.81,34.08,34.78,2402136
2007-09-27,34.22,34.48,34.03,34.22,1495906
2007-09-28,33.88,34.35,33.6,34.15,2507738
2007-10-01,34.31,34.4,33.67,33.83,2814374
2007-10-02,34.55,34.79,34.33,34.55,2099393
2007-10-03,34.68,35.02,34.26,34.53,3028986
2007-10-04,34.89,35.04,34.73,34.84,2522792
2007-10-05,35.08,35.34,34.71,35.16,2212378
2007-10-08,34.95,35.22,34.81,34.97,1929013
2007-10-09,35.05,35.18,34.77,35.0,2406594
2007-10-10,34.16,35.06,34.15,34.97,3277466
2007-10-11,33.68,34.43,33.61,34.31,4066742
2007-10-12,33.0399,33.86,32.91,33.71,5778057
2007-10-15,32.64,33.4,32.42,33.13,4447321
2007-10-16,31.13,32.74,31.05,32.65,8225802
2007-10-17,31.0,31.63,30.53,31.51,11639794
2007-10-18,30.48,30.94,30.1,30.9,4827221
2007-10-19,29.97,31.33,29.97,31.3,7902408
2007-10-22,29.9,30.2,29.57,30.0,3832223
2007-10-23,29.98,30.59,29.57,30.19,5270980
2007-10-24,29.27,29.81,28.575,29.5,7835359
2007-10-25,29.15,29.93,28.97,29.22,8879080
2007-10-26,29.62,29.74,29.08,29.59,7426528
2007-10-29,29.7,29.98,29.42,29.7,5802305
2007-10-30,30.66,30.72,29.53,29.59,12263306
2007-10-31,31.28,31.52,30.67,30.73,10703194
2007-11-01,29.92,30.9,29.82,30.82,7486097
2007-11-02,29.84,30.41,29.3,29.79,7119997
2007-11-05,29.59,29.89,29.1,29.74,4573143
2007-11-06,29.73,29.95,29.0,29.6,5035982
2007-11-07,27.78,29.29,27.72,29.24,6208456
2007-11-08,28.46,28.53,27.43,27.86,9025580
2007-11-09,28.83,29.47,27.8,27.97,4854238
2007-11-12,28.99,29.94,28.66,28.89,6910425
2007-11-13,29.91,29.94,29.03,29.25,5195364
2007-11-14,29.15,30.47,29.05,30.08,3686743
2007-11-15,28.18,29.23,27.97,28.82,4363192
2007-11-16,27.81,28.45,27.59,28.13,4669394
2007-11-19,27.51,27.91,27.0,27.75,4819942
2007-11-20,27.35,28.12,26.5,27.39,4786290
2007-11-21,27.16,27.88,26.7901,27.27,5193499
2007-11-23,28.04,28.29,27.16,27.24,1700912
