Price,Close,High,Low,Open,Volume
Ticker,GE,GE,GE,GE,GE
Date,,,,,
1999-11-24,39.4845,39.9172,39.3749,39.7009,9796363
1999-11-26,39.1239,39.7009,39.1239,39.4124,5393030
1999-11-29,38.4028,38.9422,38.2384,38.9422,13433333
1999-11-30,37.5374,38.3653,37.4653,38.0047,15548484
1999-12-01,38.798,38.9249,37.5172,37.572,16626060
1999-12-02,38.8528,39.2682,38.4547,39.2682,11246666
1999-12-03,39.3028,40.0614,39.1037,39.1413,17026362
1999-12-06,39.5855,39.9691,39.2307,39.3201,10159393
1999-12-07,40.3845,40.3845,39.3749,39.9518,17153938
1999-12-08,40.7509,41.2499,39.9518,39.9518,19751514
1999-12-09,41.4114,41.8095,40.7104,41.6105,19525150
1999-12-10,42.5307,42.6576,41.3941,41.4114,17358180
1999-12-13,42.9258,43.0528,42.0259,42.4412,18501514
1999-12-14,43.2345,43.4133,42.6576,42.9807,23435454
1999-12-15,41.6278,43.3787,41.5557,43.2345,19852726
1999-12-16,42.5855,42.5855,41.4663,42.1528,17923332
1999-12-17,43.8115,44.6393,42.5855,42.6201,64196364
1999-12-20,44.2124,44.4951,43.7912,44.2066,23375150
1999-12-21,45.522,45.6489,44.2066,44.3336,19426060
1999-12-22,45.6638,46.0253,44.8684,45.8084,18743636
1999-12-23,45.5539,46.0601,45.12,45.953,12177575
1999-12-27,46.1324,46.1324,45.1027,45.6262,12423939
1999-12-28,45.4816,45.8431,45.1374,45.8258,11753333
1999-12-29,45.282,45.6985,45.1924,45.6985,9010909
1999-12-30,44.8308,45.4816,44.6689,45.4816,8456363
1999-12-31,44.7585,45.013,44.4866,44.7585,5943333
2000-01-03,43.3847,44.4519,43.1504,44.2523,22292726
2000-01-04,41.6493,42.8062,41.6493,42.5893,22344848
2000-01-05,41.577,42.517,41.2328,41.577,27568484
2000-01-06,42.1323,42.4996,41.253,41.3977,20073938
2000-01-07,43.7635,43.9284,42.517,42.8062,20344848
2000-01-10,43.7462,44.5589,43.7115,44.1627,15380303
2000-01-11,43.8185,44.1627,43.5669,43.6739,15275757
2000-01-12,43.9631,44.3246,43.5466,43.6912,18527574
2000-01-13,44.4693,44.8135,44.2523,44.29,15104545
2000-01-14,43.6739,44.7238,43.2574,44.3623,18666968
2000-01-18,42.8062,43.2776,42.4447,43.2776,18481514
2000-01-19,43.0144,43.6566,42.3,42.3723,14999696
2000-01-20,42.2104,43.3124,41.253,43.1128,31069696
2000-01-21,41.6869,42.8785,41.6319,42.7888,24247878
2000-01-24,39.9515,42.2104,39.4627,42.0282,27390000
2000-01-25,40.0585,40.6023,39.6246,39.9312,25643938
2000-01-26,40.9089,41.1258,40.1684,40.637,16016969
2000-01-27,40.9985,40.9985,39.642,40.9436,19437878
2000-01-28,38.7569,40.637,38.6499,40.582,30148180
2000-01-31,38.7569,39.3181,38.4851,38.7569,22002726
2000-02-01,39.3354,39.6246,38.7569,38.8293,27615150
2000-02-02,38.7743,39.8069,38.7743,39.6623,22040606
2000-02-03,40.2754,40.4374,39.1185,39.3181,20436362
2000-02-04,40.9436,41.3977,40.637,40.7816,18350606
2000-02-07,39.48,40.9985,39.3007,40.9811,18469696
2000-02-08,39.642,40.0411,39.48,39.4974,18883938
2000-02-09,38.7743,39.8242,38.7743,39.6246,16185757
2000-02-10,39.1735,39.6073,38.5053,38.9189,19361212
2000-02-11,38.6846,39.7143,38.6297,39.0635,20760000
2000-02-14,38.8669,39.3181,38.6297,38.6846,14688787
2000-02-15,39.7693,40.2031,38.7396,38.7569,19013636
2000-02-16,39.2371,39.6073,38.8669,39.5176,14677575
2000-02-17,37.8893,39.2284,37.6,39.0115,29211212
2000-02-18,36.1886,38.1611,36.1365,37.8893,35684240
2000-02-22,37.493,37.6,36.1712,36.5154,27506060
2000-02-23,37.7446,38.4504,37.1315,37.6,22177878
2000-02-24,37.8893,38.4504,36.4605,37.6897,27897574
2000-02-25,36.4778,37.8719,36.3534,37.4554,26938786
2000-02-28,37.4381,38.2508,36.4431,36.4431,27316060
2000-02-29,38.2884,38.7569,37.6376,37.7823,22803030
2000-03-01,37.9991,38.7223,37.817,38.6124,26958484
2000-03-02,39.1185,39.373,37.8545,37.9991,20085756
2000-03-03,40.313,40.637,39.642,39.6969,24003938
2000-03-06,39.8721,40.4698,39.0569,40.4698,18685454
2000-03-07,37.6963,39.8547,37.6064,39.8547,29928786
2000-03-08,37.8037,38.4216,37.441,37.7863,24156666
2000-03-09,37.4236,38.294,36.8985,37.8037,19096060
2000-03-10,38.204,38.8916,37.7137,37.969,20908786
2000-03-13,37.5513,37.8588,37.0233,37.4236,19455454
2000-03-14,36.8434,37.6412,36.7883,37.6064,19263030
2000-03-15,38.7465,39.0743,36.6258,36.8057,26172726
2000-03-16,40.3247,40.4524,38.7291,38.7842,30307878
2000-03-17,40.58,41.0326,39.7996,40.0723,32184848
2000-03-20,40.8875,41.1225,39.9273,40.58,15753939
2000-03-21,43.6609,43.9336,40.052,40.2522,37519392
2000-03-22,43.7712,44.0787,43.1184,43.6609,21930908
2000-03-23,46.4169,46.4169,43.7886,43.951,31637574
2000-03-24,46.1442,46.3444,45.2391,45.7294,23310000
2000-03-27,45.8193,46.0543,45.329,45.7642,16573333
2000-03-28,45.2565,46.0195,45.2565,45.4741,22032424
2000-03-29,47.2873,47.8327,45.6569,45.6569,39526364
2000-03-30,46.0543,47.1422,45.7091,46.9971,25219090
2000-03-31,45.1492,46.3821,44.8939,46.1994,23667878
2000-04-03,46.7071,46.7071,44.9664,45.0389,19376060
2000-04-04,44.6763,46.092,42.6833,45.9992,33363636
2000-04-05,44.4761,44.9664,43.716,44.1338,21635150
2000-04-06,45.5118,45.7468,44.6937,44.7314,13930606
2000-04-07,46.0717,46.3618,45.3116,45.7294,13461212
2000-04-10,46.2545,46.7071,45.8019,46.2371,14378181
2000-04-11,46.8898,47.5425,45.7294,45.9267,21214544
2000-04-12,45.4741,47.3598,45.2565,47.1799,19639392
2000-04-13,43.6609,45.6743,43.5159,45.6569,25754544
2000-04-14,42.2829,43.5536,41.5025,42.9356,31965150
2000-04-17,44.0961,44.4587,41.7404,41.8855,32274242
2000-04-18,45.4016,45.8193,44.0787,44.3311,25694848
2000-04-19,45.1115,45.4915,44.714,45.2739,14293333
2000-04-20,45.9818,45.9818,45.1115,45.2739,17229090
2000-04-24,47.0145,47.56,45.3465,45.5466,24257272
2000-04-25,48.1576,48.2475,46.6722,47.0697,23085454
2000-04-26,47.3598,48.7204,46.797,48.1953,21548786
2000-04-27,46.8521,46.9798,45.8919,46.562,20431514
2000-04-28,45.6191,46.9971,45.419,46.8173,14276666
2000-05-01,46.2371,46.9971,45.7642,46.1268,12612727
2000-05-02,46.7245,46.942,45.8919,46.1268,12853636
2000-05-03,45.2739,46.4169,44.8388,46.2719,16762424
2000-05-04,44.6763,45.6917,44.3137,45.6743,15566666
2000-05-05,45.8368,46.4169,44.5313,44.6763,20894848
2000-05-08,46.1005,46.4873,45.3884,45.828,11676500
2000-05-09,45.828,46.3202,44.7291,46.0477,13439400
2000-05-10,44.5093,45.7664,44.0082,45.2741,15059400
2000-05-11,44.7818,46.0477,44.6148,45.2741,13437300
2000-05-12,45.9334,46.2675,44.562,44.6675,10713800
2000-05-15,47.4719,47.8587,45.9334,45.9862,13556300
2000-05-16,47.6917,48.518,47.4719,48.1839,16931900
2000-05-17,47.1466,47.8059,46.7071,47.2521,11294900
2000-05-18,46.7071,47.8059,46.4873,47.0323,12866900
2000-05-19,45.6082,46.3202,44.8345,45.828,12893000
2000-05-22,43.9554,45.6082,42.8565,45.6082,16754600
2000-05-23,43.9554,43.9554,43.0236,43.2433,12092000
2000-05-24,44.6148,45.0543,43.0763,43.0763,14942600
2000-05-25,44.6148,45.5466,43.7357,44.6148,11438500
2000-05-26,43.5686,44.7818,43.3488,44.3423,8866300
2000-05-30,45.0543,45.2741,43.4104,43.7884,12945500
2000-05-31,46.2675,46.8653,45.2741,45.4939,14464600
2000-06-01,46.0477,46.9268,44.6148,45.7664,12817600
2000-06-02,46.373,47.4719,45.4939,46.8653,12014700
2000-06-05,45.3268,45.9334,44.8873,45.7137,9592300
2000-06-06,45.0016,45.5466,44.4477,45.2741,7964800
2000-06-07,45.1686,46.1005,44.8345,44.9488,9976600
2000-06-08,44.7291,45.3884,44.395,45.2741,8691800
2000-06-09,43.8499,45.0543,43.2961,44.8873,10962800
2000-06-12,43.8499,44.0697,42.584,43.9554,12246200
2000-06-13,45.0016,45.3268,43.7357,43.9554,13406400
2000-06-14,44.8345,45.5466,44.228,45.0543,10300100
2000-06-15,45.6082,45.7137,43.9554,44.395,11984300
2000-06-16,44.9488,45.8807,44.8785,45.7137,18995100
2000-06-19,44.1752,45.4939,43.9554,44.6675,9807400
2000-06-20,44.8345,45.6609,44.0697,45.6609,11161600
2000-06-21,43.4631,44.2895,43.2433,44.0082,13845200
2000-06-22,42.8565,43.9554,42.1444,43.2433,15694200
2000-06-23,43.8499,43.8499,42.6895,42.8038,10195700
2000-06-26,43.9027,44.0082,43.1291,43.4104,9103300
2000-06-27,43.2961,44.228,43.1291,43.9554,9813100
2000-06-28,44.4389,44.6675,43.5686,43.7357,13246800
2000-06-29,43.7357,44.395,43.3488,44.395,12893000
2000-06-30,46.5928,46.6894,43.1291,43.2961,19076300
2000-07-03,45.7137,46.1532,45.1686,46.1532,6604600
2000-07-05,44.0201,46.0563,43.6322,46.0563,13558000
2000-07-06,44.2404,44.9544,43.9055,44.1259,9616500
2000-07-07,45.2277,45.3952,44.3462,44.7341,9937800
2000-07-10,46.2237,46.3912,45.069,45.2277,12246700
2000-07-11,46.0563,47.0523,45.8888,46.1091,12912600
2000-07-12,47.3785,47.493,46.0563,47.493,10783100
2000-07-13,46.2766,47.5988,45.783,46.9377,16100500
2000-07-14,45.3952,46.2766,45.3952,46.1091,11123900
2000-07-17,47.3256,47.9866,45.4481,45.4481,18369600
2000-07-18,46.0563,47.3785,46.0563,47.2727,11987500
2000-07-19,46.497,46.9906,46.3295,46.6645,9531300
2000-07-20,47.8721,48.2599,46.5499,46.8848,11220500
2000-07-21,47.7134,48.2599,47.2727,48.1541,13019700
2000-07-24,47.5988,48.1541,47.2727,47.7663,9440000
2000-07-25,47.211,47.7663,47.1581,47.5988,8467800
2000-07-26,45.9505,47.5459,45.9505,47.5459,16765300
2000-07-27,46.2766,46.7702,46.0563,46.3912,13786600
2000-07-28,44.9016,46.3912,44.4079,46.2766,13406700
2000-07-31,45.5626,46.6116,45.3423,45.5098,17194200
2000-08-01,46.497,46.6116,45.6684,45.783,13002900
2000-08-02,45.8359,46.5499,45.3952,46.2237,15445700
2000-08-03,46.6116,47.493,45.7301,47.493,12935400
2000-08-04,47.0523,47.1581,45.1219,45.7301,9088500
2000-08-07,46.3912,47.2727,45.9505,45.9505,7729700
2000-08-08,47.3785,47.4313,45.8359,46.7702,8808200
2000-08-09,49.3089,49.5292,47.2727,47.493,21437700
2000-08-10,50.2432,50.4107,48.921,49.256,18241700
2000-08-11,49.8554,50.5782,49.1414,49.4763,12111100
2000-08-14,50.2432,50.4107,49.1943,49.6967,7795000
2000-08-15,50.4636,50.5782,49.5292,50.0228,10792200
2000-08-16,50.0757,50.4636,49.5292,50.4636,7451700
2000-08-17,49.97,50.4636,49.3618,49.635,10330000
2000-08-18,49.5292,49.8025,49.1414,49.5292,8319800
2000-08-21,49.8554,50.2961,49.4763,49.97,7814200
2000-08-22,49.5821,50.1903,49.4146,49.9171,8087500
2000-08-23,51.0718,51.1776,49.4763,49.5821,11312800
2000-08-24,51.9532,52.4997,50.9043,51.1776,11981300
2000-08-25,52.2265,52.4997,51.9003,52.059,8098400
2000-08-28,52.8876,53.3283,52.394,52.4468,12556000
2000-08-29,52.7818,52.8347,52.1736,52.4997,8230700
2000-08-30,50.6839,52.2794,50.3578,52.1207,10482400
2000-08-31,51.68,52.2794,50.4107,50.4636,11900600
2000-09-01,51.5654,52.6143,50.9572,52.2265,7741000
2000-09-05,50.9572,51.9532,50.9572,51.5125,9308200
2000-09-06,52.0061,52.2265,51.5654,51.9532,14609500
2000-09-07,52.0061,52.1736,51.2922,51.9003,8031500
2000-09-08,52.7818,52.8876,51.3451,51.8386,10879400
2000-09-11,52.6143,52.9405,51.7329,52.4468,11777500
2000-09-12,52.059,52.6672,51.9532,52.4468,10180000
2000-09-13,52.059,52.5615,51.6183,51.8386,7604800
2000-09-14,52.0061,52.3411,51.3979,52.1736,7924800
2000-09-15,50.0228,51.68,49.6967,51.5654,20244200
2000-09-18,50.6839,51.4596,49.9171,49.97,12821300
2000-09-19,50.2432,51.0718,49.9171,50.7368,11888400
2000-09-20,49.9171,50.2961,48.4803,49.9171,14211900
2000-09-21,49.5821,51.0189,48.9739,49.0356,10721700
2000-09-22,50.5165,51.1247,48.5949,51.0189,14249900
2000-09-25,51.1776,51.3979,50.1374,50.2432,11003200
2000-09-26,51.1247,51.8386,50.2961,50.2961,14044800
2000-09-27,52.394,52.4468,50.9572,51.2922,14682200
2000-09-28,52.0061,52.6672,51.68,52.1736,11164700
2000-09-29,51.0773,52.0226,50.9712,51.5809,10709500
2000-10-02,51.6869,52.0226,51.0243,51.2451,11895100
2000-10-03,52.1817,52.9062,51.6869,51.8018,12229500
2000-10-04,52.0226,52.7913,51.8018,52.0226,11419200
2000-10-05,52.7913,52.9592,51.9078,52.2435,11778600
2000-10-06,52.5174,52.9592,51.0773,52.5704,14005500
2000-10-09,51.6869,52.8443,51.6339,52.2435,9687600
2000-10-10,51.2981,52.2965,50.8564,51.9078,11007800
2000-10-11,50.0347,50.9712,48.8684,50.1407,18511200
2000-10-12,48.1527,50.4765,47.711,49.9728,17409000
2000-10-13,50.3616,50.9182,48.1527,48.2676,15552900
2000-10-16,51.0243,51.1391,50.0347,50.3616,12994200
2000-10-17,49.1512,50.9712,48.5415,50.9712,16856000
2000-10-18,49.0363,49.3102,46.7214,47.4901,18415100
2000-10-19,49.1512,49.425,48.3736,49.0363,13189000
2000-10-20,46.0588,48.8154,45.617,48.3736,18000100
2000-10-23,43.9559,45.9439,43.2933,45.617,71299296
2000-10-24,47.1632,47.1632,44.2298,44.6186,45995300
2000-10-25,46.7744,47.6049,46.0588,47.1632,29252400
2000-10-26,46.0588,47.1632,45.3961,46.8274,18670400
2000-10-27,46.1648,46.9953,45.776,46.5536,15464000
2000-10-30,47.711,47.711,46.1648,46.3326,18234800
2000-10-31,48.4266,48.5415,47.5431,47.8258,17172100
2000-11-01,48.0997,48.5415,47.6049,48.3736,15900200
2000-11-02,47.437,48.5945,47.2692,47.9319,14338200
2000-11-03,47.1013,47.6049,46.7744,47.5431,12062500
2000-11-06,48.1527,48.2058,47.1013,47.3222,11944700
2000-11-07,48.5415,48.6475,47.9319,48.1527,9680200
2000-11-08,48.2058,48.8154,47.8258,48.4885,9482600
2000-11-09,48.2058,48.4885,46.9423,47.764,12295100
2000-11-10,47.6049,48.5415,47.0483,47.4901,12252700
2000-11-13,45.4491,47.0483,44.6186,45.9439,18458500
2000-11-14,46.6065,46.9423,45.2813,45.4491,14707500
2000-11-15,46.3857,46.8804,45.5551,46.2796,12136300
2000-11-16,46.5005,47.3222,45.9969,46.1648,10313200
2000-11-17,45.8379,47.2162,45.2282,46.5536,11987700
2000-11-20,44.2298,45.8909,44.0708,45.2813,14794900
2000-11-21,44.8395,45.5551,44.2298,44.2298,12194000
2000-11-22,42.9045,44.2298,42.7455,44.1768,22223500
2000-11-24,43.629,44.0089,43.3463,43.735,6303000
2000-11-27,43.4081,44.8925,43.4081,44.2917,16086000
2000-11-28,44.0089,44.5921,43.0724,43.4081,14812300
2000-11-29,43.9029,45.0073,43.2933,43.5142,12740000
2000-11-30,43.7881,44.2298,42.3567,43.5142,20149100
2000-12-01,45.0604,45.4491,44.4507,44.9543,18202900
2000-12-04,45.617,45.8379,44.8925,45.0604,11993500
2000-12-05,47.8258,48.1527,45.617,45.723,19991000
2000-12-06,47.6579,47.8258,46.7214,47.3222,15878700
2000-12-07,47.2692,47.8258,46.9423,46.9423,10359200
2000-12-08,48.7624,49.0893,47.9849,48.1527,16858500
2000-12-11,48.8684,49.6459,48.0467,48.7624,16445000
2000-12-12,46.6596,48.6475,46.2178,47.6049,25319900
2000-12-13,46.8274,47.3841,46.6065,46.6596,17563400
2000-12-14,45.4491,46.6596,45.4491,46.6065,15750200
2000-12-15,44.0089,45.2813,43.5142,44.5126,35899600
2000-12-18,45.0604,45.4491,44.6186,44.6716,13941300
2000-12-19,44.2917,45.4491,44.2917,45.0604,15377800
2000-12-20,41.9149,43.682,41.9149,42.9045,20264400
2000-12-21,42.3037,42.8515,41.6941,42.021,19675700
2000-12-22,43.1873,43.629,42.3037,42.5246,11699900
2000-12-26,43.5672,43.682,42.4627,42.9664,9113800
2000-12-27,42.718,44.1008,42.718,43.6044,12231700
2000-12-28,42.9395,43.6044,42.2215,43.3828,12562000
2000-12-29,42.4963,43.2675,42.2215,42.9927,10983300
2001-01-02,38.7821,41.5567,37.7893,41.4414,36837700
2001-01-03,42.3811,42.4963,38.8353,39.2253,39205800
2001-01-04,42.6027,43.2144,41.7783,41.9379,26926400
2001-01-05,41.9379,42.3811,40.8918,42.3279,22790400
2001-01-08,40.3866,41.8847,39.5622,41.8847,23210900
2001-01-09,39.5622,40.9982,38.7821,40.7234,20066000
2001-01-10,39.6154,40.0054,38.2857,39.1189,24805300
2001-01-11,41.273,41.6631,40.1118,40.4486,23599100
2001-01-12,40.5018,41.6099,39.8902,41.4946,16802900
2001-01-16,41.9999,42.1595,40.4486,40.5018,19758500
2001-01-17,41.3883,42.9927,41.1666,42.5495,24412000
2001-01-18,42.2215,42.6027,41.3351,41.9999,19290300
2001-01-19,41.6631,42.6648,41.3351,42.3811,19360100
2001-01-22,40.555,41.9999,40.2802,41.5567,20691900
2001-01-23,41.3883,41.7783,40.8918,41.2198,21121600
2001-01-24,41.0514,41.8315,40.6082,41.2198,19145100
2001-01-25,40.7234,41.8315,40.6082,41.1134,20812100
2001-01-26,39.5622,41.4946,39.5001,41.1666,26858500
2001-01-29,39.3406,40.9982,39.0037,39.7749,23027200
2001-01-30,40.9982,41.0159,39.376,39.6774,19843100
2001-01-31,40.7589,41.6187,40.3866,41.4414,21346100
2001-02-01,40.9805,41.4237,40.688,41.2198,17586900
2001-02-02,41.0248,41.5744,40.6436,40.9982,16040500
2001-02-05,42.4165,42.6381,40.8209,41.1134,21847000
2001-02-06,42.1949,42.6293,41.8403,42.4165,15962600
2001-02-07,41.6187,42.3722,41.3262,42.257,13031100
2001-02-08,41.7872,42.6825,41.6897,42.3279,17708500
2001-02-09,40.4752,41.796,40.2359,41.7872,18478700
2001-02-12,42.1152,42.3899,40.4752,40.4752,17953200
2001-02-13,41.8049,42.5406,41.7783,42.2481,14322100
2001-02-14,41.0071,41.8315,40.883,41.8049,13239700
2001-02-15,42.5318,42.6381,40.9096,41.0425,24011600
2001-02-16,41.6631,41.9556,41.0071,41.2198,16917000
2001-02-20,42.2747,42.8243,41.8138,41.8403,20032300
2001-02-21,41.929,42.9484,41.8581,42.2836,18497500
2001-02-22,41.7517,42.1063,40.8298,41.9733,22901300
2001-02-23,40.9362,41.6631,39.9079,41.2642,23368500
2001-02-26,42.5318,42.5584,40.9539,41.6631,21073600
2001-02-27,42.5495,42.5495,41.6631,42.0885,22578900
2001-02-28,41.2198,42.7623,40.422,42.5495,26553400
2001-03-01,40.6968,40.8387,39.8104,40.3334,23957800
2001-03-02,39.509,40.4752,39.4646,40.2004,21981100
2001-03-05,40.1068,40.3559,39.6798,39.8132,16671900
2001-03-06,40.4093,41.4591,40.3203,41.1477,15691600
2001-03-07,40.9075,41.1567,40.4538,40.4538,13889500
2001-03-08,40.8097,41.2456,40.0356,41.0588,16572100
2001-03-09,38.9769,40.3648,38.6566,40.2581,19891300
2001-03-12,35.2314,38.5232,34.3417,38.2563,45708300
2001-03-13,37.6602,37.8114,36.2545,36.9218,42939700
2001-03-14,36.5036,37.589,35.6762,36.2545,35437100
2001-03-15,36.5481,37.2332,36.21,36.9218,24847700
2001-03-16,36.121,37.1442,35.6762,35.9431,44851000
2001-03-19,36.5659,37.0285,35.7207,36.21,20831800
2001-03-20,35.6317,37.4556,35.5872,36.9218,22324400
2001-03-21,34.6976,36.121,34.5819,35.6317,26840800
2001-03-22,33.541,34.5285,32.4022,34.4751,55941400
2001-03-23,35.5784,35.5784,33.9413,34.4751,45736600
2001-03-26,35.7918,36.4769,35.6317,36.0321,31143900
2001-03-27,37.2865,37.5801,36.0765,36.2545,36552300
2001-03-28,36.9663,37.0107,36.299,36.6993,26863900
2001-03-29,36.8328,36.904,36.21,36.7438,26964700
2001-03-30,37.242,37.2954,36.6726,37.1442,29428100
2001-04-02,37.1887,37.9449,36.3702,36.9396,24248400
2001-04-03,35.3026,37.0018,34.9289,36.9663,23599300
2001-04-04,35.2314,36.388,34.7331,35.1869,26831300
2001-04-05,37.4556,37.589,36.121,36.4769,23794700
2001-04-06,36.6282,37.0997,35.8986,36.9663,24653200
2001-04-09,37.3666,37.7225,36.6726,36.8684,17781300
2001-04-10,38.9947,40.5072,37.9004,38.0338,26111100
2001-04-11,38.4965,39.5908,38.0338,39.5018,20147900
2001-04-12,39.7687,39.7687,38.452,38.7456,17265300
2001-04-16,39.7243,39.8132,39.0659,39.6175,14130200
2001-04-17,40.4449,40.4716,39.1371,39.2349,20507400
2001-04-18,42.6068,42.6691,40.4983,40.8186,36439500
2001-04-19,43.1584,43.194,42.1086,42.2598,22062000
2001-04-20,42.7937,43.1584,42.2598,43.1584,23271000
2001-04-23,41.993,42.4912,41.7083,42.4823,16211900
2001-04-24,40.9164,42.5268,40.8275,41.815,18614500
2001-04-25,42.5357,43.1317,41.2812,41.5481,17857800
2001-04-26,43.8613,43.9413,43.1406,43.5499,21044300
2001-04-27,44.4396,44.4396,42.9627,43.8613,15681300
2001-04-30,43.1762,44.493,42.7136,44.4752,18249000
2001-05-01,43.5143,43.5499,42.5268,42.7492,13067400
2001-05-02,43.6833,43.9858,42.8115,43.6211,18119600
2001-05-03,43.1496,43.6922,42.7136,43.6833,18467500
2001-05-04,44.4218,44.4663,42.2687,42.3488,18312700
2001-05-07,44.4485,44.4841,44.0214,44.4218,14729900
2001-05-08,44.0214,44.4841,43.3364,44.4485,15135700
2001-05-09,43.9769,44.8399,43.3809,43.5944,23099200
2001-05-10,44.3328,44.662,43.9591,44.6175,13567900
2001-05-11,43.6033,44.4841,43.1584,44.3417,11873400
2001-05-14,44.2438,44.4752,43.4075,43.6033,10972200
2001-05-15,44.6175,44.8043,43.8613,44.2438,17834400
2001-05-16,46.4502,46.4859,44.1726,44.4752,24480600
2001-05-17,46.3613,46.8239,45.9965,46.2634,19454400
2001-05-18,47.1442,47.1442,46.21,46.3613,17302000
2001-05-21,47.509,47.6424,46.8862,47.1442,18244600
2001-05-22,46.8684,47.4111,45.9965,47.2866,17378900
2001-05-23,45.6851,47.0019,45.5428,46.6638,15999000
2001-05-24,45.7296,46.2011,45.1513,45.5961,13074600
2001-05-25,44.4396,45.5517,44.0837,45.5517,15636600
2001-05-29,44.1905,44.9734,44.1726,44.831,13017600
2001-05-30,43.6122,44.5285,43.5944,44.1905,15599400
2001-05-31,43.5944,44.1726,43.372,43.7278,13387600
2001-06-01,43.5944,43.9591,42.7047,43.5855,13459400
2001-06-04,43.9947,44.146,43.5143,43.6833,13800700
2001-06-05,43.7545,43.9058,43.2563,43.7723,15232800
2001-06-06,43.372,43.8524,43.0695,43.5944,14017700
2001-06-07,43.5143,43.5766,42.8559,43.372,11148600
2001-06-08,42.8292,43.452,42.5179,43.452,16805800
2001-06-11,42.1709,43.5499,42.0107,42.5712,17879500
2001-06-12,43.3898,43.8346,41.1567,42.1709,37572800
2001-06-13,42.5712,43.8524,42.4378,42.7937,33105200
2001-06-14,43.4698,44.6709,42.5712,43.3898,60128100
2001-06-15,43.4253,43.9058,42.7047,42.9716,43756900
2001-06-18,43.5944,44.235,43.1851,43.5944,20103000
2001-06-19,43.4787,44.4663,43.372,44.3061,22588200
2001-06-20,45.1691,45.2403,43.2118,43.3275,30002600
2001-06-21,45.5961,46.6371,44.8221,44.8399,31969300
2001-06-22,46.1389,46.646,45.4538,45.4627,24614400
2001-06-25,44.7065,46.8061,44.6175,45.9965,27093700
2001-06-26,43.4075,44.4574,43.3987,43.5944,30804400
2001-06-27,42.936,43.6833,42.4734,43.3275,27011000
2001-06-28,43.4787,43.9947,42.162,42.4823,23575000
2001-06-29,43.5944,45.4538,43.1317,43.5944,52690300
2001-07-02,44.662,44.662,43.4876,43.5232,23182900
2001-07-03,44.0481,44.3951,43.8257,44.0392,17570200
2001-07-05,43.2644,44.0945,43.2019,43.5589,19462700
2001-07-06,41.8541,43.0502,41.5952,43.0234,23441500
2001-07-09,41.8184,42.0683,41.3274,41.863,16153800
2001-07-10,40.8454,42.1665,40.783,41.7291,19023000
2001-07-11,39.8189,41.0061,39.5422,40.8811,27137600
2001-07-12,41.9523,42.1308,40.0778,40.9704,21427500
2001-07-13,42.3539,42.6217,41.1846,41.5952,17619800
2001-07-16,41.256,42.3985,40.8633,42.0862,13751800
2001-07-17,41.1578,41.5238,40.5241,40.8365,18256100
2001-07-18,41.1935,41.2828,40.5241,40.7026,16952600
2001-07-19,41.4881,42.3539,41.0864,41.3274,12881000
2001-07-20,41.622,41.9076,41.2203,41.6845,11999000
2001-07-23,40.4348,41.613,40.3456,41.5059,15203200
2001-07-24,39.2745,40.658,38.605,40.5241,26311300
2001-07-25,39.0959,40.0867,38.5157,39.6315,25075500
2001-07-26,39.0513,39.3637,38.605,39.2298,23613600
2001-07-27,39.8546,40.0331,39.1405,39.4083,16467200
2001-07-30,38.9174,40.0778,38.7389,39.7654,16692400
2001-07-31,38.8282,39.4976,38.3729,38.6942,24761100
2001-08-01,38.2033,38.8549,37.8463,38.3818,23324700
2001-08-02,37.6678,38.5425,37.5785,38.4711,24474900
2001-08-03,38.1587,38.2033,37.4,37.757,15274800
2001-08-06,36.9447,37.9445,36.8466,37.8463,21286300
2001-08-07,38.1766,38.2479,36.8287,36.9983,23329100
2001-08-08,37.1768,37.9355,37.0429,37.8016,14592600
2001-08-09,37.4,37.7124,36.8644,37.1768,14855000
2001-08-10,37.998,38.2122,36.9447,37.4893,13353600
2001-08-13,37.6945,38.48,37.5071,37.9355,14195700
2001-08-14,37.3554,38.1587,37.2215,38.0248,12559800
2001-08-15,37.2929,37.7659,37.2304,37.4893,14946000
2001-08-16,37.1322,37.4,36.5966,37.0697,17082500
2001-08-17,36.4181,36.9537,36.0164,36.8644,15675600
2001-08-20,37.0697,37.4,36.07,36.5966,12777900
2001-08-21,36.1236,37.3375,36.0611,37.0608,13918700
2001-08-22,36.4627,36.8644,35.9629,36.195,15836100
2001-08-23,36.6323,36.8733,36.2485,36.5074,10507200
2001-08-24,37.4803,37.7213,36.6056,36.6859,13596600
2001-08-27,37.641,37.9891,37.1768,37.4893,14320300
2001-08-28,36.8019,37.757,36.7305,37.7124,12733900
2001-08-29,36.2485,37.1768,36.2485,37.1768,11899600
2001-08-30,35.8825,37.0429,35.5612,36.3289,22061700
2001-08-31,36.5074,36.7752,35.7665,35.8379,17259700
2001-09-04,36.4449,37.641,36.0164,36.5074,18486200
2001-09-05,37.2215,37.4803,36.1503,36.5788,20164500
2001-09-06,36.1503,37.0608,36.07,36.8644,18420100
2001-09-07,35.4006,35.9718,35.1149,35.704,24183000
2001-09-10,35.1238,35.8469,34.7668,34.8203,24095000
2001-09-17,31.3749,33.2047,30.7947,31.6873,71444400
2001-09-18,30.2145,32.3121,29.9557,31.4195,46110700
2001-09-19,29.0095,30.9286,27.6706,30.7055,56660800
2001-09-20,27.1083,28.1437,27.1083,27.9384,46676400
2001-09-21,27.9384,29.0184,25.4391,25.8854,85888896
2001-09-24,31.4195,31.6605,29.2327,30.1253,70974400
2001-09-25,31.6873,32.2497,30.9465,31.4285,44047500
2001-09-26,31.8146,32.2809,31.3842,32.2809,26488400
2001-09-27,32.2361,32.2809,31.4021,31.9222,20999900
2001-09-28,33.3569,33.4466,32.2988,32.5499,32471000
2001-10-01,33.7515,33.8591,33.2224,33.4466,24724400
2001-10-02,34.1191,34.1729,32.8996,33.6708,22364300
2001-10-03,34.2088,34.4957,33.5363,33.7604,25648200
2001-10-04,33.5273,34.702,33.2673,34.4778,26630300
2001-10-05,33.5811,33.7963,32.4692,33.5273,22852300
2001-10-08,32.9982,33.4018,32.5051,32.9534,15739700
2001-10-09,33.0162,33.3301,32.6485,32.9982,14174300
2001-10-10,33.9936,34.1998,32.7382,33.0072,17994100
2001-10-11,34.9262,35.4104,34.3433,34.433,24701900
2001-10-12,34.971,35.0965,33.6349,34.9172,22116400
2001-10-15,34.8454,35.0427,34.1281,34.5675,12873500
2001-10-16,34.4957,35.1951,34.1639,34.8454,16597200
2001-10-17,33.3121,34.7558,33.1955,34.7468,21689500
2001-10-18,33.4018,33.6259,33.0431,33.2673,15151800
2001-10-19,33.4018,33.5363,32.7651,33.1776,16372700
2001-10-22,33.7246,33.8949,33.1866,33.3121,16272000
2001-10-23,33.4197,34.1191,33.1059,34.0743,15209800
2001-10-24,33.2494,33.9846,33.0879,33.4287,16009200
2001-10-25,33.9577,34.0384,32.3168,33.0431,22510100
2001-10-26,34.8634,34.953,33.7156,34.2895,18619100
2001-10-29,33.5632,34.7468,33.4914,34.6571,14143200
2001-10-30,32.5858,33.1596,32.5678,32.9534,15276200
2001-10-31,32.6485,33.3121,32.5051,32.8189,15930400
2001-11-01,33.9936,34.2805,32.3257,32.5051,18593200
2001-11-02,34.0384,34.433,33.2494,33.7156,13969400
2001-11-05,34.7648,35.0607,34.4688,34.6123,15160800
2001-11-06,35.6883,35.8498,34.4778,34.7648,16800400
2001-11-07,35.2848,35.8318,35.0517,35.5538,15283800
2001-11-08,36.1815,36.2891,35.3745,35.4642,20047500
2001-11-09,36.2353,36.2981,35.7242,36.1277,11799500
2001-11-12,35.3566,36.0022,34.6213,35.778,19891200
2001-11-13,36.3698,36.3967,35.6883,35.8677,17642100
2001-11-14,36.6568,37.1231,36.325,36.7195,14243400
2001-11-15,37.2576,37.3024,36.5851,36.6568,16943100
2001-11-16,36.6299,37.2576,36.1008,37.2576,17294300
2001-11-19,36.9885,37.2845,36.4954,36.8989,14189800
2001-11-20,36.854,37.4548,36.5851,36.9437,14338900
2001-11-21,36.2712,36.9437,36.0112,36.7644,12021900
2001-11-23,36.7823,36.8989,36.3609,36.4505,5246000
2001-11-26,37.0513,37.41,36.7644,37.1679,12607300
2001-11-27,36.8271,37.4638,36.4326,36.9437,14034700
2001-11-28,35.2848,36.7644,35.0965,36.0919,23774600
2001-11-29,35.6256,35.6794,35.0965,35.2848,15390600
2001-11-30,34.5227,35.7601,34.4778,35.6256,23595000
2001-12-03,33.1059,34.433,32.8279,34.433,33713700
2001-12-04,33.4914,34.2626,33.1776,33.8501,29176900
2001-12-05,33.6708,34.3074,33.2762,33.7156,35193500
2001-12-06,33.8501,34.424,33.6708,33.9846,19367600
2001-12-07,33.3121,33.8591,33.2224,33.8591,16374000
2001-12-10,32.9982,34.2088,32.8638,33.3569,20747000
2001-12-11,32.9893,33.6259,32.6754,33.4914,20718700
2001-12-12,33.2224,33.5901,32.4692,33.5811,22629300
2001-12-13,33.2224,33.9846,32.7741,33.0431,26103100
2001-12-14,33.7604,34.0653,32.6844,33.2224,26119200
2001-12-17,34.3433,34.8365,33.8053,33.8949,26715900
2001-12-18,35.6166,35.9574,35.2848,35.6435,33016300
2001-12-19,36.5671,36.7464,35.4193,35.5987,27305400
2001-12-20,36.6209,36.9078,36.4326,36.5851,18656300
2001-12-21,37.0782,37.1141,36.7195,36.854,30675500
2001-12-24,36.9347,37.1141,36.7644,37.0782,5569800
2001-12-26,36.3609,37.0154,36.3609,36.6747,14955200
2001-12-27,36.8853,36.8853,36.3178,36.48,12881700
2001-12-28,36.6871,37.0384,36.4079,36.7232,13621800
2001-12-31,36.1017,36.7502,36.0566,36.525,14030800
2002-01-02,36.8853,36.8853,36.0746,36.2998,17693300
2002-01-03,36.579,36.8583,36.1647,36.4349,17497500
2002-01-04,36.8853,37.2365,36.2818,36.7502,19853100
2002-01-07,35.4531,36.7952,35.2189,36.6151,27526900
2002-01-08,35.0838,36.0386,34.7685,35.7143,24128100
2002-01-09,34.7235,35.6693,34.3992,34.8586,20192300
2002-01-10,34.7775,35.0388,34.5884,34.7235,14738000
2002-01-11,34.4352,35.264,34.3722,35.2189,16802200
2002-01-14,34.138,34.6334,34.0299,34.4082,20832500
2002-01-15,34.8676,35.1199,33.8408,34.048,26047300
2002-01-16,33.9759,34.6695,33.9669,34.5884,22894900
2002-01-17,34.9037,35.0478,34.4983,35.0388,22560400
2002-01-18,34.8406,35.0388,34.4533,34.6244,18037200
2002-01-22,34.4983,35.5342,34.4352,35.5342,17171600
2002-01-23,33.9128,34.5073,33.7687,34.4983,22501800
2002-01-24,33.8228,34.7595,33.6336,34.3182,19384700
2002-01-25,34.4623,34.5704,33.8768,34.2281,15756600
2002-01-28,34.3632,34.7865,34.0119,34.7685,13962700
2002-01-29,32.841,34.4263,32.6248,34.2281,36329300
2002-01-30,33.2193,33.5976,31.0665,32.7869,62345700
2002-01-31,33.4625,33.5345,31.9763,33.3274,31013000
2002-02-01,33.1922,33.3274,32.7779,33.2373,20544800
2002-02-04,31.5259,32.3366,31.2737,32.3366,39740800
2002-02-05,32.6158,32.94,31.6069,31.6159,44376000
2002-02-06,33.2913,33.4084,32.3726,32.7419,33209100
2002-02-07,33.5075,34.084,32.922,33.3364,23954100
2002-02-08,33.5526,34.0029,32.6338,33.6877,22713900
2002-02-11,34.048,34.138,33.3724,33.5526,15768700
2002-02-12,33.7777,33.8678,33.2823,33.7777,16329500
2002-02-13,34.3182,34.5614,33.7777,33.9579,18759300
2002-02-14,34.2281,34.9937,33.8138,34.3182,20375100
2002-02-15,33.4264,34.2281,33.3454,34.2281,22109400
2002-02-19,32.7869,33.3274,32.7149,33.2373,16948300
2002-02-20,33.8408,34.0029,32.5617,32.904,22008100
2002-02-21,33.7958,34.6424,33.6696,34.2101,27637000
2002-02-22,34.3092,34.5704,33.3994,33.7958,19559000
2002-02-25,35.309,35.381,34.2281,34.2731,24430700
2002-02-26,34.9037,35.354,34.6785,35.309,18784000
2002-02-27,35.0686,35.7292,34.8423,35.521,23093100
2002-02-28,34.8423,35.883,34.8061,35.521,23397500
2002-03-01,35.702,35.702,35.0233,35.3853,20117900
2002-03-04,36.3808,36.426,35.7201,36.0188,32281600
2002-03-05,36.6523,36.9238,36.0188,36.1545,23793500
2002-03-06,37.6026,37.7112,36.5618,36.6523,24636300
2002-03-07,37.0595,37.8288,36.5618,37.7836,24434200
2002-03-08,36.7428,37.865,36.417,37.5573,28101500
2002-03-11,37.2406,37.4396,36.9781,37.1048,23441900
2002-03-12,37.1953,37.5844,36.4985,36.6523,19767600
2002-03-13,36.1998,36.8876,36.1274,36.8786,23574800
2002-03-14,36.5709,36.6976,36.1998,36.426,14763700
2002-03-15,36.3717,37.0143,36.1184,36.6976,33098200
2002-03-18,36.1093,36.6976,35.9554,36.426,19998400
2002-03-19,36.1093,36.2903,35.8288,36.1998,17870400
2002-03-20,35.1138,36.3265,34.8423,35.9645,27496500
2002-03-21,33.8921,34.9328,33.331,34.6613,50303300
2002-03-22,34.2722,34.3807,33.512,33.9554,30601700
2002-03-25,33.521,34.5979,33.4848,34.4984,24599300
2002-03-26,33.7654,34.2269,33.4848,33.5753,20010500
2002-03-27,33.8921,34.4532,33.5301,33.7292,19626800
2002-03-28,33.8468,34.3355,33.702,34.1183,18709400
2002-04-01,33.7563,33.8921,33.1228,33.5301,21535700
2002-04-02,33.5753,33.6658,33.2133,33.6658,17410700
2002-04-03,33.2586,33.6839,32.5798,33.5753,19117500
2002-04-04,33.7563,33.8016,33.159,33.2586,20529600
2002-04-05,33.5753,34.2088,33.2767,34.0278,14824200
2002-04-08,33.3581,33.3853,32.9237,33.0323,17163400
2002-04-09,32.9871,33.4396,32.8151,33.3038,17161100
2002-04-10,33.6658,33.8106,32.9418,33.0595,22679900
2002-04-11,30.5436,33.2767,30.3173,33.2133,79873904
2002-04-12,30.3626,31.1771,29.8648,31.1771,49724200
2002-04-15,28.8241,30.0911,28.634,29.9553,68551504
2002-04-16,29.9553,30.1906,29.1318,29.4123,44634700
2002-04-17,30.4531,30.7517,30.0549,30.3173,29648900
2002-04-18,30.5888,30.7879,29.8648,30.4621,27240700
2002-04-19,30.4983,30.9056,30.3354,30.9056,19681200
2002-04-22,29.7381,30.3626,29.6838,30.3626,19806100
2002-04-23,29.6838,30.7517,29.5481,30.3173,19485200
2002-04-24,29.4123,30.0096,29.3037,29.7291,21743700
2002-04-25,29.0051,30.0368,28.7969,29.1861,27672200
2002-04-26,28.5073,29.6838,28.4892,29.6838,23183400
2002-04-29,27.9191,28.8512,27.7652,28.7336,22623700
2002-04-30,28.5526,28.8693,27.2856,27.8738,40299800
2002-05-01,28.6883,28.8331,27.8286,28.7336,25795500
2002-05-02,28.5979,28.8241,28.1091,28.6431,19586900
2002-05-03,28.6883,28.6883,27.8195,28.3263,19807300
2002-05-06,28.0277,29.0051,27.9553,28.5526,23319600
2002-05-07,27.7381,28.3806,27.6114,28.0548,20627000
2002-05-08,29.7291,29.8829,28.3263,28.3716,33876300
2002-05-09,28.4983,29.4304,28.3625,29.4123,32919100
2002-05-10,27.7381,28.7336,27.7019,28.7336,26257300
2002-05-13,27.9191,28.1001,27.5118,27.6476,22533500
2002-05-14,28.5797,28.6521,27.9643,28.5526,29672100
2002-05-15,27.9915,28.6883,27.9734,28.4621,29630700
2002-05-16,28.9598,28.9598,28.1815,28.3716,23497000
2002-05-17,30.2721,30.2721,29.1861,29.3218,32674100
2002-05-20,29.5028,29.8739,29.3942,29.8648,20308400
2002-05-21,29.0956,30.0458,28.9598,29.7743,19864200
2002-05-22,28.8874,29.1318,28.5073,28.9598,18914100
2002-05-23,29.8196,29.8196,28.7969,29.0503,18058500
2002-05-24,29.5028,29.8648,29.3942,29.8196,14183600
2002-05-28,29.0051,29.72,28.8331,29.6386,14276200
2002-05-29,28.4168,29.2223,28.3354,28.8241,16757300
2002-05-30,28.2358,28.4168,27.8286,27.9643,20828300
2002-05-31,28.1815,28.6702,28.0548,28.2358,19921400
2002-06-03,27.2494,28.1906,27.1046,28.1815,28920400
2002-06-04,27.1951,27.5209,26.9598,27.1498,33315200
2002-06-05,27.2856,27.5661,26.9779,27.3761,23873000
2002-06-06,26.5163,27.4213,26.3444,27.4213,21379200
2002-06-07,27.3308,27.3761,25.7018,25.7018,31579000
2002-06-10,27.1046,27.5118,26.9236,27.2856,20841500
2002-06-11,26.6068,27.5571,26.5616,27.2403,22304000
2002-06-12,27.4666,27.5209,26.5616,26.6068,28132500
2002-06-13,27.0141,27.5571,26.9145,27.1498,20831500
2002-06-14,26.8783,26.9688,26.1362,26.6973,34148300
2002-06-17,27.6114,27.7381,27.0412,27.1498,21291800
2002-06-18,28.1906,28.4168,27.367,27.5118,21798000
2002-06-19,27.4666,28.3806,27.4213,27.7833,20921100
2002-06-20,26.8783,27.6385,26.7878,27.3761,20761900
2002-06-21,26.1996,26.8783,26.0186,26.3806,39211800
2002-06-24,26.7878,27.1498,25.4303,25.8376,37185500
2002-06-25,26.1543,27.3218,25.9733,27.1046,29769400
2002-06-26,26.8667,27.2401,24.9724,25.0452,45000400
2002-06-27,27.231,27.3221,26.1746,27.0489,33238500
2002-06-28,26.4569,27.5498,26.4296,27.231,32465400
2002-07-01,25.9105,26.9032,25.7283,26.466,26966400
2002-07-02,25.5917,25.9651,24.9633,25.6372,31547900
2002-07-03,25.4095,25.4551,24.4988,24.8176,30474700
2002-07-05,27.0398,27.0944,25.956,26.1837,19258000
2002-07-08,26.803,27.2493,26.4842,27.0489,20376200
2002-07-09,25.7738,27.0762,25.7192,26.7757,24683800
2002-07-10,24.6354,26.1837,24.6354,25.8649,33494000
2002-07-11,24.9086,25.364,24.0434,24.4077,51499200
2002-07-12,26.0471,27.2584,24.7265,25.5917,48120400
2002-07-15,25.7283,25.9742,22.9961,25.9378,37506900
2002-07-16,25.0908,25.6372,24.8813,24.8813,35834900
2002-07-17,25.7283,25.9469,24.9997,25.8649,38286700
2002-07-18,25.2274,26.0835,25.0544,25.5462,27972300
2002-07-19,24.1527,25.2274,23.9068,24.681,36109200
2002-07-22,23.3695,24.4897,23.078,24.1345,44461300
2002-07-23,22.5863,23.8158,22.2857,23.6609,48600100
2002-07-24,24.1618,24.3622,20.9651,22.0307,62394500
2002-07-25,24.2711,24.772,23.5425,24.2256,39859600
2002-07-26,25.3185,25.3913,24.1254,24.6354,35789000
2002-07-29,27.7319,27.7319,26.2656,26.3112,45171800
2002-07-30,28.7793,28.925,26.9942,27.3221,43502200
2002-07-31,29.3257,29.3257,27.5407,28.7793,45183900
2002-08-01,28.5971,29.4077,28.4605,29.2346,32957900
2002-08-02,26.8667,28.4514,26.4933,28.0962,38480700
2002-08-05,25.7738,27.0398,25.7465,26.7301,27420400
2002-08-06,27.0033,27.8685,26.5935,26.6391,36171200
2002-08-07,28.0052,28.1053,26.9123,27.7502,28468600
2002-08-08,29.0981,29.3257,27.8777,28.0507,33182300
2002-08-09,29.5079,29.6445,28.4514,28.6882,27147500
2002-08-12,29.3713,29.5079,28.6427,28.925,20814600
2002-08-13,28.1873,29.353,28.0507,28.9614,26276700
2002-08-14,29.0525,29.2802,27.1399,28.0052,37303100
2002-08-15,29.4077,29.517,28.3967,29.0525,28889000
2002-08-16,28.7337,29.4168,28.415,29.1436,21838800
2002-08-19,29.9541,29.9541,28.6882,28.7337,24067300
2002-08-20,29.3713,29.8175,29.0525,29.7355,20365700
2002-08-21,29.4168,29.9541,29.0161,29.7355,21387900
2002-08-22,29.7811,30.0361,29.262,29.5079,20575300
2002-08-23,29.3713,29.517,29.1345,29.3713,16547100
2002-08-26,29.2073,29.5079,28.497,29.4623,18404900
2002-08-27,29.0981,29.8266,28.8521,29.5989,20288200
2002-08-28,28.5061,28.9614,28.242,28.7793,17400600
2002-08-29,27.6409,27.9323,27.3676,27.7775,25582300
2002-08-30,27.4587,27.9414,27.3039,27.5042,20144600
2002-09-03,25.9196,26.885,25.9014,26.8667,30159600
2002-09-04,26.1381,26.4023,25.7556,26.0471,26574100
2002-09-05,25.5006,26.2656,25.446,25.7738,25022700
2002-09-06,25.7738,26.3203,25.7283,26.2747,18102200
2002-09-09,26.211,26.5298,25.446,25.6372,17364600
2002-09-10,26.4842,26.9578,26.0744,26.5935,20361000
2002-09-11,26.4114,27.0489,26.3203,26.7392,14921600
2002-09-12,25.5006,26.2474,25.364,26.1837,20250800
2002-09-13,24.6354,25.2729,24.5444,25.1819,36293700
2002-09-16,25.4095,25.4824,24.6354,24.681,18761200
2002-09-17,25.2274,26.3567,25.0544,26.3567,25050400
2002-09-18,24.9086,25.4095,24.4988,24.772,25912500
2002-09-19,24.18,24.8176,24.18,24.3622,22387300
2002-09-20,24.3622,24.4988,23.6974,24.1892,40941900
2002-09-23,24.0434,24.3349,23.6154,23.9979,21413300
2002-09-24,23.5881,24.0434,23.2693,23.3604,29297800
2002-09-25,24.7641,24.9292,23.9662,24.7641,32598200
2002-09-26,24.2046,25.6905,23.6543,25.2227,56588200
2002-09-27,22.4436,23.2049,22.3244,23.159,55036400
2002-09-30,22.6087,22.7922,21.5631,22.0126,49836400
2002-10-01,24.0303,24.0303,22.5628,22.7004,40118700
2002-10-02,22.7463,23.8194,22.1868,23.6176,30036100
2002-10-03,22.5812,23.7369,22.5262,22.7922,29716100
2002-10-04,22.0217,23.2049,22.0126,23.159,30801800
2002-10-07,21.0495,22.4345,20.9486,22.0309,38573100
2002-10-08,21.4163,21.9208,20.6276,21.3246,42285500
2002-10-09,20.1782,20.6918,20.0864,20.6826,48248000
2002-10-10,20.7285,20.7285,19.6278,19.8571,60584700
2002-10-11,22.2051,22.8472,21.4989,21.9942,59969800
2002-10-14,22.3336,22.7004,21.9116,22.1959,24922200
2002-10-15,24.0303,24.0946,23.2049,23.3883,44052300
2002-10-16,23.48,23.9019,23.104,23.7093,27515700
2002-10-17,24.6632,24.7183,24.2138,24.6724,25829800
2002-10-18,24.4431,24.6632,23.9295,24.3972,21455800
2002-10-21,24.9017,24.9567,24.0303,24.0303,23026000
2002-10-22,24.8283,24.8283,24.3055,24.7733,21411700
2002-10-23,24.6724,24.7641,23.9386,24.7183,26630300
2002-10-24,23.8469,24.9475,23.5259,24.8558,32493200
2002-10-25,24.0671,24.2596,23.636,23.6635,23676200
2002-10-28,24.0762,24.6724,23.8836,24.6265,23009800
2002-10-29,23.7093,24.0854,23.1132,24.0303,22631100
2002-10-30,23.0673,23.6635,22.838,23.5259,33492200
2002-10-31,23.159,23.5259,22.9664,23.1132,26814200
2002-11-01,23.8469,23.8469,22.893,23.1865,22739200
2002-11-04,24.3055,24.7549,24.0395,24.3055,25118100
2002-11-05,24.3055,24.3972,23.8928,24.2138,18510700
2002-11-06,24.3972,24.7458,23.8011,24.6724,27103100
2002-11-07,23.9478,24.4064,23.6176,24.4064,22929100
2002-11-08,23.0215,23.8469,22.5903,23.7093,30809100
2002-11-11,22.2051,22.8839,22.0492,22.7004,25250200
2002-11-12,21.8749,22.517,21.7832,22.2877,32306500
2002-11-13,22.0951,22.2877,21.5172,21.9208,27840500
2002-11-14,22.4711,22.8288,22.3427,22.5628,26352100
2002-11-15,21.8841,22.0309,21.5448,21.554,35889800
2002-11-18,21.6457,22.5812,21.6457,22.0309,28107700
2002-11-19,21.9208,22.0126,21.2788,21.3705,30603400
2002-11-20,22.7463,22.7463,21.7924,21.8291,33298300
2002-11-21,24.6265,24.6632,22.7463,22.7463,64205500
2002-11-22,24.2596,24.5348,24.1588,24.3972,27472500
2002-11-25,24.5807,24.7091,23.9937,24.0303,25462600
2002-11-26,24.1679,24.5715,24.0946,24.3055,25034600
2002-11-27,24.9017,25.131,24.3972,24.4431,23235600
2002-11-29,24.8742,25.1218,24.7733,25.0393,12273400
2002-12-02,24.9475,25.6629,24.6907,25.6629,22115900
2002-12-03,24.5348,24.9384,24.3422,24.9384,19630900
2002-12-04,24.3239,24.9475,24.2413,24.3055,24661100
2002-12-05,23.6635,24.6816,23.6176,24.5348,18212700
2002-12-06,23.8928,23.9386,23.1223,23.159,17615800
2002-12-09,23.3883,24.012,23.3516,23.5259,17806500
2002-12-10,23.7827,23.8469,23.3975,23.5901,17103900
2002-12-11,23.9753,24.5073,23.4342,23.6176,20217800
2002-12-12,23.7552,24.1037,23.5534,23.9386,15490300
2002-12-13,23.3883,23.7644,23.159,23.7644,20358200
2002-12-16,24.2413,24.2413,23.5076,23.5259,21068200
2002-12-17,23.8469,24.2413,23.6635,24.2413,19211000
2002-12-18,23.5351,24.4339,23.3608,23.7552,18582700
2002-12-19,23.2966,23.7093,23.0215,23.3425,20959900
2002-12-20,23.8011,23.8469,23.4342,23.7093,31926100
2002-12-23,23.5993,23.8469,23.3608,23.5259,20381800
2002-12-24,23.2324,23.5076,23.2049,23.2966,7503200
2002-12-26,23.2049,23.8286,23.1132,23.4525,15078000
2002-12-27,22.6546,23.2049,22.5078,23.1132,18600200
2002-12-30,22.4711,22.7004,22.1959,22.4986,22054600
2002-12-31,22.3336,22.5537,22.1042,22.3336,21182900
2003-01-02,23.37,23.48,22.517,22.6087,21813600
2003-01-03,23.2966,23.37,22.9389,23.2507,15025700
2003-01-06,23.8928,24.0303,23.2507,23.2966,18845000
2003-01-07,23.7552,24.0854,23.6176,23.8377,21805700
2003-01-08,23.3883,23.8011,23.2599,23.7093,21583800
2003-01-09,23.7552,23.8011,23.5076,23.6176,19371400
2003-01-10,23.5259,23.8286,23.3883,23.4342,18590600
2003-01-13,23.5167,23.8286,23.3975,23.6176,19551600
2003-01-14,23.5809,23.7002,23.3149,23.5718,18353200
2003-01-15,23.104,23.7919,23.0948,23.7827,20564000
2003-01-16,22.9572,23.7552,22.7004,23.3883,24472900
2003-01-17,22.8197,23.4433,22.2877,22.7463,25292900
2003-01-21,22.0676,22.9572,22.0034,22.8288,21500100
2003-01-22,21.5998,22.0767,21.5631,22.0584,24849200
2003-01-23,21.9667,22.2235,21.664,21.6915,21979700
2003-01-24,21.1504,21.9667,21.1045,21.8291,23816200
2003-01-27,21.1412,21.7924,20.8477,21.1412,28459900
2003-01-28,21.2329,21.6457,21.1229,21.6457,22571000
2003-01-29,21.1229,21.3063,20.6459,20.9119,25473300
2003-01-30,20.6826,21.2329,20.6551,21.132,21649400
2003-01-31,21.2237,21.3246,20.5909,20.6367,26239200
2003-02-03,21.6915,21.7832,21.3246,21.4163,21327600
2003-02-04,21.1412,21.3063,20.9761,21.2329,24473300
2003-02-05,21.0953,21.664,20.9578,21.2788,19998900
2003-02-06,20.9944,21.1596,20.7285,21.0036,19594000
2003-02-07,20.8202,21.1871,20.6001,21.0953,22822100
2003-02-10,20.756,20.8202,20.3891,20.7376,23560500
2003-02-11,20.6367,20.9302,20.545,20.7743,21898300
2003-02-12,20.4075,20.8018,20.3983,20.6367,18219100
2003-02-13,20.3341,20.4533,19.5361,20.4349,22660300
2003-02-14,20.6184,20.6184,20.0131,20.2515,26371500
2003-02-18,21.0128,21.1504,20.6734,20.6734,21042400
2003-02-19,21.4163,21.4163,20.8293,21.022,19038000
2003-02-20,21.4163,21.5448,21.2237,21.3705,23752500
2003-02-21,21.8291,22.0217,21.2146,21.5081,25029000
2003-02-24,21.4806,22.1959,21.4806,21.9667,23585300
2003-02-25,21.9942,22.0584,21.0036,21.2329,24857300
2003-02-26,21.608,22.1628,21.5803,22.0518,18853200
2003-02-27,22.098,22.2368,21.571,21.7005,24811100
2003-02-28,22.2368,22.3662,21.9501,22.098,22358000
2003-03-03,22.098,22.6528,22.0056,22.3754,21023300
2003-03-04,21.6358,22.0056,21.5248,21.9409,16680100
2003-03-05,22.0056,22.098,21.4878,21.4971,21168300
2003-03-06,22.1443,22.246,21.7282,21.8207,20613700
2003-03-07,22.4679,22.5604,21.6358,21.7282,28621100
2003-03-10,21.8207,22.2645,21.8207,22.098,20142100
2003-03-11,21.5895,22.1628,21.5803,21.8854,21506000
2003-03-12,22.0056,22.0056,21.4139,21.4693,22940100
2003-03-13,23.3093,23.3278,22.3754,22.3754,38540500
2003-03-14,23.7161,23.7346,23.0689,23.3463,29924900
2003-03-17,24.2894,24.4096,22.884,23.1151,34557500
2003-03-18,24.4096,24.4558,23.9935,24.3171,25136000
2003-03-19,24.9458,24.9828,24.1507,24.4003,24912900
2003-03-20,24.8256,24.9181,24.4373,24.8349,24890200
2003-03-21,25.889,25.889,25.0568,25.1862,39905500
2003-03-24,24.7147,25.8427,24.5113,24.8256,27822200
2003-03-25,24.9458,25.1308,24.4096,24.7147,22126100
2003-03-26,24.5945,25.0383,24.5205,24.9458,21602800
2003-03-27,24.4466,24.5298,23.9843,24.086,20937700
2003-03-28,24.0675,24.4373,24.0582,24.2709,16256600
2003-03-31,23.5774,24.502,23.411,23.5312,24471400
2003-04-01,24.1599,24.3356,23.5774,23.6237,21391600
2003-04-02,25.0106,25.214,24.7054,24.9181,27475800
2003-04-03,25.4729,25.7965,24.5945,25.2232,28277900
2003-04-04,25.5468,25.6948,25.2694,25.4914,17288800
2003-04-07,25.667,26.5269,25.6393,26.2033,27382400
2003-04-08,25.9444,26.1201,25.704,25.8427,17955500
2003-04-09,25.2417,25.9352,25.1031,25.778,25533900
2003-04-10,25.3157,25.3249,24.8719,25.2325,16678800
2003-04-11,25.5653,25.8242,25.288,25.5931,17959600
2003-04-14,25.667,25.6948,25.214,25.3249,16071900
2003-04-15,26.1663,26.1848,25.6485,25.7965,20397500
2003-04-16,25.7318,26.379,25.6948,26.1663,16556700
2003-04-17,26.342,26.3513,25.6855,25.741,16099300
2003-04-21,26.0369,26.379,25.3989,26.3235,12801100
2003-04-22,26.8043,26.8043,25.9352,25.9814,20658200
2003-04-23,27.1742,27.2759,26.6564,26.8043,20573000
2003-04-24,26.906,27.0817,26.5917,26.8135,17787600
2003-04-25,26.9153,26.9985,26.6194,26.8783,19262100
2003-04-28,27.2943,27.5347,26.5824,26.5824,20062400
2003-04-29,27.1834,27.4793,26.9522,27.4423,20857800
2003-04-30,27.2296,27.3683,26.9522,27.0725,22146000
2003-05-01,26.906,27.2296,26.231,27.2296,20380600
2003-05-02,26.8875,27.0539,26.6009,26.6286,20404400
2003-05-05,26.6564,26.9985,26.5546,26.8505,17300300
2003-05-06,26.9245,27.1279,26.6194,26.6194,18448000
2003-05-07,26.6749,27.017,26.5639,27.017,18733600
2003-05-08,26.3235,26.7766,26.2403,26.5362,15109400
2003-05-09,26.8135,26.8968,25.9629,26.4437,14971800
2003-05-12,26.7858,26.8783,26.5824,26.7026,16037400
2003-05-13,26.3975,26.8321,26.1848,26.5824,18987900
2003-05-14,26.453,26.7026,26.2588,26.7026,15937800
2003-05-15,26.3328,26.7488,26.2125,26.5362,16075100
2003-05-16,25.7503,26.3697,25.7503,26.2588,26335300
2003-05-19,25.4729,25.6763,25.3897,25.5653,18787300
2003-05-20,25.6393,25.8797,25.288,25.6485,17056200
2003-05-21,25.5191,25.6578,25.3342,25.3619,16583900
2003-05-22,25.6393,25.7873,25.5099,25.6115,17554500
2003-05-23,25.5561,25.8057,25.5191,25.6393,12470500
2003-05-27,26.1756,26.3697,25.3527,25.4266,22496500
2003-05-28,26.1386,26.416,26.0091,26.3975,18433100
2003-05-29,26.1201,26.7673,25.7318,26.1386,19311400
2003-05-30,26.5362,26.6101,26.1294,26.2588,23629200
2003-06-02,26.8135,27.2019,26.6471,27.2019,20997600
2003-06-03,26.8598,26.9338,26.5824,26.8135,14795900
2003-06-04,27.1464,27.2481,26.7858,26.8875,17274500
2003-06-05,27.5347,27.5994,26.8135,27.1187,19637500
2003-06-06,28.0155,28.219,27.6087,27.9323,28558400
2003-06-09,27.8676,28.0525,27.7752,27.7844,16455700
2003-06-10,28.2837,28.2837,27.9138,28.0155,15457900
2003-06-11,28.6443,28.7737,28.1542,28.2837,16908500
2003-06-12,28.7275,28.8477,28.3484,28.746,16943400
2003-06-13,28.3392,28.7367,27.8953,28.6628,16620200
2003-06-16,28.9771,28.9864,28.4409,28.5241,18743300
2003-06-17,28.8477,29.273,28.82,29.0511,19250700
2003-06-18,28.4131,28.9587,28.3854,28.7645,19267600
2003-06-19,27.6087,28.0803,27.3776,27.9786,34908700
2003-06-20,27.7474,28.0248,27.5625,27.9231,37775200
2003-06-23,27.6179,27.9786,27.507,27.7012,16911800
2003-06-24,27.6734,27.8121,27.5717,27.6179,15937900
2003-06-25,27.0539,27.8029,27.0354,27.5902,19249200
2003-06-26,27.1306,27.4843,26.9537,27.0375,16964600
2003-06-27,26.6373,27.8845,26.5535,27.1771,17794100
2003-06-30,26.6931,26.9817,26.5721,26.7304,15558100
2003-07-01,26.6466,26.8048,26.1347,26.507,20835200
2003-07-02,26.628,26.8793,26.4511,26.8235,21819500
2003-07-03,26.5721,26.8048,26.4419,26.6373,12294700
2003-07-07,27.2423,27.4563,26.87,26.9258,19605700
2003-07-08,26.8141,27.2423,26.6652,27.2423,22860100
2003-07-09,26.4139,26.9351,26.3488,26.8514,28195400
2003-07-10,26.2371,26.6652,26.0602,26.4139,21155700
2003-07-11,26.1719,26.8514,26.0509,26.386,28780300
2003-07-14,26.0975,26.749,26.0696,26.5256,22771900
2003-07-15,25.7531,26.3674,25.6135,26.2836,24730200
2003-07-16,25.4832,25.8648,25.2505,25.7997,22042800
2003-07-17,25.2226,25.66,25.0365,25.2691,23477800
2003-07-18,25.8555,25.9299,25.3157,25.6693,20152900
2003-07-21,25.2785,25.9206,25.1481,25.8462,17010100
2003-07-22,25.5111,25.5577,25.1295,25.3157,17399500
2003-07-23,25.5204,25.539,25.1295,25.5018,18908500
2003-07-24,25.539,26.0416,25.4739,25.7345,19250800
2003-07-25,26.4604,26.5163,25.6693,25.7624,23574600
2003-07-28,26.4046,26.8048,26.2557,26.5721,18566700
2003-07-29,25.9672,26.4325,25.8741,26.4139,18375600
2003-07-30,26.0323,26.2371,25.781,26.1999,13678500
2003-07-31,26.4698,26.9723,26.0975,26.386,27435100
2003-08-01,26.4884,26.6931,26.2464,26.2464,16840800
2003-08-04,26.507,26.6187,25.8741,26.4884,15046700
2003-08-05,25.8741,26.507,25.8369,26.3022,16239500
2003-08-06,25.7624,26.1533,25.6228,25.8741,17207500
2003-08-07,26.1347,26.1719,25.2971,25.7624,13142000
2003-08-08,26.1347,26.2836,26.0044,26.0044,10593300
2003-08-11,26.3208,26.4884,26.0602,26.1068,11657800
2003-08-12,26.3674,26.4325,26.0416,26.3581,14087300
2003-08-13,26.0789,26.507,25.9206,26.4698,15337700
2003-08-14,26.5721,26.749,26.0882,26.2464,19531900
2003-08-15,26.7862,26.9723,26.628,26.7118,14257500
2003-08-18,27.7355,27.7821,26.9631,26.991,25953200
2003-08-19,27.7821,27.9217,27.2981,27.8286,21179600
2003-08-20,27.4098,27.7728,27.2237,27.7728,16401800
2003-08-21,28.0706,28.1823,27.568,27.6425,24496600
2003-08-22,27.81,28.2847,27.689,28.2009,19923200
2003-08-25,27.7821,27.7821,27.5029,27.7169,11508900
2003-08-26,27.81,27.8752,27.3633,27.596,14060300
2003-08-27,27.689,27.7449,27.5494,27.5773,12185300
2003-08-28,27.6239,27.8286,27.3633,27.7355,13707300
2003-08-29,27.5215,27.6425,27.2702,27.5308,13129600
2003-09-02,28.3312,28.3778,27.5308,27.689,24469700
2003-09-03,28.9641,29.0944,28.3964,28.4336,34207100
2003-09-04,29.1503,29.1782,28.8617,28.9548,18892100
2003-09-05,28.8897,29.0479,28.6849,28.7966,18543900
2003-09-08,29.2061,29.3364,28.4801,28.8803,15212200
2003-09-09,29.0014,29.1037,28.7594,28.9083,16168700
2003-09-10,28.8803,29.0758,28.7594,28.899,18147000
2003-09-11,29.2992,29.4574,28.899,28.899,20060800
2003-09-12,29.3457,29.4109,28.9734,29.2526,16634100
2003-09-15,29.2247,29.5505,29.0851,29.3178,14279600
2003-09-16,29.718,29.8111,29.0665,29.0665,20066600
2003-09-17,29.5225,29.7273,29.2992,29.5784,19185500
2003-09-18,29.8855,29.9507,29.5132,29.5691,22265400
2003-09-19,29.718,30.174,29.3364,30.174,23219700
2003-09-22,29.2247,29.6901,29.0386,29.4109,18566300
2003-09-23,29.3736,29.4109,29.0199,29.1317,13109000
2003-09-24,28.6756,29.4946,28.6756,29.4109,19129600
2003-09-25,28.453,29.5956,28.4155,28.8745,19008100
2003-09-26,27.9753,28.3874,27.4509,28.2095,22431000
2003-09-29,28.4436,28.7152,28.0784,28.0971,20938700
2003-09-30,27.9191,28.3687,27.7412,28.3312,28837600
2003-10-01,28.6871,28.7246,27.9098,27.9191,23842500
2003-10-02,28.7995,28.94,28.4998,28.6028,17667900
2003-10-03,28.8651,29.3146,28.7995,29.1742,20911100
2003-10-06,28.837,29.0805,28.7808,29.0337,13471800
2003-10-07,28.7059,28.8557,28.5748,28.6403,19041600
2003-10-08,28.2844,28.7059,28.2376,28.6122,21670200
2003-10-09,28.2188,28.6122,28.0971,28.5935,26752700
2003-10-10,27.4602,27.7693,27.3478,27.7693,39152600
2003-10-13,27.095,27.6756,26.8327,27.6476,29537600
2003-10-14,27.4321,27.4321,26.8421,27.0669,21406800
2003-10-15,27.02,27.582,26.917,27.5445,23436800
2003-10-16,27.1793,27.2917,26.9545,27.0013,16644900
2003-10-17,26.7391,27.2167,26.6173,27.1793,21286800
2003-10-20,26.9545,26.9545,26.7016,26.9264,16070600
2003-10-21,27.0481,27.1605,26.9545,27.1605,16186500
2003-10-22,26.5517,26.9545,26.5049,26.9545,20064000
2003-10-23,26.5892,26.9076,26.4487,26.5517,18290000
2003-10-24,26.5049,26.5986,26.224,26.5892,17771700
2003-10-27,26.43,26.7391,26.3457,26.6922,16609000
2003-10-28,26.711,26.7297,26.4394,26.6735,19283200
2003-10-29,27.0013,27.301,26.6173,26.711,20577400
2003-10-30,27.0481,27.3947,26.9639,27.301,20940700
2003-10-31,27.1699,27.3947,27.1137,27.1137,16863700
2003-11-03,26.9732,27.404,26.9732,27.2074,18126300
2003-11-04,26.8421,26.9826,26.5986,26.9826,19007700
2003-11-05,26.6267,26.7672,26.4581,26.608,17140600
2003-11-06,26.636,26.636,26.2708,26.5049,15762600
2003-11-07,26.3363,26.7859,26.2802,26.7297,17998300
2003-11-10,26.3832,26.4487,26.3082,26.4394,14037900
2003-11-11,26.327,26.4019,26.1959,26.3645,15770600
2003-11-12,26.8796,26.9732,26.3176,26.3363,23640400
2003-11-13,26.5424,26.9076,26.3645,26.7859,24937400
2003-11-14,26.1116,26.4862,26.0835,26.4581,27533200
2003-11-17,26.046,27.02,25.6339,25.9149,23500900
2003-11-18,26.636,27.0856,26.5986,26.6173,41093700
2003-11-19,27.6007,27.6569,27.1137,27.1605,44900400
2003-11-20,27.1137,27.5914,26.9639,27.2729,24407500
2003-11-21,26.7484,28.0503,26.7203,27.2355,24952100
2003-11-24,26.9264,27.1043,26.8046,26.9826,18272900
2003-11-25,27.0762,27.2542,26.8046,26.9451,16317000
2003-11-26,26.9451,27.2823,26.7203,27.2635,15137500
2003-11-28,26.8514,27.0669,26.8327,27.02,8372200
2003-12-01,27.1886,27.3572,26.9545,27.3478,19829700
2003-12-02,27.6101,27.6101,27.1137,27.1886,24205400
2003-12-03,27.6476,27.8161,27.4602,27.7131,25066600
2003-12-04,27.301,27.6756,27.2542,27.5352,19621200
2003-12-05,27.2542,27.5352,27.1699,27.3104,13716000
2003-12-08,27.5071,27.5445,27.301,27.301,15077000
2003-12-09,27.685,27.9191,27.5726,27.6288,24682500
2003-12-10,27.8349,27.8349,27.6663,27.7693,22898800
2003-12-11,28.4717,28.5373,27.8536,27.8536,28669600
2003-12-12,28.2001,28.5185,28.0503,28.3593,20599000
2003-12-15,28.4062,28.659,28.2001,28.6497,26989400
2003-12-16,28.7059,28.8463,28.2938,28.4905,25709500
2003-12-17,28.7808,28.7808,28.5092,28.7059,21663400
2003-12-18,28.8932,28.9494,28.7808,28.9119,24383300
2003-12-19,28.9306,29.0337,28.5748,28.9306,25295800
2003-12-22,29.0337,29.0337,28.7808,28.8463,16271500
2003-12-23,29.1273,29.3053,28.9494,28.9868,15449100
2003-12-24,28.94,29.0899,28.837,29.0805,5805500
2003-12-26,28.7714,29.0056,28.7527,28.9306,5089000
2003-12-29,29.066,29.066,28.7738,28.9435,16634500
2003-12-30,28.9623,29.0943,28.8303,29.066,14046300
2003-12-31,29.2074,29.2074,28.8303,28.8775,16831900
2004-01-02,29.3394,29.7731,29.1509,29.2263,18338500
2004-01-05,29.7731,29.7731,29.33,29.4525,19598900
2004-01-06,29.5751,29.726,29.4149,29.6222,16464000
2004-01-07,29.8674,29.8674,29.3771,29.5563,18573600
2004-01-08,30.4048,30.4048,29.858,30.0371,27010800
2004-01-09,29.9805,30.3482,29.8391,29.8391,24000200
2004-01-12,30.2539,30.2633,30.0937,30.1219,18626300
2004-01-13,29.8014,30.2916,29.5657,30.1785,26726300
2004-01-14,30.1691,30.2068,29.726,29.9711,16448300
2004-01-15,30.1691,30.3105,29.8391,30.2351,19820000
2004-01-16,31.4418,31.555,30.3859,30.5462,50356900
2004-01-20,31.4513,31.819,31.2721,31.819,26426900
2004-01-21,31.9132,32.0923,31.1402,31.555,21386800
2004-01-22,31.6021,32.1018,31.5078,32.0358,17891300
2004-01-23,31.3098,31.9509,31.1873,31.7247,16320000
2004-01-26,32.1866,32.2432,31.5078,31.5644,21332100
2004-01-27,32.2338,32.4883,32.0829,32.2904,20280700
2004-01-28,31.8284,32.592,31.5927,32.3375,27114500
2004-01-29,32.0829,32.1961,31.7341,32.0546,20786300
2004-01-30,31.7058,32.0264,31.5644,31.9226,17186900
2004-02-02,31.7058,32.0169,31.4135,31.7624,18672000
2004-02-03,31.3098,31.7341,31.2344,31.7341,16444800
2004-02-04,31.2816,32.0452,31.0176,31.1684,20106100
2004-02-05,31.6021,31.7718,31.159,31.4041,13462800
2004-02-06,31.2816,31.5361,31.093,31.3664,18326700
2004-02-09,31.0082,31.4418,30.9233,31.4418,15430000
2004-02-10,30.6405,31.2721,30.5462,31.2721,22184600
2004-02-11,31.1873,31.423,30.499,30.6405,23808200
2004-02-12,30.9799,31.3475,30.7819,31.2533,15483500
2004-02-13,30.8479,31.2721,30.8479,31.1119,16163400
2004-02-17,31.159,31.291,31.0459,31.1873,14970700
2004-02-18,30.8762,31.3381,30.8762,31.159,15276100
2004-02-19,30.7347,31.2061,30.7159,31.1119,18374000
2004-02-20,30.829,31.0082,30.6405,30.9139,17531100
2004-02-23,31.5078,31.5644,30.8384,30.8762,20830700
2004-02-24,31.3759,31.7341,31.159,31.4984,21163300
2004-02-25,31.0836,31.4041,31.0364,31.3947,16815600
2004-02-26,30.8007,31.0082,30.7442,30.8479,16717200
2004-02-27,30.6593,31.0647,30.6593,30.8762,17012000
2004-03-01,30.9139,31.0459,30.6499,30.8196,15690800
2004-03-02,30.631,31.0647,30.565,31.0459,18938400
2004-03-03,30.9704,30.9893,30.5556,30.6028,14797700
2004-03-04,31.0176,31.0647,30.829,30.829,15287500
2004-03-05,30.895,31.5644,30.7347,30.7819,18573000
2004-03-08,30.0088,30.6405,29.9428,30.6405,27443300
2004-03-09,29.7543,29.8862,29.5186,29.7825,58142400
2004-03-10,29.3206,29.8485,29.132,29.8297,40497500
2004-03-11,28.6795,29.3677,28.5286,29.1509,42291200
2004-03-12,28.8492,29.0095,28.7172,28.8775,28106600
2004-03-15,28.5663,29.1697,28.4061,29.0849,34590500
2004-03-16,28.7549,28.934,28.3778,28.8963,25267500
2004-03-17,29.0,29.0849,28.7643,28.8492,24289500
2004-03-18,28.9623,29.0189,28.5663,28.8775,26695200
2004-03-19,28.4155,28.9529,28.3872,28.868,40369800
2004-03-22,27.7272,28.2835,27.3596,28.2269,45559200
2004-03-23,27.5293,28.1515,27.5198,28.0855,59053800
2004-03-24,27.5104,27.5293,27.2276,27.3879,58666800
2004-03-25,28.0007,28.0478,27.435,27.5387,55518800
2004-03-26,28.3778,29.132,28.3024,28.3024,69142600
2004-03-29,28.736,29.0754,28.7078,28.8303,59129400
2004-03-30,28.934,28.9435,28.5758,28.7078,48220800
2004-03-31,28.7738,28.9246,28.6701,28.9246,49868200
2004-04-01,28.868,29.198,28.5946,28.6795,47570600
2004-04-02,29.2829,29.3677,29.0849,29.1414,54217300
2004-04-05,29.7731,29.7731,29.198,29.2074,54271400
2004-04-06,29.7165,30.0088,29.5751,29.6788,47456000
2004-04-07,29.6034,29.8862,29.4997,29.8485,30772700
2004-04-08,29.6128,30.0277,29.3677,29.9617,38891700
2004-04-12,29.8108,29.9239,29.6506,29.7448,17174300
2004-04-13,29.2263,29.9239,29.0943,29.8768,32492800
2004-04-14,28.736,28.9435,28.4249,28.8963,36003500
2004-04-15,29.0,29.0189,28.5663,28.9435,24924600
2004-04-16,29.4431,29.5468,29.0189,29.1132,25801000
2004-04-19,29.3206,29.4054,28.6606,29.396,18000200
2004-04-20,28.7266,29.4149,28.6512,29.3677,20551200
2004-04-21,28.9435,28.9906,28.3212,28.802,30059800
2004-04-22,29.0849,29.1697,28.4815,28.7549,35252800
2004-04-23,28.934,29.2263,28.802,29.2263,19259300
2004-04-26,28.9906,29.1509,28.8963,29.0849,16629500
2004-04-27,28.802,29.264,28.7549,29.1509,26838200
2004-04-28,28.3024,28.6606,28.2835,28.6135,27366000
2004-04-29,28.3306,28.6229,28.2647,28.4249,23555200
2004-04-30,28.2364,28.5475,28.0949,28.3966,23172800
2004-05-03,28.5663,28.6323,28.3024,28.3966,17002200
2004-05-04,28.6983,28.9529,28.5286,28.6795,17425600
2004-05-05,28.7455,28.802,27.9252,27.9252,17983100
2004-05-06,28.7266,28.802,28.3778,28.6135,16222900
2004-05-07,28.2835,28.8963,28.2647,28.5852,19975100
2004-05-10,28.3118,28.9906,27.8592,28.0478,28367300
2004-05-11,28.5192,28.5758,28.2458,28.3966,19691700
2004-05-12,28.6606,28.6606,28.0007,28.2835,25684600
2004-05-13,28.6135,28.736,28.3966,28.4249,18062200
2004-05-14,28.4343,28.7078,28.2458,28.5663,18487300
2004-05-17,28.2552,28.3401,27.9818,28.0007,19907900
2004-05-18,28.6889,28.7266,28.2741,28.3306,21856400
2004-05-19,28.5192,29.132,28.4343,29.0189,24604800
2004-05-20,28.5004,28.7078,28.4438,28.5286,14329400
2004-05-21,28.8963,28.934,28.5758,28.5758,21917300
2004-05-24,29.0189,29.1791,28.8115,29.1697,19510800
2004-05-25,29.4243,29.4714,28.9152,28.9435,23139300
2004-05-26,29.4997,29.6411,29.3677,29.396,18591000
2004-05-27,29.4714,29.6694,29.2734,29.5091,16240500
2004-05-28,29.3394,29.4809,29.198,29.4809,17527800
2004-06-01,29.264,29.396,29.0566,29.2263,19313900
2004-06-02,29.3206,29.4337,29.1886,29.396,17776200
2004-06-03,29.2263,29.528,29.1697,29.3206,15552600
2004-06-04,29.4431,29.5657,29.2829,29.4149,17749000
2004-06-07,29.8674,29.8768,29.6128,29.6788,21037000
2004-06-08,29.6694,29.8862,29.4714,29.7448,19661000
2004-06-09,29.396,29.7731,29.3677,29.6034,18496900
2004-06-10,29.6882,29.6977,29.3677,29.3677,15993700
2004-06-14,29.7637,29.7731,29.5091,29.5563,15855400
2004-06-15,29.99,30.1125,29.7637,29.8768,23376400
2004-06-16,30.2728,30.2822,29.9145,29.9617,22431900
2004-06-17,30.5085,30.5839,30.1596,30.2068,31005700
2004-06-18,30.7159,30.8196,30.3859,30.4896,60311300
2004-06-21,30.7347,30.9139,30.6122,30.7159,22476000
2004-06-22,30.9704,31.0836,30.6405,30.6405,24245300
2004-06-23,31.5078,31.5738,30.8573,30.9799,34333800
2004-06-24,31.5576,31.5671,31.3394,31.5102,34239800
2004-06-25,30.5237,31.5671,30.5237,31.4912,80277000
2004-06-28,30.647,31.1402,30.4573,31.1118,36057300
2004-06-29,30.666,30.7987,30.6565,30.6754,20307200
2004-06-30,30.7324,30.8177,30.4288,30.7324,27207000
2004-07-01,30.3624,30.7798,30.2296,30.7324,31422500
2004-07-02,30.0399,30.315,30.0115,30.3055,20217100
2004-07-06,30.1917,30.2486,29.8787,29.9735,17426200
2004-07-07,30.3719,30.5427,30.0968,30.0968,22072500
2004-07-08,30.0684,30.3529,30.0494,30.2296,21470000
2004-07-09,30.5142,30.5901,30.2771,30.4004,25224300
2004-07-12,30.9221,30.9695,30.3624,30.5616,19183600
2004-07-13,31.1497,31.1972,30.9695,31.0454,22947500
2004-07-14,31.4248,31.5291,31.0454,31.1118,32994900
2004-07-15,31.6525,31.8042,31.3015,31.4058,31380100
2004-07-16,31.3869,31.8896,31.3489,31.8896,25293700
2004-07-19,31.5196,31.643,31.2256,31.5861,20281800
2004-07-20,31.5007,31.5386,31.273,31.4248,18126200
2004-07-21,30.9221,31.7283,30.9221,31.6145,21230200
2004-07-22,31.1877,31.3489,30.7324,30.8746,18415100
2004-07-23,30.8462,31.1402,30.4668,31.1402,14593300
2004-07-26,30.647,31.0644,30.3719,30.9885,20165900
2004-07-27,31.1118,31.2066,30.7798,30.8272,17306500
2004-07-28,31.5766,31.7378,30.6849,31.5861,22409300
2004-07-29,31.5007,31.7283,31.273,31.6335,16501300
2004-07-30,31.5386,31.5386,31.1877,31.3679,14087100
2004-08-02,31.5481,31.6335,30.9695,30.9695,13292400
2004-08-03,31.1782,31.4912,31.1118,31.4912,15790500
2004-08-04,31.1877,31.2541,30.941,30.9695,13320100
2004-08-05,30.5616,31.2446,30.5332,31.1592,19942200
2004-08-06,29.8977,30.315,29.8028,30.1632,24647400
2004-08-09,30.2107,30.4004,29.8692,29.9071,16011200
2004-08-10,30.4383,30.4478,30.1158,30.2581,13732800
2004-08-11,30.5427,30.5806,30.1158,30.2581,13706400
2004-08-12,29.983,30.3814,29.9735,30.334,14707900
2004-08-13,30.2486,30.296,29.8787,30.0684,16281700
2004-08-16,30.6375,30.6375,30.1822,30.2296,14146600
2004-08-17,30.4858,30.7798,30.4004,30.647,14041800
2004-08-18,31.0928,31.0928,30.3624,30.4478,17800500
2004-08-19,31.0264,31.0549,30.666,30.9505,13998500
2004-08-20,30.9695,31.1118,30.8177,30.979,16269200
2004-08-23,30.8367,31.0549,30.7893,30.9979,13402200
2004-08-24,30.9505,31.0644,30.7418,31.0169,15862300
2004-08-25,31.1023,31.292,30.7513,30.8462,15740300
2004-08-26,31.1023,31.2066,30.96,31.0644,9121000
2004-08-27,31.0833,31.1687,30.9695,31.0644,7876200
2004-08-30,30.8936,31.0644,30.8746,30.9505,9376100
2004-08-31,31.1023,31.1213,30.647,30.8177,16618400
2004-09-01,31.1877,31.273,30.941,31.1023,11502500
2004-09-02,31.4248,31.4533,31.0928,31.2066,13834000
2004-09-03,31.1497,31.4153,31.0928,31.3015,11664900
2004-09-07,31.624,31.7663,31.33,31.3489,18990800
2004-09-08,31.9275,31.9844,31.6145,31.624,26992400
2004-09-09,32.1172,32.2785,31.8611,31.8706,26170600
2004-09-10,32.1362,32.2595,31.7947,32.0603,16241400
2004-09-13,32.0129,32.2974,31.9749,32.1362,17123000
2004-09-14,32.0793,32.0793,31.7947,31.8706,13829300
2004-09-15,31.8042,32.0793,31.7663,32.0793,12561300
2004-09-16,31.8042,32.0224,31.7758,31.8516,9464800
2004-09-17,32.4587,32.4777,31.9655,31.9655,29386500
2004-09-20,32.4492,32.6958,32.269,32.2974,19778800
2004-09-21,32.6863,32.7527,32.2785,32.4587,15252500
2004-09-22,32.1836,32.4871,31.9749,32.4397,20379800
2004-09-23,31.6999,32.0319,31.6809,32.0319,15236500
2004-09-24,31.6904,31.7947,31.5007,31.7758,13324000
2004-09-27,31.4153,31.5955,31.311,31.4153,16905700
2004-09-28,31.5955,31.7473,31.3394,31.4912,15419800
2004-09-29,31.7283,31.8516,31.5671,31.7283,14456500
2004-09-30,31.8516,31.8801,31.5861,31.6809,21029700
2004-10-01,32.2216,32.2405,31.918,31.9655,15692800
2004-10-04,32.3638,32.4966,32.1457,32.25,15533200
2004-10-05,32.2974,32.3638,32.0793,32.3354,12494100
2004-10-06,32.6105,32.6294,32.1836,32.3354,14339400
2004-10-07,32.2026,32.6105,32.2026,32.3828,13949100
2004-10-08,32.0034,32.5346,31.7758,32.231,18347800
2004-10-11,32.25,32.3449,32.0413,32.0603,8777300
2004-10-12,32.269,32.4397,31.9655,32.0603,12101400
2004-10-13,31.9749,32.5156,31.8232,32.4871,15327300
2004-10-14,31.7378,32.0603,31.6809,31.9655,12660400
2004-10-15,31.8232,32.0413,31.6809,31.7947,15124500
2004-10-18,32.1457,32.2785,31.5102,31.6809,15138600
2004-10-19,31.7094,32.3449,31.6999,32.1362,16378800
2004-10-20,31.5102,31.8137,31.3584,31.7568,16417300
2004-10-21,31.6525,31.7758,31.3015,31.4438,16663700
2004-10-22,31.2541,31.7283,31.0549,31.6525,16494100
2004-10-25,31.2066,31.3963,30.9695,31.3963,14662900
2004-10-26,31.8991,31.918,31.2066,31.3963,20066700
2004-10-27,32.2026,32.2026,31.6335,31.8421,16688900
2004-10-28,32.2785,32.3923,31.9749,32.0603,14379900
2004-10-29,32.3638,32.3923,32.0603,32.1552,18331000
2004-11-01,32.2974,32.3828,32.0698,32.3449,12919200
2004-11-02,32.2974,32.6105,32.1552,32.2026,16923000
2004-11-03,32.563,32.6768,32.2785,32.6294,18906600
2004-11-04,33.2839,33.2839,32.563,32.5915,25234000
2004-11-05,33.3788,33.578,32.9899,33.3882,20886500
2004-11-08,33.3124,33.4072,33.1227,33.2839,13419300
2004-11-09,33.5969,33.6159,33.2175,33.2175,15814700
2004-11-10,33.5021,33.7677,33.4831,33.6538,17046000
2004-11-11,33.9574,34.0333,33.578,33.5969,14375300
2004-11-12,34.3842,34.3842,33.9858,34.1186,18832400
2004-11-15,34.2419,34.4032,34.0997,34.3842,14334400
2004-11-16,34.2419,34.3747,34.0048,34.1945,13142000
2004-11-17,34.479,34.9059,34.2419,34.4127,18648200
2004-11-18,34.9344,34.9628,34.5075,34.5265,15703100
2004-11-19,34.4032,34.9344,34.0902,34.9344,21810500
2004-11-22,34.2324,34.4032,34.0902,34.3842,15358700
2004-11-23,33.9669,34.185,33.6633,34.1186,21021100
2004-11-24,33.8056,34.1471,33.7297,34.0048,16805700
2004-11-26,33.6159,33.7961,33.6159,33.7677,7889900
2004-11-29,33.4831,33.891,33.3124,33.7392,21630500
2004-11-30,33.54,33.7771,33.4831,33.4831,23067400
2004-12-01,34.1661,34.1661,33.54,33.54,21709800
2004-12-02,34.0902,34.2324,33.9099,34.0048,15978300
2004-12-03,33.9858,34.1755,33.8151,33.9953,15164900
2004-12-06,33.8341,33.9289,33.7582,33.8151,11704500
2004-12-07,33.4926,33.8151,33.4547,33.7677,18764000
2004-12-08,33.872,34.0522,33.7108,33.8151,16388600
2004-12-09,34.1661,34.2324,33.6728,33.7487,15881900
2004-12-10,34.8016,34.9154,34.1471,34.2893,32039000
2004-12-13,35.5509,35.5888,34.9249,34.9533,28195500
2004-12-14,35.456,35.807,35.2664,35.4655,26370400
2004-12-15,35.4655,35.5794,35.1051,35.4655,20391100
2004-12-16,35.2,35.5604,35.0956,35.3802,23825700
2004-12-17,34.8585,35.181,34.3937,34.5265,34996400
2004-12-20,35.2,35.2853,35.0197,35.0197,17123800
2004-12-21,35.2569,35.3233,35.0672,35.2,16388000
2004-12-22,35.3638,35.6518,35.191,35.2966,17393600
2004-12-23,35.2966,35.4694,35.239,35.2774,10598200
2004-12-27,35.1047,35.4598,35.1047,35.3734,9898700
2004-12-28,35.2198,35.3734,35.0662,35.0759,12817700
2004-12-29,35.0951,35.1334,34.9607,35.1047,11195100
2004-12-30,35.1334,35.3542,35.0951,35.1622,10461800
2004-12-31,35.0374,35.287,34.9415,35.1814,13161700
2005-01-03,35.1238,35.4118,34.9799,35.239,22229100
2005-01-04,34.7015,35.3734,34.6727,35.1334,18847600
2005-01-05,34.4903,34.8839,34.4903,34.7015,18957100
2005-01-06,34.7687,34.9607,34.4999,34.5863,19134500
2005-01-07,34.5575,34.9127,34.4135,34.9031,15004000
2005-01-10,34.4711,34.6919,34.2983,34.4423,16452500
2005-01-11,33.9815,34.2983,33.9047,34.1735,18909500
2005-01-12,34.2503,34.2695,33.6936,34.0103,22979500
2005-01-13,33.8183,34.2119,33.6936,34.1735,14432800
2005-01-14,34.0967,34.1927,33.8567,33.9431,14576900
2005-01-18,34.5191,34.5383,33.6648,33.8663,20237800
2005-01-19,34.0199,34.4615,33.9911,34.3847,12727900
2005-01-20,33.9527,34.2695,33.8663,34.0295,17902900
2005-01-21,33.7224,34.3943,33.7032,34.3655,28101200
2005-01-24,33.8471,34.2695,33.5496,33.8088,24329900
2005-01-25,34.2695,34.4423,34.1447,34.2215,21845000
2005-01-26,34.0679,34.6535,34.0295,34.4999,20777800
2005-01-27,34.1831,34.2695,33.9527,34.1735,18429500
2005-01-28,34.3175,34.3367,34.0007,34.1255,17751300
2005-01-31,34.6823,34.7303,34.4615,34.5095,17213200
2005-02-01,34.8263,34.9222,34.4519,34.5575,18658100
2005-02-02,34.7975,34.8263,34.5575,34.7303,14286500
2005-02-03,34.6247,34.7015,34.4903,34.7015,13181400
2005-02-04,34.7975,34.8743,34.5767,34.5767,17669000
2005-02-07,34.7783,34.9031,34.6055,34.6055,13852900
2005-02-08,34.9703,35.0662,34.7495,34.8263,17575600
2005-02-09,34.6439,34.9031,34.4327,34.8647,19427700
2005-02-10,34.6055,34.7879,34.5671,34.7207,12950800
2005-02-11,34.7783,35.0087,34.5095,34.5575,16088600
2005-02-14,34.8647,34.9415,34.7495,34.7783,10488400
2005-02-15,34.9319,35.1431,34.7975,34.8167,16981500
2005-02-16,34.7687,34.8839,34.6151,34.8071,13688000
2005-02-17,34.5863,34.9415,34.5767,34.6823,16221700
2005-02-18,34.4423,34.6151,34.2599,34.6151,22261500
2005-02-22,33.9335,34.4711,33.9239,34.1639,21630200
2005-02-23,33.8567,33.9527,33.7127,33.7415,19932400
2005-02-24,34.5567,34.615,34.0707,34.1193,16036000
2005-02-25,34.6248,34.7025,34.4206,34.5567,14258400
2005-02-28,34.2165,34.4887,34.1582,34.4304,19674700
2005-03-01,34.2359,34.4012,34.1679,34.2845,16206700
2005-03-02,34.6053,34.6928,34.0804,34.0998,17910800
2005-03-03,34.5567,34.8289,34.4595,34.7414,17964600
2005-03-04,35.1108,35.2177,34.722,34.8192,20328900
2005-03-07,35.1205,35.2663,35.0427,35.1108,12305200
2005-03-08,35.0525,35.1983,35.0039,35.0233,12023100
2005-03-09,34.7414,35.1011,34.7025,34.8775,15559200
2005-03-10,35.1205,35.2177,34.7997,34.8483,15613900
2005-03-11,34.8192,35.1302,34.7511,35.0233,13175700
2005-03-14,35.208,35.208,34.7803,34.7997,17365400
2005-03-15,34.9941,35.4607,34.9941,35.2663,17384900
2005-03-16,34.7414,35.1108,34.4887,34.8094,17997100
2005-03-17,34.3817,34.7122,34.2845,34.6539,14730700
2005-03-18,34.8775,34.8775,34.2943,34.4206,43320800
2005-03-21,35.0039,35.1108,34.4887,34.7317,17066200
2005-03-22,34.5081,35.1788,34.4304,34.9941,18182200
2005-03-23,34.5081,34.8192,34.3915,34.5081,22461100
2005-03-24,34.7317,35.0913,34.7122,34.8872,18067700
2005-03-28,34.965,35.1788,34.8678,34.8969,14333800
2005-03-29,34.5373,34.965,34.4401,34.8192,18163900
2005-03-30,35.1885,35.208,34.5956,34.6053,19284700
2005-03-31,35.0525,35.1399,34.9553,35.0913,17167900
2005-04-01,34.4789,35.208,34.4595,35.1691,20764100
2005-04-04,34.2554,34.5373,34.0415,34.5275,20615400
2005-04-05,34.5081,34.5081,34.1873,34.2359,16039900
2005-04-06,34.5081,34.7317,34.4498,34.5859,13937100
2005-04-07,34.7803,34.8483,34.5178,34.5859,14439900
2005-04-08,34.7414,34.9553,34.6734,34.7025,17180800
2005-04-11,34.8192,34.9358,34.722,34.7997,11560900
2005-04-12,35.0816,35.2858,34.4692,34.6734,19658700
2005-04-13,34.6442,35.208,34.547,35.0427,20339200
2005-04-14,34.5081,35.1691,34.4109,34.9747,25141900
2005-04-15,34.7511,35.4705,34.7511,34.8192,42390100
2005-04-18,34.9941,35.3635,34.7511,34.7511,27442900
2005-04-19,34.9941,35.3052,34.8969,35.2372,20400400
2005-04-20,34.5275,35.0039,34.3623,34.8483,23817100
2005-04-21,35.1108,35.1205,34.6248,34.7997,19235100
2005-04-22,35.0913,35.2955,34.6831,34.9941,19829800
2005-04-25,35.3635,35.451,35.1399,35.3344,16669800
2005-04-26,35.1691,35.5774,35.1497,35.383,17987100
2005-04-27,35.383,35.4705,34.9358,35.0427,18263900
2005-04-28,34.6734,35.4218,34.6248,35.0719,22047400
2005-04-29,35.1885,35.208,34.615,34.8192,23516100
2005-05-02,35.2372,35.3246,35.0427,35.0719,14073300
2005-05-03,35.0913,35.1399,34.7706,35.0427,26364500
2005-05-04,35.1885,35.2566,34.8775,35.1011,18179600
2005-05-05,34.8483,35.2177,34.7317,35.1399,14934900
2005-05-06,34.8483,35.0427,34.7997,34.8192,17861000
2005-05-09,35.2177,35.2177,34.8289,34.8386,14586300
2005-05-10,34.8289,35.1788,34.722,35.0525,18429400
2005-05-11,35.1788,35.1983,34.6734,34.8969,15277800
2005-05-12,34.8678,35.2955,34.8094,35.1594,16030100
2005-05-13,34.7025,35.2663,34.5664,34.8678,18314800
2005-05-16,35.2274,35.2372,34.7997,34.8483,15510700
2005-05-17,35.4413,35.451,35.0233,35.0913,14848100
2005-05-18,35.869,35.9662,35.4607,35.4802,23456500
2005-05-19,35.8885,35.937,35.6648,35.869,13874100
2005-05-20,35.9662,36.0342,35.8204,35.9176,16990400
2005-05-23,36.1412,36.2967,35.8,35.801,15170300
2005-05-24,36.0342,36.2092,35.9662,35.9856,13441400
2005-05-25,35.8301,36.0537,35.7329,36.0537,12198400
2005-05-26,35.9079,36.0634,35.801,35.9856,10955400
2005-05-27,35.8496,35.9468,35.8301,35.8885,8522500
2005-05-31,35.4607,35.8787,35.4413,35.8496,20224400
2005-06-01,35.8982,35.9759,35.4607,35.4607,16091800
2005-06-02,35.869,35.937,35.7815,35.8982,19734900
2005-06-03,35.6746,35.9273,35.626,35.7718,12046300
2005-06-06,35.5871,35.801,35.5482,35.626,12020700
2005-06-07,35.8107,36.0926,35.7135,35.7426,17096500
2005-06-08,35.7718,36.0148,35.7718,35.9468,13114500
2005-06-09,35.7621,35.8107,35.4996,35.7232,11791300
2005-06-10,35.6065,35.9176,35.3441,35.6746,13647000
2005-06-13,35.5288,35.8301,35.4996,35.5968,14037000
2005-06-14,35.3927,35.6648,35.3441,35.4802,15676200
2005-06-15,35.3052,35.5677,35.1594,35.4316,18097800
2005-06-16,35.1011,35.4218,35.0525,35.2566,16068700
2005-06-17,35.4802,35.626,35.1983,35.1983,35199500
2005-06-20,35.2663,35.3927,35.1983,35.3052,16102500
2005-06-21,35.1399,35.383,35.1399,35.2566,22441100
2005-06-22,34.722,35.3246,34.6831,35.2177,25345900
2005-06-23,33.6916,34.6345,33.5555,34.5081,48979200
2005-06-24,33.8082,34.0901,33.1958,33.7791,67835000
2005-06-27,33.643,33.886,33.6235,33.7499,23922300
2005-06-28,34.1679,34.2165,33.7499,33.8666,28756100
2005-06-29,34.0221,34.3915,34.0124,34.197,21084000
2005-06-30,33.6819,34.3234,33.5847,34.0221,33442200
2005-07-01,33.7693,33.9638,33.6916,33.8763,20368400
2005-07-05,33.7499,33.9249,33.536,33.6624,26545400
2005-07-06,33.3611,33.7207,33.3222,33.5847,21205900
2005-07-07,33.225,33.4389,32.982,33.225,31189000
2005-07-08,34.0124,34.1387,33.3902,33.4194,30282400
2005-07-11,34.129,34.4401,34.0804,34.2068,19597800
2005-07-12,34.1193,34.2554,33.9735,34.0707,17596500
2005-07-13,34.197,34.3137,34.0804,34.1193,18138200
2005-07-14,34.6345,34.7803,34.2651,34.4012,28656700
2005-07-15,34.5373,34.7317,33.9735,34.3526,45337600
2005-07-18,34.2165,34.4984,34.1679,34.3915,17420400
2005-07-19,34.3429,34.4595,34.129,34.372,22167000
2005-07-20,34.3137,34.3817,34.061,34.3429,18474500
2005-07-21,34.0221,34.372,34.0221,34.197,16296900
2005-07-22,34.0901,34.2554,33.8957,34.2554,15091300
2005-07-25,33.7985,34.2165,33.7305,34.2165,18132700
2005-07-26,33.7305,34.129,33.7207,33.8568,16395100
2005-07-27,33.8277,33.8471,33.6819,33.7402,16692400
2005-07-28,33.9054,34.0707,33.8277,33.9054,16256800
2005-07-29,33.536,33.9443,33.5263,33.8277,19740000
2005-08-01,33.293,33.6527,33.2542,33.6041,19299700
2005-08-02,33.293,33.5944,33.2444,33.293,19211900
2005-08-03,33.2542,33.4291,33.1375,33.3027,17918200
2005-08-04,33.0597,33.2639,33.0403,33.1958,18816200
2005-08-05,32.8653,33.0597,32.807,32.9042,18660800
2005-08-08,32.8167,33.0209,32.7584,32.9042,14180800
2005-08-09,33.1861,33.3222,32.9528,33.0209,17516100
2005-08-10,32.9334,33.5166,32.9237,33.3416,20812600
2005-08-11,33.5458,33.5458,33.0014,33.0695,21272500
2005-08-12,33.293,33.5944,33.2639,33.3611,17220500
2005-08-15,33.2542,33.3125,33.0695,33.1667,13677900
2005-08-16,32.9334,33.2444,32.9237,33.1569,16712200
2005-08-17,33.1472,33.4204,32.9139,32.9334,16115900
2005-08-18,33.0403,33.3222,32.9917,33.0889,13642000
2005-08-19,33.0014,33.3027,32.9139,33.1375,13573300
2005-08-22,33.0209,33.2833,32.875,33.1181,13594500
2005-08-23,33.0209,33.1278,32.8362,33.05,15353500
2005-08-24,32.6029,33.1472,32.6029,32.9723,19539300
2005-08-25,32.564,32.6806,32.4765,32.564,16442800
2005-08-26,32.4473,32.6126,32.3793,32.564,17599900
2005-08-29,32.6612,32.6806,32.1752,32.2432,18579000
2005-08-30,32.3113,32.6223,31.9322,32.564,26794200
2005-08-31,32.6709,32.7389,32.0391,32.2724,27248900
2005-09-01,32.214,32.5932,32.078,32.4959,26920100
2005-09-02,32.3988,32.5251,32.2821,32.4668,20146700
2005-09-06,32.9917,33.0325,32.5154,32.5154,27486800
2005-09-07,33.0597,33.0986,32.7389,32.9431,21915000
2005-09-08,32.9042,33.0597,32.7876,33.0597,17879700
2005-09-09,33.0306,33.2736,32.9528,32.9917,19451100
2005-09-12,33.468,33.5652,33.0403,33.05,24046700
2005-09-13,33.3222,33.4777,33.1083,33.3902,21236700
2005-09-14,33.0986,33.4583,33.05,33.3125,16836500
2005-09-15,33.4194,33.4389,33.1181,33.1181,18851700
2005-09-16,33.5069,33.6138,33.2639,33.5555,40118500
2005-09-19,33.0986,33.3704,32.9431,33.3416,23672600
2005-09-20,32.8945,33.2639,32.807,33.1861,19090300
2005-09-21,32.6126,32.7973,32.564,32.5834,22011100
2005-09-22,32.5832,32.8181,32.4463,32.6126,21735100
2005-09-23,32.6811,32.8572,32.5441,32.5832,15631400
2005-09-26,32.5539,32.8964,32.4169,32.8572,19492800
2005-09-27,32.9159,33.1116,32.505,32.7496,21821500
2005-09-28,32.7692,32.9746,32.5441,32.9551,16785100
2005-09-29,32.9257,33.0236,32.368,32.5832,22081300
2005-09-30,32.9453,33.0431,32.6224,32.9257,21276300
2005-10-03,32.5148,32.9061,32.4854,32.8768,24259900
2005-10-04,32.1429,32.73,32.1429,32.6126,27106500
2005-10-05,31.9766,32.3876,31.9668,32.1918,23036900
2005-10-06,32.867,33.0138,32.4658,32.4658,33449900
2005-10-07,33.4834,33.5617,32.9551,33.1703,28725400
2005-10-10,33.2584,33.5519,33.229,33.4932,17581200
2005-10-11,33.0725,33.3465,32.9649,33.2584,18370800
2005-10-12,33.0725,33.3171,32.8572,32.8572,18509000
2005-10-13,33.2878,33.4737,33.0236,33.0236,20034300
2005-10-14,33.6009,33.7379,33.366,33.6596,27812600
2005-10-17,33.278,33.7574,33.2095,33.4737,23963300
2005-10-18,33.2682,33.4247,33.2192,33.2682,20042400
2005-10-19,33.6693,33.6693,33.1703,33.1997,23093400
2005-10-20,33.1508,33.7183,33.0138,33.7183,20432600
2005-10-21,33.0235,33.3367,32.9257,33.2192,21475400
2005-10-24,33.3954,33.4052,33.0333,33.0333,16519000
2005-10-25,33.1801,33.3954,32.9061,33.278,18985500
2005-10-26,32.9746,33.4639,32.9649,33.2486,22425500
2005-10-27,32.7985,32.9649,32.6909,32.9061,17213900
2005-10-28,33.2975,33.3562,32.7985,32.9551,22792100
2005-10-31,33.1605,33.4052,33.1116,33.2682,26859500
2005-11-01,32.8768,33.2486,32.8279,33.2388,20621700
2005-11-02,33.0823,33.2388,32.7887,32.8768,23196600
2005-11-03,33.2192,33.415,33.0725,33.1703,17993200
2005-11-04,33.2878,33.366,33.0236,33.2486,16659800
2005-11-07,33.2878,33.3954,33.2192,33.366,14896300
2005-11-08,33.0333,33.2192,33.004,33.1508,14820300
2005-11-09,33.1899,33.415,32.9844,33.1214,17857300
2005-11-10,33.7574,33.9922,33.1899,33.2388,29089200
2005-11-11,33.9042,34.0314,33.6596,33.8063,13807300
2005-11-14,33.6596,33.914,33.5617,33.914,14222300
2005-11-15,33.6596,33.958,33.5519,33.6693,14971200
2005-11-16,33.7966,33.9629,33.6106,33.6498,16485900
2005-11-17,33.914,34.0216,33.6596,33.8357,16120400
2005-11-18,34.9805,35.0294,34.4913,34.6968,59163600
2005-11-21,35.4208,35.5578,34.8858,34.9903,33891600
2005-11-22,35.2838,35.4502,35.1175,35.2741,25837100
2005-11-23,35.1664,35.3621,35.1371,35.2741,17528500
2005-11-25,35.4208,35.4404,35.1469,35.2251,9330700
2005-11-28,35.2056,35.4208,35.1664,35.4208,18708100
2005-11-29,35.1566,35.4502,35.0882,35.3523,23345500
2005-11-30,34.9512,35.3817,34.9512,35.1762,24312400
2005-12-01,34.9805,35.1273,34.8729,35.0784,21328400
2005-12-02,34.7359,34.9805,34.5011,34.9805,25442600
2005-12-05,35.0001,35.0882,34.6381,34.6576,24218800
2005-12-06,35.0294,35.323,34.9512,35.1273,26517800
2005-12-07,34.8044,35.0784,34.6478,35.0294,28240900
2005-12-08,34.5891,34.8924,34.5108,34.8044,21764300
2005-12-09,34.7653,35.0294,34.5793,34.6674,17485900
2005-12-12,34.7848,34.9609,34.6674,34.8924,13760900
2005-12-13,34.7065,34.912,34.5891,34.7359,25389300
2005-12-14,35.0001,35.1175,34.7848,34.9022,21902600
2005-12-15,35.2251,35.3817,35.0001,35.1664,34030300
2005-12-16,35.2838,35.4795,35.2448,35.2545,34703300
2005-12-19,35.049,35.4697,34.8827,35.2251,21073100
2005-12-20,34.775,34.9707,34.6185,34.9022,21008900
2005-12-21,34.5598,34.8924,34.4913,34.8924,22848200
2005-12-22,34.9047,34.9442,34.6584,34.6584,17478700
2005-12-23,34.9047,35.0526,34.8752,35.0427,10709400
2005-12-27,34.55,35.0821,34.5204,35.0526,17068100
2005-12-28,34.5993,34.6485,34.4416,34.55,16795500
2005-12-29,34.6781,34.9343,34.5894,34.5993,16141900
2005-12-30,34.5401,34.7076,34.4711,34.6091,18062900
2006-01-03,34.8555,34.885,34.2938,34.5894,33221200
2006-01-04,34.8062,34.885,34.5894,34.8358,24017200
2006-01-05,34.7175,34.8358,34.5894,34.7569,18858200
2006-01-06,34.954,35.0131,34.6781,34.8653,22084000
2006-01-09,34.8653,34.9146,34.7274,34.885,20716500
2006-01-10,34.6781,34.7963,34.5401,34.7569,21043200
2006-01-11,34.9146,35.0329,34.5894,34.6288,22394400
2006-01-12,34.4909,34.9442,34.4317,34.9343,22159000
2006-01-13,34.5894,34.7372,34.2938,34.3923,17220500
2006-01-17,34.4317,35.1117,34.3135,35.1117,16069400
2006-01-18,34.2839,34.4021,34.1065,34.3923,20206900
2006-01-19,34.1755,34.3923,33.9981,34.3923,29323900
2006-01-20,32.8846,33.8602,32.7368,33.801,88193600
2006-01-23,32.8057,33.1802,32.7762,33.0422,38814200
2006-01-24,32.4805,33.062,32.4313,33.062,46480400
2006-01-25,32.2834,32.717,32.175,32.6678,51388200
2006-01-26,32.5397,32.5889,32.2637,32.451,48855500
2006-01-27,32.4707,32.5397,32.2736,32.4707,43318500
2006-01-30,32.451,32.6086,32.2243,32.4214,35386500
2006-01-31,32.2736,32.5002,32.1553,32.4214,39696800
2006-02-01,32.6579,32.7072,32.1652,32.1849,38067400
2006-02-02,32.4214,32.8057,32.4017,32.5889,30467300
2006-02-03,32.3721,32.6579,32.2933,32.3229,25827600
2006-02-06,32.2736,32.4117,32.175,32.3721,23162800
2006-02-07,31.84,32.2539,31.7414,32.1849,36799300
2006-02-08,32.2637,32.313,31.7621,31.84,26756900
2006-02-09,32.4411,32.5594,32.2834,32.3032,26324200
2006-02-10,32.7959,32.8846,32.3918,32.4411,26559800
2006-02-13,32.7663,32.9733,32.5988,32.717,20007900
2006-02-14,32.9733,33.0521,32.5594,32.6973,29265000
2006-02-15,32.9733,33.0521,32.7762,33.0521,18831700
2006-02-16,32.8648,33.0127,32.5791,32.9535,23892200
2006-02-17,33.1211,33.1211,32.8057,32.8648,25349000
2006-02-21,32.8747,33.259,32.7368,33.1211,19914100
2006-02-22,33.1506,33.259,33.0127,33.062,25723700
2006-02-23,33.0215,33.2201,32.972,33.0116,22148300
2006-02-24,32.9024,33.0662,32.7832,33.0116,18275300
2006-02-27,33.0811,33.1109,32.8726,32.9818,19328500
2006-02-28,32.6343,33.0612,32.6145,32.9619,27700000
2006-03-01,32.5251,32.7932,32.4655,32.7336,24533500
2006-03-02,32.6145,32.674,32.3464,32.4655,25139100
2006-03-03,32.8229,33.1009,32.4953,32.5152,25579500
2006-03-06,32.8627,33.0125,32.7137,32.8229,21410700
2006-03-07,32.9123,33.0017,32.7733,32.8031,21748800
2006-03-08,33.1903,33.2896,32.7733,32.8229,25081600
2006-03-09,32.9619,33.2995,32.9222,33.1407,24211600
2006-03-10,33.4087,33.4385,33.0215,33.0414,25769700
2006-03-13,33.4286,33.4882,33.1903,33.4187,19519200
2006-03-14,33.5378,33.6073,33.2399,33.2598,19756700
2006-03-15,34.1732,34.2725,33.5378,33.5378,36577000
2006-03-16,34.1335,34.4512,34.0938,34.4016,31356000
2006-03-17,34.2626,34.5108,34.1534,34.2229,40595800
2006-03-20,34.2526,34.4512,34.1534,34.2923,16126300
2006-03-21,34.0938,34.4413,34.0342,34.2626,20038900
2006-03-22,34.2824,34.3221,34.0938,34.1335,16153000
2006-03-23,33.8754,34.2229,33.7661,34.203,20583500
2006-03-24,33.7066,33.8803,33.647,33.786,14482600
2006-03-27,33.5477,33.6967,33.4484,33.6272,15117500
2006-03-28,33.3591,33.6073,33.2499,33.4683,22907700
2006-03-29,33.6867,33.7959,33.3094,33.3094,25736600
2006-03-30,34.4016,34.5008,33.8059,33.8257,43659300
2006-03-31,34.5306,34.7491,34.4711,34.4909,37386600
2006-04-03,34.4413,34.7391,34.342,34.5406,22345100
2006-04-04,34.4512,34.62,34.0739,34.62,21563800
2006-04-05,34.1732,34.4909,34.1434,34.4016,19544500
2006-04-06,34.2626,34.3023,33.8754,34.0541,20222500
2006-04-07,33.786,34.5008,33.7661,34.3023,23691200
2006-04-10,33.6768,33.8356,33.5577,33.8158,22954500
2006-04-11,33.8059,33.8257,33.3889,33.6768,22965700
2006-04-12,34.2129,34.2824,33.9266,34.0541,26222000
2006-04-13,33.647,34.1136,33.369,33.9449,37667700
2006-04-17,33.0513,33.5179,32.8329,33.5179,35390600
2006-04-18,33.6073,33.7264,32.9719,33.2797,33344500
2006-04-19,33.6272,33.7264,33.2598,33.7066,24621700
2006-04-20,33.8754,33.9349,33.3889,33.5577,25389600
2006-04-21,33.7264,34.0739,33.4385,34.0044,29243100
2006-04-24,33.6867,33.7562,33.5577,33.5676,16404600
2006-04-25,33.7264,33.8158,33.5577,33.7562,22714400
2006-04-26,33.8853,34.1931,33.6371,33.8257,23057100
2006-04-27,34.1831,34.4313,33.647,33.6569,25275400
2006-04-28,34.342,34.5306,34.1037,34.2427,24830200
2006-05-01,34.1434,34.4711,34.0739,34.3916,17806100
2006-05-02,34.2328,34.342,33.8555,34.1434,16449300
2006-05-03,34.1534,34.4214,33.9449,33.9746,22186200
2006-05-04,34.5505,34.6895,34.2306,34.2526,21850000
2006-05-05,34.9079,34.9675,34.62,34.6895,26062100
2006-05-08,34.7491,34.9873,34.7193,34.8483,16377400
2006-05-09,34.7491,34.8682,34.6498,34.6994,16750500
2006-05-10,34.4512,34.7391,34.2526,34.6895,21285200
2006-05-11,34.2626,34.4214,33.8853,34.2526,22788700
2006-05-12,34.0342,34.2923,33.9349,34.1335,22758100
2006-05-15,34.3122,34.342,33.8356,33.8555,23043400
2006-05-16,34.5406,34.6696,34.4611,34.4909,23395100
2006-05-17,34.1732,34.6001,34.1534,34.3718,25528700
2006-05-18,33.9051,34.3023,33.8952,34.2427,24158800
2006-05-19,33.9151,34.2526,33.7066,33.9846,30012800
2006-05-22,33.8257,34.1136,33.7761,33.8059,26809600
2006-05-23,33.7661,33.9746,33.6669,33.8555,22094600
2006-05-24,34.0144,34.1335,33.4584,33.5179,29146300
2006-05-25,34.1732,34.1831,33.7761,34.1037,20140700
2006-05-26,34.0839,34.2824,33.8555,34.2229,21189700
2006-05-30,33.8059,34.1236,33.7661,34.0938,22156500
2006-05-31,34.0144,34.0144,33.7264,33.9051,30276800
2006-06-01,34.3023,34.3718,33.9746,34.0541,19625400
2006-06-02,34.4115,34.5604,34.2328,34.3916,21166600
2006-06-05,33.9746,34.3718,33.9349,34.3023,18284800
2006-06-06,34.3023,34.3321,33.9647,34.1534,28871400
2006-06-07,34.1831,34.6696,34.1534,34.3023,27927000
2006-06-08,34.3221,34.3519,33.6967,34.0839,37314000
2006-06-09,33.8158,34.3519,33.6768,34.2725,25693600
2006-06-12,33.6272,34.0243,33.6172,33.925,18250500
2006-06-13,33.4783,33.9647,33.4683,33.4882,31741000
2006-06-14,33.6569,33.7463,33.4187,33.4584,24080400
2006-06-15,33.8654,33.9945,33.3591,33.7364,31632100
2006-06-16,33.6867,33.7661,33.4087,33.6172,33853100
2006-06-19,33.4782,33.7066,33.3988,33.7066,20461600
2006-06-20,33.4584,33.5775,33.2995,33.4782,27594600
2006-06-21,33.4286,33.647,33.2002,33.5874,30969500
2006-06-22,33.0017,33.2201,32.9024,33.0314,25779600
2006-06-23,32.9222,33.1307,32.8726,32.9421,20503000
2006-06-26,32.9719,33.0314,32.684,32.9421,19402700
2006-06-27,32.6442,33.0314,32.6442,32.813,23559700
2006-06-28,32.6939,32.8031,32.545,32.6939,20324800
2006-06-29,33.0314,33.0414,32.6442,32.7435,28410600
2006-06-30,32.7237,33.1307,32.7038,33.091,38886400
2006-07-03,33.091,33.1307,32.8527,32.8627,11967000
2006-07-05,33.0712,33.1903,32.9123,32.9917,25646300
2006-07-06,33.2598,33.3789,33.0612,33.0712,20028600
2006-07-07,33.0612,33.2697,32.9719,33.1109,20321000
2006-07-10,33.2102,33.2201,32.8627,33.0612,15835100
2006-07-11,33.0215,33.1407,32.7535,33.1307,22385200
2006-07-12,32.8229,32.9818,32.7634,32.9719,21533500
2006-07-13,32.4357,32.8229,32.3265,32.7733,31440400
2006-07-14,31.8798,32.1339,31.8301,32.0585,49234200
2006-07-17,32.128,32.1975,31.85,31.85,23565600
2006-07-18,32.2273,32.2531,32.0188,32.128,26260100
2006-07-19,32.6442,32.8031,32.257,32.3464,25494000
2006-07-20,32.2471,32.7038,32.2471,32.6145,20583700
2006-07-21,32.0188,32.3762,31.9691,32.3762,29394200
2006-07-24,32.3861,32.5251,32.0585,32.2471,22863200
2006-07-25,32.4655,32.5747,32.2173,32.5648,22117300
2006-07-26,32.4457,32.535,32.2471,32.5052,21299100
2006-07-27,32.4159,32.6442,32.3067,32.5152,21630300
2006-07-28,32.7832,32.9917,32.5052,32.5648,20939000
2006-07-31,32.4556,32.674,32.4457,32.5648,22844700
2006-08-01,32.3265,32.5648,32.2471,32.4159,16692500
2006-08-02,32.3662,32.5747,32.1875,32.3166,16642500
2006-08-03,32.4953,32.6442,32.1975,32.3166,19370500
2006-08-04,32.5648,32.7535,32.3662,32.674,16006100
2006-08-07,32.4556,32.5946,32.2769,32.4457,15692700
2006-08-08,32.1081,32.5648,31.9691,32.5648,23748200
2006-08-09,32.0485,32.4854,32.0088,32.2471,18217000
2006-08-10,32.4357,32.545,32.0088,32.118,23893500
2006-08-11,32.267,32.545,32.1876,32.3861,15347300
2006-08-14,32.5847,33.1903,32.396,32.4755,24949800
2006-08-15,32.9619,33.0414,32.8031,32.952,20290300
2006-08-16,33.4683,33.5974,33.0811,33.1307,23881000
2006-08-17,33.6768,33.7562,33.4087,33.4584,17562500
2006-08-18,33.7562,33.7562,33.4683,33.4683,17112300
2006-08-21,33.7165,33.8555,33.5279,33.7562,12792200
2006-08-22,33.7165,33.9449,33.4385,33.6569,15866100
2006-08-23,33.5477,33.6272,33.3591,33.508,18169500
2006-08-24,33.6073,33.7661,33.508,33.6967,14552100
2006-08-25,33.5974,33.6768,33.4683,33.4782,11658600
2006-08-28,33.6867,33.7562,33.4584,33.4584,13317500
2006-08-29,33.9449,33.9945,33.6569,33.6569,18403700
2006-08-30,34.0243,34.1931,33.9449,33.9548,14384800
2006-08-31,33.8158,34.0739,33.7661,34.0441,18456500
2006-09-01,33.8952,34.0243,33.7761,33.9349,19690100
2006-09-05,33.7264,33.8853,33.6768,33.8356,18110400
2006-09-06,33.7066,33.8059,33.6073,33.6272,18653700
2006-09-07,33.7959,33.9051,33.5874,33.6073,29751900
2006-09-08,33.7661,33.8059,33.6371,33.6569,14342300
2006-09-11,34.1831,34.1831,33.5179,33.6073,21511300
2006-09-12,34.4214,34.481,34.1335,34.1831,22489900
2006-09-13,34.5902,34.5902,34.2427,34.4512,26909200
2006-09-14,34.5306,34.6101,34.2526,34.3023,20490600
2006-09-15,34.6001,34.7491,34.4711,34.6498,33383400
2006-09-18,34.62,34.7093,34.3618,34.4016,22906600
2006-09-19,34.6001,34.6101,34.3519,34.6001,18691000
2006-09-20,34.7689,34.8185,34.4016,34.62,24666500
2006-09-21,34.1931,34.6498,34.0044,34.6498,26426400
2006-09-22,34.1534,34.2526,34.0243,34.1136,17535500
2006-09-25,34.6398,34.6895,34.0839,34.0839,22467800
2006-09-26,35.1859,35.3646,34.6398,34.6498,35878300
2006-09-27,35.0866,35.3944,34.9178,35.0767,26523100
2006-09-28,35.2256,35.3547,34.9675,35.1462,19566000
2006-09-29,35.0469,35.2554,34.9476,35.166,20444900
2006-10-02,35.2455,35.4539,35.027,35.1462,20810200
2006-10-03,35.4539,35.6227,35.2057,35.2554,33103000
2006-10-04,35.8412,35.861,35.305,35.4142,31772100
2006-10-05,36.0298,36.2184,35.6823,35.7518,25048300
2006-10-06,35.8809,36.0397,35.6227,35.8213,18824200
2006-10-09,35.9007,35.9801,35.6029,35.8809,18367800
2006-10-10,36.0397,36.0993,35.8014,35.8412,23457300
2006-10-11,35.9107,36.139,35.7717,35.9404,19471100
2006-10-12,35.9603,36.0596,35.8412,35.9901,23392400
2006-10-13,35.722,35.8511,35.2157,35.6724,42579300
2006-10-16,35.305,35.4738,35.0866,35.4738,31779100
2006-10-17,35.305,35.3447,34.9873,35.0965,24926100
2006-10-18,35.305,35.583,35.2058,35.5632,27529300
2006-10-19,35.027,35.2355,34.888,35.1462,26207000
2006-10-20,35.2157,35.3249,35.0072,35.1462,27306500
2006-10-23,35.2752,35.4341,35.0171,35.027,26087600
2006-10-24,35.166,35.3249,35.0866,35.1958,21848700
2006-10-25,35.3547,35.3944,35.0965,35.2951,22101900
2006-10-26,35.3348,35.5334,35.166,35.4937,19986200
2006-10-27,34.9575,35.2455,34.9178,35.2057,29555000
2006-10-30,34.9476,35.1561,34.8583,34.9675,16484200
2006-10-31,34.8583,35.0965,34.6696,35.027,26628000
2006-11-01,34.6498,34.9476,34.6001,34.9476,24251600
2006-11-02,34.4611,34.6597,34.3718,34.6299,23411400
2006-11-03,34.5207,34.7491,34.4413,34.5306,19077900
2006-11-06,35.0171,35.1561,34.6498,34.7689,26823100
2006-11-07,35.2852,35.3944,35.0171,35.0965,24410800
2006-11-08,35.3249,35.4937,35.1462,35.1958,17891600
2006-11-09,35.037,35.4043,34.9972,35.2554,18721600
2006-11-10,34.9178,35.0568,34.8682,35.0469,17988300
2006-11-13,35.1065,35.4043,35.027,35.027,20830600
2006-11-14,35.3348,35.4937,34.9277,35.2057,28517100
2006-11-15,35.5334,35.6624,35.2355,35.2554,23772300
2006-11-16,35.7022,35.8709,35.6128,35.6128,22899700
2006-11-17,35.9901,36.0099,35.5234,35.5929,30558900
2006-11-20,35.722,36.0199,35.6724,35.9107,20053600
2006-11-21,35.5433,35.7419,35.4639,35.722,25114800
2006-11-22,35.7319,35.8312,35.4639,35.5433,18785000
2006-11-24,35.4341,35.6227,35.4341,35.5929,7261700
2006-11-27,35.1958,35.4937,35.027,35.315,24613300
2006-11-28,34.9476,35.1065,34.7987,35.0469,24983900
2006-11-29,35.0965,35.1859,34.9377,34.9972,18155800
2006-11-30,35.027,35.2455,34.9079,35.1561,23653800
2006-12-01,35.027,35.1462,34.7093,35.1263,23994000
2006-12-04,35.1362,35.2455,35.0171,35.176,18838700
2006-12-05,35.0171,35.2455,34.8781,35.1561,30244300
2006-12-06,34.8583,35.1958,34.8185,35.0965,40317600
2006-12-07,34.9079,35.1362,34.8384,34.9079,25610900
2006-12-08,35.0171,35.1065,34.7491,34.898,22361800
2006-12-11,34.9675,35.2653,34.7987,34.9873,30083800
2006-12-12,35.3845,35.6624,34.8185,34.9575,49791300
2006-12-13,35.2455,35.6624,35.1462,35.5929,45178300
2006-12-14,35.9504,36.0695,35.1065,35.2355,43231300
2006-12-15,37.0921,37.2411,35.9504,36.0199,88384096
2006-12-18,37.7275,37.8566,37.1418,37.1815,50057300
2006-12-19,37.7375,37.797,37.4793,37.4793,31372200
2006-12-20,37.8765,38.214,37.7375,37.8963,36917800
2006-12-21,37.4992,37.7871,37.3602,37.7772,25270300
2006-12-22,37.3006,37.6283,37.2411,37.6183,15578900
2006-12-26,37.4396,37.4694,37.1616,37.3304,11997400
2006-12-27,37.519,37.7573,37.3006,37.519,16017800
2006-12-28,37.1815,37.4893,37.1815,37.4893,16825000
2006-12-29,36.9432,37.251,36.8936,37.2113,25272100
2007-01-03,37.6978,37.8765,37.112,37.1418,43225000
2007-01-04,37.4793,37.7275,37.1815,37.6978,31305200
2007-01-05,37.2907,37.4893,37.0425,37.3006,27027200
2007-01-08,37.2808,37.3999,36.9829,37.1815,23716200
2007-01-09,37.2808,37.7176,37.0921,37.5091,24606300
2007-01-10,37.2907,37.3403,37.0723,37.112,23996700
2007-01-11,37.6481,37.6878,37.1517,37.2311,30832800
2007-01-12,37.6183,37.7275,37.3999,37.5687,25944000
2007-01-16,37.8368,37.9757,37.658,37.7275,31118200
2007-01-17,37.7077,38.0055,37.5786,37.9062,30462800
2007-01-18,37.7275,37.8963,36.9928,37.7375,41617500
2007-01-19,36.6851,37.2311,36.5858,36.8836,62908200
2007-01-22,36.4865,37.0623,36.3276,36.8638,41384700
2007-01-23,36.2879,36.4766,36.1191,36.417,35135800
2007-01-24,36.3674,36.4865,36.2581,36.4369,21458500
2007-01-25,36.0794,36.4369,36.0,36.3872,26089500
2007-01-26,35.8114,36.2879,35.7518,36.1886,25923800
2007-01-29,35.9305,36.0894,35.7717,35.8114,24952100
2007-01-30,35.7717,36.0794,35.5036,35.9404,43149600
2007-01-31,35.7915,35.9603,35.5731,35.7419,36164300
2007-02-01,35.9702,35.9801,35.5036,35.9206,37869500
2007-02-02,36.0099,36.139,35.861,36.0,25111700
2007-02-05,36.1092,36.2184,35.9404,36.0099,26202600
2007-02-06,36.0496,36.1787,35.9702,36.139,22730000
2007-02-07,35.8412,36.0894,35.8014,36.0596,21371700
2007-02-08,35.4837,35.8014,35.3447,35.8014,33680200
2007-02-09,35.2752,35.583,35.2256,35.4539,29808900
2007-02-12,35.3845,35.6227,35.2951,35.2951,19011936
2007-02-13,35.5135,36.3276,35.3845,35.3845,22964536
2007-02-14,36.2085,36.2383,35.5334,35.6724,31907464
2007-02-15,35.8809,36.2085,35.8014,36.0993,28619050
2007-02-16,35.6128,35.8412,35.6123,35.8114,31051900
2007-02-20,35.8511,35.8709,35.4937,35.6029,23545600
2007-02-21,35.6525,35.8412,35.5632,35.7319,34671200
2007-02-22,35.1462,35.6227,35.0568,35.5632,37665000
2007-02-23,34.8483,35.0965,34.8384,35.0767,38153800
2007-02-26,35.0866,35.1263,34.898,35.0072,28913442
2007-02-27,34.4115,35.4341,34.2526,35.0469,62856800
2007-02-28,34.6597,34.8295,34.4016,34.5505,50721500
2007-03-01,34.7491,34.9675,34.0739,34.3618,51384516
2007-03-02,34.62,34.898,34.4512,34.6796,45182900
2007-03-05,34.3023,34.7193,34.2725,34.4909,32873600
2007-03-06,34.4711,34.5902,34.2725,34.481,33997976
2007-03-07,34.0839,34.5008,34.0739,34.4909,38992800
2007-03-08,34.203,34.3916,34.1037,34.3519,29124500
2007-03-09,34.0739,34.3916,33.9746,34.3221,34229784
2007-03-12,34.1931,34.3817,33.7661,34.0342,30206600
2007-03-13,33.8456,34.1335,33.7661,34.0243,38897700
2007-03-14,34.064,34.1534,33.6569,33.8456,40566032
2007-03-15,34.2725,34.4313,33.8654,33.9548,35824704
2007-03-16,34.1136,34.5902,34.0044,34.3519,44818800
2007-03-19,34.4214,34.4214,34.1831,34.2526,26530120
2007-03-20,34.5207,34.6001,34.2526,34.3817,28264308
2007-03-21,35.2256,35.444,34.481,34.5008,50436056
2007-03-22,35.5532,35.583,35.1462,35.1859,35702380
2007-03-23,35.5632,35.6525,35.3447,35.5334,33464296
2007-03-26,35.7419,35.7419,35.1859,35.5929,29675274
2007-03-27,35.5334,35.6426,35.4043,35.5433,29678454
2007-03-28,35.2951,35.4738,35.0469,35.444,41421416
2007-03-29,35.2951,35.4738,35.0866,35.3447,27471802
2007-03-30,35.1065,35.3249,34.7491,35.305,34170192
2007-04-02,35.037,35.2752,34.8583,35.1065,23496168
2007-04-03,35.0667,35.3447,34.9178,35.176,32448778
2007-04-04,34.8583,35.1263,34.8185,35.1164,34699640
2007-04-05,34.7689,34.9377,34.6895,34.8781,26625224
2007-04-09,34.5306,34.898,34.5008,34.8483,26457758
2007-04-10,34.6299,34.7391,34.5008,34.5505,29281500
2007-04-11,34.6994,34.9476,34.6101,34.7491,30510074
2007-04-12,34.9277,34.9873,34.6101,34.9079,30796394
2007-04-13,35.1263,35.3447,34.9972,35.3447,35643788
2007-04-16,35.1065,35.3447,34.9476,35.2455,33807916
2007-04-17,34.9476,35.1164,34.8086,35.1164,38380292
2007-04-18,34.8781,34.9972,34.6498,34.9079,37991224
2007-04-19,34.7491,35.1263,34.6498,34.7987,40446700
2007-04-20,34.8781,34.9873,34.6796,34.9774,58379476
2007-04-23,34.5505,34.898,34.5306,34.8781,35156952
2007-04-24,34.5108,34.6895,34.3023,34.5505,37459624
2007-04-25,35.1561,35.1958,34.6597,34.7292,45030160
2007-04-26,35.583,35.5929,35.2057,35.2057,46165296
2007-04-27,36.5759,36.9531,35.7617,35.8412,91717248
2007-04-30,36.5957,36.973,36.3475,36.6354,50198688
2007-05-01,36.834,36.9134,36.4567,36.556,43962616
2007-05-02,37.0425,37.2907,36.8538,36.8538,40929680
2007-05-03,37.0723,37.1517,36.8638,37.0723,28201560
2007-05-04,36.8836,37.1716,36.7943,37.1716,30042632
2007-05-07,36.973,37.1616,36.8836,36.9631,20778286
2007-05-08,36.8141,36.9233,36.6851,36.8241,26647456
2007-05-09,36.9928,37.0623,36.5957,36.6553,29427252
2007-05-10,36.5163,36.834,36.4369,36.834,27344702
2007-05-11,36.7049,36.7744,36.5361,36.5361,20651278
2007-05-14,36.3376,36.7347,36.2383,36.7347,27717280
2007-05-15,36.3773,36.9333,36.3475,36.4071,27736002
2007-05-16,36.5659,36.6255,36.2581,36.4567,26257020
2007-05-17,36.2681,36.5659,36.1886,36.4865,24374868
2007-05-18,36.695,37.0028,36.4369,36.5361,41489940
2007-05-21,36.834,37.1815,36.7347,37.0425,40748256
2007-05-22,37.0723,37.2907,36.8439,36.9531,31560186
2007-05-23,37.3304,37.529,37.0723,37.2311,34280712
2007-05-24,37.112,37.5389,37.0127,37.4694,30739664
2007-05-25,37.2907,37.3602,37.0524,37.1616,23889374
2007-05-29,37.1318,37.4198,36.8737,37.3403,29198076
2007-05-30,37.4595,37.4793,36.8936,36.9233,27006814
2007-05-31,37.3106,37.519,37.2411,37.5091,37047504
2007-06-01,37.1815,37.4793,36.973,37.4098,33109226
2007-06-04,37.5389,37.7474,37.4098,37.519,34911704
2007-06-05,37.1318,37.5389,37.1021,37.5389,40640588
2007-06-06,37.0226,37.1318,36.8538,37.0326,34107140
2007-06-07,36.4964,37.1021,36.4666,36.9432,39382588
2007-06-08,37.0524,37.0723,36.3872,36.5361,30004384
2007-06-11,37.1914,37.3505,36.7844,36.8042,26469600
2007-06-12,36.7844,37.2212,36.7844,37.0822,32062852
2007-06-13,37.3701,37.39,36.834,36.9829,33343900
2007-06-14,37.529,37.7077,37.3304,37.3304,34719484
2007-06-15,37.8467,37.8864,37.6878,37.6878,47602988
2007-06-18,37.797,37.9062,37.6878,37.9062,25513856
2007-06-19,39.0083,39.3161,37.6382,37.6779,77716200
2007-06-20,38.7899,39.4848,38.6806,39.1671,60177740
2007-06-21,38.8,38.95,38.5,38.95,48123692
2007-06-22,38.24,39.15,38.24,38.71,68236680
2007-06-25,38.21,38.595,37.93,38.33,49237528
2007-06-26,38.02,38.32,37.87,38.3,44626244
2007-06-27,38.07,38.09,37.64,37.8,41422696
2007-06-28,38.12,38.38,37.78,38.15,34142192
2007-06-29,38.28,38.7,38.0,38.23,44688976
2007-07-02,38.26,38.54,38.02,38.42,29643486
2007-07-03,38.7,38.79,38.36,38.36,21841876
2007-07-05,38.54,38.67,38.373,38.58,25965848
2007-07-06,38.48,38.6,38.37,38.48,26397792
2007-07-09,38.62,38.68,38.37,38.56,30673142
2007-07-10,37.9,38.49,37.89,38.45,39455940
2007-07-11,38.2,38.24,37.73,37.8,33281742
2007-07-12,39.0,39.0,38.2,38.44,45032888
2007-07-13,39.5,40.17,39.5,39.63,76031672
2007-07-16,40.12,40.2,39.54,39.6,40422000
2007-07-17,40.71,40.95,40.0,40.01,58066216
2007-07-18,40.45,40.78,39.93,40.32,49818176
2007-07-19,40.71,40.79,40.48,40.58,29769350
2007-07-20,40.12,40.82,40.0,40.44,49280344
2007-07-23,40.82,40.96,40.3,40.3,33443156
2007-07-24,40.22,40.98,40.15,40.63,46059556
2007-07-25,40.42,40.72,39.94,40.57,42140664
2007-07-26,39.53,40.64,39.35,40.01,62842648
2007-07-27,38.79,39.743,38.79,39.61,48101588
2007-07-30,39.27,39.44,38.65,39.03,40083056
2007-07-31,38.76,39.75,38.73,39.54,42776676
2007-08-01,38.95,39.29,38.45,38.6,53566976
2007-08-02,39.03,39.18,38.64,39.0,37051900
2007-08-03,38.06,39.09,38.06,38.85,47529040
2007-08-06,39.1,39.23,38.01,38.23,52644084
2007-08-07,39.48,39.73,38.74,38.89,46746824
2007-08-08,40.46,40.46,39.46,39.5,46490500
2007-08-09,38.94,40.13,38.87,39.67,59968800
2007-08-10,38.23,38.63,37.19,38.5,85562520
2007-08-13,38.17,38.8,38.0,38.57,42033300
2007-08-14,37.68,38.19,37.51,38.17,44154300
2007-08-15,36.9,37.93,36.72,37.58,54279860
2007-08-16,37.2,37.29,36.2,36.51,65690348
2007-08-17,38.45,38.64,37.72,38.11,62389240
2007-08-20,38.22,38.5,37.75,38.49,40280900
2007-08-21,38.35,38.77,37.981,38.06,35179100
2007-08-22,39.14,39.28,38.5,38.63,38506756
2007-08-23,39.11,39.42,38.6,39.23,33114150
2007-08-24,39.41,39.47,38.98,39.04,34820260
2007-08-27,39.0,39.26,38.9,39.26,22993094
2007-08-28,38.05,38.92,38.05,38.83,37498100
2007-08-29,38.71,38.75,38.15,38.24,41449256
2007-08-30,38.4,38.72,38.25,38.32,23134510
2007-08-31,38.87,39.09,38.49,38.8,37355600
2007-09-04,39.04,39.3,38.51,38.84,33305900
2007-09-05,38.75,38.97,38.45,38.77,37526600
2007-09-06,39.4,39.45,38.51,38.81,39434200
2007-09-07,38.75,39.0,38.61,38.91,44963140
2007-09-10,39.19,39.53,38.51,38.8,38034200
2007-09-11,39.5,39.74,39.05,39.2,33884900
2007-09-12,39.9,40.25,39.31,39.39,42117724
2007-09-13,40.51,40.8,39.94,40.01,44912532
2007-09-14,40.35,40.63,39.94,40.24,35863328
2007-09-17,40.18,40.35,40.04,40.08,24279200
2007-09-18,41.68,41.75,40.2,40.36,51482224
2007-09-19,41.77,42.07,41.64,41.77,44479596
2007-09-20,41.24,41.5,41.05,41.5,32488400
2007-09-21,41.25,41.73,41.18,41.61,38359576
2007-09-24,40.85,41.34,40.77,41.25,28985946
2007-09-25,41.1,41.34,40.56,40.75,26604000
2007-09-26,41.27,41.5,40.96,41.18,31994006
2007-09-27,41.39,41.53,41.13,41.4,22970792
2007-09-28,41.4,41.5,41.1,41.26,29719830
2007-10-01,42.02,42.09,41.28,41.28,43856400
2007-10-02,42.12,42.15,41.8,42.03,19289004
2007-10-03,41.55,42.11,41.5,41.95,26324326
2007-10-04,41.7,41.87,41.45,41.71,16047200
2007-10-05,41.77,42.05,41.69,41.93,21787700
2007-10-08,41.53,41.8,41.41,41.74,14509542
2007-10-09,42.03,42.03,41.5,41.51,18178942
2007-10-10,41.81,42.08,41.7,41.92,19224100
2007-10-11,41.6,42.09,41.37,41.95,29735500
2007-10-12,41.03,41.04,40.12,40.86,51404068
2007-10-15,40.82,40.94,40.41,40.9,39797340
2007-10-16,40.77,40.86,40.58,40.78,35265668
2007-10-17,41.0,41.14,40.77,40.93,44147956
2007-10-18,40.79,41.0,40.52,40.93,32216900
2007-10-19,40.04,40.79,39.87,40.53,56688688
2007-10-22,40.17,40.24,39.68,39.84,28512528
2007-10-23,40.48,40.59,40.02,40.26,26887068
2007-10-24,40.23,40.48,39.4,40.42,41178964
2007-10-25,40.16,40.55,39.72,40.38,43908148
2007-10-26,40.38,40.5,39.96,40.35,25715114
2007-10-29,40.56,40.68,40.32,40.47,26746000
2007-10-30,40.48,40.65,40.31,40.49,25869650
2007-10-31,41.16,41.22,40.46,40.62,34249500
2007-11-01,40.34,40.98,40.17,40.89,38069176
2007-11-02,40.33,40.53,39.97,40.5,36934400
2007-11-05,40.2,40.54,39.95,39.95,29703266
2007-11-06,40.18,40.49,39.97,40.2,42133224
2007-11-07,39.08,39.925,38.99,39.9,46720528
2007-11-08,39.02,39.32,37.5,39.2,52961336
2007-11-09,38.38,38.75,38.11,38.52,42681252
2007-11-12,38.25,39.04,38.17,38.24,36969252
2007-11-13,39.21,39.25,38.25,38.5,42053356
2007-11-14,39.01,39.95,38.82,39.9,39736592
2007-11-15,38.31,38.93,38.13,38.93,41589936
2007-11-16,38.65,38.67,37.87,38.5,50181008
2007-11-19,38.16,38.51,38.0,38.48,35414948
2007-11-20,38.04,38.61,37.5,38.15,43295816
2007-11-21,37.17,37.99,36.94,37.65,64496668
2007-11-23,37.67,37.87,37.16,37.37,23497716
