Price,Close,High,Low,Open,Volume
Ticker,GS,GS,GS,GS,GS
Date,,,,,
1999-11-24,73.685,76.372,73.3267,76.372,514200
1999-11-26,73.8641,74.2821,73.2073,73.7447,107600
1999-11-29,71.177,73.8044,71.0576,73.8044,511400
1999-11-30,71.7741,73.685,71.177,71.4159,921000
1999-12-01,72.7893,72.7893,71.4159,71.4159,461500
1999-12-02,74.0432,74.0432,72.849,72.849,464600
1999-12-03,75.536,77.0886,74.8792,74.9986,669500
1999-12-06,73.5655,75.7749,73.1476,75.6555,293200
1999-12-07,77.3274,77.3274,73.8044,73.8044,881600
1999-12-08,76.4317,78.1634,76.4317,78.1634,723200
1999-12-09,76.4317,78.5814,76.1929,77.1483,1202700
1999-12-10,78.3425,78.7008,76.0137,76.4317,1386300
1999-12-13,78.4022,78.8202,77.4469,77.8649,936500
1999-12-14,74.9986,77.8051,74.3418,77.8051,1085800
1999-12-15,75.8943,75.8943,74.2821,74.2821,1073800
1999-12-16,75.0583,75.954,74.2821,75.6555,307900
1999-12-17,76.6109,77.0289,74.9389,75.118,542100
1999-12-20,77.5066,79.895,77.1483,78.3425,1300500
1999-12-21,77.3274,79.2979,75.954,77.0289,1158900
1999-12-22,76.1332,77.7454,75.5958,77.3871,523800
1999-12-23,77.3871,78.6411,77.3274,77.3871,530000
1999-12-27,78.4022,79.1785,76.9094,76.9094,389200
1999-12-28,81.2087,81.8655,78.4022,78.4022,811800
1999-12-29,84.0749,84.2541,81.567,81.6864,794800
1999-12-30,88.0757,88.7325,85.5677,85.9857,969200
1999-12-31,89.9864,90.5836,87.4188,87.8368,383500
2000-01-03,84.3735,90.1656,83.8361,89.9864,1764100
2000-01-04,79.0591,83.5972,78.5814,83.1195,1647700
2000-01-05,75.3569,78.2231,74.8792,77.2677,1497100
2000-01-06,78.5814,80.731,75.118,75.118,1840100
2000-01-07,77.6857,79.4771,76.3123,79.3576,1001700
2000-01-10,80.6116,81.0296,78.1037,78.1037,803100
2000-01-11,81.0296,82.403,80.7907,81.2087,802100
2000-01-12,80.6116,82.1641,79.6562,80.3727,904600
2000-01-13,80.731,81.3282,79.1785,81.3282,709000
2000-01-14,81.8058,83.0598,81.5073,81.6864,603500
2000-01-18,83.0001,85.1497,80.9698,81.2087,1077200
2000-01-19,83.6569,85.3886,82.8807,82.8807,635400
2000-01-20,82.2171,84.1305,81.2005,83.2336,599300
2000-01-21,81.9779,82.4563,80.9016,82.4563,539500
2000-01-24,77.9717,83.7119,77.9717,83.7119,691400
2000-01-25,80.2439,80.5428,78.8088,79.4068,744300
2000-01-26,84.4295,84.6687,80.4831,80.4831,1080100
2000-01-27,85.147,86.0439,83.8315,84.4295,693000
2000-01-28,83.2336,84.1903,82.3965,83.7119,740500
2000-01-31,87.6584,87.7182,82.7552,83.2336,783500
2000-02-01,87.2996,88.9738,86.5821,88.8543,792100
2000-02-02,87.18,87.6584,84.7882,86.8212,961200
2000-02-03,81.6789,87.18,81.1408,86.1037,2191800
2000-02-04,81.0212,81.6191,79.9449,81.6191,1423200
2000-02-07,82.0377,82.7552,79.8851,80.782,925200
2000-02-08,85.5656,85.7449,82.0377,82.0377,1024800
2000-02-09,82.9944,85.5656,82.815,85.5656,390700
2000-02-10,82.815,83.5325,81.7985,82.9944,458700
2000-02-11,81.4398,84.9078,81.4398,82.6954,845400
2000-02-14,82.7552,83.114,80.9614,82.6954,622800
2000-02-15,82.7552,82.8748,81.4398,82.5161,513200
2000-02-16,79.4068,83.4727,79.4068,82.5161,652300
2000-02-17,78.5696,81.081,77.6129,81.081,883500
2000-02-18,77.3139,80.8418,77.2542,80.8418,913500
2000-02-22,78.0315,78.8088,77.1944,77.7325,718100
2000-02-23,82.0377,83.2336,77.5531,77.7923,701400
2000-02-24,85.7449,86.0439,81.7985,82.0975,1189400
2000-02-25,85.3862,89.9306,84.4295,85.5656,1323500
2000-02-28,84.1903,85.3862,83.2336,85.3862,516000
2000-02-29,88.4955,88.4955,84.1903,84.9078,1380700
2000-03-01,90.6481,92.5615,89.1532,89.213,1485200
2000-03-02,92.0832,93.6378,90.0501,91.1264,1814200
2000-03-03,98.0626,98.0626,92.5615,92.8007,2295500
2000-03-06,99.1987,100.6935,97.943,98.3018,1417500
2000-03-07,100.3348,101.1719,98.0028,99.4379,1031800
2000-03-08,97.345,100.8131,95.3718,100.4543,1017600
2000-03-09,102.5472,103.5039,96.8667,97.345,475200
2000-03-10,107.3905,113.8483,103.8028,104.9987,2018400
2000-03-13,105.5967,110.4998,101.8894,102.8461,1454200
2000-03-14,100.2152,107.9884,99.0193,106.673,650100
2000-03-15,99.0791,100.9327,96.9863,98.0626,694300
2000-03-16,98.8399,100.4543,96.1492,96.5079,2023300
2000-03-17,108.3472,108.3472,98.7801,99.6172,2089400
2000-03-20,108.5266,117.6751,107.6895,112.5328,2226000
2000-03-21,113.1308,114.805,101.8894,106.1946,2653300
2000-03-22,112.4132,112.8318,109.8421,109.9018,1204300
2000-03-23,113.8483,113.8483,110.141,111.4565,1622400
2000-03-24,116.0607,122.4587,112.5926,113.8483,1920400
2000-03-27,107.1513,114.207,106.9122,113.1308,1282200
2000-03-28,108.3472,114.207,106.9122,113.1308,1634500
2000-03-29,109.3039,111.0977,105.9554,109.0647,723600
2000-03-30,102.2482,110.0214,100.574,107.7493,1236200
2000-03-31,100.574,107.0317,98.8399,103.3245,1679000
2000-04-03,100.9327,106.0152,100.9327,104.042,1786500
2000-04-04,95.4316,101.6502,87.2398,101.4111,3707000
2000-04-05,93.2193,95.312,89.4522,93.279,3066100
2000-04-06,101.4111,101.4111,95.6708,96.6275,1659700
2000-04-07,98.0626,102.6069,96.8069,101.6502,1357000
2000-04-10,102.4276,104.4008,99.0791,99.4976,1728400
2000-04-11,100.275,103.6235,99.7966,102.4874,1131200
2000-04-12,92.3821,102.6069,92.3223,101.8894,2469000
2000-04-13,91.1264,93.877,88.3161,92.5615,3266300
2000-04-14,79.4068,88.7347,75.9985,88.7347,4820400
2000-04-17,83.7119,83.7119,77.4933,78.2109,3377300
2000-04-18,89.6914,90.8275,83.114,83.7119,2154000
2000-04-19,88.1898,89.5668,85.8548,89.507,1371700
2000-04-20,85.0765,87.9503,84.2982,87.9503,1036100
2000-04-24,83.2205,87.651,81.0652,87.651,1733400
2000-04-25,92.9795,93.7578,83.8192,84.8969,1333800
2000-04-26,90.5248,94.9553,90.0458,93.4585,1621600
2000-04-27,91.1834,92.2012,86.5733,87.651,1707900
2000-04-28,89.3273,93.3986,87.0523,92.2012,1131600
2000-05-01,92.6801,97.3501,89.3273,89.3273,2305300
2000-05-02,89.0879,93.5183,88.6089,89.3273,1642000
2000-05-03,87.2917,91.7222,85.9147,88.3694,1901000
2000-05-04,86.3937,88.1299,84.4179,87.5312,0
2000-05-05,86.0943,88.3095,83.7594,85.6153,1350100
2000-05-08,83.6396,84.1785,82.1429,82.3823,2797200
2000-05-09,82.0231,83.3403,81.1849,82.3823,1712600
2000-05-10,78.0117,80.1671,77.1736,79.5085,2310100
2000-05-11,77.4729,79.748,77.0538,78.0716,2260200
2000-05-12,80.249,81.3046,76.8742,76.8742,1907300
2000-05-15,83.4001,84.2982,80.2868,80.2868,1666800
2000-05-16,81.9034,85.4956,80.4665,84.2982,2495400
2000-05-17,81.125,82.3823,79.5085,81.5441,1217200
2000-05-18,81.6639,83.8192,80.3467,80.3467,1473500
2000-05-19,81.0053,81.4244,78.6703,80.7059,1521000
2000-05-22,77.892,80.3467,77.2335,79.9875,1338500
2000-05-23,79.3289,81.9034,78.0716,78.4308,1200900
2000-05-24,76.6347,80.1072,76.1557,79.1493,1525200
2000-05-25,69.9292,79.8678,68.9113,77.1137,3900400
2000-05-26,66.8757,70.2884,66.4566,70.0489,2316600
2000-05-30,68.9712,70.3483,67.6541,68.4923,2187300
2000-05-31,70.468,71.7253,68.133,68.9712,1355000
2000-06-01,73.2221,74.4195,70.5279,71.4259,1665900
2000-06-02,83.2205,83.5797,79.9276,80.9454,3535900
2000-06-05,81.5441,84.1785,80.9454,83.2205,1566400
2000-06-06,79.6283,81.5441,78.3111,81.5441,1030700
2000-06-07,83.0409,84.2982,78.9098,79.3888,1313400
2000-06-08,81.4843,83.939,81.4843,83.2205,1245000
2000-06-09,79.748,82.9212,79.748,81.5441,996300
2000-06-12,79.6881,80.7658,78.3111,79.8079,708800
2000-06-13,81.5441,82.1429,79.1493,79.9875,770200
2000-06-14,86.1542,86.5733,81.2448,81.604,1953600
2000-06-15,86.4536,86.9924,83.3403,86.1542,2098900
2000-06-16,86.1542,87.5911,83.939,86.4536,1790800
2000-06-19,87.7707,89.0879,85.7351,86.3937,2091400
2000-06-20,85.2561,89.507,83.6995,87.651,2313100
2000-06-21,82.981,84.6574,80.7059,84.2982,2800200
2000-06-22,80.7059,82.981,78.5506,82.981,1456600
2000-06-23,82.3823,83.3403,80.4665,81.6639,1573700
2000-06-26,84.0587,84.2982,82.1429,83.1008,1141600
2000-06-27,84.5976,85.6153,83.939,84.0587,1149200
2000-06-28,86.0943,87.1121,84.2982,84.2982,1148900
2000-06-29,88.7287,89.2076,84.5976,86.3338,1328400
2000-06-30,90.884,91.9018,88.6688,89.0879,2528300
2000-07-03,90.9439,90.9439,89.507,90.405,445400
2000-07-05,91.9018,92.9196,89.9261,90.405,1077000
2000-07-06,89.2675,90.0458,84.6574,86.2141,3270100
2000-07-07,90.9439,91.2432,87.1121,89.2675,1233700
2000-07-10,93.5782,94.7158,89.8662,90.884,1485700
2000-07-11,94.3565,95.0151,92.9795,93.4585,1237100
2000-07-12,97.6494,99.8646,95.9131,95.9131,2749000
2000-07-13,99.8646,99.8646,95.3144,96.2724,2177300
2000-07-14,99.8048,100.8226,98.8469,98.8469,1134100
2000-07-17,96.8711,99.7449,96.3921,99.685,1213000
2000-07-18,99.5054,99.8646,96.8711,97.7093,2420400
2000-07-19,96.5118,99.2061,96.0928,98.8469,867700
2000-07-20,99.4443,100.6431,96.8667,96.8667,1027700
2000-07-21,99.9837,101.3624,98.6051,99.3843,1153300
2000-07-24,101.0627,102.5612,98.5451,99.3843,1426200
2000-07-25,101.4224,102.3814,99.4443,101.4224,1085300
2000-07-26,101.6022,101.6022,98.5451,101.3025,1233400
2000-07-27,97.8258,102.0218,95.7878,101.4224,1239500
2000-07-28,92.9105,96.9267,92.0114,96.0275,1314800
2000-07-31,94.8886,94.8886,90.6327,92.0713,1698500
2000-08-01,96.7468,98.0656,93.0304,94.9486,1947300
2000-08-02,97.9457,98.725,95.1883,95.1883,13142700
2000-08-03,101.3025,101.3025,96.3872,97.4662,2664200
2000-08-04,106.9371,108.3157,103.5803,104.5394,3704800
2000-08-07,109.3947,110.2938,105.2587,106.9371,2410700
2000-08-08,108.3757,110.5936,108.1958,109.3947,1972100
2000-08-09,110.0541,111.9722,107.2967,108.3757,1478200
2000-08-10,107.4166,111.9722,106.8172,110.6535,1183400
2000-08-11,113.0512,113.0512,107.1768,107.1768,1487500
2000-08-14,115.8685,116.7676,111.8523,113.1711,2110700
2000-08-15,113.3509,115.8685,112.9313,115.8685,1524000
2000-08-16,107.9561,113.5307,107.0569,112.212,2501000
2000-08-17,113.7705,114.0102,108.4356,108.4356,1769400
2000-08-18,112.212,114.1301,111.2529,114.0102,844900
2000-08-21,112.9912,113.8904,111.4927,112.152,1082000
2000-08-22,114.9693,116.5278,112.9313,113.1111,2160100
2000-08-23,114.1301,114.8494,113.231,114.8494,1629100
2000-08-24,113.4108,115.9284,113.1111,114.1901,1048600
2000-08-25,114.4898,115.269,112.3319,113.6506,965200
2000-08-28,117.0074,119.4051,113.4108,113.4108,1414300
2000-08-29,122.2224,122.2224,116.408,116.5278,2489600
2000-08-30,118.6258,121.3232,118.0863,120.3641,2102000
2000-08-31,122.8218,123.9607,118.8056,119.4051,1383600
2000-09-01,124.3204,124.5002,121.9227,122.7618,987800
2000-09-05,123.5411,124.7399,121.9826,123.4212,1152400
2000-09-06,122.8817,127.4373,122.2823,123.4212,2061700
2000-09-07,123.4212,124.2005,120.7838,122.6419,1030900
2000-09-08,119.8846,123.9008,118.9255,122.2823,1321500
2000-09-11,126.8979,127.0177,121.1434,121.8028,2627700
2000-09-12,125.9388,128.1566,124.3803,126.8979,1877100
2000-09-13,123.2414,125.3993,122.1624,123.9607,1425800
2000-09-14,123.7209,126.3584,123.5411,124.0806,1277100
2000-09-15,119.8846,122.8817,119.2253,122.7618,1418600
2000-09-18,113.7106,119.0454,112.9313,118.9255,2383400
2000-09-19,115.0293,116.4679,110.5936,113.7106,3269200
2000-09-20,113.1711,117.9065,110.2339,116.5278,2042500
2000-09-21,108.6154,109.6345,106.6973,109.3347,2278000
2000-09-22,110.1739,110.7734,105.0189,105.4984,2377900
2000-09-25,111.7325,113.8304,111.3129,111.3728,1332900
2000-09-26,106.3376,110.8932,105.0189,110.4137,2023900
2000-09-27,102.6811,107.1768,101.4224,106.4575,2001800
2000-09-28,108.3757,109.8742,102.6212,102.6212,1888700
2000-09-29,109.2748,112.4518,106.8771,106.9371,2158200
2000-10-02,110.6535,112.0921,108.4956,108.4956,1245700
2000-10-03,109.2149,112.0921,108.3757,110.8932,1450000
2000-10-04,104.9589,108.9152,104.1797,108.8552,1754900
2000-10-05,110.1739,111.193,105.2587,105.2587,1849400
2000-10-06,104.4195,108.9751,101.1227,108.7353,3618100
2000-10-09,100.9428,103.2206,99.4443,102.6212,1601200
2000-10-10,98.665,101.4224,95.9077,101.0027,2731100
2000-10-11,99.744,101.6621,92.6108,95.4281,5507300
2000-10-12,90.4529,99.744,90.2131,99.744,3722900
2000-10-13,97.3463,97.8258,90.4529,90.4529,2796800
2000-10-16,99.684,101.7221,94.469,95.6679,3442900
2000-10-17,95.1883,99.5641,92.3111,99.1446,2109600
2000-10-18,93.9895,97.2863,88.1152,91.5918,4412800
2000-10-19,96.5654,100.2864,95.7852,97.7057,2322300
2000-10-20,100.7665,102.0869,95.7852,96.5654,1702400
2000-10-23,98.3659,100.9466,97.2256,100.5265,2005100
2000-10-24,97.1055,102.2669,95.065,99.5062,1883700
2000-10-25,93.0244,96.3854,92.7844,95.4251,1654400
2000-10-26,89.2435,94.1048,87.2629,92.3643,2341700
2000-10-27,89.3035,91.9442,88.2232,90.2637,2090000
2000-10-30,92.6644,94.5249,88.9434,89.0634,1797800
2000-10-31,95.8452,97.4056,90.4438,91.7041,1819700
2000-11-01,92.8444,93.8647,90.8039,92.9044,2073300
2000-11-02,95.3051,96.0252,92.4843,93.7447,1497500
2000-11-03,96.4454,97.5857,95.3051,95.3051,1652600
2000-11-06,92.2442,95.3051,92.1842,94.4648,1918800
2000-11-07,90.0237,93.1445,89.3035,92.2442,1751000
2000-11-08,88.7633,89.7836,87.0228,88.8234,2005500
2000-11-09,88.2232,89.3035,85.7025,88.3432,1834200
2000-11-10,85.6425,87.9831,83.662,85.4625,2600800
2000-11-13,82.9418,84.4422,80.001,82.9418,3201700
2000-11-14,85.3424,88.3432,84.7423,86.4227,2055800
2000-11-15,86.4827,88.5833,83.602,83.782,1840800
2000-11-16,87.8031,89.6636,85.3424,86.4827,1216400
2000-11-17,84.5622,87.6831,83.0618,87.563,1396300
2000-11-20,79.7009,84.6823,79.4609,84.5022,1663000
2000-11-21,80.8412,81.3814,76.4601,78.7407,2043500
2000-11-22,76.7602,79.821,76.1,79.5809,2290900
2000-11-24,78.2605,79.2208,77.4803,77.5404,1086200
2000-11-27,79.2208,80.1811,77.8404,79.2208,1851200
2000-11-28,77.3003,80.9013,77.3003,80.4211,1670500
2000-11-29,79.5809,79.5809,76.9402,78.3806,2329300
2000-11-30,78.8607,79.1608,73.9394,78.6207,2508200
2000-12-01,78.7407,81.9816,78.4406,78.8607,1379100
2000-12-04,78.5006,79.6409,77.0602,77.3003,1594900
2000-12-05,85.3424,86.3027,80.061,80.6612,3959500
2000-12-06,84.2622,89.4235,82.7617,84.2622,3750800
2000-12-07,82.4617,85.1624,81.2614,84.2021,1547600
2000-12-08,88.2232,88.4032,84.5022,84.5022,2059300
2000-12-11,92.1842,92.5443,87.743,87.9831,3775100
2000-12-12,88.7633,91.7641,88.1032,91.7041,1770200
2000-12-13,90.7439,90.9239,88.1632,89.4235,2163000
2000-12-14,85.9426,88.4632,85.9426,88.4632,3008700
2000-12-15,83.2419,83.542,80.5412,83.542,2948100
2000-12-18,82.5217,87.2629,82.4617,85.4625,2984600
2000-12-19,85.8226,91.224,83.0618,83.782,5932600
2000-12-20,86.4227,89.4235,84.2622,84.2622,3698800
2000-12-21,90.0837,91.164,85.1624,86.4227,3046000
2000-12-22,94.885,96.5654,90.3238,91.7041,2617400
2000-12-26,97.7657,98.4859,93.5046,94.5848,2190100
2000-12-27,97.8257,98.846,96.0252,96.5054,1772500
2000-12-28,102.8671,103.2271,96.9855,96.9855,2472000
2000-12-29,102.687,104.0674,102.0869,102.9271,2062000
2001-01-02,96.2653,101.3066,93.6246,100.2264,3188700
2001-01-03,110.9092,110.9092,94.945,96.0853,7035100
2001-01-04,108.2685,112.1095,106.588,109.2287,5813000
2001-01-05,103.5872,106.588,101.5467,104.6675,4190200
2001-01-08,102.1469,103.0471,98.5459,102.2669,2166600
2001-01-09,100.4664,104.1874,99.2061,103.3472,2192100
2001-01-10,104.1874,104.6075,98.1858,98.1858,2716200
2001-01-11,106.1079,107.6683,103.2271,104.1874,3662200
2001-01-12,104.4275,106.468,104.4275,106.0479,1792500
2001-01-16,105.6278,108.5086,103.7673,104.4875,2231800
2001-01-17,105.6278,110.309,104.9676,105.3877,3180500
2001-01-18,103.3399,105.623,103.0996,105.2625,2547900
2001-01-19,106.6439,106.7045,103.6403,103.8205,2737400
2001-01-22,108.7472,110.5497,106.5843,106.6443,2783800
2001-01-23,111.511,111.7513,109.5883,109.8287,3262700
2001-01-24,113.3134,115.3561,109.5883,110.5497,5110600
2001-01-25,109.1673,113.3134,108.7472,113.3134,2716100
2001-01-26,110.2488,110.5497,107.2452,108.627,2434300
2001-01-29,111.4244,113.1933,110.069,110.069,1594000
2001-01-30,114.0296,114.1065,109.646,112.3761,1692500
2001-01-31,108.7136,115.1159,108.7039,114.0296,3431100
2001-02-01,113.6258,113.9142,110.069,110.4535,2573800
2001-02-02,109.5499,114.2507,109.5403,113.049,2132900
2001-02-05,107.7619,109.5883,106.9448,109.348,2540100
2001-02-06,104.6857,108.579,104.6857,108.579,2197700
2001-02-07,101.1289,105.6951,100.0522,105.1664,3036600
2001-02-08,101.8499,104.2532,101.225,101.6096,2623200
2001-02-09,102.6189,104.7818,99.1102,101.0328,2417800
2001-02-12,104.7915,105.1664,101.4173,103.5321,1829900
2001-02-13,102.071,106.368,100.9366,105.647,2056100
2001-02-14,100.2157,102.3786,99.3889,102.2825,2213400
2001-02-15,102.3017,104.0609,99.687,101.8499,2841600
2001-02-16,97.7836,101.225,97.3798,100.456,2475200
2001-02-20,92.2849,98.1585,90.6988,98.1488,3273600
2001-02-21,90.7468,94.7843,89.9874,92.2849,4231900
2001-02-22,93.4385,93.7269,87.7283,90.7565,4493700
2001-02-23,92.5829,93.1982,86.7574,92.4772,4020800
2001-02-26,94.4959,94.6882,89.0453,92.4291,3878100
2001-02-27,94.3133,96.6107,92.7752,93.9672,3930800
2001-02-28,89.3049,93.352,87.738,93.3423,4583200
2001-03-01,88.0648,88.2474,83.8255,85.9403,5240200
2001-03-02,87.8629,89.9778,85.6519,86.8055,4066000
2001-03-05,88.5839,89.401,85.2867,87.8629,2827300
2001-03-06,91.6601,93.7269,89.7375,90.3142,3137900
2001-03-07,91.2756,91.9484,89.0645,91.4293,3761700
2001-03-08,88.1994,91.9965,87.142,91.1794,3078300
2001-03-09,83.6332,88.0744,83.5371,88.0648,2952600
2001-03-12,79.2977,83.1525,78.4133,82.72,4812500
2001-03-13,84.1234,84.3542,80.2686,81.4703,4567500
2001-03-14,80.6628,84.4888,79.8937,81.6145,6327800
2001-03-15,84.5464,86.4306,82.5277,82.6719,4686600
2001-03-16,84.1619,87.4784,83.6813,86.9978,4338800
2001-03-19,87.4207,88.0071,84.8348,85.5558,3199900
2001-03-20,83.6909,88.9203,83.6909,88.4397,7136400
2001-03-21,81.7106,86.0365,81.5664,83.7293,5152700
2001-03-22,82.5854,85.0752,77.8654,81.4703,5757400
2001-03-23,86.3344,86.4017,83.5371,84.1139,4002900
2001-03-26,85.7865,88.9203,85.1424,86.3344,3278100
2001-03-27,89.8817,89.8817,84.0177,84.3542,3679100
2001-03-28,83.8735,88.4397,83.1525,88.4397,4094600
2001-03-29,84.6906,86.1806,82.6719,83.1525,3460100
2001-03-30,81.8067,86.0076,81.8067,84.4984,2837800
2001-04-02,80.9031,83.8255,80.7493,81.8067,2939800
2001-04-03,78.1634,81.6145,77.8462,80.8454,3199300
2001-04-04,74.5297,78.5863,74.0202,77.4809,6120100
2001-04-05,82.6719,82.6719,76.8079,76.9041,5143000
2001-04-06,80.9416,82.2489,79.6245,80.7493,4430600
2001-04-09,80.7493,83.8735,79.4131,82.4315,2879000
2001-04-10,84.4118,86.0172,82.2009,82.2874,2945400
2001-04-11,87.7668,88.3916,86.0365,87.9591,3416500
2001-04-12,90.3623,90.3623,85.6519,86.1326,3024400
2001-04-16,88.2282,90.6026,88.2282,90.3623,2708300
2001-04-17,89.4971,90.843,87.0458,87.2861,2812900
2001-04-18,95.7937,98.5334,91.4197,91.5639,5920800
2001-04-19,93.9095,96.0244,91.8043,94.3517,3918600
2001-04-20,92.0712,92.8316,90.9547,91.9172,2289100
2001-04-23,89.4725,91.1953,89.0297,90.4734,2057400
2001-04-24,87.971,90.2232,87.7304,89.2222,2786500
2001-04-25,89.3377,89.7997,86.3347,86.6235,3090700
2001-04-26,89.0201,92.4947,88.0672,89.3377,4002200
2001-04-27,89.4532,91.1376,88.5004,88.5485,4073000
2001-04-30,87.6823,91.5129,87.586,91.5129,2708200
2001-05-01,89.1741,89.6072,85.9401,86.6235,3766100
2001-05-02,94.3234,94.8046,90.4253,90.8584,4388200
2001-05-03,92.3984,93.1203,91.5322,92.5428,3072900
2001-05-04,93.5534,94.1309,90.4927,90.7141,2962400
2001-05-07,92.408,94.5159,92.1001,92.5909,2130100
2001-05-08,91.6766,92.9278,91.4552,92.4947,1933100
2001-05-09,91.1087,92.5428,90.9066,91.3782,1912800
2001-05-10,90.9643,93.9865,90.9451,92.3118,1925600
2001-05-11,89.3666,93.3609,89.0297,90.8584,2571600
2001-05-14,90.5697,90.7141,88.818,88.9335,1613200
2001-05-15,91.2916,92.1482,89.7035,90.5793,2540400
2001-05-16,96.2002,96.2002,89.0297,91.0509,3087600
2001-05-17,94.2753,96.8259,94.179,95.5265,2250500
2001-05-18,93.6015,94.2272,93.1203,94.2272,1977200
2001-05-21,98.077,98.1637,93.3609,94.0828,2332400
2001-05-22,99.4149,101.2052,98.4717,98.7508,2288200
2001-05-23,95.5746,98.4621,95.4784,98.4524,3134600
2001-05-24,96.104,96.489,94.3715,95.2859,1815000
2001-05-25,94.2849,96.1521,93.8614,96.1521,1234800
2001-05-29,93.2454,93.9384,91.6381,93.8422,2251400
2001-05-30,91.2049,93.1203,90.8584,91.9653,2355000
2001-05-31,91.5322,92.2541,90.9451,91.0028,1889500
2001-06-01,93.0722,93.0722,90.3772,91.9076,1915900
2001-06-04,92.8893,93.2646,91.6766,92.5909,1198400
2001-06-05,93.6978,94.4582,93.3609,93.4572,1376800
2001-06-06,91.9557,92.6871,91.1376,92.6871,1939000
2001-06-07,93.2646,93.4283,91.0124,91.9557,1534400
2001-06-08,91.7824,93.2646,91.6766,93.2646,0
2001-06-11,88.5581,92.0615,88.4522,91.6284,2637700
2001-06-12,88.4137,88.5004,86.6813,87.7785,2589500
2001-06-13,85.815,89.4917,85.7284,88.125,2172800
2001-06-14,83.7457,86.0941,83.7361,85.7092,2701100
2001-06-15,85.9401,86.6235,82.8217,83.4954,3018300
2001-06-18,85.3242,86.508,84.6985,85.4685,1799400
2001-06-19,84.8718,88.0672,84.4579,87.1048,4264600
2001-06-20,85.0835,85.661,83.1874,84.3136,3816500
2001-06-21,89.5109,90.0019,84.4579,84.4579,3880900
2001-06-22,88.6448,89.3666,87.6726,88.9335,2596300
2001-06-25,87.5379,89.3666,87.201,89.3666,1243700
2001-06-26,86.9122,86.9122,83.6398,83.6398,3210600
2001-06-27,84.2173,88.0672,84.2173,85.6706,3482500
2001-06-28,83.3511,86.4791,83.0046,84.7948,2992200
2001-06-29,82.5811,83.9671,81.3298,83.7361,4348600
2001-07-02,81.4261,82.7254,81.2817,82.7254,2429400
2001-07-03,80.8486,81.9555,80.608,81.4261,1789700
2001-07-05,80.8486,82.1865,80.3674,80.608,2055300
2001-07-06,79.9824,80.608,78.6349,80.608,2206800
2001-07-09,78.837,79.7899,78.2018,79.5011,2757400
2001-07-10,78.5387,79.7418,78.0959,79.1643,2442600
2001-07-11,78.5387,78.8755,76.9987,78.2018,2853400
2001-07-12,83.303,83.5917,79.9343,80.3674,3143600
2001-07-13,82.918,84.6985,82.4078,82.7736,1879600
2001-07-16,80.2711,83.8708,78.9237,82.6774,2704900
2001-07-17,82.6292,83.2259,78.5867,79.7899,2673400
2001-07-18,80.8486,82.6388,79.2124,80.7042,2355600
2001-07-19,79.8861,82.2923,78.5867,81.8111,2468600
2001-07-20,79.838,80.6561,78.9718,79.7418,2188000
2001-07-23,78.6734,81.7822,78.529,80.608,3210700
2001-07-24,78.7793,79.4626,77.7205,78.2499,2485700
2001-07-25,80.0786,80.0786,78.1055,78.8755,1861500
2001-07-26,81.4646,81.8111,78.7311,79.6936,2568400
2001-07-27,81.7537,82.9682,80.5779,81.4646,1768100
2001-07-30,79.7007,81.6863,79.0935,80.8188,2170700
2001-07-31,80.1538,81.8309,79.1032,79.4694,2303100
2001-08-01,82.2646,82.7947,80.3851,80.4815,2082200
2001-08-02,83.1803,84.3369,82.8333,82.8429,2002700
2001-08-03,82.4092,83.373,81.7827,82.9875,1416400
2001-08-06,80.9152,81.9754,80.6742,81.7827,1221500
2001-08-07,80.52,81.1369,79.7778,80.655,1742000
2001-08-08,78.8429,80.9152,78.8429,79.9032,1906200
2001-08-09,77.1562,77.8405,76.0478,77.6863,3940300
2001-08-10,77.8791,77.8791,75.7104,76.9249,2558000
2001-08-13,79.2285,79.6044,77.0598,77.2526,2363800
2001-08-14,78.361,80.3851,78.361,79.2285,2249100
2001-08-15,78.8911,79.1995,77.8887,78.5538,2302500
2001-08-16,78.1682,78.8911,77.0694,78.361,2530700
2001-08-17,74.4574,77.2526,74.2646,77.1562,4263400
2001-08-20,75.0261,75.2381,74.467,74.467,2561100
2001-08-21,72.6743,76.8092,72.6743,75.0164,3765800
2001-08-22,74.6984,74.6984,72.337,72.6839,4084400
2001-08-23,74.8911,75.161,74.0237,74.4766,2100300
2001-08-24,78.361,78.5538,75.0839,75.1803,2904100
2001-08-27,78.9393,79.8068,77.5899,78.361,2368800
2001-08-28,78.12,79.0646,77.5995,78.9393,3484900
2001-08-29,77.8791,78.602,76.9152,78.12,2578800
2001-08-30,76.7321,77.3972,75.6622,77.1562,3147600
2001-08-31,77.2044,78.4574,76.1538,76.8188,2008900
2001-09-04,76.7417,78.5056,76.3851,77.0598,2600700
2001-09-05,75.7104,78.4574,75.2767,77.7345,3356600
2001-09-06,74.3128,75.9514,73.8791,75.1803,2888400
2001-09-07,71.7875,74.602,71.3249,74.3128,3726700
2001-09-10,73.4454,73.9851,70.843,71.7875,2544900
2001-09-17,66.8912,69.696,66.1008,69.6863,5765300
2001-09-18,65.0598,67.4695,63.884,67.3731,3562500
2001-09-19,65.0695,66.0237,60.9828,65.349,5881000
2001-09-20,63.3731,64.9056,61.7828,63.3731,3923900
2001-09-21,65.243,65.7828,61.002,63.3828,5408300
2001-09-24,67.9611,68.9056,67.0454,67.2285,3058100
2001-09-25,67.4984,69.6189,67.0839,67.9514,3640400
2001-09-26,67.3249,69.3972,67.3249,69.3972,4758700
2001-09-27,66.4092,67.3249,64.5104,67.3249,4741900
2001-09-28,68.7707,70.2647,66.9972,67.0839,3243900
2001-10-01,70.843,71.8068,68.4333,68.7803,3591500
2001-10-02,70.9393,71.6141,69.8116,70.9393,3022100
2001-10-03,73.9176,74.1683,70.2454,70.6984,3492500
2001-10-04,76.1441,77.108,73.5707,73.9273,6186800
2001-10-05,73.4936,76.1538,73.1369,76.1538,5436900
2001-10-08,72.5779,73.8309,71.6622,73.5032,3005300
2001-10-09,75.1128,75.3249,72.2887,72.6743,2756800
2001-10-10,77.7924,78.2646,74.5056,75.1128,3801200
2001-10-11,80.8188,82.2646,79.0357,79.0357,6403300
2001-10-12,79.8068,80.6742,77.8309,79.855,3573500
2001-10-15,81.3489,82.014,78.5731,79.5658,3377300
2001-10-16,81.2044,83.373,80.5779,81.5417,3281100
2001-10-17,79.1032,82.9586,79.0935,82.5055,3945900
2001-10-18,78.467,80.4333,77.8887,79.2285,3063300
2001-10-19,76.867,78.1297,76.2887,78.12,3829200
2001-10-22,78.6502,78.9779,76.6357,76.867,4290400
2001-10-23,78.6502,79.9995,78.4574,78.6598,2330100
2001-10-24,77.5899,78.8911,77.2526,78.6598,2523500
2001-10-25,78.5745,78.6711,75.92,76.9335,3670000
2001-10-26,80.2348,80.3603,78.3042,78.3332,2732900
2001-10-29,78.0436,80.2348,78.0436,80.2348,2221800
2001-10-30,77.2714,78.5262,76.3543,77.4162,2433700
2001-10-31,75.447,78.6711,75.2925,78.3332,3312300
2001-11-01,77.8988,77.9953,74.6265,75.7752,3157300
2001-11-02,79.395,79.5881,77.5127,77.7058,2721800
2001-11-05,81.7696,82.4357,80.4375,80.8429,3132900
2001-11-06,83.4975,83.594,81.0843,81.4704,3426000
2001-11-07,84.4628,84.6173,82.0882,83.0148,3255300
2001-11-08,83.6906,85.7177,83.5747,84.6559,2928500
2001-11-09,83.845,84.7041,82.4357,83.3044,1342800
2001-11-12,85.042,85.042,82.5322,83.845,2167300
2001-11-13,87.8896,88.324,86.7216,86.8277,3791200
2001-11-14,88.324,89.5306,87.4552,89.5306,3898800
2001-11-15,85.6211,87.5517,85.1674,86.5768,4259000
2001-11-16,84.7041,85.7659,84.4628,85.5246,2354900
2001-11-19,87.4069,87.4069,85.4184,85.6694,2483500
2001-11-20,86.6347,88.073,86.1038,86.9243,1906900
2001-11-21,85.0902,86.2003,84.4628,85.8142,1806400
2001-11-23,87.0208,87.2622,85.5632,85.7177,837500
2001-11-26,88.2661,88.7487,86.5382,86.9243,1843900
2001-11-27,86.876,87.9571,86.5382,87.2139,2475900
2001-11-28,83.7967,86.6733,83.4975,86.4899,3780000
2001-11-29,86.2486,86.4899,82.8025,83.7967,3855100
2001-11-30,85.9107,86.2486,84.5111,85.6694,2494300
2001-12-03,83.0245,84.9454,82.5805,84.9454,2880100
2001-12-04,84.1442,84.6269,82.7928,83.9802,2785000
2001-12-05,89.1927,89.1927,85.6694,86.0555,4411100
2001-12-06,90.6406,91.8665,88.8549,89.1927,4844700
2001-12-07,88.4301,90.4572,88.0344,90.4476,3217700
2001-12-10,88.1792,88.9997,87.7448,88.324,1426700
2001-12-11,88.6328,90.3511,87.7062,88.1888,2684300
2001-12-12,88.6522,88.9514,87.6482,88.6618,2364100
2001-12-13,87.8413,89.7912,87.6,87.9475,2423700
2001-12-14,86.5478,88.5653,85.4281,87.9378,3330900
2001-12-17,86.0459,87.3587,85.6211,86.5478,2029000
2001-12-18,87.6482,87.6965,85.6211,86.0459,2279600
2001-12-19,91.1329,91.2005,87.0691,87.5034,4369600
2001-12-20,89.1059,91.4515,88.8163,90.7372,3407300
2001-12-21,89.1059,89.5016,87.9571,89.1059,2175200
2001-12-24,89.2603,89.5402,88.8163,89.1059,758000
2001-12-26,89.5788,90.4476,88.9031,89.2024,1253200
2001-12-27,88.9224,89.7236,88.6135,88.6135,1705200
2001-12-28,90.0325,90.5344,89.1348,89.4823,1392600
2001-12-31,89.5306,90.5441,89.5016,89.8008,1229000
2002-01-02,87.9089,89.5885,86.1714,89.5788,3592600
2002-01-03,89.241,89.434,87.6193,87.9089,2645700
2002-01-04,93.3917,93.4207,91.075,91.075,5745900
2002-01-07,92.4264,93.8744,91.7507,93.8744,3136700
2002-01-08,89.2892,90.3028,88.9997,90.0132,5830800
2002-01-09,90.4958,91.7218,89.6754,89.7719,5142100
2002-01-10,89.7719,90.9302,89.3858,90.4958,3104600
2002-01-11,87.9861,89.8201,87.5614,89.8201,3635000
2002-01-14,86.8471,87.851,86.1134,87.8413,3127400
2002-01-15,86.7795,87.8413,86.3934,87.0691,2779700
2002-01-16,85.5536,86.6347,84.9744,85.9107,3356600
2002-01-17,86.8585,87.9604,86.1239,86.4622,3029000
2002-01-18,86.2302,86.8005,85.2636,86.0272,2703600
2002-01-22,84.0747,86.6458,83.862,86.2689,3139900
2002-01-23,84.3357,85.4279,82.9147,84.1907,3026600
2002-01-24,82.6441,86.5008,82.2188,85.0509,4284200
2002-01-25,84.384,85.7179,82.4991,82.5378,4547500
2002-01-28,84.9156,85.9885,83.9973,85.5439,2791500
2002-01-29,81.6582,85.8339,80.8559,85.8339,5562400
2002-01-30,83.1274,83.2144,78.8744,81.6582,6734500
2002-01-31,84.0747,84.2874,81.8322,83.6107,4018100
2002-02-01,82.5474,83.6107,82.2961,83.601,2869400
2002-02-04,79.7443,81.6775,78.7777,81.3875,4878400
2002-02-05,78.3331,79.8023,77.8304,79.0677,3495300
2002-02-06,79.1644,79.551,77.4341,78.3911,4395600
2002-02-07,78.4007,80.5853,77.4921,79.261,4107300
2002-02-08,81.0009,81.6775,78.913,79.1644,3830700
2002-02-11,82.0158,82.1415,79.841,80.3243,2537900
2002-02-12,80.7109,81.8805,80.6916,81.8708,2249600
2002-02-13,81.7548,82.5378,80.9332,80.9526,2525500
2002-02-14,82.2671,83.6107,81.7742,82.5958,3576200
2002-02-15,79.9956,82.2671,79.8506,82.2671,3687400
2002-02-19,75.8296,80.0053,75.5396,79.9956,6216300
2002-02-20,77.9078,77.9078,74.9307,75.8779,5059900
2002-02-21,76.8155,80.0343,76.4579,77.4245,3944600
2002-02-22,76.3612,76.8445,75.153,76.8252,4342500
2002-02-25,79.2223,79.261,76.1486,77.0378,3690900
2002-02-26,78.681,79.986,78.0528,79.2223,2792900
2002-02-27,78.1881,80.4209,77.5695,79.3093,3410600
2002-02-28,78.2364,79.7443,77.9561,78.4877,2704600
2002-03-01,80.6819,80.8656,78.1494,78.7777,3703200
2002-03-04,86.1239,86.5105,81.4842,81.6292,4760300
2002-03-05,86.5298,87.4964,85.1573,86.0272,4598700
2002-03-06,87.8347,88.4437,85.8339,87.0905,5212700
2002-03-07,86.9551,89.1686,86.3172,88.347,3274000
2002-03-08,87.2741,88.5404,86.1432,87.1871,3537500
2002-03-11,87.6704,88.4437,86.6458,87.2741,2281900
2002-03-12,86.8005,87.5834,86.0175,86.3172,2705200
2002-03-13,85.0606,86.8005,84.703,86.8005,2817500
2002-03-14,85.4472,85.6406,84.2874,85.0703,1857100
2002-03-15,86.9938,87.0228,85.3023,85.9789,1905900
2002-03-18,86.2205,87.9604,86.0272,86.9938,2599000
2002-03-19,88.0088,88.347,87.2838,87.9121,3836000
2002-03-20,86.8488,88.1054,86.5105,87.4288,2511600
2002-03-21,87.3321,87.9604,85.7372,86.5105,2353700
2002-03-22,86.7328,87.8154,86.2689,87.0421,2064200
2002-03-25,85.0896,87.1774,85.0123,86.8488,2448400
2002-03-26,85.8822,86.8005,85.0413,85.1089,2990200
2002-03-27,86.3172,86.8778,85.7276,86.7328,2372600
2002-03-28,87.2354,87.9121,85.9885,86.1239,2696000
2002-04-01,85.5149,86.4622,85.0606,86.4138,2711500
2002-04-02,84.6063,85.3023,84.326,84.7706,2226100
2002-04-03,83.572,84.964,83.2144,84.819,2619300
2002-04-04,83.659,84.5773,82.9341,83.2241,2075300
2002-04-05,83.2724,84.935,83.1274,84.3357,2209900
2002-04-08,83.1854,83.4174,82.1125,82.2092,2538600
2002-04-09,81.7742,83.949,81.6872,82.9824,2844800
2002-04-10,81.6678,82.7311,80.4403,81.9675,3825200
2002-04-11,78.5264,81.2909,77.6661,81.0975,5272100
2002-04-12,80.2276,80.2373,78.9227,79.0193,5215500
2002-04-15,78.8744,80.6529,78.7294,79.7733,2664100
2002-04-16,81.7645,82.3831,79.5993,79.5993,3260500
2002-04-17,82.2092,83.5817,81.1459,81.8032,2970700
2002-04-18,81.6969,82.6441,80.4789,82.2188,2495400
2002-04-19,83.4271,84.094,81.8128,82.1608,3583300
2002-04-22,81.2909,83.1757,81.2909,82.6441,2826500
2002-04-23,78.8744,81.5325,78.8744,81.3875,3413800
2002-04-24,76.8348,79.6283,76.8348,79.4543,4664200
2002-04-25,74.631,76.9412,73.2681,76.3612,5830000
2002-04-26,76.6253,77.3998,76.1897,76.4801,5930300
2002-04-29,75.996,78.1259,74.9989,76.635,4251500
2002-04-30,76.2381,77.3998,75.512,75.754,3802700
2002-05-01,76.6834,77.2062,74.5439,76.0444,4153900
2002-05-02,78.1356,78.4163,77.2546,77.4482,4576800
2002-05-03,76.0444,77.758,75.9476,77.7483,3450400
2002-05-06,72.7626,76.5672,72.7529,76.2865,3258900
2002-05-07,72.4624,73.6726,71.6396,73.5758,4740400
2002-05-08,76.9641,77.545,74.1276,74.1276,4604100
2002-05-09,76.1316,77.061,75.8024,76.3833,3616700
2002-05-10,74.3018,76.1316,73.8178,76.1316,2895700
2002-05-13,75.6185,75.9864,73.5467,74.205,2864100
2002-05-14,76.7705,77.545,75.7056,77.303,3567700
2002-05-15,76.9254,77.9323,76.1122,76.6737,3011500
2002-05-16,77.4966,77.9323,76.8673,77.09,2797900
2002-05-17,77.9323,78.2711,77.1868,78.1259,3149600
2002-05-20,77.6805,77.9129,77.061,77.8354,1968800
2002-05-21,76.6737,79.4812,76.2477,78.0097,3339100
2002-05-22,75.7056,76.5962,75.1828,76.4317,3699500
2002-05-23,76.6447,76.9157,75.3668,76.2381,3379600
2002-05-24,75.6959,76.5382,75.2796,76.2865,1150000
2002-05-28,74.4471,75.8895,73.3919,75.8024,2628600
2002-05-29,73.721,74.3503,73.4015,74.2534,2049300
2002-05-30,72.6851,73.8662,71.8816,73.721,3467600
2002-05-31,73.0433,74.4858,72.8013,72.8497,2759100
2002-06-03,71.4363,73.3822,71.049,73.0433,3018900
2002-06-04,71.446,72.2204,70.807,71.446,4054500
2002-06-05,73.3338,73.3338,71.9881,72.414,3738500
2002-06-06,71.5912,73.5758,70.9909,73.1401,2711800
2002-06-07,71.5912,72.569,70.1874,70.4294,3165700
2002-06-10,72.3559,73.1885,70.8651,71.8816,2266000
2002-06-11,69.8002,72.9271,69.8002,72.6077,2176300
2002-06-12,70.1874,70.4294,67.864,69.8002,4614700
2002-06-13,69.0257,70.5843,68.8805,70.0712,2231000
2002-06-14,70.5263,70.8651,67.7672,67.8736,3226900
2002-06-17,72.9368,73.0917,70.8651,70.8651,3078200
2002-06-18,73.3628,74.5633,71.5331,72.6077,2993400
2002-06-19,72.0752,73.2757,71.6686,72.5109,2669500
2002-06-20,70.381,71.7848,69.9454,71.4943,3547600
2002-06-21,68.3093,70.5747,67.9124,70.3907,4211900
2002-06-24,69.0354,69.7711,67.1669,68.348,5426400
2002-06-25,69.0741,71.3588,69.0741,70.139,5813100
2002-06-26,68.5416,68.9773,66.8281,67.1379,5441400
2002-06-27,70.6715,70.6715,68.4158,69.7033,4063800
2002-06-28,71.0103,72.0268,70.1874,70.1874,3451600
2002-07-01,68.8708,71.901,68.7353,71.3975,3114800
2002-07-02,68.319,69.1225,67.68,68.2706,3978400
2002-07-03,67.9608,68.6869,66.8959,67.68,3413800
2002-07-05,71.5525,71.8332,69.1903,69.4613,2084900
2002-07-08,71.2523,72.598,70.7199,71.3975,3157000
2002-07-09,68.6481,71.8816,68.5707,70.7683,4137000
2002-07-10,69.2677,72.0268,68.7256,71.0103,11826900
2002-07-11,70.9135,70.9135,67.6994,69.229,8892400
2002-07-12,70.8167,71.4169,69.8195,70.4294,4583400
2002-07-15,70.6231,70.7683,68.1738,70.7392,5979200
2002-07-16,70.3326,70.8167,69.1225,69.2483,6129200
2002-07-17,72.1043,74.1857,69.442,74.1857,7505700
2002-07-18,73.1885,73.5854,71.8332,72.1139,8952500
2002-07-19,74.5439,74.5439,68.6965,71.93,55346900
2002-07-22,69.7033,72.3172,69.5581,71.9687,18432400
2002-07-23,65.5696,69.4226,65.0758,69.2677,14449300
2002-07-24,68.59,69.016,63.4591,65.5696,12852000
2002-07-25,67.0992,69.5581,65.1533,67.6703,8214700
2002-07-26,67.4774,67.7877,66.1391,67.3998,5700700
2002-07-29,70.5031,70.5031,68.9514,69.3879,5980700
2002-07-30,71.6668,72.8791,69.8728,70.0182,5524200
2002-07-31,70.9395,72.239,69.9212,71.6766,5047700
2002-08-01,69.8146,71.9384,69.5624,70.9395,3826900
2002-08-02,68.3599,69.8243,67.6422,69.3394,3932600
2002-08-05,65.9936,68.3599,65.7027,68.3599,4555300
2002-08-06,67.7877,69.32,66.6725,67.2543,5498900
2002-08-07,68.806,69.2812,66.8179,67.875,5223800
2002-08-08,72.0548,72.6366,68.806,68.9514,5175000
2002-08-09,73.17,73.587,70.9201,71.4729,4399600
2002-08-12,73.073,73.5095,71.5602,72.4912,4323900
2002-08-13,72.5299,75.546,71.9675,72.9566,7922100
2002-08-14,76.1278,76.3703,72.1711,72.5299,7010800
2002-08-15,77.1461,77.4855,75.4587,76.6127,7417400
2002-08-16,77.1267,77.7183,75.74,76.7582,5253900
2002-08-19,79.0372,79.493,76.8358,77.1267,4848700
2002-08-20,78.0771,78.8917,77.4176,78.7948,4701400
2002-08-21,77.4661,77.5825,76.0309,77.534,5257300
2002-08-22,77.4952,77.5728,76.3218,77.2431,3525000
2002-08-23,75.9339,76.7097,75.1677,76.7097,2529800
2002-08-26,77.3401,77.534,75.2066,76.4673,2462400
2002-08-27,76.7097,78.3002,76.3024,77.6116,3730600
2002-08-28,74.7507,75.9921,73.9943,75.9339,4212500
2002-08-29,75.0417,75.4975,73.2185,73.4609,3967300
2002-08-30,74.9641,76.7097,74.3822,75.0417,2995100
2002-09-03,71.5214,73.8004,71.279,73.7616,5705200
2002-09-04,73.2185,73.4512,71.0462,71.5214,5100300
2002-09-05,70.6874,71.7541,69.8631,71.085,7152200
2002-09-06,70.154,72.2487,69.9988,71.7638,4496200
2002-09-09,72.0548,72.6366,69.1357,69.5333,4644100
2002-09-10,71.1916,72.0063,70.9007,72.0063,2995400
2002-09-11,71.4632,74.1107,71.2305,74.1107,2879100
2002-09-12,70.0182,71.2595,69.8824,70.9395,3514100
2002-09-13,70.7941,71.085,69.6788,69.8728,3015400
2002-09-16,70.4061,70.6098,69.6497,70.6001,2142200
2002-09-17,68.7284,71.4632,68.5538,71.2305,4528400
2002-09-18,68.2823,68.8448,67.0119,67.3998,5394800
2002-09-19,65.1208,67.2931,65.0723,67.2834,6029200
2002-09-20,65.3245,66.1391,64.2965,65.3148,5547300
2002-09-23,63.6855,65.3342,62.5509,65.3342,6611700
2002-09-24,64.3062,66.43,63.6855,63.6855,7503500
2002-09-25,65.4118,65.4118,62.5509,65.2178,6753300
2002-09-26,65.9839,66.4203,64.5098,65.4118,4668600
2002-09-27,64.1316,66.8082,64.0056,65.5087,4589500
2002-09-30,64.0347,64.7232,62.5412,63.9571,6261500
2002-10-01,66.3816,66.7209,63.1133,64.4905,5385500
2002-10-02,63.5692,66.3912,63.4237,66.3912,6330100
2002-10-03,60.9992,63.4334,60.8537,63.4237,7632400
2002-10-04,60.1749,61.969,59.3215,61.3386,6589200
2002-10-07,57.7311,60.4659,57.605,59.69,6671000
2002-10-08,59.7385,60.6113,57.0231,58.6233,6731400
2002-10-09,57.4886,59.3506,57.0716,58.4778,6286300
2002-10-10,59.2342,59.7773,56.8001,57.4789,6496500
2002-10-11,62.2599,63.1716,60.8053,60.8053,6291000
2002-10-14,63.3267,63.831,61.4938,61.6781,4544900
2002-10-15,67.8847,67.9914,65.2178,65.9451,8429200
2002-10-16,65.9451,67.2543,65.4602,66.9149,6362800
2002-10-17,70.2898,70.2898,68.1271,68.1562,7546000
2002-10-18,68.4181,70.2122,67.9041,68.709,6409500
2002-10-21,72.4427,72.5784,67.3028,67.8847,8098700
2002-10-22,70.3091,72.4524,69.9697,72.4524,4945500
2002-10-23,72.0257,72.0645,69.126,69.6788,4839500
2002-10-24,70.423,72.7542,69.879,72.1423,4188000
2002-10-25,71.8702,72.1228,69.9373,70.423,3834300
2002-10-28,71.472,73.1913,71.1223,72.7542,3720600
2002-10-29,70.2967,71.5788,69.1602,71.3846,6480400
2002-10-30,70.2869,70.8503,69.4516,70.2869,4184800
2002-10-31,69.5487,70.6658,69.4613,70.2869,2815700
2002-11-01,71.3457,72.1131,68.9659,69.5487,3859800
2002-11-04,73.7838,75.7654,71.3457,72.8319,6395800
2002-11-05,74.5415,74.7746,73.2399,73.7838,3444500
2002-11-06,74.3569,74.8912,72.6473,74.5415,5795600
2002-11-07,71.9285,76.251,71.4914,74.3666,4406900
2002-11-08,70.9863,72.8027,70.7435,71.9771,2810500
2002-11-11,69.7236,71.0058,69.267,70.996,3222000
2002-11-12,70.0052,70.9863,69.2379,69.7236,3742600
2002-11-13,70.4132,70.9572,69.1116,70.0052,4128900
2002-11-14,72.8416,72.997,71.2971,71.2971,3404000
2002-11-15,73.0941,73.473,71.2583,72.8416,4074800
2002-11-18,73.2593,74.3958,72.8027,73.5313,4271100
2002-11-19,72.929,74.2112,72.3851,73.269,2429300
2002-11-20,75.1923,75.6683,72.3948,72.9387,3704200
2002-11-21,77.6595,78.6794,75.5225,75.5225,6904100
2002-11-22,76.8436,77.9801,76.7367,76.931,3367000
2002-11-25,76.7367,77.6109,75.5517,76.8533,3859400
2002-11-26,74.6289,76.7465,74.4152,76.7465,3379000
2002-11-27,77.3584,78.0481,75.1826,75.1826,3681900
2002-11-29,76.6105,77.7081,76.5522,77.3681,1176800
2002-12-02,76.523,78.5823,75.9208,76.6202,3595200
2002-12-03,76.251,76.6299,75.4254,76.5327,3521300
2002-12-04,74.1627,76.2608,73.337,76.2608,5030600
2002-12-05,72.3171,74.1335,71.9285,73.677,3153700
2002-12-06,72.3656,73.0456,70.9183,71.0058,4222000
2002-12-09,71.3457,72.3753,70.4521,72.3753,3096700
2002-12-10,71.88,72.7153,70.4909,71.404,3444100
2002-12-11,71.3651,72.3365,70.7532,71.8897,2577000
2002-12-12,72.1034,72.5502,71.0543,71.5303,2533100
2002-12-13,71.0058,72.1131,70.5881,72.1131,2396900
2002-12-16,72.3948,72.6376,70.9475,71.0058,3449100
2002-12-17,72.5502,73.5798,72.0257,72.1714,2768200
2002-12-18,71.5886,72.7056,70.6172,71.9771,3051500
2002-12-19,68.286,72.1131,68.014,71.5886,7784500
2002-12-20,69.8013,70.3258,68.4802,68.4802,6800400
2002-12-23,68.6259,69.5099,68.3442,68.995,2713800
2002-12-24,67.3826,68.6357,67.0815,68.6357,2116300
2002-12-26,67.5575,68.6162,67.3438,67.8003,2056700
2002-12-27,65.9742,67.8974,65.5856,67.5672,2594400
2002-12-30,66.1879,66.5958,65.0805,66.2947,3168400
2002-12-31,66.149,66.489,65.3039,66.2461,2286100
2003-01-02,67.6546,68.7716,66.0519,66.149,4025500
2003-01-03,68.3637,68.5774,67.6255,67.6643,2342800
2003-01-06,70.9086,71.336,67.9946,68.014,4337600
2003-01-07,70.6172,71.3943,69.4516,70.0344,4606900
2003-01-08,68.8882,70.6852,68.6551,70.6269,3265200
2003-01-09,71.608,71.6857,69.6459,70.423,3924000
2003-01-10,72.7736,73.5798,70.7143,70.8989,5156300
2003-01-13,72.2879,73.5701,72.0742,73.0456,3096400
2003-01-14,72.5599,73.4341,71.4137,71.7828,2851400
2003-01-15,71.404,72.4142,71.0349,72.2005,3401000
2003-01-16,71.5109,72.2685,71.0543,71.3457,3552900
2003-01-17,70.5006,71.5206,69.8984,71.5206,4294400
2003-01-21,68.9659,71.2486,68.9659,70.9086,3094300
2003-01-22,68.2374,69.5099,68.0043,68.9756,3137900
2003-01-23,69.8596,70.1315,68.2957,68.9659,3456400
2003-01-24,67.2812,69.9763,66.7363,69.4704,4135700
2003-01-27,66.5515,67.7677,65.8606,66.892,3978400
2003-01-28,67.1839,67.6606,65.9385,66.5612,3276600
2003-01-29,67.6315,68.1179,65.6758,67.1936,3779700
2003-01-30,65.5785,67.8844,65.4423,67.6412,3159600
2003-01-31,66.2596,66.9893,65.1406,65.3255,4561800
2003-02-03,67.3785,67.865,66.2596,66.2596,3164500
2003-02-04,65.6953,67.3882,65.2282,67.3882,3723200
2003-02-05,65.5882,67.1158,65.5882,65.705,3566500
2003-02-06,64.8487,66.065,64.7223,65.5979,3655100
2003-02-07,63.9244,65.919,63.7201,64.8585,3519900
2003-02-10,63.9633,64.4596,62.932,63.9244,3764900
2003-02-11,63.292,65.1504,63.0779,64.5082,3837700
2003-02-12,62.5623,64.265,62.3093,63.3017,3376400
2003-02-13,63.1655,63.5352,62.0271,62.6595,3704700
2003-02-14,64.8974,64.8974,62.5623,63.2433,4641300
2003-02-18,66.1622,67.0282,65.3839,65.4228,3094400
2003-02-19,66.386,66.5515,65.5493,66.172,3237300
2003-02-20,65.9093,66.9115,65.7828,66.5515,2627300
2003-02-21,66.6487,66.9406,65.1115,65.9093,3929700
2003-02-24,64.4109,66.6585,64.2163,66.6585,3699700
2003-02-25,64.7904,65.0239,63.0974,64.4109,4219700
2003-02-26,64.6833,65.1504,63.9633,64.7904,3790400
2003-02-27,65.8606,66.1622,64.5179,64.8974,3785000
2003-02-28,67.5731,67.5731,65.9677,66.065,4353000
2003-03-03,66.1817,68.6433,65.9093,67.5731,4351400
2003-03-04,63.9147,66.1817,63.9147,66.1817,5546500
2003-03-05,64.5082,65.2866,63.7979,64.0217,5803900
2003-03-06,63.8271,64.226,63.3212,64.0023,4216700
2003-03-07,64.8779,65.1698,62.426,62.426,4778400
2003-03-10,62.6012,64.8876,62.1828,64.8876,4336200
2003-03-11,61.2487,63.4282,61.2195,62.6012,4193900
2003-03-12,61.1514,61.2779,59.3709,61.2585,8550000
2003-03-13,64.9752,65.0823,61.5893,61.5893,7048200
2003-03-14,64.8195,65.7439,64.2163,64.9752,4670300
2003-03-17,67.0379,67.466,64.1287,64.8195,6144200
2003-03-18,67.6996,67.8358,66.3666,67.0379,5055000
2003-03-19,68.3709,69.0617,66.9309,67.9136,6370000
2003-03-20,68.186,68.5655,66.3277,68.0887,6615800
2003-03-21,70.1515,70.1515,67.9331,68.4585,6861800
2003-03-24,68.0304,70.1515,67.7287,70.1515,5603800
2003-03-25,68.7796,69.3633,67.9136,68.2055,4289600
2003-03-26,69.1298,69.5579,68.6239,68.7796,3662500
2003-03-27,68.6725,69.1104,67.9817,68.8379,4050100
2003-03-28,68.2152,69.0228,67.9817,68.6725,2553300
2003-03-31,66.2401,67.6217,66.1622,66.172,4594700
2003-04-01,67.7385,68.1374,66.2206,66.6293,4231600
2003-04-02,70.4433,70.9007,69.1298,69.5677,7037900
2003-04-03,70.3947,71.319,69.7623,70.2974,4748300
2003-04-04,70.1125,70.959,69.9082,70.3947,3704800
2003-04-07,70.3558,72.1461,70.1709,71.5136,4627000
2003-04-08,70.7352,71.0271,69.4606,70.3558,3343200
2003-04-09,69.9666,71.7569,69.918,70.7352,4192500
2003-04-10,70.3947,70.6282,69.665,69.9763,3484700
2003-04-11,70.4628,71.4552,69.8693,70.6477,2855900
2003-04-14,72.4769,72.4866,70.3655,70.4628,3690400
2003-04-15,74.4715,74.5298,71.7179,72.4769,6723500
2003-04-16,73.1677,75.1136,72.8369,74.4812,6181600
2003-04-17,74.0434,74.4228,72.8077,73.1677,4484900
2003-04-21,74.2866,74.7439,73.0801,73.0801,3176100
2003-04-22,76.2131,76.2714,72.8952,74.2866,5514100
2003-04-23,76.3104,76.7677,75.3471,76.2131,4008300
2003-04-24,75.2596,76.3104,74.5298,76.3104,3307100
2003-04-25,73.9343,75.396,73.5737,75.2596,2820700
2003-04-28,74.558,75.2303,73.5835,74.4215,3606200
2003-04-29,74.4995,76.0099,73.3399,74.558,5338000
2003-04-30,73.9635,74.9088,73.7004,74.1584,3970400
2003-05-01,73.4081,73.9635,72.5992,73.9635,4116200
2003-05-02,74.6456,75.016,72.1315,73.4081,4131500
2003-05-05,74.5384,75.2109,74.0122,74.6456,3548700
2003-05-06,75.2303,75.932,74.0707,74.5384,3850100
2003-05-07,75.2303,75.893,74.3046,74.4703,3728100
2003-05-08,72.1705,75.2401,72.112,75.2401,7120800
2003-05-09,73.0865,73.1157,72.1315,72.1705,3849600
2003-05-12,73.564,74.061,72.3459,73.0865,3895200
2003-05-13,73.0378,73.9733,72.6479,72.6479,4053300
2003-05-14,73.0378,73.4275,72.4531,73.0865,3434300
2003-05-15,74.1584,74.2559,72.7454,72.7454,4318500
2003-05-16,74.7431,74.938,73.2814,73.2814,4458000
2003-05-19,72.4531,74.7431,72.4531,74.7431,3981600
2003-05-20,72.5505,72.9013,71.3519,72.5018,4447500
2003-05-21,73.1839,73.3204,71.8196,72.5018,3242600
2003-05-22,74.0902,74.4215,73.3593,73.4275,3193800
2003-05-23,74.2071,74.5677,73.9148,74.0902,2052500
2003-05-27,76.4777,76.731,73.3008,74.2071,4096000
2003-05-28,77.8615,77.8615,76.4485,76.4777,4746800
2003-05-29,77.5594,79.0113,77.2963,77.8712,5041500
2003-05-30,79.4207,79.5863,77.7932,77.8127,3850100
2003-06-02,81.4086,82.3246,79.4207,79.4207,7151600
2003-06-03,80.8824,81.7692,80.5998,81.3696,4247400
2003-06-04,83.075,83.4063,80.4438,80.4536,4663300
2003-06-05,85.0726,85.2578,82.3928,82.8314,5971400
2003-06-06,86.437,87.2165,85.2675,85.9984,9050400
2003-06-09,85.3065,86.437,84.8777,86.0471,4957500
2003-06-10,86.4272,86.6319,85.0142,85.6573,4653000
2003-06-11,87.4504,87.5966,86.0179,86.437,5230300
2003-06-12,88.0448,88.1813,86.895,87.4504,4612900
2003-06-13,86.895,88.3859,86.5441,88.0448,4594100
2003-06-16,89.1655,89.1655,87.275,87.7038,4889800
2003-06-17,89.1655,89.6332,88.3859,89.1655,3907600
2003-06-18,86.6319,88.1033,86.1446,87.8012,5603300
2003-06-19,83.7279,86.9729,83.2699,86.6319,5506700
2003-06-20,84.0495,85.1701,83.8156,84.5367,3792600
2003-06-23,83.1042,84.0495,82.4416,84.0495,3513500
2003-06-24,84.3905,84.8388,83.4745,83.6109,3866900
2003-06-25,82.617,84.1956,82.461,83.6792,7199400
2003-06-26,82.003,83.416,81.1844,82.8314,6431300
2003-06-27,80.2782,82.4416,79.9566,82.0128,5158400
2003-06-30,81.6132,81.6132,80.1028,80.9798,6255600
2003-07-01,83.6597,83.6597,80.2597,81.6132,6163300
2003-07-02,83.2211,84.0007,82.4318,83.1335,5484800
2003-07-03,82.539,83.0438,81.1455,81.1455,2838600
2003-07-07,85.5014,85.9594,83.416,83.5135,4357800
2003-07-08,85.8133,86.1446,84.8777,85.5112,3994900
2003-07-09,85.9789,86.3882,85.3358,85.823,4381900
2003-07-10,84.3418,85.9789,83.8058,85.9789,3643900
2003-07-11,85.0922,85.7061,84.4003,84.7706,3028300
2003-07-14,87.1581,88.0448,85.1019,85.1019,5521000
2003-07-15,85.7743,87.9572,85.6086,87.9474,5177400
2003-07-16,85.0337,86.4857,84.5562,86.4857,3545000
2003-07-17,84.2346,84.7803,83.6694,84.7316,3134800
2003-07-18,85.4527,85.4625,83.5817,84.2346,2949400
2003-07-21,83.5135,85.4527,83.0262,85.3553,2980000
2003-07-22,83.9617,84.5952,83.036,83.7571,3244700
2003-07-23,83.9033,84.2151,83.1042,84.0982,2417900
2003-07-24,83.2211,84.8777,83.2211,84.6536,2893700
2003-07-25,84.2151,84.5659,82.5877,83.1919,3025400
2003-07-28,84.2931,85.0726,84.0787,84.2638,2211400
2003-07-29,84.6146,85.5989,83.7863,84.2931,3993200
2003-07-30,84.7316,85.1214,83.913,84.829,3306300
2003-07-31,84.9168,86.8267,84.8193,85.7061,4139500
2003-08-01,82.9288,84.829,82.7729,84.7316,3897500
2003-08-04,82.4903,83.3673,81.3014,82.9288,4026000
2003-08-05,80.7849,83.2991,80.7849,82.6852,3491400
2003-08-06,81.9056,82.958,80.8434,80.8824,4479100
2003-08-07,82.5877,82.617,81.4184,81.9153,2808800
2003-08-08,83.6304,83.9033,83.0262,83.036,2860900
2003-08-11,83.572,83.7961,82.5195,83.6207,2574600
2003-08-12,85.443,85.443,83.5817,83.5817,3216100
2003-08-13,85.1701,85.7548,84.6634,85.6573,3118200
2003-08-14,85.7061,85.8035,84.2443,84.9362,2886000
2003-08-15,85.5209,85.9887,84.8485,85.7158,991200
2003-08-18,86.0179,86.4662,84.6536,85.5209,2899000
2003-08-19,86.7585,86.8267,85.6573,86.0666,2418000
2003-08-20,85.443,86.4174,85.365,86.1446,2535400
2003-08-21,85.8522,86.32,85.1604,85.9984,2170400
2003-08-22,84.7706,86.8267,84.6731,86.8267,2836200
2003-08-25,84.5172,84.7803,83.8253,84.7803,2005800
2003-08-26,84.3028,84.6731,83.3186,84.5172,2586700
2003-08-27,83.7766,84.3028,83.5622,84.3028,1449700
2003-08-28,84.6439,84.7414,83.0652,84.2443,1741700
2003-08-29,86.2323,86.3395,84.5367,84.6829,2374700
2003-09-02,88.2495,88.3177,86.281,86.281,3802000
2003-09-03,88.5029,89.1557,87.7427,88.3859,3810600
2003-09-04,88.9316,89.1557,88.2885,88.5808,3691500
2003-09-05,88.6393,89.8671,88.0351,88.9316,2693200
2003-09-08,88.9511,89.6332,87.772,89.146,4191600
2003-09-09,89.4481,89.76,88.5321,88.8732,3078700
2003-09-10,87.1581,88.8829,87.0411,88.8732,4240700
2003-09-11,87.5381,88.152,86.5441,87.1581,3228400
2003-09-12,88.4152,88.6003,86.9242,87.5089,2838900
2003-09-15,86.9242,88.4249,86.9242,87.6356,2756500
2003-09-16,88.61,88.7757,87.1678,87.197,3992000
2003-09-17,88.6783,89.643,88.0936,88.3859,3188300
2003-09-18,90.7344,91.1048,88.7367,89.3604,5804300
2003-09-19,91.2119,91.3484,90.4323,90.8708,3771500
2003-09-22,90.2959,90.7247,89.7112,90.5298,3702900
2003-09-23,86.778,89.0193,86.7196,88.4834,10655800
2003-09-24,83.6109,86.7975,83.5232,86.7975,9449300
2003-09-25,83.3283,84.2541,83.0555,84.1079,5768300
2003-09-26,82.539,84.0105,82.0517,83.8253,4020600
2003-09-29,82.8216,83.7961,82.4123,82.9775,4695900
2003-09-30,81.7594,82.6949,81.506,82.5877,5258400
2003-10-01,83.8058,83.9325,81.7594,81.7594,4332700
2003-10-02,83.7571,84.2054,83.2211,83.8058,2967600
2003-10-03,84.449,85.862,84.0397,84.0397,4119600
2003-10-06,84.5075,85.7548,84.2443,84.449,3215900
2003-10-07,84.6244,85.0922,83.6499,84.5075,3785600
2003-10-08,84.0592,84.8973,83.3673,84.6341,2808000
2003-10-09,84.7803,86.1933,84.5952,85.443,4164200
2003-10-10,84.7316,85.1019,84.2249,84.7901,2729900
2003-10-13,85.9205,86.4174,85.3845,85.4625,1987100
2003-10-14,86.3785,86.5052,84.8583,85.9205,3284200
2003-10-15,86.3785,87.3432,86.2908,87.1678,4023700
2003-10-16,85.7353,86.3492,85.4137,85.9984,3880300
2003-10-17,84.9265,86.2908,84.5182,85.784,3333500
2003-10-20,84.7706,85.0044,83.7474,84.7803,3229200
2003-10-21,85.3845,86.6416,84.7998,84.7998,3029500
2003-10-22,84.2638,84.6341,83.8448,84.2931,3431700
2003-10-23,85.0262,85.9253,84.0684,84.2638,3889600
2003-10-24,83.8729,85.0262,83.0813,85.0262,3397100
2003-10-27,86.1891,86.5117,84.8307,85.5148,4347800
2003-10-28,90.157,90.157,86.6778,86.9319,7023300
2003-10-29,90.5479,91.0464,89.9127,90.5479,5216600
2003-10-30,91.3103,91.8673,91.0562,91.3298,4371800
2003-10-31,91.8087,92.7371,91.3103,91.3103,3558000
2003-11-03,94.0077,94.6038,92.4048,92.5026,5132927
2003-11-04,93.7731,94.0174,92.5612,94.0174,3024120
2003-11-05,93.304,94.0663,92.1215,93.7731,4089800
2003-11-06,94.3399,94.4963,92.5026,93.304,3294500
2003-11-07,94.7797,95.1804,94.0174,94.3399,3537800
2003-11-10,93.9001,94.7797,93.4115,94.7797,3144100
2003-11-11,93.9197,94.164,93.2844,93.9099,1801200
2003-11-12,94.5843,94.6527,93.5092,93.7731,2246100
2003-11-13,93.8415,94.5159,92.3755,94.5159,2000200
2003-11-14,91.6719,94.4963,91.3298,93.9099,3643300
2003-11-17,92.141,92.5515,91.0268,91.6817,3131600
2003-11-18,91.5155,92.8935,91.2321,92.8447,2454400
2003-11-19,91.7989,91.8869,91.0855,91.1832,2768900
2003-11-20,89.6293,91.7989,89.6195,91.623,3723700
2003-11-21,90.8607,91.1832,90.0007,90.2548,3075500
2003-11-24,92.7664,92.9326,91.3787,91.8185,2544700
2003-11-25,94.1543,94.4474,93.4213,93.7731,3013900
2003-11-26,94.4768,94.5061,93.2063,94.3008,2038900
2003-11-28,93.9001,94.897,93.5874,94.4768,1040000
2003-12-01,95.2684,95.5518,94.0467,94.0467,3381800
2003-12-02,95.2879,96.5096,95.0534,95.5811,3102500
2003-12-03,97.0569,97.7312,95.6788,96.0209,4480900
2003-12-04,96.4803,97.2426,96.0893,97.1253,2085800
2003-12-05,95.8157,97.0569,95.3857,96.49,2558100
2003-12-08,96.4412,96.5584,95.2391,95.5811,1822500
2003-12-09,95.845,96.6562,95.3857,96.5584,2408100
2003-12-10,95.3857,97.2426,95.0338,95.9721,2995400
2003-12-11,96.1089,96.8614,95.2391,95.7473,2323600
2003-12-12,96.9005,97.1057,95.7473,96.2652,1720300
2003-12-15,95.5323,97.7996,95.5323,97.6628,3181600
2003-12-16,95.3075,96.1675,94.7113,95.542,3622500
2003-12-17,95.8645,96.2652,94.5745,94.8286,4087700
2003-12-18,95.1706,95.5127,93.5581,94.7993,5603100
2003-12-19,94.1934,95.1804,93.6656,94.897,5135600
2003-12-22,95.9232,96.1968,94.164,94.1934,3618000
2003-12-23,96.0502,96.5584,95.9232,96.1089,2257800
2003-12-24,95.3368,95.7277,95.2391,95.6006,985900
2003-12-26,95.7179,96.1968,95.3368,95.3368,887100
2003-12-29,97.3501,97.4869,95.9721,96.2457,2480400
2003-12-30,96.9103,97.6335,96.5291,97.6335,1768300
2003-12-31,96.3239,97.3207,95.7766,97.311,2877800
2004-01-02,94.9263,96.8419,94.3888,96.5584,3042300
2004-01-05,94.9654,95.7179,93.9686,95.0925,4817700
2004-01-06,94.3106,95.4541,94.1934,95.1511,4078300
2004-01-07,96.3923,96.6171,94.2617,94.5647,4457800
2004-01-08,96.5096,96.7344,95.4834,96.49,3769100
2004-01-09,95.2879,96.5096,95.0827,96.4998,3298900
2004-01-12,95.5616,95.63,94.2617,95.3857,2844700
2004-01-13,95.4541,95.7277,94.8384,95.63,3257500
2004-01-14,97.1253,97.2426,95.2488,95.2879,4244200
2004-01-15,98.8454,99.6858,97.6824,98.1221,8306000
2004-01-16,98.2003,99.2871,97.7605,98.8551,6035000
2004-01-20,98.1221,99.2461,97.3403,98.8747,3095900
2004-01-21,99.1972,99.1972,97.1165,98.0244,3296000
2004-01-22,98.3958,99.5588,98.1221,98.7769,3893900
2004-01-23,97.2426,98.7867,96.5487,98.7867,3742700
2004-01-26,99.9595,100.1647,97.0959,97.1644,4096200
2004-01-27,98.7574,100.4188,98.5131,99.8715,3231600
2004-01-28,96.0698,99.1972,95.4834,99.0017,4071000
2004-01-29,97.1448,97.4283,95.5909,96.9982,3872500
2004-01-30,97.2914,98.1515,96.578,97.1546,2982100
2004-02-02,97.5455,98.1808,96.2359,96.9787,3433900
2004-02-03,98.8551,99.0603,96.9494,97.5064,3663400
2004-02-04,97.4869,98.904,97.438,98.8551,3229500
2004-02-05,96.5975,97.8973,96.1968,97.5064,2803100
2004-02-06,99.0408,99.2558,96.8907,97.0373,3196000
2004-02-09,99.5588,100.1452,98.5815,99.0408,2518600
2004-02-10,99.8618,100.1159,99.1288,99.3438,2558800
2004-02-11,104.6604,104.8265,101.1322,101.2495,7277700
2004-02-12,104.9633,105.3542,104.0837,104.8949,4059000
2004-02-13,103.4485,105.452,102.6471,104.9145,4110200
2004-02-17,104.4942,105.3738,104.1522,104.2303,2640300
2004-02-18,104.4747,105.5497,103.8687,104.7288,2413600
2004-02-19,103.3703,105.0415,103.1651,104.6701,2114600
2004-02-20,104.1033,104.5724,103.0087,103.9371,2801000
2004-02-23,104.2499,105.0024,103.5169,104.1522,2724600
2004-02-24,101.9532,103.7906,101.6405,103.253,3548000
2004-02-25,103.4192,103.5951,102.0705,102.1975,2810500
2004-02-26,103.8785,104.074,102.1193,103.4289,2160000
2004-02-27,103.468,105.3542,103.2139,104.3671,3598000
2004-03-01,104.9145,105.5497,104.289,104.8656,2849600
2004-03-02,103.986,105.4324,103.986,104.4747,2993300
2004-03-03,104.0935,104.3379,103.1455,103.986,3033000
2004-03-04,106.0677,106.3804,104.4063,104.6017,3631900
2004-03-05,106.5759,106.8007,104.6506,104.8852,3893500
2004-03-08,104.9145,106.8104,104.7385,106.5857,2860400
2004-03-09,103.3605,104.9145,102.6666,104.9145,3070800
2004-03-10,101.2007,103.4973,100.9563,103.3605,3450200
2004-03-11,100.6534,102.8035,100.5361,101.2104,3427800
2004-03-12,102.5494,102.735,101.0736,101.7871,3167300
2004-03-15,100.4872,102.4321,100.0279,102.4223,3344000
2004-03-16,100.7218,102.3637,99.9399,101.1518,4368900
2004-03-17,101.6502,102.1682,100.1159,101.2202,3272900
2004-03-18,101.3473,101.7186,100.0768,101.4939,3203800
2004-03-19,100.3309,101.9532,100.3309,100.7707,3059000
2004-03-22,99.0017,99.8422,97.5748,99.8422,4648000
2004-03-23,99.0897,100.927,99.0897,100.9075,6971500
2004-03-24,96.9884,99.2949,96.1479,99.1972,6797500
2004-03-25,99.5392,99.6663,97.3403,97.7312,4840900
2004-03-26,101.3961,101.8555,99.207,99.5392,4545500
2004-03-29,101.8555,102.7155,101.1518,101.8261,3612300
2004-03-30,101.8945,102.2757,100.9759,101.3473,3067700
2004-03-31,101.9825,102.2855,101.3375,101.9043,2480200
2004-04-01,103.5951,103.6342,101.875,101.875,3358700
2004-04-02,103.5462,105.0611,102.4614,104.5724,3951700
2004-04-05,103.3019,103.8883,102.7546,103.5462,2880900
2004-04-06,103.1846,103.5853,102.2953,103.3019,2920000
2004-04-07,102.9403,103.3703,102.4028,102.9794,2307100
2004-04-08,103.3019,104.0642,102.8621,103.986,3014400
2004-04-12,103.4192,103.7319,103.3019,103.3996,1771300
2004-04-13,100.7804,103.7808,100.4188,103.4192,3977600
2004-04-14,99.1092,100.2234,98.2101,99.6858,5584300
2004-04-15,99.422,100.3993,97.956,99.3438,3780700
2004-04-16,101.015,101.3473,99.5099,99.9302,3314300
2004-04-19,100.155,100.9563,99.4415,100.9075,2497200
2004-04-20,97.6432,100.7316,97.6432,100.3211,2761100
2004-04-21,97.7312,98.3665,96.9005,97.9755,4035800
2004-04-22,99.4904,100.0279,97.7312,97.741,3700200
2004-04-23,98.3735,99.0201,97.7857,99.0005,3034500
2004-04-26,99.0985,100.1958,98.9143,98.9515,2243900
2004-04-27,98.8634,99.9998,98.5107,98.5107,1888400
2004-04-28,96.4043,98.2168,96.4043,98.2168,3360700
2004-04-29,96.2671,97.8151,95.6205,96.9137,3899400
2004-04-30,94.7877,96.9921,94.3567,96.512,3462600
2004-05-03,94.9543,95.5813,94.2587,94.9837,3267000
2004-05-04,95.3952,96.5023,94.8171,95.7674,3875200
2004-05-05,94.1999,96.2573,93.7982,95.5225,4823000
2004-05-06,93.2202,93.6023,91.9269,93.2202,5482900
2004-05-07,91.153,93.5631,90.9962,92.5834,5481400
2004-05-10,90.232,90.2614,88.253,88.9094,6861900
2004-05-11,91.2216,91.2216,89.7716,90.379,5288300
2004-05-12,91.0354,91.1824,88.4,89.9871,6640000
2004-05-13,91.5546,92.7695,90.7709,91.2314,4692400
2004-05-14,92.1033,92.7009,90.7219,92.2111,4569700
2004-05-17,90.8003,91.2999,89.5952,90.9179,4520600
2004-05-18,91.4175,92.1033,90.6435,91.2118,3325600
2004-05-19,90.8003,92.8969,90.7219,92.8283,4751400
2004-05-20,90.526,91.8388,90.2516,91.1628,3904600
2004-05-21,89.8793,91.3587,89.5952,90.7415,4066600
2004-05-24,89.9087,91.2314,89.4973,90.5749,3687700
2004-05-25,91.2216,91.3685,88.9584,89.8695,3927500
2004-05-26,91.4959,91.8486,90.6239,91.1432,2978600
2004-05-27,91.3979,92.3874,90.2908,92.2895,4652400
2004-05-28,92.0053,92.0445,91.104,91.3979,2425800
2004-06-01,91.1138,91.9955,89.8891,91.8976,4143600
2004-06-02,89.9087,91.1236,89.7912,91.1138,4320400
2004-06-03,88.7135,89.9381,88.4391,89.9185,4224700
2004-06-04,89.6638,90.1243,89.3797,89.6442,3165000
2004-06-07,91.682,91.7996,90.1929,90.477,3493300
2004-06-08,92.0935,92.1915,90.7611,91.682,2949300
2004-06-09,91.1138,92.1621,90.4966,92.1033,1996500
2004-06-10,91.1236,91.1236,90.2712,91.1236,1702500
2004-06-14,89.6736,90.281,88.8017,90.281,3043400
2004-06-15,88.3804,90.5358,88.155,90.3104,5510800
2004-06-16,88.155,89.1348,87.577,88.6547,4149900
2004-06-17,87.528,87.8317,86.7344,87.4398,3500700
2004-06-18,87.3713,88.4196,86.901,87.1949,3823000
2004-06-21,86.9892,88.1746,86.803,88.0669,3218600
2004-06-22,88.7625,89.3111,85.9017,86.5581,8249700
2004-06-23,89.8597,90.1243,88.6939,89.1544,6149000
2004-06-24,91.2999,92.26,89.8906,90.379,5519100
2004-06-25,92.6323,92.9263,91.055,91.3097,8256500
2004-06-28,91.3685,93.2202,90.9276,93.2202,4380500
2004-06-29,92.0935,92.2895,90.8982,91.1138,3359300
2004-06-30,92.2503,92.9263,91.6624,92.0935,4135600
2004-07-01,91.7506,92.4364,90.8003,92.26,4592400
2004-07-02,91.7114,92.0641,90.6239,91.9465,3330600
2004-07-06,90.33,91.0746,90.0263,90.7317,2603700
2004-07-07,88.7331,89.9381,88.5861,89.7422,4501900
2004-07-08,88.1746,89.3797,88.0081,88.0767,3493200
2004-07-09,88.2236,89.1348,88.1844,88.8604,2519200
2004-07-12,88.8212,88.9584,86.9989,88.2236,3510200
2004-07-13,88.5273,89.0074,87.3811,88.1746,3744000
2004-07-14,88.0669,89.6246,87.724,87.7436,3448200
2004-07-15,86.5385,88.3804,86.323,88.3706,3899700
2004-07-16,85.4804,87.7632,85.3824,87.7141,3562400
2004-07-19,85.7253,86.3425,84.9121,85.7253,3308600
2004-07-20,87.8807,88.0277,85.4412,85.4804,4141800
2004-07-21,85.6469,88.8604,85.6274,87.8807,4535400
2004-07-22,85.9801,86.705,83.9814,85.2551,4883400
2004-07-23,86.0194,86.658,85.2923,85.2923,3096600
2004-07-26,85.5085,86.6482,85.1154,86.1864,3805400
2004-07-27,87.2377,87.4244,85.4986,85.5085,4131900
2004-07-28,87.1591,87.7388,85.8032,86.7268,4273500
2004-07-29,88.1219,88.4756,87.5226,88.0826,3588700
2004-07-30,86.6482,87.7977,86.1766,87.4931,3727600
2004-08-02,86.8938,87.0903,85.8032,86.2454,3020400
2004-08-03,86.1471,87.503,85.9506,86.8545,2726800
2004-08-04,86.1176,86.9036,85.2334,85.8229,3460000
2004-08-05,84.3,86.5598,84.1919,86.5598,3203100
2004-08-06,83.0718,84.6438,82.7279,83.5139,5065600
2004-08-09,83.0718,83.7104,82.5609,83.0718,2918000
2004-08-10,83.8185,84.0347,82.7967,83.2192,5453300
2004-08-11,83.1701,84.1034,82.7083,83.3174,3989600
2004-08-12,82.3939,83.7104,81.9419,83.1701,4842200
2004-08-13,82.7771,82.7771,81.8338,82.3939,2536400
2004-08-16,84.3196,84.7814,82.7771,82.7771,2990100
2004-08-17,84.8796,85.7246,84.7323,85.0761,3122600
2004-08-18,85.9113,85.9702,84.5554,84.7912,2980500
2004-08-19,85.086,86.1569,84.4473,85.7836,2685400
2004-08-20,86.2748,86.5303,84.8698,85.086,2651200
2004-08-23,85.9702,86.7955,85.7541,86.2748,4180200
2004-08-24,85.9997,86.825,85.9309,86.6089,2371300
2004-08-25,88.456,88.6722,86.0292,86.2454,4104400
2004-08-26,89.5269,89.9691,88.1907,88.3577,3366000
2004-08-27,88.8981,89.6056,88.5936,89.5269,1642400
2004-08-30,87.5914,88.7704,87.4538,88.6525,1827100
2004-08-31,88.0826,88.2399,86.9135,87.9942,2403900
2004-09-01,87.6307,88.9178,87.3949,88.2792,1913900
2004-09-02,89.468,89.7038,87.3359,87.6405,2361500
2004-09-03,88.623,90.1165,88.4265,89.468,1817700
2004-09-07,90.6175,91.1579,89.468,89.6056,3903300
2004-09-08,89.8413,90.932,89.7627,90.6765,2921400
2004-09-09,90.2638,90.5488,89.0259,90.4898,3081200
2004-09-10,91.5018,91.6001,90.0968,90.2638,2846100
2004-09-13,91.9636,91.9636,91.1481,91.7671,2958100
2004-09-14,92.4548,92.6022,91.2758,91.6492,2900100
2004-09-15,90.7944,92.3664,90.7944,92.3566,2768000
2004-09-16,91.5313,91.9833,90.7846,91.0302,2530000
2004-09-17,90.4407,91.826,90.2049,91.659,2890900
2004-09-20,90.0772,90.5095,89.3796,89.409,3017800
2004-09-21,93.2409,93.2998,91.1284,91.3741,6125600
2004-09-22,91.7573,92.5334,90.8828,91.4527,6459600
2004-09-23,91.4429,92.0029,90.8828,90.8828,4314100
2004-09-24,91.8457,92.1306,91.2169,92.0324,2614100
2004-09-27,91.1284,91.8555,90.5095,91.8457,3414700
2004-09-28,91.4331,91.6099,90.1656,91.1284,2806600
2004-09-29,91.6492,91.8359,90.7846,91.4331,3005900
2004-09-30,91.6099,91.9341,90.8337,91.718,2721700
2004-10-01,92.278,93.0345,91.7081,91.826,3184800
2004-10-04,93.2114,93.7813,92.7889,93.1426,3640600
2004-10-05,92.4254,93.4374,92.1503,93.29,3969800
2004-10-06,93.8599,93.9876,92.111,92.4254,3445200
2004-10-07,93.1917,93.7518,92.7103,93.3391,2754700
2004-10-08,92.5924,93.8304,92.2682,93.1917,3029400
2004-10-11,92.4941,93.2507,92.3959,93.1426,1624700
2004-10-12,92.9363,93.1426,91.6099,91.6197,2613100
2004-10-13,93.064,93.5847,92.5433,93.3391,2924900
2004-10-14,91.3053,92.5138,90.7846,92.3566,3915000
2004-10-15,92.5138,92.671,91.4625,92.0618,3188300
2004-10-18,92.6022,92.7987,91.4625,92.5138,2572200
2004-10-19,91.4331,93.3391,90.9811,92.6022,4144600
2004-10-20,90.7256,91.0695,89.1536,90.4996,3934700
2004-10-21,92.0852,92.4596,90.6172,90.637,4023600
2004-10-22,91.3266,92.3512,90.6468,91.6419,3515900
2004-10-25,91.0507,91.3364,89.7602,90.3907,3019600
2004-10-26,92.3709,93.3758,91.4251,91.4251,3445400
2004-10-27,94.6762,94.8733,91.6221,91.898,4620900
2004-10-28,95.9865,96.686,94.3807,94.6762,5321900
2004-10-29,96.9224,96.9914,95.9865,95.9865,3862600
2004-11-02,97.0899,98.2524,97.0407,97.3855,4270100
2004-11-03,97.8978,99.011,97.218,98.5283,4333900
2004-11-04,98.5184,99.0603,96.9914,97.8978,4387500
2004-11-05,99.3559,100.2327,97.8781,99.011,5102900
2004-11-08,98.7253,99.3066,98.3017,98.9125,2829200
2004-11-09,99.3755,99.7795,98.4101,98.7352,2826500
2004-11-10,99.2573,99.8287,98.8928,99.4149,2612000
2004-11-11,101.474,101.7696,99.7105,99.7499,3966100
2004-11-12,103.1094,103.3458,101.74,101.9173,4435100
2004-11-15,103.07,103.5429,102.1143,103.2966,3274200
2004-11-16,102.1833,103.0798,101.8878,103.0798,3694500
2004-11-17,103.1587,103.8384,102.4001,102.5084,3666100
2004-11-18,103.2769,103.4247,102.5774,103.3458,2086800
2004-11-19,101.5134,103.2178,100.4001,103.2178,3579400
2004-11-22,101.8878,102.3607,100.6267,101.2277,2344400
2004-11-23,102.272,102.5282,101.5528,102.2129,2628300
2004-11-24,103.4444,103.6611,102.5577,102.5577,2427600
2004-11-26,103.2867,103.8384,103.2769,103.3951,796200
2004-11-29,103.5232,104.0256,102.9616,103.868,2881900
2004-11-30,103.2079,103.7498,102.9961,103.001,2966500
2004-12-01,104.4296,104.5773,103.405,103.6907,3164200
2004-12-02,105.0207,105.8679,104.3015,104.4493,3514800
2004-12-03,104.8926,105.4936,103.9468,105.0207,2728800
2004-12-06,105.5822,106.1339,104.7744,105.464,2340200
2004-12-07,104.5182,106.193,104.5182,106.1241,2280400
2004-12-08,105.0995,106.0847,104.4197,104.9517,3038900
2004-12-09,105.8975,106.2226,104.6167,105.1093,2581600
2004-12-10,107.7792,108.3013,105.6512,106.8925,3898700
2004-12-13,108.8136,109.2373,107.8186,108.321,4203100
2004-12-14,108.2521,108.8136,108.0255,108.8136,4179100
2004-12-15,107.6314,108.7742,107.0501,108.0255,4830600
2004-12-16,103.8384,105.4147,103.1488,104.6266,8204500
2004-12-17,102.2129,104.0256,101.474,102.4592,7886000
2004-12-20,102.2523,103.4739,101.543,102.2227,4837300
2004-12-21,103.4542,103.6316,98.9519,102.4592,5251100
2004-12-22,102.8533,103.937,102.6858,102.9025,3518200
2004-12-23,102.804,103.8483,102.804,103.0996,2011800
2004-12-27,102.6562,103.4838,102.2621,103.3951,1716700
2004-12-28,103.5921,103.6513,102.6513,102.6562,1806500
2004-12-29,103.0996,103.602,102.7843,103.3458,1588100
2004-12-30,103.3655,104.0256,103.2276,103.3458,1629000
2004-12-31,102.4986,103.4444,102.4986,103.3655,1493900
2005-01-03,103.3951,103.6907,102.7941,103.3458,4239100
2005-01-04,102.7252,103.6414,102.3705,103.2473,5154200
2005-01-05,102.2621,103.4247,102.0454,102.2129,3649300
2005-01-06,103.671,103.6907,102.3705,102.4198,3590100
2005-01-07,103.2276,103.8976,102.8533,103.671,3075000
2005-01-10,103.4247,103.868,102.7252,102.735,2689500
2005-01-11,102.6267,103.1291,101.8681,102.5084,3132600
2005-01-12,101.74,102.7153,100.8927,102.5577,3975800
2005-01-13,101.4149,102.4198,101.2572,101.277,3256300
2005-01-14,102.6759,102.804,101.4149,101.5725,2794500
2005-01-18,103.4444,103.6217,102.0257,102.0651,3224800
2005-01-19,102.5183,103.1685,102.272,102.7843,3571400
2005-01-20,101.8681,102.2326,101.3558,101.9666,3252100
2005-01-21,102.0461,103.241,101.5128,101.9177,4603500
2005-01-24,101.9572,103.241,101.7597,102.0461,3895400
2005-01-25,101.5819,103.399,101.335,102.8065,3365000
2005-01-26,101.9769,102.2337,100.5252,101.8979,3809100
2005-01-27,102.7077,103.0435,101.73,102.0855,3479100
2005-01-28,104.8014,105.3841,102.7077,103.3497,5854200
2005-01-31,106.5099,106.6284,105.8186,106.0457,3826500
2005-02-01,107.0531,107.5864,105.9667,106.3124,3391400
2005-02-02,107.2407,107.616,106.6482,106.8062,2865400
2005-02-03,107.3888,107.5864,106.8556,107.0531,2933200
2005-02-04,108.6529,108.9591,107.3592,107.3888,3728100
2005-02-07,108.2283,108.8406,107.9715,108.6529,2709800
2005-02-08,110.1639,110.5392,108.5443,108.6036,4222400
2005-02-09,110.0652,111.9416,109.9664,110.1442,4589800
2005-02-10,111.3688,111.5762,110.3614,110.4108,3585900
2005-02-11,111.3688,112.5144,110.6775,111.3786,3942900
2005-02-14,110.5787,111.9712,110.3022,111.3786,2277700
2005-02-15,111.3095,111.7835,110.8552,111.1021,2459000
2005-02-16,110.875,111.2206,110.2232,110.954,2233900
2005-02-17,109.2257,111.4083,109.1665,111.2009,2349400
2005-02-18,107.6456,109.4232,107.2506,109.2751,3406000
2005-02-22,106.5198,107.9024,106.184,106.7074,2519800
2005-02-23,107.7542,108.0505,106.8259,107.2703,2764100
2005-02-24,107.1518,107.853,106.7864,107.2999,1995900
2005-02-25,108.7319,108.8801,107.1814,107.379,2262700
2005-02-28,107.4481,108.7418,107.0037,108.6332,2650000
2005-03-01,108.6529,109.3838,107.0432,107.0432,2552000
2005-03-02,108.3665,109.9368,107.8629,107.8925,2229100
2005-03-03,108.0505,109.4825,107.6456,109.0282,2064400
2005-03-04,110.1442,111.428,108.6628,108.8307,3103600
2005-03-07,111.3984,111.7144,110.1442,110.559,2544100
2005-03-08,111.2305,111.7638,110.7071,111.3984,2702600
2005-03-09,109.4924,111.1021,109.443,111.1021,2726800
2005-03-10,109.9467,110.6084,109.443,110.0652,2430800
2005-03-11,108.1888,110.1639,107.5567,109.9565,3006800
2005-03-14,108.6332,109.3739,107.7049,108.4455,2701400
2005-03-15,109.1665,110.5096,109.0529,110.3121,3086400
2005-03-16,108.6036,109.206,107.2506,109.1665,3165100
2005-03-17,108.6727,109.8578,107.1024,108.6036,5550700
2005-03-18,108.6134,109.3245,108.1986,108.3369,7575500
2005-03-21,108.2382,109.4628,108.2382,108.7319,3944600
2005-03-22,106.6482,109.6109,106.3321,108.3863,5687500
2005-03-23,106.7173,107.5666,106.1643,106.263,4451400
2005-03-24,107.0531,108.1394,107.0234,107.4284,2916800
2005-03-28,108.3172,108.6233,107.2012,107.5962,2543200
2005-03-29,107.1024,109.2554,107.0234,108.3172,3836700
2005-03-30,108.4357,108.5344,106.8457,106.8457,4066900
2005-03-31,108.6233,108.89,107.7049,108.6332,3790800
2005-04-01,107.9419,109.68,106.9642,109.364,5627900
2005-04-04,109.6208,109.9467,107.2308,107.7937,6164600
2005-04-05,109.2159,110.5096,109.0776,109.5714,4731000
2005-04-06,111.1021,111.2404,109.4134,109.5714,5278900
2005-04-07,112.1193,112.5144,110.8058,111.1021,4735900
2005-04-08,111.5268,112.8304,111.3786,111.8428,3801400
2005-04-11,110.6972,112.3958,110.5323,112.0403,3599100
2005-04-12,110.3713,111.0725,108.7714,110.1639,5932800
2005-04-13,108.6431,110.6084,108.3665,110.3812,4684800
2005-04-14,107.142,109.0282,107.0827,108.7813,4350600
2005-04-15,105.1668,107.7147,105.1668,107.0037,5600700
2005-04-18,106.0161,106.6482,104.9792,105.3643,4059600
2005-04-19,105.3643,106.579,105.3347,106.1643,4614400
2005-04-20,103.0336,105.5618,102.7769,105.3742,5484600
2005-04-21,103.8039,105.5915,102.1646,104.2385,7072100
2005-04-22,103.1409,104.6851,102.1707,103.9427,7265100
2005-04-25,104.6752,105.3385,103.4972,103.4972,3603600
2005-04-26,104.6554,106.1106,104.0615,104.6752,3704100
2005-04-27,106.6749,107.0709,104.1506,104.5862,3631200
2005-04-28,105.1603,106.8036,104.8732,105.8731,3574100
2005-04-29,105.7147,106.1998,103.4477,106.0512,4585700
2005-05-02,103.4081,104.7841,101.9629,104.4179,6286400
2005-05-03,103.3191,103.8437,102.0123,102.5073,5620500
2005-05-04,105.1999,106.0711,103.5962,104.1407,5205000
2005-05-05,104.2397,106.2096,103.5071,105.7246,4729200
2005-05-06,103.6259,105.1108,103.4477,104.6851,3818100
2005-05-09,104.4377,104.4773,103.1706,103.4279,3654700
2005-05-10,101.0818,103.22,100.7848,103.1706,6377300
2005-05-11,102.7053,102.9924,100.9432,101.5174,5134200
2005-05-12,99.2108,102.6855,98.3397,102.4578,7465400
2005-05-13,96.835,99.191,95.4491,99.191,9190300
2005-05-16,97.4289,98.2902,96.8152,96.835,4918400
2005-05-17,97.3597,97.6269,96.2707,96.5182,5396100
2005-05-18,98.5773,98.9633,97.5081,97.5081,5248400
2005-05-19,99.1118,99.488,98.2308,98.2308,3854500
2005-05-20,100.0622,100.181,98.5476,98.9435,3495500
2005-05-23,99.6761,100.6264,99.29,100.6264,3706200
2005-05-24,98.5773,99.488,97.7061,99.488,4118600
2005-05-25,96.2707,98.6961,96.2509,98.6961,6690600
2005-05-26,95.6273,97.1716,95.0729,97.0627,8014100
2005-05-27,94.5384,95.9936,94.2018,95.9737,6727100
2005-05-31,96.5182,96.5875,93.7959,94.0335,7687800
2005-06-01,97.6467,98.7753,95.7362,96.4192,6561800
2005-06-02,96.6865,97.4883,96.2509,97.0132,3975900
2005-06-03,96.3202,97.1419,95.6867,96.5677,3319800
2005-06-06,97.4289,97.7853,95.459,95.7758,3380000
2005-06-07,97.4092,98.4684,97.2904,97.6071,3734300
2005-06-08,97.3597,98.2308,97.3597,98.1021,3024700
2005-06-09,98.9435,99.3494,97.6171,97.8546,4091100
2005-06-10,98.0526,99.1217,97.6863,99.1217,1886100
2005-06-13,98.2605,98.7654,97.4191,97.7853,4434400
2005-06-14,97.3102,99.1613,97.2585,98.6466,4687900
2005-06-15,98.1912,98.6268,96.8251,97.6071,6118700
2005-06-16,101.6164,102.2598,97.7061,97.7061,10329800
2005-06-17,102.7548,103.1904,101.2699,101.7154,6170000
2005-06-20,102.2103,102.8043,101.6263,102.3291,3740500
2005-06-21,101.6065,102.7548,101.5273,101.9629,3705000
2005-06-22,101.4382,102.3588,101.3095,101.6362,3564400
2005-06-23,100.9927,102.0915,100.8739,101.2699,3857400
2005-06-24,102.6261,102.6558,100.9036,101.1313,5222400
2005-06-27,102.1608,102.6459,100.9729,101.9629,3151700
2005-06-28,102.9132,103.9031,102.2598,102.4578,3484900
2005-06-29,101.755,103.3982,101.5768,103.1607,3228400
2005-06-30,100.9927,102.4182,100.7452,102.24,3077500
2005-07-01,101.6758,102.5964,101.1412,101.1412,2433500
2005-07-05,102.141,102.6558,101.1313,101.2204,2487800
2005-07-06,102.5073,103.0221,101.9925,101.9925,4316800
2005-07-07,103.0518,103.1607,100.9927,101.3194,4257300
2005-07-08,104.5862,104.7742,102.636,103.0518,3191900
2005-07-11,106.2294,106.3779,104.5564,104.596,4440500
2005-07-12,106.1601,107.5856,105.9226,105.9226,4383200
2005-07-13,106.9125,107.3679,106.1601,106.2393,3936400
2005-07-14,107.4569,108.1004,107.1303,107.8529,3752300
2005-07-15,107.4075,107.6945,106.6848,107.16,2968100
2005-07-18,107.1501,107.5856,106.4076,106.863,2687900
2005-07-19,108.6152,108.7736,107.5262,107.5559,3630700
2005-07-20,108.5063,108.8726,106.6452,106.665,4099500
2005-07-21,107.16,108.536,106.7937,108.1499,3921800
2005-07-22,108.2813,108.3904,106.8425,107.1005,2363400
2005-07-25,107.4775,108.8766,107.4676,108.2217,1873000
2005-07-26,106.8822,107.8744,106.7334,107.6859,2000700
2005-07-27,108.3011,108.3309,106.4456,107.1104,2389200
2005-07-28,108.817,109.0453,107.2593,108.3507,2342600
2005-07-29,106.6441,108.6484,106.6044,108.569,2087900
2005-08-01,106.2869,107.4279,105.8602,106.7632,2519600
2005-08-02,108.6682,108.827,106.4159,106.4159,2682200
2005-08-03,110.0077,110.2359,107.924,108.2316,3407900
2005-08-04,108.4003,109.2139,107.9042,109.1445,2082300
2005-08-05,108.8468,108.946,107.4081,107.9042,3261500
2005-08-08,109.0552,110.097,108.7972,109.1742,2777500
2005-08-09,110.613,110.7519,109.1643,109.1742,3613500
2005-08-10,111.1587,112.9348,110.9503,111.1091,4273100
2005-08-11,113.2523,113.3912,111.0694,111.2083,4167700
2005-08-12,112.7661,113.4606,112.0219,112.2997,3087800
2005-08-15,113.7782,113.927,112.1013,112.3692,2315100
2005-08-16,111.2083,113.9766,111.1289,113.6591,2687000
2005-08-17,110.2657,111.1984,109.3529,110.9801,4218100
2005-08-18,109.9879,110.4641,109.3628,110.0276,2042200
2005-08-19,110.4046,110.9702,110.0871,110.2558,1450300
2005-08-22,110.8313,111.5357,110.2161,110.9305,1682400
2005-08-23,110.9305,111.1289,110.2062,110.6328,1927000
2005-08-24,109.1346,111.8334,109.1346,110.9206,2250800
2005-08-25,109.6406,109.8886,108.1523,109.3826,1968300
2005-08-26,108.8964,109.839,108.182,109.6406,1660700
2005-08-29,109.2933,109.5513,108.4301,108.6484,1613800
2005-08-30,108.9857,109.1445,108.0134,109.0453,1804400
2005-08-31,110.3153,110.6328,108.9857,108.9857,2130100
2005-09-01,112.2402,113.5499,110.732,110.8313,3080700
2005-09-02,112.3295,112.905,111.8532,112.4188,1472900
2005-09-06,113.6988,114.0262,112.7462,112.905,2199100
2005-09-07,114.0163,114.1552,113.4408,113.6988,2098200
2005-09-08,114.2644,114.8001,113.5202,113.8377,2281000
2005-09-09,115.2665,115.3756,114.5025,114.6017,2357100
2005-09-12,117.0823,117.5585,115.6634,115.8023,3124300
2005-09-13,116.2885,116.9731,115.8321,116.8342,2378500
2005-09-14,114.9986,117.5784,114.6216,116.8342,3492100
2005-09-15,115.0482,115.2467,113.9667,114.1056,2979300
2005-09-16,117.4791,117.5784,115.3955,115.5939,6335500
2005-09-19,117.3601,117.6974,116.1099,117.1815,3313400
2005-09-20,117.1319,119.4636,117.1319,119.4537,6751400
2005-09-21,114.7803,116.6953,114.562,115.2268,5870100
2005-09-22,117.5784,118.1142,114.056,114.7803,4830800
2005-09-23,118.5408,118.9774,116.9037,117.8661,3839700
2005-09-26,119.0667,119.2056,118.3722,119.0171,3848800
2005-09-27,118.7393,120.0292,118.6202,118.7691,4065000
2005-09-28,119.1659,119.9299,118.8484,119.2156,3630400
2005-09-29,120.2772,120.5253,118.1042,118.1737,4431200
2005-09-30,120.6344,120.7535,119.8555,119.9498,2643800
2005-10-03,120.7039,121.4083,120.3368,120.3467,3418100
2005-10-04,117.9951,120.7039,117.7768,119.9597,4000600
2005-10-05,116.8342,118.263,115.6932,117.9951,4382500
2005-10-06,116.0206,117.6379,115.326,116.7846,4138300
2005-10-07,116.6556,117.1319,116.2885,116.3381,3101500
2005-10-10,117.5883,118.4416,116.6358,117.0823,3388400
2005-10-11,116.6358,118.8584,116.09,118.2729,5410400
2005-10-12,114.7505,117.747,112.647,116.6358,6656200
2005-10-13,112.2997,115.326,109.3727,114.304,9109200
2005-10-14,113.6591,113.9766,111.6548,113.2126,5765300
2005-10-17,116.1396,116.7846,115.0284,115.0879,4361700
2005-10-18,116.1793,117.4691,115.6237,115.6435,4189600
2005-10-19,120.2574,120.3864,115.1177,115.3459,6704600
2005-10-20,118.0697,121.3806,118.0274,119.2926,9035700
2005-10-21,118.189,119.2926,117.3438,119.1136,5367000
2005-10-24,122.5936,122.7626,118.5171,119.0142,5530300
2005-10-25,122.8422,124.1248,121.6192,121.8181,5112800
2005-10-26,123.5382,124.2739,121.9473,122.5439,4170000
2005-10-27,121.7186,124.1844,121.3209,123.0907,4132400
2005-10-28,123.8861,124.0353,121.8876,122.9913,3586500
2005-10-31,125.6659,126.6502,124.2342,124.2839,3831000
2005-11-01,125.8747,126.163,124.085,125.9741,3918700
2005-11-02,128.3902,129.116,125.2781,125.2781,4403100
2005-11-03,128.3902,129.2552,127.3562,129.2552,5002600
2005-11-04,130.2097,130.4285,128.1615,129.0066,4093400
2005-11-07,128.4101,130.9355,127.9328,129.7523,3561400
2005-11-08,126.7894,127.6246,126.4911,127.6147,2944500
2005-11-09,127.9627,128.9868,126.7695,127.1076,2656900
2005-11-10,129.3447,129.5833,127.0479,127.4158,3174500
2005-11-11,129.2552,129.8777,128.5294,128.7083,2134000
2005-11-14,128.4996,129.5734,127.8632,129.5734,1799300
2005-11-15,127.2368,129.0166,126.332,128.9569,2356400
2005-11-16,127.4456,127.734,125.8349,127.6147,2538900
2005-11-17,129.6629,129.6629,127.1275,127.2667,2595400
2005-11-18,130.8262,131.1443,129.0663,131.1443,2615900
2005-11-21,131.6514,131.72,129.7424,130.498,2084400
2005-11-22,131.8403,132.2281,130.0606,131.0449,2392300
2005-11-23,133.3118,134.2166,131.8503,131.8503,3139800
2005-11-25,133.3516,134.1172,133.2621,133.4311,808200
2005-11-28,130.3489,133.5306,130.0904,133.5306,2759900
2005-11-29,129.7026,131.6713,128.3107,131.2438,3095500
2005-11-30,128.2212,130.5179,127.7041,129.7026,3015600
2005-12-01,129.5336,130.9057,128.8674,129.7523,2497400
2005-12-02,130.329,131.0051,129.2652,129.4043,1891400
2005-12-05,132.2877,132.9042,128.6785,130.0009,2709600
2005-12-06,130.5577,133.3914,130.1004,133.1826,3019000
2005-12-07,129.1458,130.3489,128.1118,129.9313,2646300
2005-12-08,127.903,129.2751,127.028,128.3107,3191000
2005-12-09,128.9172,129.3049,127.7041,128.4101,1878800
2005-12-12,129.2652,130.2694,127.7737,129.6529,2006300
2005-12-13,130.8858,131.1344,127.7737,128.0621,3430800
2005-12-14,128.8873,131.1443,128.6089,130.329,3471600
2005-12-15,127.5649,128.8575,126.8689,127.5152,5480900
2005-12-16,125.7753,127.1275,125.3875,126.9286,5437100
2005-12-19,124.4131,126.6701,123.737,126.5707,4217400
2005-12-20,125.1389,125.5068,123.6276,123.9856,4094300
2005-12-21,126.5806,127.5649,125.3875,125.6261,3694400
2005-12-22,127.2567,127.5152,125.9642,126.8193,2437100
2005-12-23,127.376,127.734,126.6701,127.217,1670200
2005-12-27,127.5252,128.6586,127.0976,127.9627,2826500
2005-12-28,127.2468,128.072,126.9087,127.5649,1809100
2005-12-29,127.2866,128.0024,126.7198,126.7198,1684500
2005-12-30,126.9783,127.3363,125.9741,126.4215,1962500
2006-01-03,128.1317,128.6984,123.5183,125.9741,6188700
2006-01-04,126.3619,128.1714,125.656,126.6204,4862000
2006-01-05,126.3122,126.5906,124.8904,125.2781,3717400
2006-01-06,128.1019,128.5095,126.5607,126.5607,4319600
2006-01-09,129.643,129.8717,127.2667,127.7638,4723500
2006-01-10,131.2736,132.1883,129.2751,129.3049,5539800
2006-01-11,131.2139,133.0334,130.6671,130.6969,4671400
2006-01-12,131.4923,132.4468,130.6273,130.6472,3725500
2006-01-13,132.4965,132.8942,131.1443,131.2636,2894900
2006-01-17,131.8304,132.3673,129.8418,130.2495,3624600
2006-01-18,131.0946,131.9199,130.2594,130.3091,4305400
2006-01-19,133.0533,134.0476,131.9497,131.9596,5020700
2006-01-20,130.9318,133.5417,130.7426,132.3364,5680100
2006-01-23,132.3563,133.6612,131.131,131.131,3849400
2006-01-24,132.4858,133.5716,131.8283,132.1172,3758000
2006-01-25,133.0436,133.5217,131.9479,133.1333,3740500
2006-01-26,136.8688,137.8251,132.4957,132.4957,4808200
2006-01-27,138.4028,139.2097,136.5699,137.3967,3687900
2006-01-30,139.3292,140.0962,138.1737,139.0105,3167900
2006-01-31,140.7039,141.3115,137.9147,139.1898,4908100
2006-02-01,141.1621,142.3973,139.8871,140.8533,3640000
2006-02-02,141.969,143.2141,140.8533,141.7199,3711000
2006-02-03,142.1881,142.5667,140.156,141.0027,4213900
2006-02-06,142.2678,143.5429,141.0525,142.0586,3849300
2006-02-07,138.9407,142.7559,138.9407,141.7996,5207700
2006-02-08,140.5943,141.3813,138.7813,139.5583,4481400
2006-02-09,140.3054,142.2977,139.9468,140.5943,3059500
2006-02-10,140.2656,141.3016,137.2672,140.1261,4433100
2006-02-13,139.1101,141.2518,138.612,139.1101,2155200
2006-02-14,141.2318,141.7697,138.2335,140.6541,3003100
2006-02-15,144.5788,144.9375,140.8533,141.451,4330700
2006-02-16,145.3359,145.7842,143.6524,145.5351,2847400
2006-02-17,144.9773,145.6547,143.503,145.6248,2407200
2006-02-21,142.8954,145.1865,142.4571,144.9972,2539800
2006-02-22,144.9673,144.9673,142.6762,142.8954,2674200
2006-02-23,143.4034,145.047,143.2341,145.047,2512500
2006-02-24,143.6026,144.8378,142.4969,142.4969,2314700
2006-02-27,143.2639,144.6884,142.7858,144.2501,2282200
2006-02-28,140.7437,143.6026,140.5644,143.0448,3911700
2006-03-01,142.5965,143.1843,141.0127,141.4311,2994400
2006-03-02,143.4433,144.2999,141.69,142.5168,2902300
2006-03-03,145.4355,146.9098,142.5467,142.9452,4042700
2006-03-06,144.4593,146.5113,143.752,145.9734,2900600
2006-03-07,143.7222,143.9015,142.6165,143.8118,2820400
2006-03-08,141.9391,144.1107,140.7138,142.995,3633100
2006-03-09,141.1521,142.8456,140.6541,142.1084,2262100
2006-03-10,140.9828,141.8992,139.6081,141.0824,3247000
2006-03-13,140.1759,142.3973,138.6419,141.0027,4946200
2006-03-14,148.8423,148.922,145.057,145.3558,11364100
2006-03-15,148.4239,149.0614,147.0194,147.7266,7557100
2006-03-16,147.119,149.1113,146.8799,148.5235,6025800
2006-03-17,149.7787,150.9541,147.4577,147.6768,6670000
2006-03-20,151.5916,152.0698,149.2208,149.4698,4896800
2006-03-21,148.8224,151.4123,148.4339,151.0238,4460800
2006-03-22,151.233,151.7709,147.7266,147.7266,3770800
2006-03-23,151.0836,151.3725,149.8683,150.5855,3852700
2006-03-24,151.5817,151.9801,150.2966,151.0936,2651700
2006-03-27,154.4007,154.7593,151.5418,151.5418,4314600
2006-03-28,153.564,157.2098,153.564,154.4107,6481600
2006-03-29,156.2934,156.9608,154.2413,154.3011,4458100
2006-03-30,156.2037,159.0128,155.108,157.1202,4771000
2006-03-31,156.3531,157.7676,155.6459,156.393,3298500
2006-04-03,157.5087,159.2619,156.3133,157.3792,3979800
2006-04-04,160.3775,160.7361,157.5087,157.5087,5088900
2006-04-05,160.1285,161.294,159.3814,159.8795,4193500
2006-04-06,161.4135,161.4434,159.4511,159.4511,4180900
2006-04-07,160.3974,162.5292,159.2718,161.4135,4964600
2006-04-10,161.8319,163.4157,160.8258,161.8717,4471400
2006-04-11,158.5347,162.6685,157.8971,162.3698,4962800
2006-04-12,158.9032,159.6802,157.7876,159.0128,3434000
2006-04-13,158.8136,159.0726,157.5883,157.8374,2217100
2006-04-17,161.4135,162.579,159.3814,159.6304,3381700
2006-04-18,164.8601,165.5374,160.6963,162.1208,4829300
2006-04-19,166.2248,166.9221,162.9675,163.9138,4466200
2006-04-20,167.8983,168.6554,165.418,165.418,4894300
2006-04-21,165.593,168.3581,165.0241,168.3182,3591500
2006-04-24,165.054,165.9724,163.2073,165.2038,3432300
2006-04-25,162.5086,165.3036,161.4704,165.054,3361400
2006-04-26,163.1075,164.3553,161.9097,163.2073,3032600
2006-04-27,163.6765,165.4932,161.8098,163.0576,4063900
2006-04-28,160.0031,164.5948,158.366,163.5168,5349000
2006-05-01,156.17,161.3806,155.8006,160.0131,5652300
2006-05-02,158.5457,159.7136,156.8387,157.3179,3710700
2006-05-03,158.8651,159.5639,157.4676,159.2145,2521200
2006-05-04,157.7571,160.043,157.7172,158.8751,2554600
2006-05-05,164.0957,164.3054,159.4041,159.464,3750600
2006-05-08,163.2373,166.2519,161.9097,164.0957,2395700
2006-05-09,165.4533,165.9624,163.407,163.4569,2628300
2006-05-10,163.7963,165.1139,161.7599,164.5549,3215900
2006-05-11,158.9949,164.1956,158.3161,164.0858,3639600
2006-05-12,155.8306,159.4141,155.7906,158.4658,4579700
2006-05-15,152.8659,156.719,150.8395,154.3233,6119200
2006-05-16,152.4267,154.8324,150.3504,153.325,4091000
2006-05-17,147.9447,150.8794,146.7369,150.58,7477600
2006-05-18,146.7668,149.981,145.9882,149.0926,6246200
2006-05-19,149.1425,150.1807,146.4873,148.0345,6502500
2006-05-22,145.8884,148.2442,143.0834,148.2442,8492900
2006-05-23,143.4428,148.6135,143.4428,147.785,5607500
2006-05-24,143.6624,145.3294,140.1686,143.3929,8787800
2006-05-25,147.0563,147.0563,144.421,144.9401,5613400
2006-05-26,152.6662,152.6662,149.2024,149.7315,5749800
2006-05-30,149.5618,151.678,148.9828,150.7297,5217200
2006-05-31,150.6798,152.1172,148.883,151.0292,5262300
2006-06-01,153.2751,153.3151,149.9211,150.6499,4208500
2006-06-02,153.8142,156.719,153.325,155.2216,4253400
2006-06-05,150.1308,156.0102,149.5818,154.6726,5525200
2006-06-06,148.9729,151.7878,147.236,151.119,6562500
2006-06-07,149.5818,152.257,148.0345,148.9828,4319900
2006-06-08,149.5119,150.4003,144.2413,148.5336,7885500
2006-06-09,149.5518,151.8277,148.7233,150.7297,4407500
2006-06-12,144.7404,150.4502,144.7404,150.031,5866200
2006-06-13,138.9508,145.2395,137.763,143.852,15680600
2006-06-14,138.2521,141.5108,136.5451,139.4998,10541300
2006-06-15,143.862,144.9301,139.9291,140.1487,10970400
2006-06-16,143.7422,144.3312,142.3547,143.0435,6368800
2006-06-19,143.4927,145.4891,142.6941,144.7205,6537300
2006-06-20,145.0,145.7287,143.333,144.3911,5809100
2006-06-21,149.5618,150.0509,145.2395,145.5091,7648100
2006-06-22,148.0445,150.2306,146.687,149.442,4430000
2006-06-23,147.6552,149.1326,146.9465,147.5853,3488000
2006-06-26,149.6317,149.6816,147.8349,148.6534,3799600
2006-06-27,146.8966,150.6199,146.8966,148.7832,3666400
2006-06-28,146.2278,148.2342,144.8103,147.1461,4907100
2006-06-29,151.9276,151.9276,146.088,147.8349,6711800
2006-06-30,150.1607,152.4466,149.2324,151.9276,5973300
2006-07-03,152.1771,152.5185,151.0691,151.658,3250500
2006-07-05,150.6798,151.4285,149.7315,151.4285,4483600
2006-07-06,150.3105,152.0274,149.9311,152.0174,3441000
2006-07-07,148.2442,150.2306,148.1743,149.7415,3618700
2006-07-10,148.5836,150.1408,147.8948,148.9828,2966100
2006-07-11,148.4039,148.7333,146.2877,148.1344,3817200
2006-07-12,145.01,148.9629,144.8103,148.4338,4300100
2006-07-13,142.2948,144.9401,141.8456,143.7722,6116700
2006-07-14,139.8492,143.2431,138.7212,142.8439,5659400
2006-07-17,140.6178,142.0152,138.9508,139.8492,4528700
2006-07-18,142.0852,142.225,139.6496,140.3683,5874500
2006-07-19,146.7069,147.5853,142.4446,142.4446,6079400
2006-07-20,144.9201,147.5354,144.7404,146.4374,4264500
2006-07-21,141.7857,144.8003,141.5462,144.7904,4682400
2006-07-24,146.637,147.236,142.8039,143.0435,4610700
2006-07-25,148.2242,149.4021,145.0798,146.637,4984000
2006-07-26,147.1162,148.5536,146.4274,147.236,3326300
2006-07-27,147.9946,149.3622,147.3258,148.4338,4085900
2006-07-28,151.4484,152.0773,149.0627,149.3821,4752200
2006-07-31,152.4766,153.4548,150.3903,151.3286,4374000
2006-08-01,150.9892,151.4684,149.3222,151.3586,3500600
2006-08-02,149.6317,150.2306,147.2759,149.991,6139300
2006-08-03,151.8277,152.8759,148.2042,148.4837,3861000
2006-08-04,152.7161,156.0102,151.8976,153.7243,4892300
2006-08-07,152.3768,154.5728,151.4883,151.8477,3031100
2006-08-08,151.1789,155.1218,150.2206,152.3768,6200100
2006-08-09,149.7415,153.4748,149.3322,153.2252,4234400
2006-08-10,151.3586,151.8477,148.2342,149.2324,3782100
2006-08-11,150.8395,152.5964,149.7215,152.0773,2576500
2006-08-14,150.1008,152.7361,149.1825,152.2071,3110900
2006-08-15,152.3768,153.7144,150.9393,152.1072,4907000
2006-08-16,154.7126,154.7725,152.4466,153.6744,3563900
2006-08-17,154.1735,156.5892,153.5746,153.6245,3365700
2006-08-18,154.4031,154.473,152.7261,154.1735,2742100
2006-08-21,153.5546,153.9739,151.3686,152.8858,3731200
2006-08-22,153.8741,154.7325,152.776,154.0837,3696600
2006-08-23,152.4267,154.473,151.8777,153.1354,2821200
2006-08-24,151.129,153.325,150.4801,153.2751,3100000
2006-08-25,149.8014,151.149,149.4819,150.4203,2476200
2006-08-28,149.2623,150.2705,147.6153,147.9846,4151000
2006-08-29,146.8267,149.5219,145.3993,149.3322,4939600
2006-08-30,146.7968,147.4955,146.1579,146.9365,2938000
2006-08-31,148.3839,148.4837,146.8067,146.8067,2834300
2006-09-01,148.873,149.1625,146.8666,148.4338,3453100
2006-09-05,151.0092,151.2388,148.7832,149.4819,3576200
2006-09-06,150.4003,151.1689,149.6516,150.3803,2962200
2006-09-07,148.304,150.4103,148.0845,149.8313,3577600
2006-09-08,149.5318,150.7297,147.3158,150.7297,3317500
2006-09-11,150.7297,150.9593,148.883,148.9828,3134200
2006-09-12,158.0067,159.464,154.4331,154.473,10644700
2006-09-13,160.5721,161.9695,156.5293,157.4177,7620900
2006-09-14,162.2291,162.8879,159.2345,159.464,5497100
2006-09-15,162.4187,163.4569,161.2309,162.2091,6845200
2006-09-18,162.9278,164.505,161.71,161.73,5733300
2006-09-19,163.0975,163.926,162.0195,162.7881,4851400
2006-09-20,166.3018,166.8608,163.934,164.3353,6406000
2006-09-21,166.8508,169.3862,165.5631,167.2002,8052600
2006-09-22,167.2201,168.0287,165.4633,166.6512,5104700
2006-09-25,168.388,169.1167,166.7011,167.5995,4780100
2006-09-26,168.3781,169.6158,166.721,167.6394,6109300
2006-09-27,168.6975,169.5959,166.9506,168.6276,5185300
2006-09-28,169.6957,169.6957,167.4996,168.6476,4413800
2006-09-29,168.8672,170.8436,168.7973,169.7456,4394400
2006-10-02,170.3845,171.1431,168.2084,168.2084,4143700
2006-10-03,173.8882,174.0878,169.7956,170.1349,5823500
2006-10-04,176.244,176.3438,172.9998,172.9998,8089400
2006-10-05,175.1859,176.204,174.3773,176.204,5749400
2006-10-06,175.3356,175.685,173.4889,174.008,4898200
2006-10-09,177.1324,177.1723,175.0062,175.086,3985500
2006-10-10,178.5398,179.5281,176.4735,176.7331,6560000
2006-10-11,178.6496,178.6496,176.4336,176.9826,5615400
2006-10-12,181.1851,181.5944,178.2903,178.9491,5754200
2006-10-13,183.5209,183.6307,180.3266,180.8856,5163300
2006-10-16,184.8884,185.148,182.7623,183.491,4699100
2006-10-17,182.7423,184.3794,181.814,183.8902,5867200
2006-10-18,182.6425,184.3195,181.5245,183.7405,6127000
2006-10-19,179.7277,182.3031,179.578,180.9256,5561200
2006-10-20,180.0771,180.3366,178.7495,179.3983,4206600
2006-10-23,184.3694,184.5391,179.8874,179.9074,4695800
2006-10-24,187.5038,187.913,184.0699,184.1897,5516500
2006-10-25,188.2724,189.3504,186.825,188.3023,5224400
2006-10-26,193.0338,193.2534,187.953,188.8414,5732100
2006-10-27,188.4321,192.8841,188.0528,191.6663,5693900
2006-10-30,189.4103,190.2089,186.3658,187.6635,5354900
2006-10-31,189.4503,190.6781,188.5419,189.6599,4548500
2006-11-01,184.6689,191.8659,184.4193,190.6581,7732000
2006-11-02,187.0546,187.4539,182.373,184.1797,6191100
2006-11-03,186.795,188.6118,184.9683,188.5619,4154000
2006-11-06,189.6599,191.3569,187.3441,187.3441,4639000
2006-11-07,188.3423,191.0773,188.2225,189.8595,3697900
2006-11-08,188.4321,189.58,186.1662,187.3141,3989900
2006-11-09,184.4492,188.6617,184.4492,188.0628,4488600
2006-11-10,186.7252,186.7351,184.2696,185.128,3319800
2006-11-13,187.394,189.4603,186.8949,187.3141,3382700
2006-11-14,190.0193,190.5982,185.0681,188.0628,4702800
2006-11-15,192.7643,193.9722,189.5002,190.0292,5090900
2006-11-16,196.3679,196.4477,193.6527,193.6527,4784000
2006-11-17,194.6909,196.6474,194.5312,195.6292,3397500
2006-11-20,197.0966,197.7554,194.6809,195.0003,3344800
2006-11-21,199.4024,199.5322,197.9351,198.6438,3447600
2006-11-22,201.9279,202.1076,199.632,199.642,3062200
2006-11-24,201.2391,202.986,198.7935,199.8716,1978900
2006-11-27,192.7643,201.7382,192.7643,200.9896,6328300
2006-11-28,196.7672,197.1365,191.1572,192.6545,5865000
2006-11-29,195.8688,199.093,192.7144,197.6356,5915000
2006-11-30,194.4513,196.0983,192.8342,195.6292,4082500
2006-12-01,194.1518,196.0784,191.1772,195.3497,4821200
2006-12-04,199.6919,199.7251,195.0403,195.2998,4260500
2006-12-05,201.2491,201.888,197.8552,199.3425,3733000
2006-12-06,204.6331,204.683,200.6402,201.6384,4135600
2006-12-07,199.8416,206.33,199.642,206.33,5237900
2006-12-08,204.7329,204.8926,199.642,199.8816,4969200
2006-12-11,202.1575,205.1322,201.4787,205.1322,5926400
2006-12-12,199.642,203.4851,198.0848,199.8516,8950500
2006-12-13,197.955,201.4188,197.6456,199.8017,5823000
2006-12-14,199.7718,200.4406,197.2762,198.8434,5081500
2006-12-15,199.4823,201.5885,199.4424,200.2509,5451400
2006-12-18,202.8762,203.2256,199.2826,200.1411,6018800
2006-12-19,200.8798,202.3072,200.0712,201.6185,4865700
2006-12-20,201.0095,203.9443,200.8798,201.4288,4336900
2006-12-21,197.7454,202.3272,197.3461,201.9978,4661800
2006-12-22,197.7354,198.7935,195.3098,198.7436,3500600
2006-12-26,199.5022,200.2409,197.9351,198.544,2575600
2006-12-27,201.5885,201.9279,199.3625,199.5022,2887300
2006-12-28,200.5104,202.1176,199.4024,201.9678,2393500
2006-12-29,198.9932,202.0377,198.9632,200.5703,2762500
2007-01-03,200.3607,202.9561,197.4659,200.2409,6513200
2007-01-04,198.494,200.3108,197.7155,199.8616,6478800
2007-01-05,198.6937,199.642,197.5457,198.0748,6037000
2007-01-08,203.3653,203.5849,197.7454,198.6937,7851000
2007-01-09,203.7147,204.5332,201.6384,203.1757,7177300
2007-01-10,207.7375,208.0669,201.1393,203.0359,8022400
2007-01-11,211.5007,212.7884,207.2284,207.9671,9044600
2007-01-12,213.6069,213.8365,210.0234,210.5225,6618900
2007-01-16,213.2077,214.7449,199.642,213.6069,5847200
2007-01-17,212.8483,213.7068,210.4726,211.8202,5359900
2007-01-18,209.3047,214.4255,208.7257,213.3674,6523200
2007-01-19,209.9136,211.0615,208.4662,208.7057,5340300
2007-01-22,212.5888,212.8683,209.2248,210.7121,4980700
2007-01-23,212.2594,213.038,210.2729,212.4391,6293400
2007-01-24,219.6985,219.7759,212.6487,213.1278,6387000
2007-01-25,212.6886,220.1153,212.1296,219.4066,7854400
2007-01-26,213.1178,214.5153,210.223,214.1759,7458200
2007-01-29,210.6622,214.695,209.7539,213.5171,5891000
2007-01-30,208.4063,211.93,207.997,210.7022,6001900
2007-01-31,211.7802,212.3692,206.9189,207.9271,7235700
2007-02-01,211.6205,213.5171,209.3546,213.0579,5751200
2007-02-02,213.048,213.5171,210.6223,210.6223,3527000
2007-02-05,212.1695,213.3374,211.1214,212.9182,2995700
2007-02-06,214.2658,215.4736,212.3193,212.9082,3803100
2007-02-07,213.1677,215.4636,212.7186,214.6451,3622600
2007-02-08,213.5171,214.8248,209.4344,211.7103,5413000
2007-02-09,212.8982,218.8675,210.2031,215.3838,9113400
2007-02-12,210.7521,213.6169,209.4943,213.3674,5384589
2007-02-13,212.1496,212.9182,210.0932,211.6006,4022551
2007-02-14,217.0108,218.7078,212.4091,213.3175,7697000
2007-02-15,216.4319,218.4483,216.0226,217.5499,3627200
2007-02-16,216.5317,217.1107,214.6351,215.5734,3119100
2007-02-20,220.5445,221.5028,215.5834,217.9392,6225700
2007-02-21,219.7559,221.1035,217.7695,218.8575,5225500
2007-02-22,218.578,222.3513,217.6098,220.6044,4273400
2007-02-23,216.1125,219.4066,215.1642,218.7677,5508100
2007-02-26,213.6169,217.9791,212.2793,217.5998,5552885
2007-02-27,199.4024,210.0234,194.3016,209.3745,18834700
2007-02-28,201.3889,203.4851,197.4359,200.0413,15946600
2007-03-01,199.3026,202.3372,193.7326,196.7672,14142401
2007-03-02,195.3197,200.5603,195.2399,197.8452,9843200
2007-03-05,189.6599,197.1365,189.5102,193.2035,13403725
2007-03-06,197.0167,197.8452,193.3533,193.5529,10796873
2007-03-07,195.2399,198.6438,195.1501,197.1265,8459500
2007-03-08,199.5821,201.6584,197.6456,197.6755,10789800
2007-03-09,201.3389,202.6266,198.504,202.5867,7679400
2007-03-12,202.2373,202.5268,198.504,199.642,9628300
2007-03-13,198.6737,208.1867,198.1646,204.5931,31968700
2007-03-14,199.7917,201.7981,197.1864,199.642,20393112
2007-03-15,200.5304,202.0078,199.1429,199.642,9742000
2007-03-16,198.6438,200.6901,197.9151,200.4306,10878200
2007-03-19,202.0776,202.1375,200.0812,200.9596,8186284
2007-03-20,203.6348,204.0641,201.6384,202.1275,6643400
2007-03-21,210.5724,211.1314,203.7946,204.9724,10935830
2007-03-22,209.7039,211.371,208.9154,211.321,8016025
2007-03-23,211.5107,211.5107,209.3346,209.684,5106933
2007-03-26,211.351,211.8401,208.9254,211.6305,6525087
2007-03-27,209.4943,211.351,209.3646,210.6323,4806200
2007-03-28,206.3899,208.2965,205.8209,207.8373,7991433
2007-03-29,206.8291,208.5161,205.9307,207.7175,6380758
2007-03-30,206.2601,208.6558,204.3336,207.0687,5176915
2007-04-02,205.2819,207.3082,202.9261,207.2983,5797000
2007-04-03,209.3745,209.3745,206.1004,206.6295,5015250
2007-04-04,208.4163,209.5742,207.8373,209.0751,4149703
2007-04-05,207.5578,208.1268,207.0387,208.1268,3010838
2007-04-09,208.566,209.4943,207.0787,208.1967,3610533
2007-04-10,208.6758,209.4344,207.8373,207.9271,3003000
2007-04-11,206.5596,208.4961,206.2402,208.3264,5579934
2007-04-12,206.6794,207.1485,205.0224,205.8808,3946697
2007-04-13,206.1304,207.5778,205.2419,207.5778,4320513
2007-04-16,214.136,214.8447,207.7475,207.8672,10008200
2007-04-17,214.5153,216.4818,213.1578,214.7649,6064339
2007-04-18,216.362,218.1488,213.587,213.7168,6082170
2007-04-19,218.8975,221.3131,214.4155,214.9545,8880609
2007-04-20,219.6062,221.7923,217.9791,220.834,7393977
2007-04-23,222.0219,223.5791,220.0853,220.6044,5816482
2007-04-24,220.3249,222.8404,218.3185,222.3513,6753176
2007-04-25,225.1962,225.6454,219.706,221.5028,7627377
2007-04-26,224.4076,226.2044,223.7687,225.4956,4730964
2007-04-27,223.8785,225.306,222.5908,223.649,3597982
2007-04-30,218.2187,224.5773,218.0889,223.9584,5484784
2007-05-01,218.1887,219.5164,214.9645,218.6878,6358598
2007-05-02,219.0971,221.5228,217.0608,217.6098,4886132
2007-05-03,221.1634,221.5327,218.1588,219.9955,4440627
2007-05-04,226.9331,226.9331,221.0336,222.2015,5632520
2007-05-07,226.8133,229.4885,225.1962,226.5937,4637324
2007-05-08,224.5473,225.5855,222.5609,225.5156,4880100
2007-05-09,226.1644,227.2724,222.9502,224.5473,5195050
2007-05-10,222.7007,226.5737,222.5509,225.0963,4963090
2007-05-11,227.0928,227.1427,223.1998,223.5092,4957473
2007-05-14,225.7751,228.5901,224.9466,227.6218,4800050
2007-05-15,223.9783,227.9213,223.8586,225.7851,5772800
2007-05-16,226.7035,227.552,224.1181,225.1862,5174713
2007-05-17,226.973,227.522,224.8468,226.3441,4185300
2007-05-18,229.9277,230.8061,227.542,228.1409,6727495
2007-05-21,228.8197,231.2753,228.1509,230.2371,7784645
2007-05-22,230.297,231.2453,228.3405,229.3787,3568402
2007-05-23,228.1309,231.994,228.0211,231.2852,4277072
2007-05-24,225.276,230.3369,224.6472,228.9594,6211180
2007-05-25,225.1263,226.5437,223.7887,226.404,4068780
2007-05-29,228.0311,228.4903,225.6254,225.845,3735151
2007-05-30,231.5847,231.5847,225.1962,225.845,5393104
2007-05-31,230.4068,233.5512,229.6781,231.7943,4588000
2007-06-01,230.297,232.4731,229.179,231.6646,4093200
2007-06-04,229.2988,230.2371,227.532,229.5883,3418880
2007-06-05,228.9494,229.9177,227.8414,228.9494,3710565
2007-06-06,226.943,227.532,224.4475,227.3623,4412285
2007-06-07,219.6561,227.0129,218.9474,225.8849,8364388
2007-06-08,224.6571,224.6671,218.3584,219.706,5903668
2007-06-11,226.7534,227.1626,223.7288,225.1962,4285681
2007-06-12,227.4421,230.7063,225.1762,226.4938,7475106
2007-06-13,233.2218,233.2218,227.5919,228.5901,7364030
2007-06-14,225.3459,228.8896,224.6072,227.3024,14384754
2007-06-15,225.7851,228.061,225.5955,226.9231,7432926
2007-06-18,226.5637,227.1327,224.3976,226.1445,4370148
2007-06-19,229.0592,229.1591,225.0864,225.7552,4580175
2007-06-20,225.4857,229.9177,225.316,229.3387,5833043
2007-06-21,226.4938,226.4938,221.8023,225.5755,8340707
2007-06-22,222.0019,226.384,219.8757,226.0946,9801941
2007-06-25,216.352,222.7705,214.6651,220.7142,11567050
2007-06-26,213.7866,218.9673,213.7866,217.3103,9711555
2007-06-27,219.157,219.4066,212.1795,213.6169,9019024
2007-06-28,218.5681,221.0736,217.2804,219.3566,5980132
2007-06-29,216.362,220.0454,213.3075,219.157,7854927
2007-07-02,219.0771,219.2568,215.6134,217.1107,5020384
2007-07-03,224.1481,224.4974,219.5962,219.9456,4677010
2007-07-05,220.9238,223.8885,220.804,223.8885,5385600
2007-07-06,223.5092,223.8186,220.3049,220.3648,4118200
2007-07-09,222.9003,225.3659,222.1107,222.6208,3999112
2007-07-10,216.6914,221.8222,216.1324,220.6044,7960405
2007-07-11,216.3321,218.608,214.2658,216.5916,8924906
2007-07-12,219.8957,219.8957,216.3321,218.0789,6072850
2007-07-13,221.7823,222.4211,218.8076,219.6661,5605300
2007-07-16,220.0055,223.05,219.0672,221.4729,4654400
2007-07-17,219.0073,221.7224,218.2586,221.3431,5582700
2007-07-18,214.6052,218.1288,211.9599,215.6433,11664958
2007-07-19,211.3111,217.1107,209.654,216.6914,9463393
2007-07-20,205.5714,211.5906,204.4234,210.792,14540891
2007-07-23,204.673,207.5079,203.7047,206.7892,7759093
2007-07-24,197.7953,204.1938,196.4178,202.2673,12345374
2007-07-25,202.7963,203.3853,197.426,199.4424,13936161
2007-07-26,194.7707,199.5322,188.6617,197.6456,22698076
2007-07-27,192.65,196.84,190.51,194.67,17042836
2007-07-30,195.74,197.6,192.45,194.52,12172948
2007-07-31,188.34,198.99,187.25,198.55,14746294
2007-08-01,189.0,189.1,182.85,187.03,16282924
2007-08-02,187.46,192.48,185.0,189.15,13141799
2007-08-03,179.68,186.84,179.68,185.41,19828500
2007-08-06,187.79,187.86,175.0,179.2,18867228
2007-08-07,191.25,194.64,185.39,186.58,22764000
2007-08-08,193.3,198.5,188.76,192.04,20622832
2007-08-09,182.25,190.65,180.79,186.16,20868900
2007-08-10,180.5,184.41,175.57,178.65,20263800
2007-08-13,177.5,187.25,176.61,185.01,15317500
2007-08-14,169.75,178.78,169.0,178.6,26255842
2007-08-15,164.9,173.52,163.83,169.0,22272082
2007-08-16,169.85,171.41,157.38,163.1,31331400
2007-08-17,175.0,180.86,170.5,178.12,26743200
2007-08-20,172.76,176.39,170.12,176.02,13171300
2007-08-21,175.48,177.3,170.0,173.0,11796000
2007-08-22,177.89,180.05,174.29,177.52,13430900
2007-08-23,177.5,180.88,175.92,180.55,10549400
2007-08-24,179.73,180.26,175.6,176.77,8935300
2007-08-27,177.95,180.05,177.26,179.33,6664242
2007-08-28,170.95,176.13,170.25,175.01,11610600
2007-08-29,173.72,174.45,167.92,172.38,12797500
2007-08-30,171.38,173.43,169.79,169.96,9560200
2007-08-31,176.01,178.1,173.87,175.65,11023000
2007-09-04,180.8,183.7,176.18,176.18,10161175
2007-09-05,177.81,179.79,176.9,179.68,8987600
2007-09-06,179.18,179.71,175.36,178.5,9250100
2007-09-07,178.98,181.05,175.0,176.6,15144276
2007-09-10,183.61,186.07,178.5,180.5,12989100
2007-09-11,183.5,187.0,182.5,185.5,11342500
2007-09-12,182.53,184.25,181.7,183.14,7749575
2007-09-13,188.47,196.04,183.72,183.75,11292671
2007-09-14,190.59,191.0,185.59,186.95,9337600
2007-09-17,187.61,189.5,186.34,189.0,7751216
2007-09-18,200.5,200.76,187.41,190.8,22103124
2007-09-19,205.5,207.0,203.0,203.49,23107428
2007-09-20,203.53,211.0,203.44,210.94,27412482
2007-09-21,209.98,210.3554,203.53,205.56,18188836
2007-09-24,210.43,214.9,207.71,210.99,13441622
2007-09-25,210.9,213.07,208.81,209.0,11720266
2007-09-26,214.61,216.27,210.8,212.42,10680952
2007-09-27,216.78,218.38,214.19,215.45,8329443
2007-09-28,216.74,218.67,215.25,215.76,6152416
2007-10-01,222.98,223.62,215.4,215.41,9904872
2007-10-02,228.02,228.5,222.11,223.25,9419099
2007-10-03,227.35,230.63,225.67,226.25,10127543
2007-10-04,225.95,229.25,223.89,227.55,10047501
2007-10-05,228.5,229.72,225.96,227.11,7335539
2007-10-08,226.96,229.35,226.26,227.51,4142591
2007-10-09,239.68,239.7,226.2,227.8,15102547
2007-10-10,235.94,239.03,234.9,237.11,9684700
2007-10-11,229.01,239.02,226.05,239.02,12887100
2007-10-12,233.56,234.2,229.73,230.67,6544614
2007-10-15,229.34,234.31,227.42,233.25,7033695
2007-10-16,224.83,228.0,223.2,227.76,7416300
2007-10-17,227.62,230.48,223.08,228.25,9188400
2007-10-18,227.85,228.31,224.22,224.9,6499200
2007-10-19,217.69,227.47,217.6,226.15,13112626
2007-10-22,222.18,224.25,213.0,216.52,12166899
2007-10-23,223.76,225.87,220.91,223.63,8176550
2007-10-24,225.12,225.82,215.8,222.76,12651200
2007-10-25,226.66,230.0,221.81,224.11,12088959
2007-10-26,235.92,236.99,229.36,232.86,9390751
2007-10-29,243.81,244.98,235.07,236.22,9894160
2007-10-30,240.33,246.4,239.45,241.25,10447406
2007-10-31,247.92,250.7,240.0,240.36,14388051
2007-11-01,240.21,244.41,238.75,243.55,12579096
2007-11-02,229.6,241.8,223.44,241.8,25175996
2007-11-05,218.39,224.9,212.8,220.0,21376002
2007-11-06,223.16,224.07,213.59,221.74,15575707
2007-11-07,214.18,221.79,213.16,218.9,13213376
2007-11-08,209.94,218.0,201.57,213.67,20292316
2007-11-09,211.33,218.59,202.57,202.57,16985344
2007-11-12,214.71,221.19,208.24,210.9,14408473
2007-11-13,233.04,233.04,218.34,220.94,17398352
2007-11-14,233.31,240.05,231.04,239.75,13942409
2007-11-15,227.02,233.69,223.74,230.11,10243089
2007-11-16,225.25,229.57,222.57,228.26,10083350
2007-11-19,220.54,228.4,216.62,223.52,11008289
2007-11-20,217.48,226.23,213.5,220.4,13435135
2007-11-21,209.5,215.27,206.44,213.41,14874240
2007-11-23,216.48,216.48,211.8,212.52,4738758
