Price,Close,High,Low,Open,Volume
Ticker,HAR,HAR,HAR,HAR,HAR
Date,,,,,
1999-11-24,12.428,12.7451,12.3977,12.5639,216800
1999-11-26,12.2619,12.4582,12.2317,12.4582,172000
1999-11-29,12.3675,12.4129,12.2014,12.292,421200
1999-11-30,12.4431,12.5639,12.292,12.292,200000
1999-12-01,12.5186,12.5639,12.3675,12.3977,326400
1999-12-02,12.5337,12.5941,12.4431,12.4431,47600
1999-12-03,12.5488,12.5488,12.4582,12.4884,152000
1999-12-06,12.5186,12.5941,12.4431,12.5035,408800
1999-12-07,12.4733,12.5941,12.3675,12.5488,113200
1999-12-08,12.4582,12.5639,12.3524,12.4733,438800
1999-12-09,12.4733,12.5941,12.4582,12.4582,296000
1999-12-10,12.5337,12.5941,12.4431,12.4582,226800
1999-12-13,12.4733,12.5639,12.4582,12.5337,274000
1999-12-14,12.4431,12.5035,12.3827,12.5035,290400
1999-12-15,12.4129,12.4733,12.3524,12.4733,760800
1999-12-16,12.5035,12.5186,12.3827,12.4431,62400
1999-12-17,12.2769,12.5337,12.2769,12.4733,248400
1999-12-20,12.1411,12.2769,11.9749,12.2317,309200
1999-12-21,12.3524,12.3524,11.9749,12.2317,200000
1999-12-22,12.3222,12.3827,12.1411,12.1411,232800
1999-12-23,12.2467,12.3222,12.1713,12.3222,159200
1999-12-27,12.3072,12.3222,12.292,12.3222,138000
1999-12-28,12.5941,12.6695,12.292,12.3072,235200
1999-12-29,12.7602,12.7753,12.3827,12.3827,117200
1999-12-30,13.0471,13.1075,12.5488,12.5488,194400
1999-12-31,13.5605,13.5605,12.9867,12.9867,152400
2000-01-03,13.7719,13.8323,13.6209,13.6813,382800
2000-01-04,13.5907,14.0136,13.5907,13.7719,500800
2000-01-05,13.4699,13.7115,13.4548,13.6511,260400
2000-01-06,13.5455,13.6209,13.3945,13.6209,239200
2000-01-07,13.7417,13.7568,13.5303,13.5303,211200
2000-01-10,13.8474,13.8928,13.8021,13.8021,159600
2000-01-11,13.5152,13.9531,13.4397,13.8323,371200
2000-01-12,13.4095,13.5152,13.2887,13.5152,124000
2000-01-13,13.4095,13.4397,13.3491,13.4397,158400
2000-01-14,13.5756,13.7417,13.3491,13.4095,264400
2000-01-18,13.5605,13.6511,13.4246,13.4246,236400
2000-01-19,13.5605,13.6662,13.4397,13.5605,193600
2000-01-20,14.3005,14.4062,13.4397,13.5001,532000
2000-01-21,14.3458,14.4062,14.1193,14.3156,104800
2000-01-24,14.2854,14.5572,14.2552,14.376,592000
2000-01-25,14.6931,14.7384,14.3156,14.6176,990800
2000-01-26,14.9347,15.1008,14.7082,14.7384,784400
2000-01-27,14.829,15.1008,14.829,14.829,316000
2000-01-28,14.6478,14.9649,14.6478,14.8743,398400
2000-01-31,14.1042,14.9649,14.1042,14.8743,369600
2000-02-01,13.8777,14.0437,13.8021,14.0437,416400
2000-02-02,13.8626,13.9683,13.8626,13.9381,205600
2000-02-03,13.8173,14.0287,13.7719,13.9381,382000
2000-02-04,13.7568,13.7568,13.4699,13.7568,353200
2000-02-07,14.0027,14.1088,13.7602,13.7754,181600
2000-02-08,14.2755,14.2755,14.0633,14.0633,186000
2000-02-09,14.7908,14.912,14.0633,14.0633,511600
2000-02-10,14.6847,14.8211,14.6847,14.6847,353600
2000-02-11,14.912,14.9726,14.6999,14.7605,420400
2000-02-14,14.8059,15.0938,14.7908,14.7908,738400
2000-02-15,14.8059,14.8817,14.6999,14.8817,309200
2000-02-16,14.8059,15.0181,14.6999,14.8059,96000
2000-02-17,15.0332,15.4576,14.7908,14.8665,191600
2000-02-18,14.7908,15.4576,14.7908,14.8665,244400
2000-02-22,14.9878,15.0332,14.4877,14.9423,244000
2000-02-23,14.7605,15.0938,14.7605,14.9271,340400
2000-02-24,14.7605,15.109,14.6089,14.8211,286400
2000-02-25,14.6392,14.8969,14.5483,14.8211,502400
2000-02-28,14.2149,14.6089,13.8512,14.6089,276400
2000-02-29,15.0181,15.2757,14.5483,14.5483,610400
2000-03-01,14.8969,15.0332,14.6241,15.0181,434000
2000-03-02,14.4725,14.9878,14.4422,14.912,252400
2000-03-03,14.3968,14.6089,14.2906,14.4877,326400
2000-03-06,14.5786,14.8665,14.4271,14.4271,279200
2000-03-07,14.0179,14.5938,14.0179,14.5786,135200
2000-03-08,14.2603,14.3816,14.0633,14.0633,192800
2000-03-09,14.6089,14.6089,14.2603,14.2906,264400
2000-03-10,14.6241,14.9878,14.5483,14.6089,177200
2000-03-13,14.124,14.6241,14.124,14.6241,189600
2000-03-14,13.7906,14.2149,13.639,14.1543,196000
2000-03-15,14.0633,14.2301,13.7906,13.7906,331200
2000-03-16,14.2906,14.4877,14.124,14.4119,362400
2000-03-17,14.2301,14.3665,14.2149,14.2301,189600
2000-03-20,14.2755,14.6089,14.1846,14.2906,88800
2000-03-21,14.1997,14.2603,13.9269,14.2603,100000
2000-03-22,14.518,14.6241,14.2603,14.2603,330000
2000-03-23,14.4574,14.5786,14.4271,14.4574,279600
2000-03-24,14.1088,14.4574,14.0027,14.4574,620000
2000-03-27,14.2149,14.3058,14.124,14.1694,124800
2000-03-28,13.8966,14.3058,13.8966,14.1694,313600
2000-03-29,13.7602,14.033,13.7602,14.033,235600
2000-03-30,13.7906,13.9269,13.6845,13.8663,242000
2000-03-31,14.5483,14.7756,13.6845,13.7451,498400
2000-04-03,14.4271,14.5938,14.3665,14.3665,296000
2000-04-04,14.3816,14.5483,14.0633,14.4877,218800
2000-04-05,14.5938,14.6241,14.033,14.4877,184400
2000-04-06,14.3665,14.8969,14.3665,14.3665,210800
2000-04-07,14.4877,14.4877,14.0179,14.4877,278800
2000-04-10,14.033,14.6847,14.033,14.3816,236400
2000-04-11,14.0936,14.1846,14.033,14.1846,299200
2000-04-12,14.8514,14.912,14.033,14.0482,507200
2000-04-13,14.7605,14.912,14.6999,14.6999,277200
2000-04-14,14.7908,15.0332,14.6847,14.7908,329600
2000-04-17,14.5483,15.0332,14.2603,14.6999,343200
2000-04-18,14.4119,14.8059,14.2982,14.8059,583200
2000-04-19,14.2755,14.5331,14.2149,14.518,287600
2000-04-20,14.2906,14.3058,14.1846,14.3058,448000
2000-04-24,14.0179,14.2452,14.0179,14.2452,76800
2000-04-25,14.9423,14.9423,14.0179,14.2301,614800
2000-04-26,15.2606,15.3666,15.0787,15.0787,457200
2000-04-27,16.3062,16.3062,15.2151,15.2151,394400
2000-04-28,15.8516,16.6093,15.2757,16.3517,602000
2000-05-01,16.2608,16.2911,15.2757,16.2911,467600
2000-05-02,15.9274,16.2456,15.8364,15.8971,336400
2000-05-03,15.6849,16.0334,15.6849,16.0334,528000
2000-05-04,15.7607,15.9122,15.7152,15.7152,296000
2000-05-05,16.2304,16.2304,15.7152,15.7152,318400
2000-05-08,15.337,16.2794,15.337,15.8234,304000
2000-05-09,15.3978,15.5498,15.2458,15.5498,336800
2000-05-10,15.0786,15.641,15.0786,15.4434,125600
2000-05-11,15.4434,15.717,14.9418,15.413,239200
2000-05-12,15.7322,15.8386,15.5042,15.5042,345600
2000-05-15,15.8082,15.9754,15.7018,15.7018,328800
2000-05-16,15.7322,15.9754,15.6258,15.793,111600
2000-05-17,15.5802,15.7778,15.565,15.7778,61600
2000-05-18,15.2914,15.6106,15.2914,15.6106,98800
2000-05-19,14.9266,15.6106,14.8962,15.5498,135600
2000-05-22,14.8202,15.0178,14.5922,15.0178,163200
2000-05-23,14.4858,14.805,14.4706,14.805,223600
2000-05-24,14.4858,14.805,13.8778,14.7594,306800
2000-05-25,14.5922,14.805,14.5162,14.5162,192800
2000-05-26,14.501,14.7138,14.349,14.653,316400
2000-05-30,14.5771,14.5771,14.2578,14.5771,308800
2000-05-31,14.0754,14.6682,14.0602,14.5314,212800
2000-06-01,14.0906,14.729,13.6194,14.5618,729200
2000-06-02,14.349,14.4402,13.8018,14.1362,759200
2000-06-05,14.4706,14.5314,14.0146,14.1362,198400
2000-06-06,14.4402,14.7138,14.2578,14.349,222400
2000-06-07,14.349,14.5618,14.2578,14.4706,201200
2000-06-08,13.9842,14.5618,13.893,14.3794,306000
2000-06-09,14.1666,14.1666,13.9538,14.1666,374000
2000-06-12,14.1818,14.4402,14.1362,14.1362,236800
2000-06-13,14.1058,14.2882,14.0146,14.197,176000
2000-06-14,13.7562,14.2882,13.6802,14.1818,214400
2000-06-15,14.2882,14.2882,13.6498,14.1058,336800
2000-06-16,15.5042,15.5802,13.6498,13.7866,888400
2000-06-19,15.793,15.9602,15.0482,15.0482,480800
2000-06-20,15.2914,16.0818,15.2914,16.0818,390800
2000-06-21,15.1394,16.0818,14.9266,16.0818,205600
2000-06-22,14.5771,15.185,14.425,15.185,285600
2000-06-23,14.5771,14.5771,14.2426,14.5771,119200
2000-06-26,14.5922,14.5922,14.3642,14.5162,216000
2000-06-27,14.3186,14.5922,14.2426,14.5922,150000
2000-06-28,14.1362,14.349,14.1058,14.349,512800
2000-06-29,14.3794,14.4098,13.9994,14.3338,397200
2000-06-30,14.8354,15.4738,14.4402,14.4402,443600
2000-07-03,15.109,15.1698,14.8354,14.8962,89600
2000-07-05,14.8506,15.109,14.7138,15.109,114000
2000-07-06,15.3066,15.3066,14.805,15.109,190400
2000-07-07,14.9722,15.717,14.7594,15.2458,201600
2000-07-10,15.109,15.2914,14.957,14.957,98800
2000-07-11,15.565,15.5954,15.0482,15.0482,474000
2000-07-12,15.9298,15.9298,15.565,15.565,226000
2000-07-13,15.8691,16.0515,15.8082,15.8082,257200
2000-07-14,15.3978,15.9146,15.3826,15.9146,194400
2000-07-17,15.7322,15.8386,15.4282,15.8386,203600
2000-07-18,15.2458,15.8386,15.1546,15.6866,164800
2000-07-19,15.3066,15.337,15.0482,15.337,186400
2000-07-20,16.0666,16.0666,15.2306,15.2306,305200
2000-07-21,14.8962,16.0666,14.8962,15.3066,149600
2000-07-24,15.0026,15.2458,14.8962,15.2458,258400
2000-07-25,15.4282,15.6106,14.9266,14.9418,335200
2000-07-26,15.4738,15.5346,15.2154,15.2154,261600
2000-07-27,15.0482,15.5498,15.0482,15.3674,173200
2000-07-28,14.8962,15.1546,14.7138,15.1546,157600
2000-07-31,15.3826,15.3826,14.9114,14.9114,458400
2000-08-01,15.0634,15.5954,15.0634,15.0634,214800
2000-08-02,15.5194,15.6562,15.0634,15.3826,121600
2000-08-03,15.1394,15.6562,15.109,15.1242,138800
2000-08-04,15.3066,15.3066,15.0786,15.3066,129200
2000-08-07,15.31,15.4015,15.1727,15.1727,102000
2000-08-08,15.3252,15.371,15.1727,15.2794,59200
2000-08-09,15.5692,15.9809,15.2185,15.2794,172000
2000-08-10,15.5844,15.6455,15.371,15.371,178000
2000-08-11,15.7827,15.7827,15.5082,15.5692,76000
2000-08-14,15.7065,15.8589,15.554,15.5844,272000
2000-08-15,15.554,15.8589,15.5082,15.8437,195200
2000-08-16,16.1029,16.1639,15.31,15.6455,900800
2000-08-17,17.0941,17.1399,16.1029,16.1029,1347200
2000-08-18,17.9023,17.948,17.0179,17.0179,884000
2000-08-21,18.2378,18.2378,17.7346,17.7346,408400
2000-08-22,18.1463,18.4513,18.131,18.131,559200
2000-08-23,18.3293,18.5275,18.1463,18.2988,308000
2000-08-24,19.0308,19.0308,18.3293,18.3293,187600
2000-08-25,18.802,19.0308,18.6648,18.6648,442000
2000-08-28,18.6495,19.0917,18.4513,19.0308,418000
2000-08-29,18.7105,18.863,18.6495,18.6495,318400
2000-08-30,18.8173,18.9392,18.6953,18.6953,250400
2000-08-31,18.7258,18.9392,18.6648,18.6953,845600
2000-09-01,18.741,18.7868,17.9938,18.7258,277600
2000-09-05,18.7715,19.168,18.6038,18.7258,566400
2000-09-06,18.3598,19.168,18.3598,18.741,202800
2000-09-07,18.6343,18.7258,18.3445,18.7105,312400
2000-09-08,19.1528,19.5187,18.3445,18.4208,378400
2000-09-11,19.8542,19.8847,18.6343,18.6343,690400
2000-09-12,20.0829,20.6777,19.8237,19.8237,666000
2000-09-13,19.9762,20.6777,19.6255,20.0067,716000
2000-09-14,20.1897,20.4947,19.8847,20.0829,377600
2000-09-15,19.961,20.1287,19.7932,20.0372,338800
2000-09-18,19.168,20.0067,19.1222,19.9457,404400
2000-09-19,19.2747,19.4883,19.2138,19.4883,520000
2000-09-20,19.2747,19.6407,19.0917,19.6407,383800
2000-09-21,17.9023,19.1833,17.9023,19.1833,561200
2000-09-22,17.3838,19.1833,16.8349,19.1528,478600
2000-09-25,17.7132,18.2061,17.5473,17.5668,329600
2000-09-26,18.0987,18.0987,17.6254,17.6254,213400
2000-09-27,18.2695,18.2793,18.0548,18.128,168800
2000-09-28,19.1235,19.1235,18.2695,18.2695,295800
2000-09-29,19.0795,19.2504,18.4159,18.4159,293000
2000-10-02,18.6599,18.982,18.5623,18.982,215800
2000-10-03,19.0308,19.0649,18.6404,18.982,236800
2000-10-04,18.6404,19.0649,18.3134,18.6599,217400
2000-10-05,18.4744,18.7819,18.372,18.7819,85600
2000-10-06,17.6888,18.5428,17.684,18.5428,235800
2000-10-09,18.2012,18.372,17.5132,18.372,379200
2000-10-10,18.0792,18.3476,17.8011,17.8011,359200
2000-10-11,17.6596,18.0695,17.2984,18.0548,259800
2000-10-12,17.1521,17.7473,16.9764,17.7473,247200
2000-10-13,17.3228,17.5668,17.1521,17.1521,1078200
2000-10-16,18.3281,18.3427,17.2594,17.3717,138800
2000-10-17,16.9081,18.3427,16.9081,17.3717,251000
2000-10-18,17.2009,17.3277,16.7666,17.3277,198000
2000-10-19,17.1521,17.4449,16.8593,16.9325,258400
2000-10-20,17.0301,17.2643,16.8398,17.2643,556400
2000-10-23,16.5665,17.1277,16.3469,17.0789,283400
2000-10-24,17.3228,17.8108,16.3469,17.0789,432400
2000-10-25,17.8157,18.4208,16.8349,16.8837,523800
2000-10-26,20.4995,21.373,19.9139,20.0067,1510200
2000-10-27,20.1628,20.6167,19.5431,20.0067,786000
2000-10-30,22.9345,23.4225,20.0311,20.158,1550600
2000-10-31,23.6665,24.5692,22.4466,22.6905,1932400
2000-11-01,22.2172,24.5692,22.2026,22.6905,722400
2000-11-02,21.9586,22.2758,21.4706,22.2758,868600
2000-11-03,22.7052,22.9345,21.9049,21.9586,302800
2000-11-06,22.3974,23.351,21.9621,23.2287,410000
2000-11-07,22.3729,22.4952,21.9866,22.4952,207200
2000-11-08,22.3729,22.6761,22.2996,22.2996,233400
2000-11-09,22.0061,22.6761,21.3753,22.3729,221200
2000-11-10,20.4413,21.8839,20.4168,21.8839,324400
2000-11-13,21.5318,21.5318,20.407,20.5635,218800
2000-11-14,22.2996,22.2996,21.3631,21.4095,246200
2000-11-15,22.1969,22.4805,22.0404,22.1773,137200
2000-11-16,21.4193,22.5539,21.4193,22.1773,111800
2000-11-17,21.5612,21.9572,21.5171,21.9572,239200
2000-11-20,20.5146,21.9572,19.9865,21.9083,318800
2000-11-21,20.5439,20.9303,20.1234,20.1723,228200
2000-11-22,20.1479,20.5879,19.8299,20.1723,396600
2000-11-24,20.8961,20.9694,20.1234,20.1234,90000
2000-11-27,20.5048,20.9694,20.3434,20.3434,314200
2000-11-28,19.2823,21.3704,18.935,21.3704,239000
2000-11-29,18.6318,20.2456,18.534,20.2456,277000
2000-11-30,17.8494,19.3654,16.6268,19.3654,744400
2000-12-01,18.7297,18.9889,18.1917,18.2162,317200
2000-12-04,17.6049,18.9889,17.6049,18.2162,189400
2000-12-05,17.3115,17.6391,16.8713,17.6391,645800
2000-12-06,16.7491,17.9472,16.7491,17.2626,633400
2000-12-07,18.2162,18.4363,16.2601,16.2601,409600
2000-12-08,19.1209,19.1209,18.7052,18.7052,445800
2000-12-11,19.561,19.561,18.7052,18.9497,256800
2000-12-12,19.8789,19.9718,19.2676,19.4387,468000
2000-12-13,18.9497,19.6344,18.5047,19.6344,273600
2000-12-14,16.9691,17.5022,16.5779,17.5022,869200
2000-12-15,16.6268,16.9789,15.6488,16.2601,559800
2000-12-18,16.5681,16.8469,16.3774,16.7491,307600
2000-12-19,16.3823,16.7002,16.1378,16.7002,421400
2000-12-20,15.7955,16.1378,15.4532,16.1378,403000
2000-12-21,15.8933,16.1378,15.6537,16.1378,336800
2000-12-22,16.1378,16.6268,15.6488,15.6977,556400
2000-12-26,15.8933,16.2112,15.6488,16.1231,249000
2000-12-27,17.8494,17.8494,15.7613,16.1231,626200
2000-12-28,18.583,19.2921,15.7613,16.0156,802800
2000-12-29,17.8494,18.8666,17.732,18.583,277600
2001-01-02,16.6268,18.8666,16.5046,18.583,352200
2001-01-03,17.4093,17.4093,15.5265,17.4093,774400
2001-01-04,17.6342,18.2407,17.0963,17.0963,392800
2001-01-05,16.2601,18.2407,16.0644,17.287,298000
2001-01-08,16.2356,18.2162,16.0889,18.2162,542800
2001-01-09,15.4776,17.067,15.3602,16.9936,437200
2001-01-10,15.0179,15.7075,13.8149,15.4434,803400
2001-01-11,15.6488,15.8933,15.062,15.282,445000
2001-01-12,15.8933,16.4801,15.5754,15.6488,401200
2001-01-16,16.6268,16.6268,15.3065,15.7955,458200
2001-01-17,16.1329,17.2381,15.9422,17.2381,331000
2001-01-18,15.8933,16.529,15.8933,16.1329,293200
2001-01-19,16.2112,16.397,15.4043,15.771,401800
2001-01-22,16.1378,16.3041,15.4532,16.1378,181200
2001-01-23,16.0791,16.2112,15.5901,16.0156,220200
2001-01-24,17.3115,17.3115,16.0889,16.1623,463000
2001-01-25,17.6049,17.7565,16.3334,17.2381,444600
2001-01-26,17.1158,17.2381,16.5779,17.2381,272600
2001-01-29,16.7785,17.1158,16.622,17.1158,441200
2001-01-30,17.7076,17.9961,16.9691,16.9691,339800
2001-01-31,17.2381,18.001,16.3823,17.7125,666600
2001-02-01,18.1184,18.7052,17.3604,17.4093,489000
2001-02-02,17.6,18.3629,17.287,17.9961,757200
2001-02-05,17.6294,17.8347,17.5316,17.6,309000
2001-02-06,17.6049,17.7516,17.4582,17.6342,630400
2001-02-07,17.8054,17.9619,17.5071,17.7418,126200
2001-02-08,17.155,17.7271,17.1158,17.7271,341400
2001-02-09,16.3872,17.2626,16.3774,17.1404,307800
2001-02-12,17.4077,17.496,16.2747,16.2747,265200
2001-02-13,17.1673,17.805,17.0987,17.2409,354200
2001-02-14,17.3145,17.3979,16.5297,17.0937,368200
2001-02-15,17.4518,17.7805,17.3145,17.3145,226200
2001-02-16,16.6768,17.6824,16.515,17.6824,270000
2001-02-20,16.0882,16.7945,16.0882,16.7259,306600
2001-02-21,14.9601,16.1079,14.862,16.0932,568600
2001-02-22,14.8375,15.0827,14.5186,15.0091,617000
2001-02-23,14.8375,14.8375,14.6854,14.7884,423400
2001-02-26,15.6959,15.8038,15.1318,15.328,422000
2001-02-27,14.7639,15.9411,14.7639,15.9411,249200
2001-02-28,14.6756,15.2544,14.0772,14.813,552600
2001-03-01,15.0582,15.0582,14.2832,14.7148,354400
2001-03-02,14.9846,15.1073,14.4696,14.5677,390600
2001-03-05,15.5732,15.5732,15.0827,15.1073,285600
2001-03-06,15.2005,15.7449,14.9356,15.6959,218400
2001-03-07,14.8325,15.0827,14.813,14.9552,246600
2001-03-08,15.2495,15.3035,14.7639,14.8375,211000
2001-03-09,14.4696,15.328,13.9791,15.2053,635600
2001-03-12,14.3469,14.5186,14.2734,14.5186,257400
2001-03-13,14.7394,14.8228,14.2243,14.3519,311000
2001-03-14,14.5971,14.6952,14.5186,14.6903,234600
2001-03-15,14.5677,14.7884,14.5481,14.5971,311600
2001-03-16,14.4255,14.6119,14.1017,14.5726,360200
2001-03-19,14.3469,14.6167,14.2734,14.4255,150600
2001-03-20,14.2979,15.0827,14.2636,14.3469,231200
2001-03-21,14.1066,14.5922,14.1017,14.5922,234200
2001-03-22,14.4205,14.4696,13.7486,14.2538,240000
2001-03-23,14.2734,14.4205,13.9791,14.4205,347800
2001-03-26,14.2489,14.813,14.19,14.2979,226400
2001-03-27,14.1508,14.3715,13.2433,14.3715,342800
2001-03-28,13.8271,13.9545,13.6995,13.7339,242400
2001-03-29,12.2133,13.3954,11.4187,13.1943,1641200
2001-03-30,12.5517,12.5567,11.7228,12.2133,947800
2001-04-02,12.3997,12.7381,12.3163,12.5517,626200
2001-04-03,12.2673,12.5076,12.2133,12.3997,389000
2001-04-04,12.1643,12.2673,12.0661,12.2673,271600
2001-04-05,13.1943,13.1943,12.1643,12.2868,289000
2001-04-06,12.5076,12.8755,12.4095,12.7528,236600
2001-04-09,12.7431,13.2237,12.3114,12.9981,536400
2001-04-10,14.9208,14.9356,12.8706,13.0962,604600
2001-04-11,13.9791,15.6959,13.4395,15.6959,619400
2001-04-12,14.2341,14.3273,13.8565,13.8565,257800
2001-04-16,13.7829,14.3469,13.6701,14.2243,276600
2001-04-17,13.6259,14.1606,13.3905,13.7878,169000
2001-04-18,14.9601,15.1563,13.6848,13.8565,278600
2001-04-19,14.3273,14.8375,14.2734,14.8375,331800
2001-04-20,13.9889,14.2734,13.6603,14.2734,199200
2001-04-23,13.8271,14.396,13.7829,14.1115,115400
2001-04-24,13.5377,13.8319,13.3071,13.8319,199400
2001-04-25,13.5671,13.7976,13.2924,13.2924,190600
2001-04-26,14.7394,15.0582,13.7339,13.7387,387000
2001-04-27,15.2838,15.3133,14.7394,14.7394,212200
2001-04-30,15.5732,15.9803,15.4752,15.6959,274600
2001-05-01,15.9166,15.9411,15.4506,15.4996,163600
2001-05-02,16.0637,16.1127,15.6468,15.9214,204200
2001-05-03,16.3825,16.6278,16.1373,16.4316,356200
2001-05-04,16.6278,16.6376,15.4653,16.1863,330400
2001-05-07,16.9724,17.0462,16.6526,16.6624,846000
2001-05-08,17.7103,18.1629,16.9724,16.9773,1043600
2001-05-09,17.2331,17.5922,17.0215,17.5873,606600
2001-05-10,17.5086,17.5627,17.2183,17.3561,255200
2001-05-11,17.3168,17.6316,17.2183,17.6316,237400
2001-05-14,17.4742,17.5135,17.1691,17.3659,137400
2001-05-15,17.8087,17.8579,17.3659,17.4397,161600
2001-05-16,18.2023,18.2023,17.6611,17.8087,499200
2001-05-17,19.0287,19.137,18.1531,18.1531,388200
2001-05-18,19.5453,20.1455,18.9894,19.0238,340600
2001-05-21,19.1812,19.4223,18.3843,19.4223,482000
2001-05-22,18.9796,19.1861,18.5712,19.1861,239200
2001-05-23,18.399,18.9796,18.399,18.9796,167000
2001-05-24,17.912,18.3498,17.4889,18.2761,395200
2001-05-25,18.1973,18.6401,17.9563,17.9563,247400
2001-05-29,17.7595,18.0743,17.5529,18.0743,290000
2001-05-30,17.12,17.8333,17.0954,17.7644,200200
2001-05-31,17.4643,17.7054,16.9724,17.1938,299800
2001-06-01,18.0104,18.0793,17.5135,17.5873,106000
2001-06-04,18.4089,18.9402,17.7103,17.8874,259000
2001-06-05,18.4974,18.522,18.1481,18.3105,132200
2001-06-06,18.4482,18.5958,18.2318,18.4974,116400
2001-06-07,18.3006,18.3745,18.2023,18.3745,98800
2001-06-08,18.0842,18.5466,18.0793,18.3056,152800
2001-06-11,18.0055,18.399,17.7349,18.2269,86600
2001-06-12,17.7447,18.0104,17.5627,18.0104,172000
2001-06-13,17.4151,17.8333,17.4151,17.8333,192800
2001-06-14,17.3364,17.42,17.0658,17.2183,90200
2001-06-15,17.0019,17.8579,17.0019,17.3315,344200
2001-06-18,16.8494,17.5972,16.8297,17.3413,171200
2001-06-19,17.0462,17.3856,16.9724,16.9724,184800
2001-06-20,17.2183,17.2725,16.6034,16.6034,269800
2001-06-21,17.5873,17.6119,17.2183,17.2331,303000
2001-06-22,17.4692,17.8333,17.4692,17.5873,221000
2001-06-25,16.8395,17.3463,16.7264,17.3463,218600
2001-06-26,17.1002,17.3659,16.7756,16.8395,261600
2001-06-27,17.5135,17.5381,17.1397,17.1446,162000
2001-06-28,17.7546,17.7546,17.2675,17.5135,152400
2001-06-29,18.7385,18.7385,17.6611,17.6611,335000
2001-07-02,17.9218,18.7385,17.9169,18.7385,281800
2001-07-03,18.1038,18.1531,17.7989,17.7989,60600
2001-07-05,18.0055,18.2761,17.9661,18.1088,80200
2001-07-06,17.6119,18.0547,17.5725,18.0055,113000
2001-07-09,18.2023,18.2514,17.4151,17.5725,221800
2001-07-10,17.9317,18.1038,17.6119,17.8333,220400
2001-07-11,17.7349,17.8579,17.5381,17.8087,117200
2001-07-12,18.1285,18.1285,17.8431,18.0055,140600
2001-07-13,18.7237,18.7336,18.0547,18.0547,560000
2001-07-16,18.586,19.0878,18.5466,18.9697,101600
2001-07-17,19.5797,19.6092,18.586,18.586,553200
2001-07-18,18.8369,19.1861,18.8369,19.1861,95400
2001-07-19,18.6893,19.4715,18.5712,18.9599,125200
2001-07-20,18.7041,18.7434,18.645,18.6893,43200
2001-07-23,18.5368,18.827,18.4974,18.7041,212600
2001-07-24,18.1531,18.6696,18.0596,18.5368,180600
2001-07-25,18.2269,18.2711,18.094,18.2023,56600
2001-07-26,18.5712,18.6303,18.1038,18.1038,188600
2001-07-27,18.2514,18.5958,18.1678,18.5712,332600
2001-07-30,18.0793,18.2613,18.0202,18.2514,115200
2001-07-31,18.2023,18.2662,18.0793,18.0793,128200
2001-08-01,18.2269,18.2662,18.0448,18.2023,177200
2001-08-02,18.1334,18.2072,18.1038,18.1531,162000
2001-08-03,18.1678,18.2662,18.0793,18.1334,254400
2001-08-06,18.2173,18.316,18.1384,18.2272,232600
2001-08-07,18.1976,18.2518,18.1532,18.2173,124800
2001-08-08,17.6599,18.2518,17.655,18.2518,96600
2001-08-09,17.3639,17.7536,17.2653,17.7339,152000
2001-08-10,18.0546,18.0792,17.3689,17.4379,178200
2001-08-13,17.6106,18.6712,17.3886,18.0693,207000
2001-08-14,18.1137,18.2223,17.7092,17.7092,141400
2001-08-15,19.6873,19.8304,18.7451,18.7451,1763600
2001-08-16,19.5147,20.225,19.3864,19.7317,1049000
2001-08-17,19.4802,19.5344,19.0411,19.4604,416200
2001-08-20,19.7268,19.8797,19.4752,19.4752,690600
2001-08-21,19.7317,19.86,19.5837,19.7317,517200
2001-08-22,19.7169,19.8304,19.4358,19.7317,226000
2001-08-23,19.855,20.1313,19.7268,19.7317,651000
2001-08-24,20.0672,20.669,19.8304,19.9784,576400
2001-08-27,20.225,20.373,20.077,20.077,545600
2001-08-28,20.0623,20.595,19.7712,20.225,339000
2001-08-29,20.5753,20.7677,20.1017,20.1017,431000
2001-08-30,20.299,21.2116,20.299,20.5753,521600
2001-08-31,20.2744,20.521,20.003,20.3484,219400
2001-09-04,20.225,20.8663,20.225,20.595,289200
2001-09-05,20.5704,20.6887,20.2497,20.3237,305200
2001-09-06,20.225,20.9156,20.225,20.6937,293600
2001-09-07,19.4308,20.299,19.4259,20.1017,350200
2001-09-10,19.5394,19.5542,19.0904,19.1398,375200
2001-09-17,18.3752,19.4851,17.5613,19.4851,476200
2001-09-18,17.6352,18.0299,17.3689,18.0052,436600
2001-09-19,17.0926,17.0926,16.693,16.8953,555000
2001-09-20,16.0863,17.2209,15.7853,17.0926,550800
2001-09-21,16.407,16.4266,14.2759,14.3055,609600
2001-09-24,16.7473,17.5613,16.5253,16.5302,281400
2001-09-25,16.2787,17.0433,15.9728,16.624,236000
2001-09-26,15.2378,16.2787,14.9221,16.2787,768400
2001-09-27,15.4154,15.662,14.4288,15.2921,816400
2001-09-28,16.5253,17.2061,15.3167,15.4203,534400
2001-10-01,15.7853,16.8706,15.5387,16.772,471800
2001-10-02,15.4055,15.7853,15.2921,15.7853,675400
2001-10-03,16.2047,16.55,15.3759,15.4154,646600
2001-10-04,16.5253,16.772,16.1554,16.2787,481400
2001-10-05,16.2589,16.6191,16.18,16.55,220800
2001-10-08,15.5091,16.2589,15.3957,16.2589,496400
2001-10-09,15.4845,15.6818,15.1046,15.5091,490600
2001-10-10,15.7706,15.7706,15.3907,15.4845,625200
2001-10-11,16.9643,17.4872,16.032,16.032,300000
2001-10-12,16.7374,17.3639,16.6486,16.8953,315800
2001-10-15,16.7177,17.2653,16.4513,16.624,180200
2001-10-16,17.1173,17.2603,16.772,16.772,190200
2001-10-17,16.989,17.5119,16.7769,17.5119,335800
2001-10-18,17.1173,17.3886,16.7868,16.9397,308600
2001-10-19,17.2159,17.507,16.9643,17.1173,269800
2001-10-22,17.433,17.4379,17.0926,17.2159,235000
2001-10-23,17.6402,17.9559,17.3392,17.4379,400600
2001-10-24,17.729,17.7783,17.3985,17.6895,528600
2001-10-25,17.8473,17.9559,16.6782,17.5119,433400
2001-10-26,17.7635,17.8473,17.5267,17.8473,152000
2001-10-29,16.7818,17.7585,16.7473,17.7585,245800
2001-10-30,16.0961,16.8706,15.9827,16.8706,229600
2001-10-31,16.3033,16.8706,16.1307,16.1307,304200
2001-11-01,17.4872,17.5168,16.2836,16.3033,359600
2001-11-02,18.1729,18.4492,17.0186,17.3639,549400
2001-11-05,18.168,18.8685,18.0792,18.1779,415000
2001-11-06,18.9918,19.0411,18.1729,18.1779,385600
2001-11-07,19.3618,19.6578,18.755,18.9425,486400
2001-11-08,20.077,20.077,19.3618,19.3667,876800
2001-11-09,19.5579,20.3739,19.4492,20.0525,423800
2001-11-12,19.7557,19.8794,19.1871,19.5579,303400
2001-11-13,19.5728,19.8794,19.4096,19.7557,407600
2001-11-14,20.2354,20.3541,19.7805,19.8299,248600
2001-11-15,20.0772,20.7003,19.8942,20.2354,219800
2001-11-16,19.7904,20.4233,19.5629,20.1019,293000
2001-11-19,20.2552,20.275,19.6816,19.8299,212800
2001-11-20,20.1168,20.4728,19.9288,19.9288,197200
2001-11-21,19.736,19.8695,19.3354,19.8695,98400
2001-11-23,20.1613,20.1613,19.736,19.736,45800
2001-11-26,20.2503,20.4975,20.1514,20.4728,181800
2001-11-27,19.9288,20.2997,19.8794,20.275,151800
2001-11-28,19.7805,20.0525,19.7063,20.003,133800
2001-11-29,20.275,20.275,19.7113,19.7805,140200
2001-11-30,21.1008,21.3629,20.0475,20.1514,366400
2001-12-03,20.7794,21.0464,19.9783,21.0415,709400
2001-12-04,21.6448,21.7585,20.453,20.7794,507600
2001-12-05,21.9811,22.1789,21.4865,21.63,778000
2001-12-06,22.5003,22.5003,21.7585,22.1047,391200
2001-12-07,22.0305,22.4064,21.8278,22.4014,351400
2001-12-10,21.5113,22.1294,21.4025,22.0355,156800
2001-12-11,20.9722,21.5113,20.9426,21.5113,325800
2001-12-12,20.5717,21.1157,20.1563,21.1157,735600
2001-12-13,20.4728,20.819,20.3047,20.4975,291400
2001-12-14,20.7201,20.7695,20.275,20.4926,270600
2001-12-17,21.4865,21.5113,20.7695,20.7695,333400
2001-12-18,21.808,22.1294,21.4074,21.5113,420000
2001-12-19,21.3926,21.808,20.9921,21.808,363600
2001-12-20,21.1157,21.5607,21.0761,21.5113,198400
2001-12-21,22.0058,22.1047,21.4123,21.6349,445000
2001-12-24,22.4459,22.8217,22.3519,22.7475,253600
2001-12-26,22.797,22.9948,22.3767,22.3767,277200
2001-12-27,22.7822,23.0492,22.7475,22.8712,235200
2001-12-28,22.8811,23.0443,22.797,22.8217,180800
2001-12-31,22.3025,23.0542,22.3025,22.896,236400
2002-01-02,22.4212,22.6684,21.808,22.6487,553800
2002-01-03,22.6141,22.7327,22.3767,22.4212,241000
2002-01-04,23.1432,23.4151,22.7179,22.7377,326800
2002-01-07,22.6437,23.4349,22.6239,23.1976,253000
2002-01-08,22.5498,22.8217,22.4805,22.6437,269200
2002-01-09,22.5102,23.3162,22.5003,22.7475,200200
2002-01-10,22.525,22.891,22.2976,22.5844,119600
2002-01-11,21.8475,22.6487,21.8475,22.6239,219200
2002-01-14,21.3382,22.0058,21.2146,21.8575,276600
2002-01-15,21.8624,21.9415,21.4371,21.4371,224000
2002-01-16,21.7141,22.1146,21.6102,21.9564,217200
2002-01-17,21.6596,21.9564,21.5113,21.8377,326600
2002-01-18,21.3234,21.6349,21.264,21.5607,191600
2002-01-22,21.0662,21.4667,20.997,21.3876,142200
2002-01-23,22.0058,22.0058,21.0662,21.1898,195600
2002-01-24,21.625,22.253,21.3382,22.08,162400
2002-01-25,22.1393,22.2382,21.6399,21.6843,125000
2002-01-28,21.3481,22.5943,21.3135,22.1789,202200
2002-01-29,21.2146,21.3481,20.0129,21.3481,632200
2002-01-30,22.0404,22.1789,20.9673,21.3135,371600
2002-01-31,23.3509,23.6871,22.6981,22.9454,771200
2002-02-01,22.9998,23.5388,22.9998,23.3459,695600
2002-02-04,22.4904,22.9998,22.2778,22.9998,306800
2002-02-05,22.2283,22.5745,22.1542,22.4904,192000
2002-02-06,21.9316,22.0553,21.4865,22.0058,433200
2002-02-07,21.6843,21.9316,21.4618,21.9316,237400
2002-02-08,22.3322,22.3618,21.6596,21.6843,198800
2002-02-11,22.9865,23.0212,22.3372,22.367,333200
2002-02-12,22.8477,23.0361,22.6792,22.9915,358600
2002-02-13,23.041,23.1649,22.8477,22.8477,205000
2002-02-14,22.9171,23.1451,22.8973,22.9716,161600
2002-02-15,22.2282,22.9221,22.0052,22.9221,346800
2002-02-19,21.9408,22.2778,21.7822,22.253,346800
2002-02-20,22.2976,22.3769,22.0647,22.0647,422400
2002-02-21,22.03,22.699,22.0151,22.3769,374400
2002-02-22,22.3323,22.4264,21.797,22.1539,154800
2002-02-25,22.6842,22.818,22.4017,22.4017,172600
2002-02-26,23.1897,23.3384,22.5999,22.699,184400
2002-02-27,23.1501,23.4177,22.9716,23.2194,329600
2002-02-28,23.1946,23.3433,22.9716,23.1946,165800
2002-03-01,23.9183,23.9629,23.2194,23.2442,256600
2002-03-04,24.8847,24.8847,23.7795,23.9183,416400
2002-03-05,25.0928,25.7768,25.0086,25.0086,717600
2002-03-06,24.8054,25.078,24.6071,25.078,575800
2002-03-07,25.2465,25.2514,24.7162,24.8302,355400
2002-03-08,25.5042,25.529,25.3506,25.524,354400
2002-03-11,25.301,25.5191,25.2762,25.4745,307000
2002-03-12,25.4398,25.524,25.078,25.2762,432000
2002-03-13,25.1523,25.4646,25.0136,25.4497,159400
2002-03-14,24.8302,25.1771,24.7806,25.1672,221600
2002-03-15,24.7906,25.0285,24.3792,24.4089,635200
2002-03-18,24.8302,25.0036,24.7806,24.8054,598600
2002-03-19,25.0086,25.078,24.7806,24.9045,250600
2002-03-20,24.9888,25.2514,24.9789,25.0036,286400
2002-03-21,24.9789,25.0185,24.6815,24.9888,217200
2002-03-22,24.7806,25.0483,24.7806,24.9045,349000
2002-03-25,24.5626,24.8302,24.513,24.6815,474800
2002-03-26,24.3594,24.7806,24.285,24.6121,128000
2002-03-27,24.5824,24.7311,24.3742,24.4337,176400
2002-03-28,24.4585,24.8351,24.4337,24.5824,318600
2002-04-01,25.1275,25.2019,24.285,24.4337,647200
2002-04-02,24.8897,25.0532,24.8054,25.0285,351400
2002-04-03,24.8302,24.959,24.7657,24.7955,325200
2002-04-04,24.6617,24.7806,24.5328,24.7806,486200
2002-04-05,24.8451,25.0285,24.6617,24.6617,350400
2002-04-08,24.9045,24.959,24.6071,24.7558,383200
2002-04-09,25.1077,25.4249,24.8302,24.8797,270800
2002-04-10,26.2427,26.3319,25.1771,25.1771,586800
2002-04-11,25.638,26.4657,25.5736,26.2675,234000
2002-04-12,26.654,26.7631,25.7619,25.7619,378800
2002-04-15,26.3666,27.2835,26.317,26.9117,580200
2002-04-16,26.441,26.7135,26.2774,26.4905,724600
2002-04-17,26.4657,26.5896,26.4657,26.5054,281200
2002-04-18,26.3815,26.4459,26.1684,26.3914,181600
2002-04-19,26.5054,26.6639,26.3914,26.5054,170600
2002-04-22,26.3815,26.5896,26.3071,26.5896,171800
2002-04-23,26.773,26.9564,26.3815,26.3815,214800
2002-04-24,27.1596,27.6304,26.8969,26.8969,1169800
2002-04-25,28.2053,28.3738,26.9613,27.0604,760200
2002-04-26,28.2499,28.5473,28.1508,28.2053,728000
2002-04-29,28.2846,28.6216,28.0567,28.126,723400
2002-04-30,29.2659,29.3155,28.2598,28.2598,732200
2002-05-01,29.2411,29.2907,28.9933,29.2659,486200
2002-05-02,29.6525,29.9102,29.3403,29.365,800600
2002-05-03,30.0589,30.3315,29.5881,29.7368,393800
2002-05-06,29.9796,30.8023,29.9697,30.0441,689400
2002-05-07,28.8447,29.9796,28.8447,29.8855,633200
2002-05-08,28.5671,29.3403,28.3986,29.0429,835200
2002-05-09,28.7455,29.0826,28.4531,28.4928,491400
2002-05-10,27.8683,28.9339,27.7543,28.696,387400
2002-05-13,28.8694,28.8942,27.4817,27.9922,634600
2002-05-14,29.2263,29.2411,28.8447,29.2411,464400
2002-05-15,28.8447,29.2164,28.4234,29.2164,450800
2002-05-16,28.4977,28.8942,28.4482,28.8248,527000
2002-05-17,28.8,28.8447,28.4977,28.5473,474400
2002-05-20,29.2015,29.2907,28.805,28.8447,628000
2002-05-21,28.3788,29.489,28.2499,29.2064,669200
2002-05-22,28.3342,28.5869,28.0021,28.4234,464400
2002-05-23,28.4928,28.696,28.1211,28.5721,319600
2002-05-24,28.7951,28.8397,28.349,28.5225,370200
2002-05-28,27.903,28.9438,27.8038,28.7951,400800
2002-05-29,27.9526,27.9922,27.4569,27.8534,300200
2002-05-30,27.9277,28.4333,27.5065,27.9526,420000
2002-05-31,27.4074,28.0021,27.4074,27.9327,347800
2002-06-03,27.0357,27.8732,26.9613,27.6552,536200
2002-06-04,25.7471,26.8077,25.0285,26.7631,1097600
2002-06-05,27.2537,27.3578,25.6727,25.7471,1179600
2002-06-06,26.0791,27.3083,26.0791,27.1596,499200
2002-06-07,26.9365,26.9613,25.2762,25.8462,607000
2002-06-10,26.6887,27.4817,26.6887,26.9117,404400
2002-06-11,26.2179,27.1348,26.2179,26.5896,293200
2002-06-12,26.5153,26.5896,25.9205,26.094,399200
2002-06-13,26.0445,26.5648,26.0197,26.3914,403400
2002-06-14,25.648,25.9701,25.3754,25.7719,409200
2002-06-17,26.7383,26.8027,25.6529,25.6529,589800
2002-06-18,26.5153,27.1051,26.4013,26.6144,505400
2002-06-19,25.7719,26.4657,25.7719,26.3914,580400
2002-06-20,25.4745,26.0693,25.4745,25.7719,389000
2002-06-21,25.3258,25.4794,24.9045,25.4745,280000
2002-06-24,24.2652,24.6567,23.6655,24.6567,1046600
2002-06-25,24.8302,24.855,24.2355,24.2355,1358600
2002-06-26,24.8748,24.9045,24.5328,24.7558,547800
2002-06-27,25.0532,25.078,24.7906,24.9045,1190200
2002-06-28,24.4089,25.301,24.4089,25.0285,1634200
2002-07-01,23.2938,24.7311,23.2938,24.6567,701000
2002-07-02,22.5999,23.1699,22.4264,23.0459,765600
2002-07-03,22.7981,23.1451,21.9061,22.476,835800
2002-07-05,23.938,24.0124,22.9221,22.9221,194000
2002-07-08,23.1005,24.0124,23.0906,23.8142,487000
2002-07-09,22.3521,23.3186,22.3521,23.3186,719200
2002-07-10,23.2938,23.8389,22.3026,22.476,1286400
2002-07-11,22.8279,23.7993,22.5503,23.2938,1078200
2002-07-12,23.2442,23.6159,22.8328,22.8328,344800
2002-07-15,22.4067,23.2244,21.237,23.2194,845200
2002-07-16,21.9061,22.7238,21.7574,22.4067,388000
2002-07-17,21.6681,22.595,21.1626,22.03,583400
2002-07-18,21.4204,21.8515,21.4204,21.5443,248400
2002-07-19,20.1962,21.3163,20.1962,21.3113,482400
2002-07-22,20.0723,20.6422,19.1405,20.221,863400
2002-07-23,19.7254,20.4143,19.6758,20.0723,606400
2002-07-24,20.8901,21.0437,19.5519,19.7254,768000
2002-07-25,20.6125,21.2122,19.5767,20.895,650000
2002-07-26,20.0723,20.7661,19.8641,20.6125,409400
2002-07-29,21.8813,22.2282,20.5183,20.5183,412200
2002-07-30,22.6644,22.9221,21.3609,21.807,719200
2002-07-31,21.3609,22.5702,21.3609,22.5404,619400
2002-08-01,21.1577,21.6236,21.1131,21.5096,335800
2002-08-02,19.2149,21.0338,19.0613,21.0338,759800
2002-08-05,18.9671,19.4527,18.9224,19.1455,445600
2002-08-06,19.8245,20.0079,19.1802,19.2942,592000
2002-08-07,20.0326,20.1516,19.6808,19.8988,722000
2002-08-08,20.7562,20.9148,19.765,19.8592,699600
2002-08-09,20.6125,20.7562,20.216,20.7562,379200
2002-08-12,20.8064,20.8411,20.2201,20.6474,455600
2002-08-13,20.4685,21.015,20.4685,20.8064,419800
2002-08-14,20.7964,21.0448,19.7481,20.4437,286600
2002-08-15,21.8795,21.8795,20.866,20.866,443200
2002-08-16,21.959,22.1577,21.4671,21.7602,439200
2002-08-19,23.7475,23.7971,21.8596,21.9341,852200
2002-08-20,24.756,25.536,23.6233,23.7475,1746400
2002-08-21,25.1385,25.4615,24.135,24.5424,986800
2002-08-22,26.7532,27.0016,24.9547,25.0143,864200
2002-08-23,25.526,26.6886,25.2081,26.629,726200
2002-08-26,25.8489,25.8838,25.4615,25.531,582600
2002-08-27,25.9334,26.5296,25.7148,25.8838,729200
2002-08-28,25.218,25.839,24.8901,25.8341,523800
2002-08-29,25.8341,25.8341,24.9646,25.1385,490200
2002-08-30,25.5509,25.9732,25.3372,25.7844,272400
2002-09-03,24.5871,25.3372,24.5473,25.3372,407200
2002-09-04,25.7049,25.7894,24.3685,24.5871,510000
2002-09-05,25.5807,25.7198,25.1882,25.3372,551400
2002-09-06,25.9831,26.2961,25.685,26.0825,449800
2002-09-09,26.629,26.7283,25.7894,25.9086,461000
2002-09-10,27.1158,27.399,26.6339,26.6339,482400
2002-09-11,26.8178,27.3742,26.788,27.3245,159600
2002-09-12,26.0825,26.7283,25.8838,26.7283,418800
2002-09-13,25.7099,26.0676,25.1485,26.0676,613200
2002-09-16,26.0626,26.3259,25.6353,25.7347,210400
2002-09-17,24.9299,26.2961,24.8901,26.1868,520200
2002-09-18,24.5722,24.8802,23.9412,24.8653,688400
2002-09-19,24.3436,24.592,24.0257,24.3933,598400
2002-09-20,24.7609,24.7609,24.1449,24.3387,588600
2002-09-23,24.7709,25.0094,24.6814,24.6814,734200
2002-09-24,23.9611,24.8057,23.9512,24.7163,378400
2002-09-25,25.2925,25.4565,24.1598,24.1598,697400
2002-09-26,26.0974,26.1769,25.1385,25.3224,458400
2002-09-27,25.9583,26.311,25.8341,26.0825,883800
2002-09-30,25.7099,26.0825,24.8405,25.9334,568400
2002-10-01,26.2067,26.2067,24.7163,25.7148,680600
2002-10-02,25.9583,26.3259,25.6254,26.2067,947800
2002-10-03,25.7844,26.3259,25.5707,25.8589,407000
2002-10-04,25.5161,26.0725,25.2131,25.9086,523000
2002-10-07,24.8852,25.6801,24.7163,25.5161,783400
2002-10-08,24.1449,25.1882,23.7524,25.064,1253000
2002-10-09,23.3003,23.8518,22.416,23.8468,1366800
2002-10-10,23.8518,24.0455,22.6545,23.052,555200
2002-10-11,24.4529,25.218,24.0952,24.0952,601800
2002-10-14,24.8156,24.8852,24.2741,24.4579,492400
2002-10-15,26.9022,26.9519,24.8206,24.8206,702200
2002-10-16,24.7411,26.4302,24.6218,26.4302,658000
2002-10-17,26.0079,26.2067,24.746,24.746,474800
2002-10-18,26.3358,26.4501,25.7347,25.8838,477200
2002-10-21,27.2947,27.4885,25.9483,26.2117,781200
2002-10-22,27.1755,27.4735,26.7283,26.9519,666800
2002-10-23,27.2152,27.399,26.9519,27.1059,396400
2002-10-24,27.0016,27.3245,26.8774,27.3146,356600
2002-10-25,27.3742,27.4388,26.9767,27.0016,354600
2002-10-28,26.6041,27.9405,26.5793,27.6723,544200
2002-10-29,26.47,26.8029,25.993,26.6786,670600
2002-10-30,27.0761,27.2997,26.4302,26.4799,1038000
2002-10-31,27.8213,28.1889,27.2003,27.2003,999600
2002-11-01,29.3118,29.3118,27.6226,27.7815,851400
2002-11-04,29.2968,29.6098,29.113,29.4608,910000
2002-11-05,29.2571,29.3614,28.8398,29.1726,537000
2002-11-06,29.2919,29.6943,28.8398,29.5602,684200
2002-11-07,29.3763,29.5751,28.964,29.2968,861200
2002-11-08,28.8041,29.3614,28.5304,29.2868,411800
2002-11-11,27.8685,28.9185,27.8337,28.8638,475400
2002-11-12,29.1027,29.1972,27.9929,27.9929,681400
2002-11-13,28.5403,28.9832,28.2417,28.9783,900600
2002-11-14,30.0084,30.2075,28.5453,28.5453,1127000
2002-11-15,30.0582,30.5309,29.8193,29.9089,720000
2002-11-18,30.1129,30.4513,29.9387,30.1577,528600
2002-11-19,29.8193,30.1875,29.6103,30.098,428600
2002-11-20,29.5158,30.1826,29.3614,29.8143,502600
2002-11-21,29.8143,30.0283,29.5108,29.5307,855200
2002-11-22,30.1079,30.1378,29.6103,29.8342,398200
2002-11-25,30.9291,31.1032,30.1577,30.1577,470000
2002-11-26,30.8544,31.0336,30.2871,30.8046,760200
2002-11-27,31.2227,31.3272,30.7549,30.8544,300000
2002-11-29,31.0535,31.5263,31.0535,31.3023,150800
2002-12-02,30.307,32.4967,30.307,31.0585,1251400
2002-12-03,30.088,30.6554,29.9337,30.2572,1027400
2002-12-04,29.3316,30.1627,29.038,30.0333,825800
2002-12-05,29.257,29.3614,29.0877,29.3614,349400
2002-12-06,28.8638,29.2619,28.615,29.1972,408400
2002-12-09,28.4905,28.8489,28.2517,28.615,364800
2002-12-10,29.3117,29.3117,28.5652,28.5652,676200
2002-12-11,29.5108,29.7347,29.1624,29.3614,756600
2002-12-12,29.3664,29.5158,29.033,29.5108,716800
2002-12-13,28.7443,29.4361,28.7394,29.3117,352400
2002-12-16,28.814,28.9783,28.5403,28.8389,281400
2002-12-17,28.6647,29.0877,28.4657,28.7643,329800
2002-12-18,28.3661,28.6797,28.0924,28.6647,363800
2002-12-19,27.9581,28.396,27.9132,28.391,328000
2002-12-20,28.2218,28.2666,27.9631,28.0078,313600
2002-12-23,28.1173,28.1671,27.8585,28.1173,245600
2002-12-24,28.192,28.4109,28.0427,28.0427,143400
2002-12-26,28.8887,29.0081,28.3413,28.3661,435400
2002-12-27,29.4112,29.899,28.814,28.8937,700000
2002-12-30,29.2968,29.6003,28.7394,29.4162,525600
2002-12-31,29.6103,29.7347,29.1823,29.3465,477800
2003-01-02,30.2821,30.4961,29.4859,29.6153,439000
2003-01-03,29.7895,30.3568,29.6849,30.2075,337400
2003-01-06,30.1677,30.2075,29.6849,29.7944,393200
2003-01-07,29.4859,30.1677,29.4859,30.1677,533000
2003-01-08,29.038,29.4859,28.8887,29.4859,423200
2003-01-09,29.884,30.083,29.1375,29.1375,475400
2003-01-10,30.73,31.0037,29.675,29.7596,485000
2003-01-13,29.8641,30.9042,29.7596,30.9042,528200
2003-01-14,29.6103,29.7645,29.3067,29.7596,643800
2003-01-15,29.2868,29.66,29.0131,29.66,496400
2003-01-16,28.9384,29.5257,28.814,29.2868,672000
2003-01-17,28.7145,29.1624,28.7145,28.8389,331600
2003-01-21,28.192,28.8638,28.1422,28.7145,672800
2003-01-22,27.6794,28.2716,27.6147,28.1671,696800
2003-01-23,28.6399,28.7643,27.9034,27.9034,651400
2003-01-24,28.7792,29.038,28.5254,28.6647,681600
2003-01-27,28.0427,28.9384,27.9879,28.8638,788000
2003-01-28,29.1873,29.1873,28.0676,28.0775,785400
2003-01-29,28.9235,29.1425,28.3562,28.7643,559600
2003-01-30,29.2968,30.1826,28.7394,28.9484,1265600
2003-01-31,30.6056,30.8046,29.1126,29.252,1593800
2003-02-03,29.8093,30.5956,29.6501,30.5558,739800
2003-02-04,29.6103,29.8342,29.1475,29.7596,619400
2003-02-05,29.7446,30.3319,29.4958,29.7347,582000
2003-02-06,29.028,29.8292,28.9185,29.7446,483200
2003-02-07,28.814,29.252,28.7543,29.1525,321000
2003-02-10,29.1077,29.2868,28.7792,28.7892,587600
2003-02-11,29.6551,29.9337,28.9683,29.1126,593200
2003-02-12,29.6003,29.7645,29.5108,29.6551,605400
2003-02-13,29.3564,29.5108,28.9434,29.5108,625800
2003-02-14,29.7596,29.7596,29.1375,29.3564,446400
2003-02-18,29.7845,29.9337,29.68,29.7596,385400
2003-02-19,29.7596,29.7745,29.3217,29.6849,492400
2003-02-20,29.9487,29.9636,29.252,29.6352,604600
2003-02-21,30.6106,30.6305,29.7347,29.8591,852600
2003-02-24,29.665,30.6305,29.5356,30.5309,815800
2003-02-25,29.7596,29.8492,28.6896,29.5605,778000
2003-02-26,29.66,29.8591,29.461,29.7645,415200
2003-02-27,30.7051,30.7897,29.5605,29.7347,872800
2003-02-28,31.6158,31.7502,30.7101,30.7101,1140800
2003-03-03,31.6755,32.0488,31.3919,31.6805,950600
2003-03-04,29.8591,31.5561,29.8591,31.5511,1693200
2003-03-05,29.7098,29.9587,28.9633,29.8093,1566000
2003-03-06,30.1328,30.1826,29.461,29.6103,693600
2003-03-07,28.7145,29.8093,28.5652,29.8093,1773000
2003-03-10,27.3211,28.2417,27.3211,27.8685,1855000
2003-03-11,27.5798,28.0178,27.4206,27.7441,1103600
2003-03-12,26.7936,27.749,26.0272,27.5848,2283600
2003-03-13,28.5851,28.7394,26.7985,26.7985,2249000
2003-03-14,28.192,28.5453,27.9182,28.5403,1045800
2003-03-17,28.9384,28.9882,27.7441,27.9431,1185400
2003-03-18,29.5207,29.5953,28.4905,29.0629,1002000
2003-03-19,29.5953,29.7596,29.3017,29.5108,461600
2003-03-20,29.8044,29.9587,28.7892,29.6003,875400
2003-03-21,29.9587,30.1975,29.7397,29.9587,1165400
2003-03-24,29.3316,29.9636,28.8638,29.9636,845800
2003-03-25,29.3864,29.6103,29.2122,29.2868,758400
2003-03-26,29.3614,30.1975,29.2122,29.4361,979600
2003-03-27,29.5605,30.0482,28.8638,29.3664,660400
2003-03-28,29.5207,29.8093,29.3117,29.5655,454000
2003-03-31,29.1475,29.4311,29.0629,29.3614,663800
2003-04-01,28.9434,29.665,28.5403,29.1972,797400
2003-04-02,30.5658,30.6205,29.3864,29.3864,1405600
2003-04-03,30.1577,30.8843,30.1577,30.5658,440400
2003-04-04,30.2374,30.6554,30.2324,30.2821,333400
2003-04-07,30.6106,31.5909,30.2423,30.2423,532800
2003-04-08,30.9838,31.163,30.4513,30.6603,722200
2003-04-09,30.6056,31.5711,30.6056,31.0336,538000
2003-04-10,31.0535,31.0933,30.1677,30.6056,555200
2003-04-11,30.9788,31.3969,30.8544,31.2277,509800
2003-04-14,31.4914,31.4914,30.7151,31.1032,371800
2003-04-15,32.442,32.442,31.4914,31.4914,910600
2003-04-16,32.7057,33.4621,32.4469,32.4469,1667000
2003-04-17,32.845,33.0192,32.5464,32.8052,672000
2003-04-21,33.0888,33.0938,32.6559,32.845,499400
2003-04-22,33.8403,34.0294,32.7853,33.069,838000
2003-04-23,33.8304,34.1339,33.492,33.8403,777000
2003-04-24,32.845,33.8304,32.5614,33.8304,774000
2003-04-25,32.7853,32.8152,32.1981,32.7206,595200
2003-04-28,32.427,32.8699,32.3573,32.7455,832000
2003-04-29,33.064,33.0839,32.2877,32.427,642000
2003-04-30,33.1387,33.5915,32.7455,32.9943,802000
2003-05-01,32.2827,33.2879,32.1981,33.1038,852400
2003-05-02,32.9496,33.1237,31.8248,32.2827,1314800
2003-05-05,33.3377,33.6413,32.8948,33.0291,688000
2003-05-06,33.0491,33.8204,33.0491,33.3924,969400
2003-05-07,33.3427,33.3427,32.9844,33.0541,437200
2003-05-08,33.0142,33.3178,32.7903,33.2431,291600
2003-05-09,34.0394,34.2882,33.1934,33.3427,643000
2003-05-12,36.008,36.327,33.9896,34.0743,1833800
2003-05-13,35.2455,36.008,34.8867,36.008,983000
2003-05-14,34.9166,35.6342,34.6574,35.3851,805600
2003-05-15,34.9664,35.3103,34.777,35.3103,406800
2003-05-16,35.1359,35.1359,34.7123,34.8867,898400
2003-05-19,34.792,35.1359,34.5478,35.1359,542000
2003-05-20,34.2886,35.2605,33.8401,34.792,691200
2003-05-21,34.3833,34.8668,34.174,34.3883,982200
2003-05-22,34.7322,34.7471,34.3135,34.4381,568200
2003-05-23,34.8219,35.1309,34.6425,34.7123,516000
2003-05-27,35.8835,36.0379,34.5777,34.787,670600
2003-05-28,35.6642,36.0579,35.5994,35.8835,536200
2003-05-29,35.9133,36.2672,35.5844,35.6642,785800
2003-05-30,36.9799,36.9799,36.033,36.033,751800
2003-06-02,37.877,38.1013,37.1294,37.1294,806600
2003-06-03,37.2789,37.7524,37.0098,37.6278,762200
2003-06-04,37.7026,37.877,37.0048,37.1543,320000
2003-06-05,37.7723,38.166,36.8852,37.3786,602600
2003-06-06,36.7357,38.2408,36.641,38.0414,946200
2003-06-09,35.9732,36.7058,35.8735,36.6559,333000
2003-06-10,37.0746,37.3636,36.0977,36.0977,419800
2003-06-11,37.568,37.568,36.7556,37.0297,318400
2003-06-12,37.8521,39.0731,37.4035,38.0664,920000
2003-06-13,38.3056,38.6544,37.7773,37.9767,492400
2003-06-16,39.1578,39.3223,38.5,38.5,357200
2003-06-17,39.3472,39.4967,39.123,39.3472,541600
2003-06-18,38.6993,39.3223,38.3106,39.3223,550200
2003-06-19,38.7741,39.113,38.5448,38.5747,393600
2003-06-20,38.6694,39.2226,38.4252,38.8737,346000
2003-06-23,37.3786,38.5498,37.3138,38.5498,467800
2003-06-24,37.4584,37.6178,37.254,37.2789,479400
2003-06-25,38.0115,38.3654,37.5082,37.5082,298600
2003-06-26,39.5316,39.6463,38.0863,38.0863,632800
2003-06-27,39.6612,39.8605,39.3273,39.5765,499400
2003-06-30,39.4419,39.8655,38.784,39.6612,513000
2003-07-01,39.4618,39.6637,38.5249,38.9734,310800
2003-07-02,39.6163,39.6661,38.8388,39.3871,542200
2003-07-03,40.0001,40.0001,39.4967,39.4967,233000
2003-07-07,41.0667,41.3009,40.5683,40.5683,668800
2003-07-08,40.6928,41.0667,40.4237,41.0667,379000
2003-07-09,40.7576,40.8424,40.2592,40.7676,395200
2003-07-10,40.1695,40.5184,39.9203,40.3689,423600
2003-07-11,40.957,40.957,40.3689,40.6181,272200
2003-07-14,41.7644,42.4521,41.4554,41.4554,595600
2003-07-15,41.7345,42.2627,41.6148,42.2627,302000
2003-07-16,40.4686,40.9171,40.2194,40.3938,819600
2003-07-17,39.5466,40.3938,38.9884,40.2194,674600
2003-07-18,39.721,39.9951,38.9734,39.7459,310400
2003-07-21,39.1927,39.8755,39.108,39.721,302600
2003-07-22,40.7178,40.7676,39.7459,40.5433,451800
2003-07-23,41.0218,41.3009,40.5184,40.8424,269200
2003-07-24,41.0317,41.4654,40.937,41.1165,520600
2003-07-25,40.9719,41.0667,40.6081,40.942,299800
2003-07-28,41.0168,41.1563,40.6181,41.0965,181400
2003-07-29,40.967,41.3657,40.9121,40.967,354200
2003-07-30,41.2161,41.2161,40.9919,41.0915,217000
2003-07-31,41.6647,42.0385,41.1513,41.3657,410400
2003-08-01,41.266,41.7594,41.266,41.5401,412200
2003-08-04,41.1165,41.5401,40.8673,41.4155,300200
2003-08-05,40.7576,41.4155,40.7526,41.3407,364800
2003-08-06,39.7708,40.7228,39.6712,40.633,563800
2003-08-07,40.339,40.3988,39.6263,39.7858,225200
2003-08-08,39.8406,40.4187,39.7708,40.2692,214800
2003-08-11,39.8756,39.9205,39.172,39.671,334800
2003-08-12,40.3197,40.3946,39.8756,39.8756,202200
2003-08-13,41.8766,42.2009,40.4195,40.4195,718600
2003-08-14,41.9864,42.2658,41.1181,41.8167,525400
2003-08-15,42.9694,43.1141,41.8916,41.9415,134600
2003-08-18,42.7149,43.3736,42.65,43.1141,500600
2003-08-19,43.5033,43.5982,41.9415,42.66,413000
2003-08-20,43.1989,43.5632,42.665,43.5632,315800
2003-08-21,43.5732,43.663,43.164,43.164,242200
2003-08-22,43.3636,43.9624,42.8546,43.5133,463600
2003-08-25,43.5982,43.8626,43.3137,43.4135,632600
2003-08-26,45.5343,45.6241,43.2638,43.5632,1408800
2003-08-27,46.722,46.9065,44.6511,45.0503,1475600
2003-08-28,48.3986,48.3986,46.8367,46.8816,1298400
2003-08-29,49.726,49.9006,48.2289,48.3986,1060600
2003-09-02,49.6611,49.7609,48.9675,49.7609,723000
2003-09-03,49.4216,49.8008,49.2319,49.8008,859800
2003-09-04,50.1501,50.5842,49.5014,49.5014,882000
2003-09-05,49.9156,50.2,49.5264,49.8008,645800
2003-09-08,50.4196,50.9984,50.0004,50.2399,809600
2003-09-09,50.205,50.6491,49.9305,50.4745,735000
2003-09-10,49.6511,50.2499,49.3168,50.205,571400
2003-09-11,49.4964,49.9755,49.0772,49.5513,622600
2003-09-12,49.9006,49.9006,49.0523,49.4266,321200
2003-09-15,49.8857,50.6491,49.5014,49.9006,445400
2003-09-16,50.3247,50.4495,49.7758,49.9255,239400
2003-09-17,50.1501,50.3946,50.0004,50.3247,198600
2003-09-18,49.9006,50.18,49.8507,50.18,550200
2003-09-19,49.8607,50.0503,49.701,49.701,468800
2003-09-22,48.9525,49.5737,48.7429,49.1521,394600
2003-09-23,49.9505,49.9755,49.0024,49.0024,401600
2003-09-24,49.7309,49.9006,49.4765,49.8507,434400
2003-09-25,49.4116,49.716,49.3018,49.681,599400
2003-09-26,48.9425,49.4016,48.9081,49.4016,313400
2003-09-29,49.1321,49.2419,48.9026,49.0772,455400
2003-09-30,49.0772,49.2968,48.0992,49.1271,593000
2003-10-01,50.8937,51.0483,49.202,49.202,565200
2003-10-02,52.1711,52.2759,50.5244,50.5244,763000
2003-10-03,52.9944,53.5433,52.2559,52.695,748000
2003-10-06,52.8697,52.9944,52.4605,52.9944,361600
2003-10-07,53.9026,53.9026,52.3657,52.7699,359800
2003-10-08,53.6931,53.9026,52.9994,53.9026,302600
2003-10-09,54.2669,54.8707,53.9176,53.9176,386600
2003-10-10,54.3917,54.6212,53.698,54.2719,171400
2003-10-13,55.1901,55.4396,54.4915,54.4915,191800
2003-10-14,54.7659,55.5444,54.4016,55.5394,290000
2003-10-15,54.4815,55.0653,53.9975,54.8907,384800
2003-10-16,55.2549,55.3697,54.3717,54.5314,212000
2003-10-17,54.4615,55.5094,54.217,55.1901,235400
2003-10-20,54.6711,54.7909,53.9426,54.4865,494200
2003-10-21,54.5164,55.5893,54.2669,54.6711,519200
2003-10-22,60.6991,63.274,54.1422,54.4915,2404200
2003-10-23,60.1302,60.6293,57.5853,57.8847,2467000
2003-10-24,61.5125,61.9766,60.1302,60.1302,892200
2003-10-27,62.6801,62.8349,61.5774,61.5774,593200
2003-10-28,63.5285,63.7331,62.3858,63.1243,644000
2003-10-29,65.3848,65.7092,63.773,63.8977,645200
2003-10-30,64.8758,66.792,64.6962,65.7441,744800
2003-10-31,63.9726,65.1353,62.7351,64.8708,848000
2003-11-03,64.4067,64.9906,63.9476,63.9826,769226
2003-11-04,64.6263,66.2431,64.272,64.3768,472546
2003-11-05,64.1223,65.3199,63.5385,64.6263,475400
2003-11-06,64.5365,64.6962,63.2989,64.1223,432400
2003-11-07,65.6701,65.8299,64.8961,64.921,500800
2003-11-10,62.5239,65.795,62.5239,65.795,920000
2003-11-11,59.2779,62.0495,59.208,62.0246,1312600
2003-11-12,60.4265,60.4914,59.4277,59.4277,1172600
2003-11-13,62.1094,62.5239,60.3765,61.1756,538200
2003-11-14,62.0246,62.424,61.4652,62.1744,759000
2003-11-17,63.0133,63.2031,61.2954,62.0246,1354000
2003-11-18,64.0521,64.5015,63.8523,64.0471,1015600
2003-11-19,64.5465,64.7063,64.0321,64.147,580400
2003-11-20,65.0758,65.3305,63.9971,64.4216,573000
2003-11-21,65.3455,65.6801,64.6713,65.0209,623800
2003-11-24,67.1183,67.418,65.8699,65.9198,512400
2003-11-25,67.2432,67.413,66.7188,67.0684,473600
2003-11-26,67.3681,68.0672,66.9586,67.5179,357600
2003-11-28,68.0522,68.6365,67.2682,67.3431,201000
2003-12-01,70.1297,70.2995,68.9162,68.9162,610800
2003-12-02,71.0386,71.7577,70.0798,70.0798,793600
2003-12-03,71.8127,72.312,71.0386,71.0386,892800
2003-12-04,69.5154,72.0623,68.2619,71.8176,1095000
2003-12-05,69.1758,70.2645,68.197,69.6653,548400
2003-12-08,69.2458,69.9149,68.4767,69.1858,341000
2003-12-09,69.5354,70.704,69.3257,70.1147,338000
2003-12-10,68.6665,69.4655,68.4967,69.4156,401700
2003-12-11,68.4168,68.9162,66.7588,68.6665,907200
2003-12-12,71.8925,72.1622,68.4967,68.4967,472700
2003-12-15,71.6329,73.8602,70.9637,73.8602,590200
2003-12-16,69.4156,71.8626,69.3157,71.6528,433900
2003-12-17,70.4144,70.6441,69.1059,70.0648,385900
2003-12-18,71.2034,71.7327,70.2146,70.3844,359500
2003-12-19,72.5617,72.5617,71.1235,71.4131,365100
2003-12-22,72.1622,73.4107,70.8139,72.0124,358400
2003-12-23,71.3133,72.7915,71.0136,72.2621,371700
2003-12-24,70.4842,71.3133,70.4144,71.3133,153900
2003-12-26,70.714,71.553,70.5741,70.684,97700
2003-12-29,74.0799,74.2097,71.1734,71.3133,443600
2003-12-30,74.1298,74.4095,72.7215,73.9101,344400
2003-12-31,73.7203,75.2585,73.4507,74.2297,284800
2004-01-02,72.9113,74.4894,72.7116,74.2097,225000
2004-01-05,73.2609,73.4007,72.6117,72.8114,569500
2004-01-06,72.4918,73.6604,72.4818,73.5106,494600
2004-01-07,73.4107,73.7703,72.322,72.8114,336500
2004-01-08,73.0511,73.8102,72.1123,72.1323,304500
2004-01-09,73.1311,73.96,72.4119,72.8114,252400
2004-01-12,75.9077,76.2073,73.2209,73.3807,546700
2004-01-13,76.8166,76.8865,74.4594,76.2073,499500
2004-01-14,77.4558,77.8054,76.7167,76.8166,356500
2004-01-15,78.3048,78.7842,77.9052,77.9552,304100
2004-01-16,78.4346,79.4833,78.3547,78.904,287000
2004-01-20,78.3547,79.4334,77.4058,79.4334,195400
2004-01-21,78.9839,79.1537,77.8054,78.3547,232900
2004-01-22,78.5145,79.6232,77.8853,78.9839,314200
2004-01-23,77.306,79.9028,76.5069,78.6044,406300
2004-01-26,77.0563,78.2049,76.4071,77.7055,387100
2004-01-27,76.5069,78.115,76.4171,77.1062,433300
2004-01-28,77.8054,79.5033,77.1561,78.4046,850300
2004-01-29,74.1698,77.8054,68.5366,77.8054,2246500
2004-01-30,74.1398,75.3783,73.4107,74.0599,712200
2004-02-02,68.227,73.8102,67.0384,73.5106,1944000
2004-02-03,70.1147,71.2034,66.0347,67.9773,1512000
2004-02-04,69.9149,70.4643,68.7264,70.3544,565800
2004-02-05,71.483,71.7427,70.1147,70.1147,582300
2004-02-06,72.2621,72.2621,70.9237,71.483,361700
2004-02-09,74.4962,74.9858,72.2181,72.2181,633300
2004-02-10,72.9375,74.746,70.3398,74.746,654400
2004-02-11,73.6769,73.6869,72.438,72.9375,284500
2004-02-12,73.0275,73.6769,72.8876,73.6669,491900
2004-02-13,73.4371,74.3863,71.7985,72.9375,430900
2004-02-17,75.4254,75.5653,73.3372,73.4471,458500
2004-02-18,75.4854,76.2647,75.0557,75.6752,427300
2004-02-19,75.1357,76.4046,75.1357,75.7351,565700
2004-02-20,75.4354,76.3346,75.0557,76.3346,923500
2004-02-23,74.9358,75.925,73.7868,75.2356,465000
2004-02-24,75.6852,75.935,74.4163,74.9358,601500
2004-02-25,76.0449,77.1239,75.3455,75.6852,527800
2004-02-26,76.8342,77.1739,75.895,76.0848,4458500
2004-02-27,77.9232,78.263,77.074,77.084,769500
2004-03-01,79.8117,79.8216,78.5128,78.6027,607600
2004-03-02,78.6526,81.9298,78.0032,80.0315,851000
2004-03-03,78.8825,78.9624,77.3338,78.233,493900
2004-03-04,79.0323,79.5319,78.223,79.5319,418700
2004-03-05,80.0714,80.1813,78.5328,78.9224,474900
2004-03-08,80.0814,81.2104,80.0514,80.6309,472400
2004-03-09,78.9324,80.4311,78.7825,80.4311,495200
2004-03-10,76.4345,78.9324,76.3346,78.9324,654800
2004-03-11,74.6361,75.9849,72.7177,75.9849,888000
2004-03-12,77.7334,78.1331,75.2955,75.4354,636000
2004-03-15,75.1357,77.5336,74.776,77.4836,539700
2004-03-16,76.4345,76.9341,75.6852,76.6843,373700
2004-03-17,77.7734,78.3629,76.9341,76.9341,314200
2004-03-18,77.6835,78.4728,77.3338,77.3338,416200
2004-03-19,76.9841,77.8533,76.9341,77.6835,309700
2004-03-22,73.6869,76.5544,73.6869,76.5544,773300
2004-03-23,75.1457,75.7052,73.9167,74.736,887000
2004-03-24,75.1556,76.1848,74.786,75.3954,291400
2004-03-25,76.4845,76.9241,75.3355,75.6452,340300
2004-03-26,75.4354,76.4845,75.4254,76.4845,452900
2004-03-29,77.3737,77.8034,75.5853,75.5853,492300
2004-03-30,77.7434,78.0332,76.1748,76.5344,528400
2004-03-31,79.5319,79.8316,77.9832,77.9832,539500
2004-04-01,79.5319,80.3312,78.9124,80.1414,496700
2004-04-02,80.571,81.68,79.9315,80.1813,432800
2004-04-05,82.3195,82.4194,81.5302,81.6301,554900
2004-04-06,82.0797,82.3295,81.2904,82.1796,410800
2004-04-07,82.869,83.2687,81.4402,82.879,416200
2004-04-08,82.1596,83.7683,81.5302,83.7683,322000
2004-04-12,83.9281,84.2379,82.2895,82.2895,500300
2004-04-13,82.1297,84.9473,81.6401,84.5276,362000
2004-04-14,82.5593,82.9989,81.1805,81.9298,358100
2004-04-15,81.9298,83.8282,81.2804,83.5584,340900
2004-04-16,83.0389,83.0788,81.8299,81.9298,185400
2004-04-19,83.5584,84.3078,82.2795,83.0389,283100
2004-04-20,82.7791,84.7674,82.5493,83.9281,346300
2004-04-21,84.088,84.1979,82.4094,82.889,241900
2004-04-22,86.3261,87.1753,83.4585,84.088,335000
2004-04-23,85.6167,87.0754,85.227,87.0754,240900
2004-04-26,85.5867,87.1254,85.0072,85.5168,370000
2004-04-27,85.177,85.9664,85.0671,85.8265,480700
2004-04-28,80.1813,85.267,79.9315,85.267,1055200
2004-04-29,77.3837,80.8308,77.1339,80.6309,980300
2004-04-30,75.7851,78.0731,73.517,77.9333,1143600
2004-05-03,75.935,78.6526,74.8559,76.1348,993800
2004-05-04,75.4354,77.3937,74.9258,76.5844,576700
2004-05-05,77.5336,78.0631,75.955,76.1848,459100
2004-05-06,77.4337,77.7334,76.1448,77.5336,453400
2004-05-07,74.8059,76.9341,74.1864,76.9341,644800
2004-05-10,72.2033,74.4021,71.5736,73.4726,701600
2004-05-11,73.7125,74.1923,71.8834,72.4531,368800
2004-05-12,72.8829,74.0623,70.6141,74.0123,576800
2004-05-13,73.6725,74.3622,72.0933,72.8229,398400
2004-05-14,72.9829,74.0023,71.8734,73.4626,403200
2004-05-17,71.4037,72.3632,70.2942,70.5041,382800
2004-05-18,72.8629,73.1128,71.5636,72.0333,300100
2004-05-19,72.9629,74.632,72.2632,72.9629,561300
2004-05-20,73.8624,73.9424,72.653,72.9129,493100
2004-05-21,74.3622,74.5621,73.4926,73.6625,498600
2004-05-24,75.4416,75.8114,74.3822,75.3617,407000
2004-05-25,76.0113,76.671,74.0523,75.3617,354700
2004-05-26,76.4611,76.8709,75.7015,76.2612,331000
2004-05-27,77.7604,77.7604,76.631,77.1108,517200
2004-05-28,80.0993,80.3391,77.8604,77.9603,1250000
2004-06-01,79.4596,81.1887,78.4801,80.0993,597100
2004-06-02,80.609,80.8789,78.7499,79.9593,357800
2004-06-03,79.8294,81.7784,79.4196,81.3086,497400
2004-06-04,80.0593,81.7584,80.0593,80.9588,367300
2004-06-07,83.6075,83.7174,80.7989,80.8589,689500
2004-06-08,83.7474,83.9573,82.3081,83.6075,414800
2004-06-09,82.8978,84.507,82.7879,84.0572,381400
2004-06-10,82.628,83.7074,81.7784,83.7074,279900
2004-06-14,82.1982,83.7174,81.7184,82.6379,373800
2004-06-15,89.1546,89.2546,83.7574,83.8573,1456600
2004-06-16,88.505,89.8543,86.9758,89.1646,560900
2004-06-17,88.6249,88.7648,87.3156,88.375,327000
2004-06-18,89.0547,89.8343,87.4655,87.7553,397100
2004-06-21,87.9353,89.6444,87.7553,88.2051,379400
2004-06-22,88.385,88.7049,86.0662,87.6554,409900
2004-06-23,90.6039,90.6039,88.6649,88.9548,473900
2004-06-24,90.6439,92.2531,90.454,90.8538,528300
2004-06-25,90.9137,91.9332,89.6844,91.0437,447500
2004-06-28,89.7044,92.2531,89.1047,91.7533,651200
2004-06-29,90.8038,91.3036,89.7044,89.7044,414600
2004-06-30,90.9537,91.8033,89.6344,91.6534,588300
2004-07-01,90.2041,91.1037,88.8548,91.1037,438700
2004-07-02,90.1342,90.494,89.1546,90.2041,262400
2004-07-06,87.2156,90.424,86.8558,90.3041,678300
2004-07-07,88.3151,89.0847,87.1057,87.3056,351600
2004-07-08,87.5255,88.2151,87.0957,88.2151,578800
2004-07-09,88.505,89.4745,87.6754,87.6754,314400
2004-07-12,85.6065,88.3051,85.3566,88.2051,455900
2004-07-13,86.8058,86.8958,85.1067,86.2061,439500
2004-07-14,85.5065,88.7548,85.3666,86.6559,548300
2004-07-15,85.4065,86.1761,84.577,85.7164,575700
2004-07-16,85.1367,85.3566,84.437,85.0567,485400
2004-07-19,86.1562,86.6859,84.7569,84.8568,563900
2004-07-20,88.0052,88.1452,86.1262,86.1861,400600
2004-07-21,87.1557,88.8648,87.1557,87.8553,473200
2004-07-22,84.627,87.1657,82.9678,87.1657,533000
2004-07-23,85.8863,86.586,83.9073,84.632,429600
2004-07-26,84.0472,86.3561,83.8573,85.6564,350200
2004-07-27,86.8758,87.2556,84.2571,84.2971,304300
2004-07-28,85.7564,86.7759,84.0772,86.7759,351000
2004-07-29,85.7864,86.556,84.0073,85.0367,430800
2004-07-30,85.6864,86.3461,84.7369,85.5365,306700
2004-08-02,86.506,86.6559,83.4575,85.2067,538400
2004-08-03,85.5565,87.4455,85.0767,86.406,446200
2004-08-04,84.3271,85.5565,83.4675,85.5565,428000
2004-08-05,81.0088,84.6469,80.7589,84.1072,641700
2004-08-06,79.8294,81.1387,79.1198,80.2592,661200
2004-08-09,79.0298,80.7589,78.7599,79.8094,532800
2004-08-10,81.3386,81.7384,78.8099,79.7095,515900
2004-08-11,80.4491,81.4786,78.9898,81.0588,399700
2004-08-12,77.9803,80.4391,77.5506,80.0593,730400
2004-08-13,77.9304,79.1097,77.5506,77.9903,533800
2004-08-16,79.8594,81.2587,77.1208,77.9404,873500
2004-08-17,80.1992,81.5385,79.8594,80.3591,406100
2004-08-18,85.1567,85.4565,79.0398,79.9593,2050300
2004-08-19,89.6544,89.9242,85.4565,85.4565,1438500
2004-08-20,93.8423,93.8423,89.0647,89.1546,1438700
2004-08-23,92.373,94.9517,92.0232,93.8523,1180900
2004-08-24,92.8528,93.0227,91.5135,92.9527,617900
2004-08-25,93.4525,93.9322,91.9332,93.4525,435300
2004-08-26,94.0521,94.452,92.9627,93.7523,364500
2004-08-27,95.0517,95.3815,93.7323,94.302,427100
2004-08-30,94.1521,95.4514,93.7523,94.8518,461500
2004-08-31,96.6408,96.6908,94.1021,94.1021,639800
2004-09-01,96.7008,97.8002,96.0412,96.4009,953200
2004-09-02,98.6098,99.6193,96.4509,97.1006,719400
2004-09-03,98.5698,99.0096,98.0601,98.37,333700
2004-09-07,100.0391,100.0691,98.7398,98.7997,506800
2004-09-08,99.9991,100.8687,99.1296,99.9092,619300
2004-09-09,99.5094,101.3984,98.9597,100.149,335900
2004-09-10,101.3984,101.9281,97.9702,99.7493,650500
2004-09-13,101.2985,102.8377,100.4889,101.1485,556700
2004-09-14,101.9981,102.3779,100.4089,101.4484,374700
2004-09-15,102.198,102.9376,101.3784,101.8981,444700
2004-09-16,102.7177,104.3469,102.4179,102.4479,799700
2004-09-17,102.0481,102.7977,101.2985,102.6478,872600
2004-09-20,102.6778,103.3274,102.0381,102.148,467000
2004-09-21,104.3669,104.5568,103.0376,103.0975,553800
2004-09-22,102.7078,104.4369,102.0581,103.5473,603100
2004-09-23,104.097,104.5868,102.5478,102.8477,610500
2004-09-24,105.7362,106.146,104.4768,104.6967,817000
2004-09-27,104.9666,105.7262,103.9771,105.7262,568800
2004-09-28,106.126,106.5458,104.7167,105.5463,678800
2004-09-29,107.5453,107.8151,105.2465,105.9461,503200
2004-09-30,107.6952,107.7452,106.116,107.2954,411500
2004-10-01,107.9051,108.3449,107.6253,107.8951,365600
2004-10-04,111.2834,111.8631,108.9446,109.1945,695300
2004-10-05,106.9256,110.9436,106.0461,110.4438,720600
2004-10-06,107.0456,107.5453,105.2664,106.6757,717700
2004-10-07,105.7962,107.1455,105.3764,106.8956,457600
2004-10-08,104.4968,106.7457,104.147,105.5463,491000
2004-10-11,104.5668,105.4963,104.2869,104.7967,357400
2004-10-12,103.4474,104.247,102.9676,103.5673,494800
2004-10-13,103.8472,105.2365,102.7777,103.9471,406300
2004-10-14,103.4174,104.5368,102.8477,103.8572,678700
2004-10-15,103.7272,104.4369,102.138,103.5173,531100
2004-10-18,105.6962,105.8462,102.8177,103.1975,596800
2004-10-19,104.247,108.035,103.8971,105.9461,893900
2004-10-20,104.7567,105.5563,102.9876,104.247,643200
2004-10-21,104.8767,105.7762,104.147,104.6967,453400
2004-10-22,105.7062,106.4359,104.5368,104.7467,382500
2004-10-25,105.2265,106.5858,104.7167,106.146,540800
2004-10-26,104.4968,106.096,103.6173,106.096,625600
2004-10-27,112.4928,113.942,103.6373,104.4968,1430800
2004-10-28,120.1189,121.2983,112.7327,112.7327,1750700
2004-10-29,120.1189,120.7886,119.1594,119.889,747100
2004-11-01,120.0889,120.5887,118.9595,120.4887,651700
2004-11-02,125.6361,126.4857,120.3388,120.3388,1347600
2004-11-03,128.6846,129.9439,127.2153,129.9339,974200
2004-11-04,126.6356,128.5946,125.5461,128.5646,706600
2004-11-05,126.4657,127.4152,124.6366,127.0854,613500
2004-11-08,126.8155,128.8844,126.2858,127.1853,378300
2004-11-09,127.6851,128.0748,125.856,127.0654,485300
2004-11-10,126.8755,128.5346,126.0359,127.9349,435900
2004-11-11,129.6341,129.6341,126.4457,126.9654,669600
2004-11-12,130.6535,130.7535,127.745,129.834,647600
2004-11-15,129.5241,131.673,129.1343,131.3532,579400
2004-11-16,125.856,129.4142,125.5461,128.9344,730300
2004-11-17,127.2353,129.4941,125.6861,129.4342,663400
2004-11-18,127.0354,128.0349,126.1858,127.4852,377900
2004-11-19,124.8365,127.0354,124.2968,126.7855,526100
2004-11-22,125.0864,125.4362,121.6781,123.6871,569700
2004-11-23,125.3063,127.1353,124.4967,125.786,387100
2004-11-24,125.736,126.8355,125.1563,125.4862,208900
2004-11-26,125.5461,126.6556,125.4562,125.736,69400
2004-11-29,124.4767,126.2658,122.9974,125.6261,493600
2004-11-30,122.7876,124.9364,122.5777,124.4367,357700
2004-12-01,126.3757,126.8355,122.4377,124.0869,635400
2004-12-02,125.9359,127.6851,124.0069,125.786,371400
2004-12-03,127.2353,128.7245,125.9459,125.9459,415200
2004-12-06,122.5477,127.3252,121.848,127.3252,775200
2004-12-07,118.8695,123.6871,118.7896,123.6371,644100
2004-12-08,118.4398,120.2388,117.1104,118.9395,417300
2004-12-09,119.939,120.5287,118.5897,118.6896,721400
2004-12-10,119.939,120.1789,117.99,118.7896,516400
2004-12-13,121.0184,122.4977,120.1289,120.3888,384100
2004-12-14,121.4282,121.7281,119.5292,120.9285,412500
2004-12-15,124.9364,124.9364,121.1384,121.2283,657700
2004-12-16,124.4367,125.5062,122.5377,124.9364,413400
2004-12-17,125.5461,125.5461,122.4377,122.4377,762000
2004-12-20,125.1364,126.2558,123.4972,125.5461,503600
2004-12-21,126.2858,127.6351,124.7465,125.1364,409100
2004-12-22,128.0349,129.4342,126.0359,126.0359,512100
2004-12-23,126.9854,128.9344,126.9854,128.2847,293100
2004-12-27,124.6866,126.9954,124.6266,126.9954,265000
2004-12-28,127.6151,127.6151,124.3567,124.6866,379300
2004-12-29,126.3357,127.0454,125.9359,126.6856,191500
2004-12-30,125.836,126.7855,125.4362,125.4362,216700
2004-12-31,126.9354,128.6046,126.4257,126.9354,240200
2005-01-03,121.6081,126.6156,121.3383,125.5361,485900
2005-01-04,120.0989,123.5771,119.5992,122.8675,441700
2005-01-05,118.9895,121.1184,118.4697,120.0989,479000
2005-01-06,119.7891,120.0989,118.1899,118.9795,432100
2005-01-07,116.8406,119.7191,114.9415,119.6891,794600
2005-01-10,121.4082,122.5876,117.4902,117.4902,677500
2005-01-11,118.9395,120.9385,118.7676,120.9385,351100
2005-01-12,121.6081,121.7881,114.9615,118.8895,1187800
2005-01-13,124.7565,125.4762,122.6476,123.5871,833500
2005-01-14,127.3952,127.835,123.5072,124.7565,568200
2005-01-18,128.0848,130.3837,125.716,127.2353,732700
2005-01-19,126.3557,128.7945,125.726,128.6146,267900
2005-01-20,123.0674,125.4562,122.6576,124.7365,598100
2005-01-21,122.7376,124.5766,122.2318,123.0774,291200
2005-01-24,120.4088,123.5971,120.0389,122.9375,360500
2005-01-25,120.3388,121.6981,120.1389,120.4088,440700
2005-01-26,121.798,122.7476,110.4238,121.818,3423500
2005-01-27,126.1258,126.6256,121.838,122.9375,1309400
2005-01-28,120.8885,125.2363,119.9989,125.2363,826800
2005-01-31,121.5882,124.6566,120.7186,122.4377,860300
2005-02-01,122.1579,123.0974,121.7121,121.938,682000
2005-02-02,120.6386,121.7581,119.949,121.3383,597200
2005-02-03,117.0205,120.6886,116.3208,120.6886,996300
2005-02-04,118.9895,119.4093,115.1614,117.3403,666900
2005-02-07,115.961,118.2798,115.5113,117.5902,642600
2005-02-08,113.962,116.9905,113.7421,116.2509,750900
2005-02-09,110.9636,115.4313,110.2439,114.5917,1106700
2005-02-10,113.6422,115.0415,106.8557,111.5433,1810700
2005-02-11,112.4428,114.1619,112.1929,113.3423,574300
2005-02-14,115.6712,116.0809,112.2129,112.8426,684700
2005-02-15,116.1409,117.5502,114.8716,116.4408,657400
2005-02-16,114.112,115.5412,113.7421,115.2414,474900
2005-02-17,112.3628,115.1414,112.1829,114.5917,558700
2005-02-18,111.5433,113.1924,110.9536,112.7726,416500
2005-02-22,111.2034,113.7122,110.9636,113.4423,643400
2005-02-23,112.143,112.8726,110.8436,111.9431,502600
2005-02-24,113.3423,113.942,111.3234,111.3434,573400
2005-02-25,113.7521,114.3518,112.6727,113.4423,400500
2005-02-28,112.113,113.7122,111.6532,113.5023,394400
2005-03-01,112.103,114.9215,111.2034,112.4928,627600
2005-03-02,107.9551,110.2439,107.5533,109.4443,1094400
2005-03-03,108.025,109.3544,106.0061,108.105,823500
2005-03-04,111.0035,111.3734,107.5953,108.4948,685700
2005-03-07,112.2429,112.5927,110.2439,110.9436,537500
2005-03-08,110.2139,113.7721,109.8441,113.6922,503800
2005-03-09,95.5014,105.6862,94.382,105.6862,3346500
2005-03-10,92.7528,98.4499,92.2631,96.4509,2074300
2005-03-11,95.3215,95.4514,93.0027,93.0027,1050400
2005-03-14,94.0422,96.301,92.2531,95.2515,1134500
2005-03-15,94.7518,97.6903,94.1021,95.0716,820300
2005-03-16,92.5729,95.8512,92.1331,94.7018,787300
2005-03-17,92.463,93.2925,91.5235,92.9427,702300
2005-03-18,92.6928,93.0726,92.4829,92.6229,670900
2005-03-21,92.2631,92.5429,91.9532,91.9532,825500
2005-03-22,90.8338,92.9127,90.384,91.8033,914300
2005-03-23,88.1052,90.6539,87.8353,90.6539,1143400
2005-03-24,87.7154,89.8043,87.2256,89.0547,1107400
2005-03-28,87.4055,88.7149,87.3955,87.9653,663900
2005-03-29,84.4071,88.2151,83.9773,87.4055,1395300
2005-03-30,87.1557,87.9053,84.6369,85.0567,594900
2005-03-31,88.415,89.1047,87.2356,87.2556,907600
2005-04-01,88.415,89.4045,87.8353,88.405,915500
2005-04-04,86.9558,88.465,85.7264,88.415,1563300
2005-04-05,87.7754,87.9453,86.0962,86.9558,963700
2005-04-06,89.1546,89.9143,88.2551,88.405,737500
2005-04-07,89.9942,90.1841,88.8848,89.1546,544500
2005-04-08,89.3245,90.2041,88.7249,89.9942,453200
2005-04-11,88.2251,89.7343,87.6754,89.4545,588700
2005-04-12,89.3745,89.6844,87.6554,88.1052,556900
2005-04-13,88.2651,89.5544,87.9852,89.5045,565100
2005-04-14,85.8563,88.7149,85.7064,88.2751,462600
2005-04-15,84.1472,86.1761,83.7874,85.6065,965800
2005-04-18,85.7664,85.9063,83.4775,84.0073,852000
2005-04-19,86.0062,86.6359,85.1667,85.7664,654600
2005-04-20,83.5975,86.6859,83.5175,86.0162,521100
2005-04-21,87.9553,88.455,84.8069,86.2061,707300
2005-04-22,79.8694,85.1067,78.8799,85.1067,3312400
2005-04-25,81.2387,81.8883,79.0398,79.8594,937500
2005-04-26,80.1092,82.1982,79.9293,81.2387,578000
2005-04-27,79.5595,80.2392,79.0698,80.0993,567600
2005-04-28,78.2102,79.3196,77.7005,79.2097,710300
2005-04-29,78.54,79.2597,77.2407,78.4001,588000
2005-05-02,78.2702,78.8999,77.8604,78.3401,660700
2005-05-03,77.8504,78.5201,77.2107,78.4601,770100
2005-05-04,76.1612,77.0408,75.0018,75.4816,1561900
2005-05-05,76.5511,77.1407,75.8314,76.611,675500
2005-05-06,76.661,77.3107,76.2612,77.0608,581700
2005-05-09,76.8109,77.0408,76.1213,76.661,653900
2005-05-10,74.1723,76.5611,73.5926,76.5611,656400
2005-05-11,73.6125,74.8319,73.1528,74.2122,964300
2005-05-12,71.7635,73.9624,71.1538,73.8124,1305400
2005-05-13,70.2143,72.3132,68.5051,71.9634,1328600
2005-05-16,73.6125,73.7425,71.6036,72.2233,1154200
2005-05-17,75.3417,75.8414,73.2227,73.6825,1214900
2005-05-18,79.9793,80.3591,75.8114,75.8114,1247700
2005-05-19,79.0198,80.4491,78.61,79.9793,604700
2005-05-20,79.9593,80.4791,78.9498,79.0798,687500
2005-05-23,79.5895,81.1587,79.3296,79.9593,503500
2005-05-24,79.6095,79.9593,78.7999,79.8094,704600
2005-05-25,79.2997,79.6495,79.1298,79.5795,537000
2005-05-26,83.6774,83.9373,79.6195,79.6595,1252100
2005-05-27,85.1067,86.2261,83.0577,83.9473,1574200
2005-05-31,82.8178,85.5465,82.7579,85.1067,799700
2005-06-01,81.9183,83.3376,81.1187,83.1577,693500
2005-06-02,83.3576,83.5175,80.7605,81.3586,678500
2005-06-03,83.4076,84.427,82.9078,83.6075,780500
2005-06-06,80.9588,83.1377,80.4791,82.9578,1034800
2005-06-07,91.0937,97.9502,81.1387,81.2087,3909700
2005-06-08,88.0552,92.4929,87.7454,91.7034,1965900
2005-06-09,89.2146,90.484,88.0552,88.1851,1114100
2005-06-10,89.3245,90.8138,88.545,89.8043,1127600
2005-06-13,87.3456,88.8348,86.556,88.395,1315500
2005-06-14,86.7059,88.3051,86.396,87.2056,1108600
2005-06-15,84.6869,87.2956,84.517,86.8558,1216400
2005-06-16,85.9563,86.416,85.0567,85.1567,1050800
2005-06-17,86.2061,87.0257,85.6264,86.1062,1035000
2005-06-20,86.1861,87.2456,85.4065,86.1062,1102600
2005-06-21,85.4765,86.8158,85.2966,85.8963,1036900
2005-06-22,83.1277,85.6065,82.8578,85.4865,1328900
2005-06-23,82.628,84.1972,82.578,83.3476,529700
2005-06-24,81.3586,83.1477,81.1787,82.7579,522200
2005-06-27,80.8089,81.3386,79.7095,80.559,554800
2005-06-28,83.1977,83.3576,80.7589,80.8189,669100
2005-06-29,83.3776,83.8074,81.6785,83.1977,699700
2005-06-30,81.3186,83.9773,81.3186,83.9773,653100
2005-07-01,82.1582,82.8878,81.5085,81.5585,386500
2005-07-05,83.2676,83.9373,79.9293,81.6584,656700
2005-07-06,80.3291,83.4575,80.3191,83.0577,721400
2005-07-07,79.8794,80.3291,78.4811,80.3291,685300
2005-07-08,81.8484,82.2581,79.5695,79.7095,818100
2005-07-11,81.9583,82.3081,81.0088,81.1087,637800
2005-07-12,81.8983,82.1682,80.8389,81.7584,502500
2005-07-13,82.2981,82.6779,80.509,81.8584,404800
2005-07-14,82.9578,84.0073,81.7684,83.4975,515100
2005-07-15,83.6874,83.7574,82.2681,82.558,442800
2005-07-18,84.0073,84.7869,82.7879,83.6874,603500
2005-07-19,84.477,85.3366,83.9573,84.9068,389500
2005-07-20,83.3276,84.8968,82.1722,84.467,520200
2005-07-21,80.9388,83.4076,80.589,83.3576,659200
2005-07-22,81.6185,81.6285,80.1592,80.9388,711700
2005-07-25,81.3086,82.3581,80.8189,81.6185,719800
2005-07-26,83.1077,83.1077,81.2987,81.4586,765300
2005-07-27,84.3971,84.497,82.508,82.8079,778600
2005-07-28,85.4865,85.8163,84.3871,84.3971,644800
2005-07-29,85.9063,86.446,85.1067,85.6564,647100
2005-08-01,85.4465,85.8263,84.457,85.7064,591100
2005-08-02,85.0068,85.4465,84.507,85.4465,551800
2005-08-03,84.8268,85.3566,84.523,84.8568,477200
2005-08-04,85.0767,86.3661,84.6569,84.6569,432200
2005-08-05,82.0583,84.507,81.7084,84.507,694700
2005-08-08,81.3815,82.701,81.1116,82.5711,654400
2005-08-09,81.9113,82.691,81.3815,81.3815,364400
2005-08-10,80.7317,82.771,80.2519,82.721,655200
2005-08-11,81.8613,82.2912,80.7317,80.7317,473900
2005-08-12,82.6311,82.9009,80.9816,81.6214,525900
2005-08-15,83.5907,84.1205,82.6211,82.6311,737800
2005-08-16,81.9713,83.3708,81.6214,83.1709,765500
2005-08-17,82.0713,83.0709,81.8213,81.9713,900500
2005-08-18,102.3642,102.4441,90.0785,90.4683,5201800
2005-08-19,106.1928,109.4017,101.7744,102.3642,2658800
2005-08-22,108.0122,108.602,105.9629,106.2028,1116100
2005-08-23,106.8026,108.8419,106.1428,107.9122,930200
2005-08-24,108.2421,111.441,106.2228,106.5427,1048000
2005-08-25,107.9322,108.9519,107.2724,108.9219,859300
2005-08-26,104.1635,108.452,104.1335,108.2721,815500
2005-08-29,103.0939,104.1635,102.1842,104.1635,859000
2005-08-30,99.945,104.1535,99.5951,102.9939,923900
2005-08-31,103.3638,103.6237,100.2649,100.3649,724400
2005-09-01,102.644,104.8633,102.0343,103.3638,635400
2005-09-02,100.7147,103.1539,100.1949,102.694,666400
2005-09-06,101.4645,101.9143,101.0646,101.6644,343000
2005-09-07,99.945,101.5344,99.905,101.4645,445200
2005-09-08,99.2652,101.8643,98.6854,99.945,752500
2005-09-09,102.704,103.2638,99.4852,99.7651,646400
2005-09-12,104.0636,104.6034,102.3142,102.704,497800
2005-09-13,100.3449,102.6141,98.9653,101.8643,686000
2005-09-14,98.5355,101.3045,98.5355,100.7647,369100
2005-09-15,98.5155,100.3349,97.6858,98.5455,388500
2005-09-16,99.865,100.055,97.9757,98.4655,586700
2005-09-19,97.6258,99.7651,96.7261,99.7651,378300
2005-09-20,97.9757,100.4448,97.9657,98.4655,711700
2005-09-21,96.7661,97.9757,94.7668,97.3159,561400
2005-09-22,98.0856,98.3655,95.4166,96.7661,540500
2005-09-23,98.8254,99.6351,96.1163,97.8657,394200
2005-09-26,97.5358,100.0849,97.076,98.8354,382200
2005-09-27,97.6458,97.9357,95.6465,97.4659,556100
2005-09-28,97.4559,98.9653,96.7661,97.8557,246600
2005-09-29,98.0257,98.7554,96.5162,97.4159,358000
2005-09-30,102.2342,103.3138,97.9157,98.0157,860500
2005-10-03,102.3541,102.934,99.895,102.5641,685700
2005-10-04,102.5941,103.7137,101.5145,102.3541,440900
2005-10-05,101.3045,102.4141,101.2945,102.4141,625700
2005-10-06,100.7847,102.2142,98.8555,101.2146,795100
2005-10-07,104.2735,104.6134,100.7847,100.7847,714200
2005-10-10,101.2345,105.1632,100.1649,104.5134,592300
2005-10-11,99.975,102.4841,99.5451,101.2345,464500
2005-10-12,99.4951,100.025,97.5658,99.985,675900
2005-10-13,98.8854,99.3152,97.6658,99.3152,709300
2005-10-14,98.8854,99.2452,95.4366,98.9454,1538700
2005-10-17,101.5644,101.6444,99.1153,99.1153,409500
2005-10-18,100.7647,101.1746,100.1649,101.1646,473600
2005-10-19,103.0639,104.0036,98.7654,101.3645,590400
2005-10-20,105.2132,109.6116,103.7737,108.2121,2300300
2005-10-21,102.1042,107.2125,101.6644,105.2232,929300
2005-10-24,104.9133,105.2232,101.5944,102.4141,807100
2005-10-25,104.0036,104.8233,102.4241,104.8133,560900
2005-10-26,100.8747,104.0036,100.4648,104.0036,325900
2005-10-27,99.965,100.2649,97.5358,100.2649,697200
2005-10-28,98.6155,100.0649,98.2856,99.965,1058600
2005-10-31,99.6651,100.3748,98.9154,99.845,1605300
2005-11-01,99.915,100.2249,97.5758,99.3852,539700
2005-11-02,99.965,100.5148,99.1454,100.2649,482600
2005-11-03,98.5655,101.8143,98.1956,100.2149,561100
2005-11-04,100.7947,101.2146,98.5255,98.7154,406700
2005-11-07,104.5259,104.7059,100.9368,101.8266,589400
2005-11-08,103.0263,104.5259,101.5866,104.5259,560900
2005-11-09,102.4164,103.3162,101.9965,102.9563,406300
2005-11-10,104.166,104.426,101.4766,102.6564,352400
2005-11-11,102.5164,104.6259,101.8366,104.276,352600
2005-11-14,99.977,102.8663,99.4871,102.7663,577300
2005-11-15,100.2269,101.0867,98.7673,99.2772,679500
2005-11-16,98.4673,100.6169,97.5475,100.2269,448700
2005-11-17,99.6071,99.877,98.2174,98.5473,541500
2005-11-18,99.1772,101.7266,98.9372,99.7271,449100
2005-11-21,100.6768,100.8868,98.4873,98.7373,439800
2005-11-22,100.5169,100.6968,98.9772,99.927,544900
2005-11-23,100.8768,101.2467,99.827,100.2769,230500
2005-11-25,99.5171,100.8668,98.8972,100.8668,90900
2005-11-28,97.5775,100.4769,96.5378,100.4769,736900
2005-11-29,96.1079,97.3076,95.8279,96.9777,682400
2005-11-30,97.4776,98.7173,95.9779,96.3578,610600
2005-12-01,98.1774,99.0772,97.5775,97.7775,632500
2005-12-02,97.7675,98.5773,96.4078,98.2374,527700
2005-12-05,95.2181,97.6775,93.1886,97.6775,1249200
2005-12-06,97.4376,98.2374,96.4878,96.5378,613000
2005-12-07,97.0577,98.7573,96.4678,98.2774,388600
2005-12-08,97.0177,97.4576,95.2381,97.0577,518400
2005-12-09,98.0174,98.3574,96.2778,97.0177,500100
2005-12-12,97.0777,98.0474,96.8677,98.0474,344500
2005-12-13,96.1079,97.5276,95.778,97.0277,305300
2005-12-14,96.1879,97.1576,94.9781,95.678,341700
2005-12-15,96.4178,96.9277,95.2781,96.1879,361900
2005-12-16,95.9179,97.4876,95.9179,96.4378,339600
2005-12-19,94.9482,95.8279,93.9084,95.8279,423200
2005-12-20,94.7882,95.588,93.2785,94.9781,397600
2005-12-21,95.9879,96.6177,94.9781,94.9781,333800
2005-12-22,97.5775,97.5775,96.0479,96.0779,265900
2005-12-23,97.2176,98.5273,97.0876,97.7775,216500
2005-12-27,96.7377,98.1774,96.4178,97.2176,408600
2005-12-28,97.2276,98.1374,96.8277,96.9777,243400
2005-12-29,97.2876,98.2574,96.6278,97.3776,160400
2005-12-30,97.8275,97.9675,95.9279,97.0777,300500
2006-01-03,95.498,99.2272,93.6984,98.6773,838800
2006-01-04,99.0372,99.3571,95.0581,96.1279,598600
2006-01-05,96.2778,98.9672,96.1379,98.8773,400000
2006-01-06,97.4776,98.7073,96.6777,96.6777,404500
2006-01-09,97.8275,99.1372,96.9077,97.4776,493200
2006-01-10,97.1077,97.8075,96.4278,97.1276,329200
2006-01-11,97.4476,97.9775,96.7777,97.9275,329600
2006-01-12,97.3376,97.7175,96.7777,97.4476,384000
2006-01-13,98.6773,99.0772,97.5376,97.5376,307200
2006-01-17,98.7573,99.4771,97.7075,98.6773,318200
2006-01-18,99.3271,101.3767,98.7473,98.7573,732800
2006-01-19,101.7766,102.9363,101.3267,101.7266,476600
2006-01-20,100.6768,102.0365,100.2469,101.7266,469300
2006-01-23,101.0267,101.3567,100.2569,100.8768,298600
2006-01-24,104.7359,104.8259,100.9768,100.9768,594200
2006-01-25,104.186,105.8256,103.1762,104.326,691100
2006-01-26,112.874,113.9138,105.9756,105.9856,2597000
2006-01-27,111.4344,113.4239,110.6369,112.6841,910300
2006-01-30,110.9745,111.5643,109.9747,109.9747,886000
2006-01-31,109.9747,112.954,109.3648,111.5743,8978100
2006-02-01,108.2151,109.9547,106.5155,109.9447,1711400
2006-02-02,106.9254,109.0349,106.2457,108.475,771900
2006-02-03,105.6657,107.0254,104.6859,106.8254,585200
2006-02-06,103.4586,105.6984,102.7987,105.6984,636800
2006-02-07,101.2888,104.0376,100.7889,103.2586,700700
2006-02-08,101.2589,101.8288,100.249,101.5388,536800
2006-02-09,102.0588,102.9787,100.6289,101.2888,514300
2006-02-10,101.4188,102.7787,100.059,102.0588,432900
2006-02-13,100.5889,102.3387,100.4889,101.7388,515500
2006-02-14,101.7288,101.8088,100.259,101.0589,537000
2006-02-15,103.6786,103.8886,101.7388,101.8388,723400
2006-02-16,105.4884,105.9683,103.5886,103.6886,876800
2006-02-17,105.4884,106.2783,105.1384,105.6884,745700
2006-02-21,105.3384,106.3383,105.0084,105.4884,600900
2006-02-22,106.4883,106.7783,105.4984,105.9883,484100
2006-02-23,107.7881,108.3281,106.4783,106.4983,384000
2006-02-24,108.3981,109.188,107.4582,107.7881,409400
2006-02-27,110.2279,110.4978,108.0181,108.5081,458300
2006-02-28,110.3379,110.3578,108.0981,109.7879,626000
2006-03-01,111.4577,111.4577,109.6279,110.3379,352400
2006-03-02,110.3179,111.2378,110.0679,111.2378,443200
2006-03-03,108.968,110.6878,108.5981,110.3179,563400
2006-03-06,110.3878,111.2978,108.568,109.218,410900
2006-03-07,110.0879,111.4477,109.6679,110.4379,584700
2006-03-08,108.638,110.0779,108.0181,110.0779,442500
2006-03-09,107.8181,109.438,107.5382,108.838,257400
2006-03-10,110.0979,110.0979,108.1681,108.888,352900
2006-03-13,110.8378,110.9878,109.7679,110.0579,418900
2006-03-14,112.9876,113.0076,110.4578,110.8378,353900
2006-03-15,111.4677,113.4875,111.0278,112.9876,362200
2006-03-16,111.4477,111.9877,110.9878,111.7177,293300
2006-03-17,114.2074,115.3573,112.0477,112.0477,685800
2006-03-20,115.8372,115.8372,114.0174,114.0174,338500
2006-03-21,108.718,112.4976,108.1781,112.2876,1536100
2006-03-22,107.7481,108.718,106.5683,108.718,635700
2006-03-23,106.7383,108.818,106.4383,107.8481,601700
2006-03-24,106.0883,107.0382,105.7284,107.0382,381500
2006-03-27,108.5881,108.858,106.2383,106.2383,506000
2006-03-28,108.5281,109.138,107.6982,108.5881,319200
2006-03-29,110.8878,111.6377,108.3181,108.3781,440200
2006-03-30,109.388,111.5877,109.018,110.4379,391300
2006-03-31,111.1178,111.1378,109.8479,109.9879,342300
2006-04-03,108.988,111.4977,108.988,111.2378,356600
2006-04-04,108.938,109.288,107.8681,109.108,501100
2006-04-05,109.168,109.8479,108.1981,108.928,317100
2006-04-06,107.4682,109.288,106.6683,109.168,432800
2006-04-07,105.7584,108.2881,105.7084,107.6881,501100
2006-04-10,108.1481,108.5081,105.8884,106.0083,433800
2006-04-11,106.5083,109.138,105.8383,108.1881,488700
2006-04-12,104.9884,106.7233,104.5585,106.5183,429700
2006-04-13,106.5883,106.7982,103.8886,104.8885,269600
2006-04-17,104.5185,106.5983,103.8986,106.4883,301000
2006-04-18,107.4682,107.6881,104.6385,104.6385,465200
2006-04-19,107.7981,107.9781,105.8884,106.8882,490700
2006-04-20,106.0483,108.0781,106.0483,107.9881,289800
2006-04-21,104.9884,106.9382,104.9884,106.2383,326800
2006-04-24,104.7785,105.8884,103.9286,105.2384,430900
2006-04-25,104.5885,105.4884,103.7066,105.3384,390100
2006-04-26,102.1888,105.0284,101.9888,104.6885,805200
2006-04-27,91.6299,101.5988,90.5,101.5988,3134800
2006-04-28,87.9803,91.6399,86.6805,91.6299,2055300
2006-05-01,86.9704,89.1801,86.3605,88.6902,1107500
2006-05-02,89.1202,89.2802,87.5204,88.3903,1094600
2006-05-03,87.8903,89.5302,87.2704,89.0002,557500
2006-05-04,87.9403,88.5303,87.3404,87.9703,656400
2006-05-05,85.8805,87.9203,85.6906,87.9203,818700
2006-05-08,86.1905,87.0004,85.8605,85.8605,620700
2006-05-09,84.8907,86.0905,84.7708,85.9405,845000
2006-05-10,83.8208,84.9807,83.7508,84.2507,796400
2006-05-11,82.4809,83.2908,82.1909,83.2408,683300
2006-05-12,84.6607,85.1906,81.721,82.061,1116200
2006-05-15,84.0407,84.4807,82.9309,84.4607,758700
2006-05-16,83.2208,84.5007,83.1908,83.9808,546500
2006-05-17,81.941,82.9909,81.551,82.5409,581700
2006-05-18,83.0009,84.3507,82.1909,82.2209,540900
2006-05-19,82.3409,83.1309,82.151,83.0009,787600
2006-05-22,81.1511,82.051,80.3312,81.991,891900
2006-05-23,84.1907,85.2706,81.651,81.651,1055000
2006-05-24,82.6409,84.9706,82.2709,84.0407,805400
2006-05-25,82.7109,83.3408,82.3509,82.8909,466400
2006-05-26,84.9306,85.9805,82.5909,83.3908,815700
2006-05-30,83.6708,84.2307,81.581,84.0007,853200
2006-05-31,84.7207,84.7507,83.3808,83.9208,563800
2006-06-01,85.3506,85.6206,82.7209,84.7907,731300
2006-06-02,83.9708,86.4905,83.3108,85.7406,761700
2006-06-05,81.791,83.7208,81.791,83.7208,589600
2006-06-06,82.6909,83.1009,81.0711,81.991,597300
2006-06-07,82.6009,83.4008,81.491,82.4909,634400
2006-06-08,81.451,82.241,79.3413,82.151,625500
2006-06-09,81.331,82.9309,81.2011,81.391,436500
2006-06-12,80.3112,81.791,80.2812,81.2611,345900
2006-06-13,81.1411,82.061,79.7512,80.2612,632400
2006-06-14,82.021,82.091,80.0712,80.9911,517800
2006-06-15,84.1807,84.2207,81.411,82.141,766800
2006-06-16,83.4508,84.2407,83.0409,83.8508,607800
2006-06-19,81.811,83.6808,81.441,83.4908,520400
2006-06-20,80.8811,82.3509,80.6611,81.751,666900
2006-06-21,82.3409,82.4209,80.8811,80.8811,664600
2006-06-22,81.871,82.9639,81.761,82.4709,584800
2006-06-23,81.451,82.041,80.8011,81.0911,388700
2006-06-26,81.1911,82.3009,80.6911,81.2311,468300
2006-06-27,80.5411,81.641,79.8612,81.2911,519900
2006-06-28,80.2912,80.8411,79.1913,80.5811,612900
2006-06-29,84.2907,84.3807,80.2312,80.2912,449100
2006-06-30,85.3606,85.6406,84.2607,84.6407,532500
2006-07-03,84.5207,85.0706,83.7908,85.0606,184900
2006-07-05,83.0309,84.2807,82.5009,84.2807,361500
2006-07-06,83.1609,83.4508,82.9409,83.2808,368700
2006-07-07,82.211,83.1009,81.751,82.9109,319600
2006-07-10,82.7409,82.9909,82.2809,82.2809,583100
2006-07-11,83.6408,83.7208,82.241,82.4909,712800
2006-07-12,82.5009,83.7708,81.851,83.7608,581100
2006-07-13,82.5909,83.1208,82.3309,82.5009,624000
2006-07-14,81.781,83.0609,81.561,82.5409,330700
2006-07-17,81.911,82.6009,81.551,81.591,342300
2006-07-18,81.871,82.091,80.9911,81.911,493200
2006-07-19,84.7907,86.0705,81.951,81.981,526200
2006-07-20,81.521,84.4407,81.521,84.4407,397800
2006-07-21,80.2312,81.951,79.7112,81.951,555800
2006-07-24,82.2609,83.0009,80.4411,80.4411,394800
2006-07-25,83.0809,83.3808,80.9911,81.791,562700
2006-07-26,82.201,82.9309,81.1811,82.8809,570700
2006-07-27,77.9914,82.211,74.6418,82.201,3318400
2006-07-28,80.0212,80.1512,77.9814,77.9914,1124200
2006-07-31,80.1912,80.6211,79.5512,79.7112,512200
2006-08-01,79.7612,80.2212,79.4912,80.2012,612400
2006-08-02,78.9913,80.3711,78.9513,80.1912,760500
2006-08-03,81.271,81.571,78.5014,78.9413,776900
2006-08-04,79.7112,82.2709,79.1113,81.711,674100
2006-08-07,79.8412,79.9912,77.9914,79.6012,746600
2006-08-08,77.6915,79.9912,77.4011,79.9412,597200
2006-08-09,76.3116,78.2414,75.8717,77.7414,627300
2006-08-10,77.9914,78.2414,76.1916,76.1916,726400
2006-08-11,77.8714,78.1714,77.2515,77.7914,709500
2006-08-14,78.3414,79.1413,78.0614,78.7413,494200
2006-08-15,82.091,82.4409,79.3813,79.4912,803300
2006-08-16,86.2005,87.0204,79.9812,80.0012,2200200
2006-08-17,85.3406,85.7506,84.6307,85.4906,736300
2006-08-18,85.8306,86.1905,84.5907,85.6906,568200
2006-08-21,84.6207,85.7906,84.1907,85.7906,297000
2006-08-22,81.0411,84.6207,80.5811,84.6207,1211800
2006-08-23,81.0711,81.771,80.5211,81.391,534700
2006-08-24,80.9711,81.601,80.1012,81.2611,812000
2006-08-25,80.0612,80.9911,79.8812,80.4911,334800
2006-08-28,81.2811,81.721,80.2412,80.2912,552200
2006-08-29,81.571,81.571,80.3711,81.0411,515900
2006-08-30,82.1809,82.3509,81.1411,81.671,292500
2006-08-31,81.1111,82.1809,80.5511,82.1809,522600
2006-09-01,81.1311,81.6509,80.8111,81.2911,285400
2006-09-05,80.5911,81.341,80.1312,81.2911,579200
2006-09-06,80.9511,81.2011,80.5311,80.5911,583500
2006-09-07,80.4711,81.331,80.2312,80.9511,562700
2006-09-08,79.7912,80.7411,79.6212,80.4711,407700
2006-09-11,79.0013,79.8912,78.2514,79.8012,742700
2006-09-12,81.681,82.071,78.7913,78.7913,586200
2006-09-13,80.6311,81.791,80.2512,81.491,342200
2006-09-14,81.0211,81.2011,78.9813,79.7912,480500
2006-09-15,82.4309,83.4608,81.891,82.1909,619100
2006-09-18,83.1908,84.1407,82.211,82.7909,499400
2006-09-19,81.971,83.5908,81.701,83.4408,461300
2006-09-20,82.5409,82.8109,82.151,82.5409,256700
2006-09-21,81.491,83.1908,81.1611,82.5809,266600
2006-09-22,80.6911,81.831,79.9722,81.571,474100
2006-09-25,81.2511,81.691,80.0512,80.7011,644300
2006-09-26,81.561,81.8961,80.6111,81.2611,394400
2006-09-27,82.8209,82.9709,81.5116,81.571,554100
2006-09-28,83.0209,83.3908,82.6909,82.8109,606300
2006-09-29,83.4308,83.7908,82.8909,82.9009,355900
2006-10-02,83.6608,84.3107,83.2408,83.4908,363000
2006-10-03,83.3408,84.1607,82.6309,83.6608,340700
2006-10-04,85.4806,85.4806,83.0209,83.0909,437100
2006-10-05,86.1405,86.2905,84.4207,85.4706,290200
2006-10-06,86.3105,86.5505,85.5406,86.1405,295700
2006-10-09,88.2403,88.2703,85.7706,86.3105,398200
2006-10-10,89.9101,90.3001,88.4403,88.4903,789800
2006-10-11,90.84,90.84,89.3902,89.9101,827500
2006-10-12,90.81,91.15,90.3901,91.09,580500
2006-10-13,90.99,91.9999,90.78,90.79,627300
2006-10-16,90.48,91.5499,90.1101,91.04,513800
2006-10-17,89.8601,90.3801,89.5401,90.3801,338100
2006-10-18,90.52,90.77,89.3802,90.2901,341300
2006-10-19,89.5101,90.99,88.9902,90.52,373100
2006-10-20,88.8402,89.8901,88.7502,89.6601,337200
2006-10-23,89.2902,89.8901,88.8902,89.0902,625400
2006-10-24,87.4404,88.9602,86.8504,88.8902,687700
2006-10-25,88.2603,88.9902,87.4419,87.5404,813200
2006-10-26,105.4884,107.9181,96.2894,96.2894,4151700
2006-10-27,105.6984,105.9883,101.7388,101.9888,1794600
2006-10-30,103.8486,106.5583,103.3886,105.6084,1075100
2006-10-31,102.3387,104.9884,101.8188,104.0486,621600
2006-11-01,102.2987,103.1886,100.049,102.3387,567900
2006-11-02,101.3288,103.0487,100.7989,102.0888,482900
2006-11-03,101.6988,102.3287,100.099,101.0989,410100
2006-11-06,103.2286,103.7986,101.6988,101.6988,416800
2006-11-07,102.6387,103.9886,102.6387,102.9887,452200
2006-11-08,103.9886,104.2485,101.9888,102.0888,355700
2006-11-09,103.8386,104.4685,103.2086,103.9086,515400
2006-11-10,105.2484,105.4884,103.8886,104.2385,352200
2006-11-13,105.0884,105.5584,104.7385,104.9585,453400
2006-11-14,105.8383,106.0183,103.9086,105.2984,476300
2006-11-15,106.6983,107.7981,105.6884,105.6884,358700
2006-11-16,108.1481,108.2781,106.6683,107.1282,333700
2006-11-17,106.0983,108.0181,105.7984,107.6382,492400
2006-11-20,104.8085,108.2781,104.5885,105.7384,765200
2006-11-21,107.1682,107.3482,105.0284,105.3384,518800
2006-11-22,107.6682,107.8381,106.0883,106.9882,302400
2006-11-24,106.8082,107.5882,106.0583,107.4382,127700
2006-11-27,105.0884,107.3882,105.0884,106.8182,333600
2006-11-28,104.9685,105.8383,103.6886,104.9884,381600
2006-11-29,105.0884,105.5984,104.1485,104.9784,344200
2006-11-30,103.8286,105.0884,103.5886,104.6885,562000
2006-12-01,104.6685,105.2784,103.3986,104.1385,306100
2006-12-04,106.7582,107.2182,104.7385,105.1484,344200
2006-12-05,106.7182,106.9482,105.8083,106.8482,196000
2006-12-06,106.5183,107.8881,106.1583,106.7282,207100
2006-12-07,104.7185,106.3883,104.2485,106.3883,275200
2006-12-08,104.7385,105.8884,104.6585,104.7885,276500
2006-12-11,103.5686,104.8585,103.2986,104.3985,429400
2006-12-12,102.3887,103.7586,102.0188,103.7586,495400
2006-12-13,101.9388,103.4886,101.9188,102.9887,522300
2006-12-14,102.5587,102.9887,101.6588,102.1988,363800
2006-12-15,102.1888,102.9887,101.9888,102.5487,396300
2006-12-18,100.9989,101.7888,100.8289,101.5388,384000
2006-12-19,100.8689,100.9989,100.239,100.7389,413900
2006-12-20,100.9889,102.0388,100.3889,100.7389,241900
2006-12-21,100.209,101.7988,100.119,101.2089,272700
2006-12-22,99.609,100.5989,99.559,100.4589,136300
2006-12-26,98.5692,100.139,98.5192,99.2891,261000
2006-12-27,100.5089,100.6989,98.5791,99.1191,368700
2006-12-28,99.2391,101.0489,99.0191,100.099,326700
2006-12-29,99.899,100.5889,98.7891,99.3191,360600
2007-01-03,99.759,101.6788,98.7491,101.6188,400500
2007-01-04,99.1291,99.989,97.8692,99.989,382100
2007-01-05,98.4892,99.0791,97.1293,99.0791,668300
2007-01-08,99.1591,99.5191,97.6393,98.6891,368500
2007-01-09,100.069,100.419,98.6092,99.3891,348800
2007-01-10,100.279,100.379,98.2192,98.9491,354800
2007-01-11,102.3887,102.4487,100.5289,100.5289,408900
2007-01-12,102.9987,103.1786,101.5488,102.0388,351800
2007-01-16,102.9887,103.1286,102.2787,102.7387,287800
2007-01-17,102.9287,103.4086,101.9188,102.7387,236100
2007-01-18,102.9787,103.9786,102.1088,103.0087,281300
2007-01-19,104.2785,104.5085,102.7387,102.9787,447100
2007-01-22,103.1587,104.2085,102.4787,104.2085,357200
2007-01-23,101.9088,103.7986,101.5988,103.0986,474300
2007-01-24,101.6188,101.7388,101.0389,101.6788,506500
2007-01-25,101.8388,102.4987,100.8789,101.5188,573500
2007-01-26,95.8895,96.6594,93.8797,96.1894,3851800
2007-01-29,92.9998,96.0394,92.3898,95.8895,1644500
2007-01-30,93.1797,93.5697,92.6598,93.0098,1108900
2007-01-31,94.5596,94.7896,93.1897,94.4796,1277100
2007-02-01,96.7393,97.0593,94.5196,94.5196,808500
2007-02-02,97.6492,97.9092,96.6894,96.9893,707500
2007-02-05,97.6292,98.0492,96.8293,97.8592,540200
2007-02-06,99.2291,99.2591,97.8692,98.4692,718900
2007-02-07,101.5788,101.6888,98.8791,99.3091,1109200
2007-02-08,101.7088,101.8288,100.039,101.6488,833000
2007-02-09,101.5388,101.9388,100.9489,101.7088,607300
2007-02-12,101.8088,102.2387,100.7989,101.5488,488113
2007-02-13,102.5087,102.7687,101.0689,102.0388,553955
2007-02-14,103.7386,104.1785,102.2387,102.5087,616437
2007-02-15,104.0786,104.5085,103.0387,103.7286,448400
2007-02-16,104.4985,104.5585,102.8787,103.4086,385600
2007-02-20,104.9484,104.9585,104.0786,104.4985,357600
2007-02-21,104.4685,105.1384,103.9886,104.7385,544600
2007-02-22,103.9086,105.6684,103.1487,105.2584,599400
2007-02-23,103.2486,104.1985,102.8387,103.9086,480900
2007-02-26,101.8788,103.8686,101.6488,103.5886,567301
2007-02-27,99.799,102.5987,98.7991,101.7888,967000
2007-02-28,99.1091,100.5789,99.0991,99.699,789500
2007-03-01,99.4491,99.949,97.6992,99.1491,978918
2007-03-02,97.4793,100.319,97.4293,99.4491,628200
2007-03-05,96.3794,98.2392,96.3794,97.4793,700900
2007-03-06,97.7892,98.3792,96.8693,96.8793,362200
2007-03-07,97.7692,98.6491,97.2393,97.7892,375600
2007-03-08,98.3092,98.9091,97.6992,98.2392,574500
2007-03-09,98.5592,99.0791,98.1892,98.6791,284400
2007-03-12,98.0092,98.7491,97.7392,98.5692,342100
2007-03-13,97.2193,98.0092,97.1093,97.7892,674800
2007-03-14,98.8491,99.0491,96.9093,97.2293,613250
2007-03-15,98.6191,98.9591,98.1192,98.8591,538700
2007-03-16,97.2993,99.3391,97.2693,98.9791,665200
2007-03-19,98.2792,99.599,97.9092,98.0392,437300
2007-03-20,98.3492,98.4592,97.5793,98.0492,409000
2007-03-21,99.659,99.779,98.1892,98.7791,388600
2007-03-22,100.249,100.5389,99.3691,99.5291,297300
2007-03-23,99.579,100.6889,99.549,100.249,300200
2007-03-26,98.4892,99.979,97.9392,99.2891,583700
2007-03-27,97.8492,98.3392,97.4193,98.3392,213900
2007-03-28,97.0393,97.8492,96.8293,97.8492,220680
2007-03-29,96.7494,97.7392,96.1494,97.0393,289300
2007-03-30,96.0694,97.0193,95.8195,96.7594,385128
2007-04-02,97.7392,98.1792,96.1094,96.5294,410900
2007-04-03,98.6092,98.9391,97.9392,97.9392,278000
2007-04-04,100.019,100.229,98.4492,98.9391,376900
2007-04-05,99.599,100.6789,99.4391,99.789,253500
2007-04-09,99.4191,100.6689,98.8691,99.799,312800
2007-04-10,99.799,99.799,99.3091,99.509,162800
2007-04-11,98.0592,99.859,98.0592,99.799,298700
2007-04-12,98.7491,99.0191,97.1593,98.0692,293400
2007-04-13,98.5391,98.7491,97.9892,98.7491,193176
2007-04-16,100.309,100.4689,98.6391,99.1391,246001
2007-04-17,101.0489,101.3188,100.309,100.309,317600
2007-04-18,101.7988,102.2087,100.4989,101.0489,595000
2007-04-19,100.4589,101.7088,100.339,101.7088,370400
2007-04-20,102.3887,102.3887,100.5689,101.4888,443000
2007-04-23,102.2887,102.8287,101.7888,102.1888,300734
2007-04-24,101.6488,102.6387,100.9489,102.6387,443200
2007-04-25,102.5487,103.0387,101.6888,102.0888,334700
2007-04-26,122.4865,125.1162,120.9867,121.1967,7306900
2007-04-27,122.5765,123.5764,121.4866,123.4864,1690609
2007-04-30,121.8766,122.9865,121.6566,122.5665,1296471
2007-05-01,120.8167,121.8366,119.9568,121.5666,1601664
2007-05-02,119.6868,120.6867,119.5668,120.0668,3139289
2007-05-03,120.0368,120.1768,119.4269,119.8868,993400
2007-05-04,119.6368,120.5867,119.4769,120.0368,482300
2007-05-07,119.7868,119.9068,119.4069,119.4868,258200
2007-05-08,119.9468,119.9868,119.5069,119.7368,345400
2007-05-09,119.6868,119.9868,119.4868,119.6368,1100300
2007-05-10,119.4868,119.8068,119.2469,119.4868,718800
2007-05-11,119.6068,119.7268,118.9869,119.2369,653200
2007-05-14,118.9869,119.7968,118.9769,119.5268,386731
2007-05-15,118.487,119.2869,118.267,118.9869,494831
2007-05-16,118.5969,118.9569,118.367,118.6869,629700
2007-05-17,118.487,118.7569,118.237,118.437,343200
2007-05-18,118.177,118.487,117.937,118.487,1039300
2007-05-21,118.487,118.7869,118.087,118.097,325500
2007-05-22,118.487,118.6369,118.137,118.367,345359
2007-05-23,118.177,118.7069,118.097,118.487,950219
2007-05-24,117.937,118.477,117.737,118.107,907363
2007-05-25,117.927,118.137,117.787,117.937,431400
2007-05-29,117.987,118.8269,117.897,118.167,484100
2007-05-30,117.797,118.037,117.777,117.887,540100
2007-05-31,118.6369,118.6369,117.837,117.917,381200
2007-06-01,117.867,118.6969,117.737,118.587,405981
2007-06-04,117.897,118.127,117.747,117.867,280100
2007-06-05,118.007,118.6769,117.887,118.027,867800
2007-06-06,117.747,118.237,117.677,117.937,439606
2007-06-07,117.707,118.207,117.6971,117.757,1069300
2007-06-08,117.937,118.087,117.687,117.707,284600
2007-06-11,117.997,118.097,117.867,117.987,389200
2007-06-12,117.5371,118.087,117.4871,117.937,481300
2007-06-13,117.5571,117.987,117.3471,117.937,494800
2007-06-14,117.1971,117.827,117.0871,117.5671,499550
2007-06-15,117.0971,117.4871,117.0871,117.1871,342800
2007-06-18,117.2371,117.637,117.1071,117.3471,225400
2007-06-19,117.997,118.527,117.2471,117.2471,342400
2007-06-20,117.5671,118.367,117.3471,118.027,472300
2007-06-21,116.9871,117.4871,116.7372,117.4871,1334096
2007-06-22,116.7571,117.0371,116.7372,116.9971,954700
2007-06-25,116.2572,117.1471,115.9672,116.8571,625400
2007-06-26,116.3872,116.7271,116.2372,116.3372,839300
2007-06-27,116.8571,116.9071,115.6273,116.0372,602800
2007-06-28,116.4172,116.7372,116.2972,116.7372,1101100
2007-06-29,116.7871,117.5571,116.4772,116.4872,577600
2007-07-02,116.5972,117.2071,116.4672,116.9871,833800
2007-07-03,116.6172,116.8171,116.5772,116.6372,375700
2007-07-05,116.6872,116.8871,116.2672,116.6172,888200
2007-07-06,116.7471,117.0971,116.5972,116.5972,817300
2007-07-09,116.9871,117.3571,116.7672,116.8371,561500
2007-07-10,116.7871,117.2171,116.7871,116.8571,1779400
2007-07-11,117.3571,117.727,116.7971,116.8471,672000
2007-07-12,117.4671,117.637,117.0571,117.4271,795000
2007-07-13,117.4871,117.5671,117.1071,117.2871,368000
2007-07-16,117.0871,117.717,116.9871,117.5871,691383
2007-07-17,116.7372,117.4471,116.7372,117.0871,915900
2007-07-18,116.8571,117.2771,116.4872,116.8371,581900
2007-07-19,117.727,118.137,116.9671,117.0871,331100
2007-07-20,117.4871,117.897,117.0871,117.727,425900
2007-07-23,117.2071,117.4871,117.0871,117.4871,240700
2007-07-24,116.0872,117.2371,115.5173,116.9871,687200
2007-07-25,115.5373,116.4072,114.7374,116.4072,870622
2007-07-26,114.7074,115.4873,114.2874,115.0873,1242491
2007-07-27,114.9874,116.4072,114.4874,114.5874,585200
2007-07-30,116.6372,116.7672,114.8074,114.9874,380697
2007-07-31,115.9872,117.2071,115.8672,116.2372,525153
2007-08-01,115.9372,117.677,115.4273,116.1872,693850
2007-08-02,115.6773,116.1372,114.1074,115.7873,448200
2007-08-03,115.1873,116.7072,115.1873,115.7873,345300
2007-08-06,115.6,116.0,113.91,116.0,639500
2007-08-07,115.99,116.52,114.75,115.0,675200
2007-08-08,116.52,117.56,115.39,116.6,607300
2007-08-09,114.5,116.17,114.34,115.26,867700
2007-08-10,113.5,115.8,110.01,115.8,1765900
2007-08-13,113.8,114.47,113.0,113.5,544700
2007-08-14,112.3,114.71,112.08,114.0,406200
2007-08-15,112.35,114.1,109.58,110.96,1479810
2007-08-16,111.36,112.08,110.75,111.55,1004200
2007-08-17,111.68,114.24,110.87,112.03,791000
2007-08-20,112.25,113.31,111.68,112.0,512000
2007-08-21,113.79,114.1,112.01,112.3,525500
2007-08-22,114.77,115.28,114.0,114.49,788900
2007-08-23,114.22,115.0,114.03,114.82,884600
2007-08-24,113.81,114.33,113.0,114.03,540200
2007-08-27,113.36,114.0,113.21,113.8,179600
2007-08-28,112.93,113.36,112.42,113.36,323900
2007-08-29,113.39,113.79,112.68,112.9,671500
2007-08-30,112.9,114.09,112.75,112.82,880200
2007-08-31,113.39,114.1,113.12,113.15,461200
2007-09-04,113.1,113.29,112.51,113.05,559800
2007-09-05,113.06,113.15,112.5,112.51,457900
2007-09-06,112.95,113.29,112.8,113.0,358300
2007-09-07,112.8,113.1,112.38,112.55,726200
2007-09-10,112.86,113.2,112.67,113.19,1081900
2007-09-11,113.05,113.17,112.85,113.0,1439900
2007-09-12,113.04,113.71,112.51,112.8,583500
2007-09-13,113.14,113.38,112.66,113.25,612800
2007-09-14,112.73,113.5,112.6,112.81,615500
2007-09-17,110.93,113.07,110.89,112.7,1031606
2007-09-18,112.1,112.5,110.7,110.94,1009500
2007-09-19,112.3,112.98,112.15,112.25,961800
2007-09-20,112.25,112.46,111.76,112.34,753100
2007-09-21,85.0,112.25,85.0,97.7,22401848
2007-09-24,80.31,83.04,75.52,78.51,14536831
2007-09-25,80.62,81.81,79.83,80.3,2094100
2007-09-26,82.4,82.77,79.62,80.31,2761100
2007-09-27,83.05,83.37,81.76,82.41,2070600
2007-09-28,86.52,87.75,85.29,85.56,4132400
2007-10-01,86.17,87.14,85.23,87.0,744900
2007-10-02,86.91,86.97,85.76,85.98,945900
2007-10-03,87.1,87.42,86.6,86.9,694800
2007-10-04,86.7,87.2,86.14,87.11,374900
2007-10-05,87.27,87.4,86.82,87.0,541300
2007-10-08,86.85,87.35,86.66,87.25,338200
2007-10-09,87.18,87.5,86.16,87.03,412700
2007-10-10,87.0,87.28,86.16,87.2,209100
2007-10-11,85.65,87.73,84.88,87.08,374200
2007-10-12,86.6,86.7,85.56,85.65,313500
2007-10-15,86.34,87.0,86.0,86.37,331000
2007-10-16,87.1,89.64,86.055,86.46,2302600
2007-10-17,87.25,88.15,86.545,87.46,327000
2007-10-18,87.58,87.74,87.04,87.04,278000
2007-10-19,86.4,87.68,86.09,87.33,536200
2007-10-22,85.87,86.45,85.05,86.0,488600
2007-10-23,84.99,86.6,83.94,86.2,577700
2007-10-24,84.06,85.03,82.93,84.81,837700
2007-10-25,82.9,83.88,81.86,83.01,559400
2007-10-26,84.12,85.9,82.36,83.64,995200
2007-10-29,83.96,84.69,83.61,84.17,436300
2007-10-30,83.76,84.43,83.31,83.61,5133700
2007-10-31,84.2,84.77,83.59,84.06,730600
2007-11-01,82.26,84.11,82.24,84.02,569800
2007-11-02,82.52,82.77,81.34,82.28,468800
2007-11-05,81.58,82.55,80.92,82.29,557070
2007-11-06,82.26,82.55,81.27,81.27,334425
2007-11-07,80.25,81.8,79.0,81.8,727000
2007-11-08,78.0,80.5,76.7,80.5,723400
2007-11-09,75.52,78.49,73.05,76.9,1405400
2007-11-12,73.53,75.66,73.1,75.54,650113
2007-11-13,75.18,75.18,72.54,73.75,690000
2007-11-14,72.94,75.48,72.77,75.48,702300
2007-11-15,71.76,73.44,71.47,72.74,862000
2007-11-16,73.67,74.05,72.16,72.41,947100
2007-11-19,72.32,73.5,71.82,73.36,955378
2007-11-20,72.75,73.5,71.33,71.95,1429600
2007-11-21,72.64,72.94,71.79,72.5,886700
2007-11-23,73.61,73.84,72.67,73.0,202700
