Price,Close,High,Low,Open,Volume
Ticker,ITW,ITW,ITW,ITW,ITW
Date,,,,,
1999-11-24,31.6591,31.8031,30.5357,30.5357,2851800
1999-11-26,31.371,31.4863,31.1118,31.4575,816800
1999-11-29,30.3916,31.3422,30.2476,31.3422,2072000
1999-11-30,29.8443,30.3916,29.3834,30.3916,3077000
1999-12-01,30.3916,30.478,29.6138,30.3916,2313400
1999-12-02,30.4204,30.5644,29.9883,30.0171,1298800
1999-12-03,31.0542,31.2846,30.2476,30.2476,1888200
1999-12-06,31.5439,31.5727,31.0254,31.0542,1918200
1999-12-07,31.3134,31.7455,30.6509,31.0542,2530200
1999-12-08,30.8813,31.3134,30.4204,31.3134,1071800
1999-12-09,30.2476,31.3134,29.5562,31.3134,1620000
1999-12-10,29.3834,31.1694,29.3834,31.0542,890400
1999-12-13,29.6426,30.1323,29.4698,29.5562,1162600
1999-12-14,30.0747,30.3628,29.7578,29.8731,2140000
1999-12-15,30.5068,30.6221,30.0747,30.1611,0
1999-12-16,30.0747,30.5357,29.9883,30.4204,942400
1999-12-17,30.1611,30.4204,29.9595,30.0747,3335200
1999-12-20,29.8443,29.8443,28.7208,29.7002,1311400
1999-12-21,29.6138,29.7002,29.0377,29.5562,1073400
1999-12-22,29.3257,29.5562,29.0665,29.5562,427800
1999-12-23,29.4121,29.585,29.0377,29.4121,1335800
1999-12-27,29.7002,29.8155,29.3545,29.4121,2413200
1999-12-28,30.5357,30.6797,29.6138,29.6426,1826600
1999-12-29,30.4744,30.8499,30.1567,30.8499,813800
1999-12-30,30.3011,30.7922,30.2144,30.5899,462800
1999-12-31,31.2254,31.2254,30.3877,30.5322,415600
2000-01-03,29.5212,29.9545,27.9036,27.9613,6250200
2000-01-04,28.1924,29.4345,27.9613,29.4056,2799600
2000-01-05,28.539,28.7701,27.7591,28.1924,2350800
2000-01-06,28.3369,28.539,27.9613,28.1347,2038800
2000-01-07,30.07,30.1567,28.7701,28.8279,2755200
2000-01-10,30.7344,30.7922,30.1856,30.2144,1852800
2000-01-11,30.4166,31.2832,30.1278,30.7055,1685200
2000-01-12,30.0411,30.6766,29.9545,30.6766,1353000
2000-01-13,31.5721,31.8898,30.0411,30.0411,2665600
2000-01-14,31.1965,31.7454,31.1099,31.6876,1219200
2000-01-18,29.8389,30.7055,29.81,30.6188,1415200
2000-01-19,29.7523,29.9834,29.3479,29.6367,1237200
2000-01-20,29.0879,29.9834,28.8857,29.6367,878600
2000-01-21,28.8568,29.7523,28.7701,29.6945,2311800
2000-01-24,28.3369,29.0012,28.1924,29.0012,1074000
2000-01-25,27.5569,28.3657,27.0659,28.3369,2350800
2000-01-26,27.8747,27.8747,27.0948,27.6725,1823200
2000-01-27,27.6436,28.4524,27.4992,27.9036,1377000
2000-01-28,26.5748,27.6147,26.5748,27.4992,1109200
2000-01-31,27.037,27.5569,26.3148,26.8059,1632600
2000-02-01,27.4125,27.5858,26.9214,27.1525,1230600
2000-02-02,27.4125,27.7014,27.1236,27.4125,1501400
2000-02-03,27.9036,28.539,27.5281,27.7302,1538800
2000-02-04,27.8747,28.0191,27.7014,28.0191,1257200
2000-02-07,27.9902,28.1347,27.7591,27.8458,1007400
2000-02-08,27.5858,28.3369,27.4992,28.1058,1503200
2000-02-09,27.3836,27.6725,27.3547,27.5569,1234400
2000-02-10,26.3437,27.5569,25.8816,27.5569,1082200
2000-02-11,25.7371,26.4593,25.3039,26.4593,1299200
2000-02-14,25.275,25.8238,25.0728,25.8238,1674400
2000-02-15,27.037,27.5858,25.1883,25.2461,1755600
2000-02-16,26.6037,27.5569,26.1993,27.0081,1235400
2000-02-17,26.6037,26.9792,26.5459,26.7192,1217600
2000-02-18,26.1126,26.9214,25.8816,25.8816,0
2000-02-22,26.7481,26.9503,25.9105,26.517,1047200
2000-02-23,27.3836,27.5281,26.1126,26.2282,1305400
2000-02-24,26.1416,26.8348,25.275,26.8059,1966200
2000-02-25,24.3795,25.8816,23.9751,25.8816,1986600
2000-02-28,24.1484,24.4662,23.6285,23.6285,2485600
2000-02-29,23.8885,24.3795,23.5996,24.1484,2141800
2000-03-01,24.4951,24.7261,23.8596,24.004,1582400
2000-03-02,24.4951,24.6973,24.2062,24.4951,1178200
2000-03-03,25.3905,25.8816,24.4951,24.4951,1002000
2000-03-06,24.9283,26.0549,24.5817,25.8238,1169200
2000-03-07,24.264,25.1594,24.0907,24.9283,1683200
2000-03-08,24.9861,25.3327,24.264,24.3506,1656200
2000-03-09,25.3616,25.3905,24.7261,24.8706,1394200
2000-03-10,25.1305,25.3616,24.755,25.2461,1005800
2000-03-13,25.0439,25.1883,24.0329,24.4951,1565600
2000-03-14,25.0439,25.3905,24.7839,25.1017,1159200
2000-03-15,27.037,27.3836,24.8994,25.0728,2412800
2000-03-16,29.7523,29.9256,26.9503,27.1236,2380200
2000-03-17,29.6656,30.33,29.1168,29.7523,2376200
2000-03-20,28.7701,29.8678,28.6835,29.8389,1720400
2000-03-21,28.6835,28.9146,28.0191,28.799,1078600
2000-03-22,28.2791,28.7413,28.0769,28.6546,1086600
2000-03-23,27.8458,28.2213,27.0659,28.1924,1639000
2000-03-24,27.5281,28.0769,27.0948,27.8458,1993200
2000-03-27,26.8348,27.5281,26.6326,27.2681,1286000
2000-03-28,26.3437,27.5281,26.2282,26.8348,1790800
2000-03-29,26.5141,27.0647,26.2533,26.3403,1556200
2000-03-30,26.9198,27.5283,25.8766,26.6011,2237400
2000-03-31,26.3692,27.963,25.6158,26.9198,1326600
2000-04-03,27.4414,27.7022,25.9636,25.9636,1428800
2000-04-04,27.8181,28.4556,26.7749,27.3545,1698000
2000-04-05,27.3834,28.2817,27.0357,27.3545,1602000
2000-04-06,27.2386,28.2238,27.1806,27.7312,983200
2000-04-07,27.0067,27.7312,26.8619,27.7312,807600
2000-04-10,27.4994,27.8761,26.7749,26.9778,852000
2000-04-11,27.8181,28.2528,27.6153,27.934,1189400
2000-04-12,29.6726,29.9045,28.0499,28.0499,2041000
2000-04-13,28.7744,29.4408,28.6584,29.209,1292200
2000-04-14,27.4124,29.0351,27.3834,29.0351,1719000
2000-04-17,28.3107,28.3976,27.0067,27.4704,1199600
2000-04-18,27.4124,28.3107,27.4124,28.2817,2115600
2000-04-19,28.0499,28.1658,27.4124,28.1658,1127400
2000-04-20,28.021,28.3687,27.7602,27.7602,944000
2000-04-24,28.7164,28.8033,27.7602,28.0499,1353200
2000-04-25,29.5278,30.1363,28.2817,28.7164,1516000
2000-04-26,28.9482,29.4698,28.6294,29.4408,1643600
2000-04-27,29.0931,29.3539,28.8033,29.0062,939400
2000-04-28,29.7016,29.8175,28.7744,29.0062,957800
2000-05-01,29.5567,30.0494,29.5278,29.5278,1436600
2000-05-02,29.8465,30.1073,29.0931,29.5857,1311800
2000-05-03,29.1511,30.0204,27.963,29.9624,1605800
2000-05-04,28.9772,29.2959,28.3976,29.0351,699800
2000-05-05,29.4698,29.8755,28.8323,29.0351,445800
2000-05-08,29.3249,29.7596,29.0351,29.4408,903800
2000-05-09,29.0641,29.7016,28.8323,29.4408,638600
2000-05-10,29.1221,29.3829,28.9482,29.1511,747800
2000-05-11,29.5857,29.9624,29.238,29.267,878800
2000-05-12,29.1511,29.9624,28.5136,29.5857,1162400
2000-05-15,29.1221,29.3249,28.9192,29.1511,706200
2000-05-16,30.0204,30.1073,28.9192,29.1511,943200
2000-05-17,29.9624,30.0204,29.6437,29.9045,562000
2000-05-18,29.3249,30.3102,29.209,29.9624,983200
2000-05-19,29.1511,29.4408,28.8033,29.4408,637600
2000-05-22,28.4266,29.3539,28.3687,29.0931,790000
2000-05-23,28.4846,28.7454,28.3397,28.3687,529800
2000-05-24,29.6726,30.1073,28.3397,28.3687,1941400
2000-05-25,28.2817,29.7886,28.1079,29.7306,1419600
2000-05-26,27.6442,28.4556,27.6153,28.4556,956800
2000-05-30,27.3255,27.905,26.9778,27.8471,1738600
2000-05-31,26.9198,27.5863,26.9198,27.4124,1720000
2000-06-01,27.2675,27.3545,26.4851,26.9198,758200
2000-06-02,27.3255,28.1079,27.3255,27.934,1137400
2000-06-05,27.3255,27.5863,27.1806,27.5863,717000
2000-06-06,27.1516,27.5863,26.7749,27.3255,707400
2000-06-07,26.4272,27.2965,26.4272,27.2675,782600
2000-06-08,26.688,26.7459,26.1954,26.7459,1638200
2000-06-09,27.1227,27.2386,26.63,26.7459,1110000
2000-06-12,26.4851,27.1516,26.4562,26.7459,738200
2000-06-13,26.3113,26.4272,26.1954,26.4272,937000
2000-06-14,26.9488,27.2386,26.1374,26.3982,1169400
2000-06-15,27.0067,27.1227,26.717,26.9488,867400
2000-06-16,27.1227,27.1227,26.9198,26.9488,1592600
2000-06-19,27.5283,27.992,27.2386,27.2386,3823000
2000-06-20,25.5579,27.7022,25.1522,27.7022,1799600
2000-06-21,25.6158,25.7318,25.3261,25.5579,1475200
2000-06-22,26.0795,26.3113,25.7607,25.9636,1183600
2000-06-23,25.7318,26.3692,25.4999,26.1084,1075200
2000-06-26,25.413,26.0505,25.1232,25.7318,1358000
2000-06-27,26.2823,26.6011,25.2971,25.2971,1111000
2000-06-28,26.9184,27.0928,25.8719,26.3951,1387000
2000-06-29,26.0172,26.7439,25.8137,26.7439,935400
2000-06-30,26.5114,26.5114,25.6102,25.7846,1712600
2000-07-03,27.209,27.209,26.4242,26.5114,570000
2000-07-05,26.8021,27.4125,26.5404,27.209,836200
2000-07-06,26.9474,27.2381,26.5986,26.8602,945800
2000-07-07,26.7149,27.4416,26.5404,27.2672,1539400
2000-07-10,25.9881,26.5695,25.8428,26.5114,1642800
2000-07-11,27.18,27.18,25.93,26.0463,1906000
2000-07-12,27.18,27.4997,26.7439,27.4416,1093800
2000-07-13,27.2381,27.2672,26.773,27.0928,1021200
2000-07-14,27.7904,27.7904,27.18,27.18,1058800
2000-07-17,26.6567,27.8776,26.5404,27.7904,1122000
2000-07-18,25.9009,26.9474,25.8137,26.6567,2473000
2000-07-19,26.0463,26.1916,25.6393,25.9009,1334400
2000-07-20,25.8428,26.5114,25.5812,26.1625,1556800
2000-07-21,25.6684,26.2207,25.6393,26.1625,1376000
2000-07-24,25.8428,26.0172,25.4939,25.9591,564000
2000-07-25,26.1625,26.3951,25.93,25.9591,964200
2000-07-26,26.2498,26.8021,26.1335,26.1625,1748400
2000-07-27,26.6567,26.8602,26.1625,26.1625,1025200
2000-07-28,26.2788,27.4416,26.0463,26.6567,1415200
2000-07-31,26.6277,27.2381,26.2207,26.6567,1211000
2000-08-01,26.6858,26.8602,26.366,26.8602,889600
2000-08-02,26.337,26.5986,26.2207,26.5695,1109400
2000-08-03,25.93,26.8021,25.7556,26.5114,955800
2000-08-04,25.9009,26.0463,25.5812,25.9591,1140600
2000-08-07,26.1044,26.1916,25.6974,25.8428,1049400
2000-08-08,27.1509,27.3253,25.8719,25.8719,1767400
2000-08-09,27.4416,27.4416,27.1509,27.1509,843600
2000-08-10,27.209,27.5288,27.1509,27.3253,715600
2000-08-11,27.5579,27.6742,27.1509,27.2381,743200
2000-08-14,27.4416,27.6742,26.8602,27.2381,690000
2000-08-15,27.4997,27.5579,27.0637,27.5579,881600
2000-08-16,27.4707,27.6742,27.209,27.2672,751200
2000-08-17,27.0056,27.6451,26.8602,27.4125,1192600
2000-08-18,27.1509,27.4125,26.8602,27.4125,846600
2000-08-21,26.8312,27.3834,26.5695,27.1509,923000
2000-08-22,26.6567,26.8893,26.5986,26.8893,667600
2000-08-23,26.1916,26.6567,26.1044,26.6567,879600
2000-08-24,26.1335,26.4242,26.0753,26.4242,646200
2000-08-25,26.7149,26.773,25.9881,26.1335,1381400
2000-08-28,26.2207,26.8021,26.0463,26.6277,953600
2000-08-29,26.4823,26.5986,26.1044,26.1335,1361400
2000-08-30,26.2788,26.5114,26.1916,26.5114,756200
2000-08-31,26.0753,26.4823,26.0753,26.1625,589400
2000-09-01,25.9591,26.2498,25.93,26.1625,643400
2000-09-05,26.1335,26.3951,25.9591,25.9591,1003600
2000-09-06,26.3079,26.5404,26.1044,26.1625,1303000
2000-09-07,26.2498,26.9474,26.2207,26.2207,1646200
2000-09-08,25.6684,26.4532,25.6102,26.2498,1394600
2000-09-11,25.6393,26.2207,25.6393,26.2207,1017000
2000-09-12,26.5695,26.7439,25.4358,25.6393,2733800
2000-09-13,26.5986,26.9474,25.4358,25.6393,2170000
2000-09-14,26.7439,27.0928,26.7149,26.9184,1506600
2000-09-15,25.8719,26.8312,25.8137,26.8312,1958400
2000-09-18,24.1858,25.8137,23.7207,25.8137,4503400
2000-09-19,24.3602,24.8253,24.0986,24.1858,2843000
2000-09-20,24.7672,24.8253,24.3602,24.3602,1892000
2000-09-21,24.6509,24.8835,24.273,24.7963,1603200
2000-09-22,24.9998,25.116,24.68,24.7963,2294600
2000-09-25,24.8544,25.116,24.5928,24.9998,1189800
2000-09-26,24.9416,25.1451,24.2149,24.9998,1870400
2000-09-27,25.0058,25.1517,24.7724,24.8308,1332400
2000-09-28,26.1438,26.4647,24.9767,24.9767,2129800
2000-09-29,26.0854,26.3188,25.7061,26.2605,970200
2000-10-02,25.7353,26.0562,25.5019,26.0271,1447600
2000-10-03,26.7857,27.2234,25.7353,25.7353,1600800
2000-10-04,27.5443,27.5735,26.7857,26.844,1767200
2000-10-05,27.6902,28.0695,27.5443,27.5443,3237000
2000-10-06,28.0695,28.2738,27.7778,27.7778,2073600
2000-10-09,28.303,28.6239,28.0112,28.0695,1214000
2000-10-10,28.2446,28.8282,28.2155,28.303,2026600
2000-10-11,28.1279,28.799,27.7778,28.2446,1553000
2000-10-12,27.1067,27.8361,26.669,27.8361,3136800
2000-10-13,27.2817,27.2817,26.669,27.1067,1216200
2000-10-16,27.4568,27.6319,27.0483,27.1067,1216400
2000-10-17,26.9024,27.5443,26.5523,27.3984,2009800
2000-10-18,26.9316,26.99,25.8228,26.4939,2404600
2000-10-19,25.8812,26.7857,25.7936,26.7857,4287200
2000-10-20,25.2101,25.9395,25.0642,25.9395,2621600
2000-10-23,24.6849,25.3851,24.5098,25.2101,3289000
2000-10-24,24.9183,24.9183,24.3347,24.714,3784600
2000-10-25,24.2472,24.7724,24.1888,24.7432,1566400
2000-10-26,24.1305,24.2764,23.5469,24.218,3568800
2000-10-27,23.8387,23.9554,23.1092,23.9554,5024200
2000-10-30,25.0933,25.5602,23.8095,23.8095,4837400
2000-10-31,25.9395,26.0562,25.0058,25.2684,3085200
2000-11-01,26.3188,26.6106,25.6769,25.9104,3215000
2000-11-02,25.7936,26.6106,25.6478,26.2313,1752600
2000-11-03,25.6478,26.3772,25.1225,25.8812,2216000
2000-11-06,26.4939,26.6106,25.8812,26.0271,2260800
2000-11-07,26.844,27.0191,26.2605,26.4356,2108800
2000-11-08,27.1942,27.4276,26.7565,26.9608,1328000
2000-11-09,27.2817,27.5152,26.7857,27.0775,1877400
2000-11-10,27.3401,27.6611,27.1067,27.2234,2015400
2000-11-13,27.0775,27.486,26.9024,27.0775,2201200
2000-11-14,26.7857,27.2526,26.2021,27.165,1729600
2000-11-15,27.0483,27.0775,26.6982,26.9024,1884600
2000-11-16,26.7565,27.0775,26.3772,26.99,847600
2000-11-17,25.9687,27.3693,25.9104,26.99,2400200
2000-11-20,26.1438,26.669,25.6769,26.0854,1814800
2000-11-21,26.2605,26.4356,25.5894,25.5894,2718800
2000-11-22,25.6186,26.3188,25.3851,26.3188,1117000
2000-11-24,26.0854,26.348,25.6186,25.9687,387400
2000-11-27,25.5894,26.173,25.5602,26.0271,2154000
2000-11-28,25.8812,26.1146,25.531,25.5894,1513000
2000-11-29,26.4939,26.7273,25.852,25.8812,1956200
2000-11-30,26.2896,26.669,26.0854,26.1438,2454200
2000-12-01,26.173,26.4064,26.0271,26.0854,1539000
2000-12-04,27.3109,27.5443,26.1438,26.2896,2005600
2000-12-05,28.1279,28.2738,27.4276,27.4276,2341800
2000-12-06,28.0112,28.6531,27.6027,28.0112,2042800
2000-12-07,27.6027,28.0112,27.5443,27.5443,1420600
2000-12-08,27.6319,28.1863,27.3109,28.1863,1283400
2000-12-11,28.303,28.5656,27.5443,27.5735,1592400
2000-12-12,28.3613,28.6823,28.0112,28.0112,1641200
2000-12-13,27.486,28.3613,27.1067,27.6611,3261400
2000-12-14,26.3772,27.0191,26.3772,27.0191,2906600
2000-12-15,26.4064,26.844,25.3268,25.9979,2796600
2000-12-18,26.844,26.844,26.0562,26.4939,2236400
2000-12-19,26.3772,26.99,26.2313,26.7273,1927000
2000-12-20,25.9395,26.5231,25.5894,25.7936,1804000
2000-12-21,27.1359,27.2234,25.7936,26.6398,2101000
2000-12-22,27.0483,27.7194,26.4647,27.1359,1774800
2000-12-26,27.0775,27.2234,26.3772,26.9316,1198800
2000-12-27,27.9324,28.0203,26.527,27.1126,1016600
2000-12-28,27.8446,28.0496,26.9955,27.6982,1308400
2000-12-29,27.9032,28.6644,27.8739,27.9617,1350600
2001-01-02,27.6689,28.0496,27.3176,27.9324,1526600
2001-01-03,28.4009,28.6351,27.2297,27.6397,1258800
2001-01-04,29.5135,29.9234,28.0788,28.1081,2344800
2001-01-05,29.6306,29.6892,28.7815,29.6306,2548200
2001-01-08,29.5135,29.9527,29.1915,29.5135,3061000
2001-01-09,29.1329,29.9527,29.0451,29.455,2810600
2001-01-10,28.8694,28.8986,27.9324,28.723,1697200
2001-01-11,28.5473,29.0743,28.2252,28.9865,1553000
2001-01-12,28.2252,28.5473,27.9032,28.4302,2731000
2001-01-16,29.2793,29.2793,28.1081,28.3424,3236000
2001-01-17,29.6599,29.9234,28.8694,29.5135,1878600
2001-01-18,29.0158,29.5428,28.8108,29.5428,2284400
2001-01-19,28.9865,29.1622,28.5473,29.0743,1742600
2001-01-22,29.1036,29.3671,28.3424,28.7523,1897200
2001-01-23,29.8063,29.9527,29.2793,29.455,1841000
2001-01-24,29.3964,29.8356,28.8694,29.8356,1104000
2001-01-25,30.1284,30.3041,29.3086,29.5135,1724200
2001-01-26,30.3333,30.4505,29.6599,30.1284,1598200
2001-01-29,30.2444,30.4458,29.7477,30.3333,1156200
2001-01-30,30.3662,30.4458,28.4829,28.4829,3259000
2001-01-31,30.7315,30.9892,29.968,30.3708,3026400
2001-02-01,31.3874,31.3968,30.3521,30.6894,2640800
2001-02-02,30.4317,31.4342,30.0757,31.2937,1831000
2001-02-05,30.5348,30.6519,30.2397,30.3333,2332400
2001-02-06,30.2584,30.4505,29.982,30.4505,1904200
2001-02-07,30.2678,30.5161,29.8649,30.3053,1268000
2001-02-08,30.3568,30.5161,29.8649,30.3053,1064000
2001-02-09,29.8789,30.3287,29.8696,30.3287,1172800
2001-02-12,30.4973,30.6145,29.7009,29.7946,1885000
2001-02-13,30.5442,30.8908,30.1272,30.427,1180200
2001-02-14,30.1038,30.6285,30.1038,30.6285,1266000
2001-02-15,30.5957,30.8253,30.1928,30.3568,1967600
2001-02-16,29.9539,30.666,29.7525,30.666,1705200
2001-02-20,29.893,30.0382,29.6822,29.8883,2010000
2001-02-21,29.5135,29.9117,29.4011,29.7946,1123000
2001-02-22,29.448,29.9258,28.9514,29.7477,1487000
2001-02-23,29.1434,29.448,28.867,29.448,1143400
2001-02-26,29.1481,29.2324,28.8577,29.0919,2126800
2001-02-27,28.4454,29.209,28.2721,29.0919,3043400
2001-02-28,28.2861,28.8015,28.0987,28.6,2136200
2001-03-01,28.3377,28.6234,28.0472,28.3658,2186000
2001-03-02,28.8717,29.4198,28.7171,28.8108,1738600
2001-03-05,30.3521,30.5395,28.8108,28.9748,2477400
2001-03-06,30.68,31.4998,30.5207,31.1063,2454800
2001-03-07,31.1297,31.3546,30.844,31.0829,2103600
2001-03-08,31.6123,31.7013,30.9283,31.1297,1645600
2001-03-09,30.2584,31.6217,30.1225,31.5748,2020600
2001-03-12,29.7477,30.4458,29.6353,30.3521,2210800
2001-03-13,29.2324,29.9586,28.8155,29.8649,2777000
2001-03-14,29.0685,29.2793,28.4595,29.2324,1854800
2001-03-15,29.0919,29.5135,28.8436,29.0685,1702800
2001-03-16,28.0144,29.0451,27.3117,28.9748,2893600
2001-03-19,27.7755,27.8036,26.8198,27.0775,4894800
2001-03-20,27.293,27.9582,27.0775,27.6631,2766200
2001-03-21,26.5715,27.3586,26.3748,27.293,2404200
2001-03-22,27.0306,27.1196,26.0047,26.6043,3000800
2001-03-23,26.9276,27.1805,26.0469,26.8058,2108000
2001-03-26,27.5272,27.6115,26.7496,26.9323,1755200
2001-03-27,27.4804,28.1081,27.0775,27.4991,2637600
2001-03-28,27.1654,27.4992,26.747,27.3817,1346200
2001-03-29,26.6719,26.9257,26.4368,26.8411,2162400
2001-03-30,26.7189,26.7894,25.6753,26.653,3531600
2001-04-02,26.6248,27.5321,26.418,26.7941,1685200
2001-04-03,25.9056,26.5355,25.6189,26.512,2852600
2001-04-04,26.512,26.6907,26.089,26.371,1908000
2001-04-05,28.0868,28.2513,26.606,26.7941,2634800
2001-04-06,27.706,28.2043,26.9398,27.7342,2972800
2001-04-09,28.0163,28.2983,27.6637,27.8752,1831400
2001-04-10,28.3453,28.5427,27.9881,28.0633,2619400
2001-04-11,27.8423,28.4863,27.2876,28.4158,2241600
2001-04-12,28.2983,28.3923,27.6167,27.8752,2088000
2001-04-16,28.5427,28.6038,28.115,28.5803,913200
2001-04-17,28.7167,28.8859,28.2043,28.4957,1347800
2001-04-18,29.8918,30.611,28.4863,28.6038,3444000
2001-04-19,29.5487,30.0141,28.9094,29.9671,3062600
2001-04-20,29.2337,29.6333,29.0316,29.4359,1273200
2001-04-23,29.1256,29.3231,28.9564,29.1444,976200
2001-04-24,28.8436,29.1538,28.8013,29.0645,1260400
2001-04-25,29.1115,29.262,28.3265,28.5474,1054400
2001-04-26,29.6239,29.9435,28.8624,29.0034,1511600
2001-04-27,30.0141,30.1974,29.2384,29.2854,1215800
2001-04-30,29.7931,30.2444,29.6756,30.0376,908600
2001-05-01,29.8495,29.9671,29.4547,29.9107,674800
2001-05-02,29.6756,29.9671,29.2854,29.9671,883400
2001-05-03,29.591,29.732,29.041,29.6145,1104600
2001-05-04,30.1316,30.1598,29.088,29.2337,1096600
2001-05-07,30.094,30.2632,29.6192,30.0423,1073400
2001-05-08,30.2303,30.423,29.8965,30.094,1561600
2001-05-09,30.2021,30.2726,29.9906,30.1551,1522400
2001-05-10,30.6534,30.8367,30.3196,30.4136,2098200
2001-05-11,30.6393,31.0247,30.3666,31.0247,1993000
2001-05-14,30.9636,31.0388,30.4606,30.6252,1569800
2001-05-15,31.3115,31.4384,30.6957,30.7427,1947600
2001-05-16,32.6747,32.6935,31.0388,31.3303,2835800
2001-05-17,33.4691,33.8404,32.7687,32.8345,3261800
2001-05-18,32.9426,33.3516,32.6653,33.3516,2180600
2001-05-21,32.9285,33.1212,32.4819,33.0601,1567600
2001-05-22,33.0131,33.3046,32.6747,33.046,1434400
2001-05-23,32.6888,33.046,32.3597,33.046,1807800
2001-05-24,32.8768,32.905,32.3268,32.6841,1280400
2001-05-25,32.4349,32.67,31.8944,32.67,2029800
2001-05-29,32.3409,32.5525,32.1059,32.5477,1699400
2001-05-30,32.0213,32.5289,31.9179,32.2469,1120200
2001-05-31,32.1811,32.3832,32.0636,32.1529,1142800
2001-06-01,32.1764,32.3221,31.9179,32.0636,819400
2001-06-04,32.3738,32.5289,32.073,32.3879,763200
2001-06-05,32.8862,32.9003,31.9649,32.3409,1343400
2001-06-06,32.1952,32.8815,31.9649,32.623,1738200
2001-06-07,32.3409,32.4349,31.8567,32.2469,1353200
2001-06-08,31.9555,32.3409,31.7815,32.2469,1154200
2001-06-11,31.5653,31.9602,31.1469,31.8708,1149400
2001-06-12,31.2645,31.5747,30.8367,31.57,1258800
2001-06-13,31.2174,31.3914,30.8555,30.9307,1329200
2001-06-14,30.8179,31.3115,30.6017,30.8367,1644400
2001-06-15,31.5512,31.6828,31.1939,31.5888,3159200
2001-06-18,31.1892,31.5888,31.1422,31.4948,1690400
2001-06-19,30.7192,31.4008,30.6252,31.2833,1142200
2001-06-20,31.0153,31.0247,30.4606,30.5076,1977200
2001-06-21,31.2222,31.3773,30.9166,31.0153,1401400
2001-06-22,30.9542,31.7204,30.8273,31.2833,1148400
2001-06-25,30.7051,31.2128,30.3525,31.0717,865400
2001-06-26,30.738,30.785,29.9953,30.4371,2132000
2001-06-27,30.1486,30.8087,29.9411,30.4126,2363200
2001-06-28,30.3372,30.5352,29.993,30.0826,2153400
2001-06-29,29.8468,30.4551,29.7997,30.4551,2437600
2001-07-02,30.6955,31.0728,29.7431,29.9647,2150600
2001-07-03,31.0728,31.5443,30.4739,30.6955,942400
2001-07-05,31.2095,31.5207,30.8464,31.2614,1574000
2001-07-06,30.3655,31.0963,30.0354,31.0963,1201200
2001-07-09,30.7427,30.87,30.1109,30.1297,816200
2001-07-10,30.4362,30.7663,30.3655,30.7427,805800
2001-07-11,29.5403,30.3655,29.2339,30.3183,3405000
2001-07-12,30.5588,30.6484,29.5403,29.5403,1716800
2001-07-13,30.8841,30.9549,30.2806,30.6484,1044200
2001-07-16,30.3466,31.1718,30.2853,31.002,1152400
2001-07-17,30.771,31.0728,30.2995,30.3655,1293800
2001-07-18,31.3745,31.4028,30.6484,30.7191,1945800
2001-07-19,30.5258,31.3132,30.3891,31.3085,2266600
2001-07-20,30.3608,30.4126,29.8279,30.2948,1790200
2001-07-23,29.9411,30.3655,29.7101,30.356,805200
2001-07-24,29.2386,29.9411,29.0075,29.8232,1830600
2001-07-25,29.7054,29.7997,29.3046,29.3517,911000
2001-07-26,29.8138,29.9364,29.2339,29.5875,908400
2001-07-27,29.7054,30.2382,29.5686,30.0779,1055200
2001-07-30,29.413,29.9411,28.7623,29.894,1757400
2001-07-31,29.7054,30.6012,29.4696,29.5167,1734000
2001-08-01,29.5828,29.8468,29.38,29.7997,743000
2001-08-02,29.7054,29.8468,29.4932,29.7525,747000
2001-08-03,29.7289,30.0071,29.3046,29.894,926600
2001-08-06,29.1065,29.894,29.0688,29.8468,1018200
2001-08-07,29.2574,29.6111,28.8991,29.1631,1647200
2001-08-08,28.7057,29.2197,28.5926,29.0452,1558800
2001-08-09,28.7812,28.9415,28.503,28.5266,1635800
2001-08-10,29.6582,29.8091,28.833,28.833,1247400
2001-08-13,29.3517,29.5875,29.281,29.5639,914800
2001-08-14,29.4649,29.5639,29.1914,29.3517,913400
2001-08-15,29.6111,29.9364,29.5875,29.8232,1044600
2001-08-16,29.8987,30.0826,29.4696,29.6346,1553600
2001-08-17,29.6441,29.9411,29.5639,29.7525,1149800
2001-08-20,29.8515,29.8704,29.5781,29.8704,1018200
2001-08-21,29.7714,30.4126,29.7195,29.8515,1198800
2001-08-22,30.0071,30.2382,29.5167,29.8892,745600
2001-08-23,29.7666,30.0967,29.7054,29.9411,685800
2001-08-24,30.2429,30.4079,29.5639,29.6582,743600
2001-08-27,30.224,30.5541,30.1769,30.1769,550200
2001-08-28,29.9647,30.3466,29.7006,30.224,1401600
2001-08-29,29.4224,30.2335,29.3753,30.1769,1987200
2001-08-30,28.9698,29.5403,28.6822,29.5403,1915000
2001-08-31,29.4743,29.8232,28.7529,29.0877,1532800
2001-09-04,29.2103,29.9411,29.0217,29.281,1865000
2001-09-05,29.4083,29.4602,28.6492,29.0924,1530400
2001-09-06,29.0075,29.3989,28.8613,29.0452,1352200
2001-09-07,28.2484,28.9981,28.2437,28.9509,3192000
2001-09-10,28.3851,28.4323,27.8476,27.9608,3488600
2001-09-17,25.9332,27.3478,25.3203,27.3478,6007200
2001-09-18,25.7918,26.2822,25.4617,25.9332,3014200
2001-09-19,25.4617,26.301,24.5989,26.0275,2958600
2001-09-20,24.6602,25.226,24.3348,25.1317,3548400
2001-09-21,23.1749,24.3772,23.1749,23.5757,4279400
2001-09-24,25.622,25.7918,23.6747,23.7171,3876400
2001-09-25,24.9996,25.4146,24.448,25.226,2926200
2001-09-26,24.0053,25.4258,23.5792,25.0944,4474800
2001-09-27,24.1237,24.1474,23.4135,23.9533,2856400
2001-09-28,25.6199,25.672,24.3936,24.6208,2819800
2001-10-01,25.4494,25.5725,24.976,25.5678,2189800
2001-10-02,25.3311,25.8566,25.1701,25.5678,1833400
2001-10-03,25.7146,25.9939,24.976,24.976,2312000
2001-10-04,25.6388,26.0413,25.511,25.833,3206000
2001-10-05,25.8046,26.3159,25.3358,26.1123,3303400
2001-10-08,25.6862,25.9324,25.5063,25.8519,1721400
2001-10-09,25.5631,26.0176,25.3405,25.6862,2267400
2001-10-10,26.5148,26.5811,25.4494,25.7099,3934200
2001-10-11,27.708,28.4087,26.5858,26.6332,3944600
2001-10-12,27.8358,27.8642,27.0735,27.708,2431600
2001-10-15,28.0015,28.1483,27.4617,27.7174,1496000
2001-10-16,28.2903,28.5981,27.9826,28.1246,1916600
2001-10-17,27.4712,28.314,27.2581,28.1719,2927600
2001-10-18,26.9883,27.7695,26.9835,27.3528,1986200
2001-10-19,26.7752,27.0356,26.3254,26.9883,2440600
2001-10-22,27.76,27.8831,26.7989,26.9598,1591600
2001-10-23,28.1009,28.4324,27.7458,27.9352,2836000
2001-10-24,28.1009,28.5886,27.7458,27.8879,1395200
2001-10-25,28.295,28.3566,27.5328,27.8879,1061200
2001-10-26,28.9011,29.1568,27.9826,28.0536,1307800
2001-10-29,27.9447,28.7875,27.6701,28.7401,1107600
2001-10-30,27.1824,27.7458,27.1161,27.7458,1016400
2001-10-31,27.083,27.6038,27.083,27.4617,1331600
2001-11-01,27.6417,27.8879,26.7752,26.9409,1067000
2001-11-02,28.0062,28.1672,27.2581,27.4617,1479600
2001-11-05,28.4892,28.6928,28.1009,28.2666,1233000
2001-11-06,29.0574,29.1142,28.295,28.5981,1248000
2001-11-07,28.8443,29.3556,28.7401,28.7638,969600
2001-11-08,28.7496,29.7818,28.6407,29.0242,1730600
2001-11-09,28.8774,29.0905,28.6218,28.8585,867800
2001-11-12,28.5413,28.8585,28.2666,28.7638,802200
2001-11-13,29.8765,30.0185,28.7164,28.7875,3121000
2001-11-14,30.4873,30.7524,30.1842,30.3026,2542600
2001-11-15,30.3026,30.7714,30.1558,30.4873,2617000
2001-11-16,29.9238,30.1937,29.493,29.8291,2532200
2001-11-19,29.9712,30.492,29.4172,30.4447,2755400
2001-11-20,29.7108,30.1842,29.3699,29.8528,1664200
2001-11-21,29.2894,29.6303,28.9106,29.5924,1564600
2001-11-23,29.493,29.5924,29.3746,29.4077,613600
2001-11-26,29.474,29.5687,28.7875,29.545,2552000
2001-11-27,29.2846,29.5829,29.0242,29.5687,1228600
2001-11-28,28.9153,29.2136,28.8112,29.1663,1805200
2001-11-29,28.8585,29.1521,28.7164,29.1189,1443000
2001-11-30,29.0479,29.5877,28.7922,29.0858,2101400
2001-12-03,28.9485,29.1189,28.6549,29.1189,2138200
2001-12-04,29.6966,29.7013,28.8822,28.9343,2244400
2001-12-05,30.6625,30.7666,29.7108,29.7108,2440600
2001-12-06,30.3263,30.7382,30.1132,30.563,1772600
2001-12-07,30.2931,31.0128,30.1274,31.0128,2201400
2001-12-10,29.7676,30.3026,29.7155,30.2931,1375400
2001-12-11,30.4068,30.7714,29.725,29.8149,2548800
2001-12-12,30.3405,30.3973,30.1558,30.3973,2320400
2001-12-13,30.028,30.35,29.8765,30.3026,1356000
2001-12-14,29.5971,29.6634,29.2846,29.4977,3499000
2001-12-17,30.421,30.7287,29.7344,30.1606,1943400
2001-12-18,31.1549,31.6852,30.1606,30.3263,2434800
2001-12-19,31.7183,32.0071,30.8045,31.0602,2464200
2001-12-20,32.0782,32.1965,31.6236,32.0071,4209200
2001-12-21,31.9835,32.2818,31.974,32.1018,2946600
2001-12-24,32.1634,32.5706,31.9503,31.9598,646600
2001-12-26,32.5516,32.7647,31.9787,32.0545,1859000
2001-12-27,32.4946,32.9649,32.3901,32.5564,1668800
2001-12-28,32.4139,32.6514,32.2049,32.5136,1214400
2001-12-31,32.1669,32.7749,32.1621,32.4139,1463000
2002-01-02,32.1764,32.2286,31.7536,32.1669,1824200
2002-01-03,32.2952,32.5374,31.9199,31.9674,1292400
2002-01-04,32.8699,33.1739,32.3664,32.3664,2374000
2002-01-07,32.5089,33.0504,32.5089,32.9174,1505400
2002-01-08,32.2049,32.5231,32.0861,32.4899,1978400
2002-01-09,32.1526,32.8841,32.0956,32.3949,1872400
2002-01-10,31.8201,32.4186,31.5969,32.3142,2051600
2002-01-11,31.7821,32.2524,31.6111,31.9389,1629400
2002-01-14,31.2074,31.8486,31.1789,31.6111,1666400
2002-01-15,30.8654,31.3689,30.4759,31.2027,2960400
2002-01-16,30.3001,30.9699,30.1957,30.8939,1787800
2002-01-17,30.8084,30.8654,30.1719,30.2194,1221000
2002-01-18,31.0506,31.1029,30.5804,30.8084,1338800
2002-01-22,30.8416,31.1884,30.7609,31.0981,1482800
2002-01-23,31.0981,31.3166,30.6801,30.8416,1482600
2002-01-24,31.6301,31.9199,31.2074,31.3499,2018600
2002-01-25,32.5611,32.7986,31.7299,31.8249,2817000
2002-01-28,32.9601,32.9839,32.5659,32.8224,1379400
2002-01-29,32.6324,33.0836,32.3046,32.4424,4203400
2002-01-30,33.2451,33.2499,32.4946,32.9649,4056800
2002-01-31,33.9054,34.0099,33.2499,33.2499,4303600
2002-02-01,33.0599,34.1951,32.9649,33.6774,3514600
2002-02-04,32.2952,33.4399,32.2049,32.9649,2440800
2002-02-05,32.4661,32.7416,31.9436,32.2524,2839800
2002-02-06,32.4424,32.8224,32.3046,32.5374,1800000
2002-02-07,32.7511,33.0551,32.2524,32.2999,2890200
2002-02-08,33.0361,33.2214,32.4661,32.8224,1639200
2002-02-11,33.9624,34.0146,33.1074,33.1739,2356600
2002-02-12,33.6394,33.9576,33.2451,33.9529,2047000
2002-02-13,34.0669,34.1904,33.4874,33.5206,1288800
2002-02-14,33.9624,34.2379,33.6774,33.9624,1825000
2002-02-15,34.0906,34.2949,33.8769,33.9624,2184400
2002-02-19,33.7486,33.9529,33.5349,33.6299,2236400
2002-02-20,34.6036,34.7224,33.8199,33.8674,1926800
2002-02-21,35.0786,35.6059,34.6084,34.6084,4730400
2002-02-22,35.9574,36.1949,35.0074,35.0834,4399600
2002-02-25,35.3684,36.2329,35.1831,35.7911,4205600
2002-02-26,35.2924,35.7199,34.9266,35.3684,3218800
2002-02-27,35.2591,35.5346,34.9884,35.4111,2015600
2002-02-28,34.9409,35.3161,34.6749,35.2211,2801200
2002-03-01,35.2686,35.5584,34.8174,34.9504,2613800
2002-03-04,36.7554,36.9549,35.2116,35.3161,3226600
2002-03-05,35.6629,36.6699,35.4064,36.6699,3276600
2002-03-06,36.4466,36.6319,35.9526,36.0049,1846000
2002-03-07,36.4181,36.6129,36.0096,36.4561,2107000
2002-03-08,36.3754,36.7649,36.1141,36.7649,2379400
2002-03-11,36.3611,36.5416,36.1949,36.4941,1871600
2002-03-12,36.5131,36.6699,35.9099,36.0999,2342000
2002-03-13,36.2281,36.5749,36.0999,36.5749,1944600
2002-03-14,35.8719,36.2329,35.7531,36.2329,2903800
2002-03-15,36.0666,36.1521,35.7674,36.1474,2384800
2002-03-18,35.8814,36.2424,35.7199,36.0286,2625000
2002-03-19,35.9764,36.2139,35.7626,35.9099,2644600
2002-03-20,35.7911,36.2329,35.5299,35.8576,3271800
2002-03-21,34.9124,35.6296,34.4374,35.6249,3455200
2002-03-22,34.6986,34.9361,34.1999,34.9124,2682000
2002-03-25,34.1904,34.7699,34.1809,34.6274,1585400
2002-03-26,34.7224,34.9599,34.0859,34.0859,2230600
2002-03-27,34.4374,35.1451,34.1524,34.4849,2628600
2002-03-28,34.3661,34.4849,33.9671,34.4849,2213800
2002-04-01,34.1762,34.3899,33.5491,34.0574,2175600
2002-04-02,34.1951,34.4849,33.7059,34.1762,1822800
2002-04-03,33.7724,34.1524,33.6156,34.1049,3781400
2002-04-04,33.8199,34.0906,33.5824,33.8199,2478400
2002-04-05,34.7366,34.8649,34.2474,34.2949,2677000
2002-04-08,34.5799,34.6939,34.1524,34.4849,2222400
2002-04-09,35.5251,35.8624,34.6844,35.0074,2837400
2002-04-10,36.0999,36.1046,35.5251,35.5774,2840800
2002-04-11,35.7389,36.3564,35.7341,35.9811,2023000
2002-04-12,35.4586,35.8861,34.9789,35.7199,1628200
2002-04-15,35.1784,35.5774,35.0121,35.4871,1081000
2002-04-16,35.9621,36.0191,35.2496,35.2971,1866800
2002-04-17,35.7151,36.0999,35.2449,36.0999,1929800
2002-04-18,35.3161,35.6914,35.0454,35.6486,2362400
2002-04-19,35.1261,35.5774,35.0359,35.3874,1910800
2002-04-22,34.1904,35.3684,34.0099,35.2781,2386400
2002-04-23,34.1286,34.4136,33.7962,34.4136,2122800
2002-04-24,34.1429,34.3186,33.7534,34.1762,2170400
2002-04-25,34.4706,34.5799,33.4684,33.7486,2267200
2002-04-26,34.3234,34.9029,34.2759,34.7034,1680600
2002-04-29,33.6014,34.3709,33.5824,34.3234,1581200
2002-04-30,34.2474,34.2949,33.7914,33.9624,2051000
2002-05-01,33.8674,34.0099,32.9316,33.9624,3128000
2002-05-02,34.5989,34.7129,34.0716,34.1049,2032800
2002-05-03,34.7556,34.8364,34.1951,34.5799,1718400
2002-05-06,33.1549,34.5561,33.1549,34.4374,2146800
2002-05-07,33.3781,33.7201,33.1501,33.4399,2052800
2002-05-08,34.3424,34.3899,33.4589,33.5111,1910000
2002-05-09,33.8389,34.1999,33.7249,34.1524,1011400
2002-05-10,33.3259,33.8911,33.1881,33.7724,1039400
2002-05-13,33.4636,33.6536,33.1834,33.3449,1108400
2002-05-14,34.4184,34.4611,33.7581,34.0099,2210200
2002-05-15,35.1499,35.2686,34.1999,34.1999,3631800
2002-05-16,34.7366,35.2686,34.6274,35.2686,1376400
2002-05-17,34.6559,35.0501,34.4896,34.6749,1929400
2002-05-20,34.0906,34.6701,33.7676,34.6701,1751800
2002-05-21,33.4636,34.4849,33.4256,34.4374,1191200
2002-05-22,33.3259,33.7486,33.0646,33.4161,1683000
2002-05-23,34.2474,34.2474,33.3686,33.7249,1719600
2002-05-24,34.3186,34.7224,33.7962,33.8436,2318800
2002-05-28,33.9576,34.3899,33.7866,34.3899,1393600
2002-05-29,33.7249,34.1524,33.6394,34.0574,1052400
2002-05-30,33.1169,33.7249,32.7511,33.6774,2241800
2002-05-31,33.7391,34.2569,33.1549,33.1881,1676600
2002-06-03,32.9174,33.8104,32.8746,33.7391,1448800
2002-06-04,32.5041,32.8556,31.6871,32.5849,2911600
2002-06-05,32.9079,33.1786,32.4376,32.5374,2180200
2002-06-06,32.1004,33.1026,31.9104,32.9411,1294200
2002-06-07,32.1716,32.1859,31.7299,32.0956,2646800
2002-06-10,32.4139,32.6656,31.8534,32.1716,2001600
2002-06-11,32.0671,33.0551,32.0054,32.5089,1413400
2002-06-12,32.6181,32.6846,31.7014,32.2524,2279600
2002-06-13,32.1194,32.7036,32.0386,32.6181,1284000
2002-06-14,32.1954,32.2809,31.4496,32.1431,1949000
2002-06-17,33.3496,33.3496,32.3854,32.6561,3235200
2002-06-18,33.4921,33.5824,33.1596,33.3449,2026800
2002-06-19,32.8034,33.4921,32.7036,33.4874,2262800
2002-06-20,32.7131,33.0979,32.6514,32.7749,1726800
2002-06-21,32.4471,32.8604,32.2001,32.2144,2747600
2002-06-24,32.5944,32.7226,31.8961,32.1811,1970000
2002-06-25,32.1811,33.2214,32.0814,32.8699,1800800
2002-06-26,32.1907,32.2621,31.6283,32.1811,2137400
2002-06-27,32.8531,32.977,32.1621,32.2288,1874400
2002-06-28,32.5481,33.4249,32.5481,33.0485,3523400
2002-07-01,32.1525,33.0914,32.0,32.7387,2568000
2002-07-02,31.7189,32.2955,31.1089,32.2479,2732000
2002-07-03,31.6617,31.9381,30.8087,31.7332,2316800
2002-07-05,32.6911,32.9341,31.9286,31.9762,1297000
2002-07-08,32.1478,32.6911,31.8571,32.6911,2714600
2002-07-09,32.4528,33.1199,32.0668,32.1811,2778600
2002-07-10,31.2471,32.4766,31.1613,32.3813,2551000
2002-07-11,31.0041,31.6379,30.2368,31.1661,3095400
2002-07-12,31.0613,31.7761,30.599,30.9278,2294000
2002-07-15,30.6467,31.0613,29.1646,31.0613,3046600
2002-07-16,29.0693,30.213,28.688,30.0986,3488400
2002-07-17,29.5411,30.0224,29.0217,29.2599,2456800
2002-07-18,28.7071,29.8508,28.5928,29.5459,2549000
2002-07-19,28.0209,29.1169,27.9018,28.2592,2618200
2002-07-22,27.5205,28.5689,26.9725,28.0209,3521400
2002-07-23,27.2679,28.4974,26.9487,27.7826,2678000
2002-07-24,28.9263,29.0407,26.6913,26.7914,2399400
2002-07-25,29.1408,29.7555,28.0971,28.6404,2325200
2002-07-26,29.7555,29.7603,29.0693,29.3552,3048000
2002-07-29,31.7332,31.9286,29.9938,30.07,2262000
2002-07-30,31.4568,31.6998,30.4513,31.4949,2440000
2002-07-31,31.4473,31.4473,30.6514,31.2138,2129400
2002-08-01,30.7277,31.4759,30.3083,30.8563,2662800
2002-08-02,29.1646,30.4942,28.7119,30.4036,2742400
2002-08-05,28.688,29.4267,28.6404,28.974,3130600
2002-08-06,29.5459,30.3512,28.9263,28.9263,1637600
2002-08-07,30.3607,30.4608,29.2361,29.7126,1693600
2002-08-08,31.2042,31.2471,30.0653,30.4751,1824200
2002-08-09,31.452,31.6188,30.6943,31.209,1380600
2002-08-12,31.2948,31.4234,30.4513,30.8563,1801800
2002-08-13,30.9135,31.5331,30.6371,30.8563,1565800
2002-08-14,31.6379,31.7237,29.889,30.6752,2600000
2002-08-15,31.3901,31.9905,30.8611,31.5807,1882600
2002-08-16,31.3138,31.5902,30.7515,30.9278,1852200
2002-08-19,32.4575,32.5624,31.1661,31.2138,2123800
2002-08-20,32.1287,32.4528,31.9333,32.1192,2168600
2002-08-21,32.4623,32.9055,32.0,32.5243,1435400
2002-08-22,32.9246,33.0294,32.429,32.5957,1332200
2002-08-23,32.1192,32.9246,31.9667,32.9246,1215200
2002-08-26,32.5576,32.61,31.7141,32.3575,1308400
2002-08-27,32.6434,33.3344,32.5481,32.5576,2081000
2002-08-28,32.4051,32.6386,32.3098,32.6386,2228400
2002-08-29,32.2288,32.6672,32.0763,32.3336,1563600
2002-08-30,32.6529,33.0723,32.3098,32.3575,2089200
2002-09-03,31.3472,32.2145,31.3281,32.1668,2113800
2002-09-04,31.4473,31.5521,30.7849,31.3424,2335200
2002-09-05,31.2614,31.676,30.823,31.4425,1726400
2002-09-06,31.2471,31.6951,31.1995,31.3996,2240600
2002-09-09,30.8087,31.1852,30.5228,30.9278,2746000
2002-09-10,31.5569,31.5616,30.9469,31.047,1468400
2002-09-11,31.5902,31.8762,31.147,31.676,962600
2002-09-12,30.9374,31.4616,30.8182,31.4044,1389000
2002-09-13,30.1653,30.6419,29.8794,30.4989,3839000
2002-09-16,29.0931,29.4029,28.4832,29.4029,5912400
2002-09-17,28.6595,29.4505,28.526,29.3076,2952200
2002-09-18,28.4784,28.607,27.2346,27.9875,4085200
2002-09-19,28.3068,28.688,28.2115,28.3545,2797000
2002-09-20,28.7071,28.8024,28.3545,28.5451,2448200
2002-09-23,27.7588,28.4688,27.53,28.2115,2027600
2002-09-24,27.4729,27.7588,27.2108,27.6444,3018200
2002-09-25,28.2592,28.3783,27.5014,27.6635,2820800
2002-09-26,29.149,29.1825,28.3357,28.6849,2672400
2002-09-27,28.5606,29.2208,28.307,29.1203,2464400
2002-09-30,27.9051,28.5558,27.2737,28.5558,2572200
2002-10-01,29.1873,29.216,27.8717,28.1444,2491800
2002-10-02,28.594,29.326,28.2735,29.1873,2424000
2002-10-03,28.8141,29.3116,28.4984,28.9433,2873400
2002-10-04,27.9673,29.4408,27.5129,29.1825,3083000
2002-10-07,27.1875,28.1826,26.7905,28.0391,2481000
2002-10-08,27.9626,28.374,26.9101,27.7377,2714800
2002-10-09,26.6613,27.666,26.6613,27.4602,3006200
2002-10-10,27.9291,28.0487,26.3264,26.4987,3124400
2002-10-11,28.7663,29.216,28.0822,28.1731,2595400
2002-10-14,28.2257,28.8285,28.0391,28.4314,2983800
2002-10-15,29.8714,29.9766,28.9385,29.1825,2547800
2002-10-16,27.9817,29.3786,27.9099,29.3738,4642800
2002-10-17,28.7854,29.0868,27.9865,27.9865,3929200
2002-10-18,29.4552,29.6418,28.3836,28.8237,2944000
2002-10-21,30.6942,30.6942,29.0916,29.4312,1960200
2002-10-22,29.6083,30.4263,29.436,30.3785,1723200
2002-10-23,29.7039,30.1154,29.2016,29.6083,1820400
2002-10-24,29.7326,30.6177,29.5652,30.1393,2576800
2002-10-25,29.9431,30.1249,29.1825,29.613,1708000
2002-10-28,29.2447,30.4503,29.0868,30.4503,1525200
2002-10-29,29.2447,29.5413,28.4649,29.3547,1505800
2002-10-30,29.7039,29.9192,29.0198,29.2542,1747600
2002-10-31,29.3738,29.9671,29.2351,29.6322,1711600
2002-11-01,29.9192,30.0771,28.9672,29.3499,2018800
2002-11-04,30.2206,30.9526,30.0675,30.2111,2012200
2002-11-05,30.8234,30.8234,30.2971,30.4263,1310000
2002-11-06,30.9908,31.0865,30.3498,30.8234,1710600
2002-11-07,30.034,31.0483,29.8044,31.0483,2239600
2002-11-08,30.1919,30.7564,29.9049,30.1393,1797600
2002-11-11,29.46,30.0532,29.3499,29.9001,1355600
2002-11-12,30.2733,30.6033,29.613,29.8762,2149200
2002-11-13,29.9527,30.5794,29.6609,30.1393,2033400
2002-11-14,30.8904,30.9526,30.3307,30.3785,1875600
2002-11-15,31.2635,31.3162,30.6751,30.9286,2385200
2002-11-18,30.7134,31.5649,30.699,31.5219,1089600
2002-11-19,30.6033,30.9861,30.345,30.6655,1345400
2002-11-20,30.7229,30.8043,30.235,30.3307,2368000
2002-11-21,31.5027,31.5697,30.5507,30.6655,2365000
2002-11-22,31.5889,31.8615,31.3401,31.5027,1810200
2002-11-25,31.3927,31.9955,31.0674,31.5267,1641800
2002-11-26,30.455,31.2779,30.4311,31.2396,2038000
2002-11-27,32.2538,32.3638,30.7134,30.809,2271000
2002-11-29,32.5265,32.8662,32.3543,32.6031,1773600
2002-12-02,32.9427,33.3589,32.5313,33.0097,4145800
2002-12-03,32.1486,32.6987,32.1151,32.5792,2440600
2002-12-04,32.2969,32.5313,31.8998,32.029,1855400
2002-12-05,31.8902,32.4835,31.8137,32.4835,1192400
2002-12-06,32.4978,32.6222,31.4549,31.5027,2224600
2002-12-09,31.6223,32.4978,31.6223,32.4978,1537200
2002-12-10,31.5984,31.8615,31.4549,31.8137,1951600
2002-12-11,31.8472,32.1486,31.3114,31.5984,1613400
2002-12-12,31.8759,32.1438,31.5745,31.8472,1505000
2002-12-13,31.0865,31.7611,31.0865,31.4549,1450400
2002-12-16,31.6798,31.8089,31.12,31.1679,2266600
2002-12-17,31.407,32.096,31.407,31.7611,1327000
2002-12-18,31.1631,31.5267,30.9286,31.4118,1283200
2002-12-19,30.833,31.6032,30.7229,31.0961,2329000
2002-12-20,31.5075,31.5649,31.1057,31.2396,2224200
2002-12-23,31.6415,31.8615,31.2396,31.5075,1335800
2002-12-24,31.5027,31.718,31.4501,31.5219,444600
2002-12-26,31.4884,31.962,31.3927,31.5745,709600
2002-12-27,30.7516,31.2635,30.7134,31.1726,807000
2002-12-30,31.0483,31.1774,30.3928,30.7038,1049000
2002-12-31,31.0291,31.3831,30.5746,30.9861,933000
2003-01-02,32.4117,32.4452,31.0291,31.3831,2045200
2003-01-03,31.9189,32.3208,31.6702,32.316,1733600
2003-01-06,32.5169,32.5409,31.7898,32.0194,2151800
2003-01-07,31.9285,32.5169,31.7898,32.2921,2053000
2003-01-08,31.2157,32.0098,31.1679,31.962,1801800
2003-01-09,31.6463,31.7802,31.3066,31.4788,2019400
2003-01-10,31.431,31.5745,31.0004,31.1918,2319200
2003-01-13,31.1679,31.8041,31.0291,31.5506,1870000
2003-01-14,31.1966,31.1966,30.8808,31.1726,1387600
2003-01-15,30.8808,31.5027,30.7229,31.3975,1476800
2003-01-16,30.9861,31.407,30.9526,30.9765,1318600
2003-01-17,30.6751,31.0674,30.2589,30.9861,1855600
2003-01-21,30.0005,31.0243,29.991,31.0243,1732800
2003-01-22,29.3882,30.0962,29.326,30.0005,1938000
2003-01-23,30.8425,30.8473,29.613,29.8666,2849400
2003-01-24,30.0436,30.7468,29.8044,30.7134,2345200
2003-01-27,29.0772,30.1154,29.039,30.0436,2640800
2003-01-28,29.2925,29.3499,28.8763,29.1442,1921600
2003-01-29,29.9671,30.3833,28.4553,28.7041,3845800
2003-01-30,28.7089,29.8235,28.6945,29.8188,2904000
2003-01-31,29.0964,29.6609,28.6419,28.7136,3238200
2003-02-03,29.4743,29.6083,29.0772,29.1442,2306800
2003-02-04,29.0055,29.4743,28.8189,29.4743,2365800
2003-02-05,28.9385,30.1393,28.8811,29.9479,3196200
2003-02-06,28.6323,29.0007,28.4649,28.5845,1966800
2003-02-07,28.2113,29.1107,28.063,29.1107,2233000
2003-02-10,28.2831,28.4027,27.7903,28.2209,2359000
2003-02-11,28.1922,28.728,27.843,28.441,2385000
2003-02-12,28.0774,28.5032,27.886,28.3022,1757600
2003-02-13,27.3693,28.1061,27.1206,28.0152,4447600
2003-02-14,27.7568,27.7568,27.2689,27.3693,3482200
2003-02-18,28.4362,28.5319,28.1204,28.13,2344600
2003-02-19,28.2305,28.4123,27.9147,28.1587,1792200
2003-02-20,28.1204,28.5606,27.9865,28.5079,1292600
2003-02-21,28.5079,28.728,27.709,28.2974,1631800
2003-02-24,27.7999,28.3405,27.7377,28.2257,1219400
2003-02-25,28.13,28.1922,27.2737,27.3885,2081000
2003-02-26,27.9913,28.5558,27.9147,28.0822,1982800
2003-02-27,28.2257,28.4314,27.9195,28.1874,2139400
2003-02-28,28.4984,28.8141,28.2113,28.3692,2186600
2003-03-03,28.5414,28.8954,28.4123,28.7041,1700600
2003-03-04,27.9434,28.5606,27.9434,28.5414,2187600
2003-03-05,28.24,28.24,27.6803,27.9482,1831200
2003-03-06,27.5559,28.1061,27.4459,27.9865,2328600
2003-03-07,28.0822,28.1539,27.1732,27.3263,2052400
2003-03-10,27.0058,28.0869,27.0058,28.0869,2269000
2003-03-11,26.5465,27.1445,26.403,27.0775,2145400
2003-03-12,26.3838,26.5417,26.1016,26.446,2769000
2003-03-13,27.7664,27.7664,26.9722,27.2211,3400800
2003-03-14,27.2593,28.0822,26.9866,27.9721,3585400
2003-03-17,28.8954,29.0342,27.2689,27.3167,4731600
2003-03-18,29.0964,29.1346,28.4888,28.7998,2746400
2003-03-19,28.9624,28.9768,28.3931,28.9242,2106400
2003-03-20,29.0007,29.1825,28.3261,28.8237,2407400
2003-03-21,29.9384,30.034,29.1586,29.4217,3535000
2003-03-24,28.8476,29.5317,28.5462,29.3021,1980000
2003-03-25,28.9529,29.1442,28.6754,28.9672,2190800
2003-03-26,28.8333,28.9959,28.4266,28.9576,2379400
2003-03-27,28.6988,28.9437,28.2858,28.646,2426600
2003-03-28,27.988,28.3818,27.9256,28.3818,3220400
2003-03-31,27.9256,27.9976,27.162,27.6135,3179000
2003-04-01,28.1561,28.2378,27.3974,27.9208,2600400
2003-04-02,29.6497,30.1299,28.1561,28.67,5049600
2003-04-03,29.5872,29.9186,29.3519,29.6497,2165000
2003-04-04,29.6497,29.9186,29.2559,29.6352,2515600
2003-04-07,29.8706,30.9271,29.7793,30.6101,2560200
2003-04-08,29.8561,29.933,29.4191,29.8754,1785600
2003-04-09,29.544,29.981,29.3807,29.3807,2378800
2003-04-10,29.7313,29.8321,29.1742,29.544,1938800
2003-04-11,29.8033,30.4468,29.5392,30.1107,2467000
2003-04-14,30.6389,30.735,29.5824,29.8033,2982800
2003-04-15,30.4228,30.5477,29.9906,30.5429,3719800
2003-04-16,30.2211,30.8214,30.0771,30.4228,2699600
2003-04-17,30.4613,30.4708,30.1155,30.2211,3087200
2003-04-21,30.2788,30.5093,30.1251,30.4613,1612600
2003-04-22,30.7926,30.7926,30.0434,30.2836,2778600
2003-04-23,30.9271,30.9607,30.394,30.9511,2380000
2003-04-24,30.6149,30.9751,30.4564,30.9271,986200
2003-04-25,30.0675,30.5669,29.9954,30.4949,1290200
2003-04-28,31.076,31.1816,30.2547,30.3268,2152800
2003-04-29,30.9511,31.2104,30.735,31.0231,1540000
2003-04-30,30.7254,31.0231,30.5765,30.831,2849200
2003-05-01,30.5765,30.783,29.957,30.735,2535800
2003-05-02,30.9895,31.0231,30.3844,30.5765,2441200
2003-05-05,30.9127,31.3065,30.7302,30.9511,1783400
2003-05-06,31.1192,31.4505,30.8598,30.9559,2182400
2003-05-07,30.8454,31.124,30.5525,31.1192,2053600
2003-05-08,30.5813,30.9895,30.4228,30.6389,1386400
2003-05-09,31.1192,31.2152,30.6389,30.831,1220000
2003-05-12,31.8203,31.8972,30.9271,31.1192,1829800
2003-05-13,31.4649,31.7435,31.2728,31.7003,1596600
2003-05-14,31.0903,31.6522,31.0183,31.585,1767600
2003-05-15,31.7387,31.7819,31.148,31.4553,2038800
2003-05-16,31.5178,31.7915,31.2344,31.4553,2396200
2003-05-19,30.4708,31.4025,30.3988,31.3977,1804000
2003-05-20,30.4276,30.6726,30.1443,30.5909,2161400
2003-05-21,29.9426,30.3796,29.8706,30.2788,2850200
2003-05-22,30.4468,30.6053,30.0627,30.1587,1915800
2003-05-23,30.0627,30.3652,29.8898,30.3508,1565000
2003-05-27,30.3892,30.4804,29.7745,29.9186,3255600
2003-05-28,30.0675,30.6677,30.0483,30.4949,2080200
2003-05-29,29.5584,30.1443,29.2655,30.1107,2909600
2003-05-30,29.7985,30.0146,29.5344,29.6545,3619200
2003-06-02,30.5429,31.0856,29.9426,30.0146,3701400
2003-06-03,30.7782,31.0567,30.5669,30.735,2874600
2003-06-04,30.9271,31.1144,30.687,30.6966,3304600
2003-06-05,31.2392,31.4793,30.687,30.855,2281600
2003-06-06,31.3545,32.1085,31.3161,31.6955,3158600
2003-06-09,31.0279,31.2873,30.855,31.1912,1504800
2003-06-10,31.0951,31.2104,30.8935,31.0279,1187400
2003-06-11,31.8155,31.8155,31.0567,31.0951,1943800
2003-06-12,32.3198,32.5935,31.7723,31.9116,3096000
2003-06-13,31.7051,32.3198,31.5898,32.3198,2772800
2003-06-16,32.5695,32.5695,31.7435,31.9116,2302200
2003-06-17,32.6944,32.7856,32.339,32.4638,2937600
2003-06-18,32.2237,32.4686,31.6955,32.4638,2319000
2003-06-19,31.7675,32.3678,31.7195,32.1757,2102800
2003-06-20,31.9404,32.4014,31.7675,32.1277,2583400
2003-06-23,31.8107,31.9452,31.7099,31.9404,2341600
2003-06-24,31.8827,32.1608,31.8059,31.9308,1878200
2003-06-25,31.9164,32.1901,31.7003,31.9116,2729800
2003-06-26,32.1911,32.3356,31.6417,31.9212,2909600
2003-06-27,31.6658,32.0417,31.5212,31.9983,2003200
2003-06-30,31.7332,31.9501,31.3959,31.7862,3913600
2003-07-01,31.6609,31.6899,30.8947,31.685,3154200
2003-07-02,31.9742,32.0465,31.5646,31.6128,1631200
2003-07-03,31.6176,31.9501,31.3574,31.7814,1152600
2003-07-07,32.1573,32.3163,31.8248,31.8296,1267800
2003-07-08,32.3934,32.432,31.8923,32.1573,1200800
2003-07-09,32.0609,32.4754,31.9501,32.3115,1089400
2003-07-10,31.5887,32.0368,31.3236,32.0368,1396400
2003-07-11,31.8152,32.1188,31.6369,31.7091,1687000
2003-07-14,31.6561,32.1043,31.6176,31.9983,1821200
2003-07-15,31.4345,31.8923,31.2754,31.8055,2820000
2003-07-16,31.4248,31.7573,31.2754,31.6369,2082400
2003-07-17,32.0947,32.2151,31.4248,31.4248,3035000
2003-07-18,32.5525,32.566,32.4262,32.4802,2742600
2003-07-21,32.4946,32.697,32.2489,32.697,2789000
2003-07-22,31.9356,32.3886,31.6658,32.3838,3876600
2003-07-23,32.6199,32.6199,31.8296,31.9405,2811400
2003-07-24,32.0609,32.8802,31.9935,32.7693,1803400
2003-07-25,32.8127,32.9139,31.9019,32.1188,2194400
2003-07-28,32.8705,32.9139,32.3597,32.712,2656600
2003-07-29,33.2223,33.2994,32.673,32.991,3713600
2003-07-30,33.2271,33.3717,33.0295,33.2753,1585000
2003-07-31,33.5645,34.0464,33.203,33.4922,3011600
2003-08-01,33.4199,33.5934,33.2223,33.5404,1788000
2003-08-04,33.444,33.5645,32.7934,33.3476,1626400
2003-08-05,33.0922,33.3717,32.9524,33.3476,1850800
2003-08-06,32.9284,33.2609,32.7645,33.0922,1631400
2003-08-07,32.7693,32.9187,32.5621,32.9139,1754800
2003-08-08,32.9284,32.938,32.7115,32.8898,1202000
2003-08-11,33.0392,33.2512,32.8272,32.9284,1345800
2003-08-12,33.6416,33.6416,32.8946,33.2271,1254000
2003-08-13,33.8343,33.8343,33.5404,33.6416,1826000
2003-08-14,34.3355,34.5668,33.7331,33.7331,2076600
2003-08-15,34.3741,34.4078,33.7331,34.3355,1195400
2003-08-18,34.7741,34.8078,34.3451,34.3741,1784400
2003-08-19,34.6391,34.7933,34.3789,34.7451,1576400
2003-08-20,34.5572,34.6246,34.3548,34.5765,1301400
2003-08-21,34.9909,35.0294,34.6536,34.6969,1645200
2003-08-22,34.4897,35.1692,34.4367,35.0343,1341600
2003-08-25,34.5186,34.5234,34.2632,34.4753,1306800
2003-08-26,34.297,34.5186,34.0801,34.5186,2432800
2003-08-27,34.1717,34.35,34.0897,34.297,1804200
2003-08-28,34.4078,34.4704,33.9693,34.2921,1240200
2003-08-29,34.8367,34.8752,34.4078,34.4078,1474200
2003-09-02,35.6077,35.6608,34.8174,34.8174,1930200
2003-09-03,35.3331,35.6608,35.2174,35.5595,1726200
2003-09-04,35.3041,35.5885,35.1065,35.3331,1095400
2003-09-05,34.9427,35.2029,34.6439,35.2029,1413600
2003-09-08,35.015,35.5065,34.9379,34.9909,1356000
2003-09-09,34.7548,35.1114,34.6584,34.8222,1682000
2003-09-10,34.003,34.7499,33.9452,34.7307,1487000
2003-09-11,34.2825,34.5668,34.0994,34.0994,1897400
2003-09-12,34.4078,34.5476,33.8151,34.1187,1656800
2003-09-15,34.2295,34.4801,34.0946,34.4078,1523800
2003-09-16,34.7307,34.7307,34.215,34.215,1834000
2003-09-17,34.2825,34.8415,34.2825,34.8415,1795400
2003-09-18,34.668,34.7692,34.2873,34.3837,1282600
2003-09-19,34.7548,35.1307,34.562,34.6584,1759800
2003-09-22,34.0849,34.3982,33.9837,34.3741,1584400
2003-09-23,33.9885,34.0946,33.9018,34.0946,1389000
2003-09-24,33.2753,33.9982,33.0006,33.9548,2471200
2003-09-25,32.9043,33.3235,32.8754,33.2994,1593000
2003-09-26,32.6528,32.9043,32.5464,32.8366,1770800
2003-09-29,32.7689,32.8124,32.2804,32.6576,2151000
2003-09-30,32.0435,32.7785,31.9999,32.764,3306400
2003-10-01,32.7108,32.7108,31.8597,32.0435,4744200
2003-10-02,33.1848,33.267,32.706,32.706,1644000
2003-10-03,33.4266,34.0117,33.1896,33.1896,2060800
2003-10-06,33.5233,33.7409,33.3685,33.4266,1117600
2003-10-07,33.4169,33.5233,33.1315,33.5233,2371800
2003-10-08,33.4507,33.4894,33.221,33.4169,1155800
2003-10-09,33.6974,33.8473,33.4507,33.4507,1944800
2003-10-10,33.915,33.9972,33.6925,33.6974,1802600
2003-10-13,34.326,34.3841,33.9972,33.9972,948200
2003-10-14,34.2777,34.3551,34.0746,34.2293,1718400
2003-10-15,34.3792,34.4663,34.0117,34.3599,2310200
2003-10-16,34.3357,34.887,34.239,34.3599,4660400
2003-10-17,34.5582,34.7516,34.1665,34.4566,2001800
2003-10-20,34.8193,34.916,34.505,34.5727,1616000
2003-10-21,34.6936,34.8967,34.6259,34.7226,1418200
2003-10-22,34.2873,34.7033,34.239,34.7033,1731400
2003-10-23,34.3938,34.5243,34.2197,34.2632,1259000
2003-10-24,34.2777,34.3744,33.9924,34.3357,1318000
2003-10-27,34.6404,34.771,34.3406,34.3406,1444800
2003-10-28,34.326,34.8048,33.9392,34.6356,3179800
2003-10-29,34.8,34.8967,34.3551,34.3841,2057400
2003-10-30,35.4528,35.4915,34.829,35.0031,2552400
2003-10-31,35.5109,35.6511,35.361,35.4577,2051400
2003-11-03,35.8929,35.9993,35.7043,35.7865,1824310
2003-11-04,35.951,36.1831,35.714,35.8929,1733626
2003-11-05,36.0767,36.1396,35.9074,35.9461,1345400
2003-11-06,36.57,36.6135,35.9703,35.98,1974000
2003-11-07,36.4684,36.6909,36.4394,36.57,1789800
2003-11-10,36.2314,36.5651,35.7382,36.4684,2083400
2003-11-11,36.3475,36.4394,36.0332,36.3088,1964000
2003-11-12,36.9133,36.9568,35.6946,36.3427,1740400
2003-11-13,36.7924,36.9375,36.6522,36.8891,2158800
2003-11-14,36.6425,37.1165,36.5361,36.8988,1708800
2003-11-17,36.5023,36.686,36.2024,36.686,1548600
2003-11-18,36.1976,36.7054,36.1396,36.5845,2215400
2003-11-19,36.3669,36.5119,36.038,36.1734,1202200
2003-11-20,36.0622,36.391,35.9558,36.3717,2006000
2003-11-21,35.9074,36.1009,35.6995,36.067,1422200
2003-11-24,36.4539,36.4539,35.9074,35.9074,1635400
2003-11-25,37.837,37.8805,36.4491,36.4491,3365800
2003-11-26,37.6436,37.8177,37.5323,37.8177,1560200
2003-11-28,37.7693,37.8128,37.6097,37.6097,672400
2003-12-01,38.664,38.7075,37.7306,37.7306,2158000
2003-12-02,38.5189,38.5721,38.3013,38.3255,2392400
2003-12-03,38.8913,39.5635,38.5189,38.5189,3009600
2003-12-04,39.2346,39.2685,38.7994,38.8332,2286400
2003-12-05,39.3168,39.5828,39.2201,39.2685,2417800
2003-12-08,39.5344,39.607,38.9783,39.2201,1954800
2003-12-09,39.9939,40.255,39.5296,39.5296,3016200
2003-12-10,39.5344,39.989,39.283,39.989,2587000
2003-12-11,39.5054,39.7134,39.4135,39.5393,2540600
2003-12-12,39.3845,39.5344,39.2926,39.5344,1419600
2003-12-15,39.5344,40.2067,39.5344,39.8971,2169200
2003-12-16,39.5441,39.6553,39.1766,39.5344,2426000
2003-12-17,39.5635,39.5683,39.1717,39.4232,1885600
2003-12-18,40.4098,40.4098,39.4135,39.607,1918800
2003-12-19,40.0664,40.5452,39.8585,40.3807,2430000
2003-12-22,40.5403,40.5403,40.1631,40.1873,1355400
2003-12-23,40.5887,40.9611,40.4049,40.5307,1524200
2003-12-24,40.2308,40.579,40.1873,40.579,513400
2003-12-26,40.4726,40.5403,40.3227,40.3517,299600
2003-12-29,40.7879,40.8121,40.429,40.7879,1271800
2003-12-30,40.5939,40.817,40.3902,40.817,1342400
2003-12-31,40.6666,40.7927,40.3999,40.6521,994800
2004-01-02,40.075,40.8509,39.9634,40.817,1697000
2004-01-05,40.7248,40.7394,40.1574,40.1574,1481800
2004-01-06,40.7345,40.8364,40.3029,40.6763,1564600
2004-01-07,40.5696,40.7636,40.2495,40.6424,2247000
2004-01-08,40.6327,40.6618,40.138,40.6424,1362600
2004-01-09,39.9246,40.6327,39.8373,40.6327,1187400
2004-01-12,40.4969,40.5357,39.9634,39.9877,1176400
2004-01-13,40.6618,41.0401,40.2059,40.5454,1320600
2004-01-14,41.0498,41.108,40.6424,40.8121,1051400
2004-01-15,41.1177,41.2244,40.6909,41.1274,1240200
2004-01-16,40.9964,41.2244,40.8994,41.2001,1725600
2004-01-20,39.3087,40.8024,39.1729,40.8024,4240200
2004-01-21,39.8082,39.8615,39.202,39.3572,2375000
2004-01-22,39.6433,40.1089,39.556,39.6094,1415800
2004-01-23,39.8325,40.1234,39.6336,39.8664,1584400
2004-01-26,39.6578,39.8276,39.2311,39.7839,1395000
2004-01-27,39.1777,39.9149,39.1632,39.9149,2029800
2004-01-28,38.6345,39.5657,38.5084,39.2747,2046200
2004-01-29,37.6112,38.9304,37.2959,38.6103,3882800
2004-01-30,37.8779,38.0962,37.0049,37.0049,3708600
2004-02-02,37.8391,38.3532,37.7276,38.2126,2485000
2004-02-03,37.8197,38.3629,37.3444,37.4026,2836800
2004-02-04,37.3444,37.8246,37.325,37.8246,2254200
2004-02-05,37.9798,38.2417,37.228,37.4657,1913600
2004-02-06,38.489,38.6103,37.9264,37.9507,2210400
2004-02-09,38.0186,38.3872,37.8731,38.3678,1597600
2004-02-10,38.2126,38.2853,37.8294,37.8779,1338200
2004-02-11,38.7752,38.9498,37.9798,37.9798,1679400
2004-02-12,38.717,39.0759,38.4454,38.4842,2031000
2004-02-13,38.2368,38.877,38.1738,38.814,1613000
2004-02-17,38.426,38.5472,37.5578,38.3387,2389800
2004-02-18,38.2417,38.6685,38.0913,38.489,1212400
2004-02-19,38.2659,38.877,38.2659,38.5569,1564400
2004-02-20,38.4987,38.5569,38.1301,38.4357,2089200
2004-02-23,38.5521,38.6539,38.3144,38.523,1981000
2004-02-24,38.0477,38.7073,37.8003,38.5521,2876000
2004-02-25,38.4599,38.5472,37.8876,38.0574,1366400
2004-02-26,38.6636,38.7024,38.1107,38.7024,1738000
2004-02-27,38.5666,38.7994,37.9701,37.9701,2508800
2004-03-01,38.7509,39.0419,38.6879,38.7994,2104600
2004-03-02,38.392,38.7994,38.2174,38.6539,1505600
2004-03-03,38.4114,38.6054,38.1641,38.3823,1314400
2004-03-04,38.2126,38.4551,37.9119,38.4114,1578200
2004-03-05,38.1786,38.6927,37.9749,38.2174,1991400
2004-03-08,37.4511,38.0622,37.4511,37.9507,2305600
2004-03-09,37.068,37.553,36.7818,37.4851,3425800
2004-03-10,36.2726,37.1262,36.195,37.068,2222600
2004-03-11,35.6082,36.2823,35.3657,35.419,4377400
2004-03-12,36.7091,36.7285,36.2726,36.2775,3703800
2004-03-15,36.9467,37.1698,36.229,37.0292,4728600
2004-03-16,37.3202,37.7324,36.9467,37.3444,4141000
2004-03-17,37.8537,38.004,37.3929,37.3929,2466600
2004-03-18,37.7033,37.8925,37.3347,37.5384,1762000
2004-03-19,37.4075,37.8003,37.3347,37.5433,1743600
2004-03-22,36.7624,37.4026,36.5151,37.2232,2277400
2004-03-23,36.6218,37.0486,36.4908,36.9564,2510400
2004-03-24,36.5539,36.7382,36.1368,36.4472,1977400
2004-03-25,37.4996,37.5724,36.4521,36.7043,2394000
2004-03-26,37.4414,37.7664,37.1747,37.4511,1697000
2004-03-29,37.9912,38.1907,37.6895,37.8209,1339400
2004-03-30,38.3512,38.4193,37.9523,37.9961,2495000
2004-03-31,38.5458,38.6334,38.142,38.4291,2220800
2004-04-01,38.3707,38.648,38.2004,38.4096,1692800
2004-04-02,38.7501,38.8134,38.3755,38.6723,2160000
2004-04-05,39.5383,39.5383,38.682,38.8474,2421000
2004-04-06,39.6891,39.728,39.2123,39.2123,1973400
2004-04-07,39.1442,39.5626,38.9691,39.5383,1622400
2004-04-08,39.2318,39.5821,39.1442,39.2075,1780000
2004-04-12,39.3972,39.6599,39.3242,39.5091,959200
2004-04-13,38.8815,39.4118,38.7015,39.4069,1740200
2004-04-14,39.222,39.3777,38.8523,38.9107,2499600
2004-04-15,39.9372,39.9372,39.3777,39.4021,2999800
2004-04-16,40.4724,40.5405,39.9518,40.1805,2679000
2004-04-19,40.4772,40.7545,40.3945,40.3945,2559600
2004-04-20,40.6913,41.3043,40.6864,41.2994,4005200
2004-04-21,41.5962,41.64,40.5307,40.6962,4946800
2004-04-22,43.4887,43.4936,41.6205,41.6205,6315600
2004-04-23,42.8611,43.2649,42.2335,43.26,3521800
2004-04-26,42.3454,43.153,42.2724,42.5595,2698200
2004-04-27,42.8806,43.3963,42.6373,42.7151,3615600
2004-04-28,41.893,42.7638,41.6935,42.7589,2127800
2004-04-29,41.9367,42.3308,41.6838,41.893,2224600
2004-04-30,41.9416,42.36,41.7421,41.9805,2677400
2004-05-03,42.5789,42.5789,42.0292,42.2286,2332800
2004-05-04,42.5887,43.0557,42.1946,42.4281,2032200
2004-05-05,42.6179,42.8173,42.2335,42.4427,1750600
2004-05-06,42.3308,42.5741,42.0,42.54,1471200
2004-05-07,41.8297,42.6665,41.5524,42.107,4300200
2004-05-10,40.7643,41.6497,40.4675,41.6448,3414600
2004-05-11,41.0221,41.1778,40.628,40.8421,3931800
2004-05-12,41.6351,41.6594,40.4334,40.9881,3349200
2004-05-13,41.0708,41.6108,41.0221,41.2556,2295200
2004-05-14,41.674,41.9805,40.9881,41.7908,2318200
2004-05-17,41.28,41.3627,40.701,41.3481,1684200
2004-05-18,41.5865,41.7567,41.2216,41.2313,2096600
2004-05-19,41.674,42.4865,41.6059,41.9367,2260800
2004-05-20,42.0341,42.1751,41.567,41.7178,2944200
2004-05-21,42.4476,42.467,42.1605,42.2286,2731800
2004-05-24,43.0071,43.0606,42.6616,42.6665,3572200
2004-05-25,43.8341,44.0141,42.9,43.0071,4990000
2004-05-26,43.6395,43.873,43.5179,43.5909,3927200
2004-05-27,43.6882,43.912,43.333,43.6395,4544800
2004-05-28,43.7271,43.8049,43.5666,43.6882,2457800
2004-06-01,44.4179,44.5166,43.7262,43.7855,3247400
2004-06-02,45.2693,45.4785,44.4179,44.4179,3604000
2004-06-03,45.1477,45.3666,45.0066,45.2207,2669600
2004-06-04,44.8996,45.3326,44.885,45.245,2406200
2004-06-07,45.7315,46.0234,45.0163,45.0212,2748600
2004-06-08,45.8093,45.892,45.4104,45.7315,2634000
2004-06-09,45.9066,46.2667,45.7947,45.9164,4105200
2004-06-10,45.892,46.0769,45.7802,45.8774,1963800
2004-06-14,45.2207,45.6391,45.1866,45.5369,2014800
2004-06-15,44.8266,45.6099,44.739,45.6099,5129400
2004-06-16,44.8217,45.0017,44.345,44.7536,3679800
2004-06-17,44.9774,45.0601,44.705,44.8169,2294000
2004-06-18,45.1331,45.4639,44.6806,44.6806,1897800
2004-06-21,44.9385,45.3228,44.885,45.0504,1555200
2004-06-22,45.1915,45.3471,44.9628,45.0504,2595400
2004-06-23,45.8628,45.9504,45.0261,45.1477,1859200
2004-06-24,46.1158,46.145,45.7266,45.7412,2223200
2004-06-25,46.4856,46.9283,46.1207,46.2277,3892000
2004-06-28,46.4222,47.1635,46.3783,47.066,2483000
2004-06-29,46.627,46.7392,46.4417,46.4417,2198200
2004-06-30,46.7685,46.8563,46.1344,46.4612,1934600
2004-07-01,46.1734,47.1147,45.8564,47.066,3338400
2004-07-02,45.6662,46.3295,45.5199,46.3295,2427400
2004-07-06,45.1833,45.5735,45.0078,45.5052,2006800
2004-07-07,45.1394,45.8028,45.1297,45.2614,2215400
2004-07-08,44.9736,45.2809,44.4859,45.0175,2057200
2004-07-09,45.5735,45.7735,45.2711,45.3931,2424000
2004-07-12,45.2955,45.6516,45.1004,45.5784,2066200
2004-07-13,45.2467,45.3833,45.1882,45.2614,1181000
2004-07-14,45.3102,45.4857,44.9492,45.1151,1937000
2004-07-15,45.276,45.5784,45.1053,45.3102,1816600
2004-07-16,45.6955,45.91,45.4467,45.554,2033400
2004-07-19,45.1443,45.871,44.8809,45.7003,2545200
2004-07-20,44.9297,45.2663,44.6273,45.159,1956800
2004-07-21,42.3106,44.0079,42.135,43.7787,8225800
2004-07-22,42.6423,43.0178,42.3008,42.3106,5309200
2004-07-23,42.3594,42.8227,42.0424,42.5203,3078400
2004-07-26,42.8325,42.9105,42.2765,42.3008,3475600
2004-07-27,43.2812,43.2861,42.7447,42.8325,2609800
2004-07-28,43.6763,43.8616,43.0763,43.1153,2721800
2004-07-29,44.0713,44.2615,43.5787,43.6811,2727400
2004-07-30,44.1493,44.3103,43.7201,44.0762,2837800
2004-08-02,43.9933,44.1591,43.7348,44.1493,2483600
2004-08-03,44.0323,44.1152,43.569,43.9445,3095000
2004-08-04,44.4127,44.5249,43.8713,43.8957,2670800
2004-08-05,43.6031,44.4859,43.5348,44.4127,2778200
2004-08-06,42.7008,43.408,42.535,43.408,2883400
2004-08-09,42.8569,43.1739,42.7057,42.7057,1698000
2004-08-10,43.6372,43.6421,42.9398,42.9398,2326200
2004-08-11,43.7006,43.8323,43.1056,43.5787,2131200
2004-08-12,43.0666,43.7055,42.8569,43.7006,2376000
2004-08-13,42.891,43.7201,42.6471,43.0715,2430000
2004-08-16,43.6177,43.9689,42.6764,42.891,3010200
2004-08-17,43.8421,44.1347,43.7445,43.7738,2419000
2004-08-18,44.3688,44.4517,43.5738,43.8372,2642400
2004-08-19,43.8957,44.6029,43.5397,44.3688,2664600
2004-08-20,44.2615,44.4127,43.5982,43.7738,2238200
2004-08-23,44.1445,44.5785,44.1103,44.3591,1677400
2004-08-24,44.2127,44.7249,43.9884,44.3883,3067200
2004-08-25,44.6225,44.9248,43.8031,44.3347,1848000
2004-08-26,44.7346,44.92,44.4371,44.5249,1329200
2004-08-27,44.8907,44.9005,44.5347,44.8565,949200
2004-08-30,44.4127,44.8907,44.4078,44.8907,1024400
2004-08-31,44.5249,47.1538,44.1006,44.5347,1733000
2004-09-01,44.7346,45.0175,44.3347,44.6468,1473400
2004-09-02,45.1638,45.276,44.5688,44.7444,1363200
2004-09-03,45.3687,45.5979,45.1638,45.2614,1390000
2004-09-07,45.1882,45.6955,44.9931,45.5784,2656800
2004-09-08,44.6907,45.2028,44.6858,45.1151,2027000
2004-09-09,43.7982,44.2371,43.369,44.2176,4287800
2004-09-10,43.3934,43.6909,42.9398,43.6275,3347600
2004-09-13,43.6763,44.2176,43.447,43.4812,2727600
2004-09-14,43.1153,43.8226,42.8032,43.7982,3960200
2004-09-15,43.1544,43.2568,42.7057,43.0422,3416200
2004-09-16,44.3786,44.5542,43.6275,43.8957,4619200
2004-09-17,44.8712,45.2565,44.5249,45.2565,4205200
2004-09-20,44.5981,44.9882,44.5298,44.5444,2131000
2004-09-21,45.1199,45.2906,44.8712,44.8956,2193800
2004-09-22,44.6127,45.1248,44.5151,45.1248,2025200
2004-09-23,44.203,44.6712,44.1396,44.5395,2363400
2004-09-24,44.5395,44.7444,44.0372,44.1396,1749000
2004-09-27,44.1884,44.481,44.0762,44.481,1800200
2004-09-28,44.7119,44.9467,43.9829,44.1884,1871600
2004-09-29,45.2745,45.3528,44.57,44.5944,2133000
2004-09-30,45.5827,45.8518,45.0543,45.2745,2787200
2004-10-01,46.3312,46.4438,45.7442,45.8665,2745400
2004-10-04,46.16,47.2706,46.16,46.6003,3797800
2004-10-05,45.9252,46.2823,45.8469,46.2579,2384400
2004-10-06,46.5905,46.6248,45.8909,45.8909,2316800
2004-10-07,46.116,46.6737,46.1111,46.5759,1583600
2004-10-08,45.6267,46.2628,45.4506,46.0964,1567000
2004-10-11,45.6218,45.9643,45.617,45.7442,829600
2004-10-12,45.2745,45.5044,45.113,45.4995,1916600
2004-10-13,44.5015,45.8127,44.3743,45.5729,3140400
2004-10-14,44.1982,44.6678,43.9584,44.6678,3047800
2004-10-15,44.6629,44.888,44.2764,44.57,2661800
2004-10-18,44.3254,44.5259,43.6844,44.5211,3659600
2004-10-19,43.479,44.7412,43.4398,44.3743,3922400
2004-10-20,43.5964,43.9095,43.4203,43.5328,2679800
2004-10-21,43.9095,44.2177,42.7989,43.5475,2953600
2004-10-22,43.5964,44.2422,43.5915,43.934,1591200
2004-10-25,43.6796,43.8312,43.2979,43.3469,1604000
2004-10-26,44.1786,44.1786,43.43,43.7285,1908000
2004-10-27,44.4672,44.614,43.7383,44.0563,1721000
2004-10-28,44.5651,44.8488,44.0465,44.2764,1642000
2004-10-29,45.1473,45.2109,44.5308,44.5944,1702200
2004-11-01,44.8586,45.2451,44.7021,45.0739,1854200
2004-11-02,44.5211,45.4506,44.4672,44.7901,2561000
2004-11-03,45.2305,45.3283,44.6678,44.6923,2804200
2004-11-04,46.3166,46.3264,45.3381,45.4506,2485400
2004-11-05,46.3704,46.8939,46.1894,46.3215,3121000
2004-11-08,46.3068,46.4144,46.2334,46.3459,2840800
2004-11-09,46.204,46.4585,46.16,46.4291,2131200
2004-11-10,45.9154,46.4046,45.8958,46.4046,2163600
2004-11-11,46.6933,46.8498,45.9643,45.9888,2075000
2004-11-12,46.9575,46.9575,46.341,46.571,1472400
2004-11-15,46.7471,47.2119,46.5954,46.9575,2069400
2004-11-16,46.16,46.659,46.0817,46.6248,2466400
2004-11-17,46.3312,46.7373,45.9545,45.9888,1921800
2004-11-18,46.8205,46.8939,46.3117,46.3802,1804400
2004-11-19,46.4193,46.845,46.204,46.8205,1904000
2004-11-22,46.9624,46.9673,46.3361,46.5172,1581800
2004-11-23,46.6639,46.9673,46.478,46.9281,1676000
2004-11-24,46.7667,46.9232,46.6248,46.8352,1088600
2004-11-26,46.8303,47.0162,46.7031,46.8156,728600
2004-11-29,46.5954,47.0945,46.0377,46.9917,1822000
2004-11-30,46.1013,46.5563,46.0377,46.2334,2665600
2004-12-01,46.7862,46.8792,46.1111,46.3312,1988800
2004-12-02,46.5123,46.7373,46.2579,46.7226,2188400
2004-12-03,46.4927,47.07,46.2481,46.3312,2816800
2004-12-06,46.3949,46.6248,46.0646,46.16,1522400
2004-12-07,46.0181,46.6737,45.9888,46.4927,2349000
2004-12-08,46.2432,46.3802,45.9398,46.1649,1688800
2004-12-09,46.204,46.4536,45.5925,46.0866,2102000
2004-12-10,45.8322,46.4242,45.8078,46.0817,1543600
2004-12-13,45.8909,46.0817,45.6414,46.0377,1803800
2004-12-14,45.6952,45.935,45.5827,45.8958,2526800
2004-12-15,45.0984,45.7735,45.0005,45.7001,3583800
2004-12-16,44.9418,45.2989,44.7021,45.206,3310600
2004-12-17,44.8635,44.9614,44.4917,44.5211,5408400
2004-12-20,45.3772,45.5191,44.8635,44.8635,2481400
2004-12-21,45.5631,45.9301,45.1718,45.6218,2410400
2004-12-22,45.7197,45.7442,45.4041,45.4262,1787800
2004-12-23,45.8714,45.9937,45.6659,45.8176,1366200
2004-12-27,45.5485,46.1013,45.5485,45.886,1625200
2004-12-28,45.6855,45.8616,45.4555,45.6708,1551200
2004-12-29,45.4995,45.5974,45.2941,45.4995,968400
2004-12-30,45.4506,45.7931,45.2549,45.6805,886000
2004-12-31,45.343,45.6561,45.3185,45.4506,861600
2005-01-03,45.0886,45.6023,44.844,45.5044,2381800
2005-01-04,44.8048,45.3185,44.5895,45.2109,2747400
2005-01-05,45.069,45.5876,44.7901,44.7901,3397000
2005-01-06,44.5846,45.4017,44.5651,45.3136,4081600
2005-01-07,44.5308,44.6678,44.0563,44.6336,3391600
2005-01-10,44.6483,44.9027,44.4868,44.5308,3338400
2005-01-11,44.4819,44.6825,44.3743,44.4721,3555400
2005-01-12,44.5308,44.5308,44.1786,44.3498,2798200
2005-01-13,44.1541,44.6189,44.0289,44.5211,2005400
2005-01-14,44.8195,44.9222,44.1443,44.1639,2245400
2005-01-18,44.7021,44.9858,44.1248,44.8195,3345200
2005-01-19,44.6434,44.9809,44.5553,44.6189,2155400
2005-01-20,43.7383,44.6434,43.6551,44.6434,2796800
2005-01-21,42.9066,43.8606,42.9066,43.6404,4143600
2005-01-24,42.7109,43.4692,42.7109,43.0289,2986400
2005-01-25,42.8038,43.3224,42.7744,42.8087,2564200
2005-01-26,42.5641,43.0093,42.4173,42.8087,3187400
2005-01-27,42.202,42.4907,41.8791,42.0748,5482600
2005-01-28,42.4613,42.4613,41.8596,42.202,2491000
2005-01-31,42.5543,42.75,42.202,42.4613,2553800
2005-02-01,42.931,43.1805,42.3586,42.5641,2598000
2005-02-02,42.8576,42.8772,42.5837,42.7598,2218800
2005-02-03,42.6424,42.7598,42.4515,42.6962,1714200
2005-02-04,42.8087,42.8087,42.3439,42.5298,1720600
2005-02-07,42.7206,42.8283,42.5151,42.8038,1837200
2005-02-08,43.0044,43.1756,42.6179,43.1267,1887400
2005-02-09,42.52,42.9995,42.432,42.9555,2131000
2005-02-10,43.1463,43.3126,42.5249,42.5445,2167800
2005-02-11,43.5328,43.9095,42.8674,43.1463,2200800
2005-02-14,43.4252,43.704,43.3175,43.6551,1038200
2005-02-15,43.205,43.6013,43.0827,43.5132,1288800
2005-02-16,43.4888,43.567,42.7989,42.8087,1735000
2005-02-17,44.5993,44.658,43.7872,44.1786,3778800
2005-02-18,44.7657,44.8391,44.5895,44.7314,3156000
2005-02-22,43.7578,44.7657,43.7578,44.7657,2635000
2005-02-23,44.0954,44.203,43.5964,43.7627,2067200
2005-02-24,43.9976,44.0807,43.6649,44.0318,2669000
2005-02-25,44.252,44.3449,43.8361,43.8361,2251600
2005-02-28,43.9095,44.203,43.6991,43.8899,2217800
2005-03-01,44.658,44.6874,44.0025,44.0318,1851800
2005-03-02,44.4232,44.4232,44.1297,44.3645,2756000
2005-03-03,44.6923,44.8293,44.3254,44.5211,2333200
2005-03-04,45.8078,45.8909,44.7168,45.0103,2793800
2005-03-07,45.5876,45.8518,45.4947,45.8029,1782600
2005-03-08,45.4066,45.6757,45.2892,45.4262,1671400
2005-03-09,45.2207,45.5142,44.9907,45.2549,1854000
2005-03-10,45.617,45.6316,45.1571,45.5485,2299000
2005-03-11,45.5338,45.7882,45.3772,45.5044,2051200
2005-03-14,45.4751,45.8127,45.4164,45.5289,2127200
2005-03-15,46.1307,46.3019,45.6267,45.7833,3342800
2005-03-16,45.7539,45.8763,45.431,45.7686,2876400
2005-03-17,45.5582,45.7344,45.4017,45.6218,1742000
2005-03-18,45.1962,45.8176,45.1962,45.6218,5315600
2005-03-21,45.0984,45.3381,44.9418,45.2011,1988600
2005-03-22,45.0005,45.4995,44.9076,45.0396,1777200
2005-03-23,45.0103,45.1815,44.7853,44.9956,2490000
2005-03-24,44.8146,45.2354,44.7412,45.0103,2038200
2005-03-28,44.3939,44.8195,44.3058,44.8195,3841800
2005-03-29,43.442,44.5511,43.4272,44.3646,3687200
2005-03-30,43.9867,44.1683,43.442,43.7266,2585800
2005-03-31,43.9376,44.2615,43.8248,43.9867,2048200
2005-04-01,43.8051,44.2861,43.6628,44.2125,2337200
2005-04-04,43.8837,43.9425,43.4567,43.8493,1600600
2005-04-05,44.4284,44.4431,43.8787,43.8837,1963800
2005-04-06,44.291,44.7228,44.1683,44.5511,1796400
2005-04-07,44.7376,44.8063,44.2272,44.3891,4295400
2005-04-08,44.3597,44.8456,44.3597,44.7572,1201400
2005-04-11,44.2861,44.4039,44.1339,44.3057,1177000
2005-04-12,44.7768,44.9142,43.9965,44.2664,1833800
2005-04-13,43.7511,44.8063,43.6579,44.7768,2099000
2005-04-14,42.75,43.8002,42.5439,43.7462,2737800
2005-04-15,41.7489,42.9905,41.7489,42.8727,3633000
2005-04-18,42.323,42.6469,41.4446,41.7489,4522200
2005-04-19,43.0886,43.6775,42.7451,43.4322,3310000
2005-04-20,42.2249,43.3536,42.22,43.0886,2141200
2005-04-21,42.4506,42.6666,42.2347,42.6469,4253600
2005-04-22,41.7685,42.8187,41.2777,42.8187,2466400
2005-04-25,42.1366,42.3525,41.9353,42.0826,1778800
2005-04-26,41.2581,42.1169,41.2581,42.1071,1558400
2005-04-27,41.474,41.5869,40.5121,41.1452,1582800
2005-04-28,40.6103,41.3415,40.576,41.1256,1942200
2005-04-29,41.1354,41.2286,40.3109,40.9784,2005200
2005-05-02,41.2041,41.6163,40.8311,41.0765,1608600
2005-05-03,41.371,41.7096,41.0127,41.1011,2073800
2005-05-04,41.9942,42.004,41.3984,41.4544,2316800
2005-05-05,41.6851,42.058,41.4102,41.8863,1722200
2005-05-06,41.8274,42.1533,41.793,41.8077,2110000
2005-05-09,41.7979,41.8372,41.4053,41.7832,1704200
2005-05-10,41.0814,41.4691,41.0127,41.4151,1489600
2005-05-11,41.4789,41.528,40.8115,41.1403,2635200
2005-05-12,41.0127,42.3083,40.998,42.3083,2972200
2005-05-13,40.2815,41.1452,40.1195,41.1452,2652600
2005-05-16,40.8802,40.9195,40.0705,40.2815,1657200
2005-05-17,41.5231,41.5673,40.6692,40.7084,1678600
2005-05-18,41.7979,41.955,41.5329,41.7145,1671200
2005-05-19,41.4544,42.1267,41.3219,41.7881,1605400
2005-05-20,41.155,41.5084,40.9882,41.4544,2036200
2005-05-23,41.8814,42.0335,41.2139,41.2237,1563400
2005-05-24,41.7145,41.7832,41.3464,41.7832,2603400
2005-05-25,41.528,41.5967,41.1648,41.5918,2097000
2005-05-26,41.7538,41.8568,41.5329,41.7636,1937800
2005-05-27,41.9746,42.0629,41.69,41.7783,1113400
2005-05-31,41.4348,41.9599,41.371,41.901,2049000
2005-06-01,42.0678,42.2543,41.4642,41.474,2036800
2005-06-02,41.9746,42.0335,41.5869,41.8274,1656800
2005-06-03,41.7979,42.0826,41.6507,41.9746,1885800
2005-06-06,41.6703,41.9746,41.6703,41.7489,2283400
2005-06-07,42.0433,42.2691,41.5918,41.6753,2356400
2005-06-08,41.2139,42.2004,41.1845,42.1562,4120800
2005-06-09,40.4631,41.1698,40.3404,41.1501,4459400
2005-06-10,39.9968,40.522,39.1822,40.468,5282200
2005-06-13,40.4533,40.8508,40.0459,40.0459,3486200
2005-06-14,40.4434,40.6446,40.1735,40.4533,2490200
2005-06-15,40.4631,40.8459,39.3785,39.3785,8329400
2005-06-16,40.6839,40.9293,40.4091,40.414,3500600
2005-06-17,40.9686,41.1354,40.7624,40.9195,3919600
2005-06-20,41.106,41.1305,40.7133,40.8557,2286000
2005-06-21,40.9489,41.1796,40.8753,40.9833,2638000
2005-06-22,40.4238,41.052,40.414,40.9293,2373400
2005-06-23,40.1784,40.5121,39.8153,40.4287,3541400
2005-06-24,39.5993,40.0508,39.349,39.9478,3232600
2005-06-27,39.2705,39.646,39.2705,39.6042,3180000
2005-06-28,40.0093,40.0585,39.3887,39.3887,2101600
2005-06-29,39.8615,40.1718,39.7532,39.9354,1806400
2005-06-30,39.241,39.6301,38.9012,38.9061,3013000
2005-07-01,39.4725,39.7926,39.3592,39.3592,2079400
2005-07-05,40.0536,40.1373,39.5759,39.832,2810800
2005-07-06,39.6202,40.0536,39.6153,40.0536,2461800
2005-07-07,39.7778,39.827,39.0342,39.0342,2631000
2005-07-08,40.5855,40.6052,39.6301,39.7433,2025400
2005-07-11,40.5116,40.9352,40.3639,40.8416,1950600
2005-07-12,40.1324,40.5116,40.0388,40.5067,1456000
2005-07-13,40.5313,40.5904,40.0831,40.1619,1474600
2005-07-14,40.876,40.9401,40.4821,40.5362,1860600
2005-07-15,40.881,41.1075,40.6987,41.1075,1475400
2005-07-18,40.5658,40.9647,40.551,40.7283,1621200
2005-07-19,40.9745,41.275,40.7775,40.8022,2380000
2005-07-20,41.8118,41.8315,40.7037,40.7874,1668400
2005-07-21,41.4325,42.5948,41.27,41.9349,4821600
2005-07-22,42.2304,42.2944,41.5508,41.5508,3610000
2005-07-25,42.1861,43.107,42.0334,42.058,3812200
2005-07-26,42.2452,42.5702,42.1811,42.1811,2405000
2005-07-27,42.3535,42.4815,42.1467,42.2501,1895000
2005-07-28,42.5406,42.7475,42.3043,42.3338,2025600
2005-07-29,42.1811,42.5948,42.1614,42.3043,2155600
2005-08-01,42.1122,42.4618,42.0728,42.1811,1707600
2005-08-02,42.4914,42.713,42.2304,42.2845,2106600
2005-08-03,42.6391,42.6982,42.2895,42.3683,1455000
2005-08-04,42.4027,42.6096,42.3141,42.5259,1649200
2005-08-05,42.4274,42.5259,42.1664,42.2107,1953400
2005-08-08,42.2747,42.6244,42.1614,42.5653,1302200
2005-08-09,42.3535,42.5012,42.2156,42.4027,1110400
2005-08-10,42.2747,42.6736,42.1959,42.452,1706600
2005-08-11,42.6194,42.6194,42.1565,42.2747,1313000
2005-08-12,42.7967,42.9593,42.5209,42.6096,2252600
2005-08-15,42.9395,43.0036,42.6047,42.6736,1203400
2005-08-16,42.5259,42.846,42.5259,42.7721,2369600
2005-08-17,42.5554,42.6588,42.3584,42.452,1892600
2005-08-18,42.3043,42.4421,42.191,42.3978,2098600
2005-08-19,42.2254,42.3486,42.127,42.3043,1966600
2005-08-22,42.1762,42.3535,41.8561,42.2845,1601800
2005-08-23,41.8856,42.2402,41.7034,42.2254,2048200
2005-08-24,41.6345,41.8659,41.5219,41.7379,2320200
2005-08-25,41.4375,41.8246,41.3242,41.6591,1733400
2005-08-26,41.2651,41.4818,41.0386,41.3932,1480200
2005-08-29,41.5704,41.6394,41.0681,41.2109,1215600
2005-08-30,40.9105,41.4424,40.6938,41.4178,1901800
2005-08-31,41.5064,41.5064,40.6397,41.073,3207600
2005-09-01,42.1319,42.2008,41.6197,41.6837,2842000
2005-09-02,42.1713,42.4471,42.0383,42.2205,2295800
2005-09-06,42.5406,42.6982,42.3387,42.3535,1640600
2005-09-07,42.383,42.5997,42.1122,42.5899,2495200
2005-09-08,41.6295,41.93,41.339,41.3685,3441600
2005-09-09,41.6788,41.8216,41.4818,41.8118,1583800
2005-09-12,41.3784,41.5458,41.2405,41.3932,2935400
2005-09-13,40.9105,41.2405,40.8367,41.2208,2326600
2005-09-14,40.5313,40.9499,40.4082,40.8563,2302400
2005-09-15,40.4624,40.7332,40.1619,40.7283,2941400
2005-09-16,40.1816,40.7086,40.0043,40.4624,12419800
2005-09-19,39.768,40.2112,39.31,40.2112,4274400
2005-09-20,39.5857,40.1029,39.438,39.8911,3061200
2005-09-21,38.8372,39.4528,38.6648,39.3986,3765600
2005-09-22,39.1573,39.3543,38.6599,38.8372,2808200
2005-09-23,39.4971,39.7187,38.7091,39.1031,2817000
2005-09-26,38.9898,39.827,38.7239,39.6695,2410200
2005-09-27,39.4528,39.5808,39.1327,39.2509,3086400
2005-09-28,39.7001,39.7001,39.2253,39.4528,4403800
2005-09-29,40.2935,40.4221,39.6654,39.8088,3408000
2005-09-30,40.7138,40.7138,39.9869,40.2935,2098600
2005-10-03,40.5308,40.7188,40.1699,40.61,2229800
2005-10-04,40.0314,40.6495,40.0067,40.5506,2645600
2005-10-05,39.616,40.0907,39.5121,40.0611,2802000
2005-10-06,39.5171,39.7248,39.2303,39.5616,3191400
2005-10-07,39.5616,40.0116,39.4182,39.8583,2239000
2005-10-10,39.5023,39.6555,39.3292,39.616,1262400
2005-10-11,39.6061,39.799,39.3539,39.5121,1966800
2005-10-12,39.7594,40.0116,39.3242,39.6457,2111000
2005-10-13,39.6605,39.888,39.4182,39.4479,2520400
2005-10-14,40.1254,40.2045,39.522,39.7644,1447000
2005-10-17,40.1155,40.2243,39.5616,40.0067,1803400
2005-10-18,40.244,40.4221,39.888,40.0116,2268600
2005-10-19,40.7435,40.9413,39.8583,40.0561,3387200
2005-10-20,40.0116,40.9611,39.8088,40.7979,2415600
2005-10-21,39.6555,40.2787,39.6209,40.1797,2432200
2005-10-24,40.0561,40.1649,39.6061,39.7693,2474600
2005-10-25,40.0957,40.16,39.5863,40.1056,2711600
2005-10-26,40.7732,41.1045,40.3528,40.9215,4904400
2005-10-27,40.6149,40.8078,40.5754,40.7485,2414800
2005-10-28,41.6287,41.6781,40.6446,40.7929,3587200
2005-10-31,41.8957,42.0787,41.7869,41.8858,2238800
2005-11-01,41.5298,41.8858,41.4358,41.6633,2488600
2005-11-02,41.7523,41.9798,41.5545,41.6979,1943600
2005-11-03,41.9946,42.1479,41.7622,41.9007,1750000
2005-11-04,41.5842,42.1479,41.5842,42.0589,2078000
2005-11-07,42.0392,42.0688,41.5941,41.7078,1209400
2005-11-08,42.054,42.1875,41.604,41.7424,1268400
2005-11-09,41.8463,42.2765,41.7474,42.2765,1412800
2005-11-10,42.1727,42.3309,41.4952,41.8117,1092800
2005-11-11,42.5287,42.5337,42.143,42.2567,986200
2005-11-14,42.4397,42.5238,42.2369,42.3705,1334800
2005-11-15,43.1271,43.1271,42.2666,42.2666,2664000
2005-11-16,42.8551,43.4139,42.6573,43.1469,2357400
2005-11-17,43.1271,43.1271,42.776,42.8551,1755000
2005-11-18,43.0875,43.5178,42.8947,43.5178,1382200
2005-11-21,43.1617,43.2408,42.9243,43.048,1435600
2005-11-22,43.1419,43.1469,42.7067,43.0974,1536600
2005-11-23,43.2853,43.4436,42.9738,43.048,972200
2005-11-25,43.1419,43.4535,43.0727,43.4535,353800
2005-11-28,43.5425,43.5821,43.0974,43.1864,1629600
2005-11-29,43.3101,43.6908,43.2112,43.5425,2227000
2005-11-30,43.6513,43.9381,43.4683,43.5573,2449600
2005-12-01,44.2991,44.3436,43.6661,43.6711,1739400
2005-12-02,44.3485,44.4425,43.9628,44.2991,1315200
2005-12-05,44.0073,44.2101,43.8788,44.1606,1798600
2005-12-06,43.7205,44.1211,43.6908,44.0667,1727200
2005-12-07,43.2606,43.8639,43.1815,43.7205,2597800
2005-12-08,42.9293,43.404,42.7315,43.404,2710800
2005-12-09,43.4535,43.5623,43.0331,43.048,1789000
2005-12-12,43.8243,43.9183,43.6167,43.6364,1312800
2005-12-13,43.9628,44.1013,43.4535,43.4535,1282400
2005-12-14,44.6057,44.7738,43.8738,43.8738,2176200
2005-12-15,44.3337,44.7541,44.1903,44.7541,2098400
2005-12-16,44.5266,44.7194,44.4623,44.5513,2136000
2005-12-19,44.1755,44.9321,44.1557,44.6502,1795800
2005-12-20,44.0667,44.6057,44.0172,44.4326,1478800
2005-12-21,44.5859,44.6552,44.22,44.3337,1361800
2005-12-22,44.6106,44.853,44.4811,44.759,898000
2005-12-23,44.8876,44.937,44.5617,44.7788,944400
2005-12-27,44.037,45.0508,44.037,45.0013,1200000
2005-12-28,44.4095,44.5137,44.0173,44.1414,960200
2005-12-29,44.206,44.8314,44.206,44.8314,623200
2005-12-30,43.6749,44.2109,43.6749,44.2109,887600
2006-01-03,44.4641,44.5584,43.2331,43.9776,2982800
2006-01-04,44.5882,44.6179,44.1811,44.4194,1346200
2006-01-05,44.1514,44.6725,43.9975,44.3995,1876400
2006-01-06,44.7817,44.8314,44.4393,44.474,1263400
2006-01-09,44.5832,44.8214,44.5286,44.5733,1169400
2006-01-10,44.4045,45.0051,43.6897,45.0051,1560600
2006-01-11,44.6676,44.6973,44.1265,44.6477,1776000
2006-01-12,44.7867,45.0945,44.4939,45.0945,1587400
2006-01-13,44.4442,44.8661,44.2854,44.8363,1175800
2006-01-17,44.5733,44.6725,44.1365,44.3747,1180800
2006-01-18,44.3842,44.6279,44.2755,44.3251,1234000
2006-01-19,44.3698,44.7371,44.2606,44.5931,1806200
2006-01-20,42.9154,44.2953,42.7516,44.1762,2907000
2006-01-23,43.4713,43.6699,42.9899,43.243,1407000
2006-01-24,43.4118,43.8833,43.2182,43.4515,1548200
2006-01-25,43.1189,43.7294,43.109,43.4019,1550400
2006-01-26,42.7864,43.2877,42.6921,43.1834,2267600
2006-01-27,43.521,43.5408,42.4439,42.7864,2208600
2006-01-30,43.9429,44.0223,43.5458,43.5458,1703200
2006-01-31,41.8383,42.6871,41.8234,42.2205,5613600
2006-02-01,41.6944,42.3148,41.2327,41.5206,3770200
2006-02-02,42.429,42.8856,41.6745,42.0815,4383000
2006-02-03,42.0319,42.429,41.8582,42.1907,1902400
2006-02-06,42.1411,42.1411,41.5306,41.9177,3733200
2006-02-07,41.9227,42.2453,41.8334,41.9425,1900800
2006-02-08,42.1411,42.1858,41.5554,41.888,1419800
2006-02-09,42.2056,42.3744,42.0914,42.0914,1401400
2006-02-10,42.3496,42.4141,41.9475,42.1411,1759000
2006-02-13,42.6871,42.8062,42.1907,42.3198,2038800
2006-02-14,43.4614,43.5954,42.568,42.5977,2148800
2006-02-15,43.8833,44.0074,43.2678,43.4316,2393800
2006-02-16,43.7741,43.9379,43.4862,43.928,1982600
2006-02-17,43.8982,43.9727,43.377,43.7791,2775800
2006-02-21,43.5805,43.9776,43.3175,43.8982,1245800
2006-02-22,43.7642,43.9975,43.6401,43.7046,1458400
2006-02-23,43.114,43.5805,43.114,43.5657,2432800
2006-02-24,42.975,43.0842,42.8559,43.0147,3134400
2006-02-27,43.0147,43.2827,42.9601,42.9601,2791400
2006-02-28,42.6077,42.9948,42.4885,42.8112,2537800
2006-03-01,43.8287,43.9181,42.7615,42.7615,3783000
2006-03-02,43.9528,44.1861,43.4118,43.4316,3575200
2006-03-03,44.2308,44.5484,43.5607,43.8783,2872600
2006-03-06,44.608,45.1292,44.3747,44.5484,4010400
2006-03-07,45.0249,45.2036,44.6229,44.7222,2735600
2006-03-08,44.5981,45.1689,44.3201,44.8314,2858400
2006-03-09,44.5931,44.9455,44.5137,44.6179,2075400
2006-03-10,45.4469,45.4866,44.5236,44.5584,2987000
2006-03-13,45.839,46.0326,45.6007,45.6603,3615800
2006-03-14,46.6083,46.6481,45.7794,45.8092,3084200
2006-03-15,48.0031,48.0925,47.0749,47.1543,5380000
2006-03-16,48.5938,48.7477,47.9833,48.023,4744400
2006-03-17,48.4647,48.9313,48.1471,48.7675,3873600
2006-03-20,47.8989,48.4747,47.7003,48.3208,3205600
2006-03-21,47.4522,48.023,47.3132,47.8989,2872800
2006-03-22,48.8519,48.9313,47.5018,47.5762,3399600
2006-03-23,48.5988,49.0157,48.3456,48.9512,2250800
2006-03-24,48.2463,48.7129,48.157,48.5938,2153200
2006-03-27,48.0329,48.4201,47.889,48.2811,1679400
2006-03-28,48.0478,48.5293,47.9237,48.0329,2599800
2006-03-29,47.5448,47.9881,47.5099,47.9881,3176800
2006-03-30,47.5299,47.6892,47.2709,47.4402,2134000
2006-03-31,47.9682,48.1923,47.5299,47.9283,1778200
2006-04-03,48.0379,48.6953,47.9034,48.4164,2043400
2006-04-04,48.1325,48.9045,47.7789,47.9383,2254000
2006-04-05,48.8049,48.8497,47.8636,48.5858,2612800
2006-04-06,47.5647,48.7103,47.5299,48.7103,3442200
2006-04-07,47.5896,48.3118,47.3655,47.9482,3133800
2006-04-10,47.7391,47.9532,47.4352,47.4651,2595400
2006-04-11,47.4302,48.008,47.226,47.9881,2877600
2006-04-12,47.6843,47.8636,47.0766,47.3904,3941800
2006-04-13,47.6892,48.1375,47.5647,47.6843,1999600
2006-04-17,47.9881,48.6505,47.764,48.013,1615800
2006-04-18,49.0539,49.2482,47.9134,48.4314,2390600
2006-04-19,49.3677,49.6267,48.6106,48.6256,2570400
2006-04-20,50.5531,51.5293,50.324,50.8519,6325200
2006-04-21,51.1308,51.9975,50.7374,51.5492,4044800
2006-04-24,51.4197,51.609,50.6876,51.0063,3023800
2006-04-25,51.1159,51.599,50.6178,51.4745,3377600
2006-04-26,51.9726,51.9875,51.0163,51.0163,2767200
2006-04-27,51.4496,51.9775,51.081,51.9775,3172200
2006-04-28,51.1508,51.4994,51.0362,51.3002,2580400
2006-05-01,51.1557,51.5642,50.9914,51.2255,2911800
2006-05-02,51.2803,51.7335,51.0512,51.1358,1741600
2006-05-03,51.9975,52.2166,51.1757,51.3749,2766800
2006-05-04,51.8182,52.64,51.7335,52.1469,2865600
2006-05-05,52.7246,52.7944,52.0473,52.0921,2385400
2006-05-08,53.0832,53.3323,52.7246,52.7246,1714600
2006-05-09,52.8193,53.1181,52.6997,52.9587,1064000
2006-05-10,52.7296,53.0583,52.5105,52.7695,1417200
2006-05-11,52.63,53.2675,52.4208,52.5951,1658600
2006-05-12,51.1956,52.635,51.1906,52.635,2565600
2006-05-15,50.9814,51.4595,50.5033,50.9017,2383000
2006-05-16,51.2454,51.5791,50.9117,50.9515,1922200
2006-05-17,49.9255,51.3151,49.278,51.1209,3691600
2006-05-18,49.4474,50.4435,49.4324,49.5271,2412600
2006-05-19,49.7811,50.1048,49.278,49.7462,3161800
2006-05-22,49.1635,49.9305,48.77,49.6765,3331800
2006-05-23,49.4673,49.8209,49.3826,49.7064,3145400
2006-05-24,49.5171,50.055,48.8099,49.2332,3443600
2006-05-25,50.1795,50.5083,49.557,50.1795,1903800
2006-05-26,50.065,50.6029,49.806,50.5232,1324300
2006-05-30,49.0888,50.0949,48.9892,49.8757,2431700
2006-05-31,49.4574,49.6267,48.6505,49.0091,3059200
2006-06-01,50.2343,50.4435,49.537,49.6068,2120000
2006-06-02,49.8757,50.6009,49.5072,50.1945,1471500
2006-06-05,49.0589,50.1048,48.7501,49.6566,2664900
2006-06-06,48.9991,49.8259,48.6405,49.2083,3518800
2006-06-07,48.4015,49.1884,48.0966,48.9991,3059900
2006-06-08,47.8536,48.5608,46.6284,48.4114,4148600
2006-06-09,48.4812,48.9493,47.9931,48.1624,2404900
2006-06-12,47.6743,48.9991,47.5448,48.511,2168800
2006-06-13,47.236,48.272,47.0567,47.3755,2210100
2006-06-14,47.0866,47.4751,46.3096,47.1563,3279600
2006-06-15,48.78,48.8896,47.2061,47.3157,2940500
2006-06-16,48.0429,48.7302,47.8337,48.3815,3073300
2006-06-19,47.246,48.2919,46.8874,48.0329,2437300
2006-06-20,47.4153,47.8138,46.8774,47.0567,2171500
2006-06-21,47.744,47.9632,47.0965,47.3257,3022100
2006-06-22,47.3157,47.8138,46.7479,47.744,2077700
2006-06-23,47.3555,47.8934,46.9073,46.987,2239000
2006-06-26,47.4452,47.744,47.1364,47.3555,1544400
2006-06-27,46.8674,47.7839,46.7678,47.3954,2069200
2006-06-28,46.6085,46.9571,46.1303,46.6881,2397500
2006-06-29,47.4651,47.6145,46.5188,46.9571,2360400
2006-06-30,47.3157,47.7141,47.1165,47.7141,2455600
2006-07-03,47.3257,47.8138,47.1464,47.764,899000
2006-07-05,46.718,47.3456,46.5188,47.3356,1880700
2006-07-06,46.2797,47.1264,45.9909,46.8176,1912700
2006-07-07,45.3733,46.5387,45.2637,46.1801,3340400
2006-07-10,45.5625,45.6621,45.3035,45.5227,2302000
2006-07-11,45.433,45.6238,44.8354,45.5526,2468200
2006-07-12,45.0445,46.3993,45.0147,46.0705,1825500
2006-07-13,44.3672,44.8852,44.1779,44.666,1881400
2006-07-14,44.0185,44.2576,43.6002,44.1181,3217700
2006-07-17,43.1718,44.2676,43.0224,43.9289,2230800
2006-07-18,42.7335,43.5404,42.0661,43.132,3135900
2006-07-19,44.0982,44.3672,42.873,42.873,2637200
2006-07-20,43.5404,45.8215,43.1918,45.4231,3020400
2006-07-21,43.1718,43.899,42.3351,43.8592,3451300
2006-07-24,43.7595,44.0185,43.1918,43.2017,2048200
2006-07-25,44.3672,44.7357,43.7297,44.1779,2740700
2006-07-26,44.2078,44.4568,43.65,44.3273,2812400
2006-07-27,45.2537,45.3932,44.5266,44.5664,3357000
2006-07-28,45.4729,45.6721,45.1043,45.4231,2203400
2006-07-31,45.5526,45.7119,45.3235,45.5227,1608700
2006-08-01,44.8055,45.3235,44.5963,45.2737,1537700
2006-08-02,45.2936,45.5625,44.6063,44.9051,1767400
2006-08-03,46.22,46.4391,45.0645,45.1242,1995300
2006-08-04,46.3395,47.1663,45.5227,46.8874,2925900
2006-08-07,46.1602,46.4889,45.9112,46.3395,1514900
2006-08-08,44.9848,46.4204,44.9151,46.21,2111400
2006-08-09,43.8392,45.5725,43.8093,45.5725,1935500
2006-08-10,44.4269,44.5465,43.4408,43.8691,1563300
2006-08-11,44.1082,44.6162,44.0683,44.4269,1607300
2006-08-14,43.9887,44.9649,43.909,44.4269,1238300
2006-08-15,44.7258,44.7656,44.2676,44.4767,1050000
2006-08-16,45.2039,45.3832,44.5664,45.0246,1357000
2006-08-17,45.0645,45.2537,44.7557,45.0246,1412100
2006-08-18,44.8055,45.3235,44.6262,45.174,1469900
2006-08-21,44.1879,44.7059,44.0385,44.7059,1491400
2006-08-22,44.0185,44.5863,44.0086,44.1181,978700
2006-08-23,43.9189,44.3373,43.6898,44.0185,1391100
2006-08-24,43.5304,44.3074,43.3511,44.3074,1128100
2006-08-25,43.3511,43.5504,42.7933,43.2814,1416700
2006-08-28,43.5504,43.889,43.3312,43.3312,1231300
2006-08-29,43.7396,43.8293,43.2416,43.5504,2200200
2006-08-30,43.6799,43.9787,43.5603,43.7396,1191300
2006-08-31,43.7297,44.0783,43.5802,43.8691,1779900
2006-09-01,43.9986,44.1779,43.7695,43.9289,1030300
2006-09-05,43.9588,44.3273,43.64,43.9986,1671900
2006-09-06,43.2117,43.7396,43.0423,43.7297,2708000
2006-09-07,43.3412,43.6301,42.9128,42.9826,2792400
2006-09-08,43.7894,44.1381,43.5304,43.6998,3745800
2006-09-11,43.64,43.9887,43.2216,43.7894,2505300
2006-09-12,43.5304,43.889,43.4507,43.8293,2784300
2006-09-13,43.7197,43.889,43.4308,43.5603,2892100
2006-09-14,44.4967,44.6262,43.5504,43.7297,2886800
2006-09-15,43.3611,44.5764,43.2515,44.5764,6236900
2006-09-18,43.7795,43.9588,42.7933,42.8132,5013000
2006-09-19,44.3672,44.4568,43.6898,43.8293,3185100
2006-09-20,44.6063,44.6859,44.1381,44.6561,2217900
2006-09-21,43.7894,44.7656,43.5205,44.5166,2320900
2006-09-22,43.899,44.158,43.3113,43.9887,2461400
2006-09-25,44.3871,44.4469,43.4607,44.0783,2592300
2006-09-26,45.184,45.194,44.1381,44.1381,3032800
2006-09-27,45.1143,45.4131,44.8453,44.935,2725200
2006-09-28,45.184,45.5127,44.8852,45.2737,2596000
2006-09-29,44.7258,45.0545,44.666,44.9748,1741900
2006-10-02,45.0246,45.2836,44.148,44.6262,2304300
2006-10-03,45.3035,45.6721,44.3971,45.0246,3009300
2006-10-04,45.8813,45.9709,45.0844,45.3035,2145800
2006-10-05,47.2758,47.5149,45.7916,45.8215,4154300
2006-10-06,47.5647,47.9731,46.9372,47.1762,4149600
2006-10-09,47.495,47.7141,47.1962,47.5149,2367900
2006-10-10,48.0229,48.3218,47.3954,47.3954,3830500
2006-10-11,48.3517,48.4812,47.9134,48.0329,1581500
2006-10-12,48.7402,49.029,48.3716,48.3716,2635500
2006-10-13,48.9593,49.0689,48.4314,48.5409,2111200
2006-10-16,49.796,49.9156,48.6854,48.7402,2991100
2006-10-17,49.3079,49.5769,48.79,49.2083,2698500
2006-10-18,47.0368,48.7501,46.718,47.5149,7830200
2006-10-19,46.4092,46.9372,45.9211,46.1702,4460300
2006-10-20,46.1602,46.3295,45.5725,46.0705,4345300
2006-10-23,46.8176,46.9571,46.0805,46.1403,2844700
2006-10-24,46.7778,47.0567,46.718,46.8176,2691400
2006-10-25,46.5188,46.9372,46.3196,46.9372,2679000
2006-10-26,47.3257,47.4352,46.3594,46.8176,2997200
2006-10-27,46.8774,47.0567,46.3196,46.8973,2122200
2006-10-30,47.744,47.764,46.4192,46.5686,4040300
2006-10-31,47.744,48.0628,47.3954,47.7042,4299200
2006-11-01,47.5747,47.8735,47.3057,47.8138,3334200
2006-11-02,46.967,47.4552,46.8376,47.3157,2981900
2006-11-03,46.5786,47.3456,46.4889,47.2161,1491400
2006-11-06,46.967,47.0069,46.3793,46.5387,2731200
2006-11-07,47.4552,47.6145,47.0069,47.2061,3161500
2006-11-08,47.7341,47.8934,47.1862,47.3456,1531800
2006-11-09,46.8276,47.7141,46.7778,47.6145,2614200
2006-11-10,46.6583,46.9471,46.3295,46.8276,2292200
2006-11-13,46.8674,47.1663,46.5487,46.6782,1486800
2006-11-14,46.8077,46.8973,46.3495,46.8674,1693700
2006-11-15,47.0467,47.2858,46.718,46.9272,2795400
2006-11-16,47.0467,47.3057,46.7678,47.3057,1889000
2006-11-17,46.8874,47.0667,46.6383,46.8176,2461800
2006-11-20,46.3196,47.6643,46.2698,47.6643,1918000
2006-11-21,46.8176,47.0667,46.0606,46.22,3752800
2006-11-22,47.3854,47.3954,46.7479,46.8774,1878400
2006-11-24,47.2061,47.6643,46.8874,47.0467,894100
2006-11-27,46.7379,47.0965,46.5288,47.0368,2543500
2006-11-28,46.5288,46.6583,46.1702,46.5387,2262300
2006-11-29,46.9073,46.977,46.5088,46.6981,1368200
2006-11-30,47.0169,47.3655,46.6383,46.7878,1670600
2006-12-01,46.6483,47.1663,46.21,47.0169,2501800
2006-12-04,47.0866,47.3456,46.0805,46.5188,3234200
2006-12-05,47.2758,47.6245,46.8874,46.9272,2241800
2006-12-06,47.1762,47.8138,47.0069,47.5249,3342900
2006-12-07,47.1065,47.6145,47.0667,47.3157,1538500
2006-12-08,47.3456,47.5548,47.0169,47.0567,1426600
2006-12-11,46.5487,47.3157,46.4391,47.2559,1728000
2006-12-12,46.6483,46.7678,46.1702,46.3395,1860200
2006-12-13,46.469,47.0667,46.0407,46.8276,1930400
2006-12-14,47.7341,47.9034,46.2698,46.3993,4177600
2006-12-15,46.6184,47.246,45.9311,47.246,8531000
2006-12-18,47.0567,47.0567,46.6782,46.8176,3245000
2006-12-19,46.7878,46.9272,46.3096,46.5985,2656500
2006-12-20,46.479,46.967,46.2996,46.4491,2235500
2006-12-21,46.0606,46.5885,45.8315,46.479,2592300
2006-12-22,45.9211,46.2698,45.7518,46.1203,1926100
2006-12-26,46.0705,46.1901,45.8713,45.9211,1236700
2006-12-27,46.4391,46.5487,45.961,45.961,1711200
2006-12-28,46.3295,46.5586,46.2399,46.2698,1594500
2006-12-29,46.0108,46.2299,45.9411,46.2,1302000
2007-01-03,45.7119,46.7977,45.5127,46.1901,2301200
2007-01-04,45.9909,46.1004,45.4231,45.4231,2494500
2007-01-05,45.8215,46.1004,45.5028,45.7817,2337500
2007-01-08,45.9909,46.1502,45.6024,45.9211,1832600
2007-01-09,46.3395,46.3694,45.8514,46.2299,1692000
2007-01-10,46.6184,46.6881,45.8514,46.0407,2727400
2007-01-11,47.2958,47.3655,46.4889,46.5985,2344000
2007-01-12,47.3655,47.3755,46.6981,47.0965,1506200
2007-01-16,47.5647,47.5747,46.8276,47.4153,3062800
2007-01-17,47.3954,48.1126,47.2061,47.7141,3883000
2007-01-18,47.226,48.1823,47.1563,48.1823,1695700
2007-01-19,47.2958,47.5249,47.1663,47.2659,2131900
2007-01-22,46.8674,47.3655,46.2698,47.1364,4815600
2007-01-23,47.2858,47.3755,46.8176,46.8176,2665000
2007-01-24,47.236,47.4751,47.0069,47.246,2005800
2007-01-25,46.8973,47.6843,46.6682,47.3257,2353600
2007-01-26,46.7678,47.0169,46.5188,46.9173,4404000
2007-01-29,46.728,46.8874,46.4291,46.5686,3522700
2007-01-30,49.9554,50.7523,47.6344,48.1226,6925600
2007-01-31,50.7921,51.0013,48.3317,49.1784,4702900
2007-02-01,51.599,51.6986,50.6228,50.7025,3299300
2007-02-02,51.2803,51.4695,50.9615,51.4297,2448600
2007-02-05,51.5193,51.609,50.9814,51.1109,2193100
2007-02-06,51.6986,51.7285,51.4994,51.5492,2892800
2007-02-07,51.7982,51.8879,51.599,51.7982,1330400
2007-02-08,51.5492,51.9377,51.4795,51.8082,1482400
2007-02-09,51.1308,51.8979,50.9017,51.7982,1606700
2007-02-12,51.4595,51.5492,51.0512,51.0512,1848607
2007-02-13,51.7484,52.3561,51.6887,51.7982,2483622
2007-02-14,52.5653,52.7246,51.8182,51.848,1762796
2007-02-15,52.874,52.9936,52.366,52.366,1869900
2007-02-16,52.3461,52.9338,52.1568,52.6649,1718500
2007-02-20,53.1231,53.2924,52.3162,52.4059,1851800
2007-02-21,53.2227,53.2625,52.3461,52.8541,1127100
2007-02-22,52.6549,53.4418,52.3874,53.0932,1466700
2007-02-23,52.5653,52.7346,52.2266,52.6449,1159000
2007-02-26,52.3959,52.8342,52.2066,52.5453,1305664
2007-02-27,51.1906,51.868,50.6228,51.7783,2708400
2007-02-28,51.4396,52.1469,51.0113,51.2703,3195500
2007-03-01,51.3301,51.5691,50.5332,50.6029,3382909
2007-03-02,50.7025,52.1768,50.6627,52.1768,1823900
2007-03-05,50.0152,51.1408,49.9454,50.1048,2096300
2007-03-06,50.3339,50.6726,50.0052,50.5033,3024300
2007-03-07,50.583,51.0312,50.1148,50.1746,1751400
2007-03-08,50.9416,51.3301,50.4734,50.9117,2149100
2007-03-09,50.6826,51.4795,50.4834,51.4197,1790900
2007-03-12,50.7822,51.0711,50.2044,50.573,1472000
2007-03-13,49.4474,50.5531,49.3179,50.3738,2396200
2007-03-14,49.3079,50.4535,48.5509,50.0052,3818981
2007-03-15,49.7363,50.0251,48.9593,49.3079,2074800
2007-03-16,50.2144,50.4634,49.8259,49.8259,2824500
2007-03-19,51.0711,51.2105,50.7025,50.7025,2876300
2007-03-20,51.0013,51.1508,50.822,50.9515,2619380
2007-03-21,52.3959,52.635,50.9017,50.9515,2412500
2007-03-22,52.4557,52.6549,52.0771,52.3361,2019900
2007-03-23,52.6649,52.8143,52.1568,52.2465,1416900
2007-03-26,52.2465,52.7445,51.6488,52.4856,1639943
2007-03-27,51.8381,52.0473,51.0213,51.8779,2041400
2007-03-28,51.1508,51.5791,50.8021,51.4994,2166500
2007-03-29,51.3599,51.8381,50.9814,51.6189,1706276
2007-03-30,51.3998,51.8779,50.842,51.3599,1490200
2007-04-02,51.5592,51.6687,51.0412,51.34,906900
2007-04-03,51.9975,52.1369,51.7186,51.7982,1173800
2007-04-04,52.2266,52.3361,51.9576,52.0572,952900
2007-04-05,52.117,52.2963,51.7186,51.9975,1632400
2007-04-09,52.2863,52.5254,52.117,52.2963,1246400
2007-04-10,52.5951,52.7346,52.2863,52.4656,1503100
2007-04-11,52.0074,52.7047,51.7982,52.6947,1617790
2007-04-12,51.6289,52.0871,51.4297,52.0771,2414047
2007-04-13,52.0672,52.4557,51.34,52.4557,2666635
2007-04-16,52.8242,52.8242,52.117,52.2963,1713300
2007-04-17,53.3522,53.3522,52.6051,53.0733,1803000
2007-04-18,51.5592,52.7944,50.314,52.7944,5590000
2007-04-19,51.1109,52.5653,50.7921,52.5653,4761052
2007-04-20,51.4795,52.1867,51.1806,51.7086,3934096
2007-04-23,51.4197,52.0672,51.4197,51.6986,2363298
2007-04-24,51.1806,51.7385,51.0312,51.609,2339707
2007-04-25,51.4695,51.5691,50.8918,51.3799,2539100
2007-04-26,51.2603,51.5905,50.6228,50.6228,2312382
2007-04-27,51.7584,52.0373,51.1109,51.2304,2076499
2007-04-30,51.1109,51.848,51.0512,51.848,1564923
2007-05-01,51.3101,51.5592,50.9316,51.4396,1655400
2007-05-02,52.2166,52.4059,51.4795,51.5193,2439948
2007-05-03,52.3959,52.635,52.1568,52.4059,1465696
2007-05-04,52.7844,52.894,52.1967,52.6449,2111000
2007-05-07,52.5154,53.5913,52.2963,53.5913,1041764
2007-05-08,52.3959,52.3959,51.858,52.0572,1317400
2007-05-09,52.4656,52.5752,52.0473,52.4059,1571500
2007-05-10,51.7086,52.2863,51.5691,52.0473,1945100
2007-05-11,52.1269,52.1469,51.6488,52.0373,1404200
2007-05-14,52.1768,52.3959,51.8979,52.0473,1611382
2007-05-15,51.7783,52.7545,51.7683,52.0971,1541400
2007-05-16,51.7484,52.0572,51.4396,51.848,1780700
2007-05-17,51.3998,51.5392,51.0412,51.4994,1564400
2007-05-18,51.2304,51.6289,51.1009,51.4994,2120720
2007-05-21,51.7584,51.7584,50.9117,50.9117,3528190
2007-05-22,53.5116,54.926,50.9316,51.5891,7988300
2007-05-23,53.0334,53.7905,52.7844,53.7506,3112959
2007-05-24,52.2565,53.7905,52.2066,53.402,2142033
2007-05-25,52.5154,52.6947,51.8381,51.8381,961013
2007-05-29,52.5453,52.5752,52.0572,52.2863,2554000
2007-05-30,52.5951,52.9537,52.2266,52.4357,3864529
2007-05-31,52.5154,52.8043,52.2266,52.4457,2560500
2007-06-01,52.376,52.874,52.2465,52.5453,1816212
2007-06-04,52.0971,52.2664,51.7883,52.0373,1508000
2007-06-05,51.4496,51.6887,51.1209,51.599,2859600
2007-06-06,51.5094,51.6189,50.9515,51.1607,3022900
2007-06-07,51.0512,51.5891,50.9316,51.1308,2871625
2007-06-08,51.8182,51.8182,51.2205,51.2603,2375100
2007-06-11,52.3361,52.6848,51.6289,51.7683,2224796
2007-06-12,52.6449,53.2426,51.848,51.9477,3073018
2007-06-13,55.1352,55.2349,53.92,54.2885,5357869
2007-06-14,55.3544,55.5536,54.2885,54.5376,3067220
2007-06-15,55.1452,55.8724,54.8364,55.7827,4263700
2007-06-18,55.1054,55.6433,54.7866,55.3942,2601600
2007-06-19,55.205,55.2847,54.5276,54.7966,1544600
2007-06-20,55.2149,56.48,54.8264,55.5835,3181800
2007-06-21,55.6333,55.9222,54.7866,54.8264,1908100
2007-06-22,54.9061,55.8923,54.8563,55.4839,2135303
2007-06-25,54.6671,55.713,54.5774,54.9061,1591480
2007-06-26,53.9399,54.946,53.8104,54.687,1920800
2007-06-27,54.85,54.85,53.5,53.55,1790400
2007-06-28,54.45,55.59,54.37,55.09,1272300
2007-06-29,54.19,54.42,53.51,54.42,3081656
2007-07-02,55.61,55.66,54.41,54.61,1972404
2007-07-03,55.73,55.87,55.49,55.6,866100
2007-07-05,55.54,55.82,55.01,55.59,1152100
2007-07-06,55.79,56.19,55.1,55.63,2619387
2007-07-09,56.7,56.99,56.36,56.51,2520300
2007-07-10,55.3,56.44,55.25,56.24,2281800
2007-07-11,56.27,56.34,55.3,55.35,1553500
2007-07-12,57.46,57.54,56.27,56.5,1769160
2007-07-13,57.91,58.11,57.06,57.32,1828000
2007-07-16,58.01,58.32,57.53,57.68,1312313
2007-07-17,58.16,58.52,57.73,58.23,1482000
2007-07-18,57.9,58.19,57.26,58.0,2375413
2007-07-19,57.79,58.59,57.06,58.02,3337600
2007-07-20,57.09,57.65,56.14,57.16,2911700
2007-07-23,57.07,57.79,56.85,57.7,1731680
2007-07-24,56.73,57.16,56.16,56.7,2861617
2007-07-25,56.17,57.06,55.5,56.14,2254700
2007-07-26,55.52,56.23,54.87,55.5,3309777
2007-07-27,54.64,55.65,54.59,55.31,2597090
2007-07-30,55.29,55.59,53.89,53.89,2416494
2007-07-31,55.05,56.01,54.51,54.51,3355170
2007-08-01,56.02,56.09,54.97,55.03,3413250
2007-08-02,56.08,56.38,55.46,56.28,1873208
2007-08-03,54.76,56.25,54.69,56.08,2485390
2007-08-06,55.22,55.22,54.1,55.1,3265327
2007-08-07,54.88,55.35,54.21,54.85,2708042
2007-08-08,55.48,55.57,54.46,54.91,2569400
2007-08-09,54.26,55.56,53.41,54.35,3431900
2007-08-10,54.63,54.96,53.11,53.9,2980158
2007-08-13,54.13,55.19,53.73,55.0,2329800
2007-08-14,53.72,54.231,53.43,53.94,1698800
2007-08-15,51.89,54.09,51.8,52.25,2341100
2007-08-16,52.6,52.9,50.582,51.63,3271748
2007-08-17,52.87,54.25,52.48,53.98,3826952
2007-08-20,54.6,54.73,52.62,52.9,2367800
2007-08-21,54.83,55.52,54.2,55.2,1920400
2007-08-22,57.44,57.67,55.03,55.03,3394500
2007-08-23,56.51,57.75,56.0,57.7,1826900
2007-08-24,56.98,57.04,56.27,56.28,1719100
2007-08-27,58.13,58.48,56.45,56.76,2106783
2007-08-28,56.06,57.94,55.81,57.39,3442800
2007-08-29,57.66,57.66,56.4,56.64,2274000
2007-08-30,57.71,58.34,57.27,57.27,2130700
2007-08-31,58.17,58.56,57.11,58.01,2095500
2007-09-04,58.36,58.74,57.57,57.78,1614000
2007-09-05,57.75,58.21,57.3,57.86,1916200
2007-09-06,57.56,58.4,56.9,57.5,2668300
2007-09-07,56.8,57.42,56.41,56.7,1994000
2007-09-10,56.29,57.25,55.52,57.13,1175800
2007-09-11,56.52,56.91,55.94,56.13,1430800
2007-09-12,55.84,56.41,55.05,56.35,3071200
2007-09-13,55.89,56.5,55.41,56.21,1924600
2007-09-14,56.83,57.01,55.05,55.55,3570000
2007-09-17,57.17,57.64,56.76,56.77,1880900
2007-09-18,57.81,57.99,55.75,57.01,3790000
2007-09-19,58.0,58.4,57.37,57.81,3261600
2007-09-20,57.75,58.5,56.67,58.5,1655400
2007-09-21,57.85,58.5,57.75,58.08,2823791
2007-09-24,57.74,58.4,57.4,57.8,1494978
2007-09-25,57.88,58.05,57.0,57.53,2438700
2007-09-26,58.67,58.89,58.0,58.11,1912600
2007-09-27,59.58,59.86,58.27,58.96,2188100
2007-09-28,59.64,60.0,59.51,59.76,2456000
2007-10-01,58.47,59.39,57.75,58.71,2557100
2007-10-02,58.28,58.5,57.8772,58.35,1602500
2007-10-03,58.24,58.48,57.55,58.28,1839900
2007-10-04,58.46,58.73,58.25,58.5,1642100
2007-10-05,59.7,59.9,58.89,59.07,1921500
2007-10-08,59.57,59.98,59.3,59.48,970500
2007-10-09,59.68,60.0,59.02,59.85,1601400
2007-10-10,59.22,59.8,59.21,59.8,1837600
2007-10-11,59.65,59.96,59.35,59.77,2091600
2007-10-12,60.0,60.0,59.25,59.65,1700200
2007-10-15,59.52,59.97,58.81,59.62,2349400
2007-10-16,58.61,59.64,58.1,59.49,2654800
2007-10-17,57.66,59.95,56.88,59.95,4328500
2007-10-18,57.36,58.59,57.11,58.05,2606500
2007-10-19,56.28,57.1,55.91,56.91,3992100
2007-10-22,56.5,56.92,55.51,55.75,2240300
2007-10-23,56.61,56.92,55.71,56.64,2473500
2007-10-24,56.59,56.7,55.68,56.45,3169900
2007-10-25,56.7,57.05,55.78,55.92,3002668
2007-10-26,56.98,57.62,56.07,56.33,2049500
2007-10-29,57.06,57.39,56.44,57.25,1315100
2007-10-30,56.54,57.85,56.37,57.85,1308300
2007-10-31,57.26,57.66,56.5,56.75,2501700
2007-11-01,56.6,57.21,56.31,56.87,2350800
2007-11-02,56.73,57.1,55.86,56.79,3105600
2007-11-05,56.52,56.88,56.07,56.57,1756039
2007-11-06,57.15,57.2,56.07,56.47,1418090
2007-11-07,56.14,56.83,56.03,56.75,2341740
2007-11-08,56.24,56.53,55.32,56.19,2908900
2007-11-09,55.27,55.75,54.95,55.29,3495401
2007-11-12,54.83,55.48,54.45,55.06,3020221
2007-11-13,55.7,55.76,54.77,55.18,2369895
2007-11-14,55.39,56.67,55.37,56.15,2312145
2007-11-15,54.71,55.28,54.1,55.28,3199800
2007-11-16,54.45,55.0,53.84,54.97,4312583
2007-11-19,53.98,54.46,53.79,54.19,3094076
2007-11-20,53.96,54.48,53.21,54.07,2526900
2007-11-21,53.97,54.81,53.24,53.62,2453900
2007-11-23,54.62,54.7,53.94,54.1,801800
