Price,Close,High,Low,Open,Volume
Ticker,JPM,JPM,JPM,JPM,JPM
Date,,,,,
1999-11-24,43.1618,43.3652,42.721,43.2635,3817121
1999-11-26,42.8905,43.8738,42.8905,43.8738,1203333
1999-11-29,41.7377,42.7549,41.3987,42.7549,5263484
1999-11-30,41.9073,42.9922,41.5343,41.5682,5943030
1999-12-01,42.1785,42.3141,41.5343,41.8394,4606969
1999-12-02,42.8905,42.9922,41.2291,42.3141,4923030
1999-12-03,44.4841,45.23,43.8399,43.9077,5825000
1999-12-06,42.7888,44.4841,41.9751,44.4841,4989090
1999-12-07,42.7549,42.9583,41.9751,42.5854,5608939
1999-12-08,42.1107,42.6532,41.7038,42.5175,4797121
1999-12-09,42.1446,43.06,41.2631,42.3141,4775303
1999-12-10,42.6193,43.1957,42.4497,43.1957,4857424
1999-12-13,42.7888,42.9922,42.1785,42.3819,2572272
1999-12-14,41.5682,42.348,41.2631,42.348,3367424
1999-12-15,40.8901,41.9751,40.551,41.5343,4584393
1999-12-16,40.6866,41.3308,40.0424,41.3308,4089242
1999-12-17,39.3982,40.6188,39.0931,39.7373,10079242
1999-12-20,39.1948,40.1102,39.1948,39.8051,6242575
1999-12-21,40.6866,41.5004,39.127,39.2626,7888030
1999-12-22,40.6188,41.0257,39.6356,40.6866,3374696
1999-12-23,42.0429,42.2802,41.2631,41.3647,4354696
1999-12-27,41.5004,42.9583,41.5004,42.0429,3841060
1999-12-28,41.8394,41.9751,41.3987,41.6021,2273484
1999-12-29,42.0768,42.4158,41.7377,41.8733,2323484
1999-12-30,42.348,42.6871,41.636,42.0768,1935454
1999-12-31,42.1446,42.5175,42.1446,42.3141,1172121
2000-01-03,39.1609,40.8901,39.127,40.551,12093484
2000-01-04,38.6705,38.841,37.7497,38.534,11841818
2000-01-05,38.4317,39.5912,37.6474,38.3295,8795000
2000-01-06,39.0797,39.7958,38.0567,38.2613,8446060
2000-01-07,39.9663,40.0345,38.7387,39.6253,5621969
2000-01-10,39.0115,40.0345,39.0115,39.6935,4733030
2000-01-11,38.0907,38.4317,37.2382,38.1931,8485757
2000-01-12,38.3295,38.6705,37.9202,38.0225,7330151
2000-01-13,38.9092,39.5571,38.5,38.8069,6985757
2000-01-14,40.2732,41.3303,39.7276,40.3414,9798181
2000-01-18,38.7387,40.6483,38.3295,40.3414,5350151
2000-01-19,40.2391,41.1257,39.4207,39.4207,15879090
2000-01-20,39.8299,41.4667,39.6935,41.1257,7835151
2000-01-21,39.8299,40.3755,39.6253,40.3073,5212424
2000-01-24,39.8299,40.6824,39.3866,40.5802,6524393
2000-01-25,40.7165,41.3303,39.8299,39.8299,7656515
2000-01-26,43.1036,43.1036,40.9211,41.1257,8464545
2000-01-27,44.0243,44.4676,42.8649,43.3423,8241969
2000-01-28,41.8419,43.4105,41.8078,43.4105,7482575
2000-01-31,43.8879,44.4676,41.9101,41.9101,6904090
2000-02-01,45.6271,46.1045,44.3653,44.9791,9866818
2000-02-02,44.945,45.6271,44.3994,45.2861,7128484
2000-02-03,45.3543,46.3091,43.7856,45.5589,9161363
2000-02-04,44.5358,45.4566,44.5017,45.0132,5121969
2000-02-07,45.1838,45.4907,44.6041,44.8428,4670454
2000-02-08,46.8888,46.9911,45.8317,45.8658,6378939
2000-02-09,45.1156,47.1275,44.9791,46.3432,9864090
2000-02-10,45.3543,45.6953,44.3994,45.3543,6502575
2000-02-11,44.9109,46.3773,44.7404,45.4225,7121515
2000-02-14,43.1377,45.5248,43.1377,44.8769,5937878
2000-02-15,44.3312,45.0132,43.4446,43.6833,9051969
2000-02-16,43.6151,44.8428,43.1036,44.1948,4658333
2000-02-17,42.7626,44.4676,42.4557,43.9902,5624848
2000-02-18,40.7847,42.8649,40.7847,42.5921,8183636
2000-02-22,42.217,43.0354,40.9893,41.4667,7131969
2000-02-23,42.1147,43.2059,41.7737,42.217,4466363
2000-02-24,41.4667,42.3193,40.7165,42.1488,5240303
2000-02-25,41.1257,42.9672,40.8529,41.8078,4687424
2000-02-28,42.5239,43.7856,41.6713,41.876,6112121
2000-02-29,43.4446,44.1948,42.3875,42.3875,6224090
2000-03-01,44.7404,44.7404,43.0354,43.581,4898484
2000-03-02,43.9561,44.263,43.5128,43.922,3636363
2000-03-03,44.263,44.945,43.3082,44.7404,6012272
2000-03-06,45.5248,46.0363,44.8769,45.252,5725909
2000-03-07,44.6381,45.934,44.1948,45.5248,4613030
2000-03-08,43.1036,44.4335,42.899,44.0584,5235151
2000-03-09,44.263,44.3312,42.5921,42.9672,3806969
2000-03-10,42.9331,44.5017,42.4216,43.6492,5275000
2000-03-13,43.7515,44.2971,42.0806,42.3534,4717727
2000-03-14,43.1036,44.1607,42.8308,43.922,4171363
2000-03-15,45.3543,45.934,42.1147,42.4898,8876818
2000-03-16,49.1736,49.31,47.2298,47.3662,15784545
2000-03-17,49.4464,50.333,48.2869,48.6962,11905303
2000-03-20,47.2298,49.3782,46.1045,49.1054,8106212
2000-03-21,49.0031,49.1054,46.6501,47.1616,8414242
2000-03-22,50.1966,50.2648,48.4233,49.4464,8608787
2000-03-23,53.7431,54.05,49.6169,49.651,10466666
2000-03-24,52.4814,54.9707,52.3791,52.9247,9562121
2000-03-27,51.663,52.8565,51.0491,52.3791,4856515
2000-03-28,51.4243,52.8565,50.9127,52.3791,7389090
2000-03-29,49.0713,51.5606,48.7303,51.4243,8543636
2000-03-30,47.4685,49.5146,46.8888,48.7984,8086060
2000-03-31,47.5708,48.2187,46.9229,48.0141,6849393
2000-04-03,50.674,50.7422,47.9119,47.98,8582121
2000-04-04,47.4434,50.3915,45.8665,50.1858,12760606
2000-04-05,47.3749,47.6833,46.2093,46.2093,7127424
2000-04-06,48.0261,48.4032,47.6148,47.7177,4883484
2000-04-07,47.3749,48.4032,47.1692,48.4032,4961818
2000-04-10,48.3347,48.8489,46.6892,46.8949,7905000
2000-04-11,47.1692,48.1976,46.6207,47.7177,8250909
2000-04-12,47.5805,49.8773,47.4434,48.2318,9140151
2000-04-13,46.2436,47.5805,46.2093,47.1692,6756969
2000-04-14,43.2612,45.1809,41.5472,44.9753,13212727
2000-04-17,43.1241,43.5698,41.1016,42.5071,8652727
2000-04-18,44.2896,44.2896,42.8156,42.9184,6895151
2000-04-19,42.7813,44.4268,41.4787,44.2896,9076666
2000-04-20,42.4043,42.8842,41.8215,42.8499,4575909
2000-04-24,40.9645,41.9243,40.8274,41.9243,7780757
2000-04-25,42.8156,43.0898,41.273,41.5472,6364393
2000-04-26,41.9243,43.1927,41.7872,43.1927,5536363
2000-04-27,40.5188,41.4101,40.2103,41.2044,9358787
2000-04-28,39.7647,40.9645,39.3533,40.7245,8585909
2000-05-01,40.4503,41.3416,39.2505,39.7647,8503333
2000-05-02,41.7529,42.2328,40.2446,40.4845,8490151
2000-05-03,40.7245,42.0957,40.7245,41.2387,9386666
2000-05-04,40.1075,41.3758,40.0046,41.2044,6180909
2000-05-05,39.5933,39.9018,38.6677,39.4904,14592727
2000-05-08,39.4904,40.1418,39.1134,39.2848,5545606
2000-05-09,38.8734,39.8675,38.8734,39.6275,6425757
2000-05-10,37.7079,38.7706,37.7079,38.7706,6665303
2000-05-11,38.2564,38.7706,37.5708,38.4277,7916515
2000-05-12,39.2848,39.9704,37.3651,37.9136,12202272
2000-05-15,41.2387,41.2387,39.5247,39.9018,6748030
2000-05-16,40.7245,42.0614,40.416,42.0271,7957727
2000-05-17,40.4503,41.1016,40.0732,40.176,4371363
2000-05-18,41.2044,41.89,40.4503,40.4503,5176515
2000-05-19,39.7647,41.1016,39.6275,40.9302,4992727
2000-05-22,39.5933,40.176,38.6677,40.176,4206515
2000-05-23,40.1075,40.8959,39.4562,39.4562,4954696
2000-05-24,39.3533,40.2789,38.6677,39.7647,8505757
2000-05-25,38.5306,40.4503,38.2564,39.4904,7516818
2000-05-26,38.6677,39.0791,38.0507,38.5992,6179090
2000-05-30,40.3132,40.3132,39.0105,39.2848,4232575
2000-05-31,40.9645,41.3416,40.0389,40.0389,5020454
2000-06-01,42.3014,42.9184,41.3758,41.6158,8868333
2000-06-02,44.1868,45.1809,43.8783,45.1809,8955606
2000-06-05,43.5355,44.4953,43.4669,44.1525,4882272
2000-06-06,42.1985,43.5355,41.9586,43.5355,5579393
2000-06-07,42.1643,43.0213,42.0271,42.4728,5960757
2000-06-08,41.6843,42.6099,41.3416,42.6099,3987727
2000-06-09,39.8332,43.1241,39.1477,42.2328,10175151
2000-06-12,40.4087,41.3437,40.0452,41.032,5035400
2000-06-13,40.0452,40.3048,39.5777,40.201,5613000
2000-06-14,41.5514,41.863,40.0971,40.6165,5920400
2000-06-15,39.4738,41.4475,38.7467,41.3956,9833400
2000-06-16,37.9156,39.0064,36.6691,38.8506,16526800
2000-06-19,39.0583,39.37,37.5001,37.7079,7701700
2000-06-20,39.8374,40.3568,39.4738,39.8893,5643600
2000-06-21,39.0583,39.8374,38.5389,39.6296,4046300
2000-06-22,38.5389,39.318,38.2273,39.266,3263400
2000-06-23,38.9544,39.9413,38.5908,38.7467,3662500
2000-06-26,39.5257,40.2529,38.6947,38.6947,3183000
2000-06-27,39.8374,40.5126,39.7335,40.201,5094800
2000-06-28,39.0583,40.6684,38.7986,39.9932,4890100
2000-06-29,39.5777,40.6165,38.7467,39.4219,4655700
2000-06-30,38.2792,40.0971,37.9156,39.6296,6574900
2000-07-03,39.8023,40.1684,38.3901,38.3901,2643700
2000-07-05,39.9592,41.5806,39.6454,40.5345,5023000
2000-07-06,40.1684,40.3253,39.0177,40.0115,3496000
2000-07-07,41.8944,42.4174,40.3776,40.3776,6234000
2000-07-10,41.6329,42.6789,41.5806,41.999,3393100
2000-07-11,42.4174,43.4635,41.6852,42.1559,4611900
2000-07-12,42.3128,43.6727,42.2605,43.2543,4531400
2000-07-13,42.4697,43.3589,42.3651,42.9927,4543800
2000-07-14,44.0911,44.1434,42.6789,43.045,4532000
2000-07-17,43.5681,44.9803,43.3589,44.9803,5018500
2000-07-18,42.6266,43.0973,41.9467,42.8881,3273200
2000-07-19,42.3651,43.0973,41.9467,42.6789,4291100
2000-07-20,44.4572,44.5618,42.2605,42.4697,6060100
2000-07-21,43.9342,44.9803,43.202,44.3526,5394500
2000-07-24,43.1497,44.0388,42.4697,43.8819,3226600
2000-07-25,42.8881,43.3065,42.5743,43.202,2697100
2000-07-26,41.3191,42.6789,40.6914,42.6789,4529300
2000-07-27,41.7375,42.1559,40.4822,41.3191,3550600
2000-07-28,40.4822,41.9467,40.2207,41.8944,2872100
2000-07-31,41.5806,41.6852,40.3776,41.0052,3645800
2000-08-01,42.4697,44.6664,41.5283,41.7375,10449500
2000-08-02,43.045,43.8296,42.4174,43.4635,6671400
2000-08-03,43.0973,43.4635,42.4174,42.6789,5281400
2000-08-04,43.8819,44.1434,42.3651,43.4112,8538700
2000-08-07,45.0325,45.294,43.9865,44.4049,6914800
2000-08-08,44.771,45.0848,44.0388,45.0325,3399600
2000-08-09,43.7773,44.8756,43.6204,44.7187,6218600
2000-08-10,43.4112,44.5095,43.3065,43.7773,4979200
2000-08-11,43.5158,43.8819,42.9404,43.1497,4459100
2000-08-14,44.248,44.3526,43.1497,44.1434,4913000
2000-08-15,43.3589,44.6664,43.202,44.3526,7149700
2000-08-16,42.1559,43.3589,41.8944,42.8881,5301500
2000-08-17,42.4174,42.7835,41.8944,41.8944,4508200
2000-08-18,42.4697,42.8881,42.0513,42.522,3675100
2000-08-21,42.6266,43.202,42.3651,42.6789,3486300
2000-08-22,43.9342,44.771,42.6789,43.045,7409600
2000-08-23,44.8887,45.5033,44.1434,44.3003,6832900
2000-08-24,44.5618,45.9217,44.3526,44.6664,4087900
2000-08-25,43.6204,44.928,43.4112,44.4572,3903400
2000-08-28,44.0911,44.6141,43.5158,43.5158,4417900
2000-08-29,43.4112,44.5095,43.202,44.4049,6147200
2000-08-30,44.5618,45.0848,43.7773,43.9342,8334600
2000-08-31,46.8632,47.3339,44.771,44.928,8442900
2000-09-01,47.1247,47.5431,46.1309,47.4385,5440200
2000-09-05,47.6477,48.1707,47.0201,47.2293,4870800
2000-09-06,47.2816,48.746,46.6539,47.9092,6796400
2000-09-07,47.9092,47.9092,46.8108,47.3339,3480200
2000-09-08,48.3799,48.7984,47.4907,47.5954,4454400
2000-09-11,48.1184,48.8506,47.2816,48.1184,5121400
2000-09-12,46.9678,48.4845,44.5618,48.3276,6599100
2000-09-13,42.4174,42.6789,41.5283,42.1559,41480900
2000-09-14,42.1036,43.5158,41.7898,43.5158,20040100
2000-09-15,41.0052,42.1036,40.5345,42.1036,14651900
2000-09-18,39.1416,41.1099,38.9655,41.1099,14884900
2000-09-19,39.227,39.9592,38.8608,39.07,13922400
2000-09-20,38.9131,39.3839,38.1809,39.1746,12215300
2000-09-21,38.2332,38.9655,37.8671,38.9131,11778200
2000-09-22,39.593,39.8023,37.2917,37.4487,17382100
2000-09-25,39.75,40.7437,39.4884,39.75,11641700
2000-09-26,38.547,40.1161,38.2855,39.6454,8137200
2000-09-27,38.024,39.2792,37.8671,38.8608,7676500
2000-09-28,39.2792,39.3839,37.7625,37.9194,8972100
2000-09-29,38.6516,39.8546,38.6516,38.8085,8529200
2000-10-02,39.6977,39.75,38.7562,39.0177,7077200
2000-10-03,39.1223,40.273,38.9655,39.8546,9731300
2000-10-04,38.4441,39.3393,38.2861,39.076,6248000
2000-10-05,37.4434,39.1287,37.2854,38.4441,9175400
2000-10-06,36.0215,37.9174,35.1789,37.4961,13349200
2000-10-09,35.4422,36.4428,35.3369,36.3375,6455500
2000-10-10,34.389,35.8109,33.915,35.4422,11707100
2000-10-11,34.231,34.4943,32.7564,33.8097,16871400
2000-10-12,31.8611,33.915,31.5452,33.8097,14728300
2000-10-13,33.3884,33.8097,31.8085,31.9138,14010700
2000-10-16,33.3357,34.2836,32.6511,33.8624,8405000
2000-10-17,31.9665,34.1257,31.8085,33.7044,8240400
2000-10-18,31.0712,32.1245,27.2794,28.2274,29641500
2000-10-19,32.8091,33.8097,32.1245,32.1245,14958800
2000-10-20,32.3351,33.1777,32.1245,32.5984,7493500
2000-10-23,32.3351,32.6511,31.9665,32.1771,5083200
2000-10-24,33.757,33.9677,32.1245,32.1771,10593700
2000-10-25,34.231,34.9156,33.4937,33.757,6845300
2000-10-26,33.7044,34.4943,32.7564,34.2836,10313100
2000-10-27,35.8635,36.1796,33.9677,34.1257,9767500
2000-10-30,36.8641,37.0221,36.0742,36.0742,7872200
2000-10-31,38.3387,38.7074,37.1801,37.7594,13114600
2000-11-01,38.4967,38.602,37.4961,38.3387,8610800
2000-11-02,38.3387,39.1813,38.2334,38.4967,6408800
2000-11-03,37.4434,38.3914,37.1801,38.3914,5802300
2000-11-06,38.3387,38.4967,37.5488,37.8121,4538400
2000-11-07,37.8647,38.2334,37.6014,38.0227,4027100
2000-11-08,36.7588,37.8647,36.4428,37.8647,5723800
2000-11-09,37.2854,37.3381,35.8635,36.2848,6288600
2000-11-10,36.0742,37.5488,36.0742,36.7588,4448700
2000-11-13,35.4949,35.9162,34.3363,35.2842,6041800
2000-11-14,35.8635,36.3902,35.1789,36.0742,6451600
2000-11-15,34.3363,36.0742,34.231,35.4422,8139100
2000-11-16,34.4416,35.1789,34.1783,34.4416,6904300
2000-11-17,33.3884,34.547,32.9671,34.4943,8277300
2000-11-20,32.4931,33.6517,32.1245,33.4937,7395600
2000-11-21,32.5984,33.125,31.8085,32.4931,6139900
2000-11-22,31.4398,32.3351,31.1765,32.2825,6519000
2000-11-24,32.9671,33.0197,31.8611,31.9665,3835500
2000-11-27,33.1777,33.8624,33.0197,33.2304,10339100
2000-11-28,32.0191,33.8097,31.5452,33.2304,12893800
2000-11-29,32.3351,32.4931,31.3345,31.4925,9834300
2000-11-30,31.0712,32.2298,29.8599,31.3345,15239900
2000-12-01,31.4398,32.5984,31.2292,31.2819,9397100
2000-12-04,31.9665,32.3351,31.0712,31.4925,6785300
2000-12-05,34.8103,34.9156,32.0718,32.5458,13780600
2000-12-06,33.757,36.4428,32.9144,34.7576,18476700
2000-12-07,33.0197,34.073,32.2825,33.2304,9630100
2000-12-08,33.7044,34.4416,33.3884,33.9677,8282300
2000-12-11,35.8109,35.9162,33.757,33.915,8986200
2000-12-12,36.2322,36.8115,35.3369,35.8109,7810300
2000-12-13,37.1801,37.6541,36.7588,37.0221,8374300
2000-12-14,36.1269,37.0221,34.8629,35.6529,15564600
2000-12-15,37.0221,37.0221,35.2842,35.3896,11236200
2000-12-18,38.2334,38.2334,36.9168,37.0748,12987100
2000-12-19,37.5488,38.7074,37.0221,37.7068,12874900
2000-12-20,36.7588,37.7594,36.4428,37.7594,6723000
2000-12-21,37.8121,38.5493,36.6008,36.6008,8572700
2000-12-22,38.4441,39.076,37.9174,38.2861,7086100
2000-12-26,38.5493,38.9707,38.0754,38.4441,4723200
2000-12-27,38.0227,39.1813,37.7594,37.9701,7391800
2000-12-28,39.55,39.9713,38.7074,38.918,6025400
2000-12-29,38.2861,40.0766,37.3381,39.55,8621800
2001-01-02,37.1274,37.7594,36.4955,37.6014,7779300
2001-01-03,42.9692,43.1813,36.6564,36.8686,20962700
2001-01-04,44.1362,45.8338,43.1283,43.7118,26056800
2001-01-05,41.5368,43.7118,41.0064,43.0753,15763900
2001-01-08,41.8021,42.5448,41.0064,41.5899,9446800
2001-01-09,41.3777,42.4387,40.635,42.3326,492400
2001-01-10,43.2344,43.871,41.5368,42.0143,10867100
2001-01-11,45.9399,46.046,43.3936,43.3936,15911644
2001-01-12,45.2502,45.8868,44.4545,45.8338,8835300
2001-01-16,45.1441,46.4173,44.5606,45.4094,10424400
2001-01-17,44.985,45.8868,44.2423,44.9319,10208000
2001-01-18,43.6588,44.0301,42.9161,43.7118,13481000
2001-01-19,42.9161,43.871,42.2795,43.0753,10718800
2001-01-22,43.1813,44.2953,42.4917,42.9161,10581500
2001-01-23,43.871,44.1893,42.5448,42.5448,8756200
2001-01-24,45.1972,45.4094,44.3484,44.7198,9306700
2001-01-25,45.0381,45.7277,43.924,44.985,8147000
2001-01-26,45.9929,50.2368,44.7728,45.3563,7975200
2001-01-29,46.7844,47.5313,45.9611,45.995,9434500
2001-01-30,47.5144,47.6841,46.3685,46.7674,9419900
2001-01-31,46.674,48.6602,46.2582,47.9472,12877600
2001-02-01,47.404,47.404,45.4179,46.674,9016600
2001-02-02,46.377,46.9627,46.0799,46.6826,7059600
2001-02-05,46.343,46.6401,45.5791,46.2666,5273700
2001-02-06,44.1617,46.3006,44.1362,45.8423,7336200
2001-02-07,44.4163,45.4094,44.0344,44.4333,7815300
2001-02-08,43.8646,45.0274,43.7373,44.4163,5495000
2001-02-09,43.924,44.6455,43.3299,43.8731,5454100
2001-02-12,44.5776,45.0699,43.8646,44.5352,5188200
2001-02-13,43.576,45.5791,43.4657,44.5946,7053300
2001-02-14,43.4487,44.0344,43.2026,43.924,7334700
2001-02-15,43.3299,44.7728,43.3299,43.61,6952100
2001-02-16,43.8816,44.1277,42.6509,42.7782,7082900
2001-02-20,42.3963,44.6455,42.1246,44.1277,9074800
2001-02-21,40.1894,42.5235,39.9008,41.5475,9768800
2001-02-22,40.9958,40.9958,38.5258,40.5289,12200000
2001-02-23,40.9533,40.9533,39.2133,39.9348,9239000
2001-02-26,41.208,41.8445,39.7311,40.7411,8738600
2001-02-27,40.3168,42.2519,39.765,41.5475,11206500
2001-02-28,39.5953,40.7411,38.4494,40.6478,10077400
2001-03-01,39.1369,39.2558,38.0081,38.7041,10384500
2001-03-02,38.8738,40.4016,38.356,38.7041,7559700
2001-03-05,39.6887,39.8499,38.4494,38.9587,5982500
2001-03-06,40.7072,41.5475,40.3168,40.9533,6814500
2001-03-07,42.6509,42.8206,40.495,41.0806,7291600
2001-03-08,42.6424,43.4487,42.2689,42.6509,7059200
2001-03-09,41.5475,42.2689,40.5714,42.0992,6326100
2001-03-12,38.6107,40.6138,38.6107,40.3168,8548700
2001-03-13,40.2319,40.5714,38.7041,39.6801,7029600
2001-03-14,37.1338,39.0181,36.8283,38.1948,16139900
2001-03-15,38.4155,39.0011,37.9826,38.1099,8531300
2001-03-16,37.8383,38.9587,37.4479,38.4155,10710200
2001-03-19,38.3221,38.5343,36.2002,37.6855,9684400
2001-03-20,36.1493,38.5852,36.0729,38.5852,10148100
2001-03-21,34.1207,36.667,33.9934,36.319,12009800
2001-03-22,33.0258,34.0018,31.6592,33.9934,15651700
2001-03-23,35.4023,35.5636,33.7897,34.2056,10732600
2001-03-26,35.7418,36.4887,35.3514,35.7758,8286400
2001-03-27,36.8028,36.8368,34.8846,35.7418,12151900
2001-03-28,36.1153,36.7943,34.7997,36.2426,7252600
2001-03-29,36.4972,36.7094,35.6655,36.3275,6645000
2001-03-30,38.1099,38.1948,36.4124,36.6246,8415400
2001-04-02,37.8553,38.5343,37.0489,37.7704,8741400
2001-04-03,35.309,37.5158,35.2241,37.4479,9030300
2001-04-04,34.65,35.7283,33.5546,35.4288,11606500
2001-04-05,36.3701,36.7724,35.309,35.3432,8613900
2001-04-06,34.5645,36.6697,33.7172,35.5999,9751600
2001-04-09,34.5901,35.5828,34.1451,34.1451,7377900
2001-04-10,37.0547,37.0633,35.2833,35.4288,7955300
2001-04-11,38.287,39.2798,37.6966,37.8677,9898000
2001-04-12,38.8262,39.1514,37.6538,37.8677,6740700
2001-04-16,38.9374,39.6905,38.5267,38.8262,6328000
2001-04-17,38.8262,39.3482,38.3127,38.5523,5113400
2001-04-18,42.0182,42.8911,39.7932,40.1783,15214000
2001-04-19,41.7615,42.352,41.248,41.9326,11593400
2001-04-20,40.9057,41.7529,40.4778,41.7529,8461000
2001-04-23,40.4778,41.248,39.9986,41.0341,5115800
2001-04-24,40.5634,41.4192,40.5206,40.9057,6139800
2001-04-25,40.6318,40.7346,39.3824,40.6575,7996600
2001-04-26,41.5047,41.8471,40.435,40.8629,6959600
2001-04-27,42.66,43.6014,41.8471,42.3348,6454900
2001-04-30,41.0597,43.1307,40.8629,42.8226,7701400
2001-05-01,41.7016,41.7016,40.6917,41.4962,8028400
2001-05-02,42.4204,42.6772,41.3336,42.1465,6724400
2001-05-03,41.9326,42.4119,41.3336,41.5903,7405700
2001-05-04,43.3019,43.3019,41.5047,41.8299,8223200
2001-05-07,42.1038,42.737,41.5989,42.0867,10067500
2001-05-08,40.8629,41.9155,40.649,41.7187,8522200
2001-05-09,40.435,40.7431,40.2211,40.435,6486800
2001-05-10,40.6575,41.8642,40.4436,41.0769,5805800
2001-05-11,39.7418,40.9057,39.6648,40.6661,5674200
2001-05-14,40.7688,40.8886,39.6648,39.7076,5469800
2001-05-15,40.4607,41.0169,40.2382,40.5634,5816600
2001-05-16,41.3422,41.6331,39.7932,40.5548,9347900
2001-05-17,41.2395,41.7187,40.957,41.1282,7800200
2001-05-18,41.2138,41.7615,40.6575,41.7615,5536700
2001-05-21,42.3006,42.3605,40.8201,41.4876,6904900
2001-05-22,42.8055,43.3019,42.5402,42.66,8750800
2001-05-23,41.8642,42.6258,41.4106,42.6172,6269400
2001-05-24,42.2236,42.7028,41.8898,41.8898,5420900
2001-05-25,41.6759,42.5146,41.5903,42.1465,3839900
2001-05-29,42.215,42.3177,41.1624,41.9326,5376800
2001-05-30,41.6074,42.7028,41.4106,42.215,5402700
2001-05-31,42.061,42.1808,40.9485,41.5475,5847000
2001-06-01,41.8385,42.1465,41.4192,42.1465,6003500
2001-06-04,42.3605,42.3605,41.4106,41.7187,4271200
2001-06-05,41.5047,42.7114,41.5047,42.3605,6751800
2001-06-06,40.0841,40.7346,39.5878,40.6917,12652800
2001-06-07,39.0487,39.4423,38.0902,39.3653,11954800
2001-06-08,37.8249,38.6379,37.4826,38.6379,7345600
2001-06-11,37.8078,38.3042,37.6623,37.8677,6247700
2001-06-12,37.2174,37.3543,36.3701,37.3115,8114900
2001-06-13,37.5682,38.1758,37.0119,37.5254,7328700
2001-06-14,37.3029,37.9447,37.0633,37.3543,6636300
2001-06-15,38.424,38.5438,37.0975,37.5682,15330500
2001-06-18,37.9191,38.424,37.5254,38.0817,7097500
2001-06-19,38.0988,38.8518,37.7822,38.424,5712500
2001-06-20,39.023,39.3653,38.0817,38.1245,7640800
2001-06-21,40.3238,40.4179,38.5095,39.1086,7181900
2001-06-22,39.2798,39.8873,39.1514,39.8788,7263400
2001-06-25,39.2113,39.6648,38.5523,39.3653,4637300
2001-06-26,38.2357,38.5695,37.6538,37.6966,6804100
2001-06-27,37.6709,38.3812,37.6538,37.8249,6511000
2001-06-28,38.5095,38.792,37.9191,37.9961,4907000
2001-06-29,38.056,38.501,37.6538,38.2956,6180700
2001-07-02,39.1942,39.2798,37.7308,38.3384,5111500
2001-07-03,39.358,39.6684,39.0907,39.4442,3057900
2001-07-05,39.2545,39.6597,38.7545,39.4873,4359000
2001-07-06,38.3751,39.039,37.8492,39.039,5037200
2001-07-09,37.9268,38.2803,37.3836,38.2803,4892200
2001-07-10,36.2197,37.5474,36.1679,37.5043,8430400
2001-07-11,36.2542,36.3749,35.0989,36.1766,8234300
2001-07-12,36.6766,37.3491,36.349,36.599,7190400
2001-07-13,36.6853,36.987,36.3921,36.4611,5728800
2001-07-16,35.5213,37.0646,34.4867,36.987,7252100
2001-07-17,36.4697,36.8318,35.004,35.6851,6437800
2001-07-18,37.5733,37.5733,35.1334,35.3489,10163800
2001-07-19,37.6768,38.151,37.0301,37.7888,8115100
2001-07-20,37.4181,37.8061,37.0301,37.4612,4072500
2001-07-23,37.0818,37.6768,37.0732,37.4181,4122200
2001-07-24,36.7974,37.3664,36.6853,36.8663,5760100
2001-07-25,36.987,37.2025,35.9524,37.2025,7438000
2001-07-26,37.2802,37.4957,36.4266,36.8146,5516400
2001-07-27,38.1164,38.1337,36.8836,36.9008,6060000
2001-07-30,37.7716,38.1078,37.5474,37.5905,6203600
2001-07-31,37.3319,38.0216,37.1163,37.5043,8478700
2001-08-01,37.5043,37.8061,37.0732,37.2457,8843900
2001-08-02,37.5043,38.151,37.5043,37.5474,4940000
2001-08-03,37.3491,37.7199,37.1077,37.5129,5891400
2001-08-06,36.8663,37.5647,36.7025,37.3491,5021000
2001-08-07,36.8749,37.0991,36.4783,36.7456,4686600
2001-08-08,36.28,36.8491,36.0559,36.5128,5484800
2001-08-09,36.1248,36.3318,35.5299,36.2542,5472400
2001-08-10,36.4266,36.5387,35.461,36.1248,4686900
2001-08-13,36.3145,36.5387,35.8231,36.0472,3459300
2001-08-14,36.4266,36.7111,36.2111,36.3145,4609500
2001-08-15,36.3404,36.5128,36.2197,36.2714,4783900
2001-08-16,36.3663,36.4266,35.5903,36.3835,6333100
2001-08-17,35.7627,36.1593,35.3661,36.0818,4951800
2001-08-20,35.4265,35.9179,35.1937,35.6076,5845000
2001-08-21,34.8402,35.7369,34.8316,35.2627,7091700
2001-08-22,35.5213,35.6076,35.004,35.0902,5304100
2001-08-23,35.1075,35.5213,35.004,35.2713,4558100
2001-08-24,35.2885,35.4782,34.3574,34.7454,11884100
2001-08-27,35.4351,35.78,34.9523,35.1592,5481500
2001-08-28,34.9092,35.5213,34.616,35.2627,6436800
2001-08-29,34.116,34.8919,33.9867,34.7281,6158300
2001-08-30,33.8315,34.0556,32.909,33.8401,7390300
2001-08-31,33.9694,34.4867,33.7194,33.7194,4905900
2001-09-04,34.3401,35.073,33.6763,34.0556,6377800
2001-09-05,33.0641,34.4867,32.84,34.4867,10438300
2001-09-06,31.8485,32.7624,31.4691,32.7624,11272200
2001-09-07,31.9002,32.0727,31.0035,31.038,8777400
2001-09-10,32.1244,32.2106,30.9432,31.2967,9258700
2001-09-17,30.3914,30.8829,29.3137,30.1759,20389500
2001-09-18,30.0379,30.9518,29.6586,30.2621,13169000
2001-09-19,29.4086,30.607,28.4602,30.1759,13577000
2001-09-20,27.21,29.0895,26.2961,28.5809,12484300
2001-09-21,26.572,27.4601,25.0373,25.2184,19313900
2001-09-24,28.0894,28.1929,27.2445,27.2876,13482300
2001-09-25,28.6671,28.9947,27.7015,28.0636,11028700
2001-09-26,28.098,29.0981,27.6325,29.0809,8307000
2001-09-27,28.555,28.7964,27.3307,28.0204,6548500
2001-09-28,29.443,30.1845,28.7015,28.9688,10293200
2001-10-01,29.3137,30.3742,28.9688,29.5723,8397800
2001-10-02,30.1673,30.3914,29.1585,29.6586,10094000
2001-10-03,30.1847,30.7157,29.8625,30.0541,15745800
2001-10-04,29.7406,30.6461,28.9048,30.6026,11859000
2001-10-05,29.0877,30.0715,28.783,30.0366,9144900
2001-10-08,28.2432,28.8178,27.9036,28.2954,7810500
2001-10-09,28.6872,28.9048,27.921,28.0342,7666700
2001-10-10,29.0702,29.4882,28.3389,28.4695,8514000
2001-10-11,29.0964,29.9931,28.6785,29.2096,10653800
2001-10-12,28.6349,28.8091,27.8688,28.722,8224500
2001-10-15,29.2096,29.4708,27.7295,27.9471,8372000
2001-10-16,29.5491,30.0366,29.1225,29.6013,8863100
2001-10-17,30.1237,31.5603,29.9583,30.9073,14178300
2001-10-18,29.7232,30.472,29.6013,30.1673,6957300
2001-10-19,29.4882,29.7493,28.4782,29.7319,7174000
2001-10-22,30.7419,31.064,29.4969,29.4969,7488400
2001-10-23,31.1337,31.6908,29.4098,31.2555,8308700
2001-10-24,31.5342,31.6908,31.1249,31.2991,7701800
2001-10-25,32.6311,32.6573,30.9944,31.4732,7495100
2001-10-26,32.6921,33.5192,32.2132,32.6311,6606800
2001-10-29,31.0901,32.5441,31.0379,32.3003,7724300
2001-10-30,30.916,31.4035,30.0802,30.7332,9258300
2001-10-31,30.7854,31.656,30.6896,31.3513,6375500
2001-11-01,31.6386,31.8563,30.6113,31.421,8180200
2001-11-02,31.3774,31.7605,31.1685,31.421,6006000
2001-11-05,31.656,32.2829,31.5777,31.7779,6612000
2001-11-06,32.6834,32.9968,31.717,31.8737,9937600
2001-11-07,33.5975,33.9109,32.6834,32.8401,8806200
2001-11-08,33.7804,34.503,33.6062,33.6498,6771400
2001-11-09,33.998,34.2157,33.1012,33.7804,4508500
2001-11-12,33.7804,33.9545,32.4309,33.7455,5283300
2001-11-13,34.2592,34.8164,33.9284,34.6945,7900400
2001-11-14,34.5204,34.8251,33.7368,34.7381,5710200
2001-11-15,34.4333,34.6423,34.0851,34.4856,5180700
2001-11-16,34.3114,34.4333,33.7891,34.4333,5615100
2001-11-19,34.9122,35.0341,34.4507,34.4769,4663600
2001-11-20,34.3028,34.8164,33.7978,34.6945,5418700
2001-11-21,33.8152,34.4682,33.4756,34.3028,4905600
2001-11-23,34.294,34.294,33.6062,33.6062,3129700
2001-11-26,34.3811,34.4072,33.8761,34.294,6816200
2001-11-27,34.651,35.0863,33.6062,34.5204,7539400
2001-11-28,32.6486,34.5117,32.3874,34.3811,18055800
2001-11-29,33.1361,33.1622,31.7779,32.5615,11976600
2001-11-30,32.8401,33.3886,32.7443,33.3538,7225400
2001-12-03,31.8214,32.2829,31.4558,32.1262,11018400
2001-12-04,32.4048,32.6137,31.569,32.2132,8179900
2001-12-05,33.9719,34.3985,32.7617,32.8227,9524000
2001-12-06,35.1559,36.401,33.9545,34.1721,10860800
2001-12-07,34.6249,35.0428,34.5639,35.0428,5636700
2001-12-10,33.6759,34.6249,33.4408,34.6249,6622100
2001-12-11,33.5192,34.3463,33.3102,33.7455,6566200
2001-12-12,33.406,33.7368,32.7966,33.7368,6733500
2001-12-13,32.2916,32.9968,32.0391,32.5615,8816600
2001-12-14,31.3774,32.2045,30.8202,31.865,14040900
2001-12-17,31.952,32.3003,31.1772,31.4297,8033400
2001-12-18,32.3787,32.518,31.9694,32.1697,8065900
2001-12-19,33.0839,33.9109,32.0826,32.3874,10195900
2001-12-20,31.7953,32.6137,31.4732,32.0826,19234700
2001-12-21,31.1249,31.8389,30.4894,31.7953,17979600
2001-12-24,31.3774,31.3861,30.9944,31.1337,3508600
2001-12-26,31.6125,31.9956,31.3426,31.3774,5315700
2001-12-27,31.6212,32.0739,31.3339,31.5603,6687800
2001-12-28,31.8214,32.0653,31.6473,31.8214,5924900
2001-12-31,31.6473,31.804,31.4819,31.7344,6306500
2002-01-02,31.9461,32.0692,31.3573,32.0692,7929300
2002-01-03,32.7986,32.9568,31.9373,32.078,10348200
2002-01-04,34.2751,34.363,33.4138,33.4138,10432900
2002-01-07,34.1872,34.8727,34.1872,34.319,9453000
2002-01-08,33.9235,34.319,33.6423,34.2751,7604000
2002-01-09,34.0202,34.8024,33.739,34.1433,6189600
2002-01-10,34.3981,34.4421,33.7126,33.7478,6870400
2002-01-11,33.695,34.5299,33.1502,34.4948,7788900
2002-01-14,32.7898,33.2205,32.5613,33.0887,7333000
2002-01-15,33.282,33.6511,32.7898,32.7898,8475900
2002-01-16,31.8143,32.9656,31.7264,32.9568,15076200
2002-01-17,32.3856,32.6932,32.078,32.5174,11504100
2002-01-18,31.5594,32.078,31.1991,31.7704,11284800
2002-01-22,31.4276,31.7967,31.3046,31.6385,7824300
2002-01-23,31.4188,31.9461,30.7509,31.0673,8666100
2002-01-24,31.5506,32.0692,31.5506,31.8583,7715600
2002-01-25,30.7509,31.6561,30.54,31.1552,13942200
2002-01-28,30.1533,30.9618,29.3975,30.8915,13716200
2002-01-29,28.1671,30.4521,27.8595,29.9336,17856800
2002-01-30,29.0547,29.4414,26.717,27.7013,22844200
2002-01-31,29.9248,29.9687,29.0196,29.0987,12247600
2002-02-01,28.2638,29.9248,28.1671,29.9248,13705300
2002-02-04,26.8576,28.4307,26.8488,28.2726,12660100
2002-02-05,25.5042,26.8664,24.8714,26.8664,28714800
2002-02-06,25.8733,26.4094,25.3987,25.7239,19560100
2002-02-07,26.427,27.13,25.97,26.3654,17090600
2002-02-08,27.3498,27.5958,26.5764,26.5764,15541400
2002-02-11,27.9825,28.0792,27.0158,27.4376,12952800
2002-02-12,27.6749,27.8507,27.2882,27.7716,7807600
2002-02-13,26.5852,28.2901,26.3654,27.6837,20457300
2002-02-14,26.55,27.0597,25.8381,26.3654,17209400
2002-02-15,26.4094,26.717,25.7503,26.55,16684300
2002-02-19,25.513,26.1457,25.4426,25.7503,13378500
2002-02-20,25.8469,26.2775,24.9505,26.1897,14369600
2002-02-21,25.6096,26.4973,25.3987,25.7327,9669400
2002-02-22,24.7747,25.0032,23.4653,25.0032,25756700
2002-02-25,25.4866,25.5305,24.388,24.432,11513000
2002-02-26,25.4515,25.6887,25.056,25.4866,10028100
2002-02-27,25.4515,25.97,25.0472,25.6536,10123500
2002-02-28,25.7063,25.926,25.3723,25.4954,8056800
2002-03-01,26.0666,26.1457,25.5305,26.0139,9530300
2002-03-04,28.5626,28.6944,26.3654,26.5852,16655500
2002-03-05,28.5714,29.7754,28.3956,28.5802,16768700
2002-03-06,29.9248,30.25,29.1514,29.4414,15044900
2002-03-07,29.9248,30.6279,29.6172,30.2763,12092200
2002-03-08,30.5312,30.7421,30.0302,30.54,11721000
2002-03-11,31.9022,32.0692,30.7861,31.1991,16507800
2002-03-12,31.8583,32.034,31.0761,31.6385,13336300
2002-03-13,31.0849,31.9461,30.707,31.6385,10128700
2002-03-14,30.8564,31.1464,30.496,30.7685,8074500
2002-03-15,31.6473,31.7001,30.6279,30.8652,11627800
2002-03-18,31.0585,31.9901,30.8212,31.6473,8641300
2002-03-19,31.7176,31.7176,31.2519,31.4188,7615100
2002-03-20,30.9267,31.3837,30.8915,31.3749,8460200
2002-03-21,30.5751,30.9882,28.7735,30.9267,7176300
2002-03-22,30.9355,31.2343,30.3203,30.5839,7176700
2002-03-25,30.7157,31.744,30.7157,30.9355,8447700
2002-03-26,30.8915,31.7088,30.8476,30.9355,9780000
2002-03-27,31.1991,31.6297,30.8915,30.9355,6541200
2002-03-28,31.3309,31.8319,30.9882,31.5067,6425000
2002-04-01,31.2958,31.5946,30.7597,31.3309,4588500
2002-04-02,31.0321,31.3749,30.9355,31.0937,5126800
2002-04-03,30.7685,31.0761,30.3906,30.9267,5978700
2002-04-04,30.2675,30.9355,29.9863,30.6279,6825900
2002-04-05,30.6367,30.997,30.4257,30.4257,5999500
2002-04-08,30.7421,30.9267,30.1005,30.3554,5735300
2002-04-09,30.9267,31.1552,30.6279,30.7597,5537600
2002-04-10,30.7949,31.1024,30.3203,30.9267,9663300
2002-04-11,29.4063,30.7421,29.0899,30.5839,12118300
2002-04-12,30.1269,30.1972,29.5293,29.6172,6738500
2002-04-15,30.2324,31.287,30.1005,31.1991,11163000
2002-04-16,31.0937,31.1991,30.1709,30.7157,14282300
2002-04-17,32.7547,33.0271,31.1991,31.5946,19383700
2002-04-18,32.7459,33.1062,31.9637,32.5262,10165700
2002-04-19,33.1853,33.3523,32.781,32.9568,6677300
2002-04-22,32.1659,32.8601,32.0076,32.7547,8053500
2002-04-23,32.1659,32.3856,31.8143,32.2362,7385100
2002-04-24,31.5419,32.2537,31.5243,32.2537,7354700
2002-04-25,30.7861,31.243,30.2236,31.1112,10940800
2002-04-26,30.7509,31.5067,30.5576,31.4188,7525800
2002-04-29,30.1797,31.1552,29.8808,31.1112,8569000
2002-04-30,30.8476,31.5946,30.1884,30.496,9892493
2002-05-01,31.1991,31.5067,30.2324,31.1464,6543700
2002-05-02,31.8583,31.8846,31.1903,31.1991,7680200
2002-05-03,31.3573,31.9989,30.7773,31.9022,7109900
2002-05-06,30.2324,31.5946,30.0918,31.5946,6321800
2002-05-07,30.4345,31.2343,30.4345,30.707,8673800
2002-05-08,32.4383,32.6492,31.6385,32.078,10199300
2002-05-09,31.4364,32.1483,31.1991,31.8583,8214200
2002-05-10,30.83,31.6385,30.7597,31.5858,5472400
2002-05-13,31.9373,32.0252,30.8476,31.0673,5811000
2002-05-14,33.0359,33.1589,32.2801,32.4295,8404300
2002-05-15,32.4822,33.3435,32.4295,32.7283,8716400
2002-05-16,33.2468,33.3962,32.368,32.5613,5798700
2002-05-17,33.4841,34.0554,33.0447,33.3962,7433100
2002-05-20,32.9217,33.3347,32.7635,33.2205,4149000
2002-05-21,32.9744,33.9675,32.781,33.326,6318700
2002-05-22,33.0096,33.1238,32.3768,32.9744,5234100
2002-05-23,33.7214,33.9763,32.992,33.0096,6222600
2002-05-24,33.2205,34.0202,32.9656,33.3962,4945900
2002-05-28,32.6932,33.3083,32.4735,33.1765,4890600
2002-05-29,32.491,32.9568,32.2537,32.6053,5388600
2002-05-30,31.6473,32.324,30.8036,32.078,9345200
2002-05-31,31.5946,32.2977,31.5243,31.6473,7755400
2002-06-03,30.4609,31.8583,30.3818,31.6385,7325800
2002-06-04,30.4521,31.3309,29.9512,30.6806,9405000
2002-06-05,30.496,30.8915,30.0742,30.4521,7102100
2002-06-06,29.6084,30.6718,29.3535,30.6455,7494700
2002-06-07,29.6084,29.872,28.5626,28.7823,9275100
2002-06-10,29.7754,29.9687,29.1602,29.5732,5536800
2002-06-11,28.9405,30.3906,28.8174,29.8633,6525300
2002-06-12,29.1514,29.2744,27.8859,28.8702,9581500
2002-06-13,28.7032,29.3975,28.5626,29.1074,6011000
2002-06-14,29.002,29.4326,27.464,28.4307,9760000
2002-06-17,31.1815,31.1903,29.5029,29.5293,10243900
2002-06-18,30.7773,31.3661,30.5664,31.1815,7514400
2002-06-19,30.4169,30.8915,30.1005,30.496,6335200
2002-06-20,29.336,30.4082,29.0108,30.4082,8527900
2002-06-21,28.9844,29.5732,28.8174,28.8262,12329800
2002-06-24,29.2041,29.793,27.8155,28.3428,10045000
2002-06-25,28.9405,30.1884,28.7383,29.2656,7179000
2002-06-26,27.6749,28.1056,26.4973,27.0246,19127400
2002-06-27,28.7559,29.002,27.5958,28.1671,9726800
2002-06-28,29.8105,29.8105,28.6065,28.6944,7800500
2002-07-01,27.5607,29.5996,27.5519,29.5205,10095400
2002-07-02,27.7473,28.0227,26.6544,27.5607,12179600
2002-07-03,27.4985,27.6762,26.6544,27.2852,8979400
2002-07-05,28.8756,29.0533,27.6762,27.9871,4612400
2002-07-08,28.6802,29.2755,28.2537,28.9556,7585700
2002-07-09,27.7828,29.0978,27.765,28.6624,7075700
2002-07-10,26.7877,28.2093,26.7077,28.076,8858100
2002-07-11,27.1609,27.4541,25.9881,26.6544,11589300
2002-07-12,26.841,27.4985,26.3701,27.3208,7535900
2002-07-15,26.7255,26.7344,25.2684,26.299,11557500
2002-07-16,25.3217,29.9685,24.1667,25.6771,14886800
2002-07-17,25.0019,26.5211,24.4599,25.3306,16035200
2002-07-18,24.1667,25.0551,23.909,24.5221,9790100
2002-07-19,23.1894,24.1667,22.9672,23.5892,12270800
2002-07-22,21.7855,23.678,21.6967,23.065,16705900
2002-07-23,17.8407,21.8566,17.5919,21.8566,44908600
2002-07-24,20.7016,21.057,16.1881,17.3254,46819600
2002-07-25,19.8575,22.6563,18.6581,20.7016,33168300
2002-07-26,19.7687,20.7016,18.7025,20.6127,18050500
2002-07-29,22.3009,22.4075,20.6572,20.7283,18354600
2002-07-30,22.1143,22.6563,21.1458,21.8566,16052300
2002-07-31,22.1765,22.3009,21.4213,22.0343,13790900
2002-08-01,22.2298,22.4608,21.5457,21.9899,12536400
2002-08-02,21.1903,22.1232,20.6838,21.7944,13448400
2002-08-05,19.8575,20.7904,19.6354,20.3284,14480400
2002-08-06,21.0126,21.8833,20.6572,20.8793,14504500
2002-08-07,21.3591,21.8122,20.595,21.3235,10715900
2002-08-08,23.4381,23.4559,22.0521,22.4785,16995400
2002-08-09,23.4115,23.8113,22.4519,22.6563,12011100
2002-08-12,22.6207,22.9317,22.2209,22.9228,9748600
2002-08-13,21.6789,22.905,21.5901,22.1676,10958800
2002-08-14,22.3364,22.3364,20.7638,21.5101,15345800
2002-08-15,22.0254,22.7273,21.4213,22.3186,13570400
2002-08-16,22.0876,22.2653,21.4923,22.0254,9678900
2002-08-19,24.1756,24.3,22.0699,22.8784,13037300
2002-08-20,23.5803,24.0867,23.3671,23.9979,9419200
2002-08-21,23.8824,23.9979,23.0827,23.5447,9146800
2002-08-22,23.7135,23.9445,22.7984,23.2338,11966500
2002-08-23,22.8428,23.4825,22.5674,23.3671,9148500
2002-08-26,23.5359,23.7669,22.7895,22.8784,8705300
2002-08-27,23.7669,24.3444,23.2782,23.989,9691100
2002-08-28,23.3493,23.7669,23.136,23.4559,7982600
2002-08-29,23.6336,23.8024,22.7984,23.0117,6950800
2002-08-30,23.4559,24.2022,23.1894,23.3226,7633300
2002-09-03,21.9899,22.7984,21.9899,22.7895,11010900
2002-09-04,22.5585,22.8784,21.5457,21.9988,9968900
2002-09-05,21.4124,22.1587,21.3146,21.8833,11126200
2002-09-06,21.2435,22.3275,21.2347,22.2475,11131700
2002-09-09,20.9592,21.2347,19.6176,20.6127,23679300
2002-09-10,20.5683,21.2614,20.2041,21.2347,11271300
2002-09-11,20.4173,21.3324,20.3462,21.3324,6951100
2002-09-12,19.5554,20.3462,19.4222,20.3284,11703100
2002-09-13,19.5821,19.9908,19.3244,19.5554,10826200
2002-09-16,19.2889,19.4577,18.8891,19.1912,10109200
2002-09-17,19.1467,19.902,18.9602,19.7243,10291200
2002-09-18,18.1605,18.2938,16.7034,16.9344,46144200
2002-09-19,17.6541,18.0717,17.3254,17.7696,18650600
2002-09-20,17.9295,18.2139,17.6807,17.8762,16576500
2002-09-23,17.1032,17.5919,16.89,17.3787,13813500
2002-09-24,16.5613,17.1476,16.4369,17.1121,18935000
2002-09-25,16.7834,17.1476,16.277,16.9078,16291400
2002-09-26,17.121,17.5208,16.7034,16.7834,16468700
2002-09-27,16.2947,17.5475,16.2236,17.121,14082500
2002-09-30,16.8722,17.3254,15.8683,16.3036,19837600
2002-10-01,17.5386,17.8584,16.6856,17.0144,15851400
2002-10-02,16.4989,17.8912,16.3543,17.3035,15141900
2002-10-03,15.9294,16.8696,15.9113,16.508,21175900
2002-10-04,14.953,16.3905,14.953,15.9384,21504400
2002-10-07,15.1609,15.5949,14.6004,14.9621,19884300
2002-10-08,15.0072,15.7305,14.3202,15.5949,22978300
2002-10-09,13.9676,15.0163,13.7958,14.51,27853100
2002-10-10,14.4196,14.7813,13.8681,13.9766,22442500
2002-10-11,15.5406,16.1373,14.8264,14.8626,19016500
2002-10-14,15.2604,15.848,15.1881,15.3779,10441300
2002-10-15,16.8244,16.9238,16.282,16.5441,20047200
2002-10-16,16.5351,16.7069,16.2729,16.4085,15243400
2002-10-17,16.9871,17.855,16.743,17.7194,13722500
2002-10-18,17.1498,17.6199,16.5351,16.9781,10523600
2002-10-21,18.3251,18.6596,16.7701,16.8877,18428900
2002-10-22,17.9996,18.4155,17.9183,18.063,11168400
2002-10-23,17.8731,17.9545,17.0956,17.8098,13325400
2002-10-24,17.8098,18.8766,17.7646,18.298,15642700
2002-10-25,18.4155,18.4426,17.638,17.6471,9835000
2002-10-28,19.2111,19.5366,18.9399,18.9851,15491700
2002-10-29,18.4969,18.9851,17.9906,18.8043,13296300
2002-10-30,19.0303,19.1659,18.3884,18.5331,9994100
2002-10-31,18.7591,19.1478,18.4607,19.0303,9821000
2002-11-01,19.4552,19.6902,18.5421,18.7591,9146800
2002-11-04,19.8982,20.8475,19.8891,20.2055,13636400
2002-11-05,20.314,20.4225,19.6993,19.7264,10929600
2002-11-06,19.9434,20.7751,19.202,20.748,17199300
2002-11-07,18.6235,19.2653,18.09,19.1659,19726400
2002-11-08,18.2619,19.1026,18.081,18.6235,12928700
2002-11-11,18.4607,18.8043,18.081,18.2799,8167700
2002-11-12,18.5692,18.8947,18.3522,18.3613,9326300
2002-11-13,18.9399,19.0755,18.1714,18.5331,10760800
2002-11-14,19.8168,19.8439,19.3648,19.3648,10600400
2002-11-15,19.9705,20.2055,19.401,19.8258,12308300
2002-11-18,19.7897,20.2508,19.6179,20.1061,9986300
2002-11-19,19.8439,19.9795,19.5546,19.5818,8207300
2002-11-20,21.4441,21.5164,20.0247,20.1604,19719600
2002-11-21,22.5019,22.5019,21.4803,21.7424,20579000
2002-11-22,22.5923,22.8544,21.9775,21.9775,14654500
2002-11-25,22.5561,22.8002,22.1583,22.6013,10104600
2002-11-26,21.869,22.5651,21.7876,22.5109,9449000
2002-11-27,22.7731,22.7821,22.0589,22.1945,11766600
2002-11-29,22.755,23.2341,22.7008,22.9629,4637500
2002-12-02,22.8002,23.6319,22.4205,23.4963,12494000
2002-12-03,22.2487,22.7008,22.0589,22.6917,12677900
2002-12-04,22.3301,22.7821,21.7424,22.2578,9266800
2002-12-05,21.3447,22.3391,21.2814,22.3301,11522800
2002-12-06,22.086,22.3301,20.6124,20.757,13236200
2002-12-09,21.0282,21.6973,20.8746,21.5707,9415400
2002-12-10,21.8328,21.8781,21.0373,21.0373,8975700
2002-12-11,21.7786,21.9685,21.426,21.5707,6807400
2002-12-12,21.8328,22.3753,21.5797,21.7786,8396500
2002-12-13,21.3537,21.7424,21.2543,21.6521,8218200
2002-12-16,22.4205,22.4476,21.2904,21.5164,7944200
2002-12-17,22.6194,23.1347,22.2939,22.4205,11437100
2002-12-18,21.6973,22.2216,21.6068,22.1041,14182700
2002-12-19,21.0915,21.869,20.6666,21.7063,13801400
2002-12-20,22.4838,22.4838,21.3899,21.5164,15520400
2002-12-23,22.3391,22.5923,21.9685,22.0589,9285700
2002-12-24,21.8781,22.2487,21.7244,22.2397,3772400
2002-12-26,22.1041,22.4928,21.869,21.8781,5838400
2002-12-27,21.5164,22.1131,21.3989,22.1041,7220200
2002-12-30,21.6882,21.7876,21.3447,21.7063,7389700
2002-12-31,21.6973,21.8328,21.417,21.6882,6215500
2003-01-02,22.9991,23.0533,22.4205,22.8273,16743600
2003-01-03,23.4511,23.4963,22.7821,23.0533,12525700
2003-01-06,25.2954,25.4039,23.4692,23.5053,22932700
2003-01-07,25.1688,25.5756,24.9699,25.2954,17840300
2003-01-08,24.2015,24.6354,23.9664,24.6354,15857500
2003-01-09,24.6806,24.762,24.2738,24.2738,11206000
2003-01-10,24.4908,25.0332,24.1834,24.2738,8735400
2003-01-13,24.6625,25.0332,24.5993,24.771,9290600
2003-01-14,24.9428,25.0875,24.536,24.8614,8216900
2003-01-15,24.4817,24.988,24.2467,24.9067,8147800
2003-01-16,24.2105,24.6987,23.9664,24.4817,7734500
2003-01-17,23.6771,24.2648,23.5325,23.8218,9809500
2003-01-21,22.981,24.0478,22.8454,23.9755,10367800
2003-01-22,22.3301,22.981,22.2397,22.981,16066300
2003-01-23,22.7188,22.8363,22.1493,22.6917,8020000
2003-01-24,21.5255,22.7188,21.2995,22.4657,11709500
2003-01-27,21.0554,21.7876,20.8475,21.4713,8787500
2003-01-28,21.2543,21.6521,21.0102,21.3356,10567800
2003-01-29,21.2452,21.3899,20.5762,20.974,9989200
2003-01-30,20.8293,21.5616,20.6395,21.2452,9160500
2003-01-31,21.1006,21.2362,20.522,20.5672,9560900
2003-02-03,21.3176,21.5797,21.1006,21.2452,7833000
2003-02-04,20.8384,21.3266,20.5672,21.3266,8152200
2003-02-05,20.739,21.417,20.5943,21.0192,8414600
2003-02-06,20.1694,20.5491,20.0699,20.4949,8906400
2003-02-07,19.871,20.4678,19.7083,20.4316,9526700
2003-02-10,19.9795,20.1604,19.6722,19.8891,9080900
2003-02-11,19.8891,20.296,19.8349,20.296,12582400
2003-02-12,19.4462,20.088,19.4462,19.8891,9577800
2003-02-13,19.2473,19.4642,18.8585,19.4371,10873500
2003-02-14,19.7535,19.8439,19.1388,19.2563,8881000
2003-02-18,20.3412,20.6666,19.9524,19.9615,9225300
2003-02-19,20.3412,20.4768,20.1604,20.3412,8086000
2003-02-20,20.5129,20.6124,20.2327,20.4316,7152500
2003-02-21,20.6847,20.8836,20.0247,20.4225,8540000
2003-02-24,20.1604,20.6938,20.0609,20.6938,7695700
2003-02-25,20.3864,20.3864,19.636,19.8891,10674500
2003-02-26,20.1965,20.4316,19.9795,20.2055,6608100
2003-02-27,20.4858,20.7932,20.079,20.2508,8760900
2003-02-28,20.5039,20.7932,20.3502,20.4678,7646100
2003-03-03,20.6576,21.0915,20.4858,20.9288,8083200
2003-03-04,20.2508,20.7028,20.2508,20.6576,7707900
2003-03-05,20.6214,20.6214,20.2055,20.2598,7670600
2003-03-06,19.8891,20.3683,19.853,20.2688,10613700
2003-03-07,20.1513,20.6124,19.5004,19.6089,9272100
2003-03-10,19.3829,20.0609,19.3015,19.7716,8585300
2003-03-11,18.7591,19.7083,18.6867,19.4823,12601900
2003-03-12,18.7591,18.9851,18.1985,18.5331,16406000
2003-03-13,19.636,19.6812,19.0484,19.2111,12988100
2003-03-14,19.2201,19.9795,19.1297,19.6812,13848800
2003-03-17,20.3954,20.4949,18.9941,19.2111,15268800
2003-03-18,20.6214,20.7932,20.296,20.6847,9193900
2003-03-19,21.0915,21.1096,20.522,20.6576,11398700
2003-03-20,21.2723,21.3899,20.5672,20.5943,10698200
2003-03-21,22.2849,22.5109,21.4803,21.5978,18488200
2003-03-24,21.3627,21.7334,21.2,21.4713,10964200
2003-03-25,21.8238,22.1131,21.3085,21.3085,9397300
2003-03-26,21.8509,22.0137,21.5888,21.6068,6461300
2003-03-27,21.8057,22.0769,21.408,21.7063,7554500
2003-03-28,22.1041,22.2306,21.5888,21.8057,7736900
2003-03-31,21.4351,21.7876,21.3808,21.4713,9261400
2003-04-01,21.9052,22.0589,21.4713,21.8328,9689000
2003-04-02,22.7008,22.8906,22.2578,22.4205,13884500
2003-04-03,22.5471,23.0443,22.5109,22.9629,10315000
2003-04-04,23.1257,23.1889,22.6826,22.9087,10113600
2003-04-07,23.1799,24.1653,23.1437,23.9212,12796300
2003-04-08,23.4963,23.5958,23.0081,23.3698,8949700
2003-04-09,23.2613,23.876,23.1257,23.5506,10138500
2003-04-10,23.2522,23.415,22.972,23.2613,7215900
2003-04-11,23.1347,23.7404,22.981,23.5053,7997100
2003-04-14,23.9935,24.0478,23.3969,23.4873,10093500
2003-04-15,24.2919,24.771,23.7585,23.9664,13329900
2003-04-16,23.9574,25.0422,23.7314,24.8976,18636900
2003-04-17,24.6897,24.8343,23.9574,23.9574,11055000
2003-04-21,24.8162,25.0784,24.5541,24.6897,8337900
2003-04-22,25.9282,26.0367,24.5631,24.6987,13909200
2003-04-23,26.6153,26.8413,25.9011,25.9915,15108200
2003-04-24,25.8197,26.0819,25.5937,25.9734,12140700
2003-04-25,25.2773,26.0006,24.997,25.9915,11300700
2003-04-28,26.0458,26.1362,25.3135,25.3135,9484400
2003-04-29,26.3441,26.4435,25.883,25.9373,12243200
2003-04-30,26.5339,26.8052,26.0458,26.3441,14748400
2003-05-01,26.4706,26.7238,25.9373,26.5339,10261400
2003-05-02,26.995,27.1668,26.2989,26.3531,10634900
2003-05-05,27.447,27.9804,27.1216,27.1216,13997400
2003-05-06,27.7634,28.0708,27.0944,27.3476,12208100
2003-05-07,27.8629,28.0166,27.2662,27.5284,10721500
2003-05-08,27.0854,27.6007,26.9589,27.5284,10890100
2003-05-09,27.1939,27.2843,26.7419,27.1939,8820700
2003-05-12,27.9714,28.0166,26.9136,27.1939,8801900
2003-05-13,27.7725,28.0708,27.447,27.9714,7477600
2003-05-14,27.5646,27.9985,27.3747,27.7815,7515300
2003-05-15,28.0618,28.342,27.8087,27.8448,10648700
2003-05-16,28.2516,28.4776,27.9352,28.0618,9273900
2003-05-19,27.5013,28.2516,27.3295,28.2516,8307200
2003-05-20,27.5103,27.8358,27.1668,27.5013,8688400
2003-05-21,27.6188,27.664,27.0583,27.212,8389500
2003-05-22,27.5646,27.7454,27.3657,27.4832,8651900
2003-05-23,27.9352,28.0347,27.4561,27.6188,5753700
2003-05-27,28.9749,29.0562,27.5736,27.7544,11224800
2003-05-28,29.4269,29.68,28.993,29.1105,12021100
2003-05-29,29.1738,29.7343,29.1015,29.6077,9551100
2003-05-30,29.7072,29.897,29.3094,29.4631,10711800
2003-06-02,30.6655,31.2621,30.123,30.1501,13337100
2003-06-03,30.5751,31.0813,30.5027,30.6655,11582400
2003-06-04,31.3616,31.4882,30.1954,30.4214,13171500
2003-06-05,31.7322,31.904,31.1084,31.3616,10380700
2003-06-06,31.7594,33.016,31.6509,32.338,11836000
2003-06-09,30.5208,31.443,30.3762,31.2802,10274000
2003-06-10,30.8192,31.0452,30.6203,30.7378,10855000
2003-06-11,31.226,31.452,30.6564,31.009,9252300
2003-06-12,31.3706,31.7503,30.9457,31.6328,9632500
2003-06-13,31.3706,31.687,31.0452,31.5062,6799300
2003-06-16,32.5007,32.5007,31.5062,31.5966,9417500
2003-06-17,32.6273,32.7267,32.2114,32.5368,9515500
2003-06-18,31.7051,32.3922,31.4611,32.1843,11336300
2003-06-19,31.1446,31.9131,30.783,31.8679,10874400
2003-06-20,31.4611,31.7955,31.2621,31.5062,15791900
2003-06-23,30.6022,31.4158,30.3852,31.235,9876700
2003-06-24,31.009,31.1265,30.2858,30.5118,8236100
2003-06-25,30.7287,31.4791,30.5479,31.009,8978200
2003-06-26,31.0994,31.0994,30.2858,30.7378,6316400
2003-06-27,30.6474,31.1356,30.557,31.0994,6674600
2003-06-30,30.9005,31.1627,30.4123,30.9638,8801800
2003-07-01,31.2384,31.2384,30.1791,30.9005,10439900
2003-07-02,31.3845,31.5123,31.0831,31.2658,7543600
2003-07-03,31.1653,31.3571,30.7727,30.864,4376600
2003-07-07,32.0237,32.1789,31.4119,31.4849,9685900
2003-07-08,32.325,32.3615,31.8685,32.0237,6165600
2003-07-09,32.5624,32.9825,32.325,32.3981,9640900
2003-07-10,31.9689,32.535,31.7041,32.3707,7622500
2003-07-11,32.6538,32.8455,32.1241,32.1515,6973600
2003-07-14,34.06,34.2974,32.672,33.3112,12088000
2003-07-15,34.0508,34.5896,33.7952,34.2791,11553500
2003-07-16,33.1012,34.9366,32.8729,34.9366,14436400
2003-07-17,31.9963,33.1012,31.7954,33.1012,11777400
2003-07-18,32.2611,32.4163,31.8228,32.1698,7596800
2003-07-21,31.4393,32.0602,30.59,32.0511,11938000
2003-07-22,31.905,32.0145,31.284,31.5032,9300900
2003-07-23,31.8319,32.0785,31.5945,32.0511,7764200
2003-07-24,31.5762,32.2885,31.5215,32.2794,8596000
2003-07-25,32.3889,32.4255,31.4758,31.7315,8693400
2003-07-28,32.4072,32.7085,32.1059,32.4163,8228700
2003-07-29,32.1789,32.4985,31.7315,32.4894,9207500
2003-07-30,32.0145,32.4894,31.9872,32.4163,5860400
2003-07-31,32.0054,32.6994,31.9415,32.5533,8761600
2003-08-01,30.4622,32.042,30.3435,32.0328,20439800
2003-08-04,30.8001,30.864,29.5856,30.4622,15745300
2003-08-05,29.9144,30.7727,29.8869,30.727,12317600
2003-08-06,30.1244,30.38,29.6769,30.1335,12232200
2003-08-07,29.9965,30.2065,29.6952,29.9144,9221000
2003-08-08,30.1244,30.3526,29.823,30.3344,6312100
2003-08-11,30.3344,30.7544,30.0787,30.1244,6982100
2003-08-12,30.7179,30.8457,30.4074,30.5627,8519400
2003-08-13,30.5261,30.8914,30.2522,30.864,6716000
2003-08-14,30.9553,31.001,30.3252,30.5261,6993300
2003-08-15,30.7362,31.0466,30.5718,31.0466,3542300
2003-08-18,31.0923,31.1379,30.7362,31.1379,7126400
2003-08-19,31.2201,31.421,30.8914,31.1836,8275100
2003-08-20,31.8045,31.9872,31.0923,31.6676,9319700
2003-08-21,31.6128,32.3524,31.3936,32.0054,8676100
2003-08-22,30.9736,32.0967,30.8823,31.8045,8131500
2003-08-25,30.8092,30.937,30.38,30.791,6126400
2003-08-26,30.4805,31.558,30.1335,30.59,9840600
2003-08-27,30.3709,30.4987,30.1883,30.2705,5923800
2003-08-28,30.9645,31.1105,30.2431,30.3709,5600000
2003-08-29,31.2475,31.3206,30.8457,31.0101,5862800
2003-09-02,31.7224,31.9872,31.1197,31.4301,8424400
2003-09-03,31.8319,31.9963,31.5488,31.6858,7478400
2003-09-04,31.6676,31.9141,31.5671,31.841,6256200
2003-09-05,31.2201,31.6767,31.1928,31.4393,6752900
2003-09-08,31.6402,31.7771,31.2795,31.3571,5752300
2003-09-09,31.284,31.6493,31.2384,31.5032,5257900
2003-09-10,30.4805,31.2932,30.2796,30.9736,9825500
2003-09-11,30.7544,31.1836,30.6083,30.8183,6727200
2003-09-12,31.0466,31.1653,30.5353,30.6083,6251500
2003-09-15,31.001,31.2366,30.791,31.0466,5058200
2003-09-16,31.5945,31.6676,30.9279,30.9462,6877100
2003-09-17,31.6493,31.8137,31.5215,31.5945,7692500
2003-09-18,32.599,32.7542,31.6128,31.841,14757000
2003-09-19,32.4163,32.6903,32.1059,32.4163,12217800
2003-09-22,31.9506,32.01,31.558,31.9689,9198200
2003-09-23,32.325,32.3798,31.6036,31.9506,8598200
2003-09-24,31.841,32.6446,31.768,32.4163,11445800
2003-09-25,31.5032,32.1789,31.4393,31.9597,8682300
2003-09-26,31.2201,31.6949,30.9918,31.5215,10334800
2003-09-29,31.6402,31.7771,31.1562,31.4119,6481500
2003-09-30,31.348,31.6858,30.9188,31.5945,9573200
2003-10-01,32.3068,32.3981,31.558,31.6858,11368400
2003-10-02,32.2699,32.5004,32.0671,32.4082,7330900
2003-10-03,32.4266,33.0075,32.2708,32.8968,11020900
2003-10-06,32.7493,32.9245,32.3815,32.4543,7477500
2003-10-07,33.2749,33.3394,32.4266,32.777,11345300
2003-10-08,32.8323,33.3855,32.7825,33.3763,9122800
2003-10-09,32.9153,33.3302,32.7216,33.238,9138200
2003-10-10,32.7585,33.0443,32.6664,32.9153,5649300
2003-10-13,33.5976,33.6243,32.7862,32.7862,7584400
2003-10-14,33.911,33.911,33.3302,33.6529,7209900
2003-10-15,33.7174,34.0954,33.4316,34.0586,7425400
2003-10-16,33.9571,34.1046,33.6529,33.699,6884000
2003-10-17,33.4961,34.0401,33.3394,33.7635,5881500
2003-10-20,33.6713,33.7451,33.1642,33.3302,7302800
2003-10-21,33.8096,34.0217,33.5146,33.7451,7526300
2003-10-22,32.2514,32.6479,31.9841,32.3621,19399400
2003-10-23,32.2699,32.6387,31.9933,31.9933,10031600
2003-10-24,32.0578,32.3621,31.9287,32.2699,7686400
2003-10-27,32.2238,32.528,32.0772,32.5004,9827700
2003-10-28,32.777,32.9061,32.2607,32.2699,11745200
2003-10-29,33.1273,33.238,32.6018,32.777,7608300
2003-10-30,33.0443,33.3763,32.9429,33.3302,6922800
2003-10-31,33.1089,33.3486,33.0167,33.0997,6253600
2003-11-03,33.8465,33.8834,33.238,33.3947,8157128
2003-11-04,33.7451,33.8926,33.45,33.4685,6485493
2003-11-05,33.6805,33.8741,33.4722,33.7082,5912600
2003-11-06,33.4777,33.6897,33.2933,33.6897,9049600
2003-11-07,33.2288,33.6344,33.2103,33.5054,6347700
2003-11-10,33.0905,33.2841,32.8692,33.2011,4639500
2003-11-11,33.2288,33.3486,32.7585,32.777,4123200
2003-11-12,33.0997,33.4408,32.9706,33.2841,7194900
2003-11-13,33.0628,33.1919,32.8323,33.0167,4597500
2003-11-14,32.6664,33.1642,32.3639,32.9153,7224900
2003-11-17,32.6295,32.777,32.3344,32.4543,5762000
2003-11-18,32.1685,32.777,32.0947,32.6571,6955200
2003-11-19,32.0486,32.3989,31.9933,32.1685,9797800
2003-11-20,31.9103,32.4635,31.7628,32.0302,7517200
2003-11-21,32.2699,32.3989,32.0394,32.1316,6834400
2003-11-24,32.5188,32.6018,32.2607,32.4266,7258700
2003-11-25,32.7493,32.86,32.3621,32.4082,5541700
2003-11-26,32.7309,32.8692,32.4543,32.5465,3922400
2003-11-28,32.6387,32.7216,32.5004,32.5465,2447600
2003-12-01,32.8692,32.9153,32.6018,32.8323,6957200
2003-12-02,33.0075,33.0997,32.8046,32.9153,6305700
2003-12-03,32.9706,33.1827,32.8507,33.0167,7618600
2003-12-04,32.6664,32.9153,32.4819,32.8692,6089700
2003-12-05,32.2146,32.5741,32.1316,32.4266,6769400
2003-12-08,32.6387,32.7032,32.0209,32.0209,6070400
2003-12-09,32.0947,32.7309,31.9933,32.694,7684400
2003-12-10,31.9656,32.316,31.8089,32.0486,6405900
2003-12-11,32.2053,32.3898,31.855,32.1039,7651000
2003-12-12,32.3529,32.4266,32.1777,32.4174,5457900
2003-12-15,32.5096,32.7862,32.3713,32.7309,8140900
2003-12-16,32.9337,32.9522,32.5649,32.6387,7273600
2003-12-17,32.8692,32.9614,32.528,32.9429,7449800
2003-12-18,32.8692,32.9522,32.4451,32.9522,7733700
2003-12-19,32.989,32.989,32.5834,32.9614,12023200
2003-12-22,33.2841,33.2933,32.8692,32.9798,8872300
2003-12-23,33.3486,33.4593,33.1827,33.2472,7059300
2003-12-24,33.3117,33.4224,33.2195,33.3578,2007000
2003-12-26,33.3947,33.4777,33.3025,33.4408,1347300
2003-12-29,33.6805,33.6897,33.4039,33.4408,5532300
2003-12-30,33.7451,33.8188,33.6713,33.6897,5358700
2003-12-31,33.8649,33.9664,33.7451,33.9295,6141100
2004-01-02,34.079,34.4977,33.9952,34.0232,9280500
2004-01-05,34.0138,34.3023,33.7812,34.1162,9715400
2004-01-06,34.87,34.9631,34.5164,34.5722,21209900
2004-01-07,35.3818,35.447,34.8886,34.8979,14472600
2004-01-08,35.9867,36.0798,35.4191,35.4563,11991000
2004-01-09,36.0705,36.4241,35.6889,35.7355,10576000
2004-01-12,36.0984,36.4334,35.7541,35.8285,7044400
2004-01-13,36.2008,36.2473,35.782,36.1077,7205900
2004-01-14,36.4986,36.6009,36.2287,36.3683,8686300
2004-01-15,36.2194,37.1779,36.0146,37.0849,50332000
2004-01-16,36.5451,36.5544,36.2473,36.2938,18768300
2004-01-20,36.3776,36.7778,36.1822,36.6661,18916100
2004-01-21,37.3175,37.3175,36.2659,36.3776,20680300
2004-01-22,37.1686,37.7177,36.9918,37.2617,15683700
2004-01-23,36.8522,37.4943,36.6382,37.1686,10504600
2004-01-26,37.4664,37.4869,36.6009,36.7126,12290000
2004-01-27,37.2524,37.4292,37.1221,37.364,9141100
2004-01-28,36.4055,37.3919,36.238,37.2244,14579100
2004-01-29,36.3404,36.6661,35.7355,36.4521,12888800
2004-01-30,36.1915,36.4148,36.0519,36.3404,8623200
2004-02-02,36.3032,36.6661,36.1636,36.3869,8810200
2004-02-03,36.4148,36.4427,36.0705,36.3869,6921800
2004-02-04,36.2194,36.5079,36.1543,36.4055,7851100
2004-02-05,36.2566,36.48,35.9309,36.3962,6487100
2004-02-06,36.9732,37.0569,36.2101,36.2938,7312300
2004-02-09,36.7685,37.1314,36.7685,37.0849,6090000
2004-02-10,36.7406,36.9546,36.5916,36.694,7191800
2004-02-11,37.4757,37.5874,36.7778,36.8336,11688200
2004-02-12,37.5595,37.5967,37.2058,37.4292,8121300
2004-02-13,37.3734,37.8294,37.2244,37.6618,6907200
2004-02-17,37.8386,37.9773,37.4571,37.6153,8309400
2004-02-18,37.6712,37.9131,37.5483,37.8479,7170700
2004-02-19,37.9875,38.2667,37.6618,37.9038,14877400
2004-02-20,37.7549,38.0341,37.5409,37.9875,9572100
2004-02-23,37.5129,37.8479,37.3827,37.7642,8355200
2004-02-24,37.4106,37.7735,37.2524,37.3175,10759400
2004-02-25,37.5502,37.6432,37.1779,37.5967,9655500
2004-02-26,37.7456,37.8386,37.364,37.5502,6612000
2004-02-27,38.1737,38.3412,37.7456,37.8386,9295700
2004-03-01,38.6483,38.7228,38.2667,38.3691,10655400
2004-03-02,38.7786,39.0671,38.5273,38.5459,8806600
2004-03-03,39.1787,39.2253,38.6204,38.7879,7990900
2004-03-04,39.6441,39.6906,39.0857,39.0857,9311600
2004-03-05,40.0256,40.798,39.4114,39.6441,16242300
2004-03-08,39.9605,40.4723,39.9418,40.0535,8789600
2004-03-09,39.5231,39.9605,39.3556,39.9605,9037600
2004-03-10,39.1136,39.5417,38.8995,39.5417,10364800
2004-03-11,38.4436,39.4021,38.3412,38.853,11924500
2004-03-12,38.639,38.7507,38.2761,38.4808,10816600
2004-03-15,38.0899,38.4529,37.9224,38.4156,7970000
2004-03-16,38.4622,38.6204,38.1551,38.2947,7489500
2004-03-17,39.3462,39.5045,38.7972,38.7972,8745600
2004-03-18,39.1043,39.1973,38.8065,38.8995,10220600
2004-03-19,38.4622,39.4114,38.2947,39.1043,9483300
2004-03-22,37.9689,38.3877,37.6339,38.3877,9690300
2004-03-23,38.1364,38.5273,38.0155,38.2947,10830000
2004-03-24,37.9131,38.2109,37.727,38.1458,7835100
2004-03-25,38.6204,38.732,37.8759,38.0155,8174100
2004-03-26,38.3877,38.7879,38.3412,38.4342,6019400
2004-03-29,39.1415,39.2439,38.5924,38.5924,7544300
2004-03-30,39.0671,39.2811,38.9461,39.1415,7785300
2004-03-31,39.0392,39.309,38.8437,39.1694,7842600
2004-04-01,39.3276,39.4579,39.0298,39.0392,10295200
2004-04-02,38.6483,39.6161,38.2481,39.551,12807100
2004-04-05,38.853,38.853,38.2761,38.4156,10003200
2004-04-06,38.6204,38.7134,38.4808,38.7134,7849400
2004-04-07,38.4901,38.6855,38.3607,38.6204,7224700
2004-04-08,38.2947,38.8716,38.1551,38.853,4961800
2004-04-12,38.6762,38.6855,38.2574,38.304,4989800
2004-04-13,37.2617,38.7507,37.2244,38.7507,11592900
2004-04-14,36.5451,37.2524,36.3032,36.9081,12888200
2004-04-15,36.0798,36.8243,35.5866,36.6102,15835000
2004-04-16,36.5358,36.815,36.2101,36.3125,9741200
2004-04-19,36.6289,36.7126,36.1729,36.5265,7395300
2004-04-20,35.8657,36.7499,35.8285,36.6847,9028300
2004-04-21,35.0654,35.8657,34.8514,35.8657,18611600
2004-04-22,35.7169,35.9961,34.9165,35.084,14094400
2004-04-23,35.6424,35.782,35.2888,35.7355,7214500
2004-04-26,35.875,36.8336,35.6052,35.6517,7071300
2004-04-27,35.9402,36.2473,35.7076,35.8844,8743600
2004-04-28,35.2981,35.875,35.2609,35.875,7048500
2004-04-29,35.0375,35.7541,34.8607,35.3353,10451700
2004-04-30,34.991,35.3632,34.9445,35.1771,7720800
2004-05-03,35.2329,35.3725,34.87,35.3725,8119800
2004-05-04,35.6517,36.0612,35.1864,35.2981,9740200
2004-05-05,35.4098,35.782,35.2701,35.6517,8968500
2004-05-06,34.991,35.4098,34.7304,35.1771,7717600
2004-05-07,33.9487,35.0933,33.9394,34.8886,11997100
2004-05-10,32.9529,33.502,32.2178,33.4555,21494100
2004-05-11,32.7482,33.4089,32.5062,33.4089,16614000
2004-05-12,33.2879,33.2973,32.348,32.8506,16882200
2004-05-13,33.2693,33.8649,33.0181,33.0832,11896300
2004-05-14,33.1856,33.7253,32.8785,33.2507,9251400
2004-05-17,32.8599,33.0088,32.3387,32.6272,10312200
2004-05-18,33.1018,33.4741,33.0274,33.2042,8825600
2004-05-19,33.26,33.7812,33.2321,33.502,10945700
2004-05-20,33.4183,33.7812,33.2693,33.2693,7384700
2004-05-21,33.5765,33.7253,33.381,33.3903,7116500
2004-05-24,33.6137,33.9394,33.4089,33.7533,6080200
2004-05-25,34.2837,34.3396,33.3159,33.5858,8244100
2004-05-26,34.2744,34.4512,33.9673,34.293,6715700
2004-05-27,34.3861,34.5257,33.9766,34.4233,8163000
2004-05-28,34.2837,34.3954,34.1162,34.3116,4311000
2004-06-01,34.293,34.4791,33.9673,34.2837,5619300
2004-06-02,34.7118,34.7956,34.2,34.4791,6267700
2004-06-03,34.3954,34.6188,34.2837,34.5722,7280700
2004-06-04,34.6932,34.8886,34.5722,34.7118,5832100
2004-06-07,35.4935,35.5028,34.9165,34.9258,7368400
2004-06-08,35.4191,35.5401,35.1585,35.4098,7042800
2004-06-09,35.0654,35.4005,34.991,35.3539,6053000
2004-06-10,35.1771,35.1771,34.8793,35.0933,5198600
2004-06-14,34.5815,35.112,34.4512,35.112,6317600
2004-06-15,34.6653,35.0468,34.6094,34.991,8166300
2004-06-16,34.7304,34.8793,34.5164,34.6932,5895200
2004-06-17,34.7304,34.9817,34.5536,34.6932,5747200
2004-06-18,34.6467,35.0468,34.5536,34.8142,12953700
2004-06-21,34.4326,34.7956,34.3396,34.6188,5511700
2004-06-22,34.3954,34.4512,34.1534,34.4326,9628200
2004-06-23,35.0096,35.0096,34.4977,34.5257,9303600
2004-06-24,35.1492,35.2981,34.9724,35.0096,10092200
2004-06-25,35.3539,35.8378,35.1492,35.1585,12548600
2004-06-28,35.3167,35.903,35.2236,35.447,11802300
2004-06-29,35.6331,35.7169,35.1771,35.3167,9783100
2004-06-30,36.0798,36.1543,35.5494,35.7169,16628700
2004-07-01,35.8357,36.277,35.3944,36.2206,15371800
2004-07-02,35.7512,36.1361,35.6292,35.8451,8373200
2004-07-06,34.972,35.6949,34.9438,35.6761,15088300
2004-07-07,34.6058,35.0846,34.4086,34.9813,13644300
2004-07-08,34.5025,34.9532,34.418,34.6621,9624200
2004-07-09,34.5777,34.7936,34.3899,34.7748,7199600
2004-07-12,34.6434,34.8781,34.4744,34.7372,9447300
2004-07-13,34.8687,34.9907,34.4556,34.4556,9596200
2004-07-14,34.2209,35.0001,34.0707,34.6152,10907500
2004-07-15,33.7984,34.3993,33.7139,34.3054,12141900
2004-07-16,33.6763,34.0801,33.5731,34.0331,10179400
2004-07-19,33.7984,34.0144,33.5261,33.7515,9112100
2004-07-20,34.174,34.3805,33.3252,33.7327,11568700
2004-07-21,34.5682,35.4883,34.4556,34.972,18145600
2004-07-22,34.5307,34.7279,33.9111,34.296,12868900
2004-07-23,34.296,34.6716,34.1458,34.3617,10259500
2004-07-26,34.2397,34.3899,33.9486,34.2115,8089100
2004-07-27,34.6528,34.8687,34.2491,34.3899,8491200
2004-07-28,34.803,35.0658,34.1364,34.7372,8535900
2004-07-29,34.8687,35.1973,34.5495,34.972,8556300
2004-07-30,35.0471,35.1034,34.6246,34.7372,7910500
2004-08-02,35.1222,35.1879,34.6528,34.9532,8075700
2004-08-03,34.803,35.2161,34.6621,35.1597,9108700
2004-08-04,34.9344,35.0846,34.3993,34.7372,6808800
2004-08-05,34.0613,35.0095,33.9392,34.9626,8439500
2004-08-06,33.8829,34.418,33.7045,33.9392,9666200
2004-08-09,33.8641,34.0425,33.7515,33.8547,7355900
2004-08-10,34.7279,34.7372,33.9862,33.9862,9031400
2004-08-11,34.6434,34.756,34.2678,34.5682,7241100
2004-08-12,34.6058,34.7185,34.5025,34.6434,7234600
2004-08-13,34.6152,34.6716,34.2678,34.5682,6165000
2004-08-16,35.432,35.4883,34.6716,34.6903,9070800
2004-08-17,35.6104,35.9108,35.5447,35.6292,10501300
2004-08-18,35.9765,36.0235,35.5165,35.5822,9751900
2004-08-19,35.6761,35.9765,35.5353,35.9765,7859600
2004-08-20,36.2864,36.4272,35.601,35.6479,9293600
2004-08-23,36.1925,36.5023,36.1174,36.3802,8000900
2004-08-24,36.23,36.4741,35.9953,36.3802,6038500
2004-08-25,37.028,37.2064,36.2394,36.2394,11953600
2004-08-26,37.0374,37.2252,36.7088,36.9154,8500500
2004-08-27,37.2909,37.366,37.0844,37.1313,6591000
2004-08-30,36.7088,37.2627,36.7088,37.244,5918800
2004-08-31,37.1595,37.1595,36.5304,36.7182,6823500
2004-09-01,36.859,37.2252,36.6055,37.1031,8253400
2004-09-02,37.4036,37.5444,36.8684,37.0374,7882100
2004-09-03,37.4129,37.5538,37.2721,37.3191,6939300
2004-09-07,37.4317,37.6477,37.2815,37.4129,10492500
2004-09-08,36.9623,37.4505,36.9436,37.197,11362800
2004-09-09,37.3097,37.3848,36.9436,37.0938,7663900
2004-09-10,37.366,37.4787,37.0562,37.197,6536900
2004-09-13,36.7652,37.4411,36.7652,37.2627,8158200
2004-09-14,37.075,37.244,36.8872,36.8966,7749300
2004-09-15,36.69,37.0374,36.69,36.9623,7142200
2004-09-16,37.1595,37.4036,36.7558,36.906,10947400
2004-09-17,37.2252,37.366,37.0938,37.2534,9749500
2004-09-20,36.9717,37.2346,36.8966,37.2346,7806700
2004-09-21,37.6477,37.7885,37.0844,37.0844,10298200
2004-09-22,37.4129,37.4975,36.9436,37.0844,12767500
2004-09-23,37.0468,37.3285,36.9999,37.3191,9352100
2004-09-24,37.3191,37.4881,37.0093,37.0562,8932600
2004-09-27,36.737,37.2064,36.6713,37.197,10374800
2004-09-28,36.9717,37.0562,36.568,36.7464,8002100
2004-09-29,37.2534,37.2534,36.6525,36.9717,7726300
2004-09-30,37.3003,37.3566,37.0093,37.2252,8422700
2004-10-01,37.873,37.9293,37.4224,37.4599,11389100
2004-10-04,37.6458,38.2991,37.6363,38.1855,12622200
2004-10-05,37.3617,37.6931,36.983,37.589,12012800
2004-10-06,37.3901,37.428,37.0777,37.2197,7631200
2004-10-07,37.428,37.7689,37.3144,37.4185,7055000
2004-10-08,37.5416,37.6552,37.1723,37.4375,6542800
2004-10-11,37.286,37.5795,37.286,37.3996,3363700
2004-10-12,37.4091,37.5322,36.9357,36.9735,8410800
2004-10-13,37.1534,37.5795,36.8788,37.4943,7605200
2004-10-14,36.4812,37.1534,36.1687,37.1534,11762400
2004-10-15,36.68,37.0209,36.4717,36.4812,8060700
2004-10-18,36.9262,37.0303,36.4812,36.5001,5916200
2004-10-19,35.9604,37.286,35.7805,36.6895,16615300
2004-10-20,35.2692,35.4586,34.3896,34.7485,23141100
2004-10-21,35.6953,35.8373,35.0799,35.1083,11581300
2004-10-22,35.4775,35.8635,35.4113,35.79,9002300
2004-10-25,35.0515,35.5343,34.9378,35.4775,11971600
2004-10-26,35.4965,35.6006,34.9852,35.0515,10566300
2004-10-27,35.9983,36.1498,35.0609,35.3639,11518800
2004-10-28,36.4338,36.5001,35.6669,35.8373,8766200
2004-10-29,36.5474,36.5664,35.9983,36.377,11215900
2004-11-01,36.4528,36.8694,36.3865,36.7084,10154500
2004-11-02,36.5001,37.0872,36.3675,36.4528,10176100
2004-11-03,36.7841,37.3333,36.5759,37.2576,11107800
2004-11-04,37.5322,37.5511,36.4528,36.6895,12159000
2004-11-05,37.2576,37.7878,36.9262,37.5322,13418700
2004-11-08,37.1913,37.3523,37.0303,37.2292,8001100
2004-11-09,37.0303,37.3901,36.983,37.2386,7005800
2004-11-10,36.8788,37.1061,36.7841,37.0966,7633400
2004-11-11,37.0966,37.3238,36.8031,37.1156,8004300
2004-11-12,37.0872,37.2007,36.8315,36.8599,11170900
2004-11-15,37.0777,37.0777,36.8788,36.9262,8794300
2004-11-16,36.4244,36.6989,36.3581,36.4528,14141300
2004-11-17,36.235,36.7652,36.093,36.4528,14438700
2004-11-18,35.8089,36.3013,35.7805,36.1687,14942900
2004-11-19,35.4302,35.9604,35.2882,35.8847,14347100
2004-11-22,35.5533,35.8373,35.1745,35.4302,13075600
2004-11-23,35.5627,35.6953,35.2787,35.648,10883200
2004-11-24,35.6953,35.79,35.5533,35.771,6854700
2004-11-26,35.6858,35.7805,35.6006,35.6953,3143500
2004-11-29,35.326,35.8468,35.1367,35.6858,10747600
2004-11-30,35.648,35.6953,35.0893,35.2029,13070800
2004-12-01,36.2444,36.2444,35.7616,35.79,11137500
2004-12-02,36.396,36.5664,36.1687,36.2161,8303200
2004-12-03,36.0362,36.4717,35.9699,36.3391,11918400
2004-12-06,36.093,36.377,35.7631,35.932,10706400
2004-12-07,35.7994,36.2634,35.79,36.1687,8886100
2004-12-08,35.5533,35.8184,35.5343,35.7994,11421600
2004-12-09,35.6858,35.8752,35.2692,35.2692,10360900
2004-12-10,35.629,35.8468,35.4965,35.6858,8579100
2004-12-13,36.2161,36.3581,35.9036,35.9794,14880300
2004-12-14,36.68,36.7368,36.2634,36.2823,12084600
2004-12-15,36.9546,37.1629,36.6989,36.7368,13420900
2004-12-16,36.8599,36.9262,36.5759,36.7368,11644400
2004-12-17,36.4717,36.7557,36.1592,36.1687,14299800
2004-12-20,36.5474,36.8126,36.4717,36.5474,8837800
2004-12-21,36.9925,37.1629,36.5853,36.5948,8695300
2004-12-22,36.9546,37.144,36.7368,36.8788,9283000
2004-12-23,37.0777,37.3806,37.0209,37.0398,8556100
2004-12-27,36.9357,37.2007,36.8552,37.1156,5639800
2004-12-28,37.125,37.2102,36.8741,36.8978,5420000
2004-12-29,37.0777,37.0777,36.8694,36.9357,6014300
2004-12-30,37.0019,37.2292,36.9735,37.0777,4745700
2004-12-31,36.9357,37.0872,36.8788,37.0019,5814300
2005-01-03,37.0682,37.5795,36.9357,37.3806,14964500
2005-01-04,36.686,37.3068,36.6,37.2304,11360900
2005-01-05,36.7624,37.1731,36.6669,36.8675,9773400
2005-01-06,36.9725,37.2304,36.9057,37.0298,9115900
2005-01-07,36.6764,37.1254,36.6669,36.9534,9971200
2005-01-10,36.5523,36.7815,36.3421,36.5523,9285800
2005-01-11,36.1989,36.5332,36.1989,36.3899,8963800
2005-01-12,36.2848,36.3231,35.8837,36.2944,9075900
2005-01-13,36.0747,36.6573,36.0174,36.2944,9646700
2005-01-14,36.1129,36.2753,35.9601,36.0843,7346500
2005-01-18,36.6764,36.7624,35.8378,36.0174,9729100
2005-01-19,36.1416,36.7242,36.132,36.3039,15846400
2005-01-20,35.578,36.132,35.4443,36.1034,15240300
2005-01-21,35.196,35.8073,35.196,35.578,14175000
2005-01-24,35.2247,35.5494,35.1101,35.2056,12870700
2005-01-25,35.2056,35.5398,35.1769,35.3297,9986100
2005-01-26,35.1769,35.3393,35.1101,35.1483,13743600
2005-01-27,35.1005,35.2438,34.8713,34.9763,9791200
2005-01-28,35.3393,35.3393,34.9859,35.2247,15282000
2005-01-31,35.6545,35.7213,35.5685,35.6067,14112700
2005-02-01,35.8168,35.9506,35.6258,35.8168,14017900
2005-02-02,35.8359,35.855,35.7022,35.8168,13150300
2005-02-03,35.7118,35.8455,35.6736,35.8455,10737700
2005-02-04,35.9983,36.0461,35.7213,35.7595,10662400
2005-02-07,36.2657,36.3613,35.9123,36.0079,9438300
2005-02-08,36.0652,36.2848,35.9983,36.218,7579200
2005-02-09,35.8168,36.0461,35.7691,35.9219,7095100
2005-02-10,35.7691,35.9696,35.7118,35.8741,8873000
2005-02-11,35.7977,35.8932,35.473,35.6258,10676700
2005-02-14,35.8168,35.8837,35.5972,35.8837,6687700
2005-02-15,35.8646,36.0556,35.7691,35.9792,8154000
2005-02-16,35.6545,35.75,35.5112,35.664,9633000
2005-02-17,35.1292,35.6927,35.1292,35.6067,12165000
2005-02-18,34.8713,35.1101,34.6707,35.005,17866000
2005-02-22,34.3173,34.9859,34.2887,34.8713,14897900
2005-02-23,34.8426,34.9381,34.3842,34.5561,12550200
2005-02-24,35.0336,35.2342,34.814,34.8808,9123400
2005-02-25,35.3106,35.4157,35.005,35.0336,8781900
2005-02-28,34.9095,35.3584,34.8808,35.3106,11415500
2005-03-01,35.4252,35.664,35.2247,35.3393,10180300
2005-03-02,35.3297,35.7404,35.2151,35.3393,9473000
2005-03-03,35.3488,35.5112,35.0527,35.4825,8372400
2005-03-04,35.8264,36.0938,35.4539,35.578,12698300
2005-03-07,35.664,35.8646,35.6354,35.8264,11271500
2005-03-08,35.282,35.6067,35.2533,35.5589,9935000
2005-03-09,34.8331,35.1674,34.7127,35.0814,17659300
2005-03-10,34.728,34.9572,34.6612,34.8426,11905000
2005-03-11,34.4892,34.7471,34.3842,34.6325,9297300
2005-03-14,34.814,34.8522,34.2505,34.4892,13098100
2005-03-15,34.6229,35.0241,34.5656,34.8713,8660000
2005-03-16,34.6229,34.7662,34.4319,34.6229,13584600
2005-03-17,34.5274,34.6516,34.2887,34.5943,9034600
2005-03-18,34.3937,34.6229,34.2122,34.537,18190600
2005-03-21,34.1836,34.3364,33.9066,34.2696,11448100
2005-03-22,33.4864,34.3842,33.3908,34.3842,14834800
2005-03-23,33.3622,33.706,33.3144,33.4864,17494500
2005-03-24,33.3622,33.5723,33.3049,33.5246,12002800
2005-03-28,33.2858,33.5055,33.1712,33.3622,8805200
2005-03-29,33.0279,33.5246,32.7796,33.0947,14723700
2005-03-30,33.3813,33.4099,32.9228,32.9706,11324900
2005-03-31,33.047,33.3622,32.9801,33.3335,13319900
2005-04-01,32.7127,33.5341,32.3211,33.2285,20157400
2005-04-04,32.5778,32.7514,32.1726,32.4813,15652400
2005-04-05,33.3591,33.5328,32.7707,32.8961,15302900
2005-04-06,33.4556,33.6775,33.3977,33.5232,10676400
2005-04-07,33.5714,33.8608,33.446,33.5232,8335200
2005-04-08,33.282,33.7161,33.282,33.6293,6364600
2005-04-11,33.3977,33.581,33.3495,33.446,7174200
2005-04-12,33.8029,33.9573,33.0408,33.3977,14589000
2005-04-13,33.3495,33.8512,33.282,33.8126,11505400
2005-04-14,32.9829,33.3881,32.9829,33.3495,11025300
2005-04-15,32.7321,33.4749,32.6935,33.0408,15125500
2005-04-18,33.417,33.6871,33.0022,33.0408,16011400
2005-04-19,33.7161,33.9187,33.4556,33.5039,10986400
2005-04-20,33.5328,34.6133,33.5039,34.3142,25478000
2005-04-21,33.8029,33.9283,33.1083,33.7836,16609700
2005-04-22,33.6389,33.938,33.3399,33.5424,13477100
2005-04-25,33.9283,33.9573,33.6582,33.745,9175400
2005-04-26,33.8415,34.1791,33.8029,33.938,8434100
2005-04-27,34.2467,34.4879,33.7354,33.8415,11470000
2005-04-28,33.7836,34.2563,33.7643,34.0537,13012100
2005-04-29,34.237,34.2467,33.6871,33.7933,14217000
2005-05-02,34.3142,34.3431,33.8801,34.3238,10253500
2005-05-03,34.2467,34.5554,34.0248,34.3238,12777500
2005-05-04,34.8255,34.893,34.1965,34.2563,12905600
2005-05-05,34.6325,34.9123,34.266,34.8737,8294300
2005-05-06,34.3528,34.7772,34.2467,34.729,7318200
2005-05-09,34.6904,34.729,34.2853,34.3046,6858100
2005-05-10,33.8994,34.3624,33.7643,34.3431,13797900
2005-05-11,34.0537,34.1888,33.6293,33.8994,9100900
2005-05-12,33.6003,34.1406,33.4074,34.102,11279000
2005-05-13,33.2434,33.6003,32.9058,33.6003,13914900
2005-05-16,33.5135,33.6871,33.3109,33.3688,10497100
2005-05-17,33.9669,34.0151,33.282,33.2916,11670500
2005-05-18,34.7772,34.8255,34.2081,34.3431,14821200
2005-05-19,34.9123,35.0184,34.5457,34.565,10299000
2005-05-20,34.7869,34.9798,34.1116,34.9123,7525900
2005-05-23,34.6422,34.729,34.4589,34.6325,7941300
2005-05-24,34.6229,34.729,34.401,34.7001,6298700
2005-05-25,34.6422,34.729,34.4396,34.5264,5072900
2005-05-26,34.6711,34.8158,34.4589,34.7676,5880300
2005-05-27,34.5361,34.7676,34.4493,34.6808,6011100
2005-05-31,34.4879,34.729,34.3817,34.565,7616300
2005-06-01,34.4975,35.2114,34.3046,34.3046,12326600
2005-06-02,34.4782,34.5168,33.774,34.0055,15583300
2005-06-03,34.2949,34.5843,34.1599,34.3624,8628500
2005-06-06,34.2563,34.3335,33.9573,34.2177,5937000
2005-06-07,34.2274,34.6711,34.1984,34.266,8610000
2005-06-08,34.4107,34.5457,34.2274,34.2949,7723400
2005-06-09,34.2467,34.4396,34.0634,34.266,7090400
2005-06-10,34.1791,34.3817,33.9958,34.3431,6504700
2005-06-13,34.2467,34.4975,34.0248,34.0441,7128500
2005-06-14,34.3431,34.4686,34.1406,34.1984,6275300
2005-06-15,34.4493,34.6325,34.3528,34.4782,9128700
2005-06-16,34.6325,34.7772,34.3528,34.401,9781700
2005-06-17,34.8062,34.922,34.6133,34.9123,15434900
2005-06-20,34.7772,34.9123,34.5361,34.6325,8380800
2005-06-21,34.7676,34.8641,34.6277,34.7772,5802100
2005-06-22,34.9798,35.1438,34.7869,34.7869,9318900
2005-06-23,34.6615,35.1438,34.6519,35.0184,10726100
2005-06-24,34.3142,34.758,34.1502,34.2467,12346200
2005-06-27,34.3335,34.5071,34.266,34.3238,8687200
2005-06-28,34.6519,34.6519,34.3624,34.5071,5957000
2005-06-29,34.6904,34.8255,34.6133,34.7097,6207100
2005-06-30,34.073,34.729,34.073,34.4493,10854300
2005-07-01,34.1511,34.3849,34.1024,34.3069,10768000
2005-07-05,34.0634,34.3654,33.9076,34.0927,7921200
2005-07-06,33.703,34.2388,33.5374,34.0927,10773100
2005-07-07,33.5666,33.703,33.4108,33.703,10653300
2005-07-08,33.9076,34.1219,33.6056,33.7128,9594400
2005-07-11,34.0537,34.4141,33.8491,33.9076,8455100
2005-07-12,34.3362,34.4336,33.9563,34.0537,14462400
2005-07-13,34.5699,34.6479,34.2582,34.3362,11108900
2005-07-14,34.7648,34.9304,34.5602,34.7258,8773400
2005-07-15,34.9304,35.018,34.6771,34.7648,7631300
2005-07-18,34.5894,34.7648,34.4628,34.7453,8388500
2005-07-19,34.2972,34.7842,34.1901,34.5894,12573900
2005-07-20,34.2485,34.6089,33.9368,34.3069,13308800
2005-07-21,34.4823,34.7745,34.1511,34.7745,9322000
2005-07-22,34.6771,34.6771,34.4044,34.4823,7105900
2005-07-25,34.5212,34.6771,34.3264,34.6284,5979500
2005-07-26,34.4531,34.7258,34.3946,34.716,6682800
2005-07-27,34.4336,34.6089,34.1608,34.5992,8420500
2005-07-28,34.5407,34.5699,34.268,34.4433,7518400
2005-07-29,34.229,34.531,34.1998,34.531,8494900
2005-08-01,34.3849,34.5212,34.2388,34.4044,7263000
2005-08-02,34.6284,34.716,34.3849,34.5505,6646600
2005-08-03,34.6868,34.7258,34.5018,34.6381,9789000
2005-08-04,34.5407,34.5992,34.4336,34.5018,9565300
2005-08-05,34.3362,34.5797,34.2972,34.4336,9288400
2005-08-08,34.0829,34.5115,34.0342,34.3946,5770400
2005-08-09,34.1219,34.4044,34.005,34.1608,5923500
2005-08-10,33.8978,34.4433,33.7322,34.3459,9726700
2005-08-11,33.9076,34.0634,33.5666,33.8978,9608200
2005-08-12,33.4205,33.8004,33.4011,33.742,8674600
2005-08-15,33.7517,33.8881,33.3621,33.3816,7604000
2005-08-16,33.6835,34.0829,33.6251,33.7615,8657400
2005-08-17,33.5666,33.8102,33.5082,33.7517,11001100
2005-08-18,33.7615,33.8686,33.4887,33.5666,6676500
2005-08-19,33.6446,33.8978,33.6251,33.8978,6186900
2005-08-22,33.6153,33.8784,33.5179,33.6933,6593100
2005-08-23,33.4595,33.7615,33.4205,33.6153,7901800
2005-08-24,32.9725,33.6933,32.9432,33.4205,13602400
2005-08-25,33.2355,33.2939,32.9822,33.1088,6982100
2005-08-26,32.7776,33.3036,32.7582,33.2549,9645200
2005-08-29,33.0309,33.2062,32.5146,32.5633,7484600
2005-08-30,32.7095,32.8556,32.4465,32.8458,8907800
2005-08-31,33.0114,33.0406,32.4952,32.7192,10076800
2005-09-01,33.177,33.3913,32.8458,32.875,9768700
2005-09-02,33.2257,33.5277,33.1867,33.3913,7100200
2005-09-06,33.6738,33.703,33.3621,33.3621,7291700
2005-09-07,33.9855,34.005,33.7322,33.9952,10212600
2005-09-08,33.742,34.0342,33.6153,34.0342,9160300
2005-09-09,33.9173,33.9952,33.7128,33.7322,9112100
2005-09-12,33.6738,33.9855,33.6056,33.8881,9721800
2005-09-13,33.2647,33.5959,33.2647,33.5082,13029900
2005-09-14,33.3523,33.5916,33.2939,33.5082,8136800
2005-09-15,33.2452,33.5374,33.1673,33.4595,8574400
2005-09-16,34.0829,34.0927,33.3329,33.3426,19557400
2005-09-19,33.6933,34.0439,33.5277,33.9758,10208500
2005-09-20,33.6348,34.0439,33.5569,33.6251,12550500
2005-09-21,33.1283,33.4595,33.0406,33.4011,10551200
2005-09-22,33.3621,33.4985,32.914,33.0212,8109000
2005-09-23,33.1867,33.3913,33.0309,33.3329,9615200
2005-09-26,33.0406,33.3621,33.0114,33.3621,9849600
2005-09-27,33.0017,33.2549,32.8653,33.1673,8734800
2005-09-28,33.0406,33.3718,32.8848,33.0114,8838600
2005-09-29,33.4595,33.4887,32.6315,32.9725,10601900
2005-09-30,33.0504,33.4108,32.9043,33.3426,10534300
2005-10-03,33.2355,33.5374,33.0991,33.3036,14619300
2005-10-04,33.0582,33.7272,33.0188,33.5698,14992300
2005-10-05,32.9106,33.3042,32.9008,33.1861,11654700
2005-10-06,33.1172,33.4321,32.8811,32.9697,12651600
2005-10-07,33.3534,33.5206,33.1959,33.3337,9923100
2005-10-10,32.9795,33.5009,32.9697,33.4518,6499700
2005-10-11,32.7729,33.1271,32.5761,32.95,10172900
2005-10-12,32.7335,32.9795,32.4764,32.6155,15448200
2005-10-13,33.2058,33.2353,32.3892,32.4482,13003500
2005-10-14,33.5305,33.6387,33.2156,33.4321,11165800
2005-10-17,33.4518,33.7764,33.2353,33.6584,8470000
2005-10-18,33.2255,33.5993,33.1959,33.4321,8781100
2005-10-19,34.17,34.1897,33.3632,33.5993,19389200
2005-10-20,34.1897,34.534,33.8945,34.3274,18569300
2005-10-21,34.5635,34.6226,34.2093,34.2093,15305400
2005-10-24,35.1834,35.2129,34.6816,34.6914,14396800
2005-10-25,35.144,35.331,34.9374,35.1243,10891200
2005-10-26,35.5179,35.7934,35.0555,35.1342,16154500
2005-10-27,35.4785,35.7245,35.3605,35.5179,10122700
2005-10-28,35.8524,35.8918,35.4195,35.6359,12350600
2005-10-31,36.0197,36.2066,35.813,35.9114,15562800
2005-11-01,36.2558,36.3935,35.9902,36.1968,19222000
2005-11-02,36.6002,36.8855,36.1082,36.1181,13021000
2005-11-03,36.4919,36.8855,36.3837,36.6592,10366900
2005-11-04,36.7084,36.7379,36.4624,36.5018,11277400
2005-11-07,37.0724,37.1216,36.7772,36.856,8644600
2005-11-08,36.7379,36.974,36.6493,36.8363,7807400
2005-11-09,37.1118,37.1216,36.61,36.7477,11322000
2005-11-10,37.7021,37.7906,37.0724,37.1413,16843700
2005-11-11,37.6431,37.7611,37.3774,37.5545,8195900
2005-11-14,37.5152,37.6037,37.3676,37.3676,8726300
2005-11-15,37.1216,37.6332,37.0429,37.4069,10034000
2005-11-16,37.2003,37.3381,36.8461,37.2987,10959700
2005-11-17,37.3184,37.3873,37.0921,37.0921,9583900
2005-11-18,37.4168,37.5152,37.0134,37.3873,14886000
2005-11-21,37.2102,37.4463,37.161,37.3873,10634100
2005-11-22,37.584,37.6431,36.915,37.0626,11504100
2005-11-23,38.1547,38.3613,37.525,37.5939,11983100
2005-11-25,38.2334,38.3613,38.1252,38.3515,3775300
2005-11-28,38.2727,38.5187,38.1252,38.3711,11353900
2005-11-29,38.3318,38.5482,38.1744,38.2334,14807000
2005-11-30,37.6332,38.4794,37.6037,38.3908,12823600
2005-12-01,37.9481,38.1547,37.7808,37.8989,12194100
2005-12-02,38.3613,38.4401,37.771,37.771,9823600
2005-12-05,38.2235,38.2531,37.9481,38.2039,6702400
2005-12-06,38.2235,38.6466,38.1645,38.5187,12369500
2005-12-07,37.8497,38.2629,37.7021,38.2235,9663000
2005-12-08,38.0268,38.2629,37.8005,37.8497,8597600
2005-12-09,38.4892,38.6663,38.0268,38.0366,8497100
2005-12-12,38.5187,38.6466,38.2629,38.5089,8013600
2005-12-13,38.7745,38.9516,38.3711,38.3908,10624800
2005-12-14,38.9123,39.0795,38.6269,38.7745,8511200
2005-12-15,38.9418,39.109,38.7745,38.9221,8737000
2005-12-16,39.1484,39.2369,39.0008,39.0894,12066400
2005-12-19,38.9615,39.2665,38.8532,39.0697,15603200
2005-12-20,38.9615,39.1386,38.7844,39.05,7655500
2005-12-21,39.1877,39.3353,38.9615,39.0205,11624300
2005-12-22,39.4042,39.4632,39.2173,39.296,10147300
2005-12-23,39.5518,39.7682,39.3648,39.4731,7005900
2005-12-27,39.4534,39.906,39.3255,39.7486,7752400
2005-12-28,39.2665,39.5813,39.1779,39.4632,9527000
2005-12-29,39.2173,39.4042,39.1582,39.2173,7390000
2005-12-30,39.05,39.1484,38.8434,39.0697,8567800
2006-01-03,39.5419,39.7092,38.6663,39.1877,12839400
2006-01-04,39.3137,39.8297,39.1153,39.4725,13491800
2006-01-05,39.4328,39.5023,39.1947,39.3038,8109400
2006-01-06,39.7106,39.9289,39.2443,39.6114,7966900
2006-01-09,40.3556,40.4052,39.5717,39.5717,16575200
2006-01-10,40.4151,40.435,39.7603,40.1869,16614900
2006-01-11,40.3854,40.5541,40.2961,40.4151,12333100
2006-01-12,39.6412,40.1076,39.5916,39.9389,12230000
2006-01-13,39.6114,39.7206,39.3435,39.4725,10961200
2006-01-17,39.403,39.5122,39.1054,39.1748,9941100
2006-01-18,39.0458,39.403,38.6489,38.8077,17908500
2006-01-19,38.7581,39.1649,38.5001,39.0359,12091800
2006-01-20,37.7559,38.5199,37.5872,38.51,20907200
2006-01-23,37.9742,38.4008,37.6765,37.8452,13172300
2006-01-24,37.8154,38.2322,37.7956,37.9742,9781500
2006-01-25,38.1825,38.381,37.7658,37.865,14248700
2006-01-26,39.284,39.5023,38.4108,38.4108,16187900
2006-01-27,39.4427,39.7305,38.8672,38.9466,12929400
2006-01-30,39.542,39.661,39.1153,39.2145,8701700
2006-01-31,39.4427,39.8793,39.4328,39.7206,15582500
2006-02-01,39.5717,39.9091,39.3633,39.5717,11429800
2006-02-02,39.6809,39.8496,39.284,39.5717,10309100
2006-02-03,39.2244,39.79,39.0954,39.1451,10440700
2006-02-06,39.1351,39.2939,39.0061,39.0954,6591900
2006-02-07,38.9565,39.2939,38.7481,38.897,8592600
2006-02-08,39.2939,39.3137,38.9466,38.9764,10065300
2006-02-09,39.4626,39.7206,39.1351,39.2244,8496300
2006-02-10,39.6114,39.671,38.9863,39.3137,8790500
2006-02-13,39.4626,39.9984,39.3038,39.4626,7791600
2006-02-14,39.79,40.0182,39.3435,39.3534,12904100
2006-02-15,40.0083,40.1869,39.661,39.661,12685700
2006-02-16,40.5045,40.5045,39.9289,40.1373,11572000
2006-02-17,40.4648,40.5045,40.0877,40.3457,11518600
2006-02-21,40.3854,40.6334,40.2365,40.3159,7324500
2006-02-22,41.0899,41.2288,40.4251,40.5739,13168400
2006-02-23,40.7922,41.2487,40.6831,40.9411,8739500
2006-02-24,41.338,41.5066,40.5541,40.6235,9294300
2006-02-27,41.2586,41.6257,41.2288,41.2288,8541900
2006-02-28,40.822,41.2784,40.6533,41.2685,11716200
2006-03-01,41.3082,41.6158,40.8121,40.8418,10547700
2006-03-02,41.338,41.5166,41.0502,41.3082,10939800
2006-03-03,41.2685,41.7646,41.1097,41.1792,12290600
2006-03-06,41.1097,41.4868,40.822,41.1594,9877500
2006-03-07,41.1594,41.338,40.7029,40.7029,9441300
2006-03-08,41.2784,41.4173,40.8815,41.1693,9147100
2006-03-09,40.7327,41.4173,40.6434,41.1792,9767500
2006-03-10,40.8121,41.08,40.5541,40.7426,11175700
2006-03-13,40.7426,41.1594,40.6632,41.1296,10626100
2006-03-14,41.0601,41.1792,40.9311,40.9411,16237100
2006-03-15,40.9014,41.0204,40.6731,40.8418,14017900
2006-03-16,41.0006,41.209,40.9411,41.0998,10045600
2006-03-17,41.08,41.1792,40.9311,41.0304,13042300
2006-03-20,41.1296,41.2288,40.8319,40.9907,9418000
2006-03-21,40.8815,41.3876,40.7228,40.951,13473600
2006-03-22,41.7249,41.8738,40.6831,40.8716,13516100
2006-03-23,41.715,41.8738,41.4967,41.7249,12986800
2006-03-24,41.7746,42.102,41.586,41.6654,7213400
2006-03-27,41.7845,41.8738,41.457,41.5364,7836200
2006-03-28,41.2387,41.8837,41.1792,41.6059,15562700
2006-03-29,41.3578,41.7547,40.9907,41.4074,7822900
2006-03-30,41.209,41.715,40.8021,41.2189,9324800
2006-03-31,41.3181,41.6158,41.1792,41.457,10371400
2006-04-03,41.6059,42.1318,41.5563,41.6257,10872900
2006-04-04,41.9432,42.1318,41.1792,41.2784,14010100
2006-04-05,42.2112,42.3302,41.715,41.844,9554600
2006-04-06,41.9631,42.1417,41.6952,42.0623,6226600
2006-04-07,41.3777,42.1119,41.3082,41.9234,10753900
2006-04-10,41.5563,41.9333,41.3677,41.6059,7409300
2006-04-11,41.2883,42.0226,41.1594,41.6753,8828400
2006-04-12,41.5761,41.6555,41.3777,41.5066,5873900
2006-04-13,41.8639,42.0921,41.586,41.6356,6554700
2006-04-17,41.6456,42.0524,41.5066,41.9532,7986200
2006-04-18,42.2211,42.4195,41.7448,41.8936,11079700
2006-04-19,42.2905,42.6577,41.973,42.0722,9448100
2006-04-20,42.2707,42.618,42.0524,42.1715,8435900
2006-04-21,42.1715,42.5485,42.0722,42.5485,13733100
2006-04-24,42.3501,42.4493,41.8341,42.1814,9475900
2006-04-25,41.8936,42.489,41.7845,42.2012,11649000
2006-04-26,42.3302,42.4096,41.8341,42.0623,10647800
2006-04-27,43.6103,43.7194,42.2012,42.3302,17465000
2006-04-28,45.0292,45.5452,43.7591,43.7591,28262300
2006-05-01,44.4338,45.2376,44.3842,45.0292,16235400
2006-05-02,45.1483,45.1582,44.5628,44.6521,12964500
2006-05-03,45.1086,45.3467,44.8704,45.2376,15589700
2006-05-04,45.3368,45.4559,45.1483,45.1582,10550700
2006-05-05,46.2894,46.4382,45.3368,45.5551,17342800
2006-05-08,45.7436,46.2894,45.6841,46.2398,10284000
2006-05-09,45.6643,45.9917,45.4956,45.5849,7931000
2006-05-10,45.565,45.7635,45.1582,45.3864,7215600
2006-05-11,44.801,45.6047,44.6124,45.565,10533100
2006-05-12,43.9774,44.6124,43.9179,44.6025,18204900
2006-05-15,44.1957,44.4041,43.9079,43.9873,11232300
2006-05-16,43.9774,44.4537,43.7889,44.2552,8265300
2006-05-17,42.9157,43.7095,42.7569,43.4614,13005300
2006-05-18,42.4096,43.0744,42.36,42.9554,10905200
2006-05-19,42.4195,42.7172,42.1716,42.5684,13342500
2006-05-22,42.3104,42.618,42.0127,42.4195,14817200
2006-05-23,41.844,42.5585,41.7944,42.4096,13258500
2006-05-24,41.8242,42.1516,41.2685,41.7746,14155700
2006-05-25,42.5188,42.5684,41.9929,42.3203,9902400
2006-05-26,42.8958,43.0447,42.618,42.7668,7918100
2006-05-30,42.1119,42.6577,42.1119,42.5684,8680900
2006-05-31,42.3104,42.6378,41.844,42.3302,11348000
2006-06-01,43.2431,43.3423,42.4047,42.4195,9034900
2006-06-02,43.4713,43.8583,43.1935,43.4614,9637700
2006-06-05,42.6378,43.5904,42.5783,43.3225,7868700
2006-06-06,42.0524,42.8462,41.6853,42.6378,12679200
2006-06-07,41.9135,42.4394,41.8043,42.0425,9958000
2006-06-08,42.0028,42.1715,40.9311,41.6753,14402700
2006-06-09,41.7746,42.2608,41.6952,42.0226,8106100
2006-06-12,41.2784,41.9036,41.2685,41.7746,9059600
2006-06-13,40.2167,41.5565,40.0282,41.0304,16537400
2006-06-14,39.661,40.5342,39.026,40.3259,16880100
2006-06-15,40.2862,40.5045,39.6908,39.79,18481200
2006-06-16,39.8496,40.3854,39.7007,40.2862,15754500
2006-06-19,39.6412,40.1472,39.4427,39.8595,9090100
2006-06-20,40.177,40.4648,39.7305,39.8297,11206400
2006-06-21,40.8914,41.1395,39.7901,39.8198,15242300
2006-06-22,40.7525,41.3479,40.6831,40.8021,10497000
2006-06-23,40.5541,40.9808,39.542,40.5144,9954700
2006-06-26,41.1792,41.1792,40.2961,40.3556,11183300
2006-06-27,40.5243,41.2487,40.3755,40.3755,14116000
2006-06-28,40.951,40.9907,40.6235,40.8517,8540400
2006-06-29,42.3501,42.5287,41.2883,41.3578,17320800
2006-06-30,41.6753,42.6577,41.6753,42.5981,16256700
2006-07-03,42.5386,42.5386,41.6753,41.7249,6828300
2006-07-05,42.0822,42.5386,41.715,42.5386,10452000
2006-07-06,42.1219,42.3402,41.9432,42.0722,10906500
2006-07-07,42.0822,42.4195,41.9631,42.1219,6736400
2006-07-10,42.2509,42.36,42.102,42.2112,5332200
2006-07-11,42.5386,42.6577,41.8242,42.0326,8814500
2006-07-12,41.9234,42.8958,41.8899,42.5485,7025300
2006-07-13,41.07,41.6356,40.8914,41.6257,11099000
2006-07-14,40.5739,41.1891,40.2961,40.9311,10439300
2006-07-17,40.4151,40.6235,40.0877,40.4945,10806600
2006-07-18,40.3953,40.7922,40.2068,40.6334,10760900
2006-07-19,42.7172,42.7271,41.4173,41.5761,27046900
2006-07-20,42.6478,43.0347,42.4195,42.7172,16368000
2006-07-21,42.8164,43.134,42.4592,42.8363,15203300
2006-07-24,43.8583,44.0072,43.0149,43.0645,12629200
2006-07-25,44.285,44.5132,43.6698,43.8087,12536000
2006-07-26,44.3049,44.4954,44.027,44.156,14170000
2006-07-27,44.3545,44.6224,43.8583,44.3346,13841100
2006-07-28,45.1284,45.188,44.4537,44.5331,14010900
2006-07-31,45.2673,45.3567,44.6918,44.7514,14647100
2006-08-01,45.1582,45.436,44.9002,45.436,13403400
2006-08-02,45.1384,45.5551,44.8506,45.5452,11051900
2006-08-03,45.307,45.446,44.7514,44.801,9045400
2006-08-04,44.7712,45.7436,44.3445,45.6047,14113100
2006-08-07,44.9201,44.9796,44.4934,44.6521,5934000
2006-08-08,44.6422,45.3666,44.5926,45.1284,11026100
2006-08-09,44.0072,45.0292,43.9873,44.7712,10454500
2006-08-10,43.7095,44.0072,43.3324,43.9079,10392300
2006-08-11,43.5904,43.8087,43.1637,43.7095,6868600
2006-08-14,43.5507,44.156,43.3721,43.9576,6985600
2006-08-15,44.6918,44.7613,43.8087,43.8087,11078300
2006-08-16,45.1185,45.2971,44.7712,45.0887,8814800
2006-08-17,45.1086,45.3269,44.9002,44.93,6163700
2006-08-18,45.3567,45.3567,44.9201,45.3269,9213600
2006-08-21,45.1086,45.2475,44.9796,45.059,5649000
2006-08-22,44.9994,45.2376,44.7613,44.9201,6252400
2006-08-23,45.1681,45.2872,44.8109,44.8506,9684600
2006-08-24,45.3269,45.6147,45.2773,45.3467,8682800
2006-08-25,45.1681,45.3368,44.9498,45.3269,4450900
2006-08-28,45.6643,45.6841,44.9598,45.049,7324900
2006-08-29,45.6147,45.6643,45.0729,45.5253,8050800
2006-08-30,45.3765,45.7139,45.3467,45.5353,8596400
2006-08-31,45.307,45.5154,45.2277,45.3467,6245400
2006-09-01,45.3765,45.5452,44.9697,45.4956,6703300
2006-09-05,45.446,45.5849,45.0887,45.2872,6134400
2006-09-06,45.5253,45.694,45.1284,45.2971,7126800
2006-09-07,44.8506,45.5551,44.7811,45.5353,7278500
2006-09-08,44.9101,45.0852,44.3346,44.6521,7728200
2006-09-11,45.0391,45.2376,44.7712,45.2376,7174900
2006-09-12,45.6543,45.6643,44.9399,45.0391,11555700
2006-09-13,46.0413,46.3688,45.3765,45.6543,11745700
2006-09-14,46.1405,46.2001,45.7436,46.0513,7642400
2006-09-15,46.5871,46.984,46.3985,46.4978,15421000
2006-09-18,46.2199,46.5871,46.1108,46.339,11125300
2006-09-19,46.4382,46.4878,45.8627,46.3688,6768700
2006-09-20,46.855,47.1229,46.5871,46.5871,9084200
2006-09-21,46.4482,46.984,46.3092,46.7161,7782700
2006-09-22,46.4581,46.5771,46.1505,46.339,6046700
2006-09-25,46.5474,46.9344,46.3886,46.7458,15331300
2006-09-26,46.5375,46.5871,46.0314,46.5474,12381400
2006-09-27,46.4779,46.8451,46.2596,46.4283,8886700
2006-09-28,46.7855,46.9542,46.5375,46.6367,6167400
2006-09-29,46.597,47.0931,46.4779,46.7855,10115300
2006-10-02,46.5077,46.9641,46.3787,46.597,7382800
2006-10-03,47.3809,47.5496,46.5771,46.5871,11801200
2006-10-04,47.1229,47.1725,46.5871,46.6863,20650900
2006-10-05,47.0435,47.0931,46.6367,46.9244,12915500
2006-10-06,46.4978,46.8351,46.4184,46.7359,10748900
2006-10-09,46.7458,46.8451,46.3291,46.4978,7252800
2006-10-10,47.1626,47.2916,46.726,46.9244,14165000
2006-10-11,47.2717,47.3313,46.8054,46.9344,10288100
2006-10-12,47.887,48.1945,47.1824,47.3313,14994900
2006-10-13,47.7877,48.0854,47.371,47.6488,7298000
2006-10-16,47.361,47.7282,47.1328,47.6091,7330800
2006-10-17,47.619,47.8373,46.6367,46.6863,8881100
2006-10-18,46.8451,47.629,46.2497,47.4702,21532700
2006-10-19,46.5077,46.8451,46.0116,46.8451,11988900
2006-10-20,46.7558,46.7657,46.1802,46.5176,10979200
2006-10-23,47.0237,47.1031,46.4581,46.468,9344300
2006-10-24,46.7756,46.8451,46.3886,46.7061,13432000
2006-10-25,46.9046,47.1328,46.5589,46.9344,9021900
2006-10-26,47.4007,47.5793,46.9443,46.984,7644300
2006-10-27,46.9344,47.3412,46.7954,47.2023,6989000
2006-10-30,47.0832,47.3015,46.7161,46.9741,10223000
2006-10-31,47.0733,47.7083,47.0634,47.4107,12564200
2006-11-01,46.5672,47.4493,46.3489,47.3809,11492000
2006-11-02,46.5375,46.7161,46.3291,46.5672,7059000
2006-11-03,46.5275,46.8848,46.1405,46.7855,7989000
2006-11-06,47.2817,47.3511,46.6863,46.8153,8633700
2006-11-07,47.1229,47.629,47.1031,47.1328,8535500
2006-11-08,47.2717,47.5297,46.8351,47.1229,7511200
2006-11-09,46.8748,47.3809,46.8153,47.2817,6836700
2006-11-10,47.242,47.242,46.9443,47.0832,5849900
2006-11-13,47.2916,47.5198,46.9939,47.0336,7664600
2006-11-14,47.3809,47.4404,46.6978,47.1229,8276800
2006-11-15,47.0832,47.3015,46.6268,47.2023,11340800
2006-11-16,47.4801,47.6091,47.0038,47.1328,8192500
2006-11-17,47.2916,47.619,47.2221,47.619,12991600
2006-11-20,47.5297,47.6786,47.1824,47.2916,8614500
2006-11-21,47.3809,47.5694,47.0336,47.4107,7423800
2006-11-22,47.2221,47.5198,47.0137,47.2321,7003800
2006-11-24,46.9046,47.1626,46.8153,46.855,2927000
2006-11-27,46.2696,46.8947,46.0909,46.7756,11109800
2006-11-28,45.8429,46.2299,45.4261,46.1009,13417200
2006-11-29,46.3092,46.5077,45.8528,45.8528,9414400
2006-11-30,45.9222,46.3787,45.694,46.3588,13058500
2006-12-01,45.6543,46.1505,45.1582,46.1405,14731400
2006-12-04,46.4779,46.7657,45.8032,45.9222,13152400
2006-12-05,46.8351,47.1328,46.4085,46.5375,10747700
2006-12-06,46.468,46.8848,46.3985,46.7061,14164500
2006-12-07,46.2696,46.7161,46.2001,46.7161,7397100
2006-12-08,46.3985,46.7756,45.9917,46.2993,9120100
2006-12-11,47.1824,47.4702,46.339,46.339,11240100
2006-12-12,47.2618,47.5992,46.984,47.1924,16021000
2006-12-13,47.2321,47.5297,47.1328,47.4107,11353700
2006-12-14,47.5793,47.6687,46.9344,47.242,10053100
2006-12-15,47.9266,48.2739,47.629,47.8274,16172100
2006-12-18,47.8572,48.2243,47.6587,47.9266,8538200
2006-12-19,47.8969,48.1052,47.5793,47.6587,9291400
2006-12-20,47.8473,47.9961,47.7679,47.9564,6046000
2006-12-21,48.2739,48.5915,47.9564,48.0457,10946200
2006-12-22,47.5198,48.4228,47.2519,48.264,8342000
2006-12-26,47.9366,47.9961,47.5793,47.6091,4101200
2006-12-27,48.5716,48.6212,47.4504,48.1648,7716600
2006-12-28,48.5418,48.6212,48.264,48.4228,6521500
2006-12-29,47.9266,48.5319,47.8969,48.3732,9601100
2007-01-03,47.6984,47.9961,47.2221,47.629,14245200
2007-01-04,47.8175,48.1747,47.3809,47.6786,9507000
2007-01-05,47.4206,47.877,47.2618,47.7976,10760500
2007-01-08,47.5793,47.6885,46.9542,47.2023,8239200
2007-01-09,47.3809,47.7381,46.9939,47.5297,9279600
2007-01-10,47.7282,47.748,47.0733,47.1031,15597000
2007-01-11,47.9366,48.0457,47.5694,47.629,8049400
2007-01-12,47.619,47.887,47.5297,47.7282,10646900
2007-01-16,48.0159,48.0854,47.7282,47.7877,8696900
2007-01-17,48.0556,48.5121,47.748,48.2739,16291700
2007-01-18,47.7778,48.2045,47.5496,47.6786,12654500
2007-01-19,48.3831,48.4525,47.7679,47.9266,14650600
2007-01-22,49.2761,49.4746,48.3235,48.4922,18325700
2007-01-23,49.4448,49.4746,48.8991,49.1868,12845900
2007-01-24,49.9608,50.0104,49.1273,49.296,13869200
2007-01-25,49.8219,50.2882,49.544,49.8516,14899400
2007-01-26,49.3158,49.8616,49.1174,49.6135,13990300
2007-01-29,49.0876,49.2662,48.7304,49.1868,12085000
2007-01-30,49.7921,49.8616,48.9884,49.3158,12325700
2007-01-31,50.5363,50.7645,49.4646,49.6829,18460500
2007-02-01,50.8141,50.8439,50.4669,50.5661,13420400
2007-02-02,50.5363,50.9332,50.3378,50.8241,15443400
2007-02-05,50.5661,50.7546,50.1493,50.4172,8079900
2007-02-06,50.6058,50.9233,50.3676,50.4569,9849200
2007-02-07,50.8141,50.8241,50.4073,50.447,7537400
2007-02-08,50.5363,50.6653,50.1295,50.6653,10312300
2007-02-09,50.0303,50.7943,49.6929,50.6256,9489000
2007-02-12,50.0501,50.2585,49.8616,50.1989,7889200
2007-02-13,50.5561,50.6256,49.9409,49.9608,8374510
2007-02-14,51.0225,51.1515,50.6058,50.6951,10745969
2007-02-15,50.8141,51.0721,50.4966,50.6554,13339600
2007-02-16,50.8538,50.9531,50.6157,50.7645,11292700
2007-02-20,51.2309,51.35,50.7248,50.7546,9171500
2007-02-21,51.2507,51.4492,50.8737,51.0523,9337100
2007-02-22,51.2408,51.5484,50.9828,51.3996,9111900
2007-02-23,50.6355,51.35,50.3279,51.1515,10042600
2007-02-26,50.4172,51.0176,50.0402,50.7744,13342781
2007-02-27,48.8395,50.2188,47.2321,50.2188,21259600
2007-02-28,49.0082,49.5043,48.5121,48.6907,19183000
2007-03-01,48.8197,49.0578,47.9266,48.6014,22632848
2007-03-02,47.8175,48.6212,47.7381,48.5716,16922400
2007-03-05,47.1725,47.7877,46.8351,47.2321,20212100
2007-03-06,48.1449,48.3037,47.0634,47.5992,17751940
2007-03-07,47.9862,48.4922,47.887,48.3136,13664500
2007-03-08,48.3632,48.9685,48.2442,48.4128,11979500
2007-03-09,48.4426,48.9685,48.1549,48.7403,9452900
2007-03-12,48.4625,48.6014,48.2243,48.264,10445700
2007-03-13,46.339,48.1251,46.2001,48.0755,25293300
2007-03-14,46.9344,47.1824,45.5551,46.3588,25044000
2007-03-15,47.3313,47.8175,46.7756,46.7756,15828700
2007-03-16,46.6665,47.4603,46.6168,47.2519,24762832
2007-03-19,47.2122,47.4305,46.7954,46.8351,14448195
2007-03-20,47.3809,47.5099,46.9641,47.1427,14507366
2007-03-21,48.6708,49.2662,47.4404,47.4404,20747586
2007-03-22,48.0953,48.7205,47.9862,48.6808,19609808
2007-03-23,48.1449,48.5121,48.0556,48.2144,11748300
2007-03-26,48.3235,48.4029,47.5694,48.1747,11851000
2007-03-27,48.1945,48.4426,47.9762,48.2144,11183670
2007-03-28,47.619,48.1052,47.4206,47.9167,13176750
2007-03-29,48.1251,48.264,47.6488,47.8671,10837095
2007-03-30,48.006,48.6411,47.5793,48.2342,12674716
2007-04-02,47.8671,48.1152,47.3313,48.006,13834475
2007-04-03,48.1846,48.2144,47.7183,47.877,13572155
2007-04-04,48.1846,48.3335,47.8969,48.1846,9165227
2007-04-05,48.393,48.5121,47.9663,47.9762,7991439
2007-04-09,48.6212,48.7502,48.2839,48.4029,7508961
2007-04-10,48.8594,48.9586,48.6014,48.6311,8200099
2007-04-11,48.7701,48.9586,48.6014,48.7205,12046120
2007-04-12,48.8197,49.1372,48.3533,49.1372,9472504
2007-04-13,48.7105,49.0677,48.2839,49.0677,11266219
2007-04-16,49.5837,49.8616,48.9388,49.0876,15764982
2007-04-17,49.7921,50.0303,49.3257,49.5837,12238491
2007-04-18,51.6675,52.2629,51.0324,51.1714,39198424
2007-04-19,51.6873,51.8263,50.9531,51.6278,20708638
2007-04-20,52.1339,52.3026,51.6973,52.243,21166818
2007-04-23,51.8759,52.2926,51.6477,51.9453,12675506
2007-04-24,51.7568,51.8759,51.2507,51.6576,10860748
2007-04-25,52.4117,52.5308,51.7766,51.8362,18088438
2007-04-26,52.5308,52.5903,52.1537,52.3621,14440456
2007-04-27,52.1438,52.3918,51.7369,52.3621,14428558
2007-04-30,51.6973,52.6498,51.5881,52.0545,29899956
2007-05-01,51.856,52.0942,51.2011,51.9949,13858916
2007-05-02,52.1438,52.3621,51.598,51.598,13194737
2007-05-03,52.2926,52.5109,51.9662,52.4216,9755189
2007-05-04,52.2232,52.6399,52.1835,52.3918,11976896
2007-05-07,52.3224,52.5407,52.1438,52.4018,7375343
2007-05-08,52.0446,52.243,51.8263,52.0743,9028148
2007-05-09,52.7888,52.8384,52.0247,52.1438,12562153
2007-05-10,51.598,52.6201,51.5484,52.3819,13478459
2007-05-11,51.7469,51.9751,51.3202,51.7171,12419349
2007-05-14,51.4294,51.7568,51.1515,51.598,9342827
2007-05-15,51.6278,52.3026,51.598,51.6873,11105002
2007-05-16,52.5705,52.6598,51.7965,51.9652,12925411
2007-05-17,52.1537,52.5903,52.0942,52.372,9049968
2007-05-18,52.1339,52.5209,52.0446,52.2132,11115016
2007-05-21,52.1537,52.4018,51.9056,51.9751,10408224
2007-05-22,51.8858,52.2728,51.6873,52.1537,9665750
2007-05-23,51.5881,52.2331,51.5286,51.9255,11246841
2007-05-24,51.1912,51.8362,51.0523,51.598,13105950
2007-05-25,51.2408,51.4492,50.8638,51.1317,10761216
2007-05-29,51.4194,51.5187,51.0523,51.2507,9552263
2007-05-30,51.6576,51.6576,50.9531,51.0324,10243379
2007-05-31,51.4294,51.9056,51.2706,51.8461,11024061
2007-06-01,51.4988,51.6774,51.2607,51.5187,12104746
2007-06-04,51.1714,51.3996,51.1416,51.1614,11122478
2007-06-05,50.8241,51.092,50.7943,50.8439,13617278
2007-06-06,50.1692,50.834,49.8715,50.834,13885374
2007-06-07,49.4349,50.2585,49.3555,49.9112,17412768
2007-06-08,50.0203,50.0898,49.1571,49.4448,13564675
2007-06-11,50.0402,50.447,49.6433,50.0203,11251980
2007-06-12,48.9685,50.0104,48.9586,49.8318,15389280
2007-06-13,49.9012,50.0005,49.1372,49.2464,14507800
2007-06-14,49.931,50.4371,49.544,49.544,12440636
2007-06-15,50.1692,50.5958,50.0303,50.2486,18352800
2007-06-18,50.0402,50.4569,49.9409,50.4371,9292261
2007-06-19,50.4569,50.4867,49.9012,50.0501,12251872
2007-06-20,49.0777,50.5958,49.038,50.5165,14921149
2007-06-21,49.4547,49.4944,48.3037,49.3059,20101718
2007-06-22,48.3434,49.3654,48.2045,49.1769,25110462
2007-06-25,47.9862,48.8296,47.6885,48.3434,17240146
2007-06-26,48.2243,48.6708,47.9266,48.0755,18964478
2007-06-27,48.8594,48.9189,47.7083,47.887,16354111
2007-06-28,48.5815,49.0975,48.1865,48.8693,14430872
2007-06-29,48.0755,48.9189,47.7282,48.8494,21768160
2007-07-02,48.7701,48.8693,48.1945,48.522,15718407
2007-07-03,49.34,49.58,49.04,49.19,7443990
2007-07-05,48.79,49.35,48.65,49.1,11612922
2007-07-06,49.0,49.16,48.45,48.62,10748903
2007-07-09,48.79,49.28,48.53,49.21,10577992
2007-07-10,47.51,48.42,47.46,48.3,21881722
2007-07-11,48.13,48.44,47.12,47.52,27237436
2007-07-12,49.53,49.63,48.13,48.69,19172718
2007-07-13,50.05,50.22,49.27,49.68,16393761
2007-07-16,49.83,50.46,49.73,49.91,12263836
2007-07-17,49.92,50.48,49.83,49.95,18299538
2007-07-18,48.88,49.29,47.83,48.81,35536400
2007-07-19,48.62,49.69,47.84,49.5,26199900
2007-07-20,47.56,48.81,47.38,48.81,30677800
2007-07-23,47.15,47.87,47.06,47.75,20521200
2007-07-24,45.34,46.95,45.12,46.63,35706700
2007-07-25,45.27,46.21,44.29,45.67,40175400
2007-07-26,44.08,44.55,43.5,44.3,51207732
2007-07-27,44.23,45.24,43.7,44.09,39681800
2007-07-30,44.75,45.14,43.61,44.75,32318300
2007-07-31,44.01,45.97,43.94,45.07,34080840
2007-08-01,44.38,44.44,43.2,43.7,44473984
2007-08-02,44.59,44.76,44.0,44.41,28300100
2007-08-03,43.65,44.95,43.39,44.6,36628500
2007-08-06,45.11,45.11,43.28,43.76,34200000
2007-08-07,45.34,46.05,44.15,44.99,30567500
2007-08-08,46.51,47.23,45.27,45.75,27477200
2007-08-09,44.17,45.94,44.17,45.04,39278200
2007-08-10,44.25,44.8,42.51,43.36,32548900
2007-08-13,43.83,45.43,43.68,45.23,21358600
2007-08-14,43.3,44.02,43.13,43.94,25214400
2007-08-15,43.0,44.42,42.81,43.13,27706694
2007-08-16,45.47,45.9,42.16,42.75,51418800
2007-08-17,47.01,48.29,46.15,48.08,57869824
2007-08-20,46.49,47.51,45.07,47.17,32691300
2007-08-21,46.2,47.08,45.75,46.12,23582204
2007-08-22,46.0,46.83,45.03,46.67,30845000
2007-08-23,45.7,46.58,45.15,46.45,21476600
2007-08-24,45.95,46.0,45.03,45.5,13248200
2007-08-27,44.91,45.9,44.89,45.75,13527102
2007-08-28,43.6,44.48,43.46,44.48,23516300
2007-08-29,44.13,44.23,43.15,43.88,21605200
2007-08-30,43.97,44.36,43.34,43.64,15581500
2007-08-31,44.52,45.13,44.27,45.0,16937800
2007-09-04,45.3,45.62,44.26,44.4,15416718
2007-09-05,44.17,44.97,44.07,44.83,15556800
2007-09-06,44.21,44.55,43.83,44.24,18994400
2007-09-07,43.52,43.99,43.2,43.27,21526200
2007-09-10,43.93,44.45,43.35,43.75,17187100
2007-09-11,44.54,44.84,43.67,43.96,15147900
2007-09-12,44.47,44.74,44.15,44.5,13903005
2007-09-13,45.6,45.78,44.38,44.42,20262726
2007-09-14,45.54,45.64,45.01,45.23,12482270
2007-09-17,45.29,45.63,44.89,45.39,17958300
2007-09-18,47.82,47.86,45.12,45.68,27267418
2007-09-19,47.57,48.06,47.17,47.97,31682738
2007-09-20,46.96,47.75,46.73,47.62,19553500
2007-09-21,47.13,47.54,46.63,47.5,20535000
2007-09-24,46.34,47.2,46.17,47.2,17346900
2007-09-25,46.1,46.25,45.65,46.25,16404454
2007-09-26,46.13,46.69,45.74,46.26,17485400
2007-09-27,46.21,46.28,45.68,46.2,12846300
2007-09-28,45.82,46.21,45.58,46.05,15587800
2007-10-01,46.81,47.04,45.42,45.47,17275302
2007-10-02,47.16,47.35,46.82,46.99,16003197
2007-10-03,47.0,47.46,46.65,46.71,12675700
2007-10-04,47.25,47.43,46.98,47.2,11141000
2007-10-05,47.58,47.88,47.28,47.45,13443200
2007-10-08,47.44,47.58,47.05,47.31,8310200
2007-10-09,47.59,47.7,46.99,47.59,12872307
2007-10-10,46.91,47.47,46.55,47.47,18858500
2007-10-11,46.66,47.62,46.53,47.01,27920400
2007-10-12,46.82,47.1,46.54,46.67,12506502
2007-10-15,46.27,46.82,45.79,46.77,16575300
2007-10-16,45.11,46.4,44.6,46.0,22510200
2007-10-17,46.37,47.12,45.75,47.04,34659600
2007-10-18,45.9,46.13,45.45,46.1,19399264
2007-10-19,45.02,46.6,44.96,45.79,29500900
2007-10-22,45.37,45.93,44.66,44.9,18093924
2007-10-23,45.94,45.99,45.13,45.92,13519045
2007-10-24,46.27,46.44,44.74,45.73,27352726
2007-10-25,46.05,46.55,45.15,46.1,20076378
2007-10-26,47.32,47.45,45.93,46.96,18851954
2007-10-29,46.67,47.5,46.51,47.39,18870100
2007-10-30,46.56,46.89,46.05,46.4,13130400
2007-10-31,47.0,47.55,46.04,46.95,23898600
2007-11-01,44.32,46.32,44.2,45.65,31730100
2007-11-02,43.15,44.48,42.06,44.45,39570300
2007-11-05,42.77,43.2,41.67,42.69,28852720
2007-11-06,44.11,44.34,42.69,42.69,28756966
2007-11-07,42.24,43.81,42.15,42.93,28981934
2007-11-08,42.61,42.92,40.68,42.51,37214856
2007-11-09,42.31,43.29,41.17,41.4,43586932
2007-11-12,42.39,43.68,41.86,42.11,27693078
2007-11-13,45.05,45.5,42.63,43.3,35966728
2007-11-14,45.15,46.02,44.44,45.9,25367380
2007-11-15,43.53,45.19,43.08,44.6,23434162
2007-11-16,43.09,44.11,42.48,43.74,29023946
2007-11-19,41.37,42.84,41.19,42.7,29656654
2007-11-20,41.63,42.35,40.28,41.37,33277744
2007-11-21,40.68,42.0,40.15,40.81,26759276
2007-11-23,41.95,42.2,40.96,41.5,10808359
