Price,Close,High,Low,Open,Volume
Ticker,KBH,KBH,KBH,KBH,KBH
Date,,,,,
1999-11-24,10.4548,10.7501,10.3957,10.7206,525200
1999-11-26,10.8387,10.8683,10.3957,10.4548,155600
1999-11-29,11.0159,11.1931,10.4548,10.4548,656400
1999-11-30,10.4548,10.7206,10.2776,10.2776,609800
1999-12-01,10.3957,10.6024,10.2776,10.2776,546400
1999-12-02,10.3662,10.5729,10.2185,10.4548,497000
1999-12-03,10.3957,10.8092,10.3071,10.4843,1071600
1999-12-06,10.4252,10.632,10.3957,10.4548,448200
1999-12-07,10.5138,10.632,10.4252,10.4252,380200
1999-12-08,10.1594,10.8092,10.1594,10.5434,541800
1999-12-09,10.3957,10.5434,10.2185,10.3957,459800
1999-12-10,10.5729,10.632,10.3662,10.4252,289000
1999-12-13,10.5729,10.632,10.189,10.4252,534200
1999-12-14,10.4843,10.7206,10.4548,10.5138,290400
1999-12-15,10.5138,10.5138,10.3366,10.5138,344000
1999-12-16,10.248,10.4548,9.9232,10.4548,481800
1999-12-17,10.1004,10.5138,10.1004,10.2185,638600
1999-12-20,10.691,10.7501,10.1594,10.1594,380000
1999-12-21,11.0454,11.1636,10.1594,10.1594,523400
1999-12-22,11.075,11.4589,10.9273,11.0454,352000
1999-12-23,11.1931,11.2522,11.0454,11.0454,136200
1999-12-27,10.8683,11.3112,10.6615,11.2522,300400
1999-12-28,10.8387,11.2522,10.8092,11.2522,115600
1999-12-29,10.8683,10.9568,10.8092,10.9568,373000
1999-12-30,11.3408,11.3408,10.8387,10.8387,239400
1999-12-31,11.4294,11.4589,11.1636,11.2226,92000
2000-01-03,10.8683,11.4589,10.8092,11.2226,342200
2000-01-04,10.5434,10.7796,10.3957,10.7501,292400
2000-01-05,10.6615,10.7796,10.3957,10.7501,527800
2000-01-06,10.8092,10.8683,10.5138,10.5138,426000
2000-01-07,10.9568,11.0454,10.7796,10.7796,279200
2000-01-10,11.0454,11.1636,10.9568,11.0454,147200
2000-01-11,10.7796,11.1636,10.7501,11.0454,292000
2000-01-12,10.8387,11.0159,10.8092,11.0159,400000
2000-01-13,11.3998,11.5475,10.9568,10.9568,766600
2000-01-14,11.3998,11.7247,11.3408,11.3408,456000
2000-01-18,11.3703,11.577,11.1931,11.3998,357800
2000-01-19,11.1045,11.3998,11.1045,11.3998,686800
2000-01-20,10.4843,11.075,10.3957,10.9273,869000
2000-01-21,10.3662,10.6615,10.3366,10.6615,713400
2000-01-24,10.248,10.632,10.2185,10.4548,610400
2000-01-25,9.6574,10.3662,9.6574,10.3662,769000
2000-01-26,9.7164,9.9527,9.6278,9.746,566600
2000-01-27,10.3957,10.4252,9.805,9.805,1582000
2000-01-28,10.189,10.6024,10.0708,10.3366,589400
2000-01-31,10.248,10.3957,9.746,10.3366,963800
2000-02-01,10.1594,10.248,9.9822,10.0708,360800
2000-02-02,9.9822,10.1004,9.8936,10.1004,351200
2000-02-03,10.2185,10.2185,9.9527,10.1004,357600
2000-02-04,10.2185,10.248,10.0413,10.1004,523000
2000-02-07,10.1594,10.3366,9.9822,9.9822,280000
2000-02-08,10.1357,10.4024,10.1357,10.2542,318400
2000-02-09,9.8097,10.195,9.8097,10.195,391200
2000-02-10,9.6615,9.7208,9.6615,9.7208,829000
2000-02-11,9.6023,9.7208,9.5726,9.5726,748400
2000-02-14,9.6319,9.6615,9.543,9.6319,474800
2000-02-15,9.8986,9.8986,9.543,9.6023,446800
2000-02-16,9.8986,9.9579,9.8393,9.8393,273800
2000-02-17,9.8393,10.1357,9.7504,9.9283,576600
2000-02-18,9.5133,9.8393,9.5133,9.8393,576400
2000-02-22,9.5726,9.6615,9.4837,9.6023,450600
2000-02-23,9.543,9.6912,9.543,9.6912,390200
2000-02-24,9.3059,9.7208,9.2466,9.543,525400
2000-02-25,8.9799,9.7208,8.9503,9.543,712600
2000-02-28,8.9799,9.0688,8.891,9.0095,476600
2000-02-29,9.0688,9.0688,8.9503,8.9799,483000
2000-03-01,9.1281,9.2466,9.0392,9.1281,441200
2000-03-02,9.1577,9.1577,9.0392,9.1577,424600
2000-03-03,9.1577,9.3652,9.1577,9.1577,363600
2000-03-06,8.8614,9.1577,8.8317,9.1281,400800
2000-03-07,8.5353,8.9206,8.5353,8.8614,538000
2000-03-08,8.6539,8.7428,8.4168,8.5946,328200
2000-03-09,8.7132,8.8614,8.6539,8.7724,238600
2000-03-10,8.5057,8.6835,8.5057,8.6242,369800
2000-03-13,8.4761,8.6539,8.3279,8.3872,393400
2000-03-14,8.5946,8.7724,8.3872,8.4464,451800
2000-03-15,8.9799,9.2466,8.6539,8.7132,664600
2000-03-16,9.8097,10.2542,9.5726,9.8986,1461600
2000-03-17,9.6912,9.8393,9.6615,9.6912,884600
2000-03-20,9.8986,10.2246,9.6912,10.0765,1408000
2000-03-21,9.8097,9.9283,9.4837,9.8393,783200
2000-03-22,9.8986,9.9283,9.6912,9.8097,1405600
2000-03-23,10.1357,10.4024,9.869,9.869,2161400
2000-03-24,10.3135,10.5506,10.1653,10.1653,1099400
2000-03-27,10.4321,10.5506,10.3135,10.3135,1489800
2000-03-28,10.3432,10.5506,10.3135,10.3135,894400
2000-03-29,10.1653,10.4914,10.1653,10.3728,991200
2000-03-30,10.1653,10.4024,10.1357,10.3728,438000
2000-03-31,10.1653,10.4024,9.869,10.195,1009000
2000-04-03,10.0172,10.4024,9.9875,10.195,480600
2000-04-04,10.0172,10.6099,9.9875,10.1357,766000
2000-04-05,10.4321,10.521,9.8393,10.1357,833800
2000-04-06,10.0765,10.521,10.0765,10.0765,560400
2000-04-07,9.9875,10.195,9.8097,10.195,302600
2000-04-10,9.8097,10.195,9.8097,10.1653,331400
2000-04-11,10.1061,10.1061,9.8097,9.8986,312800
2000-04-12,10.2246,10.3432,10.0765,10.0765,846800
2000-04-13,10.0765,10.4321,10.0765,10.1653,270400
2000-04-14,9.2762,10.4321,9.2466,10.3135,523200
2000-04-17,9.217,10.0172,9.1874,10.0172,471600
2000-04-18,9.3355,9.4837,9.217,9.2762,427600
2000-04-19,9.3652,9.5133,9.1874,9.2762,368800
2000-04-20,9.4244,9.5133,9.2762,9.2762,442000
2000-04-24,9.4244,9.6319,9.217,9.4244,519600
2000-04-25,9.3948,9.543,9.3355,9.3355,429400
2000-04-26,9.3948,9.4837,9.2466,9.4837,274800
2000-04-27,9.1577,9.4837,8.7132,9.4244,671600
2000-04-28,9.1281,9.3355,8.891,9.3355,553600
2000-05-01,9.3059,9.3652,8.891,9.1281,224800
2000-05-02,9.0984,9.2762,9.0392,9.0392,255600
2000-05-03,8.9799,9.2762,8.9503,9.2466,271600
2000-05-04,8.9799,9.0984,8.8317,9.0688,389000
2000-05-05,9.0095,9.0688,8.8317,8.9503,434200
2000-05-08,8.9503,9.0688,8.8317,8.9206,225800
2000-05-09,8.9264,9.0455,8.8372,9.0455,409800
2000-05-10,8.7479,9.0455,8.6587,8.8669,305800
2000-05-11,8.986,9.0455,8.7182,8.7182,504600
2000-05-12,9.0455,9.3133,8.7182,8.7182,366000
2000-05-15,8.9264,9.3133,8.8372,8.8669,285000
2000-05-16,9.1645,9.1645,8.8372,9.0752,189000
2000-05-17,8.8669,9.1645,8.8669,8.986,244600
2000-05-18,8.7182,9.0157,8.7182,9.0157,317200
2000-05-19,8.5099,8.7182,8.4503,8.7182,391200
2000-05-22,8.3314,8.5694,8.2718,8.5694,325000
2000-05-23,8.3016,8.5099,8.3016,8.5099,430600
2000-05-24,8.2123,8.4801,8.1231,8.3909,508800
2000-05-25,8.2123,8.3314,8.1528,8.3314,333000
2000-05-26,8.0338,8.3314,8.004,8.2123,182400
2000-05-30,8.3016,8.3314,8.1231,8.2718,353200
2000-05-31,8.2421,8.5099,8.1826,8.3016,624800
2000-06-01,8.1826,8.2421,8.0635,8.2421,434400
2000-06-02,9.224,9.2538,8.5694,8.5694,1301600
2000-06-05,8.9264,9.0752,8.7479,9.0455,566800
2000-06-06,9.105,9.1347,8.8669,9.0455,420400
2000-06-07,8.7777,9.1347,8.7479,8.9264,270200
2000-06-08,8.9264,9.0455,8.8669,9.0455,248600
2000-06-09,9.3133,9.3728,9.1347,9.224,914600
2000-06-12,9.224,9.3133,9.1645,9.224,499000
2000-06-13,9.5513,9.6108,9.224,9.224,1663000
2000-06-14,9.1347,9.4918,9.0455,9.224,1015000
2000-06-15,9.4918,9.5513,9.0455,9.4323,1318800
2000-06-16,9.3728,9.5513,9.3133,9.3133,623800
2000-06-19,9.343,9.4918,9.2538,9.4918,339800
2000-06-20,9.1347,9.3133,9.0157,9.3133,386800
2000-06-21,9.105,9.1943,9.0455,9.1943,529000
2000-06-22,9.105,9.3133,9.0455,9.2835,566000
2000-06-23,8.986,9.1943,8.9264,9.1943,154000
2000-06-26,8.986,9.1347,8.9264,9.0455,265800
2000-06-27,9.0752,9.3133,8.9562,9.0455,834800
2000-06-28,9.0455,9.0752,8.8669,9.0455,639600
2000-06-29,9.343,9.4621,9.0157,9.0455,1144600
2000-06-30,9.4323,9.4918,9.2538,9.2538,609600
2000-07-03,9.4323,9.5216,9.343,9.4025,312000
2000-07-05,9.7298,9.7596,9.3133,9.4025,598200
2000-07-06,9.6406,9.7596,9.4621,9.4918,397000
2000-07-07,9.7893,9.7893,9.6108,9.7893,220000
2000-07-10,9.5216,9.7893,9.4621,9.7596,233600
2000-07-11,9.7298,9.8191,9.4621,9.6406,325000
2000-07-12,9.8489,9.8935,9.6406,9.6406,268200
2000-07-13,9.6703,9.8935,9.581,9.7596,409400
2000-07-14,9.6406,9.7596,9.581,9.7596,160200
2000-07-17,9.6703,9.7001,9.581,9.6108,202400
2000-07-18,9.4918,9.6108,9.4323,9.6108,236800
2000-07-19,9.2835,9.581,9.2538,9.581,257000
2000-07-20,9.4621,9.5216,9.3133,9.5216,150200
2000-07-21,9.343,9.5216,9.2835,9.343,203800
2000-07-24,9.2835,9.3133,8.9562,9.3133,250400
2000-07-25,9.4621,9.4621,9.2835,9.2835,243800
2000-07-26,9.4621,9.5216,9.3728,9.3728,297400
2000-07-27,9.4621,9.5216,9.343,9.4621,236600
2000-07-28,9.0157,9.5216,9.0157,9.4918,658200
2000-07-31,9.3133,9.3728,9.0157,9.3728,441800
2000-08-01,9.4621,9.581,9.2835,9.2835,279600
2000-08-02,9.4323,9.4621,9.343,9.4323,179400
2000-08-03,9.4025,9.4621,9.3133,9.4323,233400
2000-08-04,9.581,9.6406,9.1943,9.4621,331000
2000-08-07,10.8308,11.1878,9.8489,9.9381,1753800
2000-08-08,11.5746,11.7234,10.7117,10.8308,1557800
2000-08-09,11.2473,11.9317,11.2176,11.2176,1033200
2000-08-10,11.0093,11.2473,10.9498,11.2473,297800
2000-08-11,11.6937,11.7234,11.0986,11.1878,351400
2000-08-14,11.4854,12.0805,11.4259,11.7829,582200
2000-08-15,11.1332,12.1181,11.1033,11.8197,407000
2000-08-16,10.8944,11.1332,10.6855,11.1033,305000
2000-08-17,10.9541,10.9839,10.8645,10.9839,394000
2000-08-18,10.775,10.9839,10.7153,10.9839,252000
2000-08-21,11.1332,11.4018,10.7153,10.9839,617800
2000-08-22,10.8347,11.4018,10.7452,10.8347,193600
2000-08-23,10.4168,11.163,10.4168,11.163,365000
2000-08-24,10.5362,10.6855,10.4168,10.6855,340200
2000-08-25,10.5959,10.8645,10.4168,10.4168,318600
2000-08-28,10.5959,10.8645,10.5064,10.5064,192400
2000-08-29,11.0138,11.0735,10.4467,10.6855,460800
2000-08-30,11.2227,11.2824,10.4467,10.4765,411000
2000-08-31,11.8495,11.9391,11.2227,11.2227,852600
2000-09-01,11.7301,11.8197,11.6107,11.6107,460600
2000-09-05,11.76,11.9391,11.6704,11.7301,368200
2000-09-06,11.8794,12.0883,11.6704,11.8495,298200
2000-09-07,11.8794,12.2077,11.7301,11.76,393600
2000-09-08,11.8495,12.0883,11.76,11.9988,291800
2000-09-11,12.2375,12.4763,11.76,11.8197,923800
2000-09-12,12.5062,12.5659,12.1181,12.1181,607600
2000-09-13,12.5957,12.8644,12.1181,12.4465,569200
2000-09-14,12.9539,13.3121,12.7748,12.7748,496800
2000-09-15,12.7151,12.8942,12.5957,12.8942,603800
2000-09-18,11.7898,12.7151,11.6107,12.7151,925800
2000-09-19,12.0286,12.0286,11.4317,11.8794,696400
2000-09-20,12.1778,12.3868,11.4317,11.8794,530600
2000-09-21,12.1181,12.2375,11.9391,12.0286,280000
2000-09-22,12.2077,12.2375,11.7898,12.2077,473000
2000-09-25,12.6853,12.8942,12.4763,12.536,734800
2000-09-26,12.7151,12.8047,12.536,12.536,702400
2000-09-27,13.0434,13.2524,12.536,12.7748,548600
2000-09-28,12.8345,12.924,12.4465,12.7748,1016000
2000-09-29,12.8644,13.4016,12.6853,12.7748,919600
2000-10-02,13.133,13.1927,12.8942,13.0733,498200
2000-10-03,13.7299,13.9389,13.133,13.133,927600
2000-10-04,14.118,14.1777,13.7598,13.8493,820200
2000-10-05,13.3121,14.118,13.1628,14.0881,705600
2000-10-06,13.1628,13.8792,13.1628,13.8792,518000
2000-10-09,13.6404,13.909,13.2822,13.2822,423400
2000-10-10,13.133,13.909,13.0733,13.2822,606800
2000-10-11,12.6853,13.3121,12.6853,13.3121,875400
2000-10-12,12.1778,12.6853,11.9689,12.6853,691400
2000-10-13,11.9391,12.0883,11.7898,12.0883,857000
2000-10-16,12.6853,12.8644,11.7301,11.9391,1398400
2000-10-17,12.3868,12.8644,12.2972,12.2972,424200
2000-10-18,11.9689,12.4166,11.9391,12.4166,485800
2000-10-19,12.2972,12.4166,12.0286,12.4166,608800
2000-10-20,12.3868,12.5062,12.2375,12.2375,325600
2000-10-23,12.0883,12.5062,12.0883,12.2972,304200
2000-10-24,12.6554,12.745,11.9988,12.4763,557000
2000-10-25,12.6554,12.7151,12.4465,12.536,295200
2000-10-26,12.9539,12.9539,12.4465,12.536,839400
2000-10-27,13.1927,13.1927,12.745,12.9539,775800
2000-10-30,13.7598,13.7896,13.133,13.133,633600
2000-10-31,14.2075,14.2374,13.6105,13.8195,682400
2000-11-01,14.3567,14.506,13.9389,14.2374,970600
2000-11-02,14.894,15.1626,13.9389,14.2374,1053000
2000-11-03,15.0731,15.3716,14.8642,14.8642,1056600
2000-11-06,15.2522,15.67,15.1029,15.2522,1997200
2000-11-07,15.1328,15.67,14.7448,15.2522,617600
2000-11-08,15.282,15.5506,15.0731,15.1925,1261400
2000-11-09,14.9537,15.2223,14.7746,15.2223,3195000
2000-11-10,14.3314,14.8101,14.2715,14.7802,642600
2000-11-13,14.6904,14.8101,14.481,14.6605,722200
2000-11-14,14.9298,15.1691,14.6306,14.6306,757600
2000-11-15,15.3786,15.4085,14.9597,14.9896,1004400
2000-11-16,15.1392,15.4085,15.0794,15.0794,325800
2000-11-17,15.199,15.6179,15.1392,15.3187,699800
2000-11-20,14.6306,15.6179,14.5707,15.199,467800
2000-11-21,15.1392,15.229,14.8101,14.8699,602200
2000-11-22,14.7802,15.229,14.7203,14.8699,270800
2000-11-24,15.1093,15.1691,14.7203,14.7203,203200
2000-11-27,15.4982,15.588,15.199,15.229,1028400
2000-11-28,15.229,15.588,15.229,15.229,751000
2000-11-29,15.1392,15.2888,14.9597,15.1392,468800
2000-11-30,15.0195,15.199,14.5408,15.1392,734000
2000-12-01,15.229,15.2888,15.0195,15.0195,455600
2000-12-04,14.9896,15.2589,14.84,15.2589,1164800
2000-12-05,16.7549,16.9643,15.2888,15.3187,2126800
2000-12-06,15.9171,16.7549,15.9171,16.7549,838600
2000-12-07,16.2462,16.6651,16.0368,16.0368,2316600
2000-12-08,16.5155,16.8745,16.2462,16.2462,2105000
2000-12-11,17.7123,18.0115,16.695,16.7549,1445000
2000-12-12,17.7422,18.1611,17.4729,17.7422,1641000
2000-12-13,17.443,18.0414,17.443,17.7422,536200
2000-12-14,17.1139,18.0414,17.1139,17.7422,916400
2000-12-15,16.6651,17.1737,16.6053,17.1737,1653600
2000-12-18,16.9643,17.1139,16.6053,17.1139,919600
2000-12-19,16.0368,16.8147,16.0069,16.695,1283400
2000-12-20,14.8699,16.8147,14.5707,16.7549,1699400
2000-12-21,14.7502,15.0195,14.5707,15.0195,1204000
2000-12-22,15.4085,15.4683,14.8101,15.0195,957400
2000-12-26,16.0368,16.2163,15.4982,15.4982,1117000
2000-12-27,15.7974,16.0069,15.4384,15.7077,901800
2000-12-28,16.5155,16.6053,15.7077,15.7974,774000
2000-12-29,16.1266,16.7249,16.0667,16.6352,416400
2001-01-02,15.0495,16.0368,14.9597,16.0368,791800
2001-01-03,16.8446,16.8446,15.199,15.199,1663800
2001-01-04,16.7249,17.832,16.695,17.7123,3062200
2001-01-05,16.5155,17.2036,16.1565,17.1438,1180400
2001-01-08,15.7974,16.4557,15.5581,16.2761,1057800
2001-01-09,16.1864,16.4257,15.5581,16.2761,659600
2001-01-10,16.4856,16.5753,16.0667,16.1864,1095000
2001-01-11,16.4557,16.9942,16.4257,16.7549,1203600
2001-01-12,16.2761,16.7249,16.0966,16.695,778400
2001-01-16,16.4557,16.8147,16.2163,16.2761,1452400
2001-01-17,16.695,16.8446,16.4856,16.4856,1517000
2001-01-18,16.5753,16.7549,16.336,16.7249,2016600
2001-01-19,15.6478,16.5155,15.0195,16.4557,1393400
2001-01-22,14.3613,15.5581,14.2416,15.5581,2147400
2001-01-23,14.8699,15.0794,14.3015,14.3015,2458000
2001-01-24,15.1691,15.4384,14.8101,14.8101,1959200
2001-01-25,15.6179,16.2163,15.1093,15.1691,1702200
2001-01-26,14.8998,15.4384,14.84,15.3786,1166800
2001-01-29,14.9549,15.223,14.615,14.9118,805200
2001-01-30,15.223,15.223,14.6246,14.84,876800
2001-01-31,15.3427,15.6825,15.2278,15.3187,965200
2001-02-01,15.6012,15.7256,15.3283,15.6777,541400
2001-02-02,15.4384,15.7208,15.3666,15.5581,385000
2001-02-05,15.7735,16.0129,15.4384,15.5581,692400
2001-02-06,16.4188,16.5292,16.0206,16.1885,2582200
2001-02-07,16.0734,16.3853,16.0254,16.3613,1575200
2001-02-08,15.3729,16.0974,15.1953,16.0974,972600
2001-02-09,14.7827,15.4592,14.538,15.4016,1075800
2001-02-12,14.8739,15.109,13.7943,13.7943,1910000
2001-02-13,15.4976,15.9534,15.1617,15.2817,905800
2001-02-14,15.0994,15.5024,14.8739,15.5024,992200
2001-02-15,14.9842,15.4832,14.8883,14.8979,504200
2001-02-16,14.6963,15.1138,14.4948,15.1138,776400
2001-02-20,14.2309,14.8739,14.1542,14.682,624600
2001-02-21,13.8183,14.418,13.7991,14.2357,644000
2001-02-22,12.9691,14.2261,12.7148,13.8903,1810600
2001-02-23,12.6908,12.8827,12.2349,12.5468,2945800
2001-02-26,13.5304,13.6504,13.1226,13.1945,2043000
2001-02-27,13.4632,14.2741,13.2137,14.2741,1359200
2001-02-28,13.4345,13.7031,13.2713,13.5784,725200
2001-03-01,13.0602,13.7943,13.0266,13.7223,1077600
2001-03-02,13.3865,13.6264,12.9307,12.9307,1341800
2001-03-05,13.7463,13.9862,13.5352,13.8471,712200
2001-03-06,14.1446,14.2789,13.8423,13.8663,897400
2001-03-07,14.0198,14.1782,13.6264,14.1542,745400
2001-03-08,14.3701,14.442,14.0582,14.2501,648200
2001-03-09,13.7271,14.2261,13.7271,14.2261,691800
2001-03-12,13.0554,13.8423,13.0362,13.8423,660800
2001-03-13,13.1754,13.3001,12.7148,13.2185,867400
2001-03-14,12.6188,12.9546,12.5948,12.9546,572600
2001-03-15,13.1897,13.2185,12.7244,13.0266,703200
2001-03-16,12.6092,13.1802,12.566,13.0698,1388800
2001-03-19,12.9834,13.0026,12.7435,12.7435,944600
2001-03-20,13.3145,13.6264,13.0026,13.0746,1837400
2001-03-21,13.9143,14.3701,13.4345,13.5064,2291400
2001-03-22,13.8183,14.3557,13.3385,14.3461,2040800
2001-03-23,14.2453,14.3797,14.0102,14.0102,1402600
2001-03-26,14.8787,15.0418,14.3029,14.3653,2367200
2001-03-27,15.2049,15.2145,14.7059,15.0178,1513200
2001-03-28,15.1857,15.4592,14.7299,15.0178,1198200
2001-03-29,15.584,15.7135,14.8595,15.1857,2619600
2001-03-30,15.6607,15.9294,15.3297,15.8239,1515200
2001-04-02,15.0754,15.7375,14.9362,15.6607,1003800
2001-04-03,14.4373,15.0802,14.2981,15.0802,1128000
2001-04-04,14.3845,14.7539,14.2981,14.5572,953000
2001-04-05,13.66,14.562,13.5832,13.9862,2893600
2001-04-06,12.7483,13.6743,12.7148,13.6743,2429200
2001-04-09,13.5016,13.5544,12.7244,12.9354,2145400
2001-04-10,13.9095,14.2693,13.8183,13.9143,1993000
2001-04-11,13.7031,14.1398,13.6743,14.063,2096000
2001-04-12,13.3625,13.9718,12.8587,13.7223,3286800
2001-04-16,13.7799,13.8615,13.3961,13.4585,1424400
2001-04-17,13.5976,13.7751,13.4105,13.7751,919000
2001-04-18,13.8903,13.9622,12.9307,13.4345,2273000
2001-04-19,13.991,14.1973,13.5064,13.7703,1638400
2001-04-20,13.8519,14.2021,13.7176,14.0822,792400
2001-04-23,13.6888,13.9622,13.4824,13.9143,646800
2001-04-24,14.0246,14.514,13.5304,13.7943,1526200
2001-04-25,14.9266,15.3537,14.0102,14.0342,2555800
2001-04-26,15.0274,15.3009,14.7827,14.9698,1864600
2001-04-27,14.9362,15.2097,14.538,15.1857,1141400
2001-04-30,14.4996,15.1617,14.442,15.0562,1696200
2001-05-01,14.3365,14.7779,14.0342,14.634,1961800
2001-05-02,14.3941,14.5668,14.1542,14.442,1007600
2001-05-03,13.7319,14.1782,13.5592,14.1542,1502200
2001-05-04,14.1542,14.2021,13.3673,13.4872,965400
2001-05-07,14.4612,14.9794,14.1398,14.1542,1343000
2001-05-08,14.7203,14.8355,14.0966,14.634,1117000
2001-05-09,14.3909,14.5736,14.3428,14.4486,575200
2001-05-10,14.6698,14.7997,14.5111,14.5111,420400
2001-05-11,14.0686,14.766,14.0205,14.6217,747800
2001-05-14,13.9724,14.0734,13.78,14.0686,712200
2001-05-15,14.3139,14.4919,14.0542,14.1263,2826800
2001-05-16,13.9243,14.035,13.5876,13.9484,1322800
2001-05-17,13.7079,13.9291,13.5155,13.9291,1744000
2001-05-18,13.655,13.7463,13.6261,13.7079,865000
2001-05-21,13.1307,13.6838,12.972,13.6598,1219800
2001-05-22,12.9671,13.2269,12.7699,13.1788,2002200
2001-05-23,12.4814,13.0249,12.4333,12.972,1628000
2001-05-24,12.515,13.0008,12.4525,12.6016,1480200
2001-05-25,12.2649,12.6978,12.2601,12.6016,1174400
2001-05-29,11.9715,12.3611,11.9427,12.2649,1345200
2001-05-30,12.1206,12.3611,12.0244,12.0244,1621600
2001-05-31,12.2217,12.7315,12.2072,12.2168,631200
2001-06-01,12.7026,12.8469,12.1832,12.3852,1262000
2001-06-04,12.6738,12.9623,12.5102,12.9431,633600
2001-06-05,12.6738,12.9383,12.6305,12.8181,693200
2001-06-06,12.5054,12.6401,12.2409,12.4766,588800
2001-06-07,13.0393,13.174,12.4573,12.4573,1463000
2001-06-08,13.3183,13.4049,13.073,13.2317,1061000
2001-06-11,12.996,13.3712,12.8421,13.2269,714800
2001-06-12,12.5535,12.8998,12.4188,12.8902,752400
2001-06-13,12.5391,12.6978,12.4814,12.5535,725600
2001-06-14,12.2409,12.515,12.2264,12.4573,318400
2001-06-15,12.4237,12.4573,12.0533,12.0725,650200
2001-06-18,12.5295,12.7459,12.4044,12.592,457400
2001-06-19,12.5776,12.9383,12.5054,12.7459,246200
2001-06-20,13.5588,13.6357,12.7459,12.7459,1324000
2001-06-21,14.0734,14.0927,13.3952,13.554,1840200
2001-06-22,13.5251,14.1359,13.4433,14.0686,1445000
2001-06-25,13.8281,13.8666,13.4674,13.5251,1039200
2001-06-26,14.1408,14.5255,13.5155,14.4293,2632600
2001-06-27,14.5736,14.6698,13.5251,14.1648,1784600
2001-06-28,14.5736,14.8382,14.4774,14.7179,1193600
2001-06-29,14.5111,14.7757,14.3524,14.6217,1367000
2001-07-02,14.9584,15.0258,14.3428,14.5015,1218400
2001-07-03,15.1845,15.247,14.8141,14.8863,654000
2001-07-05,14.7997,15.1893,14.6698,15.1893,755400
2001-07-06,14.6217,14.9248,14.3428,14.8718,557600
2001-07-09,14.9873,15.0065,14.4871,14.766,663000
2001-07-10,14.9728,15.247,14.9103,14.9873,980000
2001-07-11,15.1075,15.1508,14.8237,14.8622,673200
2001-07-12,15.752,15.7761,15.2037,15.2951,1549400
2001-07-13,15.7809,15.8675,15.6077,15.6558,697000
2001-07-16,15.7039,15.9685,15.6943,15.7761,1037200
2001-07-17,15.5356,15.7569,15.4009,15.5837,841800
2001-07-18,16.0983,16.1128,15.6318,15.6318,1078600
2001-07-19,17.2671,17.4114,16.3533,16.4735,2964200
2001-07-20,16.5312,17.3633,16.5216,17.3152,1496600
2001-07-23,15.8867,16.7621,15.8819,16.6659,1757800
2001-07-24,15.6125,16.5938,15.449,16.3533,1890000
2001-07-25,15.3817,15.752,14.9344,15.5115,1747800
2001-07-26,15.6125,15.7617,15.1604,15.3913,675400
2001-07-27,15.2999,15.6847,15.1556,15.6318,1060000
2001-07-30,15.4634,15.6318,15.1749,15.3432,737800
2001-07-31,15.6751,16.3533,15.4779,15.5837,968200
2001-08-01,15.4394,15.9348,15.4202,15.752,754600
2001-08-02,15.146,15.6318,15.0594,15.5596,891200
2001-08-03,15.0065,15.1508,14.766,15.146,1232800
2001-08-06,13.9243,14.8622,13.8041,14.8622,1590600
2001-08-07,13.5972,13.9965,13.5395,13.9965,2568800
2001-08-08,13.3952,14.3332,13.3952,13.5684,1345800
2001-08-09,13.7415,13.8522,13.3087,13.3712,960200
2001-08-10,13.9658,14.2407,13.6234,13.6427,1258800
2001-08-13,13.1894,13.7873,12.6589,13.7873,1987200
2001-08-14,13.3919,13.4546,12.9724,13.199,889600
2001-08-15,13.1942,13.4305,13.1652,13.2713,761000
2001-08-16,13.5945,13.8259,13.2617,13.2617,1017800
2001-08-17,13.4787,13.5269,13.1412,13.2665,1225800
2001-08-20,13.2183,13.4546,12.929,13.4546,1016200
2001-08-21,13.0736,13.4546,13.0447,13.117,738600
2001-08-22,13.0929,13.2617,12.7843,13.146,1094200
2001-08-23,13.7102,13.8404,13.3099,13.3099,2485200
2001-08-24,14.3371,14.4673,13.7488,13.7681,1709000
2001-08-27,14.1298,14.5638,14.0815,14.4191,2506200
2001-08-28,14.178,14.3998,13.7825,13.9899,2408200
2001-08-29,15.0171,15.1859,14.2214,14.2985,2854800
2001-08-30,15.2486,15.5042,15.0171,15.0171,2535200
2001-08-31,15.6102,15.7935,15.1955,15.2486,1753400
2001-09-04,16.0539,16.0828,15.4029,15.6971,1873200
2001-09-05,15.8899,16.4397,15.5427,16.3963,2697600
2001-09-06,15.5042,16.0298,15.4463,15.8658,1936000
2001-09-07,14.6602,15.1907,14.3468,15.1907,2921600
2001-09-10,14.231,14.7808,14.1876,14.4432,1295000
2001-09-17,12.8663,13.498,12.5383,12.5383,1818000
2001-09-18,13.2617,13.5028,12.818,13.117,964000
2001-09-19,13.2231,13.8645,12.4901,13.3582,2708400
2001-09-20,12.7312,13.228,12.249,13.2231,1818000
2001-09-21,12.2972,12.4612,11.8969,12.1766,1856400
2001-09-24,13.1508,13.4064,12.6203,12.6203,1255600
2001-09-25,13.4932,13.8645,13.035,13.2762,1321800
2001-09-26,13.5752,13.6089,13.1652,13.4787,753600
2001-09-27,13.4932,13.5993,12.7071,13.445,1297200
2001-09-28,13.7006,13.9851,13.5752,13.6137,716800
2001-10-01,13.4691,13.7006,13.2376,13.7006,1124400
2001-10-02,13.6716,13.7439,13.2617,13.4739,1163200
2001-10-03,14.6843,14.7084,13.1894,13.3582,2299800
2001-10-04,14.3323,14.8676,14.2262,14.8676,1741200
2001-10-05,14.6458,14.6602,14.1828,14.4673,1163400
2001-10-08,14.3902,14.6458,14.2696,14.6458,558600
2001-10-09,14.4866,14.6216,14.178,14.3902,350400
2001-10-10,15.5958,15.6006,14.4239,14.5638,1959600
2001-10-11,16.3481,16.3963,15.5765,15.5958,1721400
2001-10-12,15.4173,16.2275,15.3836,15.9141,1414000
2001-10-15,15.1184,15.3305,14.7567,14.9496,981600
2001-10-16,14.7229,15.5765,14.665,15.263,1037400
2001-10-17,14.1008,15.2678,13.9851,14.9254,1553000
2001-10-18,13.7439,14.1008,13.6523,14.1008,837200
2001-10-19,14.0815,14.2744,13.2617,13.6475,1194800
2001-10-22,14.067,14.2262,13.7198,14.0767,365000
2001-10-23,14.1635,14.4914,14.0815,14.1876,845600
2001-10-24,14.0622,14.3468,13.9658,14.0574,356200
2001-10-25,14.1876,14.2358,13.5028,14.1249,380800
2001-10-26,14.6361,14.7615,14.0767,14.0815,660800
2001-10-29,13.9513,14.747,13.7922,14.747,496800
2001-10-30,13.4546,14.1298,13.3341,14.0478,702800
2001-10-31,14.2503,14.3709,13.4932,13.4932,942200
2001-11-01,15.1618,15.3112,14.1201,14.2262,1630600
2001-11-02,14.9014,15.3354,14.8049,15.1618,1261600
2001-11-05,15.1232,15.5283,14.9014,14.9014,857000
2001-11-06,15.2727,15.4029,14.8386,15.0026,628600
2001-11-07,15.8272,16.1407,15.1521,15.1521,1238200
2001-11-08,15.4077,16.2372,15.3739,16.0105,1041200
2001-11-09,15.0428,15.4101,14.9364,15.4053,789800
2001-11-12,15.7678,15.7726,14.6077,14.6222,1371200
2001-11-13,16.4156,16.4832,15.9853,15.9853,2114600
2001-11-14,16.4591,16.6766,16.1932,16.4977,978000
2001-11-15,15.589,16.0965,15.4004,16.0723,1644000
2001-11-16,15.705,15.8307,15.3279,15.6131,983000
2001-11-19,15.7678,15.9177,15.0137,15.8307,1080000
2001-11-20,15.1201,15.6711,15.0572,15.5648,858600
2001-11-21,15.3231,15.3424,14.6464,15.1249,687000
2001-11-23,15.5358,15.6131,15.0282,15.2506,304800
2001-11-26,15.2989,15.5406,15.2458,15.4923,536800
2001-11-27,15.1346,15.3231,14.8639,15.3038,483400
2001-11-28,15.1587,15.1974,14.9993,15.0814,438800
2001-11-29,15.3715,15.4391,14.8881,15.1636,833400
2001-11-30,16.2512,16.4059,15.6373,15.6373,1547000
2001-12-03,16.1352,16.4204,15.8548,16.1352,1377200
2001-12-04,16.5171,16.5509,16.14,16.14,1833400
2001-12-05,17.6917,17.885,16.7491,16.7684,2173600
2001-12-06,17.5273,17.8657,17.4016,17.5322,1200400
2001-12-07,17.4838,17.6675,17.2421,17.3436,1291000
2001-12-10,17.2711,17.5418,16.9666,17.4016,1228200
2001-12-11,17.3485,17.4452,17.1841,17.1841,932200
2001-12-12,18.2814,18.7164,17.5225,17.5225,2590800
2001-12-13,18.2717,18.8518,17.8899,18.2717,1938000
2001-12-14,18.4941,18.7164,18.1267,18.2234,2097600
2001-12-17,18.8759,19.1998,18.5182,18.6149,2109600
2001-12-18,19.1563,19.8186,18.992,19.311,2312200
2001-12-19,19.6977,19.8089,18.9001,18.9485,1504800
2001-12-20,19.2965,19.9056,19.137,19.456,838400
2001-12-21,18.8518,19.5769,18.4893,19.3593,1790200
2001-12-24,19.5672,19.688,18.9775,19.0161,505800
2001-12-26,19.7654,20.0312,19.5333,19.717,1163400
2001-12-27,19.5769,19.9056,19.3883,19.862,907800
2001-12-28,19.8089,19.8911,19.5865,19.6252,805800
2001-12-31,19.3835,19.8089,19.1515,19.8089,863000
2002-01-02,19.137,19.3787,18.6439,19.2385,709800
2002-01-03,18.9195,19.746,18.6826,18.8518,1858600
2002-01-04,18.8566,19.1467,18.4651,18.9968,1337200
2002-01-07,18.8325,19.1128,18.7358,18.9049,970400
2002-01-08,18.5859,18.9001,18.5376,18.8759,955000
2002-01-09,18.8566,19.3013,18.8034,18.9485,1554600
2002-01-10,18.6536,19.4077,18.4216,19.1418,1518200
2002-01-11,18.2185,18.7068,17.9575,18.7068,1661400
2002-01-14,18.4893,18.6826,17.9479,18.3539,1084400
2002-01-15,18.8034,18.8469,18.4554,18.4893,879200
2002-01-16,18.6343,18.9049,18.3926,18.8034,943000
2002-01-17,18.9726,18.9726,18.6343,18.7116,681400
2002-01-18,19.1031,19.1563,18.7599,18.9726,700400
2002-01-22,19.4705,19.7895,19.3352,19.5527,1105400
2002-01-23,19.2868,19.6977,18.7116,19.6977,1885200
2002-01-24,19.8524,19.9732,19.5769,19.7799,1406000
2002-01-25,20.0264,20.2101,19.804,19.804,1228000
2002-01-28,20.5194,20.5194,19.9781,20.0119,1089800
2002-01-29,20.7176,21.0753,20.2971,20.6403,1923000
2002-01-30,20.9158,21.0367,20.3986,20.7853,1917000
2002-01-31,20.8143,21.0995,20.563,20.9158,989000
2002-02-01,20.5339,20.9497,20.2536,20.7853,1009000
2002-02-04,20.7998,20.9062,20.3261,20.4228,1134000
2002-02-05,20.3696,20.6935,19.9636,20.6886,1057400
2002-02-06,19.7025,20.5436,19.7025,20.2536,915800
2002-02-07,19.1805,19.8186,19.1225,19.7025,1415800
2002-02-08,19.2265,19.58,19.0231,19.2265,1096000
2002-02-11,19.919,20.0595,19.1829,19.3476,1149000
2002-02-12,20.1854,20.3162,19.7786,19.8561,549800
2002-02-13,20.0982,20.5534,19.9868,20.1854,460200
2002-02-14,20.1902,20.4953,20.1031,20.1031,385200
2002-02-15,20.0014,20.2677,19.9045,20.1951,767600
2002-02-19,19.7205,20.3162,19.6139,20.0982,736400
2002-02-20,19.4686,19.8319,18.8294,19.7253,1192800
2002-02-21,19.7108,20.0837,19.0909,19.3476,808600
2002-02-22,19.4008,19.6188,19.0618,19.6139,1011200
2002-02-25,20.2629,20.3791,19.4202,19.4928,1132000
2002-02-26,20.7278,21.309,20.6794,20.8489,1183000
2002-02-27,20.8005,21.5027,20.1854,20.7278,1449400
2002-02-28,21.1395,21.4736,20.7762,20.9215,1200600
2002-03-01,21.5802,21.648,20.8005,21.0184,1140000
2002-03-04,21.8853,22.6262,21.4833,21.8901,2000600
2002-03-05,21.2363,22.0354,21.0668,21.401,1868800
2002-03-06,21.895,22.2049,21.0329,21.2847,1672600
2002-03-07,21.5414,22.2533,21.309,22.0257,1242000
2002-03-08,21.2993,22.0354,20.9699,21.9143,1554200
2002-03-11,21.6673,21.9095,20.8247,21.2993,1449800
2002-03-12,21.924,22.171,21.1249,21.3332,848200
2002-03-13,21.5511,22.2727,21.5511,21.8175,963200
2002-03-14,20.9215,21.6237,20.9167,21.5511,1165000
2002-03-15,20.6987,20.9021,20.3404,20.8973,1565600
2002-03-18,20.2193,20.9215,19.9287,20.7278,1342000
2002-03-19,20.5632,20.9457,19.7592,20.2677,1783400
2002-03-20,20.074,21.0184,19.9626,20.8973,2183000
2002-03-21,19.6139,20.5583,19.0376,20.074,4731600
2002-03-22,20.9506,21.1346,19.5413,19.9045,3332400
2002-03-25,20.2435,21.648,20.229,21.5511,3451000
2002-03-26,21.5027,21.5463,20.3646,20.3646,2285800
2002-03-27,21.2944,21.7933,20.9748,21.7933,2766600
2002-03-28,21.0184,21.4882,20.7036,21.2944,1707200
2002-04-01,20.7181,21.0184,20.2726,21.0184,1788200
2002-04-02,20.5825,21.0571,20.1999,20.6067,2072600
2002-04-03,21.1152,21.2605,20.6794,20.7278,1761800
2002-04-04,21.0474,21.338,20.7278,21.1152,1659200
2002-04-05,21.3332,21.5995,20.9699,21.1104,1526000
2002-04-08,22.1565,22.3744,20.8247,21.1007,2474000
2002-04-09,22.4713,22.6795,21.7933,22.2775,2143600
2002-04-10,22.3696,22.9071,22.0402,22.4761,1754800
2002-04-11,22.0984,22.6408,21.9967,22.2291,1414600
2002-04-12,22.6892,22.7328,21.987,22.0838,946200
2002-04-15,22.3599,22.7231,22.1323,22.3018,2054200
2002-04-16,22.3018,22.326,21.8175,21.9143,1646000
2002-04-17,22.3793,22.7521,22.2291,22.5439,909000
2002-04-18,22.171,22.5439,21.9337,22.3018,1346400
2002-04-19,22.4809,22.5197,22.2049,22.2049,710000
2002-04-22,23.6723,23.6723,22.5827,22.602,2275400
2002-04-23,24.3745,24.7474,23.3333,23.7304,2738600
2002-04-24,24.0985,24.8201,23.9726,24.4085,1858400
2002-04-25,24.1857,24.4085,23.7111,23.9242,1200200
2002-04-26,23.5851,24.3116,23.2946,24.1179,1345800
2002-04-29,24.021,24.5053,23.5851,23.5851,2202400
2002-04-30,24.1421,24.6748,24.0791,24.1421,1821800
2002-05-01,24.9654,25.0913,23.9871,24.1421,1884000
2002-05-02,25.3916,25.3964,24.3213,24.5053,3329000
2002-05-03,25.6047,25.6483,25.038,25.1833,1623400
2002-05-06,24.7717,25.9582,24.7717,25.4255,1999400
2002-05-07,25.3044,25.595,24.8443,24.8443,1551600
2002-05-08,25.0623,25.7257,24.6506,25.4739,2190800
2002-05-09,24.9606,25.4255,24.7668,25.0623,1162400
2002-05-10,24.4036,24.9266,24.36,24.9218,1817400
2002-05-13,24.67,24.9073,24.2632,24.699,1561400
2002-05-14,25.6192,25.7887,24.2632,24.4278,1975200
2002-05-15,25.1301,25.6628,25.1252,25.5223,1259000
2002-05-16,24.4569,24.9654,24.2147,24.8927,2231600
2002-05-17,25.0623,25.0768,24.3697,24.4617,1477600
2002-05-20,25.0671,25.4013,24.917,25.0623,837400
2002-05-21,24.4085,25.0719,24.36,25.0719,1412600
2002-05-22,24.2535,24.791,24.0355,24.4133,1044800
2002-05-23,25.101,25.1591,24.0113,24.2535,1854000
2002-05-24,25.4739,25.6192,24.9266,25.101,1141800
2002-05-28,25.2608,25.6628,25.0526,25.4788,1372400
2002-05-29,24.8782,25.6434,24.8249,25.4497,1654600
2002-05-30,24.5876,25.1204,24.3358,24.7668,1597200
2002-05-31,24.9557,25.2657,24.5876,24.5876,1034600
2002-06-03,24.2244,24.9412,24.1712,24.9412,1404400
2002-06-04,23.4399,24.1179,23.2558,23.9484,2142200
2002-06-05,23.8999,24.0355,23.4399,23.4399,2950800
2002-06-06,24.0597,24.5973,23.8273,23.8999,2144200
2002-06-07,24.5102,24.9848,23.6094,23.9726,1792400
2002-06-10,24.3213,24.8443,24.2196,24.5779,941000
2002-06-11,24.205,24.6845,24.1712,24.2147,1334200
2002-06-12,23.9484,24.6409,23.7547,24.0646,1631800
2002-06-13,22.7764,23.9484,22.6698,23.9484,2308800
2002-06-14,22.5681,22.9023,22.0354,22.7764,3114200
2002-06-17,23.4302,23.7159,22.665,22.665,1992400
2002-06-18,23.9096,24.2874,23.6142,23.7014,2077400
2002-06-19,24.3745,25.1058,23.8273,24.1663,3075000
2002-06-20,25.0477,25.1833,24.5634,24.5779,2042600
2002-06-21,25.2366,25.5562,24.9073,25.4739,2825400
2002-06-24,25.4884,25.7596,24.699,25.2802,2210600
2002-06-25,24.452,26.3408,24.239,26.0308,4263400
2002-06-26,25.0041,25.0477,24.1276,24.452,3311000
2002-06-27,24.7474,25.5223,24.3843,25.256,2201000
2002-06-28,24.946,25.6095,24.699,24.7717,2549200
2002-07-01,25.4255,25.6143,25.1543,25.2802,2594400
2002-07-02,25.4255,25.4255,23.8951,25.4255,2363200
2002-07-03,24.3116,24.36,23.0524,23.9968,2441600
2002-07-05,25.1349,25.3286,24.36,24.6022,825400
2002-07-08,25.1591,25.3771,24.8007,25.2318,1410200
2002-07-09,25.1833,25.934,25.0574,25.2221,3019200
2002-07-10,24.0597,25.3771,24.0355,25.1882,2399600
2002-07-11,23.9532,24.4085,23.3479,24.1663,4011600
2002-07-12,23.5125,24.1421,23.1444,24.0743,3147400
2002-07-15,23.5851,23.7304,22.142,23.2946,3348600
2002-07-16,22.0645,23.5851,21.8756,23.5851,3926600
2002-07-17,22.2049,23.2219,21.2605,22.3986,4152800
2002-07-18,22.0887,23.0282,21.9143,22.2049,2095400
2002-07-19,20.8005,22.4858,20.7423,21.8175,2524400
2002-07-22,19.5558,21.4058,19.4057,20.8005,4212000
2002-07-23,20.6067,20.844,19.7834,19.8319,3004400
2002-07-24,21.677,21.7691,19.7108,20.3646,2700200
2002-07-25,21.4688,22.5391,20.3646,21.6819,3217000
2002-07-26,21.1298,21.8853,20.7569,21.4833,2689400
2002-07-29,23.1493,23.2946,21.6237,21.6237,2232600
2002-07-30,22.9071,23.653,22.4228,22.9556,2561200
2002-07-31,22.3793,23.2461,22.0984,23.004,1875400
2002-08-01,22.0306,22.4471,21.3332,22.0838,2308600
2002-08-02,20.2726,21.9918,20.0014,21.987,2517600
2002-08-05,20.3452,20.8198,19.8658,20.2774,2806600
2002-08-06,21.4688,21.7884,20.5825,20.5825,1878400
2002-08-07,21.5414,22.2049,20.9506,22.1565,1923600
2002-08-08,22.3793,22.3938,21.0765,21.43,1559200
2002-08-09,22.8587,23.0379,21.9724,22.3308,1930000
2002-08-12,22.6283,22.7544,22.1917,22.7496,1524200
2002-08-13,22.3179,22.9193,22.1966,22.5313,1321200
2002-08-14,22.735,22.7496,21.857,22.313,2153400
2002-08-15,24.0204,24.2145,23.0164,23.0406,2775400
2002-08-16,24.2533,24.3697,23.2831,23.6469,1596000
2002-08-19,24.9324,25.0245,24.2533,24.2678,1397600
2002-08-20,24.588,24.9324,24.3745,24.9324,1169600
2002-08-21,24.0398,24.8839,23.6857,24.7868,1425800
2002-08-22,24.9566,24.9615,23.9865,24.0447,1122400
2002-08-23,24.3939,25.1507,24.3357,24.6171,1056200
2002-08-26,24.8256,24.8596,24.0107,24.4473,1520600
2002-08-27,24.166,24.8256,24.0835,24.8256,1095200
2002-08-28,23.8943,24.3794,23.7682,24.0447,817000
2002-08-29,23.3123,23.5984,23.1861,23.5257,1608600
2002-08-30,23.2589,23.9768,23.1619,23.3462,1802400
2002-09-03,21.8668,23.2589,21.857,23.2589,1797800
2002-09-04,23.191,23.2686,22.1675,22.313,1964200
2002-09-05,23.7197,24.098,23.0164,23.191,1976800
2002-09-06,23.8895,24.4328,23.4287,24.2533,1366200
2002-09-09,24.913,24.9324,23.6469,23.8895,2083000
2002-09-10,24.6219,24.9324,24.3648,24.913,1823600
2002-09-11,24.9275,25.1943,24.6801,24.7383,835800
2002-09-12,24.3018,24.816,24.166,24.8111,1359000
2002-09-13,25.0536,25.073,24.0204,24.3018,1672200
2002-09-16,25.3398,25.7085,24.8354,24.9809,2858600
2002-09-17,25.0342,25.6745,25.0294,25.5872,1609200
2002-09-18,24.3697,24.8596,24.1563,24.5443,3579000
2002-09-19,22.7884,23.8846,22.7884,23.8846,3926000
2002-09-20,23.6178,23.6615,22.7496,22.7496,3451600
2002-09-23,23.5257,24.132,23.1764,23.6178,2636800
2002-09-24,22.8126,23.5548,22.7738,23.5305,2880000
2002-09-25,23.4093,23.6712,22.3615,22.8175,4118000
2002-09-26,24.423,24.6898,23.6809,23.8167,3799600
2002-09-27,23.71,24.5298,23.613,24.2533,1753000
2002-09-30,23.6906,24.0495,22.8514,23.5984,2389800
2002-10-01,24.5394,24.6898,23.2298,24.2048,2687000
2002-10-02,24.0641,24.9615,23.9283,24.229,3083800
2002-10-03,22.9242,23.8652,22.9145,23.6372,3344400
2002-10-04,21.8619,23.5257,21.435,22.9484,4252200
2002-10-07,20.8675,21.925,20.6735,21.828,3798600
2002-10-08,21.6679,21.9735,20.5134,21.2944,2924400
2002-10-09,20.4213,21.1974,20.3242,21.1489,3860800
2002-10-10,21.1682,21.2604,19.9847,20.3,3287200
2002-10-11,21.6824,22.3664,21.1682,21.1682,2925400
2002-10-14,21.469,21.8425,21.3671,21.5757,1539400
2002-10-15,22.866,22.8708,21.8764,21.9735,2588000
2002-10-16,22.119,22.7932,21.9589,22.6768,1617800
2002-10-17,24.2242,24.2533,23.2346,23.2831,3985600
2002-10-18,23.7342,24.229,23.4626,24.229,2169000
2002-10-21,24.8499,24.9227,23.2831,23.7342,1980000
2002-10-22,24.0204,24.7868,23.6712,24.748,2006200
2002-10-23,24.4473,24.5686,23.7876,23.972,2477600
2002-10-24,23.7342,24.6704,23.6615,24.4473,2722600
2002-10-25,23.3801,23.841,22.9,23.7391,2934400
2002-10-28,22.4343,23.7197,22.3324,23.7197,1931400
2002-10-29,22.5943,22.7981,22.2305,22.4343,2783400
2002-10-30,22.2015,22.9,22.0026,22.5992,1722800
2002-10-31,22.8951,23.0697,22.2063,22.2063,1642200
2002-11-01,22.6768,22.8611,22.4197,22.8563,2085600
2002-11-04,22.9242,23.613,22.7981,22.8466,1199600
2002-11-05,22.4537,22.9339,22.2887,22.9242,1349800
2002-11-06,22.8708,23.5936,21.828,22.4537,2240800
2002-11-07,21.566,22.0511,21.372,21.828,2730600
2002-11-08,21.1603,21.9377,21.0728,21.6365,2297600
2002-11-11,21.1166,21.4032,20.8299,21.0388,1600600
2002-11-12,20.7424,21.2915,20.723,21.2915,1435800
2002-11-13,20.7473,21.2089,20.4315,20.6501,1763200
2002-11-14,21.5636,21.6219,20.9757,21.136,1177600
2002-11-15,22.1078,22.1564,21.4518,21.5247,2248400
2002-11-18,21.0728,22.3118,20.9951,22.2049,2074200
2002-11-19,20.8396,21.1263,20.6598,21.0874,1398200
2002-11-20,21.1554,21.2089,20.1157,20.8445,2887200
2002-11-21,21.4761,21.6219,21.2089,21.2089,2069400
2002-11-22,21.0874,21.6122,21.0874,21.4373,1579200
2002-11-25,21.6559,21.7191,20.9174,21.0874,1467200
2002-11-26,21.1603,22.0835,21.136,21.549,1882800
2002-11-27,22.1078,22.2049,21.2818,21.2818,957400
2002-11-29,21.7142,22.2049,21.7094,22.1321,233800
2002-12-02,21.7871,22.2147,21.5539,21.962,1603000
2002-12-03,20.1788,21.1749,19.9796,20.893,4062400
2002-12-04,20.5335,20.7279,20.0719,20.1788,2534800
2002-12-05,20.4995,20.893,20.2614,20.7959,1263400
2002-12-06,20.9125,21.1214,20.1837,20.4557,1643400
2002-12-09,20.4217,21.136,20.3537,20.8591,1370200
2002-12-10,19.9602,20.4266,19.2605,20.4266,3385200
2002-12-11,20.0671,20.0865,19.3528,19.9602,2276400
2002-12-12,20.5141,20.6501,19.8484,20.0136,1358800
2002-12-13,20.0136,20.3974,19.9602,20.3343,1427400
2002-12-16,20.9271,20.9319,20.0136,20.0185,1386000
2002-12-17,20.9902,21.2478,20.893,21.0485,1887400
2002-12-18,21.3061,21.4324,20.9271,21.0874,1988600
2002-12-19,21.3547,21.8065,21.2429,21.2915,2264400
2002-12-20,21.515,21.7337,21.3547,21.4275,1729800
2002-12-23,21.1894,21.5198,21.1506,21.5198,1258600
2002-12-24,21.1214,21.2866,21.0291,21.1894,435600
2002-12-26,21.2721,21.3789,21.0631,21.136,632600
2002-12-27,20.8299,21.2769,20.7473,21.2769,1196400
2002-12-30,20.6453,20.8299,20.1205,20.8299,1393800
2002-12-31,20.8202,20.8882,20.4217,20.7667,1281400
2003-01-02,22.1952,22.2195,20.6744,21.0388,2017400
2003-01-03,21.3838,22.2001,21.2769,22.2001,1576000
2003-01-06,21.1749,21.3887,20.8445,21.3887,1990400
2003-01-07,21.2915,21.481,20.9757,21.1846,970400
2003-01-08,21.6899,22.0203,21.2866,21.3887,1652800
2003-01-09,21.9766,22.1807,21.7774,21.8114,983400
2003-01-10,21.9766,22.2535,21.651,21.7677,872600
2003-01-13,21.7628,22.2778,21.7579,22.2778,1239800
2003-01-14,21.6122,21.9086,21.5296,21.7628,1402400
2003-01-15,21.4227,21.7288,21.238,21.6365,1363000
2003-01-16,22.652,22.6714,21.6219,21.8648,3686400
2003-01-17,22.3993,22.6568,22.2292,22.6568,2088800
2003-01-21,22.5208,22.7637,22.2341,22.6908,2265600
2003-01-22,22.4479,22.9775,22.3944,22.5694,2605200
2003-01-23,22.8366,22.856,22.1029,22.6908,1604000
2003-01-24,22.3604,22.7443,22.3264,22.7394,1122000
2003-01-27,21.6802,22.3604,21.5247,22.239,2267600
2003-01-28,22.0106,22.1078,21.5879,21.8017,2076000
2003-01-29,22.1952,22.2973,21.6656,21.9231,1306600
2003-01-30,21.515,22.2438,21.3789,22.2098,1399400
2003-01-31,21.7239,21.9183,21.3887,21.4858,1923000
2003-02-03,21.8988,22.3021,21.8017,21.8017,1037800
2003-02-04,21.7822,21.8745,21.5636,21.7774,1125200
2003-02-05,22.4576,22.6665,22.0203,22.0252,2143200
2003-02-06,21.9086,22.7637,21.8017,22.4965,2451200
2003-02-07,21.583,23.1281,21.5781,22.1321,2063200
2003-02-10,22.2244,22.3021,21.6025,21.7677,2040600
2003-02-11,22.3459,22.6374,22.3021,22.3507,1552800
2003-02-12,21.9912,22.5256,21.9523,22.3459,1032400
2003-02-13,21.5733,22.1515,21.4518,22.0495,1692000
2003-02-14,22.2924,22.3507,21.3789,21.3789,1400200
2003-02-18,23.1767,23.2593,22.307,22.3507,1709400
2003-02-19,22.8852,23.1816,22.7297,23.1816,1040800
2003-02-20,22.5548,22.8949,22.5159,22.8609,1229000
2003-02-21,23.2593,23.2788,22.5742,22.6763,1369600
2003-02-24,22.9581,23.1864,22.8463,23.0844,1913200
2003-02-25,23.5897,23.8084,22.8852,22.8852,2786200
2003-02-26,23.201,23.614,23.1767,23.5654,1472200
2003-02-27,23.0067,23.4245,22.652,23.3711,2099600
2003-02-28,22.788,23.0067,22.5256,23.0067,1576000
2003-03-03,22.9046,23.2933,22.8366,23.0067,1257000
2003-03-04,21.549,22.1369,21.4907,22.0446,5334000
2003-03-05,21.3109,21.5441,21.0243,21.5441,3166200
2003-03-06,21.102,21.3887,20.6064,21.3109,2183800
2003-03-07,21.6219,21.6413,20.7716,21.102,2407800
2003-03-10,21.1457,21.6267,21.0874,21.6267,1104600
2003-03-11,21.0048,21.5976,21.0,21.1943,1450800
2003-03-12,21.2769,21.2963,20.9319,21.0,1733600
2003-03-13,21.9717,21.9912,21.3352,21.6705,2709200
2003-03-14,22.1029,22.5888,22.0106,22.4722,2541800
2003-03-17,22.6131,22.7589,21.7677,22.064,2129200
2003-03-18,22.3507,22.618,22.1321,22.618,2333200
2003-03-19,22.89,22.9678,22.3799,22.4236,1815200
2003-03-20,23.0018,23.1573,22.3264,22.8949,1586400
2003-03-21,23.6237,23.682,23.0844,23.1524,1622600
2003-03-24,22.7103,23.6286,22.6423,23.6286,1887400
2003-03-25,22.8755,22.9095,22.1321,22.3702,3038200
2003-03-26,22.5937,22.8803,22.273,22.8803,2102800
2003-03-27,22.5402,22.7394,22.1126,22.3507,1260000
2003-03-28,22.3702,22.5937,22.3216,22.4722,1113200
2003-03-31,22.0835,22.3653,21.8503,22.1078,2165400
2003-04-01,22.1807,22.2292,21.5198,22.0835,2788800
2003-04-02,23.0698,23.235,22.375,22.375,2632200
2003-04-03,23.0844,23.2642,22.9144,23.201,1420000
2003-04-04,22.7151,23.1281,22.5791,23.0844,1749800
2003-04-07,22.6374,23.0941,22.5451,22.6423,3182200
2003-04-08,22.7637,22.8074,22.2633,22.6908,2719400
2003-04-09,22.5888,22.9144,22.5159,22.6908,1529600
2003-04-10,22.6082,22.7491,22.4479,22.5888,1154200
2003-04-11,22.6374,22.9581,22.4916,22.8852,1042600
2003-04-14,22.8026,22.8366,22.3993,22.5451,1211400
2003-04-15,22.9824,23.1427,22.7589,22.856,1255200
2003-04-16,22.8852,23.3711,22.8609,23.3711,1217800
2003-04-17,23.1136,23.2593,22.9289,22.9338,760800
2003-04-21,23.201,23.3128,23.1233,23.167,1156400
2003-04-22,24.1485,24.372,23.0018,23.1524,3376600
2003-04-23,24.2554,24.683,24.1242,24.1485,2124800
2003-04-24,23.8861,24.3574,23.8472,24.1242,1439400
2003-04-25,23.2982,23.925,23.2739,23.8861,1550400
2003-04-28,23.8084,23.9298,23.3468,23.3468,923400
2003-04-29,23.8229,24.027,23.6237,23.8084,1437400
2003-04-30,23.9396,24.1242,23.5363,23.8229,1357600
2003-05-01,23.3128,23.9396,23.1864,23.9396,1377400
2003-05-02,23.4488,23.5314,23.1767,23.3128,1318800
2003-05-05,23.3225,23.5751,23.2739,23.4634,1475400
2003-05-06,23.2204,23.4925,23.2059,23.4197,1793400
2003-05-07,24.027,24.0513,23.0504,23.2059,1944600
2003-05-08,24.0173,24.3914,23.7598,23.8327,2307400
2003-05-09,24.5372,25.062,24.0707,24.2943,1949600
2003-05-12,25.4107,25.4593,24.4034,24.452,2475200
2003-05-13,25.3961,25.5518,25.1576,25.3036,1473200
2003-05-14,25.1333,25.3669,24.8949,25.3523,1582400
2003-05-15,25.3766,25.3815,24.9727,25.1333,1099600
2003-05-16,25.1479,25.3766,24.8657,25.1576,1405000
2003-05-19,24.5786,25.1479,24.4764,25.1479,1782400
2003-05-20,24.6954,25.0311,24.5396,24.6954,1815800
2003-05-21,24.9192,25.0311,24.4277,24.6224,1557800
2003-05-22,26.9386,26.9386,25.0408,25.0846,4282000
2003-05-23,27.9021,28.9483,26.9386,26.9386,6659400
2003-05-27,27.868,28.306,27.6783,27.8826,2500400
2003-05-28,29.3522,29.3911,28.0238,28.0286,4333800
2003-05-29,29.1721,30.5103,29.0213,29.3522,5086400
2003-05-30,30.413,30.4568,28.9094,29.1721,3171800
2003-06-02,30.1989,31.0407,30.0967,30.4179,2890600
2003-06-03,29.6588,30.3643,29.5371,30.267,3397200
2003-06-04,30.6904,30.7682,29.688,29.7318,1962000
2003-06-05,31.5906,31.6441,29.9069,30.6904,2618400
2003-06-06,30.4763,31.9653,30.4763,31.8242,2892200
2003-06-09,29.4057,30.3449,29.3814,30.3449,2409600
2003-06-10,30.121,30.2962,29.6782,29.7318,2219800
2003-06-11,32.6076,32.7244,30.3449,30.4081,4731400
2003-06-12,32.6027,32.8704,31.5419,32.7195,3329800
2003-06-13,33.2694,33.5127,32.6027,32.6076,3479400
2003-06-16,34.7146,34.7925,33.2645,33.3278,3484800
2003-06-17,34.52,34.8168,33.9993,34.7195,2750800
2003-06-18,33.7511,34.5248,33.5224,34.5248,2697000
2003-06-19,34.0382,34.3691,32.7974,33.7511,3943600
2003-06-20,31.2646,34.0431,31.1672,34.0431,7148200
2003-06-23,31.4397,31.8242,30.7439,31.2646,4523000
2003-06-24,31.5273,32.1891,31.1089,31.4106,4136000
2003-06-25,30.5201,31.7755,30.5055,31.5955,3906000
2003-06-26,31.5711,31.6977,30.34,30.7536,3334000
2003-06-27,30.812,31.8728,30.7634,31.576,2348600
2003-06-30,30.16,31.5079,30.0286,31.2402,2669000
2003-07-01,30.6563,30.7098,29.4398,30.0967,3473600
2003-07-02,31.1234,31.1672,30.3887,30.8266,2802000
2003-07-03,30.7293,31.0942,30.4471,30.7293,1432600
2003-07-07,31.9702,31.9945,30.6077,31.1381,2892400
2003-07-08,32.3594,32.4081,31.6539,31.9702,1630600
2003-07-09,31.7171,32.3254,31.5809,31.9069,2074800
2003-07-10,31.031,31.6539,30.778,31.5322,1515600
2003-07-11,31.0018,31.1186,30.6174,31.0699,2435400
2003-07-14,31.4738,31.7414,31.1137,31.1137,1585000
2003-07-15,29.7366,31.8436,29.6247,31.6295,5161800
2003-07-16,29.7172,30.1366,29.177,29.7804,3634600
2003-07-17,29.0359,29.7853,29.0019,29.7172,2164800
2003-07-18,29.0748,29.2656,28.4812,29.1965,1765400
2003-07-21,28.2817,29.6052,28.2476,28.9532,3338200
2003-07-22,28.8121,28.8559,27.9313,28.4422,3124800
2003-07-23,28.6126,29.1721,28.3936,28.9045,1549600
2003-07-24,28.1843,29.1721,28.1211,28.7099,1978000
2003-07-25,28.413,28.8023,27.615,28.7488,1739800
2003-07-28,28.0968,28.5152,27.868,28.0238,1393000
2003-07-29,27.8097,28.6126,27.8097,28.0968,1964000
2003-07-30,28.1843,28.2768,27.6053,27.8097,1625000
2003-07-31,27.5469,28.2817,27.4009,28.1843,2244800
2003-08-01,27.1722,27.615,26.8024,27.4252,2195000
2003-08-04,27.3717,27.5274,26.6758,27.1625,2205400
2003-08-05,26.8364,27.7123,26.7488,27.3863,1517400
2003-08-06,27.8632,27.9946,27.0554,27.0797,2548400
2003-08-07,28.0676,28.0676,27.4447,27.868,1705800
2003-08-08,28.6515,28.9629,28.2233,28.2233,2190400
2003-08-11,28.2349,28.7518,27.8549,28.6929,2017000
2003-08-12,28.2885,28.5955,27.7964,28.2349,2161400
2003-08-13,27.4212,28.2885,27.3774,28.2885,2185600
2003-08-14,27.6015,27.6307,27.0802,27.4212,1633000
2003-08-15,27.7428,27.8646,27.4553,27.5041,877200
2003-08-18,27.6795,27.9621,27.5479,27.7428,1652400
2003-08-19,28.308,28.4785,27.8451,27.8939,2180800
2003-08-20,28.0449,28.2885,27.8451,28.0644,1117800
2003-08-21,28.5808,28.6393,28.0449,28.0498,1361000
2003-08-22,28.001,28.7465,27.9669,28.6929,1102000
2003-08-25,28.1033,28.3567,27.8305,28.0156,949600
2003-08-26,27.8987,28.2349,27.2994,28.2349,1364400
2003-08-27,27.4359,27.8695,27.4359,27.8695,1269600
2003-08-28,28.1082,28.1228,27.431,27.4797,928000
2003-08-29,27.8792,28.0595,27.7623,27.7964,828600
2003-09-02,28.0156,28.1277,27.6015,27.8792,1301000
2003-09-03,29.2386,29.3312,27.9669,28.2934,2073600
2003-09-04,29.2337,29.4822,28.8683,29.2386,2417200
2003-09-05,28.7367,29.4237,28.6149,29.2386,1983600
2003-09-08,28.8391,28.9998,28.5662,28.9414,1068800
2003-09-09,28.0205,28.6637,27.7184,28.5516,2780800
2003-09-10,26.4126,27.6746,26.3542,27.6015,3664800
2003-09-11,26.7489,26.9486,26.247,26.6027,2870000
2003-09-12,27.2312,27.3287,26.4663,26.7391,1727800
2003-09-15,28.0254,28.1131,27.2361,27.2361,2692200
2003-09-16,28.9901,29.0437,27.8305,28.0595,2807800
2003-09-17,28.2836,29.3555,27.3384,27.3384,6166600
2003-09-18,29.0047,29.0632,28.0936,28.4639,3092800
2003-09-19,28.6783,28.9901,28.6052,28.9901,2242800
2003-09-22,27.6989,28.7026,27.5966,28.7026,3308400
2003-09-23,28.4103,28.4541,27.66,27.9913,1625800
2003-09-24,28.2154,29.0145,28.2154,28.5029,2145200
2003-09-25,28.2593,29.0291,28.1175,28.3811,1499200
2003-09-26,28.1618,28.6734,28.0546,28.2836,1332000
2003-09-29,28.5711,28.6588,28.2154,28.2593,1497400
2003-09-30,29.0681,29.414,28.3762,28.5029,3623600
2003-10-01,31.2801,31.2801,28.7952,29.0681,5101000
2003-10-02,31.0267,31.3629,30.6954,31.285,3109200
2003-10-03,30.8903,31.0949,30.2569,31.0949,3083000
2003-10-06,31.7917,31.8891,30.8464,30.8903,1889200
2003-10-07,31.5286,31.7673,31.1193,31.7624,2457600
2003-10-08,32.1327,32.3471,31.358,31.4993,2221800
2003-10-09,32.4884,32.6443,31.7771,32.1376,2373000
2003-10-10,32.2546,32.6443,32.0061,32.4933,1441000
2003-10-13,33.0098,33.0292,32.2984,32.2984,1249800
2003-10-14,33.1315,33.1705,32.352,33.0146,1250200
2003-10-15,31.9671,33.1315,31.8453,33.1315,2642000
2003-10-16,32.0597,32.503,31.9622,32.0353,2018400
2003-10-17,31.7819,32.201,31.6309,32.201,1261600
2003-10-20,32.0792,32.2302,31.6699,31.6699,1146800
2003-10-21,32.3958,32.4251,31.6699,32.0645,1222200
2003-10-22,32.2351,32.6443,31.5627,32.3958,2218200
2003-10-23,32.8587,33.2777,32.0402,32.2351,2377600
2003-10-24,32.3861,32.7661,32.0353,32.7418,1439200
2003-10-27,32.7564,33.2821,32.352,32.391,1770800
2003-10-28,33.1803,33.1803,32.4592,32.9367,1458600
2003-10-29,33.7455,33.7893,32.8879,33.0585,2196800
2003-10-30,33.419,33.9599,33.1413,33.8673,1806000
2003-10-31,33.4093,33.6675,33.2582,33.4482,749800
2003-11-03,33.7406,33.9647,33.4872,33.4921,1210234
2003-11-04,33.8965,34.0622,33.5603,33.7406,987304
2003-11-05,34.9538,34.9928,33.6237,33.9355,2323200
2003-11-06,34.7638,35.0074,34.413,34.715,1867200
2003-11-07,33.1664,34.7662,32.8104,34.7613,4365600
2003-11-10,32.3714,33.3615,32.3421,33.3371,3205200
2003-11-11,32.9518,33.1957,32.3714,32.3714,1730600
2003-11-12,33.503,33.6054,33.0445,33.0445,1386200
2003-11-13,33.6542,33.7517,33.1664,33.5225,1537200
2003-11-14,33.0933,33.7468,32.9957,33.6493,1164600
2003-11-17,32.9323,33.0299,32.3802,32.9811,1279800
2003-11-18,32.6055,33.4542,32.6055,33.0689,1725400
2003-11-19,32.6787,33.103,32.3373,32.8494,1320600
2003-11-20,32.6494,32.9713,32.3763,32.5567,1380000
2003-11-21,33.2152,33.4542,32.7518,32.9616,1422200
2003-11-24,33.6542,33.9078,33.1518,33.2152,2217200
2003-11-25,33.7663,33.9468,33.1079,33.7273,1610800
2003-11-26,33.4688,33.8102,33.181,33.8102,1212200
2003-11-28,33.5956,33.7273,33.542,33.6298,333400
2003-12-01,34.2882,34.376,33.7127,33.7127,1341600
2003-12-02,34.0687,34.2785,33.7029,34.2394,1969400
2003-12-03,33.5664,34.2151,33.4786,34.0834,1569000
2003-12-04,33.0542,33.8005,32.7031,33.4639,1958600
2003-12-05,33.1176,33.4688,32.8835,32.9226,1236600
2003-12-08,34.2346,34.2638,33.1176,33.1176,1915600
2003-12-09,33.3762,34.259,33.3274,34.259,2745400
2003-12-10,31.7617,33.3762,31.3472,33.3713,3955800
2003-12-11,32.4251,32.6299,32.1519,32.1909,1741600
2003-12-12,32.5616,32.8445,32.4348,32.5324,979000
2003-12-15,32.1422,32.8738,32.0446,32.7762,1992200
2003-12-16,32.0983,32.5128,31.2642,32.1422,3117200
2003-12-17,32.1909,32.7421,31.9958,32.2446,1989800
2003-12-18,32.7665,33.0201,32.147,32.3129,1496600
2003-12-19,34.1419,34.2492,33.0786,33.2152,3946800
2003-12-22,35.5125,35.6051,34.6004,34.8004,3183200
2003-12-23,36.2148,36.2831,35.4686,35.6344,2973800
2003-12-24,35.9124,36.1416,35.5222,36.1416,898600
2003-12-26,36.3172,36.5611,36.0295,36.0587,507200
2003-12-29,36.0344,36.3855,35.8392,36.3172,1400400
2003-12-30,35.6051,36.0685,35.4149,36.0392,1670000
2003-12-31,35.4003,35.8002,35.1906,35.6051,1376400
2004-01-02,34.4053,35.5564,34.137,35.371,2058400
2004-01-05,33.3176,34.4784,32.6982,34.4053,3652800
2004-01-06,34.0687,34.2102,33.4883,33.5322,2038400
2004-01-07,33.7225,34.0444,32.8738,33.9956,2211200
2004-01-08,32.3421,33.6444,31.4398,33.6444,4955400
2004-01-09,32.786,33.6542,32.6055,32.6055,3307400
2004-01-12,32.3226,33.181,31.9422,32.8835,2694000
2004-01-13,32.1714,32.7275,31.5374,32.4104,2616400
2004-01-14,32.8104,32.9713,32.3812,32.4348,2111600
2004-01-15,33.4005,33.7712,32.7957,33.142,2466200
2004-01-16,33.5713,33.742,33.3371,33.6542,1819400
2004-01-20,33.0738,33.6542,32.4104,33.6054,1938600
2004-01-21,34.5809,34.6979,33.6542,33.6542,2854400
2004-01-22,34.8735,35.2881,34.4931,35.1174,1954000
2004-01-23,34.5809,35.1954,34.3614,34.9223,1543400
2004-01-26,34.3955,34.6931,34.1712,34.5809,1052000
2004-01-27,34.7077,34.8052,34.3273,34.4589,1340600
2004-01-28,32.4641,34.5858,32.3373,34.5809,3150400
2004-01-29,32.7079,32.7275,31.4788,32.2153,2852400
2004-01-30,32.9421,33.2494,32.5275,32.6299,1418600
2004-02-02,33.4688,33.5761,32.6836,33.2884,1808400
2004-02-03,33.659,34.1321,33.264,33.3859,1512400
2004-02-04,32.8348,33.4688,32.7909,33.4103,1593200
2004-02-05,32.6738,33.2884,32.2885,32.6055,1853400
2004-02-06,34.0785,34.137,32.9957,32.9957,1557000
2004-02-09,33.6282,34.3134,33.4813,34.0785,1747000
2004-02-10,33.4324,33.6575,33.0653,33.5303,1170600
2004-02-11,34.3379,34.5191,32.9967,33.4128,1718600
2004-02-12,34.0491,34.5093,33.9806,34.3134,1188400
2004-02-13,33.8729,34.4603,33.8435,34.2645,842400
2004-02-17,34.5582,34.9939,34.1764,34.2645,1271200
2004-02-18,34.0589,34.5582,33.9463,34.4603,1819800
2004-02-19,34.0295,34.4603,33.9659,34.3624,1122000
2004-02-20,33.1436,34.4799,33.1436,34.0295,2166200
2004-02-23,32.8352,33.5939,32.8058,33.5303,1630800
2004-02-24,32.982,33.3296,32.8009,32.8401,1547800
2004-02-25,33.452,33.5254,32.3653,33.0897,2275600
2004-02-26,34.4848,34.4946,33.1044,33.261,1773400
2004-02-27,35.4148,35.6547,34.6316,34.6316,2508000
2004-03-01,37.4315,37.4413,36.2274,36.5896,5007600
2004-03-02,37.2945,37.7154,36.7315,37.691,3146200
2004-03-03,36.9567,37.0791,36.2959,37.0791,1402800
2004-03-04,37.784,37.9308,36.6924,36.8099,2242600
2004-03-05,38.528,39.1545,38.1805,38.1805,2706000
2004-03-08,38.3665,39.0126,38.0777,38.528,1784200
2004-03-09,38.3175,38.6602,37.8378,38.4056,1698200
2004-03-10,37.4315,39.0371,37.2602,38.6699,2020600
2004-03-11,37.3532,38.1315,37.0008,37.4315,2136400
2004-03-12,38.0483,38.0483,37.1183,37.691,1410600
2004-03-15,38.2588,38.7678,37.9553,38.2049,2245400
2004-03-16,38.7923,39.1105,37.9602,38.8657,3013600
2004-03-17,38.714,39.042,38.156,38.9196,5199400
2004-03-18,38.4007,38.7483,38.2343,38.572,2333400
2004-03-19,37.828,38.4497,37.8231,38.0973,1762800
2004-03-22,37.5539,37.8231,37.2504,37.691,2126000
2004-03-23,38.107,38.2294,37.2994,37.8623,1913000
2004-03-24,38.0826,38.7923,37.7448,38.107,1833200
2004-03-25,38.4203,39.086,38.0581,39.0566,2139000
2004-03-26,38.528,38.6748,38.2881,38.4252,1123400
2004-03-29,38.5867,38.993,38.2784,38.5231,1721400
2004-03-30,39.5902,39.7713,38.4888,38.5476,4227800
2004-03-31,39.551,40.0846,39.1937,39.8447,2154400
2004-04-01,39.2573,39.8398,39.0322,39.551,1732200
2004-04-02,37.4952,38.2441,37.4511,38.1805,3759400
2004-04-05,36.8441,37.5,36.4281,37.4952,3229800
2004-04-06,37.3777,37.9357,37.1134,37.2259,2194200
2004-04-07,37.1574,37.5931,36.8637,37.3581,1321200
2004-04-08,36.5162,37.3973,36.3644,37.3973,1149800
2004-04-12,36.1539,36.5211,35.8652,36.5211,1871600
2004-04-13,35.7428,35.9288,35.3414,35.8554,2290800
2004-04-14,35.6057,36.0071,34.8519,35.7379,2406000
2004-04-15,35.4931,35.9777,35.1554,35.684,2124000
2004-04-16,35.9777,36.061,35.6742,35.8554,1987000
2004-04-19,35.3512,35.9777,35.2092,35.9777,1491400
2004-04-20,34.3232,35.3512,34.2156,35.3512,1996600
2004-04-21,34.8519,35.1945,34.196,35.1945,1973800
2004-04-22,35.7036,36.1735,34.8519,34.8519,2151600
2004-04-23,35.1505,35.6596,35.1015,35.6596,1653800
2004-04-26,35.1162,35.7917,35.0085,35.0477,1332600
2004-04-27,35.733,36.0756,35.3022,35.4638,1984600
2004-04-28,34.7785,35.7036,34.7785,35.5127,1794600
2004-04-29,33.9219,35.1945,33.4666,34.7687,2563800
2004-04-30,33.7407,34.8715,33.638,34.0442,1803800
2004-05-03,33.9708,34.1568,33.2464,33.824,1778800
2004-05-04,33.9463,34.3771,33.5841,34.0687,1999000
2004-05-05,33.9708,34.1666,33.682,33.9512,1158800
2004-05-06,33.0701,33.8582,32.9282,33.5303,1889200
2004-05-07,31.3814,32.796,31.3031,32.796,4040200
2004-05-10,30.3926,31.3569,30.0353,31.3569,3294200
2004-05-11,30.5892,30.9136,30.2992,30.5155,3049400
2004-05-12,30.6777,30.8349,29.621,30.5892,3424800
2004-05-13,30.9627,31.2625,30.1616,30.5941,2896000
2004-05-14,31.5279,31.7982,31.1249,31.1741,2701400
2004-05-17,30.9037,31.7147,30.8694,31.2576,2360600
2004-05-18,30.9185,31.1839,30.5155,30.9775,1215400
2004-05-19,30.0093,31.1003,30.0093,30.9627,2329000
2004-05-20,30.0289,30.2992,29.6407,30.2009,2981000
2004-05-21,30.6187,30.7367,30.0289,30.3484,2524600
2004-05-24,31.4935,31.5427,30.8399,31.3166,2276400
2004-05-25,32.8942,32.8942,31.1642,31.2969,3374400
2004-05-26,32.1423,33.2628,32.0587,32.8696,3374000
2004-05-27,32.3585,32.8058,32.0685,32.1914,1966200
2004-05-28,32.3782,32.5846,32.1275,32.4371,1143800
2004-06-01,32.1029,32.6239,31.7982,32.3782,1157000
2004-06-02,32.1717,32.5993,31.4788,32.4371,1923000
2004-06-03,31.7835,32.1914,31.7294,32.0489,1220600
2004-06-04,32.2258,32.3732,31.4542,31.9948,1521800
2004-06-07,33.5577,33.6167,32.1472,32.2651,2213800
2004-06-08,32.2406,32.7812,31.7835,32.6829,3198600
2004-06-09,31.1151,31.8867,30.9676,31.8474,3401400
2004-06-10,31.1052,31.5033,30.8644,31.2822,1490200
2004-06-14,30.2845,31.3067,30.1076,31.1003,1965800
2004-06-15,31.1544,31.2625,30.6089,31.0119,2519000
2004-06-16,31.3117,32.1423,30.9627,31.2576,3452600
2004-06-17,32.3241,32.5944,31.6016,31.9457,4769400
2004-06-18,32.5354,32.8156,32.1914,32.6337,2679600
2004-06-21,32.4814,33.1694,32.1373,32.6829,2027000
2004-06-22,32.9188,32.9286,32.4371,32.6337,1695400
2004-06-23,33.5823,33.715,32.9679,33.0023,2039600
2004-06-24,34.4423,35.4106,33.6658,33.6658,4082800
2004-06-25,33.9607,34.6832,33.8821,34.4423,1567200
2004-06-28,33.1989,34.1671,33.1252,34.0098,1814000
2004-06-29,33.1006,33.3709,32.5059,32.7075,1806600
2004-06-30,33.7297,33.8231,33.1105,33.1252,1500800
2004-07-01,33.3218,34.059,32.9925,33.8772,1736600
2004-07-02,33.9705,34.4817,33.8133,33.8378,1827400
2004-07-06,33.2923,33.9853,33.0023,33.9116,2807000
2004-07-07,33.3169,33.7936,33.0023,33.4152,1137400
2004-07-08,31.754,32.8352,31.7294,32.8303,2997400
2004-07-09,31.926,32.2356,31.5918,31.8965,2367400
2004-07-12,31.8228,32.1177,31.4444,32.0047,1944000
2004-07-13,32.5305,32.8893,31.8769,32.1423,2097600
2004-07-14,32.039,32.6534,31.8769,32.3634,1050400
2004-07-15,32.1619,32.3143,31.8965,32.1128,1179600
2004-07-16,32.9679,33.2628,32.6681,32.6681,2311800
2004-07-19,32.5993,33.1498,32.157,33.1498,1991800
2004-07-20,32.1914,32.1914,31.3264,31.9211,3034200
2004-07-21,31.3854,32.5698,31.3805,32.1914,1876000
2004-07-22,32.0931,32.2799,31.4394,31.5721,2124400
2004-07-23,31.7343,32.2258,31.4394,32.1668,1613000
2004-07-26,30.9037,31.8474,30.5892,31.6999,2465000
2004-07-27,30.889,31.4591,30.1125,30.9775,3219800
2004-07-28,31.0168,31.1593,30.5351,30.8939,1683000
2004-07-29,31.6754,31.6901,30.7121,31.1347,1737600
2004-07-30,31.4788,31.8031,31.2281,31.6508,1145200
2004-08-02,31.5721,31.6311,31.2085,31.233,2133000
2004-08-03,31.3166,31.5525,31.061,31.5525,1379200
2004-08-04,31.6016,31.9162,31.0315,31.1102,1234400
2004-08-05,31.6311,32.2995,31.5771,31.9457,2703600
2004-08-06,31.8621,32.3241,31.6803,31.9457,2429200
2004-08-09,31.3559,32.2504,31.3067,31.8228,1908200
2004-08-10,32.2799,32.3683,31.6901,31.6999,2330200
2004-08-11,32.0784,32.275,31.8474,32.1914,1901200
2004-08-12,31.2822,32.044,31.061,31.9555,2655600
2004-08-13,31.7393,31.7982,31.3313,31.5525,1549200
2004-08-16,32.6534,32.673,31.6999,31.7196,2109600
2004-08-17,33.1645,33.8378,32.9139,33.4447,1841000
2004-08-18,33.4741,33.5331,33.022,33.1252,1275800
2004-08-19,33.1449,33.5085,32.909,33.3709,1040800
2004-08-20,33.7002,33.7002,33.1694,33.1694,1083000
2004-08-23,34.0639,34.3637,33.3906,33.7002,1659800
2004-08-24,33.8133,34.3785,33.4987,34.1819,1579000
2004-08-25,33.538,34.1229,32.8696,34.0098,2266600
2004-08-26,33.8526,33.9705,33.2628,33.4201,1278800
2004-08-27,33.9509,34.0492,33.6216,33.8133,625800
2004-08-30,33.2874,34.0541,33.1694,33.9558,1070400
2004-08-31,33.7985,34.0148,33.2825,34.0148,959200
2004-09-01,34.6586,34.7225,33.7199,33.8624,2391000
2004-09-02,34.58,34.6979,34.1917,34.6095,1231200
2004-09-03,34.7815,34.8552,34.3441,34.3539,1075800
2004-09-07,36.5311,36.826,35.3074,35.5088,3681600
2004-09-08,36.3689,36.6245,36.0888,36.3689,2542600
2004-09-09,36.9046,36.9784,36.3198,36.3689,2774600
2004-09-10,36.9341,36.998,36.4918,36.9046,1428000
2004-09-13,37.6959,37.7942,36.939,36.939,2220600
2004-09-14,37.976,38.0891,37.4207,37.6222,1724000
2004-09-15,37.342,37.7942,37.2487,37.6468,1768600
2004-09-16,37.691,37.804,37.2487,37.4649,1759800
2004-09-17,37.9465,38.1775,37.7524,38.1382,2202600
2004-09-20,37.4747,38.153,37.0668,37.0668,2834200
2004-09-21,40.9691,41.2345,38.2857,38.8263,10842000
2004-09-22,41.4753,41.9931,40.4432,40.8364,6248200
2004-09-23,41.2345,41.5785,40.9445,41.4802,2852200
2004-09-24,41.0477,41.2984,40.5415,41.2591,2516800
2004-09-27,42.0405,42.5566,40.6398,41.0527,4464800
2004-09-28,41.1411,42.2167,40.9937,41.9914,2625200
2004-09-29,40.7627,41.7309,40.6546,41.3328,2189000
2004-09-30,41.5245,41.7948,40.5169,40.7627,2135000
2004-10-01,41.5294,41.7653,41.0871,41.5294,1567400
2004-10-04,39.7552,41.9127,39.5094,41.6522,4908200
2004-10-05,39.1703,39.5586,38.438,38.8115,5821800
2004-10-06,40.0844,40.6447,39.0868,39.244,3824000
2004-10-07,38.6493,40.0894,38.5005,40.0844,3701400
2004-10-08,38.6887,39.2686,37.9613,38.9246,3065800
2004-10-11,38.3987,39.0229,38.3201,38.8509,1623600
2004-10-12,39.1408,39.2735,38.0891,38.3938,2276800
2004-10-13,38.0252,38.9688,37.6025,38.8017,3242800
2004-10-14,38.0891,38.5068,37.7008,38.0301,1827400
2004-10-15,38.3348,38.4331,37.8974,38.1137,1435400
2004-10-18,38.0891,38.2463,37.4207,37.5976,1746400
2004-10-19,37.5976,38.5707,37.401,37.8237,1877600
2004-10-20,37.401,37.5976,36.9243,37.1553,1822000
2004-10-21,37.8679,38.3201,37.0373,37.6468,1791800
2004-10-22,37.5976,38.0006,37.2634,37.4502,1451800
2004-10-25,38.7771,39.1408,37.8188,37.8433,2744600
2004-10-26,40.2024,40.2909,39.0917,39.5144,2965200
2004-10-27,40.1876,40.5366,39.5144,40.2368,2409000
2004-10-28,40.4334,40.8413,40.1343,40.2122,1353800
2004-10-29,40.4236,40.7184,39.5635,40.3105,1467800
2004-11-01,41.1165,41.2394,40.3744,40.3744,2066600
2004-11-02,41.7997,42.36,40.9052,41.1215,2639600
2004-11-03,41.9127,42.2666,41.377,41.7997,1769000
2004-11-04,41.6572,41.7555,40.6791,40.743,3449600
2004-11-05,41.4065,41.6621,40.5759,41.6572,3656400
2004-11-08,41.6678,41.7318,41.2833,41.3079,1009400
2004-11-09,42.5896,43.4768,42.3677,42.3677,2885200
2004-11-10,42.3283,42.9593,42.2297,42.8804,2019800
2004-11-11,42.1755,42.5896,41.9882,42.4269,1104600
2004-11-12,44.0979,44.1571,42.2741,42.3185,2298600
2004-11-15,44.5268,45.0049,43.7972,44.0684,2484400
2004-11-16,43.8465,44.0684,43.5212,43.8712,1550600
2004-11-17,43.886,45.0099,43.7332,44.4381,1985000
2004-11-18,44.0092,44.3543,43.4275,43.8909,1328600
2004-11-19,43.0332,44.2064,42.6487,44.0141,2455200
2004-11-22,43.5951,43.6444,42.8952,42.91,1554600
2004-11-23,44.1768,44.2705,43.3043,43.8712,1750000
2004-11-24,45.0296,45.1528,44.1719,44.6106,1852200
2004-11-26,45.0592,45.838,44.2902,44.9556,1120800
2004-11-29,43.5311,44.6599,43.3684,44.5367,2226200
2004-11-30,43.324,43.8663,43.2107,43.2205,1621400
2004-12-01,44.5219,44.6993,43.7085,43.7972,1770000
2004-12-02,43.6494,44.2458,43.2698,44.1177,3149800
2004-12-03,45.4239,45.493,44.2064,44.3641,2949000
2004-12-06,45.8183,46.3112,45.3599,45.4239,1790400
2004-12-07,45.3993,46.3359,45.1873,46.0894,1665600
2004-12-08,45.3549,45.8176,44.9556,45.7345,1474400
2004-12-09,47.4598,47.4598,45.8429,45.8676,2944000
2004-12-10,50.2005,50.5998,48.0069,48.3076,4788400
2004-12-13,49.9836,50.1561,49.6533,49.7864,2235600
2004-12-14,49.7864,50.1019,49.2195,49.9343,2559600
2004-12-15,52.0046,52.2363,50.5258,50.5258,3793200
2004-12-16,52.049,52.6454,50.5554,51.1568,4163800
2004-12-17,51.068,52.9954,49.8357,52.9905,6397200
2004-12-20,51.0039,51.7138,50.8955,51.073,1881400
2004-12-21,51.2504,51.4328,50.5948,51.0039,2035200
2004-12-22,51.1716,52.5616,50.9399,51.3391,3544000
2004-12-23,50.1561,51.4279,49.3871,51.4279,3207000
2004-12-27,49.5399,50.4026,48.8843,50.1561,1828600
2004-12-28,50.9103,51.073,49.464,49.816,1967800
2004-12-29,50.7772,51.6251,50.2843,50.3533,1579200
2004-12-30,51.068,51.2997,50.3878,50.8462,812800
2004-12-31,51.4624,51.9711,51.1568,51.1568,1231200
2005-01-03,51.2159,51.8321,50.7969,51.7582,2400400
2005-01-04,48.8695,51.2652,48.7907,51.2159,3469400
2005-01-05,48.628,49.5301,48.5541,48.8005,3413200
2005-01-06,49.5202,49.7963,48.8745,48.8745,2009000
2005-01-07,49.0963,50.3779,48.9139,50.1561,2049400
2005-01-10,50.7723,51.2356,49.5745,49.9343,2796200
2005-01-11,51.2159,51.2553,50.2991,50.5751,2183400
2005-01-12,51.0138,51.2258,50.1512,50.7723,2931200
2005-01-13,52.2511,52.3639,51.561,51.8074,4039800
2005-01-14,53.932,54.4594,52.1131,52.2511,4047000
2005-01-18,54.001,54.3658,53.2912,54.0897,2260000
2005-01-19,54.0158,55.0362,53.5278,54.2228,3671400
2005-01-20,52.2757,53.8236,52.2511,53.237,2346000
2005-01-21,52.2018,52.7835,51.4131,52.3497,2993000
2005-01-24,52.1673,52.9855,51.9553,52.2018,2085600
2005-01-25,52.0933,52.6208,51.6053,52.1328,1385800
2005-01-26,53.0004,53.1236,51.7926,52.0933,1540400
2005-01-27,52.1377,52.887,51.8074,52.3497,1771600
2005-01-28,53.0841,53.7299,52.1081,52.325,2009400
2005-01-31,53.5574,53.789,51.6103,53.0841,2544000
2005-02-01,55.0855,55.1988,53.8531,53.8876,3485600
2005-02-02,54.7158,55.1594,54.2524,55.0855,2511200
2005-02-03,55.2087,55.8347,53.8285,53.8531,3033600
2005-02-04,57.2889,57.5156,55.5045,55.5045,3765000
2005-02-07,57.279,58.1072,56.9832,57.2889,2201800
2005-02-08,58.1811,58.3931,57.072,57.0966,2370000
2005-02-09,57.1262,58.4078,57.0079,58.117,2164400
2005-02-10,57.3973,57.6044,56.1453,56.9931,1947600
2005-02-11,55.603,56.1255,54.9622,55.0115,4382200
2005-02-14,55.9875,56.1058,55.2136,55.6967,1840400
2005-02-15,55.7706,56.027,55.0164,55.7066,2145200
2005-02-16,56.9685,57.0473,55.327,56.3276,3041200
2005-02-17,57.2593,57.8656,56.7319,56.8107,2415400
2005-02-18,56.8748,57.0276,56.2192,57.0276,2938800
2005-02-22,55.7312,57.3086,55.5636,56.7516,4138800
2005-02-23,56.5347,56.7861,55.2629,56.2931,3511000
2005-02-24,59.6451,59.7683,56.3917,56.515,3867200
2005-02-25,62.2971,62.2971,59.3148,59.374,4769600
2005-02-28,61.5183,62.2971,60.3845,62.2971,3274200
2005-03-01,61.2767,61.8682,60.5768,61.5183,2160400
2005-03-02,60.557,61.05,60.2711,61.0253,2487000
2005-03-03,58.9106,61.3704,58.8515,60.8774,4270800
2005-03-04,61.9865,62.2281,59.3986,59.3986,3471400
2005-03-07,61.3999,62.2034,61.0007,62.0901,1460800
2005-03-08,59.5958,61.0549,59.1522,60.976,2749000
2005-03-09,57.5452,59.0782,57.3776,58.3142,4436800
2005-03-10,56.791,58.2895,56.3523,58.0431,3648800
2005-03-11,56.9931,57.491,56.2291,56.7368,2577400
2005-03-14,56.2833,57.2051,55.5045,56.9438,2521800
2005-03-15,56.6234,58.0431,56.1009,57.0178,3060400
2005-03-16,56.7269,57.2495,56.1896,56.9981,2235800
2005-03-17,55.6425,56.934,55.2826,56.934,3046000
2005-03-18,56.4706,56.8551,55.7115,55.8101,4025000
2005-03-21,57.5255,57.7473,55.9678,56.4706,3986800
2005-03-22,58.4621,59.9902,58.1564,58.6592,7531600
2005-03-23,58.2945,58.7085,57.7917,58.1564,4074800
2005-03-24,58.6642,59.7683,58.1367,58.6592,3301000
2005-03-28,58.2698,59.1472,57.491,58.812,3450000
2005-03-29,56.791,58.886,56.6826,58.2698,3575800
2005-03-30,57.0966,57.7079,56.6875,57.0473,2650800
2005-03-31,57.9001,58.2895,57.6142,57.6241,2197400
2005-04-01,58.6592,59.7782,58.0233,59.7683,4148000
2005-04-04,59.6845,60.3993,57.9198,58.6592,3477800
2005-04-05,59.2508,60.4979,58.7578,60.1381,2900600
2005-04-06,58.6198,59.1423,57.8903,58.7578,3242800
2005-04-07,59.0191,59.5958,58.3536,58.8071,2650000
2005-04-08,58.536,59.3395,58.4966,59.0191,2072600
2005-04-11,58.6839,58.7923,57.8163,58.7282,2119400
2005-04-12,60.5866,60.7345,58.3043,58.6592,4880000
2005-04-13,59.6944,60.631,59.4578,60.631,3631200
2005-04-14,57.1854,59.7437,56.9783,59.6993,5363200
2005-04-15,54.8094,57.6734,54.6122,57.5501,5832800
2005-04-18,55.5784,55.746,54.6073,55.5537,3290200
2005-04-19,55.9284,56.4065,54.7059,54.839,4421400
2005-04-20,53.72,55.8298,53.4391,55.6277,5935000
2005-04-21,54.839,55.12,53.7693,54.3066,3827000
2005-04-22,53.8285,55.0509,53.5722,54.9129,2807800
2005-04-25,55.6819,55.8248,54.0207,54.2475,2568200
2005-04-26,55.8791,57.3776,55.3714,55.7263,4116800
2005-04-27,56.3424,56.6185,55.2876,55.7904,2284600
2005-04-28,54.5087,56.4903,54.2228,55.9974,3269200
2005-04-29,56.1946,56.3424,54.1242,55.9481,3266200
2005-05-02,56.3917,56.9537,55.7213,56.6875,1624800
2005-05-03,56.5988,57.348,56.1847,56.4016,3024900
2005-05-04,57.1016,57.279,55.603,55.8988,1773300
2005-05-05,58.0381,58.5606,57.2435,57.3185,1838100
2005-05-06,58.4029,58.6592,56.5396,57.5255,2335200
2005-05-09,58.4621,58.5804,57.8705,58.2156,1488500
2005-05-10,56.9832,58.324,56.8847,57.21,1976600
2005-05-11,57.8705,57.9691,56.5002,56.9832,1717700
2005-05-12,55.8199,58.117,55.7509,58.0677,1641700
2005-05-13,55.2777,56.1946,54.6172,55.958,1944500
2005-05-16,57.4663,57.5945,55.258,55.327,1652200
2005-05-17,58.2649,58.3635,56.7171,57.4663,2041600
2005-05-18,62.1295,62.1295,58.6592,60.1381,4575300
2005-05-19,62.3168,63.3914,61.9126,62.1295,2586900
2005-05-20,62.3267,62.7506,61.5676,62.7506,2221200
2005-05-23,63.7858,64.5745,62.79,62.8097,2600600
2005-05-24,64.4266,64.5843,63.214,63.7858,2559200
2005-05-25,63.1154,64.5153,62.9675,64.4266,1918500
2005-05-26,65.4125,65.5012,64.3773,65.028,1995200
2005-05-27,65.3237,65.5209,64.5054,65.1857,1247200
2005-05-31,66.5856,66.5955,65.1463,65.5505,2555100
2005-06-01,66.7483,67.4828,65.5603,65.6096,2135900
2005-06-02,67.2955,67.6997,66.2603,66.2701,1241600
2005-06-03,66.418,67.9856,66.0138,67.6306,2356800
2005-06-06,67.0884,68.025,65.6885,66.8419,1222600
2005-06-07,67.9461,68.4686,67.2363,67.2363,1871100
2005-06-08,66.8222,68.3306,66.3786,68.2912,2240200
2005-06-09,66.7236,67.5222,65.6786,66.2701,2805300
2005-06-10,66.4378,67.5518,66.142,66.9405,1462700
2005-06-13,67.0391,67.1771,65.9547,66.1518,1542900
2005-06-14,68.6461,68.794,66.9701,66.9701,1878300
2005-06-15,69.9573,70.1939,68.8531,69.1095,2342200
2005-06-16,71.2291,71.4755,69.7207,70.0953,3137300
2005-06-17,76.1584,81.7286,74.5909,80.378,9655500
2005-06-20,73.6445,76.3162,73.467,76.257,4589900
2005-06-21,73.5656,74.6698,73.0529,74.3346,3274900
2005-06-22,72.7473,74.4332,72.4713,73.9599,2804700
2005-06-23,72.1755,73.9008,72.1755,72.9741,2062800
2005-06-24,70.9826,73.4079,70.5587,72.4023,2425900
2005-06-27,72.9544,73.26,71.0812,71.2291,1898100
2005-06-28,74.9754,75.281,73.3684,73.3684,1956500
2005-06-29,74.029,75.557,73.5459,75.2218,1651700
2005-06-30,75.1528,76.0303,74.1867,74.1867,2098200
2005-07-01,74.6599,75.8627,72.5699,75.35,2492000
2005-07-05,73.9402,74.4233,71.9093,72.2149,2921000
2005-07-06,75.0838,75.5866,74.4332,74.9754,2654800
2005-07-07,77.371,77.371,74.4824,74.5317,2774300
2005-07-08,78.1105,78.4062,76.8978,77.4696,2500500
2005-07-11,80.1512,80.3582,78.0316,78.8203,2078100
2005-07-12,79.0174,80.2202,78.3766,79.6583,3277200
2005-07-13,79.5991,79.6188,78.1302,78.5738,2124200
2005-07-14,78.2978,80.8413,77.5386,79.8554,2930300
2005-07-15,81.3047,81.63,78.1006,78.1302,3293800
2005-07-18,81.1371,81.5906,80.516,81.3934,2127500
2005-07-19,82.813,83.0792,80.4962,81.2554,2593900
2005-07-20,83.2074,84.2426,82.0736,82.7145,2102100
2005-07-21,80.8413,82.3201,80.5258,82.1426,2586200
2005-07-22,82.2708,82.3595,80.3484,81.4328,1673500
2005-07-25,78.8696,82.6159,78.7217,82.0441,2438600
2005-07-26,79.8949,80.1019,78.071,78.8499,2391400
2005-07-27,80.1216,80.1906,78.1499,79.7569,2148300
2005-07-28,82.675,83.3651,80.5455,81.63,2235500
2005-07-29,80.7526,82.33,80.3188,82.1229,1840500
2005-08-01,80.3484,82.675,78.7414,82.675,2298100
2005-08-02,80.1709,80.9005,79.3033,80.1019,1874800
2005-08-03,78.1105,79.8259,77.8147,79.5695,2910800
2005-08-04,77.2527,78.0809,76.257,76.8978,2416400
2005-08-05,73.4473,76.0105,72.1854,76.0105,4666800
2005-08-08,71.4262,74.1571,70.4897,73.3487,3776700
2005-08-09,71.9685,72.8065,70.9826,71.4558,2917600
2005-08-10,71.722,73.6937,71.2784,73.4374,2236100
2005-08-11,72.6586,72.8163,71.5248,71.8107,1743600
2005-08-12,72.9741,73.0036,71.6136,72.0966,1713600
2005-08-15,72.9346,73.4177,71.9685,72.7769,1478700
2005-08-16,71.6333,73.6937,71.3572,72.9839,1819200
2005-08-17,71.0713,71.8107,70.3221,71.3277,2252100
2005-08-18,71.0122,71.722,70.0658,70.9629,1943300
2005-08-19,70.9629,71.998,70.4995,71.2291,2077900
2005-08-22,71.1896,71.584,70.4009,71.1305,2228400
2005-08-23,69.9573,71.6727,68.6461,71.6727,3502100
2005-08-24,71.1798,73.0529,69.0503,69.9179,3775200
2005-08-25,70.046,72.9544,69.9474,72.9544,2890800
2005-08-26,69.0996,70.1545,68.2813,69.9967,2571600
2005-08-29,68.8827,69.7897,68.1433,68.4686,2098800
2005-08-30,69.5038,70.2136,68.5179,68.5179,1955800
2005-08-31,73.1515,73.5459,69.563,70.046,3825300
2005-09-01,72.7374,73.8811,71.3868,72.9642,3091500
2005-09-02,71.6628,73.4374,71.3868,72.8065,1523100
2005-09-06,73.3093,73.5262,71.8896,71.9192,1994500
2005-09-07,74.8176,74.8472,73.0924,73.2008,2377500
2005-09-08,73.6346,73.6642,71.4755,71.4854,3198800
2005-09-09,75.143,75.3993,73.8614,74.0388,2240700
2005-09-12,74.8078,76.1979,74.7191,75.2218,2362100
2005-09-13,74.8373,75.2514,74.0881,74.6796,1786100
2005-09-14,75.4683,75.9415,73.8909,74.581,2387100
2005-09-15,75.9613,76.819,75.5472,75.7148,2082700
2005-09-16,73.9402,76.3457,73.2698,76.3063,3961100
2005-09-19,72.6093,74.5416,72.1952,74.2853,2784100
2005-09-20,69.7503,72.7572,69.4644,72.4614,3635100
2005-09-21,69.7207,71.722,69.6615,70.9826,3506200
2005-09-22,72.6586,72.9544,69.4545,69.5038,5453700
2005-09-23,72.9544,73.1022,71.8009,72.7079,2143500
2005-09-26,72.353,73.9106,71.7713,73.1022,2649000
2005-09-27,70.9826,73.3656,70.5981,72.698,3173800
2005-09-28,70.0953,71.1699,68.5179,71.0812,3401500
2005-09-29,71.0812,71.1995,69.2573,69.8489,2186000
2005-09-30,72.1656,72.6191,71.1995,71.1995,1903700
2005-10-03,72.2248,73.2008,70.8347,72.284,2180000
2005-10-04,69.4151,72.1656,69.4052,72.1656,2505500
2005-10-05,66.4673,69.0109,65.2655,69.0109,6215800
2005-10-06,65.3632,66.487,64.2393,66.3983,4322500
2005-10-07,66.004,66.3392,64.5745,65.511,2065500
2005-10-10,63.6674,66.0335,63.1942,65.9941,2669600
2005-10-11,63.5886,65.7673,62.8492,64.5252,3828300
2005-10-12,63.1942,64.4956,62.2478,63.3421,4297800
2005-10-13,62.7506,63.2928,60.8479,62.9083,3561800
2005-10-14,63.1351,65.4617,62.7013,65.4617,4060800
2005-10-17,63.5196,64.2984,62.5436,63.0365,2336000
2005-10-18,61.4591,63.1252,60.9169,63.0759,3979000
2005-10-19,64.3674,64.3674,59.9607,60.631,4178600
2005-10-20,62.8689,64.7716,62.3563,63.9829,3646100
2005-10-21,63.3421,64.604,62.6914,64.5745,2469100
2005-10-24,66.0434,66.0434,63.4703,63.4703,3315400
2005-10-25,64.5054,66.0434,63.8843,65.5307,2019800
2005-10-26,63.6182,64.8702,62.5238,64.5054,2778500
2005-10-27,60.4437,63.5984,60.2958,63.4407,3883600
2005-10-28,62.1394,62.2379,60.5028,60.8282,2558000
2005-10-31,64.4266,64.6829,62.3661,62.4844,2649700
2005-11-01,64.4759,64.9589,63.4013,64.259,2626300
2005-11-02,67.5715,67.9757,64.3773,64.5745,4069800
2005-11-03,66.1223,69.2573,65.6293,68.9616,3143100
2005-11-04,65.4617,66.7532,64.3871,66.0533,2152600
2005-11-07,66.685,67.0013,64.7076,65.9435,2210700
2005-11-08,63.017,63.6992,62.3052,62.9281,3658200
2005-11-09,62.1174,63.5114,61.7911,62.7896,2828200
2005-11-10,64.3814,64.4605,61.9394,62.582,1876000
2005-11-11,64.935,65.894,64.3715,64.4605,2024600
2005-11-14,65.1031,65.6271,64.2924,64.4605,1370200
2005-11-15,63.7486,64.8362,63.3927,64.2627,2125600
2005-11-16,64.8065,64.8362,62.9083,64.4605,1911300
2005-11-17,66.7542,67.2979,64.065,64.4605,3009000
2005-11-18,66.161,67.7725,65.7457,67.7725,1889400
2005-11-21,68.7414,68.9094,66.2994,66.4872,1972900
2005-11-22,70.8867,71.035,67.7527,68.4645,4138100
2005-11-23,70.778,72.1028,70.3529,70.3924,1935900
2005-11-25,71.0845,71.2328,70.4814,70.9362,553000
2005-11-28,68.8402,70.2936,68.7414,70.1453,1848300
2005-11-29,68.8501,71.6777,68.0592,69.0874,2803800
2005-11-30,68.9786,69.9179,68.6128,69.2654,1503600
2005-12-01,69.9277,70.0167,69.2752,69.3543,1112000
2005-12-02,70.3924,70.8176,69.6509,69.8981,988400
2005-12-05,70.2639,70.2639,69.3049,69.3049,1014400
2005-12-06,69.8487,71.2822,69.7498,70.7879,1683700
2005-12-07,67.4957,69.906,67.1595,69.8487,2100100
2005-12-08,68.2371,69.1368,66.4971,67.2485,2479900
2005-12-09,68.4645,68.5931,67.0587,68.3162,1322200
2005-12-12,68.6623,69.4829,68.3756,68.7611,1171700
2005-12-13,69.6905,69.9376,67.9307,68.4151,1973600
2005-12-14,73.0124,73.2002,69.5125,69.7498,3064800
2005-12-15,73.1013,74.3273,71.7607,73.5561,2848800
2005-12-16,74.0702,75.0391,73.2892,75.0391,4153600
2005-12-19,72.4093,74.3471,72.2906,74.1493,1445200
2005-12-20,73.1112,73.6649,71.7864,72.9629,1473900
2005-12-21,73.0717,73.5858,72.35,73.1112,1227600
2005-12-22,74.6931,74.9304,73.0331,73.309,1968400
2005-12-23,73.655,75.2863,73.5364,74.6436,1546600
2005-12-27,73.4078,74.5448,73.4078,74.1493,1121200
2005-12-28,72.1325,73.4375,72.1325,73.4078,1354900
2005-12-29,72.2906,73.1211,71.6777,71.8853,1473700
2005-12-30,71.8359,72.172,71.4206,72.1226,1112200
2006-01-03,74.8018,75.0787,71.391,72.172,2481200
2006-01-04,74.268,74.6486,73.8033,74.3965,1728400
2006-01-05,74.8612,76.0377,73.6649,74.2581,2044200
2006-01-06,74.8809,75.1973,73.6748,73.9516,1595300
2006-01-09,78.9839,79.231,74.7129,74.7425,3092300
2006-01-10,80.2988,80.9711,78.2127,78.5983,3084500
2006-01-11,80.7338,81.06,79.1421,80.4174,1954900
2006-01-12,78.9344,80.279,78.6279,80.0813,1786600
2006-01-13,78.4797,79.3299,77.7085,77.7085,1290000
2006-01-17,77.4811,78.3116,77.056,78.0545,1621800
2006-01-18,77.7678,78.2523,76.3244,77.4119,1697700
2006-01-19,76.9967,78.0249,76.3936,78.0051,1282300
2006-01-20,75.8597,77.3427,75.0095,77.313,1648900
2006-01-23,74.1295,74.9106,73.655,73.7539,1746900
2006-01-24,74.7623,75.7312,74.1889,74.4954,1547900
2006-01-25,73.8824,74.7623,72.6268,74.7623,2291000
2006-01-26,74.3471,74.9897,73.0717,74.8315,1582500
2006-01-27,75.4346,76.4232,73.9516,74.6436,1733700
2006-01-30,76.6309,76.967,74.703,75.4346,2111700
2006-01-31,75.3357,76.2354,74.7919,76.1761,1984200
2006-02-01,73.1211,74.8315,72.7059,74.6436,1999600
2006-02-02,71.124,73.0519,70.5803,73.0124,2219300
2006-02-03,71.035,71.9051,69.1072,70.343,2761500
2006-02-06,69.5916,71.2624,69.3049,70.9362,1362400
2006-02-07,66.9722,68.9168,66.734,67.7659,3045200
2006-02-08,68.262,68.391,65.474,66.9722,5719300
2006-02-09,68.4902,69.2343,67.9643,68.0635,2208200
2006-02-10,66.6943,67.627,66.3074,67.5675,2420300
2006-02-13,65.4343,66.6546,65.0374,66.5852,2567300
2006-02-14,66.4959,66.7043,64.2933,65.2954,2732600
2006-02-15,66.7241,67.9842,66.1486,66.4165,1739900
2006-02-16,67.756,67.8254,66.1982,67.2202,1985200
2006-02-17,66.9821,68.1628,66.8531,67.8651,1414000
2006-02-21,67.3889,67.7064,66.1486,67.4682,2055300
2006-02-22,69.5717,70.0082,66.8233,67.2599,2248700
2006-02-23,69.4427,70.7226,68.7581,69.4327,2455800
2006-02-24,68.7184,69.5419,68.51,69.4427,1326500
2006-02-27,67.5178,68.5398,67.1011,68.4703,1581900
2006-02-28,66.5058,67.5476,66.3173,67.4186,1539900
2006-03-01,66.0197,66.7043,65.9403,66.5058,1171500
2006-03-02,66.4066,67.2698,65.7121,66.0197,1464000
2006-03-03,64.958,66.0792,64.6504,65.98,1905000
2006-03-06,63.5392,64.839,63.3011,64.7397,3243600
2006-03-07,62.0807,63.0034,61.0885,63.0034,3692500
2006-03-08,62.8546,63.0034,61.3167,61.664,2226100
2006-03-09,61.6937,63.4598,61.5945,62.9538,1389000
2006-03-10,62.7455,63.4995,61.3068,61.5152,1676100
2006-03-13,62.8447,63.8468,62.7554,62.9935,1059900
2006-03-14,65.9304,65.9304,62.7554,62.7554,2601200
2006-03-15,64.6108,66.1685,64.3032,65.5136,1939700
2006-03-16,66.2181,67.0218,64.958,65.5632,2057200
2006-03-17,66.7539,68.0139,66.5852,67.2202,2128800
2006-03-20,64.9977,66.7737,64.7695,66.6249,1753900
2006-03-21,63.7476,64.7993,63.4201,64.3925,1982400
2006-03-22,64.0849,65.3837,63.4598,64.194,1986800
2006-03-23,67.2896,67.9643,64.4024,64.9878,4079800
2006-03-24,67.6667,68.5596,65.6426,67.0515,3406100
2006-03-27,67.4682,68.262,67.2103,67.2202,1350200
2006-03-28,66.4463,68.0437,65.8411,67.8254,2009700
2006-03-29,66.2181,66.9712,65.4938,66.4661,1210800
2006-03-30,65.0672,66.2776,64.0452,66.0891,1765300
2006-03-31,64.4718,65.0473,64.0154,64.7894,1590000
2006-04-03,64.2734,64.3131,63.5491,64.0948,1964900
2006-04-04,64.4718,64.9779,63.9361,63.9956,1542000
2006-04-05,67.121,67.2202,64.6901,64.6901,2452500
2006-04-06,67.2202,67.3392,65.9304,66.4761,1797100
2006-04-07,67.1706,67.9643,66.1586,66.7836,1507500
2006-04-10,67.1706,67.6964,66.6943,67.1904,1589500
2006-04-11,66.615,68.3909,66.1784,67.7659,1828200
2006-04-12,64.7894,66.1784,64.6504,65.7319,1531300
2006-04-13,64.1544,64.204,63.2515,64.0948,1570000
2006-04-17,63.5094,64.5909,62.9042,63.9956,1308100
2006-04-18,66.7836,66.9325,62.4577,62.4577,3475300
2006-04-19,65.8808,66.4761,64.5909,65.8907,1969200
2006-04-20,65.5037,66.3471,64.0452,64.9878,2120300
2006-04-21,65.0374,66.0792,64.6207,66.0792,1752000
2006-04-24,63.4003,64.9382,63.311,64.9382,1250200
2006-04-25,62.2097,63.7376,61.6937,63.4003,1992300
2006-04-26,62.7554,64.7397,62.5173,62.5867,2078600
2006-04-27,61.5251,61.9815,59.8185,61.406,2898400
2006-04-28,61.0885,62.2891,60.5825,60.771,1791700
2006-05-01,60.1856,61.4854,59.6796,60.5329,1855300
2006-05-02,59.0347,59.2827,57.9632,59.1438,2885200
2006-05-03,59.2331,59.9674,58.6874,58.7867,2223000
2006-05-04,58.3303,59.7788,58.1913,59.253,1169700
2006-05-05,60.9099,61.6441,59.0843,59.7788,2544500
2006-05-08,60.017,61.5251,59.759,60.523,1473100
2006-05-09,58.9752,59.888,58.8958,59.2827,1255000
2006-05-10,60.4039,61.3862,59.4018,60.1956,2172800
2006-05-11,58.9752,60.1956,58.8065,60.1956,1936100
2006-05-12,57.348,58.618,57.0404,58.5386,2298700
2006-05-15,56.0979,57.596,55.066,57.0107,2536000
2006-05-16,55.5125,56.5443,55.3041,55.7407,2597100
2006-05-17,53.9349,55.4926,53.7166,54.4707,3203900
2006-05-18,53.9547,55.4728,53.7265,54.3218,2739700
2006-05-19,53.3694,54.3615,52.8435,53.9547,2591900
2006-05-22,52.2284,53.1114,51.3056,53.0519,2789800
2006-05-23,52.6351,54.2524,52.6351,53.5777,2238100
2006-05-24,52.4169,54.173,51.3155,52.3871,3612600
2006-05-25,52.3077,52.9526,51.633,52.5855,1941600
2006-05-26,52.7046,53.6273,52.3871,52.4367,1373600
2006-05-30,51.1866,52.5062,51.1766,51.891,1398800
2006-05-31,50.7996,51.4346,50.5416,51.3255,2493200
2006-06-01,51.6529,51.7323,50.4027,50.6012,1891000
2006-06-02,50.7004,52.2383,50.1845,52.149,2446700
2006-06-05,48.716,50.0654,48.6664,50.0059,2546800
2006-06-06,45.4617,48.3985,45.1045,48.2199,6786900
2006-06-07,45.0549,46.6523,44.9061,46.0669,3164400
2006-06-08,44.5786,45.2136,43.4674,44.7473,3990100
2006-06-09,44.3901,45.5411,44.3306,45.1442,2839800
2006-06-12,42.9812,44.4001,42.8423,44.3405,2124000
2006-06-13,41.8898,43.8544,41.6219,42.5149,4516200
2006-06-14,42.8721,43.1598,42.1676,42.2669,4012600
2006-06-15,44.7473,45.045,42.1676,42.1676,4557800
2006-06-16,45.1144,46.1264,44.5687,44.7473,5107900
2006-06-19,44.4596,45.8784,44.0826,45.2335,3701900
2006-06-20,43.7353,45.293,43.7055,44.916,3031600
2006-06-21,45.4319,45.5411,43.8742,43.8742,3024100
2006-06-22,44.7275,45.4319,44.3207,45.422,2712200
2006-06-23,44.9954,45.6006,44.3405,44.5489,1420500
2006-06-26,46.8111,47.0392,44.916,45.2632,4245800
2006-06-27,45.164,47.1186,45.1144,46.9896,3217500
2006-06-28,44.6481,45.3228,44.281,45.0152,1868700
2006-06-29,46.5531,46.5531,44.281,45.045,3140500
2006-06-30,45.4915,46.6721,45.4915,46.6325,2015600
2006-07-03,45.8982,46.2455,45.3525,45.7792,1375000
2006-07-05,45.0152,45.5907,44.6878,45.5411,2283900
2006-07-06,45.6403,46.1562,44.8862,44.9458,1730300
2006-07-07,45.4021,46.5035,45.2136,45.4418,2311500
2006-07-10,44.7672,45.7296,44.7473,45.4915,1379900
2006-07-11,43.6559,44.3107,43.1102,44.1619,2212500
2006-07-12,42.0684,43.9833,41.9394,43.5865,2276200
2006-07-13,41.3441,42.6637,41.235,42.0287,1982100
2006-07-14,39.6078,40.2726,38.9827,40.1833,3698800
2006-07-17,39.0423,40.1237,38.695,39.6872,2762000
2006-07-18,38.7347,39.4888,37.6632,39.0919,2834900
2006-07-19,40.2924,40.7786,39.0224,39.1911,2837600
2006-07-20,38.7248,40.0444,38.566,39.4888,2874200
2006-07-21,38.8141,39.3102,37.5937,38.6851,2939100
2006-07-24,39.9948,40.2428,38.8736,39.2705,2042800
2006-07-25,42.0188,42.6836,39.6376,39.836,4411800
2006-07-26,42.0287,42.3959,40.8977,41.6616,2779100
2006-07-27,41.1755,42.9118,40.858,42.376,1940700
2006-07-28,42.8622,43.1698,41.6021,41.6418,2548400
2006-07-31,42.1875,42.5248,41.9692,42.4157,1474200
2006-08-01,41.7807,41.8799,40.6893,41.6716,3771300
2006-08-02,42.7133,42.8721,41.4037,42.5834,2134500
2006-08-03,45.3823,45.5907,41.9097,42.118,3605400
2006-08-04,45.6403,47.4659,44.9755,46.176,4121200
2006-08-07,46.4142,47.1087,45.0747,45.6303,2000300
2006-08-08,44.1024,47.0293,43.8345,46.3646,3825200
2006-08-09,42.0387,43.2293,41.6815,43.2293,3703400
2006-08-10,41.6616,42.4058,41.235,41.6716,2742000
2006-08-11,40.7885,41.5426,40.5206,41.2548,2093200
2006-08-14,39.9352,41.3441,39.7566,41.3243,2035700
2006-08-15,41.5128,41.5922,39.9849,40.6794,3025800
2006-08-16,43.517,43.6559,41.5227,41.6418,2783000
2006-08-17,43.6361,44.8862,43.1995,43.269,2113600
2006-08-18,44.0429,44.1917,42.8126,43.6857,1544100
2006-08-21,42.6836,43.6658,42.247,43.6559,1416400
2006-08-22,42.8522,43.7055,42.4455,43.6063,1761500
2006-08-23,40.2131,42.8622,40.1337,42.8522,4617200
2006-08-24,40.858,40.9869,39.5189,40.2131,3203200
2006-08-25,40.6198,41.0465,40.0444,40.2329,1856600
2006-08-28,41.3739,41.4533,40.4512,40.977,1909900
2006-08-29,41.6914,41.8105,40.6298,41.1755,1962000
2006-08-30,42.0883,42.118,41.0564,41.87,1690400
2006-08-31,42.4256,42.8225,41.7112,42.1676,1737000
2006-09-01,42.0883,42.8622,41.5723,42.6637,1668400
2006-09-05,41.4037,42.2073,41.1755,42.1875,1322600
2006-09-06,40.0742,41.3739,39.9749,41.1556,2701200
2006-09-07,40.0841,41.1556,38.3577,38.3577,5947000
2006-09-08,40.0345,40.5802,39.5483,39.588,2434900
2006-09-11,40.7885,41.4731,39.1316,39.7963,2412900
2006-09-12,43.5765,43.6162,40.8084,41.1655,4209700
2006-09-13,43.2094,44.3405,43.0011,43.6063,2613300
2006-09-14,43.8544,44.1222,42.6538,43.0606,2639100
2006-09-15,45.3426,47.0293,44.3703,44.5489,4971100
2006-09-18,45.799,47.2377,45.0946,45.6403,3544500
2006-09-19,44.916,46.3348,44.1818,45.6403,3033000
2006-09-20,44.0329,45.6502,43.904,45.164,2562600
2006-09-21,42.7133,44.4497,42.3264,43.904,3374800
2006-09-22,43.904,44.4397,42.1081,42.2569,3247000
2006-09-25,45.2632,45.4319,43.2888,44.4497,3091300
2006-09-26,45.799,46.6225,44.3802,44.5786,3492900
2006-09-27,45.0152,47.0789,44.4298,45.9776,3748100
2006-09-28,44.787,45.6403,44.0925,44.8664,1835500
2006-09-29,43.4575,45.4915,43.4476,44.787,2873500
2006-10-02,43.7353,44.5786,42.8026,44.1421,2380200
2006-10-03,43.0308,43.8444,42.8126,43.5269,2199500
2006-10-04,43.6658,44.0627,42.4157,42.7034,2860100
2006-10-05,43.4674,44.1818,42.9019,43.9833,1886400
2006-10-06,43.2491,43.4178,42.8126,43.1598,1607600
2006-10-09,44.4397,44.8664,42.7828,43.3384,2092400
2006-10-10,45.3922,46.315,45.0053,45.1442,3406100
2006-10-11,45.3922,45.8089,44.7275,45.2037,3361000
2006-10-12,47.0591,47.1087,45.7891,45.7891,2356600
2006-10-13,44.281,46.1662,44.152,45.9379,4211800
2006-10-16,43.775,44.7076,43.6857,44.6481,3437000
2006-10-17,43.011,43.7551,42.9118,43.5567,3136200
2006-10-18,42.8522,44.2215,42.7828,43.4674,2377000
2006-10-19,43.4872,44.0925,42.6637,43.3483,2019200
2006-10-20,43.4872,43.6559,42.9217,43.6559,1392100
2006-10-23,42.8721,43.7055,42.4256,43.1598,2282800
2006-10-24,43.9734,44.0131,42.5447,43.0904,1616300
2006-10-25,45.2533,45.4021,43.4872,44.3008,3096300
2006-10-26,45.9379,46.1364,44.6481,45.1243,3162800
2006-10-27,45.1442,46.4241,44.7473,45.7891,2694700
2006-10-30,44.9954,45.7395,44.5489,44.9259,1833100
2006-10-31,44.5886,45.4617,44.2611,45.293,1485300
2006-11-01,44.3306,45.3922,44.3008,44.9358,2056000
2006-11-02,44.0429,44.5687,43.9337,44.1222,2179500
2006-11-03,43.1995,44.435,43.011,44.0429,1971200
2006-11-06,43.2094,43.6162,42.882,43.3087,1338600
2006-11-07,42.7133,43.3979,42.6637,42.6836,1732200
2006-11-08,42.4256,42.8126,41.6418,42.376,2267800
2006-11-09,41.5922,42.9316,41.5326,42.9316,2128100
2006-11-10,43.4773,43.6162,41.3441,41.8005,3142300
2006-11-13,44.4298,44.8465,43.0804,43.6559,3652400
2006-11-14,47.1881,47.4659,45.2335,45.8784,5692600
2006-11-15,47.8231,48.6168,47.2178,47.4758,4348100
2006-11-16,48.4283,49.5891,47.7635,48.2696,3813800
2006-11-17,48.6863,48.7954,47.2873,47.4758,2859200
2006-11-20,48.0314,48.9938,47.7635,48.6863,2064900
2006-11-21,48.4085,48.7656,47.833,48.1207,1512500
2006-11-22,49.5693,49.8074,48.4481,48.8748,2307200
2006-11-24,49.48,50.0158,48.8252,49.361,1115300
2006-11-27,48.1902,49.738,48.1009,49.3312,1891800
2006-11-28,47.8429,48.8549,47.2972,48.2696,2720600
2006-11-29,48.716,49.222,47.8628,48.2299,2520500
2006-11-30,51.2858,51.7719,49.3213,49.4304,4403300
2006-12-01,51.633,52.3673,50.5119,51.7719,4084700
2006-12-04,51.0179,51.8017,50.6012,51.8017,1684700
2006-12-05,51.762,52.4069,51.008,51.008,2787200
2006-12-06,53.0717,53.2801,52.2383,52.3375,3325400
2006-12-07,51.7025,53.0618,51.0774,52.9229,3364300
2006-12-08,51.137,52.3276,50.6309,51.7422,3307900
2006-12-11,51.2362,51.5834,50.8294,50.9484,1923000
2006-12-12,50.7897,51.385,50.4821,51.385,2037300
2006-12-13,51.385,52.4665,50.879,50.9187,2733600
2006-12-14,51.1965,52.2383,50.9981,51.3453,1902600
2006-12-15,51.3255,52.0895,51.0477,51.891,1666200
2006-12-18,50.492,52.2383,50.4127,52.1887,1610900
2006-12-19,50.2043,50.7996,49.2419,49.9364,2101300
2006-12-20,50.3432,50.9584,50.1348,50.5516,1006400
2006-12-21,49.8273,50.4821,49.222,50.4722,1483700
2006-12-22,49.7479,50.1646,49.5395,50.1646,952700
2006-12-26,50.3928,50.4821,49.7479,49.7479,857600
2006-12-27,51.3552,51.514,50.3432,50.3432,1616800
2006-12-28,51.1568,51.8414,50.6012,51.3552,1314200
2006-12-29,50.879,51.7124,50.879,51.0179,1053900
2007-01-03,48.8748,51.2064,48.5176,50.8591,3564100
2007-01-04,48.8351,49.5594,48.3092,49.2121,2521100
2007-01-05,48.339,48.974,48.2696,48.716,1789600
2007-01-08,47.9025,48.9343,47.3171,48.716,1986700
2007-01-09,48.1306,48.5077,47.6643,48.2795,1764000
2007-01-10,48.21,48.5077,47.575,47.8826,1888700
2007-01-11,49.2022,49.4205,48.2199,48.4581,2015700
2007-01-12,48.9641,49.5098,48.7458,49.2022,1331900
2007-01-16,48.8351,49.3907,48.2795,48.9938,2431800
2007-01-17,49.9563,50.1448,49.1625,49.1625,2470700
2007-01-18,50.5317,50.7996,49.8173,50.3531,1804500
2007-01-19,51.3354,51.4544,50.2043,50.7798,1805500
2007-01-22,51.0675,51.6727,50.6409,51.643,1377400
2007-01-23,52.784,53.1709,50.6012,51.2362,2976300
2007-01-24,53.419,53.8059,52.0597,52.8336,1993100
2007-01-25,51.7124,53.5777,51.1568,53.3694,2222700
2007-01-26,50.5813,52.2184,50.363,51.5338,2266700
2007-01-29,51.2461,51.5934,50.502,50.6805,1523500
2007-01-30,51.2659,51.9208,51.0179,51.6926,1270400
2007-01-31,53.796,53.9845,51.0179,51.0179,2820600
2007-02-01,54.1234,54.8378,53.5876,53.7761,2610200
2007-02-02,55.2049,55.6414,53.6769,53.6769,2291400
2007-02-05,54.689,55.1851,54.173,54.9668,1786100
2007-02-06,54.2623,55.0164,53.6372,54.56,1407600
2007-02-07,54.044,54.808,53.667,54.7187,1522500
2007-02-08,52.7542,53.538,52.2978,53.538,1942900
2007-02-09,51.5636,52.8038,51.1171,52.3077,2033100
2007-02-12,51.5338,52.0001,51.0477,51.4148,2117244
2007-02-13,53.0122,53.4586,51.5934,52.1093,3471900
2007-02-14,53.7067,54.044,52.8137,53.5579,2551392
2007-02-15,54.3218,54.808,53.8158,53.9151,2431300
2007-02-16,53.796,54.2226,53.2701,53.8158,2070700
2007-02-20,54.2326,54.7783,53.5579,53.8952,1365400
2007-02-21,53.3098,53.6769,52.8733,53.6769,2555200
2007-02-22,52.149,53.9746,51.7124,53.6968,2410300
2007-02-23,51.1965,52.0994,50.9881,51.9208,2849000
2007-02-26,51.6132,51.7223,50.8095,51.3453,2317515
2007-02-27,49.6983,50.7401,49.2121,50.492,3886200
2007-02-28,49.1427,50.0158,48.2696,49.9959,3158800
2007-03-01,49.7479,50.3531,47.5353,47.952,3911752
2007-03-02,48.974,50.502,48.8549,49.7578,2717000
2007-03-05,47.3766,48.1604,46.9599,47.6842,3896400
2007-03-06,48.3291,48.9145,47.5056,48.4184,3538000
2007-03-07,48.2199,49.0434,48.1108,48.6168,2173100
2007-03-08,48.4085,49.1526,48.2299,48.6267,2174600
2007-03-09,47.5353,48.9145,47.1286,48.845,2877700
2007-03-12,45.9975,47.5849,45.5807,47.2377,4805800
2007-03-13,43.517,45.67,42.2669,45.67,8784500
2007-03-14,45.2434,45.6502,43.0011,43.0011,6187000
2007-03-15,45.9875,46.4737,45.1938,45.2632,4044500
2007-03-16,45.0251,46.434,44.7175,45.8784,2788200
2007-03-19,45.2236,45.8784,44.9656,45.4021,2790600
2007-03-20,45.2831,45.6899,44.3802,44.7473,2646975
2007-03-21,47.4163,47.8032,45.1442,45.4716,4033108
2007-03-22,46.8805,48.9542,46.6325,48.7656,7713800
2007-03-23,46.4935,48.091,46.0868,46.6622,4687100
2007-03-26,45.6303,46.7019,45.035,46.6424,4137600
2007-03-27,44.9557,45.1442,44.0528,44.3504,4902898
2007-03-28,43.5368,44.4001,43.388,43.7849,4789842
2007-03-29,42.7034,43.3384,42.4256,42.7133,6344358
2007-03-30,42.3363,43.4872,42.2768,42.9316,3764525
2007-04-02,41.5525,42.763,41.2747,42.7332,4226300
2007-04-03,42.2173,42.9118,41.5426,41.8898,3984900
2007-04-04,41.7212,42.3065,41.493,41.9692,2449750
2007-04-05,42.0883,42.3462,41.4434,41.6716,2320400
2007-04-09,42.1974,42.6141,41.8105,42.2173,1978300
2007-04-10,41.6319,42.4157,41.5326,42.0188,2170699
2007-04-11,41.1755,41.8502,41.0663,41.8502,3417666
2007-04-12,41.9791,42.0684,40.5702,40.9274,2928219
2007-04-13,40.9671,42.1676,40.6298,42.0684,3370715
2007-04-16,41.0266,41.5426,40.5802,41.0961,3168919
2007-04-17,42.7034,42.9515,41.6716,41.9097,4922496
2007-04-18,43.7452,44.1718,41.9692,41.9791,5284734
2007-04-19,43.5269,44.3008,42.9118,43.4476,3902025
2007-04-20,44.6084,44.7275,44.1619,44.3207,3500500
2007-04-23,43.9139,45.0549,43.3285,44.8465,3184252
2007-04-24,43.6758,44.3405,42.6935,43.9238,3243087
2007-04-25,43.7254,44.3504,43.0011,44.2016,2897630
2007-04-26,45.2037,45.4518,43.8544,44.3405,3961891
2007-04-27,44.8366,45.4418,44.3504,45.2037,3290800
2007-04-30,43.765,44.9854,43.5765,44.9458,3417030
2007-05-01,44.0429,44.5786,42.9217,43.765,3097076
2007-05-02,44.4993,44.8168,44.0627,44.2909,1608300
2007-05-03,44.787,45.0846,44.2711,44.8664,2317300
2007-05-04,44.3405,45.2136,43.9635,45.1442,1760800
2007-05-07,43.9536,44.7275,43.7254,44.6382,2165200
2007-05-08,44.0826,44.2909,42.9019,43.6261,1991664
2007-05-09,44.3405,44.6283,43.4872,43.904,2287004
2007-05-10,42.9118,44.0826,42.5943,43.9238,2421694
2007-05-11,44.1421,45.1442,44.0429,44.7771,3578551
2007-05-14,43.9337,44.5191,43.6658,44.0528,2004400
2007-05-15,43.5269,44.3008,43.2789,44.1024,2109022
2007-05-16,43.6261,43.8444,42.7431,43.6261,1874672
2007-05-17,44.2711,44.5985,43.2888,43.6261,2731010
2007-05-18,44.3107,44.6183,43.8544,44.5687,1788372
2007-05-21,44.5786,45.2434,44.281,44.5489,2210670
2007-05-22,46.057,46.2852,44.4993,44.7275,2427741
2007-05-23,45.8486,47.2774,45.6403,46.434,2400319
2007-05-24,46.176,48.2894,45.5014,45.7891,4218484
2007-05-25,46.1562,47.0392,45.4021,46.5829,3066296
2007-05-29,46.1165,46.6721,45.6403,46.2058,1704300
2007-05-30,46.2951,46.4142,45.3228,45.5411,1639300
2007-05-31,45.5311,46.6325,45.164,46.4836,2480500
2007-06-01,45.3129,45.7593,45.0251,45.5311,2028510
2007-06-04,46.692,46.9797,44.8763,45.3129,3580193
2007-06-05,46.3943,47.198,45.8784,46.8904,2126600
2007-06-06,45.1442,46.0669,44.916,45.9975,1901300
2007-06-07,43.5071,44.9061,43.2888,44.6977,2894920
2007-06-08,44.1322,44.3107,43.1102,43.5071,2447856
2007-06-11,43.6857,44.4497,42.8324,44.0329,1967800
2007-06-12,42.7233,43.5567,42.4851,43.4376,3002510
2007-06-13,43.1598,43.1995,42.2371,42.9713,1943615
2007-06-14,43.1797,43.5964,42.753,42.9911,1704558
2007-06-15,43.3285,44.1619,43.2789,43.765,1914200
2007-06-18,43.0606,43.7452,42.7828,43.5666,1759800
2007-06-19,42.8026,43.4376,42.2669,43.3087,2015500
2007-06-20,41.8502,42.8721,41.741,42.8126,2190809
2007-06-21,41.7509,41.9097,40.8778,41.6914,2620193
2007-06-22,40.9869,41.6616,40.7091,41.4731,2606900
2007-06-25,40.3619,41.3045,40.094,41.0564,2448450
2007-06-26,39.4689,40.3718,39.3201,40.0742,3424563
2007-06-27,40.1138,40.2031,38.7744,39.1812,3895278
2007-06-28,39.5781,40.3916,39.4392,39.588,3989217
2007-06-29,39.0621,40.1039,38.7049,39.8856,3208594
2007-07-02,38.7645,38.9331,38.2287,38.8637,4780593
2007-07-03,37.7822,39.1713,37.7128,39.0224,2554550
2007-07-05,37.6433,37.9707,37.1472,37.9509,3750598
2007-07-06,38.6851,38.7446,36.919,37.4846,4650351
2007-07-09,37.5441,38.9431,37.425,38.5859,4187672
2007-07-10,35.8772,37.5044,35.8177,37.5044,5517022
2007-07-11,35.6589,36.0856,35.0934,35.7383,4757500
2007-07-12,35.907,36.155,35.4605,35.6689,2584037
2007-07-13,37.1373,37.6036,35.9367,36.036,4670900
2007-07-16,36.5122,37.3258,35.9467,36.8198,3788300
2007-07-17,36.1054,36.7603,36.0459,36.5618,2540226
2007-07-18,35.8375,38.3478,35.1827,35.7582,3284300
2007-07-19,36.036,36.4924,35.8475,36.036,1946626
2007-07-20,34.7561,35.9566,34.3393,35.9467,4555912
2007-07-23,33.2876,35.0339,33.2777,34.7957,3927796
2007-07-24,31.9482,33.1884,31.7795,33.0594,4952406
2007-07-25,31.8291,32.527,30.8171,32.3351,5878929
2007-07-26,31.2537,31.5811,30.3706,31.1346,5979481
2007-07-27,31.0354,32.2756,30.7675,30.956,6027377
2007-07-30,31.343,31.6108,30.8766,31.3926,5526500
2007-07-31,31.5612,32.3649,31.3132,32.226,6197604
2007-08-01,31.1148,31.7498,29.0609,31.5315,9178965
2007-08-02,32.4641,32.861,31.1445,31.8787,6422591
2007-08-03,30.698,32.5633,30.5492,32.2458,5956451
2007-08-06,31.72,31.72,28.7732,30.6782,8384464
2007-08-07,33.06,34.04,31.05,31.99,8511237
2007-08-08,35.97,37.42,33.22,33.93,9398712
2007-08-09,36.18,37.42,34.0,34.68,8215210
2007-08-10,35.57,36.72,34.75,35.2,6749690
2007-08-13,33.8,36.39,33.4,36.25,4853100
2007-08-14,32.07,34.18,31.8,33.6,4633246
2007-08-15,30.38,32.31,30.0,31.72,5373710
2007-08-16,31.66,31.66,28.0,29.12,11119540
2007-08-17,32.3,34.89,30.93,34.2,8244261
2007-08-20,31.52,32.66,31.04,32.56,3620541
2007-08-21,31.38,31.94,30.4,30.88,3614100
2007-08-22,31.47,32.51,31.18,31.86,2911900
2007-08-23,31.84,32.87,31.5,31.94,3348000
2007-08-24,31.98,32.3,31.12,31.97,3038500
2007-08-27,30.19,32.2,30.06,31.93,2673850
2007-08-28,28.52,29.75,28.47,29.75,4695900
2007-08-29,29.33,29.35,28.29,28.75,4263300
2007-08-30,29.11,29.65,28.5,28.81,2697100
2007-08-31,30.34,30.95,29.23,30.63,4787200
2007-09-04,30.77,31.24,29.91,30.25,2819100
2007-09-05,29.25,30.36,29.01,30.36,3548700
2007-09-06,28.8,29.48,28.36,29.45,2224100
2007-09-07,27.94,28.34,27.26,28.0,3145200
2007-09-10,26.65,28.08,26.55,27.95,3595900
2007-09-11,26.55,27.18,26.3,26.82,2816300
2007-09-12,26.26,26.68,25.95,26.35,3564600
2007-09-13,26.69,27.03,26.11,26.45,2487500
2007-09-14,27.58,27.62,26.1,26.35,2699900
2007-09-17,28.12,28.2434,27.21,27.4,3114900
2007-09-18,29.17,29.31,27.43,28.19,8742800
2007-09-19,29.32,31.69,28.65,29.6,7223530
2007-09-20,27.37,29.37,27.27,28.94,3969900
2007-09-21,27.27,27.77,26.71,27.77,3273300
2007-09-24,25.74,27.46,25.71,27.4,3528100
2007-09-25,25.09,25.53,24.59,24.6,6884880
2007-09-26,24.09,25.47,23.79,25.32,6200995
2007-09-27,24.71,24.95,23.8,24.1,9501400
2007-09-28,25.06,25.27,24.45,24.93,5910750
2007-10-01,25.97,26.15,25.13,25.5,5985496
2007-10-02,27.25,27.91,26.02,26.02,8134781
2007-10-03,28.72,29.49,27.05,27.15,9786400
2007-10-04,28.1,29.11,27.07,29.07,6736804
2007-10-05,29.4,29.47,28.32,28.89,5006600
2007-10-08,28.76,29.6,28.5,29.46,2750700
2007-10-09,29.61,29.75,28.42,29.01,3608900
2007-10-10,29.9,30.24,29.25,29.67,4249433
2007-10-11,29.6,30.59,29.42,30.48,5157300
2007-10-12,28.94,29.62,28.41,29.62,3720900
2007-10-15,27.7,28.44,27.5,28.27,4153897
2007-10-16,26.54,27.55,26.44,27.54,3806675
2007-10-17,26.02,27.02,25.45,26.7,4671200
2007-10-18,25.69,26.05,25.3,25.67,3540400
2007-10-19,25.71,26.06,25.1,25.31,5862988
2007-10-22,27.25,27.5,25.11,25.34,5639900
2007-10-23,27.19,28.0,26.86,27.81,3607971
2007-10-24,26.81,27.21,25.8,26.7,5748270
2007-10-25,26.35,27.9,26.02,26.94,4061625
2007-10-26,27.58,27.76,26.31,26.86,3692700
2007-10-29,27.83,28.22,27.3227,27.53,2851700
2007-10-30,28.4,28.64,27.34,27.89,3092805
2007-10-31,27.64,29.1,27.28,28.72,4933400
2007-11-01,25.88,27.03,25.82,26.93,3932430
2007-11-02,25.11,26.11,24.66,26.0,5401310
2007-11-05,25.02,25.55,23.95,23.95,4219468
2007-11-06,26.15,26.18,24.74,25.0,3970805
2007-11-07,24.82,25.98,24.8,25.66,3425300
2007-11-08,24.85,25.21,24.01,24.55,3809753
2007-11-09,25.54,25.94,24.25,24.47,3681806
2007-11-12,25.39,26.72,25.32,26.22,3151420
2007-11-13,26.6,26.66,25.53,25.55,2820483
2007-11-14,26.17,27.68,26.1,27.28,2423078
2007-11-15,25.67,26.74,25.5,25.95,2127400
2007-11-16,25.05,25.84,24.88,25.72,4126639
2007-11-19,23.42,24.97,23.41,24.94,3412347
2007-11-20,21.86,23.69,20.96,23.5,6754690
2007-11-21,20.97,21.5,20.74,21.05,4314356
2007-11-23,21.69,21.83,21.15,21.15,1722510
