Price,Close,High,Low,Open,Volume
Ticker,LOW,LOW,LOW,LOW,LOW
Date,,,,,
1999-11-24,12.7617,12.8541,12.515,12.7925,5604400
1999-11-26,12.6229,12.962,12.6229,12.7925,1873200
1999-11-29,12.4843,12.7771,12.3455,12.6846,5298400
1999-11-30,12.2993,12.8079,12.2839,12.7925,9000400
1999-12-01,12.2068,12.3609,11.8215,12.2993,11115200
1999-12-02,13.0853,13.2086,12.4072,12.5305,14420400
1999-12-03,13.3011,13.8406,13.2857,13.5477,8180000
1999-12-06,13.4861,13.594,12.9774,13.2395,5985600
1999-12-07,13.0545,13.5169,12.9158,13.5169,6791200
1999-12-08,12.885,13.1624,12.885,13.1007,6531200
1999-12-09,12.9466,13.1624,12.6075,13.0699,10850400
1999-12-10,12.8387,12.9466,12.6229,12.9158,4877200
1999-12-13,13.3936,13.4861,12.7617,12.8541,5478400
1999-12-14,13.594,13.6556,13.2857,13.2857,8438000
1999-12-15,13.3782,13.6094,13.2703,13.5323,5422000
1999-12-16,13.5631,13.8483,13.3936,13.4706,6148800
1999-12-17,13.9639,14.1796,13.7481,13.9022,7048000
1999-12-20,13.5477,14.0717,13.5323,13.9022,6165200
1999-12-21,13.6402,13.9022,13.3628,13.9022,4607200
1999-12-22,13.933,13.9793,13.3782,13.5323,6795600
1999-12-23,14.4417,14.6266,13.9639,14.0563,6176000
1999-12-27,14.6728,14.7807,14.4262,14.4262,5725600
1999-12-28,14.7961,14.7961,14.6728,14.7499,6293200
1999-12-29,14.7037,14.7961,14.3492,14.7653,4543600
1999-12-30,14.5804,14.6574,14.4879,14.6574,2895200
1999-12-31,14.7345,14.7961,14.565,14.6266,2506000
2000-01-03,13.7481,14.6574,13.5631,14.5033,8011600
2000-01-04,13.0083,13.5786,12.6692,13.5631,7822000
2000-01-05,12.9929,13.3011,12.7617,12.9774,4921200
2000-01-06,12.9774,13.3165,12.7925,12.8233,4519200
2000-01-07,13.147,13.4244,13.0083,13.0545,2467200
2000-01-10,13.6556,13.6864,13.2703,13.3165,4485600
2000-01-11,13.2857,13.7481,13.1778,13.4706,4191200
2000-01-12,13.0632,13.3717,12.7702,13.2792,9004400
2000-01-13,12.9244,13.0787,12.8319,13.0787,5228000
2000-01-14,13.3563,13.5414,13.0478,13.0787,9078800
2000-01-18,13.1404,13.5105,13.0478,13.5105,4613200
2000-01-19,13.0478,13.2483,13.017,13.2021,4502800
2000-01-20,12.5234,13.0632,12.0916,13.0478,11976800
2000-01-21,11.6906,12.508,11.521,12.4926,15448400
2000-01-24,11.5364,12.0607,11.3976,11.7214,8660000
2000-01-25,11.3513,11.6443,11.1045,11.5981,9121600
2000-01-26,11.5055,11.5981,10.9194,11.2896,10963600
2000-01-27,11.305,11.5826,11.1199,11.5364,9454800
2000-01-28,10.9966,11.2742,10.6881,11.2587,6941200
2000-01-31,11.012,11.1816,10.6264,11.0274,9939200
2000-02-01,11.6135,11.7214,11.0737,11.0737,11788800
2000-02-02,11.6443,11.9065,11.305,11.5055,10455600
2000-02-03,11.5826,11.9065,11.4747,11.7214,5953600
2000-02-04,11.9374,12.0453,11.6135,11.6135,10000800
2000-02-07,11.5826,11.7523,11.521,11.7523,7067600
2000-02-08,11.9528,12.0299,11.1508,11.5981,6735200
2000-02-09,11.4438,11.9528,11.3667,11.9528,4953600
2000-02-10,11.3667,11.4438,11.1508,11.413,3720400
2000-02-11,11.3513,11.5981,11.3359,11.3821,3318400
2000-02-14,11.5672,11.6752,11.2587,11.3667,3930000
2000-02-15,11.3513,11.5364,11.2587,11.4901,5539600
2000-02-16,10.8115,11.2742,10.7189,11.2279,5898800
2000-02-17,10.4876,11.1508,10.1637,11.1508,10885200
2000-02-18,10.7344,10.9657,10.4876,10.503,11519600
2000-02-22,10.6264,11.1508,10.4259,10.8886,9895600
2000-02-23,10.503,10.6418,10.1174,10.5493,9248000
2000-02-24,10.0558,10.7498,10.0558,10.7498,7006800
2000-02-25,10.3025,10.5801,10.21,10.4876,7198400
2000-02-28,11.2742,11.413,10.3025,10.4568,10376400
2000-02-29,11.7523,11.8294,11.413,11.7523,9676800
2000-03-01,11.7985,11.9836,11.2587,11.9682,9924800
2000-03-02,11.3513,11.6443,11.2896,11.5672,5876000
2000-03-03,11.5981,11.706,11.4438,11.4747,7790800
2000-03-06,11.0737,11.7214,10.9811,11.7214,6216000
2000-03-07,10.2717,11.2433,10.1329,11.2279,13586400
2000-03-08,10.8269,11.0582,10.3488,10.4722,8277200
2000-03-09,11.4592,11.5981,10.6881,10.8269,5174000
2000-03-10,11.1045,11.6289,11.1045,11.4438,3272400
2000-03-13,10.7344,10.9503,10.611,10.611,5004000
2000-03-14,10.4568,10.7961,10.3951,10.7961,16671600
2000-03-15,11.1816,11.2279,10.3334,10.4876,8607600
2000-03-16,12.3538,12.3692,11.7677,11.8448,14961600
2000-03-17,12.6622,12.7856,12.1224,12.3538,11352400
2000-03-20,12.4772,12.6314,12.0916,12.4,5954000
2000-03-21,12.6931,12.8473,12.3692,12.4772,6765200
2000-03-22,12.4463,12.6777,12.1995,12.5543,5772800
2000-03-23,12.9707,13.0015,12.3075,12.4309,6537600
2000-03-24,13.2637,13.4488,12.8473,12.9707,6501600
2000-03-27,13.1866,13.2792,13.017,13.0324,4846400
2000-03-28,13.2021,13.2792,13.017,13.0324,4850800
2000-03-29,13.5414,13.603,13.0941,13.1712,8191600
2000-03-30,14.3125,14.3279,13.4796,13.5414,10389600
2000-03-31,14.4205,14.7752,14.1428,14.7752,8602800
2000-04-03,14.9294,14.9603,14.4205,14.4205,9731600
2000-04-04,14.7289,14.8215,13.9269,14.7135,10622000
2000-04-05,14.7135,14.7289,14.2045,14.5593,6545600
2000-04-06,14.8215,14.8832,14.2508,14.5593,5821200
2000-04-07,14.9603,15.022,14.4822,14.8369,6970800
2000-04-10,15.1762,15.2379,14.806,14.9294,5920800
2000-04-11,15.022,15.0528,14.621,14.8215,5442800
2000-04-12,15.679,16.6049,15.3241,15.3395,18092400
2000-04-13,14.6913,15.7099,14.4444,15.679,13608800
2000-04-14,13.7037,14.4444,13.6265,14.4444,8527600
2000-04-17,13.4259,13.5802,12.9629,13.5802,8202800
2000-04-18,13.5494,13.75,12.9784,13.1944,8174800
2000-04-19,13.5802,13.7654,13.3025,13.5494,4136800
2000-04-20,13.6574,13.6728,13.3951,13.5494,4832800
2000-04-24,13.9506,14.4444,13.7037,13.7037,5954400
2000-04-25,13.4722,13.7037,13.3642,13.7037,10633200
2000-04-26,13.4413,13.7654,13.3951,13.4876,12747200
2000-04-27,13.1944,13.2562,12.9475,13.2099,10780400
2000-04-28,12.2222,13.0555,12.2222,13.0555,13272400
2000-05-01,12.8704,12.9321,12.1296,12.3457,9729200
2000-05-02,12.5617,13.0092,12.392,12.9012,6008800
2000-05-03,11.8518,12.1913,11.5586,12.1605,11417600
2000-05-04,11.6512,12.0062,11.6049,11.9753,8079600
2000-05-05,11.8055,11.8673,11.6203,11.6203,5511600
2000-05-08,12.1142,12.2222,11.6203,11.7129,5563600
2000-05-09,12.1605,12.4691,12.0524,12.2222,7601200
2000-05-10,11.9753,12.3302,11.9136,12.2222,5355600
2000-05-11,12.0216,12.3302,11.8827,12.1759,4427200
2000-05-12,11.8422,12.0987,11.7284,12.0833,6762800
2000-05-15,12.5154,12.5463,12.0679,12.1296,9700000
2000-05-16,12.3457,12.7006,12.0987,12.5,8341200
2000-05-17,11.8364,12.2839,11.6203,12.2222,6451600
2000-05-18,12.0987,12.2839,11.8364,11.8364,6997600
2000-05-19,11.8827,12.1142,11.8055,11.9136,7466000
2000-05-22,12.0679,12.0679,11.6358,11.9753,6912000
2000-05-23,11.929,12.2531,11.8518,12.0833,5528400
2000-05-24,11.3117,11.9599,10.8487,11.9599,10948000
2000-05-25,11.6049,11.7129,11.3734,11.3889,8742400
2000-05-26,11.2963,11.6358,11.1882,11.6049,4921600
2000-05-30,11.6049,11.7129,11.2346,11.3889,4048400
2000-05-31,11.4969,11.7284,11.4969,11.5432,4545200
2000-06-01,11.8364,11.8364,11.4815,11.5278,5243600
2000-06-02,12.5308,12.6852,12.3765,12.4074,9054400
2000-06-05,12.2839,12.5617,12.037,12.5617,5921200
2000-06-06,11.6358,12.037,11.5278,11.9753,7004400
2000-06-07,11.1574,11.6049,11.0494,11.574,9140000
2000-06-08,10.8025,11.1574,10.7716,11.1574,11950800
2000-06-09,10.6481,11.0494,10.571,10.9413,6386800
2000-06-12,10.4012,10.5092,10.2932,10.4938,8152400
2000-06-13,10.9722,11.1882,10.3395,10.4012,13666400
2000-06-14,11.0185,11.0494,10.8179,10.9876,7835200
2000-06-15,10.8796,11.0802,10.8333,11.0494,7922800
2000-06-16,10.6173,10.8642,10.5092,10.8642,7535200
2000-06-19,10.3549,10.6173,10.2469,10.6173,7260000
2000-06-20,10.108,10.4938,10.0308,10.4938,9348800
2000-06-21,10.2469,10.4321,10.1234,10.1234,5224000
2000-06-22,10.4012,10.6173,10.3395,10.4938,8477200
2000-06-23,10.4012,10.5864,10.1852,10.3858,5417600
2000-06-26,10.3549,10.4629,10.2623,10.3395,14100000
2000-06-27,10.5401,10.7253,10.3086,10.3395,19346000
2000-06-28,10.4938,10.5247,10.1697,10.4938,11655600
2000-06-29,10.1852,10.4938,10.1389,10.4938,8056400
2000-06-30,10.1389,10.1543,9.9691,10.108,11435200
2000-07-03,10.1852,10.2778,10.0,10.1234,7749600
2000-07-05,10.3549,10.5864,10.1234,10.1234,6674800
2000-07-06,10.3549,10.5247,10.2778,10.2778,7728400
2000-07-07,11.2346,11.3734,10.4629,10.5555,13153200
2000-07-10,11.5278,11.9136,11.1265,11.2037,12974800
2000-07-11,11.821,11.8827,11.5586,11.5586,7624000
2000-07-12,11.8299,11.9689,11.6754,11.8917,5524400
2000-07-13,11.7372,11.8608,11.5828,11.8453,5952800
2000-07-14,11.8299,11.8917,11.6909,11.8453,3889200
2000-07-17,11.8608,11.9071,11.5364,11.6137,7896000
2000-07-18,11.8917,11.9689,11.7681,11.8762,3361600
2000-07-19,11.5673,11.9071,11.4901,11.8917,4899200
2000-07-20,11.4283,11.66,11.382,11.5828,4329600
2000-07-21,11.1503,11.3202,11.0731,11.1349,6536800
2000-07-24,10.7488,11.1349,10.7025,11.1194,4785200
2000-07-25,10.9959,11.0422,10.6407,10.9959,8485600
2000-07-26,10.8878,11.0577,10.8723,10.9341,7746400
2000-07-27,10.8415,11.104,10.7797,10.9341,4774800
2000-07-28,10.4399,10.8569,10.3318,10.8106,8229200
2000-07-31,10.409,10.6561,10.3318,10.6561,8906400
2000-08-01,10.548,10.5635,10.3164,10.5635,5297200
2000-08-02,10.6252,10.8569,10.5017,10.548,5987200
2000-08-03,10.4399,10.687,10.2855,10.5017,4732000
2000-08-04,10.5171,10.5635,10.3318,10.4399,8144000
2000-08-07,11.1194,11.1658,10.4863,10.6252,7938000
2000-08-08,11.3048,11.66,10.9959,11.0886,9281600
2000-08-09,11.0886,11.2893,10.8415,11.2893,9638000
2000-08-10,10.7488,11.0886,10.7488,10.9959,11288800
2000-08-11,10.8106,10.8415,10.7179,10.7951,8695600
2000-08-14,11.5673,11.6445,10.9032,11.0268,10583600
2000-08-15,11.4901,11.5364,11.104,11.104,11975200
2000-08-16,11.1194,11.3975,10.9032,11.3975,7069600
2000-08-17,11.4901,11.5828,11.243,11.3357,7829600
2000-08-18,11.5364,11.5828,11.3202,11.3357,3638400
2000-08-21,11.382,11.5982,11.2121,11.5056,11409200
2000-08-22,11.4901,11.5982,11.3666,11.382,13131600
2000-08-23,11.8762,12.077,11.4901,11.5364,10919600
2000-08-24,12.1542,12.2314,11.7835,11.9843,7988000
2000-08-25,12.2005,12.2005,11.9534,11.9843,3872800
2000-08-28,11.9998,12.2469,11.9843,12.2005,3966800
2000-08-29,11.9071,11.9998,11.7527,11.9998,0
2000-08-30,11.5982,11.9225,11.5982,11.9071,5100000
2000-08-31,11.0731,11.4901,10.8723,11.4592,11728800
2000-09-01,11.5673,11.5828,11.104,11.104,4293600
2000-09-05,11.6754,11.8453,11.5364,11.5673,7255600
2000-09-06,11.7681,11.9998,11.6291,11.6291,9316000
2000-09-07,11.6291,11.8917,11.6137,11.7835,5516800
2000-09-08,12.6329,12.6638,11.8299,11.8453,13837200
2000-09-11,12.7874,12.9573,12.5866,12.6329,7178400
2000-09-12,13.2816,13.4669,12.6638,12.7102,8687200
2000-09-13,12.4785,13.158,12.3086,13.158,24644800
2000-09-14,11.9998,12.4013,11.9225,12.3858,11155200
2000-09-15,11.9071,12.2314,11.8144,12.0152,8487200
2000-09-18,12.0615,12.1851,11.7372,11.9071,8456400
2000-09-19,11.7218,12.216,11.5828,12.1233,7727200
2000-09-20,11.7527,11.8299,11.5673,11.66,5352000
2000-09-21,12.2932,12.4167,11.6909,11.6909,6972400
2000-09-22,12.5403,12.5403,12.1851,12.3549,7258000
2000-09-25,12.1079,12.5866,12.0306,12.5712,5006000
2000-09-26,11.6137,12.1079,11.5673,12.1079,7561200
2000-09-27,11.6291,11.8453,11.521,11.8144,11853600
2000-09-28,11.4283,11.6445,11.3357,11.6137,6628400
2000-09-29,11.0886,11.382,11.0577,11.3511,11275200
2000-10-02,11.0268,11.2584,10.9032,10.9341,8647200
2000-10-03,10.5326,10.8569,10.4708,10.6252,17788800
2000-10-04,10.6252,10.9187,10.5944,10.6252,14300000
2000-10-05,10.409,10.4863,10.2237,10.409,12875200
2000-10-06,10.0847,10.2083,9.7759,9.8839,21012400
2000-10-09,10.3782,10.5017,10.023,10.0847,8128400
2000-10-10,10.409,10.4245,10.2083,10.3782,7117200
2000-10-11,10.1552,10.4489,10.0006,10.3252,13210000
2000-10-12,9.3514,9.5987,8.4704,9.1814,38867600
2000-10-13,9.5987,9.8151,9.2741,9.336,12371200
2000-10-16,9.7069,9.7997,9.3823,9.6142,8703600
2000-10-17,9.2587,9.7997,9.2123,9.7069,9200800
2000-10-18,9.8461,9.8615,8.9959,9.1196,9875200
2000-10-19,10.1706,10.3561,10.0315,10.0934,7798400
2000-10-20,10.1706,10.4334,10.1088,10.1397,5402400
2000-10-23,10.3252,10.4025,9.9851,10.1706,7490400
2000-10-24,10.387,10.5571,10.2788,10.4798,4619600
2000-10-25,10.1706,10.3561,10.0006,10.3252,3400400
2000-10-26,10.1243,10.3097,10.0161,10.3097,4745600
2000-10-27,10.3561,10.3561,9.9851,10.0161,5376400
2000-10-30,10.7116,10.9126,10.387,10.387,5945200
2000-10-31,11.299,11.3608,10.6653,10.6653,5990000
2000-11-01,11.4072,11.5618,11.299,11.4999,8197600
2000-11-02,11.3608,11.3917,11.0517,11.3608,8136400
2000-11-03,11.0208,11.3145,10.959,11.299,4882800
2000-11-06,11.0517,11.1908,10.959,11.1599,5913600
2000-11-07,10.959,11.1444,10.8353,11.0517,4283200
2000-11-08,11.3299,11.5309,11.0671,11.1753,6674400
2000-11-09,10.5107,10.9435,10.1088,10.9435,10611200
2000-11-10,9.877,10.3561,9.8151,10.3561,10484400
2000-11-13,9.8924,10.3561,9.4751,9.6915,16034000
2000-11-14,10.3407,10.6189,10.2325,10.2325,9753200
2000-11-15,9.8924,10.3252,9.7997,10.2788,9231600
2000-11-16,9.8306,10.0161,9.8306,9.8924,5515200
2000-11-17,10.0934,10.0934,9.8461,9.8924,9708400
2000-11-20,9.8924,10.0779,9.877,10.0161,11950000
2000-11-21,9.7688,9.9388,9.6142,9.9233,8475600
2000-11-22,9.6296,9.7997,9.5987,9.7224,6563600
2000-11-24,9.6606,9.7069,9.6142,9.6296,1386000
2000-11-27,9.8615,10.1397,9.7069,9.7069,7135200
2000-11-28,10.1088,10.3097,9.877,9.8924,11674800
2000-11-29,10.1243,10.1552,9.9543,10.1552,12340400
2000-11-30,9.6915,10.0161,9.6915,10.0161,11365200
2000-12-01,9.6142,9.877,9.6142,9.7688,6156000
2000-12-04,10.0006,10.0624,9.5678,9.6142,9744000
2000-12-05,10.6807,10.8044,9.5214,9.5214,12908400
2000-12-06,10.0624,10.8816,10.0006,10.6653,11965200
2000-12-07,9.877,10.0624,9.7842,10.0624,8713600
2000-12-08,9.8615,10.0161,9.7842,9.8924,8779600
2000-12-11,10.2943,10.387,9.336,9.4596,21884800
2000-12-12,10.5261,10.6962,10.2015,10.3407,11352400
2000-12-13,10.5571,10.6962,10.4025,10.6034,6140400
2000-12-14,10.3561,10.5107,10.3252,10.5107,7874000
2000-12-15,10.1552,10.3252,9.9233,10.1397,9272400
2000-12-18,10.4952,10.5107,10.3407,10.5107,7470000
2000-12-19,10.1552,10.6498,10.1552,10.2943,9176400
2000-12-20,9.9543,10.2015,9.8461,9.9543,10428800
2000-12-21,10.3407,10.4798,9.8924,9.9233,10028800
2000-12-22,10.2634,10.5725,10.1243,10.3716,7723600
2000-12-26,9.9851,10.2788,9.8924,10.2634,5840400
2000-12-27,10.3716,10.4334,9.9697,10.0934,8869200
2000-12-28,10.5571,10.6343,10.2788,10.387,6379200
2000-12-29,11.0053,11.3299,10.5261,10.6498,9344800
2001-01-02,11.0671,11.2217,11.0053,11.1599,5515200
2001-01-03,13.1075,13.1075,11.0362,11.0362,19560000
2001-01-04,13.262,13.7257,12.6437,12.7674,30270400
2001-01-05,12.8138,13.1384,12.5974,13.1229,11646000
2001-01-08,12.211,12.8138,11.9636,12.8138,11585600
2001-01-09,11.9946,12.3346,11.7472,12.1955,8151200
2001-01-10,12.4583,12.4892,11.6545,11.6545,10192800
2001-01-11,12.3501,12.6283,12.1646,12.4274,9897600
2001-01-12,12.4583,12.5046,12.3037,12.3501,6050800
2001-01-16,12.2419,12.3037,11.8864,12.18,11880400
2001-01-17,11.9105,12.2353,11.895,12.2353,7836400
2001-01-18,11.4155,11.895,11.4,11.895,13853200
2001-01-19,10.9824,11.3846,10.8277,11.3846,17603200
2001-01-22,11.3691,11.6475,11.1989,11.2917,11980400
2001-01-23,11.8486,11.8486,11.3227,11.4774,6527200
2001-01-24,11.7094,11.8795,11.5547,11.8795,6853600
2001-01-25,11.9878,12.2353,11.5392,11.7558,6620800
2001-01-26,12.0806,12.2044,11.8486,12.2044,6866800
2001-01-29,12.325,12.3869,12.1716,12.1988,4614400
2001-01-30,12.5676,12.6096,12.1939,12.4983,9050800
2001-01-31,13.1863,13.3695,12.7111,12.7334,18610800
2001-02-01,13.4882,13.607,12.8819,13.2284,16811600
2001-02-02,13.3249,13.5724,13.2902,13.513,15191600
2001-02-05,13.1417,13.2803,12.9932,13.2779,14122000
2001-02-06,12.9784,13.2754,12.971,13.1417,10052800
2001-02-07,12.9165,13.0551,12.82,12.8769,9620400
2001-02-08,12.4488,13.0551,12.2681,12.8769,11302400
2001-02-09,13.2408,13.513,12.9314,12.9314,21303200
2001-02-12,13.2309,13.3521,12.9339,12.9932,19055200
2001-02-13,13.8545,13.9832,13.2952,13.3645,23827200
2001-02-14,13.9609,14.3545,13.8793,13.9213,24401200
2001-02-15,14.149,14.352,13.8917,14.2555,17902000
2001-02-16,13.9634,14.1268,13.711,13.9832,18786400
2001-02-20,14.4287,14.7059,14.0327,14.0451,18081600
2001-02-21,13.4412,14.3371,13.4288,14.2555,14680800
2001-02-22,13.3991,13.4882,13.1541,13.4759,9074000
2001-02-23,13.461,13.6343,13.1219,13.3991,13144800
2001-02-26,14.5797,14.7381,11.1,14.107,23310800
2001-02-27,14.206,14.5772,14.149,14.4163,18730000
2001-02-28,13.8001,14.3545,13.612,14.1812,9648400
2001-03-01,13.6145,13.956,12.127,13.9164,10076800
2001-03-02,14.1317,14.206,13.2803,13.414,9834800
2001-03-05,14.1441,14.4658,14.0575,14.1317,12190000
2001-03-06,14.5772,14.7356,14.2678,14.305,11744400
2001-03-07,15.4162,15.4682,14.7925,14.8247,19686800
2001-03-08,15.3222,15.9879,15.3172,15.4063,26222400
2001-03-09,15.4607,15.5795,14.8495,15.2603,14211600
2001-03-12,14.7603,15.3469,14.7034,15.3444,13822400
2001-03-13,14.7529,14.9484,14.3124,14.8495,14328800
2001-03-14,14.5326,14.6762,14.2431,14.2431,12388000
2001-03-15,15.0227,15.2207,14.7628,14.7628,14596400
2001-03-16,14.8544,15.0846,14.6267,14.9113,12933600
2001-03-19,15.1588,15.2207,14.748,14.8866,10513200
2001-03-20,15.436,15.8642,15.2083,15.2702,17938000
2001-03-21,15.3568,15.5672,15.0944,15.436,17813600
2001-03-22,14.2629,15.2207,13.6714,15.2207,23938400
2001-03-23,13.8347,14.2604,13.6615,14.2604,17472400
2001-03-26,14.0822,14.206,13.9213,14.206,14906400
2001-03-27,14.5029,14.6069,13.7729,14.0847,19998000
2001-03-28,14.2282,14.451,14.1367,14.2926,13267200
2001-03-29,14.5153,14.5772,13.857,13.8917,15226400
2001-03-30,14.4658,14.7505,14.3099,14.6019,13572000
2001-04-02,14.2158,14.3421,13.9857,14.3173,11738400
2001-04-03,14.1317,14.4535,13.7852,14.2777,10559200
2001-04-04,13.9585,14.1861,13.805,14.1045,11366800
2001-04-05,14.3941,14.4584,14.0451,14.2184,9088400
2001-04-06,14.1936,14.4757,13.9585,14.3322,9146000
2001-04-09,13.711,14.2777,13.6417,14.1936,13375600
2001-04-10,14.0723,14.3545,13.7234,13.7234,12871600
2001-04-11,13.8595,14.5277,13.4709,14.5277,23454400
2001-04-12,13.4882,13.612,13.0527,13.612,18329600
2001-04-16,13.3769,13.4635,13.2259,13.2655,9920800
2001-04-17,13.0601,13.4387,12.9438,13.4387,10876800
2001-04-18,14.6862,14.8596,13.1631,13.1755,28021600
2001-04-19,14.602,14.659,14.389,14.4386,10494400
2001-04-20,14.441,14.6367,14.1661,14.5376,10970400
2001-04-23,14.441,14.8596,14.1909,14.4386,12360400
2001-04-24,14.0671,14.2156,13.9185,14.1166,11576000
2001-04-25,14.0175,14.3643,13.9309,14.0175,10495200
2001-04-26,14.4386,14.602,14.1414,14.2404,7840400
2001-04-27,15.3797,15.6026,14.6491,14.7605,24554800
2001-04-30,15.6026,15.7759,15.4663,15.5283,17015600
2001-05-01,16.0285,16.0682,15.5159,15.6026,18672800
2001-05-02,15.9072,16.0731,15.7388,16.0483,10054400
2001-05-03,15.5828,15.8527,15.3747,15.8502,11065600
2001-05-04,15.9022,16.0236,15.1667,15.2657,13204800
2001-05-07,15.7264,15.8998,15.6026,15.7264,9526000
2001-05-08,15.4861,15.7561,15.3376,15.7264,9499600
2001-05-09,15.0379,15.4366,15.0032,15.4366,7767200
2001-05-10,15.8601,16.083,15.4837,15.5283,13781600
2001-05-11,15.9022,16.0706,15.7759,15.8601,7723200
2001-05-14,16.0483,16.0483,15.8775,15.9617,7197200
2001-05-15,16.2985,16.5065,16.0979,16.0979,17168400
2001-05-16,16.2836,16.3951,16.0384,16.2836,13331600
2001-05-17,16.7666,16.826,16.2836,16.3381,8444800
2001-05-18,16.9399,17.0192,16.618,16.8532,10625200
2001-05-21,17.9553,18.2525,17.2371,17.3362,28652800
2001-05-22,17.5838,17.9553,17.4575,17.7077,14594800
2001-05-23,17.3362,17.4848,17.1876,17.3362,12960000
2001-05-24,17.7721,17.9702,17.2124,17.4798,12607200
2001-05-25,17.7869,18.1386,17.7324,17.834,9021600
2001-05-29,17.4204,18.0173,17.2346,17.9801,12290800
2001-05-30,17.2124,17.5269,17.0514,17.3114,10082800
2001-05-31,17.2198,17.2866,16.9053,17.2148,11148000
2001-06-01,17.1628,17.2371,16.8706,17.1455,9043200
2001-06-04,17.3585,17.4575,17.086,17.2371,6002800
2001-06-05,17.6284,17.7671,17.46,17.5219,11622800
2001-06-06,17.8513,17.9256,17.5739,17.5838,8971600
2001-06-07,18.3268,18.3268,17.7201,17.7572,9246000
2001-06-08,18.2203,18.302,18.0915,18.302,3255200
2001-06-11,17.8067,18.2872,17.7845,18.2104,6200000
2001-06-12,18.0173,18.0544,17.4749,17.6581,5725600
2001-06-13,18.302,18.3194,17.8067,17.8934,9118800
2001-06-14,18.0618,18.2996,17.9083,18.2278,6908800
2001-06-15,17.9256,18.0915,17.7721,18.0544,8708400
2001-06-18,18.463,18.6339,17.9132,17.9429,10579200
2001-06-19,18.8122,18.8494,18.5349,18.5349,12710800
2001-06-20,19.1664,19.4289,18.8494,18.8964,14137200
2001-06-21,19.5404,19.7434,19.0203,19.0698,14880800
2001-06-22,19.0698,19.5404,18.9212,19.5404,13504400
2001-06-25,18.6983,19.31,18.4729,19.2679,13753600
2001-06-26,18.7726,18.8048,18.5002,18.6983,12172400
2001-06-27,18.2178,18.9187,18.2154,18.7726,13397200
2001-06-28,18.6735,18.8172,18.5002,18.525,12085600
2001-06-29,17.9677,18.676,17.9677,18.676,14451600
2001-07-02,18.3615,19.362,18.2278,18.411,8318000
2001-07-03,18.3268,18.5695,18.307,18.5349,5182600
2001-07-05,17.9306,18.4506,17.8513,18.4506,7067600
2001-07-06,17.1381,17.9553,17.039,17.9553,9700600
2001-07-09,17.039,17.252,16.93,17.1579,9166200
2001-07-10,16.717,17.5343,16.5932,17.361,8827400
2001-07-11,17.1083,17.1876,16.6675,16.717,11018400
2001-07-12,18.1188,18.3516,17.1876,17.1876,11957000
2001-07-13,18.0494,18.0494,17.5343,17.7324,7695200
2001-07-16,17.9851,18.3566,17.9058,18.0247,8256000
2001-07-17,18.0693,18.1931,17.7324,17.9851,4540800
2001-07-18,18.8325,18.9811,18.1188,18.1188,14947400
2001-07-19,19.1992,19.452,19.0555,19.452,9962400
2001-07-20,19.3776,19.6353,19.2983,19.5263,8814600
2001-07-23,18.9762,19.4767,18.8969,19.452,5268800
2001-07-24,18.4608,19.1298,18.3418,19.0505,6098200
2001-07-25,18.9613,19.0208,18.4112,18.4856,9279600
2001-07-26,19.452,19.452,18.8622,18.9811,8477800
2001-07-27,19.2785,19.3776,19.1397,19.3033,4952600
2001-07-30,19.4321,19.5461,19.2835,19.2835,4602800
2001-07-31,18.9217,19.3479,18.6342,19.2289,9173800
2001-08-01,18.3964,18.7829,18.3022,18.7334,8924200
2001-08-02,18.5599,18.7334,18.2626,18.6838,6819400
2001-08-03,18.3022,18.5302,18.0395,18.436,4591000
2001-08-06,18.0445,18.5896,17.8413,18.5847,7661800
2001-08-07,18.0395,18.3369,17.8165,17.9206,8329400
2001-08-08,17.7323,18.4608,17.643,18.1386,7947000
2001-08-09,17.7868,18.0594,17.42,17.7372,7322600
2001-08-10,17.8958,17.99,17.539,17.8413,4420800
2001-08-13,18.0643,18.2377,17.7223,17.8909,6242200
2001-08-14,18.4261,18.6491,18.1139,18.1139,6768800
2001-08-15,18.0792,19.0803,17.98,18.55,3587400
2001-08-16,17.8909,18.1684,17.5439,18.0643,5052600
2001-08-17,17.3655,17.767,16.8997,17.767,4507000
2001-08-20,18.7532,18.773,17.4101,17.4101,13159000
2001-08-21,19.1546,19.3281,18.6342,18.8275,15973800
2001-08-22,19.2289,19.4272,18.892,19.3281,8944200
2001-08-23,18.5599,19.3727,18.5054,19.3627,6542800
2001-08-24,19.4272,19.4767,18.5351,18.6838,8787800
2001-08-27,19.0852,19.4272,18.8325,19.2785,5812600
2001-08-28,19.11,19.452,18.892,19.4371,7244600
2001-08-29,18.6441,19.1744,18.5797,19.1298,8707400
2001-08-30,18.0891,18.8572,17.9652,18.7334,11813800
2001-08-31,18.436,18.5599,18.1932,18.213,8490400
2001-09-04,18.5103,18.9464,18.2229,18.4856,6940400
2001-09-05,18.1783,18.3319,17.6678,18.3319,7617400
2001-09-06,17.2466,18.2824,17.0979,18.1882,12355600
2001-09-07,15.8589,16.4536,15.1106,16.3545,26601400
2001-09-10,15.7895,16.1117,15.3633,15.8589,12585600
2001-09-17,14.0649,14.8876,14.0302,14.8677,13232800
2001-09-18,14.3275,15.626,14.0649,14.1888,16179400
2001-09-19,14.4713,14.7438,13.6684,14.3325,11231200
2001-09-20,13.9558,14.05,13.257,14.0252,12730400
2001-09-21,13.3314,13.9757,12.3848,12.7119,16559600
2001-09-24,14.5902,14.6992,13.8815,13.936,10677600
2001-09-25,15.1056,15.1899,14.3721,14.5951,11913000
2001-09-26,15.1106,15.3187,14.8132,15.1056,10885400
2001-09-27,15.066,15.1651,14.7042,15.0907,7866400
2001-09-28,15.6855,15.7003,14.8429,15.066,8846200
2001-10-01,15.1106,15.4872,14.8677,15.4872,9879400
2001-10-02,15.735,15.74,15.066,15.3138,9456600
2001-10-03,16.7064,16.8204,15.6111,15.735,11844400
2001-10-04,16.0472,16.8303,16.0076,16.8303,7788000
2001-10-05,16.0076,16.2554,15.4872,16.0572,8783600
2001-10-08,15.6062,16.0026,15.5368,15.8094,6537600
2001-10-09,15.066,15.6012,15.066,15.6012,9250400
2001-10-10,15.7598,15.854,14.9817,14.9916,8781200
2001-10-11,16.8501,16.969,15.9729,16.4041,12432800
2001-10-12,17.1921,17.1921,16.3694,16.8501,9301800
2001-10-15,17.0979,17.1475,16.746,16.9492,8203800
2001-10-16,17.197,17.2218,16.3595,16.3595,22274400
2001-10-17,16.6367,17.4053,16.6367,17.321,9785200
2001-10-18,16.7854,17.0582,16.4879,16.6615,9051800
2001-10-19,17.0582,17.083,16.5127,16.7854,5143000
2001-10-22,17.0483,17.2218,16.6119,16.9342,6308200
2001-10-23,17.3507,17.7028,16.9193,17.202,8128400
2001-10-24,17.0086,17.5541,16.9888,17.3507,4829800
2001-10-25,17.3359,17.4301,16.4135,16.8102,9659000
2001-10-26,17.2317,17.3607,17.0334,17.3359,6195800
2001-10-29,16.7656,17.2317,16.7259,16.9838,5825400
2001-10-30,16.2648,16.7656,16.0664,16.6416,8421400
2001-10-31,16.9094,17.2317,16.3639,16.3639,10270000
2001-11-01,17.4152,17.6086,16.7111,17.0334,7663600
2001-11-02,18.2483,18.645,17.435,17.4797,13738000
2001-11-05,19.0119,19.24,18.4665,18.4665,9043400
2001-11-06,19.3938,19.488,18.5954,18.9921,11744800
2001-11-07,19.2847,19.5624,19.1409,19.3442,8570600
2001-11-08,19.3342,19.8103,19.3194,19.488,10049200
2001-11-09,19.0516,19.3888,19.007,19.3888,9453800
2001-11-12,19.4334,19.5376,18.645,19.2004,5680800
2001-11-13,20.1822,20.331,19.7309,19.8351,13030200
2001-11-14,20.8566,20.926,20.3756,20.4053,11697000
2001-11-15,20.6831,21.1392,20.5194,20.7525,12071800
2001-11-16,20.0086,20.6037,19.7657,20.4599,14852000
2001-11-19,21.3723,21.3723,20.3359,20.4549,18464200
2001-11-20,20.8566,21.3723,20.693,21.3723,10937600
2001-11-21,20.8021,20.8764,20.2318,20.8764,6620600
2001-11-23,21.2632,21.2682,20.8566,20.926,3016000
2001-11-26,21.2335,21.4517,20.8368,21.2731,8999400
2001-11-27,21.3922,21.6252,20.9756,21.2335,14467000
2001-11-28,21.6649,21.7194,21.1988,21.3922,11789800
2001-11-29,21.5806,21.769,21.2781,21.6451,12697200
2001-11-30,22.4682,22.5872,21.7045,21.7194,16444000
2001-12-03,22.5872,22.731,22.2649,22.3442,11621200
2001-12-04,22.5723,22.5723,22.2103,22.5128,14294400
2001-12-05,23.2071,23.3757,22.6219,22.7062,10875800
2001-12-06,22.9542,23.1575,22.8203,23.1575,7994600
2001-12-07,22.9641,23.1327,22.7657,22.8054,5804000
2001-12-10,22.6616,22.9343,22.6219,22.9095,7187400
2001-12-11,22.5872,22.8847,22.3641,22.6616,6813000
2001-12-12,22.8798,22.979,22.5723,22.617,5840000
2001-12-13,22.6021,22.9839,22.4434,22.7806,6419400
2001-12-14,22.7558,22.8798,22.4384,22.8054,7167600
2001-12-17,22.7509,22.9343,22.4583,22.4632,5472600
2001-12-18,22.6963,23.2319,22.5624,23.0087,7652600
2001-12-19,22.9343,22.9443,22.5872,22.736,6590200
2001-12-20,22.9343,23.4054,22.8302,23.1079,4960400
2001-12-21,23.5542,23.5542,22.9591,23.2517,7311600
2001-12-24,23.4947,23.6782,23.4798,23.5591,2346600
2001-12-26,23.4947,24.2385,23.3062,23.4947,6219600
2001-12-27,23.1327,23.7029,22.7757,23.7029,7925000
2001-12-28,23.1773,23.2963,23.0682,23.2319,5101600
2001-12-31,23.0137,23.2566,22.8649,23.0583,4754800
2002-01-02,22.498,22.8699,22.0715,22.8203,9480400
2002-01-03,21.9426,22.5624,21.5905,22.4632,12420000
2002-01-04,22.3145,22.5079,22.0765,22.1657,9932800
2002-01-07,22.0417,22.617,21.9872,22.5624,7434400
2002-01-08,21.9277,22.4037,21.8434,22.0913,6451600
2002-01-09,21.3971,22.0665,21.3971,22.0517,9195800
2002-01-10,21.412,21.6897,21.2781,21.5955,6679000
2002-01-11,20.8417,21.5409,20.6285,21.4169,13822000
2002-01-14,21.2037,21.3475,20.9012,21.0698,9383200
2002-01-15,20.8269,21.3426,20.4946,21.3227,14700200
2002-01-16,20.3655,20.8269,20.3556,20.8269,10071400
2002-01-17,20.6879,20.8417,19.919,20.4151,16542800
2002-01-18,21.5313,21.6306,20.3903,20.3903,16112200
2002-01-22,21.7794,22.0522,21.4569,21.5413,9610400
2002-01-23,22.1763,22.3202,21.5859,21.7298,9332000
2002-01-24,22.1316,22.5136,21.7397,22.2755,12547400
2002-01-25,22.1763,22.2953,21.7298,21.953,11677800
2002-01-28,22.717,22.7716,22.0771,22.3003,7773000
2002-01-29,21.705,22.9949,21.6554,22.717,8792600
2002-01-30,22.2209,22.2507,21.4817,21.7794,9318600
2002-01-31,22.856,22.9502,22.2358,22.2705,6730400
2002-02-01,22.6724,22.9701,22.598,22.8956,8305400
2002-02-04,22.9998,23.3868,22.846,23.0693,11751000
2002-02-05,22.8212,23.2777,22.7716,23.0395,9054000
2002-02-06,22.4045,22.9204,22.3499,22.9204,6239200
2002-02-07,21.6206,22.6228,21.5809,22.4045,9660800
2002-02-08,22.4243,22.4491,21.4569,21.5809,8540200
2002-02-11,22.6377,22.856,22.3301,22.3499,6432800
2002-02-12,22.5881,22.6972,22.3946,22.5136,3332200
2002-02-13,22.9006,23.1139,22.5732,22.5732,7898200
2002-02-14,22.8808,23.2925,22.727,23.1685,5059600
2002-02-15,22.6228,23.0197,22.4789,23.0048,6666000
2002-02-19,22.3003,23.0197,22.2557,22.3648,5885800
2002-02-20,22.7518,22.8163,22.1912,22.2755,6601000
2002-02-21,22.5781,23.3025,22.5583,22.7518,6419600
2002-02-22,22.846,22.846,22.0374,22.4541,8512200
2002-02-25,23.5604,23.7043,23.1437,23.3174,14238200
2002-02-26,23.0544,23.6646,22.7766,23.5604,12969000
2002-02-27,22.4293,23.5654,22.3251,23.5406,11374800
2002-02-28,22.4491,22.6674,21.5561,22.3995,15018800
2002-03-01,21.824,22.4491,21.4321,22.3301,11386800
2002-03-04,21.4817,21.4817,20.683,21.2337,23106000
2002-03-05,20.6631,21.184,20.5143,21.0848,15313600
2002-03-06,21.3279,21.3329,20.7624,20.7872,8448200
2002-03-07,21.3627,21.7446,20.8665,21.5809,10757000
2002-03-08,21.2089,21.8439,21.0749,21.7298,9100200
2002-03-11,20.9608,21.1493,20.6383,20.9608,9337400
2002-03-12,21.6405,21.8042,20.7921,20.8616,7568000
2002-03-13,21.8191,21.8538,21.2733,21.576,7477400
2002-03-14,21.7149,22.2209,21.6405,21.7794,6770400
2002-03-15,22.2457,22.2457,21.5561,21.9381,8982000
2002-03-18,21.7446,22.3846,21.6206,22.3698,7147200
2002-03-19,22.0225,22.2953,21.7794,21.7794,7017200
2002-03-20,22.2705,22.4343,21.6802,21.7298,7771400
2002-03-21,22.2408,22.4491,22.0374,22.1763,8509800
2002-03-22,22.34,22.6228,22.0126,22.1763,6439600
2002-03-25,21.8092,22.5484,21.7893,22.5484,6418400
2002-03-26,21.8042,21.953,21.5065,21.6851,7983600
2002-03-27,21.6802,21.9034,21.5809,21.8687,8519800
2002-03-28,21.576,21.829,21.2386,21.829,8737400
2002-04-01,21.447,21.5661,21.1741,21.3329,8608800
2002-04-02,21.313,21.5561,21.2882,21.447,8368400
2002-04-03,20.8616,21.5065,20.7872,21.2833,8290200
2002-04-04,21.2039,21.3825,21.0352,21.06,5625400
2002-04-05,21.5809,21.8042,21.4817,21.5313,6824400
2002-04-08,21.9282,21.9778,21.4817,21.5809,3834400
2002-04-09,22.2457,22.2755,21.829,21.9282,5028200
2002-04-10,22.4293,22.4541,22.0919,22.2656,6709000
2002-04-11,21.9034,22.6724,21.8538,22.4293,5818400
2002-04-12,22.216,22.4243,21.8538,21.953,4754000
2002-04-15,21.9034,22.2209,21.7446,22.216,3474000
2002-04-16,22.4144,22.4144,21.7546,21.953,5264000
2002-04-17,21.933,22.3251,21.8585,22.3251,4662800
2002-04-18,22.1166,22.2308,21.8635,22.1613,6104600
2002-04-19,22.0868,22.3102,22.0819,22.1315,3526800
2002-04-22,22.0074,22.4194,21.8685,22.2357,4852200
2002-04-23,21.9677,22.2804,21.8883,22.1315,3799000
2002-04-24,21.5161,22.2605,21.392,22.1365,5923800
2002-04-25,21.5409,21.665,21.1488,21.1934,7288800
2002-04-26,21.2778,21.7642,21.2431,21.665,4728200
2002-04-29,21.1239,21.3721,21.0991,21.3423,4452600
2002-04-30,20.9899,21.3721,20.846,21.0942,8824800
2002-05-01,21.1835,21.2927,20.7219,21.0396,6888400
2002-05-02,21.5855,21.6749,21.2183,21.2927,6180800
2002-05-03,21.6451,21.799,21.3671,21.5855,6116600
2002-05-06,20.7964,21.5806,20.7964,21.5409,5050600
2002-05-07,20.712,21.0694,20.573,20.7964,8044400
2002-05-08,20.8956,21.1785,20.6624,20.9701,6382400
2002-05-09,21.2431,21.4714,20.8857,20.9205,10143000
2002-05-10,20.7467,21.2679,20.6326,21.2679,4307000
2002-05-13,20.6772,20.841,20.4837,20.7219,4970200
2002-05-14,21.7146,21.7791,20.9701,20.9701,7315600
2002-05-15,21.8436,21.9628,21.5161,21.5161,5899600
2002-05-16,21.6699,21.9429,21.6153,21.7096,4058400
2002-05-17,22.2159,22.2357,21.6798,21.794,6137400
2002-05-20,23.2284,23.417,22.9802,23.0001,19831200
2002-05-21,22.8959,23.4021,22.881,23.278,17056600
2002-05-22,23.3178,23.3426,22.7073,22.7073,12719600
2002-05-23,23.824,23.829,23.3128,23.4518,10017200
2002-05-24,23.8736,24.8117,23.7942,24.2707,12197800
2002-05-28,23.819,24.0027,23.0299,23.9233,14174600
2002-05-29,23.8439,24.1268,23.6155,23.6255,12505400
2002-05-30,23.7694,23.8637,23.5709,23.7049,11049200
2002-05-31,23.4071,23.9729,22.7073,23.6007,24954000
2002-06-03,22.4591,23.4021,22.4541,23.3277,9557000
2002-06-04,22.8313,22.9306,22.335,22.5087,11626600
2002-06-05,23.5411,23.6999,22.9554,22.9802,11300200
2002-06-06,23.0051,23.6999,22.8313,23.6999,7970800
2002-06-07,23.0051,23.1837,22.5981,22.9802,8403600
2002-06-10,23.3277,23.6304,23.1887,23.2532,5935400
2002-06-11,23.4021,24.092,23.3972,23.6255,9195600
2002-06-12,23.5758,23.7297,23.1291,23.2284,9320800
2002-06-13,23.2334,23.6453,22.8562,23.4766,6883000
2002-06-14,23.2482,23.278,22.5881,23.2334,9266200
2002-06-17,23.7198,23.824,23.1291,23.2532,9704600
2002-06-18,22.4343,23.6999,22.3598,23.6751,17176800
2002-06-19,22.5186,23.0696,22.3598,22.4343,10527000
2002-06-20,22.1365,22.9554,22.0422,22.7817,8151600
2002-06-21,22.062,22.4343,21.9379,21.9628,7591600
2002-06-24,22.1067,22.5832,21.7146,21.8387,10739200
2002-06-25,22.0372,22.8313,21.8635,22.4591,7411000
2002-06-26,22.0422,22.1861,21.5161,21.6401,10810000
2002-06-27,22.6824,22.7023,21.5905,22.2357,9881800
2002-06-28,22.5335,22.8562,22.1117,22.4839,8114200
2002-07-01,22.0173,22.8115,21.9379,22.5335,6326800
2002-07-02,21.7394,22.1365,21.4168,22.0173,9867200
2002-07-03,21.8635,21.8982,20.7467,21.6898,11367600
2002-07-05,23.0398,23.0398,22.0819,22.0868,3432400
2002-07-08,22.9554,23.0448,22.3648,22.7817,6562600
2002-07-09,22.1613,23.0051,21.9876,22.9207,8128600
2002-07-10,21.392,22.4095,21.3175,22.1613,10399000
2002-07-11,21.4416,21.7195,20.1412,21.1041,14828800
2002-07-12,19.9427,20.7021,19.5208,20.3497,28965400
2002-07-15,20.3497,20.3497,18.8805,19.8037,16851800
2002-07-16,18.6621,20.1065,18.5132,19.903,23030600
2002-07-17,18.965,19.5163,18.1357,19.119,15930600
2002-07-18,18.7962,19.6106,18.682,18.8707,11299800
2002-07-19,17.8924,18.5728,17.803,18.25,10426000
2002-07-22,17.3412,18.0513,16.7353,17.5051,15631000
2002-07-23,16.9936,18.0016,16.8843,17.3461,13539800
2002-07-24,18.6224,18.6274,16.2387,16.4125,16798800
2002-07-25,17.4206,18.3642,17.0879,18.3642,15170600
2002-07-26,17.6739,18.2003,17.1326,17.4802,11605200
2002-07-29,18.6969,18.7466,17.8527,17.8527,10378000
2002-07-30,18.9154,19.1488,18.1755,18.5728,10835000
2002-07-31,18.7962,18.9452,18.1755,18.9204,10536600
2002-08-01,17.5944,18.6721,17.3809,18.4983,8837200
2002-08-02,16.636,17.4057,16.1394,17.3312,14980200
2002-08-05,16.7055,17.2319,16.6211,16.6658,9180400
2002-08-06,17.7037,18.1258,16.934,16.9836,10570000
2002-08-07,18.1159,18.1556,17.5796,17.9768,11178600
2002-08-08,17.4902,18.0762,16.6857,18.0712,18836400
2002-08-09,17.3015,17.5796,17.0482,17.2419,11178200
2002-08-12,17.2021,17.2816,16.7204,16.8347,9592400
2002-08-13,17.1227,18.0762,16.9836,17.0333,8273400
2002-08-14,18.25,18.2748,17.1823,17.2319,10946400
2002-08-15,18.8409,18.9253,18.3095,18.3244,8891600
2002-08-16,18.2698,18.7217,18.1705,18.7217,8163800
2002-08-19,20.3605,20.4102,19.1736,19.3425,23693600
2002-08-20,20.8571,20.9316,20.2612,20.3605,16457000
2002-08-21,21.2743,21.4133,20.9067,21.1054,14705000
2002-08-22,21.8553,21.9496,21.16,21.3537,10856600
2002-08-23,21.2643,21.8255,21.1551,21.8006,9733800
2002-08-26,21.4878,21.5325,20.8919,21.3537,9885200
2002-08-27,20.8472,21.7261,20.733,21.7261,8176600
2002-08-28,20.3853,20.7181,20.1569,20.4846,7623000
2002-08-29,20.3853,20.6287,20.0625,20.2115,7663600
2002-08-30,20.5492,20.9316,20.2761,20.3108,5880600
2002-09-03,20.3754,20.6088,19.9881,20.4251,9423200
2002-09-04,20.9912,21.1104,20.2364,20.3605,13063600
2002-09-05,20.9961,21.3537,20.4598,20.4846,9703200
2002-09-06,21.8652,21.9744,21.458,21.4778,13790200
2002-09-09,21.895,21.9496,21.3537,21.8503,11203600
2002-09-10,22.1085,22.1532,21.6516,22.0191,8767200
2002-09-11,22.4462,22.7442,21.9794,22.0092,8127400
2002-09-12,21.6964,22.337,21.6367,22.332,7728200
2002-09-13,22.332,22.332,21.5176,21.5523,6355200
2002-09-16,22.5803,22.6945,22.1979,22.332,7557600
2002-09-17,21.8801,22.8435,21.8801,22.8137,8613400
2002-09-18,22.2525,22.3717,21.4282,21.7559,12065600
2002-09-19,21.5027,22.0688,21.4282,21.9496,7073000
2002-09-20,21.0508,21.6715,21.0011,21.5027,9860000
2002-09-23,20.5095,20.9862,20.0874,20.9862,11778000
2002-09-24,20.1668,20.5939,19.6603,20.5145,10331000
2002-09-25,20.6734,20.8571,20.0377,20.4846,13522600
2002-09-26,21.6765,21.7113,20.6734,20.7975,12331600
2002-09-27,21.0955,21.8255,21.0508,21.602,11954800
2002-09-30,20.5591,20.9266,20.2016,20.9216,14580200
2002-10-01,20.9564,21.0061,19.7596,20.5591,17045600
2002-10-02,20.4449,21.016,20.1867,20.9316,10999400
2002-10-03,19.8142,20.2959,19.6106,19.9881,12836800
2002-10-04,19.7944,20.2115,18.9204,20.1122,17290400
2002-10-07,18.6075,19.8391,18.538,19.6653,16911600
2002-10-08,19.5411,19.9881,18.682,18.8707,16674000
2002-10-09,18.6224,19.3673,18.3195,19.3176,13632000
2002-10-10,18.4039,18.8359,18.1208,18.3145,17375000
2002-10-11,19.3176,19.6404,18.7614,18.8955,12719800
2002-10-14,19.7199,20.2016,19.119,19.2432,8584000
2002-10-15,20.8422,21.2047,20.5591,20.6088,14450000
2002-10-16,20.7875,20.8621,20.405,20.8521,9665600
2002-10-17,21.2397,21.6123,20.9863,21.6123,11433400
2002-10-18,21.9352,21.9352,20.9714,21.2397,9210400
2002-10-21,22.0595,22.1389,21.1155,21.6371,9760800
2002-10-22,21.4881,22.2631,21.2645,21.9352,9025800
2002-10-23,21.4881,21.7365,21.1105,21.3639,9873600
2002-10-24,21.7713,22.2582,21.6123,21.8607,12660000
2002-10-25,21.7862,21.9601,21.5278,21.6371,7992000
2002-10-28,21.2297,21.9203,21.0757,21.9104,6340600
2002-10-29,21.7166,21.8309,20.6435,21.1204,10758600
2002-10-30,21.339,21.7216,21.1403,21.7216,8212400
2002-10-31,20.7329,21.508,20.5689,21.339,8500800
2002-11-01,20.9167,20.9962,20.246,20.7379,12728400
2002-11-04,20.4696,21.1055,20.4298,20.9664,9127800
2002-11-05,20.8174,20.8174,20.3205,20.3951,7457000
2002-11-06,20.6882,20.9416,20.2112,20.9167,9228200
2002-11-07,19.8585,20.6385,19.7591,20.4895,11078600
2002-11-08,19.6101,20.0473,19.3765,19.8634,6418800
2002-11-11,19.2374,19.6747,19.0784,19.5753,6292600
2002-11-12,19.6498,20.1218,19.2325,19.2374,9808200
2002-11-13,20.0224,20.2063,19.3517,19.6498,8044400
2002-11-14,20.8124,20.9167,20.3205,20.4447,8816400
2002-11-15,21.1155,21.3688,20.6683,20.7925,11687800
2002-11-18,20.2212,21.7614,20.1466,21.7614,19655600
2002-11-19,19.3666,20.2212,18.83,20.2212,31302600
2002-11-20,18.83,19.6001,18.7952,19.5256,24377000
2002-11-21,19.456,19.6995,18.835,19.2623,17095800
2002-11-22,19.3269,19.7243,19.2772,19.456,9753600
2002-11-25,19.8237,19.9976,19.3318,19.4362,11367200
2002-11-26,19.6995,20.8671,19.5355,20.1218,10080200
2002-11-27,20.6186,20.718,19.9976,20.0969,9858000
2002-11-29,20.6186,20.8621,20.5441,20.7677,4175400
2002-12-02,20.4497,21.2049,20.3205,21.1155,9668600
2002-12-03,20.0821,20.5441,19.9479,20.4547,9362400
2002-12-04,20.6683,20.8174,19.7492,19.8485,10047000
2002-12-05,20.4447,20.7875,20.3205,20.6733,7634200
2002-12-06,20.2758,20.4398,19.8734,20.1963,8964000
2002-12-09,19.7988,20.2808,19.6796,20.2808,8923200
2002-12-10,20.1715,20.2708,19.774,19.8485,8313600
2002-12-11,19.7641,20.0721,19.5753,19.9231,8455400
2002-12-12,19.769,19.9529,19.6051,19.9231,5079800
2002-12-13,19.3318,19.5852,19.1281,19.4262,7675800
2002-12-16,19.8336,19.8336,19.1281,19.2026,8779200
2002-12-17,19.2772,19.8386,19.1778,19.8386,7793000
2002-12-18,18.9791,19.4511,18.8499,19.302,8323600
2002-12-19,18.7803,19.3517,18.7008,19.0039,8087800
2002-12-20,19.0586,19.2026,18.5617,19.0288,10409400
2002-12-23,18.6263,19.0586,18.4574,19.0586,6973000
2002-12-24,18.3083,18.4176,18.209,18.3829,3957000
2002-12-26,18.5419,18.8698,18.3083,18.3083,5321400
2002-12-27,18.2835,18.5667,18.1345,18.4922,4420200
2002-12-30,18.8052,18.8797,18.2587,18.2835,10308200
2002-12-31,18.6313,18.9791,18.5369,18.8052,6381200
2003-01-02,19.5504,19.6299,18.83,18.83,10780000
2003-01-03,18.3431,19.5504,17.9457,19.5504,31357200
2003-01-06,18.1345,18.6214,18.1345,18.5071,15842400
2003-01-07,18.358,18.6214,18.2587,18.3829,14270000
2003-01-08,18.4673,18.7704,18.3332,18.4077,11049400
2003-01-09,19.0884,19.153,18.671,18.671,14986400
2003-01-10,19.1033,19.4014,18.8549,18.9542,7290400
2003-01-13,18.9045,19.3815,18.835,19.3765,6801400
2003-01-14,18.7456,18.9045,18.3829,18.3829,8424000
2003-01-15,18.8797,19.0039,18.6909,18.8797,8045800
2003-01-16,18.7903,19.0884,18.6313,18.9045,7897400
2003-01-17,18.2338,18.7754,18.2288,18.7207,10745000
2003-01-21,17.7121,18.4077,17.7121,18.358,10510000
2003-01-22,17.4637,17.9307,17.4587,17.7171,11973800
2003-01-23,17.3892,17.7569,17.2898,17.5681,12668000
2003-01-24,16.952,17.419,16.8278,17.3892,10568800
2003-01-27,17.0911,17.3494,16.8924,16.952,10750800
2003-01-28,17.1905,17.419,17.1706,17.2153,9257600
2003-01-29,17.2004,17.3395,16.952,17.1855,7582000
2003-01-30,16.8924,17.5681,16.8278,17.3395,8808400
2003-01-31,16.9818,17.3693,16.8228,16.8427,10919600
2003-02-03,17.5382,17.6625,17.1458,17.1656,10710400
2003-02-04,17.2849,17.5382,17.1408,17.5382,6306800
2003-02-05,17.2004,17.5134,17.1607,17.3892,7070400
2003-02-06,17.2103,17.4886,17.0265,17.2004,9374200
2003-02-07,16.9321,17.6078,16.793,17.5134,7013400
2003-02-10,17.0911,17.1408,16.7185,17.0563,6293000
2003-02-11,17.1756,17.4091,17.0166,17.265,6791000
2003-02-12,17.0215,17.3842,17.0116,17.1408,4540000
2003-02-13,16.8973,17.0414,16.5793,17.0414,5447400
2003-02-14,17.3693,17.3693,16.6539,16.8427,9359400
2003-02-18,17.7171,17.9655,17.3693,17.3842,7393800
2003-02-19,17.3892,17.7867,17.3643,17.6525,6433400
2003-02-20,17.3643,17.6128,17.3246,17.3395,7328800
2003-02-21,17.896,18.0152,17.3047,17.3892,9496200
2003-02-24,18.9294,19.1281,18.4375,18.8052,26109200
2003-02-25,19.1877,19.1877,18.4326,18.7555,15578800
2003-02-26,19.3765,19.7045,19.0536,19.0536,13905200
2003-02-27,19.2921,19.625,19.0784,19.6001,9733600
2003-02-28,19.5256,19.6747,19.3716,19.3765,9651200
2003-03-03,19.5107,19.8088,19.4262,19.6498,12846200
2003-03-04,18.6561,19.3765,18.6263,19.0834,16390600
2003-03-05,18.6909,18.7952,18.3332,18.7555,12809400
2003-03-06,18.6064,18.9294,18.3779,18.5915,9513800
2003-03-07,18.8996,18.9741,17.8662,18.6064,10471200
2003-03-10,18.3729,18.8449,18.2835,18.681,7715800
2003-03-11,18.0848,18.4773,18.0152,18.3332,8972600
2003-03-12,18.3332,18.368,17.6128,17.9854,7578200
2003-03-13,19.1679,19.2573,18.4822,18.522,10661400
2003-03-14,19.4014,19.5653,19.0486,19.1679,9614200
2003-03-17,19.9231,19.9678,19.0138,19.3765,13566200
2003-03-18,20.0075,20.0175,19.4511,19.9181,9885200
2003-03-19,20.3404,20.4497,19.769,19.774,9520400
2003-03-20,20.4497,20.7081,19.8734,20.7081,8756200
2003-03-21,21.1353,21.1999,20.5441,20.8174,10568000
2003-03-24,20.2659,20.6385,20.1268,20.6385,9406800
2003-03-25,20.6186,20.7528,20.2708,20.2708,9603200
2003-03-26,20.882,21.1204,20.5689,20.5938,9553000
2003-03-27,20.713,20.8422,20.4944,20.6286,5871400
2003-03-28,20.3454,20.6683,20.251,20.6683,9151200
2003-03-31,20.2808,20.4845,19.8734,20.1367,9002800
2003-04-01,20.4348,20.5391,20.0224,20.3951,9285600
2003-04-02,21.0211,21.3341,20.6236,21.1502,9305200
2003-04-03,21.3788,21.6123,21.036,21.2894,10034800
2003-04-04,21.4384,21.6222,21.19,21.4384,8006600
2003-04-07,21.5626,22.0098,21.5378,21.8607,10923200
2003-04-08,21.4235,21.6024,21.2844,21.5626,12422200
2003-04-09,21.18,21.7117,21.1155,21.5129,9648200
2003-04-10,21.6868,21.7067,21.195,21.2248,9376000
2003-04-11,21.811,22.0893,21.7166,22.0048,8306800
2003-04-14,22.0793,22.1042,21.5726,21.811,7002400
2003-04-15,22.5839,22.6982,21.9227,22.0719,12310600
2003-04-16,22.221,22.7032,22.1464,22.5938,9830400
2003-04-17,22.6933,22.7529,22.0371,22.226,10099800
2003-04-21,22.6485,22.7778,22.4049,22.6933,9135600
2003-04-22,22.7181,22.8673,22.4,22.4447,9070000
2003-04-23,22.4497,22.6485,22.3204,22.6187,10569400
2003-04-24,22.2707,22.395,22.042,22.221,6816400
2003-04-25,22.0818,22.39,21.9476,22.3701,5324000
2003-04-28,22.3105,22.3701,21.9476,22.0818,6958600
2003-04-29,22.221,22.6386,22.221,22.3701,8862800
2003-04-30,21.8183,22.1713,21.699,22.1713,13971200
2003-05-01,21.6294,21.704,21.182,21.699,10622000
2003-05-02,21.9476,22.1862,21.6493,21.6742,9592800
2003-05-05,21.8979,22.2111,21.8979,22.0967,7006400
2003-05-06,22.1166,22.5789,22.0271,22.0719,10282400
2003-05-07,22.2309,22.4994,21.9724,22.047,7446800
2003-05-08,22.1713,22.569,22.0768,22.1464,7739200
2003-05-09,22.5143,22.5242,22.0619,22.2707,5520400
2003-05-12,22.9667,23.081,22.3204,22.5193,8314800
2003-05-13,22.6436,22.8921,22.5789,22.8175,7172800
2003-05-14,22.1415,22.8424,22.0918,22.6933,7127000
2003-05-15,22.2806,22.4049,21.8333,22.3701,11186800
2003-05-16,22.0222,22.2806,21.8482,22.2011,9289200
2003-05-19,20.0337,21.1273,19.9343,21.0279,32898600
2003-05-20,19.3874,20.4562,18.9898,20.2524,44642200
2003-05-21,19.9989,20.0834,19.3924,19.3924,17275000
2003-05-22,19.9591,20.1083,19.81,20.1083,8800000
2003-05-23,19.8199,19.9641,19.6509,19.9591,7362600
2003-05-27,20.2425,20.4811,19.7106,19.8249,12769000
2003-05-28,20.5656,20.8042,19.9392,20.4811,10147600
2003-05-29,20.4264,20.8291,20.3817,20.5805,10666600
2003-05-30,21.008,21.0578,20.5656,20.7048,11020800
2003-06-02,20.9782,21.4306,20.9235,21.1771,12092800
2003-06-03,21.7438,21.8382,20.9782,20.9782,14614200
2003-06-04,22.0719,22.1464,21.704,21.7587,12399400
2003-06-05,22.3204,22.4049,21.7587,21.8233,8741200
2003-06-06,21.8531,22.4944,21.8233,22.4447,12295800
2003-06-09,21.3013,21.9227,21.2765,21.8482,10627800
2003-06-10,21.9874,22.0768,21.2765,21.3262,9389800
2003-06-11,21.9327,21.9824,21.535,21.9824,9569800
2003-06-12,22.2459,22.3005,21.9376,21.9724,8490800
2003-06-13,21.9476,22.221,21.8333,22.1713,8976800
2003-06-16,22.4546,22.4944,22.0072,22.221,8094200
2003-06-17,22.4745,22.6038,22.2409,22.4546,9209600
2003-06-18,22.5292,22.7877,22.2757,22.3204,8050600
2003-06-19,22.2459,22.6436,22.1564,22.5242,7414800
2003-06-20,21.9724,22.3503,21.8482,22.2459,8915600
2003-06-23,21.525,21.9476,21.3908,21.8979,7814400
2003-06-24,21.5499,21.7338,21.4256,21.4505,6401000
2003-06-25,21.5748,22.3105,21.4902,21.7239,9376000
2003-06-26,21.6891,21.7189,21.2715,21.5748,7766400
2003-06-27,21.4356,21.872,21.3809,21.7139,5096200
2003-06-30,21.351,21.7189,21.2964,21.4256,7659000
2003-07-01,21.1522,21.3013,20.7843,21.2864,10202800
2003-07-02,21.1572,21.3709,21.0876,21.2417,7756000
2003-07-03,20.9384,21.1025,20.8788,20.9534,4559000
2003-07-07,21.6294,21.6593,21.0304,21.2268,8346800
2003-07-08,22.5193,22.7231,21.7289,21.7388,12841200
2003-07-09,22.3453,22.5988,22.3453,22.569,8668600
2003-07-10,22.4745,22.5193,21.7537,22.3453,10540000
2003-07-11,23.2997,23.4737,22.6833,22.7181,14630400
2003-07-14,23.4688,23.6925,23.2401,23.434,9372800
2003-07-15,23.4091,23.8863,23.0661,23.6477,10593400
2003-07-16,23.3992,23.5781,23.1456,23.4141,7388800
2003-07-17,23.1854,23.6477,23.1556,23.3693,6791200
2003-07-18,23.3793,23.4737,23.0661,23.2898,5750400
2003-07-21,23.1158,23.4837,23.1009,23.2401,6528000
2003-07-22,23.3644,23.5682,22.7231,22.7231,8704200
2003-07-23,23.6129,23.6378,23.26,23.4886,5449000
2003-07-24,23.4141,23.9013,23.4091,23.6378,6746400
2003-07-25,23.9758,24.0305,23.4389,23.4638,7095000
2003-07-28,24.0305,24.2144,23.8416,23.9858,6973000
2003-07-29,23.6129,24.0603,23.5135,24.0255,9215600
2003-07-30,23.5334,23.6229,23.2749,23.603,10144800
2003-07-31,23.6427,24.11,23.5085,23.6925,6911800
2003-08-01,23.3644,23.6775,23.2152,23.6427,7292800
2003-08-04,23.2053,23.2898,22.6386,23.1755,7619200
2003-08-05,22.8325,23.3395,22.8325,23.2301,7287000
2003-08-06,22.7728,22.9915,22.6933,22.8026,8319600
2003-08-07,22.9816,23.0611,22.6684,22.9667,6626800
2003-08-08,23.3146,23.5682,23.0064,23.0164,5771400
2003-08-11,23.2749,23.5433,23.1009,23.3395,4070400
2003-08-12,24.0355,24.0553,23.4091,23.4389,7738600
2003-08-13,23.7919,24.1349,23.6626,24.0355,5863000
2003-08-14,24.0007,24.11,23.6825,23.7621,5893000
2003-08-15,24.3089,24.3089,23.936,24.0355,3529400
2003-08-18,25.83,26.0289,25.0297,25.3528,25883200
2003-08-19,26.183,26.3023,25.8499,26.0786,17201600
2003-08-20,26.3968,26.536,26.0488,26.1482,9411200
2003-08-21,26.5807,26.9734,26.3471,26.3968,8383600
2003-08-22,26.3023,26.8143,26.2128,26.8143,5898200
2003-08-25,26.2775,26.3172,25.8748,26.2476,5275400
2003-08-26,26.1581,26.2874,25.7555,26.1979,6655000
2003-08-27,26.4713,26.5111,25.9941,25.9991,5643800
2003-08-28,27.0977,27.2816,26.4962,26.4962,7701600
2003-08-29,27.2717,27.3164,26.9684,27.0977,7091200
2003-09-02,27.1325,27.3264,26.8193,27.222,7169400
2003-09-03,27.3761,27.4705,27.1872,27.2916,8859600
2003-09-04,27.7787,27.7887,26.879,27.3761,10145600
2003-09-05,27.0927,27.7787,26.7348,27.7787,10511600
2003-09-08,26.695,27.0927,26.5956,27.043,8322400
2003-09-09,25.8102,26.526,25.7555,26.3719,10988400
2003-09-10,25.3827,25.9344,25.3727,25.6014,8980000
2003-09-11,25.6113,25.7455,25.2986,25.5069,6866800
2003-09-12,25.5765,25.8002,25.0048,25.6113,11272200
2003-09-15,26.2178,26.3222,25.9494,25.9494,11918800
2003-09-16,26.4962,26.6105,25.8599,26.188,7539400
2003-09-17,26.2973,26.6702,26.2973,26.6205,6541200
2003-09-18,26.5658,26.7,25.9494,26.2476,7926800
2003-09-19,26.8143,27.0231,26.4763,26.6453,6046200
2003-09-22,26.4017,26.7199,26.1134,26.4962,5666800
2003-09-23,26.5757,26.8044,26.0488,26.8044,9075000
2003-09-24,26.2874,26.7895,26.1681,26.695,9003000
2003-09-25,26.5509,26.8143,26.3272,26.3471,7121200
2003-09-26,26.1681,26.6453,26.1234,26.5509,5581200
2003-09-29,26.1929,26.3321,25.8748,26.1929,5118200
2003-09-30,25.8002,26.1681,25.1937,26.1681,11034200
2003-10-01,26.6801,26.7696,25.8499,25.8748,7226400
2003-10-02,26.8143,26.9386,26.4619,26.5558,4970200
2003-10-03,27.5849,27.734,26.8442,26.8442,9463200
2003-10-06,28.2262,28.3405,27.6246,27.6644,7921800
2003-10-07,28.5841,28.5841,28.0124,28.2311,10323400
2003-10-08,28.4648,28.6785,28.4001,28.5344,8489600
2003-10-09,28.7133,29.0861,28.0372,28.4648,8038600
2003-10-10,28.3305,28.8823,28.3057,28.6835,7191800
2003-10-13,28.8525,29.0265,28.4846,28.4846,4945600
2003-10-14,29.0812,29.0911,28.5592,28.8525,4648000
2003-10-15,28.8375,29.0961,28.6485,29.0812,7471800
2003-10-16,29.0613,29.0961,28.7032,28.8076,4327400
2003-10-17,28.549,29.315,28.4396,29.116,5891400
2003-10-20,28.9718,29.0165,28.5689,28.6982,4968400
2003-10-21,28.743,29.0663,28.6883,28.9917,7924800
2003-10-22,28.6286,28.7479,28.35,28.743,4615200
2003-10-23,29.1707,29.2055,28.4993,28.5788,7814400
2003-10-24,28.7728,29.1956,28.3799,29.0464,7355200
2003-10-27,29.1956,29.5885,28.922,28.9718,9092400
2003-10-28,29.8173,29.8173,29.1856,29.295,10041200
2003-10-29,29.494,29.7974,29.4592,29.7974,5880400
2003-10-30,29.5686,29.7427,29.2105,29.6929,5478000
2003-10-31,29.3249,29.6432,29.0712,29.6382,7209800
2003-11-03,29.867,30.0511,29.3846,29.4443,5585192
2003-11-04,29.6631,29.8919,29.5487,29.7427,4615894
2003-11-05,29.2453,29.6631,29.0016,29.6631,7091800
2003-11-06,29.4293,29.5388,28.8972,29.121,6568800
2003-11-07,29.3448,29.7825,29.3448,29.6432,4665400
2003-11-10,28.8424,29.4592,28.8325,29.3448,6582800
2003-11-11,29.1707,29.2702,28.7728,28.8424,5117600
2003-11-12,29.2006,29.3597,28.8822,29.1707,6775200
2003-11-13,28.8225,29.2055,28.4843,29.2055,6310600
2003-11-14,29.1061,29.6432,28.7479,28.8225,7603800
2003-11-17,28.7529,29.305,28.2506,29.0265,12027800
2003-11-18,28.4346,29.3299,28.3998,28.9718,10786800
2003-11-19,28.6236,28.7221,28.3202,28.549,4983400
2003-11-20,28.6684,29.2801,28.4993,28.7231,6507800
2003-11-21,28.6037,28.932,28.4943,28.8474,4973200
2003-11-24,29.4592,29.489,28.7479,28.8474,5915600
2003-11-25,29.2254,29.4045,29.0911,29.2702,4944400
2003-11-26,28.932,29.2602,28.6982,29.2553,4456600
2003-11-28,28.9966,29.0961,28.8723,28.9121,1675800
2003-12-01,29.1409,29.1558,28.6336,29.0265,6778400
2003-12-02,28.6236,29.1409,28.5987,28.9718,8892000
2003-12-03,28.4048,28.9121,28.3998,28.7231,9544600
2003-12-04,27.8527,28.4247,27.1066,28.36,11818200
2003-12-05,27.8129,28.3003,27.5145,27.5294,7629600
2003-12-08,28.2356,28.2456,27.6836,28.0268,6651400
2003-12-09,27.793,28.35,27.6537,28.35,6487800
2003-12-10,27.0867,27.793,26.8828,27.6289,7268800
2003-12-11,27.6935,27.9621,27.1215,27.1265,7316400
2003-12-12,27.3802,27.8626,27.3056,27.7433,5472800
2003-12-15,26.9475,28.0531,26.9325,28.0019,7060600
2003-12-16,26.6689,27.032,26.0821,27.032,14126400
2003-12-17,27.2852,27.3852,26.3854,26.3854,8073800
2003-12-18,27.6587,27.7035,27.2061,27.3553,5721800
2003-12-19,27.5194,27.7532,27.2757,27.7532,6904800
2003-12-22,26.9475,27.6686,26.8729,27.5244,8557000
2003-12-23,26.8928,27.2807,26.8082,26.9823,5839800
2003-12-24,26.8579,26.9574,26.7734,26.8928,2084600
2003-12-26,27.2857,27.4399,26.8579,26.8579,1960400
2003-12-29,27.3553,27.3752,27.032,27.231,4587200
2003-12-30,27.3304,27.4399,27.0171,27.3752,3434400
2003-12-31,27.5194,27.6488,27.41,27.4548,4679000
2004-01-02,26.8082,27.9775,26.7485,27.7781,6536400
2004-01-05,26.7435,26.848,26.5595,26.8082,7070000
2004-01-06,27.4846,27.5742,26.6192,26.6292,8403200
2004-01-07,27.5045,27.6488,26.9365,27.3802,5742200
2004-01-08,26.7883,27.5095,26.6689,27.4299,11446800
2004-01-09,26.3606,27.0569,26.3606,26.7386,10061800
2004-01-12,25.6195,26.3606,25.2415,26.3606,21933400
2004-01-13,26.0373,26.0671,25.6145,25.6195,10353800
2004-01-14,26.3208,26.4004,26.1019,26.1865,9857000
2004-01-15,26.4053,26.659,25.7588,26.2611,8503000
2004-01-16,26.3059,26.8331,26.1119,26.8082,10176000
2004-01-20,26.0373,26.5147,25.8383,26.3705,8338000
2004-01-21,26.9574,26.9574,26.0621,26.1368,8454800
2004-01-22,27.4598,27.5294,26.8629,26.9574,9348800
2004-01-23,27.4946,27.7283,27.3802,27.5841,7348600
2004-01-26,27.6637,27.6637,27.2061,27.4448,5275000
2004-01-27,27.6139,27.8328,27.5543,27.6139,6647400
2004-01-28,26.7585,27.7482,26.654,27.604,10151400
2004-01-29,26.5098,26.8579,26.3357,26.7585,12299000
2004-01-30,26.6341,26.8331,26.3904,26.46,4973400
2004-02-02,26.7236,27.1017,26.3606,26.7087,7489200
2004-02-03,26.475,26.7336,26.3655,26.6292,4543000
2004-02-04,26.6391,26.9624,26.2611,26.3655,6384400
2004-02-05,26.7038,26.9077,26.4501,26.5197,6164800
2004-02-06,27.1912,27.2111,26.5098,26.5844,6494400
2004-02-09,27.5294,27.8228,27.0519,27.1961,7853000
2004-02-10,27.8974,28.0516,27.4249,27.4249,8304800
2004-02-11,28.6783,28.7728,27.8527,27.8974,8110800
2004-02-12,28.3998,28.7529,28.2307,28.3998,4724400
2004-02-13,28.6485,28.8027,28.355,28.6982,9063000
2004-02-17,28.932,28.9966,28.7231,28.8723,7232400
2004-02-18,28.5838,29.0961,28.4843,29.0961,5986800
2004-02-19,28.6136,29.0314,28.549,28.7977,8397600
2004-02-20,29.0364,29.1767,28.35,28.7977,8622800
2004-02-23,28.1859,28.6136,27.8825,28.4943,15541600
2004-02-24,27.9522,28.3003,27.7134,28.0019,7160600
2004-02-25,27.6189,28.0765,27.4846,27.9522,8965000
2004-02-26,27.7632,27.9124,27.3354,27.5294,7101400
2004-02-27,27.8527,27.9775,27.3553,27.3553,9600800
2004-03-01,28.2257,28.3202,27.9024,27.9024,4824000
2004-03-02,27.4946,28.1312,27.3304,28.0417,14079600
2004-03-03,27.6189,27.7532,27.4299,27.5791,6318000
2004-03-04,27.5692,27.6537,27.2956,27.6189,4709400
2004-03-05,27.5891,28.176,27.236,27.3702,9961800
2004-03-08,27.1116,27.6338,27.1116,27.594,5982400
2004-03-09,27.1464,27.3205,27.0121,27.1514,7168200
2004-03-10,26.8629,27.3006,26.8231,27.1464,6617000
2004-03-11,26.0621,26.7833,25.9776,26.649,9197600
2004-03-12,26.4053,26.5744,26.1716,26.1865,7002000
2004-03-15,26.1069,26.7087,26.0771,26.4103,6157800
2004-03-16,26.0273,26.3606,25.8334,26.3108,7969600
2004-03-17,26.7087,26.7535,25.898,25.9129,7183200
2004-03-18,27.2757,27.3304,26.6142,26.7087,9587800
2004-03-19,27.0171,27.3205,26.8977,27.2558,5054600
2004-03-22,26.4401,26.843,26.3606,26.7983,6835000
2004-03-23,26.3059,26.5446,26.2561,26.46,5755200
2004-03-24,26.2313,26.3606,25.7488,26.1915,7447600
2004-03-25,27.226,27.3056,26.2661,26.3108,8576400
2004-03-26,27.6637,27.7831,27.1066,27.1564,8556800
2004-03-29,28.1312,28.171,27.7283,27.788,6716400
2004-03-30,27.8029,28.0069,27.6786,28.0019,5772800
2004-03-31,27.9174,28.1561,27.6935,27.8029,6718400
2004-04-01,27.7582,27.977,27.4896,27.793,7146200
2004-04-02,27.3056,28.0019,27.1564,27.9522,9934200
2004-04-05,27.5443,27.5791,27.1116,27.1315,6729800
2004-04-06,27.4548,27.5443,27.3553,27.3553,5606600
2004-04-07,26.8928,27.8477,26.8579,27.8477,9837800
2004-04-08,26.6093,27.2757,26.4352,27.2658,9995400
2004-04-12,26.7635,26.8828,26.5794,26.7585,4696000
2004-04-13,26.4401,26.9972,26.2661,26.8579,10545800
2004-04-14,26.0821,26.3705,25.9129,26.2362,10705200
2004-04-15,26.47,26.6043,26.1119,26.1616,6731800
2004-04-16,26.4799,26.5645,26.2064,26.47,5036400
2004-04-19,26.2909,26.5147,26.1069,26.4799,5127200
2004-04-20,26.1815,26.8331,26.1815,26.5595,5512000
2004-04-21,25.8881,26.2561,25.7637,26.1815,6352200
2004-04-22,26.5048,26.659,25.7936,25.8881,6288800
2004-04-23,26.6292,26.7336,26.2661,26.4203,3539600
2004-04-26,26.5048,27.037,26.4103,26.7585,6153000
2004-04-27,26.5098,26.7038,26.3805,26.5098,8529600
2004-04-28,26.2611,26.5347,26.0422,26.4103,6934400
2004-04-29,25.9826,26.46,25.714,26.2611,7720400
2004-04-30,25.893,26.4849,25.8682,26.4849,6992600
2004-05-03,26.0373,26.3606,25.9676,26.1368,6252000
2004-05-04,25.7389,26.0522,25.6294,26.0373,7229400
2004-05-05,26.087,26.2114,25.6642,25.6842,5995800
2004-05-06,25.6145,26.0174,25.4205,26.0124,6652400
2004-05-07,24.8685,25.6991,24.6546,25.4902,13397600
2004-05-10,24.391,24.6397,23.9235,24.3711,15046600
2004-05-11,24.8486,25.0289,24.5203,24.5203,9013400
2004-05-12,24.6446,24.8486,24.0229,24.8486,10292600
2004-05-13,25.0774,25.1122,24.4706,24.6446,10685800
2004-05-14,25.1569,25.4902,24.774,25.3111,8053200
2004-05-17,24.7093,25.1619,24.5203,25.1569,11417600
2004-05-18,25.4156,25.7737,24.8784,24.8784,13353200
2004-05-19,25.1669,25.7985,25.1669,25.7289,11251000
2004-05-20,25.5499,25.6692,25.1669,25.1719,10822400
2004-05-21,25.4653,25.6046,25.2315,25.5548,7588800
2004-05-24,25.9527,26.0323,25.5747,25.6642,8595400
2004-05-25,26.8828,26.9574,25.7737,25.8881,11737400
2004-05-26,26.8579,27.0271,26.4849,26.7983,9954400
2004-05-27,26.843,27.1017,26.7286,26.8579,8550400
2004-05-28,26.6441,26.9276,26.5744,26.8878,5692400
2004-06-01,26.8281,26.9425,26.6292,26.6441,7606600
2004-06-02,26.8579,26.9325,26.5595,26.8281,7954000
2004-06-03,27.1017,27.4001,26.659,26.7336,9833400
2004-06-04,27.042,27.4001,27.037,27.231,7821800
2004-06-07,27.8378,27.8477,27.1066,27.1066,9109800
2004-06-08,27.8328,27.9323,27.6637,27.7085,8791200
2004-06-09,27.3553,27.7681,27.3304,27.7283,8738400
2004-06-10,27.1066,27.4299,26.9723,27.3553,6364400
2004-06-14,26.8629,27.0917,26.6988,27.0569,5573800
2004-06-15,26.848,27.1066,26.8082,27.0569,6793000
2004-06-16,26.9325,27.0072,26.6192,26.9325,4463800
2004-06-17,26.8629,26.9723,26.8082,26.8828,4310400
2004-06-18,26.659,26.8281,26.5546,26.7585,3965800
2004-06-21,26.6938,26.8778,26.5048,26.6888,3327800
2004-06-22,26.5098,26.6341,26.2163,26.5595,6220600
2004-06-23,26.8082,26.8381,26.4352,26.5446,5074400
2004-06-24,26.8679,27.1812,26.7833,26.848,8429200
2004-06-25,26.8928,27.1812,26.8082,26.9823,6453600
2004-06-28,26.848,27.0569,26.7485,26.9674,5312800
2004-06-29,26.1716,26.7585,26.097,26.7585,11020800
2004-06-30,26.1368,26.2114,25.8035,26.2114,10546200
2004-07-01,26.3904,26.4103,26.0721,26.1417,7823000
2004-07-02,26.5993,26.9027,26.1865,26.3854,7685800
2004-07-06,26.5844,26.8381,26.3357,26.5595,6502600
2004-07-07,26.6441,26.7983,26.4103,26.4103,3945800
2004-07-08,25.6444,26.4053,25.6195,26.2611,8740000
2004-07-09,25.6195,25.9378,25.6195,25.8135,3992000
2004-07-12,25.8135,25.8831,25.4156,25.5648,4441200
2004-07-13,26.1616,26.2909,25.8284,25.8881,6646600
2004-07-14,25.9478,26.3556,25.8632,25.9129,4454400
2004-07-15,25.5847,26.087,25.5797,25.9478,4340000
2004-07-16,25.0276,25.6692,24.9729,25.6046,7745000
2004-07-19,24.2219,24.8635,23.7146,24.8436,24270400
2004-07-20,24.7242,24.8635,24.5452,24.5452,11845800
2004-07-21,24.5203,24.8685,24.4954,24.8685,7498000
2004-07-22,24.3462,24.5004,23.9056,24.3214,7631400
2004-07-23,24.0677,24.4954,23.9483,24.2965,5359600
2004-07-26,23.9981,24.202,23.7494,24.0975,6027800
2004-07-27,24.3064,24.6198,24.0478,24.0478,7077600
2004-07-28,24.1572,24.2716,23.8737,24.2716,6458800
2004-07-29,24.3214,24.4805,24.0926,24.2965,4639600
2004-07-30,24.2318,24.3711,24.1025,24.2617,4418000
2004-08-02,24.197,24.2716,23.9334,24.0926,5906800
2004-08-03,23.8837,24.1721,23.6996,24.1721,9082600
2004-08-04,23.8886,24.0229,23.5206,23.7593,6766600
2004-08-05,23.247,23.9334,23.1426,23.9235,10138000
2004-08-06,23.1227,23.3764,22.8293,23.2271,8948800
2004-08-09,23.3117,23.5107,23.0928,23.2918,5180800
2004-08-10,23.6648,23.6748,23.3266,23.4609,5950400
2004-08-11,23.7195,23.7494,23.3266,23.5007,7672800
2004-08-12,23.4858,23.9682,23.3764,23.7195,7158600
2004-08-13,23.2023,23.814,23.1525,23.4858,9214800
2004-08-16,24.4407,24.769,23.625,23.625,16706200
2004-08-17,24.7143,25.0077,24.6198,24.7939,12065600
2004-08-18,25.2067,25.2863,24.5601,24.6994,8272000
2004-08-19,24.9928,25.3111,24.8535,25.2067,7253000
2004-08-20,25.0276,25.2365,24.8884,24.9928,4197000
2004-08-23,24.8983,25.0326,24.7391,25.0326,5024000
2004-08-24,24.9431,25.1917,24.8237,25.0823,7183800
2004-08-25,24.9182,25.0425,24.6397,24.9679,5478400
2004-08-26,24.9679,25.0575,24.7939,24.9182,3541800
2004-08-27,25.1022,25.2415,24.8535,25.0177,3742800
2004-08-30,24.8784,25.0972,24.8635,24.9282,3468800
2004-08-31,24.7192,24.9282,24.575,24.8734,5656600
2004-09-01,24.958,24.9878,24.6695,24.8436,5868400
2004-09-02,25.8881,25.908,24.9978,24.9978,9282800
2004-09-03,26.0373,26.3059,25.8881,25.9129,7969600
2004-09-07,26.2611,26.4004,25.9925,26.2611,8936800
2004-09-08,26.0124,26.2909,25.9577,26.2611,6475200
2004-09-09,26.1616,26.286,25.9726,26.0572,8300600
2004-09-10,26.6441,26.7833,26.1467,26.1616,7307800
2004-09-13,26.5446,26.7435,26.4203,26.6839,7174600
2004-09-14,26.46,26.5894,26.2362,26.5098,5530400
2004-09-15,26.2462,26.5744,26.2213,26.5744,4535200
2004-09-16,26.46,26.7038,26.271,26.3009,5138600
2004-09-17,26.6292,26.7883,26.4153,26.659,8343800
2004-09-20,26.3606,26.5894,26.2512,26.5396,4424200
2004-09-21,26.7734,26.8629,26.46,26.46,5192200
2004-09-22,26.4153,26.6341,26.3108,26.5844,5888800
2004-09-23,26.4949,26.6938,26.2661,26.4401,4934400
2004-09-24,26.6888,26.8132,26.4949,26.4949,4399200
2004-09-27,26.5744,26.7635,26.4551,26.659,5179600
2004-09-28,26.7386,26.8181,26.1368,26.5744,8460000
2004-09-29,27.2658,27.3056,26.654,26.7386,9427600
2004-09-30,27.032,27.3553,26.9723,27.231,8575000
2004-10-01,27.4448,27.6338,27.1066,27.1564,7658600
2004-10-04,27.6786,27.9571,27.5443,27.5443,6727400
2004-10-05,27.4896,27.7283,27.3901,27.6537,6516600
2004-10-06,27.5493,27.6388,27.3503,27.4299,3489200
2004-10-07,27.1763,27.793,27.1663,27.5841,5381200
2004-10-08,26.9574,27.4299,26.8032,27.1315,5571600
2004-10-11,27.3752,27.4846,27.1564,27.2061,3809800
2004-10-12,27.3354,27.5244,27.1066,27.1564,4439400
2004-10-13,27.3354,27.604,27.2558,27.5493,5830800
2004-10-14,27.2409,27.6587,27.1713,27.4299,5423400
2004-10-15,27.3901,27.5592,27.2906,27.3901,5325600
2004-10-18,28.1063,28.2506,27.2807,27.3304,7198000
2004-10-19,28.0516,28.7231,28.0367,28.35,7430600
2004-10-20,27.8925,28.1014,27.7781,28.0367,6395800
2004-10-21,27.8477,28.1611,27.7632,27.9969,5342400
2004-10-22,27.4747,27.9323,27.41,27.8527,4522600
2004-10-25,26.9773,27.3553,26.8928,27.3553,7329200
2004-10-26,27.2509,27.3553,26.8778,26.8828,7789200
2004-10-27,27.9372,28.1113,27.042,27.1315,8461600
2004-10-28,28.1312,28.1859,27.7681,27.8029,4333200
2004-10-29,27.9919,28.2406,27.7333,28.0317,4585600
2004-11-01,28.5739,28.7231,27.987,28.0417,8050800
2004-11-02,28.9917,29.0215,28.6485,28.6982,8979200
2004-11-03,29.0165,29.4194,28.8623,29.3448,9219400
2004-11-04,29.5089,29.5288,28.8773,28.9171,7494000
2004-11-05,29.5636,29.7526,29.4293,29.5089,6363400
2004-11-08,29.5636,29.5786,29.295,29.5189,5713600
2004-11-09,29.5537,29.6432,29.31,29.3547,7447800
2004-11-10,29.5089,29.7825,29.4791,29.6432,5060600
2004-11-11,29.7875,29.7974,29.494,29.6034,3586800
2004-11-12,29.9665,30.1107,29.6764,29.7875,5664400
2004-11-15,29.4691,29.6134,28.7032,29.6134,20132000
2004-11-16,28.8872,29.5636,28.5192,29.5189,9731800
2004-11-17,28.6833,29.0712,28.5639,28.9668,7718800
2004-11-18,28.6485,28.7181,28.3053,28.5739,7574000
2004-11-19,28.2356,28.6883,28.1859,28.6535,5848000
2004-11-22,28.5639,28.6883,28.1859,28.2605,8180600
2004-11-23,28.4645,28.7231,28.2754,28.4843,4781800
2004-11-24,28.5689,28.7678,28.355,28.6037,3874200
2004-11-26,28.4595,28.6982,28.4595,28.5241,1652000
2004-11-29,28.0616,28.539,27.8726,28.4645,7517800
2004-11-30,27.5194,27.982,27.3802,27.5642,9881000
2004-12-01,28.0616,28.0765,27.6886,27.7433,7791000
2004-12-02,28.554,28.8574,27.6736,27.9372,8412600
2004-12-03,28.5838,28.6932,28.1262,28.3998,5659000
2004-12-06,28.4694,28.6236,28.3899,28.4147,3589400
2004-12-07,28.5241,28.7678,28.3998,28.4744,6067400
2004-12-08,28.8773,29.0961,28.5241,28.5241,6898200
2004-12-09,29.1011,29.1259,28.733,28.7529,5366800
2004-12-10,29.1359,29.2006,28.9966,29.0215,4551600
2004-12-13,29.0464,29.295,28.9718,29.2354,5729800
2004-12-14,28.7977,28.8972,28.6435,28.8972,6278600
2004-12-15,28.8076,28.8972,28.6485,28.8027,5045800
2004-12-16,28.6186,28.7678,28.4147,28.7082,5397000
2004-12-17,28.2406,28.6982,28.1611,28.2804,7773600
2004-12-20,28.0815,28.5987,28.0268,28.4247,4455200
2004-12-21,28.4645,28.5739,28.1511,28.2257,5232000
2004-12-22,28.5938,28.738,28.2953,28.3351,4605000
2004-12-23,28.4993,28.8225,28.4744,28.6932,2817400
2004-12-27,28.2158,28.6336,28.2158,28.6087,2791000
2004-12-28,28.5987,28.5987,28.2356,28.3401,3120200
2004-12-29,28.738,28.7778,28.6186,28.6236,5079400
2004-12-30,28.6037,28.8474,28.5739,28.8375,2293200
2004-12-31,28.6435,28.8375,28.6136,28.7131,2563400
2005-01-03,28.8275,29.0116,28.6783,28.8375,5380800
2005-01-04,28.2257,28.932,28.2257,28.8275,6057800
2005-01-05,27.987,28.3899,27.9372,28.2307,5388200
2005-01-06,28.0765,28.2307,27.8029,28.0118,6147600
2005-01-07,28.181,28.35,28.1262,28.3351,5048000
2005-01-10,28.7678,28.8822,27.9969,28.0268,7778400
2005-01-11,28.6385,28.8773,28.5221,28.5241,6683400
2005-01-12,28.5588,28.7678,28.29,28.5836,6491200
2005-01-13,28.0909,28.5936,28.0212,28.4592,6117000
2005-01-14,28.3049,28.4642,28.0959,28.2402,4950200
2005-01-18,28.5886,28.5986,28.076,28.1208,4034600
2005-01-19,28.4343,28.6683,28.4045,28.5389,3317600
2005-01-20,27.9963,28.4692,27.8271,28.3647,6339000
2005-01-21,27.8271,28.0959,27.7773,27.9565,5862200
2005-01-24,27.419,28.0063,27.409,27.9963,6224000
2005-01-25,27.6977,27.852,27.5235,27.5235,5905200
2005-01-26,27.8918,28.081,27.7823,27.9466,5245000
2005-01-27,27.8271,27.9715,27.7276,27.9217,5112800
2005-01-28,27.9615,28.0561,27.6977,27.8221,4436800
2005-01-31,28.3647,28.5389,28.3199,28.3696,6085200
2005-02-01,28.4094,28.4841,28.1905,28.4692,6122000
2005-02-02,28.5189,28.5189,28.3348,28.4692,4309600
2005-02-03,28.504,28.5737,28.3467,28.4194,4124400
2005-02-04,29.1908,29.1908,28.509,28.509,5106600
2005-02-07,29.3402,29.5641,29.0913,29.1411,5549600
2005-02-08,29.2207,29.3601,29.1411,29.2556,5055800
2005-02-09,28.8026,29.3551,28.7628,29.1411,4803400
2005-02-10,29.3899,29.4646,28.8289,28.8325,6348000
2005-02-11,29.6637,29.8478,29.1361,29.3651,6444800
2005-02-14,29.4148,29.6289,29.3402,29.584,3457400
2005-02-15,29.4646,29.604,29.3402,29.4049,3434000
2005-02-16,29.6189,29.6786,29.2506,29.4696,5760600
2005-02-17,29.4298,29.6388,29.1461,29.6089,4343600
2005-02-18,29.2406,29.4895,29.1162,29.4298,7026600
2005-02-22,28.6334,29.0017,28.5289,28.9171,8008000
2005-02-23,28.8176,29.1162,28.2452,28.6185,11303400
2005-02-24,29.4497,29.4646,28.5389,29.0664,8866000
2005-02-25,29.3651,29.4347,29.1262,29.3999,7924200
2005-02-28,29.2556,29.5144,29.161,29.2108,8200400
2005-03-01,29.0415,29.4049,28.8773,29.1759,9082200
2005-03-02,28.8823,29.0664,28.6931,28.7429,10534400
2005-03-03,28.9171,29.1212,28.8176,28.8922,7410200
2005-03-04,28.9669,29.0216,28.718,28.9918,6044200
2005-03-07,28.8424,29.0714,28.7529,28.8424,6059000
2005-03-08,28.7429,28.8574,28.5737,28.6732,5759600
2005-03-09,28.4692,28.6832,28.3746,28.5936,5893400
2005-03-10,28.6931,28.7877,28.4493,28.4542,5254800
2005-03-11,28.6931,28.8524,28.5538,28.6185,3857200
2005-03-14,28.6085,28.7131,28.3895,28.6683,4632200
2005-03-15,28.6533,28.7031,28.4791,28.6683,4805200
2005-03-16,28.5538,28.5936,28.3199,28.4941,4917600
2005-03-17,28.4592,28.5588,28.3746,28.4741,5385200
2005-03-18,28.3746,28.6235,28.2054,28.4642,8514000
2005-03-21,28.1506,28.3099,27.9217,28.2552,4783400
2005-03-22,27.9963,28.3696,27.9317,28.1506,5954000
2005-03-23,28.1357,28.28,27.7375,27.9963,7925600
2005-03-24,28.2751,28.4642,28.071,28.1357,7165800
2005-03-28,28.728,28.8673,28.2751,28.28,7797000
2005-03-29,28.2999,28.6882,28.2352,28.6185,8396400
2005-03-30,28.3149,28.5637,28.2502,28.2751,5599800
2005-03-31,28.4144,28.5737,28.2601,28.3647,6973200
2005-04-01,27.9665,28.5488,27.8022,28.5189,9856000
2005-04-04,28.1058,28.2452,27.6579,28.0212,5932200
2005-04-05,28.285,28.4045,27.8968,28.1058,4768800
2005-04-06,28.1258,28.3597,28.0967,28.295,6239000
2005-04-07,28.0411,28.1855,27.633,28.071,8062400
2005-04-08,27.2796,27.9267,27.1602,27.6728,11801000
2005-04-11,27.1104,27.3593,27.0656,27.1253,6583200
2005-04-12,27.5285,27.628,26.9512,27.0109,8626000
2005-04-13,26.7819,27.5783,26.6276,27.3891,11346600
2005-04-14,26.2991,26.7819,26.2643,26.7819,8279800
2005-04-15,25.7019,26.1299,25.6969,25.9806,8075600
2005-04-18,26.4086,26.4435,25.7069,25.7318,8819800
2005-04-19,26.1797,26.4236,26.0752,26.329,6542800
2005-04-20,25.6322,26.2145,25.5397,26.0553,8514600
2005-04-21,26.0204,26.1747,25.7616,25.9806,6020600
2005-04-22,25.8213,26.12,25.6969,26.0304,6196800
2005-04-25,25.896,26.329,25.8711,26.0304,4801600
2005-04-26,25.9308,26.324,25.8263,25.896,4263800
2005-04-27,26.0204,26.3987,25.6521,25.8313,6077000
2005-04-28,25.7517,26.1797,25.5874,26.0304,6035200
2005-04-29,25.9358,26.0105,25.244,25.8562,7670200
2005-05-02,26.2245,26.339,25.9308,25.9308,5787600
2005-05-03,26.0354,26.2991,25.8562,25.9259,8068000
2005-05-04,26.5729,26.6326,25.886,26.0354,7508800
2005-05-05,26.5729,26.8914,26.4037,26.4037,4492200
2005-05-06,26.6476,27.0357,26.6077,26.6276,6051800
2005-05-09,26.9661,26.991,26.4534,26.6028,4523400
2005-05-10,26.7521,26.8715,26.5181,26.7272,4699800
2005-05-11,26.767,26.8665,26.2046,26.5978,4765000
2005-05-12,26.2942,26.981,26.2046,26.6724,11963000
2005-05-13,26.3091,26.3937,25.8164,26.1548,6642600
2005-05-16,27.7724,27.7724,26.4982,26.4982,15522800
2005-05-17,27.8022,28.071,27.4737,27.7724,9739000
2005-05-18,28.5787,28.6384,27.8172,27.8669,13089200
2005-05-19,28.8126,28.8574,28.4194,28.5389,14563400
2005-05-20,28.5886,28.8126,28.3945,28.8126,4429000
2005-05-23,28.5588,28.728,28.2203,28.2203,7121600
2005-05-24,28.5588,28.6284,28.28,28.3796,5920400
2005-05-25,28.3298,28.4941,28.1208,28.4343,6704400
2005-05-26,28.8126,28.8624,28.3199,28.4741,10420000
2005-05-27,28.4443,28.7678,28.3895,28.7579,4449400
2005-05-31,28.4741,28.728,28.1506,28.3447,6648800
2005-06-01,28.728,28.8673,28.3398,28.3945,7023400
2005-06-02,28.7429,28.8026,28.4891,28.5538,5455400
2005-06-03,28.3497,28.8474,28.2203,28.6085,4115000
2005-06-06,28.8325,28.8524,28.2303,28.3895,4146000
2005-06-07,29.3651,29.7184,28.8424,28.8673,12715800
2005-06-08,29.3999,29.813,29.3352,29.37,8481600
2005-06-09,29.2755,29.5741,29.0963,29.3402,5534400
2005-06-10,29.0166,29.4746,28.6235,29.4148,9834400
2005-06-13,28.8673,29.2804,28.6633,28.9221,4867800
2005-06-14,29.2257,29.4895,28.7728,28.8424,7647800
2005-06-15,29.4447,29.6637,29.161,29.3651,4951000
2005-06-16,29.3949,29.7931,29.2456,29.4447,6420400
2005-06-17,29.5741,29.8578,29.5492,29.8528,8558400
2005-06-20,29.589,29.6189,29.151,29.4148,5125000
2005-06-21,29.2157,29.584,29.2157,29.5393,3896400
2005-06-22,29.1759,29.37,29.0963,29.2207,3405600
2005-06-23,28.6434,29.3651,28.6434,29.1759,5603200
2005-06-24,28.2452,28.6683,28.1307,28.4692,7001800
2005-06-27,28.3398,28.5737,28.1705,28.1705,5152000
2005-06-28,28.8673,28.9768,28.4692,28.4692,4795400
2005-06-29,28.7827,29.1013,28.6533,28.8624,3878200
2005-06-30,28.9768,29.4646,28.9171,29.2406,7090400
2005-07-01,28.6683,29.1162,28.4692,29.0067,4793000
2005-07-05,28.9768,29.0863,28.5438,28.5588,4183200
2005-07-06,28.7927,29.1062,28.5936,28.9818,4165200
2005-07-07,28.9967,29.0316,28.3696,28.499,3867600
2005-07-08,29.6239,29.7184,29.0913,29.1162,6764000
2005-07-11,30.2261,30.2858,29.5243,29.7334,12417400
2005-07-12,31.0623,31.2514,30.0967,30.1116,14773600
2005-07-13,30.9577,31.0822,30.7935,30.9826,6677400
2005-07-14,31.3061,31.5301,31.0075,31.0075,7914400
2005-07-15,31.6794,31.8486,31.0921,31.3111,5917800
2005-07-18,32.1323,32.1473,31.4555,31.5052,7621200
2005-07-19,32.8391,33.1576,32.1721,32.1771,12790000
2005-07-20,32.869,33.1726,32.5156,32.7993,6360200
2005-07-21,32.4758,32.8391,32.0925,32.7744,8065800
2005-07-22,32.7147,32.7296,32.3364,32.5504,4015000
2005-07-25,32.635,32.849,32.4359,32.6301,6957200
2005-07-26,32.9984,33.0481,32.6997,32.7495,6628800
2005-07-27,32.8839,33.0879,32.5554,33.083,5922200
2005-07-28,33.3468,33.3517,32.9536,33.0232,5937800
2005-07-29,32.9585,33.2721,32.854,33.2472,6298200
2005-08-01,32.9038,33.0382,32.4758,32.9635,6059800
2005-08-02,32.8889,33.1576,32.5952,32.9038,4927600
2005-08-03,32.5454,32.8988,32.426,32.8889,5813800
2005-08-04,31.55,32.207,31.2713,32.202,11036000
2005-08-05,31.3908,31.555,31.2414,31.55,6203400
2005-08-08,31.1767,31.6744,31.0075,31.5052,4525000
2005-08-09,32.1274,32.1473,31.4355,31.4455,7348400
2005-08-10,32.5106,32.849,32.3364,32.3961,10863800
2005-08-11,32.3265,32.6898,31.9432,32.4011,6660200
2005-08-12,32.4459,32.6549,31.8686,32.1473,7975200
2005-08-15,32.7943,33.3318,32.0676,33.3318,12076000
2005-08-16,32.197,32.7545,32.1672,32.6997,9938200
2005-08-17,32.5604,32.7694,31.8586,32.1522,7262400
2005-08-18,32.6898,32.7246,32.2478,32.4061,6618200
2005-08-19,32.197,32.8092,32.197,32.8092,7785400
2005-08-22,31.8088,32.2916,31.6297,32.2369,9624600
2005-08-23,31.7591,31.998,31.6197,31.7541,7396000
2005-08-24,31.2912,31.775,31.2663,31.769,7036200
2005-08-25,31.9482,31.998,31.3808,31.4057,7093800
2005-08-26,31.4455,31.983,31.2912,31.8636,6020800
2005-08-29,32.1522,32.2767,31.7292,31.978,9163200
2005-08-30,31.3011,32.1522,31.0175,32.1522,11469400
2005-08-31,32.0079,32.0079,31.0424,31.3559,10050800
2005-09-01,32.1721,32.6301,31.9133,31.9581,11100200
2005-09-02,31.978,32.6002,31.8586,32.4011,4096600
2005-09-06,33.078,33.1477,32.2269,32.2269,8176200
2005-09-07,33.4961,33.506,32.849,33.1974,9327600
2005-09-08,33.3468,33.5956,33.1526,33.2771,7076400
2005-09-09,33.8893,33.8893,33.2671,33.3517,7311400
2005-09-12,34.2476,34.3123,33.6205,33.72,7868000
2005-09-13,33.5807,34.3173,33.5409,34.2476,8850000
2005-09-14,32.8441,33.6006,32.6052,33.5807,8221800
2005-09-15,32.8889,33.083,32.5255,32.9685,5383800
2005-09-16,32.5504,33.0481,32.2269,32.9884,14118600
2005-09-19,32.0179,32.5554,31.7541,32.5504,5985200
2005-09-20,31.4206,32.2916,31.2414,32.1771,5926800
2005-09-21,31.0722,31.3957,30.475,31.2962,11324600
2005-09-22,32.5006,32.635,30.8682,31.1568,12027600
2005-09-23,32.5454,32.9237,32.1373,32.4509,8278800
2005-09-26,32.4857,32.9934,32.1572,32.6898,7426800
2005-09-27,32.1025,32.5753,31.7143,32.4857,6936800
2005-09-28,31.4654,32.3414,31.331,32.3414,8337000
2005-09-29,31.9283,32.2468,31.2315,31.4355,9716200
2005-09-30,32.0527,32.4359,31.7541,31.9532,5976400
2005-10-03,31.9034,32.4509,31.8387,32.0925,5510800
2005-10-04,31.6446,32.3364,31.6446,31.9532,6458600
2005-10-05,31.2066,31.5799,31.0623,31.555,7063400
2005-10-06,31.127,31.7989,30.46,31.4903,9946400
2005-10-07,31.2713,31.6048,30.9577,31.3808,5895000
2005-10-10,30.8084,31.2962,30.5844,31.1668,5831600
2005-10-11,30.4003,31.1319,30.4003,30.8482,8245400
2005-10-12,30.5895,30.6992,29.9768,30.191,12861200
2005-10-13,30.2458,30.5995,29.6729,30.4401,7494600
2005-10-14,30.4949,30.6444,30.2807,30.5347,6965200
2005-10-17,30.5447,30.5447,29.851,30.47,8393000
2005-10-18,29.8173,30.3953,29.6579,30.3903,11707400
2005-10-19,30.8337,30.8885,29.4337,29.7924,11941200
2005-10-20,30.7091,31.3468,30.5397,30.8337,10129000
2005-10-21,30.4501,31.2322,30.3703,31.0379,9747200
2005-10-24,30.8735,30.8934,30.3006,30.6394,6932000
2005-10-25,30.3404,30.9682,30.196,30.8785,8672200
2005-10-26,29.8472,30.4002,29.7675,30.0166,9319000
2005-10-27,29.0352,29.9319,28.811,29.8173,9513400
2005-10-28,29.8019,29.8273,29.1448,29.2793,7515000
2005-10-31,30.2558,30.5796,30.1312,30.1661,8971800
2005-11-01,29.917,30.191,29.7177,30.191,9615800
2005-11-02,30.0664,30.1412,29.8622,29.8672,16192400
2005-11-03,30.4451,30.6344,30.2209,30.2408,14455200
2005-11-04,30.3654,30.5995,30.181,30.5995,7114000
2005-11-07,30.8636,30.9134,30.46,30.5148,8133800
2005-11-08,30.1412,30.4451,29.9419,30.4401,9010200
2005-11-09,30.0565,30.2906,29.8622,30.2408,7076400
2005-11-10,30.3903,30.6693,29.9867,30.0067,8105600
2005-11-11,30.8735,30.9831,30.2906,30.475,7732600
2005-11-14,32.3283,32.9062,32.0144,32.6322,20348200
2005-11-15,31.9397,32.5724,31.6956,32.3133,8516000
2005-11-16,32.3532,32.4777,31.9197,32.1091,6985400
2005-11-17,32.682,32.7218,32.1439,32.3532,6331400
2005-11-18,32.8564,32.9361,32.5824,32.682,8197600
2005-11-21,33.0706,33.1204,32.2585,32.7318,6795200
2005-11-22,33.3994,33.4492,32.8016,32.9161,7204600
2005-11-23,33.1902,33.5538,33.0008,33.4193,4651600
2005-11-25,33.2549,33.4044,32.8414,33.4044,2167200
2005-11-28,33.1304,33.4791,32.7119,33.3795,7793800
2005-11-29,33.7531,33.8029,33.1702,33.3546,11351400
2005-11-30,33.6186,33.8129,33.4393,33.7531,8780200
2005-12-01,33.7681,33.8378,33.3247,33.8029,7115200
2005-12-02,33.793,33.8577,33.6335,33.6535,4976800
2005-12-05,33.3745,33.7282,33.245,33.6286,7373000
2005-12-06,33.5588,33.7531,33.1304,33.5788,7056000
2005-12-07,33.793,33.8129,33.4393,33.5289,7789800
2005-12-08,33.8677,34.1318,33.6435,33.793,9998200
2005-12-09,33.8777,34.057,33.5588,33.8428,4558600
2005-12-12,34.1019,34.2762,33.9574,34.067,4451400
2005-12-13,34.2812,34.4108,33.5837,33.8777,7099400
2005-12-14,34.4954,34.7146,34.2563,34.326,5218800
2005-12-15,34.5702,34.7196,34.1716,34.7196,4710400
2005-12-16,34.5801,34.7246,34.331,34.6798,6431800
2005-12-19,34.1467,34.5801,34.057,34.4257,3644400
2005-12-20,34.1617,34.4805,33.778,34.326,9669800
2005-12-21,34.4855,34.7196,34.3011,34.326,5680000
2005-12-22,33.8428,34.331,33.6385,34.326,7072000
2005-12-23,33.6086,33.8777,33.3546,33.8727,5144800
2005-12-27,33.3745,33.9225,33.2499,33.6435,4321200
2005-12-28,33.3844,33.5439,33.3047,33.3795,3468200
2005-12-29,33.4542,33.6784,33.3147,33.3147,2314200
2005-12-30,33.2101,33.6335,33.1852,33.3297,2747600
2006-01-03,33.4143,33.5837,32.5325,33.1852,7907400
2006-01-04,33.0008,33.1204,32.7617,32.8315,9272600
2006-01-05,32.6172,33.1304,32.5327,33.0008,6449200
2006-01-06,32.2336,32.7318,32.0941,32.7318,10637200
2006-01-09,32.4229,32.5176,32.0493,32.1439,8438400
2006-01-10,32.8514,32.9112,32.2087,32.2087,6556600
2006-01-11,33.3047,33.4343,32.8065,32.8364,7440600
2006-01-12,33.0507,33.4741,32.8813,33.3047,5913400
2006-01-13,33.0008,33.24,32.8614,33.1254,4530600
2006-01-17,32.5475,32.7766,32.3482,32.7069,5961600
2006-01-18,32.4927,32.7021,31.9142,32.5525,7030200
2006-01-19,32.2683,32.5874,31.9741,32.3381,5605000
2006-01-20,31.4804,32.368,31.4654,32.363,10708200
2006-01-23,31.5452,31.7646,31.4405,31.65,7802800
2006-01-24,31.999,32.0788,31.5602,31.6699,7736400
2006-01-25,31.8095,32.2882,31.615,32.0638,6526400
2006-01-26,32.5076,32.6522,31.9841,32.1137,7532600
2006-01-27,32.4678,33.0462,32.3032,32.4129,6878800
2006-01-30,31.9043,32.5575,31.8644,32.4229,5215800
2006-01-31,31.6898,32.009,31.5402,31.8644,7963000
2006-02-01,31.5801,32.014,31.3906,32.014,8085000
2006-02-02,31.999,32.1835,31.4455,31.7048,9241200
2006-02-03,31.6749,32.1287,31.5801,31.7397,5658800
2006-02-06,31.3757,31.5751,31.1912,31.5004,5316000
2006-02-07,30.8521,31.4006,30.8321,31.0964,7625000
2006-02-08,31.1663,31.251,30.498,30.6776,7157400
2006-02-09,31.1663,31.5253,30.9369,31.1513,4888600
2006-02-10,31.2261,31.4206,30.7673,31.1912,6417800
2006-02-13,31.6948,31.7846,31.1513,31.241,5660200
2006-02-14,32.6522,32.6822,31.6749,31.8793,9825800
2006-02-15,32.9315,32.9365,32.1636,32.1636,9938600
2006-02-16,33.2307,33.2905,32.9614,33.0961,6753200
2006-02-17,33.0462,33.2307,32.8118,33.2307,4593800
2006-02-21,32.6872,33.4401,32.4129,33.3853,6522000
2006-02-22,32.9066,33.0861,32.762,32.9016,5413200
2006-02-23,32.6473,33.0611,32.5625,32.9415,6267800
2006-02-24,32.6722,32.7171,32.2184,32.6473,5330400
2006-02-27,34.5571,34.6868,33.7842,34.0585,22597600
2006-02-28,33.9986,34.7317,33.9637,34.4823,8557400
2006-03-01,34.0685,34.1083,33.4102,33.9986,9326400
2006-03-02,34.0385,34.218,33.6895,33.7593,9679600
2006-03-03,33.6047,33.9188,33.5548,33.7593,6745200
2006-03-06,33.2506,33.5848,33.2357,33.49,7670200
2006-03-07,32.8717,33.0013,32.6921,32.9913,10449800
2006-03-08,33.2457,33.6047,32.7221,32.9215,8828000
2006-03-09,32.6124,33.3853,32.4628,33.2855,8670200
2006-03-10,32.6124,32.757,32.4927,32.6622,7760200
2006-03-13,32.8368,33.0013,32.6622,32.8118,5108000
2006-03-14,33.6645,33.879,32.8148,32.8368,8133600
2006-03-15,33.6396,33.7144,33.1659,33.5598,6716400
2006-03-16,33.8091,34.0186,33.7692,33.8839,7168600
2006-03-17,34.223,34.3128,33.7842,33.9338,9319200
2006-03-20,33.9089,34.3327,33.7892,34.0734,5268800
2006-03-21,33.7294,33.9039,33.4401,33.8989,5183600
2006-03-22,33.5349,33.7094,33.3653,33.6595,4790000
2006-03-23,33.1958,33.879,33.1958,33.6197,6626800
2006-03-24,32.9913,33.2157,32.6921,33.1958,4976000
2006-03-27,32.8617,33.4451,32.8517,33.4451,5799000
2006-03-28,32.752,33.111,32.6124,32.9365,7390400
2006-03-29,32.757,33.1559,32.7171,32.8118,4096600
2006-03-30,32.2982,32.9602,32.2882,32.6323,6512000
2006-03-31,32.1337,32.5575,32.1137,32.4229,7728200
2006-04-03,32.004,32.388,31.8494,32.388,11413600
2006-04-04,32.6672,32.7121,32.1885,32.2633,7030200
2006-04-05,33.2606,33.3903,32.7071,32.7171,9302200
2006-04-06,33.106,33.2905,32.8866,33.0163,4855400
2006-04-07,32.6074,33.3055,32.4678,33.0562,6111000
2006-04-10,32.4977,32.762,32.4129,32.5874,3675600
2006-04-11,32.2633,32.6872,32.019,32.4977,7596000
2006-04-12,31.989,32.2134,31.7696,32.2084,3878200
2006-04-13,32.0588,32.2434,31.9392,31.9691,4769600
2006-04-17,31.6549,32.1087,31.5602,32.0638,7604600
2006-04-18,31.9791,32.1636,31.6699,31.6699,11354200
2006-04-19,31.7896,31.9541,31.4355,31.8644,7366200
2006-04-20,31.7646,31.8145,31.5602,31.6649,8422000
2006-04-21,31.5552,32.1137,31.3657,32.0888,12550000
2006-04-24,31.3308,31.6599,31.2361,31.63,8596400
2006-04-25,31.2111,31.5352,31.1014,31.3308,6908400
2006-04-26,31.3458,31.8295,31.1812,31.4405,7211400
2006-04-27,31.5901,32.0389,31.0665,31.3507,14297600
2006-04-28,31.4405,31.7995,31.3158,31.4156,8208400
2006-05-01,31.6898,32.0339,31.625,31.625,7051400
2006-05-02,31.266,31.7696,31.1812,31.6898,6596400
2006-05-03,31.0914,31.3109,30.9219,31.1413,5415800
2006-05-04,31.2859,31.4555,31.0216,31.1912,3863000
2006-05-05,32.5725,32.5774,31.6549,31.6549,8075200
2006-05-08,32.3979,32.742,32.358,32.4129,4874200
2006-05-09,32.6273,32.762,32.3431,32.4029,4383600
2006-05-10,32.1436,32.7021,32.014,32.4528,4646000
2006-05-11,32.0688,32.3231,31.9691,32.2483,5612400
2006-05-12,31.5502,32.0738,31.241,32.0688,6656600
2006-05-15,31.5352,31.9791,31.2909,31.5352,7648400
2006-05-16,31.1712,31.645,31.1264,31.5153,8522800
2006-05-17,30.5529,31.1513,30.5429,31.0565,7997000
2006-05-18,30.6676,31.0964,30.4681,30.6776,7910000
2006-05-19,31.2361,31.266,30.5679,30.8671,8748000
2006-05-22,29.8298,31.1712,29.5306,30.9419,21067200
2006-05-23,29.6254,30.0991,29.6154,30.0093,11227600
2006-05-24,30.2487,30.4183,29.4907,29.7052,14428400
2006-05-25,30.9369,31.0416,30.5329,30.7174,12698800
2006-05-26,30.8421,31.1912,30.7573,30.9917,5639400
2006-05-30,30.4133,30.523,30.2437,30.518,7821000
2006-05-31,31.0565,31.0615,30.5728,30.6177,7653600
2006-06-01,31.645,31.6699,30.9069,30.9668,10149800
2006-06-02,31.645,31.9192,31.1862,31.6799,8076000
2006-06-05,30.9767,31.625,30.9419,31.4156,7347400
2006-06-06,30.6726,31.2161,30.3534,31.1014,11650200
2006-06-07,30.3983,30.8421,30.3385,30.6726,8126200
2006-06-08,30.9817,31.1663,30.1191,30.1191,11058800
2006-06-09,30.9967,31.1663,30.8521,30.9817,6478200
2006-06-12,30.5579,31.1313,30.518,31.0166,7135800
2006-06-13,30.7723,31.0914,30.4183,30.5679,8985000
2006-06-14,31.0515,31.2959,30.6726,30.7972,8928400
2006-06-15,31.4804,31.6599,31.0615,31.0865,10670400
2006-06-16,31.0366,31.625,30.9219,31.4355,8793800
2006-06-19,30.7075,31.2759,30.6177,31.1413,5485600
2006-06-20,30.513,30.9169,30.3734,30.8421,7343600
2006-06-21,30.8222,31.0665,30.3185,30.3933,5774000
2006-06-22,30.493,31.2261,30.3983,31.2261,6043800
2006-06-23,30.3484,30.6077,30.2537,30.2936,5656200
2006-06-26,30.9219,31.0117,30.3235,30.3235,5039400
2006-06-27,30.4183,31.0067,30.3235,30.8421,4959200
2006-06-28,30.1889,30.5728,29.9495,30.518,4663200
2006-06-29,30.8122,30.8122,30.2986,30.493,5979000
2006-06-30,30.2537,30.897,30.1141,30.8122,7821400
2006-07-03,30.3385,31.0665,30.0891,30.518,2782100
2006-07-05,30.3285,30.4881,30.0692,30.3484,7282000
2006-07-06,30.1988,30.498,30.0792,30.4681,7196800
2006-07-07,28.8824,29.9794,28.643,29.8797,11796900
2006-07-10,28.6231,29.1616,28.5134,29.0719,6542600
2006-07-11,28.4535,28.9223,27.8352,28.9123,10379700
2006-07-12,27.3665,28.4834,27.2966,28.4735,12517800
2006-07-13,27.8851,27.905,26.8279,27.4762,17942600
2006-07-14,27.8053,28.1643,27.2667,27.7853,11616400
2006-07-17,27.8651,28.2241,27.526,27.8153,8086100
2006-07-18,27.6956,28.1743,27.3565,27.925,9322400
2006-07-19,28.6031,28.8126,27.4962,27.6756,11019200
2006-07-20,28.0945,28.7228,28.0646,28.4735,9718200
2006-07-21,28.0347,28.1942,27.7055,28.1145,7036400
2006-07-24,28.7727,28.9123,28.0347,28.0347,8084100
2006-07-25,29.2314,29.3611,28.5333,28.6929,7036800
2006-07-26,28.673,29.0918,28.5533,29.012,5866400
2006-07-27,28.3738,28.9322,28.294,28.7228,6228500
2006-07-28,28.6231,28.9422,28.3538,28.5233,5921400
2006-07-31,28.274,28.7527,28.2441,28.5333,6873400
2006-08-01,28.0746,28.284,27.925,28.274,5555600
2006-08-02,28.4236,28.4236,27.536,27.7754,8635500
2006-08-03,28.9322,29.0719,27.7853,27.8252,8287700
2006-08-04,28.7029,29.76,28.0446,29.4209,10374300
2006-08-07,28.5732,28.7627,28.2241,28.6031,4414000
2006-08-08,28.2341,28.643,28.0546,28.5333,5882700
2006-08-09,27.3166,28.3039,27.1371,28.3039,10781000
2006-08-10,27.9449,27.9449,27.1869,27.2268,7412100
2006-08-11,28.0247,28.0945,27.6258,27.7255,5778200
2006-08-14,28.0247,28.6331,27.925,28.3738,5231400
2006-08-15,28.5632,28.9023,28.1344,28.4336,7661900
2006-08-16,28.7727,28.8425,28.1643,28.8225,5119200
2006-08-17,29.3711,29.7201,28.5233,28.673,7396300
2006-08-18,29.4409,29.8697,29.3212,29.6204,7247400
2006-08-21,28.274,28.5034,27.8252,28.1244,15824600
2006-08-22,27.8452,28.2441,27.8053,28.2341,10511000
2006-08-23,27.0373,27.8153,26.9875,27.6756,13954200
2006-08-24,26.2993,27.4263,26.1397,27.4263,20595600
2006-08-25,26.6783,26.778,26.0799,26.0799,11347200
2006-08-28,27.0573,27.2767,26.6982,26.778,9286700
2006-08-29,27.157,27.2867,26.8877,27.0673,9014300
2006-08-30,27.177,27.4562,27.0473,27.3365,6542200
2006-08-31,26.9875,27.167,26.9077,27.1271,6717800
2006-09-01,27.2568,27.4263,26.9875,27.0074,6634800
2006-09-05,27.7454,27.8153,27.0772,27.0772,8253600
2006-09-06,27.3764,27.7355,27.2268,27.7255,7541400
2006-09-07,27.0174,27.4263,26.8279,27.157,9264900
2006-09-08,27.167,27.2867,26.9775,27.1171,5650400
2006-09-11,27.7853,27.8751,26.6883,26.6883,7895700
2006-09-12,28.7727,29.2414,27.7754,27.7754,13900500
2006-09-13,28.8824,29.2115,28.5134,28.7228,8534000
2006-09-14,29.2514,29.3312,28.274,28.4934,8318100
2006-09-15,29.2713,29.6104,28.7228,29.5306,12046900
2006-09-18,28.8026,29.1118,28.5632,28.9023,6624700
2006-09-19,28.4834,28.8026,28.2142,28.7926,7930900
2006-09-20,28.2341,28.7228,28.2042,28.7228,9664100
2006-09-21,28.294,28.5233,28.1045,28.2341,9704000
2006-09-22,28.2541,28.274,27.8551,27.9748,8465600
2006-09-25,28.7627,28.9322,27.9748,28.264,10919900
2006-09-26,28.7727,29.4209,28.294,28.3229,16921400
2006-09-27,28.294,28.7627,28.1743,28.3738,10778900
2006-09-28,28.5732,28.7527,28.1344,28.4236,10592300
2006-09-29,27.9848,28.7228,27.9848,28.6231,7294000
2006-10-02,28.0845,28.264,27.7754,28.0237,6884200
2006-10-03,28.5533,28.6331,27.9449,28.1244,6869600
2006-10-04,29.8797,29.8897,28.3339,28.4236,15521500
2006-10-05,29.9695,29.9894,29.3382,29.7201,8659400
2006-10-06,29.1317,29.8598,29.022,29.7201,10644100
2006-10-09,29.6603,29.9495,28.9223,28.9322,7748300
2006-10-10,30.1191,30.2188,29.75,29.8298,7530900
2006-10-11,30.4183,30.6875,30.0492,30.1091,10528200
2006-10-12,30.9967,31.1563,30.528,30.5579,12118200
2006-10-13,30.8671,30.9169,30.498,30.9169,10360900
2006-10-16,31.0565,31.4654,31.0166,31.3657,8462600
2006-10-17,30.4681,31.1164,30.2387,31.0565,9814400
2006-10-18,31.2161,31.2859,30.5379,30.7773,11541100
2006-10-19,30.4183,31.266,30.2986,30.9767,6727500
2006-10-20,30.1689,30.5978,29.9695,30.5878,9093100
2006-10-23,30.8072,30.8571,29.9695,29.9794,7212300
2006-10-24,30.3684,30.9169,30.2687,30.528,5726800
2006-10-25,29.9196,30.4262,29.77,30.4183,9990100
2006-10-26,30.5579,30.6377,29.7899,29.9196,10291400
2006-10-27,30.2487,30.5679,30.159,30.4282,7948100
2006-10-30,30.2088,30.4482,30.0891,30.3784,7221500
2006-10-31,30.0592,30.528,29.8697,30.3983,7986200
2006-11-01,29.5406,30.1689,29.4907,30.0792,9219100
2006-11-02,29.391,29.6603,29.1716,29.2713,6827300
2006-11-03,28.9721,29.6902,28.7228,29.391,8850800
2006-11-06,28.7428,29.1217,28.5134,28.6131,12835500
2006-11-07,29.2514,29.4309,28.673,28.673,26306300
2006-11-08,29.4409,29.5905,29.0519,29.2514,9144100
2006-11-09,29.022,29.4309,29.0021,29.1217,9251000
2006-11-10,29.0918,29.2713,28.7727,29.1217,5266700
2006-11-13,28.9223,29.411,28.9123,28.9622,7358000
2006-11-14,30.149,30.2587,28.673,29.1517,16944000
2006-11-15,30.4582,31.1064,30.3185,30.3185,13542700
2006-11-16,30.6277,30.7573,30.2188,30.4382,7403700
2006-11-17,30.3983,30.5778,30.1091,30.4582,8026000
2006-11-20,30.498,30.9867,29.4209,30.0193,11690600
2006-11-21,30.5978,30.7773,30.2687,30.4183,5937300
2006-11-22,30.2587,30.8172,30.129,30.3983,7120100
2006-11-24,29.9196,30.2786,29.9196,30.0692,2286200
2006-11-27,30.3185,30.8072,30.2387,30.7972,9433100
2006-11-28,29.8398,30.2986,29.7899,30.1091,11588700
2006-11-29,30.0193,30.4183,29.8797,30.3185,11326100
2006-11-30,30.0792,30.1988,29.6703,30.0193,9153100
2006-12-01,30.8072,31.3458,30.4183,30.4183,16432200
2006-12-04,30.7075,31.0067,30.518,30.7174,7383700
2006-12-05,31.1563,31.256,30.5679,30.6177,8600500
2006-12-06,31.5552,31.8145,31.1663,31.1663,10185500
2006-12-07,30.7873,31.7547,30.7573,31.5552,9089600
2006-12-08,30.7274,31.2959,30.6576,30.7972,7427100
2006-12-11,30.8172,30.8172,30.4282,30.498,6634700
2006-12-12,30.5479,30.8671,30.4582,30.7673,7890900
2006-12-13,30.4681,30.9668,30.3883,30.7075,7366600
2006-12-14,31.3757,31.5153,30.4183,30.518,11025600
2006-12-15,31.3258,31.8943,31.256,31.6948,10780600
2006-12-18,30.9967,31.6051,30.877,31.3657,8216600
2006-12-19,30.8571,30.9169,30.2786,30.7274,8066900
2006-12-20,30.4282,30.9668,30.2886,30.7474,5382100
2006-12-21,30.149,30.518,30.0692,30.4282,5788500
2006-12-22,30.3484,30.508,30.129,30.2188,3641200
2006-12-26,30.518,30.5878,30.2188,30.2786,2753600
2006-12-27,31.1164,31.256,30.5379,30.5379,6710600
2006-12-28,31.1463,31.1862,30.8272,31.0166,4770000
2006-12-29,31.0665,31.3956,30.8571,31.0166,7746100
2007-01-03,31.9541,32.2234,31.0665,31.1264,14143400
2007-01-04,32.0938,32.4129,31.5253,32.3132,8354300
2007-01-05,31.7048,32.3231,31.5053,32.0738,8335600
2007-01-08,31.615,31.7347,31.0466,31.5352,6423400
2007-01-09,31.7846,31.9641,31.6051,31.6749,5053500
2007-01-10,32.383,32.5027,31.615,31.625,8741800
2007-01-11,32.9614,33.0512,32.3331,32.383,8904700
2007-01-12,32.9714,33.0811,32.4927,32.9814,7217000
2007-01-16,33.3105,33.3404,32.8318,32.9116,6380800
2007-01-17,33.111,33.4302,33.0611,33.3005,6053300
2007-01-18,33.5,33.7493,33.0412,33.4601,6968400
2007-01-19,33.6197,33.859,33.4202,33.8091,6396200
2007-01-22,33.3404,33.7593,33.0711,33.7593,6427400
2007-01-23,33.5498,33.7194,33.1609,33.4202,7499500
2007-01-24,33.5,33.7194,33.4102,33.6296,5662600
2007-01-25,32.9913,33.5,32.8118,33.4302,6752600
2007-01-26,32.4927,33.111,32.3431,32.9614,7389400
2007-01-29,32.5824,32.8717,32.4528,32.7021,5926000
2007-01-30,32.4129,32.8218,32.2733,32.5824,5820200
2007-01-31,33.6197,33.859,32.4129,32.4827,11918600
2007-02-01,34.1482,34.4075,33.7692,33.8091,11452100
2007-02-02,34.0585,34.5571,33.9288,34.2978,5226900
2007-02-05,34.0186,34.228,33.869,33.9587,4374800
2007-02-06,34.0285,34.3577,33.859,34.1782,3922700
2007-02-07,33.9787,34.2978,33.4701,33.4701,3092500
2007-02-08,33.6595,33.9986,33.4601,33.9787,5425700
2007-02-09,33.3304,33.9687,33.2706,33.6895,6205300
2007-02-12,33.4102,33.7892,33.3803,33.4202,4777899
2007-02-13,33.5199,33.7194,33.3304,33.4302,4379467
2007-02-14,33.3504,33.5399,33.0811,33.4701,7870720
2007-02-15,33.7892,33.859,33.2307,33.3105,5196000
2007-02-16,33.1808,33.7094,33.0412,33.6795,6963100
2007-02-20,33.6396,33.8989,32.7919,33.0412,6556700
2007-02-21,33.6396,33.7593,33.3304,33.4102,4549300
2007-02-22,33.5399,33.6496,33.2207,33.4701,3948500
2007-02-23,34.8364,35.6442,34.6269,34.8862,20234600
2007-02-26,34.248,35.1555,34.0685,34.7466,7107494
2007-02-27,33.1709,33.9388,32.6921,33.9388,12386500
2007-02-28,32.4628,33.0412,32.3531,33.0013,14238500
2007-03-01,32.1237,32.4029,31.7347,32.0638,12261679
2007-03-02,31.8544,32.4428,31.8344,32.014,10923600
2007-03-05,31.6849,32.2733,31.6549,31.6649,10639300
2007-03-06,32.4328,32.5824,31.9442,31.9641,8753800
2007-03-07,32.4927,32.7021,32.0938,32.2832,6372900
2007-03-08,32.4428,33.1709,32.373,32.5326,7611300
2007-03-09,32.2533,32.8218,32.0239,32.6622,7873900
2007-03-12,32.2533,32.4129,32.014,32.1636,7088300
2007-03-13,30.6576,32.004,30.5679,31.994,21141700
2007-03-14,30.9468,31.0067,29.7899,30.6576,18290400
2007-03-15,31.1264,31.256,30.7873,30.887,8134300
2007-03-16,30.8471,31.1563,30.7174,31.0067,9884900
2007-03-19,31.0466,31.1563,30.8272,30.9169,8361359
2007-03-20,31.2061,31.3258,30.8571,30.9668,8046968
2007-03-21,32.1735,32.383,31.1663,31.266,11002755
2007-03-22,32.1536,32.9116,31.7048,32.2633,8426696
2007-03-23,32.2832,32.5625,32.0439,32.0838,8428300
2007-03-26,32.0539,32.5226,31.7148,32.4129,6212094
2007-03-27,31.6549,31.9142,31.3258,31.8743,8625900
2007-03-28,30.9369,31.5153,30.528,31.4156,12155448
2007-03-29,31.0565,31.3557,30.7673,31.266,9602231
2007-03-30,31.4056,31.5452,30.8571,31.0565,8124980
2007-04-02,30.9967,31.3857,30.9269,31.3458,6061868
2007-04-03,31.615,31.9841,31.1164,31.1962,9589700
2007-04-04,31.2859,31.5851,31.1463,31.4654,6358600
2007-04-05,31.3059,31.4056,31.1762,31.3258,3225040
2007-04-09,31.4156,31.5751,31.246,31.4355,3495459
2007-04-10,31.5253,31.7247,31.3557,31.4654,6538253
2007-04-11,31.1363,31.6649,31.0067,31.5951,7327848
2007-04-12,31.2061,31.3258,30.6077,31.0166,5281015
2007-04-13,31.0565,31.8045,30.8172,31.8045,5159051
2007-04-16,31.2261,31.4754,31.0665,31.246,6109580
2007-04-17,31.7547,31.9841,31.3757,31.4156,7405996
2007-04-18,31.4355,31.6549,31.3458,31.5652,5396061
2007-04-19,31.4256,31.8943,31.1164,31.8943,4891600
2007-04-20,31.9342,32.1436,31.6649,31.7048,7915821
2007-04-23,31.4654,31.994,31.4654,31.9442,4361787
2007-04-24,31.0166,31.5053,30.8072,31.4156,9336742
2007-04-25,31.0665,31.5153,31.0067,31.256,5294470
2007-04-26,30.887,31.266,30.8272,31.1663,6728318
2007-04-27,30.7673,31.0964,30.6776,30.8172,7055027
2007-04-30,30.4781,31.0166,30.4681,30.9767,9503784
2007-05-01,30.6177,30.7673,30.3085,30.5679,11479553
2007-05-02,30.5978,30.9369,30.2886,30.3784,5976773
2007-05-03,30.4382,30.8371,30.3584,30.6177,7030848
2007-05-04,30.3684,30.6377,30.2687,30.6177,8000526
2007-05-07,30.6077,30.6676,30.3185,30.6476,7888019
2007-05-08,30.5978,30.7174,30.3385,30.4681,9475700
2007-05-09,31.635,31.6749,30.5778,30.5778,11216194
2007-05-10,30.9967,31.8544,30.9169,31.4355,13430684
2007-05-11,30.7873,31.3458,30.6277,31.1463,11036950
2007-05-14,30.9069,31.3059,30.8172,30.8471,7753122
2007-05-15,30.8072,31.4854,30.6277,30.8172,10423539
2007-05-16,31.1962,31.3557,30.8671,30.9169,9194238
2007-05-17,31.246,31.4754,31.0665,31.2061,5877714
2007-05-18,32.5824,32.6522,31.3258,31.4256,16256611
2007-05-21,31.7946,32.7121,31.256,31.9242,27917936
2007-05-22,31.645,32.014,31.4954,31.4954,7730337
2007-05-23,31.7048,32.2234,31.5143,31.7547,7743471
2007-05-24,31.9741,32.8617,31.5452,31.5951,10662187
2007-05-25,32.0439,32.2733,31.7247,32.014,6737990
2007-05-29,31.9342,32.3331,31.8145,32.2633,8851000
2007-05-30,32.2134,32.2334,31.7646,31.8843,9681400
2007-05-31,32.732,32.8617,32.1237,32.2434,9456028
2007-06-01,32.5725,33.1011,32.5027,32.732,8846300
2007-06-04,32.9016,32.9714,32.4129,32.4129,7115580
2007-06-05,32.3331,32.7221,32.2234,32.6124,6983703
2007-06-06,32.0539,32.2733,31.8145,32.1636,8173498
2007-06-07,31.635,32.1636,31.5751,31.9242,10686962
2007-06-08,31.9641,32.0848,31.3458,31.635,7791121
2007-06-11,31.7148,31.9641,31.5552,31.7646,5786864
2007-06-12,31.2759,31.6849,31.256,31.5652,8198133
2007-06-13,31.4754,31.5352,31.0565,31.4555,9917000
2007-06-14,31.4156,31.5253,31.2161,31.4256,8058400
2007-06-15,31.4654,31.7846,31.4156,31.5652,10436000
2007-06-18,31.5652,31.635,31.4256,31.5253,6315178
2007-06-19,31.4954,31.5452,31.1663,31.5053,6012720
2007-06-20,31.5652,32.1436,31.4954,32.0638,11732276
2007-06-21,31.8145,31.8444,31.1563,31.5053,8738660
2007-06-22,30.9568,31.8145,30.8471,31.8145,12414905
2007-06-25,31.1363,31.3557,30.6277,30.9668,9982697
2007-06-26,31.0366,31.5552,30.9468,31.246,9169520
2007-06-27,31.1663,31.266,30.8172,30.9069,7887961
2007-06-28,30.6576,31.2161,30.6177,31.1064,10426510
2007-06-29,30.6077,30.9668,30.4781,30.6776,7511400
2007-07-02,30.6277,30.877,30.528,30.7174,6709850
2007-07-03,30.7075,30.7274,30.4083,30.6277,5289998
2007-07-05,30.6975,30.7673,30.4183,30.6077,6125554
2007-07-06,31.0266,31.0665,30.3941,30.6177,8604880
2007-07-09,30.6576,31.2261,30.5778,31.1363,8255650
2007-07-10,29.8997,30.4382,29.8398,30.2188,14138681
2007-07-11,29.9395,29.9695,29.4508,29.7899,14158300
2007-07-12,30.6277,30.6576,29.9395,30.0792,9889041
2007-07-13,30.6776,30.7773,30.159,30.6177,5770234
2007-07-16,30.0891,30.5778,30.0393,30.4781,7736213
2007-07-17,29.78,30.0891,29.6603,30.0891,8235151
2007-07-18,29.68,30.11,29.55,29.67,10814617
2007-07-19,29.68,30.18,29.55,30.14,9453239
2007-07-20,29.63,30.04,29.51,29.51,11547062
2007-07-23,29.43,29.98,29.36,29.52,10135461
2007-07-24,28.92,29.66,28.7842,29.01,11475308
2007-07-25,28.63,29.23,28.42,29.0,10238496
2007-07-26,28.36,28.66,27.97,28.25,16930060
2007-07-27,27.77,28.69,27.77,28.32,11886490
2007-07-30,28.21,28.32,27.38,27.96,13140007
2007-07-31,28.01,28.74,27.96,28.55,10149501
2007-08-01,28.31,28.37,27.67,27.94,12811489
2007-08-02,28.47,28.61,28.0,28.3,8312958
2007-08-03,27.45,28.48,27.4,28.48,11662997
2007-08-06,28.04,28.09,27.06,27.68,13685278
2007-08-07,27.92,28.23,27.27,27.78,13860501
2007-08-08,28.47,28.74,27.81,27.99,12636936
2007-08-09,27.43,28.39,26.08,27.73,16820584
2007-08-10,27.76,28.04,26.55,27.01,10464061
2007-08-13,27.54,28.2,27.4,27.99,8755900
2007-08-14,26.75,27.84,26.7,27.5,13572022
2007-08-15,26.33,27.3,26.21,26.78,11572285
2007-08-16,26.81,26.92,25.98,26.07,14403650
2007-08-17,26.87,28.4,26.7,27.5,16209400
2007-08-20,28.5,28.97,28.2,28.65,19168500
2007-08-21,28.92,29.3,28.51,28.59,12309500
2007-08-22,29.82,29.85,29.38,29.64,12369700
2007-08-23,29.62,30.0,29.2,29.87,11887900
2007-08-24,30.2,30.25,29.56,29.6,9192900
2007-08-27,29.62,30.3,29.56,30.18,7703107
2007-08-28,28.98,29.75,28.92,29.74,9675300
2007-08-29,30.15,30.19,29.03,29.03,9491900
2007-08-30,30.27,30.49,29.78,29.8,9425700
2007-08-31,31.06,31.29,30.12,30.44,16253200
2007-09-04,30.86,31.03,30.62,30.75,9369877
2007-09-05,30.18,30.74,29.85,30.52,10006200
2007-09-06,30.21,30.49,29.91,30.18,8587900
2007-09-07,29.43,30.07,28.6,29.42,10279192
2007-09-10,29.76,30.12,29.19,29.39,12288100
2007-09-11,30.08,30.11,29.71,29.8,9607080
2007-09-12,29.75,30.12,29.7,30.0,7890780
2007-09-13,30.67,31.04,29.8,29.98,8775500
2007-09-14,30.8,30.9,30.17,30.4,7595200
2007-09-17,30.76,31.16,30.53,30.72,6140690
2007-09-18,31.89,32.0,30.68,30.88,14560461
2007-09-19,31.92,32.53,31.71,31.88,11813913
2007-09-20,31.07,32.09,30.98,32.01,9658677
2007-09-21,30.62,31.36,30.47,31.35,13544312
2007-09-24,30.55,30.83,30.35,30.49,7745897
2007-09-25,28.51,29.37,28.43,28.71,33081926
2007-09-26,28.56,28.79,28.3,28.52,17505884
2007-09-27,28.3,28.681,28.13,28.58,11743280
2007-09-28,28.02,28.45,27.99,28.39,9870124
2007-10-01,28.7,28.77,28.03,28.17,9453700
2007-10-02,28.71,28.95,28.5,28.69,8902300
2007-10-03,28.93,29.24,28.39,28.59,10281614
2007-10-04,28.64,29.0,28.29,28.95,6729300
2007-10-05,29.29,29.48,28.7,28.99,8370104
2007-10-08,28.76,29.21,28.64,29.14,5801028
2007-10-09,29.01,29.01,28.58,28.88,7798603
2007-10-10,29.07,31.72,28.77,29.16,7262200
2007-10-11,28.97,29.98,28.79,29.12,8310833
2007-10-12,28.93,29.11,28.75,28.89,5899204
2007-10-15,28.16,28.92,28.04,28.73,10087000
2007-10-16,27.75,28.17,27.61,28.03,7259044
2007-10-17,27.38,28.05,27.0,28.0,10412604
2007-10-18,27.08,27.37,26.88,27.23,7929527
2007-10-19,26.13,27.01,26.01,27.01,21538328
2007-10-22,26.92,27.17,25.92,26.13,9311792
2007-10-23,26.72,27.35,26.4,27.35,8578200
2007-10-24,27.18,27.23,26.43,26.58,8854100
2007-10-25,26.97,27.69,26.66,27.26,12370248
2007-10-26,27.15,27.42,26.83,27.24,6507002
2007-10-29,27.2,27.44,26.93,27.29,5889300
2007-10-30,26.99,27.45,26.915,27.18,8651684
2007-10-31,26.89,27.16,26.52,27.04,10290400
2007-11-01,26.15,26.87,26.11,26.51,9299400
2007-11-02,26.0,26.46,25.71,26.3,11467463
2007-11-05,25.13,25.65,24.94,25.55,15447599
2007-11-06,24.73,25.39,24.47,25.37,17008300
2007-11-07,24.38,24.89,24.16,24.3,15960002
2007-11-08,24.53,24.68,23.87,24.4,13114447
2007-11-09,23.92,24.4,23.825,24.25,13680911
2007-11-12,24.37,24.88,24.14,24.32,12191177
2007-11-13,25.05,25.1,24.41,24.5,12912350
2007-11-14,24.84,25.48,24.78,25.25,9175080
2007-11-15,25.05,25.17,24.68,24.78,16229811
2007-11-16,25.01,25.3,24.78,25.15,11701558
2007-11-19,23.12,24.23,22.99,24.1,22918616
2007-11-20,22.51,23.56,22.2,23.24,20397108
2007-11-21,22.11,22.33,22.05,22.3,20024014
2007-11-23,22.27,22.39,22.08,22.25,7207135
