Price,Close,High,Low,Open,Volume
Ticker,MAS,MAS,MAS,MAS,MAS
Date,,,,,
1999-11-24,22.9651,23.738,22.6891,23.5724,1317000
1999-11-26,22.7443,22.91,21.585,21.6402,444000
1999-11-29,22.9651,23.2412,22.0819,22.7443,1875900
1999-11-30,22.4131,23.2412,22.0819,22.91,1281500
1999-12-01,21.585,22.6339,21.309,21.6954,1949900
1999-12-02,21.6402,22.7443,21.6402,22.7443,1656400
1999-12-03,21.861,22.4131,20.8673,21.5298,3174800
1999-12-06,21.4194,22.0819,21.2538,21.5298,2542900
1999-12-07,21.033,21.9715,21.033,21.9715,1389200
1999-12-08,20.3153,21.1986,20.3153,21.0882,2045300
1999-12-09,20.3153,20.757,19.8737,19.8737,1859900
1999-12-10,20.8673,20.9225,19.8737,19.8737,1709300
1999-12-13,21.033,21.3642,20.7017,21.0882,1717500
1999-12-14,21.309,22.0819,21.1434,21.309,2276100
1999-12-15,22.0819,22.3579,21.2538,21.309,1582000
1999-12-16,22.1371,22.5787,21.9715,22.0819,1529000
1999-12-17,23.0756,23.462,22.1371,22.1371,2420200
1999-12-20,21.6954,23.0756,21.6954,22.91,927100
1999-12-21,21.2538,22.2475,21.1434,21.9715,1331400
1999-12-22,20.9778,21.9715,20.6465,21.9715,1057700
1999-12-23,21.7506,21.7506,21.0882,21.1986,831000
1999-12-27,21.8058,22.1371,21.0882,21.0882,800400
1999-12-28,21.5298,21.861,21.0882,21.0882,1123500
1999-12-29,22.1371,22.3027,21.5298,21.6402,603400
1999-12-30,22.7443,22.9651,22.0819,22.0819,829900
1999-12-31,22.4131,22.6339,22.1371,22.1923,500800
2000-01-03,22.2475,22.4131,21.861,22.3027,1650100
2000-01-04,21.6954,22.1371,20.5361,21.5298,1631800
2000-01-05,20.8034,21.8574,20.637,21.6355,1023800
2000-01-06,21.0253,21.1917,20.3596,21.0253,1542500
2000-01-07,21.9683,21.9683,21.0807,21.3027,1269000
2000-01-10,21.3027,21.7465,20.8588,21.691,1066800
2000-01-11,20.7479,21.4691,20.7479,21.4691,578200
2000-01-12,20.4151,21.1917,20.3041,20.8588,1136500
2000-01-13,20.3596,21.0807,20.2486,20.7479,1361700
2000-01-14,20.526,20.637,19.4165,20.2486,1081800
2000-01-18,20.637,20.637,19.7493,20.0822,1270500
2000-01-19,20.8034,20.9698,20.637,20.637,1635400
2000-01-20,20.0822,21.0807,19.8603,20.8034,925000
2000-01-21,20.0267,20.0822,18.9727,20.0822,2043700
2000-01-24,18.4179,19.7493,17.6967,19.6384,2226800
2000-01-25,17.4193,18.4179,17.1975,18.4179,2087700
2000-01-26,17.4748,17.7522,17.3084,17.6967,2171500
2000-01-27,18.2515,18.3624,17.6413,17.9741,1659000
2000-01-28,17.4193,18.196,17.3084,17.8631,963300
2000-01-31,17.6967,17.9741,17.2529,17.4193,771600
2000-02-01,17.9741,18.0296,17.4193,17.6413,1072600
2000-02-02,17.7522,17.9741,17.3084,17.9741,967500
2000-02-03,17.0865,18.307,16.9201,17.9741,1616600
2000-02-04,16.4208,17.3084,16.0879,17.3084,2023000
2000-02-07,16.6427,16.6982,16.0324,16.4208,1264000
2000-02-08,16.2543,17.0865,15.977,16.5872,1339900
2000-02-09,15.866,17.0865,15.6996,16.5872,1942500
2000-02-10,15.3667,15.9215,15.3667,15.9215,1916900
2000-02-11,15.3113,15.5886,15.1448,15.5331,2423500
2000-02-14,16.5317,16.6427,15.3667,15.755,1572600
2000-02-15,17.4193,17.5858,16.3653,16.8646,1537100
2000-02-16,17.7522,18.0296,17.3084,17.4193,1712900
2000-02-17,18.3624,18.6953,17.4193,17.5303,2278100
2000-02-18,17.5303,18.196,17.4193,18.196,1592600
2000-02-22,16.8091,17.3638,16.7537,16.7537,1798700
2000-02-23,16.6427,17.031,16.5872,16.7537,1672700
2000-02-24,16.5872,16.8091,16.1989,16.8091,947200
2000-02-25,16.3653,16.6427,16.0324,16.6427,1273000
2000-02-28,16.0324,16.6427,16.0324,16.6427,1251300
2000-02-29,15.866,16.5872,15.866,16.0879,2487300
2000-03-01,16.1434,16.5317,15.755,15.755,2196100
2000-03-02,16.0879,16.2543,15.9215,16.1434,1904500
2000-03-03,15.6441,16.1434,15.5886,15.5886,1133700
2000-03-06,15.4777,15.866,15.2558,15.755,1001500
2000-03-07,16.0879,16.3098,15.5886,15.755,1276500
2000-03-08,16.8646,17.3084,15.4222,15.5331,1540900
2000-03-09,16.1989,16.7537,15.977,16.1989,1408700
2000-03-10,16.3098,16.8091,15.866,16.1989,809900
2000-03-13,16.7537,17.0865,16.0879,16.0879,1008400
2000-03-14,16.4208,16.6427,15.5886,16.4208,1568800
2000-03-15,17.142,17.5303,15.6996,16.4762,1355300
2000-03-16,19.2501,19.6384,18.7508,19.0836,3201500
2000-03-17,19.3055,19.472,18.3624,19.3055,2220000
2000-03-20,19.9158,20.1377,19.2501,19.5274,1588100
2000-03-21,19.8048,20.3041,19.1945,19.6938,1375600
2000-03-22,19.3055,20.0267,18.9727,19.8048,1200800
2000-03-23,20.1931,20.8588,19.1391,19.3055,980300
2000-03-24,20.5815,21.0807,20.1377,20.2486,1105600
2000-03-27,19.9712,20.4705,19.6384,20.4151,744700
2000-03-28,19.5274,20.4705,19.361,20.4151,1002800
2000-03-29,19.3055,19.9712,19.2501,19.7493,831000
2000-03-30,19.3055,19.8603,19.1945,19.7493,743500
2000-03-31,18.196,20.3041,18.196,19.5274,1385000
2000-04-03,19.9712,20.3596,18.9727,18.9727,1179000
2000-04-04,19.5274,20.9698,19.0836,19.9712,2244200
2000-04-05,19.9692,20.1366,19.4672,20.0808,644300
2000-04-06,19.4672,20.2481,19.1325,20.1924,866500
2000-04-07,19.4672,19.9692,19.1325,19.4114,1111300
2000-04-10,19.2999,19.9134,19.2999,19.4672,1125300
2000-04-11,20.3597,20.527,19.3556,19.4672,989100
2000-04-12,21.9773,22.6467,21.5311,22.312,2304700
2000-04-13,21.5868,22.2562,21.4753,21.9773,1171400
2000-04-14,20.9175,21.5311,20.2481,21.4753,2401200
2000-04-17,20.1924,20.9175,19.8019,20.9175,1436800
2000-04-18,19.8577,20.3039,19.523,20.3039,801600
2000-04-19,20.1366,20.3039,19.4672,20.3039,668100
2000-04-20,19.9692,20.527,19.6345,20.3039,730700
2000-04-24,20.025,20.1366,19.4114,20.1366,3790200
2000-04-25,19.6345,20.2481,19.523,19.8019,1752500
2000-04-26,20.0808,20.2481,19.4114,19.4114,3483400
2000-04-27,20.4712,20.6386,19.4114,19.6345,1567100
2000-04-28,20.025,20.8059,19.9134,20.2481,1036400
2000-05-01,20.1924,20.4712,19.8577,20.2481,1149100
2000-05-02,20.3039,20.3039,19.9134,19.9134,1057600
2000-05-03,18.742,20.0808,18.2958,19.8577,974100
2000-05-04,18.4631,19.523,18.3516,19.523,904700
2000-05-05,19.021,19.4672,18.3516,19.4672,661400
2000-05-08,18.4631,18.9652,18.2958,18.5189,1191300
2000-05-09,18.742,19.021,18.2958,18.4074,1103900
2000-05-10,18.1842,19.021,18.0169,18.5189,1279200
2000-05-11,18.24,18.9652,18.1842,18.24,1131800
2000-05-12,18.2048,18.742,18.1285,18.1842,1081200
2000-05-15,18.3516,18.9094,18.1285,18.6305,955200
2000-05-16,18.6863,18.8536,18.3516,18.6305,699600
2000-05-17,18.6863,18.8536,18.24,18.5189,890900
2000-05-18,17.9054,18.6863,17.8496,18.5189,1118300
2000-05-19,17.738,18.0169,17.6822,18.0169,1144500
2000-05-22,17.6822,18.0169,17.5149,17.738,534900
2000-05-23,18.0169,18.1285,17.4591,17.7938,1751700
2000-05-24,17.6265,18.24,17.4033,17.8496,1246500
2000-05-25,17.6265,18.0169,17.3475,17.5149,1309000
2000-05-26,17.1802,17.9611,17.0129,17.8496,805600
2000-05-30,17.9611,18.0727,17.4033,17.4033,777100
2000-05-31,17.5707,17.8496,17.4033,17.4033,1212300
2000-06-01,18.4074,18.4074,17.5149,17.6265,943700
2000-06-02,18.9094,19.4114,18.742,19.4114,1018200
2000-06-05,18.4631,18.9652,18.0169,18.6863,767100
2000-06-06,18.2958,18.742,18.1842,18.742,1926100
2000-06-07,16.9013,17.738,16.734,17.738,3202800
2000-06-08,16.5108,16.9013,16.1762,16.9013,2312200
2000-06-09,16.0646,16.9571,15.7299,16.734,2279600
2000-06-12,15.5626,16.0646,15.0048,16.0646,2376800
2000-06-13,15.8414,16.0088,15.451,15.6183,2471200
2000-06-14,15.8414,16.8455,15.6742,16.0646,3532200
2000-06-15,16.1762,17.0686,15.7857,15.8414,2775300
2000-06-16,16.734,16.734,16.1762,16.1762,2112300
2000-06-19,16.5666,17.3475,16.3993,16.734,2683900
2000-06-20,16.5108,17.2918,16.4551,16.734,1376800
2000-06-21,16.5108,17.1244,16.5108,16.5666,1250800
2000-06-22,16.1762,16.734,16.0646,16.3993,1586600
2000-06-23,16.0646,16.3993,16.0088,16.232,1073500
2000-06-26,16.0088,16.6224,16.0088,16.1204,0
2000-06-27,17.0129,17.0686,16.232,16.232,1511800
2000-06-28,16.9013,17.1802,16.734,17.0129,1491100
2000-06-29,16.5108,17.1802,16.5108,16.9571,1090900
2000-06-30,16.1204,16.6224,16.1204,16.3993,1366700
2000-07-03,17.0129,17.0686,16.3435,16.3435,245100
2000-07-05,17.2918,17.738,17.1802,17.738,607300
2000-07-06,17.738,17.8496,17.0686,17.4591,777200
2000-07-07,17.3475,17.7938,16.9013,17.738,1410100
2000-07-10,17.1802,17.5149,17.0129,17.4033,732800
2000-07-11,17.2918,17.3475,16.8455,17.236,816700
2000-07-12,17.0627,17.6241,16.8944,17.5118,1196300
2000-07-13,17.175,17.3434,16.6699,17.3434,819300
2000-07-14,16.726,17.1189,16.6138,16.726,907200
2000-07-17,17.2312,17.5118,16.6699,16.726,674500
2000-07-18,17.5679,17.5679,16.6138,16.726,1044400
2000-07-19,17.7363,17.7363,17.3995,17.5679,938800
2000-07-20,17.9608,18.0731,17.3995,17.5679,1239800
2000-07-21,17.7924,18.1853,17.6241,18.0169,511300
2000-07-24,18.0169,18.1853,17.7363,17.7924,684500
2000-07-25,17.9047,18.0731,17.7924,17.7924,476100
2000-07-26,18.0731,18.2414,17.9047,17.9047,1249000
2000-07-27,18.0731,18.6343,17.9047,18.6343,470800
2000-07-28,17.9047,18.2414,17.7924,18.2414,661600
2000-07-31,17.7363,18.2414,17.5679,17.5679,752700
2000-08-01,18.1853,18.1853,17.7363,17.8486,344400
2000-08-02,18.2976,18.3537,17.9047,18.3537,427400
2000-08-03,17.5118,18.2976,17.3995,18.2976,903300
2000-08-04,17.5679,17.9608,17.3995,17.9608,1011200
2000-08-07,18.1853,18.2414,17.5118,17.6241,2433300
2000-08-08,19.8692,19.9814,19.0273,19.2518,2652100
2000-08-09,18.6905,19.9253,18.5782,19.9253,1567700
2000-08-10,18.2414,18.8589,18.1853,18.7466,851600
2000-08-11,19.4201,19.6446,18.2414,18.2976,1519500
2000-08-14,18.8589,19.6446,18.466,18.466,1630500
2000-08-15,18.4098,19.7008,18.2976,19.7008,998100
2000-08-16,18.1853,18.6343,18.0731,18.6343,673700
2000-08-17,18.0169,18.2414,17.8486,18.1853,1468300
2000-08-18,17.8486,18.1292,17.7363,17.9047,610800
2000-08-21,17.8486,18.1853,17.7363,17.9608,698900
2000-08-22,17.8486,17.9047,17.7363,17.9047,576000
2000-08-23,17.2873,17.9047,17.2312,17.7363,2160300
2000-08-24,17.1189,17.3995,17.0627,17.1189,1326600
2000-08-25,17.4557,17.7363,17.2312,17.2312,614400
2000-08-28,17.6241,17.6802,17.2873,17.2873,550800
2000-08-29,17.3434,17.7924,17.2312,17.6241,1079100
2000-08-30,17.2312,17.6802,17.0627,17.5118,823900
2000-08-31,17.5118,17.7363,17.175,17.175,1107400
2000-09-01,17.5118,17.8486,17.3434,17.3434,689800
2000-09-05,17.2873,17.7924,17.2312,17.5118,1453200
2000-09-06,17.6241,17.8486,16.726,17.5679,639300
2000-09-07,17.2312,17.9047,17.0627,17.6802,1638400
2000-09-08,17.5118,17.6241,17.2312,17.6241,2545500
2000-09-11,17.7924,18.0731,17.5118,17.5118,1266100
2000-09-12,17.0627,17.9047,17.0627,17.9047,1147900
2000-09-13,17.1189,17.3995,16.9505,17.1189,1015300
2000-09-14,17.2312,17.3995,16.9505,17.0067,997000
2000-09-15,17.3995,17.4557,17.0627,17.2312,1293900
2000-09-18,16.6699,17.4557,16.4453,17.2312,988300
2000-09-19,16.6138,17.0067,16.3893,17.0067,647800
2000-09-20,16.4453,16.6138,16.277,16.6138,665900
2000-09-21,16.1086,16.5015,16.0525,16.4453,708600
2000-09-22,16.3331,16.6138,15.9963,16.6138,483500
2000-09-25,16.5576,16.5576,16.1647,16.277,593800
2000-09-26,16.0525,16.8383,15.9402,16.277,1944100
2000-09-27,16.1086,16.277,15.7718,15.8841,1249900
2000-09-28,16.5576,16.6138,15.7718,15.8841,508100
2000-09-29,16.726,16.8944,16.3893,16.5576,707500
2000-10-02,16.6138,16.6138,16.277,16.5015,678100
2000-10-03,16.8383,16.8944,16.2208,16.2208,1359600
2000-10-04,16.8383,17.175,16.6699,16.8383,1305200
2000-10-05,14.7054,15.6596,14.1441,14.8177,8837100
2000-10-06,14.8177,14.986,14.7054,14.7054,1169100
2000-10-09,15.0422,15.2667,14.6493,14.986,659700
2000-10-10,14.5931,15.1544,14.4809,15.0422,1426500
2000-10-11,14.824,15.22,14.5411,14.5411,1333000
2000-10-12,14.3148,15.1635,14.2016,14.9371,2694900
2000-10-13,14.2582,14.4279,14.2016,14.2582,1730400
2000-10-16,13.9753,14.2582,13.749,14.2582,2144400
2000-10-17,13.5792,14.0319,13.5792,14.0319,1103100
2000-10-18,13.3529,13.8056,13.1266,13.6924,2368600
2000-10-19,14.0319,14.3148,13.1266,13.6924,1686500
2000-10-20,14.2016,14.4845,13.8056,13.8056,1437900
2000-10-23,14.0885,14.5977,14.0319,14.2016,945400
2000-10-24,14.824,15.0503,14.2582,14.2582,1204800
2000-10-25,14.9937,15.1635,14.7108,14.7108,799200
2000-10-26,14.7108,15.22,14.7108,14.9937,978300
2000-10-27,14.9371,15.1635,14.7108,14.7108,573100
2000-10-30,16.1254,16.2951,15.0503,15.1069,811300
2000-10-31,16.9175,16.9741,15.7859,15.9556,1246500
2000-11-01,16.6346,17.1438,16.2385,16.2385,885200
2000-11-02,16.578,16.8609,16.5214,16.5214,793800
2000-11-03,16.5214,16.8043,16.4648,16.6346,932000
2000-11-06,16.578,16.8043,16.4648,16.7477,792200
2000-11-07,16.5214,16.6346,16.3517,16.6346,456300
2000-11-08,16.5214,16.8609,16.3517,16.5214,946000
2000-11-09,16.0122,16.8043,15.8425,16.5214,1395100
2000-11-10,15.9556,16.1254,15.8425,15.8425,1111300
2000-11-13,16.0688,16.2951,15.9556,15.9556,750700
2000-11-14,16.4082,16.578,16.0688,16.4082,2227400
2000-11-15,16.4082,16.578,16.1254,16.578,1234500
2000-11-16,16.6346,16.6346,16.2951,16.2951,1030300
2000-11-17,16.6346,16.8043,16.2951,16.2951,1040700
2000-11-20,16.6912,16.7477,16.3517,16.4648,1081700
2000-11-21,16.578,16.7477,16.4648,16.4648,787000
2000-11-22,16.6912,16.8609,16.4648,16.4648,1026300
2000-11-24,16.9741,17.3135,16.7477,17.3135,437700
2000-11-27,17.7096,17.9925,16.8043,17.3135,1332500
2000-11-28,17.4267,17.8228,17.0306,17.7096,747300
2000-11-29,17.1438,17.4833,17.0306,17.4833,793600
2000-11-30,17.4833,17.7662,16.8609,17.7662,955800
2000-12-01,18.1622,18.1622,17.3135,17.3135,1155100
2000-12-04,19.6333,19.8597,17.7662,17.8228,1727800
2000-12-05,21.3873,21.7268,20.6518,21.3873,2690600
2000-12-06,20.1426,20.9347,19.9162,20.3689,1784800
2000-12-07,19.9162,20.3689,19.6899,20.2557,1586800
2000-12-08,19.407,20.086,19.011,19.9162,2099300
2000-12-11,19.011,19.3504,19.011,19.1241,1785300
2000-12-12,18.8978,19.2373,18.7846,19.011,2299300
2000-12-13,18.7281,19.2373,18.7281,19.011,1479800
2000-12-14,18.7281,18.7281,18.7281,18.7281,2800400
2000-12-15,17.7096,17.7096,17.3135,17.3135,3078900
2000-12-18,18.4452,18.5583,18.0491,18.5583,2047300
2000-12-19,18.1057,19.4636,18.1057,18.4452,3136300
2000-12-20,19.1807,19.4636,18.1057,18.1057,3221600
2000-12-21,20.4255,20.6518,19.1807,19.8031,3496600
2000-12-22,21.8965,22.6321,21.3873,22.6321,3188100
2000-12-26,22.6321,23.4242,22.1795,22.1795,1483600
2000-12-27,22.8018,22.9716,22.1795,22.6887,1015400
2000-12-28,23.1413,23.6505,22.2926,22.8018,1027700
2000-12-29,23.2545,24.4427,23.1979,23.3676,1278600
2001-01-02,22.236,23.3111,21.8965,23.3111,2079900
2001-01-03,22.5755,22.9716,21.3873,21.7268,3795700
2001-01-04,23.8203,24.3861,22.5755,22.6321,4524100
2001-01-05,23.4808,23.9334,22.8584,23.8203,1635200
2001-01-08,20.5952,23.3676,20.3123,23.0847,5360500
2001-01-09,21.2176,21.7268,20.9347,21.1044,2360900
2001-01-10,20.6532,21.1084,20.3687,20.9946,1354200
2001-01-11,20.9377,21.2791,20.5963,20.7101,2425800
2001-01-12,21.2221,21.5635,20.5963,20.8808,1478400
2001-01-16,21.2791,21.6204,20.767,21.2221,978600
2001-01-17,21.6204,22.1325,21.2791,21.2791,1619100
2001-01-18,20.7101,21.6773,20.5394,21.6204,936600
2001-01-19,20.3687,20.767,19.9704,20.4825,1428400
2001-01-22,20.198,20.4256,19.8566,20.3687,1012300
2001-01-23,21.2221,21.6773,20.198,20.198,1298000
2001-01-24,21.6204,21.7342,21.0515,21.2221,868700
2001-01-25,21.4497,21.848,21.0515,21.6204,3669300
2001-01-26,21.2221,21.6204,20.9377,21.6204,761300
2001-01-29,21.2927,21.32,20.7192,21.2108,1356000
2001-01-30,21.3928,21.5294,20.9377,21.2836,1918000
2001-01-31,21.8025,22.021,21.4384,21.5749,1628700
2001-02-01,22.1393,22.2941,21.7934,21.848,1182300
2001-02-02,21.9936,22.3032,21.7023,22.2941,616200
2001-02-05,22.0756,22.2576,21.757,22.2212,690400
2001-02-06,20.9468,22.0756,20.9377,22.0756,2072100
2001-02-07,21.3746,21.6113,20.9832,21.2108,1148200
2001-02-08,21.2108,21.5749,20.9377,21.3746,783200
2001-02-09,21.2199,21.3018,20.965,21.3018,729200
2001-02-12,21.3291,21.3746,21.056,21.1653,1003600
2001-02-13,21.6022,21.848,21.2199,21.3109,1008600
2001-02-14,21.1015,21.8298,20.9377,21.8207,1008600
2001-02-15,21.7023,21.9117,21.2563,21.3018,1143200
2001-02-16,21.0742,21.6204,20.9468,20.9468,1930700
2001-02-20,20.7556,21.3473,20.7283,20.9923,1442400
2001-02-21,20.3004,20.8922,20.3004,20.7556,1077900
2001-02-22,20.264,20.619,19.7542,20.528,1496800
2001-02-23,19.8817,20.3459,19.4993,20.264,1313900
2001-02-26,20.8375,20.9104,20.0273,20.1184,1076300
2001-02-27,21.147,21.2108,20.6373,20.9195,1740600
2001-02-28,21.2836,21.5749,21.0287,21.3746,1519800
2001-03-01,21.5658,21.6204,20.9559,21.4839,1305600
2001-03-02,21.8025,22.2759,21.5294,21.6204,1347000
2001-03-05,21.9299,22.1939,21.6204,21.8025,1432600
2001-03-06,21.6204,22.0483,21.3928,22.0483,926600
2001-03-07,21.7843,22.0756,21.5294,21.8935,1430900
2001-03-08,22.7674,22.7674,21.6295,22.0028,2755200
2001-03-09,22.2576,22.5308,22.0301,22.5308,876900
2001-03-12,21.8298,22.3032,21.8025,22.2576,941900
2001-03-13,21.9117,22.0574,21.3928,22.0574,1136400
2001-03-14,21.4839,21.5749,21.0469,21.3473,934300
2001-03-15,21.1653,21.3473,20.8922,21.2108,999000
2001-03-16,20.6373,21.1197,20.4916,20.528,1693500
2001-03-19,20.8284,20.9377,20.619,20.9377,1291300
2001-03-20,20.2094,21.1197,20.2094,20.9377,1909900
2001-03-21,20.3551,20.7283,20.0729,20.264,1803700
2001-03-22,19.8453,20.7101,19.5722,20.7101,1928800
2001-03-23,20.4279,20.619,19.8635,19.9363,1263400
2001-03-26,20.9377,20.9377,20.5007,20.619,963800
2001-03-27,20.6828,20.9377,20.5098,20.7192,952300
2001-03-28,20.6828,21.1197,20.2276,20.8466,1761600
2001-03-29,20.9377,21.1106,20.528,20.5917,3665000
2001-03-30,21.9755,21.9755,20.9377,21.0287,4422900
2001-04-02,22.0301,22.5308,21.7661,21.9755,2415500
2001-04-03,21.1106,22.0392,20.8739,21.848,1848100
2001-04-04,21.5134,21.8064,20.9184,21.1106,1711200
2001-04-05,21.9529,22.017,21.2846,21.605,1505500
2001-04-06,21.9529,22.0627,21.4585,21.9712,1011200
2001-04-09,22.017,22.0536,21.8247,21.962,1789000
2001-04-10,21.9803,22.255,21.6507,21.8796,1710200
2001-04-11,21.7423,22.1543,21.5775,22.1543,1007900
2001-04-12,21.8979,21.962,21.4402,21.7423,607700
2001-04-16,21.9712,21.9712,21.724,21.9437,587400
2001-04-17,21.9712,21.9712,21.7423,21.7423,592800
2001-04-18,22.8683,22.9782,21.7881,21.9712,4381300
2001-04-19,22.3373,22.9782,22.2458,22.8866,3878300
2001-04-20,22.1451,22.5662,21.7881,22.5662,3089500
2001-04-23,21.9254,22.3831,21.6965,22.3557,1013800
2001-04-24,21.7881,22.017,21.5134,21.9254,1445900
2001-04-25,22.0261,22.1085,21.5134,21.9254,923000
2001-04-26,21.8339,22.1543,21.6965,22.0627,1519200
2001-04-27,21.7515,21.9712,21.7057,21.9254,1583400
2001-04-30,21.0557,21.9712,20.9642,21.8339,1957700
2001-05-01,21.3853,21.4219,20.9367,21.4036,1838200
2001-05-02,21.5592,21.8339,21.1381,21.3853,1145400
2001-05-03,20.836,21.5592,20.8177,21.5592,809200
2001-05-04,21.0557,21.1564,20.5064,20.7353,1127000
2001-05-07,21.1289,21.5134,20.9092,21.0466,1109200
2001-05-08,20.9642,21.1381,20.6163,20.9642,749900
2001-05-09,20.7994,21.1747,20.6529,21.1747,854600
2001-05-10,21.193,21.2296,20.7353,20.7994,1166900
2001-05-11,20.6895,21.3303,20.424,21.3303,1602600
2001-05-14,20.598,20.6895,20.2318,20.6437,1147500
2001-05-15,20.4149,20.598,20.186,20.598,1953100
2001-05-16,21.6141,21.7423,20.1402,20.2501,2322000
2001-05-17,21.9162,22.0078,21.5134,21.6965,1755400
2001-05-18,22.0078,22.017,21.6507,21.9712,1360300
2001-05-21,21.9071,22.017,21.5592,22.0078,1521400
2001-05-22,21.7972,22.1176,21.724,21.9071,1282800
2001-05-23,21.431,21.9254,21.3029,21.9254,808200
2001-05-24,21.0832,21.4951,20.8818,21.431,1671800
2001-05-25,21.1289,21.4677,21.0557,21.1015,959800
2001-05-29,21.2754,21.4036,21.0557,21.1289,695500
2001-05-30,21.1656,21.3761,21.0832,21.2846,826900
2001-05-31,21.3853,21.5043,21.1198,21.1656,616300
2001-06-01,20.9642,21.3761,20.6071,21.3761,1559600
2001-06-04,21.5134,21.8796,20.9642,21.1473,1518500
2001-06-05,22.017,22.0993,21.7698,21.9712,3135900
2001-06-06,22.1176,22.2092,21.6507,22.0261,2516500
2001-06-07,22.2,22.3282,21.9712,21.9712,2027000
2001-06-08,22.5937,22.8134,22.1543,22.2916,1902900
2001-06-11,22.612,22.8958,22.493,22.5845,1695700
2001-06-12,22.8775,22.9507,22.2092,22.7859,2580200
2001-06-13,22.6212,22.8592,22.4747,22.5204,1683900
2001-06-14,22.5204,22.8409,22.3373,22.7951,2156600
2001-06-15,21.9712,22.5021,21.7423,22.1726,3220700
2001-06-18,22.3282,22.7035,21.8796,21.9712,1413200
2001-06-19,22.5204,22.5204,22.0353,22.3831,1337700
2001-06-20,22.9965,23.1521,22.5204,22.5204,2969500
2001-06-21,22.7859,23.0697,22.438,22.8866,2488400
2001-06-22,23.143,24.2141,22.3373,22.7859,1821200
2001-06-25,23.2345,23.7472,22.8866,23.143,1872200
2001-06-26,23.2528,23.381,22.8226,23.143,2015500
2001-06-27,23.1521,23.2803,22.8958,22.9782,1491100
2001-06-28,22.8775,23.3077,22.7402,23.207,1494300
2001-06-29,22.85,23.0606,22.6578,23.0606,1450400
2001-07-02,23.3444,23.3444,22.7951,23.1064,2100200
2001-07-03,23.3444,23.3902,23.024,23.3444,866400
2001-07-05,23.1247,23.3902,23.0697,23.381,1359100
2001-07-06,22.7493,23.2895,22.6578,23.2803,1407600
2001-07-09,22.8317,22.9324,22.5662,22.9324,893700
2001-07-10,22.7493,23.1155,22.612,22.969,1087900
2001-07-11,22.8046,23.053,22.5653,22.9794,1337600
2001-07-12,23.4763,23.642,22.7493,22.9242,3250600
2001-07-13,22.9426,23.2095,22.6481,22.823,4705500
2001-07-16,23.1818,23.3659,22.915,23.2739,1582300
2001-07-17,23.5224,23.5868,23.0807,23.2831,1752700
2001-07-18,23.8721,23.8721,23.3843,23.4671,3222300
2001-07-19,24.231,24.2862,23.8813,23.9273,1862800
2001-07-20,23.8537,24.369,23.7248,24.1942,1341800
2001-07-23,23.3751,23.8997,23.2923,23.7892,739100
2001-07-24,22.6297,23.4211,22.4732,23.2831,1817200
2001-07-25,22.9794,23.099,22.6849,23.007,1098800
2001-07-26,23.053,23.099,22.6021,22.823,810400
2001-07-27,22.9978,23.099,22.9334,23.053,899200
2001-07-30,23.053,23.0622,22.7769,22.9978,612300
2001-07-31,23.2002,23.2371,22.8966,23.053,1605000
2001-08-01,23.3291,23.4211,23.007,23.4211,1523100
2001-08-02,23.7892,23.7892,23.3383,23.5868,2608200
2001-08-03,24.3782,24.4058,23.5592,23.9273,2576000
2001-08-06,23.7248,24.3506,23.7064,24.1482,1277100
2001-08-07,24.1574,24.1574,23.6144,23.734,2005100
2001-08-08,23.6512,24.1574,23.5315,24.1574,1322600
2001-08-09,23.642,23.8353,23.4395,23.6236,1138100
2001-08-10,23.6052,23.6972,23.1175,23.688,921400
2001-08-13,23.4763,23.6604,23.1082,23.6052,902100
2001-08-14,23.5224,23.55,23.2739,23.4763,712500
2001-08-15,23.8629,24.0561,23.2739,23.5224,2268400
2001-08-16,23.8905,24.6175,23.5132,23.9549,1019100
2001-08-17,23.7064,23.8813,23.1451,23.8353,1438000
2001-08-20,23.5224,23.8721,23.3751,23.8537,614900
2001-08-21,23.4671,23.6972,23.3015,23.5224,1075700
2001-08-22,23.5592,23.7064,23.3291,23.4211,2234000
2001-08-23,23.5592,23.7432,23.4671,23.7432,1598800
2001-08-24,24.0561,24.0653,23.3751,23.5592,2106800
2001-08-27,23.9181,24.2218,23.8261,24.0561,1049400
2001-08-28,23.4671,24.1482,22.4548,23.9181,1420100
2001-08-29,23.3567,23.8353,23.2923,23.8353,1010000
2001-08-30,23.4947,23.7156,23.2371,23.5684,1320100
2001-08-31,23.7617,23.8261,23.3751,23.7248,1091600
2001-09-04,23.7432,23.9641,23.5592,23.8353,1268200
2001-09-05,23.4211,23.8813,23.3015,23.5592,1108600
2001-09-06,23.1359,23.5315,23.0622,23.2831,1296500
2001-09-07,22.0039,23.1266,21.8751,23.099,2405500
2001-09-10,21.01,22.0039,20.8167,21.9027,3188400
2001-09-17,18.8289,19.786,18.8197,19.3259,4029600
2001-09-18,18.6725,19.0406,18.6448,18.8289,1371300
2001-09-19,18.0007,19.0958,17.7154,18.9117,2077800
2001-09-20,17.4945,17.8995,17.2553,17.7706,2437500
2001-09-21,16.565,17.0252,16.3442,17.0252,2891900
2001-09-24,18.2215,18.3872,17.1172,17.2553,2122000
2001-09-25,18.1755,18.6817,17.7798,18.6817,2430000
2001-09-26,18.1203,18.4792,17.9547,18.4792,1021100
2001-09-27,17.9823,18.3136,17.5313,18.3136,987800
2001-09-28,18.8105,18.8105,17.6694,17.9915,1676700
2001-10-01,18.2491,18.5896,17.9454,18.5896,1052400
2001-10-02,19.1326,19.1326,18.1203,18.2952,1602700
2001-10-03,19.6848,19.694,18.7461,18.8197,1994200
2001-10-04,19.7492,19.878,19.3719,19.6572,1863400
2001-10-05,20.0529,20.0529,19.3719,19.7492,1111400
2001-10-08,19.3995,19.8689,19.2339,19.8689,924500
2001-10-09,19.3903,19.556,18.6357,19.0498,903300
2001-10-10,20.3658,20.4026,19.1418,19.3259,1364600
2001-10-11,20.8904,21.0008,20.1542,20.1725,1964700
2001-10-12,20.8904,20.9364,20.3382,20.5682,836800
2001-10-15,20.6235,20.7799,20.3842,20.5682,646800
2001-10-16,20.6787,20.8719,20.2001,20.7063,1384900
2001-10-17,19.9057,20.8444,19.4639,20.7063,1586100
2001-10-18,19.5375,20.0621,19.2707,20.0069,1006900
2001-10-19,19.6296,19.9149,19.1879,19.8504,687400
2001-10-22,19.9977,20.0161,19.2339,19.3259,747400
2001-10-23,19.5835,19.8596,19.4179,19.8596,989200
2001-10-24,19.556,19.74,19.2523,19.648,929600
2001-10-25,19.6848,19.7676,19.105,19.4823,1835500
2001-10-26,19.4179,19.6112,19.3259,19.6112,1315500
2001-10-29,18.7737,19.4087,18.7461,19.4087,1223900
2001-10-30,18.2768,18.6817,18.1847,18.6357,1515500
2001-10-31,18.2491,18.562,18.1939,18.3136,1192500
2001-11-01,18.7737,18.8473,18.1755,18.4792,1249000
2001-11-02,18.9394,19.2247,18.8197,18.8657,1859600
2001-11-05,18.7737,19.0314,18.5804,18.8657,1996400
2001-11-06,19.0498,19.105,18.7277,18.9117,2251200
2001-11-07,19.8696,19.9159,19.0359,19.1749,3789800
2001-11-08,19.8418,20.0364,19.638,19.777,2367100
2001-11-09,19.7029,20.0086,19.5083,20.0086,1600700
2001-11-12,19.6843,19.9344,19.3138,19.8696,1426000
2001-11-13,19.6843,19.9993,19.4527,19.9159,2942700
2001-11-14,19.7677,20.0548,19.5454,19.953,1969200
2001-11-15,19.638,19.9993,19.5546,19.8881,1985200
2001-11-16,19.601,19.8233,19.3601,19.8233,1920100
2001-11-19,19.5824,19.638,19.3138,19.601,1859900
2001-11-20,19.4435,19.7306,19.1192,19.7306,1815400
2001-11-21,19.3138,19.3601,19.0915,19.2119,930100
2001-11-23,19.5824,19.5917,19.0915,19.0915,361700
2001-11-26,19.4527,19.5824,19.3045,19.4527,1479400
2001-11-27,19.2675,19.4249,19.0915,19.2212,1632400
2001-11-28,18.9803,19.2397,18.9062,19.1749,2367100
2001-11-29,18.9433,18.9896,18.8136,18.9896,1415600
2001-11-30,19.3879,19.5454,19.0359,19.1285,4754500
2001-12-03,19.1285,19.4342,19.0359,19.4342,1938200
2001-12-04,19.4435,19.4527,19.1378,19.4527,4253500
2001-12-05,21.4258,22.0465,20.8885,21.0738,7133400
2001-12-06,21.398,21.8612,21.1294,21.6389,1864700
2001-12-07,21.6945,21.7871,21.2127,21.537,1387700
2001-12-10,21.7222,21.9538,21.4165,21.7686,1661500
2001-12-11,21.8612,22.3243,21.4443,21.5833,1855500
2001-12-12,22.2317,22.3707,21.9075,21.9075,1523600
2001-12-13,21.9538,22.4077,21.7686,22.0001,1614500
2001-12-14,22.1298,22.3429,21.8797,22.0001,2625200
2001-12-17,22.1854,22.3707,22.0465,22.0465,754800
2001-12-18,22.9079,23.0191,22.4077,22.417,1446100
2001-12-19,22.732,22.982,22.3892,22.5096,954900
2001-12-20,22.3336,23.0654,22.1576,22.5467,953400
2001-12-21,22.1854,22.6949,21.7593,22.3336,1997800
2001-12-24,22.3614,22.6486,22.1391,22.1391,380100
2001-12-26,22.6578,22.9635,22.1669,22.241,554300
2001-12-27,22.9265,22.9265,22.4262,22.6578,750200
2001-12-28,22.9079,23.1117,22.6115,22.6486,975500
2001-12-31,22.6949,23.1488,22.4725,22.6764,1140000
2002-01-02,22.6949,22.9728,22.4633,22.6949,1707500
2002-01-03,22.732,22.9172,22.3243,22.5096,1156000
2002-01-04,23.3526,23.4823,22.6949,22.9079,1942800
2002-01-07,23.3896,23.5286,23.1395,23.1395,1562200
2002-01-08,23.4359,23.4452,23.0654,23.158,1953900
2002-01-09,23.7666,24.493,23.7479,24.493,3772200
2002-01-10,23.7572,23.8317,23.5244,23.7666,2145000
2002-01-11,23.3754,23.7014,23.2171,23.5617,1790600
2002-01-14,23.2543,23.5617,22.9936,23.3754,1304900
2002-01-15,23.273,23.5989,23.0495,23.124,819500
2002-01-16,22.6676,23.3102,22.6304,23.1426,1624900
2002-01-17,23.4685,23.5151,22.8259,22.9563,2731800
2002-01-18,23.4685,23.7107,23.2264,23.4685,1277900
2002-01-22,23.6362,23.8224,23.3288,23.3847,1718900
2002-01-23,23.8504,23.9342,23.394,23.4499,1371900
2002-01-24,24.3067,24.5768,23.8876,23.9342,3202900
2002-01-25,25.0052,25.0238,24.3905,24.5768,2776600
2002-01-28,25.0424,25.238,24.6792,24.8562,1753500
2002-01-29,24.8003,25.3591,24.7071,25.1449,1708800
2002-01-30,24.8003,25.1449,24.1856,25.0238,2334900
2002-01-31,24.9214,25.238,24.4743,24.9121,2828900
2002-02-01,24.9027,25.0331,24.6047,24.9214,1294800
2002-02-04,25.0238,25.1728,24.9027,25.0052,2430300
2002-02-05,24.3253,24.8096,24.2043,24.6792,2000700
2002-02-06,24.2043,24.642,24.1204,24.642,1084400
2002-02-07,23.7479,24.3998,23.7479,24.2136,1238400
2002-02-08,23.7759,24.0273,23.1891,23.7479,1685700
2002-02-11,24.0553,24.195,23.6548,23.7759,2052500
2002-02-12,24.1856,24.2415,23.7759,24.1298,883900
2002-02-13,24.2322,24.3533,24.0087,24.1856,1077300
2002-02-14,24.1204,24.5209,23.9714,24.465,885400
2002-02-15,24.316,24.5302,23.9156,24.2136,2086300
2002-02-19,24.4371,24.8841,24.2601,24.5302,2253700
2002-02-20,24.3067,24.5768,24.0273,24.5395,2182600
2002-02-21,24.6606,25.0517,24.2974,24.5302,2158300
2002-02-22,24.5209,24.7724,24.0459,24.7724,2254900
2002-02-25,25.2473,25.3218,24.3719,24.3998,3331900
2002-02-26,26.6349,26.9888,25.4801,25.4801,7591100
2002-02-27,26.2438,26.6349,25.9923,26.6256,3799200
2002-02-28,26.1413,26.8305,26.0575,26.2438,2074600
2002-03-01,26.2159,26.3742,25.9458,26.3742,1620700
2002-03-04,26.9795,26.9795,26.0948,26.2159,3062700
2002-03-05,26.1972,26.7188,26.1227,26.4021,3104700
2002-03-06,26.8212,26.9329,26.1972,26.1972,1597700
2002-03-07,26.4021,26.9981,26.3928,26.9609,1281700
2002-03-08,26.309,26.8678,26.1693,26.5418,1435600
2002-03-11,26.281,26.9888,25.9644,26.4952,1602000
2002-03-12,26.7467,26.9143,25.7781,25.8899,1578500
2002-03-13,26.6256,26.905,26.4952,26.7932,1097700
2002-03-14,25.6478,26.5325,25.5639,26.1227,3640900
2002-03-15,25.6571,26.1693,25.0052,26.1693,4346400
2002-03-18,25.7781,25.983,25.387,25.6105,2414600
2002-03-19,25.6105,25.9365,25.387,25.8713,1655200
2002-03-20,24.6606,25.6105,24.6327,25.4243,3102200
2002-03-21,23.9342,24.4464,23.6175,24.3067,3590100
2002-03-22,24.7724,25.0983,23.7945,24.1391,2836200
2002-03-25,24.3998,24.9121,24.2695,24.8655,1446900
2002-03-26,25.3497,25.4801,24.3998,24.3998,2998700
2002-03-27,25.4243,25.6105,25.0517,25.6105,2079600
2002-03-28,25.5639,25.7223,25.1914,25.3963,2337500
2002-04-01,25.4056,25.6105,24.9493,25.6105,1967800
2002-04-02,24.7351,25.4056,24.4464,25.4056,1945900
2002-04-03,24.5861,25.0983,24.493,24.7258,1699000
2002-04-04,24.465,24.8934,24.465,24.7444,1616500
2002-04-05,24.6978,24.9772,24.465,24.465,1699000
2002-04-08,25.4056,25.4708,24.4557,24.6978,2180900
2002-04-09,25.9458,26.0482,25.2846,25.6012,3214600
2002-04-10,26.3649,26.4859,25.8061,25.9458,1667800
2002-04-11,26.43,26.4766,26.1413,26.3649,1851100
2002-04-12,26.6536,26.6536,26.3369,26.43,1640400
2002-04-15,26.5418,26.6815,26.1972,26.6536,1333200
2002-04-16,26.8491,26.9143,26.4487,26.5511,2560800
2002-04-17,26.6256,26.9795,26.5418,26.8491,1822800
2002-04-18,25.9644,26.7001,25.8899,26.6536,2330600
2002-04-19,25.7874,26.2438,25.5826,26.1693,2133300
2002-04-22,25.8061,26.132,25.7036,25.8899,1157500
2002-04-23,26.1879,26.3462,25.7036,25.8899,2408500
2002-04-24,26.309,26.4859,25.8992,26.1227,1424900
2002-04-25,26.0389,26.4021,25.9365,26.309,1701800
2002-04-26,26.0762,26.1879,25.7409,26.0389,2028600
2002-04-29,25.7036,26.2997,25.6571,26.0762,1591800
2002-04-30,26.1693,26.4021,25.6757,25.7036,1992900
2002-05-01,26.3556,26.4487,25.7968,26.1227,1904900
2002-05-02,26.905,26.9329,25.983,26.3556,1622400
2002-05-03,27.082,27.2123,26.5511,26.8584,1849300
2002-05-06,26.7281,27.4079,26.6256,27.2403,2673600
2002-05-07,26.9795,27.0633,26.3742,26.9795,3557300
2002-05-08,26.8212,27.2682,26.4487,27.2123,3032500
2002-05-09,25.2753,25.5267,24.8655,25.5174,7737000
2002-05-10,25.0611,25.4615,24.94,25.4243,2687000
2002-05-13,25.0052,25.1262,24.8003,24.9772,1641000
2002-05-14,25.1635,25.4149,24.7351,24.9027,2969600
2002-05-15,25.0331,25.1449,24.7071,24.7444,3736700
2002-05-16,24.6513,25.0052,24.5395,24.9586,3574500
2002-05-17,25.1449,25.1914,24.493,24.7724,2232500
2002-05-20,25.1262,25.2846,24.8748,25.1449,2287500
2002-05-21,24.7817,25.2753,24.7071,25.2473,2581200
2002-05-22,24.9586,25.0331,24.7165,24.7258,1854900
2002-05-23,25.2566,25.3311,24.791,24.9027,2476200
2002-05-24,25.0983,25.3404,25.0983,25.3311,1541000
2002-05-28,25.1262,25.3404,24.8003,25.3404,1783900
2002-05-29,24.8375,25.2846,24.8189,25.238,1545700
2002-05-30,24.6047,24.9865,24.4371,24.8934,1175700
2002-05-31,24.8282,25.0611,24.6792,24.6792,1730900
2002-06-03,24.1391,25.0052,24.0273,24.9586,1587300
2002-06-04,23.8411,24.3347,23.6548,24.0925,1691200
2002-06-05,24.2974,24.3905,23.8876,24.0739,2486200
2002-06-06,23.8411,24.4464,23.7479,24.3998,1663000
2002-06-07,24.5023,24.7537,23.7479,23.8411,2632000
2002-06-10,24.5488,24.7631,24.2788,24.6234,1088900
2002-06-11,24.5023,25.0052,24.2788,24.7724,1410600
2002-06-12,24.2881,24.5023,24.0832,24.5023,1338200
2002-06-13,23.9249,24.3812,23.8597,24.3719,1113000
2002-06-14,24.195,24.4464,23.6455,24.1204,1883000
2002-06-17,24.7444,24.9586,24.2974,24.344,1855800
2002-06-18,24.6606,25.2194,24.5861,25.1449,2690600
2002-06-19,24.6885,25.1635,24.493,24.5581,3024600
2002-06-20,25.3311,25.4149,24.4464,24.6885,4580000
2002-06-21,25.0052,25.1914,24.8655,24.8655,4388400
2002-06-24,24.9214,25.238,24.7071,25.0517,2034400
2002-06-25,24.7817,25.2846,24.5395,25.1914,2044700
2002-06-26,24.9586,25.0517,24.2601,24.3998,2359100
2002-06-27,25.0331,25.1169,24.7258,25.0797,2091500
2002-06-28,25.2473,25.2473,24.9586,25.0331,2739600
2002-07-01,24.9865,25.1914,24.8003,25.0704,1884600
2002-07-02,24.5581,25.0983,24.2601,25.0517,1767400
2002-07-03,24.344,24.5581,23.7479,24.5581,2126100
2002-07-05,24.8748,25.0331,24.4091,24.5768,814400
2002-07-08,25.1262,25.1356,24.7724,25.0517,1827400
2002-07-09,24.8003,25.0983,24.5488,24.8655,0
2002-07-10,24.702,25.0109,24.3744,24.8518,2428200
2002-07-11,23.9813,24.8986,23.4664,24.805,3881700
2002-07-12,22.8674,23.7472,22.6989,23.7472,5027100
2002-07-15,22.989,22.989,21.716,22.6989,4036400
2002-07-16,20.9204,22.1373,20.5928,22.1373,6382500
2002-07-17,20.8081,21.6693,20.2184,21.3884,4710100
2002-07-18,20.7332,21.5289,20.6021,20.8081,2401700
2002-07-19,19.7504,20.8081,19.6006,20.7426,2955700
2002-07-22,19.6661,20.2371,18.9547,19.9376,3480300
2002-07-23,20.443,20.78,19.4695,19.7036,3164300
2002-07-24,21.4446,21.4446,19.6568,20.0686,2826500
2002-07-25,21.6412,22.0998,20.5928,21.4727,3682500
2002-07-26,21.6224,21.9968,21.3042,21.9407,2776900
2002-07-29,22.5398,22.5866,21.8565,22.0436,2380200
2002-07-30,22.2683,22.7457,21.7628,22.5398,1491100
2002-07-31,22.6521,22.7457,22.1466,22.4087,2887900
2002-08-01,21.7909,22.493,21.6318,22.1841,2651100
2002-08-02,21.1076,22.1373,20.8643,21.8565,1719600
2002-08-05,20.6396,21.3136,20.4711,21.1076,1322200
2002-08-06,21.6973,22.0905,21.1076,21.1076,1706400
2002-08-07,21.7722,22.0624,21.0234,21.9033,1486100
2002-08-08,22.5585,22.6521,21.3416,21.8096,1509800
2002-08-09,22.5023,22.7457,22.0156,22.5585,1154200
2002-08-12,22.1373,22.287,21.8096,22.0905,669800
2002-08-13,21.7722,22.3526,21.6693,22.1373,1584800
2002-08-14,22.3713,22.4181,21.3136,21.7067,1382300
2002-08-15,22.8767,23.0359,22.2122,22.4181,1606100
2002-08-16,22.3058,22.755,22.1373,22.5585,1905300
2002-08-19,22.5678,22.9516,22.1934,22.4649,2194800
2002-08-20,22.3432,22.7363,22.1934,22.5678,1466800
2002-08-21,22.287,22.6521,21.9033,22.5398,1512400
2002-08-22,23.2886,23.3822,22.2777,22.4181,2198900
2002-08-23,22.8112,23.3635,22.7457,23.2979,1157800
2002-08-26,23.1014,23.195,22.5398,23.0265,951000
2002-08-27,22.8487,23.3822,22.6989,23.3073,1295600
2002-08-28,22.6989,22.9516,22.4181,22.8487,1124500
2002-08-29,22.3151,22.6989,22.1841,22.6989,1064900
2002-08-30,22.6147,22.8393,22.1092,22.3245,1601000
2002-09-03,21.716,22.6147,21.6224,22.6147,1764400
2002-09-04,22.0717,22.1841,21.6037,21.7628,1409700
2002-09-05,21.9781,22.1841,21.6037,21.6037,1933000
2002-09-06,22.1653,22.3713,21.7628,22.1653,1192800
2002-09-09,22.3338,22.4836,21.8377,21.9313,1047000
2002-09-10,22.5304,22.5304,22.1841,22.287,656400
2002-09-11,22.7644,23.0733,22.6053,23.0733,701500
2002-09-12,22.3526,22.6053,22.2589,22.5117,2117100
2002-09-13,22.5023,22.5585,22.0249,22.3526,1653600
2002-09-16,22.8861,22.9329,22.3338,22.3713,1451000
2002-09-17,22.7831,23.3354,22.5398,23.1201,2303800
2002-09-18,22.755,22.9984,22.3338,22.7738,1435100
2002-09-19,19.1232,22.0905,17.7847,21.9968,14855200
2002-09-20,19.5257,19.9376,19.1887,19.4228,7877600
2002-09-23,19.0951,19.3759,18.7395,19.1887,3288700
2002-09-24,18.805,18.9079,18.5803,18.7207,4274700
2002-09-25,18.1123,19.0764,17.9251,18.805,5222800
2002-09-26,18.6271,18.7675,18.1591,18.2059,3646500
2002-09-27,18.1591,18.702,18.0561,18.4867,2422500
2002-09-30,18.2995,18.5335,17.7847,18.1591,3269200
2002-10-01,19.0015,19.17,18.1123,18.7956,2602000
2002-10-02,18.702,19.1607,18.4867,18.9079,1320300
2002-10-03,18.5335,19.0109,18.2995,18.8143,1709500
2002-10-04,18.0281,18.7675,17.8689,18.5803,2503200
2002-10-07,17.5413,18.2433,17.4009,17.9251,1916400
2002-10-08,17.8783,18.1497,17.5319,17.6911,2323800
2002-10-09,16.5678,18.1123,16.5398,17.8783,2396000
2002-10-10,16.5491,16.7176,16.1466,16.4274,4716500
2002-10-11,17.4664,17.7098,16.7551,16.9422,4955800
2002-10-14,17.3916,17.6443,17.1763,17.3635,1661800
2002-10-15,18.3369,18.3369,17.56,17.7847,2357600
2002-10-16,17.7847,18.3931,17.56,18.3089,2249300
2002-10-17,19.0015,20.312,18.8518,20.312,3449500
2002-10-18,18.9547,19.0951,18.4025,19.0951,3192300
2002-10-21,19.3292,19.3292,18.5616,18.599,2569500
2002-10-22,18.7207,19.1981,18.5335,19.1887,2430800
2002-10-23,18.7675,18.9547,18.4867,18.7207,2262900
2002-10-24,18.5709,18.8518,18.3369,18.8143,2329800
2002-10-25,18.7863,18.8611,18.1029,18.3463,2523300
2002-10-28,18.0187,18.7207,17.8315,18.7207,2951200
2002-10-29,18.6271,19.0015,17.3728,18.0561,6254100
2002-10-30,19.1232,19.741,18.7675,19.2075,7944500
2002-10-31,19.2449,19.3666,18.9547,19.1887,4438800
2002-11-01,19.5912,19.5912,18.7863,19.1887,2870700
2002-11-04,19.7036,20.1997,19.5819,19.8252,2191500
2002-11-05,20.4243,20.4337,19.5163,19.6568,3248900
2002-11-06,21.0327,21.1544,20.1716,20.5928,2944900
2002-11-07,20.1997,20.78,20.1341,20.677,1646200
2002-11-08,20.0405,20.6209,19.8533,20.2652,826600
2002-11-11,19.5257,20.0312,19.4228,19.844,1288500
2002-11-12,18.9454,19.3104,18.6271,19.0951,4989800
2002-11-13,19.0764,19.2824,18.6271,19.0389,1505500
2002-11-14,19.9188,19.9188,19.1981,19.4321,1825200
2002-11-15,20.0312,20.1154,19.6568,19.6661,1852300
2002-11-18,19.7129,20.1622,19.4695,20.1248,1371100
2002-11-19,18.2995,19.3853,18.0281,19.3759,3951700
2002-11-20,18.2527,18.5335,17.9625,18.4774,4380500
2002-11-21,18.0842,18.4586,17.897,18.4399,4327400
2002-11-22,17.8876,18.2995,17.6911,18.1123,4971600
2002-11-25,17.7847,18.2059,17.6068,17.9251,3586000
2002-11-26,17.5788,17.8783,17.56,17.7847,3296400
2002-11-27,18.7582,18.8237,17.6724,17.6911,2187100
2002-11-29,18.8798,19.0015,18.7207,19.0015,991300
2002-12-02,18.6271,19.2355,18.4867,19.2075,2219700
2002-12-03,18.0187,18.7207,17.9719,18.6926,2744800
2002-12-04,18.4025,18.5522,17.9719,17.9719,1949800
2002-12-05,18.2059,18.5242,18.0655,18.4867,2228300
2002-12-06,18.4774,18.6084,17.9625,18.0374,1472100
2002-12-09,18.1123,18.6646,18.0655,18.2714,1562500
2002-12-10,18.5054,18.5429,18.0281,18.3463,1818600
2002-12-11,18.5429,18.6739,18.1591,18.4399,1489200
2002-12-12,18.8518,19.0015,18.4399,18.7207,1304300
2002-12-13,18.3182,19.0764,18.3089,18.8611,1474800
2002-12-16,19.6193,19.6193,18.7956,18.9547,2797200
2002-12-17,19.4695,19.7036,19.3572,19.6193,2025700
2002-12-18,19.5632,19.7316,19.2449,19.5163,2162100
2002-12-19,19.6568,19.8065,19.3572,19.4228,1758400
2002-12-20,20.0873,20.1716,19.4602,19.6474,4051900
2002-12-23,19.9001,20.2933,19.8627,20.1061,1966300
2002-12-24,19.9188,20.3026,19.8065,20.2184,549800
2002-12-26,19.7972,20.181,19.7316,19.8252,1239300
2002-12-27,19.3853,19.8908,19.3104,19.8346,1282500
2002-12-30,19.4415,19.638,19.2449,19.3853,1731500
2002-12-31,19.7036,20.0312,19.3292,19.4415,1208200
2003-01-02,20.5553,20.5553,19.8627,19.9563,1390800
2003-01-03,18.9828,20.1248,18.833,20.078,5957100
2003-01-06,19.1887,19.3479,18.9547,19.1232,2915200
2003-01-07,18.9079,19.2542,18.8237,19.1887,2827100
2003-01-08,18.2059,18.8705,18.1123,18.7769,3221300
2003-01-09,18.6271,18.7207,18.2059,18.2059,2882200
2003-01-10,18.4774,18.6833,18.3182,18.5054,2158800
2003-01-13,18.2995,18.4399,17.8783,18.2059,2926700
2003-01-14,18.5709,18.6271,18.1217,18.1591,1919700
2003-01-15,18.3931,18.8143,18.3276,18.5709,2459500
2003-01-16,18.5335,18.7114,18.2995,18.3182,2058600
2003-01-17,18.1684,18.5616,18.0,18.3931,2027300
2003-01-21,17.5319,18.3089,17.4851,18.2059,2252200
2003-01-22,17.4384,17.6256,17.3167,17.5319,2049500
2003-01-23,17.6911,17.7566,17.3167,17.4384,1588200
2003-01-24,17.5881,17.6911,17.3447,17.6443,2129700
2003-01-27,16.9797,17.6537,16.9797,17.4009,1621400
2003-01-28,17.2137,17.4571,17.0826,17.1856,1391000
2003-01-29,17.298,17.4851,17.0826,17.1201,1658700
2003-01-30,16.7831,17.5039,16.6895,17.4009,2602000
2003-01-31,17.0265,17.298,16.6801,16.6801,2243300
2003-02-03,17.2792,17.4196,17.0826,17.2043,1217500
2003-02-04,17.1669,17.5507,16.9422,17.5319,1616200
2003-02-05,17.2418,17.6256,17.0078,17.0826,1491300
2003-02-06,16.8112,17.195,16.7551,17.0546,1612000
2003-02-07,16.6521,17.0078,16.5678,16.9703,2367900
2003-02-10,16.7925,16.9422,16.6053,16.7644,1047500
2003-02-11,16.7738,17.064,16.6427,16.7925,1102700
2003-02-12,16.5398,16.9048,16.5117,16.6614,1255900
2003-02-13,16.2496,17.0826,15.7254,16.3806,4358500
2003-02-14,16.8018,16.8487,16.1934,16.2402,2794400
2003-02-18,17.1856,17.4477,16.6146,16.6895,1636100
2003-02-19,17.2043,17.2043,16.8487,17.1201,1584300
2003-02-20,16.8954,17.195,16.6146,17.1201,1795600
2003-02-21,17.2324,17.429,16.9048,17.2792,1391500
2003-02-24,17.1388,17.4196,17.0078,17.4009,1655700
2003-02-25,17.2231,17.2699,16.7551,17.0358,1883600
2003-02-26,16.9235,17.3167,16.9235,17.0546,1109200
2003-02-27,17.2699,17.4103,16.8767,17.0265,1697700
2003-02-28,17.2043,17.5039,17.1014,17.2792,1838200
2003-03-03,17.0078,17.3635,16.9422,17.2324,1660200
2003-03-04,16.3525,17.0265,16.3338,17.0078,2445300
2003-03-05,16.8018,16.8767,16.2215,16.2777,2650000
2003-03-06,16.3338,16.7738,16.3338,16.6614,1955800
2003-03-07,16.4929,16.7925,16.184,16.287,1886700
2003-03-10,16.156,16.5304,16.1466,16.4274,1485400
2003-03-11,15.7441,16.3151,15.7348,16.156,1785000
2003-03-12,15.7535,15.819,15.5288,15.6037,2399400
2003-03-13,16.7176,16.7176,15.922,16.1185,1353900
2003-03-14,16.7925,16.9422,16.4929,16.7176,1722800
2003-03-17,17.4571,17.5413,16.3525,16.624,2563600
2003-03-18,17.5975,17.6068,17.1482,17.4477,1791300
2003-03-19,17.5507,17.6817,17.3354,17.5975,1156400
2003-03-20,17.3635,17.56,17.0452,17.56,1630100
2003-03-21,18.1029,18.1872,17.3635,17.7285,2213500
2003-03-24,17.1669,17.7847,17.0733,17.6911,1636300
2003-03-25,17.3822,17.5039,17.0358,17.1763,1813900
2003-03-26,17.4477,17.5507,17.1763,17.4758,1755400
2003-03-27,17.4009,17.5507,17.1014,17.2231,1118400
2003-03-28,17.5975,17.6911,17.2699,17.4009,1382400
2003-03-31,17.429,17.766,17.1107,17.1107,1953500
2003-04-01,17.7379,17.8409,17.4103,17.4384,2361200
2003-04-02,18.4118,18.5335,18.0374,18.0655,1862000
2003-04-03,18.5242,18.6084,18.3089,18.5054,1414000
2003-04-04,18.4399,18.702,18.2059,18.5709,2021400
2003-04-07,18.5616,18.9547,18.5522,18.7207,1962600
2003-04-08,18.5522,18.7301,18.4399,18.6552,850800
2003-04-09,18.4867,18.7114,18.3369,18.4305,1290100
2003-04-10,18.3837,18.5335,18.2527,18.4399,1282200
2003-04-11,18.6458,18.7582,18.4867,18.6178,1106800
2003-04-14,18.8986,18.9079,18.5522,18.5522,1100500
2003-04-15,18.6365,18.8611,18.5335,18.6646,2185900
2003-04-16,18.7488,18.8237,18.5335,18.6739,2140100
2003-04-17,19.0015,19.0015,18.5803,18.599,2927800
2003-04-21,18.9079,19.0389,18.6833,19.0015,1544500
2003-04-22,19.404,19.4415,18.7207,18.9079,1683600
2003-04-23,19.7504,19.7878,19.1887,19.4321,1919400
2003-04-24,19.5163,19.741,19.4228,19.4695,1491800
2003-04-25,19.1887,19.5912,19.1419,19.5163,1492300
2003-04-28,19.7691,19.7784,19.1887,19.1887,2005600
2003-04-29,19.7878,19.9844,19.6755,19.7784,2028300
2003-04-30,19.7223,19.9095,19.4789,19.7036,1957500
2003-05-01,19.5632,19.7036,19.17,19.7036,1713100
2003-05-02,20.0312,20.0312,19.4695,19.61,1237100
2003-05-05,20.1154,20.181,19.7036,20.0312,1163900
2003-05-06,20.6021,21.0327,19.7316,19.9844,3029100
2003-05-07,21.3603,21.5944,20.7426,20.78,4095900
2003-05-08,21.3229,21.5289,21.1544,21.3603,2324900
2003-05-09,21.3416,21.4259,21.0983,21.3229,2920600
2003-05-12,21.9968,21.9968,21.2012,21.2948,2347500
2003-05-13,21.716,21.8658,21.4446,21.8565,1907400
2003-05-14,21.7348,21.9968,21.6318,21.9033,1615200
2003-05-15,21.9968,22.1653,21.6318,21.7628,1505000
2003-05-16,21.819,21.9501,21.4071,21.9501,1360100
2003-05-19,20.9111,21.9968,20.883,21.2012,2142600
2003-05-20,21.3042,21.6037,21.1919,21.5756,2617700
2003-05-21,21.379,21.8284,21.2948,21.6786,3155900
2003-05-22,21.9033,22.0811,21.4914,21.5289,1953800
2003-05-23,22.0156,22.4555,21.9501,21.9968,1527700
2003-05-27,22.5959,22.7457,21.8377,21.9313,1799400
2003-05-28,23.0078,23.1669,22.6989,22.8112,2155100
2003-05-29,22.4462,23.4009,22.3432,22.9797,2520300
2003-05-30,23.0265,23.1107,22.5772,22.5772,1510200
2003-06-02,23.0359,23.3916,22.8487,23.0639,1930000
2003-06-03,23.0265,23.1201,22.7363,23.0452,1396900
2003-06-04,23.2979,23.3916,22.7925,22.8861,2003500
2003-06-05,23.4477,23.4477,22.9516,23.0171,1672100
2003-06-06,23.5132,23.897,23.3916,23.6349,1572400
2003-06-09,22.6427,22.9423,22.5585,22.5585,2454100
2003-06-10,22.9048,22.9235,22.5491,22.8206,1300000
2003-06-11,23.6443,23.6443,22.858,22.989,1405500
2003-06-12,23.2324,23.9438,22.727,23.7192,2405500
2003-06-13,23.3167,23.3822,22.9797,23.2512,2208600
2003-06-16,23.0733,23.1014,22.7457,22.8861,3568800
2003-06-17,23.0359,23.4477,22.8955,23.2886,2585500
2003-06-18,22.8487,22.9235,22.5959,22.8393,3575200
2003-06-19,22.5585,23.2699,22.4181,22.8487,3884600
2003-06-20,22.3432,22.7176,22.1841,22.6147,4403800
2003-06-23,22.6334,22.6989,22.1185,22.2309,4416900
2003-06-24,22.6895,22.9329,22.5304,22.6895,1619900
2003-06-25,22.3619,22.8206,22.2964,22.5772,1580300
2003-06-26,22.5866,22.6895,22.2496,22.3619,1355700
2003-06-27,22.4649,22.6895,22.3713,22.6521,1460700
2003-06-30,22.3245,22.6521,22.2777,22.4649,2751400
2003-07-01,22.5117,22.6521,22.1279,22.39,2758300
2003-07-02,22.9423,22.9423,22.5117,22.5117,2194200
2003-07-03,22.6521,22.9516,22.5491,22.9423,753700
2003-07-07,22.521,22.9048,22.39,22.727,2379500
2003-07-08,22.493,22.6989,22.4087,22.5585,1893100
2003-07-09,22.6248,22.7377,22.4082,22.6153,2391700
2003-07-10,22.2764,22.5024,22.0975,22.3517,1612100
2003-07-11,22.2576,22.493,22.0881,22.2858,1276300
2003-07-14,22.3423,22.766,22.2858,22.4365,1363800
2003-07-15,22.1823,22.6719,22.0693,22.6719,2349200
2003-07-16,22.4176,22.5683,21.9469,22.2011,1650300
2003-07-17,22.3235,22.5212,22.1352,22.4176,1392200
2003-07-18,22.5965,22.5965,21.9845,22.493,2254100
2003-07-21,22.0034,22.5965,21.9845,22.5965,2714800
2003-07-22,22.1258,22.2755,21.9657,22.1634,2454800
2003-07-23,22.2482,22.267,22.0316,22.2199,2284700
2003-07-24,22.2764,22.7189,22.2105,22.3047,2056100
2003-07-25,22.427,22.4741,22.0599,22.3141,1949400
2003-07-28,22.8884,23.3121,22.2199,22.9167,3604900
2003-07-29,22.6719,22.9167,22.5871,22.8601,1838500
2003-07-30,22.8225,22.9167,22.5965,22.7848,1217600
2003-07-31,22.9449,23.4157,22.8225,23.0108,1500600
2003-08-01,22.5024,23.0202,22.4835,23.0014,1422800
2003-08-04,22.2105,22.3517,21.9845,22.3141,1864300
2003-08-05,21.7492,22.1823,21.6644,22.0975,2131100
2003-08-06,22.2199,22.766,21.1372,21.1372,4307200
2003-08-07,22.6342,22.6907,22.1352,22.3141,1942300
2003-08-08,23.0767,23.1049,22.653,22.766,1511500
2003-08-11,23.0108,23.2179,22.6436,23.152,815600
2003-08-12,23.4721,23.4816,22.7754,23.0108,1010100
2003-08-13,23.1614,23.4439,22.9825,23.4439,1034300
2003-08-14,23.3215,23.3215,22.8696,23.1144,1534200
2003-08-15,23.3686,23.5098,23.1144,23.3498,488700
2003-08-18,23.764,23.764,23.3874,23.4721,1513800
2003-08-19,23.9429,23.9712,23.5945,23.764,1291200
2003-08-20,24.2348,24.3384,23.7169,23.9523,1769800
2003-08-21,24.0088,24.4702,24.0088,24.2348,2365300
2003-08-22,23.5381,24.1218,23.5192,24.1124,2185800
2003-08-25,23.5381,23.7075,23.4721,23.5569,1691700
2003-08-26,23.5381,23.6228,23.2556,23.4627,2387600
2003-08-27,23.4439,23.5851,23.3309,23.5851,1039300
2003-08-28,23.3874,23.5381,23.2367,23.4439,1779400
2003-08-29,23.3403,23.4439,23.3027,23.3968,1979500
2003-09-02,23.5381,23.5945,23.2273,23.4721,2583100
2003-09-03,23.9147,23.9335,23.3498,23.6322,2533300
2003-09-04,24.263,24.2819,23.7358,24.0465,2756800
2003-09-05,23.6793,24.216,23.6322,24.103,2075400
2003-09-08,23.7923,23.9806,23.6228,23.7075,1540800
2003-09-09,23.7734,23.8958,23.5381,23.7923,1320900
2003-09-10,23.4251,23.8393,23.3309,23.7829,1602400
2003-09-11,23.2744,23.5757,23.0861,23.491,3006400
2003-09-12,23.0673,23.2744,22.9637,23.2744,3235600
2003-09-15,22.9637,23.1049,22.8884,23.0202,1652600
2003-09-16,23.1144,23.1803,22.9732,22.992,4393400
2003-09-17,23.378,23.5381,23.1614,23.5381,3922800
2003-09-18,23.6604,23.7169,23.3215,23.5381,2799100
2003-09-19,23.5286,23.764,23.4345,23.6511,2637400
2003-09-22,23.0579,23.2839,22.9732,23.2085,1827400
2003-09-23,23.1709,23.2744,23.0108,23.1709,2228400
2003-09-24,22.9072,23.2367,22.7754,23.1144,1712100
2003-09-25,22.5965,23.0014,22.5965,23.0014,2034100
2003-09-26,22.427,22.6436,22.2764,22.6248,2543300
2003-09-29,22.992,23.0202,22.5965,22.5965,2759000
2003-09-30,23.0485,23.2179,22.6813,22.8507,2511900
2003-10-01,23.7169,23.7452,23.1709,23.2556,2334500
2003-10-02,23.7264,23.764,23.5381,23.7169,1678900
2003-10-03,23.7829,24.0465,23.5851,23.7264,2513800
2003-10-06,23.7734,23.8676,23.5851,23.7546,1548900
2003-10-07,23.9712,23.9712,23.4439,23.5663,1719800
2003-10-08,23.8864,24.0936,23.6981,24.0559,1822100
2003-10-09,24.103,24.2348,23.8958,24.0277,2016400
2003-10-10,24.3666,24.4513,23.9523,23.9617,2262000
2003-10-13,24.6773,24.7997,24.376,24.4513,2194600
2003-10-14,24.6396,24.7809,24.3948,24.6679,2183700
2003-10-15,24.649,24.9033,24.5266,24.7809,2005600
2003-10-16,24.8562,24.988,24.6396,24.649,1803400
2003-10-17,24.6302,24.9503,24.5172,24.9033,1926400
2003-10-20,24.8091,24.8562,24.5832,24.6208,1507800
2003-10-21,24.875,24.9409,23.6793,24.8938,1904100
2003-10-22,24.9033,24.9503,24.5266,24.6867,2747800
2003-10-23,25.1575,25.1575,24.7244,24.7715,2511500
2003-10-24,25.0727,25.1386,24.9503,25.1386,2078700
2003-10-27,25.4776,25.4776,25.0916,25.0916,2681800
2003-10-28,26.1649,26.1649,25.4682,25.4964,3846000
2003-10-29,26.0143,26.0707,25.7318,25.873,2717400
2003-10-30,26.0049,26.1931,25.7506,26.1084,1964500
2003-10-31,25.8919,26.2026,25.7412,26.0049,2278100
2003-11-03,26.1555,26.2214,25.8919,25.9013,1837013
2003-11-04,25.487,25.7224,25.261,25.6565,4359794
2003-11-05,25.5152,25.7789,25.327,25.4211,2594700
2003-11-06,25.5247,25.6565,25.2987,25.5152,1519000
2003-11-07,25.3081,25.6565,25.2799,25.5435,1370000
2003-11-10,25.1857,25.4964,25.1292,25.3081,1202200
2003-11-11,25.3081,25.5058,25.0916,25.1198,1494800
2003-11-12,25.6094,25.6376,25.374,25.4211,1378700
2003-11-13,25.6659,25.7412,25.5341,25.6376,1194200
2003-11-14,25.5058,25.8919,25.4964,25.6659,1632800
2003-11-17,25.3458,25.4588,25.0916,25.4493,1614500
2003-11-18,25.0257,25.6565,24.988,25.4964,1417100
2003-11-19,25.1104,25.2705,24.9127,24.9503,1800000
2003-11-20,25.0916,25.2987,24.9503,25.0162,1354800
2003-11-21,25.0916,25.2234,24.9974,25.214,1435400
2003-11-24,25.5623,25.5812,25.1386,25.1575,1525100
2003-11-25,25.6094,25.7036,25.4682,25.6094,1560400
2003-11-26,25.4117,25.7506,25.2328,25.5812,1405800
2003-11-28,25.6094,25.7883,25.4211,25.4211,839300
2003-12-01,25.8071,25.8636,25.5718,25.6094,1894700
2003-12-02,25.9201,25.9672,25.6659,25.8259,1961200
2003-12-03,26.1272,26.2779,25.9484,25.9766,2291000
2003-12-04,26.3626,26.4003,26.1743,26.2685,2136000
2003-12-05,26.3815,26.5509,26.212,26.212,1471500
2003-12-08,26.6733,26.7298,26.2967,26.3626,2336300
2003-12-09,26.4662,26.7769,26.4191,26.7769,2037500
2003-12-10,26.0519,26.5509,26.0143,26.4568,2956900
2003-12-11,26.2214,26.3155,25.986,25.986,1643800
2003-12-12,26.4097,26.4662,26.1743,26.3155,1467700
2003-12-15,25.9389,26.5886,25.9389,26.5039,1950100
2003-12-16,25.8919,25.9766,25.6941,25.9389,3863900
2003-12-17,25.7977,25.9389,25.7506,25.8919,2175900
2003-12-18,25.7412,25.9013,25.6376,25.7977,3140200
2003-12-19,25.8259,25.8919,25.6565,25.8448,3318500
2003-12-22,25.9107,26.1367,25.8636,25.9107,1868000
2003-12-23,25.8825,26.1838,25.8071,26.0237,1734800
2003-12-24,25.7977,25.9578,25.6847,25.9107,573100
2003-12-26,25.986,26.1084,25.8448,25.9295,379200
2003-12-29,26.2026,26.2026,26.0237,26.1931,1279900
2003-12-30,25.7412,26.1367,25.7412,26.1367,1953100
2003-12-31,25.7883,25.8825,25.5718,25.7883,1648200
2004-01-02,25.327,25.873,25.214,25.7883,2890500
2004-01-05,25.2328,25.4682,24.9315,25.3458,3208900
2004-01-06,25.3175,25.487,25.2234,25.2893,3474700
2004-01-07,25.1755,25.4217,25.1186,25.3838,3112000
2004-01-08,24.8345,25.3114,24.5693,25.2323,3133000
2004-01-09,24.8913,25.0807,24.6072,24.6451,2868800
2004-01-12,25.0429,25.0902,24.8819,24.9955,2255900
2004-01-13,24.8913,25.1092,24.8629,25.0997,1779600
2004-01-14,25.1376,25.3081,24.9387,25.0334,1836200
2004-01-15,25.1944,25.2418,24.9576,25.1281,2162700
2004-01-16,25.4407,25.5354,25.2891,25.3554,2168600
2004-01-20,25.2702,25.5259,25.1565,25.4407,1835000
2004-01-21,25.7437,25.8479,25.3649,25.3649,3865700
2004-01-22,25.9711,26.1132,25.7627,25.8101,3336400
2004-01-23,26.0374,26.151,25.9521,26.0942,2204500
2004-01-26,26.2552,26.331,25.7722,25.9521,2524800
2004-01-27,26.0469,26.3689,26.0469,26.331,2759800
2004-01-28,25.5259,26.2742,25.4975,26.0942,2168100
2004-01-29,25.2702,25.7627,25.1186,25.5259,2744800
2004-01-30,25.2512,25.4691,25.1281,25.1471,1736400
2004-02-02,25.3554,25.6111,25.166,25.1944,2437200
2004-02-03,24.9955,25.4312,24.9955,25.3838,2495900
2004-02-04,24.7208,25.1471,24.7208,24.9955,2185300
2004-02-05,24.6451,24.7682,24.5125,24.7303,2203900
2004-02-06,25.005,25.0997,24.5788,24.5788,2174500
2004-02-09,25.1849,25.2891,25.0997,25.0997,1754600
2004-02-10,25.0713,25.2891,25.005,25.2891,2616700
2004-02-11,25.7343,25.8858,25.0902,25.0997,3410400
2004-02-12,25.8764,25.99,25.5827,25.7627,2565800
2004-02-13,25.8858,26.1416,25.6017,25.6017,3574300
2004-02-17,25.9995,26.2079,25.9711,26.1321,2440300
2004-02-18,26.0089,26.1321,25.7437,25.8953,2030900
2004-02-19,25.9142,26.1794,25.8764,26.0563,1675800
2004-02-20,25.8195,25.9237,25.6301,25.9237,1737800
2004-02-23,25.99,26.0184,25.7816,25.8764,1872300
2004-02-24,26.0089,26.1889,25.7627,25.9237,2324000
2004-02-25,26.17,26.1889,25.829,25.9521,2597300
2004-02-26,26.4731,26.5204,26.0469,26.2836,2747400
2004-02-27,26.5583,26.672,26.2836,26.5488,2983700
2004-03-01,26.9561,26.9846,26.6152,26.6625,2835100
2004-03-02,26.6625,26.9656,26.6341,26.9561,2217600
2004-03-03,26.492,26.6625,26.4447,26.6625,1905700
2004-03-04,26.7193,26.7572,26.4257,26.5394,1265700
2004-03-05,26.833,27.0698,26.6246,26.7193,1759200
2004-03-08,26.6341,26.9846,26.6246,26.8993,1342100
2004-03-09,27.0035,27.2308,26.7288,26.7572,2769100
2004-03-10,26.7004,27.4676,26.6057,27.0887,3621900
2004-03-11,26.9088,27.676,26.6814,26.8046,4163100
2004-03-12,27.7328,27.7328,27.0414,27.0887,3760900
2004-03-15,27.5623,27.657,27.2876,27.6381,2559100
2004-03-16,27.316,27.5055,26.994,27.5055,2184700
2004-03-17,27.6191,28.0075,27.4865,27.5055,2617100
2004-03-18,28.3011,28.4905,28.0359,28.4716,4471900
2004-03-19,28.2443,28.4621,28.1401,28.3958,2962800
2004-03-22,27.9791,28.2443,27.6097,28.2443,1979900
2004-03-23,27.8749,28.2158,27.8749,27.9791,2312700
2004-03-24,28.0833,28.32,27.7707,27.9412,2173500
2004-03-25,28.3295,28.4432,28.0927,28.1495,2212200
2004-03-26,28.2158,28.4053,28.1779,28.3579,1184500
2004-03-29,28.5947,28.6516,28.2443,28.2821,2372200
2004-03-30,29.002,29.1251,28.5852,28.5947,2541400
2004-03-31,28.8315,29.1725,28.7652,29.0304,2454700
2004-04-01,28.9546,29.6745,28.8694,28.9831,3939500
2004-04-02,28.5473,29.0399,28.339,28.9641,3730900
2004-04-05,28.2253,28.5,28.1306,28.4526,2867800
2004-04-06,27.7206,27.9016,27.5778,27.7587,7129400
2004-04-07,27.7397,27.9777,27.6921,27.7587,4162800
2004-04-08,27.4254,27.873,27.3683,27.8539,2603600
2004-04-12,27.6635,27.8063,27.5492,27.6159,2113200
2004-04-13,27.3207,27.7492,27.1207,27.7301,2157800
2004-04-14,27.4825,27.654,27.0731,27.2159,3511500
2004-04-15,27.6159,27.654,27.3778,27.4825,2799000
2004-04-16,28.0158,28.1587,27.6159,27.6159,3311200
2004-04-19,27.4825,27.9872,27.3397,27.9016,2139600
2004-04-20,26.8255,27.4921,26.7874,27.4254,2380800
2004-04-21,27.0731,27.1112,26.4827,26.7588,4726000
2004-04-22,27.6921,27.8825,26.8921,26.9778,4519800
2004-04-23,27.1017,27.5873,26.8255,27.5778,2162600
2004-04-26,26.9588,27.2731,26.7398,27.0445,1713300
2004-04-27,27.2159,27.4635,26.8826,26.9302,2469000
2004-04-28,27.1873,27.4349,26.9112,27.2159,2381500
2004-04-29,26.7874,27.254,26.6636,27.1873,2385100
2004-04-30,26.6731,27.1112,26.6636,26.816,1509500
2004-05-03,27.0064,27.4254,26.3113,27.0921,3538400
2004-05-04,27.1397,27.454,26.6636,27.454,2594600
2004-05-05,27.1683,27.3969,27.1397,27.1493,2067600
2004-05-06,27.0159,27.3207,26.854,27.035,1158000
2004-05-07,26.1208,27.0159,26.0351,27.0159,2996300
2004-05-10,25.6542,26.0922,25.0352,26.0922,3236400
2004-05-11,26.197,26.2351,25.7018,25.7113,3665500
2004-05-12,26.397,26.397,25.7113,26.0637,2422200
2004-05-13,26.6065,26.7207,26.0922,26.2827,1549600
2004-05-14,26.7017,26.9017,26.2351,26.6065,1474700
2004-05-17,26.4636,26.7112,26.1779,26.4636,2040700
2004-05-18,26.8921,26.9017,26.4827,26.7588,2305800
2004-05-19,26.4827,27.1302,26.4827,27.1302,1347000
2004-05-20,26.6255,26.7207,26.397,26.4827,1196300
2004-05-21,26.9683,27.1207,26.6636,26.7779,1898800
2004-05-24,27.3397,27.454,27.054,27.1017,1849900
2004-05-25,27.4064,27.473,26.9588,27.1873,2352000
2004-05-26,27.0921,27.5587,26.9874,27.473,2319900
2004-05-27,27.473,27.5111,27.0445,27.1397,1373900
2004-05-28,27.5683,27.6063,27.3207,27.5492,1318400
2004-06-01,27.3873,27.5683,27.2731,27.3969,1468100
2004-06-02,27.5111,27.5587,27.1017,27.5587,1107200
2004-06-03,27.4064,27.5492,27.2731,27.5111,1409000
2004-06-04,27.3111,27.4254,27.1302,27.4254,1400400
2004-06-07,28.1111,28.2729,27.5111,27.5206,1347200
2004-06-08,28.0634,28.1206,27.8635,27.9587,1832600
2004-06-09,27.7778,28.0634,27.654,28.0634,3236900
2004-06-10,27.8825,27.9968,27.7111,27.9016,2556800
2004-06-14,27.6159,27.9682,27.4825,27.8825,2314500
2004-06-15,27.6254,28.5205,27.1493,27.7682,1923000
2004-06-16,27.6635,27.9968,27.473,27.6159,2105700
2004-06-17,27.8063,27.8635,27.473,27.6159,2002900
2004-06-18,28.511,28.5396,27.7682,27.8158,3765700
2004-06-21,28.5967,29.0062,28.3301,28.4158,1807800
2004-06-22,28.8062,28.8062,28.2158,28.711,2109500
2004-06-23,29.1871,29.2252,28.2634,28.711,1884900
2004-06-24,29.4918,29.749,29.2347,29.33,3855500
2004-06-25,29.4918,29.968,29.4918,29.5204,3688900
2004-06-28,29.4347,29.8537,29.3395,29.6633,2014000
2004-06-29,29.5299,29.6442,29.2347,29.4442,1809800
2004-06-30,29.6918,29.8537,29.4442,29.568,3205600
2004-07-01,29.4728,29.7585,29.2062,29.7394,1771600
2004-07-02,29.5585,29.7109,29.4442,29.5204,1247800
2004-07-06,29.2538,29.5775,29.1395,29.3681,1524300
2004-07-07,29.4835,29.5697,29.1964,29.1964,1297700
2004-07-08,29.1389,29.5505,28.9283,29.5314,3050100
2004-07-09,29.2155,29.5027,29.1676,29.1676,2017400
2004-07-12,29.2346,29.3399,29.0719,29.2634,1722800
2004-07-13,29.3112,29.5697,29.1868,29.2634,2227700
2004-07-14,29.2634,29.5792,29.1102,29.1964,2581000
2004-07-15,29.9717,30.1057,29.4835,29.5601,3632900
2004-07-16,29.8473,30.4025,29.7516,30.2302,2526400
2004-07-19,29.9334,30.144,29.7324,29.9622,1979700
2004-07-20,29.9143,30.077,29.7516,29.8473,2042100
2004-07-21,29.5888,30.1536,29.5888,30.0579,2216400
2004-07-22,29.5697,29.8186,29.4835,29.5601,1859800
2004-07-23,29.4931,29.8473,29.3304,29.5697,1980200
2004-07-26,29.1102,29.6654,29.0145,29.5888,2323300
2004-07-27,29.1772,29.4644,28.756,29.1006,2612400
2004-07-28,28.8996,29.1868,28.689,29.0528,2347600
2004-07-29,28.5933,29.0623,28.421,29.0623,3519000
2004-07-30,28.9475,28.957,28.6028,28.6507,2795100
2004-08-02,29.3399,29.6463,28.6699,28.9092,2908100
2004-08-03,29.6175,30.0579,29.1198,29.2442,4148900
2004-08-04,29.7707,29.8951,29.5218,29.608,2147900
2004-08-05,29.541,30.1727,29.4835,29.9143,2172100
2004-08-06,29.2155,29.5505,29.1581,29.541,2503400
2004-08-09,29.1389,29.5505,29.1389,29.2634,1528300
2004-08-10,29.8856,29.8856,29.2729,29.3399,2572300
2004-08-11,29.5601,29.8664,29.4069,29.8664,2413900
2004-08-12,29.3782,29.5314,29.3399,29.4835,2281500
2004-08-13,29.7803,29.809,29.4452,29.5792,2840900
2004-08-16,30.1727,30.3068,29.7228,29.8186,2475800
2004-08-17,30.3451,30.8524,30.2685,30.4025,3935400
2004-08-18,30.4121,30.5365,30.2493,30.3833,2683100
2004-08-19,30.4599,30.6035,30.0962,30.3738,2090300
2004-08-20,30.8811,30.9386,30.6035,30.6801,2146400
2004-08-23,30.6705,30.9673,30.594,30.8811,1431600
2004-08-24,30.9386,31.1109,30.6035,30.8715,1198000
2004-08-25,30.7663,30.929,30.3163,30.8907,1297600
2004-08-26,30.8524,31.0056,30.728,30.7854,1323700
2004-08-27,30.7088,30.8524,30.5174,30.8524,894600
2004-08-30,30.5844,30.7758,30.4695,30.5748,646200
2004-08-31,30.7567,30.929,30.4791,30.6801,2091100
2004-09-01,31.0534,31.1109,30.7663,30.7663,1469800
2004-09-02,31.4363,31.4938,31.0343,31.063,1602000
2004-09-03,31.4746,31.6182,31.3023,31.4842,1176500
2004-09-07,32.1256,32.1447,31.6087,31.6852,1722900
2004-09-08,31.9533,32.2883,31.9054,32.1447,2077000
2004-09-09,31.6756,32.0298,31.3693,31.9245,1529900
2004-09-10,31.465,31.5704,31.2832,31.5704,1578800
2004-09-13,32.0394,32.0394,31.465,31.465,1940600
2004-09-14,32.1638,32.4989,31.9437,32.0586,2064700
2004-09-15,31.8767,32.1926,31.7044,31.9437,1661100
2004-09-16,32.317,32.5563,31.7618,31.8767,858600
2004-09-17,32.7861,32.7861,32.3745,32.4989,2859400
2004-09-20,32.5946,32.7861,32.5085,32.7861,2099100
2004-09-21,33.4944,33.504,32.6425,32.6712,3237300
2004-09-22,32.6521,33.3604,32.6521,33.3508,3371600
2004-09-23,32.451,32.7669,32.2213,32.6042,2285100
2004-09-24,32.719,33.0158,32.3936,32.3936,2279700
2004-09-27,32.3745,32.6903,32.183,32.4989,2562800
2004-09-28,32.5085,32.6138,32.1351,32.451,1825100
2004-09-29,32.4414,32.5755,32.2787,32.5085,1434700
2004-09-30,33.0541,33.303,32.451,32.451,2337900
2004-10-01,33.437,33.5519,33.1498,33.2934,1967900
2004-10-04,32.9488,33.705,32.8339,33.4944,2380400
2004-10-05,32.4319,32.7956,32.3074,32.7861,3307500
2004-10-06,32.9227,32.9323,32.3934,32.4222,2025800
2004-10-07,32.3838,32.9612,32.1624,32.9227,2022500
2004-10-08,32.2972,32.6244,31.9988,32.4608,1429700
2004-10-11,32.249,32.6629,32.1528,32.4704,1346400
2004-10-12,32.4608,32.5859,31.9603,32.1913,1656200
2004-10-13,32.0277,32.48,31.8063,32.4704,1539600
2004-10-14,32.4704,32.5955,31.8833,32.0277,1604100
2004-10-15,32.2587,32.5859,32.1239,32.3742,1323300
2004-10-18,32.3453,32.4319,31.8352,32.2394,1091100
2004-10-19,32.0277,33.221,31.9796,32.4511,1744900
2004-10-20,32.3838,32.4704,31.6331,32.0277,1869200
2004-10-21,32.7302,32.8168,32.1817,32.2009,1338000
2004-10-22,32.6244,32.8168,32.3164,32.7302,1341000
2004-10-25,32.3838,32.5955,32.1913,32.48,1595600
2004-10-26,33.1152,33.1344,32.4319,32.5859,1850400
2004-10-27,33.221,33.4424,32.6532,32.9708,1752200
2004-10-28,33.4328,33.5579,32.9323,33.2307,1372900
2004-10-29,32.9708,33.3558,32.8072,33.2499,1591800
2004-11-01,34.0775,34.2315,32.9131,33.1537,2736300
2004-11-02,33.3173,33.8562,32.8168,33.2018,2514000
2004-11-03,34.0872,34.1449,33.3654,33.7022,1469800
2004-11-04,34.6935,34.9244,33.683,33.9717,3598600
2004-11-05,34.5202,34.8186,34.3181,34.7897,1712200
2004-11-08,34.2796,34.5876,33.9332,34.5876,1722100
2004-11-09,34.1064,34.5299,34.1064,34.2796,2078100
2004-11-10,34.2604,34.5202,34.1738,34.347,1268100
2004-11-11,34.5299,34.6838,34.2123,34.3855,1965000
2004-11-12,35.1265,35.1362,34.3662,34.5972,2124800
2004-11-15,35.1169,35.1362,34.6454,34.9244,1825800
2004-11-16,34.7512,35.2709,34.7127,35.1265,3014600
2004-11-17,34.7416,35.2035,34.5106,34.7801,2131000
2004-11-18,34.9918,35.1939,34.7705,34.9437,1070500
2004-11-19,34.4529,35.2324,34.1064,35.2324,2877600
2004-11-22,34.5299,34.578,34.3085,34.4144,1660700
2004-11-23,34.501,34.7416,34.4048,34.5972,2645000
2004-11-24,34.4432,34.6261,34.2989,34.5972,1923900
2004-11-26,34.6646,34.8089,34.3566,34.3566,572800
2004-11-29,33.9139,34.7705,33.7696,34.7416,2450300
2004-11-30,33.9428,34.116,33.7696,33.7696,2021700
2004-12-01,34.4817,34.4914,34.0487,34.1834,1161800
2004-12-02,34.0968,34.2796,33.8466,34.2219,1481600
2004-12-03,34.3374,34.6454,34.0968,34.0968,1462700
2004-12-06,34.5876,34.6838,34.1449,34.1545,1580300
2004-12-07,34.0968,34.6549,34.0968,34.5395,1058900
2004-12-08,34.1642,34.2796,33.9236,34.0968,753500
2004-12-09,34.3662,34.501,33.9958,34.1545,1363000
2004-12-10,34.3181,34.5491,34.0968,34.0968,1807300
2004-12-13,34.6068,34.6454,34.2893,34.4048,1456600
2004-12-14,34.6454,34.7608,34.4817,34.6357,1499700
2004-12-15,35.1362,35.2035,34.578,34.6454,2226700
2004-12-16,35.2324,35.319,34.6935,35.2228,1900500
2004-12-17,34.578,35.319,34.3181,35.1554,2660700
2004-12-20,34.3374,34.7416,34.2893,34.578,1549800
2004-12-21,34.6068,34.6935,34.2026,34.5299,1490900
2004-12-22,35.1073,35.2709,34.7031,34.7319,2047500
2004-12-23,34.9437,35.1843,34.7993,35.0592,761100
2004-12-27,34.8956,35.165,34.7608,34.8378,1053300
2004-12-28,35.3286,35.3382,34.9725,35.088,915500
2004-12-29,35.3864,35.4152,35.011,35.2613,742200
2004-12-30,35.4152,35.6269,35.2324,35.396,737700
2004-12-31,35.1554,35.4922,35.1554,35.4152,732100
2005-01-03,35.1939,35.4056,35.0399,35.165,1593600
2005-01-04,34.4432,35.1554,34.1353,35.1458,2130800
2005-01-05,33.95,34.7431,33.921,34.4529,2051000
2005-01-06,34.2498,34.2692,33.8339,33.9016,1801400
2005-01-07,34.1531,34.3852,33.9693,34.2208,1006000
2005-01-10,34.2498,34.6367,34.0177,34.0564,1330400
2005-01-11,33.8533,34.1241,33.7855,33.9887,1829300
2005-01-12,33.7855,33.8629,33.3116,33.7565,1791500
2005-01-13,34.1918,34.4916,33.6791,33.7469,1611600
2005-01-14,35.0333,35.2025,34.2015,34.3369,1717400
2005-01-18,35.4299,35.4782,34.4239,34.7044,1814800
2005-01-19,35.0429,35.4782,34.9946,35.3235,1281900
2005-01-20,35.0429,35.3525,34.8785,35.0333,1793500
2005-01-21,34.9366,35.5459,34.8785,35.2558,1805000
2005-01-24,34.8979,35.0816,34.6367,34.8205,3039500
2005-01-25,34.8012,35.13,34.7431,34.9172,1705700
2005-01-26,34.9076,35.4008,34.3369,34.7238,2366500
2005-01-27,35.0913,35.1493,34.6948,34.9172,1465300
2005-01-28,35.5556,35.691,35.1493,35.2074,2388000
2005-01-31,35.5943,35.8361,35.3041,35.7877,1730700
2005-02-01,35.9038,35.9328,35.4976,35.5943,2077100
2005-02-02,36.0972,36.1843,35.6233,35.8748,1469500
2005-02-03,36.0876,36.3971,35.7394,35.8458,1249300
2005-02-04,36.784,36.842,36.2036,36.2714,2199600
2005-02-07,36.6969,37.0161,36.5132,36.7936,1413000
2005-02-08,36.6969,37.1709,36.5905,37.0451,1631000
2005-02-09,35.9328,36.7066,35.5846,36.6969,1798500
2005-02-10,36.0199,36.223,35.7394,36.0779,1568400
2005-02-11,35.9715,36.1166,35.4589,36.0295,2068700
2005-02-14,35.8361,36.0295,35.6523,36.0102,1230800
2005-02-15,35.7684,36.0295,35.604,35.9328,1124200
2005-02-16,35.7297,35.9232,35.4976,35.778,3162100
2005-02-17,35.7007,36.0102,35.633,35.72,1652800
2005-02-18,35.633,35.8071,35.2558,35.8071,2007800
2005-02-22,35.2364,35.7394,35.2364,35.5943,2546600
2005-02-23,31.9865,34.5787,31.9768,34.0951,13933200
2005-02-24,32.4798,32.9924,32.2863,32.5959,8285400
2005-02-25,32.8086,32.9634,32.5475,32.6345,3578300
2005-02-28,32.6152,32.8957,32.4894,32.8086,3355700
2005-03-01,33.2729,33.4567,32.7216,32.7893,3970300
2005-03-02,32.944,33.4567,32.9247,33.0891,2541300
2005-03-03,32.857,33.2052,32.7409,32.9827,2399700
2005-03-04,33.5631,33.9407,33.1762,33.1762,2076300
2005-03-07,33.6598,33.8049,33.0688,33.5631,2297600
2005-03-08,33.5051,33.7372,33.3987,33.5631,2616400
2005-03-09,32.7893,33.3213,32.7022,33.0601,3919400
2005-03-10,32.2863,32.886,32.1219,32.6926,4152800
2005-03-11,32.2476,32.5281,32.0155,32.1606,2939100
2005-03-14,32.4798,32.4991,32.1219,32.2573,2543000
2005-03-15,32.2186,32.799,32.2186,32.5088,2078900
2005-03-16,32.7893,32.8763,32.1026,32.2283,3269000
2005-03-17,32.5378,32.8377,31.8221,32.7893,3110600
2005-03-18,32.4894,33.1568,32.3153,32.7119,3245900
2005-03-21,32.8377,33.0795,32.5862,33.0795,2848900
2005-03-22,33.0021,33.3793,32.828,33.0311,4074800
2005-03-23,32.7893,33.0698,32.6055,32.8667,3590700
2005-03-24,33.2052,33.389,33.0795,33.2729,2331500
2005-03-28,33.3406,33.6598,33.1375,33.2052,2791400
2005-03-29,33.0408,33.418,33.0215,33.2245,2134300
2005-03-30,33.2245,33.36,32.9827,33.0408,2092900
2005-03-31,33.5341,33.6598,33.1375,33.3309,2079700
2005-04-01,33.1665,33.5631,33.0891,33.5437,2632300
2005-04-04,33.3406,33.4664,32.8667,33.1665,1696200
2005-04-05,33.5147,33.6405,33.2439,33.2826,1562800
2005-04-06,33.2714,33.68,33.1158,33.573,2063900
2005-04-07,33.3104,33.6606,33.2714,33.3201,1703100
2005-04-08,33.0185,33.5049,33.0088,33.3201,1722800
2005-04-11,32.8823,33.1547,32.5866,33.0574,2691800
2005-04-12,33.7968,33.9913,32.892,33.2228,3239100
2005-04-13,33.1061,33.7676,33.0769,33.7092,1443700
2005-04-14,32.1819,33.4466,32.1624,33.2033,4079300
2005-04-15,31.7635,32.5613,31.4328,32.1819,2693000
2005-04-18,32.4153,32.4543,31.6079,31.676,2169100
2005-04-19,32.4445,32.678,31.8803,32.4153,1752700
2005-04-20,30.9269,32.4543,30.8199,32.4251,4152300
2005-04-21,31.6079,31.6371,31.2285,31.2771,3697200
2005-04-22,31.3452,31.8122,31.1215,31.6079,2472500
2005-04-25,31.9192,31.997,31.316,31.3841,1938300
2005-04-26,31.5203,32.104,31.4911,31.7441,1709900
2005-04-27,31.4425,31.7441,31.1604,31.316,2302400
2005-04-28,31.0534,31.4133,30.995,31.1701,1903600
2005-04-29,30.635,31.2966,30.4015,31.1604,3486700
2005-05-02,31.1312,31.1896,30.5475,30.635,1827100
2005-05-03,29.0785,30.0319,29.0493,29.8178,9051700
2005-05-04,29.4092,29.526,29.0395,29.0493,3857300
2005-05-05,29.7108,30.061,29.3801,29.419,3136300
2005-05-06,29.8957,30.1097,29.6233,29.8665,4379000
2005-05-09,30.0221,30.1097,29.7789,30.0221,2067400
2005-05-10,29.6622,30.0902,29.526,30.0319,2515000
2005-05-11,29.7497,30.0124,29.4871,29.8081,1863300
2005-05-12,29.4482,29.8178,29.3022,29.7497,2475300
2005-05-13,29.2049,29.5746,28.7672,29.5357,2492400
2005-05-16,29.4871,29.6427,29.166,29.2147,2204400
2005-05-17,30.1097,30.1389,29.5162,29.5162,1926400
2005-05-18,30.9561,31.1896,30.5183,30.5183,2223800
2005-05-19,31.0339,31.5495,30.9424,31.1312,1678800
2005-05-20,31.0728,31.2382,30.9366,31.1117,1360000
2005-05-23,31.5982,31.6176,31.0144,31.0728,1471800
2005-05-24,31.1312,31.6127,30.9755,31.5982,1528700
2005-05-25,31.0339,31.3258,30.9366,31.1215,849000
2005-05-26,31.3744,31.4911,31.1506,31.1798,1983700
2005-05-27,31.5009,31.5982,31.3063,31.5203,895400
2005-05-31,31.1506,31.6176,30.9755,31.4814,2857900
2005-06-01,31.4133,31.7149,30.9853,31.1312,2192600
2005-06-02,31.89,31.9678,31.4328,31.569,2007100
2005-06-03,31.4911,32.0067,31.316,31.8414,1074300
2005-06-06,31.7149,31.783,31.3258,31.3258,957600
2005-06-07,32.2208,32.5905,31.7149,31.8608,2328300
2005-06-08,31.676,32.2597,31.4814,32.2402,1583300
2005-06-09,31.7635,32.0554,31.4133,31.7149,1759800
2005-06-10,31.6176,32.0457,31.4425,31.8608,1004700
2005-06-13,31.7733,31.89,31.3549,31.4911,985500
2005-06-14,31.7538,31.9873,31.6662,31.7149,1147100
2005-06-15,31.9386,32.0067,31.5884,31.7538,1312200
2005-06-16,32.2208,32.3181,31.7149,31.8414,1995500
2005-06-17,32.7461,32.8823,32.5418,32.6683,2985700
2005-06-20,32.3472,32.5515,32.25,32.5029,1408500
2005-06-21,32.4737,32.5905,32.25,32.3959,1796100
2005-06-22,32.2986,32.7364,31.8414,32.5126,1124900
2005-06-23,31.423,32.3083,31.423,32.3083,2712200
2005-06-24,30.8393,31.5106,30.6448,31.423,3280100
2005-06-27,31.0631,31.2576,30.9074,30.9074,1201800
2005-06-28,31.7635,31.9289,31.4619,31.5398,2060700
2005-06-29,31.1604,31.8122,31.0923,31.8122,2135300
2005-06-30,30.8977,31.1215,30.5961,30.9366,2863100
2005-07-01,30.5864,31.1701,30.4794,30.888,2283800
2005-07-05,30.7323,30.742,30.2556,30.2556,3098500
2005-07-06,30.7323,30.7519,30.5267,30.7323,1777000
2005-07-07,31.1141,31.1141,30.0763,30.3602,1578800
2005-07-08,31.3785,31.447,30.6931,31.0358,1861300
2005-07-11,31.4959,31.7113,31.3785,31.5547,2036300
2005-07-12,31.5155,31.7994,31.4176,31.5938,1329100
2005-07-13,31.7407,31.7994,31.4568,31.5155,1237800
2005-07-14,31.819,32.005,31.5155,31.819,3171000
2005-07-15,31.8484,32.0148,31.7211,31.8288,1294500
2005-07-18,31.8778,32.0736,31.6624,31.8484,1528900
2005-07-19,32.3183,32.5239,31.7701,31.9855,2171900
2005-07-20,32.8372,32.896,32.1815,32.3281,2009600
2005-07-21,32.7295,33.033,32.6414,32.7491,2293800
2005-07-22,33.131,33.2191,32.7491,32.7491,1917600
2005-07-25,32.8372,33.1897,32.8372,33.033,1968900
2005-07-26,33.2289,33.3366,32.7197,32.8764,2524000
2005-07-27,33.4344,33.4932,33.131,33.2386,1441300
2005-07-28,33.924,33.9729,33.4736,33.4736,1552300
2005-07-29,33.1995,33.9436,33.1897,33.7771,1556700
2005-08-01,32.9156,33.5813,32.9156,33.3561,2082100
2005-08-02,31.2806,32.5043,31.2414,31.5743,7491000
2005-08-03,31.4666,31.7994,31.3295,31.4764,3385100
2005-08-04,31.0651,31.4764,30.8028,31.3295,3011100
2005-08-05,30.7421,31.1826,30.5678,31.0651,1898400
2005-08-08,30.5756,30.9085,30.3505,30.7519,2185100
2005-08-09,30.6246,30.8889,30.5462,30.5462,1878700
2005-08-10,30.5462,30.9281,30.3798,30.6344,1789100
2005-08-11,30.8889,30.9183,30.4875,30.5462,1565700
2005-08-12,30.7323,30.84,30.4484,30.7421,959700
2005-08-15,30.84,30.9477,30.3798,30.6246,1810900
2005-08-16,30.5071,31.0554,30.4973,30.7617,2170900
2005-08-17,30.3505,30.556,30.3505,30.4092,2248000
2005-08-18,30.3505,30.5365,30.184,30.2819,1451800
2005-08-19,30.1448,30.5658,30.0176,30.5658,1856300
2005-08-22,30.2232,30.4777,30.0078,30.1742,1399300
2005-08-23,29.6259,30.1742,29.5183,30.1057,2139600
2005-08-24,29.4693,29.9588,29.3518,29.5085,2245000
2005-08-25,29.4106,29.8414,29.3616,29.5672,1906200
2005-08-26,29.1658,29.6357,29.0189,29.4106,1687800
2005-08-29,29.2148,29.3616,28.7546,29.156,1980000
2005-08-30,29.3518,29.6162,29.1168,29.2148,2389100
2005-08-31,30.0372,30.0567,29.2343,29.2735,3278400
2005-09-01,30.1155,30.3015,29.7239,29.9588,2553200
2005-09-02,30.1546,30.37,29.7434,30.0567,2458000
2005-09-06,30.3505,30.7127,30.3113,30.3994,1787900
2005-09-07,30.8694,30.8791,30.4484,30.556,2122600
2005-09-08,30.1155,30.8791,30.0274,30.8694,2545100
2005-09-09,30.37,30.6246,30.2232,30.233,1391000
2005-09-12,30.1546,30.3994,29.8022,30.3798,2039900
2005-09-13,29.8707,30.1351,29.8345,29.9393,2022200
2005-09-14,29.763,29.9686,29.6749,29.8511,1975400
2005-09-15,29.6651,30.0567,29.6455,29.7728,2479000
2005-09-16,29.5281,29.763,29.3225,29.7141,2659100
2005-09-19,29.5085,29.763,29.1756,29.6064,2883200
2005-09-20,29.1266,29.6357,28.9896,29.5085,3304300
2005-09-21,28.8917,29.156,28.8134,29.1364,3117300
2005-09-22,29.2637,29.4106,28.784,28.7938,3357500
2005-09-23,29.1364,29.3518,28.9015,29.2637,2080400
2005-09-26,29.6553,29.7826,29.205,29.205,2771500
2005-09-27,30.1057,30.2232,29.391,29.6651,3571400
2005-09-28,29.6455,30.3407,29.4204,29.9588,2763900
2005-09-29,29.8022,30.1448,29.3714,29.5966,3138300
2005-09-30,30.0372,30.0567,29.4889,29.8022,2523400
2005-10-03,30.0567,30.2917,29.7826,29.8511,1923600
2005-10-04,29.4204,30.1057,29.3322,30.0665,2936500
2005-10-05,28.701,29.4205,28.6419,29.4106,2685100
2005-10-06,28.6222,29.0164,28.2673,28.7404,2277700
2005-10-07,29.0263,29.3811,28.6813,28.6813,2366300
2005-10-10,28.8587,29.0361,28.632,28.977,1852200
2005-10-11,28.6123,29.4402,28.563,28.8587,2600600
2005-10-12,28.3659,29.0361,28.2476,28.6123,2135100
2005-10-13,28.4152,28.6714,27.9224,28.3363,2675600
2005-10-14,29.0065,29.046,28.494,28.6813,1873400
2005-10-17,29.1347,29.5683,28.7798,28.977,1398400
2005-10-18,28.1293,28.8981,28.0308,28.8883,4620700
2005-10-19,28.3856,28.4447,27.3803,27.9716,5099000
2005-10-20,27.8731,28.3363,27.7055,28.2673,3393900
2005-10-21,27.7548,28.287,27.5774,28.0111,2970800
2005-10-24,28.1096,28.4743,27.8928,27.8928,2481600
2005-10-25,28.0406,28.1688,27.7548,28.0899,2511100
2005-10-26,27.607,28.0998,27.607,28.0406,2982400
2005-10-27,27.4197,28.0111,27.4098,27.7055,3286000
2005-10-28,28.1096,28.1392,27.4394,27.607,3583600
2005-10-31,28.0702,28.701,27.9422,28.2181,4376900
2005-11-01,26.9762,27.676,26.8875,27.5971,8760800
2005-11-02,27.4986,27.7942,26.7593,27.0057,6425200
2005-11-03,28.0111,28.1392,27.6464,27.6957,4126000
2005-11-04,28.494,28.5729,28.0899,28.1195,2546100
2005-11-07,29.0558,29.2037,28.5729,28.632,1939600
2005-11-08,28.3462,28.7404,27.5971,27.6464,3830000
2005-11-09,28.5137,28.77,28.3462,28.356,2376100
2005-11-10,28.7798,28.9967,28.4349,28.494,2253200
2005-11-11,28.6714,28.7897,28.5137,28.7306,2038500
2005-11-14,29.0361,29.1741,28.563,28.7798,2983200
2005-11-15,28.563,29.046,28.4053,29.046,1649300
2005-11-16,28.4053,28.7798,28.2279,28.632,1923400
2005-11-17,29.1445,29.2332,28.2969,28.3363,1942200
2005-11-18,29.3909,29.5881,29.115,29.5683,2156700
2005-11-21,29.6078,29.6078,29.2726,29.4698,1532000
2005-11-22,29.7852,29.8837,29.3712,29.5782,2263900
2005-11-23,30.2484,30.4751,29.8147,29.9527,2364200
2005-11-25,30.3273,30.5342,30.2583,30.5342,944900
2005-11-28,29.5782,30.4751,29.5683,30.4357,2568900
2005-11-29,29.6176,30.1893,29.3219,29.5881,3629200
2005-11-30,29.3416,29.8344,29.3101,29.6176,3008800
2005-12-01,29.8246,29.8443,29.5092,29.5092,2123100
2005-12-02,29.9921,30.071,29.5486,29.7162,1233100
2005-12-05,29.6669,30.0809,29.5486,29.933,2185100
2005-12-06,29.7654,30.1794,29.7654,29.7852,2147400
2005-12-07,29.4402,29.8443,29.2934,29.7359,1817500
2005-12-08,29.0263,29.4402,28.8981,29.4402,2590700
2005-12-09,29.0952,29.4599,28.9375,28.9375,1658000
2005-12-12,28.9178,29.3219,28.8193,29.1347,1799800
2005-12-13,29.8837,29.9232,28.8193,28.9277,2696700
2005-12-14,29.933,30.3174,29.657,29.8049,1558400
2005-12-15,30.0414,30.347,29.8837,29.8837,2247300
2005-12-16,30.1991,30.7511,30.14,30.4554,2707600
2005-12-19,29.9232,30.3765,29.8246,30.14,1174900
2005-12-20,29.7063,30.0611,29.6176,29.9232,1069300
2005-12-21,30.0119,30.1203,29.726,29.864,1216400
2005-12-22,29.7654,30.347,29.7359,30.0119,1385700
2005-12-23,29.5881,29.8049,29.3811,29.8049,1837000
2005-12-27,29.6373,29.864,29.5698,29.7654,1413900
2005-12-28,29.5683,29.7753,29.4796,29.6472,1780600
2005-12-29,29.5486,29.7654,29.4402,29.5683,1352000
2005-12-30,29.7556,29.8443,29.5388,29.5486,1468800
2006-01-03,30.7609,30.7609,29.7654,30.14,3190700
2006-01-04,30.4832,30.7312,30.265,30.6717,2095200
2006-01-05,30.3444,30.7411,30.2848,30.4535,2268000
2006-01-06,30.1559,30.5527,29.7591,30.5031,2348600
2006-01-09,30.2352,30.3543,29.9872,30.1162,3102900
2006-01-10,30.3642,30.3741,30.0071,30.2055,2742400
2006-01-11,30.6023,30.8007,30.384,30.5031,2638200
2006-01-12,30.1856,30.5924,30.0865,30.4436,1746700
2006-01-13,30.0071,30.3245,29.8583,30.1757,1064200
2006-01-17,30.0765,30.1956,29.8484,29.9575,2343100
2006-01-18,30.1559,30.3642,29.9575,30.0071,2903500
2006-01-19,29.898,30.394,29.7492,30.2352,2416900
2006-01-20,29.1441,30.0964,29.0052,30.0964,3427900
2006-01-23,29.3524,29.4615,29.154,29.2631,2049300
2006-01-24,29.5309,29.6301,29.3623,29.3921,3817300
2006-01-25,29.521,29.6435,29.1838,29.5607,2374000
2006-01-26,29.1441,29.5309,29.0151,29.521,3233700
2006-01-27,29.3822,29.4714,28.7671,29.1441,1947400
2006-01-30,29.5309,29.6103,29.2135,29.3127,2025600
2006-01-31,29.4119,29.7988,29.3623,29.5409,2890900
2006-02-01,29.2135,29.6797,29.1143,29.2433,3461600
2006-02-02,29.1937,29.3822,28.8465,29.1639,3153100
2006-02-03,29.3722,29.4615,28.9358,28.9655,2443500
2006-02-06,29.521,29.7393,29.273,29.3127,2741500
2006-02-07,29.2829,29.5706,29.0548,29.4119,3592300
2006-02-08,29.3623,29.4417,28.9556,29.1838,2644500
2006-02-09,29.4417,29.6202,29.2334,29.3822,2780200
2006-02-10,29.6103,29.6103,29.0508,29.3226,1946400
2006-02-13,29.6698,29.8484,29.402,29.5111,2108600
2006-02-14,30.5328,30.7213,29.2135,29.7591,3794000
2006-02-15,30.5427,30.7114,30.2352,30.3543,2391900
2006-02-16,30.9296,30.9296,30.4932,30.5031,2749900
2006-02-17,30.9693,31.1379,30.7808,31.0685,2675700
2006-02-21,30.6915,31.247,30.5924,31.0982,2516800
2006-02-22,31.257,31.2966,30.7015,30.8602,1767900
2006-02-23,31.2173,31.2867,30.7015,31.0982,2167200
2006-02-24,31.1379,31.2966,30.9594,31.2966,1397000
2006-02-27,31.247,31.4355,30.9891,31.247,1196100
2006-02-28,30.9395,31.247,30.6221,31.0982,1665200
2006-03-01,30.9594,31.0685,30.2749,30.8503,2580700
2006-03-02,30.8899,30.9594,30.4535,30.7511,1365600
2006-03-03,30.6519,30.7907,30.4932,30.7015,1562100
2006-03-06,30.3444,30.7511,30.265,30.642,1469900
2006-03-07,30.4138,30.4138,30.0368,30.3444,1887300
2006-03-08,30.2352,30.3146,29.9575,30.2848,1786800
2006-03-09,30.3741,30.5527,30.1658,30.2253,1211900
2006-03-10,30.8701,30.9693,30.136,30.2749,1756400
2006-03-13,29.65,30.384,29.5111,30.2551,4809700
2006-03-14,30.6519,30.7015,29.65,29.65,2846800
2006-03-15,30.8106,30.8899,30.5527,30.6023,2109100
2006-03-16,31.1479,31.3264,30.7709,30.8999,2706100
2006-03-17,31.9811,32.2093,31.257,31.4554,3920300
2006-03-20,31.8125,32.0406,31.743,31.9216,1894600
2006-03-21,31.7827,31.991,31.6339,31.9414,1906900
2006-03-22,31.6339,31.8025,31.4157,31.6934,1436000
2006-03-23,31.872,32.0406,31.4256,31.5546,1535500
2006-03-24,31.8521,32.2192,31.5546,31.8422,1627700
2006-03-27,32.0406,32.1001,31.7629,31.7629,1208400
2006-03-28,31.9613,32.6805,31.6934,32.6805,2017700
2006-03-29,31.9018,32.0208,31.6339,31.991,1976500
2006-03-30,32.0109,32.0406,31.5248,31.743,1991000
2006-03-31,32.2291,32.4771,32.0208,32.0704,3088900
2006-04-03,32.7648,32.8144,32.239,32.3085,3982400
2006-04-04,32.8243,33.0723,32.3382,32.7152,2966000
2006-04-05,32.9334,33.0227,32.4076,32.6854,2685400
2006-04-06,32.4374,32.8739,32.2489,32.8739,2127800
2006-04-07,32.3382,32.8243,32.239,32.5862,2594500
2006-04-10,32.0307,32.1398,31.8918,32.12,1163600
2006-04-11,31.8323,32.0803,31.6934,32.0208,1891200
2006-04-12,31.872,31.9315,31.6438,31.8521,1024000
2006-04-13,31.8224,31.9811,31.6042,31.872,914300
2006-04-17,31.6835,31.7926,31.5446,31.6438,1190000
2006-04-18,32.5366,32.6457,31.5446,31.5446,2717800
2006-04-19,32.5763,32.5862,32.2529,32.5366,1334800
2006-04-20,32.5961,32.6953,32.2688,32.5862,1449100
2006-04-21,32.487,32.9036,32.3382,32.9036,1668300
2006-04-24,32.1299,33.4294,32.0902,33.3798,1205000
2006-04-25,32.0605,32.2688,31.872,32.1299,1737100
2006-04-26,31.8819,32.4572,31.8224,32.0605,1431200
2006-04-27,31.7034,31.8819,31.2966,31.5446,3350800
2006-04-28,31.6438,31.8422,31.5546,31.7034,3180800
2006-05-01,31.743,31.9315,31.1082,31.6438,2846600
2006-05-02,32.1597,32.2985,31.5645,32.239,3302700
2006-05-03,32.0902,32.3481,31.9117,32.1597,2806900
2006-05-04,32.0109,32.3382,31.8918,31.991,2527400
2006-05-05,32.4969,32.5465,32.0307,32.1894,3005600
2006-05-08,32.4176,32.6656,32.3481,32.487,2003100
2006-05-09,32.3184,32.5733,32.239,32.4374,1917000
2006-05-10,32.7846,32.9731,32.2489,32.2589,2358900
2006-05-11,32.6755,33.0723,32.6656,32.9632,2691800
2006-05-12,32.1398,32.735,32.0902,32.7152,1981300
2006-05-15,32.2093,32.239,31.8025,32.1398,1804800
2006-05-16,31.6934,32.2192,31.6438,32.2192,2747600
2006-05-17,30.9197,31.2966,30.6221,31.2867,3026500
2006-05-18,30.5725,31.2371,30.5527,30.9197,2631600
2006-05-19,30.5626,30.8899,30.2948,30.5725,3258100
2006-05-22,30.2352,31.0387,30.0865,30.5725,3402300
2006-05-23,30.2848,32.1696,29.2829,31.1875,1975000
2006-05-24,30.3245,30.7114,29.9277,30.1559,2376600
2006-05-25,30.7808,30.8205,30.2749,30.2749,1835600
2006-05-26,30.6915,31.0387,30.5527,30.7808,1511100
2006-05-30,30.6816,30.8007,30.5031,30.7015,2231900
2006-05-31,30.7709,30.9296,30.6122,30.761,2239700
2006-06-01,31.2272,31.2867,30.4733,30.7015,2232700
2006-06-02,31.2371,31.4554,30.8701,31.4454,2707200
2006-06-05,30.2055,31.0487,30.1956,31.0487,2698400
2006-06-06,29.6202,30.146,29.3326,30.136,5600400
2006-06-07,28.8663,29.7988,28.777,29.6301,4081400
2006-06-08,28.8862,28.9457,28.0529,28.6183,4699800
2006-06-09,28.7374,29.3822,28.7274,28.8663,3144200
2006-06-12,28.2315,28.8465,28.2315,28.7473,2534800
2006-06-13,27.4379,28.5886,27.4379,28.2315,7161600
2006-06-14,27.6065,27.8148,27.4081,27.4081,4607100
2006-06-15,28.3108,28.5291,27.5943,27.7752,3937900
2006-06-16,28.1719,28.4398,27.9438,28.3108,3841900
2006-06-19,27.9835,28.4795,27.8644,28.3307,3319100
2006-06-20,28.0231,28.1223,27.7652,27.8446,4448700
2006-06-21,28.2612,28.6084,28.0728,28.0827,3133400
2006-06-22,28.2215,28.4299,28.1025,28.2612,2613100
2006-06-23,28.1223,28.4993,27.9736,28.0231,2599900
2006-06-26,28.6183,28.7175,28.1223,28.1223,2763000
2006-06-27,28.4596,28.8564,28.4001,28.5489,3496400
2006-06-28,28.7671,28.7969,28.3009,28.4596,2227400
2006-06-29,29.4417,29.5309,28.6183,28.8564,3309800
2006-06-30,29.402,29.7095,29.1441,29.6599,4160400
2006-07-03,29.521,29.6599,29.1441,29.4913,1445800
2006-07-05,29.2433,29.3127,28.8663,29.3028,2862000
2006-07-06,28.4695,28.7076,28.2612,28.6977,3724500
2006-07-07,27.7256,28.6481,27.666,28.5191,5163800
2006-07-10,28.4001,28.5588,28.1124,28.2711,2785200
2006-07-11,28.4199,28.4497,27.8843,28.3505,2659200
2006-07-12,27.676,28.4596,27.6462,28.4199,3621000
2006-07-13,27.051,27.6264,26.9816,27.4776,5457200
2006-07-14,26.8526,27.051,26.2277,27.051,4998600
2006-07-17,27.0808,27.17,26.8129,26.8129,2093000
2006-07-18,27.051,27.5272,26.4757,27.2693,3280500
2006-07-19,27.4181,27.7553,27.2296,27.2792,3666000
2006-07-20,26.5749,27.4557,26.5154,27.428,2740100
2006-07-21,25.7912,26.5451,25.7317,26.5352,6225000
2006-07-24,26.307,26.555,25.8507,26.0194,4000300
2006-07-25,26.6542,26.8129,26.1483,26.1781,3983100
2006-07-26,26.1285,26.6542,25.7615,26.6542,4106100
2006-07-27,25.9003,26.5352,25.7119,26.188,3163700
2006-07-28,26.6741,26.8427,25.9995,26.0392,3418700
2006-07-31,26.5154,26.7832,26.1979,26.6741,3170500
2006-08-01,26.2674,26.7038,25.8507,26.555,5409900
2006-08-02,26.3368,26.5947,25.9995,26.4856,3616000
2006-08-03,27.2693,27.5172,26.3765,26.4856,5324800
2006-08-04,27.1403,28.2711,26.7931,27.5867,3717500
2006-08-07,27.5371,27.5867,26.8824,27.1403,3048000
2006-08-08,27.2593,27.8644,27.1304,27.7454,3711800
2006-08-09,26.3864,27.4379,26.3269,27.4379,3811600
2006-08-10,26.4856,26.5451,26.059,26.2971,2298500
2006-08-11,26.317,26.6046,25.9995,26.4558,1786400
2006-08-14,25.9896,26.7138,25.9499,26.5352,2750000
2006-08-15,26.6443,26.7832,26.2277,26.2376,4637900
2006-08-16,27.3188,27.4478,26.5352,26.7138,2978500
2006-08-17,27.3387,27.5966,27.18,27.3685,2205000
2006-08-18,27.1105,27.3486,26.9518,27.3486,1987400
2006-08-21,26.684,27.0411,26.6741,27.0312,1857100
2006-08-22,26.6245,27.0113,26.555,26.7832,2289500
2006-08-23,26.1781,26.7832,26.1483,26.6344,2437700
2006-08-24,26.2078,26.4955,25.8606,26.3864,3259000
2006-08-25,26.5352,26.684,25.9003,26.0491,2495600
2006-08-28,26.9816,27.0609,26.4459,26.4459,2738400
2006-08-29,27.0113,27.0411,26.6344,26.9915,2325200
2006-08-30,27.0709,27.17,26.9121,27.17,1232000
2006-08-31,27.1899,27.3188,26.8328,27.0709,2288900
2006-09-01,27.5172,27.676,27.1105,27.2593,2207700
2006-09-05,27.7454,27.8148,27.3288,27.6363,2374100
2006-09-06,27.18,27.7652,27.1006,27.7553,2747800
2006-09-07,26.6245,27.1998,26.4757,27.1899,3953000
2006-09-08,26.803,26.8526,26.4062,26.5848,1665500
2006-09-11,27.3685,27.4379,26.4558,26.5848,4044300
2006-09-12,27.5867,27.7652,27.18,27.2792,3786100
2006-09-13,27.3982,27.8148,27.3089,27.5768,3437200
2006-09-14,27.8545,28.162,27.1502,27.4081,2382800
2006-09-15,28.0033,28.3505,27.9736,28.1521,2464300
2006-09-18,27.3387,28.043,26.9022,28.043,3799300
2006-09-19,27.1204,27.3883,26.8427,27.3486,2752300
2006-09-20,26.6939,27.1304,26.0789,26.3666,8417700
2006-09-21,25.8805,26.3467,25.7416,26.0888,5724300
2006-09-22,26.3963,26.4856,25.6424,26.0293,3866900
2006-09-25,26.5947,26.7832,26.2574,26.5154,3255400
2006-09-26,27.0709,27.3784,26.3566,26.5947,4764300
2006-09-27,27.428,27.5272,27.0064,27.0808,3650400
2006-09-28,27.4776,27.6561,27.1403,27.4181,2308000
2006-09-29,27.1998,27.6065,27.1998,27.4776,2215400
2006-10-02,27.4974,27.7752,27.0411,27.299,3721400
2006-10-03,27.1998,27.5172,27.0213,27.5073,2965700
2006-10-04,27.299,27.4875,26.6939,26.8427,3742800
2006-10-05,27.3784,27.5371,27.2494,27.2792,2652900
2006-10-06,27.3188,27.3982,27.1105,27.2792,2074700
2006-10-09,27.8049,27.8248,26.932,27.3288,3303500
2006-10-10,27.666,28.0926,27.5073,27.8049,3048500
2006-10-11,27.2494,27.6264,27.1204,27.4776,3673100
2006-10-12,27.3883,27.4676,27.0609,27.2494,3310400
2006-10-13,27.1601,27.3188,26.932,27.2593,2658300
2006-10-16,28.2612,28.3009,27.18,27.18,4343300
2006-10-17,27.7851,28.2612,27.7256,28.2612,2567000
2006-10-18,27.6164,28.3902,27.5172,27.9934,2186900
2006-10-19,27.6958,27.854,27.428,27.6264,1774000
2006-10-20,27.6065,27.8545,27.18,27.8545,1747500
2006-10-23,27.6164,27.7256,27.4676,27.6065,1671800
2006-10-24,27.7752,27.8644,27.5768,27.6164,2337700
2006-10-25,27.5172,27.7355,27.428,27.7256,2248700
2006-10-26,28.3703,28.5092,27.5371,27.6264,4748700
2006-10-27,28.1422,28.2811,27.8843,28.2711,2788300
2006-10-30,27.7752,28.2116,27.7156,28.1422,2928500
2006-10-31,27.428,28.0728,26.8129,27.7752,6343200
2006-11-01,27.0113,27.5768,26.8824,27.5768,3555000
2006-11-02,26.7237,27.2097,26.6344,27.0113,2590200
2006-11-03,26.8625,27.0808,26.7237,26.7832,1890600
2006-11-06,27.17,27.3017,26.9022,26.9816,2495900
2006-11-07,27.4875,27.5966,27.0411,27.3089,2459100
2006-11-08,27.5768,27.6958,27.2097,27.2296,4491700
2006-11-09,27.5371,27.7256,27.3585,27.5371,2834200
2006-11-10,27.6462,27.8446,27.4478,27.4478,1931500
2006-11-13,27.6958,27.914,27.4181,27.7752,2350900
2006-11-14,28.0628,28.1124,27.4081,27.8248,2537000
2006-11-15,28.2017,28.4398,27.914,28.0628,3174700
2006-11-16,28.2711,28.4795,28.0728,28.3207,2219800
2006-11-17,28.7374,28.777,27.9041,28.2116,4063100
2006-11-20,28.3505,28.8961,28.291,28.6183,2732800
2006-11-21,28.5291,28.6183,28.3902,28.4398,1757400
2006-11-22,28.4795,28.7473,28.4596,28.6679,2259300
2006-11-24,28.4695,28.5886,28.2414,28.3803,664900
2006-11-27,28.0231,28.5092,27.8545,28.4695,2257800
2006-11-28,27.8148,28.0331,27.6363,28.0231,1813600
2006-11-29,28.2513,28.3803,27.8545,27.8545,1735100
2006-11-30,28.4596,28.6183,28.291,28.41,4713900
2006-12-01,28.5291,28.6283,28.2811,28.4596,3219700
2006-12-04,28.7671,28.777,28.4497,28.5291,2661200
2006-12-05,28.8068,28.906,28.6382,28.8663,2686300
2006-12-06,29.8087,29.8881,28.7076,28.8068,5646000
2006-12-07,29.7591,30.0368,29.6401,29.9575,3481600
2006-12-08,29.7194,29.9872,29.6103,29.8087,1728000
2006-12-11,29.5309,29.9872,29.4119,29.7095,1637800
2006-12-12,29.3326,29.6103,29.1639,29.4913,1855200
2006-12-13,29.2829,29.65,29.1937,29.6202,1525700
2006-12-14,29.6301,29.7194,29.1441,29.2234,2041900
2006-12-15,29.0449,29.7591,28.8465,29.7095,10712100
2006-12-18,28.9159,29.0746,28.7572,29.0449,3056500
2006-12-19,28.9556,29.0846,28.6183,28.7671,3086700
2006-12-20,29.1838,29.3623,28.8961,28.9358,2037900
2006-12-21,29.0548,29.3028,28.9854,29.2433,1727900
2006-12-22,29.0151,29.2334,28.8961,29.1143,1080600
2006-12-26,29.1242,29.2334,28.9754,29.0151,924200
2006-12-27,29.6698,29.7293,29.2631,29.273,1503300
2006-12-28,29.9872,30.0368,29.5508,29.5607,2348700
2006-12-29,29.6301,30.2848,29.5706,29.9575,2030900
2007-01-03,29.0449,29.8285,28.8564,29.6103,3141200
2007-01-04,29.025,29.153,28.7175,29.0647,2805500
2007-01-05,29.0151,29.0746,28.7671,28.9655,2293800
2007-01-08,28.906,29.0151,28.7572,29.0151,2707200
2007-01-09,29.4615,29.5111,28.8167,28.9655,2697200
2007-01-10,29.5409,29.5607,29.1639,29.3623,3537600
2007-01-11,29.8186,29.9773,29.521,29.5409,2064300
2007-01-12,30.0368,30.136,29.5905,29.7393,3632500
2007-01-16,30.6519,30.7511,30.4634,30.513,5259800
2007-01-17,30.8403,30.9792,30.513,30.6519,5632400
2007-01-18,30.6717,30.8999,30.4832,30.8007,3638400
2007-01-19,31.624,31.6538,30.642,30.8999,4166000
2007-01-22,31.0982,31.6934,31.0387,31.6934,3029700
2007-01-23,31.1776,31.4554,31.0883,31.0883,3663800
2007-01-24,31.4157,31.4851,31.0982,31.1875,1691700
2007-01-25,30.9891,31.5397,30.9693,31.4256,2003500
2007-01-26,30.6519,31.1082,30.5626,31.0883,2423700
2007-01-29,30.7213,30.9197,30.5229,30.6618,1877100
2007-01-30,30.7907,30.9495,30.6519,30.7511,1600500
2007-01-31,31.7331,31.8025,30.761,30.7709,3662100
2007-02-01,33.35,33.7667,31.7034,31.743,6737800
2007-02-02,33.6575,34.4412,33.1318,33.3004,7319600
2007-02-05,32.8342,33.727,32.6259,33.6774,4342700
2007-02-06,32.4374,32.864,32.1398,32.8342,4761900
2007-02-07,32.368,32.5664,32.239,32.4374,2384100
2007-02-08,31.8918,32.3382,31.8918,32.3382,3240300
2007-02-09,31.7133,32.1101,31.6438,31.9712,2273200
2007-02-12,31.6141,31.8521,31.4058,31.6835,1953831
2007-02-13,31.5546,31.8621,31.3958,31.743,3650889
2007-02-14,31.4454,31.4851,29.769,30.0071,6073941
2007-02-15,30.9296,31.495,30.8602,31.3958,4213300
2007-02-16,30.9197,31.0883,30.4237,30.9296,4036100
2007-02-20,31.0685,31.2272,30.7709,30.9296,2763900
2007-02-21,30.8999,31.1379,30.5626,30.8205,2186400
2007-02-22,30.4634,31.1082,30.3146,31.0487,3335700
2007-02-23,30.2948,30.6023,30.2352,30.5031,2396200
2007-02-26,30.0666,30.513,29.8781,30.3543,3022052
2007-02-27,29.8285,29.8881,29.402,29.6301,4293500
2007-02-28,29.5905,29.9178,29.402,29.769,4540700
2007-03-01,29.2234,29.5607,28.7671,29.5607,4083039
2007-03-02,28.6878,29.2433,28.6679,29.2334,3843600
2007-03-05,28.2315,28.787,28.2315,28.3703,3686100
2007-03-06,28.41,28.6481,28.2612,28.3902,3951800
2007-03-07,28.1819,28.6183,28.1323,28.1719,4718400
2007-03-08,28.4695,28.7374,28.2315,28.3604,3512700
2007-03-09,27.924,28.5786,27.8743,28.5191,3501100
2007-03-12,27.7256,27.9438,27.5768,27.9339,4445600
2007-03-13,27.6462,27.7651,27.428,27.5272,5179800
2007-03-14,28.1819,28.291,27.3387,27.6264,8768100
2007-03-15,27.6561,28.2513,27.547,28.0033,4330541
2007-03-16,27.299,27.9339,27.18,27.7256,4222060
2007-03-19,27.5668,27.7652,27.3486,27.3486,3429000
2007-03-20,27.9041,28.1918,27.5768,27.7057,4050200
2007-03-21,28.3108,28.3703,27.8347,27.8743,3305600
2007-03-22,28.0728,28.4993,27.676,28.3604,4053500
2007-03-23,27.7553,28.3009,27.7553,28.0728,4096600
2007-03-26,27.7256,27.9736,27.3486,27.8545,5423100
2007-03-27,27.5768,27.6363,27.1899,27.6065,5475600
2007-03-28,26.8625,27.4974,26.8625,27.4974,8039637
2007-03-29,27.0113,27.3982,26.7832,27.2197,5639080
2007-03-30,27.18,27.4875,26.9816,27.1204,4203200
2007-04-02,26.6046,27.2197,26.5253,27.0709,4764199
2007-04-03,26.803,26.9137,26.3368,26.3368,4363300
2007-04-04,26.8229,27.051,26.7931,26.8328,2879800
2007-04-05,26.9617,27.0411,26.7336,26.8229,2515700
2007-04-09,26.6741,27.0609,26.6145,26.9816,2803200
2007-04-10,26.4062,26.8427,26.3963,26.6741,2824150
2007-04-11,26.3864,26.565,26.2872,26.4558,3556050
2007-04-12,26.5154,26.565,26.0491,26.2872,3335881
2007-04-13,26.6542,26.7633,26.3368,26.7633,3676523
2007-04-16,26.6741,26.9022,26.4459,26.7336,3168051
2007-04-17,27.0907,27.2296,26.803,27.2296,3746844
2007-04-18,27.0113,27.3982,26.7138,26.9717,4077184
2007-04-19,26.9022,27.1304,26.6245,26.8328,3453607
2007-04-20,27.3883,27.4776,27.1105,27.1403,5572782
2007-04-23,27.3982,27.6958,27.2891,27.4478,3278800
2007-04-24,27.3685,27.5668,27.0014,27.4875,3500681
2007-04-25,27.4181,27.6859,27.2593,27.4875,4465997
2007-04-26,27.914,28.0628,27.1403,27.3685,8601916
2007-04-27,27.5966,27.9339,27.4776,27.9339,3494426
2007-04-30,26.9915,27.7355,26.9915,27.6065,4545593
2007-05-01,29.5607,31.3264,28.9754,29.273,14481647
2007-05-02,29.5309,29.6599,29.1738,29.5706,9356191
2007-05-03,29.7591,29.9377,29.5309,29.5607,7127900
2007-05-04,30.2551,30.5725,29.273,29.7591,4954251
2007-05-07,30.4634,30.6816,30.1162,30.6023,3963490
2007-05-08,30.1261,30.7411,29.9773,30.5328,4038400
2007-05-09,30.0865,30.3642,29.9277,30.1956,4345332
2007-05-10,29.4913,30.0368,29.402,30.0368,4274383
2007-05-11,29.3524,29.6897,29.1639,29.5111,5021141
2007-05-14,29.5508,29.6897,29.3623,29.3822,3893100
2007-05-15,28.9258,29.7988,28.906,29.5905,4124900
2007-05-16,28.9159,29.2036,28.6382,28.9358,3572729
2007-05-17,28.9754,29.1242,28.7671,28.8465,2772100
2007-05-18,29.402,29.4119,28.9655,29.1738,2724500
2007-05-21,29.7889,29.9674,29.2135,29.3127,4916953
2007-05-22,29.8781,30.0865,29.6897,29.7591,3639300
2007-05-23,29.9972,30.2848,29.8781,29.898,2990840
2007-05-24,30.1559,30.632,29.8484,29.9872,3814200
2007-05-25,29.65,30.4733,29.4813,30.394,3683180
2007-05-29,29.5111,29.9575,29.4218,29.7293,3806768
2007-05-30,29.6401,29.6996,29.1937,29.5012,3029400
2007-05-31,29.9674,30.0666,29.6103,29.769,2462830
2007-06-01,29.2036,30.1162,29.1242,30.0071,4527900
2007-06-04,29.9178,29.9575,29.0699,29.1242,3411600
2007-06-05,29.6996,29.8881,29.4516,29.6897,4832100
2007-06-06,28.7374,29.5508,28.6878,29.5409,6052000
2007-06-07,27.9041,29.6996,27.8446,29.6996,8028400
2007-06-08,28.4695,28.539,27.7057,27.9736,3798849
2007-06-11,28.5489,28.7175,28.0827,28.3703,2187100
2007-06-12,28.1025,28.3803,27.9537,28.3307,3146520
2007-06-13,28.6183,28.6382,28.1719,28.1918,3207000
2007-06-14,28.8465,28.9854,28.5191,28.6183,3298200
2007-06-15,29.0746,29.6004,28.9258,28.9258,3892900
2007-06-18,28.9754,29.2929,28.8167,29.1838,2387100
2007-06-19,28.9854,29.0945,28.6382,28.9358,1892600
2007-06-20,28.4001,29.3028,28.3902,29.154,1885710
2007-06-21,28.4795,28.5886,28.0728,28.3505,2822200
2007-06-22,28.1124,28.539,27.9537,28.4695,4265212
2007-06-25,27.9041,28.3703,27.7256,28.2017,2990300
2007-06-26,27.3784,28.0827,27.3784,27.9537,2409200
2007-06-27,27.7553,27.8743,27.0808,27.1601,3164125
2007-06-28,27.7752,28.0132,27.5172,27.7652,2149346
2007-06-29,28.2414,28.2711,27.666,27.8843,4198384
2007-07-02,28.4199,28.7671,28.2711,28.4795,3847497
2007-07-03,28.29,28.7,28.18,28.51,1565101
2007-07-05,28.39,28.56,28.23,28.5,1747129
2007-07-06,28.72,28.86,28.16,28.3,2152100
2007-07-09,28.08,28.78,27.99,28.76,3425100
2007-07-10,27.45,28.0,27.41,27.97,2822000
2007-07-11,27.83,27.83,27.13,27.49,2928700
2007-07-12,28.37,28.38,27.83,27.85,3524148
2007-07-13,28.38,28.65,28.24,28.42,2856200
2007-07-16,28.02,28.43,27.96,28.24,1920800
2007-07-17,28.37,28.61,27.95,27.99,2054500
2007-07-18,27.86,28.42,27.53,28.29,3145100
2007-07-19,27.86,28.28,27.71,27.9,1847900
2007-07-20,27.53,27.85,27.36,27.75,3025552
2007-07-23,27.38,27.87,27.34,27.61,2522200
2007-07-24,26.79,27.42,26.72,27.11,3824385
2007-07-25,26.44,27.01,26.11,26.95,3292414
2007-07-26,26.03,26.3,25.48,26.27,5986362
2007-07-27,25.88,26.12,25.42,25.85,5635845
2007-07-30,25.77,26.2,25.12,25.12,3784726
2007-07-31,27.21,28.66,26.72,26.72,8021739
2007-08-01,27.26,27.72,26.34,27.2,5862898
2007-08-02,27.99,28.14,27.26,27.26,6733409
2007-08-03,26.96,28.17,26.95,28.0,5484214
2007-08-06,27.51,27.51,25.88,27.1,5539693
2007-08-07,27.75,28.19,27.17,27.26,4644500
2007-08-08,28.04,28.15,27.66,28.11,4405300
2007-08-09,26.03,27.75,25.96,27.6,6498585
2007-08-10,25.78,26.54,25.58,26.0,3247600
2007-08-13,26.64,27.44,25.88,26.0,4053100
2007-08-14,25.87,26.67,25.86,26.3,4037416
2007-08-15,24.77,26.08,24.68,25.99,4275999
2007-08-16,25.63,25.82,24.02,24.5,5370200
2007-08-17,26.3,27.72,25.22,25.7,5813100
2007-08-20,26.62,26.85,26.14,26.85,2747000
2007-08-21,26.05,26.51,25.83,26.37,2840900
2007-08-22,26.81,26.87,26.26,26.37,2945800
2007-08-23,26.74,27.23,26.53,26.88,2082600
2007-08-24,26.85,27.16,26.4,26.67,1954700
2007-08-27,26.32,26.96,26.25,26.72,1712800
2007-08-28,25.01,26.32,25.0,26.2,2750400
2007-08-29,25.87,26.0,25.1,25.1,2806100
2007-08-30,25.62,25.85,25.36,25.66,2215200
2007-08-31,26.02,26.33,24.84,25.82,2207000
2007-09-04,26.28,26.58,25.53,25.99,2560900
2007-09-05,25.62,26.16,25.39,26.11,2606000
2007-09-06,25.65,25.81,25.25,25.62,1746300
2007-09-07,25.04,25.5,24.6,25.24,2753600
2007-09-10,24.81,25.64,24.58,25.64,2489500
2007-09-11,24.27,24.6,22.82,24.0,4946800
2007-09-12,24.45,24.54,24.15,24.16,4463800
2007-09-13,24.68,24.87,24.33,24.51,3803700
2007-09-14,24.77,24.83,24.16,24.67,3091500
2007-09-17,24.43,24.78,24.24,24.72,2976900
2007-09-18,26.15,26.17,24.43,24.54,4563034
2007-09-19,24.83,27.07,24.73,26.48,9486400
2007-09-20,23.37,24.8,23.26,24.71,5457600
2007-09-21,23.87,24.33,23.37,23.4,6332200
2007-09-24,23.58,24.23,23.48,23.86,4349900
2007-09-25,23.2,23.57,22.65,23.56,5683900
2007-09-26,23.1,23.56,22.91,23.47,2933100
2007-09-27,23.0,23.47,22.84,23.32,3764600
2007-09-28,23.17,23.43,22.99,23.19,2399905
2007-10-01,23.7,23.83,23.1,23.11,3336300
2007-10-02,24.3,24.43,23.54,23.79,4660200
2007-10-03,23.96,24.44,23.77,24.11,2587700
2007-10-04,23.68,24.24,23.2,24.16,2924200
2007-10-05,24.66,24.77,23.9,24.37,2838900
2007-10-08,23.92,24.63,23.89,24.63,1936000
2007-10-09,24.27,24.5,23.83,24.05,2859500
2007-10-10,24.12,24.37,23.76,24.21,2855900
2007-10-11,23.86,25.28,23.75,24.44,2402300
2007-10-12,23.41,23.93,23.27,23.79,2931200
2007-10-15,23.02,23.5,22.89,23.41,3772700
2007-10-16,22.66,23.07,22.56,23.01,3758200
2007-10-17,23.04,23.32,22.75,22.91,5603000
2007-10-18,22.62,23.04,22.445,22.88,4527300
2007-10-19,22.37,22.86,22.31,22.63,5771400
2007-10-22,22.75,22.94,22.0,22.24,3898971
2007-10-23,22.7,23.11,22.42,22.85,3672300
2007-10-24,23.29,23.34,22.49,22.56,4157500
2007-10-25,22.8,23.53,22.61,22.82,3392600
2007-10-26,23.07,23.25,22.65,23.1,2682500
2007-10-29,23.37,23.56,23.18,23.25,3214100
2007-10-30,24.3,24.91,23.4,23.82,5518200
2007-10-31,24.08,24.65,23.56,24.29,5687700
2007-11-01,23.37,23.89,23.21,23.66,5129000
2007-11-02,23.59,23.85,23.08,23.58,3502300
2007-11-05,23.55,23.81,23.24,23.46,3223090
2007-11-06,24.07,24.22,23.49,23.53,2263700
2007-11-07,23.39,23.86,23.39,23.63,4472118
2007-11-08,23.63,23.74,23.2,23.45,5623414
2007-11-09,23.17,23.52,23.12,23.36,4652637
2007-11-12,22.9,23.55,22.81,23.38,5702640
2007-11-13,23.65,23.7,22.81,22.99,4336300
2007-11-14,23.54,24.29,23.44,23.84,4510150
2007-11-15,23.53,23.89,23.35,23.49,3972084
2007-11-16,23.34,24.59,23.1,23.64,3880250
2007-11-19,22.26,23.32,22.18,23.2,5637000
2007-11-20,22.23,22.78,21.84,22.34,5769510
2007-11-21,20.94,22.12,20.89,22.0,7396400
2007-11-23,21.65,21.74,21.04,21.04,2052621
