Price,Close,High,Low,Open,Volume
Ticker,MDT,MDT,MDT,MDT,MDT
Date,,,,,
1999-11-24,37.5369,38.5695,36.9295,37.1725,2581200
1999-11-26,37.7799,38.7517,37.5976,38.0836,0
1999-11-29,37.3547,37.7799,36.9295,37.4154,2136200
1999-11-30,37.7799,38.1443,36.6866,36.9295,2405300
1999-12-01,36.808,37.7191,36.808,37.4154,2531500
1999-12-02,38.7517,38.8732,37.1117,37.1725,4109500
1999-12-03,38.8124,39.4198,38.8124,39.0554,5250000
1999-12-06,37.9013,38.8124,37.6584,38.5695,2880100
1999-12-07,35.654,37.6584,34.9859,37.6584,5734100
1999-12-08,35.4718,36.3221,35.3503,35.9577,3376400
1999-12-09,35.5932,35.9577,34.3785,35.8969,3096500
1999-12-10,35.0466,36.4436,34.6822,36.4436,2626200
1999-12-13,33.9533,34.8644,33.5281,34.5607,3286000
1999-12-14,34.3177,34.5607,33.3459,33.7711,3879900
1999-12-15,34.9859,35.3503,34.0747,34.4999,2912900
1999-12-16,33.7711,35.2288,33.0422,35.1073,4186000
1999-12-17,32.617,34.257,32.4955,34.257,6111300
1999-12-20,32.6777,33.2851,32.1311,32.9815,5171800
1999-12-21,33.3459,33.7711,31.8881,32.3133,4842400
1999-12-22,34.5607,34.8036,33.1637,33.3459,3942600
1999-12-23,36.2006,36.5651,34.1962,34.3177,3800700
1999-12-27,36.3829,36.5043,35.5325,36.2614,2179900
1999-12-28,35.0466,36.0791,34.9859,35.9577,1803200
1999-12-29,36.4436,36.8688,35.3503,35.4718,2688400
1999-12-30,35.654,36.9295,35.4718,36.4436,1351500
1999-12-31,35.411,36.1399,35.3503,35.7755,697200
2000-01-03,33.7103,34.257,31.8274,32.0704,9257900
2000-01-04,33.5281,34.4999,33.2851,33.3459,5109300
2000-01-05,35.6345,35.9386,33.6886,34.0535,5841200
2000-01-06,36.9724,37.2764,35.3305,35.5737,6126900
2000-01-07,41.1074,41.4115,38.2494,38.6751,8887100
2000-01-10,40.9858,41.4723,40.3169,40.4993,6926500
2000-01-11,40.9858,41.898,40.3169,40.4385,4407500
2000-01-12,40.7426,40.925,40.1953,40.4993,3243200
2000-01-13,42.3237,42.9318,40.8034,40.8642,5025500
2000-01-14,42.8709,43.7223,42.4453,43.5399,5759100
2000-01-18,43.175,43.6615,42.6885,43.2966,5947800
2000-01-19,43.7223,44.3912,43.0534,43.4182,4288100
2000-01-20,42.8102,44.8777,42.8102,44.5128,6056300
2000-01-21,42.3844,43.7831,42.1412,43.7831,6105200
2000-01-24,41.8372,43.7223,41.229,43.0534,5749700
2000-01-25,43.3574,43.7831,42.4453,42.5669,3712800
2000-01-26,44.8777,45.0601,43.2966,43.5399,6570700
2000-01-27,44.9993,46.2155,44.0872,45.6074,4505600
2000-01-28,43.6007,44.9385,43.1142,44.9385,3945500
2000-01-31,44.5128,44.5128,42.0804,43.6007,3690500
2000-02-01,45.1209,45.2425,43.7527,44.2696,2958400
2000-02-02,43.7831,45.3033,43.5399,44.8777,3097500
2000-02-03,44.5128,44.5128,42.8102,44.148,3270400
2000-02-04,46.7628,48.283,46.702,46.702,5690000
2000-02-07,47.5533,47.7966,46.2155,46.5804,4368600
2000-02-08,48.283,48.3438,47.3709,47.6749,3328700
2000-02-09,47.4925,48.3438,47.4317,48.1614,3555600
2000-02-10,47.0668,47.8573,46.7628,47.6749,1983900
2000-02-11,44.7561,47.4317,43.7831,47.4317,5920800
2000-02-14,45.1209,46.7628,44.9385,45.1209,4479800
2000-02-15,44.2088,45.3642,43.6615,45.3642,4564100
2000-02-16,44.452,44.7561,42.8709,44.2088,4665400
2000-02-17,45.3033,45.9723,44.9385,44.9993,5652200
2000-02-18,46.3979,47.0668,46.0939,46.2155,5573200
2000-02-22,47.8573,48.5263,46.3979,46.702,4146500
2000-02-23,47.1884,47.9182,46.2763,47.8573,3146900
2000-02-24,48.1614,48.5871,46.8236,47.6749,6289600
2000-02-25,46.1547,48.4655,45.1209,48.4046,2985100
2000-02-28,46.702,48.2222,44.3304,46.1547,5696800
2000-02-29,47.1276,47.6749,45.9114,46.8236,3180400
2000-03-01,47.7966,47.979,46.1547,47.0668,2393400
2000-03-02,47.6749,49.1344,47.3709,47.6749,3221400
2000-03-03,50.1073,50.1073,47.7966,47.9182,3115200
2000-03-06,48.1614,51.506,47.7357,50.8371,6061500
2000-03-07,48.1614,49.1344,47.7357,49.1344,3501400
2000-03-08,47.6141,48.0398,46.8844,47.6749,3238600
2000-03-09,48.6479,48.8303,47.1884,47.1884,3230600
2000-03-10,49.7425,50.7763,48.4046,48.6479,2979400
2000-03-13,48.8303,50.533,48.4655,48.8911,2100300
2000-03-14,45.6074,49.1952,39.1615,49.0127,5455400
2000-03-15,47.6749,48.4046,45.3033,46.2155,4395300
2000-03-16,51.2019,52.2965,49.1344,49.4384,4219900
2000-03-17,51.2019,53.3303,50.8371,51.3235,5034500
2000-03-20,51.9316,52.4181,51.1411,51.4451,2382900
2000-03-21,51.7492,52.0532,49.1344,52.0532,6001500
2000-03-22,53.2695,53.5127,51.0195,51.5667,3023100
2000-03-23,54.5465,54.9113,51.5667,53.0262,4396300
2000-03-24,53.5127,55.0937,53.3911,54.3032,3598700
2000-03-27,55.4586,55.8235,52.0532,53.0262,3633500
2000-03-28,54.3032,55.8235,52.0532,53.0262,4698700
2000-03-29,53.8167,55.5802,53.2695,54.8505,4351500
2000-03-30,50.4722,53.1478,48.4046,53.0262,7849800
2000-03-31,50.4722,51.6884,49.4992,50.3506,4478100
2000-04-03,53.6343,54.2424,51.4451,51.5667,3831900
2000-04-04,54.364,55.2154,50.8371,53.8775,6768500
2000-04-05,54.5247,55.1332,53.0642,53.551,4121600
2000-04-06,54.4638,55.6809,54.0379,54.2813,2629200
2000-04-07,54.5856,55.8635,54.3421,55.0115,2389900
2000-04-10,55.6809,56.1069,54.4638,54.7681,2499900
2000-04-11,54.2813,55.5592,54.0987,55.4983,2402600
2000-04-12,52.6382,54.8289,52.5165,54.4638,2695700
2000-04-13,49.5955,53.0034,49.1696,52.5774,4999000
2000-04-14,47.2831,49.2913,46.492,48.6827,4853300
2000-04-17,46.9788,47.1614,44.0578,46.492,6526400
2000-04-18,50.9343,51.482,47.5265,47.6483,3812300
2000-04-19,51.1169,51.3603,49.839,50.8735,2375100
2000-04-20,51.056,51.2386,50.0215,50.6909,1708200
2000-04-24,51.2994,52.8208,50.6301,50.6909,2057800
2000-04-25,51.6037,52.4557,51.2994,52.4557,2588200
2000-04-26,51.6646,52.334,50.9952,51.6037,1962700
2000-04-27,53.4293,53.4293,51.6037,51.6037,2847300
2000-04-28,50.5692,53.2468,50.3866,53.0642,3674100
2000-05-01,50.8735,51.9688,48.8045,51.6037,2810600
2000-05-02,52.6382,53.3076,50.0215,50.8735,2649300
2000-05-03,52.5165,53.4902,51.8471,52.6991,2415400
2000-05-04,53.0642,53.7336,52.5774,53.551,2438900
2000-05-05,54.4638,54.7072,52.2731,52.334,1873600
2000-05-08,54.403,54.5856,53.0642,53.551,1860500
2000-05-09,52.9425,55.3158,52.5774,54.5247,2301000
2000-05-10,53.125,53.551,52.5774,53.0034,1944700
2000-05-11,53.977,54.2813,53.125,54.0379,1911500
2000-05-12,52.4781,53.6119,52.0905,53.551,1540200
2000-05-15,54.6464,55.0115,52.5774,52.5774,2475400
2000-05-16,55.4983,55.7417,54.2813,55.3766,2021500
2000-05-17,55.1332,55.3766,54.3421,55.0115,1843700
2000-05-18,53.8553,55.3766,53.3076,55.3766,2900800
2000-05-19,51.482,53.3076,51.2994,53.1859,3969900
2000-05-22,48.987,50.6909,47.8308,50.6301,3911600
2000-05-23,46.6137,48.1959,44.849,48.1959,6798400
2000-05-24,48.0133,48.9262,45.7009,47.2223,6176000
2000-05-25,48.7436,50.5084,48.3176,48.5611,5263100
2000-05-26,48.0742,49.7173,47.2223,49.6564,1848400
2000-05-30,50.2649,50.5084,48.2568,48.3176,2794200
2000-05-31,50.1432,51.482,50.1432,50.5084,3190900
2000-06-01,49.1696,50.2649,48.8653,50.2649,2727900
2000-06-02,47.7091,49.839,47.2831,49.6564,4313800
2000-06-05,48.4394,49.4738,47.6483,47.8308,3070800
2000-06-06,48.4394,49.6564,47.9525,48.6827,2814500
2000-06-07,47.1005,48.5611,46.8572,48.5002,4126200
2000-06-08,46.0052,46.7355,45.3966,46.3703,5792000
2000-06-09,47.7091,47.9525,46.2486,46.2486,2049000
2000-06-12,47.0397,47.2223,45.7618,46.9788,3447700
2000-06-13,47.8917,48.1351,46.7963,47.0397,1926100
2000-06-14,49.1087,49.4738,48.0742,48.1959,2439200
2000-06-15,49.2304,50.3866,48.3176,49.1696,2779700
2000-06-16,48.6219,49.1696,47.8308,49.0479,3126600
2000-06-19,49.413,49.6564,46.7963,47.9525,2345900
2000-06-20,49.5955,49.7781,48.9262,49.413,2902900
2000-06-21,49.1087,49.6564,48.4394,49.5347,2482000
2000-06-22,46.7355,48.7436,46.6137,48.6827,3594600
2000-06-23,46.3095,47.2223,46.0052,46.7355,2592600
2000-06-26,46.3703,47.0397,45.8835,46.3095,3142100
2000-06-27,45.7618,47.1614,45.7618,46.9788,2923400
2000-06-28,46.2486,46.6746,44.7881,45.6401,2711000
2000-06-29,46.6746,46.9788,44.7881,46.1269,4372000
2000-06-30,48.5002,49.5347,45.5792,46.8572,4307600
2000-07-03,47.5265,48.5002,46.3095,48.5002,1536300
2000-07-05,46.7834,47.758,46.4788,47.758,2701800
2000-07-06,47.3925,48.1235,46.296,46.6615,2348200
2000-07-07,48.7936,49.0373,47.6362,47.758,3311100
2000-07-10,49.22,49.4027,48.489,48.489,2817800
2000-07-11,49.7073,49.8901,48.7327,49.3418,2270200
2000-07-12,48.9154,50.682,48.3063,50.682,2421200
2000-07-13,49.6464,50.3165,48.7936,48.9154,3703100
2000-07-14,48.4281,49.951,48.3063,49.4636,2024400
2000-07-17,49.5855,50.0119,48.3672,48.489,1957100
2000-07-18,50.7429,50.9866,48.7327,49.5246,1914700
2000-07-19,49.22,50.6211,48.3063,50.5601,2202200
2000-07-20,50.1337,50.5601,49.5855,49.6464,1733600
2000-07-21,49.22,50.4383,49.0373,50.1947,1768600
2000-07-24,50.9866,51.1084,48.9763,48.9763,1622100
2000-07-25,51.2302,51.6566,50.8038,51.1693,2312200
2000-07-26,50.4383,51.1693,49.8901,50.8038,2184400
2000-07-27,52.4486,53.2405,50.5601,50.9256,2248100
2000-07-28,50.682,53.6059,50.1947,53.2405,2736400
2000-07-31,49.7682,51.9003,49.7682,51.2911,2026100
2000-08-01,53.4841,53.545,50.8038,51.1693,2797800
2000-08-02,53.1795,53.9105,52.7531,53.1795,2091000
2000-08-03,53.6059,54.0324,52.6313,52.875,2116200
2000-08-04,54.3369,54.7634,52.7531,53.545,1839800
2000-08-07,54.3979,54.7634,54.0933,54.5806,1874100
2000-08-08,54.0324,54.7634,52.9359,54.7024,2425300
2000-08-09,54.8243,55.6771,53.4232,53.7887,3228900
2000-08-10,54.8243,55.4334,54.5806,55.007,2210200
2000-08-11,53.6059,55.1288,52.9968,54.8243,2269700
2000-08-14,53.1186,53.4232,52.144,53.3623,2066900
2000-08-15,52.3876,52.814,52.0221,52.3876,2422800
2000-08-16,53.6669,54.4588,52.6313,52.6313,1600200
2000-08-17,51.1693,55.1898,50.1947,53.4841,6901600
2000-08-18,49.5246,50.8038,48.7327,50.682,5182100
2000-08-21,51.4739,51.8394,49.8292,49.951,2968700
2000-08-22,48.4281,48.8545,47.2707,48.489,9249800
2000-08-23,49.5855,50.0119,48.2454,48.3063,3535400
2000-08-24,49.5855,50.3165,49.22,49.6464,2942400
2000-08-25,50.3774,50.682,49.6464,49.7073,1910800
2000-08-28,50.682,51.1693,50.4992,50.9256,2007200
2000-08-29,50.8038,51.5957,49.8901,50.6211,2294200
2000-08-30,51.7785,51.9003,50.8647,50.8647,1843000
2000-08-31,49.951,51.6566,49.8292,51.5957,2654900
2000-09-01,50.6211,51.0475,49.3418,50.1337,2040300
2000-09-05,49.8292,50.6211,48.7936,50.6211,1861600
2000-09-06,49.951,50.9866,49.7073,50.5601,3313900
2000-09-07,50.3774,50.682,49.951,50.1947,1853900
2000-09-08,50.3774,50.4383,48.9763,50.3165,4675000
2000-09-11,50.1947,50.6211,48.3672,48.8545,3304000
2000-09-12,48.8545,50.6211,48.7936,50.1947,3154700
2000-09-13,48.3672,48.7327,48.0017,48.6108,2695800
2000-09-14,48.7936,48.9763,48.489,48.7327,2742600
2000-09-15,48.9154,49.5246,48.489,48.6717,2894900
2000-09-18,47.6971,48.0626,47.5144,47.758,2120300
2000-09-19,46.8443,47.4534,46.6006,47.3925,3235300
2000-09-20,46.296,46.6006,45.7478,46.296,2951200
2000-09-21,47.758,48.7327,46.5397,46.5397,4216100
2000-09-22,48.3672,48.6108,47.2707,47.2707,3408900
2000-09-25,48.7327,49.4027,48.3063,48.9763,2419400
2000-09-26,48.0017,49.22,46.9052,48.9154,1968000
2000-09-27,47.758,48.2454,47.0879,47.9408,3657000
2000-09-28,49.1591,49.5246,48.3063,48.3672,3849800
2000-09-29,50.4992,51.9003,48.9154,48.9763,3574200
2000-10-02,50.1337,50.6211,49.5246,50.4992,2323100
2000-10-03,51.5348,52.6313,50.4383,50.682,2658600
2000-10-04,50.669,52.6811,48.0471,52.6811,4588600
2000-10-05,51.6445,51.9494,50.8519,50.8519,2445000
2000-10-06,51.3397,51.7665,48.9007,51.7055,4064400
2000-10-09,51.3397,51.6445,50.547,50.73,2330400
2000-10-10,51.5836,52.1324,50.7909,51.4617,2203700
2000-10-11,50.669,51.8275,49.8763,51.2178,2746200
2000-10-12,51.9494,52.6811,50.73,50.73,4765300
2000-10-13,50.73,51.6445,50.3032,51.5836,4388200
2000-10-16,50.7909,51.7055,50.4861,50.73,2395800
2000-10-17,51.9494,52.4372,51.0958,51.2178,2227100
2000-10-18,52.6202,52.925,51.8275,51.8275,2857000
2000-10-19,52.1324,53.5347,50.9739,51.8275,3180100
2000-10-20,50.4861,51.8275,49.7544,51.7055,3146300
2000-10-23,49.7544,51.5836,49.3276,50.2422,3014000
2000-10-24,49.8153,51.3397,49.3885,50.2422,2949600
2000-10-25,50.73,51.2178,49.7544,49.9983,3272900
2000-10-26,50.3641,50.7909,49.6934,50.73,4396500
2000-10-27,50.608,51.4617,49.9983,50.2422,3144700
2000-10-30,52.2543,52.6202,49.9983,51.2178,4065800
2000-10-31,52.986,53.3518,51.7665,52.6811,2622400
2000-11-01,53.6567,54.3274,52.6811,52.6811,3931100
2000-11-02,54.1445,54.1445,53.2299,53.7786,2432400
2000-11-03,55.1201,55.1201,53.9616,54.5103,2584700
2000-11-06,55.6078,55.8517,54.5103,54.7542,2534400
2000-11-07,54.4493,55.6688,53.9616,55.6078,1955900
2000-11-08,54.8762,55.4249,54.2054,54.4493,1600500
2000-11-09,54.6932,55.1201,53.1079,54.7542,2499700
2000-11-10,54.1445,56.0347,54.0225,54.9371,1834400
2000-11-13,53.3518,54.0225,52.4372,53.7177,2355100
2000-11-14,53.8396,54.0225,51.9494,52.1934,2140400
2000-11-15,53.8396,54.2664,52.986,53.6567,2308800
2000-11-16,50.2422,52.864,49.0227,52.6202,6363700
2000-11-17,46.8276,49.5714,45.3033,49.0227,11998500
2000-11-20,47.8642,49.7544,45.8521,46.8276,5727800
2000-11-21,49.8763,52.986,48.1081,51.1568,10694200
2000-11-22,50.9129,51.7665,49.0837,49.6324,4020600
2000-11-24,51.5836,53.1079,51.0348,53.1079,1759600
2000-11-27,52.2543,52.5592,51.5836,51.7055,2442400
2000-11-28,52.7421,52.925,52.1934,52.2543,1781100
2000-11-29,52.925,53.047,52.4982,52.7421,2135300
2000-11-30,51.9494,52.7421,51.4617,52.6811,3934400
2000-12-01,52.6202,52.925,52.3763,52.6811,2895100
2000-12-04,54.1445,54.9981,52.4982,52.6202,3173900
2000-12-05,54.0835,54.8152,53.2908,53.9006,2849200
2000-12-06,53.5957,54.6323,53.1689,54.0835,2586000
2000-12-07,54.1445,54.2054,52.5592,52.986,2248900
2000-12-08,54.6932,55.181,54.0225,54.3884,2607000
2000-12-11,53.3518,55.1201,53.3518,54.6323,2490200
2000-12-12,52.6202,52.986,52.1324,52.7421,2846400
2000-12-13,55.4859,55.6078,53.1689,53.1689,3215900
2000-12-14,56.8273,57.559,54.0225,54.6932,4052100
2000-12-15,55.0591,57.9858,54.8152,56.5834,6623300
2000-12-18,54.2664,55.4249,53.9616,55.3639,3500000
2000-12-19,53.9006,54.3274,52.6811,54.2054,3520600
2000-12-20,52.6811,53.5347,52.3153,52.6811,3852200
2000-12-21,54.1445,54.1445,52.6811,52.6811,2698500
2000-12-22,56.7054,57.3151,54.3884,54.7542,3649000
2000-12-26,57.559,57.9248,56.6444,56.8273,1521200
2000-12-27,59.5102,60.2418,57.681,57.8029,4152100
2000-12-28,59.5102,60.4857,59.2663,59.876,4404800
2000-12-29,58.9004,60.1199,58.7785,59.5102,2576200
2001-01-02,58.0468,59.3272,58.0468,58.7785,3536700
2001-01-03,57.3633,58.95,56.8751,58.0346,4690900
2001-01-04,53.4577,57.1192,52.6644,57.1192,8092100
2001-01-05,52.2982,53.5187,50.7116,53.5187,7006700
2001-01-08,52.1152,53.1526,51.688,51.8711,3875500
2001-01-09,51.9931,53.0916,51.749,52.1152,3733900
2001-01-10,51.3829,52.2982,50.7726,52.2372,3802700
2001-01-11,51.627,52.7254,51.3829,52.2372,3182400
2001-01-12,53.5187,53.6408,51.749,52.2372,4288400
2001-01-16,53.8849,53.9459,52.6034,53.5187,3387100
2001-01-17,52.7254,54.3731,52.6644,53.9459,10103100
2001-01-18,53.3357,53.6408,51.749,52.7254,5594100
2001-01-19,53.5798,53.8849,53.3357,53.4577,2996000
2001-01-22,54.3731,54.5562,53.5187,53.7018,3186300
2001-01-23,53.7628,55.5326,53.3967,54.4341,4186400
2001-01-24,52.3593,53.8849,51.627,53.8239,4898600
2001-01-25,53.3357,53.4577,52.1152,52.3593,3660300
2001-01-26,53.6408,54.068,53.0305,53.3357,2732100
2001-01-29,53.3113,54.4048,53.2136,53.9459,2199700
2001-01-30,53.2624,54.1314,52.5985,53.5554,1920900
2001-01-31,52.7156,53.2624,51.7588,53.2624,2990500
2001-02-01,52.8133,52.8621,51.6026,52.6278,3626600
2001-02-02,52.3251,53.4089,52.1493,52.8719,2620400
2001-02-05,51.8564,52.4813,51.4561,52.3251,2865300
2001-02-06,50.7726,51.749,50.7726,51.749,2964900
2001-02-07,49.5521,49.9915,49.3569,49.806,5812300
2001-02-08,50.5578,51.2608,49.5521,49.5521,3930000
2001-02-09,50.7336,50.9679,49.845,50.5578,2937500
2001-02-12,51.0948,51.8955,50.5383,50.7726,2231000
2001-02-13,50.7433,51.3585,49.7962,51.2608,3096300
2001-02-14,50.5383,51.583,50.509,51.2022,3153800
2001-02-15,49.6791,51.0167,48.9174,50.5774,3195900
2001-02-16,49.7962,50.3723,48.6441,48.8199,2608100
2001-02-20,50.1673,50.2747,49.0542,50.0403,4837200
2001-02-21,50.2844,51.749,49.2495,49.6009,3653500
2001-02-22,48.8199,50.2942,47.1111,50.2844,6049600
2001-02-23,47.6579,48.8296,46.9647,48.771,2863700
2001-02-26,49.9915,50.3332,47.7556,47.8434,3420600
2001-02-27,50.7043,51.749,50.3821,50.6262,5480500
2001-02-28,49.8939,51.1144,48.8491,50.7726,3842100
2001-03-01,48.0387,49.8939,46.3788,49.7962,6021300
2001-03-02,47.9606,48.1363,47.5407,47.5993,5943200
2001-03-05,48.0387,48.3707,47.3748,48.0875,2578500
2001-03-06,48.1363,49.103,47.7946,48.8199,3095100
2001-03-07,47.8337,48.5171,46.7206,48.1852,2996900
2001-03-08,49.1616,49.7474,47.7848,47.8434,4640500
2001-03-09,49.308,49.5033,48.732,49.1616,2465500
2001-03-12,46.6132,49.5033,46.6132,49.308,3460800
2001-03-13,45.7735,46.7206,44.2308,46.7206,4064500
2001-03-14,43.8695,45.1095,43.3032,43.9378,5090900
2001-03-15,46.8866,47.3455,45.256,45.4024,4982300
2001-03-16,45.4024,47.2576,45.256,46.9159,6132300
2001-03-19,45.6172,46.2812,44.426,46.2812,4053700
2001-03-20,46.1836,47.4529,46.0859,46.6229,5579800
2001-03-21,44.8654,46.1836,44.3675,46.1836,4630500
2001-03-22,42.1998,44.0355,40.9891,44.0355,7519300
2001-03-23,43.2056,43.5473,42.5318,43.4496,4735100
2001-03-26,42.9712,44.0257,42.9224,43.9378,4221800
2001-03-27,44.3675,45.4024,43.2349,43.6937,4527100
2001-03-28,45.4513,45.8223,44.2308,44.5725,3436500
2001-03-30,44.6604,46.2812,44.0355,45.9395,4020800
2001-04-02,43.1274,44.6311,42.9614,44.6213,4120500
2001-04-03,40.8915,43.1469,40.5204,43.1274,5021000
2001-04-04,39.7966,40.5689,39.0537,40.5689,7113600
2001-04-05,42.612,42.915,40.9208,41.0577,5664300
2001-04-06,41.5562,42.6511,41.0577,42.612,3466300
2001-04-09,41.3802,42.4263,41.1065,41.5562,2393800
2001-04-10,41.0088,42.0548,40.0801,42.0352,4150800
2001-04-11,40.0703,41.5367,39.7868,41.4487,3348600
2001-04-12,42.0352,42.1232,39.9921,40.0801,2861900
2001-04-16,42.2796,43.0128,41.8788,42.0352,2421700
2001-04-17,44.137,44.2054,42.1819,42.1819,4211900
2001-04-18,44.4009,46.4343,43.6091,45.2123,4277000
2001-04-19,45.9162,46.4343,43.9806,44.7724,4247200
2001-04-20,45.1146,46.0237,44.4303,45.8477,4666000
2001-04-23,44.7724,44.9679,43.9904,44.4791,3145500
2001-04-24,43.0128,43.9904,42.6218,43.9904,7404000
2001-04-25,43.2963,43.8926,42.915,43.0128,4086100
2001-04-26,41.8984,43.0128,41.6931,43.0128,4894300
2001-04-27,43.2572,43.5016,41.5465,41.8984,3580200
2001-04-30,43.5993,44.2836,43.3256,43.5016,4121400
2001-05-01,44.1077,44.9679,43.3061,43.8437,5451400
2001-05-02,44.4889,44.6747,43.8926,44.2348,3257600
2001-05-03,43.6091,44.4889,43.179,44.3814,3905200
2001-05-04,44.6844,44.9679,42.524,42.6902,4960800
2001-05-07,43.7851,44.6747,43.4038,44.6551,4072600
2001-05-08,42.8759,43.8437,42.7782,43.7851,2419900
2001-05-09,42.5827,43.6482,42.0841,42.915,2991400
2001-05-10,42.4751,43.1105,42.1623,43.1105,3423000
2001-05-11,41.6833,42.7684,40.8621,42.524,4867600
2001-05-14,42.0059,42.4947,41.2532,41.6833,2560500
2001-05-15,42.2894,42.5143,41.0577,42.0841,3601200
2001-05-16,43.1301,43.9806,42.1721,42.2894,5052500
2001-05-17,44.792,45.359,43.5505,43.6482,3860100
2001-05-18,43.9415,45.1048,43.5114,44.9679,3483700
2001-05-21,42.8759,44.7724,42.6707,44.7235,4944700
2001-05-22,43.4918,43.9904,42.4165,43.0128,6950400
2001-05-23,40.8231,42.9639,40.0801,41.9668,17397800
2001-05-24,41.3314,41.781,40.0801,40.5689,6037500
2001-05-25,41.5465,41.6735,41.0186,41.6442,4116400
2001-05-29,41.9864,42.2796,41.2532,41.3998,3387300
2001-05-30,42.0352,42.6218,41.742,42.3285,6818000
2001-05-31,42.0157,42.7684,41.2532,42.0352,3892900
2001-06-01,42.0352,42.4263,41.7909,42.0157,2834600
2001-06-04,42.7195,42.8173,41.6442,42.0352,3918500
2001-06-05,43.482,43.6385,42.7684,43.5016,6361000
2001-06-06,43.6971,43.7166,43.091,43.6971,2973400
2001-06-07,43.746,44.2152,43.1008,43.5993,3917800
2001-06-08,43.5211,44.4791,43.4038,43.6971,2732100
2001-06-11,43.9122,44.0881,42.7782,43.7655,3376400
2001-06-12,43.1105,43.5016,43.0128,43.5016,2964500
2001-06-13,43.6189,44.0392,42.9639,43.0617,2114100
2001-06-14,42.915,44.0392,42.5338,43.6189,2511900
2001-06-15,42.7391,43.1301,42.3285,42.3285,5474800
2001-06-18,44.0099,44.6747,42.7195,42.7195,3957100
2001-06-19,45.662,45.8771,44.5769,44.8702,5605800
2001-06-20,47.4118,47.4118,45.8966,46.1801,5344800
2001-06-21,47.0697,47.8126,46.7373,47.5096,4679900
2001-06-22,46.3365,47.1088,45.7989,47.0697,3854600
2001-06-25,46.0433,46.3365,45.0364,46.3365,2843100
2001-06-26,45.7989,46.0433,45.183,45.75,3238600
2001-06-27,44.8506,45.75,44.5769,45.5545,3908800
2001-06-28,46.7276,46.9231,44.8604,44.8604,3055700
2001-06-29,44.9777,46.7862,44.528,46.6298,4721900
2001-07-02,45.8771,46.6884,45.359,45.4567,2697600
2001-07-03,46.0904,46.2373,45.8457,46.0023,1182300
2001-07-05,45.9338,46.1981,45.6598,46.0904,2067200
2001-07-06,45.3368,45.5032,44.7789,45.3172,1528400
2001-07-09,45.3172,46.2177,45.0236,45.7087,2716100
2001-07-10,46.7365,46.9518,44.5831,45.3172,6694400
2001-07-11,44.1916,46.8833,43.849,46.7854,8488300
2001-07-12,44.9257,45.6108,44.9257,45.513,7168800
2001-07-13,45.513,45.513,44.2895,44.2895,3211500
2001-07-16,45.8751,46.0023,45.2683,45.513,2327400
2001-07-17,46.1002,47.0007,45.9534,46.0023,3980800
2001-07-18,46.296,46.3939,45.7577,46.1002,3240200
2001-07-19,46.5994,46.9811,45.9534,46.1981,3205600
2001-07-20,47.5488,47.7641,46.3939,46.5994,2934600
2001-07-23,47.5586,48.0676,46.9811,47.862,2829100
2001-07-24,46.5113,47.7641,45.9926,47.7152,2667700
2001-07-25,46.9811,47.2258,46.3939,46.5113,2198300
2001-07-26,47.1475,47.4509,46.4917,46.7854,3166800
2001-07-27,47.5195,47.862,46.6386,47.3726,1867200
2001-07-30,47.3531,48.1459,47.0398,47.862,1767500
2001-07-31,47.0105,47.9501,46.9616,47.3726,2278800
2001-08-01,45.1214,46.6386,44.2895,46.5407,6016800
2001-08-02,45.4053,45.9828,45.0725,45.7577,2646600
2001-08-03,44.8963,45.8457,44.407,45.6598,2310200
2001-08-06,45.5619,45.8066,45.0627,45.2291,2507600
2001-08-07,44.9844,45.5619,44.5831,45.5619,2415200
2001-08-08,43.712,45.0725,43.575,45.0236,1971100
2001-08-09,44.7299,44.9747,43.712,44.0448,2004700
2001-08-10,44.172,45.0529,43.6044,44.8278,2409100
2001-08-13,43.9959,44.5342,43.7512,44.1916,2258000
2001-08-14,42.1851,44.1622,41.8426,44.1427,4233500
2001-08-15,42.9975,43.575,42.1851,42.283,3636500
2001-08-16,43.1737,43.4184,41.7153,42.5766,3043900
2001-08-17,43.4086,43.9959,42.88,42.929,2788600
2001-08-20,43.7316,43.7512,42.4787,43.066,2512600
2001-08-21,44.5831,45.6402,42.9681,43.7316,6256300
2001-08-22,44.5342,45.5032,44.5244,44.5831,4344000
2001-08-23,44.5342,45.1214,44.0448,44.7299,2415000
2001-08-24,45.5619,45.7479,44.6614,44.8278,2956200
2001-08-27,45.7577,46.247,45.5717,45.9045,2810700
2001-08-28,45.5325,46.1002,45.2389,46.0023,3834600
2001-08-29,45.9045,46.247,45.5717,45.9534,3113800
2001-08-30,45.1704,46.2275,44.5538,45.9045,2863700
2001-08-31,44.5733,45.4934,44.0448,45.0236,2558900
2001-09-04,44.4461,44.681,43.7022,43.849,4844200
2001-09-05,43.9959,44.3385,43.5554,44.0448,4408700
2001-09-06,41.9502,42.5668,41.5,41.7936,11780300
2001-09-07,41.8523,42.0775,41.4021,41.7056,4107300
2001-09-10,41.637,42.5766,41.2063,41.3532,3646000
2001-09-17,39.8948,41.3532,39.5424,40.1297,6167800
2001-09-18,39.0531,40.2276,38.7105,39.6403,5509700
2001-09-19,38.1624,38.6909,35.8622,38.2211,10669800
2001-09-20,38.9552,39.1999,36.8997,36.9487,6887600
2001-09-21,38.2113,39.4446,37.6828,37.6828,7964200
2001-09-24,40.0905,40.1297,39.1412,39.1999,5316000
2001-09-25,40.2961,41.0106,39.8361,41.0106,5042000
2001-09-26,40.1297,41.0008,39.9437,40.9617,5499900
2001-09-27,41.6664,41.9894,40.1297,40.1297,6152200
2001-09-28,42.5766,43.115,42.0579,42.3319,5866800
2001-10-01,43.066,43.252,42.0579,42.4787,4580300
2001-10-02,43.3107,43.3107,41.6664,43.066,3851700
2001-10-03,43.5146,43.593,42.8285,43.0245,3654200
2001-10-04,43.4068,43.8478,43.2304,43.4656,3788800
2001-10-05,43.6518,43.8086,42.6815,43.2402,2890700
2001-10-08,43.4754,43.8086,43.0245,43.6518,2574300
2001-10-09,43.74,43.8674,43.3578,43.4656,3357800
2001-10-10,43.7106,43.8086,43.1128,43.1226,3434800
2001-10-11,43.7498,43.8086,43.348,43.7106,4769400
2001-10-12,44.0046,44.034,43.1226,43.4166,3558500
2001-10-15,44.2986,44.3182,43.7302,44.0046,2764400
2001-10-16,44.1418,44.5436,43.8576,44.2986,2467800
2001-10-17,43.005,44.3476,43.005,44.1418,3752100
2001-10-18,42.2307,43.005,41.6035,43.005,6816000
2001-10-19,42.7305,42.9756,42.1229,42.2307,3104100
2001-10-22,43.2304,43.2402,42.5835,42.6325,1823500
2001-10-23,42.3973,43.5048,42.1915,43.5048,2655600
2001-10-24,41.7897,42.3777,41.5153,42.3385,3479400
2001-10-25,42.6325,42.6913,41.4074,41.5545,3134900
2001-10-26,41.4074,42.4267,41.1624,41.6525,4236700
2001-10-29,40.3294,41.2114,40.1824,41.0644,3952300
2001-10-30,39.5747,40.1824,39.4473,40.0844,4157000
2001-10-31,39.4963,40.0942,38.9671,39.5845,6208100
2001-11-01,40.0844,40.6626,39.4081,39.7903,6304900
2001-11-02,39.6531,39.9276,38.9181,39.6924,3870300
2001-11-05,39.7119,40.0746,39.3493,39.7903,3398600
2001-11-06,38.9181,40.0844,38.1242,40.0354,5848900
2001-11-07,39.1043,39.5747,38.9181,39.0553,3671600
2001-11-08,40.643,41.1134,39.5943,39.7413,5609300
2001-11-09,40.4078,40.9174,40.1922,40.888,2091600
2001-11-12,40.447,40.8194,39.6924,40.1922,2497000
2001-11-13,40.5646,41.2114,40.3784,40.5744,3897700
2001-11-14,40.3686,40.9566,39.9471,40.8684,3395000
2001-11-15,41.1134,41.2016,40.3588,40.3686,3863200
2001-11-16,40.986,41.1624,40.6724,41.1624,2568200
2001-11-19,40.1824,41.3094,40.1334,41.1428,3268700
2001-11-20,41.4074,41.6525,40.0844,40.1922,4295000
2001-11-21,43.0245,43.691,42.8971,43.1226,7394000
2001-11-23,43.2402,43.6126,42.9853,43.6126,2042900
2001-11-26,43.1813,43.4166,42.3679,43.1716,3810700
2001-11-27,43.1618,44.0928,43.005,43.1813,4653200
2001-11-28,44.8671,45.2199,43.789,44.0046,8956300
2001-11-29,45.5237,45.5727,44.6612,44.9847,5282200
2001-11-30,46.3372,46.4646,45.4747,45.6707,5171500
2001-12-03,46.5528,46.8468,46.1215,46.2097,3932100
2001-12-04,46.0235,46.6018,45.4943,46.5528,3721000
2001-12-05,47.2388,48.1209,46.3764,46.4548,4055300
2001-12-06,47.4544,47.8268,46.8664,47.1898,3457000
2001-12-07,47.0428,47.3074,46.3568,47.1408,2724700
2001-12-10,46.1607,47.2388,46.1607,46.8468,2771200
2001-12-11,45.9059,46.5234,45.7001,45.8471,2494300
2001-12-12,46.1706,46.347,45.4257,45.7197,2785300
2001-12-13,46.5528,46.9938,45.7197,45.8471,3576000
2001-12-14,47.8759,47.8759,46.0725,46.3764,4188800
2001-12-17,49.1499,49.1989,47.7975,47.8759,5506200
2001-12-18,47.817,49.0029,46.935,49.0029,4894300
2001-12-19,48.7089,48.7481,47.6308,48.0229,3279800
2001-12-20,49.0323,49.1009,48.2973,49.0029,3499500
2001-12-21,49.4929,49.5419,49.0617,49.1989,5017300
2001-12-24,49.6791,50.0222,49.3949,49.5909,1693200
2001-12-26,50.0516,50.3848,49.6889,49.738,2341400
2001-12-27,50.2182,50.3554,49.9045,50.0614,1991000
2001-12-28,50.2084,50.6494,50.032,50.13,2300200
2001-12-31,50.1888,50.571,49.9928,50.179,2717100
2002-01-02,49.0585,49.7355,48.4796,49.5491,4890300
2002-01-03,48.5777,49.0977,47.8418,49.0585,4188300
2002-01-04,48.0675,48.6072,47.7339,48.5777,3579800
2002-01-07,47.6848,48.3521,47.2335,48.0773,3065500
2002-01-08,47.6947,48.2539,47.5867,47.832,2656300
2002-01-09,47.3709,48.1754,47.3414,47.8811,3546300
2002-01-10,47.8222,48.146,47.4396,47.4396,2536400
2002-01-11,48.4305,48.5679,47.9105,48.0283,4372300
2002-01-14,47.7143,48.2245,47.5769,47.9792,3387900
2002-01-15,47.6947,48.666,47.1256,48.0283,3289000
2002-01-16,47.6456,48.0675,47.4003,47.4493,2416800
2002-01-17,48.1068,48.2147,47.6456,47.6456,2368400
2002-01-18,47.5671,48.1558,47.3512,47.8909,2135300
2002-01-22,48.1656,48.2735,47.7339,47.832,3172300
2002-01-23,48.2637,48.7641,48.0871,48.4698,3370100
2002-01-24,48.0773,48.4698,47.8124,48.2637,2988700
2002-01-25,47.6652,48.3619,47.626,48.0871,2296100
2002-01-28,46.6644,47.7928,46.5957,47.6652,2811500
2002-01-29,46.2523,47.5082,46.1935,46.6546,3051200
2002-01-30,46.8901,47.7241,46.2523,46.2621,3685200
2002-01-31,48.3422,48.3815,46.998,47.0471,4247500
2002-02-01,48.5286,48.666,47.9301,48.3521,4492400
2002-02-04,47.6063,48.666,47.5867,48.0773,2341300
2002-02-05,48.146,48.5483,47.5671,47.7339,2624900
2002-02-06,47.0471,47.9203,46.9588,47.6358,3613400
2002-02-07,46.5957,47.5867,46.164,47.5671,3089700
2002-02-08,46.5369,46.8018,46.1837,46.3504,2307500
2002-02-11,46.4682,46.8999,46.1444,46.5369,4232800
2002-02-12,47.3807,47.4396,46.1738,46.5761,3667000
2002-02-13,46.9097,47.5867,46.6055,47.3414,3085500
2002-02-14,47.2237,47.6358,47.0471,47.155,2204400
2002-02-15,47.3709,47.9007,47.3022,47.6848,2588100
2002-02-19,46.6546,47.4592,46.6055,47.3709,2549800
2002-02-20,46.3406,46.6546,45.1338,46.6546,7129600
2002-02-21,46.478,47.1354,45.8206,46.3406,4764000
2002-02-22,45.0553,45.5361,44.2213,45.5263,7121800
2002-02-25,44.6432,45.3399,44.29,45.0553,4206600
2002-02-26,43.77,44.447,42.9752,44.3979,8085000
2002-02-27,44.7119,45.0357,43.5247,43.5247,4290300
2002-02-28,43.7013,44.7904,43.6424,44.7413,3291500
2002-03-01,43.3971,43.8386,42.9752,43.7013,5698000
2002-03-04,44.29,44.6334,43.8092,44.5451,5989400
2002-03-05,43.5835,44.3881,42.5631,44.1526,8976900
2002-03-06,43.4854,44.1526,42.8673,43.5835,6156000
2002-03-07,43.9073,44.3881,43.0537,44.1526,6263000
2002-03-08,43.7209,44.5255,43.4167,44.3979,3530700
2002-03-11,43.9564,44.2311,43.7013,43.7602,4141500
2002-03-12,44.1036,44.447,43.8386,44.447,3227100
2002-03-13,43.8386,44.3979,43.5345,44.3489,3141800
2002-03-14,44.2508,44.3292,43.1322,43.8386,4543600
2002-03-15,45.2123,45.6244,44.2508,44.2998,5671400
2002-03-18,45.0651,45.801,44.6726,45.4282,4306200
2002-03-19,45.173,45.33,44.7413,45.1338,2905400
2002-03-20,44.3489,45.3987,44.3096,44.9376,2578000
2002-03-21,44.7021,44.8198,44.0153,44.3979,3209200
2002-03-22,43.8681,44.8689,43.3677,44.8689,4639700
2002-03-25,43.5835,44.1428,43.3971,44.0055,3186000
2002-03-26,43.2009,43.8092,42.9654,43.662,4283500
2002-03-27,43.7111,43.7504,42.9262,43.2696,3333900
2002-03-28,44.3587,44.6432,43.0733,43.8092,3793100
2002-04-01,43.7602,44.1526,43.2696,43.9073,2812400
2002-04-02,43.4364,43.8877,43.2303,43.7111,2744800
2002-04-03,43.2892,43.4167,42.7299,43.4167,3297300
2002-04-04,43.1224,43.2205,42.7397,43.1715,2583200
2002-04-05,43.1715,43.3481,42.6612,43.1224,3076200
2002-04-08,43.4658,43.662,43.1224,43.1715,2745900
2002-04-09,44.6726,44.8885,43.3677,43.4658,4546700
2002-04-10,45.4772,46.115,44.5942,44.6923,5369600
2002-04-11,44.7119,45.5655,44.2998,45.4282,4334200
2002-04-12,45.2319,45.5753,44.6628,44.7119,4398800
2002-04-15,45.3497,45.5263,44.9474,45.2319,2279800
2002-04-16,45.8206,46.115,45.3693,45.4282,2992000
2002-04-17,46.4191,46.6055,45.6735,45.9187,3483800
2002-04-18,46.5271,46.6055,45.9384,46.4191,3120300
2002-04-19,46.6546,47.0765,46.3995,46.5074,3638600
2002-04-22,46.0463,46.6939,45.7716,46.6546,2379900
2002-04-23,44.9376,46.0168,44.8002,46.0168,3733800
2002-04-24,44.6628,45.3595,44.5647,45.0357,2503900
2002-04-25,43.7602,44.4862,43.7111,44.0055,3945900
2002-04-26,42.985,43.7602,42.9458,43.7602,4301000
2002-04-29,43.4658,43.9073,42.7888,43.0733,3728300
2002-04-30,43.8484,44.1526,43.0341,43.2205,3223300
2002-05-01,43.9564,44.1526,43.142,43.8583,3249000
2002-05-02,43.3579,44.0055,43.1322,43.7111,2984700
2002-05-03,43.2892,43.77,42.6907,43.4167,2807000
2002-05-06,43.1813,43.8583,42.779,42.779,2984300
2002-05-07,41.8273,43.2107,41.6997,42.9752,4367400
2002-05-08,42.828,43.1322,41.8763,41.8959,4091200
2002-05-09,42.5533,43.6522,42.5533,42.7496,3358100
2002-05-10,42.0235,42.9164,41.9744,42.5533,2908800
2002-05-13,42.7299,43.0243,41.8469,41.945,3846500
2002-05-14,43.0537,43.4167,42.6318,42.7005,4123400
2002-05-15,43.3481,43.5639,42.7888,42.8771,3571000
2002-05-16,43.456,43.9073,43.1911,43.2205,3655900
2002-05-17,44.447,44.4568,43.2696,43.2696,4598400
2002-05-20,44.4175,45.0357,44.1624,44.3489,3818600
2002-05-21,45.0062,45.0651,44.5255,44.6432,3355100
2002-05-22,45.173,45.33,44.2115,45.0062,3935600
2002-05-23,46.5565,46.5859,45.7323,46.5074,8457900
2002-05-24,45.9874,46.7037,45.8206,46.5565,2466300
2002-05-28,45.4968,46.1935,45.2515,46.115,2645400
2002-05-29,45.5361,45.8108,45.4772,45.4968,2839300
2002-05-30,45.8697,46.2327,45.1829,45.1829,3222200
2002-05-31,45.281,46.0168,45.281,45.7225,2809700
2002-06-03,44.2017,45.2614,44.1919,44.9376,3002100
2002-06-04,44.2311,44.5451,43.7111,43.9368,3665900
2002-06-05,44.7511,44.9376,43.9073,44.1526,2378700
2002-06-06,44.7119,44.8885,43.976,44.8885,3298000
2002-06-07,44.6726,44.9179,43.9368,44.4666,2739100
2002-06-10,44.8591,45.281,44.4568,44.7904,2113700
2002-06-11,44.8198,45.4282,44.5549,45.0848,4588100
2002-06-12,44.447,44.6432,43.7111,44.3979,4852100
2002-06-13,43.2107,44.1526,42.9752,44.1036,4349400
2002-06-14,42.102,42.9262,41.6604,42.2393,6064200
2002-06-17,43.6522,43.8484,42.2099,42.2099,4152800
2002-06-18,44.2115,44.7119,43.2794,43.4167,4391000
2002-06-19,44.3096,44.7119,43.6326,43.9564,3223100
2002-06-20,43.2303,44.3489,43.1126,44.1526,3259700
2002-06-21,42.3963,43.5443,42.2393,42.6809,4421300
2002-06-24,41.9254,42.4258,41.582,42.1903,4586900
2002-06-25,40.9148,42.8771,40.6695,42.4356,5150300
2002-06-26,40.2868,40.8657,39.2468,39.2468,6957300
2002-06-27,42.4846,42.5337,41.1601,41.4544,4938500
2002-06-28,42.0431,42.8967,41.8861,42.1903,4040300
2002-07-01,40.6597,42.2786,40.4831,42.0431,3523400
2002-07-02,39.6883,40.3457,39.2762,40.1789,5821600
2002-07-03,39.3841,39.6196,38.56,38.9524,5233300
2002-07-05,40.5223,40.5223,39.3449,39.394,1698200
2002-07-08,39.6981,40.6204,39.6883,40.5223,3365400
2002-07-09,38.6679,39.7766,38.5894,39.5411,4238400
2002-07-10,35.3221,38.3441,35.0768,38.3147,12677200
2002-07-11,37.1078,37.2942,34.4881,34.5862,8736300
2002-07-12,37.9516,38.1773,36.2542,37.2354,5479300
2002-07-15,36.7939,37.9516,35.8617,37.9516,5034700
2002-07-16,36.9901,37.6475,36.215,37.0392,4188800
2002-07-17,38.6384,38.8739,37.775,38.0203,5189100
2002-07-18,36.8429,38.6384,36.5976,38.6384,4489700
2002-07-19,35.5183,38.1577,35.0866,36.8331,6496500
2002-07-22,33.6541,35.3025,33.3597,33.3597,8252100
2002-07-23,33.1047,41.3563,32.6239,41.3563,8126000
2002-07-24,34.5666,34.8806,31.888,32.3295,8062400
2002-07-25,36.3817,36.9803,34.3507,34.5764,6609600
2002-07-26,36.5486,36.6957,35.6165,36.3817,3834600
2002-07-29,38.1577,38.2656,36.941,37.3825,3489900
2002-07-30,38.7268,39.3449,37.4414,37.5886,4283400
2002-07-31,39.6393,39.6883,37.9222,38.7365,4183600
2002-08-01,38.8543,39.5509,37.2844,39.5411,5152900
2002-08-02,38.246,39.2468,37.775,38.8347,2373900
2002-08-05,36.9999,38.8543,36.6467,38.4618,3544300
2002-08-06,37.1274,38.1184,36.8723,37.8731,3635200
2002-08-07,39.1192,39.1192,37.3629,37.4316,4124500
2002-08-08,40.0415,40.1691,38.5109,38.9524,3551500
2002-08-09,40.6204,40.6302,39.3449,39.6883,2552900
2002-08-12,40.0317,40.2182,39.2958,39.7374,2432500
2002-08-13,38.7758,39.8649,38.6384,39.2468,2538700
2002-08-14,40.0611,40.071,38.1479,38.4618,3733100
2002-08-15,40.7185,41.0718,40.0023,40.277,3573800
2002-08-16,40.3751,40.8657,39.8943,40.4732,3109500
2002-08-19,41.0129,41.1601,39.8845,40.1789,3252700
2002-08-20,41.6016,42.259,39.9827,40.2279,6346800
2002-08-21,40.8265,41.4544,40.071,41.4544,5993700
2002-08-22,41.2287,41.6899,40.4831,40.9148,3753400
2002-08-23,40.8853,41.6604,40.6989,41.2287,2405100
2002-08-26,41.6212,41.6997,41.0129,41.3563,3167800
2002-08-27,41.1993,41.6801,40.9148,41.6801,2632200
2002-08-28,40.3947,41.0423,40.071,40.6204,2888500
2002-08-29,39.914,40.2378,39.4921,39.8845,3061400
2002-08-30,40.4046,41.1993,39.3547,39.4921,2553000
2002-09-03,39.08,39.9336,38.8739,39.6393,2734900
2002-09-04,39.4626,39.6883,38.8739,39.08,2869700
2002-09-05,38.4128,39.0603,38.3147,38.9034,3827700
2002-09-06,39.0407,39.4724,38.56,39.1487,3957500
2002-09-09,40.7185,41.0129,39.2468,39.2468,5586900
2002-09-10,41.111,41.1601,40.1298,40.7185,4048100
2002-09-11,40.9736,41.6507,40.8167,41.0914,2216000
2002-09-12,40.5714,41.0619,40.2868,40.7185,2759200
2002-09-13,40.9049,41.1502,39.9925,40.0808,3031100
2002-09-16,41.8861,42.1903,40.4732,40.9049,4149600
2002-09-17,40.6793,42.2393,40.6106,42.0922,4056800
2002-09-18,41.268,41.8665,40.3064,40.6793,4791500
2002-09-19,40.6008,41.111,40.5223,40.5714,3027700
2002-09-20,41.1797,41.3465,40.6008,40.6106,5632200
2002-09-23,41.2091,41.3563,40.1102,40.277,5284700
2002-09-24,40.4242,40.9148,39.8355,39.9827,5280600
2002-09-25,41.0619,41.3563,40.0808,40.6695,4104100
2002-09-26,41.4054,41.6016,40.6695,41.2091,3405100
2002-09-27,40.7676,42.3865,40.7676,41.4054,4160600
2002-09-30,41.3269,41.5525,39.7374,40.7676,5062600
2002-10-01,42.2786,42.2884,41.1502,41.3072,5288100
2002-10-02,42.084,43.0863,41.8875,42.1037,5494800
2002-10-03,42.1823,42.7424,41.5633,42.084,6344200
2002-10-04,42.4476,43.047,41.6615,42.3985,6327300
2002-10-07,42.4967,43.3123,42.1528,42.2511,5158700
2002-10-08,43.4105,43.9706,42.5262,42.5458,4874100
2002-10-09,42.8603,43.725,42.5458,42.8406,4181900
2002-10-10,43.8723,44.1671,42.2609,42.3002,5471300
2002-10-11,43.2533,44.511,43.0863,44.0197,6092200
2002-10-14,43.3319,43.6758,42.6932,42.9389,4304200
2002-10-15,42.6638,43.9706,42.3002,43.3319,6146900
2002-10-16,43.2533,43.3319,42.0054,42.0054,4802600
2002-10-17,44.2163,44.511,43.725,44.2163,4651400
2002-10-18,43.5874,44.0787,43.2435,43.6758,3690000
2002-10-21,44.7763,44.9237,42.988,43.2337,3765600
2002-10-22,44.5602,44.9336,43.9215,44.7763,3190900
2002-10-23,44.796,44.9532,44.118,44.8058,3710700
2002-10-24,44.0885,45.1988,43.9804,45.1497,3156700
2002-10-25,44.6584,45.0023,43.7741,43.9215,2876100
2002-10-28,43.7741,44.5405,43.5088,44.3145,3187300
2002-10-29,43.892,44.0591,43.0863,43.7643,3050300
2002-10-30,43.8625,43.9706,43.2239,43.7741,3303300
2002-10-31,44.0197,44.7075,43.6267,43.6267,3752000
2002-11-01,45.2578,45.5329,43.666,43.9018,4155500
2002-11-04,45.3757,45.8965,45.1006,45.7884,2892100
2002-11-05,45.9161,46.0733,45.0416,45.3757,2880300
2002-11-06,46.3485,46.5057,45.7884,45.8965,3640800
2002-11-07,45.9751,46.1323,45.7098,45.9358,3318700
2002-11-08,46.0242,46.3288,45.6803,45.9751,3834200
2002-11-11,45.2185,46.0733,45.2185,45.9653,1985400
2002-11-12,45.8866,46.1618,45.1988,45.4445,3271300
2002-11-13,45.8866,46.1814,45.4641,46.1323,3941600
2002-11-14,46.1814,46.3092,45.4936,46.1814,4173300
2002-11-15,46.5155,46.6727,46.152,46.3288,4489800
2002-11-18,45.7393,46.9086,45.7,46.7219,4172500
2002-11-19,46.997,47.0657,44.2163,45.7491,8406700
2002-11-20,47.6553,48.009,46.3288,46.6727,5559100
2002-11-21,48.0582,48.5396,47.0166,47.6553,6601100
2002-11-22,47.8911,48.6182,47.3802,47.9501,6928000
2002-11-25,48.0974,48.294,47.4293,48.1466,4352400
2002-11-26,46.4762,47.8125,46.2797,47.6062,5495000
2002-11-27,46.3779,46.7415,45.5919,46.3288,4706400
2002-11-29,45.9358,46.3288,45.926,46.0832,2265000
2002-12-02,45.3954,46.4369,44.8255,46.0832,4042700
2002-12-03,45.1792,45.5919,44.8844,45.248,3619200
2002-12-04,45.7393,46.1618,45.0416,45.0514,3012400
2002-12-05,45.1988,45.8866,45.0023,45.8375,3252100
2002-12-06,45.3757,45.5428,44.4914,44.7075,4028400
2002-12-09,45.4445,46.3681,45.3757,45.5919,4019100
2002-12-10,45.3167,45.5919,44.9729,45.4445,3508500
2002-12-11,45.5428,45.6901,44.7272,44.8058,2838700
2002-12-12,45.0809,45.2774,44.7862,45.0023,2481300
2002-12-13,44.6289,45.1595,44.3342,44.8353,2961700
2002-12-16,45.3954,45.3954,44.2654,44.2654,3694700
2002-12-17,45.415,45.5919,45.0514,45.0514,3307700
2002-12-18,45.9653,46.1814,45.189,45.415,4830400
2002-12-19,45.4936,46.1618,45.2087,45.641,4046700
2002-12-20,46.5745,46.6727,45.3757,45.641,5763000
2002-12-23,46.4074,46.6334,46.0635,46.5843,4297400
2002-12-24,46.2404,46.6727,46.1028,46.1323,952000
2002-12-26,45.6705,46.4172,45.4445,46.1323,2101600
2002-12-27,44.9336,45.5133,44.8648,45.248,2535900
2002-12-30,44.8746,45.1006,44.4128,44.4619,4211900
2002-12-31,44.8058,45.0023,44.1573,44.6093,2973900
2003-01-02,45.867,45.867,44.7665,44.8058,3049300
2003-01-03,45.9849,46.2993,45.5919,45.9849,2762200
2003-01-06,46.4762,46.6039,45.9653,46.0832,2938200
2003-01-07,45.7884,46.3386,45.5231,45.8866,3303900
2003-01-08,45.9161,46.5843,45.7,46.4271,3135000
2003-01-09,46.8201,46.8889,45.9358,46.0832,3538100
2003-01-10,46.7219,46.9086,46.4565,46.8201,3035800
2003-01-13,46.7022,47.0264,46.3779,46.8201,3075700
2003-01-14,47.1542,47.1542,46.2993,46.2993,2945200
2003-01-15,46.545,47.1542,46.4467,47.1542,2938300
2003-01-16,46.3092,47.0068,45.9063,46.6727,3170000
2003-01-17,45.9358,46.3092,45.6901,45.8866,3205300
2003-01-21,45.1988,45.9063,45.1104,45.8375,3220500
2003-01-22,44.511,45.248,44.4128,45.2087,4634000
2003-01-23,44.9532,45.1497,44.3145,44.511,3564500
2003-01-24,44.0787,44.9532,43.8429,44.8058,3542800
2003-01-27,42.7915,43.9117,42.7227,43.3319,4479800
2003-01-28,42.9094,43.3123,42.6048,43.1846,4337200
2003-01-29,43.2337,43.6267,42.084,42.2511,4005900
2003-01-30,43.5481,44.1671,42.7326,42.8406,4980800
2003-01-31,44.1377,44.344,43.5481,43.5481,4263600
2003-02-03,43.7053,44.3636,43.5186,44.118,4088500
2003-02-04,42.3493,42.9978,41.4159,42.988,8490600
2003-02-05,42.7817,43.725,42.6638,43.0371,4404000
2003-02-06,43.0175,43.2337,42.2609,42.4967,3638800
2003-02-07,42.7424,43.3123,42.5458,43.1846,4551400
2003-02-10,43.1256,43.3319,42.595,42.6932,3982900
2003-02-11,42.988,43.833,42.7326,43.2828,2845000
2003-02-12,44.2654,44.4619,42.9389,43.1846,7428000
2003-02-13,42.3493,42.9978,41.9759,42.988,10440100
2003-02-14,43.3811,43.4302,42.2511,42.369,4724600
2003-02-18,43.8232,44.0296,43.2337,43.3811,4442600
2003-02-19,43.8723,43.9706,43.5088,43.6758,2650600
2003-02-20,44.0591,44.3636,43.6562,43.9706,3164600
2003-02-21,44.3636,44.7174,43.8527,44.4128,2948900
2003-02-24,43.3024,44.3243,43.3024,44.2654,3084500
2003-02-25,43.951,44.0885,42.3985,42.9389,3195300
2003-02-26,43.8429,44.4521,43.7348,44.0689,3547400
2003-02-27,43.6365,44.118,43.2239,43.7741,3899700
2003-02-28,43.9215,44.4619,43.6071,43.6071,3738600
2003-03-03,43.6267,44.5405,43.4793,44.0689,2737300
2003-03-04,43.4007,44.1671,43.3811,43.9706,2594600
2003-03-05,43.9215,44.0689,43.2435,43.4302,3363200
2003-03-06,44.0197,44.3342,43.6267,43.8232,3078500
2003-03-07,43.3319,44.1671,43.1158,43.1354,4552500
2003-03-10,42.8701,43.3417,42.7326,43.0371,2835600
2003-03-11,42.9389,43.3811,42.7424,42.8898,2933300
2003-03-12,42.7424,43.0863,41.9366,42.8898,4217100
2003-03-13,43.3024,43.4204,42.3493,43.3811,4408400
2003-03-14,43.6758,44.2555,43.44,43.6267,3560900
2003-03-17,45.2971,45.3855,43.725,43.725,5479600
2003-03-18,45.4936,45.6115,44.8255,45.3954,3978400
2003-03-19,45.5329,45.9063,45.189,45.641,3740600
2003-03-20,45.7393,45.8277,44.7075,45.2971,3362700
2003-03-21,46.5941,46.7513,45.808,46.1814,3873300
2003-03-24,45.2087,46.2305,45.022,46.1814,3627100
2003-03-25,46.2797,46.7219,45.1595,45.5919,3697500
2003-03-26,45.1006,45.3659,44.7075,44.7075,6467500
2003-03-27,45.1988,45.641,44.3145,44.511,4433000
2003-03-28,45.0318,45.4936,44.7174,45.0514,2793500
2003-03-31,44.3342,44.904,44.2359,44.2654,3354000
2003-04-01,44.8844,45.1006,44.1573,44.3342,3365700
2003-04-02,45.9849,46.1814,45.3954,45.4445,4479300
2003-04-03,45.7393,46.4271,45.6803,45.9849,3257100
2003-04-04,45.4936,46.1618,45.1202,45.9849,2277000
2003-04-07,45.4838,46.7906,45.474,46.1814,2961500
2003-04-08,45.9456,46.1028,45.415,45.415,3223600
2003-04-09,45.7786,46.6334,45.4445,45.4445,3087200
2003-04-10,46.2797,46.4172,45.7491,46.1323,2887000
2003-04-11,46.0832,46.6629,45.7884,46.5253,2874200
2003-04-14,46.771,46.8201,46.0733,46.0832,2561900
2003-04-15,47.0854,47.1542,46.7906,46.9184,3025900
2003-04-16,45.8375,47.1443,45.7687,47.1443,4470000
2003-04-17,46.2404,46.3288,45.7393,45.8375,2731300
2003-04-21,46.3779,46.8692,45.9849,46.2404,2230800
2003-04-22,47.1542,47.1542,46.0046,46.2797,2837800
2003-04-23,47.1247,47.2819,46.5155,47.1542,2738800
2003-04-24,47.5079,47.6553,46.9773,47.164,2764400
2003-04-25,47.2426,47.7044,47.0657,47.5079,3449600
2003-04-28,47.7339,47.9009,47.2131,47.2426,2361600
2003-04-29,47.7044,47.9403,47.39,47.7044,2958500
2003-04-30,46.9086,47.4588,46.8201,47.2623,4750700
2003-05-01,46.6531,46.8692,46.034,46.8201,3676800
2003-05-02,47.4096,47.4588,46.5548,46.6629,2773900
2003-05-05,46.997,47.4588,46.6432,47.4096,2838000
2003-05-06,46.8692,47.0952,46.3288,46.9675,2669600
2003-05-07,46.2797,46.8496,46.1028,46.5253,2690100
2003-05-08,45.641,46.3878,45.3462,45.641,3499100
2003-05-09,45.6803,45.8375,45.1988,45.6901,4460400
2003-05-12,47.3114,47.4293,45.9751,45.9849,6633700
2003-05-13,46.6727,47.3605,46.4369,47.3114,2919700
2003-05-14,47.0166,47.1149,46.2207,46.8201,2550400
2003-05-15,47.4391,47.6553,47.0952,47.1149,4194200
2003-05-16,47.7044,47.8223,47.3507,47.4588,2444600
2003-05-19,47.557,48.6379,47.0264,48.6379,4336600
2003-05-20,46.5745,47.5669,46.1716,47.5669,4802000
2003-05-21,47.3998,47.5374,46.5548,46.5745,4218800
2003-05-22,47.6848,48.0876,47.0854,47.4588,3587900
2003-05-23,47.783,47.8518,47.331,47.6553,2222600
2003-05-27,48.6281,48.6379,47.3409,47.557,3267500
2003-05-28,48.0483,48.6576,47.8027,48.52,3425700
2003-05-29,47.4391,48.4119,47.164,48.1466,3756500
2003-05-30,47.8813,48.009,47.2426,47.6553,3896700
2003-06-02,46.997,48.1466,46.9184,47.8813,4784000
2003-06-03,47.4096,47.557,46.771,47.0068,3846000
2003-06-04,48.1564,48.3628,47.3114,47.39,2542500
2003-06-05,48.6281,48.687,47.7536,48.1466,4172900
2003-06-06,48.6477,49.1292,48.6477,48.7853,5093400
2003-06-09,47.5964,48.1662,47.3802,47.7536,4352000
2003-06-10,48.1761,48.3235,47.6553,48.1466,2985500
2003-06-11,49.0309,49.1586,48.3333,48.3922,3587200
2003-06-12,48.8344,49.365,47.8911,49.2766,4587100
2003-06-13,48.1466,49.2274,47.8518,48.9818,3390100
2003-06-16,49.1095,49.2078,48.4119,48.6084,3486000
2003-06-17,49.4239,49.8661,49.1881,49.2274,3972600
2003-06-18,49.0113,49.5713,48.7067,49.4731,2892200
2003-06-19,47.9009,49.3159,47.9009,49.0113,3874400
2003-06-20,48.1269,48.7067,47.6455,47.9992,4187300
2003-06-23,47.7634,48.4021,47.557,48.1269,2662700
2003-06-24,47.616,47.7241,46.8496,46.8496,4340900
2003-06-25,47.6848,48.3922,47.5472,47.6258,3515600
2003-06-26,48.3136,48.3136,47.3998,47.557,2678400
2003-06-27,47.3507,48.3136,47.1443,48.0287,2891500
2003-06-30,47.1345,47.4883,46.8201,47.3114,3135700
2003-07-01,47.2939,47.4317,46.1032,46.9397,3679000
2003-07-02,47.0676,47.2349,46.3984,47.0873,3515900
2003-07-03,46.7921,47.3924,46.5953,46.7429,1543300
2003-07-07,46.9692,47.2251,46.674,47.0873,3899000
2003-07-08,46.6937,46.9102,46.3984,46.6937,2958300
2003-07-09,46.2508,46.7921,45.7687,46.5953,3853900
2003-07-10,47.3825,47.4908,46.1131,46.3984,4365100
2003-07-11,48.8193,48.9078,47.4908,47.54,6207000
2003-07-14,48.465,48.9373,48.1206,48.9373,3545800
2003-07-15,48.5634,48.6126,47.9926,48.5142,2839600
2003-07-16,47.8647,48.5634,47.3432,48.5634,3041700
2003-07-17,48.1206,48.3567,47.7958,47.973,3334400
2003-07-18,48.6027,48.6716,47.8745,48.4158,2463100
2003-07-21,48.0025,48.3272,47.7269,48.0222,2577400
2003-07-22,48.9275,49.0948,48.0714,48.1894,2970600
2003-07-23,49.3014,49.3605,48.6027,49.0751,2937000
2003-07-24,49.3998,50.1576,49.331,49.3998,3303300
2003-07-25,49.8328,49.9214,49.2129,49.6459,2186300
2003-07-28,49.8624,50.1772,49.5081,50.0985,3360300
2003-07-29,50.3052,50.6299,49.7639,49.9903,2968900
2003-07-30,49.7443,50.3322,49.3605,50.3052,3069600
2003-07-31,50.6791,51.1711,49.5966,49.6951,4657500
2003-08-01,51.0432,51.4565,50.5807,51.4073,4760700
2003-08-04,51.6632,51.9092,50.8169,51.801,4615400
2003-08-05,51.2499,52.0765,51.181,51.5746,3816100
2003-08-06,51.2203,52.0076,50.6693,51.2499,4257000
2003-08-07,51.1711,51.4467,50.6791,50.8267,5435600
2003-08-08,51.2203,51.4664,51.0826,51.3188,2294800
2003-08-11,51.2696,51.4664,50.6299,51.2203,3259900
2003-08-12,51.8108,51.8403,51.0235,51.2696,3769500
2003-08-13,50.069,51.8108,48.77,51.8108,10943000
2003-08-14,50.5807,50.7579,49.5475,49.8919,4111800
2003-08-15,50.1772,50.6693,49.882,50.5807,2640100
2003-08-18,50.5512,50.6791,49.9411,50.2855,2786200
2003-08-19,50.7775,50.7972,50.3839,50.7775,2422000
2003-08-20,50.4823,50.8169,50.3249,50.7775,2073400
2003-08-21,50.7579,51.368,50.0592,50.2855,3315300
2003-08-22,49.8427,50.9743,49.6951,50.9547,2596800
2003-08-25,49.6951,50.0395,49.3507,49.9903,2795300
2003-08-26,49.3211,49.4491,48.9472,49.203,3754600
2003-08-27,49.203,49.4422,48.6421,49.203,3219500
2003-08-28,48.6618,49.3507,48.5634,49.0554,3795000
2003-08-29,48.7897,48.8488,48.219,48.6618,3042900
2003-09-02,48.711,48.7799,48.219,48.6618,3839800
2003-09-03,48.5929,48.8586,48.3567,48.7307,4599400
2003-09-04,48.3666,48.7208,48.032,48.3666,3642400
2003-09-05,47.7761,48.4748,47.5301,48.3666,4373100
2003-09-08,47.6777,48.2977,47.3628,47.9238,4313800
2003-09-09,48.0812,48.6224,47.6335,47.6777,4302900
2003-09-10,47.6777,48.4355,47.4317,48.1796,3697000
2003-09-11,48.2682,48.5142,47.3825,47.5793,3440100
2003-09-12,47.9926,48.2387,47.5892,48.1206,4373100
2003-09-15,48.8488,48.9865,48.0222,48.2977,5114700
2003-09-16,49.2424,49.2424,48.6224,48.8586,3929600
2003-09-17,48.5142,49.4786,48.4847,49.4786,3676800
2003-09-18,48.4847,49.0456,48.4256,48.711,3239900
2003-09-19,47.6581,48.4158,47.4711,48.2387,3962300
2003-09-22,47.2251,48.0714,47.0381,47.4612,3497000
2003-09-23,47.6285,47.9041,47.3628,47.5793,2219000
2003-09-24,46.5658,47.6187,46.4772,47.5695,2922700
2003-09-25,46.6641,47.5203,46.5264,46.6149,3116400
2003-09-26,46.3,46.6445,46.1524,46.5461,3091900
2003-09-29,46.4083,46.733,46.1229,46.3493,3317000
2003-09-30,46.1721,46.6937,45.808,46.3984,4111500
2003-10-01,46.7457,46.8049,46.0755,46.1642,4682700
2003-10-02,47.544,47.5736,46.7654,46.864,4130700
2003-10-03,45.2082,47.1301,45.0308,46.9034,15823100
2003-10-06,44.1241,45.2181,43.7791,45.2181,10792800
2003-10-07,44.9914,45.1491,43.9763,44.0551,10186400
2003-10-08,44.8436,45.1294,44.4986,44.6859,4627200
2003-10-09,45.0604,45.6714,44.8633,45.2378,4903900
2003-10-10,44.3409,45.2575,44.1044,45.09,5327900
2003-10-13,43.6313,44.4099,43.3554,44.1044,5819100
2003-10-14,44.4493,44.5972,43.6412,43.7102,4218100
2003-10-15,45.2279,45.4349,44.676,45.3364,7358600
2003-10-16,45.6123,45.9277,45.0703,45.09,4506000
2003-10-17,45.3955,45.8686,45.2378,45.8291,3339000
2003-10-20,45.5039,45.6419,44.9914,45.632,3717900
2003-10-21,45.5138,46.2234,45.3856,46.2234,3499700
2003-10-22,44.7549,45.5138,44.6563,45.5138,3087300
2003-10-23,45.3462,45.3659,44.7844,44.7943,3889200
2003-10-24,45.6616,45.7405,45.0505,45.1984,4019700
2003-10-27,45.6025,46.0262,45.1491,46.0262,3526800
2003-10-28,46.1051,46.1445,45.6714,45.7306,3633100
2003-10-29,46.3219,46.3515,45.8291,46.1051,3166700
2003-10-30,44.9421,46.5191,44.814,46.3712,5664900
2003-10-31,44.8633,45.4546,44.7746,45.1393,4212100
2003-11-03,44.3508,44.9372,44.2719,44.8633,5076875
2003-11-04,43.7496,44.1635,43.5131,44.1537,4293077
2003-11-05,43.3948,44.0255,43.2666,43.6609,5091000
2003-11-06,43.2666,43.4145,42.3796,42.4782,6025600
2003-11-07,42.7344,43.7003,42.2811,43.2568,7674400
2003-11-10,42.764,43.5623,42.5669,42.7344,5270700
2003-11-11,43.2174,43.7299,42.764,42.764,2975800
2003-11-12,43.7299,43.858,43.2864,43.3652,5389500
2003-11-13,45.7207,45.8193,44.8436,44.8436,11593800
2003-11-14,44.8928,45.7207,44.8534,45.5828,4852500
2003-11-17,44.6267,44.8928,44.1537,44.8928,3102500
2003-11-18,43.9369,44.745,43.9073,44.6169,3587700
2003-11-19,44.4691,44.5676,44.0058,44.2522,3972200
2003-11-20,44.0354,44.4099,43.8383,44.1537,3113700
2003-11-21,43.4145,44.0354,43.3258,44.0058,4765400
2003-11-24,43.8777,44.2916,43.5229,43.6116,3531900
2003-11-25,43.9073,44.2621,43.6609,44.203,4441400
2003-11-26,44.4395,44.5183,43.7594,43.9566,4161700
2003-11-28,44.5479,44.6465,44.3508,44.3508,1452500
2003-12-01,45.3364,45.3955,44.6662,44.8436,4004100
2003-12-02,45.5532,45.6222,45.0998,45.1885,6526100
2003-12-03,45.6714,45.908,45.4842,45.7799,4397000
2003-12-04,46.0657,46.0657,45.7109,45.977,3341900
2003-12-05,45.8883,46.1445,45.7306,46.0558,3261100
2003-12-08,46.4205,46.5683,45.9573,46.5683,3781500
2003-12-09,46.5388,46.8147,46.3416,46.5191,3684000
2003-12-10,46.6669,46.7851,46.3515,46.5388,3332700
2003-12-11,47.1005,47.4455,46.657,46.6669,4697500
2003-12-12,47.3666,47.4948,47.0611,47.209,3224800
2003-12-15,46.6669,47.6919,46.6669,47.4553,4624400
2003-12-16,46.6669,46.726,45.8094,46.5683,8136200
2003-12-17,47.3469,47.4356,46.5191,46.6964,4032000
2003-12-18,48.0762,48.1157,47.3863,47.5046,4560600
2003-12-19,47.958,48.2142,47.7116,48.0762,4456300
2003-12-22,47.3666,47.8496,47.209,47.8496,2838300
2003-12-23,47.4652,47.5835,46.9724,47.3272,2942000
2003-12-24,47.2286,47.4652,46.9133,47.4652,1422100
2003-12-26,47.3174,47.4849,47.1695,47.2582,523400
2003-12-29,47.9876,48.0368,47.3075,47.3075,2981200
2003-12-30,48.2044,48.2635,47.6525,47.8102,2442900
2003-12-31,47.8594,48.1945,47.4849,48.1452,2832600
2004-01-02,47.7116,48.2931,47.6032,47.9481,2273500
2004-01-05,48.0566,48.3916,47.6525,47.751,3193300
2004-01-06,48.2142,48.5887,47.9481,48.0467,3170600
2004-01-07,47.6032,48.2832,47.209,48.2438,4273400
2004-01-08,47.6525,47.6525,46.8541,47.4553,4198100
2004-01-09,47.4061,47.7904,47.3075,47.5046,3623200
2004-01-12,48.027,48.2241,47.4553,47.5046,3548900
2004-01-13,47.7116,48.2832,47.3568,48.0762,3003600
2004-01-14,48.4705,48.5099,47.6919,47.7116,2986800
2004-01-15,48.0861,48.3916,47.5736,48.3916,3721500
2004-01-16,48.3719,48.638,48.1452,48.1945,3860400
2004-01-20,48.3916,48.4902,48.096,48.2931,2975600
2004-01-21,48.6972,48.7859,48.0861,48.3424,2864800
2004-01-22,48.2635,49.1702,48.1452,48.8844,5240600
2004-01-23,47.8496,48.2931,47.7215,48.2832,2630200
2004-01-26,48.7859,48.7859,47.9186,47.9481,2939400
2004-01-27,48.234,48.8352,48.234,48.7859,2289100
2004-01-28,47.3075,48.4114,47.2976,48.3916,2760400
2004-01-29,48.845,48.8647,47.4159,47.4553,3812500
2004-01-30,48.5099,48.5986,48.0467,48.5395,4311000
2004-02-02,49.9193,49.9587,48.5887,48.638,6383000
2004-02-03,50.6585,50.7669,49.8404,49.9193,5943200
2004-02-04,51.2498,51.4962,50.4121,50.6585,8894400
2004-02-05,46.5683,48.7859,46.1544,48.5887,29157300
2004-02-06,47.3075,47.3469,46.6176,46.8147,10357900
2004-02-09,46.3121,47.1695,46.2431,47.1104,4590200
2004-02-10,45.8291,46.3022,45.6813,46.2924,6185900
2004-02-11,46.6964,47.0513,45.632,45.6813,5516800
2004-02-12,46.9823,47.3863,46.8541,46.8837,6148800
2004-02-13,46.657,47.1695,46.5486,47.0118,3201400
2004-02-17,47.3075,47.6426,47.0611,47.0611,5804600
2004-02-18,47.5539,48.0467,47.3568,47.4061,4845600
2004-02-19,47.4258,47.9186,47.3075,47.8003,3929200
2004-02-20,47.4356,47.8988,47.4159,47.6032,3489100
2004-02-23,47.4061,47.682,47.209,47.5539,3227100
2004-02-24,46.7162,47.002,46.5486,46.9133,4688300
2004-02-25,46.6373,46.8739,46.5683,46.5683,4509200
2004-02-26,46.3712,46.8246,46.2727,46.2727,4181700
2004-02-27,46.2234,46.7162,45.8291,45.8291,3555800
2004-03-01,46.5683,46.7753,46.2234,46.2234,3076000
2004-03-02,46.588,46.864,46.5092,46.6669,3720300
2004-03-03,47.2878,47.3568,46.4008,46.5979,4156800
2004-03-04,47.0907,47.2878,46.8049,46.9625,4075200
2004-03-05,47.8496,48.2537,46.9625,47.0611,6315800
2004-03-08,49.5251,51.2498,48.7957,48.7957,12379500
2004-03-09,48.914,50.0178,48.096,49.6729,7611100
2004-03-10,49.5645,50.2642,49.2885,49.4265,7570300
2004-03-11,49.4561,49.9981,49.0815,49.1801,6368700
2004-03-12,49.8996,49.9883,49.5053,49.5251,4263800
2004-03-15,49.1899,50.2642,49.0224,50.2642,4793800
2004-03-16,48.6479,49.0914,47.7017,49.0815,4938200
2004-03-17,48.5493,48.9928,48.4114,48.5887,4213700
2004-03-18,47.3568,48.4212,46.7851,48.4212,8605800
2004-03-19,46.7162,47.5539,46.6669,47.209,6575300
2004-03-22,46.3712,46.9231,46.1051,46.726,5231500
2004-03-23,46.115,46.4895,45.6813,46.3219,4031600
2004-03-24,46.046,46.3416,45.5335,46.1741,3891700
2004-03-25,46.8147,46.933,46.2234,46.3712,3535300
2004-03-26,46.7162,47.2484,46.2727,46.864,3323700
2004-03-29,46.9625,47.3075,46.8049,46.864,3530100
2004-03-30,46.6964,47.0118,46.4205,46.864,3111600
2004-03-31,47.0611,47.2976,46.1544,46.5979,3642900
2004-04-01,46.795,47.2286,46.7162,47.0118,3000900
2004-04-02,46.8246,47.1597,46.4205,47.0611,4265500
2004-04-05,47.9087,47.9186,46.9133,47.0414,3860700
2004-04-06,47.7904,48.2931,47.3174,47.751,3490900
2004-04-07,47.5046,47.7904,47.3863,47.6229,3447300
2004-04-08,48.1945,48.3522,47.4849,47.6229,4470100
2004-04-12,48.8154,48.8844,48.1255,48.3424,3528000
2004-04-13,48.6873,48.9731,48.4902,48.8844,4303300
2004-04-14,49.3082,49.3477,48.3424,48.4409,4239800
2004-04-15,49.2885,49.6532,49.1702,49.6532,4120000
2004-04-16,50.4022,50.7274,49.4561,49.6532,6318800
2004-04-19,50.3135,50.6092,49.6236,49.7715,3830600
2004-04-20,49.594,50.757,49.5842,50.3135,2838700
2004-04-21,50.5895,51.1217,49.8207,49.9193,4448600
2004-04-22,49.9981,50.4121,49.7025,50.2839,5030900
2004-04-23,49.3969,49.8996,49.1801,49.87,3761000
2004-04-26,49.1308,49.6433,48.8844,49.5743,4438100
2004-04-27,49.594,49.9488,49.2786,49.4758,3808400
2004-04-28,48.9337,49.5743,48.776,49.1801,3532600
2004-04-29,49.5251,49.87,48.9041,49.0323,3865900
2004-04-30,49.732,50.2051,49.4955,49.6729,3150200
2004-05-03,50.5106,50.757,49.8109,49.8207,4531300
2004-05-04,49.6729,50.4121,49.3575,50.4121,3624100
2004-05-05,50.4318,50.6683,49.5448,49.6729,3639100
2004-05-06,50.3233,50.8556,49.9981,50.2642,3196400
2004-05-07,50.3332,50.5205,50.0277,50.2445,3183700
2004-05-10,50.2741,50.6585,50.0671,50.3332,4035100
2004-05-11,50.1361,50.6092,49.8601,50.2642,3916400
2004-05-12,49.87,50.1262,49.1407,49.9094,3471200
2004-05-13,50.2642,50.5599,49.6236,49.6236,3272900
2004-05-14,49.3279,50.2642,49.2786,50.0178,3844300
2004-05-17,48.5887,48.845,48.3227,48.7859,4750200
2004-05-18,48.3916,48.6873,48.2241,48.5395,4494700
2004-05-19,48.5592,49.1308,48.4015,48.7859,2999300
2004-05-20,48.1945,48.776,47.889,48.5592,3094700
2004-05-21,46.9724,48.3325,46.795,48.2931,9715800
2004-05-24,46.726,47.6032,46.6176,47.209,7142200
2004-05-25,46.4402,46.8147,44.8436,46.3416,23063000
2004-05-26,45.7306,46.3416,43.3554,45.3462,12655100
2004-05-27,47.8496,48.2438,45.7306,45.7306,12119300
2004-05-28,47.209,47.958,47.0217,47.9481,5248200
2004-06-01,48.1452,48.3128,47.2878,47.3075,5036000
2004-06-02,48.983,49.1308,48.4311,48.4902,4854000
2004-06-03,48.8844,49.3674,48.5493,48.7859,4491800
2004-06-04,48.776,49.1702,48.6085,49.0815,4038100
2004-06-07,49.1702,49.2491,48.5592,48.9337,2527500
2004-06-08,49.6433,49.6729,46.3811,49.1702,3902100
2004-06-09,49.0027,49.6236,48.983,49.6236,3385900
2004-06-10,48.2931,48.845,48.1945,48.7859,4986600
2004-06-14,48.5395,48.6085,48.0368,48.0467,4062200
2004-06-15,48.7464,49.1308,48.5986,48.6873,4130700
2004-06-16,48.7464,49.121,48.569,48.707,3419000
2004-06-17,48.5099,48.707,48.1551,48.6873,2932000
2004-06-18,48.4114,48.6578,48.2537,48.4705,4095700
2004-06-21,48.6183,48.983,48.5099,48.7366,3187600
2004-06-22,48.0467,48.5887,47.4159,48.4409,3930500
2004-06-23,48.3424,48.4015,47.8594,47.9481,3854500
2004-06-24,48.4114,48.5986,48.0762,48.096,3566800
2004-06-25,47.4553,48.5,47.4553,48.3916,3996100
2004-06-28,47.6426,47.9284,47.3371,47.751,3707000
2004-06-29,48.1945,48.2438,47.5638,47.6426,3833700
2004-06-30,48.0998,48.2775,47.8233,48.0306,3498900
2004-07-01,48.8896,49.1068,47.9418,48.1294,4949500
2004-07-02,48.9883,49.166,48.5934,48.8896,3690900
2004-07-06,49.0772,49.2055,48.7711,49.0673,3926000
2004-07-07,48.4749,49.1166,48.0602,49.0179,4450900
2004-07-08,48.0504,48.8501,48.001,48.4255,3273800
2004-07-09,48.4255,48.6724,48.08,48.3762,3704300
2004-07-12,48.1491,48.6625,48.0701,48.3762,2220700
2004-07-13,48.4552,48.4749,48.0899,48.2281,2635300
2004-07-14,48.8007,49.2943,48.2765,48.2775,3680000
2004-07-15,48.9291,49.2943,48.8402,48.9686,2957700
2004-07-16,49.4523,50.5482,48.8402,49.166,9575800
2004-07-19,49.3733,49.5905,49.1166,49.2647,4419500
2004-07-20,49.4227,49.7584,49.0772,49.4128,3657400
2004-07-21,48.5638,49.5412,48.544,49.4227,3787500
2004-07-22,48.0701,48.5341,47.6357,48.4255,4076700
2004-07-23,48.2182,48.4749,48.005,48.1294,2824800
2004-07-26,48.2775,48.4255,47.9319,48.1787,3182600
2004-07-27,49.1759,49.3635,48.4255,48.4255,3582800
2004-07-28,49.2845,49.3635,48.5835,48.8698,3611700
2004-07-29,49.2055,49.4227,48.9093,49.4128,3674200
2004-07-30,49.0377,49.2351,48.7217,49.1166,3244800
2004-08-02,49.4227,49.5807,48.9291,49.2647,3640200
2004-08-03,49.3536,49.8571,49.2154,49.6103,3110600
2004-08-04,49.9657,50.0545,49.166,49.2154,2775800
2004-08-05,48.9883,49.9756,48.8994,49.9657,4919000
2004-08-06,48.3861,49.087,47.8826,48.8994,3282600
2004-08-09,47.9319,48.5835,47.8826,48.3268,2569600
2004-08-10,48.1787,48.3367,47.9319,48.08,3183200
2004-08-11,49.1759,49.4622,48.1392,48.1787,4300200
2004-08-12,48.1294,49.1364,48.08,48.9192,3082200
2004-08-13,48.4749,48.8698,47.9813,48.1392,3673600
2004-08-16,49.166,49.166,48.1787,48.2775,3324200
2004-08-17,49.008,49.3733,48.6724,49.3141,2731400
2004-08-18,48.9587,49.324,48.3861,48.8698,4230100
2004-08-19,48.8501,48.9587,47.8332,48.3762,5401800
2004-08-20,49.1462,49.2647,48.623,48.7217,2624500
2004-08-23,48.9291,49.4819,48.8698,49.2647,2337200
2004-08-24,49.6201,49.6991,48.8797,49.2647,3321700
2004-08-25,50.3211,50.4198,49.4128,49.63,5308900
2004-08-26,50.5383,50.8049,49.867,49.8768,4388200
2004-08-27,49.4819,49.9262,49.1561,49.8077,5484100
2004-08-30,48.9488,49.5412,48.8994,49.3635,2773600
2004-08-31,49.1166,49.166,48.5737,48.8698,3111700
2004-09-01,49.3536,49.4622,48.8797,48.9192,2308900
2004-09-02,49.709,49.7584,49.1068,49.2845,2694300
2004-09-03,49.4622,49.8472,49.3931,49.4622,1887700
2004-09-07,49.9262,50.0842,49.4819,49.6103,2874700
2004-09-08,49.5609,50.094,49.5609,49.9262,3363100
2004-09-09,49.4029,49.6596,49.2845,49.4622,2924800
2004-09-10,49.0969,49.324,48.8896,49.2154,2939600
2004-09-13,48.8303,49.3141,48.7217,49.0673,2959500
2004-09-14,49.0969,49.3042,48.8303,48.8303,3324900
2004-09-15,48.9883,49.245,48.8501,49.0969,3658100
2004-09-16,49.087,49.1265,48.8797,48.9291,2686400
2004-09-17,49.2154,49.4523,48.9686,49.2647,2816400
2004-09-20,48.8698,49.3042,48.623,49.0673,2590600
2004-09-21,49.6201,49.8077,48.6724,48.8205,3496800
2004-09-22,49.6103,50.094,49.3931,49.6201,4158400
2004-09-23,49.5807,49.9361,49.324,49.5609,3934400
2004-09-24,50.2224,50.6469,49.5609,49.5807,4611400
2004-09-27,49.8571,50.1829,49.6794,50.1039,3148700
2004-09-28,50.2026,50.2816,49.3635,49.7584,4100100
2004-09-29,51.1109,51.338,50.1237,51.338,7618700
2004-09-30,51.2393,51.6539,50.8542,50.8937,5886400
2004-10-01,51.9007,51.9304,51.1109,51.1899,4659100
2004-10-04,52.5128,52.9275,52.1278,52.2759,7546700
2004-10-05,51.4367,52.4339,51.2689,52.4043,6500900
2004-10-06,51.6046,51.7329,50.3606,51.4466,7966400
2004-10-07,51.0023,51.2788,50.7061,51.2393,3987700
2004-10-08,50.6469,51.2393,50.5284,50.8444,3514600
2004-10-11,50.5284,50.8937,50.41,50.6469,1638100
2004-10-12,50.4396,50.6074,50.1533,50.3507,3750200
2004-10-13,50.558,50.7752,50.1967,50.2026,2862600
2004-10-14,49.7584,50.4988,49.6794,50.3013,4432400
2004-10-15,49.9361,50.0249,49.6004,49.7386,3159900
2004-10-18,50.4988,50.6963,49.7584,49.9361,2841100
2004-10-19,49.6893,50.7061,49.6695,50.4988,3012900
2004-10-20,50.0447,50.1039,49.3931,49.4622,3135900
2004-10-21,49.3635,50.0842,49.0772,49.8373,3726100
2004-10-22,49.3141,49.8472,49.2647,49.4622,2509500
2004-10-25,48.9389,49.1166,48.6822,49.0179,2954700
2004-10-26,50.0249,50.0249,48.8501,48.9686,4279300
2004-10-27,51.4861,51.6934,49.8176,49.8571,5745000
2004-10-28,50.9826,51.4367,50.8542,51.0912,2346400
2004-10-29,50.4593,50.8444,50.2619,50.7456,3024500
2004-11-01,50.0447,50.5679,49.867,50.2717,3293200
2004-11-02,50.0447,51.0418,49.9558,50.4988,2626700
2004-11-03,50.9826,51.3577,50.5186,50.8937,2526900
2004-11-04,51.7428,51.8415,50.9628,50.9826,2921500
2004-11-05,51.8711,52.0192,51.496,51.723,2362800
2004-11-08,52.0192,52.1772,51.6046,51.881,2012000
2004-11-09,51.496,52.0192,51.2985,51.3874,3006000
2004-11-10,51.1406,51.7033,51.0418,51.3084,3245700
2004-11-11,51.6638,51.8415,51.1899,51.338,2100200
2004-11-12,52.6017,52.6017,51.4762,51.7329,4186200
2004-11-15,52.4437,53.0164,52.424,52.6412,3080900
2004-11-16,51.9304,52.4635,51.9007,52.2068,2624000
2004-11-17,51.6539,52.3648,51.4466,51.6342,3120100
2004-11-18,48.0306,49.0377,47.4876,48.7908,25548400
2004-11-19,47.5864,48.1689,47.5074,48.1294,8889500
2004-11-22,46.4115,47.6357,46.2832,47.5962,8217900
2004-11-23,47.3692,47.6061,46.4115,46.4115,8077300
2004-11-24,47.6357,47.7838,47.4087,47.4383,3677400
2004-11-26,47.7345,47.9714,47.5666,47.5864,1764100
2004-11-29,47.7542,48.001,47.4561,47.6555,4274400
2004-11-30,47.4383,47.9319,47.4087,47.6357,3317000
2004-12-01,48.4749,48.4749,47.4482,47.4876,5795600
2004-12-02,48.4947,49.166,48.1294,48.1491,4586200
2004-12-03,48.1294,48.6625,47.9319,48.2478,4466300
2004-12-06,48.6822,48.7316,48.2084,48.2084,3380900
2004-12-07,48.3663,48.9686,48.001,48.7217,4569300
2004-12-08,48.8698,49.087,48.3861,48.4255,2930800
2004-12-09,48.8698,48.8698,48.3367,48.5243,2537400
2004-12-10,48.2281,50.9431,48.2281,50.2421,3178300
2004-12-13,48.4255,48.465,47.0829,47.1421,3470100
2004-12-14,48.08,48.6526,47.6259,48.4255,4857400
2004-12-15,47.6357,48.3564,47.3001,48.1787,5673800
2004-12-16,47.6752,48.2873,47.5469,47.6456,3844100
2004-12-17,48.0306,48.4255,47.3988,47.3988,6460000
2004-12-20,47.537,48.2775,47.537,48.2281,3157000
2004-12-21,47.4778,47.7838,47.3099,47.6357,4885600
2004-12-22,47.5962,47.6654,47.2606,47.3198,4027000
2004-12-23,47.5271,47.8628,47.4185,47.6752,2594500
2004-12-27,48.3268,48.5341,47.9714,48.3762,3707400
2004-12-28,48.5835,48.7514,48.0998,48.5045,2936700
2004-12-29,48.5934,48.86,48.4453,48.5539,2014600
2004-12-30,49.2647,49.3338,49.008,49.1068,3183900
2004-12-31,49.0377,49.3338,48.6724,49.3338,2550800
2005-01-03,48.8007,49.0574,48.6427,48.9686,3253500
2005-01-04,48.5737,48.8698,48.4157,48.8698,4320500
2005-01-05,48.2118,48.7557,48.2019,48.459,3600000
2005-01-06,49.2008,49.3986,48.1624,48.1624,5396800
2005-01-07,49.6458,50.1799,48.9535,48.9733,5868800
2005-01-10,50.793,50.9315,49.6161,49.6953,6201300
2005-01-11,50.3875,50.6249,49.992,50.4469,4343300
2005-01-12,50.4172,50.4963,49.9821,50.3875,4320800
2005-01-13,49.8535,50.615,49.7051,50.2293,3908700
2005-01-14,50.3776,50.4469,49.8535,49.8535,2740900
2005-01-18,50.526,50.6842,49.992,50.0414,2802500
2005-01-19,50.5062,50.8227,49.992,50.526,4491600
2005-01-20,51.5842,51.7919,50.5161,50.5359,7268100
2005-01-21,51.416,51.9896,51.416,51.5248,6003600
2005-01-24,50.7831,51.2578,50.7831,51.149,4552100
2005-01-25,51.2281,51.515,51.0106,51.0304,4592100
2005-01-26,50.3875,51.505,50.3084,51.238,5493300
2005-01-27,50.793,50.9315,50.2392,50.2392,3972000
2005-01-28,51.8512,51.8908,49.4085,49.4085,5911200
2005-01-31,51.9105,51.9402,51.505,51.9204,3320900
2005-02-01,52.316,52.316,51.7622,51.9105,4080000
2005-02-02,51.9798,52.3457,51.8611,52.316,4474900
2005-02-03,51.8116,52.138,51.5842,51.9204,3051700
2005-02-04,52.7511,52.8105,51.6831,51.693,4063600
2005-02-07,53.5028,54.017,53.0379,53.1863,5383500
2005-02-08,53.1072,53.4039,52.7017,53.2258,2921400
2005-02-09,52.3655,53.0577,52.3457,52.9588,3087700
2005-02-10,52.4248,52.6622,52.0292,52.316,3037100
2005-02-11,52.8303,53.0577,52.1677,52.4248,3674000
2005-02-14,51.8413,52.6522,51.7226,52.6424,4304200
2005-02-15,51.5743,51.8314,51.2875,51.693,3955000
2005-02-16,51.2281,51.5644,50.8721,51.5248,4599300
2005-02-17,52.672,52.9292,52.4248,52.6028,8830100
2005-02-18,52.4149,52.8896,52.2468,52.672,5193600
2005-02-22,51.4457,52.0292,51.4259,51.8413,4998500
2005-02-23,52.0984,52.2764,51.4457,51.4556,3109600
2005-02-24,52.316,52.3951,51.4754,51.9204,3385600
2005-02-25,52.316,52.6325,52.1281,52.3259,2498000
2005-02-28,51.5446,52.0193,51.3666,51.5248,3571600
2005-03-01,51.8018,51.8809,51.0304,51.4259,3944400
2005-03-02,52.7116,52.8501,51.6732,51.8018,4437400
2005-03-03,52.8896,53.4533,52.5435,52.9094,4478700
2005-03-04,52.8797,53.3544,52.7314,52.9588,3086800
2005-03-07,53.4039,54.828,53.3247,54.1456,7347800
2005-03-08,53.9972,54.3335,53.4138,53.4533,3799000
2005-03-09,53.9379,54.1851,53.5423,53.9181,3686800
2005-03-10,54.3137,54.4818,53.9478,54.1555,3517800
2005-03-11,53.3742,54.373,53.3643,54.3632,3196900
2005-03-14,53.7896,53.8687,53.3544,53.483,2515700
2005-03-15,53.305,53.839,53.2555,53.7006,3074800
2005-03-16,52.4841,53.2753,52.3259,53.0083,4142900
2005-03-17,52.7808,53.0478,52.0688,52.316,3589900
2005-03-18,52.7709,52.8501,52.0193,52.761,5620200
2005-03-21,52.4742,52.7709,52.0589,52.7709,2443500
2005-03-22,51.2677,52.5435,51.2677,52.4742,5314600
2005-03-23,51.2084,51.4754,51.0304,51.1787,4198500
2005-03-24,50.437,51.3765,50.3381,51.3765,5005000
2005-03-28,50.5557,50.7534,50.3974,50.5853,4320300
2005-03-29,51.0205,51.416,50.5359,50.5853,3285100
2005-03-30,51.0542,51.292,50.4302,50.4698,2810200
2005-03-31,50.4698,51.0542,50.3212,51.0443,3626900
2005-04-01,50.034,50.8759,49.9448,50.5193,3637100
2005-04-04,50.5292,50.7075,49.8358,49.8557,2544200
2005-04-05,50.866,51.074,50.4203,50.5193,2658500
2005-04-06,51.2425,51.5,50.9255,51.0146,2769400
2005-04-07,51.8566,51.9458,51.3118,51.4901,3017700
2005-04-08,51.9061,51.9656,51.4802,51.8071,2972800
2005-04-11,51.5,52.0052,51.4604,51.8566,2043800
2005-04-12,51.5793,51.6585,51.0146,51.4604,2526100
2005-04-13,50.9156,51.5099,50.8066,51.3613,2667200
2005-04-14,50.9453,51.2425,50.6877,51.2127,2678200
2005-04-15,51.708,52.0646,50.8264,51.0443,4640600
2005-04-18,51.2821,51.8269,51.0146,51.6585,2858500
2005-04-19,50.341,51.292,50.2024,51.1236,3986700
2005-04-20,49.8259,51.2821,49.6575,50.341,5109400
2005-04-21,50.6679,50.7868,49.8457,50.2221,4802400
2005-04-22,50.0637,50.9057,49.717,50.5193,3351100
2005-04-25,50.2221,50.4104,49.9032,50.2717,2464700
2005-04-26,51.084,51.2523,50.2618,50.2618,3703900
2005-04-27,51.6189,51.6585,50.8165,50.9156,3438200
2005-04-28,51.4109,51.9755,51.2523,51.6387,2926300
2005-04-29,52.2033,52.2627,51.2326,51.4207,3536800
2005-05-02,51.4505,52.3123,51.4406,52.1538,3128300
2005-05-03,51.5495,51.7674,51.3217,51.4505,3121300
2005-05-04,52.1538,52.4906,51.4703,51.708,3033800
2005-05-05,52.0844,52.342,51.708,52.3024,2388100
2005-05-06,51.6387,52.0844,51.5495,52.0547,2619300
2005-05-09,51.5991,51.7278,51.2722,51.5793,2302900
2005-05-10,51.2326,51.4505,51.0344,51.4009,2194600
2005-05-11,52.1043,52.2528,51.1236,51.3712,2416800
2005-05-12,51.6585,52.5005,51.5793,52.1043,2234300
2005-05-13,51.074,51.6387,50.6382,51.4703,2874300
2005-05-16,51.6981,51.916,51.1632,51.1731,2520200
2005-05-17,51.7278,51.7278,50.7868,51.3613,3909100
2005-05-18,52.1439,52.3024,51.6288,51.8566,3320500
2005-05-19,52.7283,52.7481,51.9854,52.3024,3058100
2005-05-20,52.3519,52.9463,52.0547,52.8967,2728600
2005-05-23,52.4212,52.9264,52.4113,52.7382,3549400
2005-05-24,52.2826,52.9165,52.2528,52.7481,3619500
2005-05-25,52.5005,52.5896,51.5198,51.9061,4907300
2005-05-26,52.9264,53.1047,52.5797,52.5995,3501400
2005-05-27,53.1444,53.1444,52.8076,52.8472,2143500
2005-05-31,53.2434,53.8972,53.0948,53.1444,4900500
2005-06-01,53.2434,53.7981,52.5797,52.5896,3923700
2005-06-02,53.4118,53.4712,52.6689,52.9859,2856800
2005-06-03,52.7976,53.2236,52.7382,53.0651,2891200
2005-06-06,52.5203,52.7085,52.342,52.6292,3245900
2005-06-07,52.2826,53.075,52.2627,52.5203,2878100
2005-06-08,52.1043,52.55,51.8665,52.55,3028500
2005-06-09,52.0151,52.2429,51.6288,51.9061,4153900
2005-06-10,52.1835,52.2627,51.5099,51.5099,1948200
2005-06-13,52.0052,52.451,51.6783,51.9061,3033700
2005-06-14,52.025,52.2429,51.5594,51.7774,4122600
2005-06-15,52.0151,52.2033,51.6684,52.025,2498400
2005-06-16,52.3816,52.5005,51.916,52.0547,2362100
2005-06-17,52.7283,53.0453,52.4609,53.0453,4053300
2005-06-20,52.342,52.7481,52.342,52.55,3711500
2005-06-21,51.9061,52.3519,51.6783,52.0844,3410900
2005-06-22,51.4505,52.3024,51.3217,51.916,5049600
2005-06-23,51.1533,51.5694,51.1434,51.4604,3048100
2005-06-24,52.2231,52.6887,51.4207,51.4207,6532900
2005-06-27,52.5005,52.976,52.0547,52.1043,4384800
2005-06-28,52.5005,52.9165,52.4708,52.7976,4537200
2005-06-29,51.8018,52.5957,51.7125,52.5957,3402700
2005-06-30,51.3949,51.8018,51.256,51.8018,4396200
2005-07-01,51.4743,51.8216,51.3751,51.5874,3019600
2005-07-05,52.04,52.1194,51.2858,51.3354,2561900
2005-07-06,51.5537,52.1491,51.5438,52.04,2812900
2005-07-07,51.3751,51.7522,51.1171,51.5338,3142500
2005-07-08,51.9109,52.03,51.2758,51.5041,2766400
2005-07-11,52.1293,52.2087,51.7522,51.8911,1728900
2005-07-12,51.6728,52.0896,51.5835,52.03,2349700
2005-07-13,51.6033,51.8117,51.2461,51.7125,2892100
2005-07-14,51.7522,52.0102,51.4743,51.5041,2815500
2005-07-15,52.0102,52.1987,51.6728,51.7621,2554400
2005-07-18,51.4842,52.0896,51.4147,52.0102,2659500
2005-07-19,51.5835,51.8018,51.4147,51.8018,3462300
2005-07-20,52.5163,52.5461,51.5239,51.5835,5452500
2005-07-21,52.8934,53.3896,52.4071,52.5461,4808700
2005-07-22,52.7148,52.9926,52.4766,52.8934,2850500
2005-07-25,52.556,53.0919,52.4567,52.5957,3486100
2005-07-26,52.5858,52.8339,52.4964,52.556,2959900
2005-07-27,52.4865,52.7644,52.4567,52.5758,2469900
2005-07-28,53.0819,53.2209,52.4964,52.6751,2760500
2005-07-29,53.5285,53.5881,53.0819,53.1613,4246200
2005-08-01,53.6178,54.8087,53.6178,54.6301,4721800
2005-08-02,53.598,54.0445,53.469,53.6873,2891200
2005-08-03,53.6873,53.8163,53.3598,53.3896,2212100
2005-08-04,53.2407,53.5781,53.1018,53.4194,2350100
2005-08-05,53.3003,53.7865,53.1117,53.1613,2794400
2005-08-08,53.5881,53.7071,53.3201,53.3201,2157700
2005-08-09,53.5682,53.9354,53.459,53.598,2378200
2005-08-10,53.6377,54.0843,53.5583,53.6079,2594300
2005-08-11,54.2132,54.382,53.6873,53.6873,3404400
2005-08-12,54.4812,54.7888,53.9949,53.9949,3315300
2005-08-15,54.4812,54.7293,54.3621,54.5507,2167200
2005-08-16,54.2331,54.8682,54.1339,54.6301,3621300
2005-08-17,54.1537,54.6797,53.8362,54.1339,4412500
2005-08-18,55.414,55.8804,54.1041,54.1537,8183500
2005-08-19,55.1262,55.7117,55.0865,55.5728,4145400
2005-08-22,55.156,55.6522,54.9575,55.2751,2853900
2005-08-23,55.8209,55.8407,54.89,55.3049,4485900
2005-08-24,56.2675,56.4362,55.6919,55.7217,5435000
2005-08-25,56.3965,56.5155,56.0293,56.1186,3219400
2005-08-26,56.2476,56.5552,56.1682,56.3866,3171300
2005-08-29,55.9995,56.2972,55.8507,55.8705,2939400
2005-08-30,55.5232,55.8209,55.0766,55.672,3777600
2005-08-31,56.5652,56.5652,55.2751,55.4537,4031100
2005-09-01,56.5552,57.0217,56.2675,56.4362,3071400
2005-09-02,56.2575,56.6346,55.811,56.5056,2815500
2005-09-06,57.4087,57.5079,56.4163,56.4163,4407000
2005-09-07,57.0713,57.3491,56.5949,57.2598,3340400
2005-09-08,56.7835,57.3392,56.6446,57.3094,2205100
2005-09-09,56.5652,56.9324,56.3766,56.7835,2450700
2005-09-12,56.4759,56.853,56.2873,56.5552,1920000
2005-09-13,56.198,56.8033,55.8904,56.4759,3793400
2005-09-14,56.2178,56.5155,56.1087,56.3965,2960100
2005-09-15,55.93,56.5255,55.7217,56.3866,3013500
2005-09-16,56.5652,56.5652,55.9102,56.0392,5898400
2005-09-19,56.3072,56.3667,55.7713,56.1682,2706200
2005-09-20,55.6323,56.8133,55.5728,56.3072,3732100
2005-09-21,55.7316,56.0094,54.8285,55.2751,4233300
2005-09-22,55.5927,55.6621,55.0667,55.6323,3602500
2005-09-23,55.3843,55.6224,55.1659,55.4239,3183500
2005-09-26,54.6797,55.6522,54.4812,55.5232,4141500
2005-09-27,54.4911,54.8682,54.0743,54.5308,4546300
2005-09-28,53.9751,54.3125,53.4293,54.3026,4729100
2005-09-29,53.4987,53.6079,53.1514,53.5384,4900800
2005-09-30,53.2109,53.4987,52.7942,53.2407,3793700
2005-10-03,52.8239,53.4789,52.4468,53.4491,4753800
2005-10-04,53.3995,54.382,52.9331,52.943,5585900
2005-10-05,52.7292,53.4649,52.7292,53.2661,3855700
2005-10-06,52.9778,53.455,52.6398,53.1766,4737100
2005-10-07,53.2064,53.6538,53.0374,53.1866,3196400
2005-10-10,53.1567,53.4848,52.8386,53.1269,2215600
2005-10-11,52.5602,54.0813,52.2023,53.0573,4467400
2005-10-12,54.469,54.8567,52.9877,52.9877,10025000
2005-10-13,55.6222,55.8409,54.3795,54.4789,6821500
2005-10-14,55.821,56.169,55.1748,55.5924,4789200
2005-10-17,55.7117,56.7158,54.7374,55.9204,7790200
2005-10-18,55.4134,55.9701,55.2146,55.6719,4255800
2005-10-19,56.4076,56.4076,55.3935,55.4234,4287300
2005-10-20,55.4333,56.3678,55.1848,56.3678,4512500
2005-10-21,55.4432,55.9304,55.1947,55.9304,3877400
2005-10-24,55.99,56.1292,55.3339,55.483,3479000
2005-10-25,56.6362,56.666,55.7813,55.9204,3396200
2005-10-26,56.4076,56.676,56.0497,56.6362,5558700
2005-10-27,56.5766,57.0538,56.1789,56.1789,5368400
2005-10-28,56.4473,56.6959,55.8608,56.6462,4338500
2005-10-31,56.3678,56.845,56.169,56.3579,4144500
2005-11-01,55.6421,56.6163,55.4731,56.1193,4910700
2005-11-02,55.3737,55.9204,55.0953,55.1748,6300800
2005-11-03,55.7713,55.821,55.145,55.2842,4694200
2005-11-04,55.8111,55.9602,55.3737,55.7713,1924900
2005-11-07,55.2444,55.8508,54.8766,55.7813,4115200
2005-11-08,55.0854,55.2842,54.986,55.1748,3262900
2005-11-09,55.4631,55.662,55.1251,55.1748,4464400
2005-11-10,55.8707,56.1491,55.4432,55.4731,3577100
2005-11-11,56.4672,56.6163,55.9602,56.0695,4234100
2005-11-14,56.3777,56.5368,56.0199,56.169,4263100
2005-11-15,56.7356,56.8052,56.169,56.3181,5129300
2005-11-16,56.6561,56.8947,55.99,56.835,3371600
2005-11-17,56.2684,56.6163,55.4234,55.821,5560300
2005-11-18,55.9204,56.497,55.4631,56.497,5617500
2005-11-21,56.0695,56.169,55.5526,55.6719,3395000
2005-11-22,56.2386,56.4573,55.6719,55.9105,3210100
2005-11-23,56.4175,56.5965,55.821,56.0994,2514200
2005-11-25,56.676,56.7356,56.1889,56.507,1052900
2005-11-28,55.9602,56.666,55.8011,56.6163,3458300
2005-11-29,55.8111,56.2187,55.4731,56.159,3872600
2005-11-30,55.2444,55.9403,55.2245,55.8111,3509800
2005-12-01,55.8409,56.0199,55.2941,55.2941,2947500
2005-12-02,55.4532,55.7713,55.3438,55.6719,2336600
2005-12-05,55.9602,56.5368,55.7713,55.7713,3998100
2005-12-06,56.159,56.4175,55.8807,56.1988,3633500
2005-12-07,55.99,56.2783,55.5725,56.2286,3103100
2005-12-08,55.6222,56.328,55.3935,56.2883,4082100
2005-12-09,55.3041,55.6719,55.145,55.6719,3467800
2005-12-12,55.4532,55.6874,55.2743,55.2941,2499000
2005-12-13,56.1391,56.2187,55.3637,55.4631,2621000
2005-12-14,56.4274,56.6561,56.0397,56.1391,3274500
2005-12-15,56.5666,56.5666,56.1293,56.2286,3853600
2005-12-16,57.4117,57.4614,56.6362,56.666,5045700
2005-12-19,57.9982,58.1573,57.2924,57.4117,4842100
2005-12-20,58.1473,58.3362,57.8192,58.1075,3497500
2005-12-21,57.7,58.5648,57.4117,58.1672,3995000
2005-12-22,57.4415,57.5707,57.0637,57.3918,2994600
2005-12-23,56.9842,57.6303,56.835,57.6105,2138100
2005-12-27,57.3321,58.0479,57.1929,57.6602,2417900
2005-12-28,57.8888,58.0976,57.5906,57.6105,2042100
2005-12-29,57.4614,58.1473,57.4216,57.9883,1836000
2005-12-30,57.2327,57.6403,57.1134,57.4514,1912100
2006-01-03,57.5111,57.7,56.7058,57.5309,4525500
2006-01-04,58.1245,58.2141,57.8059,58.2042,3403300
2006-01-05,57.4573,58.1444,57.1685,58.1444,4621500
2006-01-06,58.6722,58.7519,57.6963,57.7063,5593500
2006-01-09,58.8017,58.9212,57.4673,58.6523,4132800
2006-01-10,58.6124,58.6622,57.6565,58.3535,4504300
2006-01-11,58.2938,58.6025,57.9054,58.5527,3646400
2006-01-12,57.9353,58.7618,57.8059,58.3436,2898600
2006-01-13,58.0946,58.2042,57.6067,57.9353,2471100
2006-01-17,58.5527,58.6822,57.9469,58.0946,3904600
2006-01-18,59.1805,59.5286,58.6622,58.7021,3527700
2006-01-19,59.2896,59.6182,59.1004,59.3493,3315100
2006-01-20,58.5726,59.2896,58.3735,59.2896,3842300
2006-01-23,58.7917,58.9908,58.3934,58.6025,2633000
2006-01-24,58.9809,59.0207,58.6025,58.7021,2830900
2006-01-25,57.0291,58.6025,56.8897,58.5527,6106800
2006-01-26,56.9096,57.3677,56.7603,57.1188,4188200
2006-01-27,56.7603,57.8557,56.2624,57.8557,3826900
2006-01-30,56.5611,56.8599,56.1628,56.7603,4247300
2006-01-31,56.2325,56.6408,55.7844,56.6408,4750000
2006-02-01,55.7446,56.3719,55.4657,56.2325,4038300
2006-02-02,55.7346,56.0632,55.3164,55.7446,3188100
2006-02-03,55.1073,55.8342,54.8384,55.3164,4262300
2006-02-06,54.5197,55.0674,54.3206,54.8683,4375900
2006-02-07,54.47,54.8583,54.1115,54.2708,4198500
2006-02-08,55.2367,55.5155,54.6392,54.7687,3770400
2006-02-09,55.2068,55.8342,55.1371,55.2367,3266800
2006-02-10,55.5554,55.5554,54.9081,55.2566,3378000
2006-02-13,55.7645,55.8441,55.2865,55.4657,2928300
2006-02-14,56.6806,56.7503,56.0134,56.113,3658000
2006-02-15,56.8997,57.0391,56.0931,56.4914,2783700
2006-02-16,56.2325,56.6906,55.8143,56.6607,4034400
2006-02-17,56.0234,56.5014,55.6649,56.2325,3657900
2006-02-21,55.3363,55.7645,55.2168,55.7147,4421600
2006-02-22,54.0716,55.3164,53.9222,54.9678,8444000
2006-02-23,54.0418,54.4202,53.3746,54.1214,5231800
2006-02-24,53.8426,54.1214,53.4044,53.7729,3440200
2006-02-27,54.47,54.7189,53.8326,53.8526,4240900
2006-02-28,53.7231,54.1314,53.1555,54.1214,5673100
2006-03-01,53.5538,53.9521,53.2351,53.7231,5858600
2006-03-02,53.5737,53.6733,53.026,53.2252,4842000
2006-03-03,53.3049,53.7131,53.265,53.5538,3316800
2006-03-06,53.1655,53.514,52.9464,53.4742,3301000
2006-03-07,53.0061,53.2152,52.797,52.9464,3488900
2006-03-08,53.0758,53.1854,52.6974,52.8767,4302200
2006-03-09,53.6036,53.743,53.2451,53.275,4489100
2006-03-10,53.6932,53.992,53.3248,53.504,3992500
2006-03-13,53.0858,53.6534,52.9265,53.6335,2790700
2006-03-14,53.0758,53.3746,52.5879,52.7771,3652600
2006-03-15,52.9265,53.3746,52.5779,53.3746,3839600
2006-03-16,52.7373,52.9762,52.5779,52.8269,3743900
2006-03-17,52.4385,52.7671,52.2493,52.7572,5296400
2006-03-20,53.3049,53.4742,52.1597,52.4286,3771900
2006-03-21,52.8866,53.4244,52.787,53.3148,2779800
2006-03-22,53.6036,53.6733,52.2792,52.2792,2868000
2006-03-23,53.6335,54.2907,53.0858,54.2907,4418100
2006-03-24,53.0061,53.8724,52.9762,53.6335,4585100
2006-03-27,51.622,52.787,51.5722,52.7771,5877700
2006-03-28,51.8012,52.1099,51.2037,51.5821,6197100
2006-03-29,51.6618,52.1099,51.2834,51.7813,5897500
2006-03-30,51.3631,51.5736,51.0643,51.5323,4718600
2006-03-31,50.5365,50.895,50.3374,50.8851,7645000
2006-04-03,50.9249,51.2237,50.7058,51.0444,6844700
2006-04-04,51.2834,51.4925,50.6561,51.0842,5394600
2006-04-05,50.4616,50.7809,49.883,50.3818,17045400
2006-04-06,51.3695,51.5192,50.6312,50.6811,7404400
2006-04-07,50.8308,51.4294,50.7809,51.3296,5468400
2006-04-10,50.8108,51.0403,50.3319,50.5415,4051800
2006-04-11,50.3818,50.9704,50.2222,50.8807,5155500
2006-04-12,50.9206,51.589,50.322,50.6612,7507000
2006-04-13,49.8132,50.9206,49.5039,50.4517,133028496
2006-04-17,49.444,50.4018,49.3842,49.8132,10144800
2006-04-18,49.1846,49.8531,48.8354,49.5338,13174100
2006-04-19,48.9951,49.4341,48.8454,49.1747,9389900
2006-04-20,49.3343,49.883,49.0749,49.0749,12778500
2006-04-21,49.4041,50.1623,49.1647,49.7333,6698300
2006-04-24,49.6735,49.8032,49.0849,49.3842,7111600
2006-04-25,48.9352,49.7333,48.6559,49.6835,8567300
2006-04-26,49.6136,49.7832,49.1048,49.1846,8199000
2006-04-27,49.7733,50.6113,49.5737,50.6113,7815600
2006-04-28,50.0027,50.1324,49.7333,49.7832,5894400
2006-05-01,49.8331,50.1923,49.6835,50.0326,5245700
2006-05-02,49.4041,49.9428,49.045,49.9428,5761500
2006-05-03,48.3765,49.4141,48.167,49.4141,6796800
2006-05-04,48.4264,48.8155,48.0872,48.5362,6707700
2006-05-05,48.2468,48.7058,47.9076,48.6359,14102500
2006-05-08,47.9376,48.2768,47.8278,48.2568,8309000
2006-05-09,48.2369,48.3167,47.8877,47.9076,10416200
2006-05-10,48.2269,48.3765,47.9376,48.0573,6379600
2006-05-11,48.6359,48.6559,48.1371,48.2169,6127300
2006-05-12,48.606,48.7257,48.2369,48.6259,7066400
2006-05-15,48.9352,49.0051,48.3266,48.3865,6786000
2006-05-16,49.2645,49.4141,49.1647,49.2844,5368300
2006-05-17,49.0749,49.5438,49.0051,49.1846,7798100
2006-05-18,49.2345,49.4341,48.7856,48.8853,7559100
2006-05-19,49.1846,49.5338,48.8853,49.3842,7634900
2006-05-22,48.4563,48.9951,48.3965,48.9352,7551600
2006-05-23,47.8378,48.5362,47.6881,48.2867,9114200
2006-05-24,50.0526,50.5215,48.7257,49.3642,15716000
2006-05-25,50.4816,51.0303,50.0526,50.0626,9621700
2006-05-26,50.1424,50.751,49.893,50.4916,4807000
2006-05-30,50.1524,50.5015,49.9728,50.3319,5667700
2006-05-31,50.3718,50.3818,49.8331,50.2521,5504400
2006-06-01,50.9006,50.9305,50.3818,50.3818,5553000
2006-06-02,51.0802,51.2797,50.9505,51.0802,7188500
2006-06-05,50.5913,51.2298,50.4317,50.8807,5782500
2006-06-06,50.751,50.9505,50.4018,50.6013,4554000
2006-06-07,51.2697,51.7087,50.9305,50.9804,5360000
2006-06-08,51.1999,51.5092,50.6811,51.2797,6660400
2006-06-09,50.7709,51.3795,50.6213,50.9804,4165500
2006-06-12,50.4716,50.9505,50.4417,50.7609,3101200
2006-06-13,50.5215,51.0802,50.2721,50.3319,5984000
2006-06-14,50.4018,50.8807,50.2322,50.731,4756600
2006-06-15,50.4118,50.4616,49.8032,50.3818,7080600
2006-06-16,50.1324,50.5614,50.0326,50.2521,4936300
2006-06-19,49.6336,50.3918,49.5438,50.3818,3551800
2006-06-20,49.6336,49.7832,49.3842,49.4839,3800500
2006-06-21,49.2645,50.2322,49.0849,50.2322,4624500
2006-06-22,48.8354,49.3642,48.6958,49.035,7455400
2006-06-23,48.3666,48.8155,48.3466,48.3865,4265200
2006-06-26,48.167,48.6259,48.0473,48.4863,3500700
2006-06-27,47.1295,48.2369,47.0297,47.9874,9139500
2006-06-28,46.88,47.3889,46.6605,47.0297,6067100
2006-06-29,46.89,47.1295,46.8002,47.0397,8288000
2006-06-30,46.8102,47.0397,46.471,46.9898,10477100
2006-07-03,46.7503,47.0397,46.6406,46.89,2840400
2006-07-05,46.9399,47.0696,46.3014,46.3912,7872800
2006-07-06,47.319,47.4587,47.0097,47.1394,5684400
2006-07-07,47.4786,47.6283,47.0995,47.2991,5236200
2006-07-10,47.5884,47.8378,46.8302,47.1394,4993500
2006-07-11,47.8677,48.0174,47.4587,47.4587,4614900
2006-07-12,47.6183,47.9739,47.5285,47.6881,6196100
2006-07-13,47.3889,47.8079,47.319,47.6183,6069100
2006-07-14,46.9399,47.6183,46.6306,47.339,6367500
2006-07-17,47.3889,47.5984,46.88,46.89,3730100
2006-07-18,47.1694,47.5684,46.6107,47.3988,3436600
2006-07-19,47.7081,47.9874,47.2392,47.339,6177500
2006-07-20,47.8378,48.1171,47.4662,47.5884,2522300
2006-07-21,47.6981,48.1072,47.4287,47.8877,3457700
2006-07-24,47.5884,48.0373,47.5086,47.7879,4298500
2006-07-25,49.2046,49.5238,47.2093,47.2891,8544000
2006-07-26,49.7832,49.9828,48.9751,49.3842,6614500
2006-07-27,49.6934,49.9728,49.2645,49.9628,4430100
2006-07-28,50.3818,50.6013,49.7832,50.0027,4821500
2006-07-31,50.4018,50.5415,49.7932,50.1823,6197700
2006-08-01,50.3519,50.3519,49.8231,50.0825,4619900
2006-08-02,50.8108,52.6266,50.6811,52.6266,15083500
2006-08-03,44.2163,45.7826,44.0966,44.9047,47865600
2006-08-04,43.5179,44.745,43.3783,44.3959,13452900
2006-08-07,43.6975,43.7474,43.4481,43.498,5636300
2006-08-08,42.7797,43.9469,42.7298,43.897,8841900
2006-08-09,43.4481,43.7973,43.1288,43.3982,7693100
2006-08-10,43.2984,43.6476,43.0589,43.1488,5543400
2006-08-11,42.9592,43.2286,42.8595,42.9991,4526800
2006-08-14,42.3706,43.1488,42.2709,42.7697,8941200
2006-08-15,43.1488,43.2685,42.3407,42.4006,8785700
2006-08-16,43.1987,43.4481,43.059,43.2984,6821400
2006-08-17,44.3959,45.3436,42.9991,43.0091,15595900
2006-08-18,45.4235,45.6429,44.3959,44.4757,8561800
2006-08-21,45.4634,45.7228,44.7949,44.8947,6389700
2006-08-22,45.2538,45.4933,44.8648,45.1441,6069500
2006-08-23,45.204,46.1418,44.5056,45.8425,12359900
2006-08-24,46.0919,46.3812,44.3061,44.3061,5644500
2006-08-25,46.032,46.3812,45.5631,46.2116,2944500
2006-08-28,45.8325,46.3513,45.7826,45.9921,4879400
2006-08-29,45.8724,46.2814,45.5931,46.2814,4624800
2006-08-30,46.4411,46.6406,45.9622,46.1118,5876300
2006-08-31,46.7902,46.91,46.4411,46.89,4460000
2006-09-01,46.8002,46.9898,46.5309,46.9898,3578600
2006-09-05,46.4211,47.0896,46.3114,46.9898,3400900
2006-09-06,46.6905,46.8202,46.2715,46.4411,4098500
2006-09-07,46.6306,46.7902,46.3912,46.6905,4046600
2006-09-08,46.5508,46.8501,44.8947,44.8947,3412300
2006-09-11,46.7404,48.3765,44.755,48.3765,3376600
2006-09-12,47.0696,47.0696,46.0819,46.7404,5232000
2006-09-13,46.2515,47.0397,46.1917,47.0297,5748100
2006-09-14,46.3014,46.5109,46.2435,46.2515,6537300
2006-09-15,46.0919,46.471,45.9023,46.3613,10339600
2006-09-18,46.4111,46.4211,45.3935,45.3935,4588700
2006-09-19,46.3812,46.7902,46.2615,46.4111,4265600
2006-09-20,47.4188,47.7281,46.491,46.6406,6908800
2006-09-21,47.1195,47.6383,46.91,47.5385,6477100
2006-09-22,46.491,46.8002,46.062,46.7902,7029400
2006-09-25,46.3613,46.9399,45.9522,46.89,6433200
2006-09-26,46.1717,46.4411,45.8225,46.0919,5625600
2006-09-27,45.8624,46.1617,45.7726,45.9223,5733700
2006-09-28,46.2415,46.2515,45.194,45.7726,7383600
2006-09-29,46.3313,46.5708,45.9223,45.9921,6392900
2006-10-02,46.5907,47.0696,46.3912,46.3912,6767500
2006-10-03,47.1394,47.4886,46.7104,46.8102,7605500
2006-10-04,48.8055,48.8853,47.0896,47.2392,10556700
2006-10-05,49.0649,49.5139,48.0573,48.3865,8516000
2006-10-06,49.1747,49.3642,48.9053,49.0649,4515600
2006-10-09,49.1747,49.2844,48.9352,49.0849,2595600
2006-10-10,49.3243,49.3542,48.8853,49.1946,4273800
2006-10-11,48.9751,49.3742,48.8853,49.3243,5420300
2006-10-12,48.9053,48.9851,48.3865,48.9751,5419400
2006-10-13,48.5062,48.9851,48.4364,48.8853,4058400
2006-10-16,48.5162,49.035,48.3965,48.6758,3043900
2006-10-17,48.5362,48.6659,48.3466,48.5162,3992800
2006-10-18,47.9874,48.7457,47.7979,48.5362,6807800
2006-10-19,47.9675,48.0074,47.4786,47.6881,5290600
2006-10-20,48.3266,48.7157,47.8408,48.187,5304000
2006-10-23,48.4065,48.5661,47.9874,48.1072,4144300
2006-10-24,48.9053,49.2645,48.616,48.8354,8530900
2006-10-25,48.8754,49.1348,48.5262,49.1048,4555700
2006-10-26,48.6459,48.8654,48.4863,48.8055,3552700
2006-10-27,48.596,48.7856,48.4563,48.5362,3126100
2006-10-30,48.586,49.045,48.5062,48.6758,2767200
2006-10-31,48.5661,48.6958,48.3067,48.5162,3832000
2006-11-01,48.5461,48.7956,48.3865,48.606,4596900
2006-11-02,48.8055,48.8155,48.3266,48.3266,3807500
2006-11-03,48.8953,49.0849,48.7457,48.8853,4558400
2006-11-06,49.4739,49.5039,48.8853,48.9252,4485400
2006-11-07,49.3941,49.9628,49.3842,49.7234,3708100
2006-11-08,49.3343,49.4241,48.9352,49.2545,3976900
2006-11-09,48.9053,49.7333,48.7656,49.2445,5705600
2006-11-10,48.8454,49.1348,48.7257,48.8554,2884000
2006-11-13,48.7856,49.2345,48.7457,48.8953,2341700
2006-11-14,48.8454,49.1148,48.1471,48.3965,5114300
2006-11-15,48.2169,49.1148,48.0872,48.8554,6486200
2006-11-16,48.6958,48.9751,48.0972,48.0972,7137200
2006-11-17,48.596,48.7157,47.9376,48.7157,8795800
2006-11-20,48.8354,49.1148,48.5162,48.7357,6890600
2006-11-21,53.4247,53.734,52.1676,52.3772,27688500
2006-11-22,53.7439,54.0532,52.8261,52.876,7483300
2006-11-24,53.3249,53.4446,53.1354,53.3449,1449300
2006-11-27,52.6964,52.9558,52.0679,52.9059,7091200
2006-11-28,52.5268,52.866,52.3372,52.3871,5789500
2006-11-29,52.6066,52.8361,52.1577,52.437,3847800
2006-11-30,52.008,52.6964,51.9482,52.5567,5016000
2006-12-01,52.0379,52.457,51.2797,51.599,5872200
2006-12-04,53.2252,53.3848,51.9881,52.2075,6013000
2006-12-05,52.9757,53.4247,52.6864,52.876,5450400
2006-12-06,53.4546,53.5943,52.876,52.9757,3763900
2006-12-07,53.4047,53.7439,53.1154,53.4546,6719400
2006-12-08,53.305,53.5743,52.9358,53.1254,3005100
2006-12-11,53.7938,54.0931,53.3249,53.3648,4431300
2006-12-12,54.0333,54.2627,53.1852,53.6242,4153300
2006-12-13,53.9834,54.3525,53.7739,54.153,4108800
2006-12-14,53.8138,54.2727,53.714,53.9734,4000600
2006-12-15,54.1729,54.3625,53.3249,53.3249,4243600
2006-12-18,54.0033,54.2228,53.6242,53.8736,3117700
2006-12-19,54.2528,54.5321,53.8337,54.0133,3414600
2006-12-20,54.1829,54.4024,53.5644,54.3026,3112000
2006-12-21,53.5743,54.4024,53.5244,54.133,2559500
2006-12-22,53.0955,53.6641,53.0955,53.6043,2115700
2006-12-26,53.3149,53.3848,52.9259,53.0456,1510000
2006-12-27,53.1952,54.2827,53.1254,53.6841,2934800
2006-12-28,53.0456,53.3349,52.6964,53.1952,2449100
2006-12-29,53.3848,53.6242,52.9259,53.1254,3163500
2007-01-03,52.447,53.4446,52.2774,52.9558,5865100
2007-01-04,53.0755,53.1952,52.0878,52.447,6067500
2007-01-05,53.2351,53.4746,52.6365,52.7862,4437500
2007-01-08,53.5743,54.0632,53.2351,53.2351,5466200
2007-01-09,53.724,54.2727,53.6641,53.8337,7599400
2007-01-10,54.0831,54.3725,53.2551,53.724,4264400
2007-01-11,53.8237,54.2228,53.3848,54.0931,7007500
2007-01-12,53.5943,54.143,53.5145,53.9934,2856000
2007-01-16,54.3824,54.4124,53.285,53.295,4237200
2007-01-17,54.1729,54.4722,53.8337,54.3824,6429200
2007-01-18,54.0133,54.7316,53.8736,54.3725,5383000
2007-01-19,53.6442,54.0133,53.0256,54.0133,7425200
2007-01-22,53.0555,53.7739,52.9358,53.5244,4893600
2007-01-23,52.7064,53.2451,52.5867,52.9358,5485500
2007-01-24,53.285,53.3349,52.7263,52.876,3594500
2007-01-25,53.2651,53.6941,52.8061,53.2451,3704700
2007-01-26,53.0157,53.4347,52.8461,53.3748,4445800
2007-01-29,52.5867,53.8537,52.3971,53.8537,4421900
2007-01-30,52.9957,53.0855,52.5867,52.7263,3433200
2007-01-31,53.3249,53.4746,52.5467,52.7762,4247300
2007-02-01,53.2152,53.4546,52.876,53.3249,5218900
2007-02-02,53.5743,53.6741,53.0955,53.2052,7275300
2007-02-05,53.1852,53.6342,53.1653,53.5743,4502000
2007-02-06,53.1154,53.5444,52.856,53.1952,3513000
2007-02-07,53.1154,53.1952,52.7463,53.0157,4028900
2007-02-08,53.7739,53.8936,53.1753,53.275,4388500
2007-02-09,53.6541,53.9734,53.4446,53.714,3934900
2007-02-12,53.4646,53.8736,53.4546,53.6641,2601847
2007-02-13,54.2926,54.3226,53.4047,53.4646,4498595
2007-02-14,54.4523,54.5421,54.0632,54.2926,4041656
2007-02-15,53.9335,54.4922,53.8337,54.3625,4540800
2007-02-16,54.0033,54.562,53.6043,53.714,5728600
2007-02-20,54.4124,54.5022,53.3748,53.3948,6284500
2007-02-21,51.8983,52.447,51.3595,52.3273,23595000
2007-02-22,51.1301,51.8484,50.8707,51.7785,11122900
2007-02-23,51.2298,51.3795,50.721,50.9505,5990500
2007-02-26,50.8008,51.3795,50.6312,51.3795,4696993
2007-02-27,49.8231,50.8707,49.5737,50.292,11204500
2007-02-28,50.2421,50.9605,49.8231,50.751,14156100
2007-03-01,50.0326,50.8507,49.7832,50.2621,12113451
2007-03-02,49.035,49.9628,48.8654,49.9329,11056600
2007-03-05,48.9851,49.4839,48.3865,48.4963,10999700
2007-03-06,49.3842,49.6535,49.1846,49.3842,7524600
2007-03-07,49.464,49.883,49.2744,49.3941,5912700
2007-03-08,49.8032,50.2621,49.6735,49.7134,5872700
2007-03-09,49.8032,49.9528,49.5538,49.7633,4465600
2007-03-12,49.5238,50.312,49.464,50.292,4712400
2007-03-13,49.1348,50.0127,48.9951,49.015,6843800
2007-03-14,49.5139,49.6535,48.9651,49.1747,4277500
2007-03-15,49.2146,49.3941,48.9153,49.3642,4289800
2007-03-16,48.7556,49.3842,48.4563,49.3842,7715600
2007-03-19,49.0649,49.0849,48.596,48.7756,4335700
2007-03-20,49.2445,49.3742,48.586,49.035,4276700
2007-03-21,49.6436,49.6934,49.015,49.5837,5468396
2007-03-22,49.6735,49.8531,49.0849,49.6535,6953500
2007-03-23,49.8032,49.9229,49.4241,49.7034,7086352
2007-03-26,49.7134,49.7733,48.8654,49.5737,7710600
2007-03-27,48.5661,49.6735,48.5162,49.444,9938200
2007-03-28,48.5561,48.8155,48.0074,48.0074,7313065
2007-03-29,48.8554,49.0549,48.4364,48.5661,6564840
2007-03-30,48.9452,49.2744,48.4364,48.8454,4472625
2007-04-02,48.7457,48.9851,48.0473,48.0473,4349300
2007-04-03,49.2844,49.2844,48.4264,48.4464,7669800
2007-04-04,49.1348,49.464,49.015,49.2844,4358400
2007-04-05,49.015,49.2245,48.8853,48.9153,3121900
2007-04-09,48.8354,49.015,48.5062,48.7656,4096774
2007-04-10,49.3542,49.6036,48.586,48.8454,5114100
2007-04-11,49.893,49.9828,49.2345,49.4041,7899100
2007-04-12,50.8408,51.3097,49.9428,50.1424,10643485
2007-04-13,50.6712,51.0103,50.3818,50.8408,5930704
2007-04-16,51.2797,51.6189,50.5514,50.7011,7668657
2007-04-17,51.9282,52.0479,51.569,51.9082,5663535
2007-04-18,51.7985,51.9382,51.2697,51.8584,4518892
2007-04-19,51.6189,52.1277,51.4892,51.7985,4977520
2007-04-20,52.2175,52.5767,51.6488,52.1477,6887956
2007-04-23,52.437,52.7862,52.0679,52.0878,4877444
2007-04-24,53.1753,53.3549,52.5268,52.6864,8075059
2007-04-25,53.4546,53.8237,52.9159,52.9757,9582959
2007-04-26,53.9435,54.1929,53.4446,53.4546,9278000
2007-04-27,53.4746,53.8637,53.2451,53.6242,5012700
2007-04-30,52.8061,53.5743,52.7762,53.3748,6096899
2007-05-01,53.6741,54.0432,52.9558,52.9857,7744055
2007-05-02,53.9235,54.0632,53.3648,53.6342,6719484
2007-05-03,53.8936,54.0732,53.3449,53.8637,3321430
2007-05-04,53.5644,53.8736,53.2551,53.7938,3475014
2007-05-07,53.5344,53.9036,53.4247,53.8138,3470981
2007-05-08,53.305,53.5344,53.0655,53.5344,3234100
2007-05-09,53.4746,53.8637,53.1553,53.305,3482776
2007-05-10,52.6066,53.3549,52.5368,53.0755,4624660
2007-05-11,53.295,53.4446,52.5867,52.6066,5654903
2007-05-14,53.3748,53.6541,53.1753,53.295,4786090
2007-05-15,52.7862,53.5843,52.7762,53.4746,8172300
2007-05-16,52.1477,52.876,51.8284,52.7263,8808660
2007-05-17,51.3396,51.9282,51.0802,51.7785,9894550
2007-05-18,51.1301,51.4094,51.0902,51.3795,6686800
2007-05-21,50.4517,50.8707,49.883,50.6811,14738339
2007-05-22,50.6811,50.9305,49.893,50.5215,8704100
2007-05-23,52.856,54.0532,52.7762,53.3748,21754964
2007-05-24,52.9458,53.305,52.3772,52.3971,7204782
2007-05-25,52.9857,53.275,52.5767,52.7762,4241256
2007-05-29,52.876,53.0655,52.3871,52.6166,4648300
2007-05-30,52.876,53.0555,52.3273,52.7363,4382906
2007-05-31,53.0456,53.1623,52.8261,52.866,4877812
2007-06-01,53.2451,53.4945,52.9458,53.0855,4509750
2007-06-04,53.0955,53.275,52.5567,52.876,3633934
2007-06-05,52.4669,53.0955,52.3971,52.5168,5933760
2007-06-06,52.427,52.5567,52.2973,52.3772,4355903
2007-06-07,51.5391,52.3871,51.4793,52.1377,6513743
2007-06-08,52.028,52.2275,51.0602,51.4493,5984754
2007-06-11,51.569,51.9482,51.5491,51.9482,5160684
2007-06-12,51.589,52.0579,51.3795,51.3795,5784800
2007-06-13,51.8085,52.0978,51.3994,51.9482,4652400
2007-06-14,51.8484,52.0779,51.2897,51.2897,4936900
2007-06-15,52.2874,52.6764,51.579,51.579,6220586
2007-06-18,52.2475,52.5667,52.1776,52.5068,3616300
2007-06-19,52.5068,52.8461,52.028,52.0579,6138200
2007-06-20,51.4294,52.6066,51.3296,52.3273,8029197
2007-06-21,51.6688,51.8783,51.2697,51.6189,8146751
2007-06-22,51.4892,51.9082,51.16,51.2797,12731906
2007-06-25,51.0004,51.8783,50.9904,51.4194,6890514
2007-06-26,51.5491,52.028,51.0203,51.0602,6749314
2007-06-27,51.5591,51.6289,50.8008,51.569,7961900
2007-06-28,51.6788,52.0679,51.18,52.0679,4774266
2007-06-29,51.7386,51.8284,51.2398,51.7087,4807206
2007-07-02,53.2451,53.6541,51.14,51.18,11371806
2007-07-03,52.83,53.57,52.69,53.37,3920700
2007-07-05,52.91,53.05,52.64,52.83,4193726
2007-07-06,53.37,53.53,52.76,53.09,4338508
2007-07-09,53.16,54.25,52.84,54.24,3471697
2007-07-10,52.62,53.27,52.46,53.0,6653580
2007-07-11,52.87,53.01,52.36,52.36,5049200
2007-07-12,53.2,53.22,52.53,52.88,4463336
2007-07-13,52.74,52.98,52.39,52.84,3476480
2007-07-16,52.46,52.74,52.42,52.42,4945899
2007-07-17,52.14,52.57,51.92,52.0,5811020
2007-07-18,51.93,53.24,51.75,53.24,10245531
2007-07-19,52.08,52.89,51.87,51.99,5185100
2007-07-20,51.91,52.19,51.85,52.0,8722600
2007-07-23,52.18,52.7,51.95,52.04,5811100
2007-07-24,51.71,53.09,51.51,51.52,7718895
2007-07-25,51.62,52.17,50.84,51.5,9140598
2007-07-26,50.92,51.81,50.65,51.57,12084412
2007-07-27,50.81,52.14,50.05,50.31,14182792
2007-07-30,51.13,51.89,50.5,50.98,5406755
2007-07-31,50.67,52.76,50.66,52.76,8496134
2007-08-01,52.42,52.64,50.43,50.74,8779790
2007-08-02,52.92,52.98,50.7,52.1,7213486
2007-08-03,51.66,53.0,51.55,52.99,8125373
2007-08-06,53.31,53.34,51.62,51.88,8006006
2007-08-07,53.72,54.0,52.63,53.46,7008212
2007-08-08,53.96,54.18,53.29,53.72,7235078
2007-08-09,53.44,54.05,53.1,53.14,7397078
2007-08-10,53.06,53.65,52.11,53.65,6672702
2007-08-13,52.76,53.4,52.43,53.0,5143500
2007-08-14,52.79,53.4,52.6,52.88,4357868
2007-08-15,52.65,53.43,52.5,52.66,6553900
2007-08-16,52.41,53.48,51.83,52.45,10706300
2007-08-17,53.05,53.22,52.0,52.0,7693300
2007-08-20,53.02,53.15,52.45,52.45,6138600
2007-08-21,52.9086,53.5,52.8,53.29,5676900
2007-08-22,52.64,53.23,52.01,52.1,11097700
2007-08-23,53.59,53.69,52.25,52.52,7052600
2007-08-24,53.94,54.02,53.0,53.0,4944400
2007-08-27,53.69,54.7,53.03,53.03,4566507
2007-08-28,52.97,53.57,52.94,53.57,4888900
2007-08-29,53.14,53.2,52.35,53.0,4535200
2007-08-30,52.58,52.97,52.38,52.66,3634500
2007-08-31,52.84,53.0,52.29,52.72,4363700
2007-09-04,53.45,53.48,52.5,52.65,4246200
2007-09-05,53.65,53.85,53.0,53.39,4614200
2007-09-06,54.06,54.27,53.02,53.02,5679300
2007-09-07,53.84,54.15,53.42,53.42,5338100
2007-09-10,53.92,54.16,53.73,53.9,4109500
2007-09-11,54.49,54.5,53.88,54.08,4623197
2007-09-12,54.33,54.74,54.14,54.55,5316700
2007-09-13,54.45,55.12,53.88,54.17,5663000
2007-09-14,54.49,54.89,53.25,54.45,3665000
2007-09-17,54.21,54.63,53.43,54.62,4524500
2007-09-18,55.36,55.76,54.0,54.27,9709800
2007-09-19,56.22,56.32,55.26,55.55,9209800
2007-09-20,56.6,57.0,55.99,56.01,7970800
2007-09-21,56.57,57.17,56.21,57.14,7858400
2007-09-24,56.94,57.16,56.24,56.44,6767500
2007-09-25,56.26,56.88,56.13,56.85,6373563
2007-09-26,56.94,57.1,56.01,56.52,5928700
2007-09-27,57.04,57.29,56.51,56.51,5050500
2007-09-28,56.41,57.35,56.15,57.35,5699100
2007-10-01,57.86,57.98,56.17,56.71,6704600
2007-10-02,57.34,57.99,57.16,57.64,3336800
2007-10-03,56.84,57.22,56.37,57.05,6692700
2007-10-04,57.0,57.26,56.65,56.65,5365390
2007-10-05,55.9,56.2,54.82,55.5,15346660
2007-10-08,56.4,56.65,55.91,55.92,3833700
2007-10-09,56.72,56.87,56.14,56.71,4130523
2007-10-10,56.85,57.07,56.01,56.6,5673300
2007-10-11,56.44,57.5,56.35,57.3,6158500
2007-10-12,56.33,57.06,56.05,56.77,3628627
2007-10-15,50.0,51.32,48.69,50.55,62884184
2007-10-16,50.3,50.62,49.27,49.99,23809708
2007-10-17,49.72,50.87,49.35,50.48,15183900
2007-10-18,48.94,50.0,48.52,49.89,13225000
2007-10-19,47.48,49.73,47.44,49.0,13135300
2007-10-22,47.0,47.7,46.4,47.7,14474775
2007-10-23,48.03,48.12,47.05,47.5,16447937
2007-10-24,47.3,48.065,46.81,48.065,11663800
2007-10-25,47.69,47.89,47.2,47.49,7514500
2007-10-26,47.82,48.26,47.48,47.99,6554800
2007-10-29,47.77,48.18,47.57,48.0,7029300
2007-10-30,46.94,47.64,46.75,47.51,9913800
2007-10-31,47.44,47.52,46.81,47.23,8762800
2007-11-01,46.8,47.75,46.7,47.26,8137684
2007-11-02,46.88,47.12,46.66,46.81,5789166
2007-11-05,46.76,46.95,46.51,46.69,5202545
2007-11-06,46.65,46.92,46.28,46.58,5313956
2007-11-07,45.56,46.49,45.51,46.49,9546550
2007-11-08,45.99,46.12,45.05,45.6,9220035
2007-11-09,46.04,46.6,45.45,45.78,6224469
2007-11-12,46.36,46.85,45.82,46.0,5571551
2007-11-13,46.85,46.89,46.25,46.75,6175222
2007-11-14,46.66,47.25,46.3,47.04,6039046
2007-11-15,46.25,47.02,46.16,46.46,5007825
2007-11-16,45.77,46.85,45.42,46.44,8580683
2007-11-19,45.25,45.77,44.87,45.41,8694120
2007-11-20,48.42,49.41,47.54,47.6,18803760
2007-11-21,48.29,48.83,47.85,48.12,8682809
2007-11-23,48.32,48.88,48.11,48.71,2551400
