Price,Close,High,Low,Open,Volume
Ticker,MYL,MYL,MYL,MYL,MYL
Date,,,,,
1999-11-24,9.5107,9.5107,9.2516,9.3293,1923322
1999-11-26,9.3552,9.4589,9.3293,9.4589,263084
1999-11-29,9.433,9.4589,9.2516,9.3034,786959
1999-11-30,9.7699,9.7699,9.2516,9.3034,1369604
1999-12-01,9.9513,9.9513,9.6403,9.718,1064048
1999-12-02,9.8735,10.029,9.8476,9.9513,1355371
1999-12-03,9.8476,10.0031,9.8217,9.8735,924471
1999-12-06,9.6144,9.9513,9.5626,9.8735,912304
1999-12-07,10.029,10.0549,9.5107,9.6144,1323919
1999-12-08,9.8476,9.9772,9.5366,9.9513,1497933
1999-12-09,9.6144,9.9513,9.3552,9.9513,1550733
1999-12-10,9.3811,9.4589,9.0183,9.433,941230
1999-12-13,9.4071,9.4848,9.0702,9.2516,801651
1999-12-14,9.3552,9.6921,9.0702,9.2516,950871
1999-12-15,9.3034,9.433,9.1738,9.433,972680
1999-12-16,9.0442,9.1997,8.8369,9.122,1344351
1999-12-17,8.4741,9.0183,8.4482,8.9406,2088153
1999-12-20,8.9406,9.0183,8.5778,8.6296,1472910
1999-12-21,9.0442,9.2775,8.8888,8.9406,1444903
1999-12-22,9.8995,10.0549,9.122,9.1479,2560145
1999-12-23,10.2104,10.6251,9.7699,9.9254,2631771
1999-12-27,10.2104,10.2881,10.029,10.2881,756427
1999-12-28,10.1327,10.34,10.1068,10.1845,609962
1999-12-29,10.4831,10.4831,10.1969,10.2229,828740
1999-12-30,10.2229,10.5871,10.1969,10.2229,700183
1999-12-31,10.4831,10.4831,10.1969,10.1969,524104
2000-01-03,10.1449,10.431,10.0408,10.405,1890954
2000-01-04,9.6767,10.0408,9.4685,10.0148,1162304
2000-01-05,9.8327,9.8848,9.5986,9.6767,1215334
2000-01-06,9.8848,9.9888,9.8067,9.8588,838383
2000-01-07,10.301,10.4831,9.7807,9.8848,1548668
2000-01-10,10.6131,10.6651,10.379,10.405,1565656
2000-01-11,11.2374,11.2894,10.405,10.5611,2014690
2000-01-12,11.0293,11.4195,10.9253,11.2374,2049586
2000-01-13,11.2374,11.2374,11.0293,11.0293,1129246
2000-01-14,11.3675,11.8357,11.2634,11.2634,1661386
2000-01-18,11.5236,11.5496,11.2894,11.4455,854681
2000-01-19,11.6276,11.6276,11.3154,11.3675,1143250
2000-01-20,11.5236,11.6536,11.4455,11.5236,1349631
2000-01-21,11.1334,11.6016,11.0293,11.5496,885215
2000-01-24,10.5611,11.1854,10.431,11.0554,1717630
2000-01-25,10.5871,10.6131,10.301,10.6131,988980
2000-01-26,10.405,10.5871,10.1969,10.5871,932965
2000-01-27,10.5871,10.7432,10.457,10.5871,1477731
2000-01-28,10.9253,11.3415,10.275,10.6131,1577822
2000-01-31,11.0813,11.0813,10.0408,10.7692,2269971
2000-02-01,10.6911,11.0813,10.5091,11.0813,822772
2000-02-02,10.5871,10.8733,10.5351,10.7692,758953
2000-02-03,10.5871,10.6651,10.4831,10.6131,488062
2000-02-04,10.431,10.6651,10.379,10.6131,950183
2000-02-07,10.5871,10.5871,10.405,10.4831,604681
2000-02-08,10.5611,10.6131,10.4831,10.5611,1396234
2000-02-09,10.379,10.5611,10.353,10.5611,1019283
2000-02-10,10.275,10.405,10.249,10.379,1058768
2000-02-11,10.1449,10.353,10.0408,10.249,818181
2000-02-14,10.0668,10.1189,9.9628,10.1189,872589
2000-02-15,9.9108,10.353,9.8848,10.0929,881542
2000-02-16,9.7287,9.9368,9.7027,9.8067,1072542
2000-02-17,10.1189,10.1189,9.5726,9.7027,1996556
2000-02-18,10.1709,10.6131,10.1709,10.1969,2198575
2000-02-22,9.6246,10.457,9.5726,10.405,1144627
2000-02-23,9.6246,9.9108,9.6246,9.7287,980256
2000-02-24,9.8588,10.2229,9.6767,9.8067,1742424
2000-02-25,9.7027,10.275,9.6507,9.8067,851927
2000-02-28,9.4425,9.6767,9.3645,9.6507,912074
2000-02-29,9.5726,9.9628,9.5206,9.5206,1555325
2000-03-01,9.4946,9.7547,9.4165,9.4685,841137
2000-03-02,10.0408,10.457,9.4425,9.4685,3354681
2000-03-03,12.278,12.278,11.0554,11.2374,6905875
2000-03-06,11.5756,12.278,11.2894,12.278,3235766
2000-03-07,11.3415,11.6276,11.2114,11.6276,2291321
2000-03-08,11.6276,11.9398,11.4455,11.4455,1199265
2000-03-09,11.6536,11.8097,11.4715,11.6536,3277777
2000-03-10,11.6016,11.6536,11.3154,11.6536,2903810
2000-03-13,11.3935,11.4455,11.1334,11.3935,1330348
2000-03-14,11.1594,11.4195,10.8212,11.3935,1198116
2000-03-15,11.5236,11.5496,10.9773,11.1074,2740586
2000-03-16,12.486,12.486,11.9918,12.0698,4182046
2000-03-17,12.33,12.486,12.1479,12.486,2400595
2000-03-20,11.6796,12.2259,11.6536,12.1999,1557162
2000-03-21,12.1219,12.2259,11.7057,11.7317,975434
2000-03-22,11.7317,11.9658,11.4975,11.9658,2105140
2000-03-23,11.6536,11.7577,11.3415,11.7577,1704315
2000-03-24,11.6016,11.8617,11.4455,11.6536,1583333
2000-03-27,11.2374,11.6276,11.1334,11.6276,1225665
2000-03-28,10.8733,11.6276,10.8212,11.6276,2236684
2000-03-29,10.8855,11.1204,10.8072,10.8855,1287418
2000-03-30,10.8855,11.2249,10.8333,10.8855,1586775
2000-03-31,11.4859,11.6947,10.9377,10.9377,2132919
2000-04-03,11.3815,11.5642,11.3293,11.3815,914600
2000-04-04,11.8253,12.1124,11.3293,11.4859,2791321
2000-04-05,12.3735,12.4779,11.7992,11.7992,1727731
2000-04-06,12.3735,12.3995,12.1385,12.1385,1764921
2000-04-07,12.6345,12.7911,12.3735,12.3735,3172634
2000-04-10,12.6867,12.8172,12.4518,12.5301,1960283
2000-04-11,12.4518,12.5823,12.3213,12.5823,1988062
2000-04-12,12.2951,12.504,12.1907,12.504,1049127
2000-04-13,12.3474,12.3474,12.1124,12.3474,939853
2000-04-14,12.0602,12.269,11.6425,12.1907,1243112
2000-04-17,11.5903,11.7992,11.3554,11.7992,1692148
2000-04-18,11.9558,12.0602,11.4598,11.5381,1030303
2000-04-19,12.3474,12.5562,11.9558,12.0602,1121671
2000-04-20,12.0602,12.5562,11.8775,12.0602,592515
2000-04-24,12.2168,12.2168,11.6947,12.2168,843663
2000-04-25,11.6947,12.4779,11.6947,11.9558,1219925
2000-04-26,11.6164,11.9036,11.4598,11.7469,1505509
2000-04-27,11.5903,11.6164,11.4337,11.5381,548209
2000-04-28,11.8514,11.8775,11.4337,11.5381,517906
2000-05-01,12.008,12.243,11.7469,11.7469,635215
2000-05-02,12.008,12.1907,11.9558,12.1646,569559
2000-05-03,11.9297,12.1385,11.9297,12.1385,521578
2000-05-04,12.8955,12.8955,11.8253,11.8253,1799815
2000-05-05,13.4699,13.4699,12.5823,12.8434,3464875
2000-05-08,13.1044,13.3393,12.9739,13.3132,1057390
2000-05-09,13.3393,13.4176,12.9216,13.1566,1247703
2000-05-10,12.9739,13.4176,12.7128,13.1566,1511707
2000-05-11,9.9718,12.9739,9.3975,12.9739,18676306
2000-05-12,10.5723,10.7289,9.7108,10.1807,8952248
2000-05-15,10.9638,11.2509,10.5461,10.7028,5371440
2000-05-16,10.9377,11.1204,10.755,10.9638,2580807
2000-05-17,10.8333,10.8855,10.755,10.8333,1536730
2000-05-18,10.8855,10.9116,10.8072,10.8333,1043157
2000-05-19,10.9116,10.9899,10.755,10.8072,607896
2000-05-22,10.7811,11.0421,10.7289,10.9116,1039943
2000-05-23,11.016,11.1727,10.8072,10.8855,1201789
2000-05-24,11.0421,11.1727,10.7811,10.8855,2421486
2000-05-25,11.3293,11.4337,11.0421,11.0421,2369833
2000-05-26,11.2249,11.3815,11.1466,11.3554,1460972
2000-05-30,11.1727,11.2509,11.0943,11.1987,634296
2000-05-31,11.1987,11.3554,11.1466,11.2509,798896
2000-06-01,11.1466,11.3554,11.1466,11.2509,856978
2000-06-02,11.1987,11.2771,11.0682,11.2509,1573231
2000-06-05,11.3554,11.5381,11.0682,11.2509,1970156
2000-06-06,11.1727,11.2771,11.1204,11.2771,898071
2000-06-07,10.52,11.1204,10.1546,11.1204,5789943
2000-06-08,9.8674,10.4156,9.6325,10.4156,3610651
2000-06-09,7.2309,7.3092,6.6827,6.9698,23383148
2000-06-12,7.4919,7.5963,7.2309,7.257,8974287
2000-06-13,7.4919,7.6224,7.3875,7.518,3049127
2000-06-14,7.2831,7.6224,7.257,7.518,5443754
2000-06-15,7.5963,7.6224,7.3614,7.4658,2870063
2000-06-16,7.5702,7.7007,7.4919,7.7007,3939622
2000-06-19,7.3614,7.6485,7.3353,7.6224,2078512
2000-06-20,7.3353,7.4658,7.3092,7.4658,1169190
2000-06-21,7.3092,7.4919,7.257,7.4919,4069100
2000-06-22,7.2309,7.2831,7.2309,7.2831,4446509
2000-06-23,7.1004,7.4136,6.9959,7.1786,4001836
2000-06-26,7.1526,7.1786,7.0481,7.1786,1466253
2000-06-27,7.2309,7.257,7.022,7.1526,1680898
2000-06-28,7.1645,7.3482,7.0333,7.2432,764690
2000-06-29,7.5057,7.5581,7.0333,7.2432,1310145
2000-06-30,7.6631,7.6893,7.4531,7.4531,1154957
2000-07-03,7.5844,7.7156,7.4007,7.6893,421716
2000-07-05,7.8731,7.9518,7.4794,7.5318,1182277
2000-07-06,7.8468,8.2405,7.8205,7.978,0
2000-07-07,8.083,8.2405,7.8731,7.9255,1953625
2000-07-10,8.2667,8.3717,8.0305,8.188,2090678
2000-07-11,7.978,8.5029,7.978,8.2667,2404269
2000-07-12,7.9255,8.2142,7.7681,8.2142,3503901
2000-07-13,8.0305,8.5029,7.8993,8.4504,6494719
2000-07-14,7.7681,8.0305,7.7681,8.0305,5023415
2000-07-17,8.3717,8.5029,7.8205,7.8731,2474516
2000-07-18,8.3717,8.5554,8.3192,8.4242,1139118
2000-07-19,8.3979,8.6341,8.3717,8.6078,1714186
2000-07-20,8.2667,8.6341,8.2405,8.6078,1003213
2000-07-21,8.2929,8.3717,8.2405,8.3717,1289484
2000-07-24,9.0015,9.054,8.3192,8.3192,3308998
2000-07-25,9.1852,9.3952,8.8441,9.0015,4565884
2000-07-26,8.7653,9.2377,8.7325,9.2377,3548437
2000-07-27,9.1852,9.2377,8.7128,8.8178,2893019
2000-07-28,8.9753,9.2377,8.9228,9.2115,1365242
2000-07-31,8.9228,9.1065,8.8703,9.1065,1536271
2000-08-01,8.9753,9.3689,8.949,8.9753,2931357
2000-08-02,9.1852,9.3427,8.949,8.9753,2408171
2000-08-03,9.5264,9.6051,9.1327,9.159,2713957
2000-08-04,9.5526,9.7101,9.3952,9.5264,1160696
2000-08-07,9.6051,9.7364,9.3952,9.3952,1572772
2000-08-08,9.4477,9.6576,9.3952,9.6051,1638887
2000-08-09,9.5264,10.025,9.2377,9.3427,4654728
2000-08-10,9.9725,10.3137,9.4477,9.4739,6407483
2000-08-11,11.1273,11.311,9.7626,10.1037,4974746
2000-08-14,10.9436,11.2322,10.8123,11.0485,3250228
2000-08-15,10.6286,10.8911,10.5761,10.8911,1977501
2000-08-16,10.8648,10.8911,10.6811,10.7336,1032827
2000-08-17,11.2322,11.2322,10.4449,10.4974,1807390
2000-08-18,10.996,11.3635,10.9173,11.2322,1555784
2000-08-21,11.0223,11.311,10.8911,10.9436,1503901
2000-08-22,11.5209,11.5209,11.0223,11.0223,1792239
2000-08-23,11.1535,11.4159,11.0223,11.4159,1298209
2000-08-24,11.5209,11.5209,11.0223,11.4159,943984
2000-08-25,11.4684,11.5209,11.2847,11.5209,982551
2000-08-28,11.2585,11.4684,11.1535,11.4159,982781
2000-08-29,10.996,11.3897,10.9436,11.2322,1882001
2000-08-30,11.3372,11.3897,10.9436,10.9436,923781
2000-08-31,11.1535,11.4684,11.1535,11.1535,1642101
2000-09-01,11.3897,11.3897,11.2322,11.3372,1696050
2000-09-05,11.5472,11.6521,11.3635,11.3897,1358125
2000-09-06,11.101,11.6521,10.9173,11.3897,2160696
2000-09-07,11.7309,11.7309,10.9173,11.5472,1306243
2000-09-08,11.5996,11.8621,11.4422,11.7309,1031680
2000-09-11,11.5996,11.6259,11.3897,11.4422,563819
2000-09-12,11.5734,11.7571,11.3897,11.5996,736913
2000-09-13,11.4159,11.6521,11.1535,11.1797,2098254
2000-09-14,11.206,11.5734,10.996,11.4159,5581266
2000-09-15,11.101,11.3372,10.9173,11.0223,3436868
2000-09-18,10.9173,11.1273,10.8123,11.101,2695362
2000-09-19,10.3924,10.8911,10.1562,10.8911,2606978
2000-09-20,11.2585,11.5996,10.235,10.3924,7121900
2000-09-21,11.206,11.3897,10.8911,11.1535,2382001
2000-09-22,11.311,11.3372,10.7861,11.206,2252065
2000-09-25,11.1535,11.3897,10.8386,11.311,2146463
2000-09-26,11.4422,11.5472,11.101,11.1797,2614324
2000-09-27,11.7442,12.0865,11.4809,11.5335,3144857
2000-09-28,11.5335,11.7179,11.4809,11.6916,1044306
2000-09-29,11.3492,11.6125,11.0859,11.5599,2099172
2000-10-02,11.8232,12.0075,11.2175,11.2439,1722451
2000-10-03,11.7179,12.1129,11.5862,11.8232,1185490
2000-10-04,11.5072,11.6125,11.1385,11.6125,1513543
2000-10-05,11.7969,11.8232,11.5335,11.5599,878098
2000-10-06,11.6389,12.0602,11.5072,11.7969,1381542
2000-10-09,11.3755,11.5862,11.3492,11.5862,744948
2000-10-10,12.0338,12.0865,11.3492,11.3492,1114783
2000-10-11,11.9022,12.1129,11.6389,12.0075,1610421
2000-10-12,11.6389,11.8495,11.4019,11.7969,809686
2000-10-13,11.4282,11.5862,11.1912,11.5335,866619
2000-10-16,12.0338,12.1655,11.2702,11.2702,1659319
2000-10-17,12.4289,12.6132,12.0075,12.0075,2065656
2000-10-18,12.3235,12.3498,11.7705,12.1129,1156565
2000-10-19,12.1655,12.4025,11.9549,12.1129,781221
2000-10-20,12.6395,12.6395,12.0602,12.1655,1317951
2000-10-23,12.4552,12.6132,12.4552,12.5342,765839
2000-10-24,11.5072,12.4025,10.7436,12.3235,5851468
2000-10-25,11.3492,11.5599,11.0859,11.5072,1218548
2000-10-26,11.5599,11.8232,11.2702,11.3755,722451
2000-10-27,11.5072,11.5335,11.3755,11.3755,640495
2000-10-30,11.9285,12.1392,10.7436,11.1649,3871900
2000-10-31,11.7969,11.9022,11.5072,11.5072,1120751
2000-11-01,12.1392,12.3762,11.7179,11.7969,2088612
2000-11-02,12.3762,12.3762,11.9285,12.0602,1109274
2000-11-03,12.1129,12.4552,12.0338,12.2708,977501
2000-11-06,12.6658,12.6658,12.0075,12.2182,1612257
2000-11-07,12.4289,12.6132,12.1918,12.6132,902203
2000-11-08,12.5868,12.6132,12.4025,12.6132,1505278
2000-11-09,12.3498,12.5868,11.9549,12.5868,940771
2000-11-10,11.9549,12.5605,11.9285,12.2972,1195590
2000-11-13,11.4809,11.9022,11.0596,11.9022,2128557
2000-11-14,11.7442,12.0602,11.5072,11.5335,1274333
2000-11-15,11.6652,11.8495,11.5862,11.5862,1154728
2000-11-16,11.5335,11.9022,11.4282,11.7705,543387
2000-11-17,11.5599,11.6652,11.4282,11.4545,705233
2000-11-20,11.0596,11.4809,10.6119,11.4809,2343433
2000-11-21,9.6903,11.4545,9.4533,11.1649,5195362
2000-11-22,9.4796,9.7166,9.2953,9.6903,2632460
2000-11-24,9.5849,9.5849,9.4796,9.5323,575757
2000-11-27,9.743,9.9536,9.6376,9.6639,1800045
2000-11-28,9.7166,9.8219,9.5849,9.6639,1188245
2000-11-29,9.743,10.0326,9.6376,9.6903,1176996
2000-11-30,10.0853,10.2696,9.6376,9.6639,2343663
2000-12-01,10.7699,10.8226,10.0853,10.0853,2337006
2000-12-04,10.4013,10.8489,10.1116,10.1116,1162763
2000-12-05,10.7699,10.7962,10.4013,10.4013,1454084
2000-12-06,11.0332,11.1912,10.8752,11.1122,1905416
2000-12-07,11.0596,11.2702,10.9016,11.0332,1047978
2000-12-08,11.3492,11.3755,10.8489,11.0332,1226583
2000-12-11,11.2439,11.5862,11.1912,11.4282,1088153
2000-12-12,10.7172,11.3229,10.6909,11.0859,945590
2000-12-13,10.8226,11.2175,10.8226,10.8226,1108815
2000-12-14,10.8226,11.0069,10.8226,10.8226,1429751
2000-12-15,10.5856,10.7172,10.5329,10.5329,1548668
2000-12-18,10.6382,10.7172,10.5329,10.5329,928833
2000-12-19,10.9016,10.9016,10.6382,10.6382,702019
2000-12-20,10.6119,10.8226,10.5592,10.8226,869833
2000-12-21,10.7436,10.8752,10.4276,10.5592,1122130
2000-12-22,10.9016,10.9279,10.5856,10.5856,690312
2000-12-26,10.7962,11.1122,10.6119,10.6909,522727
2000-12-27,10.7822,10.8615,10.4915,10.7029,1186178
2000-12-28,10.7822,10.9408,10.5972,10.6765,1173781
2000-12-29,10.65,10.7822,10.4122,10.7822,997933
2001-01-02,10.4386,10.7294,10.3594,10.5444,1063130
2001-01-03,9.8573,10.4915,9.8308,10.4915,1857896
2001-01-04,9.3287,10.0951,8.8794,9.8573,3023645
2001-01-05,8.9587,9.408,8.9323,9.3287,1929521
2001-01-08,9.2494,9.3023,9.1173,9.1173,1106060
2001-01-09,9.4344,9.6459,9.2494,9.3023,1177915
2001-01-10,9.038,9.5665,9.038,9.4609,1734159
2001-01-11,9.223,9.2759,8.9852,8.9852,1175848
2001-01-12,9.2494,9.593,9.1701,9.3287,1829200
2001-01-16,9.9366,10.2537,9.3551,9.3551,2391642
2001-01-17,9.6723,10.2008,9.6723,10.0423,1154039
2001-01-18,9.5401,9.8044,9.4344,9.7251,1444443
2001-01-19,9.3816,9.593,9.3551,9.4873,1402433
2001-01-22,9.1701,9.4873,9.1701,9.3023,1025481
2001-01-23,9.3551,9.4609,9.1966,9.2494,1481404
2001-01-24,9.3816,9.5401,9.2494,9.3023,1387969
2001-01-25,9.408,9.6459,9.2759,9.3023,1349631
2001-01-26,9.593,9.8308,9.3287,9.3551,2086546
2001-01-29,9.8689,10.0845,9.5983,9.6405,2697428
2001-01-30,9.9027,10.0719,9.5137,9.5137,2699493
2001-01-31,9.8308,10.0042,9.7251,9.9577,1279154
2001-02-01,9.8731,10.0423,9.7251,9.7886,1855600
2001-02-02,9.8351,9.9788,9.8308,9.8731,949724
2001-02-05,9.7886,9.8351,9.6829,9.6829,1975665
2001-02-06,9.6617,9.9577,9.6532,9.7928,1659319
2001-02-07,9.5391,9.7209,9.3699,9.6236,1200183
2001-02-08,9.6617,9.7209,9.3488,9.6236,1187786
2001-02-09,9.7674,9.9957,9.5349,9.7251,1258493
2001-02-12,9.9408,9.9957,9.7505,9.7674,899218
2001-02-13,9.9577,10.038,9.8308,10.038,1166895
2001-02-14,9.8731,10.0,9.7674,9.9788,1272496
2001-02-15,9.8943,9.9577,9.7463,9.8731,1264003
2001-02-16,9.8139,9.8816,9.7209,9.7674,590448
2001-02-20,9.797,9.8012,9.5137,9.7716,1081036
2001-02-21,9.7251,10.0338,9.6194,10.0,1058309
2001-02-22,9.7421,9.7421,9.4714,9.6405,1067492
2001-02-23,9.3023,9.7421,9.1585,9.7421,919650
2001-02-26,9.8858,9.9281,9.3995,9.4503,833333
2001-02-27,9.5983,9.7928,9.5137,9.7801,785581
2001-02-28,9.8773,10.0423,9.6279,9.6279,1066343
2001-03-01,9.5771,9.945,9.4841,9.9154,1088153
2001-03-02,9.9323,9.9957,9.5771,9.5771,1438474
2001-03-05,9.649,9.8943,9.6152,9.8943,953396
2001-03-06,9.6405,9.6871,9.501,9.6617,909778
2001-03-07,9.4418,9.5983,9.3657,9.5771,1478650
2001-03-08,9.2811,9.4799,9.2177,9.3995,718089
2001-03-09,9.3234,9.5137,9.2685,9.2981,761248
2001-03-12,8.8794,9.408,8.8794,9.408,1299127
2001-03-13,9.6194,9.8604,8.6892,8.816,3464645
2001-03-14,9.3657,9.6997,9.3023,9.4503,1373966
2001-03-15,9.3023,9.5983,9.2431,9.3657,1424471
2001-03-16,9.1332,9.4926,8.9809,9.4926,1091368
2001-03-19,9.5306,9.6067,9.0063,9.1289,1201330
2001-03-20,9.556,9.6744,9.4883,9.5306,970843
2001-03-21,9.2431,9.5137,9.2346,9.5137,1592745
2001-03-22,8.8921,9.222,8.52,9.222,2799815
2001-03-23,9.2938,9.3023,9.0909,9.0909,805325
2001-03-26,9.3277,9.4672,9.2811,9.4291,1024333
2001-03-27,9.7928,9.8435,9.408,9.4333,999769
2001-03-28,10.6044,10.6978,9.7851,9.7893,4035353
2001-03-29,10.6171,10.9397,10.4855,10.9397,3379016
2001-03-30,10.9737,11.0162,10.5153,10.6129,1453856
2001-04-02,10.3242,10.9313,10.1034,10.9313,1702248
2001-04-03,10.1968,10.3242,9.8148,10.3242,1356748
2001-04-04,10.3879,10.4346,9.9761,10.1884,1182736
2001-04-05,10.6766,10.8039,10.3582,10.5067,2303489
2001-04-06,10.4643,10.8464,10.2945,10.4218,2043846
2001-04-09,10.4983,10.6214,10.3879,10.5917,1090448
2001-04-10,10.4431,10.5917,10.2138,10.5917,968777
2001-04-11,10.2648,10.5492,10.1799,10.5492,1029154
2001-04-12,10.7148,10.719,10.1799,10.2648,1324378
2001-04-16,10.4983,10.6511,10.4855,10.6129,816343
2001-04-17,10.5492,10.6341,10.5025,10.5025,1270889
2001-04-18,10.719,10.8676,10.5747,10.6129,2016757
2001-04-19,10.9652,11.0331,10.719,10.719,1651743
2001-04-20,11.0586,11.0883,10.9143,10.9652,1516757
2001-04-23,10.944,11.1011,10.7827,10.9525,1353534
2001-04-24,10.8209,10.9228,10.7742,10.9228,1485077
2001-04-25,11.0204,11.0544,10.719,10.8209,1157483
2001-04-26,11.152,11.152,10.8082,11.0204,865013
2001-04-27,11.0798,11.3218,10.9525,11.1223,1883607
2001-04-30,11.3515,11.4577,11.1053,11.1223,1244489
2001-05-01,11.3176,11.3515,10.6553,11.3515,3060606
2001-05-02,11.2454,11.3558,11.2327,11.3218,1602157
2001-05-03,11.0798,11.2497,10.995,11.2497,1055554
2001-05-04,11.4195,11.4195,11.0119,11.0204,936178
2001-05-07,11.2581,11.4152,11.2284,11.3558,669190
2001-05-08,12.0138,12.0435,11.3728,11.4195,2432965
2001-05-09,12.0477,12.0987,11.5681,11.9077,2263543
2001-05-10,12.1624,12.2473,12.0223,12.1326,972221
2001-05-11,11.8185,12.3746,11.8015,12.1539,1561065
2001-05-14,11.8397,11.9628,11.7166,11.9501,955004
2001-05-15,11.844,11.9077,11.7803,11.8864,454315
2001-05-16,11.9331,12.2982,11.8227,11.8227,1336775
2001-05-17,12.3067,12.3067,11.9374,11.9458,1205463
2001-05-18,12.26,12.3534,11.9925,12.2218,851239
2001-05-21,12.4128,12.4383,12.2133,12.2642,1428603
2001-05-22,12.693,12.693,12.2303,12.4171,1465104
2001-05-23,12.9477,12.9902,12.5444,12.6293,3615013
2001-05-24,13.0114,13.0284,12.693,12.7991,1992193
2001-05-25,12.884,13.0836,12.5232,12.9392,2179751
2001-05-29,13.2619,13.576,12.9392,12.9392,2775710
2001-05-30,13.109,13.4317,13.1048,13.2661,2196969
2001-05-31,13.5038,13.5038,12.9053,12.9053,2370063
2001-06-01,13.3298,13.75,13.2661,13.559,3162533
2001-06-04,13.1557,13.3255,13.0751,13.2449,1448806
2001-06-05,13.1175,13.5335,13.0751,13.1642,1800045
2001-06-06,12.7949,13.3298,12.6081,13.1388,3225434
2001-06-07,12.8628,12.8628,12.6888,12.8628,3150595
2001-06-08,12.693,12.9265,12.5869,12.9265,1415746
2001-06-11,10.9822,12.744,10.8251,12.7142,13122589
2001-06-12,10.961,11.2242,10.6978,10.7827,10089989
2001-06-13,10.7657,11.0714,10.7614,10.961,5461890
2001-06-14,10.8294,10.9695,10.753,10.8676,4914600
2001-06-15,10.6978,10.8931,10.6129,10.6129,2147612
2001-06-18,10.6638,10.8676,10.4558,10.8251,2970156
2001-06-19,11.0756,11.1435,10.5662,10.5704,2485536
2001-06-20,11.5468,11.5935,11.0756,11.0756,4292010
2001-06-21,12.0944,12.0987,11.5638,11.6105,4362028
2001-06-22,11.6954,12.1369,11.4662,12.0902,3403121
2001-06-25,11.6784,11.8567,11.3643,11.6954,2636363
2001-06-26,11.6742,11.8058,11.5935,11.6742,1256656
2001-06-27,12.0583,12.3096,11.7176,11.7176,3347106
2001-06-28,12.3692,12.6163,12.1009,12.1009,5272956
2001-06-29,11.9816,12.4331,11.9816,12.3777,3024563
2001-07-02,12.054,12.1264,12.037,12.0413,1118456
2001-07-03,12.1392,12.2414,12.054,12.054,788796
2001-07-05,12.0966,12.2159,12.0966,12.1435,1242424
2001-07-06,12.0626,12.1179,11.8837,12.0966,738750
2001-07-09,12.2074,12.2372,12.0753,12.1052,1049586
2001-07-10,12.1818,12.2074,12.0966,12.2074,1074150
2001-07-11,12.3735,12.4331,12.1435,12.3096,1819328
2001-07-12,12.3565,12.595,12.2926,12.3777,1678374
2001-07-13,12.3565,12.7355,12.3309,12.3522,1751836
2001-07-16,12.2244,12.4374,12.2031,12.267,1536959
2001-07-17,12.5055,12.5439,12.2287,12.2287,1311983
2001-07-18,12.399,12.5013,12.1776,12.4161,1818181
2001-07-19,12.3948,12.5652,12.2926,12.4331,1528465
2001-07-20,12.5567,12.7866,12.3948,12.4161,1903580
2001-07-23,13.1189,13.1189,12.4587,12.514,2814966
2001-07-24,12.7781,13.2254,12.5013,13.0763,3685719
2001-07-25,13.6769,13.6939,13.2893,13.4085,6408630
2001-07-26,13.6726,13.7791,13.2807,13.7578,2855600
2001-07-27,14.0134,14.1582,13.6939,13.6939,2935950
2001-07-30,14.3115,14.3541,13.055,14.2732,3142560
2001-07-31,14.3754,14.5032,14.2306,14.2476,2358125
2001-08-01,14.303,14.3967,14.0176,14.3967,1490586
2001-08-02,13.9963,14.3669,13.9069,14.303,1934801
2001-08-03,14.0091,14.1156,13.7365,14.0134,944213
2001-08-06,14.3541,14.4222,14.0176,14.0176,1797750
2001-08-07,14.5373,14.5884,14.056,14.2476,2103763
2001-08-08,14.4308,14.6523,14.3584,14.5373,1918043
2001-08-09,14.056,14.3754,13.843,14.3754,1370522
2001-08-10,14.0261,14.1412,13.9707,14.056,1861798
2001-08-13,14.0176,14.0517,13.8856,14.0346,2521348
2001-08-14,14.3967,14.3967,14.0219,14.0346,2577593
2001-08-15,14.5373,14.5884,14.3328,14.3754,2303489
2001-08-16,14.5671,14.5884,14.4819,14.5032,2146693
2001-08-17,14.7374,14.7374,14.4436,14.5713,1431357
2001-08-20,14.2434,14.3328,14.0134,14.1624,3243112
2001-08-21,14.4776,14.8567,14.3925,14.4819,3326216
2001-08-22,14.3882,14.4819,14.2263,14.4776,1677225
2001-08-23,14.8823,14.9036,14.3882,14.401,1760100
2001-08-24,15.1208,15.2486,14.5202,14.8823,2798437
2001-08-27,15.1847,15.3338,15.0356,15.1208,2443525
2001-08-28,14.8737,15.1804,14.7417,15.1634,1845728
2001-08-29,14.6736,14.8993,14.5884,14.8737,2336087
2001-08-30,14.418,14.6736,14.1837,14.6736,2003672
2001-08-31,14.0517,14.5202,13.9282,14.4819,1950412
2001-09-04,14.1113,14.3115,14.0346,14.056,1898530
2001-09-05,14.2434,14.401,14.056,14.1198,1963498
2001-09-06,14.1497,14.2349,14.0773,14.1923,1510559
2001-09-07,14.0985,14.1412,14.0134,14.1369,1186868
2001-09-10,13.9793,14.1198,13.7961,14.0219,985077
2001-09-17,13.515,13.8983,13.4639,13.8728,1346646
2001-09-18,13.3958,13.8217,13.3958,13.5363,1283516
2001-09-19,12.7142,12.8633,12.2883,12.5865,2375803
2001-09-20,12.4928,13.0337,12.4374,12.7142,2210513
2001-09-21,12.5865,12.5865,11.7985,11.8198,2507345
2001-09-24,12.7185,13.3233,12.6716,12.9059,2113175
2001-09-25,13.417,13.417,12.6802,12.7355,2508722
2001-09-26,13.4862,13.5844,13.3367,13.3965,1476353
2001-09-27,13.5332,13.6058,13.2213,13.5289,2002983
2001-09-28,13.9347,14.3961,13.6058,13.6058,1656793
2001-10-01,14.4089,14.5285,13.8322,13.8749,1706151
2001-10-02,14.6139,14.8318,14.4003,14.5157,2476353
2001-10-03,14.9942,15.1607,14.4601,14.4815,3258034
2001-10-04,14.8873,15.8058,14.7165,15.165,4873966
2001-10-05,15.054,15.1223,14.0971,14.8916,1566574
2001-10-08,15.2205,15.4641,14.8873,15.165,2281221
2001-10-09,15.1009,15.2932,15.0326,15.165,2735995
2001-10-10,15.0838,15.2932,14.9429,15.0796,1897381
2001-10-11,15.3359,15.6776,15.2419,15.3316,1884984
2001-10-12,14.9386,15.4641,14.9301,15.2505,1672634
2001-10-15,13.6101,13.7041,12.6019,12.9223,14495407
2001-10-16,14.2295,14.2508,13.6186,13.6271,3216481
2001-10-17,14.1056,14.4132,13.7339,14.2722,2397381
2001-10-18,14.05,14.3277,13.8621,14.1099,1261477
2001-10-19,14.4559,14.5243,14.0971,14.0971,2026400
2001-10-22,14.631,14.772,14.3576,14.4388,1316115
2001-10-23,14.3277,14.7165,14.1611,14.631,2208677
2001-10-24,14.4773,14.7165,14.2936,14.3277,2012166
2001-10-25,14.9472,15.3786,14.5243,14.7378,5248621
2001-10-26,15.6776,16.1476,15.1308,15.165,4199034
2001-10-29,15.8143,15.9895,15.6349,15.7204,4185490
2001-10-30,15.699,15.8058,15.4641,15.8058,2615013
2001-10-31,15.7502,16.0194,15.6563,15.6776,1833103
2001-11-01,15.6862,15.7161,15.5922,15.7161,1874884
2001-11-02,15.7631,15.9126,15.6648,15.7075,1896922
2001-11-05,16.0066,16.1134,15.7631,15.7972,2255050
2001-11-06,15.2248,16.1903,14.473,16.0408,9210742
2001-11-07,14.8574,15.054,14.6139,14.9514,3665059
2001-11-08,14.4901,15.0967,14.0971,14.9002,4902433
2001-11-09,14.4174,14.6567,14.0116,14.6567,1241734
2001-11-12,14.5712,14.7549,14.2295,14.3833,764921
2001-11-13,13.6912,14.3662,13.3922,13.9689,8216712
2001-11-14,13.3922,13.6827,12.9052,13.6784,4140036
2001-11-15,13.7126,13.7767,13.264,13.3537,2707528
2001-11-16,13.6699,13.9646,13.5759,13.798,1598024
2001-11-19,14.238,14.2594,13.6485,13.6485,2359503
2001-11-20,14.4773,14.6524,14.2936,14.3875,1917813
2001-11-21,14.6182,14.7293,14.3747,14.6438,1120063
2001-11-23,14.6652,14.7378,14.4815,14.6823,567951
2001-11-26,14.8446,14.8703,14.5243,14.6097,986684
2001-11-27,14.8019,14.9856,14.631,14.8873,1134984
2001-11-28,14.7464,14.9258,14.7207,14.9087,1103304
2001-11-29,14.6738,14.7421,14.332,14.7378,2436178
2001-11-30,14.7293,14.8574,14.5883,14.6738,1516069
2001-12-03,14.7378,14.9301,14.6054,14.9301,1278924
2001-12-04,14.8404,14.8873,14.631,14.8446,1786730
2001-12-05,14.8446,14.8873,14.7165,14.8404,2096418
2001-12-06,14.9002,15.1693,14.631,14.631,1628787
2001-12-07,14.8617,15.1607,14.8275,14.9301,1095040
2001-12-10,14.9514,15.1437,14.6524,14.7549,1022037
2001-12-11,14.8275,14.9514,14.7165,14.9514,1082413
2001-12-12,14.866,15.0155,14.5243,14.8233,1838842
2001-12-13,15.0369,15.4641,14.8446,14.866,2148759
2001-12-14,15.4042,15.4555,15.0625,15.1864,1908171
2001-12-17,15.7545,16.0194,15.5495,16.0194,7182046
2001-12-18,15.9681,16.2372,15.8272,15.998,2856978
2001-12-19,15.9169,16.0835,15.7246,15.9553,1780990
2001-12-20,15.9681,16.1048,15.9169,16.0194,1295913
2001-12-21,15.998,16.2031,15.8699,15.9767,1248621
2001-12-24,16.1305,16.1774,15.699,16.1262,567033
2001-12-26,16.1005,16.2287,15.9681,16.1731,955004
2001-12-27,15.9724,16.1689,15.9724,16.1476,1171486
2001-12-28,16.1945,16.3184,16.045,16.0792,2047290
2001-12-31,16.0194,16.2116,15.9126,16.2116,1268365
2002-01-02,15.4641,15.9169,15.2974,15.9126,3009640
2002-01-03,15.2376,15.5922,15.2291,15.4854,3492883
2002-01-04,15.0668,15.2505,14.9087,15.1308,3502065
2002-01-07,15.2291,15.3103,15.1138,15.2505,1820018
2002-01-08,15.2846,15.3743,15.1223,15.2333,2171716
2002-01-09,15.4042,15.6136,15.3145,15.3145,2839530
2002-01-10,15.3743,15.4854,15.259,15.4213,1376031
2002-01-11,15.4598,15.5025,15.3743,15.3743,1200871
2002-01-14,15.3658,15.6178,15.3145,15.5666,904269
2002-01-15,15.306,15.4641,15.165,15.3444,1028236
2002-01-16,15.2291,15.3701,15.1906,15.306,876262
2002-01-17,15.212,15.3743,15.0369,15.3359,1957987
2002-01-18,15.165,15.2718,15.0967,15.212,1541780
2002-01-22,15.3103,15.3743,15.0796,15.1778,1727960
2002-01-23,15.4171,15.5025,15.2505,15.3701,1689393
2002-01-24,14.5669,15.5922,14.2038,15.4213,7200183
2002-01-25,14.3064,14.6567,14.1398,14.5669,4511707
2002-01-28,14.1782,14.5883,14.1355,14.4132,2305095
2002-01-29,14.0415,14.4174,14.0031,14.2038,1545454
2002-01-30,13.9945,14.1654,13.9518,14.1184,2537418
2002-01-31,14.3918,14.5669,14.0543,14.1184,3847795
2002-02-01,14.5883,14.6524,14.4815,14.5243,2275481
2002-02-04,14.033,14.5243,13.9048,14.5243,1863636
2002-02-05,14.3534,14.5883,14.033,14.033,1812442
2002-02-06,14.1398,14.4388,14.0885,14.4388,1511248
2002-02-07,13.7297,13.9903,13.3922,13.9689,1854912
2002-02-08,14.1996,14.3064,13.7339,13.7553,3227731
2002-02-11,14.1996,14.3277,14.1398,14.3106,1798896
2002-02-12,14.3961,14.4815,14.1398,14.1996,2196509
2002-02-13,14.3961,14.4388,14.2722,14.4174,2758722
2002-02-14,14.2295,14.4601,14.2038,14.4132,1531909
2002-02-15,14.1825,14.1996,14.0757,14.1611,1257115
2002-02-19,13.8279,14.1825,13.6271,14.1825,1508034
2002-02-20,13.6058,14.0116,13.2768,13.8835,2974746
2002-02-21,13.499,13.7339,13.4349,13.6058,2064737
2002-02-22,13.3922,13.6656,13.2555,13.6058,2419650
2002-02-25,13.3965,13.4563,13.3495,13.452,1472680
2002-02-26,13.4349,13.5844,13.2427,13.4563,1758263
2002-02-27,13.4734,13.6485,13.3537,13.4776,1336316
2002-02-28,12.9778,13.5844,12.6062,13.4734,5007115
2002-03-01,13.0718,13.2384,12.7514,13.0291,3207987
2002-03-04,13.153,13.3922,13.0932,13.2427,2076904
2002-03-05,13.0633,13.3965,12.3029,12.7941,6441918
2002-03-06,13.4605,13.4648,12.9351,13.0718,2260789
2002-03-07,13.2128,13.5887,13.1786,13.5887,1246096
2002-03-08,12.9009,13.4136,12.8155,13.264,1813130
2002-03-11,12.9308,13.0419,12.8582,12.918,1092745
2002-03-12,12.9864,13.1145,12.8582,12.9308,1716481
2002-03-13,13.247,13.4776,12.9864,12.9864,1285812
2002-03-14,13.5289,13.6015,13.264,13.3495,1088612
2002-03-15,13.5844,13.6442,13.4563,13.5844,1209365
2002-03-18,13.6699,13.7126,13.5332,13.5802,1166666
2002-03-19,13.6827,13.8578,13.6485,13.7126,797750
2002-03-20,13.5631,13.7254,13.4605,13.6997,1390265
2002-03-21,13.3965,13.4435,12.9907,13.4435,1694213
2002-03-22,13.3324,13.4563,13.2768,13.4007,961660
2002-03-25,12.9821,13.3281,12.8582,13.2726,1255278
2002-03-26,12.8027,13.1145,12.7771,13.0505,1441918
2002-03-27,12.8155,12.9052,12.6147,12.8582,1822542
2002-03-28,12.5848,12.965,12.525,12.8155,2914828
2002-04-01,12.3541,12.572,12.3328,12.5677,1672175
2002-04-02,12.3071,12.3883,12.132,12.3456,2227731
2002-04-03,12.0038,12.4268,11.7988,12.3242,3915977
2002-04-04,11.9526,12.132,11.7689,12.0038,2043157
2002-04-05,11.7048,12.0038,11.645,11.9611,1197198
2002-04-08,11.6407,11.8757,11.2563,11.598,2434572
2002-04-09,11.833,11.9312,11.6322,11.6621,1856289
2002-04-10,12.3029,12.3157,11.8671,11.8757,1927684
2002-04-11,12.132,12.4353,12.1235,12.1406,1952478
2002-04-12,11.9184,12.1149,11.7604,12.1106,1657483
2002-04-15,11.9184,12.0679,11.8116,11.9611,1100090
2002-04-16,11.9184,12.0466,11.8159,12.0252,994948
2002-04-17,11.5724,12.0466,11.5339,12.0252,1471762
2002-04-18,11.6194,11.7048,11.4741,11.5339,2055784
2002-04-19,11.6877,11.7475,11.5767,11.6365,1162533
2002-04-22,11.6365,11.6621,11.5211,11.6236,1484848
2002-04-23,11.7689,11.833,11.5767,11.7048,1276169
2002-04-24,11.8586,12.132,11.7561,11.7945,2685260
2002-04-25,11.7219,12.0466,11.7176,11.8971,1874654
2002-04-26,11.5382,11.833,11.5339,11.7048,1105830
2002-04-29,11.3759,11.739,11.2093,11.598,1570477
2002-04-30,11.3118,11.4271,11.252,11.3332,1617996
2002-05-01,11.4058,11.4912,11.3332,11.4058,1513313
2002-05-02,11.1708,11.4058,11.1281,11.4058,1355830
2002-05-03,11.2905,11.4058,11.0213,11.1751,2162074
2002-05-06,10.906,11.3204,10.8718,11.299,1364783
2002-05-07,10.7437,11.1495,10.7223,10.9786,1985536
2002-05-08,11.6493,11.833,11.0427,11.2349,3118686
2002-05-09,11.5297,11.8757,11.5254,11.7006,1945131
2002-05-10,11.44,11.6194,11.3246,11.6194,1559686
2002-05-13,11.4229,11.5809,11.3204,11.4912,1619145
2002-05-14,11.8073,11.9184,11.4656,11.5297,2646234
2002-05-15,12.0679,12.2773,11.8543,11.8971,2177684
2002-05-16,11.9312,12.1277,11.7091,12.0679,2098254
2002-05-17,12.4353,12.525,11.944,11.9611,3918503
2002-05-20,12.9009,13.1188,12.6873,12.7941,4043387
2002-05-21,12.8668,13.0291,12.7941,12.9437,2439393
2002-05-22,12.9223,12.9778,12.7771,12.8155,1648071
2002-05-23,13.3068,13.3495,12.9223,12.9223,1899218
2002-05-24,12.9607,13.3452,12.8497,13.2427,1974746
2002-05-28,13.1359,13.1743,12.8369,12.9864,2306472
2002-05-29,12.9223,13.1359,12.9137,13.0077,1882689
2002-05-30,13.0334,13.0675,12.8668,12.9351,1902433
2002-05-31,13.217,13.2555,12.9949,13.0334,2002524
2002-06-03,12.7557,13.1359,12.713,13.1103,1653810
2002-06-04,12.8625,12.8796,12.5848,12.7301,1718089
2002-06-05,12.9009,12.9437,12.6788,12.8155,2153580
2002-06-06,12.7728,12.8582,12.6873,12.8369,1964186
2002-06-07,13.0077,13.0633,12.6489,12.6873,1597336
2002-06-10,13.2512,13.3068,12.9864,12.9864,1531909
2002-06-11,12.7087,13.5887,12.7087,13.3495,2042239
2002-06-12,12.8112,12.8924,12.5635,12.6873,1851009
2002-06-13,12.7813,12.9009,12.6318,12.7941,898300
2002-06-14,13.2256,13.2341,12.5805,12.7514,1071854
2002-06-17,13.499,13.5972,13.1359,13.2256,2399907
2002-06-18,13.6314,13.6699,13.499,13.499,1133607
2002-06-19,13.5631,13.6656,13.4862,13.6229,1451560
2002-06-20,13.5716,13.6912,13.3708,13.5417,2100090
2002-06-21,13.0846,13.5844,13.0804,13.499,1417125
2002-06-24,12.9864,13.1573,12.807,13.0932,1757115
2002-06-25,12.6745,12.9949,12.5165,12.9907,2154957
2002-06-26,12.7953,12.8124,12.3668,12.641,1543387
2002-06-27,13.2195,13.3181,12.791,12.8767,2072313
2002-06-28,13.4338,13.6695,13.1981,13.241,2523874
2002-07-01,12.941,13.3309,12.9196,13.3267,2377868
2002-07-02,12.4439,12.941,12.3839,12.8981,1874654
2002-07-03,12.5768,12.5853,12.084,12.4696,2074837
2002-07-05,13.1595,13.1981,12.5339,12.6196,1199953
2002-07-08,12.8553,13.0695,12.7268,12.9838,1589301
2002-07-09,12.4782,13.0695,12.3968,12.941,2603763
2002-07-10,11.9126,12.5768,11.7926,12.491,3405187
2002-07-11,12.641,12.641,11.3984,11.8483,2675848
2002-07-12,12.4739,12.8124,12.3882,12.6625,1718089
2002-07-15,12.4696,12.5725,11.9511,12.4054,1791780
2002-07-16,12.4996,12.791,12.1954,12.2768,2285581
2002-07-17,12.8553,12.9196,12.5639,12.6068,2286959
2002-07-18,12.4996,12.8981,12.4439,12.7696,2214416
2002-07-19,12.5125,12.7482,12.2339,12.3625,3176996
2002-07-22,11.9383,12.671,11.6555,12.3496,2115701
2002-07-23,11.7797,12.0154,11.5098,11.814,1794534
2002-07-24,11.9983,12.2125,11.1841,11.6126,2282598
2002-07-25,12.4182,12.7482,12.1054,12.1054,2545224
2002-07-26,12.7139,12.8082,12.3711,12.3839,2309686
2002-07-29,13.2624,13.4809,12.8896,12.9624,3221762
2002-07-30,13.6909,13.8152,13.091,13.2581,2546142
2002-07-31,13.9009,13.9608,13.2838,13.6909,2778695
2002-08-01,13.4552,14.0337,13.3909,13.9052,3382001
2002-08-02,13.9052,13.918,13.2838,13.3481,2415977
2002-08-05,13.3352,13.9052,13.1852,13.798,2412992
2002-08-06,13.8023,13.948,13.4209,13.5195,1503213
2002-08-07,14.098,14.1837,13.6266,13.8451,1903351
2002-08-08,14.5393,14.5908,13.9823,13.9908,1928374
2002-08-09,14.2522,14.6765,14.098,14.3122,2077134
2002-08-12,14.1794,14.3122,14.0723,14.2522,1366160
2002-08-13,13.798,14.1751,13.7766,14.1408,1441459
2002-08-14,14.2908,14.3551,13.8409,13.9266,1697428
2002-08-15,14.3637,14.5308,14.2265,14.3122,1538796
2002-08-16,14.4022,14.5265,14.2694,14.3551,1129016
2002-08-19,14.4622,14.5051,14.0551,14.3979,1336087
2002-08-20,14.128,14.3551,14.0551,14.3551,1968318
2002-08-21,14.2565,14.3122,14.0765,14.1494,1601927
2002-08-22,14.4622,14.5222,14.2308,14.2694,2032139
2002-08-23,14.3551,14.6336,14.3122,14.4665,1716022
2002-08-26,14.2608,14.3979,13.9737,14.3379,1262395
2002-08-27,13.9223,14.3422,13.798,14.3336,1373736
2002-08-28,13.7209,13.8409,13.6737,13.8409,1142560
2002-08-29,14.068,14.1622,13.6695,13.7123,1317262
2002-08-30,13.9908,14.1365,13.9223,14.0251,824378
2002-09-03,13.7123,13.948,13.558,13.8837,1691459
2002-09-04,14.2051,14.2522,13.648,13.7123,1296142
2002-09-05,13.8409,14.1408,13.8409,14.1408,1364783
2002-09-06,14.1108,14.188,13.948,13.948,1245178
2002-09-09,14.3336,14.4408,13.9266,14.1151,1235995
2002-09-10,14.4193,14.4965,14.2865,14.3551,1019742
2002-09-11,14.3422,14.6122,14.2437,14.4322,726124
2002-09-12,14.0551,14.3036,13.9651,14.098,1110651
2002-09-13,14.0551,14.1151,13.9608,14.0551,1339530
2002-09-16,13.9908,14.098,13.8666,13.948,1438245
2002-09-17,13.7723,13.9908,13.7723,13.948,1096418
2002-09-18,13.9694,14.2051,13.6266,13.6695,1355830
2002-09-19,13.6052,13.8409,13.5838,13.7552,1365472
2002-09-20,13.5923,13.7037,13.4552,13.6566,1525710
2002-09-23,13.2495,13.5409,13.1124,13.4338,1222910
2002-09-24,13.3138,13.3867,12.941,13.0695,1483240
2002-09-25,13.8794,13.9351,13.3909,13.4209,1922404
2002-09-26,14.1939,14.224,13.7513,13.9447,1983928
2002-09-27,13.8158,14.2885,13.8158,14.0865,1710972
2002-09-30,14.0693,14.1338,13.5579,13.7083,1515610
2002-10-01,14.181,14.3314,14.0736,14.2455,1908860
2002-10-02,14.2025,14.5033,14.0951,14.0951,1682965
2002-10-03,14.3658,14.6065,14.181,14.267,1464416
2002-10-04,14.0908,14.4389,14.0134,14.383,1256427
2002-10-07,13.7513,14.0306,13.4763,13.8802,1879706
2002-10-08,13.8888,13.9619,13.6697,13.8158,3139806
2002-10-09,13.515,13.8888,13.4419,13.8888,2768134
2002-10-10,13.5364,13.8158,13.197,13.515,1915977
2002-10-11,13.8888,14.0736,13.5364,13.6439,1635674
2002-10-14,14.1552,14.1595,13.386,13.429,1144857
2002-10-15,14.0951,14.5764,14.0736,14.4604,1940540
2002-10-16,13.5278,14.0091,13.4935,13.7513,4788337
2002-10-17,13.2356,13.9662,13.2356,13.7513,3807162
2002-10-18,13.0379,13.3001,12.8489,13.2356,1714186
2002-10-21,13.3431,13.4419,13.1497,13.1926,2654039
2002-10-22,12.995,13.1798,12.8919,13.0637,2215104
2002-10-23,12.8919,12.8919,12.3633,12.677,3021348
2002-10-24,12.72,12.9778,12.6469,12.8919,1491275
2002-10-25,12.9391,13.0251,12.634,12.677,1372589
2002-10-28,13.1024,13.4075,12.9993,13.1712,1525481
2002-10-29,13.2786,13.5579,13.0637,13.0852,3694213
2002-10-30,13.5794,13.6181,13.3001,13.3001,1634066
2002-10-31,13.5236,13.7943,13.4075,13.6009,2245178
2002-11-01,13.7943,13.8115,13.2571,13.5364,2221533
2002-11-04,13.7943,14.0951,13.7513,13.9748,1610192
2002-11-05,13.9232,14.0435,13.5622,13.79,1733469
2002-11-06,14.0521,14.2197,13.8373,13.9318,1686637
2002-11-07,13.747,14.0521,13.6396,14.0521,1475665
2002-11-08,13.9662,13.9748,13.5622,13.7943,2157712
2002-11-11,14.0736,14.3056,13.9447,14.2025,1884984
2002-11-12,14.1037,14.2412,13.9232,14.0736,1218089
2002-11-13,13.6095,14.0478,13.386,13.9962,2972680
2002-11-14,14.2842,14.2971,13.7814,13.7814,2305325
2002-11-15,14.4904,14.5893,14.2885,14.2885,1996096
2002-11-18,14.4389,14.5678,14.3744,14.499,946739
2002-11-19,14.1166,14.3959,14.0908,14.3744,1508953
2002-11-20,14.1939,14.2412,14.065,14.181,1160468
2002-11-21,14.31,14.3959,14.0306,14.2885,1990586
2002-11-22,14.7483,14.8299,14.2885,14.3142,1784204
2002-11-25,14.7354,14.8686,14.5721,14.8041,1460283
2002-11-26,14.5979,14.9545,14.4647,14.6967,1459365
2002-11-27,14.6537,14.7354,14.5807,14.7053,1480945
2002-11-29,14.4947,14.6967,14.4389,14.6967,503442
2002-12-02,14.4947,14.6752,14.4432,14.6108,1662074
2002-12-03,14.2713,14.4604,14.2068,14.4174,1338153
2002-12-04,14.1467,14.2197,13.9232,14.181,1391642
2002-12-05,14.2283,14.2584,13.9017,14.2455,799127
2002-12-06,14.1939,14.2197,14.0091,14.1595,1121212
2002-12-09,14.108,14.3744,14.0951,14.1166,1166666
2002-12-10,14.224,14.2455,13.9791,14.2154,1469466
2002-12-11,14.2842,14.2842,14.1166,14.1166,1090909
2002-12-12,14.2283,14.3959,14.181,14.3744,920568
2002-12-13,14.1381,14.2713,13.9447,14.224,1387051
2002-12-16,14.1982,14.2283,14.0263,14.1381,1514690
2002-12-17,14.2971,14.4604,14.2326,14.267,1149448
2002-12-18,14.2842,14.3572,14.1037,14.267,1044765
2002-12-19,14.3529,14.3744,14.2498,14.267,1626262
2002-12-20,14.7826,14.8471,14.3959,14.3959,2829889
2002-12-23,14.7998,14.7998,14.6752,14.7955,1304866
2002-12-24,14.7096,14.8213,14.7053,14.7998,801651
2002-12-26,14.7397,14.86,14.585,14.7397,1202478
2002-12-27,14.4474,14.6537,14.4474,14.6322,910237
2002-12-30,14.7826,14.8686,14.499,14.5291,1050733
2002-12-31,14.9975,15.0405,14.7182,14.7182,1701560
2003-01-02,15.2511,15.2554,15.0405,15.0405,2435950
2003-01-03,15.7882,15.8398,15.3413,15.4273,2431128
2003-01-06,16.3211,16.3598,15.5905,15.7495,4272727
2003-01-07,16.5016,16.8024,16.1234,16.2781,5690771
2003-01-08,16.6133,16.652,16.3727,16.5016,2595040
2003-01-09,16.6133,16.7164,16.5059,16.6434,2245866
2003-01-10,16.4371,16.6262,16.4199,16.5875,3648989
2003-01-13,16.3941,16.5789,16.3297,16.5746,3176307
2003-01-14,16.6391,16.6864,16.4156,16.5016,3209136
2003-01-15,16.6649,16.7551,16.5531,16.7379,2611339
2003-01-16,16.8024,16.8883,16.6606,16.6649,2694903
2003-01-17,16.9485,16.9657,16.7594,16.8024,2309686
2003-01-21,16.5789,16.97,16.5789,16.9141,2550733
2003-01-22,16.8454,16.9098,16.5488,16.5789,2842974
2003-01-23,16.927,17.0602,16.6821,16.9098,1471303
2003-01-24,16.9098,16.9657,16.7465,16.884,2134525
2003-01-27,16.5746,16.9313,16.5703,16.8239,2137051
2003-01-28,17.0915,17.1957,16.538,16.7464,2817272
2003-01-29,17.4235,17.5147,16.8961,17.0589,4724242
2003-01-30,16.9287,17.6319,16.9287,17.3845,4950757
2003-01-31,17.3975,17.4105,16.9287,16.9287,1787121
2003-02-03,17.3063,17.5082,17.0654,17.391,1464393
2003-02-04,16.9092,17.1891,16.8375,17.1761,2560303
2003-02-05,16.8896,17.1631,16.6618,17.0589,2051060
2003-02-06,16.9938,17.111,16.6162,16.792,2605606
2003-02-07,17.0068,17.3129,16.8115,17.3063,2094090
2003-02-10,17.6514,17.6514,16.9352,17.0068,2609848
2003-02-11,18.0681,18.1593,17.7751,17.7751,4675454
2003-02-12,17.8728,18.1267,17.6449,18.0681,3849545
2003-02-13,17.3519,17.9379,17.2217,17.9053,3673939
2003-02-14,17.3324,17.4496,17.2022,17.3519,2450454
2003-02-18,18.283,18.283,17.417,17.417,2725303
2003-02-19,17.9835,18.2635,17.9053,18.2635,1806969
2003-02-20,17.9119,18.1528,17.8988,17.9835,2434393
2003-02-21,18.003,18.1202,17.7686,17.9705,2062878
2003-02-24,17.9965,18.0746,17.8533,18.003,1451818
2003-02-25,17.8402,17.9639,17.4431,17.8728,1952424
2003-02-26,17.6384,17.7882,17.4821,17.723,2146969
2003-02-27,18.1853,18.2309,17.6384,17.6384,2557727
2003-02-28,18.589,18.6606,18.1007,18.2179,2948939
2003-03-03,18.3481,18.7192,18.2374,18.4914,2398636
2003-03-04,18.2439,18.4262,18.1528,18.309,2491969
2003-03-05,18.1984,18.4783,18.1397,18.296,2496818
2003-03-06,18.2244,18.2309,17.8728,18.003,2294393
2003-03-07,18.1658,18.3025,17.9119,17.9184,1979090
2003-03-10,17.8402,18.2179,17.8012,18.1984,1738181
2003-03-11,17.43,17.9314,17.404,17.8988,2720151
2003-03-12,17.4496,17.5863,17.3715,17.43,2127272
2003-03-13,17.9379,17.9379,17.4691,17.5733,3251969
2003-03-14,18.003,18.1332,17.7296,17.9379,1876363
2003-03-17,18.5825,18.6672,17.8598,17.8728,2148181
2003-03-18,18.7844,18.895,18.5695,18.6476,1991060
2003-03-19,18.7844,19.0773,18.6997,18.7844,3184242
2003-03-20,18.8169,18.882,18.563,18.7388,1498030
2003-03-21,18.7909,18.9471,18.6737,18.882,2096666
2003-03-24,18.0877,18.563,18.0681,18.5565,1656666
2003-03-25,18.9016,19.0448,18.1202,18.1202,1842727
2003-03-26,18.8299,19.2792,18.7583,18.7844,2836666
2003-03-27,18.7518,18.895,18.5174,18.6997,2448939
2003-03-28,18.9081,19.1099,18.5369,18.7518,2320303
2003-03-31,18.7192,19.1229,18.5239,18.7453,1526515
2003-04-01,19.2076,19.2271,18.6672,18.7648,1763333
2003-04-02,19.4029,19.6633,19.2596,19.4029,1834242
2003-04-03,19.4159,19.5657,19.2727,19.468,1376666
2003-04-04,19.442,19.6959,19.3769,19.481,1506666
2003-04-07,18.882,19.8391,18.8364,19.6959,2092272
2003-04-08,18.9471,19.0448,18.8364,18.9276,1393787
2003-04-09,18.55,19.0448,18.3611,18.9146,1541818
2003-04-10,18.5434,18.6802,18.3611,18.6476,1420909
2003-04-11,17.4952,18.5369,17.0849,18.2309,5945606
2003-04-14,17.5798,17.697,17.391,17.5603,2900909
2003-04-15,17.7621,17.7621,17.5733,17.6449,1916666
2003-04-16,17.124,17.8988,16.6682,17.8402,4498333
2003-04-17,17.072,17.124,16.8571,16.9938,3944090
2003-04-21,17.0459,17.2282,16.8766,17.0003,1085909
2003-04-22,17.2022,17.3129,16.831,16.8636,2012878
2003-04-23,17.2738,17.4756,17.1631,17.3845,2146969
2003-04-24,17.3194,17.417,17.2217,17.2542,3221363
2003-04-25,17.4886,17.5863,17.2803,17.3715,2761060
2003-04-28,18.1984,18.3416,17.4431,17.6449,3559393
2003-04-29,18.1137,18.4262,18.003,18.2309,2293333
2003-04-30,18.4067,18.6216,18.0291,18.1137,1655303
2003-05-01,18.5304,18.8234,18.3676,18.6216,1570757
2003-05-02,18.856,19.0123,18.5565,18.5565,1710303
2003-05-05,18.7323,19.2662,18.6216,18.9146,2097575
2003-05-06,19.0383,19.2336,18.7974,18.882,1864696
2003-05-07,19.0578,19.2336,18.8234,18.882,2220151
2003-05-08,17.8793,19.4485,17.5798,19.3703,6779545
2003-05-09,17.9574,18.3937,17.723,18.0681,3692272
2003-05-12,18.1007,18.257,17.8988,17.9574,2435909
2003-05-13,18.2439,18.4067,18.016,18.1007,1943181
2003-05-14,18.4262,18.5304,18.2635,18.309,1712878
2003-05-15,18.5044,18.6411,18.3351,18.4262,1613333
2003-05-16,18.2309,18.576,18.2309,18.5109,1279242
2003-05-19,18.309,18.6541,18.1788,18.4393,1786969
2003-05-20,18.2635,18.4002,18.0681,18.3286,2149393
2003-05-21,18.55,18.7388,18.257,18.27,1260606
2003-05-22,18.9471,19.1034,18.6281,18.6997,2295606
2003-05-23,18.856,19.0123,18.5695,18.9471,2143181
2003-05-27,19.2727,19.2727,18.7257,18.7518,1025454
2003-05-28,18.9471,19.175,18.882,19.1425,2230757
2003-05-29,18.6085,19.0773,18.5565,19.0448,3156060
2003-05-30,18.8039,19.0448,18.309,18.6216,2585606
2003-06-02,19.1099,19.5787,19.1034,19.5396,2578484
2003-06-03,18.6867,19.0773,18.4653,18.9471,1410454
2003-06-04,18.9732,19.0123,18.7778,18.8494,1456818
2003-06-05,20.1647,20.3861,18.7453,18.9667,4034090
2003-06-06,19.9173,20.9655,19.8977,20.9655,2156818
2003-06-09,19.455,20.1387,19.4224,19.9238,1415454
2003-06-10,19.6178,19.6633,19.4745,19.4745,1138636
2003-06-11,20.7051,20.7051,19.6698,19.7936,2647121
2003-06-12,21.5125,21.8771,20.7377,21.1479,4570454
2003-06-13,22.0985,22.1961,21.7469,21.9748,3390909
2003-06-16,23.0165,23.1988,22.1961,22.2026,3287121
2003-06-17,23.01,23.2119,22.7952,23.1142,3150757
2003-06-18,22.3133,23.2639,22.0594,22.984,2579848
2003-06-19,21.5581,22.2678,21.226,22.2157,2463636
2003-06-20,22.118,22.2678,21.545,21.8641,1755757
2003-06-23,21.9748,22.1375,21.8445,22.1375,2177575
2003-06-24,22.3394,22.3654,21.9813,22.0073,2683939
2003-06-25,22.2352,22.6259,22.105,22.2678,1598787
2003-06-26,22.7756,22.9384,22.1701,22.2092,1673636
2003-06-27,22.984,23.2444,22.8798,23.0165,2037424
2003-06-30,22.6389,23.0426,22.5021,22.984,1966666
2003-07-01,22.4761,22.6389,21.799,22.6389,1871515
2003-07-02,22.5282,22.6259,22.3133,22.5607,1361060
2003-07-03,22.984,23.1402,22.385,22.4175,950151
2003-07-07,23.0491,23.2444,22.9188,23.1793,1383484
2003-07-08,22.7235,23.0816,22.6128,23.0491,1827575
2003-07-09,22.4761,22.7887,22.4761,22.73,1778939
2003-07-10,22.0399,22.3068,21.9813,22.3003,1343636
2003-07-11,21.9683,22.131,21.7469,22.0073,2970757
2003-07-14,21.6883,22.3524,21.6883,22.0724,2333030
2003-07-15,21.1479,21.8055,21.1413,21.7143,2623636
2003-07-16,21.4278,21.506,21.1674,21.239,1537121
2003-07-17,20.9981,21.4799,20.7442,21.4343,1747575
2003-07-18,21.1413,21.3692,21.0437,21.3237,1062272
2003-07-21,20.64,21.1479,20.5749,21.1413,1196363
2003-07-22,20.2493,20.8939,20.1321,20.7702,2668030
2003-07-23,20.9265,20.9916,20.1451,20.347,3807121
2003-07-24,21.0632,21.3757,20.8418,21.3237,2101969
2003-07-25,21.2325,21.3237,20.8809,21.0632,1859242
2003-07-28,21.5841,21.6492,21.3562,21.4929,1376818
2003-07-29,21.4864,21.7469,21.2585,21.6101,1596060
2003-07-30,21.2911,21.4864,21.0697,21.4864,2527121
2003-07-31,21.9878,22.2352,21.3953,21.4213,2639242
2003-08-01,21.8445,21.9878,21.5385,21.7534,2073181
2003-08-04,22.3329,23.0165,21.851,22.984,4937727
2003-08-05,21.9422,22.5673,21.8641,22.2678,2448787
2003-08-06,21.5711,21.8706,21.4408,21.8445,1900757
2003-08-07,22.2352,22.2808,21.6492,21.6818,2791969
2003-08-08,22.2287,22.2678,21.3757,21.3757,2082575
2003-08-11,22.3329,22.3654,22.0594,22.2026,1433636
2003-08-12,22.7235,22.8668,22.4956,22.6259,2119848
2003-08-13,22.4631,22.9188,22.3264,22.8538,1973636
2003-08-14,22.5607,22.717,22.4566,22.691,2074696
2003-08-15,22.73,22.7365,22.4826,22.5933,839545
2003-08-18,22.7431,22.9384,22.691,22.8212,1107727
2003-08-19,23.3486,23.57,22.7365,22.7887,2957424
2003-08-20,23.4072,23.4463,23.01,23.2119,2189242
2003-08-21,24.3839,24.4164,23.5049,23.5049,3372424
2003-08-22,24.2666,24.742,24.1104,24.3839,2081060
2003-08-25,23.7393,24.2797,23.6741,24.2666,1382424
2003-08-26,23.5569,23.7393,23.2054,23.7393,1581666
2003-08-27,23.3681,23.6286,23.2379,23.5569,956666
2003-08-28,23.4267,23.5374,22.7887,23.4397,2527727
2003-08-29,23.7002,23.7002,23.2119,23.4267,1779242
2003-09-02,23.6872,23.9606,23.5049,23.7653,2217121
2003-09-03,23.57,23.7067,23.3942,23.7002,2063333
2003-09-04,23.57,23.7002,23.4788,23.57,2242272
2003-09-05,23.7913,23.8109,23.3942,23.5049,1990303
2003-09-08,24.4034,24.475,23.6937,23.6937,3084090
2003-09-09,25.0675,25.2628,24.3773,24.4099,3395151
2003-09-10,25.3605,25.5688,24.8852,25.0675,2641818
2003-09-11,25.2042,25.9205,24.9308,25.367,1955000
2003-09-12,25.393,25.4126,24.9894,25.328,2355000
2003-09-15,25.7251,25.8814,25.4321,25.6209,2587575
2003-09-16,26.0767,26.3313,25.7837,25.7837,2266212
2003-09-17,26.0051,26.4674,25.8879,26.0767,1694393
2003-09-18,26.2265,26.2395,25.8879,26.1418,3167575
2003-09-19,26.22,26.4609,26.1158,26.3046,2172727
2003-09-22,25.5363,26.2265,25.2303,26.22,2568787
2003-09-23,25.5233,25.8749,25.393,25.5363,1752272
2003-09-24,25.0219,25.5135,24.9698,25.5037,2343181
2003-09-25,24.3188,25.0219,24.2536,25.0219,3104545
2003-09-26,24.4948,24.7034,24.1362,24.4622,1881212
2003-09-29,24.8143,24.9381,24.4165,24.5013,2237727
2003-09-30,25.1989,25.4923,24.8143,24.8143,2676515
2003-10-01,25.4271,25.5445,25.1402,25.1989,2340303
2003-10-02,26.9267,27.194,25.3684,25.4271,5273939
2003-10-03,27.3309,27.9046,27.3178,27.872,6308636
2003-10-06,27.3244,27.8068,27.2526,27.8068,2423939
2003-10-07,27.4808,27.4874,26.9527,27.1809,1873484
2003-10-08,27.2461,27.6634,27.1744,27.4874,1892272
2003-10-09,27.6103,28.4005,27.3435,27.7683,2145900
2003-10-10,27.6695,27.9263,27.5114,27.8572,1602400
2003-10-13,27.8177,28.0153,27.7288,27.7387,930300
2003-10-14,27.8078,28.035,27.6596,27.8572,1048100
2003-10-15,27.6399,28.0548,27.4127,28.035,1083800
2003-10-16,27.4127,27.8374,27.1657,27.6399,1314000
2003-10-17,26.6718,27.6201,26.573,27.5609,2067100
2003-10-20,26.7804,26.9286,26.5631,26.8694,1473400
2003-10-21,27.6991,27.709,26.8694,26.9188,1616100
2003-10-22,27.0669,27.6991,24.8739,27.6991,1261900
2003-10-23,27.2744,27.3929,26.7212,26.82,1308900
2003-10-24,27.0669,27.2744,26.8298,27.2744,1254600
2003-10-27,25.8716,26.6718,24.706,24.706,3465800
2003-10-28,25.4271,25.9902,24.8443,25.8716,3955500
2003-10-29,24.3997,25.1801,23.7675,24.8937,4824000
2003-10-30,24.2812,25.3481,23.4317,25.3481,4897200
2003-10-31,23.8663,24.3207,23.4613,24.2812,3369600
2003-11-03,23.57,24.3405,23.4317,24.2022,3721706
2003-11-04,23.3625,23.728,23.3625,23.5798,2305614
2003-11-05,24.0639,24.1232,23.1155,23.2341,2667500
2003-11-06,24.1627,24.3405,23.8465,24.2022,1719500
2003-11-07,24.2516,24.5282,24.1627,24.3997,1869500
2003-11-10,23.7083,24.4491,23.6687,24.4491,1594300
2003-11-11,22.1771,22.187,19.7559,20.7447,15364400
2003-11-12,23.1649,23.3526,21.8116,22.1474,5872100
2003-11-13,22.5722,23.2934,22.0289,22.9674,4989900
2003-11-14,22.7994,23.2045,22.6611,22.7204,2903900
2003-11-17,22.6809,22.7698,22.4043,22.7006,1484200
2003-11-18,22.75,23.0464,22.6611,22.6611,1702100
2003-11-19,22.8192,22.9871,22.5228,22.75,1184900
2003-11-20,23.0859,23.2934,22.7204,22.9674,2064700
2003-11-21,22.8686,23.1057,22.7994,23.0958,1667400
2003-11-24,23.4317,24.0046,23.2143,23.7083,2628300
2003-11-25,24.3997,24.8443,24.301,24.6467,3722500
2003-11-26,25.3777,25.684,24.8443,25.684,4545200
2003-11-28,25.0122,25.5061,24.9431,25.4864,688800
2003-12-01,25.763,25.8025,25.19,25.2394,2255700
2003-12-02,25.3086,25.7136,25.2888,25.684,1554700
2003-12-03,25.3086,25.6741,25.2789,25.2888,1212700
2003-12-04,25.2888,25.4271,25.0715,25.2394,1102900
2003-12-05,25.0715,25.2394,24.8937,25.2394,1041200
2003-12-08,25.4567,25.5259,25.111,25.3382,1152900
2003-12-09,25.269,25.8321,25.2098,25.5358,1488800
2003-12-10,24.5973,25.3185,24.2022,25.3086,1751500
2003-12-11,24.8937,25.1406,24.4886,24.5479,1940300
2003-12-12,24.9134,25.1406,24.6171,25.1406,1688800
2003-12-15,25.0517,25.2592,24.7949,24.9925,1514600
2003-12-16,24.9134,25.0221,24.7751,24.8443,1216700
2003-12-17,25.358,25.4666,24.8443,25.0122,1441100
2003-12-18,25.4271,25.7531,25.2592,25.3185,1957000
2003-12-19,25.111,25.3876,24.9925,25.3086,1733200
2003-12-22,24.6862,25.111,24.4985,25.111,1562100
2003-12-23,24.6961,24.8443,24.4985,24.8443,1417300
2003-12-24,24.6961,24.9035,24.5677,24.7455,398600
2003-12-26,24.8443,24.8937,24.6961,24.6961,330900
2003-12-29,24.9827,25.2201,24.9234,24.9729,1043900
2003-12-30,24.9827,25.2102,24.9135,25.0223,670200
2003-12-31,24.9729,25.0223,24.7355,24.9729,759100
2004-01-02,24.8443,25.0816,24.7355,24.9234,895300
2004-01-05,24.3794,24.9729,24.2311,24.9234,2087200
2004-01-06,23.8552,24.4783,23.5388,24.3893,3382200
2004-01-07,23.9937,24.0432,23.6476,23.8256,1838300
2004-01-08,24.0333,24.2607,23.8651,24.0531,1516600
2004-01-09,24.4586,24.6267,23.9146,24.0333,1664600
2004-01-12,24.3794,24.6267,24.1717,24.4586,1505500
2004-01-13,24.3893,24.6564,24.2904,24.6465,1413500
2004-01-14,24.7553,24.8146,24.4882,24.6069,1379600
2004-01-15,24.5377,24.8443,24.4586,24.8245,1619000
2004-01-16,24.3399,24.6366,24.2707,24.5476,1971600
2004-01-20,25.2696,25.6157,24.3696,24.3794,3889000
2004-01-21,25.141,25.4278,24.8344,25.1707,3202800
2004-01-22,25.2201,25.5168,25.0025,25.3685,2092600
2004-01-23,25.4674,25.6256,25.319,25.5168,1713200
2004-01-26,25.5366,25.7146,25.408,25.5168,1614300
2004-01-27,25.3487,25.7146,25.0816,25.7146,2190000
2004-01-28,24.7454,25.5168,24.7355,25.3586,1490400
2004-01-29,24.2509,24.7553,23.7465,24.7553,3073400
2004-01-30,24.1223,24.2904,23.8355,24.2509,1123100
2004-02-02,24.0827,24.5179,23.8849,24.2113,1760600
2004-02-03,24.4289,24.6761,24.0827,24.1816,1203900
2004-02-04,24.2311,24.5476,24.0135,24.4388,2104800
2004-02-05,24.3992,24.6168,24.2113,24.2509,1249700
2004-02-06,24.7058,24.7256,24.4289,24.4487,1025100
2004-02-09,25.0718,25.3388,24.7948,24.8739,1467700
2004-02-10,25.1608,25.23,24.9224,25.0718,1421900
2004-02-11,24.3696,26.0608,24.1618,26.0608,3266100
2004-02-12,24.33,24.6761,24.2607,24.3794,1498900
2004-02-13,24.0432,24.3399,23.9146,24.33,1331200
2004-02-17,24.1618,24.3696,24.1124,24.1816,1848100
2004-02-18,23.9344,24.2311,23.786,24.1816,1243700
2004-02-19,23.6476,24.0827,23.6377,23.9838,1461000
2004-02-20,23.4399,23.7662,22.9355,23.6476,2107600
2004-02-23,23.3113,23.7267,23.2618,23.6377,1250300
2004-02-24,23.1234,23.3904,22.9849,23.2915,1283800
2004-02-25,23.2915,23.3508,23.0146,23.1629,1164300
2004-02-26,22.8761,23.341,22.6981,23.341,2424300
2004-02-27,23.2421,23.7465,22.9454,22.9948,1835500
2004-03-01,23.4201,23.5388,23.2421,23.4399,1418500
2004-03-02,23.1629,23.4399,23.0146,23.341,1232900
2004-03-03,23.341,23.4695,22.9948,23.2421,1794600
2004-03-04,23.4597,23.5684,23.2816,23.5091,841600
2004-03-05,23.8948,24.0531,23.2717,23.4695,1019000
2004-03-08,23.4893,23.9344,23.43,23.8948,1604000
2004-03-09,23.2421,23.5882,23.0541,23.4893,1374100
2004-03-10,22.7475,23.4201,22.6289,23.2421,1089000
2004-03-11,22.6783,22.8761,22.3618,22.5003,1640100
2004-03-12,23.0245,23.0937,22.6783,22.7179,987400
2004-03-15,22.2926,22.9058,22.253,22.797,1314400
2004-03-16,22.2926,22.6684,22.1541,22.4805,1243900
2004-03-17,22.8168,22.886,22.3915,22.5102,1076100
2004-03-18,21.9168,22.6981,21.7091,22.253,3176500
2004-03-19,22.2333,22.342,21.7684,21.9168,2098900
2004-03-22,21.9563,22.0948,21.7783,21.9069,1620300
2004-03-23,22.1245,22.3519,22.0552,22.0552,1408400
2004-03-24,23.0838,23.5388,21.9563,22.1541,4942800
2004-03-25,22.8662,23.1728,22.8465,23.1432,2536800
2004-03-26,22.9948,23.8454,22.3519,22.3519,3083200
2004-03-29,22.797,23.2322,22.7673,23.2124,1658400
2004-03-30,22.4212,22.8662,22.2135,22.797,2011700
2004-03-31,22.4805,22.7377,22.441,22.5794,1656000
2004-04-01,22.9058,23.0838,22.4805,22.5992,1536400
2004-04-02,23.0838,23.4597,22.8069,23.3904,1219500
2004-04-05,23.4794,23.4893,23.0146,23.4893,1165000
2004-04-06,23.4597,23.519,23.2421,23.4794,1605200
2004-04-07,23.4201,23.5882,23.2618,23.2915,1269400
2004-04-08,23.0739,23.4695,22.8465,23.4399,806300
2004-04-12,23.4399,23.5388,23.1036,23.2915,975500
2004-04-13,22.7377,23.608,22.6486,23.4399,1140800
2004-04-14,22.7871,23.0344,22.2135,22.6486,1669600
2004-04-15,22.9454,23.2025,22.6486,22.8959,1805000
2004-04-16,22.53,23.2223,22.4805,22.9948,2029500
2004-04-19,22.5992,22.8168,22.4805,22.708,1551900
2004-04-20,23.3508,24.0036,23.2717,23.5882,3500300
2004-04-21,23.5882,23.7069,23.3904,23.5586,2166500
2004-04-22,24.063,24.1717,23.5388,23.6377,31417200
2004-04-23,24.0432,24.6761,23.9542,24.2707,3810000
2004-04-26,24.152,24.5871,24.063,24.0827,1866000
2004-04-27,24.3201,24.6465,24.2311,24.2311,2095500
2004-04-28,24.1322,24.4289,23.786,24.33,1880600
2004-04-29,23.1926,24.0926,23.1234,24.0827,4566700
2004-04-30,22.6585,23.3706,22.6585,23.2421,2215600
2004-05-03,22.9256,23.0937,22.6486,22.8662,2512000
2004-05-04,22.6388,23.064,22.4311,22.9454,2041400
2004-05-05,22.8168,23.0443,22.5522,22.7475,3126800
2004-05-06,22.6684,22.9552,22.3519,22.8267,1917600
2004-05-07,22.1344,22.8267,22.1245,22.5497,1412900
2004-05-10,21.6794,22.3025,21.5113,22.075,2509200
2004-05-11,22.342,23.3311,21.5113,22.1442,4803400
2004-05-12,23.3904,23.5882,22.2234,22.342,3841300
2004-05-13,23.7366,23.7662,23.3311,23.4893,3164600
2004-05-14,23.9245,24.2311,23.4893,23.7366,2171700
2004-05-17,23.6476,23.786,23.43,23.6871,1595600
2004-05-18,23.7662,24.0135,23.6574,23.8355,2012200
2004-05-19,23.9344,24.1816,23.786,23.8355,2716800
2004-05-20,23.2124,23.8849,22.8563,23.8849,2410600
2004-05-21,22.4607,23.1234,22.3025,23.0937,3436400
2004-05-24,22.0849,22.3816,21.808,22.3025,3418300
2004-05-25,22.4311,22.441,21.8475,21.8574,2648600
2004-05-26,22.2629,22.5893,22.0849,22.4311,2078600
2004-05-27,21.9168,22.342,21.8277,22.2333,3423400
2004-05-28,22.0651,22.2333,21.8673,21.9563,1772900
2004-06-01,22.342,22.4014,21.9069,22.0058,1430000
2004-06-02,22.4014,22.5596,22.2333,22.4508,1304000
2004-06-03,22.1541,22.5992,22.1541,22.4014,968700
2004-06-04,22.2629,22.4706,22.1838,22.3519,870300
2004-06-07,22.4607,22.53,22.164,22.4508,969200
2004-06-08,22.4311,22.5893,22.2926,22.4706,858300
2004-06-09,22.2432,22.5201,22.2036,22.4311,1471400
2004-06-10,22.4607,23.0146,22.253,22.5992,1833300
2004-06-14,22.2135,22.6981,22.2135,22.5003,1136800
2004-06-15,22.1245,22.4706,21.9959,22.3025,1676000
2004-06-16,22.075,22.3321,21.9168,22.0849,1581000
2004-06-17,21.808,22.1047,21.7387,22.0256,2046600
2004-06-18,22.1344,22.253,21.808,21.808,1650500
2004-06-21,22.1541,22.342,22.0552,22.0849,1262100
2004-06-22,22.1739,22.2234,21.9069,22.0552,1267200
2004-06-23,20.631,21.4025,19.5827,21.4025,12337800
2004-06-24,20.908,21.7585,20.7992,21.5113,4979700
2004-06-25,20.819,20.997,20.7299,20.9179,3961100
2004-06-28,19.9288,20.9574,19.8299,20.7893,3586400
2004-06-29,19.9288,19.9783,19.7904,19.8101,2326000
2004-06-30,20.0277,20.1662,19.9288,19.9387,2060300
2004-07-01,20.2552,20.4233,19.8992,20.3244,2565800
2004-07-02,19.9981,20.1167,19.909,20.0277,1248000
2004-07-06,19.8497,19.9783,19.7112,19.8299,1738900
2004-07-07,19.7508,19.8893,19.4244,19.7805,2258300
2004-07-08,19.4937,19.7508,19.464,19.7409,2289800
2004-07-09,19.5135,19.5135,19.286,19.4343,2445700
2004-07-12,19.3948,19.5332,19.2959,19.5135,1965300
2004-07-13,19.3255,19.4343,19.286,19.3948,1100800
2004-07-14,19.1574,19.5728,18.8904,19.375,1883000
2004-07-15,19.2464,19.5728,19.1079,19.1574,1248900
2004-07-16,19.2563,19.5728,19.197,19.3354,1435900
2004-07-19,19.2365,19.3948,19.098,19.3156,1665500
2004-07-20,19.286,19.3849,19.1178,19.3354,1290200
2004-07-21,18.742,19.4145,18.7123,19.2959,1315900
2004-07-22,18.6134,18.92,18.4255,18.5936,1572300
2004-07-23,18.3068,18.4552,18.0101,18.4156,2049500
2004-07-26,15.3398,16.5662,14.9936,16.3683,25966600
2004-07-27,14.5881,15.4782,14.0837,15.409,12999000
2004-07-28,14.6771,14.8354,14.4892,14.598,6803500
2004-07-29,14.6672,14.8057,14.3309,14.7859,5827300
2004-07-30,14.6573,14.776,14.5584,14.6771,4810200
2004-08-02,14.5288,14.7068,14.4002,14.6573,3508300
2004-08-03,15.1914,15.3299,14.5386,14.5881,5705500
2004-08-04,15.4782,15.5277,14.8749,15.1914,6514100
2004-08-05,15.3299,15.8343,15.231,15.2804,5356100
2004-08-06,14.9639,15.3299,14.8255,15.2903,2520100
2004-08-09,14.8156,15.0233,14.7364,14.8551,1934900
2004-08-10,15.2112,15.2606,14.8156,14.8156,2481500
2004-08-11,15.3299,15.6661,15.0035,15.2112,3077600
2004-08-12,15.6958,15.7452,15.3694,15.6562,4263600
2004-08-13,15.8244,16.0815,15.6859,15.8244,3218800
2004-08-16,16.1211,16.1211,15.6266,15.8244,2050600
2004-08-17,15.1914,16.3584,14.7266,16.1211,9055200
2004-08-18,15.409,15.5672,15.0826,15.231,4047300
2004-08-19,17.0112,17.1497,16.1507,16.5167,19210600
2004-08-20,16.7046,16.9914,16.6057,16.8134,7321600
2004-08-23,16.9716,17.6046,16.853,17.6046,5568000
2004-08-24,16.8431,17.1101,16.7264,17.1101,3350800
2004-08-25,17.1101,17.1398,16.7343,16.8431,2968700
2004-08-26,16.9321,17.3079,16.8826,17.1101,2226700
2004-08-27,17.2189,17.2683,16.8925,16.9321,2082900
2004-08-30,17.0706,17.3673,16.9914,17.209,3065900
2004-08-31,17.2288,17.2486,17.0706,17.0706,2179100
2004-09-01,17.209,17.2486,17.0211,17.209,1912900
2004-09-02,17.2486,17.3178,17.1002,17.2486,1476000
2004-09-03,17.3673,17.4464,17.2881,17.3079,1630000
2004-09-07,17.8815,17.8815,17.2486,17.3771,3698700
2004-09-08,17.9804,18.2673,17.8617,17.8815,5796100
2004-09-09,18.1881,18.1881,17.9706,17.9804,2988200
2004-09-10,18.1288,18.287,18.0497,18.198,2270700
2004-09-13,18.8409,18.9794,18.0991,18.198,4314400
2004-09-14,18.9101,19.0288,18.7123,18.8409,3089800
2004-09-15,18.6233,19.0387,18.5739,18.9893,1822500
2004-09-16,19.2266,19.2266,18.6332,18.6332,4272400
2004-09-17,19.2761,19.3354,19.1475,19.2167,3154700
2004-09-20,18.8211,19.2761,18.6035,19.2761,2621200
2004-09-21,18.8409,18.9893,18.746,18.831,2138400
2004-09-22,18.4947,18.7915,18.4057,18.7915,2956600
2004-09-23,18.1189,18.5046,18.0299,18.5046,3818800
2004-09-24,18.2178,18.2673,18.0497,18.0893,3325400
2004-09-27,18.0101,18.2178,17.9211,18.2178,1864300
2004-09-28,17.8222,18.1189,17.7035,18.0299,2165100
2004-09-29,17.842,18.0893,17.7035,18.0002,1653600
2004-09-30,17.8024,17.931,17.6244,17.8222,1190400
2004-10-01,18.0991,18.198,17.8024,17.8519,1099100
2004-10-04,17.9607,18.2079,17.8914,18.0497,1547400
2004-10-05,17.9211,18.0991,17.8123,18.02,1078800
2004-10-06,17.6838,18.0002,17.6046,17.9804,1829900
2004-10-07,17.1991,17.6541,17.1101,17.5552,3009100
2004-10-08,17.1101,17.3376,17.0112,17.2189,1420100
2004-10-11,17.2585,17.4958,17.12,17.1892,2774800
2004-10-12,17.12,17.387,17.1101,17.2683,2539500
2004-10-13,17.5651,17.8519,17.1101,17.12,5009900
2004-10-14,17.2387,17.4464,17.1596,17.3277,3386100
2004-10-15,17.3277,17.387,17.209,17.3277,1586500
2004-10-18,17.4563,17.5552,17.3079,17.387,2349600
2004-10-19,17.2486,17.5354,17.209,17.4365,1396600
2004-10-20,17.4266,17.4563,17.1299,17.1596,2611200
2004-10-21,16.8134,17.1596,16.2991,16.4178,5091300
2004-10-22,16.7738,16.8035,16.5958,16.7541,1298100
2004-10-25,16.4771,16.5958,16.22,16.5958,1924200
2004-10-26,16.7936,16.8233,16.3236,16.487,1738300
2004-10-27,16.9914,17.1299,16.6156,16.6552,2817700
2004-10-28,17.1892,17.3277,16.9222,17.209,6707400
2004-10-29,17.031,17.2189,16.9222,17.1299,1911200
2004-11-01,16.7738,17.0804,16.7541,16.9914,2045500
2004-11-02,16.2991,17.1101,16.22,16.7343,2100400
2004-11-03,16.4573,16.8035,16.3782,16.5958,2003700
2004-11-04,16.2398,16.5464,16.0618,16.4178,2690000
2004-11-05,16.6057,16.6354,16.1804,16.2101,1877600
2004-11-08,16.6453,16.8233,16.6057,16.6156,817800
2004-11-09,16.7639,16.8134,16.6354,16.7343,1384600
2004-11-10,17.1793,17.1892,16.6453,16.7639,9155400
2004-11-11,17.2486,17.387,17.0409,17.2387,1797300
2004-11-12,17.0508,17.3574,16.9519,17.1497,2943500
2004-11-15,17.0112,17.1695,16.8332,16.9222,2064200
2004-11-16,16.9123,17.1596,16.8629,16.9123,1129300
2004-11-17,17.0112,17.2683,16.8629,16.8629,2847000
2004-11-18,16.9716,17.0903,16.8727,17.0903,1079900
2004-11-19,18.6728,19.7805,16.665,17.0211,24510600
2004-11-22,18.4453,18.6728,18.0497,18.3167,4872500
2004-11-23,18.1189,18.3464,18.0991,18.3464,2667800
2004-11-24,18.3563,18.4354,18.0002,18.0793,1994800
2004-11-26,18.3958,18.4453,18.287,18.2969,342500
2004-11-29,18.1387,18.3365,18.0002,18.3167,2099700
2004-11-30,17.9607,18.2475,17.8519,17.9508,4233500
2004-12-01,18.1189,18.1189,17.8815,17.8815,1643000
2004-12-02,18.02,18.0893,17.9112,17.9706,1983500
2004-12-03,18.1486,18.1783,17.9211,17.9508,1932000
2004-12-06,17.8717,18.0596,17.8617,18.0398,1039100
2004-12-07,17.6738,17.9013,17.6046,17.8024,1910000
2004-12-08,17.842,17.9013,17.5947,17.6046,1186800
2004-12-09,17.9112,18.6431,17.6244,17.753,2895100
2004-12-10,17.8024,17.8717,17.6738,17.7826,1269300
2004-12-13,18.1288,18.1585,17.7826,17.8024,1646100
2004-12-14,18.2772,18.2772,17.9706,18.0497,2392200
2004-12-15,17.8123,18.2969,17.7826,18.198,2822900
2004-12-16,17.7826,17.931,17.7035,17.8222,1901700
2004-12-17,17.8024,18.198,17.7431,17.7826,3749700
2004-12-20,17.6442,17.9211,17.5156,17.7728,2712400
2004-12-21,17.5749,17.7035,17.5057,17.6442,1453900
2004-12-22,17.4167,17.5848,17.4068,17.5552,3379100
2004-12-23,17.6145,17.753,17.387,17.4068,2557100
2004-12-27,17.4958,17.5848,17.4266,17.5848,1535800
2004-12-28,17.3673,17.5453,17.2683,17.4266,1212500
2004-12-29,17.4068,17.4662,17.3079,17.3376,998600
2004-12-30,17.3969,17.5057,17.3277,17.3574,1235000
2004-12-31,17.4859,17.5255,17.3277,17.3277,1035500
2005-01-03,17.3673,17.5453,17.3079,17.4365,1252000
2005-01-04,17.0013,17.4365,16.9618,17.387,1657100
2005-01-05,16.8431,17.0409,16.8035,17.0013,1299700
2005-01-06,16.9914,17.1398,16.8727,16.9321,1108200
2005-01-07,16.942,17.0804,16.8629,16.9815,737400
2005-01-10,17.0409,17.0903,16.8233,16.8629,635300
2005-01-11,16.9815,17.0112,16.8332,16.9618,569300
2005-01-12,17.3771,17.6541,17.1101,17.3079,5196100
2005-01-13,16.8826,17.4068,16.8332,17.4068,2996600
2005-01-14,17.0211,17.0903,16.8332,16.8727,2261700
2005-01-18,16.853,17.209,16.7145,17.0804,2745600
2005-01-19,16.6749,16.9716,16.665,16.8629,3115900
2005-01-20,16.7145,16.8332,16.5859,16.6156,1807200
2005-01-21,16.3683,16.8035,16.3683,16.7145,1854100
2005-01-24,16.1705,16.5562,16.131,16.3683,2690700
2005-01-25,16.131,16.3189,15.9233,16.1903,2104600
2005-01-26,16.0222,16.2694,16.0123,16.131,1804100
2005-01-27,16.4573,16.6947,15.9628,15.9628,2581700
2005-01-28,16.4178,16.665,16.1606,16.5167,952700
2005-01-31,16.4475,16.7145,16.2694,16.665,1297800
2005-02-01,16.6057,16.6255,16.3881,16.4178,1188300
2005-02-02,16.7639,16.7936,16.4771,16.5859,1113600
2005-02-03,15.9826,16.2991,15.3299,15.8244,5090700
2005-02-04,16.0815,16.1409,15.9431,15.9826,1243500
2005-02-07,15.9332,16.0222,15.8738,15.9826,941000
2005-02-08,15.9529,15.9628,15.854,15.9233,809200
2005-02-09,15.7354,16.0618,15.6562,15.9233,1204800
2005-02-10,15.7749,15.8145,15.498,15.7452,2214300
2005-02-11,16.0815,16.1211,15.7057,15.7551,1061100
2005-02-14,15.7749,16.0618,15.7255,16.0618,1871800
2005-02-15,15.7057,15.765,15.5969,15.765,1489800
2005-02-16,15.7156,15.7452,15.5475,15.7057,1396100
2005-02-17,15.7255,15.8031,15.5771,15.6562,886800
2005-02-18,15.9727,16.0618,15.6463,15.7354,794300
2005-02-22,16.5068,16.9123,16.0321,16.0716,2949200
2005-02-23,16.7442,16.8035,16.3288,16.7145,2068700
2005-02-24,16.942,17.0013,16.5266,16.7442,2055100
2005-02-25,16.7541,17.0112,16.5958,16.6156,1696600
2005-02-28,17.4068,17.4563,16.9914,17.4464,8224000
2005-03-01,17.6244,17.9804,17.3178,17.3475,5399600
2005-03-02,17.4266,17.6936,17.3277,17.6046,1135200
2005-03-03,17.5453,17.5947,17.3178,17.387,1275500
2005-03-04,17.4563,17.6838,17.3079,17.5848,1429100
2005-03-07,17.8815,17.8815,17.4662,17.4662,2870600
2005-03-08,17.8222,17.8914,17.5552,17.8815,2072100
2005-03-09,17.8024,17.9013,17.664,17.7826,2833700
2005-03-10,17.8123,17.9903,17.6442,17.8123,2226000
2005-03-11,17.5552,17.8519,17.5057,17.8123,2066600
2005-03-14,17.5947,17.6343,17.5057,17.5552,1227500
2005-03-15,17.7134,17.7332,17.5552,17.5947,1234000
2005-03-16,17.5453,17.6838,17.5057,17.664,1149400
2005-03-17,17.5651,17.6244,17.4563,17.5552,945500
2005-03-18,17.6838,17.7035,17.4365,17.5552,1726400
2005-03-21,17.5651,17.6936,17.209,17.5552,1669800
2005-03-22,17.4958,17.7629,17.4958,17.5552,1579300
2005-03-23,17.7035,17.7233,17.4958,17.5255,2608100
2005-03-24,17.5947,17.753,17.5255,17.7233,827700
2005-03-28,17.6343,17.7332,17.5354,17.6343,1052800
2005-03-29,17.4856,17.6739,17.3668,17.6441,1263300
2005-03-30,17.5154,17.6541,17.3866,17.5253,1490800
2005-03-31,17.555,17.6045,17.4559,17.5352,1718900
2005-04-01,17.4658,17.7333,17.3569,17.6342,1728600
2005-04-04,17.3767,17.446,17.2875,17.4163,2299800
2005-04-05,17.347,17.4757,17.3271,17.4361,2292000
2005-04-06,17.337,17.4163,17.2677,17.3767,1508300
2005-04-07,17.2974,17.3767,17.2182,17.3668,1381900
2005-04-08,17.2875,17.4163,17.238,17.3866,1206200
2005-04-11,17.2974,17.3271,17.2083,17.3172,933900
2005-04-12,17.2083,17.2974,17.0695,17.2974,1390400
2005-04-13,17.129,17.2479,17.0795,17.1587,1265900
2005-04-14,17.0894,17.1884,16.9903,17.1686,1292300
2005-04-15,16.703,17.1389,16.6733,16.9903,2206400
2005-04-18,16.6336,16.7129,16.5148,16.6436,2213400
2005-04-19,16.5247,16.6832,16.495,16.5841,1631400
2005-04-20,16.3662,16.5445,16.3464,16.495,1706000
2005-04-21,16.495,16.594,16.3662,16.3959,3955500
2005-04-22,16.5049,16.594,16.4355,16.4751,817100
2005-04-25,16.5346,16.594,16.4157,16.5445,681800
2005-04-26,16.3959,16.5049,16.3563,16.4652,547400
2005-04-27,16.3761,16.4454,16.3166,16.3464,843800
2005-04-28,16.3761,16.5346,16.3265,16.3761,648000
2005-04-29,16.3464,16.4454,16.3067,16.386,1785300
2005-05-02,16.2275,16.4355,16.1978,16.2968,1382300
2005-05-03,16.168,16.4652,16.168,16.2671,2253800
2005-05-04,16.3067,16.3464,16.1581,16.2473,877400
2005-05-05,16.168,16.277,16.1482,16.277,812900
2005-05-06,16.1779,16.2473,16.0888,16.2275,509200
2005-05-09,16.2374,16.277,16.0987,16.1383,567300
2005-05-10,16.1383,16.2374,16.069,16.1879,644900
2005-05-11,16.2076,16.2275,16.059,16.0987,1047400
2005-05-12,15.9204,16.1284,15.8312,16.0987,1815600
2005-05-13,15.8609,15.9501,15.7519,15.851,1620200
2005-05-16,15.5835,15.8411,15.5241,15.8114,1776900
2005-05-17,15.3557,15.6231,15.0684,15.5439,3114400
2005-05-18,15.4547,15.4944,15.217,15.2863,2847400
2005-05-19,15.8312,15.8609,15.425,15.4944,2119600
2005-05-20,15.9798,16.0888,15.5736,15.7321,1130600
2005-05-23,16.2572,16.3464,15.742,15.9005,1122800
2005-05-24,16.386,16.4454,16.1185,16.1482,1009400
2005-05-25,16.3365,16.495,16.2671,16.3067,2152400
2005-05-26,16.495,16.5445,16.2869,16.3959,724100
2005-05-27,16.495,16.5841,16.3959,16.5445,1082400
2005-05-31,16.3464,16.4751,16.2671,16.4454,1050700
2005-06-01,17.0795,17.4757,16.1482,16.2671,5783500
2005-06-02,16.8021,17.0695,16.7922,17.0596,1784700
2005-06-03,16.8021,16.8714,16.6039,16.6238,1293400
2005-06-06,16.812,16.9111,16.6634,16.7525,589200
2005-06-07,16.812,16.9309,16.7597,16.812,799100
2005-06-08,17.1092,17.1488,16.812,16.9111,814200
2005-06-09,17.129,17.2479,17.0002,17.1191,963400
2005-06-10,17.238,17.3965,17.1389,17.1884,1952900
2005-06-13,17.5352,17.5847,17.1389,17.1884,1617300
2005-06-14,19.3977,19.4175,18.6249,18.9519,17700700
2005-06-15,19.6652,19.8435,19.5166,19.5166,6516200
2005-06-16,19.5067,19.7345,19.467,19.7345,2997000
2005-06-17,19.4967,19.685,19.467,19.685,2234900
2005-06-20,19.4769,19.5166,19.2194,19.4868,2390900
2005-06-21,19.259,19.5067,19.1698,19.4472,3677300
2005-06-22,18.9717,19.3085,18.9717,19.259,1590600
2005-06-23,19.0906,19.2689,19.0311,19.041,1401000
2005-06-24,18.8825,19.0707,18.8825,18.9915,1432900
2005-06-27,18.9023,18.9519,18.7636,18.8231,921600
2005-06-28,19.2103,19.27,18.9818,18.9818,1374000
2005-06-29,19.3097,19.3594,19.1109,19.2004,2272600
2005-06-30,19.1209,19.2088,18.942,19.0811,1797500
2005-07-01,18.942,19.2501,18.9122,19.1209,719400
2005-07-05,19.0712,19.2203,18.8227,18.8824,1183100
2005-07-06,19.0513,19.3594,19.0314,19.0513,1057400
2005-07-07,19.3594,19.3594,18.9321,18.9818,1005500
2005-07-08,19.2898,19.3793,19.101,19.3594,1026300
2005-07-11,19.5482,19.8762,19.5085,19.6576,3641800
2005-07-12,19.7172,19.7569,19.5979,19.6277,1992900
2005-07-13,19.4687,19.7768,19.4489,19.7669,1733200
2005-07-14,19.6377,19.7271,19.4886,19.5284,2342800
2005-07-15,19.2799,19.7072,19.2203,19.6774,8977900
2005-07-18,18.2662,18.6339,18.1867,18.6339,9207800
2005-07-19,18.2165,18.5345,18.0178,18.2662,2498300
2005-07-20,17.7097,18.1867,17.7097,18.1668,3114000
2005-07-21,17.6202,17.7892,17.4712,17.5705,1390900
2005-07-22,17.4115,17.7196,17.4115,17.5705,1025900
2005-07-25,17.5507,17.66,17.3221,17.491,1802600
2005-07-26,17.7693,18.1966,17.5904,17.65,1672700
2005-07-27,17.5407,17.8786,17.4314,17.7594,1524600
2005-07-28,17.5507,17.8985,17.4712,17.5904,2170300
2005-07-29,17.2525,17.5805,17.1929,17.491,1834800
2005-08-01,17.3519,17.4215,17.0935,17.2525,1143100
2005-08-02,17.4115,17.4712,17.0836,17.3917,909300
2005-08-03,17.4215,17.5109,17.1929,17.2724,1227100
2005-08-04,17.6997,18.1668,17.6202,17.8091,1660200
2005-08-05,17.7892,17.8687,17.4115,17.7097,1247000
2005-08-08,17.6898,17.8587,17.501,17.7892,1030700
2005-08-09,17.8587,18.0674,17.5477,17.6202,1665700
2005-08-10,17.9581,18.0078,17.7295,17.8886,1265300
2005-08-11,18.0078,18.0973,17.6898,17.8886,985200
2005-08-12,17.7792,18.0674,17.7494,18.0674,1839100
2005-08-15,18.147,18.3358,17.7594,17.8389,1288300
2005-08-16,18.2265,18.306,18.0575,18.137,1040700
2005-08-17,18.2463,18.5047,18.137,18.296,1672900
2005-08-18,18.3855,18.4749,18.137,18.2563,1129500
2005-08-19,18.0674,18.4749,18.0376,18.3855,1444600
2005-08-22,18.3954,18.4451,18.0873,18.3855,980500
2005-08-23,18.2265,18.5345,18.1569,18.3954,1081200
2005-08-24,17.8786,18.3457,17.8091,18.1668,1714000
2005-08-25,18.0078,18.1569,17.8587,17.9383,669200
2005-08-26,17.819,18.0078,17.6799,17.9681,1069300
2005-08-29,18.0873,18.3656,17.7892,17.7892,949100
2005-08-30,18.2662,18.3855,18.0178,18.0277,1266600
2005-08-31,18.2761,18.4153,18.0476,18.1867,1035600
2005-09-01,18.296,18.5544,18.1569,18.2364,1028100
2005-09-02,18.2364,18.3954,18.0178,18.2861,558200
2005-09-06,18.2165,18.3755,18.147,18.2265,442700
2005-09-07,18.4948,18.5345,18.1768,18.2265,711000
2005-09-08,18.5047,18.7333,18.3855,18.5842,573200
2005-09-09,18.4948,18.5942,18.1966,18.4352,757500
2005-09-12,18.2761,18.5345,18.1966,18.4848,439500
2005-09-13,18.0277,18.2364,17.8786,18.2066,800300
2005-09-14,17.8985,18.137,17.6699,18.0277,856900
2005-09-15,18.0973,18.2265,17.7693,17.8687,1086600
2005-09-16,18.2165,18.5246,18.1867,18.2761,1904400
2005-09-19,17.978,18.2364,17.8389,18.2165,1248400
2005-09-20,17.8389,18.0575,17.7395,17.9681,471900
2005-09-21,17.8289,17.9383,17.6898,17.819,647200
2005-09-22,17.8985,17.9283,17.6103,17.7295,512600
2005-09-23,17.9383,18.0674,17.7693,17.9581,478000
2005-09-26,17.7892,18.0674,17.7196,17.9383,640400
2005-09-27,17.6302,17.9383,17.6202,17.7892,657000
2005-09-28,18.7234,19.3793,18.1867,18.1867,3720300
2005-09-29,19.0314,19.0911,18.783,18.7929,1680200
2005-09-30,19.1408,19.2998,19.0613,19.0811,1072000
2005-10-03,19.26,19.3892,19.0811,19.2302,1069200
2005-10-04,20.2737,20.6215,19.7768,19.8762,4044500
2005-10-05,20.4427,21.0191,20.393,20.5222,2542900
2005-10-06,20.0849,20.3731,19.7271,20.3731,2168300
2005-10-07,20.0749,20.1942,19.7569,20.0153,819000
2005-10-10,20.0551,20.2836,19.737,20.0252,705500
2005-10-11,19.9557,20.1544,19.8662,20.0551,907500
2005-10-12,20.0153,20.3532,19.8265,20.065,781500
2005-10-13,19.7172,20.065,19.6576,19.9259,1407900
2005-10-14,19.6675,19.7768,19.3097,19.7072,1680500
2005-10-17,19.8165,19.9954,19.5085,19.7072,846700
2005-10-18,19.9358,19.9457,19.6576,19.8066,857600
2005-10-19,20.5122,20.6116,19.7669,19.8464,1293200
2005-10-20,20.6712,21.2377,20.1346,20.5917,2705800
2005-10-21,20.3333,21.0191,20.3234,20.8501,1282800
2005-10-24,20.9694,21.2278,20.2439,20.3035,1405800
2005-10-25,20.8601,21.0787,20.6414,20.8104,869300
2005-10-26,21.4663,21.506,20.7408,20.8004,1887100
2005-10-27,21.4663,21.5557,20.8954,21.4166,1293200
2005-10-28,19.3594,20.1743,18.1768,19.8762,8794300
2005-10-31,19.0613,19.8662,18.7035,19.8265,3082500
2005-11-01,18.8824,19.1209,18.7234,19.0016,1726500
2005-11-02,19.3495,19.578,19.0016,19.0016,1809700
2005-11-03,19.2799,19.6277,19.2203,19.3992,1740000
2005-11-04,19.8662,19.9259,19.429,19.429,1614300
2005-11-07,19.8165,19.9259,19.5383,19.8464,935600
2005-11-08,19.8066,20.0054,19.6576,19.8165,740200
2005-11-09,19.7271,19.8662,19.7072,19.7967,646900
2005-11-10,19.9656,20.1047,19.6477,19.7271,1420900
2005-11-11,19.6973,19.8563,19.578,19.8563,1522600
2005-11-14,19.9656,20.1445,19.588,19.6576,891300
2005-11-15,20.2737,20.4625,19.7271,19.9259,1720700
2005-11-16,20.1942,20.3234,19.9358,20.2538,891800
2005-11-17,20.3234,20.3631,19.8909,20.1246,946700
2005-11-18,20.6911,20.7408,20.2041,20.3532,1427400
2005-11-21,20.7209,20.8004,20.4228,20.701,579500
2005-11-22,21.029,21.1284,20.5718,20.7706,1004100
2005-11-23,21.0489,21.1383,20.6911,20.8601,818300
2005-11-25,21.0191,21.1185,20.8899,21.0688,146800
2005-11-28,20.7309,21.1085,20.5917,20.9793,1109300
2005-11-29,20.9694,21.1383,20.8999,20.9197,867700
2005-11-30,20.7607,21.1681,20.7309,20.9694,918200
2005-12-01,20.7905,20.9694,20.5917,20.6215,1078800
2005-12-02,20.6812,20.8402,20.5222,20.7408,968400
2005-12-05,20.5321,20.6812,20.4824,20.6315,984300
2005-12-06,20.6414,20.8501,20.4824,20.5718,1065100
2005-12-07,20.0451,20.6514,19.6576,20.6514,2166500
2005-12-08,20.6215,20.6613,20.0849,20.1544,1591600
2005-12-09,20.6812,21.0091,20.5222,20.6712,1445400
2005-12-12,20.7408,21.0688,20.542,20.7507,1239100
2005-12-13,20.7607,20.8203,20.5023,20.8203,1045300
2005-12-14,20.711,20.8899,20.542,20.7607,1068800
2005-12-15,20.5917,21.0588,20.552,20.8203,1450800
2005-12-16,20.8302,20.8601,20.6514,20.6812,1841500
2005-12-19,20.4923,20.9694,20.3532,20.87,1334200
2005-12-20,20.0749,20.4923,19.8364,20.4923,1601000
2005-12-21,19.9855,20.3631,19.8762,20.0749,1026200
2005-12-22,20.0749,20.2439,19.8465,19.9259,1132200
2005-12-23,20.1743,20.3035,19.9954,19.9954,877000
2005-12-27,20.1246,20.4128,20.0451,20.2538,888600
2005-12-28,20.0349,20.1943,19.8355,20.1844,702500
2005-12-29,20.0548,20.2442,19.9651,20.0548,629800
2005-12-30,19.8953,20.0548,19.7558,19.9751,771200
2006-01-03,19.9352,20.2841,19.7458,20.0349,1139100
2006-01-04,19.8554,20.3339,19.8156,19.9352,1897200
2006-01-05,20.6529,20.922,19.9352,19.9352,2648700
2006-01-06,20.5831,20.922,20.4734,20.8024,1292700
2006-01-09,20.7027,20.922,20.623,20.7824,1286400
2006-01-10,20.7924,21.1313,20.6927,20.7127,1687600
2006-01-11,20.4336,20.7625,19.9651,20.7625,1884600
2006-01-12,20.7725,21.4802,20.4037,21.4802,3089100
2006-01-13,20.4934,20.8622,20.1744,20.8123,1953700
2006-01-17,20.2542,20.4934,20.1346,20.3538,777900
2006-01-18,20.2342,20.3339,19.985,20.2542,1742800
2006-01-19,20.2143,20.2841,20.0847,20.1943,1236700
2006-01-20,19.9651,20.2243,19.8355,20.1943,1832800
2006-01-23,19.9053,20.2243,19.8455,19.9352,1113800
2006-01-24,19.7658,20.0847,19.7358,19.9053,1405800
2006-01-25,19.3371,19.7458,19.2574,19.7358,1880000
2006-01-26,19.6362,19.7757,19.387,19.4069,1457800
2006-01-27,19.7857,19.9153,19.6262,19.6362,1058200
2006-01-30,19.7458,20.0349,19.686,19.7757,1052700
2006-01-31,19.6362,19.8355,19.3172,19.7458,1939800
2006-02-01,19.8056,19.9551,19.5365,19.5365,1595000
2006-02-02,19.2375,19.8056,18.9883,19.7358,2559000
2006-02-03,21.2509,21.7892,20.6828,20.6828,10074300
2006-02-06,21.4901,21.6197,21.2699,21.4303,2195200
2006-02-07,21.7194,21.8988,20.9619,20.9619,2195100
2006-02-08,21.849,21.9776,21.52,21.8789,2025000
2006-02-09,21.7194,22.0085,21.5599,21.829,1496800
2006-02-10,21.4802,21.9188,21.1812,21.7692,2190600
2006-02-13,21.9785,21.9885,21.3705,21.4004,1674300
2006-02-14,22.0483,22.3274,21.8689,21.9487,1946200
2006-02-15,22.4869,22.6464,21.9088,22.0483,1557000
2006-02-16,22.6264,22.6364,22.2776,22.3573,971700
2006-02-17,22.5068,22.776,22.4271,22.5567,1465800
2006-02-21,22.9255,23.0052,22.5268,22.5567,2188100
2006-02-22,22.8657,22.9653,22.5367,22.7461,1147400
2006-02-23,23.1547,23.4139,23.085,23.4139,1382000
2006-02-24,23.1348,23.2046,22.8856,23.075,727200
2006-02-27,23.5933,23.6132,23.1468,23.2444,1282300
2006-02-28,22.9255,23.4837,22.6763,23.4737,1709000
2006-03-01,23.1747,23.1946,22.6563,22.8258,1027500
2006-03-02,23.1049,23.3242,22.9953,23.0252,675400
2006-03-03,22.6065,23.1547,22.5467,23.0949,1389400
2006-03-06,22.8756,23.0451,22.6962,22.776,1365100
2006-03-07,23.2145,23.2743,22.777,22.8756,2167500
2006-03-08,23.055,23.2046,22.8158,23.1149,1439500
2006-03-09,22.8258,23.3142,22.8158,23.1049,963300
2006-03-10,22.8657,23.085,22.6563,22.8657,804500
2006-03-13,22.9554,23.1547,22.756,23.1248,849500
2006-03-14,23.4837,23.5335,22.9454,22.9454,1255300
2006-03-15,23.8425,23.9222,23.2843,23.3939,2061000
2006-03-16,24.7396,24.7495,23.8824,23.9123,2721500
2006-03-17,24.8393,24.919,24.2811,24.919,2667700
2006-03-20,24.1515,24.7396,24.0219,24.6897,1318900
2006-03-21,24.1814,24.4704,24.0319,24.1515,1338500
2006-03-22,23.9123,23.9721,23.693,23.9721,1050000
2006-03-23,23.6332,23.9422,23.4338,23.9422,916400
2006-03-24,24.2312,24.4206,23.6631,23.7229,1217200
2006-03-27,23.7927,24.2312,23.7029,24.1216,816400
2006-03-28,23.8624,23.9023,23.5235,23.7428,728300
2006-03-29,23.8923,23.8923,23.673,23.7229,491900
2006-03-30,23.4637,23.9222,23.4039,23.8923,1104600
2006-03-31,23.3242,23.6531,23.1846,23.4438,1556100
2006-04-03,22.9155,23.5136,22.776,23.4737,1960500
2006-04-04,23.4737,23.5036,22.9255,22.9454,1429300
2006-04-05,23.1946,23.6531,23.1946,23.4936,1117200
2006-04-06,22.9354,23.1049,22.7461,23.1049,1112200
2006-04-07,22.7062,23.1348,22.6364,22.9554,942300
2006-04-10,22.6464,22.8059,22.5367,22.8059,758600
2006-04-11,22.0982,22.6763,21.7991,22.6264,1753100
2006-04-12,22.1879,22.5367,22.0982,22.1978,860900
2006-04-13,22.3473,22.4271,21.9985,22.2277,579700
2006-04-17,22.0583,22.4869,21.9686,22.3972,894200
2006-04-18,21.9287,22.2975,21.9188,22.0782,1406600
2006-04-19,21.4802,21.6197,21.0815,21.231,2204100
2006-04-20,21.5898,21.7294,21.5001,21.5001,635900
2006-04-21,21.4602,21.7294,21.3406,21.7194,962000
2006-04-24,21.1812,21.52,21.1512,21.4004,891600
2006-04-25,21.1911,21.3107,21.0316,21.1812,1052800
2006-04-26,20.9419,21.3606,20.8323,21.1512,936600
2006-04-27,21.6496,21.8988,20.922,21.8988,1066000
2006-04-28,21.7692,21.8988,21.4602,21.6496,734700
2006-05-01,22.0583,22.148,21.7493,21.8091,1056800
2006-05-02,21.9088,22.138,21.6995,22.0085,1212300
2006-05-03,21.8988,22.1879,21.8091,21.8589,1276100
2006-05-04,21.7294,22.0683,21.7294,21.8789,831900
2006-05-05,21.52,21.7991,21.4602,21.7493,1535800
2006-05-08,21.9088,21.9088,21.5001,21.52,743500
2006-05-09,22.0982,22.447,21.8091,21.9088,1777500
2006-05-10,22.1879,22.6763,21.9985,22.6264,1749300
2006-05-11,21.4802,22.1879,21.4303,22.1879,1428300
2006-05-12,20.7824,21.4303,20.7127,21.4303,2443200
2006-05-15,21.0615,21.1014,20.6529,20.7525,2314600
2006-05-16,21.1313,21.5599,21.0516,21.0615,1306000
2006-05-17,20.4236,21.0815,20.3937,21.0815,1699700
2006-05-18,20.6628,20.7127,20.3837,20.4734,1835100
2006-05-19,20.5133,20.5731,20.2542,20.5532,1131300
2006-05-22,20.6329,20.7027,20.4336,20.4336,1375600
2006-05-23,20.932,21.0316,20.613,20.6529,1100100
2006-05-24,20.3339,20.932,20.1346,20.932,1563400
2006-05-25,20.5333,20.5333,19.8754,20.314,1912100
2006-05-26,20.8722,20.8821,20.5432,20.5632,642000
2006-05-30,20.8024,21.0316,20.6429,20.7725,1124400
2006-05-31,20.8423,21.0416,20.7127,20.7924,909100
2006-06-01,20.7824,20.9818,20.5731,20.8821,1112000
2006-06-02,20.8423,20.8722,20.5432,20.7625,1328700
2006-06-05,20.623,20.912,20.5831,20.7824,846800
2006-06-06,20.5532,20.6927,20.3937,20.5731,1229600
2006-06-07,20.7426,20.932,20.5831,20.603,980700
2006-06-08,20.613,20.8123,20.2342,20.5831,785900
2006-06-09,20.3439,20.6927,20.2741,20.5731,768500
2006-06-12,20.0747,20.4834,20.0349,20.3837,1446400
2006-06-13,20.304,20.5432,19.985,20.0349,1569300
2006-06-14,20.4037,20.4934,20.2342,20.2342,1188900
2006-06-15,20.6628,20.7525,19.9551,20.3738,801500
2006-06-16,20.8123,21.0117,20.4834,20.5532,1540000
2006-06-19,20.4635,20.9021,20.4635,20.8821,881500
2006-06-20,20.8024,20.922,20.5333,20.5532,1475000
2006-06-21,20.4435,20.8821,20.0149,20.7924,3488800
2006-06-22,20.304,20.623,19.6561,20.4336,3314100
2006-06-23,20.4934,20.6329,20.2741,20.3837,1528500
2006-06-26,20.6728,20.9519,20.4934,20.4934,1056400
2006-06-27,20.603,20.7326,20.4535,20.6329,1063800
2006-06-28,20.5233,20.6927,20.3538,20.613,1710000
2006-06-29,20.4934,20.7824,20.2442,20.5333,1975900
2006-06-30,19.9352,20.5333,19.8554,20.4834,3233000
2006-07-03,19.9252,20.0747,19.8455,20.0149,642700
2006-07-05,19.686,19.9751,19.5365,19.9352,1682600
2006-07-06,19.7658,19.8654,19.6063,19.6661,1523900
2006-07-07,19.5166,19.7957,19.4468,19.696,1454200
2006-07-10,19.5265,19.6561,19.1677,19.5863,2044000
2006-07-11,19.5764,19.5863,19.2873,19.4767,2014500
2006-07-12,19.676,19.7159,19.4568,19.5465,1462200
2006-07-13,19.4867,19.7259,19.2973,19.696,1400000
2006-07-14,19.2474,19.5764,19.1378,19.4767,2252300
2006-07-17,19.2973,19.367,19.0281,19.1478,1264000
2006-07-18,19.3072,19.4468,19.1278,19.2474,994100
2006-07-19,19.4368,19.676,19.1378,19.2873,2059000
2006-07-20,18.9982,19.4069,18.8986,19.377,1432700
2006-07-21,19.0281,19.2275,18.5896,18.9783,2354500
2006-07-24,19.367,19.5564,19.1178,19.1178,1976100
2006-07-25,20.1844,20.3239,19.367,19.367,3614400
2006-07-26,22.2178,23.0451,20.623,21.9287,10360800
2006-07-27,22.3374,22.6065,22.0184,22.3274,2824300
2006-07-28,21.9287,22.5268,21.8988,22.3274,1980700
2006-07-31,21.8888,21.9885,21.7593,21.829,1654500
2006-08-01,22.2676,22.3174,21.7094,21.849,2061700
2006-08-02,22.5268,22.5666,22.0982,22.3274,2181700
2006-08-03,22.9753,22.9953,22.6165,22.8258,2901800
2006-08-04,22.9354,23.065,22.6863,22.9454,2750300
2006-08-07,19.8554,23.4139,19.2973,23.1248,17425000
2006-08-08,20.0349,20.1445,19.387,19.8355,5074900
2006-08-09,19.8056,20.294,19.7658,20.0648,3510900
2006-08-10,20.2243,20.2442,19.686,19.7159,2233900
2006-08-11,19.8554,20.2841,19.7358,20.2143,1983600
2006-08-14,20.1046,20.1445,19.6561,19.9352,2695200
2006-08-15,20.3439,20.4635,20.0847,20.1744,1974400
2006-08-16,20.7725,20.8722,20.2841,20.3538,3136500
2006-08-17,20.6728,20.7924,20.4635,20.6329,1236300
2006-08-18,20.9619,20.9619,20.3339,20.6329,1442100
2006-08-21,20.922,21.0615,20.4136,20.8223,2519600
2006-08-22,21.2409,21.4104,20.7326,20.8323,2723800
2006-08-23,21.2111,21.3307,20.9419,21.1812,1285600
2006-08-24,21.1014,21.3905,21.0815,21.2011,570400
2006-08-25,20.5333,20.9519,20.2243,20.5632,4648900
2006-08-28,20.2143,20.4336,19.9751,20.1844,4367300
2006-08-29,19.995,20.2442,19.9252,20.1545,3011000
2006-08-30,20.0947,20.2143,19.9551,19.9551,2344100
2006-08-31,20.2542,20.2542,20.0448,20.0548,1346800
2006-09-01,20.2741,20.4236,20.1346,20.2841,1131600
2006-09-05,20.2542,20.4336,20.1445,20.2542,1415600
2006-09-06,20.623,20.8821,19.9651,20.2043,3139900
2006-09-07,20.2143,20.5831,19.985,20.5731,1395000
2006-09-08,20.1744,20.314,20.0249,20.1346,1092700
2006-09-11,20.2342,20.2741,19.9651,20.1545,798800
2006-09-12,20.623,20.6429,20.1545,20.2342,1515200
2006-09-13,20.8921,20.8921,20.5033,20.6628,1999300
2006-09-14,21.1911,21.1911,20.8323,20.8921,1961300
2006-09-15,21.1712,21.2908,21.0017,21.2111,1725700
2006-09-18,21.0117,21.3008,20.922,21.1712,1669400
2006-09-19,20.8123,21.3406,20.6529,21.1313,1219900
2006-09-20,20.4834,21.0017,20.4435,20.8622,1865200
2006-09-21,20.0847,20.5033,20.005,20.4734,2991400
2006-09-22,19.9751,20.304,19.9751,20.005,1268000
2006-09-25,19.995,20.1246,19.7757,20.0149,2148800
2006-09-26,19.9153,20.1844,19.7558,19.995,2279100
2006-09-27,20.005,20.005,19.7458,19.8256,1306100
2006-09-28,20.0847,20.1246,19.9352,19.9651,826200
2006-09-29,20.0648,20.2143,19.995,20.1346,1007000
2006-10-02,20.1844,20.314,20.0548,20.1346,1283400
2006-10-03,20.0747,20.2143,19.9651,20.1844,1246000
2006-10-04,20.4734,20.5233,19.985,20.0149,1586200
2006-10-05,20.8722,20.8921,20.4236,20.5432,1773500
2006-10-06,20.7725,20.8821,20.4934,20.8821,1217300
2006-10-09,20.912,21.0516,20.6828,20.7127,1411200
2006-10-10,20.8123,20.932,20.5931,20.8722,1500300
2006-10-11,20.932,21.0117,20.6529,20.8223,1011700
2006-10-12,21.1712,21.2908,20.7924,20.8522,1889900
2006-10-13,21.0914,21.3107,20.8921,21.1114,1056100
2006-10-16,21.4802,21.5699,21.1812,21.2111,1245700
2006-10-17,21.2509,21.5998,21.231,21.4303,1027500
2006-10-18,21.839,21.839,21.3705,21.3805,1115800
2006-10-19,21.7393,21.8988,21.5699,21.839,1454600
2006-10-20,21.9985,22.0284,21.7593,21.8589,1109800
2006-10-23,21.829,21.9487,21.6795,21.8789,828800
2006-10-24,21.3307,21.6795,21.0815,21.6696,2094600
2006-10-25,21.2111,21.3606,21.0615,21.3307,794400
2006-10-26,21.1712,21.2908,20.8323,21.2509,901400
2006-10-27,21.0416,21.1512,20.932,21.1313,1001600
2006-10-30,20.7625,21.0516,20.7027,21.0516,1028800
2006-10-31,20.4336,20.6329,20.2542,20.5033,2141800
2006-11-01,20.3538,21.2409,20.1046,21.0815,2856900
2006-11-02,20.2342,20.7326,20.1346,20.4136,1546500
2006-11-03,20.3339,20.3738,19.9053,20.3738,1244100
2006-11-06,20.6329,20.6728,20.3887,20.4236,1116800
2006-11-07,20.4037,20.7924,20.3638,20.623,1068000
2006-11-08,20.3239,20.5731,20.314,20.4037,1069900
2006-11-09,19.9551,20.6728,19.9252,20.4336,1489000
2006-11-10,20.5731,21.1911,20.4635,20.932,4476300
2006-11-13,20.7426,20.932,20.6529,20.6529,1768200
2006-11-14,20.8423,20.922,20.6828,20.6828,1523300
2006-11-15,20.7326,20.9619,20.6628,20.912,1349200
2006-11-16,20.922,20.932,20.7226,20.7226,691500
2006-11-17,20.8024,21.0715,20.7127,20.9021,797900
2006-11-20,20.6329,20.8722,20.4834,20.7326,822500
2006-11-21,20.3339,20.603,20.3239,20.5831,849400
2006-11-22,20.314,20.4535,20.2243,20.2741,1257000
2006-11-24,20.2741,20.294,20.0448,20.2542,722500
2006-11-27,20.0249,20.2841,19.9153,20.2342,1285700
2006-11-28,19.8554,20.1146,19.8056,19.9352,1362800
2006-11-29,20.1545,20.1744,19.9053,19.9053,885800
2006-11-30,20.2243,20.314,20.0847,20.1346,1383900
2006-12-01,20.2741,20.314,19.9452,20.2243,1402900
2006-12-04,20.5333,20.5532,20.1943,20.2641,1038200
2006-12-05,20.4834,20.5432,20.4037,20.5333,1744000
2006-12-06,20.4236,20.5333,20.3239,20.5333,1265400
2006-12-07,20.5731,20.613,20.3738,20.4136,992600
2006-12-08,20.4834,20.5831,20.3439,20.5831,696300
2006-12-11,20.5432,20.5764,20.2542,20.4635,1379200
2006-12-12,20.7725,20.7725,20.5432,20.5931,1587900
2006-12-13,20.6628,20.8522,20.5333,20.7725,1415800
2006-12-14,20.5831,20.6728,20.3738,20.5931,1634500
2006-12-15,20.4934,20.7824,20.294,20.5931,1571600
2006-12-18,20.4635,20.6728,20.3837,20.4435,607100
2006-12-19,20.3339,20.6529,20.2841,20.5333,975000
2006-12-20,20.2143,20.4635,20.0548,20.3538,1399800
2006-12-21,20.1844,20.6329,20.1445,20.1445,1235800
2006-12-22,20.0249,20.2143,19.9651,20.1844,537600
2006-12-26,19.9751,20.1046,19.9452,19.9651,549000
2006-12-27,19.8455,20.0149,19.6561,20.0149,1627900
2006-12-28,19.8554,19.995,19.7358,19.7658,1032300
2006-12-29,19.8953,20.1545,19.7857,19.8355,934100
2007-01-03,19.9751,20.294,19.8355,19.8953,1863000
2007-01-04,20.294,20.314,19.9751,19.9751,1149600
2007-01-05,20.2143,20.3738,20.0448,20.294,1028500
2007-01-08,20.5831,20.623,20.1545,20.1644,1570200
2007-01-09,20.4934,20.6529,20.1943,20.5931,1555800
2007-01-10,20.5233,20.5831,20.2342,20.4934,1572800
2007-01-11,20.7924,20.8323,20.5133,20.5133,1597000
2007-01-12,20.7326,20.7924,20.4535,20.7824,1274600
2007-01-16,20.8423,20.9021,20.6927,20.7027,1128600
2007-01-17,20.7924,20.8622,20.6828,20.8423,1470100
2007-01-18,20.8223,20.8223,20.5432,20.7326,1409700
2007-01-19,20.8821,20.9021,20.7426,20.8522,957600
2007-01-22,20.9619,21.0715,20.8024,20.8821,2127900
2007-01-23,20.8522,21.0316,20.8024,20.9918,1357500
2007-01-24,21.0117,21.0715,20.7824,20.8123,1061000
2007-01-25,21.0416,21.1114,20.7525,21.0017,1297000
2007-01-26,21.5001,21.53,20.8921,21.0316,1691600
2007-01-29,21.6795,21.849,21.4004,21.5001,1703700
2007-01-30,21.9586,22.0184,21.54,21.7294,2008300
2007-01-31,22.0683,22.0782,21.6795,21.9985,1686900
2007-02-01,22.4171,22.5367,21.9287,22.5367,4409400
2007-02-02,22.5367,22.6763,22.3773,22.5268,2391000
2007-02-05,22.3274,22.457,22.1879,22.457,1323100
2007-02-06,22.3872,22.457,22.1679,22.3274,2084000
2007-02-07,22.1679,22.4271,21.9188,22.3872,2902900
2007-02-08,22.3274,22.4072,21.9985,22.0982,1887300
2007-02-09,22.2776,22.4271,22.2178,22.3274,1161700
2007-02-12,22.0982,22.3673,22.0184,22.2776,1532837
2007-02-13,21.9487,22.2178,21.8689,22.0982,1279405
2007-02-14,21.839,22.4171,21.7991,22.2277,1885385
2007-02-15,21.8988,21.9885,21.8091,21.8091,1068900
2007-02-16,21.9785,22.5567,21.6795,22.5567,1218900
2007-02-20,21.6297,21.9785,21.5101,21.9785,1636800
2007-02-21,21.8789,21.9287,21.6297,21.6995,1706000
2007-02-22,21.6496,22.0483,21.54,21.829,1763600
2007-02-23,21.7493,21.9287,21.4602,21.6197,1329000
2007-02-26,21.7692,21.9487,21.7094,21.839,1332019
2007-02-27,21.3406,21.7692,20.922,21.7692,3597200
2007-02-28,21.1014,21.4004,21.0914,21.2609,2419400
2007-03-01,20.1943,21.1014,20.0448,21.1014,6761228
2007-03-02,19.9053,20.0847,19.7159,19.8554,24261200
2007-03-05,19.5963,19.9452,19.4368,19.6461,6527400
2007-03-06,19.8156,20.4336,19.686,20.4336,5755800
2007-03-07,19.5863,20.0947,19.5465,19.8056,3881700
2007-03-08,19.8156,19.9252,19.5365,19.5963,5682800
2007-03-09,19.8056,19.9053,19.686,19.9053,8953100
2007-03-12,19.8554,19.995,19.7059,19.7558,3495500
2007-03-13,19.4966,19.9651,19.4966,19.7757,4009500
2007-03-14,19.4867,20.0747,19.2674,20.0747,3106300
2007-03-15,19.6661,19.7558,19.4468,19.5764,2091300
2007-03-16,19.3571,19.8854,19.2873,19.7857,5159500
2007-03-19,19.4568,19.4867,19.1178,19.387,3330600
2007-03-20,19.5365,19.676,19.4368,19.4568,1819800
2007-03-21,19.4767,19.6661,19.387,19.5265,2645773
2007-03-22,20.4834,20.7326,19.4169,19.8654,11207166
2007-03-23,20.2542,20.9419,19.9202,20.3937,5751200
2007-03-26,20.1545,20.4834,19.995,20.4336,12085812
2007-03-27,21.2111,21.6397,20.3738,20.4635,17778546
2007-03-28,21.0416,21.4503,20.2641,20.8622,13520899
2007-03-29,20.9419,21.1712,20.8423,21.0715,2454030
2007-03-30,21.0715,21.1413,20.6977,20.9818,2373577
2007-04-02,20.922,21.0815,20.7625,21.0815,1691292
2007-04-03,21.0217,21.2111,20.8323,20.9419,2231663
2007-04-04,20.9718,21.1911,20.8821,21.0416,1992691
2007-04-05,20.9419,21.0416,20.8223,20.9021,2368833
2007-04-09,21.1313,21.2509,20.8921,21.0615,3076398
2007-04-10,21.7294,22.0284,21.53,22.0085,6499025
2007-04-11,21.6098,21.9387,21.4802,21.7593,5051653
2007-04-12,21.5499,21.7593,21.4503,21.6197,3267806
2007-04-13,21.6795,21.7593,21.3606,21.54,2808316
2007-04-16,21.7294,21.849,21.6297,21.7194,2380053
2007-04-17,21.6297,21.829,21.5599,21.6397,2026139
2007-04-18,21.7892,21.8191,21.3406,21.53,1969779
2007-04-19,21.8091,22.4072,21.6795,22.4072,2190451
2007-04-20,21.849,22.0583,21.7493,21.8689,2497719
2007-04-23,21.5699,21.8988,21.4901,21.8091,2309425
2007-04-24,21.9487,21.9487,21.5798,21.6197,2559551
2007-04-25,21.9586,22.0184,21.6197,21.9487,1475774
2007-04-26,22.0284,22.0284,21.7294,22.0284,1630728
2007-04-27,21.9785,22.0184,21.6895,21.9785,1729200
2007-04-30,21.8589,22.0683,21.8191,21.9188,2215499
2007-05-01,22.0782,22.4072,21.7792,22.4072,3427282
2007-05-02,22.3773,22.457,22.0284,22.1281,1526000
2007-05-03,22.138,22.3872,21.9287,22.3374,1689300
2007-05-04,22.2178,22.3274,21.9885,22.138,1656000
2007-05-07,22.3174,22.4271,22.2277,22.4271,1121400
2007-05-08,22.0085,22.2277,21.9586,22.1281,1707400
2007-05-09,22.5666,22.8258,22.148,22.148,3631598
2007-05-10,22.0184,22.5268,22.0184,22.447,4797580
2007-05-11,22.3274,22.3374,22.0184,22.0184,3636000
2007-05-14,19.6362,19.995,19.0182,19.5166,29860162
2007-05-15,19.6661,19.7757,19.4468,19.7159,7691044
2007-05-16,19.686,19.7358,19.5564,19.7358,4327394
2007-05-17,19.6661,19.7558,19.6162,19.686,4305200
2007-05-18,19.686,19.7558,19.6561,19.7059,3874972
2007-05-21,19.7857,19.8953,19.696,19.7757,4639772
2007-05-22,19.9452,19.995,19.7458,19.9352,3459100
2007-05-23,20.1744,20.2342,19.9651,20.0249,4333225
2007-05-24,19.7658,19.9551,19.4368,19.5863,5535600
2007-05-25,19.6162,19.8554,19.5265,19.7757,2981176
2007-05-29,19.6262,19.7857,19.5116,19.7059,2926365
2007-05-30,19.6661,19.7259,19.4568,19.6362,3839200
2007-05-31,19.7059,20.3738,19.4966,20.3638,3454030
2007-06-01,19.6362,19.7059,19.5465,19.7059,2732160
2007-06-04,19.5664,19.6461,19.5265,19.6063,1849300
2007-06-05,19.5265,19.6362,19.3072,19.6362,3839500
2007-06-06,19.3471,19.5265,19.2873,19.5265,2941915
2007-06-07,18.9384,19.3471,18.8487,19.3471,4232264
2007-06-08,18.7391,19.0281,18.5995,18.9783,5511470
2007-06-11,18.6793,18.8986,18.6095,18.7391,7067890
2007-06-12,18.5397,18.6569,18.4201,18.5896,3980985
2007-06-13,18.5597,18.6195,18.4401,18.5397,2102100
2007-06-14,18.4002,18.5896,18.3105,18.5896,2236300
2007-06-15,18.4899,18.6394,18.4002,18.4002,2989358
2007-06-18,18.6394,18.7192,18.4899,18.4899,2182685
2007-06-19,18.8089,18.8687,18.6893,18.7391,2564600
2007-06-20,18.7391,18.8687,18.7092,18.8188,3770300
2007-06-21,18.7291,18.7291,18.5696,18.6893,3222202
2007-06-22,18.8388,18.9384,18.6992,18.7291,4284400
2007-06-25,18.5896,18.9384,18.5597,18.8487,3691765
2007-06-26,18.4301,18.8986,18.3902,18.8986,3347900
2007-06-27,18.47,18.47,18.25,18.36,2848603
2007-06-28,18.37,18.52,18.34,18.48,1533850
2007-06-29,18.19,18.57,17.95,18.57,4113000
2007-07-02,18.19,18.27,17.98,18.15,2459895
2007-07-03,18.17,18.34,18.125,18.17,1257088
2007-07-05,18.17,18.28,18.05,18.28,1666600
2007-07-06,18.05,18.2,18.04,18.11,1450700
2007-07-09,17.88,18.21,17.85,18.15,3015057
2007-07-10,17.75,17.99,17.74,17.89,4315945
2007-07-11,17.73,17.81,17.65,17.75,3034400
2007-07-12,17.96,17.96,17.73,17.76,4017278
2007-07-13,17.9,18.06,17.71,18.06,3528593
2007-07-16,17.94,18.0,17.87,18.0,2271061
2007-07-17,17.92,18.0,17.84,17.96,1682400
2007-07-18,17.92,17.97,17.81,17.85,4825800
2007-07-19,17.74,18.0375,17.62,17.99,3776188
2007-07-20,17.44,17.77,17.37,17.69,4643706
2007-07-23,17.73,17.79,17.4,17.4,3708180
2007-07-24,17.62,17.79,17.55,17.57,3602825
2007-07-25,17.92,18.1,17.62,17.71,5098533
2007-07-26,16.66,17.48,16.66,17.35,7067325
2007-07-27,15.8,16.78,15.67,16.29,7843714
2007-07-30,16.17,16.2,15.75,15.97,4445098
2007-07-31,16.03,16.37,15.99,16.37,3608700
2007-08-01,16.1,16.14,15.81,15.86,4435344
2007-08-02,15.97,16.17,15.86,16.1,4025922
2007-08-03,15.74,16.2,15.61,15.81,6805001
2007-08-06,15.52,15.87,15.5,15.8,4773719
2007-08-07,15.09,15.64,14.99,15.23,6361276
2007-08-08,14.63,15.1,14.59,15.04,9300480
2007-08-09,14.0,14.6,14.0,14.57,9503366
2007-08-10,14.66,15.0,13.88,14.02,11994069
2007-08-13,14.82,15.12,14.75,14.8,8476800
2007-08-14,14.46,14.99,14.44,14.91,4921061
2007-08-15,14.02,14.5,14.0,14.38,4739898
2007-08-16,14.11,14.29,13.9,14.06,3698300
2007-08-17,15.0,15.01,14.27,14.44,5084700
2007-08-20,15.58,15.63,15.1,15.28,5483900
2007-08-21,14.96,15.44,14.82,15.15,7343900
2007-08-22,15.29,15.33,14.84,15.05,3652700
2007-08-23,15.046,15.45,15.02,15.45,5006900
2007-08-24,15.23,15.27,15.04,15.11,3851800
2007-08-27,15.11,15.35,15.0,15.29,2833626
2007-08-28,14.96,15.17,14.93,15.14,3590200
2007-08-29,15.18,15.18,14.86,15.08,2437700
2007-08-30,15.04,15.17,14.95,15.02,2512500
2007-08-31,15.1,15.22,15.04,15.16,1539500
2007-09-04,15.42,15.48,15.05,15.17,2161865
2007-09-05,15.32,15.39,15.26,15.32,2174200
2007-09-06,15.27,15.39,15.2,15.33,2140900
2007-09-07,15.08,15.25,15.01,15.15,1732000
2007-09-10,15.69,16.05,15.48,15.59,6920100
2007-09-11,15.48,15.85,15.39,15.81,2986500
2007-09-12,15.39,15.57,15.34,15.46,4929100
2007-09-13,15.42,15.56,15.38,15.43,3583500
2007-09-14,15.29,15.36,15.05,15.27,3069000
2007-09-17,15.38,15.46,15.27,15.29,2927100
2007-09-18,15.58,15.63,15.26,15.43,2186200
2007-09-19,15.54,15.69,15.45,15.65,3706922
2007-09-20,15.25,15.51,15.25,15.49,2049173
2007-09-21,15.35,15.44,15.25,15.43,1730900
2007-09-24,15.23,15.47,15.18,15.31,2676000
2007-09-25,15.35,15.43,15.16,15.17,1749200
2007-09-26,15.53,15.56,15.31,15.39,1855300
2007-09-27,16.24,16.25,15.52,15.62,5106300
2007-09-28,15.96,16.36,15.93,16.29,4189200
2007-10-01,16.5,16.58,16.03,16.3,3428692
2007-10-02,16.73,17.13,16.36,16.42,7606600
2007-10-03,16.87,17.01,16.66,16.79,6828500
2007-10-04,16.56,17.3,16.45,17.21,8225000
2007-10-05,16.48,16.76,16.35,16.75,2870400
2007-10-08,16.41,16.53,16.29,16.41,2352400
2007-10-09,16.2,16.4088,16.14,16.39,1623400
2007-10-10,15.95,16.41,15.85,16.33,3692700
2007-10-11,15.63,16.0075,15.54,15.94,4338500
2007-10-12,15.69,15.76,15.56,15.72,1650400
2007-10-15,15.69,15.86,15.61,15.7,2473800
2007-10-16,15.5,15.77,15.43,15.66,2347700
2007-10-17,15.44,15.76,15.35,15.67,2788400
2007-10-18,15.28,15.42,15.26,15.36,2224500
2007-10-19,15.01,15.28,15.0,15.2,1988100
2007-10-22,15.3,15.3,14.94,15.01,2797200
2007-10-23,15.38,15.53,15.3,15.41,2049800
2007-10-24,15.32,15.45,15.07,15.24,1572800
2007-10-25,15.19,15.3,14.91,15.24,2825500
2007-10-26,15.0,15.3,14.98,15.3,2348500
2007-10-29,15.1,15.17,14.98,15.0,7117500
2007-10-30,14.91,15.1,14.86,15.05,1459900
2007-10-31,15.04,15.08,14.8,14.92,2255000
2007-11-01,15.28,15.51,14.57,14.82,8246000
2007-11-02,15.06,15.35,14.68,15.27,5089486
2007-11-05,14.89,15.05,14.76,14.8,2518034
2007-11-06,15.06,15.08,14.64,14.89,3503282
2007-11-07,15.0,15.21,14.83,14.84,4114010
2007-11-08,15.38,15.38,14.85,15.07,4981814
2007-11-09,15.21,15.57,15.07,15.25,6190903
2007-11-12,15.03,15.45,15.02,15.25,8171660
2007-11-13,14.35,15.05,14.3,15.05,27540646
2007-11-14,14.24,14.2605,13.87,14.1,89639120
2007-11-15,13.97,14.31,13.71,14.27,24299098
2007-11-16,13.65,14.09,13.51,14.04,28791076
2007-11-19,13.25,13.67,13.25,13.6,19781842
2007-11-20,13.45,13.57,13.1,13.25,20133854
2007-11-21,13.29,13.58,12.93,13.31,13148572
2007-11-23,13.61,13.62,13.34,13.37,3386001
