Price,Close,High,Low,Open,Volume
Ticker,NBL,NBL,NBL,NBL,NBL
Date,,,,,
1999-11-24,11.1037,11.5838,10.8336,11.5838,853200
1999-11-26,10.8036,11.2537,10.7736,11.2237,171400
1999-11-29,10.5035,10.6235,10.4134,10.5035,696400
1999-11-30,10.5635,10.7736,10.5035,10.5635,550600
1999-12-01,10.6235,10.6535,10.3534,10.5635,613000
1999-12-02,10.4434,10.5935,10.2034,10.5635,707600
1999-12-03,10.2334,10.5635,10.1433,10.5635,339800
1999-12-06,9.8433,10.5335,9.6332,10.5035,741400
1999-12-07,9.6332,10.2334,9.4531,10.2334,604000
1999-12-08,9.8433,9.8733,9.183,9.8433,1437200
1999-12-09,9.6332,10.1133,9.3631,9.9333,1152400
1999-12-10,9.4831,10.1133,9.2731,9.9333,532000
1999-12-13,10.0834,10.2334,9.3931,9.6332,1675400
1999-12-14,10.3534,10.3534,9.6332,9.6332,1185200
1999-12-15,10.3834,10.8036,10.0834,10.0834,607400
1999-12-16,10.5335,10.7436,10.3834,10.3834,1113600
1999-12-17,10.2634,10.5335,10.2034,10.5035,397800
1999-12-20,9.9933,10.2634,9.9333,10.2634,416400
1999-12-21,10.2034,10.2634,9.9333,10.2634,511000
1999-12-22,9.8132,10.1433,9.7532,9.8733,309000
1999-12-23,10.1433,10.2934,9.6632,9.6932,687800
1999-12-27,10.2334,10.3234,9.6932,9.6932,935200
1999-12-28,10.2334,10.3234,10.1433,10.2334,377200
1999-12-29,10.3834,10.4734,10.1734,10.2034,859600
1999-12-30,10.2334,10.3834,10.0233,10.3834,973000
1999-12-31,10.2934,10.3234,9.9033,10.1433,304400
2000-01-03,9.7232,10.3234,9.6332,10.1433,419800
2000-01-04,9.3931,9.6932,9.3031,9.6932,455600
2000-01-05,9.3031,9.6332,9.2731,9.3031,770000
2000-01-06,9.8433,10.1133,9.213,9.243,1338600
2000-01-07,9.9933,10.1433,9.9033,9.9333,496200
2000-01-10,9.6632,10.1433,9.6032,9.9333,602600
2000-01-11,9.8433,9.9633,9.6032,9.9633,338800
2000-01-12,9.8132,9.9633,9.6932,9.6932,294600
2000-01-13,9.8733,9.9033,9.7232,9.7832,617200
2000-01-14,9.5732,9.7832,9.3331,9.7532,541400
2000-01-18,10.5035,10.6835,9.6932,9.6932,2370800
2000-01-19,10.5935,10.6535,10.2334,10.3834,1120400
2000-01-20,10.5635,10.6535,10.4734,10.4734,1033200
2000-01-21,10.7736,11.1337,10.7436,10.7436,944600
2000-01-24,10.3234,11.1637,10.2934,10.8936,480200
2000-01-25,10.0834,10.4134,9.9633,10.2934,679400
2000-01-26,9.9633,10.3234,9.9633,10.2034,599600
2000-01-27,9.8433,10.0533,9.6632,10.0533,793800
2000-01-28,9.6032,9.9333,9.5732,9.7532,527600
2000-01-31,9.6332,9.9633,9.6032,9.7532,540400
2000-02-01,10.2334,10.2934,9.6332,9.7232,1039200
2000-02-02,10.1433,10.7436,10.1433,10.2034,1255600
2000-02-03,10.6535,10.8636,10.3234,10.3234,1465400
2000-02-04,10.3234,11.0437,10.3234,10.3234,908800
2000-02-07,10.7135,10.8336,10.2934,10.2934,683800
2000-02-08,10.2934,10.8936,10.2634,10.7436,954600
2000-02-09,9.9033,10.2934,9.9033,10.2934,619800
2000-02-10,10.5935,10.6235,9.9033,10.2634,600000
2000-02-11,10.3613,10.8131,10.3613,10.6324,589600
2000-02-14,10.4215,10.6324,10.3613,10.3914,359400
2000-02-15,10.9637,11.0842,10.4818,10.4818,628600
2000-02-16,10.8432,11.0842,10.783,10.783,737600
2000-02-17,11.054,11.2047,10.7528,10.9938,1251600
2000-02-18,10.6926,11.0842,10.4818,10.9938,744600
2000-02-22,10.4818,10.783,10.3312,10.6926,405000
2000-02-23,10.2107,10.5721,10.03,10.4516,565600
2000-02-24,10.0902,10.2107,10.03,10.1504,1032600
2000-02-25,9.9396,10.2107,9.8794,10.1504,375200
2000-02-28,10.3613,10.783,10.2107,10.2408,994400
2000-02-29,10.8432,10.9938,10.4516,10.4516,689800
2000-03-01,11.4456,11.7468,10.7378,10.9637,1306800
2000-03-02,12.6203,13.0119,11.7769,11.8673,1251200
2000-03-03,12.3191,12.7107,11.9276,12.6504,684600
2000-03-06,12.289,12.53,12.1685,12.1986,474800
2000-03-07,13.9757,14.1263,12.4095,12.4095,1654600
2000-03-08,13.8854,16.1444,13.4637,13.795,1656000
2000-03-09,13.7348,14.4576,13.6143,14.1564,1431400
2000-03-10,13.1926,14.0058,13.1625,13.6143,844800
2000-03-13,13.042,13.6444,12.9817,13.1926,457200
2000-03-14,13.283,13.3733,12.53,13.0119,1199800
2000-03-15,13.1625,13.283,12.801,13.2227,680800
2000-03-16,13.7649,13.8854,13.1022,13.1022,902200
2000-03-17,13.5239,13.7649,13.2227,13.7649,463200
2000-03-20,13.7348,13.7348,13.2528,13.5842,939800
2000-03-21,13.554,14.036,13.4034,13.554,549200
2000-03-22,13.4938,13.7348,13.3432,13.6143,715000
2000-03-23,13.4938,13.4938,13.1022,13.4938,512000
2000-03-24,13.8854,14.1866,13.4336,13.4336,1078400
2000-03-27,13.6745,13.8251,13.3131,13.8251,705400
2000-03-28,13.7046,13.9456,13.554,13.554,814600
2000-03-29,14.6384,14.7287,13.5842,13.5842,0
2000-03-30,15.4817,15.7227,14.548,14.548,1916600
2000-03-31,15.8131,16.2046,15.5721,15.6625,2329400
2000-04-03,16.2649,16.5058,15.783,15.783,918400
2000-04-04,15.6022,16.6263,15.6022,15.8131,916400
2000-04-05,14.9697,15.3914,14.9697,15.3914,815400
2000-04-06,15.1504,15.1504,14.8492,15.1504,946400
2000-04-07,14.7287,15.2408,14.6685,14.9396,835800
2000-04-10,14.2769,14.7588,14.1564,14.7287,876000
2000-04-11,14.4576,14.5179,14.036,14.5179,1402200
2000-04-12,15.3914,15.6022,14.7287,14.7287,1144400
2000-04-13,15.3613,15.6323,14.7287,14.8191,1853600
2000-04-14,15.2408,15.6323,15.0299,15.1805,797000
2000-04-17,14.6384,15.0299,14.5179,14.8191,659200
2000-04-18,15.3613,15.3914,14.5179,14.5179,1102000
2000-04-19,16.0841,16.0841,15.1805,15.2709,1285200
2000-04-20,16.1745,16.2046,15.783,15.783,496000
2000-04-24,16.9878,16.9878,15.783,16.0841,1017000
2000-04-25,17.289,17.6203,17.0179,17.0179,1124200
2000-04-26,16.7167,17.6203,16.5661,17.0179,923400
2000-04-27,17.1685,17.2588,16.5661,17.2588,890600
2000-04-28,17.3793,17.5902,16.7167,16.7167,807000
2000-05-01,18.8251,19.0359,17.289,17.289,2223400
2000-05-02,19.0661,19.1865,18.6745,18.8251,951000
2000-05-03,17.9516,19.2167,17.56,18.8251,1375400
2000-05-04,19.047,19.1376,17.7189,17.9603,1119600
2000-05-05,18.8055,19.2583,18.5641,19.1678,1049600
2000-05-08,18.7754,19.2885,18.4433,19.1678,1567800
2000-05-09,19.047,19.1376,18.4735,18.8357,669600
2000-05-10,19.1678,19.198,18.6244,18.8357,627600
2000-05-11,20.2243,20.2846,18.6244,18.9263,1078800
2000-05-12,20.0733,20.4657,19.0168,20.2243,1252000
2000-05-15,19.3187,19.862,19.198,19.862,1764200
2000-05-16,19.1376,19.862,18.7754,19.8319,1218000
2000-05-17,19.53,19.5903,18.8961,19.53,870200
2000-05-18,19.4093,19.7715,19.3187,19.3187,600200
2000-05-19,19.3187,19.3187,19.3187,19.3187,705000
2000-05-22,18.715,19.4093,18.5641,19.198,569000
2000-05-23,18.6848,19.2885,18.6848,18.715,625000
2000-05-24,18.2924,19.2885,18.1415,18.715,602800
2000-05-25,18.2018,18.4131,17.9603,18.4131,398600
2000-05-26,18.232,18.5942,18.1113,18.3829,703000
2000-05-30,18.4131,18.4735,18.2622,18.2924,443000
2000-05-31,18.9867,18.9867,18.3226,18.3226,1903200
2000-06-01,18.5641,19.1074,18.1113,19.0772,916400
2000-06-02,18.0509,19.1376,18.0207,18.715,1196800
2000-06-05,17.5076,18.4735,17.2661,18.1716,1935000
2000-06-06,18.0509,18.2924,17.5378,17.5981,1161600
2000-06-07,18.1716,18.2018,17.2057,17.5981,1178400
2000-06-08,18.3226,18.7452,17.2057,18.1716,765800
2000-06-09,18.3226,18.5037,18.0811,18.3528,473000
2000-06-12,18.6546,18.8659,18.0811,18.3528,489000
2000-06-13,18.2622,18.8357,18.232,18.3226,808600
2000-06-14,18.2924,18.8357,18.232,18.7754,826400
2000-06-15,17.749,18.8357,17.6283,18.2924,1377200
2000-06-16,18.715,18.8961,17.5679,18.2924,1067000
2000-06-19,17.9603,18.8961,17.8698,17.8698,744600
2000-06-20,18.3226,18.5037,17.9302,18.5037,720600
2000-06-21,18.8055,18.8659,18.0509,18.0509,907800
2000-06-22,18.232,19.1376,17.9603,18.8357,960600
2000-06-23,18.6848,19.0168,17.9603,18.8357,790800
2000-06-26,18.3829,18.8659,18.3528,18.3528,1094400
2000-06-27,18.5641,18.7452,18.0207,18.7452,758800
2000-06-28,18.2018,18.4433,17.7792,18.4433,949200
2000-06-29,18.9565,19.047,18.2018,18.3829,721600
2000-06-30,17.9905,18.9565,17.8698,18.3226,1154200
2000-07-03,18.2924,18.4735,17.9905,17.9905,264800
2000-07-05,16.3605,18.4735,16.3605,17.9905,1128200
2000-07-06,16.6322,17.2661,16.3605,17.2661,2112800
2000-07-07,16.7227,16.8435,16.3303,16.5718,628400
2000-07-10,16.5718,17.1453,16.4209,16.602,521800
2000-07-11,17.2661,17.3264,16.4209,16.602,1213000
2000-07-12,17.0246,17.3868,16.7831,17.2359,1307000
2000-07-13,16.5718,16.9944,16.4209,16.9944,518800
2000-07-14,16.3605,16.7227,16.2397,16.7227,597800
2000-07-17,16.7227,16.9039,16.2397,16.6925,932800
2000-07-18,17.1755,17.2661,16.4813,16.4813,783200
2000-07-19,16.934,17.2962,16.9039,16.9039,505800
2000-07-20,16.2096,16.9642,16.0888,16.9642,786200
2000-07-21,15.6361,16.3303,15.5153,16.3303,631200
2000-07-24,14.9116,15.6361,14.8814,15.5757,869000
2000-07-25,14.1268,15.2436,14.1268,14.9418,1200400
2000-07-26,14.2777,14.3984,13.9456,14.3984,3371200
2000-07-27,14.5796,14.7909,14.3984,14.3984,2247600
2000-07-28,14.6701,14.7305,14.3683,14.4588,1666200
2000-07-31,14.489,14.7305,14.2777,14.6097,807200
2000-08-01,15.0323,15.0927,14.3683,14.6399,711600
2000-08-02,15.4248,15.5757,15.0021,15.0021,1068000
2000-08-03,14.5559,15.494,14.5256,15.0401,842600
2000-08-04,14.7677,14.9493,14.3441,14.6769,632200
2000-08-07,15.0401,15.2822,14.8585,14.8585,835600
2000-08-08,15.0703,15.4032,14.8585,14.8888,500000
2000-08-09,15.7058,15.8572,14.798,14.798,879400
2000-08-10,16.1295,16.1901,15.7664,15.8874,529400
2000-08-11,16.0993,16.2203,16.0387,16.0387,791400
2000-08-14,17.1887,17.4308,16.0387,16.1295,1337200
2000-08-15,17.0979,17.6426,17.0676,17.2189,1378200
2000-08-16,17.5518,17.5518,17.0071,17.2189,708000
2000-08-17,18.1268,18.1873,17.7334,17.7334,873400
2000-08-18,17.5821,18.2176,17.3703,17.7334,641800
2000-08-21,17.5518,17.9452,17.461,17.9452,756400
2000-08-22,17.3703,17.7637,17.2795,17.5821,713000
2000-08-23,18.2478,18.2781,17.5518,17.5518,484800
2000-08-24,17.8545,18.2781,17.7939,18.2781,402200
2000-08-25,18.4899,18.5202,17.7939,18.2781,448000
2000-08-28,18.3689,18.7018,18.3386,18.4294,505800
2000-08-29,18.4294,18.8531,18.3386,18.4294,479800
2000-08-30,18.611,18.6715,18.3689,18.4597,824600
2000-08-31,18.7623,18.9439,18.3689,18.4597,781000
2000-09-01,19.0649,19.0952,18.611,18.611,481400
2000-09-05,19.0347,19.2162,18.7926,18.7926,673600
2000-09-06,20.003,20.0333,18.9439,18.9439,1863400
2000-09-07,19.8517,20.0333,19.6399,19.6399,1083400
2000-09-08,19.4583,20.0938,19.3373,20.0938,495400
2000-09-11,19.7004,20.003,19.3373,19.882,706400
2000-09-12,19.6096,19.9123,19.4886,19.4886,274400
2000-09-13,18.8834,19.9123,18.7926,19.7609,564800
2000-09-14,18.8531,19.0952,18.611,19.0952,796400
2000-09-15,19.3675,19.6702,18.611,18.9136,785000
2000-09-18,19.0952,19.7609,19.0347,19.4583,499400
2000-09-19,18.4899,19.2465,18.3084,19.0952,785000
2000-09-20,18.5202,19.2768,18.5202,18.5202,693200
2000-09-21,17.7031,18.3991,17.7031,18.3991,383400
2000-09-22,17.8242,18.157,17.461,17.5821,1237600
2000-09-25,17.6729,18.157,17.0071,17.5821,795200
2000-09-26,18.157,18.1873,17.0071,17.8545,656400
2000-09-27,18.0965,18.3689,17.7637,18.1873,1188600
2000-09-28,17.7939,18.3689,17.7031,18.1873,574000
2000-09-29,17.9755,18.4597,17.7334,17.7334,1489800
2000-10-02,18.3386,18.4597,17.8545,18.0965,589800
2000-10-03,18.2176,18.3689,18.1268,18.1268,565200
2000-10-04,17.7031,18.3689,17.4913,18.2176,663000
2000-10-05,17.461,18.2781,17.34,18.2781,841400
2000-10-06,17.4913,18.157,17.4913,17.5216,714800
2000-10-09,17.5216,17.8847,17.34,17.5216,382200
2000-10-10,18.6715,18.7018,17.6426,17.6426,1128800
2000-10-11,19.3373,19.4583,18.8834,18.8834,860000
2000-10-12,20.3359,20.4267,18.8834,18.8834,1188400
2000-10-13,19.7609,20.3057,19.5794,20.3057,3052800
2000-10-16,19.6399,19.8517,19.5188,19.6702,1265000
2000-10-17,20.0636,20.2451,19.5188,19.6702,1122600
2000-10-18,20.1846,20.7293,20.1241,20.1241,987800
2000-10-19,20.0938,20.4872,19.9728,19.9728,886400
2000-10-20,20.457,20.5175,20.0636,20.0636,752600
2000-10-23,20.3057,20.7596,20.0333,20.5478,603600
2000-10-24,19.0649,20.3662,19.0649,20.2754,676000
2000-10-25,18.157,19.1557,18.0965,19.1557,778200
2000-10-26,18.0663,18.4294,17.9755,18.4294,872600
2000-10-27,17.1887,18.4294,16.7953,18.036,1358400
2000-10-30,17.6729,17.7031,17.0071,17.0071,843400
2000-10-31,17.7637,17.915,17.461,17.461,560800
2000-11-01,18.611,18.8531,17.461,17.7334,802200
2000-11-02,17.9526,18.6804,17.8009,18.6804,680400
2000-11-03,17.8009,18.2558,17.6493,17.71,573400
2000-11-06,17.9223,18.1042,17.4977,17.8616,763200
2000-11-07,18.4074,18.4681,18.1042,18.1042,691600
2000-11-08,18.5894,18.7107,18.1042,18.3165,537200
2000-11-09,17.9526,18.8017,17.9223,18.6804,474000
2000-11-10,18.0739,18.3771,18.0739,18.0739,424000
2000-11-13,17.6796,18.3165,17.5583,18.1952,535200
2000-11-14,18.0739,18.1345,17.6796,17.6796,523800
2000-11-15,19.014,19.014,18.1952,18.1952,1002800
2000-11-16,19.7115,19.8024,18.9533,18.9533,811400
2000-11-17,19.5598,19.8024,19.2566,19.2566,793400
2000-11-20,19.3778,19.8024,19.2869,19.5901,849000
2000-11-21,19.6811,19.7721,19.4082,19.4082,532600
2000-11-22,19.6811,19.7721,19.4688,19.4688,472800
2000-11-24,19.8631,20.045,19.6811,19.7115,325400
2000-11-27,19.7115,19.9237,19.5598,19.7115,600600
2000-11-28,19.3475,19.8631,19.3475,19.8631,602800
2000-11-29,18.8017,19.2869,18.6197,19.2869,993200
2000-11-30,18.0739,18.9533,18.0436,18.741,1110200
2000-12-01,18.4681,18.7107,18.1042,18.1649,979600
2000-12-04,18.8623,19.014,18.6804,18.7107,571000
2000-12-05,18.3165,19.1353,18.1952,18.8623,487400
2000-12-06,18.6804,18.9836,18.2558,18.5894,638200
2000-12-07,19.0746,19.2869,18.8017,18.923,815800
2000-12-08,19.4385,19.4688,18.6197,18.923,384000
2000-12-11,20.2573,20.3179,18.6197,19.1353,804600
2000-12-12,20.1663,20.1966,19.8024,20.136,557400
2000-12-13,19.954,20.1966,19.8327,20.136,304000
2000-12-14,19.5598,19.7115,19.5598,19.7115,954400
2000-12-15,19.5598,19.5598,19.5598,19.5598,931000
2000-12-18,20.2876,20.4393,19.3172,19.3172,1135200
2000-12-19,20.045,20.5909,19.9844,19.9844,1186000
2000-12-20,19.5901,20.045,19.4385,20.045,431600
2000-12-21,19.6205,19.8327,19.5295,19.8327,978200
2000-12-22,19.8934,20.045,19.6811,19.7418,617200
2000-12-26,22.3194,22.7137,20.4999,20.4999,2343200
2000-12-27,22.2891,22.5014,21.6826,22.3194,2048400
2000-12-28,23.1382,23.3202,22.2891,22.3194,1382000
2000-12-29,22.562,23.4718,22.1071,23.2292,1768800
2001-01-02,22.1981,23.0472,22.1375,22.1981,1712200
2001-01-03,20.6212,22.1375,20.4089,22.1375,1171000
2001-01-04,19.954,20.4999,19.6811,20.4999,1360400
2001-01-05,20.8335,20.8335,20.0753,20.0753,1047800
2001-01-08,21.5006,21.7736,20.8638,20.8941,1179800
2001-01-09,21.1671,21.6523,20.8638,20.8941,1122400
2001-01-10,21.7736,22.3194,21.5916,21.5916,1988000
2001-01-11,21.531,22.4104,21.4703,22.1981,1286200
2001-01-12,21.1974,21.6523,21.1367,21.6523,588400
2001-01-16,21.9858,22.0465,21.2277,21.258,1325600
2001-01-17,20.4999,21.8645,20.4999,21.8645,1318000
2001-01-18,19.8934,20.4999,19.2262,20.4999,2084800
2001-01-19,19.954,20.2573,19.3172,19.7418,1646200
2001-01-22,20.0753,20.4393,20.0147,20.0753,1103400
2001-01-23,20.4999,20.9244,19.8934,20.1057,1064600
2001-01-24,20.6819,20.8941,20.4696,20.6212,658400
2001-01-25,21.1671,21.44,20.7425,20.7425,638400
2001-01-26,20.8638,21.3793,20.6819,21.258,957000
2001-01-29,20.9414,21.3005,20.6309,20.694,808600
2001-01-30,20.5581,20.8929,20.2961,20.8881,656200
2001-01-31,20.5484,20.9414,20.4223,20.4271,842800
2001-02-01,20.1651,20.7182,19.7575,20.6697,896600
2001-02-02,21.4752,21.5431,20.1651,20.1651,1382800
2001-02-05,21.776,22.1253,21.7178,22.0768,929800
2001-02-06,22.6833,22.6833,21.6401,21.7808,1368800
2001-02-07,22.8046,22.9259,22.0525,22.6785,944400
2001-02-08,22.3825,22.9259,22.0525,22.6785,771200
2001-02-09,22.7716,22.9417,22.3973,22.3973,940000
2001-02-12,22.5285,22.9223,22.2126,22.8979,1073200
2001-02-13,22.6306,22.791,22.1154,22.407,1159400
2001-02-14,22.5285,22.9417,22.4411,22.6014,1232000
2001-02-15,21.6488,22.3827,21.5807,22.2612,1233600
2001-02-16,21.9501,22.5383,21.8724,21.8724,937400
2001-02-20,22.164,22.3584,21.9258,22.3098,907400
2001-02-21,21.6828,22.4313,21.6634,22.2855,1042400
2001-02-22,21.5273,22.0668,21.469,21.7995,1008800
2001-02-23,21.4835,21.8724,21.1676,21.605,1266800
2001-02-26,22.0182,22.1543,21.4252,21.5321,860400
2001-02-27,21.9793,22.3341,21.8141,22.0425,757600
2001-02-28,21.5078,21.9064,21.3766,21.9064,924800
2001-03-01,21.6293,21.9453,21.5564,21.5564,740000
2001-03-02,22.4459,22.5042,21.7509,21.7509,936400
2001-03-05,22.9028,23.2819,22.5285,22.6744,1156000
2001-03-06,23.0292,23.2431,22.7813,22.9514,1014400
2001-03-07,24.3269,24.3853,23.3305,23.3305,1962800
2001-03-08,24.4727,24.7838,24.011,24.0596,1506200
2001-03-09,24.4679,24.8324,24.2055,24.4727,1123400
2001-03-12,23.1944,24.011,22.9903,23.9381,1516000
2001-03-13,22.616,23.1944,22.2126,23.1604,1196200
2001-03-14,22.4313,23.1313,22.2418,22.4945,1342200
2001-03-15,21.9842,22.8105,21.8724,22.5431,892200
2001-03-16,21.6634,22.373,21.6537,22.0182,812000
2001-03-19,21.9599,22.2126,21.7022,21.7022,1238600
2001-03-20,22.7667,22.9417,21.9453,21.9939,1184000
2001-03-21,21.8529,22.7716,21.6974,22.7716,812600
2001-03-22,20.4142,21.7509,19.9282,21.7509,2380600
2001-03-23,20.6329,20.9391,20.1469,20.4385,1589600
2001-03-26,20.7156,21.1433,20.4871,20.7544,1034800
2001-03-27,20.56,20.8954,19.9767,20.7787,935200
2001-03-28,20.5454,20.6864,20.4045,20.56,1086000
2001-03-29,19.7823,20.0254,19.6851,19.9282,977800
2001-03-30,20.283,20.4434,19.8796,19.8796,980600
2001-04-02,18.9463,20.5114,18.7859,20.4628,1564800
2001-04-03,18.47,19.0435,18.1881,18.9074,1129200
2001-04-04,18.8297,19.1748,18.47,18.47,1475000
2001-04-05,19.3692,19.5296,18.8151,18.9512,1055000
2001-04-06,19.6851,19.7581,18.9318,19.3449,1044400
2001-04-09,20.4434,20.4531,19.3449,19.3449,1264000
2001-04-10,21.085,21.2162,20.4725,20.7787,948400
2001-04-11,20.6572,21.0509,20.4434,21.0461,1047600
2001-04-12,20.6572,21.1724,20.6086,20.6572,1078000
2001-04-16,21.3328,21.4009,20.6086,20.6086,765400
2001-04-17,21.5321,21.5613,21.0461,21.2891,975200
2001-04-18,21.1287,21.5564,20.9051,21.5078,2557400
2001-04-19,20.0545,21.1287,19.9573,21.1287,1278600
2001-04-20,20.0254,20.4628,19.9524,20.1712,1197000
2001-04-23,20.4871,20.6086,20.074,20.074,1619200
2001-04-24,20.978,21.2405,20.7302,20.9246,1722600
2001-04-25,21.4884,21.5856,20.803,21.0995,1016600
2001-04-26,21.7703,21.9696,21.6293,21.6293,1267800
2001-04-27,21.4058,21.7314,21.2405,21.7266,958200
2001-04-30,21.1287,21.7606,20.9003,21.5078,1357200
2001-05-01,20.5114,21.1433,20.4142,21.1238,2115200
2001-05-02,19.4227,20.2733,19.2428,20.2684,2224800
2001-05-03,18.9991,19.7248,18.8238,19.4424,1748400
2001-05-04,19.3596,19.53,19.0479,19.0965,1572600
2001-05-07,19.1404,19.8027,19.0673,19.6518,1498400
2001-05-08,19.1647,19.3352,18.8579,19.1891,1308400
2001-05-09,19.832,19.832,19.2621,19.2621,1643000
2001-05-10,19.8514,20.168,19.7735,20.0901,1450600
2001-05-11,19.3303,19.7784,19.2621,19.7735,814600
2001-05-14,20.3677,20.5284,19.3303,19.3303,1320400
2001-05-15,20.694,20.8694,20.4651,20.4651,1052000
2001-05-16,20.9181,21.1275,20.5284,20.6015,721200
2001-05-17,21.1275,21.1518,20.3093,20.6989,1233400
2001-05-18,21.6584,21.7947,21.3028,21.3028,706800
2001-05-21,21.9408,22.0139,21.5074,21.5512,711600
2001-05-22,21.7314,21.8678,21.5317,21.8678,1223000
2001-05-23,20.9911,21.6486,20.9424,21.5025,936000
2001-05-24,20.4115,20.9668,20.2606,20.9424,1297000
2001-05-25,20.3823,20.6648,20.3628,20.5528,592600
2001-05-29,20.0852,20.7573,19.9586,20.5771,883600
2001-05-30,19.7735,20.2606,19.4277,20.1145,1276800
2001-05-31,20.2167,20.3093,19.5398,19.8953,994800
2001-06-01,20.1534,20.47,19.8076,20.3093,811400
2001-06-04,20.5577,20.7866,20.4554,20.4554,827800
2001-06-05,20.5382,20.7573,20.3434,20.5625,775600
2001-06-06,19.5446,20.2849,19.379,20.2849,1148800
2001-06-07,18.9748,19.5446,18.8482,19.5446,1520200
2001-06-08,19.2621,19.4813,18.7508,19.1647,1387400
2001-06-11,19.5398,19.6615,19.3839,19.53,1297200
2001-06-12,19.6567,19.832,19.5836,19.6761,1192800
2001-06-13,19.2183,20.1632,19.1598,19.8953,1014400
2001-06-14,18.7508,19.2865,18.7167,19.2183,1197000
2001-06-15,18.7995,18.9358,18.5072,18.5072,1370600
2001-06-18,18.5072,18.6923,18.4342,18.6777,1029400
2001-06-19,18.3757,18.6241,18.1712,18.5072,613000
2001-06-20,17.9033,18.6777,17.8254,18.3611,1059600
2001-06-21,17.2653,17.9861,17.0462,17.8644,1098600
2001-06-22,17.7572,17.7767,16.9195,17.1435,2001800
2001-06-25,17.6647,17.9666,17.4114,17.7523,1689600
2001-06-26,18.0251,18.1176,17.4358,17.6062,1316600
2001-06-27,17.5283,17.8254,17.2507,17.8254,1352200
2001-06-28,16.7393,17.5575,16.6809,17.5283,1484200
2001-06-29,17.2166,17.3335,16.7344,16.8513,2105400
2001-07-02,17.0364,17.3335,16.827,17.314,1450600
2001-07-03,17.0705,17.2215,16.9,16.9,638800
2001-07-05,17.5381,17.616,17.1192,17.1922,1222600
2001-07-06,17.7328,17.8449,17.1922,17.728,935200
2001-07-09,16.8757,17.7523,16.7978,17.7523,2077600
2001-07-10,16.7978,17.3627,16.6516,17.0948,1603400
2001-07-11,16.3643,16.9244,15.9503,16.9244,1958000
2001-07-12,16.1208,16.7539,16.0331,16.413,1773600
2001-07-13,16.5737,16.8367,15.9747,16.1256,1189400
2001-07-16,15.7116,16.9487,15.6678,16.5835,1210800
2001-07-17,15.6971,16.1305,15.5363,15.9503,1066800
2001-07-18,15.5558,15.7311,15.0249,15.4876,1067400
2001-07-19,15.7701,15.9942,15.6337,15.6581,815600
2001-07-20,16.5396,16.5835,15.8773,15.999,1069600
2001-07-23,16.7539,16.9098,16.6614,16.8026,1187800
2001-07-24,16.6078,16.9536,16.4812,16.7539,1413600
2001-07-25,17.5916,17.7134,16.4325,16.9731,1721200
2001-07-26,17.7621,17.8936,17.2166,17.5819,1491600
2001-07-27,18.4001,18.4585,17.5332,17.7621,1020000
2001-07-30,17.991,18.5998,17.9666,18.215,809400
2001-07-31,17.6647,18.5316,17.6452,18.0154,1014000
2001-08-01,17.5088,18.215,17.3627,17.8498,1271000
2001-08-02,17.7189,17.8409,17.2796,17.6457,811600
2001-08-03,17.426,17.8165,17.2796,17.6945,631400
2001-08-06,17.2308,17.7677,17.0599,17.304,672000
2001-08-07,17.182,17.4748,17.0599,17.3284,355800
2001-08-08,16.6353,17.5285,16.5279,17.2552,1255600
2001-08-09,16.6938,16.8159,16.4156,16.6255,522800
2001-08-10,16.7719,16.9379,16.6206,16.6694,687000
2001-08-13,16.9818,17.1771,16.7915,16.8403,500400
2001-08-14,17.4309,17.47,17.0404,17.2796,724400
2001-08-15,18.3876,18.5243,17.4504,17.5481,1479200
2001-08-16,18.3486,18.5731,17.8409,18.5243,1491400
2001-08-17,18.085,18.3779,17.963,18.3535,659000
2001-08-20,17.6945,18.0899,17.6603,18.0899,526600
2001-08-21,17.6799,17.9386,17.6213,17.6994,409600
2001-08-22,17.426,18.3779,17.3284,17.9239,1125400
2001-08-23,16.9867,17.4993,16.8891,17.4993,1048000
2001-08-24,16.7475,17.0892,16.4888,17.0843,879600
2001-08-27,16.7426,16.8842,16.6841,16.7475,588000
2001-08-28,16.7475,16.8403,16.606,16.7426,502400
2001-08-29,16.8452,17.182,16.5962,16.7915,1199600
2001-08-30,16.4644,16.9818,16.3033,16.8403,578000
2001-08-31,16.4742,16.6694,16.2057,16.4254,762400
2001-09-04,16.7183,16.9574,16.6694,16.7183,715400
2001-09-05,16.728,16.8647,16.3863,16.7671,884400
2001-09-06,16.8354,16.9721,16.6548,16.7329,896200
2001-09-07,16.9965,17.1576,16.6694,16.8354,825000
2001-09-10,17.182,17.2698,16.8012,16.9623,999600
2001-09-17,16.7671,17.8654,16.6938,17.5725,1452000
2001-09-18,15.8396,16.8403,15.6395,16.8159,690400
2001-09-19,15.166,15.8152,14.6828,15.8152,1575800
2001-09-20,15.166,15.6492,14.8292,15.1318,1080200
2001-09-21,15.2539,15.62,14.6925,15.166,1273400
2001-09-24,14.3264,15.5223,14.3264,15.2539,1295200
2001-09-25,13.8383,14.3508,13.4234,14.2288,1425000
2001-09-26,13.5601,13.8871,13.4722,13.7163,1802600
2001-09-27,14.3508,14.5461,13.5698,13.5698,1588000
2001-09-28,15.127,15.2539,14.4241,14.5949,1459200
2001-10-01,14.8975,15.1416,14.6437,15.0245,1765200
2001-10-02,15.2051,15.2197,14.7901,14.7901,610200
2001-10-03,15.3759,15.3759,14.9024,15.0098,689800
2001-10-04,15.9909,16.152,15.4101,15.4101,1534200
2001-10-05,16.2252,16.3522,15.4491,15.9909,857400
2001-10-08,16.3619,16.7426,15.947,16.1569,618000
2001-10-09,16.5474,16.6938,16.2301,16.6499,715800
2001-10-10,17.4163,17.4456,16.4937,16.5718,1162600
2001-10-11,17.5432,17.8654,17.1917,17.4163,1073400
2001-10-12,17.4651,17.6457,16.9428,17.5383,1115200
2001-10-15,16.9184,17.5481,16.7524,17.426,1005000
2001-10-16,17.7336,17.88,17.0062,17.0843,785000
2001-10-17,17.5139,18.1338,17.4846,18.0606,750000
2001-10-18,17.0307,17.3626,16.7671,17.3431,1051600
2001-10-19,17.5285,17.6945,16.3766,16.9818,1557000
2001-10-22,17.4944,17.8409,17.0404,17.5725,1091000
2001-10-23,17.2503,17.8361,17.1576,17.5237,1408000
2001-10-24,17.631,17.8605,16.9379,16.9623,1507800
2001-10-25,18.4804,18.4804,17.6457,17.7531,1013600
2001-10-26,18.8953,18.9978,18.5243,18.5243,856200
2001-10-29,19.1101,19.525,18.8514,19.0173,974000
2001-10-30,18.2022,18.661,18.1094,18.6561,874000
2001-10-31,18.0459,18.5487,17.8605,18.2998,1353400
2001-11-01,18.4815,18.5793,17.8064,18.188,1035000
2001-11-02,17.9776,18.3592,17.8553,18.3592,879400
2001-11-05,17.6058,18.1488,17.5422,17.9776,606800
2001-11-06,17.6841,17.7184,17.0481,17.3661,973600
2001-11-07,17.963,18.1586,17.3759,17.5374,969200
2001-11-08,18.1439,18.3885,17.8553,18.1488,608600
2001-11-09,18.3934,18.7799,18.2516,18.3885,966600
2001-11-12,18.2809,18.3299,17.8749,18.0999,632000
2001-11-13,18.1635,18.2956,17.9091,18.2809,719600
2001-11-14,17.1851,17.6694,17.1705,17.5618,803400
2001-11-15,15.4632,15.7958,15.2137,15.4828,2174600
2001-11-16,15.9377,15.9524,15.2675,15.6295,1355600
2001-11-19,15.8986,15.9475,15.3849,15.8937,1092000
2001-11-20,16.5101,16.6128,16.1432,16.241,1577800
2001-11-21,16.1334,16.5639,15.8546,16.5101,865400
2001-11-23,16.334,16.3878,15.4094,15.4094,680600
2001-11-26,16.0991,16.1676,15.7861,16.1334,854600
2001-11-27,16.3389,16.5492,15.8007,16.0991,1245400
2001-11-28,15.9181,16.2801,15.8252,16.0698,1341000
2001-11-29,16.0943,16.1432,15.8497,15.9181,1148000
2001-11-30,15.9964,16.1089,15.8007,16.0943,672200
2001-12-03,16.153,16.2655,15.654,15.8741,1399400
2001-12-04,16.3584,16.3926,15.9475,16.1089,1590200
2001-12-05,16.6079,16.965,16.559,16.6324,899600
2001-12-06,16.2655,16.6911,16.2655,16.5345,742800
2001-12-07,16.241,16.2948,15.8056,15.9964,1628600
2001-12-10,16.2068,16.2606,15.9181,15.9964,918400
2001-12-11,15.8497,16.1921,15.8252,16.1432,864200
2001-12-12,15.3213,15.8252,15.199,15.8252,1262600
2001-12-13,15.0963,15.3605,14.6756,14.7734,1051000
2001-12-14,15.3458,15.4779,15.0767,15.2626,1147800
2001-12-17,15.2039,15.5953,15.0914,15.2235,676200
2001-12-18,15.6491,15.6735,15.1159,15.2626,1397000
2001-12-19,16.1774,16.2459,15.5855,15.6051,993400
2001-12-20,16.1725,16.7008,16.1187,16.1774,1028200
2001-12-21,16.4416,16.6666,16.3291,16.4367,1219600
2001-12-24,16.559,16.9895,16.559,16.5639,422400
2001-12-26,17.0188,17.1949,16.7547,16.7791,1117600
2001-12-27,17.102,17.1949,16.7791,16.9748,1018800
2001-12-28,17.42,17.5863,17.0726,17.2879,432600
2001-12-31,17.2634,17.5618,17.1949,17.42,550200
2002-01-02,16.9797,17.1705,16.6568,17.1411,1614600
2002-01-03,16.7498,17.1215,16.6617,16.9797,1139600
2002-01-04,16.9259,16.9748,16.7987,16.8281,974600
2002-01-07,17.0629,17.1803,16.7938,16.8036,891600
2002-01-08,16.877,17.0677,16.7694,17.0677,579000
2002-01-09,16.7057,17.0726,16.1921,16.5834,1755800
2002-01-10,16.4856,16.6324,16.4367,16.559,374800
2002-01-11,16.0698,16.4856,16.0502,16.4856,847600
2002-01-14,15.879,16.1725,15.7029,15.7518,988600
2002-01-15,16.1872,16.3731,15.9475,15.9475,903200
2002-01-16,16.0209,16.1872,15.923,16.1872,652000
2002-01-17,15.8497,16.0698,15.8301,16.0502,474400
2002-01-18,15.7421,16.0062,15.7029,15.9083,401200
2002-01-22,15.6686,15.8692,15.5366,15.7518,365000
2002-01-23,15.7958,15.8937,15.6882,15.6882,1639800
2002-01-24,16.2948,16.3829,15.7518,15.8252,778200
2002-01-25,16.5688,16.6324,16.2655,16.2899,630000
2002-01-28,16.2166,16.6519,16.1676,16.5688,660200
2002-01-29,16.0013,16.2655,15.561,16.0453,1166400
2002-01-30,15.8741,15.8741,15.1159,15.1648,1653000
2002-01-31,15.8986,16.2361,15.8594,15.8741,1532000
2002-02-01,15.8399,16.1432,15.6295,15.9964,1570600
2002-02-04,15.3605,15.7909,15.336,15.7763,621600
2002-02-05,15.292,15.4094,15.0474,15.1648,1017200
2002-02-06,15.6295,15.7323,15.2969,15.2969,1499600
2002-02-07,15.6444,15.6689,15.3943,15.6493,1666200
2002-02-08,15.7817,15.7915,15.4384,15.6444,1639000
2002-02-11,15.9141,16.0465,15.512,15.5953,904800
2002-02-12,15.8062,15.8896,15.5708,15.6689,896800
2002-02-13,15.9386,15.9386,15.6346,15.7425,1052200
2002-02-14,16.1838,16.2868,15.9288,15.9386,618000
2002-02-15,16.0465,16.228,15.9877,16.1887,466000
2002-02-19,16.0612,16.1986,15.7572,15.7915,595400
2002-02-20,15.9681,16.1544,15.8455,16.0612,660600
2002-02-21,16.3015,16.5173,16.0612,16.0858,593800
2002-02-22,16.7478,16.895,16.3604,16.4045,763600
2002-02-25,17.5325,17.5668,16.7969,16.7969,1196600
2002-02-26,17.5423,17.557,17.2039,17.5374,595400
2002-02-27,17.2873,17.7532,17.2235,17.5472,712400
2002-02-28,17.7532,17.7532,17.2922,17.2922,1009000
2002-03-01,17.9641,17.9788,17.6698,17.7532,650600
2002-03-04,18.2632,18.2632,17.9641,17.969,451000
2002-03-05,18.2142,18.4349,17.9984,18.4349,456200
2002-03-06,18.9008,18.9057,18.2436,18.2927,709800
2002-03-07,19.146,19.4942,19.0234,19.0234,838600
2002-03-08,18.6703,19.1607,18.3662,19.146,1022200
2002-03-11,18.4937,18.8076,18.3417,18.734,1050000
2002-03-12,18.3564,18.4152,18.1455,18.1455,921000
2002-03-13,18.2583,18.5869,18.1112,18.3809,915400
2002-03-14,18.3221,18.3613,17.9886,18.2632,548200
2002-03-15,18.7733,18.8713,18.4888,18.5869,1028200
2002-03-18,19.0479,19.1166,18.6359,18.8566,589000
2002-03-19,19.4844,19.6168,19.0528,19.0528,722000
2002-03-20,19.3765,19.5629,19.1018,19.3961,621600
2002-03-21,19.3225,19.4697,18.9694,19.3765,879000
2002-03-22,18.6114,19.1803,18.5722,19.1754,612200
2002-03-25,18.7634,18.9792,18.4888,18.5624,587400
2002-03-26,18.7095,18.8468,18.43,18.7634,671000
2002-03-27,19.3814,19.401,18.989,19.0037,684000
2002-03-28,19.1558,19.4942,19.1264,19.146,629800
2002-04-01,19.6168,19.7443,19.1264,19.1264,1256600
2002-04-02,19.8375,19.9895,19.6903,19.7639,1052400
2002-04-03,19.4255,19.7149,19.2097,19.7149,961600
2002-04-04,18.8419,19.5432,18.734,19.3225,969600
2002-04-05,18.5869,18.9547,18.4349,18.8419,845400
2002-04-08,19.0626,19.3471,18.7978,19.0528,880200
2002-04-09,18.6752,19.0626,18.5624,19.0626,568800
2002-04-10,19.1852,19.2343,18.6359,18.6801,534800
2002-04-11,19.1117,19.5677,18.9302,19.0773,633200
2002-04-12,18.1112,18.7144,18.0229,18.7095,1574800
2002-04-15,18.7438,18.9302,18.4152,18.4152,1041000
2002-04-16,18.7242,18.9351,18.6507,18.8076,719000
2002-04-17,19.3274,19.3863,18.989,19.0528,602800
2002-04-18,19.195,19.6119,19.195,19.3323,1014600
2002-04-19,19.2637,19.3961,18.8321,19.195,627200
2002-04-22,19.0675,19.4746,19.0037,19.2637,296400
2002-04-23,19.3961,19.6168,18.989,19.0724,1156000
2002-04-24,18.9008,19.2539,18.8076,19.1018,1215800
2002-04-25,19.0528,19.1509,18.6507,18.9057,1004600
2002-04-26,18.9694,19.0773,18.8713,18.9792,513000
2002-04-29,18.8861,18.994,18.6359,18.9694,685600
2002-04-30,19.1509,19.2146,18.8321,18.8321,698200
2002-05-01,19.3667,19.4108,18.9792,19.1558,799000
2002-05-02,19.3864,19.524,19.1162,19.2636,490000
2002-05-03,19.5535,19.7059,19.3815,19.4258,1149000
2002-05-06,18.9491,19.2783,18.9442,19.1653,1656400
2002-05-07,18.9688,19.0916,18.723,18.954,882000
2002-05-08,19.5388,19.5585,19.2144,19.2144,599400
2002-05-09,19.2636,19.6371,19.2538,19.5093,493400
2002-05-10,19.2095,19.4749,19.185,19.2882,564600
2002-05-13,19.6076,19.6174,19.0621,19.2095,607200
2002-05-14,19.7157,19.7747,19.5339,19.6567,496600
2002-05-15,19.1162,19.5339,19.0179,19.5191,639200
2002-05-16,19.3078,19.4897,19.0867,19.1162,474200
2002-05-17,18.8705,19.0867,18.7427,19.067,731600
2002-05-20,18.7771,18.8508,18.6248,18.7967,476800
2002-05-21,18.7673,19.0179,18.7034,18.7525,531000
2002-05-22,18.9884,19.0326,18.5805,18.6739,398200
2002-05-23,19.1211,19.185,18.7476,18.9933,436200
2002-05-24,18.9786,19.067,18.7771,19.067,600600
2002-05-28,18.8066,19.0424,18.6886,19.0424,449600
2002-05-29,18.7181,18.7624,18.3397,18.6985,967400
2002-05-30,18.3299,18.6886,18.2316,18.4282,552800
2002-05-31,18.7525,18.8705,18.4036,18.4282,786800
2002-06-03,18.1726,18.7525,18.1726,18.7525,541600
2002-06-04,18.1726,18.4626,17.9761,18.2218,660200
2002-06-05,17.8876,18.0842,17.7697,18.0842,499400
2002-06-06,17.809,18.2513,17.578,18.1579,500400
2002-06-07,17.9662,18.0793,17.7058,17.809,689200
2002-06-10,17.4552,18.1333,17.4208,17.8631,409400
2002-06-11,17.2095,17.6173,17.1161,17.4945,580000
2002-06-12,17.3667,17.4896,17.1996,17.3323,457000
2002-06-13,17.5092,17.8237,17.18,17.3667,622800
2002-06-14,17.524,17.5682,17.0522,17.1751,1084600
2002-06-17,18.0547,18.0744,17.7353,17.9024,404000
2002-06-18,17.868,18.1432,17.8139,18.0547,662800
2002-06-19,17.637,17.9515,17.6223,17.7451,635600
2002-06-20,17.6272,17.9712,17.5682,17.868,506400
2002-06-21,17.4748,17.7156,17.2144,17.4699,379000
2002-06-24,17.6812,17.7255,17.4159,17.5436,443798
2002-06-25,17.6911,18.035,17.6321,17.8385,465400
2002-06-26,17.6075,17.637,17.3372,17.5928,596800
2002-06-27,17.6075,17.7353,17.3471,17.6124,468200
2002-06-28,17.7156,17.8336,17.6075,17.6075,675600
2002-07-01,17.5485,17.8581,17.5142,17.6665,450600
2002-07-02,17.0817,17.7058,16.9736,17.6173,503400
2002-07-03,16.9834,17.2881,16.4871,17.0817,758800
2002-07-05,17.4454,17.4454,17.0129,17.0227,258400
2002-07-08,16.9539,17.3716,16.9244,17.3471,507800
2002-07-09,16.8409,17.0276,16.8311,16.9588,482200
2002-07-10,16.3544,17.0031,16.3151,16.9539,555400
2002-07-11,15.9072,16.2659,15.8335,16.2659,701800
2002-07-12,15.6566,16.1677,15.3863,15.9465,1045600
2002-07-15,15.5386,15.7991,14.89,15.7991,821200
2002-07-16,15.4109,15.6517,15.1602,15.5042,1026600
2002-07-17,15.46,15.9121,15.1946,15.6762,716000
2002-07-18,15.2241,15.6713,15.1602,15.4551,407400
2002-07-19,14.6737,15.1848,14.5755,15.1848,883600
2002-07-22,13.6467,14.8506,13.6123,14.6688,947800
2002-07-23,13.5189,13.9268,13.3469,13.8089,1053800
2002-07-24,14.0644,14.0644,13.0963,13.4894,1343200
2002-07-25,13.9956,14.3248,13.686,14.0054,1018800
2002-07-26,14.3003,14.3494,13.9071,14.0054,540600
2002-07-29,15.2094,15.2585,14.5361,14.5361,674200
2002-07-30,15.1209,15.3322,14.8162,15.3322,553200
2002-07-31,15.2782,15.3322,14.9538,15.1209,446000
2002-08-01,14.6575,15.3768,14.6329,15.3768,605400
2002-08-02,14.5984,14.8595,14.2288,14.5836,659000
2002-08-05,14.0663,14.756,14.0663,14.6476,591000
2002-08-06,14.5048,14.7068,14.1402,14.1402,618400
2002-08-07,14.5392,14.5392,14.3865,14.5048,856200
2002-08-08,15.027,15.1502,14.4112,14.4112,644600
2002-08-09,15.5296,15.5394,14.6821,15.0319,807600
2002-08-12,15.7907,15.9139,15.2881,15.4704,622600
2002-08-13,15.3916,15.7907,15.3128,15.7907,612400
2002-08-14,15.6034,15.766,15.2339,15.766,815400
2002-08-15,16.1848,16.2981,15.6724,15.6724,820000
2002-08-16,16.106,16.1848,15.8695,16.1848,1203800
2002-08-19,16.1898,16.4164,15.8695,16.1109,607600
2002-08-20,15.8498,16.0764,15.6724,16.0666,559200
2002-08-21,16.0567,16.0616,15.6429,15.8646,515200
2002-08-22,16.3721,16.5248,16.0616,16.0616,579200
2002-08-23,16.2144,16.4065,16.1602,16.3228,342200
2002-08-26,16.5347,16.5347,16.1208,16.2341,325400
2002-08-27,16.6627,16.85,16.5297,16.85,560000
2002-08-28,16.2686,16.6627,16.1848,16.6627,361400
2002-08-29,16.2489,16.3819,15.9681,16.2095,538800
2002-08-30,16.4312,16.6283,16.2587,16.2587,1068000
2002-09-03,15.7217,16.1602,15.6182,16.1356,963600
2002-09-04,15.5542,15.8449,15.2241,15.766,1121400
2002-09-05,15.5296,15.7118,15.4704,15.5542,747000
2002-09-06,15.8153,15.8892,15.6429,15.766,381000
2002-09-09,15.7316,15.8794,15.6034,15.8153,406400
2002-09-10,16.037,16.0666,15.7217,15.766,334400
2002-09-11,15.9582,16.1848,15.9582,16.1848,226000
2002-09-12,15.6675,16.0124,15.5838,15.9631,475200
2002-09-13,15.9139,15.9878,15.5098,15.6675,315800
2002-09-16,16.0223,16.1109,15.7118,15.9139,381400
2002-09-17,15.6823,15.9434,15.4951,15.9385,495400
2002-09-18,15.7562,15.904,15.4606,15.569,390200
2002-09-19,15.5,15.8744,15.5,15.6872,528400
2002-09-20,15.4507,15.6872,15.4261,15.6872,488400
2002-09-23,15.5591,15.8695,15.4359,15.569,523800
2002-09-24,15.6429,15.8399,15.3818,15.564,1167800
2002-09-25,16.1553,16.3179,15.6724,15.8399,782600
2002-09-26,16.7908,16.845,16.2292,16.2341,651600
2002-09-27,16.7022,17.2441,16.6677,16.7613,536200
2002-09-30,16.7366,16.9091,16.3967,16.6036,588800
2002-10-01,16.9978,17.0175,16.6283,16.7514,500800
2002-10-02,16.9682,17.6186,16.8894,16.9485,865000
2002-10-03,17.1702,17.3574,16.6923,16.9239,899600
2002-10-04,17.0076,17.5151,16.8746,17.5151,798800
2002-10-07,16.7416,17.2293,16.6332,16.9485,659400
2002-10-08,16.2587,16.85,16.1109,16.8007,804400
2002-10-09,15.8547,16.244,15.569,16.037,502400
2002-10-10,16.0961,16.1011,15.5443,15.7562,433800
2002-10-11,16.1651,16.3819,16.037,16.3326,617000
2002-10-14,16.7514,16.85,16.1109,16.1651,519400
2002-10-15,17.1406,17.2835,17.0667,17.2441,552200
2002-10-16,16.9386,17.3279,16.8697,17.0717,443800
2002-10-17,17.4412,17.451,17.0471,17.1702,299800
2002-10-18,17.2589,17.5299,17.1801,17.4461,499000
2002-10-21,17.5989,17.6875,17.1012,17.1357,443400
2002-10-22,16.8992,17.4412,16.5642,17.4412,744000
2002-10-23,17.6333,17.6629,16.7761,16.7761,874400
2002-10-24,17.5644,17.7861,17.4412,17.6875,1011600
2002-10-25,17.3476,17.52,17.1998,17.5151,1118000
2002-10-28,17.6284,17.7861,17.3476,17.4708,929200
2002-10-29,17.4264,17.5397,17.1702,17.5397,1139200
2002-10-30,18.0029,18.2295,17.2835,17.4905,1055000
2002-10-31,17.929,18.3773,17.7565,18.1556,951600
2002-11-01,18.2049,18.2394,17.8551,17.86,907400
2002-11-04,18.1063,18.4167,17.9634,18.4167,1136800
2002-11-05,18.1112,18.1556,17.86,18.1556,720800
2002-11-06,18.3039,18.3928,17.8299,18.1706,732400
2002-11-07,18.2496,18.3977,18.1014,18.3434,874800
2002-11-08,18.141,18.2496,18.0224,18.2496,964200
2002-11-11,17.9237,18.2298,17.7064,18.141,528600
2002-11-12,17.7311,18.0768,17.6669,17.9977,710200
2002-11-13,16.9855,17.8891,16.9164,17.6768,708400
2002-11-14,17.2917,17.4645,17.0843,17.0843,829000
2002-11-15,17.3361,17.3756,17.183,17.2571,589200
2002-11-18,17.5139,17.5336,17.188,17.4596,689400
2002-11-19,17.3805,17.6669,17.346,17.5188,442600
2002-11-20,18.3681,18.3681,17.3904,17.3904,977400
2002-11-21,18.5755,18.615,18.2693,18.4175,957200
2002-11-22,17.9286,18.5755,17.9237,18.5755,494200
2002-11-25,18.0916,18.1607,17.8398,17.9533,362200
2002-11-26,17.5781,18.0669,17.5534,18.0669,444600
2002-11-27,18.062,18.4027,17.6028,17.6521,364000
2002-11-29,18.2743,18.3187,18.0718,18.0718,169800
2002-12-02,18.3237,18.4669,18.1459,18.3286,551800
2002-12-03,18.5113,18.8273,18.2693,18.2693,886400
2002-12-04,18.3878,18.5409,18.2743,18.5162,453600
2002-12-05,18.61,18.6989,18.3977,18.4915,682800
2002-12-06,18.9655,19.0347,18.5261,18.5409,369600
2002-12-09,18.6594,19.2519,18.6594,18.9705,585400
2002-12-10,18.8619,18.926,18.615,18.7384,1128800
2002-12-11,19.1334,19.163,18.4669,18.8668,903000
2002-12-12,19.7803,19.8889,19.1334,19.1334,1212200
2002-12-13,19.6321,19.9975,19.484,19.8,1082200
2002-12-16,19.6618,19.9432,19.6272,19.6667,1099800
2002-12-17,19.4149,19.7013,19.3704,19.6025,967000
2002-12-18,18.9803,19.3803,18.9162,19.3803,953800
2002-12-19,18.7285,19.01,18.6001,18.9409,968800
2002-12-20,19.1433,19.1433,18.7483,18.7878,669200
2002-12-23,19.2322,19.2569,18.8816,19.1976,489000
2002-12-24,19.1581,19.2322,19.0643,19.2322,283600
2002-12-26,18.8075,19.2075,18.7828,19.1334,308600
2002-12-27,18.3977,18.9803,18.2249,18.7631,797000
2002-12-30,18.5162,18.6791,18.4125,18.4915,515400
2002-12-31,18.5409,18.6298,18.2446,18.5656,470000
2003-01-02,18.8866,18.9112,18.5656,18.7137,801200
2003-01-03,18.8717,19.0248,18.7631,18.9606,885800
2003-01-06,18.8421,19.0692,18.7927,18.8866,548600
2003-01-07,18.0718,18.7878,18.057,18.7878,1313400
2003-01-08,17.7213,18.1459,17.6274,18.0768,1290600
2003-01-09,17.7756,17.9681,17.6768,17.8151,767200
2003-01-10,17.4892,17.7953,17.4299,17.7805,1141000
2003-01-13,17.2769,17.6274,17.2374,17.6028,1123400
2003-01-14,17.2818,17.4793,17.2077,17.346,1131800
2003-01-15,17.6521,17.7064,17.2127,17.3559,1201600
2003-01-16,17.8645,17.9484,17.7064,17.7756,977800
2003-01-17,17.7607,17.8694,17.6521,17.8694,512000
2003-01-21,17.4052,17.7657,17.3756,17.7657,673000
2003-01-22,17.4398,17.6768,17.2077,17.4102,775000
2003-01-23,17.5682,17.6028,17.3805,17.4842,575800
2003-01-24,17.3559,17.6028,17.3015,17.5781,594400
2003-01-27,16.7239,17.4052,16.6794,17.3608,1046000
2003-01-28,17.1287,17.3312,16.7979,16.7979,849600
2003-01-29,17.3263,17.4299,17.0102,17.0843,1759800
2003-01-30,17.3954,17.6867,17.3608,17.3608,1026200
2003-01-31,17.6274,17.6768,17.2472,17.4349,1114800
2003-02-03,17.3559,17.7509,17.3213,17.6324,805600
2003-02-04,17.7015,17.7262,17.2423,17.3608,667200
2003-02-05,17.3904,17.8249,17.3805,17.8003,736400
2003-02-06,17.4349,17.4793,17.2374,17.4052,628800
2003-02-07,17.2818,17.5435,17.0349,17.4299,660400
2003-02-10,17.4052,17.4349,17.2077,17.2818,470400
2003-02-11,17.3213,17.5287,17.1485,17.4052,611000
2003-02-12,16.9658,17.3312,16.8423,17.3312,1004800
2003-02-13,16.7831,17.0497,16.7387,17.025,1183800
2003-02-14,16.7633,16.9016,16.6201,16.8325,742200
2003-02-18,17.3411,17.3657,16.8374,16.8374,971200
2003-02-19,17.2719,17.4398,17.1534,17.4052,550200
2003-02-20,17.3015,17.4694,17.2867,17.3065,600800
2003-02-21,17.7756,17.8151,17.3015,17.3015,1472000
2003-02-24,17.9336,18.141,17.7756,17.8743,1274200
2003-02-25,17.7706,18.2101,17.6768,17.9731,1141800
2003-02-26,17.7854,17.9977,17.6768,17.7756,426200
2003-02-27,17.3559,17.8842,17.3559,17.8694,827400
2003-02-28,17.4299,17.7015,17.3855,17.3855,529200
2003-03-03,17.5238,17.6521,17.3904,17.4299,1180000
2003-03-04,17.7015,17.7311,17.4793,17.4793,630000
2003-03-05,17.5781,17.8249,17.5781,17.7064,947200
2003-03-06,17.6867,17.7311,17.504,17.5929,872200
2003-03-07,17.5139,17.7163,17.4349,17.6916,622200
2003-03-10,17.6768,17.82,17.4842,17.4991,941200
2003-03-11,17.6225,17.8694,17.5978,17.7756,738400
2003-03-12,17.4744,17.6521,17.3559,17.6225,1208000
2003-03-13,17.1435,17.6175,17.03,17.5534,682200
2003-03-14,16.8818,17.183,16.7732,17.1781,828000
2003-03-17,16.8275,17.0843,16.6646,16.9855,633600
2003-03-18,17.0201,17.0399,16.3288,16.8275,879400
2003-03-19,16.951,17.0843,16.788,17.0201,854200
2003-03-20,17.1337,17.2374,16.8572,16.951,616000
2003-03-21,16.635,17.2571,16.6004,17.2571,628200
2003-03-24,16.5461,16.788,16.3979,16.635,658800
2003-03-25,16.788,16.9164,16.4424,16.4424,579800
2003-03-26,16.5609,16.788,16.5362,16.788,314600
2003-03-27,16.8671,17.0596,16.5115,16.5115,396400
2003-03-28,17.1287,17.2077,16.8671,16.8671,494200
2003-03-31,16.9312,17.104,16.872,17.0843,523400
2003-04-01,17.1781,17.2423,16.9312,16.9312,487400
2003-04-02,17.0448,17.183,16.8275,17.1781,495200
2003-04-03,16.5757,17.0744,16.5461,17.0448,561200
2003-04-04,16.5757,16.6794,16.5016,16.6251,564200
2003-04-07,16.319,16.6597,16.2795,16.5807,614200
2003-04-08,16.1461,16.3437,16.1215,16.319,814200
2003-04-09,16.2449,16.4128,16.1412,16.1461,835400
2003-04-10,16.5411,16.5411,16.2647,16.2943,1375400
2003-04-11,16.4622,16.9263,16.1461,16.9263,609400
2003-04-14,16.5905,16.6152,16.393,16.4424,537200
2003-04-15,16.4424,16.5905,16.393,16.5905,925000
2003-04-16,16.3338,16.5856,16.314,16.5165,1000800
2003-04-17,16.5066,16.5313,16.2498,16.3338,1657400
2003-04-21,16.6646,16.6893,16.4424,16.556,1388600
2003-04-22,16.7831,16.872,16.551,16.6399,858400
2003-04-23,16.6942,16.9016,16.5214,16.7831,671000
2003-04-24,16.8177,16.8868,16.6201,16.6646,1534200
2003-04-25,16.6399,16.8177,16.63,16.8177,1166600
2003-04-28,16.4424,16.8374,16.4078,16.6893,667600
2003-04-29,16.0869,16.4473,16.0572,16.4473,635800
2003-04-30,16.393,16.6103,16.0967,16.1215,1048200
2003-05-01,16.4375,16.556,16.3338,16.393,899600
2003-05-02,16.4325,16.7831,16.4029,16.4375,1174400
2003-05-05,16.2943,16.5609,16.1758,16.5115,1457800
2003-05-06,16.1659,16.3535,16.0869,16.3338,852000
2003-05-07,16.3041,16.4177,15.9832,16.156,1736600
2003-05-08,16.2992,16.4725,16.1953,16.2745,975800
2003-05-09,16.3091,16.4824,16.2151,16.3982,994000
2003-05-12,16.4032,16.5319,16.2101,16.2844,786000
2003-05-13,16.7002,16.7744,16.2596,16.3339,1030000
2003-05-14,16.8041,16.8932,16.6309,16.7299,500600
2003-05-15,16.7546,16.9427,16.6853,16.9031,667200
2003-05-16,16.6705,16.7992,16.5616,16.7546,800600
2003-05-19,16.7645,16.8783,16.5071,16.7051,1693200
2003-05-20,17.007,17.1258,16.8289,16.8388,2351800
2003-05-21,17.9673,17.9673,17.0516,17.0763,3967800
2003-05-22,17.9178,18.1306,17.8881,18.0663,1459000
2003-05-23,17.9821,18.0267,17.794,17.8435,1128800
2003-05-27,18.1603,18.289,17.9227,17.9425,466000
2003-05-28,17.8188,18.1554,17.8188,18.1554,790800
2003-05-29,17.695,17.9178,17.5713,17.9178,877400
2003-05-30,18.0316,18.1158,17.7643,17.794,390600
2003-06-02,18.4424,18.6107,18.2494,18.2643,830800
2003-06-03,18.6454,18.6503,18.1752,18.4474,756200
2003-06-04,18.8236,19.0562,18.4474,18.7691,1412400
2003-06-05,18.8434,18.8731,18.6404,18.8236,757000
2003-06-06,18.7592,18.9968,18.7048,18.8434,1136800
2003-06-09,18.7097,18.8087,18.6454,18.7345,735000
2003-06-10,18.8681,18.9077,18.7097,18.7097,577400
2003-06-11,19.6898,19.7244,18.8731,18.9325,1194000
2003-06-12,19.1156,20.1798,18.9919,20.1798,1354400
2003-06-13,18.7444,19.1156,18.5019,19.1156,1181200
2003-06-16,18.6355,18.8087,18.4969,18.7543,1124000
2003-06-17,18.6602,18.8285,18.6404,18.7592,1293400
2003-06-18,18.5216,18.7097,18.5117,18.6503,1105800
2003-06-19,18.7246,18.9077,18.1702,18.5216,1072800
2003-06-20,18.7543,18.8632,18.5266,18.8483,4050600
2003-06-23,18.7295,18.883,18.6008,18.7592,512400
2003-06-24,18.7246,18.8483,18.6998,18.7097,353800
2003-06-25,18.9869,19.1057,18.7345,18.7345,650000
2003-06-26,18.8087,19.1453,18.8038,18.9572,925800
2003-06-27,18.8087,18.982,18.7097,18.8087,1021800
2003-06-30,18.7097,18.9077,18.6503,18.8186,733600
2003-07-01,18.7345,18.7691,18.5117,18.7048,647400
2003-07-02,18.5711,18.7345,18.5117,18.7345,742200
2003-07-03,18.6454,18.7592,18.4672,18.5711,288000
2003-07-07,18.3335,18.7196,18.294,18.6949,984200
2003-07-08,18.0217,18.3335,17.9326,18.3335,1541400
2003-07-09,18.2791,18.3138,17.9673,17.9673,987000
2003-07-10,17.9673,18.2791,17.8188,18.2791,924000
2003-07-11,18.2197,18.3088,17.9673,17.9722,311000
2003-07-14,17.997,18.3385,17.9673,18.3138,781400
2003-07-15,17.8336,18.1009,17.8089,18.0069,827200
2003-07-16,17.8683,17.9227,17.7594,17.893,1170200
2003-07-17,18.0762,18.1108,17.8089,17.8683,708800
2003-07-18,18.5019,18.5068,18.0366,18.0762,731400
2003-07-21,18.3385,18.6355,18.3138,18.4623,708000
2003-07-22,18.4226,18.4623,18.2643,18.3435,606400
2003-07-23,18.3335,18.6652,18.2148,18.5216,525000
2003-07-24,18.2098,18.6157,18.2049,18.487,565600
2003-07-25,18.2791,18.2791,18.0415,18.19,485400
2003-07-28,18.2841,18.3731,17.9425,18.2791,1184200
2003-07-29,18.0267,18.3385,17.992,18.2643,898000
2003-07-30,18.1059,18.1405,17.9277,18.0415,584000
2003-07-31,18.0663,18.294,18.0118,18.0861,881800
2003-08-01,17.9425,18.091,17.7446,18.091,937000
2003-08-04,17.7446,17.9475,17.6208,17.9475,1056000
2003-08-05,17.507,17.8831,17.507,17.7446,841200
2003-08-06,17.8782,17.9376,17.5763,17.6059,588000
2003-08-07,18.4128,18.4177,17.9079,17.9277,659600
2003-08-08,18.393,18.5117,18.2494,18.4623,448200
2003-08-11,18.7345,18.8038,18.3633,18.3633,482000
2003-08-12,19.0315,19.0315,18.6602,18.7345,621800
2003-08-13,19.1057,19.2295,18.9572,19.0216,947600
2003-08-14,18.9919,19.2196,18.7889,19.1552,965600
2003-08-15,19.0562,19.1601,18.9424,18.982,161200
2003-08-18,19.1255,19.2493,19.076,19.081,291200
2003-08-19,19.0315,19.1651,18.982,19.1255,439200
2003-08-20,19.3186,19.3878,19.1057,19.1305,586400
2003-08-21,19.5116,19.5165,19.18,19.2789,411600
2003-08-22,19.4423,19.6353,19.3334,19.6353,666600
2003-08-25,19.2839,19.566,19.2196,19.4918,547800
2003-08-26,18.9869,19.2839,18.8087,19.2789,552200
2003-08-27,19.1601,19.2047,19.0018,19.0315,626800
2003-08-28,19.5066,19.5413,19.1057,19.2047,508600
2003-08-29,19.5957,19.67,19.4027,19.4769,367600
2003-09-02,19.467,19.5957,19.3037,19.5957,457000
2003-09-03,19.6056,19.6205,19.3829,19.4571,534200
2003-09-04,19.6502,19.6947,19.5264,19.6353,489000
2003-09-05,19.5908,19.6997,19.4423,19.6007,598200
2003-09-08,19.769,19.7987,19.5908,19.5908,396400
2003-09-09,19.4027,19.7739,19.373,19.7739,643200
2003-09-10,19.3037,19.4522,19.2047,19.4076,648000
2003-09-11,19.2789,19.4571,19.1057,19.3532,419800
2003-09-12,19.3977,19.4175,19.1601,19.2542,335600
2003-09-15,19.1898,19.4076,19.18,19.3532,689200
2003-09-16,19.4868,19.7393,19.4027,19.6254,1250000
2003-09-17,19.1453,19.4769,19.1305,19.4027,555000
2003-09-18,18.7939,19.1552,18.784,19.1552,1630400
2003-09-19,18.8384,18.9077,18.7345,18.784,1108000
2003-09-22,19.0364,19.076,18.6652,18.8434,774400
2003-09-23,19.1354,19.1998,19.0315,19.1552,382600
2003-09-24,19.3284,19.5264,19.2295,19.5215,402000
2003-09-25,18.9127,19.3284,18.9077,19.3037,509400
2003-09-26,18.6602,18.9028,18.5415,18.8632,349200
2003-09-29,18.6998,18.8087,18.6107,18.685,441000
2003-09-30,18.9572,19.1057,18.6107,18.784,842000
2003-10-01,19.0562,19.0661,18.8186,18.982,836200
2003-10-02,19.3532,19.368,18.9374,19.0562,577000
2003-10-03,19.6007,19.6254,19.2295,19.373,565800
2003-10-06,19.6304,19.7096,19.5264,19.5561,737200
2003-10-07,19.7096,19.7442,19.4769,19.7145,413600
2003-10-08,19.6898,19.7937,19.5462,19.7591,663200
2003-10-09,19.6947,19.7987,19.5561,19.6898,581400
2003-10-10,19.9273,19.9422,19.6749,19.7294,549000
2003-10-13,19.9867,19.9967,19.7987,19.9967,962800
2003-10-14,19.7789,19.9917,19.4522,19.9917,578800
2003-10-15,19.4868,19.9472,19.3532,19.9472,653800
2003-10-16,19.7096,19.7789,19.4522,19.4918,371800
2003-10-17,19.6106,19.7492,19.5264,19.7244,416400
2003-10-20,19.566,19.6749,19.467,19.6749,643200
2003-10-21,19.8086,19.8927,19.5759,19.5759,347000
2003-10-22,19.7838,19.8977,19.7393,19.8581,392600
2003-10-23,19.6997,19.7937,19.5017,19.7838,775400
2003-10-24,19.6502,19.7244,19.5363,19.6997,321800
2003-10-27,19.6452,19.8234,19.571,19.6551,285600
2003-10-28,19.4621,19.6749,19.3532,19.6749,444200
2003-10-29,19.7591,19.7937,19.5611,19.5611,902800
2003-10-30,19.7046,19.8482,19.5611,19.8234,643600
2003-10-31,19.6749,19.8135,19.467,19.7096,390400
2003-11-03,19.4274,19.7541,19.3928,19.7393,640414
2003-11-04,19.1156,19.4274,19.0067,19.4274,1168072
2003-11-05,19.0562,19.2146,19.0216,19.1453,718800
2003-11-06,19.1059,19.1654,19.0364,19.1059,650400
2003-11-07,19.1108,19.1654,18.9967,19.1059,585400
2003-11-10,19.091,19.225,19.0215,19.1356,450800
2003-11-11,19.0562,19.1555,18.9471,19.1059,256600
2003-11-12,19.1803,19.2051,19.0513,19.0562,715200
2003-11-13,19.225,19.4135,19.1704,19.2299,1067400
2003-11-14,19.3093,19.3788,19.0811,19.2299,933000
2003-11-17,19.0166,19.3044,18.957,19.3044,656800
2003-11-18,18.8577,19.0215,18.8577,19.0215,570800
2003-11-19,18.689,18.8627,18.5997,18.8627,1047800
2003-11-20,18.8677,19.0066,18.6592,18.6592,943600
2003-11-21,18.823,18.8925,18.7684,18.8577,493400
2003-11-24,19.0562,19.0562,18.7883,18.818,534400
2003-11-25,19.4135,19.4384,19.0265,19.0314,1090000
2003-11-26,19.6319,19.6319,19.5029,19.5277,417800
2003-11-28,19.6766,19.6815,19.5674,19.6021,283000
2003-12-01,19.885,19.9594,19.6518,19.751,594600
2003-12-02,20.153,20.2125,19.8304,19.9148,718600
2003-12-03,20.3267,20.3267,20.0239,20.1976,950000
2003-12-04,20.9222,21.0313,20.287,20.3465,1309000
2003-12-05,21.1554,21.21,20.8428,20.9123,753400
2003-12-08,21.5375,21.5772,21.1405,21.1405,1001200
2003-12-09,21.1951,21.5326,21.1901,21.5326,815400
2003-12-10,21.0165,21.1753,20.9768,20.9916,1123600
2003-12-11,21.2199,21.2745,20.937,21.1157,747800
2003-12-12,21.7956,21.8005,21.339,21.4135,729000
2003-12-15,21.6616,21.8799,21.5772,21.8403,714800
2003-12-16,21.9395,22.0586,21.7311,21.736,510000
2003-12-17,22.133,22.2025,21.736,21.87,678200
2003-12-18,22.6541,22.7186,22.0387,22.133,1080800
2003-12-19,22.5499,22.5697,22.2273,22.4308,1078400
2003-12-22,22.6293,22.6293,22.3315,22.5152,492200
2003-12-23,22.3663,22.5797,22.2075,22.5797,433600
2003-12-24,22.7285,22.8228,22.3067,22.3067,197000
2003-12-26,22.674,22.7782,22.6343,22.7037,132600
2003-12-29,22.6293,22.6293,22.3117,22.5052,1149400
2003-12-30,22.3216,22.5598,22.2819,22.5548,1119800
2003-12-31,22.0437,22.3812,21.7956,22.3315,720000
2004-01-02,22.3861,22.4209,21.736,21.9345,969000
2004-01-05,22.7881,22.8228,22.3167,22.3663,934800
2004-01-06,22.5697,22.8278,22.3315,22.8278,439200
2004-01-07,22.3315,22.5797,22.1579,22.5797,526000
2004-01-08,22.2521,22.3315,22.0338,22.3315,362400
2004-01-09,22.6492,23.2943,22.0834,23.2943,829600
2004-01-12,22.8824,22.8873,22.4854,22.6492,826000
2004-01-13,22.9717,23.3985,22.8526,22.8526,1153600
2004-01-14,22.8328,23.0759,22.7385,22.9717,777600
2004-01-15,22.1529,22.9419,22.138,22.8129,745000
2004-01-16,22.4655,22.5052,22.133,22.1678,509600
2004-01-20,23.1156,23.2,22.6293,22.6293,641800
2004-01-21,23.0809,23.2298,23.0263,23.1653,532000
2004-01-22,22.8675,23.1801,22.7087,23.1504,546000
2004-01-23,23.2397,23.2595,22.7534,22.7782,601200
2004-01-26,23.205,23.2397,22.8724,23.2397,319600
2004-01-27,23.2397,23.2695,22.9916,23.066,585400
2004-01-28,22.5449,23.2496,22.3812,23.2397,947200
2004-01-29,22.4109,22.5846,22.138,22.5548,1036000
2004-01-30,21.9345,22.4109,21.7211,22.4109,596000
2004-02-02,21.9544,22.1479,21.6864,21.9593,886200
2004-02-03,21.9296,22.004,21.7559,21.9544,920000
2004-02-04,21.4978,21.9097,21.339,21.9097,636800
2004-02-05,21.21,21.7857,21.1653,21.4284,860000
2004-02-06,21.607,21.6814,21.1901,21.2348,795800
2004-02-09,22.2075,22.3613,21.6566,21.6566,685400
2004-02-10,22.6541,22.674,22.3067,22.3067,536800
2004-02-11,22.5896,22.6541,22.406,22.6194,643800
2004-02-12,22.7285,22.8328,22.4655,22.5797,562600
2004-02-13,22.5548,22.6938,22.3563,22.6789,660400
2004-02-17,22.8228,22.8625,22.6045,22.6045,408000
2004-02-18,22.6293,22.8774,22.6293,22.8526,617200
2004-02-19,22.3812,22.6789,22.3712,22.6789,701000
2004-02-20,22.3762,22.4705,22.2819,22.3563,619600
2004-02-23,22.2025,22.4606,22.1777,22.4407,440400
2004-02-24,22.2819,22.396,22.1033,22.1727,442200
2004-02-25,22.7385,22.7534,22.133,22.2571,574800
2004-02-26,22.9568,23.1305,22.7037,22.7037,702400
2004-02-27,23.2149,23.3737,22.9866,22.9866,839200
2004-03-01,23.7657,23.8253,23.2744,23.3389,970200
2004-03-02,23.5474,24.0536,23.4779,23.6416,839200
2004-03-03,23.7459,23.8005,23.2198,23.5523,598400
2004-03-04,23.2992,23.6962,23.2149,23.6962,521000
2004-03-05,23.8104,23.8104,23.334,23.3439,739000
2004-03-08,23.6168,23.9741,23.5176,23.8203,782600
2004-03-09,23.4183,23.6962,23.2546,23.6764,492000
2004-03-10,22.8824,23.6218,22.8824,23.4481,453200
2004-03-11,22.6243,22.9816,22.5102,22.9816,630800
2004-03-12,23.1355,23.1355,22.6789,22.7484,502200
2004-03-15,23.1454,23.4481,23.1255,23.195,420200
2004-03-16,22.8228,23.2695,22.7782,23.1752,528800
2004-03-17,23.4729,23.6962,23.1206,23.4233,1073800
2004-03-18,23.4531,23.597,23.2,23.3737,427000
2004-03-19,23.2099,23.4977,23.195,23.329,251400
2004-03-22,22.9618,23.1007,22.9171,23.1007,475000
2004-03-23,22.7236,23.0486,22.6492,23.0114,589000
2004-03-24,21.9792,22.7881,21.9445,22.6789,543000
2004-03-25,22.0387,22.1628,21.9246,22.009,536200
2004-03-26,22.2571,22.396,22.009,22.0437,694000
2004-03-29,22.803,22.8774,22.4358,22.4804,849400
2004-03-30,23.1057,23.3985,22.8278,22.8526,592600
2004-03-31,23.3737,23.5077,23.195,23.3241,818600
2004-04-01,23.334,23.6416,23.1752,23.4233,1554200
2004-04-02,23.4332,23.5722,23.2893,23.334,552800
2004-04-05,23.4977,23.5176,23.3042,23.3836,485200
2004-04-06,23.4481,23.6168,23.2893,23.4977,515800
2004-04-07,23.7211,23.8153,23.3389,23.4481,720200
2004-04-08,23.8848,23.9493,23.6962,23.7955,602200
2004-04-12,23.9394,24.1131,23.7905,23.8203,964000
2004-04-13,23.6814,24.0883,23.6714,24.0436,579000
2004-04-14,23.5176,23.6416,23.3389,23.5226,457600
2004-04-15,24.0833,24.1677,23.6615,23.6615,1531200
2004-04-16,24.2173,24.3563,24.0436,24.1429,1028400
2004-04-19,24.0833,24.4555,23.9741,24.4158,1118600
2004-04-20,23.5226,24.1528,23.5226,24.1429,790600
2004-04-21,23.6863,23.7508,23.2248,23.5474,960000
2004-04-22,23.999,23.999,23.6218,23.6714,806000
2004-04-23,23.8253,24.0436,23.6069,24.0436,637600
2004-04-26,23.8253,24.0684,23.6317,23.6714,1099600
2004-04-27,24.2074,24.3116,23.8997,23.9493,899600
2004-04-28,23.726,24.1925,23.6615,24.1677,764400
2004-04-29,22.9419,23.6714,22.7732,23.6516,703800
2004-04-30,22.8774,23.2397,22.803,23.0114,892200
2004-05-03,23.3241,23.3677,22.8328,22.8774,1957600
2004-05-04,23.4581,23.994,23.4332,23.6218,1515000
2004-05-05,23.3241,23.4581,22.8923,23.4581,2019600
2004-05-06,23.1947,23.4832,22.976,23.4484,1270600
2004-05-07,22.6577,23.4484,22.5383,23.2495,1266600
2004-05-10,22.0112,22.6577,21.8072,22.6577,1024400
2004-05-11,22.5433,22.5632,22.2051,22.22,663000
2004-05-12,22.4637,22.6875,22.1007,22.4687,593800
2004-05-13,22.4339,22.7422,22.3344,22.4289,828800
2004-05-14,22.9013,23.2097,22.4388,22.4587,885800
2004-05-17,22.9013,23.2047,22.6378,22.8267,1192000
2004-05-18,22.4289,22.9013,22.4239,22.9013,606800
2004-05-19,22.1404,22.6179,22.1156,22.4786,704200
2004-05-20,22.1653,22.4886,22.0609,22.215,726800
2004-05-21,21.9962,22.23,21.6879,22.1802,845800
2004-05-24,22.6775,22.7919,21.9912,22.046,774000
2004-05-25,23.0555,23.0754,22.6527,22.6775,957400
2004-05-26,22.777,23.1749,22.598,23.0555,1053000
2004-05-27,22.409,22.8317,22.1554,22.8317,765000
2004-05-28,22.5483,22.7521,22.3294,22.3294,340800
2004-06-01,23.1152,23.145,22.777,22.777,999200
2004-06-02,23.3937,23.4484,23.1152,23.2146,1326600
2004-06-03,23.1997,23.7667,23.1152,23.3241,1100600
2004-06-04,23.1301,23.2992,22.8218,23.2743,628200
2004-06-07,23.5479,23.5628,23.0257,23.1152,426800
2004-06-08,23.4036,23.7716,23.3688,23.5827,675200
2004-06-09,23.3738,23.4235,23.145,23.4036,565200
2004-06-10,23.707,23.886,23.4484,23.4733,906200
2004-06-14,23.4484,23.7418,23.4484,23.712,806000
2004-06-15,23.9954,24.08,23.6423,23.6473,740000
2004-06-16,24.5226,24.5276,24.1048,24.1297,586200
2004-06-17,24.637,24.7414,24.3933,24.5226,767400
2004-06-18,24.6419,24.7066,24.4181,24.637,888600
2004-06-21,24.9552,24.9652,24.5673,24.6071,1154600
2004-06-22,25.0895,25.1144,24.816,24.8409,644400
2004-06-23,25.6764,25.6764,25.1393,25.1393,700600
2004-06-24,25.4625,25.8902,25.4227,25.8753,789200
2004-06-25,24.9901,25.6018,24.9901,25.3879,2423600
2004-06-28,24.4928,25.1144,24.1993,25.1144,1769000
2004-06-29,24.7265,24.7961,24.4928,24.4977,727800
2004-06-30,25.3631,25.3631,24.7862,24.7862,1711200
2004-07-01,25.8654,25.8753,25.4625,25.5123,1654400
2004-07-02,26.0692,26.2085,25.6664,25.736,1091400
2004-07-06,26.4373,26.6511,26.2334,26.2334,1498600
2004-07-07,26.5118,26.5715,26.1488,26.4373,1031600
2004-07-08,26.3627,26.7307,26.1936,26.6063,1197600
2004-07-09,26.487,26.6561,26.3278,26.487,783000
2004-07-12,26.487,26.5069,26.2731,26.487,706600
2004-07-13,26.5715,26.7058,26.2334,26.4571,1270400
2004-07-14,26.8998,27.0042,26.5069,26.5069,865600
2004-07-15,27.2479,27.2876,26.9296,27.0539,897000
2004-07-16,27.4717,27.5363,27.1633,27.2479,1416600
2004-07-19,27.5164,27.6059,27.2578,27.4717,746800
2004-07-20,27.4319,27.5612,27.0987,27.5164,627400
2004-07-21,26.8202,27.7551,26.8202,27.4319,838600
2004-07-22,26.9445,27.1036,26.5765,26.7705,578000
2004-07-23,26.7157,27.1285,26.6213,27.0688,605800
2004-07-26,26.5019,27.034,26.3328,26.7555,1056400
2004-07-27,26.9445,27.0042,26.4074,26.6063,725800
2004-07-28,27.0937,27.223,26.9047,27.0042,702600
2004-07-29,27.3772,27.3772,26.855,27.0987,902200
2004-07-30,27.5065,27.591,27.3822,27.4766,476400
2004-08-02,27.5512,27.6159,27.0241,27.4518,815200
2004-08-03,27.6607,27.9491,27.5512,27.5711,916800
2004-08-04,26.7903,27.9491,26.7655,27.9491,1092600
2004-08-05,26.1339,27.1036,26.1339,26.9545,840200
2004-08-06,25.3332,25.8604,25.2537,25.6366,986600
2004-08-09,25.8057,26.1339,25.3631,25.4575,1098200
2004-08-10,25.6366,25.9847,25.6117,25.8454,662400
2004-08-11,25.3929,25.562,25.1144,25.2139,1044600
2004-08-12,24.7414,25.7211,24.6668,25.6416,1095000
2004-08-13,25.2735,25.4526,24.8359,24.8657,669000
2004-08-16,25.3233,25.5968,25.0149,25.3481,671600
2004-08-17,24.6618,25.3233,24.6618,25.3233,666200
2004-08-18,25.1343,25.2537,24.6668,24.6668,833800
2004-08-19,25.3332,25.3631,25.1144,25.1641,525800
2004-08-20,25.4128,25.7858,25.3382,25.4377,1768800
2004-08-23,24.7961,25.5371,24.7265,25.5371,1107200
2004-08-24,24.5624,24.8906,24.3535,24.7961,596400
2004-08-25,24.7116,25.0299,24.5077,24.6121,714200
2004-08-26,24.8558,25.0,24.3983,24.7165,681200
2004-08-27,25.184,25.2785,24.9652,24.9801,634200
2004-08-30,25.0945,25.4128,24.8608,25.2188,597400
2004-08-31,25.6018,25.6316,25.2188,25.2188,534800
2004-09-01,26.4621,26.5069,25.562,25.6515,928200
2004-09-02,26.7108,26.7505,26.4571,26.482,760200
2004-09-03,26.8649,26.9097,26.5019,26.6113,753400
2004-09-07,26.6909,26.8649,26.5317,26.8649,466600
2004-09-08,26.7207,26.9893,26.6103,26.6909,504200
2004-09-09,27.2131,27.2727,26.7804,26.7854,465600
2004-09-10,26.9743,27.1882,26.8649,27.1782,340200
2004-09-13,27.0589,27.3523,27.0241,27.1086,703400
2004-09-14,27.1484,27.2031,26.8301,27.1086,581200
2004-09-15,26.9793,27.2628,26.9743,27.0091,460400
2004-09-16,27.1036,27.3076,26.9047,26.9395,596000
2004-09-17,27.3175,27.3523,26.9893,27.1584,738400
2004-09-20,27.4518,27.596,27.3026,27.402,584000
2004-09-21,28.1033,28.1729,27.402,27.4568,1039200
2004-09-22,27.8944,28.0933,27.8098,28.0535,519000
2004-09-23,28.1132,28.1928,27.7502,27.8993,1101600
2004-09-24,28.6453,28.7796,28.1231,28.1729,1012600
2004-09-27,28.7448,28.8194,28.4961,28.7697,923200
2004-09-28,29.0979,29.2521,28.8443,28.8443,1156000
2004-09-29,28.6801,29.1924,28.3121,29.1426,1071400
2004-09-30,28.9636,28.9935,28.6851,28.6851,710600
2004-10-01,29.3366,29.3366,28.6105,28.9387,490200
2004-10-04,29.2123,29.3416,29.0432,29.2869,364000
2004-10-05,29.5256,29.6051,29.2869,29.3863,875600
2004-10-06,29.8488,29.8737,29.5902,29.5902,860000
2004-10-07,29.5306,30.3511,29.2272,29.8638,1193600
2004-10-08,29.7593,29.9383,29.267,29.5057,925800
2004-10-11,29.64,29.8886,29.2421,29.7593,966400
2004-10-12,29.446,30.0328,29.4112,29.6897,932400
2004-10-13,28.8293,29.451,28.2375,29.446,1913600
2004-10-14,29.3565,29.5156,28.9288,28.9288,1114600
2004-10-15,29.635,29.6748,29.267,29.4808,923000
2004-10-18,29.0183,29.9234,28.9188,29.6897,915000
2004-10-19,29.0283,29.2173,28.6752,28.8443,975400
2004-10-20,29.8886,29.9334,29.2272,29.2769,1215000
2004-10-21,30.1621,30.2268,29.63,30.0129,871200
2004-10-22,30.0478,30.5202,30.0478,30.2119,663200
2004-10-25,29.9881,30.2765,29.6897,30.0975,592600
2004-10-26,30.0129,30.1174,29.64,29.8638,801600
2004-10-27,29.2073,30.3859,28.7697,30.1373,1604000
2004-10-28,28.4315,29.2371,28.332,29.0084,1009600
2004-10-29,28.8443,28.9338,28.3967,28.4812,763400
2004-11-01,28.5459,29.267,28.4016,29.0432,1104800
2004-11-02,28.1977,29.3416,28.158,29.3416,1637800
2004-11-03,29.0631,29.2222,28.4215,28.6453,1220400
2004-11-04,29.3416,29.7394,29.1924,29.3117,1381200
2004-11-05,29.3664,29.6151,29.1526,29.4908,816200
2004-11-08,28.7895,29.2719,28.6205,29.2421,757600
2004-11-09,28.6553,28.7945,28.4961,28.7945,1092400
2004-11-10,29.4112,29.446,28.4414,28.7945,1414600
2004-11-11,29.3515,29.4659,29.2073,29.4112,706000
2004-11-12,30.0478,30.0875,29.3267,29.3515,679800
2004-11-15,29.1426,29.8936,28.7846,29.8737,1406600
2004-11-16,29.0432,29.441,29.0432,29.2173,1175000
2004-11-17,29.2819,29.3565,28.9984,29.0481,1752000
2004-11-18,29.267,29.4162,29.0531,29.2819,1939000
2004-11-19,29.8041,29.9582,29.1874,29.3913,1056400
2004-11-22,30.3163,30.3263,29.8389,29.9035,965200
2004-11-23,30.928,31.107,30.3113,30.3909,1457600
2004-11-24,31.6292,31.7038,30.7589,31.0275,1386800
2004-11-26,31.8033,32.1265,31.6789,31.6789,281200
2004-11-29,31.669,31.9127,31.4054,31.853,892200
2004-11-30,31.7237,31.9873,31.669,31.669,1033200
2004-12-01,30.9081,31.6591,30.7341,31.5248,1020400
2004-12-02,29.7245,30.9031,29.3167,30.9031,1482600
2004-12-03,30.0676,30.2367,29.4609,29.4908,1407000
2004-12-06,29.8737,30.2865,29.5355,30.2865,872800
2004-12-07,29.4311,29.8488,29.083,29.814,1252400
2004-12-08,29.7096,29.8787,28.9139,29.3913,1129600
2004-12-09,29.9185,29.9881,29.5156,29.9881,932800
2004-12-10,29.3465,30.0925,29.2073,29.9632,749400
2004-12-13,29.9781,29.9831,29.446,29.4709,1016200
2004-12-14,30.0527,30.2417,29.64,30.1024,1034400
2004-12-15,30.6047,30.6296,29.814,30.1174,1322000
2004-12-16,29.5306,30.0875,28.7348,30.0875,11715200
2004-12-17,29.9135,29.9781,29.441,29.8638,4762600
2004-12-20,30.1124,30.187,29.814,29.8886,1703200
2004-12-21,30.5301,30.7241,30.0726,30.0875,1722200
2004-12-22,30.4605,30.6744,29.8041,30.4357,2828400
2004-12-23,30.5849,30.8086,30.3113,30.4207,982000
2004-12-27,30.2367,30.5898,30.0875,30.5898,1901000
2004-12-28,30.4456,30.6197,30.187,30.187,718800
2004-12-29,30.5849,30.5898,30.2467,30.4705,1066800
2004-12-30,30.4009,30.4854,30.2119,30.4854,596000
2004-12-31,30.6644,30.7241,30.2865,30.3113,802800
2005-01-03,28.9686,30.5103,28.9288,30.5103,2419200
2005-01-04,28.5409,29.257,28.5011,29.0183,2364800
2005-01-05,27.9043,28.715,27.8098,28.4713,2599200
2005-01-06,28.2077,28.4613,27.8347,27.8447,3062200
2005-01-07,28.0535,28.3818,27.6308,28.3818,1929600
2005-01-10,28.4215,28.894,28.3668,28.3967,2138800
2005-01-11,28.2226,28.5459,28.158,28.347,1242000
2005-01-12,28.6254,28.7249,28.0485,28.2375,1839600
2005-01-13,29.0432,29.4808,28.7199,28.7498,1381800
2005-01-14,29.3664,29.3913,28.894,29.1675,1046400
2005-01-18,29.7245,29.9284,29.446,29.64,1362800
2005-01-19,29.6748,29.9632,29.5355,29.7245,1544400
2005-01-20,29.2123,29.5504,28.8094,29.441,1469400
2005-01-21,29.257,29.9383,29.257,29.8389,1304400
2005-01-24,29.2719,29.63,29.2371,29.5156,788000
2005-01-25,29.0034,29.441,28.7498,29.3416,1476200
2005-01-26,29.2869,29.3416,28.7945,28.9935,1303800
2005-01-27,29.63,29.6648,29.1924,29.2869,1253400
2005-01-28,29.0432,29.5306,28.8244,29.5306,1067200
2005-01-31,29.4261,29.64,28.6951,28.9686,1062800
2005-02-01,29.5753,29.9334,29.4858,29.5902,2226400
2005-02-02,29.8836,29.9533,29.5803,29.6499,2046000
2005-02-03,29.7344,29.9085,29.441,29.809,2396200
2005-02-04,29.7394,29.8588,29.4808,29.8588,2731600
2005-02-07,29.6648,29.824,29.441,29.7394,2126400
2005-02-08,29.7394,29.8737,29.4162,29.5952,1338000
2005-02-09,29.814,30.1572,29.441,29.7394,1597400
2005-02-10,30.5451,30.6943,29.8638,30.0627,1517200
2005-02-11,31.0324,31.0871,30.3113,30.5451,1352000
2005-02-14,30.9628,31.3507,30.7937,31.306,1471200
2005-02-15,30.9728,31.0573,30.7341,31.0573,954000
2005-02-16,31.9773,32.0519,30.8982,31.0722,1436600
2005-02-17,31.5795,32.0519,31.2811,31.9873,2450000
2005-02-18,32.2558,32.3851,31.6441,31.6441,1423400
2005-02-22,31.8381,32.7979,31.6839,32.3802,3050600
2005-02-23,32.0569,32.5244,31.9027,32.226,1521000
2005-02-24,32.8526,32.8576,32.0271,32.2608,1537400
2005-02-25,34.0412,34.1058,32.7283,32.7283,3160200
2005-02-28,33.6384,34.8369,32.7332,34.0909,2620800
2005-03-01,32.962,33.6284,32.226,33.5687,1974400
2005-03-02,33.4444,33.5041,32.7233,32.9372,1944400
2005-03-03,33.9368,34.1655,33.7428,33.7925,1922600
2005-03-04,34.1506,34.2003,33.6981,33.9567,2356400
2005-03-07,34.1158,34.27,33.5588,34.1506,1247600
2005-03-08,34.0561,34.439,33.9417,34.1705,1417200
2005-03-09,33.6831,35.1055,33.6483,34.2302,2851200
2005-03-10,32.8825,33.4743,32.1564,33.4743,2004200
2005-03-11,33.4394,33.8572,32.783,32.8825,1892000
2005-03-14,33.713,33.8075,33.0714,33.4444,1393000
2005-03-15,33.3997,34.0163,33.3101,33.8124,1109000
2005-03-16,33.3599,33.9666,33.1162,33.3997,1821200
2005-03-17,33.6881,34.1655,33.5041,33.6433,1646400
2005-03-18,34.1605,34.2451,33.7179,33.9169,1629600
2005-03-21,34.0512,34.4142,33.6533,34.1407,1182600
2005-03-22,33.7975,34.6479,33.7826,34.0512,1455800
2005-03-23,32.8576,33.4494,32.6239,33.4494,1747000
2005-03-24,32.9968,33.6185,32.6885,33.0117,1726400
2005-03-28,32.972,33.2206,32.6736,32.9968,1570400
2005-03-29,32.2807,33.2604,32.2509,32.8476,1529800
2005-03-30,32.8427,32.8626,32.037,32.405,2300600
2005-03-31,33.8274,34.0014,33.1908,33.1958,1528000
2005-04-01,35.006,35.0607,34.26,34.3147,1607000
2005-04-04,34.8717,35.6077,34.4092,35.2596,1722200
2005-04-05,34.4788,35.0806,34.3296,34.822,996400
2005-04-06,34.9115,35.1403,34.2401,34.3794,1333400
2005-04-07,34.827,35.2447,34.2451,35.1701,1705600
2005-04-08,34.0909,34.9314,34.0611,34.7772,1234400
2005-04-11,34.2898,34.4192,33.6881,34.0909,1252800
2005-04-12,33.4394,34.4639,33.2256,34.2948,1769000
2005-04-13,32.7532,33.4245,32.6537,33.3151,1816200
2005-04-14,32.778,33.3201,32.7233,33.0466,2572600
2005-04-15,31.485,32.778,31.1568,32.778,3313600
2005-04-18,31.7486,31.8281,31.1319,31.3806,1829800
2005-04-19,32.3354,32.3802,32.047,32.047,1798000
2005-04-20,31.6591,32.6487,31.6193,32.6239,1357400
2005-04-21,32.405,32.4498,31.475,31.7834,1161800
2005-04-22,32.7979,33.1709,32.2906,32.5741,1619800
2005-04-25,33.524,33.5687,33.1858,33.3201,1345000
2005-04-26,33.2803,33.529,33.1212,33.4743,1663000
2005-04-27,32.5841,33.2952,32.4747,33.2505,2158800
2005-04-28,31.9873,32.589,31.6591,32.589,1281200
2005-04-29,31.8878,32.2757,31.5298,32.1315,1784600
2005-05-02,32.5244,32.5493,31.485,31.8878,944800
2005-05-03,31.4949,32.3056,31.4203,32.2757,862200
2005-05-04,32.5244,32.5244,31.3408,31.7038,1854000
2005-05-05,32.4896,33.0068,32.3255,32.6239,1794400
2005-05-06,32.0917,32.6686,31.9624,32.6239,1732400
2005-05-09,32.2757,32.4647,32.1862,32.3752,1607400
2005-05-10,32.2061,32.4498,32.0271,32.226,1924600
2005-05-11,33.1361,33.146,32.3304,32.3752,3509800
2005-05-12,32.6189,33.7677,32.2658,33.2355,6392600
2005-05-13,32.4597,32.8775,32.2459,32.6935,3487600
2005-05-16,33.2554,33.2554,31.9773,32.0022,7164400
2005-05-17,33.6831,33.7329,32.7631,32.9471,3513200
2005-05-18,34.2401,34.5634,33.8174,33.9169,3856600
2005-05-19,34.638,34.7524,34.1407,34.1904,5030600
2005-05-20,34.5634,34.812,34.4291,34.7126,2438800
2005-05-23,34.9612,35.1403,34.4142,34.4142,3350400
2005-05-24,35.2845,35.2845,34.7175,34.996,2396600
2005-05-25,35.6127,35.9608,35.0358,35.4387,2246800
2005-05-26,35.8813,36.0305,35.4884,36.0305,1857400
2005-05-27,36.4283,36.5576,35.9011,35.9807,2077200
2005-05-31,36.9853,37.0798,36.0553,36.3537,4019400
2005-06-01,37.0599,37.2787,36.8013,37.1743,2866600
2005-06-02,37.3284,37.3284,36.8267,37.04,1937400
2005-06-03,37.5224,37.8108,37.2588,37.4528,1672600
2005-06-06,37.1992,37.7462,36.9624,37.6467,2865400
2005-06-07,36.9157,37.4627,36.7814,37.1992,2109400
2005-06-08,37.4528,37.7363,36.7764,36.7764,2788600
2005-06-09,38.2435,38.2684,37.2837,37.4528,1761200
2005-06-10,37.9203,38.338,37.6666,38.2684,1255600
2005-06-13,38.2186,38.2684,37.6716,37.7213,1208400
2005-06-14,38.0695,38.3579,37.7611,38.2186,1474000
2005-06-15,38.3181,38.4176,37.9551,38.1938,1187400
2005-06-16,38.711,38.711,38.154,38.2435,1162000
2005-06-17,39.0094,39.1287,38.4474,38.9149,2496600
2005-06-20,38.5668,39.2282,38.2336,39.1088,2590200
2005-06-21,37.5771,38.5916,37.4876,38.3927,1591200
2005-06-22,37.9501,37.97,37.4379,37.6467,2058800
2005-06-23,38.0695,38.8005,37.8009,38.0595,1030800
2005-06-24,37.4727,38.4126,37.4428,38.2336,1356600
2005-06-27,37.9451,38.4872,37.6069,37.7313,2185000
2005-06-28,37.1792,37.8407,36.8112,37.7959,2540200
2005-06-29,37.4727,37.6965,36.9356,37.2688,1229400
2005-06-30,37.6219,38.5817,37.6119,37.6716,1531400
2005-07-01,38.6016,38.6165,37.6716,37.6915,1309000
2005-07-05,39.2133,39.5117,38.6911,38.7906,1712400
2005-07-06,38.8552,39.6758,38.4027,39.3873,1452400
2005-07-07,39.6708,39.6708,38.2435,38.2932,1856600
2005-07-08,39.4868,40.0686,39.1088,39.7355,1648400
2005-07-11,39.8548,39.8548,39.1009,39.1884,1145200
2005-07-12,40.2278,40.4466,39.7205,39.7852,1584800
2005-07-13,39.8548,40.4516,39.6957,40.2825,996000
2005-07-14,38.6165,40.1781,38.2087,39.9095,1503200
2005-07-15,38.89,39.5365,38.6215,39.1138,2092800
2005-07-18,38.9398,39.1138,38.5419,38.89,1114400
2005-07-19,39.6758,39.7703,39.0044,39.2381,884000
2005-07-20,39.7106,39.7603,39.2033,39.7006,1378000
2005-07-21,39.7454,40.009,39.1735,39.5863,1578200
2005-07-22,40.8793,41.1329,40.0338,40.0338,1730000
2005-07-25,40.6555,41.2672,40.3869,40.7052,1171000
2005-07-26,40.193,40.566,40.0836,40.2825,1434400
2005-07-27,40.4715,40.4864,39.8349,40.193,781400
2005-07-28,41.0732,41.1578,40.4615,40.8196,1379600
2005-07-29,41.0334,41.3119,40.9091,41.2175,1249400
2005-08-01,41.2423,41.4015,41.0832,41.1578,1101600
2005-08-02,42.5105,42.5105,41.2771,41.302,2014400
2005-08-03,42.8536,43.9626,42.5005,43.0177,2865200
2005-08-04,43.6552,43.6552,42.7441,42.769,1506000
2005-08-05,42.9432,43.7001,42.8387,43.6801,1931000
2005-08-08,43.1972,44.2427,43.0578,43.6901,1320600
2005-08-09,42.9781,43.2669,42.5748,43.1972,1447000
2005-08-10,44.0934,44.2178,42.988,43.2121,1642200
2005-08-11,43.8245,44.4618,43.2619,44.193,1587400
2005-08-12,44.0984,44.1581,43.481,43.9789,1452800
2005-08-15,43.4561,44.0087,43.1374,43.944,1030200
2005-08-16,42.3209,43.4162,42.3059,43.2669,1275200
2005-08-17,41.1757,42.6196,40.5583,42.1964,2583800
2005-08-18,41.3699,41.4496,40.628,40.7774,1863200
2005-08-19,42.0072,42.4205,41.5989,41.6189,1902800
2005-08-22,41.9524,42.5001,41.6089,42.1765,1795400
2005-08-23,41.9724,42.4105,41.2156,42.2014,2195200
2005-08-24,42.4503,42.8636,41.5989,42.2213,1663200
2005-08-25,42.5001,42.5001,42.0371,42.1715,1266400
2005-08-26,42.0869,42.6495,41.9226,42.3906,1114800
2005-08-29,42.0022,42.8138,41.5541,42.52,1973600
2005-08-30,42.4852,42.8636,42.1665,42.1914,1417800
2005-08-31,43.8843,44.2029,42.525,42.5848,1891600
2005-09-01,44.427,44.6709,44.0187,44.1133,1979400
2005-09-02,43.3415,44.1133,43.1324,44.1133,1191000
2005-09-06,43.232,43.7648,42.6097,43.4411,1645800
2005-09-07,43.4312,43.7349,43.0926,43.3167,1157000
2005-09-08,43.715,44.1432,43.5706,43.715,1306800
2005-09-09,44.7108,45.0095,44.0137,44.0137,1395000
2005-09-12,43.715,44.4618,43.5806,44.4618,1424200
2005-09-13,43.5806,44.0984,43.4959,43.72,1352600
2005-09-14,44.0884,44.2278,43.5108,44.0037,1501600
2005-09-15,44.193,45.0593,43.6752,45.0095,1379200
2005-09-16,44.5514,44.651,44.0137,44.2228,1852000
2005-09-19,45.4576,46.304,45.1489,45.1489,2067700
2005-09-20,45.2286,45.8061,44.9099,45.4576,1929600
2005-09-21,46.3936,47.0011,46.1248,46.1547,1765800
2005-09-22,46.314,47.6583,45.3182,46.9015,2234300
2005-09-23,45.6368,46.3538,45.4178,46.314,1338500
2005-09-26,46.5729,46.7123,45.0593,45.597,1228500
2005-09-27,45.9655,46.4036,45.3381,46.4036,1792000
2005-09-28,46.4036,46.5729,45.4178,46.1347,1294200
2005-09-29,47.3197,47.3197,46.4534,46.6625,1640700
2005-09-30,46.7023,47.6185,46.6227,47.3197,1689700
2005-10-03,47.5886,47.7579,46.8019,46.8119,1833100
2005-10-04,45.9057,48.5445,45.9057,48.5445,1524600
2005-10-05,43.8843,46.1347,43.3266,46.0053,2315400
2005-10-06,41.3848,42.8188,40.5683,42.8188,3070800
2005-10-07,41.6736,42.2014,40.9268,41.9724,2510900
2005-10-10,41.7832,42.1815,41.0562,41.813,2164100
2005-10-11,42.3209,42.7789,41.9226,42.281,2083400
2005-10-12,41.0961,42.7789,40.7675,42.2213,2270700
2005-10-13,39.5924,40.6081,38.2382,40.5783,2601200
2005-10-14,40.2696,40.2994,39.0746,39.2339,2925000
2005-10-17,40.6181,41.4844,40.2596,40.7276,2038500
2005-10-18,38.8058,40.4189,38.7858,40.2198,2245100
2005-10-19,38.8555,38.9352,36.625,38.8058,2922700
2005-10-20,36.7445,38.4771,35.9976,38.2382,2965800
2005-10-21,37.1229,37.5212,35.0019,35.0516,2290400
2005-10-24,38.5468,38.8555,36.6648,36.8441,1833300
2005-10-25,39.7119,39.7617,38.6066,38.6066,1710000
2005-10-26,39.214,40.5882,38.9352,39.7119,2016900
2005-10-27,38.4672,39.7916,38.1187,39.4431,1967700
2005-10-28,39.8115,40.1899,38.039,39.0049,1572000
2005-10-31,39.8613,40.7764,39.1045,39.8713,1789100
2005-11-01,40.5583,40.7276,39.453,39.6323,1641500
2005-11-02,40.7077,41.3251,40.0604,40.5583,1574500
2005-11-03,40.8472,41.4952,40.1991,40.8671,1717600
2005-11-04,39.2619,40.578,38.3846,40.5281,2543400
2005-11-07,38.1353,39.2619,38.0157,39.2619,1585100
2005-11-08,37.896,38.2749,37.4175,37.5072,1895500
2005-11-09,37.5072,38.1254,36.8392,37.7465,2179700
2005-11-10,35.8522,36.6996,35.6927,36.6398,2507300
2005-11-11,36.5102,36.6298,35.6029,35.6029,2439100
2005-11-14,36.7295,37.2181,36.4404,36.8093,1854200
2005-11-15,37.4873,38.6637,36.6598,36.6897,2039200
2005-11-16,38.4245,38.574,37.238,37.6468,1579900
2005-11-17,38.1054,39.0127,37.8262,38.9828,1877500
2005-11-18,37.5172,38.3048,37.3278,38.3048,1346300
2005-11-21,38.2151,38.255,37.4972,37.7365,1422200
2005-11-22,39.6208,39.6208,38.4843,38.7235,1752200
2005-11-23,38.7435,39.3716,38.6737,39.2021,1388800
2005-11-25,39.0127,39.242,38.7435,38.7435,406200
2005-11-28,36.4604,38.2948,36.2609,38.2849,2066500
2005-11-29,37.0386,37.3975,36.6897,37.0885,2375300
2005-11-30,37.2579,37.4274,36.919,36.9688,1311200
2005-12-01,37.7963,37.8861,37.2579,37.4873,3820000
2005-12-02,37.8761,38.1353,37.3377,37.9758,2282400
2005-12-05,37.9858,38.4843,37.8761,38.2749,3127200
2005-12-06,40.6079,40.9269,37.9858,38.1353,3704800
2005-12-07,41.4155,42.3427,41.1961,41.3756,3682800
2005-12-08,42.5221,42.562,41.3357,41.575,1970200
2005-12-09,41.9538,42.3726,41.2161,42.3726,1399100
2005-12-12,42.6218,43.1403,42.2629,43.0804,1447000
2005-12-13,43.6288,44.3765,43.1702,43.1702,2380800
2005-12-14,43.8182,44.0276,42.901,43.5391,1386400
2005-12-15,43.1602,43.7684,42.0236,43.7684,2004000
2005-12-16,41.8043,43.3596,41.7345,43.3297,1400300
2005-12-19,41.555,42.2729,41.236,41.8342,984200
2005-12-20,41.8741,42.1632,41.5351,41.9239,890900
2005-12-21,42.0236,42.5421,41.565,42.1732,924600
2005-12-22,42.3327,42.7714,42.1233,42.2729,1135700
2005-12-23,41.6747,41.9738,40.8472,41.9239,916300
2005-12-27,39.9499,41.3257,39.5311,41.3257,1309400
2005-12-28,40.7674,40.9568,39.8103,39.9499,856000
2005-12-29,40.1293,40.8671,40.0496,40.6976,784900
2005-12-30,40.1792,40.568,39.4314,39.7305,860600
2006-01-03,41.2759,41.444,40.4284,40.578,1743100
2006-01-04,41.8442,42.0735,40.4085,40.6278,1623500
2006-01-05,40.5182,41.7245,40.239,41.4254,1463900
2006-01-06,42.6019,42.7215,40.8997,41.1263,2741600
2006-01-09,42.1732,42.7016,41.4753,42.6019,1518500
2006-01-10,42.3526,43.2898,41.9349,41.9738,1602400
2006-01-11,42.6916,42.8711,41.6747,42.0236,1659700
2006-01-12,42.1632,43.7385,42.0934,43.0206,1271400
2006-01-13,43.0505,43.1203,41.6747,41.6847,1094800
2006-01-17,43.24,44.1173,43.0206,43.7684,1622600
2006-01-18,42.7614,43.2499,41.3058,43.1403,1320800
2006-01-19,43.559,43.6986,41.8741,42.223,1438900
2006-01-20,44.0476,44.7654,43.2101,44.6657,1353000
2006-01-23,44.6358,44.8053,43.6288,43.7983,1425800
2006-01-24,45.1642,45.7325,44.4164,44.4663,2264600
2006-01-25,43.8382,45.3909,43.3496,45.3636,1974200
2006-01-26,43.6886,44.1173,42.2828,43.9678,1568700
2006-01-27,44.2669,44.7155,43.5789,44.3666,1567800
2006-01-30,45.6328,45.8621,44.875,44.9449,1162400
2006-01-31,46.1412,46.3905,45.5231,45.573,1109700
2006-02-01,44.9648,46.7693,44.8352,46.0715,1292300
2006-02-02,44.7852,45.3541,44.0666,44.7453,1564500
2006-02-03,44.4159,44.885,43.827,44.6654,950800
2006-02-06,44.6455,45.3441,44.1165,44.915,1050200
2006-02-07,42.6193,44.4558,42.5694,44.4159,2208100
2006-02-08,42.7091,43.1383,41.3417,42.4197,1719400
2006-02-09,41.182,43.837,41.1121,43.0185,2017600
2006-02-10,42.26,42.6093,40.3835,41.2818,2471200
2006-02-13,40.9125,42.3199,40.6929,42.0204,1350200
2006-02-14,40.6031,40.9924,39.3754,40.134,1713600
2006-02-15,40.3935,41.5713,40.144,40.8526,1268900
2006-02-16,42.0504,42.3199,40.9724,41.1221,1191300
2006-02-17,41.9605,42.7191,41.4715,42.2001,1582300
2006-02-21,42.6093,43.278,42.0603,42.9187,1205700
2006-02-22,41.5513,42.0803,41.2419,41.9206,948300
2006-02-23,41.8707,42.759,41.2219,41.9206,1155400
2006-02-24,43.3978,43.5675,42.2201,42.3797,1531000
2006-02-27,42.3398,43.2182,42.1901,42.8988,1071200
2006-02-28,41.9605,42.7091,41.5912,42.1302,1751800
2006-03-01,41.5413,42.2001,41.4116,42.1502,1707500
2006-03-02,41.9705,42.4197,41.3916,41.5214,1080600
2006-03-03,41.3517,42.1502,41.2818,41.4216,1592100
2006-03-06,40.134,41.0323,40.0941,40.9025,1124200
2006-03-07,38.9762,39.9144,38.6768,39.9144,1400800
2006-03-08,39.3056,39.6948,38.2476,38.527,1257100
2006-03-09,39.1059,39.8446,38.6668,39.5351,1130600
2006-03-10,39.0161,39.615,38.4572,38.7267,978600
2006-03-13,40.2039,40.5233,39.6649,39.8246,1542900
2006-03-14,40.9924,41.182,39.9643,40.2238,1324700
2006-03-15,41.1022,41.3717,40.4135,40.5931,972800
2006-03-16,42.0204,42.1402,40.8427,41.1022,1209600
2006-03-17,41.8308,42.4995,41.711,42.4396,1271900
2006-03-20,40.9924,41.9306,40.8028,41.4216,1113500
2006-03-21,40.5332,41.3018,40.1939,40.1939,1083900
2006-03-22,41.3617,41.8008,40.3336,40.3336,1227900
2006-03-23,42.2999,42.4796,41.3816,41.5114,985900
2006-03-24,42.799,42.8189,41.8408,42.27,1323100
2006-03-27,43.0784,43.1383,42.0803,42.5195,1233700
2006-03-28,43.3978,44.0666,43.2481,43.5775,882100
2006-03-29,44.1364,44.346,43.3279,43.4078,971800
2006-03-30,44.346,44.7053,43.6374,44.336,914200
2006-03-31,43.837,43.9867,43.3279,43.9168,1069100
2006-04-03,43.9667,44.7552,43.7372,44.2163,1118300
2006-04-04,43.847,44.1165,43.4976,43.817,786400
2006-04-05,44.4957,44.8051,43.5875,43.7472,933200
2006-04-06,44.3161,44.7253,43.7372,44.5157,979900
2006-04-07,43.837,44.3061,43.298,43.9168,883600
2006-04-10,44.7752,45.1345,44.3261,44.4159,1258000
2006-04-11,44.6754,45.2643,44.4259,44.9349,1028600
2006-04-12,44.8351,45.1744,44.356,44.7253,1126300
2006-04-13,45.0247,45.2144,44.0167,44.4658,777300
2006-04-17,45.7034,45.8731,45.2842,45.5238,810800
2006-04-18,46.7914,46.981,46.2225,46.3622,1339800
2006-04-19,47.6598,47.7196,46.4121,46.7215,1100900
2006-04-20,47.2106,47.5799,46.3722,47.4501,1501300
2006-04-21,47.9392,48.1688,47.3304,47.51,1259600
2006-04-24,46.7016,47.4701,46.3722,47.4102,1015400
2006-04-25,45.5637,47.4002,45.0746,47.2605,1783400
2006-04-26,44.5656,46.5518,44.4458,45.8132,921100
2006-04-27,44.0765,44.8351,43.318,43.6174,1113700
2006-04-28,44.895,45.6735,44.0167,44.3261,1368600
2006-05-01,46.0129,46.6616,45.0647,45.2144,1507200
2006-05-02,48.578,48.6079,46.4421,46.6117,2037600
2006-05-03,47.3104,48.578,46.9311,48.578,1836900
2006-05-04,46.3123,47.6298,45.9131,46.8114,1299700
2006-05-05,47.6398,47.6398,46.7215,46.9112,736200
2006-05-08,47.1806,47.3803,46.3123,46.9112,662600
2006-05-09,47.3603,48.2087,46.8214,47.1806,1356000
2006-05-10,48.3884,48.4083,46.981,47.1108,1071800
2006-05-11,47.6797,49.2368,47.6598,49.0072,943500
2006-05-12,46.1027,47.51,45.963,47.4302,1103100
2006-05-15,44.8251,45.3341,44.346,44.4159,1540400
2006-05-16,44.875,45.953,44.7153,45.1645,1910400
2006-05-17,43.3279,45.5338,43.0784,44.885,2012400
2006-05-18,42.5195,43.8869,42.4796,43.5276,1474900
2006-05-19,42.799,42.9387,41.2818,42.1801,1597600
2006-05-22,41.8907,42.24,40.0741,41.9206,2085300
2006-05-23,41.4216,43.3679,41.3018,42.1302,1375200
2006-05-24,40.6131,42.0504,39.7847,40.8726,1611100
2006-05-25,41.6611,42.1202,40.8227,41.1421,997900
2006-05-26,42.0104,42.1602,41.3717,41.7709,608100
2006-05-30,41.3417,42.769,41.3317,42.6193,1141400
2006-05-31,43.3779,43.4777,41.6312,41.9206,1774400
2006-06-01,43.9268,43.9767,42.4796,42.779,1150500
2006-06-02,44.4159,44.4558,43.6074,44.4159,930100
2006-06-05,42.6692,44.7453,42.4396,44.6654,889100
2006-06-06,42.4696,43.0784,41.6012,42.6692,1275400
2006-06-07,41.0722,42.6293,41.0323,42.4696,1816700
2006-06-08,40.6231,40.7029,38.9662,40.4235,2763000
2006-06-09,39.8046,40.9524,38.9263,40.9524,3010000
2006-06-12,38.4272,40.4035,38.3574,40.1739,1367300
2006-06-13,36.2714,38.4771,36.0717,38.1977,2521400
2006-06-14,37.1996,37.2195,36.1316,36.411,3325800
2006-06-15,38.1078,38.4073,37.489,37.7285,3507400
2006-06-16,38.7566,39.0261,37.509,38.3673,1946700
2006-06-19,37.0099,38.527,36.7404,38.4971,1748600
2006-06-20,36.8502,38.048,36.7604,37.3293,1370700
2006-06-21,37.8583,38.567,36.98,37.0299,1657500
2006-06-22,37.9082,38.1527,37.2794,37.7984,1195200
2006-06-23,40.5732,41.9406,40.1639,40.2737,3831300
2006-06-26,41.0622,41.1121,39.9843,40.5732,1164700
2006-06-27,42.1701,42.4995,41.2319,41.3218,2178400
2006-06-28,43.5775,43.5875,42.2799,42.4197,2434000
2006-06-29,46.2424,46.4021,43.6673,43.9168,3424900
2006-06-30,46.7714,47.2705,45.6236,46.5419,2661200
2006-07-03,47.6398,47.6498,46.5419,47.011,695400
2006-07-05,48.4083,48.6579,47.1806,47.51,3104900
2006-07-06,48.2187,48.7677,47.9093,48.4083,1894000
2006-07-07,47.2106,48.7976,46.9212,48.4183,1596200
2006-07-10,47.001,47.2505,46.462,47.1307,1471800
2006-07-11,47.3404,47.53,46.5818,47.3104,1070900
2006-07-12,47.0908,47.7596,46.6417,47.4102,1471100
2006-07-13,46.991,47.1507,46.0129,47.011,2655900
2006-07-14,46.6217,47.1806,45.3641,46.9112,2464700
2006-07-17,46.1127,46.8812,45.7733,46.1626,2089600
2006-07-18,46.462,47.6697,46.0428,46.8613,2470800
2006-07-19,47.3603,47.4801,46.1027,46.3023,1893200
2006-07-20,46.2524,47.7695,46.2524,47.1607,1407600
2006-07-21,45.8132,46.9112,45.2443,46.2624,1461000
2006-07-24,47.7895,47.9093,45.963,45.9829,1432600
2006-07-25,48.9174,49.0172,48.039,48.039,2070100
2006-07-26,49.626,50.0552,48.2387,49.0371,2700900
2006-07-27,48.8076,49.9055,48.4083,49.626,1588200
2006-07-28,49.626,49.6859,48.4882,48.558,1041600
2006-07-31,50.5143,50.6541,49.7957,49.9055,1406300
2006-08-01,50.8936,51.0533,49.1569,50.7539,1697500
2006-08-02,50.4245,51.6123,50.0153,51.3927,1783800
2006-08-03,49.127,49.9654,48.3484,48.4083,1877700
2006-08-04,48.3983,49.7159,47.8793,49.3765,1944700
2006-08-07,49.7957,50.0852,48.1888,48.588,1754800
2006-08-08,49.5062,50.3746,49.3366,49.5462,2128000
2006-08-09,50.4245,51.5224,50.0552,50.0552,2883600
2006-08-10,50.2748,50.4045,49.616,50.0353,1898800
2006-08-11,49.8456,50.5044,49.5162,50.155,1138600
2006-08-14,48.5181,49.2268,48.2087,49.107,1230200
2006-08-15,49.3066,49.5562,48.5081,48.9074,1866600
2006-08-16,49.7458,50.2648,49.2467,49.2467,2217400
2006-08-17,48.4283,49.117,47.7596,49.0072,1602800
2006-08-18,48.9872,49.2068,48.0191,48.6479,1312000
2006-08-21,49.3266,50.0153,49.087,49.2368,854500
2006-08-22,50.2648,50.3138,49.097,49.137,815400
2006-08-23,49.2467,50.165,48.8575,50.1051,1086700
2006-08-24,49.8456,49.9055,48.8974,49.0571,944200
2006-08-25,49.9754,50.8238,49.8656,50.1151,1237700
2006-08-28,49.8057,50.175,49.0571,49.3565,1220300
2006-08-29,49.8456,50.1251,49.127,49.5562,938800
2006-08-30,48.8974,50.145,47.9692,49.8356,1591800
2006-08-31,49.3266,49.6859,48.5081,48.5081,1509200
2006-09-01,49.4663,49.7957,48.9673,49.2068,973500
2006-09-05,49.3665,50.0951,49.0371,49.4064,2024500
2006-09-06,48.2287,49.3465,48.069,48.9373,1275100
2006-09-07,47.7396,48.3983,47.3603,48.049,1046700
2006-09-08,45.6935,48.039,45.6735,47.9891,1695500
2006-09-11,44.915,45.7134,44.5157,44.865,2332800
2006-09-12,44.5656,45.5438,44.1464,44.9449,1250500
2006-09-13,45.6735,45.9131,44.8151,44.8351,941500
2006-09-14,44.6255,46.2225,44.4558,45.8432,1638000
2006-09-15,44.7752,45.0946,44.2861,44.6654,1656900
2006-09-18,45.2244,45.9131,44.6255,45.3841,1141900
2006-09-19,44.4159,45.8232,44.0666,45.0647,1793700
2006-09-20,43.3878,44.5756,43.2681,44.1963,1521700
2006-09-21,43.6174,44.1165,43.3679,43.6374,1283500
2006-09-22,42.8588,43.8669,42.6592,43.8669,1131300
2006-09-25,43.1782,43.318,41.721,42.4197,1834100
2006-09-26,44.5656,44.6055,42.9986,42.9986,1520500
2006-09-27,45.1744,45.5637,44.5157,44.915,2042900
2006-09-28,45.2343,45.7534,44.8351,44.9649,1187400
2006-09-29,45.5038,45.8132,44.9549,45.1645,822000
2006-10-02,43.8669,45.3741,43.817,44.865,1607900
2006-10-03,42.9187,43.298,42.4995,43.2681,1460700
2006-10-04,43.318,43.3878,41.6911,42.4197,2030700
2006-10-05,44.915,44.915,44.0566,44.6654,1433000
2006-10-06,44.9848,45.1345,44.2662,44.8151,1248700
2006-10-09,44.376,45.6835,44.3061,45.3042,915900
2006-10-10,45.6635,45.7134,44.2761,44.2761,1134300
2006-10-11,45.1345,45.8731,44.7952,45.2643,967000
2006-10-12,46.2624,46.3323,44.8251,45.1146,1523900
2006-10-13,47.1607,47.4402,46.4421,46.4421,1364100
2006-10-16,48.5281,48.6978,47.2405,47.4002,1189400
2006-10-17,48.029,48.4781,47.2405,48.2886,1027900
2006-10-18,47.4002,48.3484,47.2206,48.2287,1057600
2006-10-19,48.059,48.1888,47.3903,47.7895,1047200
2006-10-20,47.8893,48.1588,47.3404,48.1488,1333400
2006-10-23,47.7096,48.0989,47.0609,47.1108,1067500
2006-10-24,49.2467,49.2467,47.2206,47.2805,1616400
2006-10-25,49.2068,49.7658,48.6379,49.0471,2006600
2006-10-26,49.0571,49.6859,48.2387,49.4064,1245800
2006-10-27,48.568,49.9055,48.4982,48.6579,1014800
2006-10-30,48.1089,48.6978,47.7596,48.0091,830800
2006-10-31,48.5381,48.8176,47.2905,48.069,1459800
2006-11-01,47.3603,48.598,47.1806,48.5381,1240700
2006-11-02,46.8114,47.3204,46.3123,46.8413,1605800
2006-11-03,49.0172,49.1968,47.3603,47.4102,1717500
2006-11-06,48.9772,49.4364,48.598,48.9673,1192100
2006-11-07,48.5281,49.2068,48.3584,48.7078,1090700
2006-11-08,49.3366,49.4863,48.1089,48.1189,1082900
2006-11-09,49.7258,50.2948,49.4763,49.7358,1461400
2006-11-10,49.5761,49.9055,49.2966,49.5162,1049700
2006-11-13,48.9673,49.2268,48.4582,49.1669,1027700
2006-11-14,49.2567,49.5162,48.5181,49.127,886000
2006-11-15,50.5044,50.8936,49.4563,49.5062,1603600
2006-11-16,48.9273,50.8936,48.7976,50.8936,1184200
2006-11-17,49.0571,49.4563,48.1089,48.1089,1814600
2006-11-20,49.1469,50.5343,48.4582,50.5343,1136800
2006-11-21,49.6859,49.7358,49.127,49.3465,1102800
2006-11-22,49.2567,49.9055,48.6978,49.6061,1037300
2006-11-24,49.5262,50.0652,49.2368,49.2368,287000
2006-11-27,48.8774,49.8955,48.8375,49.3266,922500
2006-11-28,50.5543,50.7639,49.1968,49.1968,1208000
2006-11-29,53.0096,53.0396,50.9535,51.0034,1868200
2006-11-30,53.3989,53.5785,52.5305,53.1893,1440100
2006-12-01,52.8898,53.1693,51.5524,52.8499,1723400
2006-12-04,52.3808,52.6902,51.9516,52.6303,1335300
2006-12-05,53.2492,53.4787,52.4108,52.9098,1046900
2006-12-06,53.0994,53.848,52.9697,53.0994,775600
2006-12-07,52.78,53.0595,52.281,52.8998,778300
2006-12-08,51.9217,53.329,51.9017,53.1993,1104400
2006-12-11,52.0914,52.3609,51.6023,51.8618,1286800
2006-12-12,51.9416,52.5305,51.5723,51.9017,1259700
2006-12-13,52.8399,53.6005,52.2111,52.8799,1341000
2006-12-14,53.9279,54.5367,52.9996,52.9996,1618900
2006-12-15,52.6902,54.1874,52.5804,54.1375,1439600
2006-12-18,49.8157,52.2411,49.7558,52.1313,1958900
2006-12-19,50.9635,51.0986,47.9292,47.9292,1582700
2006-12-20,49.7059,50.9835,49.7059,50.9136,1185400
2006-12-21,49.7857,50.0951,49.4464,49.6959,907000
2006-12-22,49.2467,50.0253,49.2467,49.8456,500700
2006-12-26,49.1669,49.8057,48.6079,48.8275,601200
2006-12-27,49.9754,50.0752,48.8675,49.127,1050800
2006-12-28,49.7159,50.4145,49.4264,49.7458,692200
2006-12-29,48.9772,49.626,48.7976,49.4064,607500
2007-01-03,47.7895,48.7577,47.2505,48.1987,1681000
2007-01-04,47.011,47.7396,46.7814,47.3503,2001200
2007-01-05,47.6897,47.9592,46.5319,47.0409,1415300
2007-01-08,48.0789,48.7876,47.3503,48.1987,1181400
2007-01-09,47.9193,48.0889,46.7714,47.4901,1444000
2007-01-10,46.6017,47.7296,46.5518,47.52,1755600
2007-01-11,46.2424,47.7596,45.953,46.4421,1501300
2007-01-12,47.3603,47.6997,46.1426,46.4121,1754300
2007-01-16,47.3603,48.2486,46.981,47.2405,2048700
2007-01-17,47.7995,48.4482,47.1507,47.2905,1133800
2007-01-18,47.8594,48.6379,47.3304,48.1488,1205900
2007-01-19,49.2068,49.4464,48.059,48.2586,1576700
2007-01-22,49.5162,50.0153,49.1869,49.9853,1145200
2007-01-23,50.704,51.223,49.8356,49.8755,1425800
2007-01-24,51.3228,51.3927,49.9454,50.2948,1833200
2007-01-25,50.2548,51.2929,49.8456,51.2529,1545800
2007-01-26,49.7458,50.8936,49.4863,50.3546,1794800
2007-01-29,50.155,50.8337,49.8256,49.9155,1260100
2007-01-30,52.6603,52.7202,50.4644,50.4644,2031700
2007-01-31,53.3091,53.6783,52.1512,52.4008,2148500
2007-02-01,53.3989,53.878,52.7501,53.5686,1891000
2007-02-02,53.4987,53.6085,52.9298,53.5985,1090200
2007-02-05,53.6284,54.4669,53.5187,53.7382,1208900
2007-02-06,53.4588,54.0876,52.8799,53.9678,1458400
2007-02-07,52.9797,53.868,52.5704,53.4588,1396200
2007-02-08,52.6203,52.9298,51.9816,52.6802,1935400
2007-02-09,53.349,53.7283,52.9098,53.0695,1873900
2007-02-12,53.2791,53.3889,52.5804,52.83,1529030
2007-02-13,54.0676,54.2672,53.0994,53.6983,1137813
2007-02-14,55.5049,55.5947,54.1275,54.2872,2605234
2007-02-15,55.6247,55.7844,54.8062,55.2055,2420100
2007-02-16,56.3832,56.5629,55.3252,55.6846,1699000
2007-02-20,57.1418,57.5011,55.2454,56.1537,2674600
2007-02-21,57.6409,57.7307,56.6427,56.9621,1865700
2007-02-22,58.5791,58.7587,56.8823,56.8823,1620200
2007-02-23,58.5392,58.8885,57.9303,58.7088,1296700
2007-02-26,58.3295,59.3676,58.2697,58.7587,1601955
2007-02-27,57.1418,58.1698,56.4731,57.3314,2426300
2007-02-28,57.4612,58.11,56.9521,56.9921,3303400
2007-03-01,57.3813,58.2397,56.0039,56.0938,2298553
2007-03-02,57.2715,57.6708,56.7825,56.9222,3197200
2007-03-05,56.6028,56.9721,55.9341,56.0938,2414800
2007-03-06,57.9103,57.9203,56.9322,57.0619,2585600
2007-03-07,58.3395,59.3077,56.7425,56.7425,1896200
2007-03-08,58.08,59.0382,57.9103,58.9883,1628700
2007-03-09,58.4892,58.8985,57.6608,58.07,1277243
2007-03-12,57.7906,58.3295,57.5909,58.1698,1499900
2007-03-13,56.1537,58.0401,55.8442,57.5909,2088400
2007-03-14,57.7407,57.8105,56.2066,56.4631,1483679
2007-03-15,57.561,58.1299,57.2316,57.7307,1007800
2007-03-16,56.533,57.8704,56.4032,57.7906,1358400
2007-03-19,57.4113,57.4612,56.7525,57.3813,1460100
2007-03-20,58.1998,58.2197,56.9921,57.6908,1370800
2007-03-21,58.8685,59.168,57.9602,58.4194,1081800
2007-03-22,60.3757,60.6951,59.148,59.3276,1573000
2007-03-23,60.186,61.1542,59.8167,60.8747,1166800
2007-03-26,60.0662,60.755,59.2278,60.6152,1911000
2007-03-27,60.1361,60.755,59.4973,59.7568,1614700
2007-03-28,60.5753,60.9246,59.7668,60.9246,1624500
2007-03-29,60.1162,61.5934,59.7169,61.5534,1682100
2007-03-30,59.5373,60.1162,59.2777,59.7269,1688800
2007-04-02,60.7849,60.8548,59.7768,59.7868,1355112
2007-04-03,60.5753,60.755,59.667,60.4954,828000
2007-04-04,61.0244,61.1143,59.8866,60.3357,913904
2007-04-05,61.1941,61.4792,60.8847,61.1542,560300
2007-04-09,61.1841,62.0026,60.9346,61.284,895710
2007-04-10,61.8728,61.9826,61.1742,61.284,877300
2007-04-11,61.4636,62.2022,61.244,61.6233,1454502
2007-04-12,61.8828,61.9128,60.3457,60.7949,2228650
2007-04-13,61.4436,61.9726,61.1742,61.8828,1143163
2007-04-16,61.6932,62.2421,60.8947,61.7431,655900
2007-04-17,60.5154,62.1224,60.186,61.8529,1228800
2007-04-18,59.6171,60.3657,59.158,60.1661,1817100
2007-04-19,58.6988,59.657,58.5791,59.4175,1108289
2007-04-20,59.687,60.0563,58.7388,58.8086,1663077
2007-04-23,60.0762,60.2259,59.3276,59.6271,954400
2007-04-24,59.9165,60.725,59.8367,60.0662,1396600
2007-04-25,59.5572,60.1261,58.6789,59.9265,2545854
2007-04-26,59.0382,59.4375,58.6789,59.2278,1911300
2007-04-27,59.4375,59.9465,58.4593,58.8486,1340665
2007-04-30,58.6988,60.5054,58.6988,59.6071,1556631
2007-05-01,60.1985,61.0943,58.8985,58.9683,2670052
2007-05-02,60.9346,61.2041,60.2958,60.5054,1869397
2007-05-03,60.6352,60.9446,59.2179,60.5653,1455540
2007-05-04,60.0563,61.1542,59.7369,60.8747,1207498
2007-05-07,59.7269,59.9664,59.4375,59.6371,1660266
2007-05-08,59.7269,60.1461,58.9184,60.1461,1174800
2007-05-09,59.0681,59.5872,58.2796,59.4874,1302300
2007-05-10,58.7587,59.4375,58.5691,58.9384,1430700
2007-05-11,59.7968,60.0363,58.9883,59.0083,1633747
2007-05-14,60.7849,61.2141,59.8367,59.9964,2170850
2007-05-15,60.5354,61.264,60.3757,60.8747,1678899
2007-05-16,60.9546,60.9546,59.9165,60.2659,1441000
2007-05-17,62.0924,62.3918,60.5254,60.7849,1188517
2007-05-18,62.6913,62.9009,62.1323,62.2421,1409000
2007-05-21,63.5297,63.9389,62.4318,62.7711,2058196
2007-05-22,62.8709,63.7094,62.7212,63.5696,1187100
2007-05-23,62.861,63.6794,62.7711,63.1305,1414700
2007-05-24,61.763,63.5297,61.5834,63.0506,1295865
2007-05-25,62.8111,63.1205,62.3419,62.6414,893500
2007-05-29,62.7711,64.1186,62.292,64.1186,1126500
2007-05-30,64.0188,64.0188,62.3819,62.4717,1422000
2007-05-31,63.1704,64.2583,62.6613,64.1186,1952236
2007-06-01,63.0506,63.7892,62.841,63.1305,1456114
2007-06-04,65.3762,65.5858,63.0606,63.1305,1777221
2007-06-05,64.6077,64.8672,63.7892,64.7574,1470312
2007-06-06,63.36,64.4879,63.0606,64.4879,1334490
2007-06-07,61.1742,63.899,60.9546,63.1105,1338636
2007-06-08,61.793,61.8329,60.4256,60.735,824362
2007-06-11,62.1922,62.9508,61.3937,61.8629,1484000
2007-06-12,61.8928,62.8909,61.5335,62.0725,1117300
2007-06-13,62.332,62.6414,61.264,61.6533,1023300
2007-06-14,63.37,63.6595,62.4018,62.4817,954000
2007-06-15,64.5078,64.6476,63.8391,64.0986,962900
2007-06-18,64.8772,65.2963,64.438,64.8772,829934
2007-06-19,64.3681,65.1167,64.1385,64.4979,1193700
2007-06-20,62.5615,64.7574,62.5016,64.5677,1004600
2007-06-21,64.3881,64.4879,62.5516,62.9109,1203801
2007-06-22,63.0806,64.2683,62.5915,64.0986,1587000
2007-06-25,62.851,63.7493,62.2621,62.831,1646600
2007-06-26,60.6052,62.6214,60.3357,62.5516,1988851
2007-06-27,61.0045,61.0843,59.4474,59.6171,2756500
2007-06-28,61.0843,62.2621,60.6751,61.6233,1713800
2007-06-29,62.2721,62.6114,61.8728,61.9826,1163640
2007-07-02,63.2802,63.2802,62.312,62.312,1013804
2007-07-03,63.1604,63.5497,63.0306,63.37,539300
2007-07-05,63.4598,63.6595,62.7212,63.3301,966400
2007-07-06,63.5197,63.8491,63.0606,63.8491,796100
2007-07-09,65.0768,65.3363,63.3401,63.4299,1117700
2007-07-10,64.418,65.0368,64.1885,64.5877,898850
2007-07-11,64.8372,64.8672,63.899,64.1685,861900
2007-07-12,65.486,65.496,64.4879,64.967,1202937
2007-07-13,65.3662,65.995,65.2764,65.3363,776700
2007-07-16,63.9888,65.3063,63.7293,65.1067,793600
2007-07-17,64.9071,66.0849,64.6077,64.6077,923400
2007-07-18,66.6737,66.8734,64.8772,65.0867,947700
2007-07-19,66.8334,67.1528,65.8453,66.9233,844000
2007-07-20,65.5858,66.8334,65.1566,66.8334,1044900
2007-07-23,64.7973,65.8353,64.5677,65.7355,977800
2007-07-24,62.861,64.1186,62.4018,63.6694,1251777
2007-07-25,63.6894,63.919,62.5316,63.7094,976893
2007-07-26,62.2222,63.1704,61.2141,62.4218,1617118
2007-07-27,61.6333,62.9508,61.0344,62.0725,1181390
2007-07-30,61.773,62.4118,60.7949,61.9527,1142295
2007-07-31,61.0244,63.7094,60.8248,62.2821,1283100
2007-08-01,63.35,65.6756,61.1742,64.8572,2591147
2007-08-02,63.79,64.33,62.34,63.59,1674300
2007-08-03,61.02,64.43,60.78,64.12,1884661
2007-08-06,60.98,61.13,59.22,60.55,1670633
2007-08-07,61.37,61.69,59.67,60.82,1584206
2007-08-08,61.63,63.46,60.44,61.82,1798252
2007-08-09,59.74,61.3,59.25,59.64,2566052
2007-08-10,60.38,60.73,57.42,58.35,1859576
2007-08-13,62.03,63.46,61.24,61.49,1315600
2007-08-14,60.78,62.85,60.73,62.3,1125859
2007-08-15,59.63,61.8,59.44,60.79,1173805
2007-08-16,59.16,59.28,57.21,58.43,1966184
2007-08-17,61.1,61.55,59.21,61.0,1344800
2007-08-20,60.17,60.81,58.85,60.62,979500
2007-08-21,58.07,60.4,57.79,59.38,1268500
2007-08-22,59.85,60.16,58.55,59.07,1135400
2007-08-23,60.21,60.48,59.68,59.9,1261700
2007-08-24,61.69,61.69,60.17,60.42,664100
2007-08-27,60.17,61.31,59.75,61.31,663813
2007-08-28,58.9,60.06,58.41,59.7,914100
2007-08-29,61.09,61.22,59.09,59.4,703600
2007-08-30,59.22,60.99,58.86,60.23,1432800
2007-08-31,60.07,61.02,59.95,60.43,638100
2007-09-04,62.72,63.3,60.01,60.01,1108900
2007-09-05,62.93,63.71,62.11,62.76,1547400
2007-09-06,63.85,64.62,63.04,63.85,919400
2007-09-07,62.89,63.14,62.14,62.81,1128200
2007-09-10,62.72,63.62,61.53,62.87,971100
2007-09-11,63.84,63.9,61.87,63.11,1243300
2007-09-12,64.72,65.07,63.65,63.79,1405700
2007-09-13,63.92,65.17,63.77,65.0,950900
2007-09-14,64.71,65.08,63.15,63.74,788200
2007-09-17,63.95,65.29,63.9,64.55,844400
2007-09-18,66.03,66.15,63.49,64.25,1319300
2007-09-19,66.15,67.87,65.89,66.7,888200
2007-09-20,67.03,67.35,66.05,66.21,828400
2007-09-21,67.01,67.62,66.7,67.12,1258600
2007-09-24,68.72,68.99,66.76,67.18,1656900
2007-09-25,68.12,68.54,67.2,67.72,1547500
2007-09-26,68.36,69.12,67.51,68.67,874200
2007-09-27,70.55,70.57,68.82,68.88,1173600
2007-09-28,70.04,71.3,69.65,70.81,1002900
2007-10-01,71.49,71.59,70.16,70.22,970200
2007-10-02,72.51,73.04,71.86,72.77,1762300
2007-10-03,71.42,72.52,71.28,72.47,1432400
2007-10-04,71.93,72.6,71.22,71.41,1415600
2007-10-05,71.75,72.4,70.95,72.35,21223400
2007-10-08,71.56,72.01,71.0,71.39,1441700
2007-10-09,72.55,72.68,71.52,71.71,1667300
2007-10-10,74.14,74.35,72.34,72.48,1826023
2007-10-11,74.1,76.08,73.33,74.83,1958200
2007-10-12,75.85,75.9,73.6,73.6,1383481
2007-10-15,76.44,78.05,76.23,76.61,1707600
2007-10-16,76.38,77.12,76.0,76.37,1250700
2007-10-17,75.95,76.99,75.12,76.95,1091300
2007-10-18,77.93,78.05,75.4,76.03,1580400
2007-10-19,74.14,77.42,74.03,77.42,1784000
2007-10-22,73.6,75.75,72.45,73.2,1533200
2007-10-23,74.0,74.75,72.85,73.96,816300
2007-10-24,74.43,74.61,72.89,73.02,1000300
2007-10-25,73.77,74.5,72.86,74.42,1970200
2007-10-26,74.18,74.97,73.41,74.97,2156900
2007-10-29,75.05,75.38,74.25,74.37,1201600
2007-10-30,73.13,74.08,72.97,73.84,1158400
2007-10-31,76.54,77.19,74.13,74.22,1747200
2007-11-01,75.21,77.82,75.01,75.09,1685600
2007-11-02,76.11,77.1222,75.03,75.67,1357500
2007-11-05,75.2,76.06,74.32,74.51,1350993
2007-11-06,75.0,76.6,74.58,75.66,1885085
2007-11-07,72.76,75.65,72.73,75.0,1604500
2007-11-08,73.71,74.24,72.48,73.51,1902278
2007-11-09,73.1,74.1,72.3401,73.45,1764900
2007-11-12,69.69,72.0,69.48,72.0,2200670
2007-11-13,70.21,71.19,68.37,69.82,2169400
2007-11-14,70.74,73.08,70.67,71.21,1352395
2007-11-15,70.13,70.87,69.25,69.97,1580900
2007-11-16,71.73,72.62,70.25,71.79,1457270
2007-11-19,72.5,72.92,71.41,71.42,1924300
2007-11-20,73.57,74.41,72.78,72.87,1967948
2007-11-21,72.67,73.75,72.67,72.82,1676501
2007-11-23,74.09,74.18,72.52,73.0,539889
