Price,Close,High,Low,Open,Volume
Ticker,NCC,NCC,NCC,NCC,NCC
Date,,,,,
1999-11-24,19.6886,20.6731,19.6886,20.6239,1729400
1999-11-26,19.984,20.1316,19.7871,19.7871,804100
1999-11-29,19.6886,19.984,19.3441,19.9348,1434900
1999-11-30,19.6394,20.0824,19.4918,19.4918,1225800
1999-12-01,19.6394,19.7379,19.4425,19.4425,1003600
1999-12-02,19.5902,19.7871,19.4918,19.6886,1334200
1999-12-03,20.4762,20.8207,19.6886,19.6886,1702300
1999-12-06,19.3441,19.9348,19.2456,19.7871,1594300
1999-12-07,18.5565,19.5902,18.5565,19.2949,1989400
1999-12-08,18.212,18.9995,18.1628,18.5565,1114500
1999-12-09,18.5073,18.7042,18.3104,18.3104,1518400
1999-12-10,18.5073,18.9503,18.3596,18.5073,1705700
1999-12-13,18.3104,18.8519,18.1628,18.5073,1390300
1999-12-14,18.3596,18.5073,18.1135,18.212,1280700
1999-12-15,18.4089,18.6549,18.3104,18.4089,1575600
1999-12-16,17.9659,18.4089,17.6705,18.4089,1730900
1999-12-17,17.4244,18.1628,17.4244,17.9659,1930100
1999-12-20,17.6705,18.0151,17.5721,17.5721,1080200
1999-12-21,18.212,18.2612,17.6213,17.6213,1227400
1999-12-22,17.769,18.4089,17.6213,18.212,985700
1999-12-23,18.2612,18.5073,17.5229,17.9659,1189700
1999-12-27,18.3104,18.8519,17.9659,17.9659,0
1999-12-28,18.0643,18.5073,18.0643,18.1628,689200
1999-12-29,18.5565,18.7534,18.1628,18.1628,637000
1999-12-30,18.6057,18.7042,18.3596,18.4581,811400
1999-12-31,18.6549,18.8027,18.5565,18.6057,460000
2000-01-03,17.3752,18.5565,17.1783,18.5565,1493800
2000-01-04,16.6861,17.2768,16.2924,17.2275,1630700
2000-01-05,17.0799,17.326,16.5385,17.326,1395800
2000-01-06,17.7562,18.0056,16.9582,17.0579,1354900
2000-01-07,18.0555,18.1552,17.6066,17.9557,1397600
2000-01-10,17.856,18.2051,17.3572,18.0555,2695700
2000-01-11,17.0081,17.8061,16.7088,17.8061,1027900
2000-01-12,17.4071,17.7063,16.7088,17.7063,1181100
2000-01-13,17.6066,17.856,17.4569,17.5068,871700
2000-01-14,17.6565,18.5044,17.5567,18.0555,1536900
2000-01-18,17.6565,17.856,17.2075,17.856,1068000
2000-01-19,17.5567,18.255,17.5567,17.856,996200
2000-01-20,17.0081,17.8061,16.8584,17.6066,1435800
2000-01-21,16.7587,17.1078,16.6589,17.0579,1938400
2000-01-24,16.0105,16.7587,15.9606,16.7587,1508600
2000-01-25,16.2599,16.3596,15.9606,16.1602,1513600
2000-01-26,16.9582,16.9582,16.1103,16.3098,1991200
2000-01-27,16.9083,17.1078,16.7088,16.9083,1139500
2000-01-28,16.6589,16.9083,16.4594,16.7088,913400
2000-01-31,17.2575,17.2575,16.8584,16.8584,1425300
2000-02-01,17.5068,17.6565,17.2075,17.2575,2101100
2000-02-02,17.5068,17.5567,17.3572,17.4569,1343400
2000-02-03,17.6565,17.6565,17.4569,17.4569,1352800
2000-02-04,16.6589,17.6066,16.5093,17.6066,1541900
2000-02-07,16.3098,17.0081,16.1602,17.0081,1148200
2000-02-08,16.8584,16.9083,16.4594,16.4594,796100
2000-02-09,16.4594,16.9083,16.3596,16.9083,947100
2000-02-10,15.9108,16.4594,15.6115,16.2599,1202400
2000-02-11,16.0105,16.5592,15.8609,15.9606,960500
2000-02-14,15.5616,16.1103,15.5117,16.0604,1025000
2000-02-15,15.7113,15.7113,15.0629,15.6115,1011500
2000-02-16,15.8609,16.0604,15.7611,15.7611,979300
2000-02-17,15.4619,16.1103,15.412,16.0105,779300
2000-02-18,14.8135,15.3122,14.6638,15.2624,1468500
2000-02-22,14.9631,15.2624,14.7636,15.2624,839400
2000-02-23,14.8135,15.1127,14.5641,15.1127,970400
2000-02-24,14.5142,14.9631,14.2648,14.9631,936400
2000-02-25,14.7636,15.013,14.6638,14.9631,1494600
2000-02-28,15.3621,15.6115,14.8135,14.9631,1485400
2000-02-29,15.3621,15.412,15.1626,15.3621,1141600
2000-03-01,15.3122,15.3621,14.7636,15.2624,959800
2000-03-02,15.2125,15.2624,14.2648,14.2648,1541000
2000-03-03,15.1127,15.3122,14.9132,15.2125,1535500
2000-03-06,14.9631,15.2624,14.8633,15.0629,1165800
2000-03-07,14.4643,14.9132,14.4144,14.9132,1749700
2000-03-08,14.0653,14.3646,13.7162,14.3646,2544600
2000-03-09,14.0154,14.1651,13.9157,14.0653,1864900
2000-03-10,13.8159,14.2149,13.766,14.0653,1084300
2000-03-13,14.3147,14.5641,13.7162,13.8159,1487300
2000-03-14,14.2149,14.6139,14.1651,14.5142,1665900
2000-03-15,15.1626,15.5616,14.2149,14.2149,1429300
2000-03-16,16.6589,16.9582,16.4095,16.8085,1886500
2000-03-17,16.609,17.6565,16.4594,16.7587,1881400
2000-03-20,16.2599,16.2599,15.6115,16.21,1200300
2000-03-21,17.0081,17.1078,16.1602,16.3098,1134200
2000-03-22,16.9582,17.0081,16.5592,16.8584,729500
2000-03-23,17.4071,17.5567,16.5592,16.7587,792700
2000-03-24,16.9582,17.4071,16.7088,17.2575,862700
2000-03-27,16.5093,17.1078,16.1602,16.9582,863200
2000-03-28,16.7587,17.1078,16.1602,16.9582,1208400
2000-03-29,16.7587,16.9083,16.4095,16.4095,711700
2000-03-30,16.21,16.7587,16.0604,16.7088,999700
2000-03-31,16.4594,16.5592,15.8609,16.21,1324600
2000-04-03,17.5567,17.5567,16.7088,17.1577,1129900
2000-04-04,17.4569,18.1552,17.0081,17.6066,2211000
2000-04-05,17.1577,17.9058,17.1577,17.2575,840100
2000-04-06,16.8085,17.2575,16.6589,17.2575,1029500
2000-04-07,16.3596,16.8584,16.1602,16.7587,677300
2000-04-10,16.609,16.8584,15.9606,15.9606,772800
2000-04-11,16.7385,17.0419,16.4856,16.4856,638400
2000-04-12,16.6879,17.4971,16.3845,16.7385,1314300
2000-04-13,16.2834,16.8396,16.2834,16.789,913600
2000-04-14,14.8169,16.1823,14.4629,16.0811,3044700
2000-04-17,14.7157,15.3225,14.5134,14.8169,2001800
2000-04-18,14.6651,14.8169,14.4123,14.6651,2843600
2000-04-19,14.5134,14.7157,14.3617,14.6651,1444500
2000-04-20,14.564,14.6651,14.4629,14.564,1491900
2000-04-24,14.6651,14.6651,14.3617,14.564,2447300
2000-04-25,15.2214,15.3225,14.564,14.6146,2091400
2000-04-26,14.4123,15.2214,14.2606,15.2214,2209600
2000-04-27,14.2606,14.3112,14.1089,14.21,1529100
2000-04-28,13.7549,14.2606,13.7043,14.1594,1771400
2000-05-01,14.0077,14.3112,13.7549,13.7549,2140700
2000-05-02,14.0077,14.0583,13.8055,13.8055,1467500
2000-05-03,13.7043,14.1594,13.7043,13.9572,1765800
2000-05-04,13.3503,13.9066,13.3503,13.9066,2318900
2000-05-05,12.9963,13.5526,12.9458,13.4009,1607100
2000-05-08,13.4515,13.6538,12.9963,13.1481,3195300
2000-05-09,13.856,14.1089,13.6538,13.6538,2472200
2000-05-10,13.9572,14.4123,13.7043,13.7549,1664500
2000-05-11,14.2606,14.7663,14.21,14.21,1373500
2000-05-12,14.3112,14.564,14.1594,14.3617,859700
2000-05-15,14.6651,14.7663,14.1594,14.3617,721400
2000-05-16,14.564,14.8169,14.4123,14.7157,1179700
2000-05-17,14.564,14.564,14.1594,14.2606,845900
2000-05-18,14.918,15.0697,14.5134,14.564,1052600
2000-05-19,14.8674,15.0191,14.6651,14.8169,1585800
2000-05-22,15.1708,15.2719,14.6651,14.8169,945900
2000-05-23,15.4742,15.8788,15.1203,15.1708,900200
2000-05-24,16.1317,16.3845,15.8788,15.8788,1868700
2000-05-25,15.7271,16.2328,15.3731,16.0811,1364900
2000-05-26,15.98,16.2328,15.6765,15.7271,1272600
2000-05-30,16.2328,16.3845,15.98,15.98,922600
2000-05-31,16.1823,16.3845,15.98,16.0305,914800
2000-06-01,17.0419,17.0925,15.98,16.0305,1804000
2000-06-02,17.9016,18.205,17.4465,18.205,2162100
2000-06-05,17.0419,17.7499,16.9408,17.6993,643900
2000-06-06,16.6374,17.4971,16.3845,17.4971,719600
2000-06-07,16.6879,16.789,16.3845,16.5868,1042400
2000-06-08,16.3845,16.5868,15.9294,16.5868,665300
2000-06-09,15.9294,16.4351,15.9294,16.3845,732000
2000-06-12,16.0305,16.1823,15.98,16.0811,570700
2000-06-13,15.6765,15.8282,15.5248,15.5754,706800
2000-06-14,15.5248,15.7777,15.4742,15.5754,1006100
2000-06-15,14.564,15.4237,14.3617,15.3731,1928400
2000-06-16,14.0077,14.5134,13.9572,14.4629,2309000
2000-06-19,14.4123,14.6146,14.0077,14.0583,1476600
2000-06-20,14.4629,14.6146,14.4629,14.4629,1405400
2000-06-21,14.2606,14.6651,14.1594,14.5134,1610800
2000-06-22,14.564,14.6146,14.2606,14.3617,1277300
2000-06-23,14.7663,14.8674,14.564,14.6651,827800
2000-06-26,14.7157,14.918,14.564,14.6651,526200
2000-06-27,14.5134,14.918,14.4629,14.7157,626700
2000-06-28,14.564,15.0191,14.564,14.564,566100
2000-06-29,14.3617,15.0191,14.21,14.564,790700
2000-06-30,13.7549,14.2606,13.7549,14.21,2007700
2000-07-03,14.3617,14.4123,13.9066,13.9572,731800
2000-07-05,14.564,14.6651,14.1594,14.3617,965700
2000-07-06,14.564,14.7663,14.21,14.3617,802000
2000-07-07,14.8169,15.0191,14.564,14.564,1159400
2000-07-10,14.8169,14.9685,14.6651,14.7157,688800
2000-07-11,14.8674,14.8674,14.5134,14.6146,964100
2000-07-12,14.7663,15.1708,14.7157,14.8674,797800
2000-07-13,14.7437,14.9492,14.6923,14.9492,823400
2000-07-14,15.206,15.206,14.7437,14.795,698000
2000-07-17,15.0005,15.2317,15.0005,15.206,1075500
2000-07-18,15.1033,15.1033,14.9492,15.1033,746500
2000-07-19,15.2574,15.4629,15.1033,15.1547,850800
2000-07-20,15.6684,15.7711,15.3088,15.4115,1002800
2000-07-21,15.3602,15.7711,15.3602,15.4115,703400
2000-07-24,15.6684,15.7198,15.206,15.3088,617200
2000-07-25,15.7711,15.7711,15.5656,15.5656,729700
2000-07-26,14.795,15.617,14.795,15.617,1374500
2000-07-27,14.795,15.1547,14.7437,15.0005,1389800
2000-07-28,14.4355,14.795,14.3841,14.6923,1134200
2000-07-31,14.5896,14.795,14.4355,14.5382,1072600
2000-08-01,14.795,14.9492,14.5896,14.9492,917200
2000-08-02,14.4868,14.8464,14.4868,14.7437,1551700
2000-08-03,14.9492,15.0519,14.4868,14.7437,1568800
2000-08-04,15.6684,15.6684,15.206,15.206,1256600
2000-08-07,15.617,15.7711,15.3088,15.7711,1102300
2000-08-08,15.7198,15.7711,15.5656,15.7711,815400
2000-08-09,15.9252,16.028,15.617,15.617,1053900
2000-08-10,16.1307,16.2335,15.9252,15.9766,1013900
2000-08-11,16.2335,16.3876,16.0793,16.1307,793000
2000-08-14,16.2848,16.3362,16.0793,16.1307,848600
2000-08-15,16.4389,16.5417,16.1307,16.3362,1249500
2000-08-16,16.3876,16.6445,16.3362,16.3362,1419600
2000-08-17,16.5417,16.5931,16.3876,16.3876,1131800
2000-08-18,16.5417,16.5931,16.4389,16.4389,1243200
2000-08-21,16.5931,16.6958,16.4389,16.4903,745500
2000-08-22,16.8499,16.9527,16.5931,16.6445,606900
2000-08-23,16.6958,17.0554,16.6445,16.8499,718200
2000-08-24,16.6445,16.8499,16.5931,16.8499,625500
2000-08-25,16.5931,16.8499,16.5931,16.5931,422200
2000-08-28,16.5931,16.7986,16.5417,16.5931,508700
2000-08-29,16.3876,16.6445,16.2848,16.5931,663800
2000-08-30,16.5417,16.7986,16.3362,16.3362,519800
2000-08-31,17.2095,17.415,16.5417,16.5417,1264500
2000-09-01,17.3123,17.415,17.1581,17.415,1435600
2000-09-05,17.3636,17.4664,17.1581,17.415,994200
2000-09-06,17.9287,18.0315,17.4664,17.5691,978000
2000-09-07,18.0828,18.2884,17.9287,17.9287,1131300
2000-09-08,18.7507,18.8021,17.9801,18.0828,2270000
2000-09-11,18.5452,18.7507,17.9801,18.0828,1204700
2000-09-12,18.3397,18.4425,17.9801,18.0828,999600
2000-09-13,18.4425,18.9048,18.3911,18.4425,672000
2000-09-14,18.4938,18.8534,18.4425,18.4425,534100
2000-09-15,18.5966,18.6993,18.4938,18.4938,1361200
2000-09-18,17.826,18.4425,17.7232,18.4425,805300
2000-09-19,18.0828,18.3397,17.7746,17.826,1150800
2000-09-20,17.9801,18.1343,17.6205,18.0828,1007300
2000-09-21,18.0315,18.0315,17.8774,18.0315,1059400
2000-09-22,18.3397,18.3397,17.9287,18.0315,1191300
2000-09-25,18.4425,18.5966,18.2884,18.2884,866600
2000-09-26,18.4938,18.5966,18.1856,18.2884,671900
2000-09-27,18.5966,18.5966,18.1856,18.2884,1026200
2000-09-28,18.9048,19.0075,18.5452,18.5966,1944900
2000-09-29,18.1856,18.9562,18.1856,18.9048,1491200
2000-10-02,19.0075,19.0075,18.0315,18.2884,1136900
2000-10-03,18.9048,19.2644,18.8534,18.8534,692200
2000-10-04,19.0589,19.624,18.8021,19.0075,831000
2000-10-05,19.2644,19.6754,19.2131,19.3158,669400
2000-10-06,18.5452,19.2644,18.0828,19.2131,816200
2000-10-09,18.237,18.6479,17.9287,18.5452,431900
2000-10-10,17.6416,18.4743,17.4855,18.2661,1037300
2000-10-11,17.4855,18.3182,16.9131,18.3182,987100
2000-10-12,16.7049,17.6416,16.4967,17.4855,782800
2000-10-13,17.2774,17.4335,16.4967,16.6529,925400
2000-10-16,17.1733,17.2774,16.7049,17.2253,1423000
2000-10-17,16.3406,17.2774,16.2365,17.0692,1273700
2000-10-18,15.8723,16.2365,15.4039,16.2365,1616100
2000-10-19,16.5488,16.6529,15.9763,16.0284,1318100
2000-10-20,16.0804,16.4967,16.0284,16.4447,1525200
2000-10-23,15.8723,16.1845,15.8202,16.1845,937200
2000-10-24,16.4447,16.4447,15.9763,15.9763,1129600
2000-10-25,16.6008,16.809,16.3927,16.4447,677300
2000-10-26,16.1325,16.5488,16.0284,16.4447,705000
2000-10-27,16.7049,16.7049,16.0804,16.1325,1229100
2000-10-30,17.6937,17.6937,16.6008,16.6008,1140700
2000-10-31,17.7978,18.2661,17.5376,18.2661,1554900
2000-11-01,18.2141,18.2661,17.9539,18.2661,2311300
2000-11-02,18.2661,18.6304,18.2141,18.2141,737300
2000-11-03,18.2661,18.4743,18.058,18.2661,870200
2000-11-06,18.4222,18.5263,18.3182,18.3182,710500
2000-11-07,18.2661,18.5263,18.058,18.4222,614400
2000-11-08,18.2661,18.3182,17.8498,18.3182,480800
2000-11-09,18.5784,18.6304,18.2141,18.2661,581500
2000-11-10,18.2661,18.6824,18.2661,18.6304,694700
2000-11-13,18.2661,18.4222,18.058,18.3182,1036400
2000-11-14,18.2661,18.4743,18.2141,18.3182,1306800
2000-11-15,17.5896,18.11,17.5376,18.11,1915300
2000-11-16,17.7978,17.8498,17.5376,17.8498,979800
2000-11-17,17.6416,17.9539,17.5896,17.5896,871000
2000-11-20,17.5376,17.6937,17.2774,17.6937,1032300
2000-11-21,17.9018,17.9539,17.4855,17.4855,942500
2000-11-22,18.0059,18.058,17.6937,17.9018,1533100
2000-11-24,18.058,18.1621,17.8498,18.0059,305400
2000-11-27,18.3702,18.7345,17.9018,18.0059,1037700
2000-11-28,18.8386,19.0988,18.3702,18.4222,1133700
2000-11-29,20.2957,20.5559,18.6824,18.6824,2666900
2000-11-30,20.608,20.9202,20.0875,20.2957,2526600
2000-12-01,20.608,20.9722,20.3998,20.608,1192600
2000-12-04,20.8161,20.8161,20.0875,20.4518,1989700
2000-12-05,21.4406,21.4406,20.4518,20.4518,1333700
2000-12-06,21.3885,21.909,20.9202,21.3365,1764500
2000-12-07,21.7008,21.909,21.1283,21.1804,1045100
2000-12-08,21.961,22.1171,21.4406,21.909,1344700
2000-12-11,22.2732,23.3141,21.961,22.013,1068600
2000-12-12,22.1171,22.3253,21.909,22.2732,778800
2000-12-13,22.013,22.4294,21.909,22.3253,726700
2000-12-14,21.2324,21.5967,21.1804,21.5967,1636300
2000-12-15,21.1283,21.3365,20.8161,21.3365,1735300
2000-12-18,22.2732,22.3773,21.5967,21.6488,1003300
2000-12-19,22.1171,23.0018,22.013,22.4294,1116000
2000-12-20,22.6896,22.7936,21.5967,22.1171,983300
2000-12-21,23.7304,23.7304,22.5334,22.6896,1934700
2000-12-22,24.0426,24.2508,23.4181,23.7304,1003100
2000-12-26,24.3028,24.4069,23.8865,24.0426,497800
2000-12-27,24.3028,24.4589,23.9386,24.3028,1088100
2000-12-28,24.4589,24.563,24.1467,24.1987,862000
2000-12-29,23.9386,24.7712,23.8865,24.4589,843200
2001-01-02,23.3141,24.7712,23.1579,24.4589,1186200
2001-01-03,24.7712,24.7712,22.8457,23.1059,2031600
2001-01-04,23.9386,25.2395,23.9386,24.4589,2321500
2001-01-05,24.0947,24.1467,23.6263,24.1467,1072700
2001-01-08,23.7037,24.1241,23.4408,24.1241,933300
2001-01-09,22.8627,23.5459,22.8627,23.5459,1102600
2001-01-10,23.9664,24.1766,22.9153,23.073,1385400
2001-01-11,24.1241,24.492,23.9139,23.9664,1172200
2001-01-12,23.6511,24.1241,23.2832,24.1241,568100
2001-01-16,24.2818,24.2818,23.1255,23.1255,2097900
2001-01-17,24.2818,24.3343,24.019,24.3343,936200
2001-01-18,23.7562,24.3343,23.5459,24.1766,1080300
2001-01-19,23.4934,24.0715,23.2832,24.0715,1456600
2001-01-22,24.2818,24.2818,23.2306,23.3357,1001500
2001-01-23,24.2818,24.3343,23.7562,24.2818,1373900
2001-01-24,24.2818,24.2818,23.5459,23.9664,887600
2001-01-25,23.7037,24.1766,23.5985,24.0715,1158300
2001-01-26,24.019,24.1241,23.5459,23.7562,1083900
2001-01-29,23.958,24.5551,23.6301,24.0169,1405600
2001-01-30,24.0505,24.0673,23.4619,23.7478,836100
2001-01-31,23.8403,24.471,23.3778,24.471,781900
2001-02-01,23.7057,23.9664,23.3694,23.5459,1030900
2001-02-02,23.5544,23.958,23.4871,23.5459,441600
2001-02-05,23.6301,23.6889,23.2937,23.4366,1233000
2001-02-06,23.0246,23.4198,22.705,23.4198,657800
2001-02-07,23.0666,23.4114,22.8732,22.9994,509600
2001-02-08,22.7807,23.4114,22.663,22.9994,1073400
2001-02-09,22.8817,23.0246,22.6714,22.8312,878700
2001-02-12,22.9069,23.2516,22.8312,23.0919,665300
2001-02-13,23.1255,23.1507,22.705,23.0414,887500
2001-02-14,22.9573,23.3105,22.7891,23.1255,887500
2001-02-15,22.6798,22.9573,22.4191,22.9153,721400
2001-02-16,23.1171,23.3357,22.5789,22.5789,1262100
2001-02-20,22.4864,23.2096,22.2846,23.2096,817400
2001-02-21,22.1416,22.4864,22.0071,22.4864,878600
2001-02-22,22.1164,22.1416,21.0232,22.1416,1252500
2001-02-23,22.1584,22.3266,21.3511,22.1164,1018900
2001-02-26,22.5368,22.5789,21.6539,22.2425,1023100
2001-02-27,22.8396,23.0414,22.2341,22.705,1154300
2001-02-28,22.7134,22.9573,22.3266,22.8732,1465900
2001-03-01,22.663,22.705,22.2005,22.4527,1273200
2001-03-02,23.0162,23.2096,22.5032,22.663,1311600
2001-03-05,22.5621,23.033,22.1921,22.8732,835300
2001-03-06,22.5957,23.1255,22.3687,23.1255,511100
2001-03-07,23.0414,23.0666,22.3266,22.5957,854700
2001-03-08,22.9994,23.2096,22.705,23.0498,832700
2001-03-09,22.6966,22.8732,22.2846,22.8732,951900
2001-03-12,21.6959,22.6966,21.452,22.6966,1135500
2001-03-13,22.293,22.3518,21.4016,21.738,949100
2001-03-14,21.6034,21.9398,21.3596,21.6539,1586000
2001-03-15,22.3687,22.3771,21.5782,21.6959,1083500
2001-03-16,21.923,22.2425,21.1493,21.1493,2032500
2001-03-19,22.1668,22.2846,21.4016,22.0323,729100
2001-03-20,21.738,22.2846,21.6959,22.2846,1285300
2001-03-21,21.4436,22.0323,21.3259,21.7464,2397100
2001-03-22,20.6027,21.1493,19.9215,21.1493,1632400
2001-03-23,21.3679,21.6959,20.5186,20.5186,1458200
2001-03-26,21.8893,22.1584,21.6118,21.8641,780100
2001-03-27,22.2593,22.2761,21.5697,22.0323,1030700
2001-03-28,22.2593,22.4107,21.8221,21.9482,937000
2001-03-29,22.1332,22.4948,22.0323,22.1837,1154400
2001-03-30,22.4948,22.4948,22.0155,22.1332,1274200
2001-04-02,22.7302,23.2096,22.4527,22.6209,1199300
2001-04-03,22.2846,22.8312,22.1164,22.7302,987600
2001-04-04,21.738,22.3266,21.4941,22.2425,806800
2001-04-05,22.4191,22.5368,21.8641,21.8641,824300
2001-04-06,22.1164,22.4527,21.8305,22.293,1364100
2001-04-09,22.6462,22.6714,22.2677,22.5789,1034000
2001-04-10,23.0839,23.2794,22.5229,22.5314,1179900
2001-04-11,22.8884,23.2709,22.6674,22.9479,1048200
2001-04-12,22.9479,23.2454,22.8884,22.9479,1003000
2001-04-16,22.8204,23.2369,22.5314,23.0329,920700
2001-04-17,22.8289,22.8289,22.2765,22.4209,1155400
2001-04-18,23.0499,23.3643,22.4464,22.8289,1913500
2001-04-19,22.7184,23.0329,22.6249,22.7354,1996800
2001-04-20,22.6504,23.0329,22.098,22.3529,2145500
2001-04-23,22.7524,23.0669,22.6504,23.0669,1085500
2001-04-24,23.3898,23.5428,22.9479,22.9479,1753000
2001-04-25,23.2794,23.3729,23.0329,23.2879,1142600
2001-04-26,23.2284,23.7128,23.1434,23.7128,1231400
2001-04-27,23.4069,23.5003,23.2114,23.2879,860100
2001-04-30,23.1264,23.4578,22.9394,23.4578,673300
2001-05-01,22.9479,23.1689,22.7099,23.1604,1000300
2001-05-02,22.9819,23.1859,22.7779,22.8119,1285200
2001-05-03,23.2879,23.2879,22.7354,22.9819,1633800
2001-05-04,23.7468,23.7893,22.9479,23.1264,1043600
2001-05-07,23.7213,23.7978,23.5598,23.7213,731100
2001-05-08,23.6448,23.8828,23.4748,23.7213,930400
2001-05-09,23.4493,23.7298,23.3729,23.6278,601400
2001-05-10,23.5853,23.7553,23.4578,23.7553,536100
2001-05-11,23.4493,23.7978,23.3814,23.5853,578200
2001-05-14,23.6958,23.7128,23.4408,23.4493,501800
2001-05-15,23.9168,24.0953,23.5853,23.5853,1255300
2001-05-16,24.5287,24.5798,23.7978,23.9168,1069100
2001-05-17,24.5458,24.7157,24.3078,24.3928,1028000
2001-05-18,24.3588,24.5627,24.1973,24.5627,1127200
2001-05-21,24.2823,24.4268,24.0613,24.3588,542900
2001-05-22,24.6137,24.8177,24.1888,24.2823,905400
2001-05-23,24.8262,24.8262,24.5627,24.6137,933100
2001-05-24,24.8942,25.0302,24.7327,24.8262,1213500
2001-05-25,24.7837,24.9877,24.7072,24.8942,750800
2001-05-29,24.8092,24.9877,24.4268,24.9877,1053600
2001-05-30,24.7072,24.9877,24.6902,24.8092,561300
2001-05-31,24.9027,24.9027,24.5712,24.6902,687300
2001-06-01,24.7327,24.8092,24.6052,24.6902,752000
2001-06-04,24.8177,24.8517,24.6477,24.8177,620000
2001-06-05,25.0557,25.0642,24.8007,24.8177,799700
2001-06-06,24.8262,24.9452,24.5798,24.9027,925100
2001-06-07,24.5627,24.8602,24.3673,24.8262,1279000
2001-06-08,24.3248,24.3928,23.9338,24.3928,726100
2001-06-11,24.1208,24.4438,24.0528,24.0528,562400
2001-06-12,24.0953,24.1463,23.5598,23.9678,676700
2001-06-13,24.2398,24.3163,24.0273,24.1038,739100
2001-06-14,24.0018,24.1888,23.7978,24.1803,731900
2001-06-15,24.1463,24.1633,23.6534,24.0018,2225800
2001-06-18,24.2738,24.3503,23.7978,24.1293,1109100
2001-06-19,24.8857,24.8857,24.4778,24.4862,1538600
2001-06-20,25.4127,25.4467,24.7752,24.8857,2018200
2001-06-21,25.9396,25.9396,25.2087,25.4977,2032900
2001-06-22,25.6252,26.0076,25.4212,25.9396,762000
2001-06-25,25.3277,25.5911,25.1662,25.4127,1001900
2001-06-26,25.0982,25.3362,24.9367,25.1152,1192900
2001-06-27,25.4212,25.6676,24.9027,25.0047,1557600
2001-06-28,25.9056,25.9481,25.4212,25.4212,1319500
2001-06-29,26.1606,26.2286,25.4977,25.9056,2211000
2001-07-02,26.4241,26.4751,25.8801,26.1606,1057400
2001-07-03,26.3051,26.4326,26.0756,26.2626,643100
2001-07-05,26.2541,26.3816,26.0926,26.3051,868600
2001-07-06,25.6337,26.3136,25.6252,26.0926,994900
2001-07-09,25.7696,25.7951,25.4637,25.5401,787600
2001-07-10,25.2418,25.834,25.2161,25.7482,760800
2001-07-11,25.8769,25.8855,24.8899,25.1817,1424000
2001-07-12,25.8855,25.9713,25.4478,25.7482,1022400
2001-07-13,26.1773,26.349,25.8169,25.8254,780200
2001-07-16,25.9027,26.5292,25.8426,26.1773,619000
2001-07-17,26.3919,26.3919,25.6709,25.9112,564500
2001-07-18,26.7352,26.7352,26.0572,26.1773,892000
2001-07-19,26.7095,26.7781,26.2632,26.6065,754200
2001-07-20,26.5635,26.821,26.2975,26.6065,1168700
2001-07-23,26.6065,26.761,26.3061,26.3919,643900
2001-07-24,26.3919,26.821,26.3232,26.4777,910600
2001-07-25,26.6494,26.6494,26.0486,26.2632,967100
2001-07-26,26.8382,26.9069,26.3919,26.5635,612400
2001-07-27,27.0957,27.13,26.6494,26.6494,743400
2001-07-30,27.1643,27.2588,26.6236,26.6494,931600
2001-07-31,27.5677,27.7222,27.1643,27.1643,1465100
2001-08-01,27.9025,28.0655,27.3875,27.8939,1638300
2001-08-02,27.5162,27.9025,27.4047,27.8939,1121700
2001-08-03,27.6021,27.6793,27.2073,27.5506,1114600
2001-08-06,27.6793,27.8338,27.4647,27.542,886700
2001-08-07,27.6793,27.7823,27.4647,27.5677,736300
2001-08-08,27.5248,27.7222,27.4647,27.6021,617300
2001-08-09,27.5591,27.5763,27.3789,27.4647,739100
2001-08-10,27.336,27.5506,27.2073,27.5506,1668800
2001-08-13,27.4647,27.5506,27.233,27.3789,1927500
2001-08-14,27.4304,27.4991,27.2588,27.336,1221400
2001-08-15,27.4647,27.6364,27.4132,27.6021,785600
2001-08-16,27.4647,27.4819,27.2931,27.4647,1241800
2001-08-17,27.336,27.5077,27.233,27.4647,808600
2001-08-20,27.4647,27.4991,27.2502,27.336,681800
2001-08-21,27.4304,27.8081,27.3789,27.4647,966100
2001-08-22,27.6106,27.7222,27.1214,27.4304,1039900
2001-08-23,27.3531,27.6364,27.3188,27.4647,1067600
2001-08-24,27.3102,27.5077,27.2073,27.4647,966600
2001-08-27,26.9498,27.2931,26.6065,27.1214,1339400
2001-08-28,26.821,26.9927,26.7867,26.7953,972600
2001-08-29,26.2632,26.7781,26.2374,26.7352,907800
2001-08-30,26.3576,26.5979,26.0915,26.2632,1181900
2001-08-31,26.4949,26.6837,26.246,26.4777,996300
2001-09-04,26.4434,26.7352,26.1516,26.2803,780100
2001-09-05,26.4949,26.6065,26.0057,26.4434,1380100
2001-09-06,26.2718,26.5635,26.1344,26.4949,1954100
2001-09-07,25.7568,26.4434,25.6623,26.2632,1626800
2001-09-10,25.3362,25.8769,25.3105,25.319,2055000
2001-09-17,24.7269,25.319,23.6025,24.0316,2288400
2001-09-18,25.0873,25.1474,24.3749,24.6754,1213000
2001-09-19,24.7612,25.4049,24.2462,25.2161,1279600
2001-09-20,23.8857,24.7011,23.86,24.5466,1560300
2001-09-21,23.345,23.8943,22.3151,22.3151,2301500
2001-09-24,24.3406,24.6668,23.5167,23.5167,1032600
2001-09-25,24.5981,24.6754,23.9887,24.126,1070400
2001-09-26,24.4694,24.8899,24.3578,24.6754,754400
2001-09-27,25.2847,25.2847,24.5466,24.6582,862400
2001-09-28,25.7053,25.8254,25.2761,25.4993,1675800
2001-10-01,25.6194,25.8512,25.2161,25.4907,1389200
2001-10-02,25.7654,25.834,25.2847,25.6194,910500
2001-10-03,25.8512,26.0057,25.5679,25.7654,1039600
2001-10-04,25.4306,25.9198,25.3276,25.8512,1042200
2001-10-05,24.0574,25.5765,23.4308,25.4306,3119600
2001-10-08,23.1905,24.066,22.933,24.066,1603700
2001-10-09,23.1819,23.448,22.9674,23.1905,1234700
2001-10-10,23.4727,23.6722,22.9173,23.1776,922600
2001-10-11,23.6288,23.9499,23.3598,23.5334,1039400
2001-10-12,23.1255,23.6462,23.0127,23.6288,1074500
2001-10-15,23.2731,23.4119,22.6917,23.2557,1318200
2001-10-16,23.6375,24.1408,23.2817,23.2817,1748400
2001-10-17,23.2036,24.0801,23.1255,23.733,1083400
2001-10-18,23.2991,23.7764,23.1689,23.4293,1269500
2001-10-19,23.3425,23.5074,23.195,23.4293,710100
2001-10-22,23.464,23.5941,23.3425,23.3425,1446900
2001-10-23,23.3772,23.6201,23.3165,23.516,914300
2001-10-24,23.4293,24.1148,23.3251,23.6896,5426300
2001-10-25,23.6896,23.9933,23.1689,23.3425,1518100
2001-10-26,23.7764,24.3057,23.6028,23.6982,1331300
2001-10-29,23.5334,23.8979,23.4553,23.8197,1341900
2001-10-30,23.3512,23.6201,23.0908,23.5334,864800
2001-10-31,22.9086,23.6028,22.9086,23.6028,1027900
2001-11-01,23.6288,23.7069,23.1255,23.2123,1948600
2001-11-02,23.7069,23.8111,23.3512,23.5247,1041600
2001-11-05,24.1148,24.2883,23.785,23.8631,1313300
2001-11-06,24.3751,24.5573,24.002,24.1669,1478800
2001-11-07,24.4619,24.9218,24.3144,24.3144,2047600
2001-11-08,24.4966,24.9478,24.3577,24.9478,1592200
2001-11-09,24.4272,24.54,24.2536,24.297,660800
2001-11-12,24.2276,24.4706,23.6462,24.297,815000
2001-11-13,24.6354,24.6701,24.3838,24.6441,1116600
2001-11-14,24.54,24.8003,24.3925,24.6875,1126700
2001-11-15,24.5573,25.078,24.4532,24.4532,1327200
2001-11-16,24.3404,24.514,24.1669,24.3404,890500
2001-11-19,24.5834,24.8437,24.4272,24.5573,811600
2001-11-20,24.4706,24.6962,24.4445,24.5834,815300
2001-11-21,24.297,24.6007,24.2189,24.297,446800
2001-11-23,24.6007,24.6268,24.2102,24.2102,423800
2001-11-26,24.6094,24.7135,24.3838,24.3838,993000
2001-11-27,24.4879,24.8176,24.297,24.8176,953400
2001-11-28,24.297,24.6615,24.2536,24.6615,876300
2001-11-29,24.4532,24.5053,24.1408,24.297,582200
2001-11-30,24.297,24.4272,24.297,24.3404,765100
2001-12-03,24.2536,24.4358,23.9499,24.2102,1526400
2001-12-04,24.4706,24.4879,24.0801,24.2536,1151800
2001-12-05,24.809,24.9391,24.4185,24.4706,1328300
2001-12-06,24.7916,24.9478,24.6875,24.8176,764300
2001-12-07,24.835,24.835,24.5573,24.5747,635700
2001-12-10,24.7309,24.8871,24.6615,24.8176,799700
2001-12-11,24.7135,24.9391,24.6268,24.8611,862700
2001-12-12,24.5747,24.7309,24.4272,24.7309,1001500
2001-12-13,24.2883,24.5834,24.2102,24.5834,866100
2001-12-14,24.2797,24.3751,24.1234,24.2797,724500
2001-12-17,24.7916,24.8176,24.323,24.4706,1324000
2001-12-18,25.2515,25.347,24.7569,24.8611,1576500
2001-12-19,25.3817,25.5119,25.0433,25.2515,1044000
2001-12-20,25.3904,25.5466,25.2602,25.4251,868100
2001-12-21,25.3123,25.4598,25.2168,25.3991,1856900
2001-12-24,25.1474,25.2949,25.1214,25.1647,479300
2001-12-26,25.0606,25.2949,24.7309,25.1561,1072800
2001-12-27,25.1561,25.2429,24.9912,25.0693,367600
2001-12-28,25.3643,25.3643,25.0086,25.1647,906700
2001-12-31,25.373,25.4858,25.2515,25.3643,1300100
2002-01-02,25.2602,25.373,24.9044,25.373,1626500
2002-01-03,25.1995,25.3817,25.0433,25.1214,1333800
2002-01-04,25.4164,25.5119,25.2515,25.373,677800
2002-01-07,25.5292,25.5987,25.3036,25.3817,803000
2002-01-08,25.2863,25.4945,25.1387,25.3904,868900
2002-01-09,25.3296,25.4077,25.2168,25.2515,1316300
2002-01-10,25.4655,25.5181,25.1149,25.3165,743300
2002-01-11,25.1675,25.4743,25.0535,25.4655,704800
2002-01-14,25.0272,25.2288,24.9834,25.071,816100
2002-01-15,25.5532,25.597,25.1149,25.2376,1102700
2002-01-16,25.334,25.6759,25.0272,25.2551,1042700
2002-01-17,25.6321,25.6409,25.2551,25.334,733600
2002-01-18,25.5619,25.7723,25.2201,25.2201,1316600
2002-01-22,25.334,25.5882,25.185,25.4217,1287200
2002-01-23,25.5707,25.5795,25.1587,25.334,1584600
2002-01-24,25.4743,25.5619,25.3428,25.5619,1439500
2002-01-25,25.5882,25.6321,25.3428,25.4655,564200
2002-01-28,25.5094,25.6409,25.4305,25.4655,787700
2002-01-29,24.51,25.597,24.3259,25.5795,1742800
2002-01-30,24.3697,24.6941,23.7824,24.4136,2307100
2002-01-31,24.6503,24.7204,24.3697,24.5451,1255600
2002-02-01,24.5363,24.6766,24.3259,24.6503,1167200
2002-02-04,23.8526,24.5889,23.8438,24.5363,982400
2002-02-05,23.9051,24.1944,23.7123,23.8526,1365600
2002-02-06,23.4931,23.8701,23.0636,23.8438,1293200
2002-02-07,23.5545,24.1944,23.3616,23.4844,2111600
2002-02-08,23.9051,23.9753,23.5545,23.5545,966500
2002-02-11,24.0191,24.1243,23.6948,23.8438,1951200
2002-02-12,23.8964,24.0454,23.7824,23.8438,915500
2002-02-13,24.4048,24.4048,23.8876,23.9227,1215600
2002-02-14,24.4223,24.6327,24.0191,24.5801,855100
2002-02-15,24.1594,24.4487,24.0805,24.3259,983900
2002-02-19,23.6772,24.0191,23.5369,23.9753,718100
2002-02-20,23.984,24.0805,23.2827,23.686,554000
2002-02-21,23.6334,24.1506,23.6334,23.8438,837300
2002-02-22,23.8175,23.8789,23.4055,23.5808,824800
2002-02-25,24.247,24.2733,23.7561,23.7561,985700
2002-02-26,24.4574,24.5451,24.1068,24.247,1050100
2002-02-27,24.5801,24.9395,24.3522,24.5012,1435700
2002-02-28,25.0009,25.2464,24.5275,24.5451,2078900
2002-03-01,25.4392,25.4392,24.9395,24.9834,1556700
2002-03-04,26.0353,26.2106,25.6233,25.6409,1394300
2002-03-05,25.9827,26.2983,25.86,25.86,1034500
2002-03-06,26.3596,26.4824,25.8687,25.8687,1577000
2002-03-07,26.3947,26.7015,26.2895,26.3596,1197000
2002-03-08,26.4911,26.7191,26.2808,26.5613,1490800
2002-03-11,27.1223,27.1837,26.4824,26.6051,1707200
2002-03-12,27.2012,27.2801,26.5174,26.5174,1502100
2002-03-13,26.9382,27.1749,26.8243,27.0259,1210300
2002-03-14,26.684,26.9382,26.5174,26.9382,1491000
2002-03-15,27.0522,27.1486,26.6227,26.6928,2363700
2002-03-18,27.0522,27.0609,26.7278,26.9119,722800
2002-03-19,27.0873,27.1574,26.8418,26.9996,894800
2002-03-20,26.5963,26.9557,26.4736,26.9557,877600
2002-03-21,26.4035,26.4736,26.0528,26.3772,1078800
2002-03-22,26.5613,26.6402,26.2194,26.2545,933000
2002-03-25,26.2983,26.5525,26.2106,26.2106,1142500
2002-03-26,26.6928,26.7541,26.3158,26.3421,1344100
2002-03-27,27.1837,27.21,26.684,26.7278,1387300
2002-03-28,26.9645,27.3152,26.9557,27.0434,1056700
2002-04-01,26.6577,26.7191,26.2545,26.5788,797300
2002-04-02,26.6402,26.7366,26.4122,26.5613,773800
2002-04-03,26.3334,26.6577,26.123,26.5087,885700
2002-04-04,26.2106,26.4999,26.0002,26.3246,873800
2002-04-05,26.2457,26.5525,26.123,26.1405,970700
2002-04-08,26.3246,26.4648,26.0528,26.2457,1107500
2002-04-09,26.754,26.8602,26.2051,26.2051,828300
2002-04-10,26.9664,27.0904,26.6831,26.869,630100
2002-04-11,26.4795,26.993,26.4707,26.9664,971600
2002-04-12,26.9133,26.9576,26.4441,26.6477,779000
2002-04-15,26.5149,27.0019,26.4264,26.9576,986300
2002-04-16,26.7805,26.8248,26.5061,26.6035,1226900
2002-04-17,26.9222,26.993,26.4264,26.7362,924700
2002-04-18,27.0196,27.6127,26.692,27.5773,1180100
2002-04-19,27.5508,27.7101,27.0727,27.4002,1769500
2002-04-22,27.3029,27.657,27.2675,27.4445,1260500
2002-04-23,27.1966,27.4002,27.1347,27.4002,1446300
2002-04-24,27.3117,27.7278,27.0904,27.4002,1281300
2002-04-25,27.4002,27.5242,27.0019,27.3117,1343300
2002-04-26,27.3029,27.5861,27.2675,27.533,975900
2002-04-29,27.1612,27.3825,27.0284,27.3029,1356700
2002-04-30,27.6216,27.657,26.9576,27.0019,1477500
2002-05-01,28.0642,28.0642,27.3206,27.6393,1506200
2002-05-02,28.3298,28.3298,27.8429,27.8429,1528400
2002-05-03,28.2767,28.3652,27.9757,28.1528,991900
2002-05-06,27.8872,28.5334,27.8872,28.2767,1387200
2002-05-07,28.0465,28.4626,27.8517,28.02,1174300
2002-05-08,28.2767,28.5069,27.9757,28.2502,1314100
2002-05-09,28.135,28.3121,28.0288,28.0996,763500
2002-05-10,27.8075,28.3121,27.7544,28.2855,878800
2002-05-13,28.259,28.321,27.719,27.8164,894000
2002-05-14,28.7459,28.7725,28.3033,28.5069,1151100
2002-05-15,28.7017,28.8699,28.3741,28.3741,1493000
2002-05-16,29.2151,29.3833,28.8787,28.923,1942300
2002-05-17,29.4984,29.525,29.2594,29.3922,1507900
2002-05-20,29.0558,29.4453,28.9672,29.4364,755400
2002-05-21,29.3214,29.6578,29.0558,29.1797,1394500
2002-05-22,29.2063,29.4542,28.9584,29.2151,934600
2002-05-23,29.826,29.8791,29.2859,29.3479,1257800
2002-05-24,29.3656,29.8349,29.2151,29.6578,1144500
2002-05-28,29.0558,29.3745,28.8699,29.3568,804000
2002-05-29,29.2151,29.2594,29.0115,29.162,1301500
2002-05-30,29.0912,29.3037,28.7725,29.0381,1549100
2002-05-31,29.463,29.6578,29.1,29.1266,1132400
2002-06-03,28.7636,29.6578,28.7282,29.6578,1538400
2002-06-04,28.5334,28.861,28.3298,28.684,1031800
2002-06-05,29.0469,29.1266,28.5069,28.5954,1640500
2002-06-06,28.6485,29.0646,28.5334,29.0469,1300700
2002-06-07,28.8964,28.9672,28.2944,28.4272,1132600
2002-06-10,28.9761,29.1266,28.8167,28.861,777500
2002-06-11,28.7282,29.2151,28.6485,28.9761,890000
2002-06-12,28.9495,29.1266,28.5866,28.7282,871900
2002-06-13,28.1439,28.8699,28.0908,28.8079,850800
2002-06-14,28.3298,28.498,27.6127,27.9226,1198300
2002-06-17,29.2151,29.2151,28.3298,28.3298,911800
2002-06-18,29.3214,29.4188,28.923,29.2151,652400
2002-06-19,29.1532,29.3833,29.0646,29.2594,760400
2002-06-20,28.8699,29.3479,28.7548,29.0823,1169200
2002-06-21,28.7105,28.9495,28.3298,28.3298,1435000
2002-06-24,28.684,28.9761,28.1173,28.7105,1216100
2002-06-25,28.3918,29.1532,28.3918,28.7725,927400
2002-06-26,28.5512,28.6397,27.4445,28.2855,1960600
2002-06-27,28.9141,28.9141,28.5777,28.7725,1963300
2002-06-28,29.4364,29.4364,28.8699,28.9141,1735000
2002-07-01,29.0026,29.4099,28.9938,29.3479,1419900
2002-07-02,28.7459,29.1178,28.6397,28.9495,1471800
2002-07-03,28.3298,28.9053,27.8429,28.7459,1235400
2002-07-05,29.2594,29.2594,28.4184,28.4626,825400
2002-07-08,29.4896,29.6489,29.2594,29.2594,1368300
2002-07-09,29.0473,29.7532,28.9848,29.6013,1219800
2002-07-10,27.9126,29.3064,27.7964,29.0473,1659300
2002-07-11,27.7071,28.0645,27.2246,27.9126,1867000
2002-07-12,27.2961,27.7696,27.028,27.7071,1182200
2002-07-15,27.028,27.1174,25.9112,27.0727,1523100
2002-07-16,26.7957,27.1799,26.3668,27.0012,1416200
2002-07-17,26.6528,27.2335,26.4473,26.9566,1436900
2002-07-18,25.3751,26.8582,25.25,26.8582,1642700
2002-07-19,25.2321,25.5448,24.7943,24.973,1992300
2002-07-22,24.553,25.5091,24.2582,25.2321,1741400
2002-07-23,23.8025,24.83,23.052,24.6603,2227400
2002-07-24,25.0266,25.1606,22.8554,23.2307,2350700
2002-07-25,25.4466,25.5984,24.4548,24.6603,1976100
2002-07-26,25.8665,25.8665,25.1874,25.4912,1009200
2002-07-29,27.0548,27.2425,26.1792,26.3579,1480000
2002-07-30,26.9297,27.0816,26.2239,26.2239,1579700
2002-07-31,27.6088,27.6088,26.7153,27.1531,1897400
2002-08-01,27.028,27.6535,26.894,27.6088,1242700
2002-08-02,26.7332,27.2693,26.4562,26.8493,1050000
2002-08-05,25.6431,26.8046,25.518,26.5098,1116400
2002-08-06,26.4473,27.028,25.8665,25.8665,1051500
2002-08-07,27.1621,27.1621,26.4115,26.8046,1208100
2002-08-08,27.859,27.993,26.9923,27.028,1226800
2002-08-09,27.7875,27.8858,27.3139,27.6803,1408700
2002-08-12,27.8321,28.0019,27.1442,27.6535,814800
2002-08-13,27.1174,28.0019,27.1174,27.6088,1456700
2002-08-14,28.2878,28.2878,26.76,27.028,2284400
2002-08-15,28.4219,28.5469,28.0377,28.3236,1680500
2002-08-16,28.2521,28.404,28.1449,28.3057,1109300
2002-08-19,28.7971,28.8507,28.3682,28.3682,1845500
2002-08-20,28.1895,28.7257,28.0466,28.6989,1110700
2002-08-21,28.1806,28.5916,27.8858,28.2789,968700
2002-08-22,28.4308,28.4933,28.1538,28.2968,1021000
2002-08-23,27.7875,28.4308,27.6981,28.4308,824900
2002-08-26,27.8768,28.0287,27.5641,28.0109,1867300
2002-08-27,28.0555,28.1806,27.859,27.9215,1645200
2002-08-28,27.2782,28.0645,27.1174,28.0645,1537300
2002-08-29,27.4748,27.6981,26.9744,27.2335,1523500
2002-08-30,27.85,28.2074,27.4212,27.4748,1160400
2002-09-03,26.6259,27.439,26.5902,27.4301,1607500
2002-09-04,27.171,27.2871,26.5545,26.7153,1881000
2002-09-05,26.9655,27.2425,26.6885,26.8046,1458600
2002-09-06,27.171,27.582,27.0995,27.3497,1144400
2002-09-09,27.3854,27.6535,26.8851,27.1352,1133100
2002-09-10,26.9387,27.3407,26.5366,27.3407,1155600
2002-09-11,26.8493,27.3407,26.6974,27.3407,705400
2002-09-12,25.8575,26.6706,25.7771,26.6259,1189000
2002-09-13,26.4562,26.5277,25.6073,25.8575,1448000
2002-09-16,26.3668,26.3758,25.8933,26.3221,896300
2002-09-17,26.1703,26.8046,26.0541,26.8046,1448500
2002-09-18,25.7771,26.0988,25.5984,25.9469,1202700
2002-09-19,25.1249,25.8575,25.1249,25.5538,1744400
2002-09-20,25.2857,25.5091,24.9283,25.3751,2414300
2002-09-23,24.9641,25.2768,24.5888,24.8479,1443600
2002-09-24,24.4816,25.107,24.4816,24.6692,1442600
2002-09-25,25.2857,25.4644,24.5084,24.7496,1242000
2002-09-26,26.072,26.0898,25.1517,25.3751,1181000
2002-09-27,25.4019,26.34,25.3125,26.2239,1106100
2002-09-30,25.4912,25.8307,24.5263,25.4019,1694200
2002-10-01,26.6259,26.6438,25.2232,25.2232,1697800
2002-10-02,25.0445,26.6349,25.0445,26.6349,2183200
2002-10-03,24.008,24.839,23.5702,24.7764,2102500
2002-10-04,23.2664,24.2314,22.8554,24.0974,1976200
2002-10-07,22.0513,23.2307,21.9798,22.9984,2394900
2002-10-08,23.3826,23.6774,22.2657,22.2657,1714300
2002-10-09,22.1585,23.3915,22.1585,23.0073,2010600
2002-10-10,23.4183,23.6327,22.1138,22.1138,2016600
2002-10-11,24.3207,24.9909,23.8025,23.8114,1520400
2002-10-14,24.3118,24.7764,23.731,23.9902,1009500
2002-10-15,25.7057,25.7503,24.9283,25.1517,1662000
2002-10-16,25.3572,25.9826,24.8836,25.7057,1626000
2002-10-17,25.1964,26.2507,24.9998,26.2507,2262700
2002-10-18,25.1964,25.4555,24.7228,25.1874,1803600
2002-10-21,25.384,25.4555,24.7496,25.1696,1640200
2002-10-22,25.116,25.3304,24.83,25.0177,881300
2002-10-23,25.1249,25.2679,24.4637,24.8836,1156100
2002-10-24,24.3565,25.3215,24.2135,25.2857,1875500
2002-10-25,24.9909,25.116,23.874,24.3475,1786000
2002-10-28,24.8479,25.3751,24.6781,25.1964,1204700
2002-10-29,24.2493,24.9105,23.9902,24.9105,1627800
2002-10-30,24.4548,24.5888,24.2135,24.3207,1535100
2002-10-31,24.2403,24.7317,24.2046,24.6781,1431800
2002-11-01,25.0623,25.3304,24.017,24.2493,1579400
2002-11-04,24.8568,25.5806,24.7586,25.1964,1376500
2002-11-05,24.9194,25.1249,24.7228,24.8568,895800
2002-11-06,24.1063,24.8926,23.9365,24.8568,2044000
2002-11-07,23.0966,24.2135,22.9805,24.1152,1770700
2002-11-08,22.8286,23.5166,22.6052,23.2307,1462100
2002-11-11,22.8107,22.9984,22.7125,22.7393,1150200
2002-11-12,23.5166,23.8383,23.0163,23.0966,1785100
2002-11-13,23.5255,23.8919,23.1682,23.5166,1446600
2002-11-14,24.3833,24.3833,23.9455,24.2135,1350900
2002-11-15,24.4816,24.4816,23.8561,24.3922,1458300
2002-11-18,24.0616,24.9462,24.0527,24.9462,1556600
2002-11-19,23.8472,24.1957,23.7579,23.9902,1275100
2002-11-20,24.4458,24.4816,23.8561,23.8561,1803700
2002-11-21,24.9998,25.1606,24.3833,24.4369,1637300
2002-11-22,25.107,25.2679,24.7943,25.0087,1824800
2002-11-25,25.0623,25.2232,24.7496,25.0177,1737600
2002-11-26,24.428,25.0713,24.3922,25.0713,951700
2002-11-27,25.0713,25.1964,24.4816,24.4905,906400
2002-11-29,24.839,25.107,24.705,25.0177,683400
2002-12-02,25.0445,25.2053,24.839,25.116,1743900
2002-12-03,24.6245,25.0177,24.4905,25.0177,1340600
2002-12-04,24.6245,24.9819,24.2671,24.6335,1122200
2002-12-05,24.428,24.7496,24.3029,24.6692,1341700
2002-12-06,24.7675,24.973,24.1689,24.3475,1148400
2002-12-09,24.142,24.6781,24.1242,24.4458,1461100
2002-12-10,24.5352,24.562,24.151,24.1599,1101100
2002-12-11,24.4994,24.6513,24.2939,24.3475,1109500
2002-12-12,24.1152,24.5084,24.1063,24.5084,1122600
2002-12-13,23.9455,24.3029,23.9097,24.0795,1135800
2002-12-16,24.4816,24.7496,24.1242,24.1242,1525400
2002-12-17,24.4012,24.83,24.3565,24.4726,1106300
2002-12-18,24.1867,24.428,24.0795,24.3475,961100
2002-12-19,24.1957,24.6156,24.0706,24.1242,1115700
2002-12-20,24.7854,24.7854,24.3386,24.5263,1858400
2002-12-23,24.4994,24.7764,24.3565,24.7764,1095200
2002-12-24,24.5977,24.6692,24.3029,24.5709,602900
2002-12-26,24.5263,25.107,24.4905,24.6335,913500
2002-12-27,24.1689,24.6603,24.0795,24.3922,717600
2002-12-30,24.4458,24.5173,24.1152,24.1689,946900
2002-12-31,24.4101,24.6781,24.1063,24.553,1052800
2003-01-02,25.3036,25.3036,24.4369,24.4816,1240800
2003-01-03,25.2679,25.3929,24.839,24.839,1170000
2003-01-06,26.0809,26.1792,25.25,25.25,1285300
2003-01-07,25.8665,26.3132,25.8129,25.9558,1330800
2003-01-08,25.6878,25.9469,25.5538,25.9112,1193600
2003-01-09,26.1792,26.3132,25.4287,25.4376,1700900
2003-01-10,25.8665,26.0541,25.6163,26.0452,1564500
2003-01-13,25.9022,26.1792,25.7771,25.929,1023800
2003-01-14,26.1792,26.1792,25.8129,26.0005,939700
2003-01-15,25.7593,26.2507,25.5091,26.1971,1185600
2003-01-16,25.1696,25.9558,25.1249,25.795,2274300
2003-01-17,25.1606,25.4734,24.9194,24.9283,1223200
2003-01-21,24.6871,25.4287,24.6871,25.4287,1669000
2003-01-22,24.8032,25.107,24.5799,24.696,1730600
2003-01-23,25.0623,25.1785,24.8747,25.0623,1566500
2003-01-24,24.5084,25.0087,24.4816,24.839,1250000
2003-01-27,24.285,24.7943,24.1867,24.5084,1277600
2003-01-28,24.3654,24.4637,24.1242,24.4012,1244800
2003-01-29,24.3386,24.4816,23.9455,24.1689,2654800
2003-01-30,24.0438,24.696,24.0259,24.4369,1661900
2003-01-31,24.839,25.0445,24.0348,24.0527,2623000
2003-02-03,25.0177,25.1874,24.8032,25.107,1984000
2003-02-04,24.4101,24.8211,24.2582,24.8211,1603300
2003-02-05,24.3565,25.0445,24.2403,24.4905,1596200
2003-02-06,24.285,24.5709,24.1331,24.3029,1089100
2003-02-07,24.0706,24.6513,24.0706,24.5263,1387000
2003-02-10,24.5888,24.6245,24.0527,24.2224,1243100
2003-02-11,24.1331,24.7586,24.0259,24.6245,1099500
2003-02-12,23.9008,24.3743,23.9008,24.142,767600
2003-02-13,24.1331,24.2135,23.7042,23.8561,1057700
2003-02-14,24.4726,24.4726,23.731,24.151,1207800
2003-02-18,24.8121,24.8836,24.562,24.6871,1078400
2003-02-19,24.696,24.8121,24.5441,24.8121,998700
2003-02-20,24.419,24.7943,24.3475,24.705,1266900
2003-02-21,24.7586,24.973,24.3029,24.553,1009600
2003-02-24,24.285,24.705,24.1242,24.696,1111400
2003-02-25,24.4994,24.562,23.8919,24.0884,1709300
2003-02-26,24.2403,24.4994,24.1331,24.4994,1210100
2003-02-27,24.7496,24.9015,24.285,24.3475,1289600
2003-02-28,24.6781,25.0713,24.5709,24.7139,1241500
2003-03-03,24.5888,25.1249,24.4726,24.8836,901400
2003-03-04,24.2671,24.7139,24.2671,24.7139,1279100
2003-03-05,24.8658,24.8658,24.2671,24.2671,1357000
2003-03-06,24.4905,24.8658,24.4816,24.8658,1422200
2003-03-07,25.1428,25.1517,24.4369,24.4905,1902100
2003-03-10,24.3922,25.1428,24.3922,25.1338,1477200
2003-03-11,24.2582,24.6871,24.1957,24.5263,1958600
2003-03-12,24.0884,24.2939,23.7489,24.1957,2385500
2003-03-13,24.5799,24.6603,24.1063,24.3922,2251800
2003-03-14,24.5263,24.7854,24.4369,24.6424,1442100
2003-03-17,25.1964,25.1964,24.4458,24.5263,2057200
2003-03-18,24.9819,25.2321,24.6603,25.1964,1934200
2003-03-19,25.5627,25.6163,24.9283,24.9819,1850400
2003-03-20,25.518,25.7146,25.0177,25.4644,1602300
2003-03-21,26.0184,26.0809,25.3751,25.8218,1499000
2003-03-24,24.9909,25.6878,24.9373,25.6431,1781400
2003-03-25,25.3125,25.384,24.7943,25.0623,1414900
2003-03-26,25.0981,25.4197,25.0177,25.3125,1833700
2003-03-27,25.0445,25.3036,24.8926,25.107,1751100
2003-03-28,25.0266,25.2589,24.8747,25.0534,1256200
2003-03-31,24.8836,25.0802,24.2761,24.2761,1640400
2003-04-01,25.3929,25.5538,24.7675,24.8836,1385000
2003-04-02,25.8575,25.929,25.6878,25.7503,1121300
2003-04-03,25.7771,26.0363,25.6431,26.0363,1351300
2003-04-04,26.0005,26.0898,25.7325,25.9558,1326100
2003-04-07,25.9826,26.6438,25.929,26.34,1718800
2003-04-08,26.072,26.1614,25.8754,25.9826,1212600
2003-04-09,25.661,26.2239,25.5984,25.938,1870900
2003-04-10,26.0184,26.0273,25.661,25.661,2442700
2003-04-11,26.0452,26.3311,25.9201,26.1345,1685000
2003-04-14,26.2864,26.2864,25.8933,26.0898,1696800
2003-04-15,26.2775,26.4294,26.0541,26.2864,1686200
2003-04-16,26.2417,26.751,26.1256,26.4473,1536100
2003-04-17,26.5634,26.6081,25.9826,26.0005,1911900
2003-04-21,26.617,26.8046,26.4473,26.5813,1934200
2003-04-22,27.0369,27.1621,26.5366,26.7064,2882900
2003-04-23,27.1084,27.2961,26.8046,27.0816,2652400
2003-04-24,26.7332,27.1084,26.4026,27.1084,3454200
2003-04-25,26.6706,26.9833,26.6438,26.8046,1464100
2003-04-28,26.9476,27.0548,26.751,26.894,4072500
2003-04-29,26.8046,26.9923,26.6617,26.9833,2800300
2003-04-30,26.7689,27.0191,26.6349,26.8046,4708700
2003-05-01,26.9387,27.0995,26.5455,26.7689,2158400
2003-05-02,27.5909,27.5909,26.8225,26.9387,1784200
2003-05-05,27.3854,27.6445,27.2782,27.5909,1281800
2003-05-06,27.6624,28.0287,27.2961,27.2961,2171600
2003-05-07,27.7428,27.9483,27.4301,27.6624,1571500
2003-05-08,27.5194,27.7517,27.4212,27.6535,1590600
2003-05-09,27.7517,27.7785,27.4301,27.5194,1209800
2003-05-12,28.127,28.2253,27.5552,27.6713,1339600
2003-05-13,28.0734,28.27,27.9662,28.127,1767100
2003-05-14,28.0287,28.2164,27.8143,28.1806,996900
2003-05-15,28.4308,28.4665,28.0734,28.1449,1602400
2003-05-16,28.3146,28.5112,28.1181,28.4308,1090300
2003-05-19,27.8858,28.3146,27.7607,28.3146,1382600
2003-05-20,27.9841,28.1717,27.7339,27.8858,2029500
2003-05-21,28.1181,28.2521,27.8143,27.8768,1696100
2003-05-22,28.404,28.5023,28.0109,28.136,1940200
2003-05-23,28.7257,28.815,28.1806,28.1806,1293300
2003-05-27,29.36,29.6638,28.5112,28.7257,2496800
2003-05-28,29.4851,29.5477,29.1009,29.2617,1736400
2003-05-29,29.5119,29.9587,29.4226,29.4851,2500000
2003-05-30,30.2178,30.2178,29.5566,29.6013,2541000
2003-06-02,30.4144,30.6824,30.1999,30.334,2410500
2003-06-03,30.4679,30.6019,30.1999,30.3786,1300900
2003-06-04,30.7717,30.879,30.3607,30.4233,1733000
2003-06-05,30.8968,30.9415,30.5037,30.7717,1108000
2003-06-06,30.736,31.2453,30.6556,31.0219,1692400
2003-06-09,30.2088,30.5841,30.0659,30.5126,1733800
2003-06-10,30.4501,30.4501,30.2088,30.2893,1044100
2003-06-11,30.8879,30.9594,30.1999,30.3429,1905400
2003-06-12,30.6467,31.004,30.3786,30.87,1190500
2003-06-13,30.5573,30.6913,30.1999,30.6467,1220800
2003-06-16,30.6198,30.9147,30.4679,30.5573,2209000
2003-06-17,30.2893,30.6198,30.1999,30.6198,2322600
2003-06-18,29.7532,30.2893,29.6191,30.2893,2253100
2003-06-19,29.2975,29.7532,29.1724,29.7532,1763200
2003-06-20,29.5834,29.9765,29.3154,29.3958,2646200
2003-06-23,29.1098,29.5745,29.0026,29.4851,891800
2003-06-24,29.0294,29.1992,28.8686,28.9937,1232500
2003-06-25,28.5737,29.1277,28.5737,29.0205,2113400
2003-06-26,29.0652,29.1277,28.4576,28.5916,1361000
2003-06-27,29.1545,29.6191,29.092,29.4851,2266000
2003-06-30,29.226,29.6638,29.1814,29.4851,3087700
2003-07-01,29.7621,29.78,28.8596,29.226,1738300
2003-07-02,29.9765,30.0569,29.6817,29.7353,1467500
2003-07-03,29.5923,29.9944,29.5655,29.6191,821700
2003-07-07,30.1999,30.325,29.6638,29.7085,1618400
2003-07-08,30.3786,30.3786,30.0837,30.1552,933900
2003-07-09,30.0359,30.4147,29.6751,30.3696,1301400
2003-07-10,29.7382,30.0178,29.5037,29.8104,878700
2003-07-11,30.0088,30.2073,29.7382,29.7382,935500
2003-07-14,30.7575,31.1724,30.4508,30.5319,1799000
2003-07-15,30.1261,30.9469,29.8825,30.9378,2187000
2003-07-16,30.2974,30.7575,29.8555,30.6672,3359700
2003-07-17,30.0088,30.2794,29.6841,30.2614,1676000
2003-07-18,30.568,30.6041,30.2523,30.3516,1467900
2003-07-21,30.3065,30.6131,30.1982,30.568,1169900
2003-07-22,30.3967,30.6041,30.1261,30.3155,1273900
2003-07-23,30.4147,30.4869,29.9547,30.2433,919200
2003-07-24,30.2073,30.6672,30.1982,30.541,1150800
2003-07-25,30.7935,30.8476,30.0629,30.1712,1247900
2003-07-28,30.5139,30.8657,30.3876,30.4327,1219800
2003-07-29,30.3786,30.6672,30.0809,30.6131,1666500
2003-07-30,30.1621,30.4869,30.099,30.4057,1763400
2003-07-31,29.7202,30.2163,29.6751,30.1712,2397100
2003-08-01,29.1068,29.5849,28.8822,29.5849,2558900
2003-08-04,29.0437,29.206,28.5115,29.1068,2328400
2003-08-05,28.4574,28.9715,28.4123,28.8272,1769100
2003-08-06,28.9715,29.197,28.3492,28.5927,1775200
2003-08-07,29.0256,29.1158,28.5927,28.9084,1414400
2003-08-08,29.0978,29.2151,28.8633,29.0437,1543400
2003-08-11,29.0978,29.3864,28.8452,29.206,1263300
2003-08-12,29.3594,29.4045,28.9715,29.0888,1127100
2003-08-13,29.0707,29.3864,28.9535,29.3594,1560500
2003-08-14,29.3864,29.4045,29.0166,29.206,1213600
2003-08-15,29.2601,29.2962,28.8633,29.1339,905300
2003-08-18,29.3864,29.5849,29.188,29.5849,872300
2003-08-19,29.3143,29.5217,28.9896,29.5217,849000
2003-08-20,29.2692,29.4947,29.1519,29.3143,1129500
2003-08-21,29.1248,29.4947,29.0888,29.4225,1177300
2003-08-22,28.5476,29.2782,28.4303,29.2421,1421700
2003-08-25,28.6107,28.6197,28.268,28.5476,1209700
2003-08-26,28.6017,28.6468,28.1146,28.4664,985800
2003-08-27,28.4484,28.6468,28.4213,28.4574,655000
2003-08-28,28.4845,28.5296,28.2319,28.4484,1251200
2003-08-29,28.5746,28.6468,28.3221,28.4303,1253100
2003-09-02,28.9896,29.0347,28.5386,28.6829,1250800
2003-09-03,29.0437,29.2421,28.7911,28.9174,1444700
2003-09-04,28.9354,29.1339,28.7821,28.9715,1158800
2003-09-05,28.8813,28.9535,28.6919,28.9354,1265100
2003-09-08,28.9084,29.0347,28.8182,28.8813,1380800
2003-09-09,28.6919,28.8452,28.6197,28.7551,844400
2003-09-10,27.3299,28.7009,26.6715,28.7009,5756900
2003-09-11,27.0233,27.5103,27.0052,27.3029,2219900
2003-09-12,27.4472,27.5915,26.933,26.9691,2104800
2003-09-15,27.3299,27.6005,26.9511,27.4472,3103900
2003-09-16,27.5644,27.5644,27.2127,27.2397,2543700
2003-09-17,27.5644,27.6366,27.4472,27.5103,2279500
2003-09-18,27.7809,27.8801,27.6817,27.6907,2593000
2003-09-19,27.7809,27.844,27.5103,27.826,1880700
2003-09-22,27.5013,27.5644,27.1225,27.5554,2007100
2003-09-23,27.384,27.5554,27.3029,27.5013,1465200
2003-09-24,26.915,27.3931,26.915,27.3119,2436000
2003-09-25,26.5993,27.1315,26.5993,27.1315,2560800
2003-09-26,26.5452,26.7256,26.3017,26.5723,2454900
2003-09-29,26.5903,26.6535,26.3919,26.6535,2740500
2003-09-30,26.5723,27.0774,26.1844,26.455,3064200
2003-10-01,27.7088,27.799,26.5723,26.5723,3552300
2003-10-02,27.1315,27.7358,27.0593,27.7358,2618200
2003-10-03,27.1044,27.4382,27.0503,27.1495,2771700
2003-10-06,27.5194,27.5554,27.1495,27.3029,2320100
2003-10-07,27.8801,27.9072,27.2307,27.3299,2382700
2003-10-08,27.4291,27.8531,27.2487,27.6005,1957500
2003-10-09,27.5735,27.8801,27.4291,27.4291,1584400
2003-10-10,27.799,27.9072,27.6005,27.8531,1915200
2003-10-13,28.286,28.4574,27.8711,27.9343,2065100
2003-10-14,28.6649,28.6649,28.0515,28.295,2233300
2003-10-15,28.1146,28.6919,28.0154,28.6649,1860100
2003-10-16,28.4935,28.7388,28.1417,28.1417,2430700
2003-10-17,28.4484,28.8452,28.4213,28.8182,2281100
2003-10-20,28.5746,28.719,28.4303,28.5746,1434100
2003-10-21,28.4935,28.6378,28.4574,28.6197,2109100
2003-10-22,28.1688,28.4123,28.0515,28.3221,1344800
2003-10-23,28.3311,28.4123,28.0515,28.0515,1221000
2003-10-24,28.286,28.3311,27.9613,28.3311,1389100
2003-10-27,28.9986,29.2241,28.286,28.286,2946700
2003-10-28,29.3233,29.3594,28.9715,28.9986,2266200
2003-10-29,29.4856,29.4947,29.1609,29.3143,2309000
2003-10-30,29.3955,29.63,29.2421,29.5849,1641300
2003-10-31,29.4315,29.5849,29.3594,29.3955,1233400
2003-11-03,29.9186,29.9727,29.4586,29.4586,1792295
2003-11-04,29.8374,29.9457,29.639,29.9186,1593724
2003-11-05,29.8013,29.8013,29.4496,29.6751,1746800
2003-11-06,29.648,29.7833,29.2692,29.7111,1644100
2003-11-07,29.2692,29.7202,29.2241,29.7202,1919400
2003-11-10,29.4045,29.5217,29.2692,29.2692,1495800
2003-11-11,29.4947,29.5127,29.3143,29.3233,1334300
2003-11-12,29.4586,29.5849,29.3143,29.5849,1336700
2003-11-13,29.5037,29.5488,29.3143,29.4676,1075700
2003-11-14,29.3323,29.5758,29.3143,29.4766,941800
2003-11-17,29.4676,29.5758,28.9986,29.3503,1527600
2003-11-18,29.3053,29.5668,29.206,29.5488,1305200
2003-11-19,29.3864,29.4676,29.0798,29.4045,1301300
2003-11-20,28.9986,29.3233,28.9625,29.2962,1954900
2003-11-21,28.9896,29.1248,28.8723,29.0256,1130500
2003-11-24,29.5488,29.6119,29.2331,29.3143,1371200
2003-11-25,29.8464,29.9366,29.4315,29.4586,1420200
2003-11-26,30.2253,30.2614,29.9096,29.9457,1847100
2003-11-28,30.2614,30.2974,30.1531,30.1712,525600
2003-12-01,30.4688,30.559,30.2614,30.3425,1547700
2003-12-02,30.6492,30.7575,30.4417,30.4417,2285400
2003-12-03,30.6672,30.8566,30.5951,30.8476,1740700
2003-12-04,30.7845,30.8927,30.5049,30.577,1436500
2003-12-05,30.6853,31.0641,30.5951,31.001,1593800
2003-12-08,30.9378,30.9919,30.6943,30.7394,1156800
2003-12-09,30.1712,30.9919,29.9817,30.9919,3197500
2003-12-10,29.6931,30.09,29.3955,30.0809,2528900
2003-12-11,30.1802,30.2523,29.7382,29.7382,1222200
2003-12-12,30.4417,30.4959,30.0809,30.108,1134400
2003-12-15,29.4856,30.577,29.4496,30.5319,2197800
2003-12-16,30.0449,30.1351,29.4947,29.4947,1399300
2003-12-17,30.0809,30.099,29.7382,30.0359,1119400
2003-12-18,30.2794,30.2974,29.9547,30.09,990200
2003-12-19,30.1621,30.2794,29.9637,30.2794,1547100
2003-12-22,30.108,30.3516,29.9276,30.3065,1244900
2003-12-23,30.0809,30.2073,29.8555,30.0809,1083000
2003-12-24,30.117,30.2163,29.9817,30.0178,496200
2003-12-26,30.1441,30.3786,30.0719,30.117,559600
2003-12-29,30.541,30.5861,30.2433,30.2614,1363700
2003-12-30,30.4959,30.5861,30.3606,30.541,1343500
2003-12-31,30.6221,30.7033,30.4778,30.5319,1344600
2004-01-02,30.2073,30.8476,30.108,30.7575,1844600
2004-01-05,30.1261,30.6221,29.9998,30.3245,2620100
2004-01-06,29.9637,30.1802,29.9276,30.0539,1856900
2004-01-07,29.8464,29.9547,29.7382,29.9547,2739000
2004-01-08,29.8556,29.9466,29.5914,29.8464,1942300
2004-01-09,29.9649,30.2108,29.6916,29.6916,1652000
2004-01-12,29.8829,30.0559,29.7554,29.8282,1622000
2004-01-13,29.473,29.9831,29.2727,29.892,1793400
2004-01-14,29.7736,29.9739,29.5641,29.6188,1610400
2004-01-15,30.6206,31.0487,29.8738,30.8301,4530200
2004-01-16,30.7572,30.8483,30.5022,30.7845,2097300
2004-01-20,31.2946,31.413,30.9212,30.9212,2600700
2004-01-21,31.7136,31.7409,31.2308,31.2946,1986600
2004-01-22,31.6589,31.8319,31.6043,31.8046,1456300
2004-01-23,31.3584,31.8411,31.2218,31.6498,1800600
2004-01-26,31.8319,31.8411,31.3584,31.3584,1980800
2004-01-27,31.8684,32.0597,31.6954,31.6954,2281000
2004-01-28,31.2946,32.1507,31.2491,31.8775,1910700
2004-01-29,31.3037,31.5678,30.994,31.3766,2042300
2004-01-30,31.4403,31.5861,31.2035,31.3128,1590000
2004-02-02,31.6589,31.8684,31.4403,31.5587,1876600
2004-02-03,31.6225,31.7773,31.4768,31.668,1036100
2004-02-04,31.5223,31.8593,31.4312,31.8593,1729500
2004-02-05,31.2764,31.6316,31.1671,31.6043,1610700
2004-02-06,31.8775,31.8775,31.2582,31.2764,1489100
2004-02-09,31.7682,31.9686,31.7318,31.7864,1175600
2004-02-10,31.7773,31.9959,31.6862,31.7682,1144400
2004-02-11,32.3329,32.3329,31.6407,31.6589,1149600
2004-02-12,32.2509,32.4604,32.1234,32.1689,999900
2004-02-13,32.2327,32.4878,32.1052,32.2236,902900
2004-02-17,31.4768,32.1143,31.4039,32.1052,3521900
2004-02-18,31.668,31.8775,31.495,31.5587,1674700
2004-02-19,31.6954,31.9321,31.6589,31.7773,1512900
2004-02-20,31.6954,31.8411,31.5587,31.7318,1291200
2004-02-23,31.7227,31.8593,31.6134,31.8319,1367500
2004-02-24,31.8866,31.9595,31.6589,31.7227,1844500
2004-02-25,31.9504,32.0779,31.5587,31.9412,1229500
2004-02-26,32.0141,32.0597,31.6862,31.9595,1162400
2004-02-27,32.515,32.8429,32.0159,32.0688,2542200
2004-03-01,32.761,32.9431,32.515,32.515,1369200
2004-03-02,32.6517,32.9158,32.5788,32.7519,1766400
2004-03-03,32.8794,32.8885,32.4878,32.6517,1687500
2004-03-04,32.9067,32.9523,32.761,32.8338,1352000
2004-03-05,33.5989,33.6626,32.7792,32.8338,2579100
2004-03-08,33.5716,33.7901,33.5351,33.608,1546000
2004-03-09,33.3074,33.4896,33.2164,33.4714,1426900
2004-03-10,32.9704,33.4896,32.9158,33.3621,1243100
2004-03-11,32.1507,32.9704,32.0597,32.8338,2587200
2004-03-12,32.6972,32.6972,31.9777,32.1963,1528200
2004-03-15,32.3784,32.679,32.2873,32.679,1340100
2004-03-16,32.7428,32.8521,32.515,32.7428,1235700
2004-03-17,33.2072,33.4076,32.8612,32.8794,1472700
2004-03-18,33.0888,33.2072,32.679,33.1253,1021000
2004-03-19,32.5059,32.9978,32.4695,32.9978,1837800
2004-03-22,32.0415,32.515,31.7864,32.3329,1346700
2004-03-23,32.005,32.2509,31.9504,32.1052,1258000
2004-03-24,31.7136,32.1507,31.7136,32.0688,1906300
2004-03-25,32.1416,32.2691,31.6954,31.9412,1405400
2004-03-26,32.0415,32.2327,31.8957,32.1507,1251900
2004-03-29,32.424,32.4695,31.9504,32.1143,1012300
2004-03-30,32.3784,32.4695,32.1416,32.4695,760600
2004-03-31,32.4058,32.515,32.087,32.4878,874600
2004-04-01,32.761,32.7883,32.4422,32.515,1279800
2004-04-02,31.8229,32.7701,31.7045,32.7701,3058300
2004-04-05,31.6589,31.923,31.4312,31.8319,2266100
2004-04-06,32.0323,32.8794,31.6043,31.6771,1364700
2004-04-07,31.8117,32.1886,31.6555,32.1702,1894600
2004-04-08,31.49,31.8945,31.3889,31.8577,1495700
2004-04-12,31.4165,31.7474,31.3522,31.7198,1340300
2004-04-13,30.8283,31.3522,30.8007,31.343,1883800
2004-04-14,30.4238,30.911,30.2308,30.6904,2046900
2004-04-15,30.7915,31.2786,29.9642,31.2511,3959800
2004-04-16,31.3522,31.3981,30.9937,31.0672,2743200
2004-04-19,31.4165,31.4533,31.0672,31.3522,1699400
2004-04-20,31.775,32.3632,31.4716,31.4992,4370500
2004-04-21,31.6187,32.1702,31.5268,31.775,2364000
2004-04-22,32.354,32.4552,31.536,31.6279,1838800
2004-04-23,32.2989,32.354,31.9864,32.354,1921900
2004-04-26,32.1702,32.3724,32.0599,32.2989,1809100
2004-04-27,32.1242,32.2621,32.0323,32.2162,1565400
2004-04-28,31.729,32.2437,31.7198,32.1702,2307400
2004-04-29,31.729,31.9864,31.4625,31.7382,1814600
2004-04-30,31.8669,32.0415,31.7382,31.9588,1288300
2004-05-03,32.1702,32.2162,31.8209,32.0783,1931100
2004-05-04,32.0599,32.354,31.9956,32.1702,1832600
2004-05-05,32.5195,32.5471,32.2805,32.354,2036300
2004-05-06,32.3081,32.5287,32.1426,32.5287,1496600
2004-05-07,31.6095,32.1794,31.5176,32.1702,2086300
2004-05-10,31.3062,31.6555,30.9478,31.6095,2066900
2004-05-11,31.5452,31.5452,31.2327,31.3522,1183400
2004-05-12,31.9588,31.9588,31.2143,31.6003,1394300
2004-05-13,31.6463,32.1518,31.5268,31.8945,1791300
2004-05-14,32.0415,32.0967,31.6555,31.6739,1417100
2004-05-17,31.8209,31.9956,31.5728,31.8301,1120500
2004-05-18,32.0048,32.1242,31.775,31.8761,1139800
2004-05-19,32.0783,32.4,31.9864,32.1702,1198100
2004-05-20,31.8485,31.9864,31.343,31.7014,2118000
2004-05-21,31.6555,31.9864,31.5544,31.9864,2254800
2004-05-24,31.7474,31.8945,31.4257,31.8945,1686000
2004-05-25,31.8577,31.8669,31.3154,31.7566,1549500
2004-05-26,32.1151,32.161,31.729,31.8669,1692500
2004-05-27,32.3448,32.9974,32.2437,32.5746,3412700
2004-05-28,32.6206,32.6298,32.2529,32.4,2491600
2004-06-01,32.2621,32.5654,32.0783,32.4919,2064000
2004-06-02,32.1886,32.3173,32.0232,32.3081,1646000
2004-06-03,31.8761,32.1978,31.8761,32.1886,1436000
2004-06-04,31.7382,32.1702,31.7014,32.0599,2207000
2004-06-07,32.1702,32.1702,31.9221,31.9864,1779300
2004-06-08,32.2713,32.2805,32.0783,32.0875,1880900
2004-06-09,31.9312,32.2713,31.9037,32.2713,1776400
2004-06-10,32.0599,32.1794,31.8485,31.8945,2063000
2004-06-14,31.8025,32.1335,31.7566,32.0691,2805300
2004-06-15,31.8209,32.1242,30.9478,32.0323,2566000
2004-06-16,31.9496,32.1059,31.8209,31.8209,1693300
2004-06-17,31.968,32.0967,31.8853,31.9496,2231700
2004-06-18,32.2346,32.4184,31.9404,32.0599,3692200
2004-06-21,32.5563,32.9515,32.354,32.354,2604500
2004-06-22,32.7217,32.7493,32.3265,32.4,2235300
2004-06-23,32.6665,32.8228,32.5011,32.8136,2016900
2004-06-24,32.3816,32.8136,32.354,32.6758,1738700
2004-06-25,31.8025,32.4552,31.8025,32.3173,3380900
2004-06-28,31.9221,32.2437,31.9129,32.0323,2521800
2004-06-29,31.8945,32.0783,31.6095,31.9312,2495200
2004-06-30,32.1794,32.3357,30.9386,31.9864,9809800
2004-07-01,31.9404,32.1151,31.8853,32.0967,2579800
2004-07-02,32.1702,32.2989,31.9404,31.9404,1464800
2004-07-06,32.2529,32.3081,31.968,32.1702,1756700
2004-07-07,32.2989,32.5011,32.2346,32.2529,1990700
2004-07-08,32.2153,32.4939,32.1689,32.336,2033600
2004-07-09,32.3546,32.4289,32.2339,32.2339,1446200
2004-07-12,32.3917,32.466,32.2525,32.2525,1053700
2004-07-13,32.2803,32.3082,32.1132,32.2153,2232500
2004-07-14,32.0946,32.336,31.9832,32.1689,1315800
2004-07-15,31.9368,32.2153,31.8904,32.2061,1366100
2004-07-16,32.3732,32.5681,32.2618,32.5681,2405100
2004-07-19,32.2896,32.531,32.2618,32.4939,1306000
2004-07-20,33.2644,33.3016,32.3917,32.401,3793100
2004-07-21,33.2459,33.6172,33.2459,33.3294,2572900
2004-07-22,33.3108,33.4965,32.9116,33.1902,2023000
2004-07-23,33.2366,33.4222,32.9581,32.9581,2096200
2004-07-26,33.6544,33.8307,33.2366,33.283,3228400
2004-07-27,33.6358,33.6915,33.3387,33.3758,2539300
2004-07-28,33.5337,33.8215,33.2273,33.6358,2292400
2004-07-29,33.9886,34.0536,33.6544,33.7193,2012700
2004-07-30,33.8865,34.165,33.8307,33.8957,2144200
2004-08-02,34.2114,34.2393,33.5801,33.9607,1760700
2004-08-03,33.7101,34.0907,33.6822,33.9793,1286500
2004-08-04,33.97,34.165,33.5151,33.5615,1378400
2004-08-05,33.5337,34.0443,33.478,33.9793,995100
2004-08-06,33.2923,33.7193,33.2923,33.6079,1614600
2004-08-09,33.3387,33.5337,33.3294,33.3294,1114300
2004-08-10,33.6172,33.6172,33.3851,33.5151,1322300
2004-08-11,33.8122,33.9793,33.4872,33.6172,1107600
2004-08-12,33.7101,33.9143,33.5894,33.7751,1024000
2004-08-13,33.84,33.9793,33.6451,33.7101,1144000
2004-08-16,33.9329,34.1093,33.6822,33.7472,1302000
2004-08-17,34.0907,34.0907,33.8493,33.8865,2164800
2004-08-18,34.4714,34.4714,33.9329,33.9329,2188900
2004-08-19,34.4063,34.4621,34.1186,34.3321,1179900
2004-08-20,34.6756,34.7592,34.3599,34.4435,1332600
2004-08-23,34.4621,34.8148,34.4063,34.7592,1005600
2004-08-24,34.8427,34.8613,34.5735,34.6756,1399400
2004-08-25,34.8148,34.9634,34.6849,34.722,1736600
2004-08-26,34.8241,35.0377,34.6292,34.8148,1316700
2004-08-27,35.0191,35.1676,34.8334,34.9077,1280400
2004-08-30,34.7499,35.0748,34.7499,35.0284,1280500
2004-08-31,35.0841,35.1119,34.7592,34.7963,2098700
2004-09-01,35.1584,35.2698,34.9727,35.0748,1326200
2004-09-02,35.1212,35.2512,34.9913,35.2326,1260400
2004-09-03,35.1862,35.279,35.0841,35.0934,1123900
2004-09-07,35.3069,35.604,35.2141,35.3533,1749200
2004-09-08,35.0098,35.3719,34.9913,35.3533,2032300
2004-09-09,35.1491,35.2048,34.8798,35.1862,1921200
2004-09-10,35.3069,35.3905,34.982,35.1862,1851700
2004-09-13,35.474,35.474,35.1676,35.2326,1853700
2004-09-14,35.5483,35.7618,35.4647,35.4647,2362100
2004-09-15,35.6504,36.0218,35.5483,35.5576,2234500
2004-09-16,36.2167,36.2353,35.8082,35.8361,2402100
2004-09-17,36.4395,36.5324,36.2446,36.3467,3433800
2004-09-20,35.8175,36.4303,35.7711,36.421,2320000
2004-09-21,36.1796,36.3003,35.8825,36.0032,2268500
2004-09-22,35.7432,36.1889,35.7432,36.1796,2316400
2004-09-23,35.1305,35.8825,35.1212,35.8361,2388100
2004-09-24,35.2512,35.3533,35.0005,35.0005,1380800
2004-09-27,34.9727,35.3719,34.9727,35.2512,2088300
2004-09-28,35.3069,35.3719,34.9077,34.9077,1698100
2004-09-29,35.799,35.8361,35.1676,35.1862,2061000
2004-09-30,35.8547,35.9197,35.6318,35.6504,2310100
2004-10-01,36.4767,36.5602,35.7897,35.8547,1950900
2004-10-04,36.616,36.8202,36.5231,36.6531,2450700
2004-10-05,36.5974,36.7366,36.4303,36.4488,1769200
2004-10-06,36.8878,36.9533,36.6723,36.7473,1582400
2004-10-07,36.6723,37.1219,36.6442,36.8971,1271100
2004-10-08,36.6723,37.0564,36.5412,36.7473,1138100
2004-10-11,36.5787,36.8128,36.4944,36.8128,882700
2004-10-12,36.0634,36.4381,35.8855,36.4381,2184000
2004-10-13,35.9136,36.1103,35.745,36.0728,2840100
2004-10-14,35.4265,36.1009,35.3609,35.9417,1984900
2004-10-15,35.9136,36.0541,35.3984,35.5951,2209400
2004-10-18,36.1103,36.1103,35.464,35.8293,1991200
2004-10-19,35.2953,35.9698,35.005,35.9323,2290400
2004-10-20,34.8645,35.2953,34.5179,35.286,2446100
2004-10-21,34.9675,35.1642,34.7052,34.7052,1563600
2004-10-22,34.9581,35.3328,34.8364,35.0799,2326900
2004-10-25,34.9488,35.0612,34.5647,34.7708,1942700
2004-10-26,35.3984,35.3984,34.9488,34.9488,1787400
2004-10-27,36.1384,36.1852,35.1174,35.2672,2141500
2004-10-28,36.1852,36.3257,35.8855,35.951,1517100
2004-10-29,36.5037,36.5318,36.129,36.1384,1860300
2004-11-01,36.485,36.6255,36.3913,36.6255,1782400
2004-11-02,36.3632,36.8316,36.3632,36.5787,2294700
2004-11-03,36.5599,36.869,36.3913,36.4569,1935200
2004-11-04,36.9065,36.9908,36.588,36.7004,3035100
2004-11-05,36.5412,36.9533,36.4381,36.9065,2896500
2004-11-08,36.4475,36.5505,35.6888,35.7824,2173200
2004-11-09,36.485,36.7192,36.4381,36.5787,2307200
2004-11-10,36.5599,36.8784,36.5318,36.6068,1784000
2004-11-11,36.7192,36.7941,36.4007,36.6536,1701000
2004-11-12,36.7192,36.7941,36.5787,36.6068,4435900
2004-11-15,36.6911,36.9065,36.6255,36.766,1797600
2004-11-16,36.2508,36.7566,36.2414,36.7004,1884400
2004-11-17,35.8386,36.485,35.745,36.485,3842000
2004-11-18,34.9862,35.5951,34.6303,35.5951,5307600
2004-11-19,34.6303,35.0612,34.471,34.9862,2323400
2004-11-22,35.2579,35.3234,34.6303,35.3234,2709000
2004-11-23,35.0893,35.2485,34.8083,35.0799,2475000
2004-11-24,35.0799,35.3141,34.9581,35.1267,1902100
2004-11-26,35.211,35.4921,35.0612,35.0799,543800
2004-11-29,34.9768,35.2485,34.8083,35.211,2110300
2004-11-30,34.7333,34.9113,34.6022,34.8551,2366500
2004-12-01,35.2953,35.3047,34.7708,34.8457,1846700
2004-12-02,35.2392,35.4077,35.108,35.108,1330200
2004-12-03,34.8176,35.2579,34.6584,35.2485,2536700
2004-12-06,35.005,35.0799,34.6115,34.827,3207800
2004-12-07,33.8809,34.9394,33.806,34.7989,4710600
2004-12-08,33.8903,34.2462,33.7966,33.8809,2484700
2004-12-09,34.3024,34.3774,33.7872,33.7872,1629400
2004-12-10,34.2462,34.4804,33.8622,34.3305,1615600
2004-12-13,34.7052,34.7708,34.3399,34.5179,1586900
2004-12-14,34.7052,35.4452,34.7052,34.7895,4078000
2004-12-15,34.4617,34.6678,34.4429,34.6584,2487700
2004-12-16,34.6115,35.0237,34.4242,34.4242,3223400
2004-12-17,34.7427,34.8457,34.3774,34.3774,3185700
2004-12-20,34.6584,35.0331,34.6584,34.8457,1853200
2004-12-21,35.0237,35.0705,34.7052,34.7708,1624000
2004-12-22,35.3609,35.5108,35.0518,35.1267,1629800
2004-12-23,35.2766,35.5389,35.2766,35.3703,1058200
2004-12-27,35.2298,35.4452,35.0893,35.3328,784400
2004-12-28,35.2953,35.3984,35.0799,35.2298,929000
2004-12-29,35.464,35.464,35.1548,35.1548,1504000
2004-12-30,35.2204,35.5014,35.211,35.4171,1222700
2004-12-31,35.1736,35.5108,35.1361,35.1736,855800
2005-01-03,34.9207,35.3609,34.8551,35.1736,1948600
2005-01-04,34.4055,35.0331,34.3118,34.9862,1787300
2005-01-05,34.0401,34.5928,34.0401,34.5179,1896700
2005-01-06,34.2743,34.3024,33.909,34.0401,1395600
2005-01-07,34.0027,34.4148,33.9746,34.3586,1533200
2005-01-10,34.087,34.087,33.8153,34.0027,2696300
2005-01-11,33.879,34.1627,33.7844,34.106,1811100
2005-01-12,33.6236,34.0965,33.512,33.9547,2162300
2005-01-13,33.2831,33.7466,33.2737,33.7182,1801900
2005-01-14,33.3115,33.5196,33.0372,33.5196,2335500
2005-01-18,34.3992,34.4086,33.3399,33.3399,3536700
2005-01-19,34.1343,34.437,34.0681,34.3992,1428400
2005-01-20,34.1816,34.3897,34.1343,34.2384,2010700
2005-01-21,33.9168,34.314,33.9073,34.2384,1590100
2005-01-24,34.3235,34.6451,33.9547,34.0965,1879300
2005-01-25,33.7749,34.5221,33.7182,34.3614,2505100
2005-01-26,33.6898,33.8979,33.5763,33.8601,2029600
2005-01-27,33.5858,33.8411,33.4912,33.6993,1574300
2005-01-28,33.3872,33.5763,32.6872,32.6872,1848100
2005-01-31,33.6236,33.8411,33.2737,33.529,1943400
2005-02-01,34.1722,34.2951,33.6331,33.8506,2082100
2005-02-02,34.1722,34.3046,33.8979,34.1722,1606400
2005-02-03,33.9357,34.2384,33.9357,34.2195,1407600
2005-02-04,34.0681,34.1249,33.879,33.9452,1739200
2005-02-07,34.3897,34.4654,34.1154,34.2384,1544200
2005-02-08,33.8601,34.3897,33.8317,34.333,1687100
2005-02-09,33.7938,34.0681,33.6425,33.9263,1454700
2005-02-10,33.548,34.0965,33.5006,33.983,1753000
2005-02-11,33.756,33.8601,33.4345,33.5385,1738200
2005-02-14,34.2006,34.314,33.8049,33.8128,1498600
2005-02-15,34.333,34.5505,34.2573,34.3803,2197200
2005-02-16,34.1816,34.3803,34.1722,34.3424,1480100
2005-02-17,33.9547,34.2006,33.9168,34.1816,1661200
2005-02-18,33.8128,34.0776,33.756,34.0209,1870800
2005-02-22,33.3115,33.7844,33.302,33.6236,2275200
2005-02-23,33.5101,33.6614,33.2831,33.6614,1690800
2005-02-24,33.6993,33.8128,33.4628,33.6709,1597900
2005-02-25,34.0303,34.21,33.5763,33.6236,1723500
2005-02-28,33.8317,34.0776,33.6709,34.0398,1701900
2005-03-01,34.1911,34.2479,33.879,33.9547,1960000
2005-03-02,34.0019,34.3235,33.8601,33.9263,1593500
2005-03-03,33.756,34.2006,33.6425,34.2006,1976400
2005-03-04,34.0965,34.1911,33.879,33.9547,2260900
2005-03-07,34.2195,34.4181,34.1722,34.2857,1833300
2005-03-08,33.8979,34.1722,33.7466,34.1722,2666300
2005-03-09,33.4061,33.7655,33.2169,33.7655,4264100
2005-03-10,33.2642,33.6236,33.2264,33.4534,2105600
2005-03-11,33.1223,33.3399,33.0561,33.1129,1659900
2005-03-14,33.3209,33.4723,33.1223,33.3304,1826300
2005-03-15,33.0656,33.8411,33.0656,33.8411,2971100
2005-03-16,32.867,33.0467,32.8008,33.0088,2729500
2005-03-17,32.6872,32.8575,32.3941,32.8197,3561500
2005-03-18,32.1671,32.7346,32.0725,32.5359,7880300
2005-03-21,31.8833,32.186,31.4009,32.186,2872000
2005-03-22,31.2118,32.1103,31.0699,31.8928,3675100
2005-03-23,31.5901,31.8076,31.1077,31.2213,3406800
2005-03-24,31.4009,31.7414,31.4009,31.5901,1863700
2005-03-28,31.4388,31.8266,31.4199,31.5901,1805900
2005-03-29,31.2591,31.609,31.2496,31.3064,2243900
2005-03-30,31.7414,31.7509,31.2591,31.3064,2873200
2005-03-31,31.6847,32.0536,31.609,31.8266,2010400
2005-04-01,31.4009,32.1482,31.2496,31.8928,1804400
2005-04-04,31.4388,31.5428,31.2307,31.4009,1712200
2005-04-05,31.6563,31.8266,31.4672,31.4766,1521200
2005-04-06,31.9495,32.1576,31.7793,31.7982,1464800
2005-04-07,32.1024,32.2458,31.9399,32.0355,1684100
2005-04-08,31.9495,32.2553,31.9017,32.1502,1339200
2005-04-11,32.112,32.1884,31.8635,32.1597,1642600
2005-04-12,32.5803,32.6663,31.9495,32.1502,2098900
2005-04-13,32.1215,32.6567,32.0164,32.6185,1651800
2005-04-14,31.5098,32.2458,31.443,32.2458,1828100
2005-04-15,31.357,31.873,31.3283,31.5098,2232000
2005-04-18,32.1024,32.2075,31.4143,31.5003,2686200
2005-04-19,31.8635,32.2171,31.5003,32.1597,2195500
2005-04-20,31.0702,31.7584,31.0033,31.7584,1759800
2005-04-21,31.3474,31.3952,30.6593,31.2231,2211200
2005-04-22,32.0642,32.3605,31.4716,31.5385,2639100
2005-04-25,32.1311,32.1311,31.7775,32.1215,1621400
2005-04-26,31.5098,32.0355,31.5098,31.9208,1888000
2005-04-27,32.3605,32.5707,31.5194,31.5385,1834600
2005-04-28,31.7584,32.3605,31.701,32.3605,2142100
2005-04-29,32.456,32.4847,31.5959,31.9113,1765900
2005-05-02,32.6376,32.7236,32.3987,32.6663,1861900
2005-05-03,32.5516,32.8288,32.37,32.5134,1544500
2005-05-04,33.2015,33.2397,32.37,32.5898,1836800
2005-05-05,32.9434,33.4213,32.8096,33.211,1930100
2005-05-06,32.4943,33.0772,32.4656,32.9912,1967900
2005-05-09,32.781,32.9339,32.37,32.37,1325700
2005-05-10,32.5134,32.7714,32.3891,32.542,1386000
2005-05-11,32.5229,32.7618,32.3031,32.4943,1175800
2005-05-12,32.5038,32.8574,32.3987,32.6663,1695300
2005-05-13,32.0642,32.5325,31.8635,32.5038,1631000
2005-05-16,32.8765,32.8956,32.1789,32.2171,1430400
2005-05-17,33.1059,33.125,32.6089,32.7141,1487000
2005-05-18,33.5455,33.6029,33.1537,33.2015,1610500
2005-05-19,33.4786,33.5933,33.2301,33.5169,908700
2005-05-20,33.1346,33.4882,33.1346,33.4882,1476500
2005-05-23,32.9148,33.2779,32.9052,33.1441,1616600
2005-05-24,32.9721,33.0008,32.7523,32.8383,1647800
2005-05-25,32.7523,32.9626,32.6376,32.9626,1092200
2005-05-26,33.0677,33.2397,32.8192,32.9817,1118700
2005-05-27,33.2301,33.2493,32.9339,33.039,856800
2005-05-31,33.0294,33.3544,32.9626,33.2684,1674700
2005-06-01,33.5073,33.7367,32.781,32.9626,2113000
2005-06-02,33.2588,33.3257,32.9817,33.2684,1349600
2005-06-03,32.953,33.3831,32.8288,33.2588,2022800
2005-06-06,32.8096,32.9148,32.6089,32.9052,1388300
2005-06-07,32.6854,33.1537,32.6758,32.8956,1613700
2005-06-08,32.542,32.953,32.5229,32.9243,1719300
2005-06-09,32.4273,32.6185,32.3222,32.5038,1980200
2005-06-10,32.2935,32.5707,32.1789,32.456,1959900
2005-06-13,32.198,32.4943,32.0451,32.3031,2333400
2005-06-14,32.4847,32.5803,32.0833,32.1884,1801200
2005-06-15,32.7905,32.8001,32.4943,32.6281,2022000
2005-06-16,32.9243,33.039,32.6663,32.8001,1256400
2005-06-17,33.1537,33.2206,32.8001,33.1632,2381100
2005-06-20,33.0963,33.1824,32.7905,32.8765,923200
2005-06-21,33.2015,33.2397,32.9626,33.039,1201200
2005-06-22,33.4022,33.45,33.2397,33.4022,1134200
2005-06-23,32.781,33.4309,32.781,33.4117,1232500
2005-06-24,32.6281,33.0103,32.6089,32.8288,1786600
2005-06-27,32.6663,32.9434,32.5898,32.6281,1063100
2005-06-28,33.1824,33.2493,32.7618,32.8288,1266900
2005-06-29,33.0486,33.2875,33.0008,33.2875,891000
2005-06-30,32.6089,33.2493,32.5994,33.0868,1546100
2005-07-01,32.9721,33.0103,32.6185,32.6185,1530300
2005-07-05,33.4786,33.4977,32.8861,32.9817,1953300
2005-07-06,33.297,33.7176,33.1824,33.4786,2094600
2005-07-07,33.3453,33.3453,32.9783,33.1232,1421000
2005-07-08,33.5482,33.6448,33.1328,33.2101,1019800
2005-07-11,34.0215,34.0505,33.4613,33.6255,1838800
2005-07-12,34.2051,34.2244,33.8283,33.9249,1498500
2005-07-13,34.4466,34.4755,34.1664,34.2051,2175300
2005-07-14,34.5432,34.6784,34.321,34.6398,2051000
2005-07-15,35.4512,35.5671,34.6204,35.0648,5403100
2005-07-18,35.171,35.5961,35.171,35.4512,2277300
2005-07-19,36.0308,36.2239,35.2097,35.6444,4307300
2005-07-20,36.1563,36.3689,35.9148,36.079,3723900
2005-07-21,35.9825,36.1563,35.8279,36.1274,2766800
2005-07-22,35.8858,35.9535,35.7796,35.8858,2357400
2005-07-25,36.0694,36.2336,35.9342,35.9825,3161600
2005-07-26,36.2336,36.3206,35.8762,36.079,3244900
2005-07-27,36.166,36.2239,36.0211,36.2046,2222400
2005-07-28,36.3978,36.4654,36.0501,36.2143,2272100
2005-07-29,35.654,36.3302,35.5381,36.2722,2441000
2005-08-01,35.9825,36.1563,35.9148,35.9825,2624900
2005-08-02,36.1563,36.2529,35.9052,36.1177,1946600
2005-08-03,36.4654,36.562,36.0887,36.1467,2223300
2005-08-04,35.7506,36.3012,35.654,36.2916,1411600
2005-08-05,35.0358,35.6347,34.9875,35.6347,2401900
2005-08-08,34.8909,35.1034,34.804,35.0358,1517000
2005-08-09,34.9006,35.2097,34.833,34.9778,1403600
2005-08-10,34.6398,35.2,34.5625,35.0455,1537500
2005-08-11,35.1904,35.2193,34.7267,34.7267,1949500
2005-08-12,35.1034,35.2564,34.9972,35.0648,1332300
2005-08-15,35.3642,35.4125,35.0068,35.0261,1141800
2005-08-16,34.9392,35.5091,34.9296,35.258,1700500
2005-08-17,35.0165,35.0938,34.8909,34.9392,1041100
2005-08-18,35.0648,35.1421,34.8716,34.8716,1239200
2005-08-19,34.9682,35.229,34.9682,35.229,1083000
2005-08-22,35.1807,35.3642,34.9682,35.0068,1138500
2005-08-23,35.0551,35.171,34.9585,35.1614,1592500
2005-08-24,34.8909,35.2,34.8716,35.0551,2277000
2005-08-25,35.0745,35.1421,34.8426,34.8909,1464800
2005-08-26,34.1761,34.9682,34.1761,34.9392,2278300
2005-08-29,34.9102,35.0165,33.9153,34.0409,2465900
2005-08-30,34.804,34.9199,34.6398,34.775,2896500
2005-08-31,35.3835,35.3835,34.8563,34.8909,2601900
2005-09-01,35.3739,35.741,35.0165,35.258,2546000
2005-09-02,34.9875,35.4125,34.9682,35.3835,1420700
2005-09-06,35.5574,35.5574,35.1517,35.229,2141100
2005-09-07,35.3835,35.5768,35.2966,35.4995,1395800
2005-09-08,35.4319,35.6637,35.1034,35.6637,1905000
2005-09-09,35.3159,35.5091,35.2193,35.4125,1405400
2005-09-12,35.0068,35.4029,34.9102,35.2,1735400
2005-09-13,34.2051,35.0068,34.1085,35.0068,3394600
2005-09-14,34.0409,34.2727,33.8477,34.2051,2869600
2005-09-15,33.9249,34.1374,33.6641,34.1181,3949300
2005-09-16,34.3886,34.4562,33.751,33.9153,4815400
2005-09-19,33.9636,34.2823,33.809,34.2823,2440400
2005-09-20,33.809,34.4949,33.7028,34.0215,3248900
2005-09-21,33.3357,33.6641,33.1811,33.6641,2729600
2005-09-22,33.2777,33.413,33.0749,33.2681,2704700
2005-09-23,33.3743,33.5482,32.8141,33.2777,2393900
2005-09-26,33.2681,33.5482,33.1135,33.384,1904200
2005-09-27,32.9783,33.4709,32.8817,33.326,2712600
2005-09-28,32.6788,33.3357,32.6788,33.2198,2949300
2005-09-29,32.505,32.6499,32.2345,32.6402,5349100
2005-09-30,32.3021,32.6112,32.2731,32.5822,2633200
2005-10-03,32.8044,32.9396,32.2538,32.2538,3180000
2005-10-04,32.1379,32.9493,32.1379,32.8141,2660100
2005-10-05,31.935,32.2538,31.8771,32.1475,2711900
2005-10-06,32.1669,32.3794,31.8771,32.0606,3378300
2005-10-07,32.3601,32.4373,32.0992,32.1669,2223300
2005-10-10,32.0413,32.4277,31.993,32.3601,2595600
2005-10-11,32.0411,32.3342,31.9923,32.2463,2988600
2005-10-12,31.4941,32.217,31.3573,31.8165,3286400
2005-10-13,31.5332,31.6504,31.3573,31.3573,3245000
2005-10-14,32.2365,32.2365,31.6113,31.8946,4219800
2005-10-17,32.2365,32.5003,31.836,32.1388,2437200
2005-10-18,30.2926,31.4746,30.2926,30.5856,5561000
2005-10-19,30.3219,30.3316,29.0617,30.2437,5142300
2005-10-20,30.7908,31.1424,30.4489,30.4489,4066700
2005-10-21,30.5954,31.0252,30.4195,30.8396,3285600
2005-10-24,31.2304,31.3085,30.6345,30.7712,3345200
2005-10-25,31.0936,32.1974,30.9568,32.1974,3341100
2005-10-26,31.0545,31.5039,31.0057,31.0936,4265000
2005-10-27,30.8787,31.1815,30.7517,31.0545,3479600
2005-10-28,31.3573,31.3573,30.8201,30.908,2782200
2005-10-31,31.4648,31.5429,31.2597,31.3573,2856700
2005-11-01,31.455,31.6406,31.2694,31.5234,2563700
2005-11-02,31.7383,31.8653,31.416,31.6211,2565400
2005-11-03,31.7579,31.8067,31.5039,31.7383,2304400
2005-11-04,31.8555,31.9142,31.6895,31.7481,1951800
2005-11-07,32.0998,32.1388,31.7676,31.8555,2013900
2005-11-08,32.1584,32.2561,31.6895,31.9923,2726900
2005-11-09,32.2756,32.383,32.0607,32.1388,1901400
2005-11-10,32.9692,33.0864,32.4905,32.5784,3197200
2005-11-11,33.1841,33.272,32.9008,33.018,1743600
2005-11-14,33.0376,33.0571,32.8324,32.9887,1364400
2005-11-15,32.7738,33.1059,32.7347,33.0571,2063600
2005-11-16,32.383,32.7738,32.2854,32.7738,2798000
2005-11-17,33.1157,33.2231,32.2951,32.3537,2418300
2005-11-18,32.9399,33.3501,32.7347,33.3501,2541200
2005-11-21,33.0376,33.2036,32.8324,32.9203,2489400
2005-11-22,33.0669,33.1841,32.7542,33.0473,2975200
2005-11-23,33.6921,33.9753,33.1939,33.2525,2403200
2005-11-25,33.6725,33.819,33.6432,33.819,965900
2005-11-28,33.1352,33.8288,33.1059,33.7018,2399500
2005-11-29,33.4283,33.653,33.3013,33.3599,2188200
2005-11-30,33.1255,33.5748,33.1157,33.5162,3780000
2005-12-01,33.3306,33.4674,33.2329,33.2622,2460300
2005-12-02,33.6041,33.6237,33.2525,33.2622,1917200
2005-12-05,33.5553,33.6236,33.2915,33.399,1928800
2005-12-06,33.399,33.7311,33.3501,33.7116,2092500
2005-12-07,33.272,33.4381,32.8422,33.399,3315900
2005-12-08,33.1743,33.399,33.0669,33.2427,2363800
2005-12-09,33.5357,33.8679,33.1939,33.2134,2514100
2005-12-12,33.1352,33.6139,32.9985,33.5846,1851400
2005-12-13,34.1512,34.1903,32.7738,32.9985,3728800
2005-12-14,33.9558,34.2293,33.8972,34.1414,2905900
2005-12-15,33.4869,33.9265,33.4576,33.8972,1726700
2005-12-16,34.0144,34.0144,33.5943,33.7897,4153100
2005-12-19,33.5064,33.8874,33.3404,33.8679,2283700
2005-12-20,33.3501,33.7897,33.3208,33.6823,1739300
2005-12-21,33.3892,33.6921,33.2818,33.4381,1165400
2005-12-22,33.4381,33.6041,33.2134,33.4381,1150700
2005-12-23,33.5455,33.6041,33.4087,33.4478,697700
2005-12-27,33.2134,33.8288,33.2134,33.5455,950400
2005-12-28,33.2231,33.399,33.1743,33.2231,1190100
2005-12-29,32.9985,33.2622,32.9692,33.1352,1197800
2005-12-30,32.7933,32.9399,32.7054,32.8422,1596700
2006-01-03,33.2231,33.3306,32.6956,32.9887,4024400
2006-01-04,33.5162,33.8386,33.1548,33.2231,3622400
2006-01-05,33.8386,33.9851,33.526,33.6041,2849800
2006-01-06,33.5943,33.8874,33.145,33.8483,2107600
2006-01-09,33.6237,33.6921,33.4087,33.565,2405300
2006-01-10,33.8777,33.9851,33.4185,33.5943,2906600
2006-01-11,33.8086,33.9172,33.7197,33.8579,1918700
2006-01-12,33.384,33.8185,33.3741,33.6703,1488100
2006-01-13,33.542,33.7493,33.384,33.5123,1796300
2006-01-17,34.4208,34.5392,33.542,33.542,5551300
2006-01-18,34.322,34.5491,34.1147,34.4306,2097500
2006-01-19,33.7592,34.3714,33.7296,34.322,2592700
2006-01-20,32.9397,33.7987,32.8804,33.7789,4557300
2006-01-23,33.1174,33.4235,32.9002,32.9495,2716500
2006-01-24,33.5716,33.7888,33.2556,33.2951,2497100
2006-01-25,33.7394,33.8382,33.5716,33.8185,1669900
2006-01-26,34.1245,34.6775,33.7888,34.5392,3058100
2006-01-27,34.3813,34.5491,33.9476,34.0258,2438100
2006-01-30,33.6703,34.4109,33.6308,34.3911,2456700
2006-01-31,33.7493,33.8678,33.4334,33.5815,2436800
2006-02-01,33.7,33.9764,33.4827,33.8579,2125800
2006-02-02,33.4531,33.7987,33.3544,33.7987,2276700
2006-02-03,33.0384,33.4729,32.8409,33.2359,2149600
2006-02-06,33.1174,33.1865,32.9298,33.0483,1396900
2006-02-07,33.1865,33.3247,32.9693,33.1668,1963400
2006-02-08,33.7098,33.7493,33.0779,33.1766,1904300
2006-02-09,33.5716,34.0258,33.5222,33.6111,1456100
2006-02-10,33.8382,33.8382,33.2458,33.4235,1691600
2006-02-13,33.7493,33.7592,33.5518,33.5617,1275300
2006-02-14,34.4603,34.8552,33.6407,33.6506,2879600
2006-02-15,34.6182,34.8059,34.2628,34.4504,2802200
2006-02-16,34.8947,34.8848,34.4603,34.5096,1579000
2006-02-17,34.717,35.0527,34.6775,34.9145,1419600
2006-02-21,34.3714,34.8552,34.322,34.717,1685400
2006-02-22,35.418,35.5168,34.4899,34.5096,2798200
2006-02-23,34.8947,35.3588,34.8848,35.2008,1681500
2006-02-24,34.8947,35.0922,34.6676,34.954,1256700
2006-02-27,34.8651,35.1119,34.8256,34.8947,1421200
2006-02-28,34.3615,34.9046,34.3615,34.6775,2216200
2006-03-01,34.8256,34.8453,34.3418,34.3813,2007700
2006-03-02,34.4109,34.6281,34.2332,34.5787,1535900
2006-03-03,34.4603,34.6874,34.1838,34.4109,2220600
2006-03-06,34.0258,34.4208,33.9468,34.3813,2372100
2006-03-07,34.2332,34.2332,33.8086,33.8481,1886700
2006-03-08,34.0554,34.3023,33.9271,34.2332,3571700
2006-03-09,33.5518,34.1937,33.5321,34.0949,1384600
2006-03-10,33.9567,34.085,33.6901,33.8185,1604700
2006-03-13,34.2035,35.0527,34.085,34.1739,2123000
2006-03-14,34.9243,35.1416,34.164,34.2134,2514100
2006-03-15,35.1811,35.2107,34.7762,34.7762,1857900
2006-03-16,34.9737,35.5661,34.8947,35.2995,1761600
2006-03-17,35.3094,35.4477,35.0428,35.2304,1821200
2006-03-20,35.339,35.4279,35.1514,35.3094,917100
2006-03-21,35.3687,35.6945,35.2798,35.339,1948100
2006-03-22,35.5958,35.6353,35.2995,35.3193,1514500
2006-03-23,35.3785,35.7933,35.2206,35.6254,1528300
2006-03-24,35.2107,35.5365,35.1514,35.3193,1706600
2006-03-27,35.0823,35.3489,34.9935,35.2107,2335000
2006-03-28,34.8552,35.3983,34.7367,35.0033,1494800
2006-03-29,34.8157,35.1021,34.5689,35.0033,1109200
2006-03-30,34.3911,34.9441,34.3714,34.8157,1437800
2006-03-31,34.4603,34.7268,34.3911,34.4899,2022500
2006-04-03,34.8157,35.1909,34.5886,34.7071,1802400
2006-04-04,35.0231,35.1613,34.7071,34.7071,1209800
2006-04-05,34.8848,35.1811,34.7466,34.9243,1512800
2006-04-06,34.7861,34.8848,34.5491,34.7268,1229900
2006-04-07,34.638,35.0132,34.5787,34.7762,1596000
2006-04-10,34.8453,35.1021,34.5689,34.5689,1255500
2006-04-11,34.2332,34.6874,34.1443,34.48,2078600
2006-04-12,34.1245,34.4109,33.9468,34.164,1304600
2006-04-13,34.3319,34.3911,34.0258,34.0258,1171600
2006-04-17,34.5491,34.6479,34.1147,34.1542,1504700
2006-04-18,35.7241,35.8426,34.164,34.164,4619400
2006-04-19,35.2502,35.7241,35.2206,35.6945,1714200
2006-04-20,35.1317,35.5365,35.033,35.2403,1579900
2006-04-21,35.3094,35.5464,35.1909,35.3983,1592600
2006-04-24,35.2206,35.3884,34.7861,35.1021,1596000
2006-04-25,34.9342,35.2206,34.7268,35.2107,2381000
2006-04-26,35.0231,35.1514,34.8552,34.9342,1088600
2006-04-27,35.9315,36.0302,34.7762,34.9638,2902600
2006-04-28,36.4351,36.4844,35.6353,35.8327,2909200
2006-05-01,35.8821,36.4647,35.7241,36.2968,2284200
2006-05-02,36.3264,36.3264,35.8722,35.9414,1863200
2006-05-03,36.2869,36.3264,36.0105,36.2869,1601600
2006-05-04,36.3956,36.4449,36.1882,36.2376,1730700
2006-05-05,36.7807,36.8201,36.3758,36.4844,1912800
2006-05-08,37.0472,37.0571,36.8893,36.9781,2768400
2006-05-09,37.2743,37.304,36.9386,36.9485,2469800
2006-05-10,37.1559,37.2941,37.0374,37.1065,3012600
2006-05-11,37.1756,37.5607,37.0276,37.2546,3619800
2006-05-12,36.7115,37.3435,36.6622,37.1855,4044800
2006-05-15,36.751,36.9781,36.5437,36.7016,2644800
2006-05-16,36.8695,36.9288,36.672,36.8004,1562100
2006-05-17,36.3956,36.7313,36.1981,36.4153,2878500
2006-05-18,35.8624,36.4745,35.7241,35.7241,2126600
2006-05-19,36.0401,36.4647,35.9414,36.2573,2115300
2006-05-22,36.2573,36.4943,35.9414,36.0401,1907200
2006-05-23,36.4844,36.6622,36.3166,36.4745,2308000
2006-05-24,36.672,36.8794,36.2376,36.4844,2611300
2006-05-25,36.7411,36.9288,36.5535,36.7905,1797400
2006-05-26,36.909,36.9189,36.6523,36.7807,1154600
2006-05-30,36.3956,36.909,36.3758,36.909,1275600
2006-05-31,36.4153,36.5042,36.0796,36.3363,2910500
2006-06-01,36.9979,37.0078,36.4745,36.5338,1695500
2006-06-02,37.0472,37.5607,36.8991,36.9781,2454000
2006-06-05,36.2573,36.8991,36.2376,36.8498,1923000
2006-06-06,36.0993,36.4647,35.8426,36.4153,3740100
2006-06-07,36.5535,36.8893,36.0993,36.2672,1822600
2006-06-08,36.8004,36.9683,36.2277,36.5338,2902900
2006-06-09,37.0867,37.2941,36.6227,36.7313,2069600
2006-06-12,36.83,37.1262,36.7313,37.0275,2370100
2006-06-13,36.3462,37.0176,36.0993,36.8399,3750500
2006-06-14,35.3094,36.2475,34.875,36.2376,5194500
2006-06-15,35.9216,36.0302,35.0428,35.3094,3792000
2006-06-16,35.576,36.0895,35.5511,35.8821,3189200
2006-06-19,35.418,35.734,35.3489,35.576,2819700
2006-06-20,35.3983,35.6945,35.3983,35.5563,2767600
2006-06-21,35.3983,35.6056,35.3785,35.3785,2359000
2006-06-22,35.2107,35.4871,35.1712,35.4082,2333500
2006-06-23,35.0724,35.2206,34.7268,35.0527,2744300
2006-06-26,35.7636,35.8327,34.9836,35.1514,2206200
2006-06-27,35.4082,36.0401,35.3884,35.7933,3057000
2006-06-28,35.5661,36.0204,35.4477,35.4477,2411200
2006-06-29,36.3363,36.3659,35.5266,35.5661,2805400
2006-06-30,35.734,36.6029,35.7241,36.3264,1896600
2006-07-03,35.8624,35.9907,35.7142,35.9512,651200
2006-07-05,35.5563,35.8722,35.5069,35.8722,2226800
2006-07-06,35.8031,36.0105,35.418,35.5563,1517600
2006-07-07,36.0006,36.3857,35.7933,35.8525,1923500
2006-07-10,36.3166,36.9485,35.9512,36.0105,4059900
2006-07-11,35.4082,35.5563,34.9046,35.5464,4175100
2006-07-12,34.7663,35.3687,34.6972,35.0527,2103700
2006-07-13,34.4405,34.8651,34.2825,34.7663,2049100
2006-07-14,34.4405,34.559,34.0653,34.3615,2139800
2006-07-17,34.4997,34.6775,34.0949,34.3121,2135800
2006-07-18,34.8355,34.954,34.2924,34.5985,2690400
2006-07-19,35.892,35.892,35.1514,35.1811,2931700
2006-07-20,36.2475,36.4943,35.7933,35.8525,3274300
2006-07-21,36.0105,36.4844,35.892,36.4844,2831800
2006-07-24,36.1191,36.1586,35.8327,36.0302,2977900
2006-07-25,36.2672,36.3758,35.9414,36.2376,1803200
2006-07-26,36.2771,36.4647,36.1783,36.3462,1746900
2006-07-27,34.8355,35.7933,34.8059,35.5464,7460000
2006-07-28,35.5958,35.8031,34.8552,34.875,3302900
2006-07-31,35.5464,35.6155,35.418,35.5464,2335200
2006-08-01,35.8722,35.9117,35.3292,35.6353,3011800
2006-08-02,35.9019,36.1092,35.6451,35.9216,1980000
2006-08-03,36.2376,36.3758,35.8031,35.9019,2234300
2006-08-04,36.3956,36.7115,36.3067,36.5338,3134100
2006-08-07,36.2672,36.4943,36.1981,36.3956,1370600
2006-08-08,36.4054,36.7411,36.2672,36.4844,2092200
2006-08-09,35.9315,36.6128,35.8624,36.6029,3368700
2006-08-10,35.6649,35.9216,35.4477,35.8229,4093700
2006-08-11,35.2995,35.7044,35.2601,35.5958,2201000
2006-08-14,34.9836,35.2304,34.7762,34.8552,3252900
2006-08-15,35.5168,35.7636,35.2897,35.3884,4070500
2006-08-16,35.5661,35.7439,35.497,35.7439,1473900
2006-08-17,35.6846,35.813,35.3687,35.5464,1659100
2006-08-18,35.6451,35.7933,35.4871,35.7636,2758400
2006-08-21,35.1218,35.5859,35.1021,35.5464,1759100
2006-08-22,35.2995,35.4279,35.1119,35.2601,1866800
2006-08-23,35.0527,35.3588,34.7762,35.2995,1612600
2006-08-24,35.4477,35.7834,35.3292,35.418,3350700
2006-08-25,34.4997,35.3094,34.243,35.2995,4167800
2006-08-28,34.9737,35.2403,34.48,34.4997,2354600
2006-08-29,34.4603,34.9836,34.1739,34.9737,2836400
2006-08-30,34.3121,34.5985,34.3121,34.4603,1613400
2006-08-31,34.1443,34.3418,34.0752,34.322,2200100
2006-09-01,34.1344,34.3911,34.0752,34.3319,1358800
2006-09-05,34.5491,34.7861,34.3121,34.3121,3585600
2006-09-06,34.7861,35.0428,34.2529,34.3121,5254300
2006-09-07,34.243,34.796,34.2035,34.7861,3959500
2006-09-08,34.5294,34.5787,34.1838,34.401,2590300
2006-09-11,34.796,34.796,34.4208,34.5294,3027600
2006-09-12,34.9441,35.0527,34.6676,34.8059,3080200
2006-09-13,35.0428,35.418,34.796,34.954,4995600
2006-09-14,35.4773,35.5859,35.0626,35.1021,3941600
2006-09-15,35.6945,35.892,35.4378,35.6056,8692000
2006-09-18,36.0697,36.0796,35.497,35.8426,2977500
2006-09-19,36.129,36.1487,35.6846,36.0401,2594200
2006-09-20,36.4844,36.7115,36.208,36.3363,2638000
2006-09-21,36.0796,36.5239,35.9611,36.4351,1573300
2006-09-22,36.05,36.1783,35.8722,36.1783,1083600
2006-09-25,36.4252,36.5535,35.8229,36.2573,2305000
2006-09-26,36.5338,36.5338,36.3067,36.3363,2110000
2006-09-27,36.4153,36.5338,36.3758,36.5239,1875800
2006-09-28,36.4351,36.5338,36.4054,36.5042,1363900
2006-09-29,36.1388,36.5832,36.129,36.4449,1645600
2006-10-02,36.4252,36.672,36.1388,36.1487,2127500
2006-10-03,36.5239,36.909,36.2771,36.4252,2216400
2006-10-04,36.7609,36.7905,36.3462,36.4351,2350100
2006-10-05,36.6325,36.7313,36.5239,36.5832,1719200
2006-10-06,36.3067,36.5437,36.1586,36.5338,2108200
2006-10-09,36.5832,36.5832,36.1586,36.2869,1467200
2006-10-10,36.0993,36.3857,35.971,36.1487,1553700
2006-10-11,36.1783,36.2475,35.9117,36.0993,1353600
2006-10-12,36.3857,36.4647,36.1586,36.3561,1364000
2006-10-13,36.3758,36.4351,36.2573,36.3857,1154600
2006-10-16,36.0697,36.3758,36.0302,36.3758,3166000
2006-10-17,36.3166,36.4449,35.8229,36.1388,3699500
2006-10-18,35.8327,36.3659,35.6254,36.3264,4246700
2006-10-19,35.6353,35.8327,35.3489,35.8327,3289100
2006-10-20,36.0993,36.2869,35.6748,35.8624,3040000
2006-10-23,36.4252,36.4548,36.0006,36.0895,1919000
2006-10-24,36.4647,36.5733,36.2771,36.2771,2181000
2006-10-25,36.4351,36.4647,36.1981,36.4647,1463900
2006-10-26,36.5535,36.6325,36.3264,36.5239,1807000
2006-10-27,36.4844,36.5733,36.2771,36.4351,2017900
2006-10-30,36.7708,36.8399,36.4449,36.4943,2429700
2006-10-31,36.7807,36.9386,36.6424,36.8596,3033700
2006-11-01,36.3264,36.9979,36.2771,36.9979,2991100
2006-11-02,35.9216,36.3659,35.8031,36.3264,3719300
2006-11-03,35.7834,36.1388,35.6254,35.9019,3212900
2006-11-06,36.3659,36.3857,35.9019,36.0401,2923500
2006-11-07,36.593,36.7214,36.3363,36.3659,1693100
2006-11-08,36.8399,36.8399,36.4054,36.5338,2009100
2006-11-09,36.751,36.7905,36.2376,36.672,2611300
2006-11-10,36.9386,36.9386,36.6622,36.7609,2304400
2006-11-13,36.8893,36.9683,36.8103,36.9683,1272600
2006-11-14,36.83,36.9485,36.3363,36.83,2115100
2006-11-15,36.6227,36.83,36.5437,36.7411,1730800
2006-11-16,36.8893,36.9485,36.7214,36.8103,1087300
2006-11-17,36.5042,36.7115,36.4647,36.7016,2502400
2006-11-20,36.4351,36.7313,36.3659,36.5042,1400200
2006-11-21,36.3166,36.5042,36.2771,36.4351,1087600
2006-11-22,36.2178,36.5437,36.1092,36.2771,979500
2006-11-24,35.971,36.148,35.971,36.0895,429300
2006-11-27,35.6451,35.9512,35.5958,35.7735,1892900
2006-11-28,35.5563,35.7241,35.418,35.5661,2870000
2006-11-29,36.1487,36.1685,35.6353,35.6451,2590300
2006-11-30,35.6451,36.0796,35.6353,36.0697,3099700
2006-12-01,35.3193,35.7241,35.3094,35.5958,4211400
2006-12-04,35.1218,35.5168,35.0922,35.4082,4978500
2006-12-05,35.4477,35.4773,35.033,35.1218,3532600
2006-12-06,35.2304,35.7933,35.1811,35.7933,2538300
2006-12-07,34.9638,35.418,34.9638,35.1811,2192300
2006-12-08,35.1811,35.2107,34.8453,34.9638,1896600
2006-12-11,35.5958,35.6649,35.2995,35.2995,2405700
2006-12-12,36.0302,36.05,35.4378,35.5958,3496600
2006-12-13,36.0796,36.2376,35.8624,36.0302,2496200
2006-12-14,36.1783,36.2178,35.6649,35.9611,3634600
2006-12-15,36.1487,36.4548,36.1191,36.2475,5824400
2006-12-18,36.0204,36.3956,35.9216,36.2475,2033500
2006-12-19,36.0697,36.208,35.8031,36.0204,1789900
2006-12-20,36.4351,36.4647,36.1586,36.2277,2129600
2006-12-21,36.4054,36.5535,36.2869,36.4844,1835500
2006-12-22,36.2968,36.5042,36.208,36.4054,1619100
2006-12-26,36.5832,36.6227,36.3067,36.3857,1098000
2006-12-27,36.8103,36.957,36.715,36.7313,1255700
2006-12-28,36.5042,36.8103,36.4745,36.6918,1349600
2006-12-29,36.0993,36.5437,36.0006,36.4449,2244100
2007-01-03,36.4844,36.988,36.1882,36.3363,3508300
2007-01-04,36.1092,36.3166,35.9414,36.1586,3444800
2007-01-05,35.4477,36.1092,35.4082,36.1092,4763100
2007-01-08,35.6254,35.7044,35.3785,35.4477,2554900
2007-01-09,35.4378,35.8821,35.1909,35.7933,2872400
2007-01-10,35.0823,35.5365,34.8256,35.4378,2145100
2007-01-11,35.1119,35.2995,35.033,35.2502,2552700
2007-01-12,35.1811,35.5563,35.1119,35.4773,3038100
2007-01-16,35.2206,35.2502,34.8552,35.2403,2182300
2007-01-17,35.1416,36.1981,35.0527,35.2206,2382200
2007-01-18,35.1811,35.3983,34.3813,34.3813,1905500
2007-01-19,35.1712,35.3687,35.0231,35.3687,1917500
2007-01-22,35.0428,35.2995,35.0132,35.1811,2147300
2007-01-23,36.0105,36.1685,34.9836,35.0428,5673200
2007-01-24,36.2968,36.2968,35.8624,35.9019,2980200
2007-01-25,37.2645,37.8668,36.9683,37.3435,11250600
2007-01-26,37.383,37.4225,37.1065,37.2645,4618400
2007-01-29,37.2052,37.304,36.9288,37.2743,4280200
2007-01-30,37.3632,37.4027,37.1559,37.2151,2815400
2007-01-31,37.3731,37.4718,37.146,37.2743,2421500
2007-02-01,37.4916,37.4916,37.304,37.383,3544300
2007-02-02,37.6199,37.6199,37.4225,37.4916,3147900
2007-02-05,37.5113,37.5903,37.4718,37.5409,2783700
2007-02-06,37.5409,37.6594,37.5212,37.5607,2392800
2007-02-07,37.5706,37.5804,37.4323,37.4718,2858200
2007-02-08,37.6298,37.6397,37.3731,37.5212,2831700
2007-02-09,37.6002,37.7088,37.4521,37.6496,2992200
2007-02-12,37.5508,37.6199,37.5014,37.5212,2045916
2007-02-13,37.7088,37.7088,37.5212,37.5706,2202378
2007-02-14,37.7977,37.8668,37.6594,37.7187,2443248
2007-02-15,37.8273,37.8569,37.6693,37.7977,1612800
2007-02-16,37.8569,38.0346,37.6989,37.8273,1965100
2007-02-20,38.005,38.005,37.7582,37.8865,1804400
2007-02-21,37.8767,37.9162,37.7681,37.8372,2477200
2007-02-22,37.8273,37.9557,37.7681,37.8767,3000100
2007-02-23,37.7088,37.8964,37.6002,37.8964,2637800
2007-02-26,37.6792,37.7681,37.5508,37.7681,2850411
2007-02-27,37.0078,37.5903,36.9584,37.5508,5769200
2007-02-28,37.3731,37.4619,37.0275,37.0571,9862800
2007-03-01,38.005,38.4493,37.0275,38.4395,11885540
2007-03-02,37.6496,38.0149,37.6496,38.0149,6956200
2007-03-05,36.4054,37.5409,36.3857,37.5311,5976500
2007-03-06,36.9189,36.9683,36.3264,36.5535,5617700
2007-03-07,36.2672,36.9288,36.2573,36.9189,4364300
2007-03-08,36.5042,36.8991,36.4351,36.4943,2744800
2007-03-09,36.6227,37.0472,36.1487,37.0472,2441400
2007-03-12,36.6424,36.6819,36.2277,36.5634,2742700
2007-03-13,35.2995,36.3462,34.9836,36.3363,8704254
2007-03-14,35.2403,35.497,34.6084,35.2995,9386100
2007-03-15,35.5365,35.6056,35.1514,35.2206,5521200
2007-03-16,35.576,36.7016,35.418,35.9117,6319400
2007-03-19,35.9315,36.0598,35.5958,35.6451,3413300
2007-03-20,36.6029,36.6424,35.8624,35.9907,3933900
2007-03-21,37.383,37.4323,35.971,36.514,6802900
2007-03-22,36.6523,37.383,36.5832,37.1756,6368062
2007-03-23,36.9584,37.0176,36.5535,36.6819,3142100
2007-03-26,37.0078,37.0867,36.4351,37.0078,3330800
2007-03-27,36.751,36.909,36.6227,36.8201,3009500
2007-03-28,36.4153,36.6622,36.2376,36.5239,4411400
2007-03-29,37.0374,37.0867,36.6622,36.7609,4193400
2007-03-30,36.7807,37.146,36.4943,37.0374,4414100
2007-04-02,35.5661,36.6227,35.3687,36.6128,8342300
2007-04-03,36.3561,36.3956,35.7439,35.8426,4798900
2007-04-04,36.3264,36.4449,36.0796,36.4449,3713900
2007-04-05,36.1487,36.3659,35.7735,36.3659,4893600
2007-04-09,35.6846,36.1586,35.5069,36.1586,6545600
2007-04-10,35.4674,35.6748,35.2897,35.3094,4350650
2007-04-11,35.2502,35.4674,35.1119,35.4674,4036775
2007-04-12,35.3489,35.3983,34.9737,35.3094,3707233
2007-04-13,35.6254,35.7142,34.9441,35.1119,4297139
2007-04-16,36.5239,36.5535,35.734,35.8426,4974200
2007-04-17,36.3462,36.5557,36.2277,36.5042,4209954
2007-04-18,37.0275,37.304,36.3264,36.3956,5581722
2007-04-19,37.0078,37.2842,36.6523,36.9979,3257745
2007-04-20,37.3138,37.8372,37.146,37.8372,4509870
2007-04-23,37.0176,37.3928,36.9781,37.3138,3047799
2007-04-24,36.8004,37.0275,36.7313,37.0176,4379962
2007-04-25,37.4225,37.5113,37.146,37.304,6377018
2007-04-26,37.3731,37.5113,37.1065,37.383,3918031
2007-04-27,37.225,37.3731,36.83,37.067,3718795
2007-04-30,36.0895,36.8695,36.0895,36.5338,6419773
2007-05-01,35.6155,35.7735,34.954,34.954,6646052
2007-05-02,35.4082,35.7439,35.3489,35.6254,4163694
2007-05-03,35.7241,35.8327,35.5168,35.5464,3011300
2007-05-04,35.9414,36.1586,35.6649,35.7735,3443500
2007-05-07,36.0796,36.1882,35.971,36.0401,1937994
2007-05-08,35.9809,36.1092,35.734,36.0796,2671529
2007-05-09,35.8525,36.3067,35.7834,35.8821,5226800
2007-05-10,34.796,35.6155,34.796,35.6056,7190500
2007-05-11,34.9638,35.0527,34.7663,34.8453,4557430
2007-05-14,35.0626,35.2897,34.9342,34.9737,4529730
2007-05-15,35.0132,35.5563,34.954,35.2502,5227300
2007-05-16,35.3785,35.5365,35.033,35.033,4773800
2007-05-17,35.2206,35.3687,35.1218,35.3489,3469400
2007-05-18,35.2798,35.3983,35.1416,35.3884,3015500
2007-05-21,35.1514,35.3292,35.0527,35.2107,3524611
2007-05-22,35.1218,35.3094,35.0132,35.0823,2530600
2007-05-23,35.0428,35.4082,34.954,35.1218,3600585
2007-05-24,34.7466,35.0823,34.7466,34.9342,3482114
2007-05-25,34.8355,34.954,34.6676,34.9441,2113300
2007-05-29,34.4405,34.901,34.3813,34.8453,2759915
2007-05-30,34.3418,34.4306,33.9666,34.2529,3862249
2007-05-31,34.1542,34.6182,34.0752,34.5491,5314034
2007-06-01,34.4997,35.3785,34.3615,35.1021,3405700
2007-06-04,34.5195,34.6775,34.4208,34.5096,1851200
2007-06-05,34.322,34.5294,34.2035,34.5294,2085600
2007-06-06,33.8974,34.2727,33.8777,34.2628,2441600
2007-06-07,33.4926,33.9468,33.4037,33.7394,4069039
2007-06-08,33.6901,33.7394,33.384,33.4334,3119364
2007-06-11,33.7098,33.8185,33.3939,33.6901,2866180
2007-06-12,33.2655,33.7098,33.2655,33.6407,3328800
2007-06-13,33.8185,33.8185,33.3642,33.4235,2833600
2007-06-14,33.542,34.1838,33.4827,33.8185,3185800
2007-06-15,33.621,33.8777,33.4235,33.6407,4630047
2007-06-18,33.7,33.7691,33.5815,33.7493,4108373
2007-06-19,33.7394,33.8777,33.5913,33.7098,2694046
2007-06-20,33.5321,33.8678,33.3346,33.8579,3985156
2007-06-21,33.384,33.6802,33.2754,33.5321,2938238
2007-06-22,32.7126,33.3544,32.6632,33.3346,5810478
2007-06-25,33.3445,33.6407,32.9816,33.6308,5123856
2007-06-26,33.3149,33.7789,33.305,33.4334,4010092
2007-06-27,33.5025,33.5518,32.9989,33.0285,3532768
2007-06-28,33.2754,33.5913,33.147,33.4432,3215600
2007-06-29,32.9002,33.463,32.7915,33.3741,4150280
2007-07-02,33.6802,33.8678,32.9002,33.1668,5865249
2007-07-03,33.4136,33.8678,33.4136,33.6802,1975140
2007-07-05,33.1273,33.5716,32.9989,33.4926,3749900
2007-07-06,33.2951,33.305,33.0285,33.0285,2646700
2007-07-09,32.7915,33.3149,32.7817,33.3149,3612810
2007-07-10,32.13,32.8311,32.1102,32.7817,5512807
2007-07-11,32.18,32.51,31.93,32.29,3839100
2007-07-12,33.21,33.4,32.18,32.47,6264277
2007-07-13,33.35,33.45,32.93,33.21,3923667
2007-07-16,33.21,33.54,33.15,33.15,3258000
2007-07-17,33.05,33.48,32.99,33.05,3362104
2007-07-18,32.55,33.04,32.21,32.96,3871151
2007-07-19,32.39,33.0,32.22,32.38,3208023
2007-07-20,31.67,32.6,31.5,32.36,5062807
2007-07-23,31.59,32.52,31.55,32.27,6578008
2007-07-24,30.8,31.55,30.72,31.46,8479199
2007-07-25,30.84,31.26,30.27,30.93,5843975
2007-07-26,30.1,30.84,28.93,30.44,8673172
2007-07-27,29.86,30.55,29.73,29.93,6421897
2007-07-30,30.14,30.36,29.31,29.8,5276671
2007-07-31,29.39,30.58,29.39,30.44,5126613
2007-08-01,29.53,29.6,28.9,29.15,9610522
2007-08-02,29.2,30.09,28.93,30.0,7036773
2007-08-03,27.22,29.14,27.16,29.05,9644232
2007-08-06,28.64,28.69,27.04,27.3,9727486
2007-08-07,28.44,29.04,27.85,28.12,7915047
2007-08-08,28.59,29.74,27.59,27.66,9517018
2007-08-09,27.14,28.2,26.86,26.86,9162644
2007-08-10,27.73,28.36,26.74,27.09,6992479
2007-08-13,27.47,28.14,27.47,28.07,5751992
2007-08-14,27.18,27.71,27.03,27.47,4744546
2007-08-15,26.51,27.85,26.35,27.07,6368079
2007-08-16,28.39,28.53,25.83,26.0,12615750
2007-08-17,29.68,31.58,28.91,29.67,9281345
2007-08-20,28.21,29.81,28.03,29.68,6771000
2007-08-21,28.25,28.87,27.93,28.26,4261300
2007-08-22,28.27,28.4,27.74,28.25,5750000
2007-08-23,27.97,28.7,27.83,28.58,4248100
2007-08-24,28.24,28.3,27.72,28.02,4579700
2007-08-27,28.09,28.25,28.03,28.07,4594268
2007-08-28,26.95,28.02,26.93,27.78,5880700
2007-08-29,27.28,27.35,26.68,27.03,5722600
2007-08-30,26.55,26.73,26.05,26.16,8292700
2007-08-31,26.91,27.29,26.0,26.96,7393900
2007-09-04,27.35,27.53,26.89,26.9,15635772
2007-09-05,27.33,27.46,26.75,27.32,11011073
2007-09-06,26.67,27.3,26.36,27.04,8671500
2007-09-07,26.38,26.51,25.87,26.27,9849100
2007-09-10,25.95,26.54,25.56,26.45,6134500
2007-09-11,25.81,26.43,25.64,26.03,9705800
2007-09-12,25.85,25.9,25.33,25.5,7413000
2007-09-13,25.54,26.02,25.35,26.0,5050600
2007-09-14,25.75,25.88,25.17,25.3,5137650
2007-09-17,25.89,26.02,25.56,25.8,6020300
2007-09-18,26.62,26.69,25.82,26.01,8225900
2007-09-19,26.68,27.21,26.44,26.62,6607400
2007-09-20,26.13,26.77,26.08,26.77,5225800
2007-09-21,26.03,26.43,25.89,26.38,6468900
2007-09-24,25.47,26.0,25.42,25.98,3894900
2007-09-25,25.25,25.36,24.94,25.25,3861760
2007-09-26,25.08,25.39,25.0,25.33,4148200
2007-09-27,25.25,25.34,25.0,25.14,4894900
2007-09-28,25.09,25.25,24.88,25.17,6542246
2007-10-01,26.005,26.33,24.79,24.87,9984165
2007-10-02,26.11,26.42,25.66,26.15,4475800
2007-10-03,26.8,27.1,26.3,26.3,6187700
2007-10-04,26.56,27.21,26.52,27.0,4538315
2007-10-05,26.76,27.11,26.66,26.99,5450778
2007-10-08,26.15,26.75,26.08,26.75,4214900
2007-10-09,25.65,26.01,25.44,25.99,5286900
2007-10-10,25.28,25.77,25.08,25.48,5212128
2007-10-11,25.62,25.93,25.28,25.31,5625700
2007-10-12,25.32,25.84,25.22,25.5,6272072
2007-10-15,24.97,25.4,24.77,25.38,4596900
2007-10-16,24.14,24.85,24.0,24.71,5496400
2007-10-17,24.03,24.54,23.84,24.51,7398496
2007-10-18,23.86,23.99,23.43,23.99,6266129
2007-10-19,23.6,24.07,23.56,23.82,7171872
2007-10-22,23.81,23.89,23.33,23.45,4676400
2007-10-23,23.91,24.34,23.63,24.28,3782500
2007-10-24,23.02,23.18,22.11,22.8,10193900
2007-10-25,23.59,23.71,22.72,22.97,6391513
2007-10-26,24.49,24.68,23.46,24.07,8335358
2007-10-29,24.1,24.65,23.88,24.61,4859100
2007-10-30,24.43,24.53,24.01,24.1,5695900
2007-10-31,24.25,24.83,24.04,24.47,6877200
2007-11-01,23.14,23.99,23.11,23.31,7473600
2007-11-02,22.55,23.39,22.26,23.21,5825000
2007-11-05,22.45,22.61,22.01,22.49,7870848
2007-11-06,22.76,22.8,22.23,22.72,6487990
2007-11-07,21.21,22.5,21.18,22.5,7358670
2007-11-08,20.52,21.87,19.8,21.23,15441400
2007-11-09,20.86,21.31,19.75,20.16,11547242
2007-11-12,21.57,22.56,20.2,20.86,10996244
2007-11-13,22.61,22.67,21.13,21.71,5702666
2007-11-14,22.02,23.09,21.95,22.71,5019301
2007-11-15,21.15,22.01,20.99,21.98,5570569
2007-11-16,20.62,21.31,20.38,21.25,6457803
2007-11-19,20.37,20.83,20.03,20.48,7644895
2007-11-20,19.22,20.58,18.68,20.44,11120795
2007-11-21,18.69,19.24,18.0,19.08,12730935
2007-11-23,19.55,19.74,18.85,18.85,2983050
