Price,Close,High,Low,Open,Volume
Ticker,PCG,PCG,PCG,PCG,PCG
Date,,,,,
1999-11-24,20.205,20.3748,20.1485,20.205,532400
1999-11-26,20.0352,20.2616,20.0352,20.0919,259500
1999-11-29,20.0352,20.2616,19.7523,19.9786,2211300
1999-11-30,20.2616,20.4314,19.8089,19.8654,915400
1999-12-01,20.0919,20.5446,19.8654,19.8654,1132500
1999-12-02,20.1485,20.3748,20.0352,20.0352,812600
1999-12-03,20.0352,20.3748,19.9786,20.0352,1116700
1999-12-06,20.1485,20.3182,20.0352,20.1485,1165900
1999-12-07,19.9221,20.3748,19.9221,20.1485,781500
1999-12-08,19.5259,20.0919,19.4693,19.9221,751500
1999-12-09,19.7523,19.8654,19.6957,19.8089,450200
1999-12-10,19.2429,19.8089,19.2429,19.8089,842700
1999-12-13,19.0592,19.3462,19.0018,19.2314,2261600
1999-12-14,19.4036,19.5185,18.8296,19.2314,1392200
1999-12-15,19.4611,19.5759,19.2888,19.2888,948800
1999-12-16,19.4611,19.6046,19.3462,19.4036,1177500
1999-12-17,19.7481,19.9777,19.2888,19.2888,2813900
1999-12-20,19.1166,19.5759,18.887,19.2888,912500
1999-12-21,19.174,19.5185,18.887,19.2888,1031900
1999-12-22,18.9444,19.1166,18.887,18.9444,523900
1999-12-23,19.2314,19.2888,19.0592,19.1166,362100
1999-12-27,19.0018,19.4036,18.9444,19.174,634100
1999-12-28,18.7722,19.0592,18.7148,18.887,568300
1999-12-29,18.7722,18.887,18.5999,18.7722,481700
1999-12-30,18.7722,18.8296,18.6574,18.6574,480000
1999-12-31,18.8296,18.9444,18.7148,18.7148,236100
2000-01-03,18.1981,18.9444,18.0833,18.7148,608600
2000-01-04,19.0018,19.174,18.0833,18.1981,1603100
2000-01-05,20.2647,20.5518,19.0592,19.0592,3054600
2000-01-06,20.437,20.5518,20.0351,20.0925,1058100
2000-01-07,20.437,20.7814,20.2647,20.437,846700
2000-01-10,20.0351,20.3222,19.8055,19.9777,543200
2000-01-11,19.7481,20.1499,19.5759,19.9777,755200
2000-01-12,20.0925,20.4944,19.7481,19.7481,852800
2000-01-13,20.2074,20.2647,20.0351,20.1499,863600
2000-01-14,20.0351,20.2074,19.5759,20.2074,1352800
2000-01-18,20.0925,20.2074,19.8055,20.2074,2423200
2000-01-19,20.5518,20.5518,20.1499,20.3222,1203000
2000-01-20,20.2647,20.4944,20.0351,20.4944,998600
2000-01-21,20.6092,20.7814,19.8629,20.4944,1791000
2000-01-24,20.5518,20.8388,20.437,20.6666,1284000
2000-01-25,19.8629,20.5518,19.6333,20.4944,1033100
2000-01-26,20.2074,20.2647,19.5185,20.2647,1571000
2000-01-27,19.8055,20.437,19.4036,20.1499,1444000
2000-01-28,19.6907,19.8629,19.3462,19.8055,1343800
2000-01-31,20.1499,20.2074,19.5759,19.8055,1084500
2000-02-01,20.3796,20.437,20.0351,20.2074,1117800
2000-02-02,20.2647,20.4944,20.2647,20.3796,1514600
2000-02-03,20.8962,21.0685,20.3222,20.3222,825800
2000-02-04,20.437,21.011,20.0925,21.011,607400
2000-02-07,20.2074,20.4944,20.2074,20.437,422300
2000-02-08,20.3222,20.6092,20.3222,20.3222,502300
2000-02-09,20.3222,20.6092,20.2647,20.2647,683900
2000-02-10,19.6333,20.3796,19.5185,20.2074,498700
2000-02-11,19.9203,20.0351,19.3462,19.5759,811100
2000-02-14,20.0925,20.437,19.6333,19.8055,599700
2000-02-15,20.0351,20.437,19.8629,20.3796,1335700
2000-02-16,20.0925,20.2647,19.9777,20.0351,525200
2000-02-17,21.1833,21.1833,19.8629,20.0925,1716800
2000-02-18,20.6666,21.1259,20.4944,21.011,1272800
2000-02-22,20.6666,20.8962,20.2074,20.2074,849200
2000-02-23,20.1499,20.437,19.9777,20.437,649000
2000-02-24,19.1166,20.0925,18.8296,20.0925,1285400
2000-02-25,18.4277,20.0925,18.3703,20.0925,833800
2000-02-28,19.0592,19.174,18.2555,18.5999,851200
2000-02-29,18.9444,19.0592,18.4851,19.0018,807500
2000-03-01,18.3129,18.9444,18.1407,18.887,1260900
2000-03-02,19.2888,19.4036,18.5999,18.5999,0
2000-03-03,19.9777,20.0925,19.174,19.2888,1940700
2000-03-06,19.3462,19.9777,19.2888,19.9777,1393600
2000-03-07,18.5999,19.6907,18.5999,19.3462,2040500
2000-03-08,18.6574,19.4036,18.5425,18.5999,1510100
2000-03-09,18.9444,19.2314,18.6574,18.8296,1754100
2000-03-10,19.5185,19.5185,18.8296,18.9444,4012600
2000-03-13,19.4486,20.2056,18.9827,19.3321,2916700
2000-03-14,19.3904,19.6233,18.9245,19.4486,1074900
2000-03-15,20.4385,20.7296,19.1574,19.3321,1036800
2000-03-16,21.2537,21.4866,20.9043,21.1955,1228800
2000-03-17,19.8562,21.1373,19.798,21.079,2011100
2000-03-20,19.9144,20.8461,19.8562,20.1474,798600
2000-03-21,19.798,20.0891,19.5068,19.5068,1537100
2000-03-22,19.6233,19.8562,19.2739,19.798,517400
2000-03-23,19.565,19.9727,19.3904,19.6233,978100
2000-03-24,19.8562,20.2638,19.2739,19.6815,652600
2000-03-27,19.7397,20.2056,19.6815,19.798,836600
2000-03-28,19.5068,20.2056,19.5068,19.798,692800
2000-03-29,19.6233,19.8562,19.4486,19.565,1012400
2000-03-30,19.798,19.8562,19.6233,19.7397,0
2000-03-31,19.565,19.798,19.2157,19.798,864200
2000-04-03,19.8562,19.9727,19.4486,19.6233,871200
2000-04-04,20.4385,20.6132,19.8562,19.9144,1534200
2000-04-05,20.1474,20.9043,20.1474,20.2056,1240500
2000-04-06,19.7397,20.9043,19.6233,20.2056,843200
2000-04-07,19.6815,19.9727,19.3904,19.565,705600
2000-04-10,20.6132,20.6132,19.2157,19.2157,767100
2000-04-11,20.9626,21.079,19.2157,19.2157,1127800
2000-04-12,21.8942,22.3018,21.1955,21.1955,1392600
2000-04-13,22.4183,22.5347,21.4284,21.4284,1914900
2000-04-14,21.9525,22.9424,21.836,21.836,1174300
2000-04-17,22.593,22.593,21.3119,22.0689,1109400
2000-04-18,22.1271,22.7677,22.1271,22.593,864500
2000-04-19,22.3018,22.4183,21.6613,22.4183,1018900
2000-04-20,22.8841,23.1753,22.3601,22.3601,1002000
2000-04-24,24.3398,24.3398,22.3601,22.3601,1670800
2000-04-25,25.2133,25.388,24.2234,24.2234,1803900
2000-04-26,25.7374,25.8538,25.1551,25.2133,1327500
2000-04-27,25.2715,25.6791,25.0968,25.2133,1672800
2000-04-28,24.1652,25.2133,24.1652,25.2133,865900
2000-05-01,24.2816,24.4563,24.1069,24.1652,653600
2000-05-02,24.1069,24.8057,24.0487,24.1652,941600
2000-05-03,23.6993,24.8057,23.4664,24.2816,468400
2000-05-04,24.2816,24.5145,23.1753,23.35,1329500
2000-05-05,23.8158,24.2234,23.6411,24.2234,910300
2000-05-08,24.2234,25.0386,23.6993,23.6993,904300
2000-05-09,24.0487,24.3981,23.8158,24.3981,923700
2000-05-10,24.3981,24.7475,23.8158,24.3981,919700
2000-05-11,24.7475,24.9222,24.2234,24.3981,576400
2000-05-12,24.3398,24.7475,24.1652,24.3981,1551500
2000-05-15,24.2816,24.7475,24.2234,24.631,737700
2000-05-16,24.1069,24.5145,23.5829,24.3981,739000
2000-05-17,23.5246,24.5145,22.8841,24.3981,530300
2000-05-18,23.7575,24.1069,22.8841,23.874,787800
2000-05-19,23.7575,24.2234,23.35,23.6411,555500
2000-05-22,24.6892,24.7475,23.35,23.6411,639300
2000-05-23,24.2816,24.5145,24.0487,24.0487,509700
2000-05-24,24.5728,25.0968,24.0487,24.0487,709300
2000-05-25,23.9905,24.5728,23.874,24.5728,731100
2000-05-26,24.3398,24.7475,24.2234,24.2234,470700
2000-05-30,23.9905,24.7475,23.7575,24.2234,598000
2000-05-31,24.1652,24.4563,23.9322,23.9905,465300
2000-06-01,24.2816,24.5728,23.9905,24.5728,966500
2000-06-02,24.0487,24.3398,23.9322,24.2816,1121600
2000-06-05,23.1171,24.3398,23.0006,24.2816,457400
2000-06-06,24.1069,24.1652,22.6512,22.6512,663900
2000-06-07,23.8158,24.2234,23.7575,24.1652,416700
2000-06-08,23.7575,23.8158,23.7575,23.8158,555200
2000-06-09,24.1652,24.3398,23.8158,23.874,485200
2000-06-12,24.5145,24.631,23.8158,23.874,1327300
2000-06-13,24.6795,25.1507,24.3261,24.5028,1826800
2000-06-14,23.8549,25.1507,23.7371,24.5028,496800
2000-06-15,24.7973,24.9151,24.0316,24.0316,641700
2000-06-16,24.4439,25.0918,24.3261,24.3261,1032700
2000-06-19,24.2083,24.6206,23.796,23.9727,808100
2000-06-20,24.0905,24.3261,23.8549,23.9727,693800
2000-06-21,24.2083,24.4439,24.0316,24.0316,1087400
2000-06-22,24.4439,24.5028,24.0905,24.385,1183200
2000-06-23,24.5617,24.6795,24.0905,24.385,945600
2000-06-26,24.7384,24.7973,24.385,24.385,643100
2000-06-27,23.8549,24.6795,23.7371,24.5617,1073200
2000-06-28,24.6795,24.7973,23.2069,23.9138,896600
2000-06-29,24.0316,24.7973,23.9138,24.4439,563700
2000-06-30,23.2069,24.7384,22.8535,23.9727,1552600
2000-07-03,23.8549,24.0905,23.3837,23.4426,591900
2000-07-05,23.6782,24.6206,23.5015,23.9138,557800
2000-07-06,24.0316,24.1494,23.6193,23.6782,653400
2000-07-07,24.5617,24.6206,23.6782,23.6782,1297300
2000-07-10,24.5617,24.9151,24.385,24.385,821100
2000-07-11,24.7973,24.7973,24.2672,24.5028,540200
2000-07-12,24.2672,24.6795,24.2083,24.5028,809400
2000-07-13,24.2672,24.4439,23.9138,24.4439,412800
2000-07-14,24.0905,24.7384,23.9727,24.3261,627000
2000-07-17,24.4439,24.7973,23.9727,24.3261,801900
2000-07-18,24.5028,24.9151,24.1494,24.1494,575400
2000-07-19,25.2685,25.3274,24.1494,24.6795,1002300
2000-07-20,24.9151,25.9753,24.7384,25.9164,778300
2000-07-21,24.7973,25.3274,24.6206,25.3274,590700
2000-07-24,24.5028,24.6795,24.3261,24.6795,409500
2000-07-25,24.8562,25.1507,24.3261,24.5617,676100
2000-07-26,24.3261,24.974,24.2672,24.4439,845400
2000-07-27,24.5028,24.9151,24.385,24.7973,632400
2000-07-28,24.9151,25.0329,24.385,24.385,535800
2000-07-31,24.385,25.2096,24.2672,24.974,786000
2000-08-01,25.2096,25.563,24.6206,24.7384,1564300
2000-08-02,26.0342,26.0342,25.2685,25.3274,1236100
2000-08-03,27.1681,27.4478,26.4465,26.5054,2081900
2000-08-04,26.7999,27.1533,25.8575,26.5054,1193500
2000-08-07,27.2122,27.2711,26.3287,26.4465,766900
2000-08-08,27.1533,27.1533,26.8588,26.8588,683500
2000-08-09,26.8588,27.0944,26.741,27.0355,383300
2000-08-10,26.6232,26.9766,26.2698,26.9766,1380400
2000-08-11,26.9324,27.1533,26.2698,26.741,644500
2000-08-14,27.0944,27.3889,26.6821,26.6821,846900
2000-08-15,27.5067,27.7423,26.7999,26.8588,833900
2000-08-16,27.2711,27.6245,27.2711,27.5656,649300
2000-08-17,27.2122,27.5067,27.0355,27.1533,516800
2000-08-18,27.2122,27.4478,27.0944,27.1533,426000
2000-08-21,27.0944,27.2122,26.9177,27.0944,495500
2000-08-22,26.9766,27.0355,26.9177,27.0355,411700
2000-08-23,27.0944,27.0944,26.7999,26.8588,523900
2000-08-24,26.6821,27.0944,26.5643,26.8588,400700
2000-08-25,26.3287,27.0944,26.152,27.0355,358800
2000-08-28,26.9177,27.2711,26.2698,26.6821,490100
2000-08-29,26.6821,27.0944,26.6232,26.6232,254000
2000-08-30,26.7999,27.1533,26.3876,26.3876,465400
2000-08-31,27.2711,27.5656,26.6232,26.6232,864800
2000-09-01,27.2311,27.5656,27.0355,27.4478,413100
2000-09-05,27.7423,27.8012,27.0944,27.0944,626700
2000-09-06,28.2135,28.3902,27.8012,27.8601,1176700
2000-09-07,28.3314,28.508,28.2135,28.2724,1207200
2000-09-08,28.7437,28.8615,28.2135,28.2724,1559100
2000-09-11,29.8039,29.9217,28.7437,28.7437,1895800
2000-09-12,29.156,29.9806,28.5669,29.7449,3334600
2000-09-13,28.8467,29.6199,28.7277,29.382,2735600
2000-09-14,27.9545,28.3708,27.5976,28.3114,946000
2000-09-15,26.9434,27.5976,26.7649,26.8839,2482300
2000-09-18,26.3486,27.0029,26.0512,27.0029,1304400
2000-09-19,24.6237,26.1107,24.0884,26.1107,1627300
2000-09-20,21.7688,24.6237,21.2335,24.5048,4400000
2000-09-21,22.1257,22.3636,21.2335,21.8283,3043300
2000-09-22,24.7427,24.7427,22.4826,22.4826,2870400
2000-09-25,25.0996,26.0512,24.5048,26.0512,2222100
2000-09-26,25.9917,25.9917,25.0401,25.9917,1566700
2000-09-27,24.1479,25.4564,22.9584,25.2185,4151400
2000-09-28,23.7911,24.7427,23.1368,24.2669,3903500
2000-09-29,23.0179,23.6721,22.9584,23.5531,1604300
2000-10-02,23.5531,23.7316,22.4826,23.0773,1233100
2000-10-03,23.0773,23.7316,22.8394,23.5531,1377000
2000-10-04,22.661,23.3152,22.3041,23.0773,1645600
2000-10-05,22.4826,23.2558,22.2446,22.8989,1207800
2000-10-06,23.5531,23.7911,22.6015,22.6015,1912100
2000-10-09,23.8505,24.1479,23.2558,23.4342,1249200
2000-10-10,24.3264,25.3375,23.91,24.029,1377500
2000-10-11,25.6944,25.6944,24.2669,24.6832,3068200
2000-10-12,24.7427,25.7538,24.5048,25.4564,1338800
2000-10-13,26.7055,26.9434,24.5048,25.4564,1525700
2000-10-16,27.0029,27.6571,26.527,26.9434,1201100
2000-10-17,27.2408,27.3002,26.7055,26.9434,1524900
2000-10-18,26.8244,27.895,26.646,27.1813,1024400
2000-10-19,26.8244,26.9434,26.2891,26.7649,2011200
2000-10-20,26.4676,26.8244,24.7427,26.5865,1469200
2000-10-23,27.6571,27.7761,26.3486,26.4676,1208100
2000-10-24,27.7761,28.0735,27.1813,27.7761,1369400
2000-10-25,26.2891,27.7761,26.1702,27.7761,1115900
2000-10-26,25.8133,26.5865,25.6349,26.5865,849100
2000-10-27,25.8133,26.3486,25.0996,25.5159,1341200
2000-10-30,25.8133,26.0512,25.6349,25.6944,1292100
2000-10-31,25.6349,25.8728,25.2185,25.8133,997000
2000-11-01,26.7055,26.8839,25.5754,25.8728,1991100
2000-11-02,26.3486,26.9434,25.9917,26.9434,734000
2000-11-03,25.8133,26.527,25.4564,26.527,663700
2000-11-06,25.9323,26.646,25.7538,25.8728,429600
2000-11-07,25.278,26.1107,25.0401,26.1107,624100
2000-11-08,25.397,25.6944,24.8617,25.6944,517300
2000-11-09,25.5159,25.7538,25.0996,25.5159,368800
2000-11-10,25.8133,26.3486,25.5159,25.5754,400200
2000-11-13,26.3486,26.7649,25.7538,25.7538,923500
2000-11-14,25.6944,26.1107,25.3375,26.1107,486500
2000-11-15,26.646,26.8244,25.6944,25.6944,891900
2000-11-16,26.5865,26.7649,26.2891,26.4081,464900
2000-11-17,27.2408,27.5976,27.0623,27.0623,1147300
2000-11-20,27.2408,27.5382,26.8839,27.1218,680100
2000-11-21,26.527,27.0623,26.2891,26.9434,1158900
2000-11-22,26.646,26.8244,26.4676,26.527,797400
2000-11-24,26.5865,26.5865,25.9323,26.527,263300
2000-11-27,25.8728,26.4081,25.8728,26.4081,725800
2000-11-28,26.2891,26.2891,25.7538,25.9917,756700
2000-11-29,26.2891,26.9434,26.1107,26.1107,867300
2000-11-30,26.1107,26.646,25.9917,26.3486,2415200
2000-12-01,25.6349,26.2296,25.5159,26.1702,1269800
2000-12-04,25.5159,25.9323,25.278,25.5159,1133100
2000-12-05,25.0401,25.5159,24.7427,25.5159,837700
2000-12-06,24.2669,25.0996,24.0884,24.9806,878900
2000-12-07,23.7316,24.6237,23.6721,24.3859,1339200
2000-12-08,22.4231,23.1963,22.3636,23.1963,1986600
2000-12-11,20.8767,22.0067,20.1629,20.9361,3152900
2000-12-12,20.4603,21.174,20.4603,21.1146,2226700
2000-12-13,20.4008,20.6387,20.4008,20.4603,2562900
2000-12-14,21.7093,21.8283,20.4008,20.4603,2979200
2000-12-15,22.8989,22.9584,22.3041,22.3636,2921100
2000-12-18,22.4826,22.9584,22.2446,22.8989,1933600
2000-12-19,21.293,22.1257,20.8767,21.0551,2166900
2000-12-20,19.925,21.174,19.7466,20.8767,7972000
2000-12-21,17.3675,18.2596,16.1779,17.8433,6625500
2000-12-22,19.0923,19.8061,17.8433,18.9139,6802900
2000-12-26,18.8544,19.0923,18.0812,19.0923,2032400
2000-12-27,18.9139,18.9139,18.0812,18.0812,2435600
2000-12-28,18.4975,18.7355,18.3191,18.557,2416300
2000-12-29,19.0329,19.1518,18.3191,18.3786,1571600
2001-01-02,18.6165,18.9139,18.4381,18.676,1952100
2001-01-03,16.1779,19.925,16.1779,18.8544,5725400
2001-01-04,11.4197,13.323,8.4458,12.8472,22944600
2001-01-05,12.0145,12.3713,10.5275,10.706,9520900
2001-01-08,13.323,13.5609,11.4792,11.955,8294800
2001-01-09,12.6687,12.9661,11.7766,12.6093,5700300
2001-01-10,12.9066,13.323,11.5387,12.7877,5967100
2001-01-11,11.7171,12.1929,11.0033,12.1334,6406100
2001-01-12,11.0033,11.8955,10.8844,11.7766,6913000
2001-01-16,10.4681,11.0033,9.0406,11.0033,7940900
2001-01-17,9.1595,10.2896,8.9811,10.2896,7642300
2001-01-18,9.2785,9.6948,7.97,9.1595,10078900
2001-01-19,9.6948,10.2301,8.2674,8.6243,7867800
2001-01-22,9.2785,10.706,9.219,9.3975,5374200
2001-01-23,9.1001,9.5164,8.5648,9.3975,3590200
2001-01-24,9.4569,9.6948,9.0406,9.1595,6938700
2001-01-25,12.3713,12.3713,10.587,11.4197,11856300
2001-01-26,11.8955,12.9661,11.5981,12.1929,7683300
2001-01-29,13.342,13.3706,12.7996,13.0851,6076400
2001-01-30,14.4174,14.7409,13.8178,14.0367,6966400
2001-01-31,13.5609,14.5601,12.8472,14.5601,6824900
2001-02-01,13.618,13.894,12.0097,13.0851,5319300
2001-02-02,12.8567,14.4174,12.8472,14.2746,3809300
2001-02-05,12.9423,13.4086,12.3713,13.0375,2392000
2001-02-06,12.3523,12.9423,12.1334,12.9423,3406600
2001-02-07,12.3047,12.752,12.2476,12.3713,4234900
2001-02-08,12.2952,12.3333,11.8574,12.2762,2344600
2001-02-09,12.4665,12.5807,12.2857,12.3238,2329000
2001-02-12,11.7242,13.4562,10.5822,12.4189,6844300
2001-02-13,11.6862,12.2762,11.5434,11.61,1647900
2001-02-14,11.8955,12.2857,11.4387,11.61,1870200
2001-02-15,12.181,12.3238,11.8479,11.8955,1672700
2001-02-16,12.4855,12.9899,12.181,12.181,2953700
2001-02-20,12.3618,12.7425,12.2476,12.4189,2173400
2001-02-21,12.4284,13.0851,12.181,12.2762,2675800
2001-02-22,13.4372,13.7037,12.3904,12.5141,3947500
2001-02-23,12.9233,14.1699,12.4951,13.7512,3129500
2001-02-26,13.361,14.0367,13.2278,13.4657,2921800
2001-02-27,13.3706,13.5038,13.1327,13.4182,1712800
2001-02-28,13.2849,13.3706,13.1422,13.323,1700500
2001-03-01,13.3135,13.323,12.9423,13.2849,1336800
2001-03-02,13.7988,13.7988,12.9518,13.3135,1589900
2001-03-05,14.0367,14.0367,13.6466,13.9891,2515000
2001-03-06,13.7037,14.0367,13.5133,14.0367,1410400
2001-03-07,13.8464,13.9416,13.6085,13.6085,1256300
2001-03-08,13.7322,13.932,13.6561,13.8464,1164600
2001-03-09,13.6751,13.8844,13.5133,13.6656,993400
2001-03-12,13.8178,13.8844,13.5704,13.6561,1282600
2001-03-13,13.5514,13.7798,13.5133,13.7512,1104200
2001-03-14,12.4665,13.4086,12.2286,13.0851,2448400
2001-03-15,12.2952,12.476,12.0858,12.3713,1820500
2001-03-16,10.8677,11.5149,10.2396,11.4197,3906100
2001-03-19,11.2769,11.5529,10.8582,11.3245,2105700
2001-03-20,10.8487,11.3626,10.8487,11.1532,1285000
2001-03-21,11.1818,11.4863,10.8487,10.8582,2130100
2001-03-22,10.6489,11.1723,10.3729,11.0771,2183800
2001-03-23,10.135,10.4966,9.9066,10.2777,2668900
2001-03-26,13.0851,13.9891,11.7052,11.8955,5798400
2001-03-27,12.5617,13.4752,12.5617,13.0851,3885000
2001-03-28,12.5617,13.1231,12.5141,13.0851,2166800
2001-03-29,12.0002,12.4094,11.9241,12.3142,1818400
2001-03-30,11.8479,11.8479,10.9534,11.8479,2562700
2001-04-02,11.1818,11.3055,10.5632,10.5632,1838300
2001-04-03,10.9724,11.3721,10.5632,10.9915,1758700
2001-04-04,11.0866,11.0866,10.706,10.9439,2359700
2001-04-05,10.8297,10.9915,10.6203,10.9915,1513900
2001-04-06,6.8518,10.9819,6.2332,10.8297,8584100
2001-04-09,6.5663,7.3752,6.1856,6.1856,7129000
2001-04-10,8.089,8.4696,7.1373,7.1373,6539800
2001-04-11,8.0509,8.1746,7.6322,7.9938,2604100
2001-04-12,8.2317,8.5172,8.0223,8.089,2312700
2001-04-16,8.4125,8.6599,8.146,8.6123,2631900
2001-04-17,8.4696,8.5077,8.2698,8.3268,1901300
2001-04-18,8.6028,8.6599,8.4791,8.5648,2980800
2001-04-19,8.3078,8.6123,8.2983,8.6123,1878700
2001-04-20,8.4696,8.5648,8.1556,8.3268,2277500
2001-04-23,8.5552,8.6028,8.384,8.5648,2225800
2001-04-24,8.5838,8.6599,8.4696,8.5648,1576300
2001-04-25,8.3744,8.5172,8.2888,8.5172,2102400
2001-04-26,8.3173,8.3744,8.2222,8.3744,1212600
2001-04-27,8.5077,8.5552,8.3268,8.3268,754600
2001-04-30,8.5362,8.6123,8.384,8.5648,1273200
2001-05-01,8.5648,8.7075,8.4791,8.7075,1417900
2001-05-02,8.5267,8.6028,8.4315,8.5648,1554900
2001-05-03,8.4315,8.4981,8.3173,8.4601,672700
2001-05-04,8.5648,8.5648,8.3935,8.4506,1266300
2001-05-07,8.5648,8.6314,8.5077,8.5172,642900
2001-05-08,8.5172,8.5648,8.4981,8.5648,628400
2001-05-09,8.5648,8.6599,8.4601,8.5457,6560500
2001-05-10,8.6599,8.8407,8.5267,8.5743,2395900
2001-05-11,10.0684,10.0779,8.7075,8.7551,5333400
2001-05-14,11.2294,11.4197,10.0684,10.0779,6169300
2001-05-15,10.9915,11.3816,10.9439,10.9915,3180300
2001-05-16,10.4681,10.7726,10.3729,10.5632,1539400
2001-05-17,11.1057,11.1247,10.1826,10.4585,1269400
2001-05-18,11.0771,11.1437,10.8487,11.1057,1538900
2001-05-21,10.6203,11.1723,10.5251,11.1723,1160100
2001-05-22,10.6869,10.9153,10.5442,10.7155,1183700
2001-05-23,10.6584,10.9534,10.6584,10.7821,1114800
2001-05-24,10.7155,10.8772,10.6679,10.7821,1017100
2001-05-25,10.43,10.6393,10.3634,10.6203,670500
2001-05-29,10.5156,10.5632,10.0874,10.3729,1120100
2001-05-30,10.4776,10.5822,10.2968,10.4871,680700
2001-05-31,10.8487,10.9534,10.4681,10.4681,668900
2001-06-01,11.0866,11.1818,10.5632,10.8963,2250900
2001-06-04,10.8487,11.0771,10.706,11.039,795800
2001-06-05,10.706,10.8297,10.4205,10.8011,908900
2001-06-06,10.5347,10.6964,10.3824,10.5822,677000
2001-06-07,11.3721,11.6576,10.5442,10.5442,2178600
2001-06-08,11.2674,11.3436,10.9439,11.2769,686500
2001-06-11,10.9439,11.5244,10.9439,11.1818,660000
2001-06-12,11.4197,11.4197,10.7536,10.9439,962000
2001-06-13,10.7345,11.3245,10.7155,11.3245,1198500
2001-06-14,10.6298,10.8487,10.5632,10.744,654000
2001-06-15,10.9439,11.1818,10.6298,10.6298,1507500
2001-06-18,11.1247,11.1913,10.9248,11.039,1507300
2001-06-19,11.4007,11.4007,11.0105,11.039,1536500
2001-06-20,11.5054,11.6005,11.0485,11.4007,780800
2001-06-21,11.2294,11.2865,10.8392,11.1818,864800
2001-06-22,11.3721,11.3721,11.0485,11.1342,683400
2001-06-25,11.1342,11.4102,11.0866,11.4102,609400
2001-06-26,11.4578,11.5434,10.9819,11.0866,1072500
2001-06-27,11.2769,11.5054,11.1818,11.3626,653900
2001-06-28,11.61,11.9336,11.3721,11.4102,1081500
2001-06-29,10.6584,11.61,10.6584,11.3721,1190800
2001-07-02,11.8955,11.8955,11.0961,11.1342,969700
2001-07-03,11.9526,12.0192,11.6005,11.7052,389900
2001-07-05,12.6759,12.6854,11.886,11.9526,1237700
2001-07-06,12.7996,13.2469,12.3904,12.6759,2209600
2001-07-09,13.4182,13.5228,12.752,12.8472,2139700
2001-07-10,12.8947,13.2373,12.752,13.2278,1064400
2001-07-11,13.0851,13.6561,12.9043,12.9043,1882800
2001-07-12,13.0565,13.3801,12.8567,13.0375,1350400
2001-07-13,13.6085,13.6846,12.8472,12.8472,1576900
2001-07-16,14.2746,14.6077,13.7037,13.7988,3203300
2001-07-17,14.1985,14.3603,14.0843,14.227,1303200
2001-07-18,14.3698,14.4079,14.189,14.189,1704100
2001-07-19,14.6553,14.6553,14.3413,14.3507,1622500
2001-07-20,14.2746,14.5601,14.1795,14.5601,1292900
2001-07-23,13.5609,14.2366,13.3991,14.227,1565200
2001-07-24,13.0756,13.6561,12.6093,13.6085,1538500
2001-07-25,13.323,13.4562,12.752,13.0375,1677900
2001-07-26,13.7988,13.7988,13.0375,13.1517,1447300
2001-07-27,14.0843,14.0843,13.3801,13.7037,1567600
2001-07-30,14.1699,14.1985,13.6275,13.9891,778800
2001-07-31,14.1509,14.5601,13.894,14.0748,1826200
2001-08-01,14.3222,14.5125,13.7988,14.1319,825700
2001-08-02,14.6933,14.7124,14.4174,14.4174,701100
2001-08-03,14.5125,14.779,14.1795,14.5982,932000
2001-08-06,14.3413,14.522,14.1985,14.522,447900
2001-08-07,15.0645,15.0835,14.503,14.6077,1001500
2001-08-08,14.9408,15.093,14.8266,14.8456,899800
2001-08-09,15.2263,15.3595,14.8266,14.9408,1374200
2001-08-10,15.2548,15.5403,14.9884,15.0359,864900
2001-08-13,15.2739,15.3405,15.2072,15.2548,492100
2001-08-14,15.3405,15.4166,15.2833,15.3024,463400
2001-08-15,15.2358,15.4071,15.2358,15.35,1154600
2001-08-16,15.2833,15.4451,15.1501,15.2263,827800
2001-08-17,15.2929,15.3976,15.1311,15.1311,1044700
2001-08-20,15.9781,15.9781,15.2263,15.2263,1337800
2001-08-21,15.7402,16.0732,15.6545,15.8258,943100
2001-08-22,15.6069,15.8924,15.6069,15.7021,676800
2001-08-23,15.5118,15.8924,15.369,15.6545,909500
2001-08-24,15.7782,15.7782,15.4356,15.5118,1135400
2001-08-27,15.8448,15.9685,15.664,15.7497,800400
2001-08-28,15.94,15.9495,15.6545,15.6545,800800
2001-08-29,15.626,15.8163,15.5689,15.7497,479200
2001-08-30,15.5308,15.9115,15.35,15.6831,593000
2001-08-31,15.6069,15.7592,15.4642,15.6545,717800
2001-09-04,15.7497,16.0637,15.4261,15.4642,705800
2001-09-05,15.7021,15.7211,15.3214,15.6069,557300
2001-09-06,15.5118,15.7021,15.2548,15.7021,711100
2001-09-07,15.7116,15.8353,15.4166,15.5118,949600
2001-09-10,15.7972,15.8639,15.5308,15.5594,1179700
2001-09-17,14.6077,15.369,14.3222,15.3214,1005900
2001-09-18,14.522,14.6077,14.1319,14.5982,1003500
2001-09-19,13.7988,14.8932,13.7037,14.5792,1216500
2001-09-20,14.9598,15.3214,13.2278,13.5609,2464700
2001-09-21,16.1779,16.6061,14.5601,14.5601,2646600
2001-09-24,15.6735,16.1684,15.4642,16.1303,3103500
2001-09-25,14.9408,15.8448,14.6838,15.6735,2017600
2001-09-26,14.7505,14.9408,14.5601,14.7505,1442800
2001-09-27,14.5411,14.9408,14.503,14.798,846500
2001-09-28,14.465,14.6553,14.2746,14.5125,3405400
2001-10-01,14.503,14.5601,14.2841,14.465,1509200
2001-10-02,14.3222,14.5411,14.2366,14.3032,2561700
2001-10-03,16.7394,16.7394,15.369,15.7021,3852300
2001-10-04,16.4158,17.101,16.0066,16.6537,2352200
2001-10-05,16.9868,17.0344,15.959,16.4634,2567200
2001-10-08,17.3675,17.3675,16.6537,16.7489,1085600
2001-10-09,17.1962,17.3199,17.1391,17.1962,598300
2001-10-10,17.9384,17.986,16.9868,17.1391,997400
2001-10-11,18.1668,18.557,17.8433,17.8718,1837700
2001-10-12,18.1764,18.4524,18.0336,18.1668,1477100
2001-10-15,18.2144,18.3667,18.1002,18.1002,1353500
2001-10-16,18.3572,18.4333,18.1193,18.1288,773700
2001-10-17,18.4428,18.5475,18.1859,18.2335,655800
2001-10-18,18.3667,18.5951,18.2239,18.3191,1171800
2001-10-19,18.852,19.0233,18.2525,18.3382,914000
2001-10-22,18.9853,19.0329,18.814,18.852,958200
2001-10-23,18.8806,19.128,18.852,18.9853,1434400
2001-10-24,18.871,18.9377,17.7957,18.7474,990300
2001-10-25,18.1288,18.9853,18.0812,18.7949,1552000
2001-10-26,17.3199,18.0812,17.1391,18.0812,1788600
2001-10-29,16.9868,17.3008,16.8155,17.082,615600
2001-10-30,17.2628,17.2628,16.9012,16.9868,624300
2001-10-31,17.1866,17.3199,16.8916,17.0725,586100
2001-11-01,17.2342,17.3675,16.7013,17.1296,897500
2001-11-02,17.0629,17.1676,16.6061,17.1296,811300
2001-11-05,17.4722,17.7006,17.0344,17.0344,917600
2001-11-06,17.4626,17.4626,16.9583,17.3675,710500
2001-11-07,17.1296,17.4626,16.9678,17.4626,1012600
2001-11-08,16.6537,17.1771,16.0923,17.1296,1366800
2001-11-09,17.1296,17.2723,16.7013,17.0344,1599100
2001-11-12,16.787,17.1105,16.5586,16.9868,590500
2001-11-13,17.2247,17.358,16.6061,16.6061,688000
2001-11-14,17.1391,17.2723,16.8441,17.2247,626100
2001-11-15,16.9392,17.2533,16.806,17.1581,831400
2001-11-16,17.4151,17.4626,16.9487,16.9487,1295400
2001-11-19,17.358,17.5197,16.7965,17.2723,630200
2001-11-20,17.2628,17.4626,17.1296,17.2723,644400
2001-11-21,17.0534,17.1296,16.8345,17.1296,333400
2001-11-23,17.1581,17.2152,16.7013,16.9392,220300
2001-11-26,16.9868,17.2913,16.7679,17.1296,475600
2001-11-27,17.082,17.5102,16.9583,17.1296,893500
2001-11-28,17.4626,17.5102,17.0344,17.12,1559900
2001-11-29,17.3675,17.7006,17.2438,17.4626,985300
2001-11-30,17.4151,17.6625,17.1771,17.2723,1042600
2001-12-03,17.5007,17.691,17.2247,17.4151,1045900
2001-12-04,17.7196,17.7386,16.9868,17.1296,835400
2001-12-05,18.2049,18.2335,17.7957,17.7957,958400
2001-12-06,17.8718,17.986,17.7196,17.986,853900
2001-12-07,18.2144,18.3382,17.7862,17.986,906300
2001-12-10,18.3382,18.3572,17.9384,18.2144,1115900
2001-12-11,18.262,18.5095,18.0812,18.3477,766600
2001-12-12,18.5951,18.6046,17.8718,18.2239,1099600
2001-12-13,18.4714,18.6712,18.1764,18.4619,762200
2001-12-14,18.4143,18.6522,18.2335,18.3667,903700
2001-12-17,18.1859,18.3857,17.7006,18.2906,828600
2001-12-18,18.557,18.557,17.8052,18.1859,963900
2001-12-19,18.7474,18.7949,18.3382,18.4619,1042000
2001-12-20,18.4619,18.6522,18.3286,18.557,724200
2001-12-21,18.5095,18.7283,18.3667,18.4999,1128700
2001-12-24,18.4714,18.7854,18.3667,18.3667,276800
2001-12-26,18.8615,19.0233,18.4714,18.4714,616200
2001-12-27,18.8901,19.0043,18.6807,18.6807,530100
2001-12-28,18.5951,19.0329,18.557,18.8425,877600
2001-12-31,18.3096,18.7474,18.2049,18.557,794600
2002-01-02,18.5095,18.557,18.0812,18.1764,1517600
2002-01-03,18.5095,18.6046,18.1859,18.2906,818800
2002-01-04,18.6046,18.7283,18.2335,18.3667,1119400
2002-01-07,18.6712,18.7949,18.4048,18.6046,534500
2002-01-08,18.2335,18.8901,18.0812,18.5095,1617500
2002-01-09,18.5761,18.7188,18.0812,18.0812,2223800
2002-01-10,18.538,18.7378,18.0907,18.6427,1545200
2002-01-11,18.0717,18.281,17.948,18.0812,1187400
2002-01-14,18.5665,18.6141,17.986,18.0812,943300
2002-01-15,18.4714,18.6332,18.281,18.3667,938600
2002-01-16,18.1764,18.5761,18.0907,18.4428,648300
2002-01-17,18.3001,18.3667,18.0336,18.1288,819000
2002-01-18,18.6712,18.7949,18.0812,18.1288,1979700
2002-01-22,18.9853,19.0329,18.4333,18.6046,2244400
2002-01-23,19.0519,19.2708,19.0424,19.2232,1833000
2002-01-24,19.7751,19.8893,18.9853,18.9853,1560800
2002-01-25,19.3945,19.8798,19.3279,19.7751,1336100
2002-01-28,19.5753,19.7371,19.2232,19.2708,1663300
2002-01-29,19.8893,20.0226,19.6038,19.7466,2154600
2002-01-30,19.7846,19.9845,19.5087,19.7941,1125800
2002-01-31,20.4603,20.4603,19.6038,19.7466,1338500
2002-02-01,20.27,20.3937,20.0797,20.27,1354400
2002-02-04,20.3366,20.3842,20.0797,20.1748,905700
2002-02-05,20.8029,20.9361,20.1843,20.2224,926100
2002-02-06,21.2216,21.2216,20.6506,20.7077,1582000
2002-02-07,20.7934,21.3073,20.6506,21.0123,1240500
2002-02-08,19.9179,20.7553,18.6617,20.6031,4387600
2002-02-11,19.8322,20.0321,19.6038,19.7466,1187200
2002-02-12,19.8417,20.0226,19.3659,19.5087,1094000
2002-02-13,19.9845,20.3081,19.5753,19.699,1364100
2002-02-14,20.289,20.3081,19.7466,19.8417,773000
2002-02-15,19.7466,20.3081,19.4611,20.1272,768700
2002-02-19,19.5753,19.9274,19.3564,19.3564,853000
2002-02-20,19.5943,19.6514,19.0424,19.6514,962100
2002-02-22,19.68,19.68,18.852,18.852,782100
2002-02-25,19.3183,19.5658,19.1756,19.4611,1041300
2002-02-26,19.7085,19.7941,19.0804,19.0804,881400
2002-02-27,19.8417,20.2224,19.6514,19.7466,1196900
2002-02-28,20.1843,20.27,19.718,19.8417,1157400
2002-03-01,20.9361,20.9361,20.1938,20.2224,1348200
2002-03-04,21.45,21.45,20.7077,20.841,1326500
2002-03-05,21.8592,21.8783,21.136,21.45,1651600
2002-03-06,21.5166,21.8687,21.3453,21.745,1594400
2002-03-07,21.5071,21.726,21.2787,21.412,1155300
2002-03-08,20.841,21.6975,20.6506,21.5071,1374100
2002-03-11,20.3652,20.7458,20.1082,20.6031,1840500
2002-03-12,20.1653,20.4603,20.0606,20.3081,858200
2002-03-13,19.8988,20.1748,19.8893,20.1748,699400
2002-03-14,19.9369,20.0511,19.8132,19.8703,1191300
2002-03-15,20.0606,20.27,19.9369,19.9655,1309000
2002-03-18,20.6316,20.6982,20.0035,20.0035,816300
2002-03-19,21.1265,21.1265,20.5079,20.5079,739700
2002-03-20,20.9457,21.1645,20.6982,20.9361,1832300
2002-03-21,21.5262,21.5452,20.8885,20.8885,969900
2002-03-22,21.5262,21.6975,21.3358,21.412,1029600
2002-03-25,21.6499,21.7736,21.4596,21.5833,816800
2002-03-26,21.726,21.7926,21.5547,21.6499,1832500
2002-03-27,22.1733,22.316,21.745,21.745,1936300
2002-03-28,22.4207,22.5159,21.8878,22.316,1291900
2002-04-01,22.4588,22.4683,22.021,22.4207,646800
2002-04-02,21.9734,22.3446,21.8973,22.2208,1049200
2002-04-03,21.6499,21.9354,21.4976,21.9354,1248100
2002-04-04,21.3263,21.745,21.2692,21.5071,2599300
2002-04-05,21.6499,21.8211,21.5547,21.5547,1160500
2002-04-08,21.6118,21.7165,21.4215,21.6594,582600
2002-04-09,21.5071,21.6784,21.3644,21.6213,550700
2002-04-10,22.2684,22.297,21.5071,21.6023,1798800
2002-04-11,21.707,22.3446,21.707,22.2684,1183200
2002-04-12,22.1638,22.1638,21.707,21.9354,1052600
2002-04-15,21.7831,22.0971,21.726,22.0305,1222200
2002-04-16,22.021,22.1733,21.8402,21.8878,789100
2002-04-17,21.8687,22.1162,21.6879,21.8402,1560700
2002-04-18,21.9734,22.0115,21.6975,21.8592,642100
2002-04-19,21.9734,21.9734,21.7926,21.8402,485400
2002-04-22,22.0305,22.2208,21.8783,21.8878,757800
2002-04-23,22.2684,22.4683,21.9829,22.2684,1279200
2002-04-24,22.3636,22.3731,22.04,22.2304,876900
2002-04-25,22.3351,22.3636,21.9829,22.1733,1032900
2002-04-26,22.2684,22.3351,22.1257,22.2208,704400
2002-04-29,21.8497,22.2208,21.8497,22.2208,868400
2002-04-30,22.3636,22.3826,21.9925,22.0305,1246700
2002-05-01,22.3541,22.4588,22.0305,22.2684,623100
2002-05-02,22.4017,22.4778,22.2208,22.3636,714000
2002-05-03,22.4588,22.4968,22.2875,22.4683,1340400
2002-05-06,22.3446,22.573,22.3065,22.4588,1167400
2002-05-07,22.2684,22.5063,22.2304,22.4588,690800
2002-05-08,22.5349,22.6015,22.2399,22.278,1361200
2002-05-09,22.1733,22.5539,22.1352,22.5063,889500
2002-05-10,22.1257,22.4778,21.9829,22.1828,570800
2002-05-13,22.5063,22.5444,22.0781,22.1733,638000
2002-05-14,21.8402,22.4492,21.7545,22.316,1229700
2002-05-15,20.289,21.7926,20.2795,21.7926,4055600
2002-05-16,19.9845,20.4603,19.4516,20.27,3377300
2002-05-17,19.699,19.9655,19.5087,19.5087,1972700
2002-05-20,19.8798,20.1272,19.6229,19.7941,1157400
2002-05-21,19.8893,20.0321,19.6038,19.9845,864400
2002-05-22,20.2605,20.2605,19.8417,19.8893,1790400
2002-05-23,20.7458,20.7458,20.1938,20.2605,1131200
2002-05-24,20.841,21.0979,20.6792,20.9361,1407400
2002-05-28,20.9171,21.0598,20.6792,20.841,880800
2002-05-29,20.6506,20.8885,20.3271,20.6982,809400
2002-05-30,20.841,21.0694,20.6506,20.6506,1087400
2002-05-31,20.4603,20.9361,20.2129,20.86,1388300
2002-06-03,20.0511,20.6982,20.0226,20.6506,757700
2002-06-04,20.0511,20.2129,19.6514,20.013,933000
2002-06-05,19.7466,20.1177,19.4516,20.0797,1138800
2002-06-06,19.2803,19.8417,19.2422,19.7466,1007700
2002-06-07,19.109,19.2708,18.9853,19.128,1622200
2002-06-10,19.2612,19.3088,18.7759,19.1756,1070800
2002-06-11,18.7664,19.3469,18.7188,19.2232,1481200
2002-06-12,19.6038,19.7275,18.7474,18.7474,1939100
2002-06-13,19.5562,19.8132,19.4135,19.5277,1199300
2002-06-14,19.5277,19.7656,19.128,19.5087,957500
2002-06-17,20.565,20.6506,19.5182,19.5562,1512800
2002-06-18,20.584,20.8885,20.2414,20.565,1487000
2002-06-19,20.1843,20.6887,20.0797,20.4127,807000
2002-06-20,19.8798,20.6506,19.8798,19.9845,936900
2002-06-21,19.6514,19.8417,19.2232,19.2232,1590200
2002-06-24,19.0043,19.5562,18.852,19.2708,1319700
2002-06-25,18.4143,19.0804,18.3382,18.9377,1501900
2002-06-26,17.1391,17.7957,17.1391,17.4626,3795400
2002-06-27,16.1303,17.1391,16.0828,17.1391,2564300
2002-06-28,17.0249,17.0249,15.5594,15.6069,2680900
2002-07-01,16.511,16.8916,16.3587,16.8441,1330000
2002-07-02,15.3976,16.5966,15.3024,16.511,2195200
2002-07-03,15.645,16.0732,15.4166,15.4166,2142000
2002-07-05,16.0542,16.0732,15.7211,15.7211,582200
2002-07-08,15.9781,16.0066,15.6545,15.8448,1118000
2002-07-09,15.4737,16.0447,15.4737,15.8639,1304300
2002-07-10,14.5316,15.5308,14.465,15.5118,1675100
2002-07-11,14.8932,14.9884,14.1319,14.484,1516400
2002-07-12,14.2556,14.9027,14.0367,14.9027,1339700
2002-07-15,14.7029,14.7029,12.9614,13.9891,2269300
2002-07-16,13.9035,14.5887,13.7132,14.5601,1386800
2002-07-17,14.0082,14.4079,13.6751,14.1319,1437900
2002-07-18,13.2659,14.2556,13.1517,14.2366,1106500
2002-07-19,12.7234,13.1231,12.3618,13.028,1646300
2002-07-22,11.8384,12.9804,11.7147,12.7139,1668600
2002-07-23,10.8392,12.1334,10.7726,11.8955,1971100
2002-07-24,11.6957,11.7433,10.1255,10.3729,3200700
2002-07-25,11.9907,12.0954,11.2484,11.61,1603000
2002-07-26,11.4673,11.9431,11.2389,11.9431,1432800
2002-07-29,11.8479,11.867,11.61,11.6576,1475800
2002-07-30,13.0375,13.1707,11.7052,11.8574,1697600
2002-07-31,13.2278,13.323,12.6093,13.0375,1851800
2002-08-01,9.288,10.7916,7.6131,10.4681,19516300
2002-08-02,8.384,9.3166,8.2317,9.288,8665900
2002-08-05,7.8986,8.384,7.6131,8.3744,5304000
2002-08-06,8.2127,8.5172,7.9462,7.9462,4877200
2002-08-07,8.9073,8.9454,8.3744,8.422,3934900
2002-08-08,9.1833,9.2309,8.8978,9.2309,2228400
2002-08-09,9.8971,9.8971,9.0406,9.1833,2119100
2002-08-12,9.9827,10.0779,9.4308,9.8971,2429500
2002-08-13,10.0112,10.3253,9.8019,9.9922,3390400
2002-08-14,10.0684,10.0684,9.4213,10.0112,2585300
2002-08-15,10.7536,10.9344,9.9637,10.0684,3332800
2002-08-16,10.7155,10.8487,10.3729,10.706,1990400
2002-08-19,10.706,10.8011,10.4205,10.6203,855800
2002-08-20,10.2872,10.6584,10.1064,10.5442,1340600
2002-08-21,10.0684,10.2872,9.8685,10.2872,1795500
2002-08-22,10.9629,11.1723,10.0874,10.0874,1614800
2002-08-23,11.5339,11.8384,11.1818,11.1818,3353700
2002-08-26,12.0097,12.0383,11.7528,11.8004,1867200
2002-08-27,11.3531,12.1334,11.2769,12.1239,1344300
2002-08-28,11.0676,11.5434,10.8582,11.2769,1434200
2002-08-29,11.1818,11.2769,10.6584,10.7536,918900
2002-08-30,10.8011,11.039,10.7345,10.8487,1966500
2002-09-03,11.0485,11.3721,10.7155,10.8487,2146000
2002-09-04,11.3245,11.5434,11.1818,11.4197,1947900
2002-09-05,11.3626,11.3816,11.039,11.3245,1174200
2002-09-06,11.2484,11.4197,11.0581,11.4007,1736400
2002-09-09,11.1437,11.2674,10.7536,11.2484,1058200
2002-09-10,11.7528,11.7908,11.4197,11.4197,2331200
2002-09-11,12.2476,12.2952,11.9431,11.9431,2742800
2002-09-12,11.9907,12.3713,11.7718,12.2476,2406700
2002-09-13,12.2,12.3142,11.8479,11.9907,1519800
2002-09-16,11.8004,12.1049,11.7242,12.1049,1248000
2002-09-17,11.5149,12.1525,11.4292,12.1334,1568000
2002-09-18,12.1049,12.181,11.4197,11.4197,2083500
2002-09-19,11.5339,12.0097,11.5339,11.9431,2454000
2002-09-20,10.7345,11.4673,10.6964,11.2294,3896500
2002-09-23,10.2396,11.1342,10.2396,10.5442,2487100
2002-09-24,10.2396,10.3348,9.8685,10.2396,2927800
2002-09-25,10.8011,11.1628,10.2777,10.2777,1938200
2002-09-26,11.4197,11.4387,10.8487,10.9439,1530200
2002-09-27,10.5727,11.4007,10.4681,11.3912,1734000
2002-09-30,10.7155,10.8011,10.2301,10.3348,1611300
2002-10-01,10.9058,10.9344,10.4205,10.6964,1739700
2002-10-02,10.9439,11.1247,10.6203,10.8487,888600
2002-10-03,10.3539,11.1818,10.3253,10.9439,1402800
2002-10-04,10.0874,10.3729,9.9161,10.3729,1132400
2002-10-07,9.3927,10.0874,9.3927,10.0874,1427400
2002-10-08,8.9073,9.7638,8.7551,9.4783,2543400
2002-10-09,8.2317,8.6599,8.0984,8.6599,2258400
2002-10-10,8.7932,8.9454,7.851,8.1365,2143100
2002-10-11,8.7456,8.8788,8.6694,8.8027,2525000
2002-10-14,8.5648,8.6123,8.2317,8.2793,2234400
2002-10-15,8.4506,8.7551,8.3744,8.7551,2666300
2002-10-16,7.7939,8.3744,7.7749,8.3744,2413600
2002-10-17,8.7551,8.8027,7.851,7.851,1643400
2002-10-18,9.0406,9.0406,8.422,8.4696,2436400
2002-10-21,9.8971,9.9542,8.8027,8.974,3021300
2002-10-22,9.6306,10.2301,9.4403,9.9066,1294400
2002-10-23,10.1826,10.1826,9.6116,9.6592,896800
2002-10-24,10.0112,10.3634,9.9446,10.2777,1134600
2002-10-25,10.1635,10.2206,9.6592,10.0684,911100
2002-10-28,10.2301,10.4395,10.0684,10.3634,870100
2002-10-29,10.2777,10.3729,9.878,10.3634,827100
2002-10-30,10.706,10.706,10.1445,10.3729,995000
2002-10-31,10.3253,10.6584,10.2206,10.6108,995000
2002-11-01,10.7821,10.8677,10.3729,10.4205,967300
2002-11-04,11.0676,11.1152,10.8011,10.8487,1644700
2002-11-05,11.315,11.3626,11.0485,11.2294,1612100
2002-11-06,11.4673,11.5054,11.0676,11.2484,1627400
2002-11-07,11.2865,11.4673,10.9534,11.4673,1403400
2002-11-08,10.706,11.296,10.6679,11.296,988300
2002-11-11,10.7916,10.9915,10.43,10.7155,801300
2002-11-12,10.8202,11.2008,10.706,10.8868,1772800
2002-11-13,11.039,11.296,10.6489,10.8297,1692000
2002-11-14,11.4482,11.4768,10.8487,10.8487,1281000
2002-11-15,11.9431,11.9431,11.3245,11.3245,1561200
2002-11-18,11.4292,11.8955,11.315,11.8955,1942900
2002-11-19,11.8765,11.9716,11.3816,11.4673,1262600
2002-11-20,11.9526,12.0573,11.6576,11.8955,1155700
2002-11-21,12.771,12.9423,12.0668,12.1334,2644900
2002-11-22,12.9614,13.0851,12.6949,12.7044,1359400
2002-11-25,13.1136,13.4086,12.6093,12.9709,1319200
2002-11-26,13.0089,13.3135,12.7996,12.7996,1355500
2002-11-27,12.8377,12.9423,12.6378,12.9138,950800
2002-11-29,13.1422,13.2088,12.6664,12.7996,559900
2002-12-02,12.771,13.2469,12.752,13.1327,1500000
2002-12-03,12.457,12.8377,12.2762,12.771,1023000
2002-12-04,11.9241,12.3809,11.9241,12.3713,1580300
2002-12-05,12.3238,12.4665,12.0383,12.0858,747400
2002-12-06,12.2286,12.2667,11.9716,11.9907,792700
2002-12-09,12.2762,12.3618,12.0478,12.181,700900
2002-12-10,12.5426,12.5426,12.0954,12.181,994900
2002-12-11,12.6093,12.7805,12.3238,12.4665,806700
2002-12-12,12.9899,13.0851,12.6093,12.6093,1153000
2002-12-13,12.7234,13.0946,12.7139,12.9994,1271100
2002-12-16,13.1327,13.1327,12.5521,12.6568,1195500
2002-12-17,13.2278,13.4943,13.0375,13.0851,1799000
2002-12-18,13.2469,13.4277,13.1327,13.1327,1131200
2002-12-19,13.0851,13.323,12.9804,13.2564,2856900
2002-12-20,12.8472,13.4182,12.8472,12.9899,3093900
2002-12-23,13.047,13.2564,12.8472,12.9423,1344500
2002-12-24,12.9233,12.9899,12.752,12.752,656700
2002-12-26,13.0375,13.1231,12.8662,12.9614,885200
2002-12-27,12.9709,13.066,12.8567,12.9423,630200
2002-12-30,12.9899,13.0184,12.7996,12.8947,704400
2002-12-31,13.2278,13.2659,12.9423,12.9614,639400
2003-01-02,13.9035,13.9035,13.323,13.323,1492800
2003-01-03,13.7037,14.0082,13.6085,13.8464,1053300
2003-01-06,14.3698,14.4935,13.6085,13.6085,2118900
2003-01-07,13.9891,14.3793,13.7512,14.3793,1459000
2003-01-08,14.3888,14.465,13.9891,13.9891,1203700
2003-01-09,14.503,14.5125,14.2746,14.3507,1238700
2003-01-10,14.503,14.6077,14.2746,14.4935,1099800
2003-01-13,14.1223,14.5125,14.1223,14.5125,1279400
2003-01-14,14.503,14.503,14.1319,14.2175,1480300
2003-01-15,14.3507,14.5125,14.2175,14.503,1380500
2003-01-16,14.4459,14.465,14.3222,14.4174,1226200
2003-01-17,14.189,14.4174,13.3325,14.2937,1343600
2003-01-21,14.0653,14.3698,14.0272,14.2746,1056200
2003-01-22,13.7798,14.0177,13.5133,14.0177,1428600
2003-01-23,13.7132,13.951,13.7037,13.7037,896700
2003-01-24,13.323,13.7227,13.2373,13.6275,1184400
2003-01-27,12.8947,13.3515,12.8472,13.1327,1155000
2003-01-28,13.1041,13.3135,12.9614,12.9899,950400
2003-01-29,12.8662,13.0756,12.752,12.8472,1092200
2003-01-30,12.771,13.0184,12.733,12.8091,810400
2003-01-31,13.1327,13.1327,12.6093,12.6093,1340200
2003-02-03,13.304,13.304,13.0565,13.1231,887200
2003-02-04,12.8947,13.1327,12.8472,12.9423,1105000
2003-02-05,12.8377,13.1802,12.8377,12.9043,1173700
2003-02-06,12.6568,12.9233,12.5617,12.752,1010700
2003-02-07,12.3713,12.7996,12.3428,12.752,1264400
2003-02-10,12.7044,12.733,12.3904,12.4189,1043700
2003-02-11,12.5046,12.752,12.3333,12.733,1239800
2003-02-12,12.0002,12.5617,11.9145,12.5046,1737700
2003-02-13,11.886,11.9812,11.4007,11.905,3932900
2003-02-14,12.4665,12.4665,11.9145,11.9431,1593700
2003-02-18,12.3047,12.4665,11.7528,12.4665,2269400
2003-02-19,11.4197,12.2286,11.1247,12.2286,5411800
2003-02-20,12.0763,12.0763,11.6862,11.7052,3337300
2003-02-21,12.1905,12.3999,11.9812,12.181,1182900
2003-02-24,11.9145,12.2286,11.9145,12.1905,1108600
2003-02-25,12.476,12.5141,11.8765,11.9907,1876100
2003-02-26,12.1525,12.476,11.9336,12.476,2170200
2003-02-27,12.5521,12.8091,12.2952,12.4189,1570200
2003-02-28,12.1334,12.6949,12.1144,12.6949,2008700
2003-03-03,12.1429,12.5331,12.0763,12.4665,1480200
2003-03-04,11.8955,12.0858,11.8479,11.9907,1755100
2003-03-05,12.4094,12.4094,11.8955,11.8955,2032400
2003-03-06,12.3428,12.5141,12.1334,12.4189,1297500
2003-03-07,12.4189,12.5046,11.9621,12.0383,1108400
2003-03-10,12.1429,12.4284,12.0858,12.4189,1611300
2003-03-11,12.0383,12.2857,11.9431,12.181,1821400
2003-03-12,12.2286,12.2476,12.0002,12.0858,1895900
2003-03-13,12.2762,12.3713,12.1239,12.3713,1481900
2003-03-14,12.3713,12.6378,12.3142,12.4665,1706700
2003-03-17,12.5141,12.7234,12.3713,12.4094,1497300
2003-03-18,12.5617,12.6664,12.3713,12.5141,1488600
2003-03-19,12.6283,12.6378,12.4189,12.4665,775200
2003-03-20,12.5331,12.6759,12.457,12.6283,1075800
2003-03-21,12.9994,13.0565,12.6093,12.752,1294800
2003-03-24,12.6093,12.8567,12.4189,12.8472,1235800
2003-03-25,12.5617,12.79,12.5141,12.752,1446500
2003-03-26,12.5141,12.8091,12.476,12.5617,1557900
2003-03-27,12.79,12.8757,12.3333,12.3333,1039800
2003-03-28,12.8947,13.1327,12.7044,12.7139,1185400
2003-03-31,12.7996,12.9994,12.6378,12.7996,1019700
2003-04-01,12.9423,13.0089,12.7615,12.7996,1228800
2003-04-02,13.1802,13.1802,13.066,13.0851,1002600
2003-04-03,13.1707,13.3135,13.1327,13.1802,1164700
2003-04-04,13.2278,13.2754,13.047,13.1707,858800
2003-04-07,13.066,13.323,13.066,13.2278,1449400
2003-04-08,12.9233,13.1517,12.9233,13.0565,999700
2003-04-09,13.4086,13.5133,12.9233,12.9614,2197400
2003-04-10,13.6751,13.7037,13.361,13.4086,2139300
2003-04-11,13.6751,13.8083,13.6085,13.7037,1806300
2003-04-14,13.894,14.1319,13.6275,13.6275,1382000
2003-04-15,14.0177,14.0272,13.8178,13.894,1030500
2003-04-16,13.7798,14.0272,13.6656,14.0272,1626900
2003-04-17,13.8464,13.894,13.6751,13.7798,1147500
2003-04-21,13.951,14.0367,13.8559,13.8559,1025700
2003-04-22,14.2461,14.2651,13.8559,13.951,1118600
2003-04-23,14.0557,14.227,13.9416,14.1509,862400
2003-04-24,14.6077,14.6553,13.9891,13.9891,1597500
2003-04-25,14.227,14.6077,14.0462,14.6077,1052900
2003-04-28,14.465,14.5792,14.3127,14.3222,1138200
2003-04-29,14.1319,14.5601,14.0843,14.5601,1675800
2003-04-30,14.2556,14.4554,14.0938,14.1414,1912800
2003-05-01,14.0367,14.2651,13.913,14.1795,1498500
2003-05-02,14.2746,14.2937,13.9891,13.9891,1435200
2003-05-05,14.4459,14.4459,14.2556,14.2746,1414300
2003-05-06,14.7219,14.8932,14.5506,14.6077,2189900
2003-05-07,14.5125,14.9217,14.3507,14.7219,1293300
2003-05-08,14.4364,14.6648,14.2937,14.2937,932300
2003-05-09,14.6267,14.7409,14.3698,14.4364,803600
2003-05-12,14.465,14.9027,14.4459,14.8932,1497000
2003-05-13,14.9027,14.9122,14.4935,14.5125,1387600
2003-05-14,15.093,15.1026,14.7219,14.9408,1483800
2003-05-15,15.5403,15.5498,14.9408,15.1406,1511200
2003-05-16,15.7782,15.7782,15.369,15.4166,1835500
2003-05-19,15.4166,15.7782,15.4166,15.7782,1679700
2003-05-20,15.6069,15.6545,15.369,15.369,1156700
2003-05-21,15.6926,15.8163,15.5308,15.8163,1264500
2003-05-22,15.8734,16.1208,15.626,15.6926,1918900
2003-05-23,16.3587,16.6252,15.7972,15.7972,2531100
2003-05-27,16.0447,16.1303,15.6545,15.7021,2485200
2003-05-28,16.3397,16.3873,15.8163,15.9876,1885400
2003-05-29,15.7497,16.3682,15.7021,16.254,2023100
2003-05-30,16.1779,16.1779,15.7497,15.7497,1325800
2003-06-02,16.0542,16.2921,15.94,16.1779,1140400
2003-06-03,16.2065,16.216,15.94,16.0923,1108300
2003-06-04,16.6442,16.7204,16.1399,16.2065,1234300
2003-06-05,16.3873,16.4349,16.254,16.3207,1628000
2003-06-06,16.4634,16.7013,16.3968,16.4634,1310300
2003-06-09,16.4539,16.5681,16.3016,16.511,824600
2003-06-10,17.12,17.1676,16.3016,16.7489,4594900
2003-06-11,17.0915,17.1771,16.8631,17.1771,1654700
2003-06-12,17.3484,17.396,17.12,17.1296,2126600
2003-06-13,17.3675,17.3675,17.0629,17.2247,1919500
2003-06-16,18.2715,18.2715,17.9099,17.9099,2656500
2003-06-17,17.986,18.1954,17.9765,18.1288,2129900
2003-06-18,17.7862,18.0336,17.653,17.7957,1473700
2003-06-19,18.4619,18.7474,17.6054,17.7386,4377500
2003-06-20,20.4698,20.4984,19.699,20.1748,14659100
2003-06-23,20.3937,20.9457,20.27,20.9266,5907800
2003-06-24,20.1843,20.3652,20.0987,20.3176,2306800
2003-06-25,20.1463,20.3176,20.0321,20.1558,1847800
2003-06-26,20.4032,20.4032,19.7846,19.9845,3327200
2003-06-27,20.3176,20.4603,20.1653,20.3176,2265200
2003-06-30,20.1272,20.4603,20.0892,20.4603,2532100
2003-07-01,20.4318,20.4603,19.8322,19.9845,2282200
2003-07-02,20.7268,20.8695,20.3652,20.3652,2597600
2003-07-03,20.4603,20.6982,20.348,20.6506,686700
2003-07-07,20.841,20.86,20.4698,20.5079,1444500
2003-07-08,20.841,20.8885,20.6697,20.7458,1243400
2003-07-09,20.7648,20.9837,20.6411,20.6506,2164700
2003-07-10,20.4223,20.7743,20.289,20.7743,2319500
2003-07-11,20.7363,20.7363,20.3271,20.3842,1299300
2003-07-14,20.6411,21.0789,20.5364,20.7934,1631400
2003-07-15,20.584,20.841,20.4603,20.6411,1648700
2003-07-16,20.2034,20.4603,20.0511,20.4127,1354000
2003-07-17,19.8417,20.1558,19.7275,20.0797,1968900
2003-07-18,20.3652,20.4603,20.1367,20.1748,1619100
2003-07-21,20.1748,20.3271,20.0035,20.1748,1573800
2003-07-22,20.6506,20.6982,20.0987,20.1653,1342300
2003-07-23,20.289,20.6411,20.2224,20.5079,1085400
2003-07-24,20.5555,20.7934,19.9845,20.289,2570700
2003-07-25,20.6221,20.7553,20.27,20.5079,1048500
2003-07-28,20.5269,20.6982,20.3937,20.6697,1086800
2003-07-29,20.2509,20.5269,20.2129,20.4127,2017200
2003-07-30,20.0797,20.2605,19.994,20.2224,1867700
2003-07-31,20.4127,20.5174,20.0226,20.0987,1605000
2003-08-01,20.1177,20.4603,20.0987,20.289,1643600
2003-08-04,20.1843,20.2129,19.7846,20.1748,1824200
2003-08-05,20.013,20.4032,19.9559,20.0797,1817300
2003-08-06,19.8893,20.1748,19.7371,19.7941,2059200
2003-08-07,19.7466,19.8988,19.6324,19.7941,1978800
2003-08-08,19.8798,19.9655,19.7085,19.8893,898300
2003-08-11,19.975,20.1272,19.7941,19.8417,691300
2003-08-12,20.3652,20.3652,19.8988,19.9464,791100
2003-08-13,20.5555,20.6792,20.2985,20.4603,1009700
2003-08-14,20.3652,20.4984,20.27,20.4793,957800
2003-08-15,20.3176,20.5555,20.1748,20.3556,946700
2003-08-18,20.4318,20.5555,20.2795,20.2985,640600
2003-08-19,20.584,20.9742,20.4318,20.4318,2192600
2003-08-20,20.7363,20.879,20.3937,20.3937,1927900
2003-08-21,21.0884,21.4596,20.3652,20.5555,5092800
2003-08-22,20.841,21.1455,20.8314,21.1455,1495400
2003-08-25,20.8981,20.9647,20.7553,20.7648,771600
2003-08-26,20.9361,20.9742,20.6982,20.8981,1060000
2003-08-27,20.8981,20.9361,20.7268,20.7458,962600
2003-08-28,20.8695,20.8981,20.6602,20.841,1311600
2003-08-29,21.0979,21.1074,20.6982,20.6982,1196400
2003-09-02,21.4976,21.5357,21.0884,21.1835,1540600
2003-09-03,21.8878,22.0115,21.2882,21.3644,2897700
2003-09-04,22.1257,22.1638,21.9163,22.0781,2245400
2003-09-05,22.4112,22.6776,22.0781,22.1352,2874900
2003-09-08,22.5254,22.6015,22.3065,22.3636,1959900
2003-09-09,22.3826,22.5159,22.297,22.4588,1417100
2003-09-10,22.2684,22.4207,22.1447,22.3636,1920900
2003-09-11,22.0591,22.4588,21.9544,22.4588,2253000
2003-09-12,21.9829,22.0591,21.7641,21.9829,1720500
2003-09-15,21.7545,21.9925,21.707,21.8687,1181100
2003-09-16,22.0781,22.1733,21.7165,21.745,1812500
2003-09-17,22.0781,22.2494,22.04,22.1257,1075300
2003-09-18,22.5539,22.611,22.0686,22.0971,1250000
2003-09-19,22.4112,22.6491,22.316,22.5825,1011200
2003-09-22,22.4778,22.4778,22.1352,22.1733,1104100
2003-09-23,22.7443,22.7918,22.3636,22.4778,1460500
2003-09-24,22.1923,22.8013,22.0686,22.7443,2110100
2003-09-25,22.1352,22.2494,22.021,22.2208,1591200
2003-09-26,22.278,22.3351,22.002,22.1352,1289900
2003-09-29,22.6301,22.7443,22.3921,22.4112,1743200
2003-09-30,22.7443,22.8394,22.2494,22.6491,2646500
2003-10-01,22.9631,23.0107,22.6301,22.7443,2020600
2003-10-02,23.0202,23.0669,22.7918,22.9822,1089900
2003-10-03,23.1725,23.4104,23.0583,23.0583,1467700
2003-10-06,23.4199,23.458,23.0678,23.1725,1164600
2003-10-07,23.2201,23.3343,23.0012,23.2867,1461500
2003-10-08,23.2677,23.3533,23.1344,23.2677,1438200
2003-10-09,23.2677,23.458,23.163,23.2677,2481800
2003-10-10,23.0202,23.2677,22.9441,23.2677,1186900
2003-10-13,23.1725,23.2201,22.9822,23.1725,989900
2003-10-14,23.2296,23.2296,23.0298,23.1725,920700
2003-10-15,22.8584,23.3152,22.8013,23.2677,1461500
2003-10-16,23.0488,23.1344,22.8394,22.906,1086200
2003-10-17,23.0393,23.2581,23.0298,23.2391,1364400
2003-10-20,23.0488,23.163,22.9631,23.0773,593000
2003-10-21,23.0964,23.2867,23.0393,23.0773,1050900
2003-10-22,23.0298,23.0964,22.8394,23.0964,962500
2003-10-23,23.0964,23.1725,22.9346,23.0298,947400
2003-10-24,23.0773,23.2201,22.9917,23.0964,905000
2003-10-27,23.0488,23.2106,23.0298,23.0773,955400
2003-10-28,23.182,23.2677,23.0298,23.0488,1088100
2003-10-29,23.3533,23.439,23.1439,23.182,1238500
2003-10-30,23.5531,23.5531,23.3152,23.3533,893000
2003-10-31,23.2677,23.6673,23.2296,23.5531,874300
2003-11-03,23.2201,23.458,23.1725,23.2677,1374608
2003-11-04,22.8489,23.2201,22.8489,23.2201,1715392
2003-11-05,22.8584,23.0107,22.6015,22.8489,1045000
2003-11-06,23.0012,23.0298,22.7443,22.8394,657000
2003-11-07,23.0868,23.1059,22.7918,22.9822,858500
2003-11-10,23.1535,23.2106,22.611,23.0298,965400
2003-11-11,22.9536,23.1535,22.8394,23.1535,1582300
2003-11-12,22.9155,23.0107,22.8109,23.0107,1128400
2003-11-13,22.887,22.906,22.7538,22.868,1081200
2003-11-14,22.8584,23.0773,22.7633,22.8394,1030500
2003-11-17,22.6396,22.887,22.3921,22.8775,1296100
2003-11-18,22.3636,22.8299,22.297,22.6681,1715100
2003-11-19,23.0773,23.9814,22.8394,22.8394,8396100
2003-11-20,23.2772,23.6483,22.8394,22.887,4382700
2003-11-21,23.4865,23.5627,23.1439,23.1725,4560600
2003-11-24,23.8672,23.9243,23.4865,23.4865,4014700
2003-11-25,23.9053,23.9053,23.6483,23.6483,1920600
2003-11-26,24.1527,24.1717,23.5436,23.8101,1638300
2003-11-28,23.9053,24.1241,23.8577,24.0766,1377800
2003-12-01,24.5048,24.5429,23.9814,23.9814,1660000
2003-12-02,24.3906,24.619,24.2574,24.4572,1073100
2003-12-03,24.5429,24.7617,24.305,24.343,1240600
2003-12-04,24.3335,24.638,24.2574,24.5048,1759400
2003-12-05,24.1908,24.3145,23.5531,23.5531,3392500
2003-12-08,24.6285,24.6285,24.1717,24.1812,913400
2003-12-09,24.4191,24.7998,24.3335,24.6951,2136300
2003-12-10,24.3621,24.4953,24.324,24.4191,1111500
2003-12-11,24.5904,24.6,24.343,24.3525,2153400
2003-12-12,24.5904,24.6,24.4191,24.4762,1140200
2003-12-15,24.6951,24.8759,24.3621,24.5524,2222200
2003-12-16,25.3803,25.6563,25.228,25.2661,6211600
2003-12-17,25.4184,25.4279,25.1329,25.2185,3442500
2003-12-18,25.78,26.3605,25.228,25.4564,4198500
2003-12-19,25.8561,26.0274,25.3898,25.5706,3761800
2003-12-22,26.0274,26.0369,25.7419,25.8561,2006800
2003-12-23,26.3605,26.3605,26.0084,26.075,1852600
2003-12-24,26.3129,26.4081,26.1416,26.3605,465100
2003-12-26,26.3129,26.3986,26.2653,26.2653,239700
2003-12-29,26.4937,26.5223,26.3129,26.3605,790600
2003-12-30,26.5699,26.627,26.3129,26.389,928200
2003-12-31,26.4176,26.6079,26.389,26.5318,1067400
2004-01-02,25.8847,26.4557,25.8371,26.3986,2112400
2004-01-05,26.0274,26.2653,25.9037,26.1226,3466700
2004-01-06,25.799,25.8657,25.6277,25.7419,2287800
2004-01-07,25.7895,25.9894,25.6373,25.7895,2044800
2004-01-08,25.8466,25.9989,25.5992,25.6944,1820900
2004-01-09,25.8371,26.066,25.7505,25.7895,1480300
2004-01-12,25.8085,26.075,25.7705,25.8466,1064100
2004-01-13,25.7419,25.9989,25.6373,25.8181,1204100
2004-01-14,26.0655,26.0655,25.6753,25.7895,899000
2004-01-15,25.78,26.0274,25.7039,26.0274,901400
2004-01-16,25.6944,25.8371,25.6848,25.8085,1430300
2004-01-20,25.7419,25.9132,25.5897,25.7419,1999200
2004-01-21,26.075,26.075,25.7134,25.78,1468400
2004-01-22,26.0369,26.1607,25.8657,25.9989,879300
2004-01-23,25.7895,26.1702,25.6944,26.1226,2090100
2004-01-26,25.6944,25.8371,25.3898,25.6944,1020000
2004-01-27,25.3137,25.7895,25.228,25.5992,2077800
2004-01-28,25.4374,25.7419,25.3232,25.3613,1209600
2004-01-29,25.6944,26.075,25.4945,25.9798,1838500
2004-01-30,25.5516,25.761,25.4755,25.5992,1264000
2004-02-02,25.485,25.8847,25.4279,25.6182,1261400
2004-02-03,25.761,25.8085,25.2376,25.4945,1727900
2004-02-04,25.485,25.6373,25.3422,25.5992,1610300
2004-02-05,25.4469,25.5516,25.19,25.4469,1566700
2004-02-06,25.761,25.761,25.2185,25.3137,889700
2004-02-09,25.9989,25.9989,25.5231,25.6658,969100
2004-02-10,26.1607,26.2082,25.9323,25.9798,918300
2004-02-11,26.6079,26.646,26.2273,26.3795,1414600
2004-02-12,26.2463,26.5508,26.1607,26.4652,845400
2004-02-13,26.2844,26.5508,26.0274,26.2463,1150500
2004-02-17,26.646,26.7221,26.2844,26.2939,1021900
2004-02-18,26.389,26.6365,26.1987,26.5508,1273100
2004-02-19,26.389,26.9695,26.3129,26.3605,1436700
2004-02-20,25.9894,26.4366,25.7324,26.4366,1833500
2004-02-23,26.094,26.1797,25.9894,25.9989,895400
2004-02-24,25.9608,26.1511,25.7514,26.0274,1463700
2004-02-25,26.2178,26.3415,25.5706,25.9798,986200
2004-02-26,26.5413,26.6745,26.0845,26.1702,1641500
2004-02-27,26.8078,26.9695,26.075,26.075,1671600
2004-03-01,27.236,27.4263,26.6745,26.7126,2121800
2004-03-02,26.7411,27.2646,26.665,27.0267,1686800
2004-03-03,26.5508,26.8839,26.5032,26.7031,1937300
2004-03-04,26.4937,26.5794,26.4081,26.5223,1426800
2004-03-05,26.7507,26.8363,26.3795,26.4557,1416700
2004-03-08,26.4176,26.7031,26.389,26.646,1007500
2004-03-09,26.2653,26.4081,26.1035,26.3129,1077300
2004-03-10,26.0274,26.4081,25.9513,26.2178,1414300
2004-03-11,25.6087,26.2178,25.5897,25.5992,2105300
2004-03-12,26.2082,26.3319,25.9037,25.9323,1612400
2004-03-15,26.2273,26.2939,25.8942,26.075,1161300
2004-03-16,26.9886,27.3312,26.6936,26.8363,3302700
2004-03-17,27.9022,27.9307,27.0267,27.0267,3191500
2004-03-18,27.6072,27.9117,27.5025,27.8356,1559200
2004-03-19,27.3121,27.7309,27.1884,27.5501,1401000
2004-03-22,27.0742,27.198,26.8363,27.1218,1575100
2004-03-23,27.4168,27.4549,27.0647,27.2075,1424800
2004-03-24,27.4739,27.6642,27.2741,27.2741,1277000
2004-03-25,27.7118,27.7118,27.4073,27.4739,1070900
2004-03-26,27.5691,27.7689,27.3978,27.6452,799300
2004-03-29,27.6738,27.6738,27.3026,27.5025,1327800
2004-03-30,27.7118,27.788,27.5976,27.7404,1466600
2004-03-31,27.5691,27.788,27.4073,27.5976,2140800
2004-04-01,27.8451,28.3114,27.5976,27.5976,2705100
2004-04-02,27.9783,28.0259,27.5976,27.8831,1710100
2004-04-05,28.4827,28.5112,27.8736,27.8736,1633400
2004-04-06,28.416,28.4541,28.2353,28.359,1632800
2004-04-07,28.2543,28.4256,28.1306,28.416,1336900
2004-04-08,28.4351,28.5017,28.2447,28.3304,1323300
2004-04-12,28.0068,28.8538,27.9117,28.5017,2231800
2004-04-13,27.0742,28.0259,26.7221,27.8831,4548700
2004-04-14,27.0742,27.1694,26.2939,26.646,3063100
2004-04-15,27.1408,27.7404,27.1123,27.6928,2911000
2004-04-16,27.2741,27.4834,27.1408,27.4549,1749700
2004-04-19,27.198,27.2646,27.0267,27.2646,1256500
2004-04-20,26.7602,27.4359,26.7602,27.1218,1314800
2004-04-21,26.8173,26.941,26.5603,26.7602,1470900
2004-04-22,27.1123,27.2646,26.6936,26.7316,1551200
2004-04-23,26.941,27.1218,26.8458,27.1218,1274200
2004-04-26,27.0076,27.2931,26.7887,26.9791,1820500
2004-04-27,26.7031,27.1028,26.5032,27.0742,1935500
2004-04-28,26.8173,26.8649,26.5699,26.646,1766500
2004-04-29,26.4081,26.96,26.2749,26.8363,2268100
2004-04-30,26.1892,26.5508,26.1226,26.5508,1928600
2004-05-03,26.5318,26.5318,25.9323,26.1892,1446600
2004-05-04,26.7697,26.9125,26.4366,26.8839,1815600
2004-05-05,26.5603,26.8363,26.5508,26.7887,1569800
2004-05-06,26.2653,26.5128,26.0369,26.4747,2817500
2004-05-07,25.5326,26.075,25.2852,26.0274,2219600
2004-05-10,24.9616,25.3613,24.6475,25.2185,4436400
2004-05-11,25.228,25.4089,24.9806,24.9806,1720900
2004-05-12,25.2947,25.2947,24.8379,25.228,1772500
2004-05-13,25.3137,25.3518,25.0282,25.2661,2444600
2004-05-14,25.8276,26.1131,25.2661,25.3137,2524900
2004-05-17,25.1519,25.6563,25.0758,25.6468,1573200
2004-05-18,25.209,25.5611,25.19,25.3518,1742800
2004-05-19,25.3422,25.504,25.2566,25.3613,1422100
2004-05-20,25.4184,25.6277,25.2566,25.3422,863300
2004-05-21,25.3327,25.6468,25.209,25.4184,1688900
2004-05-24,25.8276,25.8657,25.504,25.5897,1345300
2004-05-25,26.8173,26.8173,25.9703,26.056,4193000
2004-05-26,26.5508,26.7697,26.4081,26.646,1965600
2004-05-27,27.1028,27.2646,26.665,26.6936,2460300
2004-05-28,27.1218,27.3597,26.8268,27.1028,1459800
2004-06-01,26.7697,27.1408,26.627,26.8363,2679400
2004-06-02,27.1123,27.1694,26.8078,26.9315,1268800
2004-06-03,26.7792,27.1504,26.665,27.1218,1995100
2004-06-04,26.6365,26.922,26.5889,26.8363,1215200
2004-06-07,27.1028,27.1218,26.7697,26.7983,913900
2004-06-08,26.9791,27.0933,26.7887,27.0267,1290100
2004-06-09,26.8768,27.0742,26.7316,26.9315,1825700
2004-06-10,26.9315,26.9981,26.7411,26.8363,1438900
2004-06-14,26.5603,26.9315,26.5128,26.9315,930200
2004-06-15,26.7031,26.9125,26.5128,26.8839,1569700
2004-06-16,26.7221,26.8458,26.6365,26.6745,873400
2004-06-17,27.2551,27.3502,26.6841,26.7887,1266600
2004-06-18,27.1599,27.236,26.8744,27.0267,1823400
2004-06-21,27.0552,27.3312,26.9886,27.0933,1247100
2004-06-22,26.8934,27.1123,26.7697,27.0552,1260600
2004-06-23,27.2265,27.2265,26.7792,26.8934,1079600
2004-06-24,27.3121,27.5501,27.0457,27.1694,1732200
2004-06-25,26.96,27.4263,26.9125,27.2931,1272400
2004-06-28,26.8649,27.3026,26.8363,27.0457,806300
2004-06-29,26.5508,26.96,26.5508,26.8649,1394500
2004-06-30,26.5889,26.7411,26.2368,26.5032,2113500
2004-07-01,26.4557,26.7126,26.1702,26.6079,1485700
2004-07-02,26.9791,27.0267,26.5699,26.5984,1112000
2004-07-06,26.8839,27.0267,26.6936,26.9315,1119900
2004-07-07,27.1504,27.1694,26.8078,26.8934,1253200
2004-07-08,26.7507,27.2075,26.646,27.1504,1672100
2004-07-09,26.665,26.7887,26.5794,26.7602,1148400
2004-07-12,26.6841,26.7126,26.5032,26.6174,987700
2004-07-13,26.5984,26.7126,26.4462,26.665,604700
2004-07-14,26.7983,27.0457,26.4081,26.4557,1043800
2004-07-15,27.0457,27.1408,26.6936,26.8839,1054800
2004-07-16,27.4263,27.4644,27.1218,27.2836,1558500
2004-07-19,27.4168,27.5501,27.3407,27.3692,1119100
2004-07-20,27.5025,27.5786,27.1694,27.3121,1584900
2004-07-21,26.8078,27.5786,26.8078,27.5215,918000
2004-07-22,26.7031,26.8839,26.5984,26.6745,1048600
2004-07-23,26.8173,26.9315,26.4842,26.7126,1192400
2004-07-26,26.5508,26.96,26.4271,26.7507,933900
2004-07-27,26.5984,26.646,26.37,26.646,1164000
2004-07-28,26.5603,26.6365,26.1702,26.4557,1884100
2004-07-29,26.7126,26.8173,26.5128,26.5889,1902900
2004-07-30,27.1599,27.1884,26.6079,26.6079,1367600
2004-08-02,27.0267,27.3502,26.8649,27.236,1774700
2004-08-03,26.6745,26.9981,26.4747,26.9315,2843200
2004-08-04,26.7031,26.8173,26.351,26.5032,1511600
2004-08-05,26.3415,26.8458,26.3129,26.7507,1103200
2004-08-06,26.7411,26.9505,26.3415,26.3415,1812600
2004-08-09,26.5984,26.8934,26.5032,26.7411,1841900
2004-08-10,26.9791,27.0552,26.7221,26.7887,1760000
2004-08-11,26.8649,26.9505,26.7411,26.8554,1065300
2004-08-12,26.941,26.9695,26.646,26.7887,1774800
2004-08-13,26.96,27.0552,26.7887,26.9791,1748000
2004-08-16,26.9315,27.0742,26.6841,26.9695,1334600
2004-08-17,27.0933,27.1408,26.8839,27.0362,1097900
2004-08-18,27.4739,27.531,26.9981,26.9981,1768200
2004-08-19,27.2075,27.3597,27.1028,27.2836,1092200
2004-08-20,27.3597,27.3597,27.1218,27.2075,797700
2004-08-23,27.1599,27.3312,27.0457,27.3026,1244100
2004-08-24,27.0647,27.3883,27.0457,27.2075,728000
2004-08-25,27.1599,27.217,26.9791,27.0457,822200
2004-08-26,27.198,27.3026,27.1028,27.1218,504900
2004-08-27,27.1028,27.236,27.0933,27.217,778800
2004-08-30,27.2265,27.3217,26.96,27.0076,1078100
2004-08-31,27.7785,27.826,27.0933,27.1218,2741200
2004-09-01,27.9117,27.9212,27.7118,27.7499,2101700
2004-09-02,27.9783,28.0068,27.788,27.9307,1823600
2004-09-03,27.8356,28.0259,27.7689,27.9783,1149400
2004-09-07,27.9593,28.0639,27.8641,27.9783,1219400
2004-09-08,27.6357,27.8736,27.5881,27.788,1539000
2004-09-09,27.7499,27.8641,27.6738,27.7213,1352700
2004-09-10,27.8926,27.9402,27.4834,27.7023,1142000
2004-09-13,27.9212,27.9402,27.7594,27.8546,1156000
2004-09-14,27.8926,27.9688,27.807,27.9498,1390400
2004-09-15,28.2638,28.416,27.788,27.8356,9844000
2004-09-16,28.359,28.378,28.0449,28.0735,2407700
2004-09-17,28.4256,28.4446,28.3114,28.359,2886000
2004-09-20,28.3304,28.4446,28.2638,28.3114,952000
2004-09-21,28.4351,28.4636,28.2353,28.2638,1184000
2004-09-22,28.3114,28.4065,28.1686,28.2638,1505300
2004-09-23,28.2923,28.359,28.1877,28.3114,1610000
2004-09-24,28.6064,28.7777,28.1972,28.2353,2929600
2004-09-27,28.6825,28.7396,28.4446,28.6444,2143100
2004-09-28,28.8157,28.8443,28.5588,28.6254,1731000
2004-09-29,28.7396,28.8062,28.6159,28.7396,1343300
2004-09-30,28.9299,28.9299,28.5112,28.673,2300400
2004-10-01,28.987,29.4914,28.8538,28.9966,1485100
2004-10-04,29.1964,29.3296,29.0061,29.0251,2881100
2004-10-05,29.3106,29.3582,29.1679,29.244,1320000
2004-10-06,29.3772,29.4533,29.0251,29.1679,1782800
2004-10-07,29.3106,29.4819,29.2535,29.3772,1332200
2004-10-08,29.2916,29.4153,29.2725,29.3391,963100
2004-10-11,29.3106,29.3772,29.1583,29.2916,1061900
2004-10-12,29.4724,29.5009,29.0251,29.1774,1632800
2004-10-13,29.282,29.7103,29.1583,29.4724,1506100
2004-10-14,29.2725,29.4058,28.9585,29.1393,2419900
2004-10-15,29.4153,29.5009,29.2725,29.4153,1787600
2004-10-18,29.4914,29.558,29.3106,29.4343,1226600
2004-10-19,29.4058,29.6437,29.3296,29.5009,1609500
2004-10-20,29.558,29.6532,29.1298,29.4533,1805400
2004-10-21,29.6056,29.7579,29.3772,29.5961,1209100
2004-10-22,29.8435,30.0719,29.7103,29.7388,3497700
2004-10-25,30.2146,30.3003,29.8435,29.9958,2234000
2004-10-26,30.4526,30.5572,30.2813,30.3955,2100200
2004-10-27,30.5192,30.5763,30.3574,30.5002,1590900
2004-10-28,30.3574,30.5287,29.9767,30.4716,2697400
2004-10-29,30.4906,30.5858,30.1671,30.3574,2113400
2004-11-01,30.8903,30.976,30.3955,30.6334,2909400
2004-11-02,30.0434,30.7476,30.0434,30.7381,2889400
2004-11-03,30.6429,30.7857,30.3003,30.405,2543800
2004-11-04,31.3471,31.3947,30.4906,30.6429,3632000
2004-11-05,31.1187,31.271,30.9189,31.2615,2627300
2004-11-08,31.3091,31.3566,30.995,30.995,1373700
2004-11-09,31.2424,31.4232,31.2234,31.3757,1334900
2004-11-10,31.0521,31.2995,31.0521,31.1187,1321300
2004-11-11,31.4423,31.4803,31.0616,31.0807,1378800
2004-11-12,32.0418,32.1846,31.29,31.4708,2396500
2004-11-15,32.0608,32.2036,31.9086,31.9086,1501900
2004-11-16,32.2131,32.4986,31.9276,31.9276,1862800
2004-11-17,32.2797,32.3844,32.156,32.2131,2347900
2004-11-18,31.6326,32.3368,31.6326,32.2131,2462400
2004-11-19,31.7373,32.0418,31.4042,31.6421,1949800
2004-11-22,32.3368,32.3368,31.6231,31.6421,1674100
2004-11-23,32.4795,32.6128,32.0704,32.1941,1190200
2004-11-24,32.4986,32.7936,32.4701,32.4986,944700
2004-11-26,32.3654,32.708,32.3559,32.4986,294000
2004-11-29,32.2131,32.4605,31.6707,32.3559,1913900
2004-11-30,31.6516,32.3463,31.6421,32.0513,1456800
2004-12-01,31.1282,31.4328,30.7381,30.7857,2286900
2004-12-02,30.5953,31.3281,30.3384,31.2234,2995900
2004-12-03,30.7285,30.8808,30.5953,30.6905,2381600
2004-12-06,30.7666,30.8332,30.5002,30.5953,1830900
2004-12-07,30.3574,30.8237,30.3479,30.6714,1603100
2004-12-08,30.2146,30.4526,30.0719,30.3669,1523800
2004-12-09,30.2718,30.3098,30.0529,30.0719,1190000
2004-12-10,30.1195,30.2622,29.9672,30.0719,1395000
2004-12-13,30.4335,30.5667,30.1195,30.1195,1710700
2004-12-14,30.5858,30.7666,30.4986,30.5477,1363900
2004-12-15,30.9284,31.0711,30.5667,30.6429,1553600
2004-12-16,31.3471,31.566,30.9855,31.0236,4064400
2004-12-17,31.2044,31.4232,31.1187,31.1663,3058900
2004-12-20,31.4423,31.5089,31.3186,31.3566,1737400
2004-12-21,32.0799,32.0799,31.4994,31.4994,2659500
2004-12-22,31.9086,32.3463,31.861,32.3083,1723300
2004-12-23,31.7468,31.8991,31.5945,31.823,1035400
2004-12-27,31.5755,32.0989,31.5755,31.8991,903400
2004-12-28,31.7087,31.7373,31.4232,31.4994,2483700
2004-12-29,31.7658,31.8705,31.4423,31.4994,820600
2004-12-30,31.7183,31.9276,31.6612,31.6992,678300
2004-12-31,31.6707,31.9086,31.6136,31.6897,896400
2005-01-03,31.4232,31.8039,31.2995,31.5469,2142500
2005-01-04,31.1853,31.585,31.1853,31.4042,1368000
2005-01-05,30.8047,31.2615,30.8047,31.0997,2057200
2005-01-06,30.5953,30.8808,30.5667,30.8142,2289800
2005-01-07,30.3764,30.7952,30.3764,30.6048,2197800
2005-01-10,30.9855,31.1282,30.2908,30.2908,2927000
2005-01-11,30.719,31.0236,30.5667,30.9284,1339300
2005-01-12,31.0902,31.1092,30.6524,30.7857,1337100
2005-01-13,31.3091,31.5374,30.9569,30.9569,1557100
2005-01-14,31.7849,31.88,31.29,31.29,1947000
2005-01-18,31.9562,32.0704,31.4803,31.6897,1351500
2005-01-19,32.137,32.2892,31.88,31.88,1848200
2005-01-20,31.9276,32.0704,31.6421,32.0228,2292000
2005-01-21,32.3559,32.5747,31.9657,32.0704,3933400
2005-01-24,32.7365,32.8317,32.3083,32.3083,2427000
2005-01-25,32.5747,33.0601,32.4225,32.7175,1447200
2005-01-26,32.7841,32.9268,32.5271,32.5271,1297200
2005-01-27,32.8888,33.0601,32.3559,32.6128,1830400
2005-01-28,32.9268,32.9554,32.5271,32.8317,1215100
2005-01-31,33.3075,33.3265,32.9744,33.0696,2038600
2005-02-01,33.279,33.593,33.1553,33.4027,3050000
2005-02-02,33.5359,33.6881,33.2599,33.4027,2173500
2005-02-03,33.3551,33.5466,33.0886,33.4502,2255800
2005-02-04,33.7833,33.7833,33.3456,33.3931,1706400
2005-02-07,33.7072,33.8595,33.6025,33.6025,1021300
2005-02-08,34.2211,34.2592,33.5073,33.593,1498700
2005-02-09,33.7357,34.3162,33.6881,34.1069,2455600
2005-02-10,34.1069,34.202,33.6607,33.8023,1329700
2005-02-11,34.0308,34.3353,33.8595,33.9261,1351600
2005-02-14,34.2401,34.2592,34.0403,34.0403,1585300
2005-02-15,34.1259,34.3733,34.0878,34.2496,1186600
2005-02-16,34.2401,34.2401,33.8404,34.0974,1673300
2005-02-17,34.2592,34.4304,34.0688,34.164,2028600
2005-02-18,34.2116,34.3067,33.7833,34.2592,2663100
2005-02-22,33.2409,34.2116,33.2123,34.1735,2528300
2005-02-23,33.3075,33.612,33.1077,33.4978,2256700
2005-02-24,33.6406,33.7548,33.1077,33.3075,2316700
2005-02-25,33.7928,33.8309,33.2314,33.5454,2941700
2005-02-28,33.4788,34.0688,33.4407,33.7833,2987100
2005-03-01,33.9356,34.145,33.3075,33.4502,2880200
2005-03-02,33.7453,33.9451,33.5644,33.8975,2368200
2005-03-03,33.8785,34.0974,33.6215,33.907,2029400
2005-03-04,34.0974,34.2401,33.8119,33.8595,2332500
2005-03-07,34.0688,34.2496,34.0212,34.1164,4413800
2005-03-08,33.8975,34.0688,33.7833,34.0688,2246400
2005-03-09,33.2694,33.8214,33.1838,33.8214,6333500
2005-03-10,33.6406,33.6501,33.2028,33.3075,2764000
2005-03-11,33.3265,33.7262,33.2885,33.6501,1342800
2005-03-14,33.888,33.907,33.4027,33.4502,2073900
2005-03-15,33.888,34.2116,33.612,34.0308,1833700
2005-03-16,33.6786,33.9832,33.5169,33.7833,2052100
2005-03-17,33.7833,33.9927,33.4217,33.7453,1661700
2005-03-18,33.336,33.7833,33.336,33.5454,4401900
2005-03-21,33.3741,33.593,33.1647,33.3551,3058800
2005-03-22,32.6889,33.4407,32.6318,33.3265,2885300
2005-03-23,32.4891,32.6984,32.0704,32.6984,2698300
2005-03-24,32.8317,32.984,32.5938,32.5938,3176800
2005-03-28,32.8317,32.9554,32.4986,32.6413,2462600
2005-03-29,32.035,32.851,32.0062,32.8414,5344800
2005-03-30,32.515,32.5342,32.083,32.1598,2464100
2005-03-31,32.7358,32.7934,32.4478,32.5822,2359600
2005-04-01,32.8798,33.4174,32.5918,32.9758,2242600
2005-04-04,33.3406,33.3694,32.8222,32.995,1875300
2005-04-05,33.5518,33.667,33.331,33.331,2323800
2005-04-06,33.3022,33.6958,33.2638,33.5806,1674400
2005-04-07,33.4558,33.6862,33.2638,33.3406,1673400
2005-04-08,33.2446,33.5518,33.2158,33.3598,944800
2005-04-11,33.5998,33.7534,33.2062,33.235,1399600
2005-04-12,33.9358,34.003,33.4942,33.619,2395000
2005-04-13,33.5806,33.9838,33.5806,33.9646,1508600
2005-04-14,33.331,33.6958,33.2638,33.5038,2751700
2005-04-15,32.7454,33.4846,32.7454,33.1966,1853200
2005-04-18,33.1678,33.2638,32.6398,32.8126,1650600
2005-04-19,33.4846,33.5326,33.0238,33.0238,1441500
2005-04-20,33.1006,33.5902,33.1006,33.4078,1255300
2005-04-21,33.475,33.6382,33.0046,33.0238,1976900
2005-04-22,33.8974,33.9838,33.4174,33.4846,1723300
2005-04-25,34.0606,34.3774,33.8782,33.9838,2483700
2005-04-26,33.1966,34.0798,33.1966,34.0606,2327800
2005-04-27,33.2542,33.4654,33.0238,33.2734,4782600
2005-04-28,33.043,33.4366,32.9766,33.2158,1755300
2005-04-29,33.331,33.3982,32.9086,33.1198,2362900
2005-05-02,33.6766,33.7726,33.3118,33.3118,1778800
2005-05-03,33.9358,34.0798,33.5422,33.6478,2359100
2005-05-04,34.4446,34.4734,33.8302,33.9358,2322900
2005-05-05,34.2718,34.3678,33.7246,33.7438,3562200
2005-05-06,34.3966,34.5982,34.099,34.1278,2856200
2005-05-09,34.2718,34.483,34.003,34.4158,2389800
2005-05-10,33.8878,34.1758,33.8686,34.0318,2415800
2005-05-11,33.9358,33.9646,33.6766,33.8686,2112800
2005-05-12,33.8206,34.099,33.6574,34.0318,1861100
2005-05-13,33.2158,33.8398,32.4286,33.8206,2766500
2005-05-16,33.8014,33.8206,32.9758,33.3022,1989700
2005-05-17,34.4158,34.5598,33.6382,33.7438,2766600
2005-05-18,34.1854,34.5598,34.0414,34.5406,2028600
2005-05-19,34.4638,34.5118,34.1566,34.2718,1955400
2005-05-20,34.4638,34.5406,34.3294,34.4638,2129100
2005-05-23,34.4638,34.4926,34.3294,34.4638,1442300
2005-05-24,34.3774,34.4638,34.2238,34.3198,1664400
2005-05-25,34.195,34.4158,34.1758,34.2526,1093200
2005-05-26,34.4734,34.6846,34.2046,34.291,1688300
2005-05-27,34.7038,34.7998,34.2718,34.2718,1358100
2005-05-31,34.339,34.8862,34.3198,34.627,3065200
2005-06-01,34.5886,34.9534,34.2142,34.339,2098800
2005-06-02,34.5502,34.6654,34.4254,34.5598,1934500
2005-06-03,34.531,34.7326,34.4734,34.6174,1834100
2005-06-06,34.819,34.8862,34.531,34.7038,1777800
2005-06-07,34.8574,35.3758,34.819,34.9822,1689100
2005-06-08,34.867,35.0974,34.7902,35.011,1045600
2005-06-09,35.0878,35.1454,34.6366,34.8094,1214100
2005-06-10,35.3374,35.491,34.9726,35.0398,1438400
2005-06-13,35.5678,35.6926,35.2222,35.2318,1796900
2005-06-14,35.4238,35.5678,35.2894,35.3374,1850300
2005-06-15,34.9246,35.5198,34.8478,35.4622,2078200
2005-06-16,34.7998,34.9918,34.627,34.9918,1328700
2005-06-17,34.8574,35.0782,34.8094,35.0398,2908900
2005-06-20,35.3278,35.5006,34.6462,34.6558,2038400
2005-06-21,35.6254,35.7118,35.1742,35.1934,1916300
2005-06-22,35.875,35.9134,35.587,35.7406,1502400
2005-06-23,35.971,36.3838,35.8174,35.9038,2102300
2005-06-24,35.5678,36.0862,35.5198,35.9134,1515400
2005-06-27,35.6446,35.7598,35.3374,35.5582,1304700
2005-06-28,36.2156,36.2834,35.7801,35.8092,2613000
2005-06-29,36.3318,36.4286,36.1189,36.3415,1082000
2005-06-30,36.3318,36.6899,36.2156,36.3124,1594700
2005-07-01,36.7092,36.7286,36.3898,36.4576,1744800
2005-07-05,36.6802,36.9609,36.5544,36.6802,1570700
2005-07-06,35.9834,36.806,35.964,36.5931,1872700
2005-07-07,36.1189,36.2156,35.693,35.8092,1606200
2005-07-08,36.506,36.5157,35.993,36.1189,1974500
2005-07-11,36.5544,36.7479,36.4382,36.7479,1788000
2005-07-12,36.506,36.6511,36.4092,36.4866,1560000
2005-07-13,36.6899,36.7673,36.5253,36.5834,1504200
2005-07-14,36.1769,36.8737,35.9059,36.7092,1777300
2005-07-15,36.0898,36.1963,35.9253,36.0027,1713700
2005-07-18,35.9543,36.1963,35.9156,36.0027,1415400
2005-07-19,36.1189,36.1866,35.7223,36.0705,1403900
2005-07-20,36.5737,36.6705,36.0802,36.0802,1651900
2005-07-21,35.7221,36.5737,35.5962,36.4866,1486100
2005-07-22,35.8672,36.0608,35.7801,35.8866,1790300
2005-07-25,35.935,36.2156,35.8092,35.8092,1826000
2005-07-26,36.0995,36.1963,35.8188,35.9543,1496100
2005-07-27,36.1479,36.4382,36.0802,36.3415,2072500
2005-07-28,36.3995,36.535,36.1092,36.3221,1531900
2005-07-29,36.4189,36.6899,36.4189,36.4963,1621200
2005-08-01,36.0027,36.506,35.9446,36.506,1194400
2005-08-02,36.777,36.9221,36.1189,36.1189,1536700
2005-08-03,36.6415,37.4351,36.535,36.6124,2310800
2005-08-04,36.2447,36.6028,36.1479,36.5834,2188600
2005-08-05,35.8479,36.0802,35.4608,36.0511,1829400
2005-08-08,34.5897,36.1285,34.4542,35.9253,3665800
2005-08-09,35.0349,35.1801,34.6865,35.0349,3605600
2005-08-10,35.4801,35.8963,35.3543,35.5188,2729400
2005-08-11,35.7995,35.8479,35.4801,35.5672,2363700
2005-08-12,35.9737,36.0511,35.6543,35.7124,1868900
2005-08-15,35.8188,36.0608,35.5285,35.5866,1754600
2005-08-16,35.6253,36.0318,35.6156,35.9253,1926100
2005-08-17,35.4511,35.6543,35.1704,35.3833,1440100
2005-08-18,35.2285,35.4801,35.1607,35.4704,2354000
2005-08-19,35.3446,35.4704,35.2865,35.4704,1816000
2005-08-22,35.393,35.5769,35.2769,35.4511,2119100
2005-08-23,35.4608,35.5672,35.2478,35.4027,1710700
2005-08-24,35.664,36.1769,35.4898,35.5188,1916400
2005-08-25,36.0705,36.0802,35.6737,35.7608,1277500
2005-08-26,35.9834,36.235,35.9059,35.9543,1217000
2005-08-29,36.2737,36.3124,35.664,35.664,1599400
2005-08-30,36.0705,36.3415,35.7898,36.206,1293400
2005-08-31,36.3124,36.3511,35.964,36.1479,1902900
2005-09-01,37.0673,37.106,36.2253,36.3995,1697300
2005-09-02,36.7673,37.1931,36.7576,36.9221,1695300
2005-09-06,36.8641,37.1544,36.7383,36.777,2237400
2005-09-07,37.2996,37.3093,36.835,36.8931,1424100
2005-09-08,36.6996,37.3577,36.6899,37.1641,2495100
2005-09-09,37.2512,37.3286,36.6802,36.7479,1722100
2005-09-12,36.8157,37.3673,36.6996,37.2609,1271300
2005-09-13,36.7673,36.9512,36.6608,36.806,1246400
2005-09-14,36.8834,37.1254,36.7286,36.8544,824700
2005-09-15,37.1254,37.2996,36.8834,36.9705,934400
2005-09-16,37.3964,37.4738,36.9899,37.2802,2008100
2005-09-19,37.2512,37.5319,37.1834,37.3577,2044200
2005-09-20,37.2609,37.4932,37.1641,37.2318,1624400
2005-09-21,36.9415,37.5512,36.8931,37.2609,2424800
2005-09-22,36.5253,37.1157,36.3898,37.1157,2536800
2005-09-23,36.9512,36.9899,36.4866,36.5253,1988400
2005-09-26,37.5706,37.7351,36.9512,36.9512,2754300
2005-09-27,37.319,37.6964,37.1641,37.6093,1939500
2005-09-28,37.8609,37.9287,37.406,37.406,1354400
2005-09-29,38.5339,38.6217,37.7635,37.861,2360900
2005-09-30,38.2803,38.6607,38.1243,38.5437,1409800
2005-10-03,38.9143,39.0021,38.3779,38.3779,1532100
2005-10-04,38.1243,39.1094,38.0853,38.8168,1893200
2005-10-05,36.7589,38.1341,36.7491,38.056,1697100
2005-10-06,36.4078,36.8174,35.7446,36.7199,1668300
2005-10-07,37.0125,37.1588,36.398,36.5736,1673000
2005-10-10,36.6419,37.227,36.4858,37.0612,1471100
2005-10-11,36.4663,36.9539,36.3493,36.5736,1121700
2005-10-12,36.4858,37.0417,36.2127,36.5736,2100300
2005-10-13,35.2569,36.1054,34.8863,36.0859,2099500
2005-10-14,35.3252,35.7934,35.1984,35.452,1756800
2005-10-17,36.0079,36.1152,35.2667,35.335,1533600
2005-10-18,35.2765,36.1054,35.2374,35.9884,2261200
2005-10-19,35.3935,35.4325,34.779,35.2277,2968300
2005-10-20,34.8376,35.8421,34.6815,35.4032,2260500
2005-10-21,35.2082,35.4422,34.9449,35.0034,1136600
2005-10-24,35.9006,35.9396,34.9253,34.9644,2003700
2005-10-25,35.5495,36.1835,35.3252,35.8421,1560500
2005-10-26,34.779,35.3154,34.6815,35.3057,4020400
2005-10-27,34.9058,35.3057,34.3792,34.8473,2033200
2005-10-28,35.1789,35.3252,34.8766,35.0131,1693300
2005-10-31,35.4325,35.7836,35.2569,35.3057,2588700
2005-11-01,35.296,35.4715,35.0229,35.3057,1483300
2005-11-02,35.1009,35.5495,34.9351,35.3252,1607400
2005-11-03,34.6425,35.1789,34.5157,35.0034,2192800
2005-11-04,34.6523,34.8181,34.4865,34.7888,1676400
2005-11-07,34.4572,34.8083,34.0768,34.6523,2236200
2005-11-08,34.3499,34.5645,33.7355,33.7355,1916100
2005-11-09,34.6425,34.8766,34.1841,34.1841,1610600
2005-11-10,34.4865,34.7498,33.9696,34.623,1588500
2005-11-11,34.1841,34.5157,33.95,34.3987,1524700
2005-11-14,34.0963,34.3987,33.9988,34.1841,2390400
2005-11-15,33.9891,34.3987,33.8428,34.1353,1632900
2005-11-16,33.8915,34.1549,33.6867,33.95,1869100
2005-11-17,34.8863,35.0034,34.0768,34.1353,1842500
2005-11-18,34.8863,35.3447,34.4767,35.3447,1977800
2005-11-21,35.5983,35.6275,35.0131,35.1594,2029100
2005-11-22,35.4715,35.5885,35.3057,35.413,2041900
2005-11-23,36.1737,36.281,35.3642,35.3642,1999000
2005-11-25,36.6419,36.7004,36.1737,36.2615,566900
2005-11-28,36.2225,36.5736,36.1932,36.5248,1388500
2005-11-29,36.281,36.6516,36.2322,36.242,1171000
2005-11-30,35.8714,36.125,35.7738,36.0762,6217500
2005-12-01,35.8031,36.1932,35.7153,35.9494,3263200
2005-12-02,35.7934,35.7934,35.5105,35.5983,1716200
2005-12-05,35.6568,35.8031,35.0814,35.0814,1399900
2005-12-06,35.8226,36.0762,35.7543,35.7836,1162700
2005-12-07,35.3252,36.0079,35.1887,35.7934,1134100
2005-12-08,36.0469,36.3103,35.4618,35.5008,1975500
2005-12-09,36.242,36.4566,35.2569,35.2569,1230400
2005-12-12,35.7738,36.4761,35.7641,36.281,1212700
2005-12-13,36.2225,36.3103,35.608,35.8519,1407200
2005-12-14,36.5346,36.7687,36.398,36.4078,1104000
2005-12-15,36.5638,36.8662,36.1542,36.6223,1721300
2005-12-16,36.5833,36.7687,36.5248,36.5638,2187900
2005-12-19,36.398,36.6223,36.3005,36.4273,1401000
2005-12-20,36.4663,36.5541,36.0859,36.3298,816300
2005-12-21,36.1542,36.6711,36.1152,36.5248,1100500
2005-12-22,36.4858,36.6223,36.0957,36.3785,1932400
2005-12-23,36.5931,36.9442,36.281,36.5346,1190500
2005-12-27,36.6809,37.0125,36.4858,36.4956,1228000
2005-12-28,36.3954,36.8775,36.2084,36.7299,3413300
2005-12-29,36.6512,36.9169,36.3462,36.3462,1062300
2005-12-30,36.5233,36.6906,36.3954,36.5036,1194600
2006-01-03,36.8677,36.9267,36.0608,36.5233,1953200
2006-01-04,36.8775,36.9464,36.3659,36.8677,1666700
2006-01-05,36.7102,37.0841,36.4347,36.8283,1350900
2006-01-06,37.1432,37.1825,36.8086,37.0448,1255200
2006-01-09,36.7397,37.0743,36.5528,37.0349,1332500
2006-01-10,36.602,37.212,36.5135,36.6414,2051600
2006-01-11,36.356,36.4642,36.2084,36.356,1960000
2006-01-12,36.6906,36.8578,36.3462,36.3462,1060800
2006-01-13,36.7004,36.8873,36.356,36.7791,1862900
2006-01-17,37.399,37.458,36.6512,36.7004,1933700
2006-01-18,37.4679,37.5958,37.2022,37.4383,1359800
2006-01-19,36.9956,37.3104,36.9267,37.2809,1904100
2006-01-20,36.602,37.0841,36.5823,36.9956,3090200
2006-01-23,36.8283,37.0251,36.7102,36.7397,1160100
2006-01-24,37.4383,37.4777,36.8382,36.8382,1653800
2006-01-25,36.9759,37.4383,36.661,37.4383,1693000
2006-01-26,36.5626,37.1727,36.543,37.0743,1535000
2006-01-27,36.7299,36.9301,36.5233,36.5626,1407400
2006-01-30,36.8185,37.1137,36.6807,36.7791,1107100
2006-01-31,36.7102,37.0251,36.5528,36.7988,1333500
2006-02-01,37.0349,37.1628,36.6709,36.7102,1248200
2006-02-02,36.2773,37.0349,36.2084,37.0349,1345600
2006-02-03,36.1986,36.3659,35.9231,36.0805,1398100
2006-02-06,36.4052,36.5135,36.0608,36.0805,928500
2006-02-07,36.5528,36.661,36.4249,36.5036,1471200
2006-02-08,35.8641,36.6118,35.7165,36.602,2126100
2006-02-09,36.1986,36.5036,35.8247,35.8345,1588900
2006-02-10,36.356,36.5626,36.11,36.11,1242500
2006-02-13,36.1592,36.356,36.1395,36.2281,942400
2006-02-14,35.7657,36.2576,35.746,36.1297,2117700
2006-02-15,36.1297,36.2281,35.6673,35.7165,1792200
2006-02-16,36.5626,36.5823,35.9624,36.0904,1225700
2006-02-17,37.0448,37.3695,36.602,36.602,1899700
2006-02-21,37.1333,37.3301,37.0448,37.0448,1614700
2006-02-22,37.3793,37.4482,37.0644,37.2711,1811100
2006-02-23,37.1137,37.3301,36.8972,37.212,1068800
2006-02-24,37.3596,37.4875,37.0841,37.2219,822600
2006-02-27,37.8516,37.9598,37.5466,37.5859,1459200
2006-02-28,37.4383,37.8811,37.2317,37.6745,2966100
2006-03-01,37.8418,37.8811,37.3203,37.4875,1558200
2006-03-02,38.4124,38.4223,37.5269,37.6843,2138200
2006-03-03,38.2452,38.5699,38.0287,38.1763,1972700
2006-03-06,37.5958,38.2648,37.5072,38.2255,2036500
2006-03-07,37.5466,37.6056,37.153,37.4383,2398900
2006-03-08,38.1074,38.255,37.399,37.5761,2636100
2006-03-09,38.3829,38.4419,37.9893,38.0287,1653000
2006-03-10,38.6781,38.747,38.2747,38.314,1835200
2006-03-13,38.8158,38.8552,38.5502,38.7076,2376600
2006-03-14,39.3472,39.357,38.7666,38.8453,1854300
2006-03-15,39.6128,39.6718,39.0225,39.1897,2137600
2006-03-16,39.7702,39.9867,39.6423,39.8096,2206000
2006-03-17,39.6128,40.0261,39.4947,39.8982,2007700
2006-03-20,39.111,39.6128,38.9536,39.6128,2095600
2006-03-21,39.0618,39.3964,38.9634,39.1602,1665700
2006-03-22,39.3176,39.416,38.7863,38.9634,2045600
2006-03-23,39.6817,39.721,39.1012,39.2291,3029400
2006-03-24,39.6915,39.8883,39.416,39.5538,2406000
2006-03-27,39.6915,39.8194,39.5144,39.6915,2056400
2006-03-28,39.5144,39.7801,39.3964,39.5538,2252700
2006-03-29,39.3062,39.7328,39.2864,39.3756,2369100
2006-03-30,39.078,39.3856,38.7606,39.2864,2127100
2006-03-31,38.5919,39.1376,38.5125,39.0483,2215600
2006-04-03,39.0383,39.1475,38.6911,38.7903,2624000
2006-04-04,39.8022,39.8915,38.8598,39.0284,2069000
2006-04-05,40.457,40.5662,39.6733,39.6832,2405000
2006-04-06,39.2963,40.328,39.1078,40.2784,5677000
2006-04-07,38.8895,39.207,38.6614,39.1673,2307200
2006-04-10,39.2566,39.6336,38.9491,38.9887,1393000
2006-04-11,38.8994,39.4253,38.7506,39.3856,1128900
2006-04-12,38.8002,39.0582,38.6514,38.8895,1153500
2006-04-13,38.3042,38.7407,38.205,38.5919,1846300
2006-04-17,38.5423,38.6118,38.0959,38.3141,1531300
2006-04-18,39.1276,39.2467,38.3637,38.4431,1985100
2006-04-19,39.1276,39.3756,38.9292,39.2467,1052400
2006-04-20,39.078,39.5046,38.9689,38.9887,2083400
2006-04-21,39.2169,39.3756,38.9292,39.2368,1615800
2006-04-24,39.0582,39.2864,38.9292,39.2368,1888900
2006-04-25,38.7506,39.1078,38.3935,39.0681,1578700
2006-04-26,38.5423,38.9193,38.3836,38.7209,1753000
2006-04-27,38.711,39.2169,38.2447,38.3042,3588700
2006-04-28,39.5245,39.6138,38.7407,38.9887,2245300
2006-05-01,38.9193,39.6733,38.7804,39.584,1937300
2006-05-02,39.4153,39.5443,38.8399,39.0681,2728100
2006-05-03,39.2665,39.3955,39.0383,39.1574,1475400
2006-05-04,39.1475,39.4451,39.1177,39.2368,922500
2006-05-05,40.4769,40.5761,39.7824,40.0304,2565000
2006-05-08,39.584,40.09,38.6316,38.6911,3647800
2006-05-09,39.3161,39.6336,39.1276,39.2368,2401100
2006-05-10,39.9411,39.961,39.207,39.2467,2417300
2006-05-11,39.0383,39.6733,38.9491,39.6435,1837700
2006-05-12,38.9887,39.2368,38.7606,38.8895,2138800
2006-05-15,38.9391,39.1872,38.6911,38.9987,1849200
2006-05-16,38.453,39.1376,38.4431,39.1376,2923700
2006-05-17,38.0363,38.8002,38.0264,38.2645,2781400
2006-05-18,38.4034,38.701,38.0859,38.1455,2346600
2006-05-19,38.6713,38.9292,38.3935,38.7407,2189800
2006-05-22,38.9491,39.2665,38.3836,38.4034,2098300
2006-05-23,38.2546,39.1574,38.2447,39.0979,1933800
2006-05-24,38.9987,39.0582,38.1058,38.1852,2263100
2006-05-25,39.455,39.4649,38.8697,39.0979,1528900
2006-05-26,39.6832,39.7328,39.2169,39.6733,1552800
2006-05-30,38.9689,39.6931,38.8002,39.6931,1823600
2006-05-31,39.3657,39.832,38.9689,38.9887,2781800
2006-06-01,39.7725,39.8276,39.3062,39.4649,1367100
2006-06-02,40.0304,40.338,39.6336,39.832,1610800
2006-06-05,39.832,40.338,39.584,39.832,1908200
2006-06-06,39.832,40.08,39.3558,39.9808,1927800
2006-06-07,39.7526,40.1991,39.6237,39.7824,1184900
2006-06-08,40.338,40.457,39.6038,39.8518,2106500
2006-06-09,40.2388,40.4769,40.0503,40.2784,1162000
2006-06-12,40.0106,40.5562,39.8518,40.3975,1281000
2006-06-13,39.1078,40.0403,39.0185,39.6931,3575300
2006-06-14,38.5621,39.0284,38.2447,38.8895,2840000
2006-06-15,38.959,39.088,38.3637,38.6415,2126100
2006-06-16,38.7804,39.0681,38.5522,38.7903,2341100
2006-06-19,38.9292,39.0086,38.4629,38.8895,1620900
2006-06-20,38.9491,39.1673,38.711,38.7606,1836500
2006-06-21,38.7705,39.2566,38.711,38.8201,1296900
2006-06-22,38.6713,38.7903,38.4332,38.6118,1095700
2006-06-23,38.7804,39.2368,38.5522,38.5919,879600
2006-06-26,38.8895,38.9887,38.5026,38.6911,1126400
2006-06-27,38.7705,39.207,38.7308,38.9491,1125100
2006-06-28,38.701,39.1078,38.6018,38.6812,2096400
2006-06-29,38.5026,38.711,37.9967,38.3935,2459900
2006-06-30,38.9689,39.0284,38.5324,38.5919,2063000
2006-07-03,39.4253,39.4352,38.7506,38.8399,452900
2006-07-05,39.2665,39.6435,39.088,39.2368,1149000
2006-07-06,38.9292,39.2467,38.7705,39.2368,866500
2006-07-07,39.4153,39.5642,38.8598,38.8598,1015500
2006-07-10,39.326,39.6534,39.2467,39.5145,873900
2006-07-11,39.4848,39.6237,39.1971,39.3062,1096800
2006-07-12,39.3161,39.8816,39.2566,39.6038,1437800
2006-07-13,39.6038,39.9015,39.326,39.3657,1758600
2006-07-14,39.3756,39.6633,39.0483,39.4848,1125300
2006-07-17,39.4848,39.7725,39.336,39.4054,1469100
2006-07-18,40.1991,40.2586,39.5741,39.6832,1824400
2006-07-19,40.457,40.6058,40.0304,40.2487,1816700
2006-07-20,40.4471,40.6753,40.3181,40.4074,1000300
2006-07-21,40.2983,40.6654,40.1296,40.6654,1809500
2006-07-24,40.963,41.0225,40.2586,40.2884,1018900
2006-07-25,40.7447,41.0324,40.5662,40.8935,1815300
2006-07-26,41.1118,41.2408,40.586,40.5959,1632700
2006-07-27,40.9233,41.6078,40.9035,41.1515,1267000
2006-07-28,41.4094,41.5285,40.9531,41.0225,1036200
2006-07-31,41.3499,41.6078,41.2507,41.3102,987500
2006-08-01,41.6376,41.8063,41.1019,41.2705,1198700
2006-08-02,41.6277,41.9551,41.3499,41.5384,2031600
2006-08-03,40.7646,41.3995,40.4868,41.0721,2408100
2006-08-04,40.705,41.1713,40.4074,40.8042,2140400
2006-08-07,40.1197,40.7943,40.08,40.705,796200
2006-08-08,40.5761,40.9233,40.2685,40.3181,931100
2006-08-09,40.8836,41.34,40.6257,40.7249,1378800
2006-08-10,41.2804,41.3896,40.6753,40.8935,1696900
2006-08-11,41.0027,41.2408,40.9927,41.2209,927900
2006-08-14,41.211,41.2904,40.8638,40.9233,1307000
2006-08-15,41.5384,41.717,41.2904,41.5185,1116900
2006-08-16,41.0523,41.6674,40.9828,41.6674,1514200
2006-08-17,40.9233,41.0721,40.586,40.9729,820800
2006-08-18,41.4094,41.4689,40.8836,40.9134,1296100
2006-08-21,41.6376,41.8955,41.3697,41.4094,1184700
2006-08-22,41.8856,42.0344,41.5285,41.5681,1173100
2006-08-23,40.8241,41.7666,40.4669,41.7368,1714700
2006-08-24,40.963,41.1713,40.8737,40.9729,1087900
2006-08-25,41.082,41.1713,40.6951,40.7646,605000
2006-08-28,41.5681,41.6574,41.0126,41.1118,847700
2006-08-29,41.4888,41.6277,41.2705,41.5681,803800
2006-08-30,41.0126,41.5781,40.9828,41.5781,561700
2006-08-31,41.5979,41.717,40.9729,41.0126,788100
2006-09-01,41.2705,41.5781,41.2308,41.4293,836000
2006-09-05,40.9729,41.3201,40.6455,41.3003,962500
2006-09-06,40.6455,40.9134,40.4769,40.8737,1459200
2006-09-07,40.7249,40.8539,40.3975,40.6753,1477100
2006-09-08,40.9729,41.0721,40.7943,40.8737,1438700
2006-09-11,40.963,41.2705,40.8439,40.9729,1166800
2006-09-12,40.6455,40.9927,40.5265,40.9927,1274800
2006-09-13,41.1614,41.1713,40.5761,40.586,1335800
2006-09-14,40.834,41.4491,40.715,41.082,694700
2006-09-15,40.963,41.2705,40.8241,41.0225,1223500
2006-09-18,40.5165,40.9828,40.3975,40.8638,783000
2006-09-19,40.7546,40.9332,40.457,40.5662,1138900
2006-09-20,40.9332,41.1713,40.7844,40.9729,823000
2006-09-21,40.6852,40.9729,40.5959,40.9431,1164300
2006-09-22,41.2209,41.2408,40.6951,40.715,1242600
2006-09-25,41.8261,42.1733,41.2408,41.4689,1727600
2006-09-26,41.5582,41.8459,41.4987,41.8459,1135800
2006-09-27,42.1138,42.1733,41.4193,41.4193,1154300
2006-09-28,41.7666,42.1535,41.6674,41.965,1682000
2006-09-29,41.3201,41.9154,41.1415,41.8856,1693700
2006-10-02,41.6674,41.9947,41.34,41.4193,1383500
2006-10-03,41.7566,41.8955,41.1614,41.6674,1672400
2006-10-04,42.0741,42.0741,41.5979,41.7765,832900
2006-10-05,41.6971,42.1039,41.5979,41.9154,934600
2006-10-06,41.5185,41.7566,41.3201,41.4491,1246700
2006-10-09,41.5582,41.6475,41.3697,41.4193,546100
2006-10-10,41.5384,41.7963,41.4689,41.588,1121500
2006-10-11,42.0443,42.2229,41.5086,41.5384,1425100
2006-10-12,41.8856,42.1634,41.6773,42.0642,919300
2006-10-13,41.6574,41.9054,41.5185,41.6872,1416300
2006-10-16,41.965,42.0543,41.5929,41.6574,831800
2006-10-17,42.0642,42.2626,41.8658,41.8658,744500
2006-10-18,42.6594,42.6694,42.1634,42.1634,1617200
2006-10-19,42.6098,42.8281,42.461,42.5801,905600
2006-10-20,42.7785,42.7785,42.3618,42.7388,1830000
2006-10-23,42.967,42.9967,42.3618,42.6594,734200
2006-10-24,42.7289,42.8876,42.4015,42.8083,1273500
2006-10-25,43.0761,43.3043,42.7289,42.7289,827900
2006-10-26,42.9571,43.086,42.8182,43.0265,734200
2006-10-27,42.9075,43.0166,42.7586,42.8876,876700
2006-10-30,42.9273,42.9571,42.8182,42.9571,645100
2006-10-31,42.7983,43.0364,42.7586,42.8578,1353900
2006-11-01,43.1257,43.2845,42.7983,42.8578,1156300
2006-11-02,42.9075,43.1059,42.6297,43.0067,786800
2006-11-03,42.461,42.9174,42.2428,42.8083,1068200
2006-11-06,42.8975,43.0364,42.4511,42.4709,1012100
2006-11-07,42.8975,43.0166,42.709,42.8182,774100
2006-11-08,43.4035,43.5722,42.709,42.8975,1124300
2006-11-09,43.6217,43.7706,43.2646,43.3936,1225600
2006-11-10,44.0583,44.088,43.5622,43.5622,992300
2006-11-13,43.8797,44.2765,43.8499,44.1476,1079800
2006-11-14,44.2468,44.2765,43.6714,43.9095,1456500
2006-11-15,44.713,44.8122,44.1773,44.346,1791300
2006-11-16,45.5662,45.6853,44.8222,44.842,2287700
2006-11-17,45.0702,45.4075,44.842,45.219,1325700
2006-11-20,44.8122,45.3579,44.8122,44.9313,766700
2006-11-21,44.9214,45.09,44.5182,44.5444,1047000
2006-11-22,44.9015,45.1992,44.9015,44.9511,551900
2006-11-24,45.1198,45.2289,44.842,44.842,416500
2006-11-27,44.7428,45.1396,44.4749,45.1396,1263400
2006-11-28,45.0999,45.1396,44.6634,44.7626,867100
2006-11-29,45.5365,45.5464,45.0702,45.1396,1198500
2006-11-30,45.5662,45.6555,45.2289,45.4869,867600
2006-12-01,46.0127,46.0226,45.3381,45.3381,1236700
2006-12-04,46.4095,46.469,46.0523,46.1615,886700
2006-12-05,46.3103,46.6278,46.1317,46.34,1066700
2006-12-06,46.0722,46.5087,45.973,46.4988,1053800
2006-12-07,46.0821,46.3897,45.8638,46.2111,806800
2006-12-08,45.5166,46.0127,45.2984,45.8936,1869100
2006-12-11,45.9333,46.1317,45.6258,45.6258,1322800
2006-12-12,46.5484,46.6476,45.9531,45.9829,1454400
2006-12-13,46.6377,46.7468,46.3004,46.5087,1418100
2006-12-14,46.846,47.0841,46.5385,46.6377,1354200
2006-12-15,46.9254,47.1635,46.6873,47.0643,1274800
2006-12-18,46.9849,47.0345,46.6178,46.7766,1323200
2006-12-19,47.6,47.6694,46.7369,46.8162,2031800
2006-12-20,47.2726,47.7885,47.2329,47.6198,1535200
2006-12-21,47.094,47.471,47.0841,47.342,923300
2006-12-22,46.8956,47.1734,46.8559,47.1238,745000
2006-12-26,47.2924,47.4909,46.9254,47.0544,834000
2006-12-27,47.3817,47.4214,47.1238,47.3222,861600
2006-12-28,47.2428,47.5405,47.2032,47.4214,470500
2006-12-29,46.9551,47.1436,46.8063,47.1337,762900
2007-01-03,46.8956,47.5702,46.7865,46.9254,1662400
2007-01-04,46.2508,46.8162,46.2012,46.8162,1763800
2007-01-05,45.1297,46.1615,45.095,46.1119,3232100
2007-01-08,45.5662,45.7944,45.1902,45.2388,1728300
2007-01-09,45.7845,45.9631,44.9809,45.7349,1850900
2007-01-10,46.3996,46.5385,45.5563,45.5861,3009200
2007-01-11,46.5285,46.7468,46.3301,46.35,1687300
2007-01-12,45.8143,46.5186,45.6654,46.4789,1204300
2007-01-16,45.8043,46.1615,45.7746,45.9333,1105600
2007-01-17,45.8936,46.0325,45.6357,45.8242,750200
2007-01-18,45.8043,46.2706,45.8043,46.0523,699400
2007-01-19,45.6754,46.0027,45.5861,45.9333,966900
2007-01-22,45.4373,45.8936,45.3777,45.6754,1559200
2007-01-23,45.8043,45.8539,45.3976,45.4968,1201800
2007-01-24,46.3004,46.3698,45.725,45.7746,1127300
2007-01-25,45.4869,46.3202,45.4373,46.2607,1212000
2007-01-26,45.6654,45.7448,45.1297,45.4472,1303500
2007-01-29,45.9035,46.0523,45.7051,45.8539,813400
2007-01-30,45.9432,46.0325,45.7845,45.8936,861200
2007-01-31,46.3103,46.4194,45.6654,45.9432,1029000
2007-02-01,46.6079,46.6178,46.1912,46.2607,1460900
2007-02-02,46.6674,46.7369,46.4988,46.6079,696300
2007-02-05,47.3123,47.5504,46.4789,46.6377,1398100
2007-02-06,47.2428,47.4214,47.1238,47.4214,948800
2007-02-07,47.3024,47.5702,47.0742,47.2329,670600
2007-02-08,47.7885,48.1655,47.3619,47.4214,1325200
2007-02-09,47.3222,47.8877,47.1932,47.8182,1035700
2007-02-12,47.4611,47.9869,47.2726,47.4115,1083683
2007-02-13,48.0266,48.0365,47.5702,47.6595,823217
2007-02-14,47.9175,48.4036,47.8778,48.0266,1479763
2007-02-15,48.0464,48.1655,47.6198,47.848,946200
2007-02-16,47.848,48.1655,47.6496,47.8679,1082400
2007-02-20,47.6198,47.9075,47.5305,47.7488,1582500
2007-02-21,47.5305,47.6298,47.2032,47.471,1121800
2007-02-22,47.471,47.8679,47.1436,47.6198,1277000
2007-02-23,47.3917,47.7984,47.223,47.5206,1334400
2007-02-26,47.5901,48.9294,47.5008,47.9671,2846702
2007-02-27,46.0523,47.4413,45.6357,47.4413,2256900
2007-02-28,46.0623,46.598,45.1396,45.1396,2945200
2007-03-01,46.2805,46.4194,45.6357,45.8936,2132589
2007-03-02,45.2984,46.1813,45.2686,46.1813,1435800
2007-03-05,44.8916,45.3877,44.8817,45.1496,1855400
2007-03-06,45.348,45.3877,44.7428,45.0404,2583100
2007-03-07,46.1119,46.3301,45.1992,45.348,2409300
2007-03-08,45.9928,46.5583,45.9035,46.35,1259300
2007-03-09,45.7845,46.3004,45.6952,46.1516,987100
2007-03-12,46.0226,46.092,45.5365,45.7051,916800
2007-03-13,45.3281,46.092,45.1892,45.8341,1335100
2007-03-14,45.4273,45.6952,44.9015,45.3976,1845300
2007-03-15,46.1317,46.2012,45.3083,45.4373,1968200
2007-03-16,45.6456,46.2905,45.6357,46.092,2468000
2007-03-19,45.9333,46.0325,45.7349,45.973,2128606
2007-03-20,46.9452,46.9452,45.7646,45.8738,1399000
2007-03-21,47.719,47.8083,46.6873,46.9948,1804676
2007-03-22,47.9472,49.0484,47.8083,49.0484,2650400
2007-03-23,48.4532,48.5425,47.6992,47.8182,1687400
2007-03-26,48.8203,48.8203,48.1456,48.3937,2884900
2007-03-27,48.5326,48.7409,48.354,48.6119,2490400
2007-03-28,48.2151,48.5623,48.0167,48.0663,1708200
2007-03-29,48.1853,48.5326,47.8976,48.4631,1544880
2007-03-30,47.8877,48.3738,47.3917,48.2944,1758995
2007-04-02,49.0484,49.098,48.1258,48.5127,2240500
2007-04-03,49.3064,49.4353,48.7706,49.0484,1705900
2007-04-04,48.9591,49.3957,48.8798,49.1278,1215685
2007-04-05,48.9591,49.098,48.721,48.8599,1365859
2007-04-09,48.9889,49.1972,48.9393,48.9691,843000
2007-04-10,49.6536,49.7429,48.8103,48.9195,1409881
2007-04-11,49.5445,49.9611,49.4353,49.7131,1964403
2007-04-12,49.3957,49.604,49.108,49.4353,1254400
2007-04-13,49.4949,50.2489,49.2965,50.2489,1554545
2007-04-16,49.4254,49.7032,48.9889,49.604,2008200
2007-04-17,50.1,50.11,49.2766,49.604,1365200
2007-04-18,49.7429,49.8818,49.4353,49.852,2327500
2007-04-19,49.9611,50.11,49.5445,49.604,1537867
2007-04-20,50.4274,50.5365,50.0802,50.2489,2025300
2007-04-23,51.1913,51.4393,50.5762,50.8441,1626900
2007-04-24,51.1417,51.3004,50.8441,51.0921,1413532
2007-04-25,51.6973,51.7568,51.2012,51.2905,1285491
2007-04-26,51.1417,51.7072,51.0921,51.608,691797
2007-04-27,50.7251,51.112,50.5167,51.112,855031
2007-04-30,50.1992,50.9135,50.1794,50.735,1276382
2007-05-01,50.8838,50.9334,50.0008,50.2985,1211761
2007-05-02,51.2012,51.3203,50.7052,50.8242,1052010
2007-05-03,50.8739,51.3501,50.5961,51.1715,1456834
2007-05-04,50.854,51.1913,50.6953,50.9929,889500
2007-05-07,51.1913,51.4195,50.9631,51.0028,690065
2007-05-08,51.0822,51.2112,50.8242,51.1616,1021200
2007-05-09,50.9532,51.5386,50.6358,51.0921,1168677
2007-05-10,50.0603,51.0624,50.0603,50.8937,1443600
2007-05-11,50.4969,50.8441,50.2489,50.2489,1763800
2007-05-14,50.6159,51.0921,50.5068,50.7449,1231900
2007-05-15,50.8044,51.4592,50.4969,51.0028,2294600
2007-05-16,51.1318,51.4096,50.9433,51.1417,1348700
2007-05-17,51.2509,51.3401,50.854,50.9334,1216500
2007-05-18,51.0425,51.3501,50.7945,51.3104,1540600
2007-05-21,51.0127,51.2608,50.8441,50.9532,865800
2007-05-22,50.8242,51.1814,50.735,51.0624,1125320
2007-05-23,50.0107,50.8838,49.9115,50.8639,1584700
2007-05-24,48.9393,50.3977,48.8897,50.0107,2391300
2007-05-25,48.7012,49.5544,48.3837,49.0484,1414665
2007-05-29,48.6218,49.0583,48.5524,48.7806,1055112
2007-05-30,48.9294,49.098,48.1059,49.0583,1785811
2007-05-31,48.8699,49.4056,48.8401,49.3163,1943200
2007-06-01,48.5821,49.1278,48.354,49.0088,1362300
2007-06-04,48.5425,48.7607,48.0861,48.3639,1476283
2007-06-05,47.8083,48.5623,47.6298,48.3639,1632040
2007-06-06,46.7667,47.6539,46.6972,47.6198,1727500
2007-06-07,45.1694,46.8063,45.0404,46.7667,6179539
2007-06-08,45.2091,45.7646,44.7825,45.1496,3491900
2007-06-11,45.2686,45.5761,45.1396,45.1992,2248100
2007-06-12,44.9214,45.8043,44.5444,45.2686,2554395
2007-06-13,46.5682,46.5682,45.1892,45.1892,2915448
2007-06-14,46.35,46.7369,46.0821,46.5087,1917900
2007-06-15,46.7468,46.9353,46.4789,46.4789,3523400
2007-06-18,46.2706,46.6873,46.1516,46.6377,1791500
2007-06-19,46.3698,46.5782,45.8936,46.2805,1065900
2007-06-20,44.8519,46.846,44.8321,46.6873,2310682
2007-06-21,45.3083,45.5365,44.5841,45.1396,1658800
2007-06-22,44.594,45.4869,44.3559,45.2785,2489913
2007-06-25,44.9115,45.3877,44.4253,44.6039,2595900
2007-06-26,44.7924,46.1317,44.7825,45.3281,3580141
2007-06-27,45.0702,45.2587,44.346,44.6436,2590103
2007-06-28,45.2,45.88,45.03,45.24,2054756
2007-06-29,45.3,45.89,44.86,45.53,1889100
2007-07-02,46.14,46.14,45.3,45.65,1910700
2007-07-03,45.75,46.64,45.71,46.2,883400
2007-07-05,45.19,45.69,44.55,45.52,2226877
2007-07-06,44.68,45.1,44.33,45.0,1231400
2007-07-09,44.96,45.28,44.67,44.75,2486400
2007-07-10,44.69,44.9838,44.25,44.25,2561300
2007-07-11,44.8,44.88,44.48,44.63,1911700
2007-07-12,45.42,45.42,44.6,44.95,2139712
2007-07-13,45.62,45.82,44.82,45.16,1374784
2007-07-16,45.01,45.64,45.01,45.5,1912270
2007-07-17,44.83,45.32,44.52,45.1,2113258
2007-07-18,45.35,45.63,44.65,44.92,3219300
2007-07-19,46.66,46.72,45.62,45.62,2644400
2007-07-20,45.84,46.74,45.78,45.89,3189200
2007-07-23,46.45,46.77,45.06,45.08,1796082
2007-07-24,44.63,46.55,44.54,46.15,2333754
2007-07-25,45.35,45.54,43.78,43.78,4202542
2007-07-26,45.15,46.55,44.44,46.11,4201957
2007-07-27,43.77,45.13,43.72,44.95,2771666
2007-07-30,43.49,44.17,42.79,43.0,3319487
2007-07-31,42.81,44.87,42.7,44.87,3135470
2007-08-01,44.37,44.38,42.64,43.59,2304399
2007-08-02,44.24,44.69,43.84,44.36,2860533
2007-08-03,42.83,45.92,42.83,44.5,3744682
2007-08-06,45.16,45.29,42.58,43.8,2807277
2007-08-07,46.36,46.939,44.5501,45.23,3528836
2007-08-08,46.24,47.0,45.28,46.99,4118481
2007-08-09,43.77,46.24,43.37,45.95,4049200
2007-08-10,45.45,45.78,42.98,43.81,3751580
2007-08-13,45.14,46.04,44.61,45.6,2450200
2007-08-14,44.14,45.54,44.09,45.4,1747876
2007-08-15,44.12,45.216,43.98,44.13,1778881
2007-08-16,44.54,44.77,43.23,43.75,3637315
2007-08-17,45.3,45.95,44.19,45.85,3289000
2007-08-20,44.97,45.42,44.43,45.29,1878100
2007-08-21,44.53,45.0,44.27,44.55,2020900
2007-08-22,45.0,45.25,44.59,45.1,1603500
2007-08-23,45.02,45.35,44.71,45.14,1416500
2007-08-24,45.05,45.13,44.37,44.88,1606000
2007-08-27,43.85,45.4,43.6,45.08,2224031
2007-08-28,43.4,44.37,43.35,43.85,1678900
2007-08-29,44.58,44.6,43.48,43.49,1995500
2007-08-30,44.37,44.74,44.05,44.3,2723100
2007-08-31,44.5,45.04,43.98,44.49,3172100
2007-09-04,45.08,45.55,44.51,45.55,2866258
2007-09-05,44.56,45.0,44.29,44.95,2105300
2007-09-06,44.5,44.7,44.24,44.37,1518900
2007-09-07,43.97,44.63,43.74,44.1,1821694
2007-09-10,44.21,44.31,43.54,44.03,2160500
2007-09-11,44.38,44.52,43.91,44.4,1964500
2007-09-12,45.23,45.41,44.1,44.38,2846200
2007-09-13,45.54,45.75,45.0,45.6,2860900
2007-09-14,46.9,47.0,45.59,45.99,3268800
2007-09-17,46.02,46.7,45.84,46.68,1932500
2007-09-18,46.96,47.0,45.91,46.25,2820600
2007-09-19,47.96,48.06,47.15,47.39,2286400
2007-09-20,47.43,48.08,47.35,47.39,1867200
2007-09-21,48.2,48.32,47.43,48.0,2639700
2007-09-24,47.75,48.09,47.63,47.95,2141100
2007-09-25,48.07,48.51,47.76,47.76,1890900
2007-09-26,48.5,48.78,48.1,48.13,2133600
2007-09-27,48.27,48.54,47.83,48.33,1837300
2007-09-28,47.8,48.63,47.65,48.59,2121400
2007-10-01,48.21,48.41,47.97,48.19,2025300
2007-10-02,48.1,48.22,48.0,48.12,1378400
2007-10-03,48.37,48.47,48.0,48.1,1474100
2007-10-04,48.9,48.96,48.41,48.45,1290200
2007-10-05,48.96,49.26,48.74,49.25,2509000
2007-10-08,48.56,49.08,48.4048,48.9,906000
2007-10-09,48.93,48.96,48.25,48.56,1520800
2007-10-10,48.2,48.95,48.08,48.63,2091700
2007-10-11,48.22,49.52,47.71,48.77,2459200
2007-10-12,48.55,48.69,48.3,48.45,1409200
2007-10-15,47.95,48.68,47.62,48.48,1573600
2007-10-16,47.65,48.21,47.45,47.9,1544700
2007-10-17,47.36,48.17,46.81,48.17,2685100
2007-10-18,46.83,47.5,46.76,47.34,1435600
2007-10-19,45.7,46.78,45.69,46.48,2021600
2007-10-22,46.37,46.45,45.08,45.08,1753463
2007-10-23,46.31,46.53,45.92,46.41,1525300
2007-10-24,46.4,46.54,45.77,46.1,1904400
2007-10-25,46.99,47.27,46.03,46.43,1770900
2007-10-26,47.58,47.58,46.13,47.16,1238400
2007-10-29,47.93,48.25,47.58,47.8,977300
2007-10-30,48.25,48.47,47.85,48.0,1325500
2007-10-31,48.93,48.95,48.19,48.4,1524594
2007-11-01,46.25,49.39,45.25,49.1,5338600
2007-11-02,45.66,46.3,44.99,44.99,4322000
2007-11-05,45.04,45.74,44.3,44.3,3398378
2007-11-06,44.48,45.39,43.74,45.04,4271001
2007-11-07,43.71,44.57,43.7,44.06,2822800
2007-11-08,45.45,45.6,44.17,44.4,4363653
2007-11-09,44.64,45.46,44.56,44.77,2144888
2007-11-12,44.5,45.23,44.4,44.65,2904700
2007-11-13,44.87,44.97,43.96,44.42,2647034
2007-11-14,44.56,45.31,44.42,45.23,2128709
2007-11-15,44.36,44.83,44.25,44.47,1589857
2007-11-16,44.47,44.88,43.84,44.64,2212725
2007-11-19,44.51,44.83,44.09,44.1,2083794
2007-11-20,45.38,45.48,44.4,44.4,2997200
2007-11-21,45.41,45.87,45.02,45.16,2726600
2007-11-23,45.52,45.78,45.1,45.65,813400
