Price,Close,High,Low,Open,Volume
Ticker,PG,PG,PG,PG,PG
Date,,,,,
1999-11-24,45.9894,46.0631,44.9669,45.9117,3990000
1999-11-26,46.2185,46.3453,45.6827,45.9894,1465400
1999-11-29,45.6049,46.014,45.0406,45.7563,3871600
1999-11-30,44.1734,46.1408,44.1734,45.2737,4024000
1999-12-01,45.9117,45.9117,44.4025,44.4802,3821200
1999-12-02,46.014,46.194,45.7072,45.9117,3575600
1999-12-03,46.5252,47.2901,46.1162,46.2185,6192200
1999-12-06,46.3208,46.7788,46.1408,46.2676,3707200
1999-12-07,44.9669,46.4721,44.9383,46.3985,4509400
1999-12-08,45.2737,45.5273,44.9669,44.9914,2713800
1999-12-09,44.9383,45.3759,44.3248,45.3759,4473400
1999-12-10,45.1714,45.5027,44.4802,44.6847,3468400
1999-12-13,45.1142,45.5273,44.427,45.1714,2467200
1999-12-14,45.6295,45.8095,44.5047,44.5825,2986600
1999-12-15,46.0631,46.9588,45.5518,45.6295,4718200
1999-12-16,44.9383,45.5804,44.3534,45.5027,3965000
1999-12-17,43.4576,44.9669,43.3554,44.9669,9526200
1999-12-20,44.018,44.6601,43.4822,43.5599,4552200
1999-12-21,42.7419,43.5845,42.3328,43.3799,5500600
1999-12-22,44.5825,44.5825,42.8196,42.8687,3721000
1999-12-23,44.7869,44.8115,44.3534,44.5825,2570600
1999-12-27,45.4782,45.5027,44.427,44.7869,3140400
1999-12-28,44.8892,45.6827,44.8115,45.4005,2007800
1999-12-29,44.7338,45.6541,44.4025,45.6541,1426200
1999-12-30,44.836,45.1959,44.5825,44.8115,1420400
1999-12-31,44.8115,44.9383,44.4802,44.9137,622200
2000-01-03,43.8421,44.1489,43.2286,44.0957,4283400
2000-01-04,42.9955,44.3248,42.4351,43.5067,4276800
2000-01-05,42.1774,43.0977,41.9238,42.8932,5108800
2000-01-06,44.1203,44.7624,42.9709,42.9955,6526600
2000-01-07,47.65,47.8546,44.6601,44.8115,9838800
2000-01-10,47.421,47.9813,46.7788,47.3678,6863200
2000-01-11,48.1613,48.1613,46.8075,47.1879,4422800
2000-01-12,47.8546,48.4149,47.4946,47.6991,6238200
2000-01-13,47.0365,47.8546,46.8566,47.8014,5288200
2000-01-14,47.8546,47.8546,47.1879,47.241,4906800
2000-01-18,47.83,48.2636,47.4701,47.83,4466200
2000-01-19,47.4475,47.7066,46.7032,46.8841,5561000
2000-01-20,46.2919,46.9869,44.2603,46.8841,10238400
2000-01-21,42.2327,46.3166,40.9207,46.3166,24389400
2000-01-24,42.4095,44.7743,38.9919,39.4813,28562800
2000-01-25,40.0982,42.644,39.8926,42.6152,17107800
2000-01-26,41.3814,41.4595,40.637,40.7151,10245000
2000-01-27,42.7961,42.9524,41.6158,41.9489,8994000
2000-01-28,41.2539,42.644,40.8673,42.644,9585400
2000-01-31,41.5623,41.587,40.456,41.2292,4528400
2000-02-01,40.9207,41.4842,40.6123,41.4102,4046600
2000-02-02,40.5588,41.1264,40.4313,41.0236,3921200
2000-02-03,40.2257,41.0482,39.7651,41.0482,6270600
2000-02-04,38.9673,40.1764,38.6588,40.1476,7652200
2000-02-07,38.3504,38.9919,38.0666,38.6588,6466800
2000-02-08,39.3785,39.4279,38.1694,38.6588,6792200
2000-02-09,38.6588,39.4279,38.556,39.1729,6264600
2000-02-10,37.606,38.9426,37.0384,38.556,5272200
2000-02-11,38.556,38.6341,37.5525,37.5525,5343400
2000-02-14,37.7828,38.5807,37.425,38.5313,5259000
2000-02-15,39.3785,39.4032,37.8856,38.0419,6866200
2000-02-16,38.6794,39.5841,38.2476,39.4032,5322800
2000-02-17,38.7369,39.0701,38.2476,38.6588,4683800
2000-02-18,38.5108,38.8397,37.8363,38.5807,4658200
2000-02-22,38.194,38.4285,37.0384,37.9637,5230600
2000-02-23,37.2688,38.194,37.0631,38.194,5366600
2000-02-24,36.3968,37.3715,35.599,37.1659,7225000
2000-02-25,35.0068,36.6025,35.0068,36.4996,7186800
2000-02-28,36.3434,37.0137,34.9574,35.2906,7082600
2000-02-29,36.1377,36.9603,35.8828,36.8081,6662800
2000-03-01,36.294,36.475,35.7265,36.1912,4161200
2000-03-02,35.9074,36.3722,35.6525,36.1912,3569000
2000-03-03,36.3722,36.9356,35.7799,36.1131,4903400
2000-03-06,35.9609,36.3722,35.6237,36.3434,3673400
2000-03-07,25.087,29.7631,23.5448,23.8533,137291200
2000-03-08,23.8533,25.3708,23.4955,25.087,74586600
2000-03-09,23.7505,24.4701,23.2364,24.0589,34226800
2000-03-10,22.1054,23.7505,21.6941,23.4955,48562400
2000-03-13,23.5448,23.5448,21.8998,22.1054,36006200
2000-03-14,22.9279,23.8533,22.673,23.623,20743200
2000-03-15,24.0589,24.0589,22.4673,23.2117,24747200
2000-03-16,24.6264,24.8814,24.1617,24.5483,27408200
2000-03-17,23.7011,24.6264,23.442,24.6264,22203800
2000-03-20,23.9067,24.2769,23.623,24.0095,11865000
2000-03-21,23.442,23.6476,23.0842,23.5201,14940400
2000-03-22,23.442,23.7258,22.7758,23.5448,15496000
2000-03-23,23.1089,23.3926,22.8498,23.0061,13622800
2000-03-24,23.2117,23.2364,22.673,23.2117,14318200
2000-03-27,22.7223,23.442,22.673,23.1336,11914600
2000-03-28,23.442,23.4955,22.6976,22.6976,12067600
2000-03-29,24.137,24.1617,23.4955,23.5201,15738200
2000-03-30,23.8533,24.7292,23.8533,24.2398,16012600
2000-03-31,23.3392,24.4701,23.1336,24.4701,12041200
2000-04-03,24.4701,24.6758,23.3392,23.3392,10077800
2000-04-04,26.1152,26.3209,24.6758,25.0377,27521800
2000-04-05,25.3174,26.1687,25.3174,25.7821,13620000
2000-04-06,25.8068,25.8849,25.087,25.4983,7831000
2000-04-07,26.0905,26.2181,25.7039,26.0658,7803200
2000-04-10,27.1434,27.1434,26.2181,26.2962,11751000
2000-04-11,27.3243,27.4765,26.2181,26.9871,10207600
2000-04-12,28.5047,29.9194,27.8096,27.9412,20649000
2000-04-13,28.5828,28.7349,27.6328,28.5828,11361000
2000-04-14,25.9096,28.0687,25.4983,27.9659,17382800
2000-04-17,28.3772,28.4265,25.8068,25.8602,15061800
2000-04-18,27.4224,28.4602,27.136,28.4602,14391800
2000-04-19,27.4224,28.124,27.2149,27.5262,7925000
2000-04-20,28.6179,28.6429,27.4473,27.4473,8150000
2000-04-24,29.2655,29.4731,28.4353,28.6179,8725000
2000-04-25,26.671,29.2655,26.3348,29.2655,20668800
2000-04-26,25.2181,26.3099,24.857,26.2559,24608400
2000-04-27,25.2721,25.8408,24.5955,24.9068,15200400
2000-04-28,24.803,25.297,24.5457,25.297,10631600
2000-05-01,24.7823,25.0895,24.3879,24.8279,7531800
2000-05-02,24.8279,24.9317,24.4917,24.6744,5699000
2000-05-03,25.1683,25.5835,25.0355,25.1683,7270400
2000-05-04,25.0895,25.6084,24.9068,25.1393,6601200
2000-05-05,25.2721,25.2721,24.8279,25.0106,4404600
2000-05-08,25.4008,25.4797,24.9317,24.9608,5593400
2000-05-09,26.0484,26.1771,25.4257,25.4257,8460000
2000-05-10,26.6462,26.9035,26.1273,26.2808,8212600
2000-05-11,26.9824,27.0613,26.2559,26.7209,6670600
2000-05-12,26.6171,27.2149,26.4137,26.9824,4264600
2000-05-15,26.9284,27.0862,26.2808,26.5175,4652600
2000-05-16,26.7748,27.1111,26.5175,26.9284,6313800
2000-05-17,26.9824,26.9824,26.4635,26.7748,6046800
2000-05-18,26.8786,27.1111,26.7748,26.8786,5170000
2000-05-19,27.0073,27.0613,26.5922,26.671,5966000
2000-05-22,26.9284,27.136,26.696,27.0613,6189600
2000-05-23,26.7209,27.0613,26.4635,26.7209,5304000
2000-05-24,27.3435,27.5013,26.7209,26.7997,8821200
2000-05-25,27.3726,27.3975,26.8786,27.2398,6627200
2000-05-26,27.5013,27.5802,27.2398,27.2937,4465400
2000-05-30,27.4473,27.5511,27.2937,27.5262,4375600
2000-05-31,27.6051,27.7586,27.2149,27.3975,4213800
2000-06-01,27.2398,27.5511,27.136,27.4473,7701600
2000-06-02,26.5673,27.136,26.3597,27.136,10464000
2000-06-05,26.2808,26.5673,25.9446,26.5673,7590400
2000-06-06,26.2559,26.4386,25.9986,26.1024,4352800
2000-06-07,25.6872,26.5175,25.6872,26.1024,6288200
2000-06-08,23.869,24.9068,23.1965,24.3381,45201000
2000-06-09,23.6615,23.869,23.1675,23.5826,17989600
2000-06-12,23.4041,23.7403,23.2713,23.6615,9322800
2000-06-13,23.6615,23.6615,23.1675,23.1675,9271200
2000-06-14,23.6615,23.7154,23.2713,23.5577,8089400
2000-06-15,23.5577,23.869,23.429,23.7403,11467600
2000-06-16,23.0388,23.7403,23.0388,23.6615,11581000
2000-06-19,23.2837,23.4539,22.8562,23.3252,6719600
2000-06-20,22.935,23.2463,22.8063,23.1965,8000000
2000-06-21,22.6486,23.0139,22.5199,22.989,8208200
2000-06-22,22.4701,22.7524,22.441,22.6776,7195000
2000-06-23,22.8063,23.0139,22.5199,22.7275,8426600
2000-06-26,23.0928,23.1675,22.8063,22.8312,7177600
2000-06-27,23.0928,23.5079,22.8852,23.0388,8525600
2000-06-28,23.0595,23.2463,22.8852,23.0388,7397600
2000-06-29,22.2625,22.8852,22.2625,22.8562,9763400
2000-06-30,23.5577,23.8109,22.1048,22.2335,23974000
2000-07-03,23.1965,23.5826,22.9101,23.5577,5603800
2000-07-05,23.0928,23.375,22.935,23.3501,7346200
2000-07-06,22.935,23.2463,22.8312,23.2463,8135000
2000-07-07,22.7814,23.1177,22.495,23.1177,8911600
2000-07-10,23.0139,23.1177,22.8312,22.8562,9376200
2000-07-11,22.8852,23.0928,22.6237,23.0388,6970400
2000-07-12,22.8852,23.0388,22.495,22.7814,8540600
2000-07-13,22.6486,23.0139,22.5448,22.935,7309600
2000-07-14,23.2463,23.3501,22.7025,22.7275,10102200
2000-07-17,23.3003,23.7652,23.2713,23.3501,7941800
2000-07-18,24.1804,24.1804,23.2463,23.3252,8987600
2000-07-19,24.8442,24.8442,24.1846,24.3442,9621200
2000-07-20,24.7896,25.0249,24.5795,24.8947,10277600
2000-07-21,24.8442,24.9745,24.7098,24.8947,6098200
2000-07-24,24.7896,24.9745,24.7896,24.8694,7882800
2000-07-25,25.4745,25.5501,24.9745,24.9997,8480400
2000-07-26,25.0669,25.1846,24.8947,24.8947,7415400
2000-07-27,25.0249,25.5249,24.9198,25.0249,6016200
2000-07-28,24.8694,25.2098,24.7896,25.1846,8281800
2000-07-31,23.9493,24.7896,23.7392,24.6846,11913800
2000-08-01,24.6846,25.2098,23.2686,23.5291,15939400
2000-08-02,24.4493,25.0543,24.214,24.9493,9131000
2000-08-03,24.3946,24.8148,24.2896,24.5543,5007200
2000-08-04,24.1089,24.3946,24.0039,24.3946,4716000
2000-08-07,24.0039,24.2644,23.9493,24.0795,4084400
2000-08-08,23.7392,23.9493,23.6341,23.9493,5079400
2000-08-09,23.6593,23.8442,23.5291,23.7644,6842600
2000-08-10,23.8694,23.9241,23.6593,23.7644,3774600
2000-08-11,24.4745,24.5795,23.714,23.8989,5731600
2000-08-14,24.8947,25.0795,24.3946,24.4997,6100400
2000-08-15,26.3652,26.3652,25.0249,25.1047,15183200
2000-08-16,26.3652,26.445,25.735,26.0501,8568400
2000-08-17,26.1551,26.34,25.84,26.2602,6435600
2000-08-18,26.4703,26.5501,26.1047,26.1551,7453200
2000-08-21,26.5501,26.6551,26.4703,26.5501,3786600
2000-08-22,26.9409,27.0207,26.6299,26.6551,6168800
2000-08-23,27.0207,27.1005,26.84,26.9156,3971600
2000-08-24,26.445,26.9954,26.1047,26.9954,8542200
2000-08-25,26.3652,26.3652,25.7896,26.1047,6589400
2000-08-28,26.3652,26.5753,26.1803,26.3652,4083800
2000-08-29,26.2602,26.4703,26.1299,26.4703,3541800
2000-08-30,26.0753,26.1803,25.8652,26.0753,3841000
2000-08-31,25.9787,26.1551,25.7896,25.9997,5422800
2000-09-01,25.7896,25.9198,25.6299,25.8947,4321800
2000-09-05,26.2602,26.34,25.6845,25.8148,4983800
2000-09-06,26.6551,27.0459,26.2602,26.3652,11843400
2000-09-07,26.3148,26.8106,26.2854,26.7602,5872200
2000-09-08,26.6551,26.6804,26.3148,26.3652,6685600
2000-09-11,26.34,26.7854,26.2098,26.6005,4910400
2000-09-12,26.4955,26.6005,26.1803,26.2854,4791600
2000-09-13,26.2602,26.4703,26.1047,26.4703,4189400
2000-09-14,25.756,26.1551,25.235,25.9703,12522200
2000-09-15,26.2602,26.4955,26.0249,26.235,9094600
2000-09-18,26.1047,26.2602,25.6299,26.0249,7714000
2000-09-19,25.84,26.235,25.7602,25.9997,5738800
2000-09-20,25.9703,25.9703,25.4198,25.6299,7464600
2000-09-21,26.4198,26.6299,25.84,25.8652,7403400
2000-09-22,26.84,27.0459,26.4703,26.5753,8806200
2000-09-25,26.5249,26.9156,26.1299,26.9156,6816000
2000-09-26,25.9451,26.6005,25.3947,26.4955,13509600
2000-09-27,25.9451,26.2098,25.2644,25.8947,9785000
2000-09-28,28.1257,28.4912,25.6552,25.84,30101200
2000-09-29,28.1509,28.4408,27.9156,28.1509,10726800
2000-10-02,28.5963,28.5963,27.9661,28.1761,7300000
2000-10-03,28.9114,29.2812,28.4912,28.5711,8283200
2000-10-04,29.4618,29.7013,28.8063,28.8316,10381000
2000-10-05,30.6719,30.7518,30.0417,30.1971,13066800
2000-10-06,31.0669,31.4576,30.5669,30.7223,9421000
2000-10-09,30.6173,30.9072,30.4366,30.6719,4966000
2000-10-10,30.4366,30.6719,30.277,30.4618,5001800
2000-10-11,30.882,31.0921,30.3022,30.3568,7393400
2000-10-12,30.9324,31.2769,30.4366,30.7769,7668200
2000-10-13,30.5123,30.8568,30.3022,30.5669,8050400
2000-10-16,30.2265,30.4072,29.8568,30.4072,5674400
2000-10-17,30.8022,31.0921,29.9114,30.0417,6080400
2000-10-18,31.6845,31.7906,30.624,30.8361,7733400
2000-10-19,30.9676,31.4979,30.6749,31.4427,8170400
2000-10-20,30.9125,31.0991,30.5943,30.624,5307600
2000-10-23,29.5083,30.8361,29.5083,30.8361,6131600
2000-10-24,31.2306,31.2603,29.9325,30.1192,6674400
2000-10-25,31.7906,32.1342,31.0482,31.3367,9301000
2000-10-26,31.7906,32.2148,31.2052,31.8669,5726800
2000-10-27,32.639,32.639,31.1797,31.2858,8405600
2000-10-30,32.6093,32.6093,31.5233,32.2403,11810000
2000-10-31,30.3058,31.8669,29.6144,31.816,23849000
2000-11-01,29.2708,30.0937,28.978,30.064,13788400
2000-11-02,28.8211,29.4277,28.5538,29.1647,9028800
2000-11-03,28.9526,29.1392,28.4732,28.7405,6516800
2000-11-06,29.0586,29.2708,28.7659,28.9526,5650600
2000-11-07,29.0332,29.3514,28.6344,29.1096,4862800
2000-11-08,29.4574,29.7756,28.8974,28.9526,5769600
2000-11-09,29.4829,30.3313,28.872,29.695,12085400
2000-11-10,30.3822,30.7555,29.695,29.7459,6256200
2000-11-13,30.6494,30.993,30.2761,30.3313,6164600
2000-11-14,30.73,30.9125,30.2252,30.6494,7467600
2000-11-15,31.1246,31.3367,30.8064,30.9676,5528400
2000-11-16,31.4173,31.7355,30.5943,30.8361,5380600
2000-11-17,32.1342,32.1342,31.3367,31.3367,7912600
2000-11-20,31.7906,32.1851,31.3664,31.71,6078400
2000-11-21,31.4173,31.604,30.8615,31.4427,5669400
2000-11-22,32.0027,32.2148,31.3664,31.3918,6590400
2000-11-24,31.2306,31.604,31.1543,31.4979,2760400
2000-11-27,30.9125,31.2858,30.8361,30.9125,5315400
2000-11-28,31.2603,31.4427,30.7555,30.9676,5664400
2000-11-29,32.0536,32.2148,31.1797,31.2603,5280400
2000-11-30,31.7609,32.2148,31.5488,31.71,6759400
2000-12-01,31.3664,31.7355,31.0482,31.4427,5979000
2000-12-04,31.973,32.1851,30.993,31.2858,4901200
2000-12-05,31.0482,32.3209,30.993,31.816,7832600
2000-12-06,30.5943,31.3664,30.3058,31.0991,6600400
2000-12-07,31.2052,31.6294,30.4373,30.4373,4200600
2000-12-08,30.2252,31.2052,30.064,31.1797,6870000
2000-12-11,29.2962,30.0131,29.2156,30.0131,6764600
2000-12-12,30.518,31.1797,29.9071,30.2252,9316200
2000-12-13,30.73,30.8064,30.2252,30.3822,3786800
2000-12-14,31.1797,31.71,30.2761,30.3313,6287800
2000-12-15,30.2761,31.3112,30.2761,30.2761,12228800
2000-12-18,30.8064,31.1246,30.518,30.8064,5730400
2000-12-19,31.0185,31.71,30.4628,30.8361,5358200
2000-12-20,30.7809,31.7609,30.4882,30.8064,8327600
2000-12-21,31.604,31.7609,30.6749,30.7809,6431000
2000-12-22,31.2858,31.604,30.7555,31.604,5498400
2000-12-26,31.5785,31.71,30.8615,31.2603,3562600
2000-12-27,32.4524,33.6444,31.3918,31.5488,14905000
2000-12-28,32.7705,32.9275,31.9476,32.6645,6080000
2000-12-29,33.2753,33.4875,32.3972,32.8766,5280000
2001-01-02,33.3008,33.4577,32.5584,33.1396,6852200
2001-01-03,31.6548,33.5935,31.3918,33.3008,11180000
2001-01-04,30.6749,31.6548,30.2507,31.6294,8342600
2001-01-05,31.7906,32.0027,30.3822,30.6494,8561600
2001-01-08,32.4778,32.796,31.4979,31.5233,7242800
2001-01-09,31.6548,32.1342,31.2306,32.1342,9484000
2001-01-10,31.3112,31.604,30.73,31.2306,5756600
2001-01-11,30.8615,31.4427,30.4373,31.3112,5698400
2001-01-12,29.8265,31.0991,29.7204,31.0737,7572600
2001-01-16,30.518,30.7555,29.9071,30.0937,4677200
2001-01-17,30.0681,30.7364,29.9611,30.6808,7616200
2001-01-18,30.3337,30.9506,29.8797,30.0381,6807200
2001-01-19,29.9611,30.2524,29.8797,30.0124,6263200
2001-01-22,29.6098,30.2009,29.2371,29.9311,6210600
2001-01-23,29.7468,30.3081,29.2628,29.4256,5569400
2001-01-24,29.9611,30.0381,29.1814,29.9311,4532800
2001-01-25,29.9611,30.2824,29.5584,29.6655,5463200
2001-01-26,29.6655,30.6293,29.4513,30.2524,6211800
2001-01-29,28.6373,29.6612,28.5945,29.5584,9223600
2001-01-30,30.458,30.5865,29.6655,29.7726,11224800
2001-01-31,30.775,30.8435,29.7726,30.4151,8331800
2001-02-01,31.6789,31.756,30.775,30.8435,7553400
2001-02-02,31.5975,31.9359,31.4004,31.8288,7393400
2001-02-05,31.8502,32.2529,31.6017,31.696,6786400
2001-02-06,31.7517,32.1072,31.1862,32.0644,7190800
2001-02-07,32.2101,32.5142,30.9335,31.636,7486600
2001-02-08,32.0858,32.2786,31.8716,32.2101,3758200
2001-02-09,32.1244,32.3428,31.9145,32.1672,4526000
2001-02-12,32.1715,32.45,31.8545,32.1244,5044400
2001-02-13,31.9359,32.0858,31.5118,32.0858,5788000
2001-02-14,31.5675,31.9145,31.4861,31.9145,4531400
2001-02-15,31.6403,31.8716,31.3019,31.3361,7421400
2001-02-16,32.0601,32.1672,31.8288,31.9102,7089800
2001-02-20,32.4328,32.4628,32.0516,32.3214,6363800
2001-02-21,32.8997,32.9983,32.6213,32.7712,7958600
2001-02-22,32.5999,33.0497,32.0258,32.9855,6889800
2001-02-23,32.1415,32.5142,31.5718,32.5142,5474400
2001-02-26,30.4623,30.9549,30.0424,30.9506,12062800
2001-02-27,30.2866,30.6251,30.0981,30.4151,9067200
2001-02-28,30.2009,30.5008,29.9225,30.2866,7185000
2001-03-01,29.4084,30.2652,29.2371,29.9868,8327000
2001-03-02,29.8368,29.9011,29.0271,29.0443,5813800
2001-03-05,30.0553,30.5865,29.9011,30.3723,5362400
2001-03-06,29.5798,29.8411,29.4298,29.8368,5177400
2001-03-07,29.3527,29.7511,29.1343,29.387,3833400
2001-03-08,30.4151,30.5008,29.2585,29.5155,5234200
2001-03-09,29.6183,30.1581,29.4127,30.0938,5324200
2001-03-12,29.2371,30.2438,29.13,29.4513,6741200
2001-03-13,29.19,29.537,28.813,29.2799,5364200
2001-03-14,28.5302,29.0015,28.436,28.7016,6453400
2001-03-15,27.8191,28.6973,27.3736,28.5945,9028800
2001-03-16,27.7163,28.2432,27.365,27.6521,10995000
2001-03-19,28.2304,28.7659,27.6521,27.802,7450800
2001-03-20,28.2304,29.2157,28.1019,28.2304,6540200
2001-03-21,27.0737,28.1875,26.9881,28.1875,10156400
2001-03-22,26.881,27.0952,25.8314,26.9024,12140800
2001-03-23,25.7886,26.5382,25.6429,26.3883,10576200
2001-03-26,25.8828,26.1741,25.3816,26.1313,9347000
2001-03-27,26.6368,26.9024,26.0928,26.1313,8022800
2001-03-28,26.5897,26.881,26.0028,26.474,6436000
2001-03-29,26.2384,27.0095,25.9599,26.5897,6630200
2001-03-30,26.8167,26.9024,25.9171,26.3455,5598600
2001-04-02,26.3883,27.2665,26.157,26.9881,5976800
2001-04-03,26.1741,26.4483,25.7329,26.1527,6508200
2001-04-04,26.0756,26.127,25.2317,25.8743,8031000
2001-04-05,26.3669,26.4097,25.7029,26.1313,6476400
2001-04-06,26.4226,26.7182,25.6601,26.3455,6028200
2001-04-09,25.8486,26.5597,25.6815,26.5597,5214200
2001-04-10,25.146,25.7886,24.7391,25.7029,10685000
2001-04-11,25.266,25.2959,24.6148,24.8462,7588000
2001-04-12,25.1889,25.4587,24.889,25.2317,5797000
2001-04-16,25.3388,25.6772,24.8633,25.3602,5505200
2001-04-17,24.5891,25.1246,23.9723,24.9747,13986000
2001-04-18,24.9057,26.0202,24.6108,25.0445,10262400
2001-04-19,25.5692,25.5822,24.9361,25.1095,7997400
2001-04-20,25.1529,25.8554,25.0141,25.4608,8089000
2001-04-23,25.1746,25.3481,25.0531,25.1529,5976400
2001-04-24,24.5631,25.0401,24.3723,24.7192,10960400
2001-04-25,24.9621,25.0835,24.5891,24.6325,7399400
2001-04-26,25.283,25.283,25.0575,25.1963,7198600
2001-04-27,25.9465,25.9465,25.1963,25.3264,5565600
2001-04-30,25.8988,26.0029,25.5562,25.8988,8330400
2001-05-01,27.833,28.1192,26.996,27.2345,17375600
2001-05-02,27.82,28.1236,27.5381,28.1236,12807600
2001-05-03,27.872,28.0802,27.6162,28.0802,7941000
2001-05-04,27.872,27.9761,27.4297,27.6465,5643200
2001-05-07,27.885,28.0151,27.5598,27.7766,3697800
2001-05-08,27.9718,28.0845,27.5555,27.9718,4498000
2001-05-09,28.7047,28.7264,27.7332,27.9718,8785200
2001-05-10,28.5529,28.8391,28.232,28.8174,4691800
2001-05-11,28.4055,28.7437,28.2537,28.5529,3251400
2001-05-14,28.6439,28.696,28.3187,28.6179,2792800
2001-05-15,28.6136,28.7264,28.3707,28.6483,4654200
2001-05-16,29.6154,29.6154,28.6873,28.7524,6935400
2001-05-17,29.121,29.6197,28.9259,29.3812,6360800
2001-05-18,29.2641,29.2641,28.8044,29.1254,4777200
2001-05-21,28.297,28.6873,27.9284,28.1886,11720800
2001-05-22,27.7549,28.4488,27.7332,28.3187,8073400
2001-05-23,27.8373,28.1582,27.6031,28.0151,6547800
2001-05-24,27.8633,28.0108,27.5598,27.7549,5160200
2001-05-25,27.5381,27.885,27.434,27.8633,4353000
2001-05-29,28.0325,28.0325,27.5598,27.6682,5719800
2001-05-30,27.9154,28.1756,27.6205,28.0151,4669400
2001-05-31,27.859,27.9718,27.6725,27.7549,4268800
2001-06-01,27.5424,27.859,27.4297,27.8547,3730800
2001-06-04,27.5815,27.6422,27.3386,27.5381,4917600
2001-06-05,27.7896,27.807,27.4297,27.5858,5336600
2001-06-06,28.0455,28.7524,27.9761,28.297,7914200
2001-06-07,28.1539,28.4488,28.0585,28.0802,5066400
2001-06-08,27.8764,28.2667,27.7593,28.2537,4132000
2001-06-11,27.9067,28.0888,27.7809,27.9718,2608400
2001-06-12,28.4055,28.4488,28.1496,28.297,6933200
2001-06-13,28.1669,28.6136,28.1409,28.6006,4446000
2001-06-14,28.1279,28.4488,27.9848,28.1669,4624400
2001-06-15,27.1478,28.1366,27.0914,27.9284,13955600
2001-06-18,26.9526,27.061,26.7488,27.061,7257200
2001-06-19,27.0654,27.2129,26.8486,26.996,7043200
2001-06-20,27.1261,27.2909,26.8919,27.1044,4595800
2001-06-21,27.0394,27.4731,26.8702,26.8919,6340800
2001-06-22,27.4427,27.5337,27.0177,27.061,4583200
2001-06-25,27.2345,27.6682,27.1912,27.4297,3281600
2001-06-26,27.6942,27.82,27.2302,27.2345,5391200
2001-06-27,27.4947,27.8981,27.4774,27.6292,4807200
2001-06-28,27.6031,27.8547,27.3863,27.4991,5093600
2001-06-29,27.6682,28.3404,27.6682,27.7723,8924600
2001-07-02,27.9587,28.1105,27.6725,27.7549,4282400
2001-07-03,28.0151,28.0585,27.6465,27.7636,2512000
2001-07-05,27.9848,28.0151,27.6508,27.885,4539400
2001-07-06,28.1886,28.2103,27.7983,27.8764,5212600
2001-07-09,28.683,28.683,28.1886,28.1886,7116000
2001-07-10,29.0603,29.0993,28.3057,28.6657,8217600
2001-07-11,29.8149,29.9233,29.0993,29.3595,10880600
2001-07-12,29.8149,29.8366,29.4463,29.8192,7122600
2001-07-13,29.5503,29.6718,29.3421,29.6197,5786000
2001-07-16,29.9884,30.1358,29.507,29.5503,4517200
2001-07-17,30.3266,30.3526,29.8149,30.0837,6170200
2001-07-18,30.3397,30.6467,30.1249,30.6379,6507600
2001-07-19,29.9846,30.5721,29.6689,30.3397,6433600
2001-07-20,29.8531,30.2959,29.6383,30.2959,5396400
2001-07-23,29.7259,29.9452,29.4629,29.8794,4942600
2001-07-24,29.8531,30.0767,29.555,29.704,4413800
2001-07-25,30.6905,30.6905,29.7479,29.8531,4858600
2001-07-26,31.129,31.129,30.2565,30.4275,9228800
2001-07-27,30.8966,31.3131,30.7387,30.9097,4472200
2001-07-30,31.1728,31.1728,30.7124,30.7124,4515600
2001-07-31,31.1377,31.392,30.9536,31.1728,6287600
2001-08-01,31.3482,31.5367,31.1421,31.1421,4899400
2001-08-02,31.3306,31.5455,30.9974,31.4622,3912400
2001-08-03,30.787,31.3482,30.4801,31.3306,4424400
2001-08-06,31.0193,31.0193,30.5853,30.8659,5467600
2001-08-07,30.958,31.5016,30.4888,30.5809,7447600
2001-08-08,30.6248,30.879,30.4713,30.4713,4932000
2001-08-09,30.9974,31.0851,30.4099,30.4801,3989800
2001-08-10,31.5104,31.7998,31.0676,31.2122,8781800
2001-08-13,31.62,31.6989,31.449,31.5236,5344800
2001-08-14,31.7866,31.8392,31.5718,31.7208,5994000
2001-08-15,31.6463,32.0058,31.6112,31.6902,6144600
2001-08-16,32.5276,32.6152,31.962,32.0716,8622000
2001-08-17,32.7731,32.7731,32.361,32.51,8613000
2001-08-20,33.1808,33.3562,32.5626,32.8389,11225000
2001-08-21,32.7863,33.1194,32.6679,32.9704,7824000
2001-08-22,33.1677,33.2072,32.5758,32.9704,7389800
2001-08-23,33.7333,33.7596,33.0362,33.08,9331000
2001-08-24,33.7596,33.8823,33.4088,33.6938,8007200
2001-08-27,33.6894,33.7771,33.5316,33.7596,6090400
2001-08-28,32.8783,33.5316,32.795,33.4307,7213400
2001-08-29,32.453,33.1457,32.361,33.1457,5263200
2001-08-30,32.7029,32.9266,32.4223,32.51,7104200
2001-08-31,32.51,32.5977,32.2908,32.3566,4807800
2001-09-04,33.1107,33.3562,32.304,32.304,7436200
2001-09-05,33.2685,33.4263,32.8389,33.2817,7687200
2001-09-06,33.1019,33.3167,32.7555,33.2685,8744400
2001-09-07,32.5977,32.9704,32.1812,32.8389,6509000
2001-09-10,32.532,32.6197,32.1373,32.2031,7433600
2001-09-17,32.6854,32.8389,31.6989,32.2689,11860800
2001-09-18,32.532,32.5539,32.0541,32.4881,9251400
2001-09-19,32.6854,32.8915,32.1067,32.7292,11095200
2001-09-20,31.9225,32.4443,31.8129,32.4443,9779400
2001-09-21,29.3752,31.4139,29.3752,30.9755,20140800
2001-09-24,30.4538,30.8878,30.2038,30.2521,10354600
2001-09-25,31.129,31.2167,30.4494,30.4538,7985400
2001-09-26,31.186,31.6726,31.0413,31.4359,6906600
2001-09-27,31.7428,31.7428,31.1553,31.3482,7139600
2001-09-28,31.9138,32.0716,31.5762,31.8918,9963000
2001-10-01,31.7384,32.0058,31.449,31.7866,7015200
2001-10-02,32.1286,32.2031,31.677,31.7384,5714400
2001-10-03,32.1155,32.1768,31.5236,31.9225,8282600
2001-10-04,31.2167,32.0497,31.1947,32.0277,7984200
2001-10-05,31.8699,32.0014,31.2605,31.2605,6143000
2001-10-08,31.677,32.0497,31.4622,31.5674,4238800
2001-10-09,31.8041,32.3478,31.6112,31.677,5418200
2001-10-10,32.1549,32.5056,31.5893,31.5893,5570000
2001-10-11,31.8261,32.2251,31.4797,32.0146,6369400
2001-10-12,31.5411,31.6507,31.3482,31.3701,5889800
2001-10-15,31.1772,31.3482,30.9624,31.3482,5941200
2001-10-16,31.0983,31.1509,30.7387,31.015,8470400
2001-10-17,30.9343,31.5547,30.9032,31.2667,7307600
2001-10-18,31.1559,31.8207,31.0229,31.1116,7516200
2001-10-19,31.7985,31.9979,31.3642,31.4439,5990600
2001-10-22,32.1087,32.3082,31.732,31.7985,4323400
2001-10-23,31.6877,32.2816,31.4882,32.2195,4191400
2001-10-24,31.6434,31.9758,31.6257,31.7985,4851600
2001-10-25,32.0378,32.122,31.2489,31.3332,4712800
2001-10-26,32.5076,32.5918,31.8561,32.0201,4762400
2001-10-29,31.5991,32.4633,31.5991,32.3569,5470800
2001-10-30,32.8843,32.9065,31.7985,31.9004,10641800
2001-10-31,32.6982,32.9818,32.5519,32.8843,7567200
2001-11-01,33.6732,33.6776,32.6361,32.707,9758000
2001-11-02,33.682,33.948,33.3275,33.5934,5787800
2001-11-05,34.0942,34.1164,33.6554,33.7219,6274400
2001-11-06,34.5684,34.5684,33.8372,34.0942,5514000
2001-11-07,34.6172,34.657,34.2892,34.3247,5815200
2001-11-08,33.9923,34.5684,33.7751,34.5684,6213200
2001-11-09,34.2626,34.3513,33.815,33.8593,4648600
2001-11-12,34.2449,34.3158,33.8903,33.9701,3858200
2001-11-13,34.5064,34.5197,33.8992,34.3247,5259800
2001-11-14,34.6703,34.6792,34.2272,34.564,6405000
2001-11-15,34.6969,34.9451,34.5551,34.6703,5971200
2001-11-16,34.8964,34.8964,34.4665,34.8698,5433600
2001-11-19,34.8698,35.0116,34.5684,34.9451,5475800
2001-11-20,34.79,34.8698,34.4399,34.657,5344800
2001-11-21,34.5241,34.8121,34.4576,34.5684,4104000
2001-11-23,34.7678,34.79,34.4798,34.5241,1680200
2001-11-26,34.6349,34.7413,34.3468,34.5906,4536200
2001-11-27,34.1784,34.6792,34.0853,34.4355,6482400
2001-11-28,33.682,34.236,33.6599,34.0587,5393400
2001-11-29,34.3202,34.3911,33.3452,33.7264,7276800
2001-11-30,34.3291,34.6216,34.1164,34.1252,5593600
2001-12-03,33.815,34.3247,33.7042,34.3247,5482400
2001-12-04,33.8327,34.1562,33.5624,33.9036,4833200
2001-12-05,33.9923,34.4399,33.784,33.9036,6368400
2001-12-06,33.5491,34.1607,33.4604,33.8815,5188000
2001-12-07,33.4294,33.5712,33.1325,33.4914,4366000
2001-12-10,34.0011,34.3114,33.3541,33.4471,7728400
2001-12-11,33.9923,34.4355,33.8859,34.0587,7036000
2001-12-12,35.4326,35.4548,34.9673,35.1224,16664400
2001-12-13,35.8537,35.9423,35.0116,35.4326,12740000
2001-12-14,35.4105,35.8005,35.2642,35.5877,6503600
2001-12-17,35.3661,35.9423,35.3661,35.4991,7111400
2001-12-18,36.0664,36.217,35.4548,35.5656,6583400
2001-12-19,36.1018,36.186,35.6409,35.765,7951800
2001-12-20,35.8935,36.1151,35.7783,35.9423,5688200
2001-12-21,35.7384,36.062,35.4149,36.0088,8849000
2001-12-24,35.57,35.8669,35.4769,35.7384,2178600
2001-12-26,35.6764,35.9822,35.5523,35.57,3728200
2001-12-27,35.5213,35.7207,35.344,35.6586,4271000
2001-12-28,35.2376,35.5877,35.0382,35.5877,3529800
2001-12-31,35.0692,35.3396,34.8831,34.9673,3941800
2002-01-02,35.4548,35.4548,34.5773,34.9673,6261600
2002-01-03,35.1135,35.2686,34.8388,35.149,5216800
2002-01-04,34.7678,35.2332,34.657,35.118,6181400
2002-01-07,34.369,34.7856,34.1695,34.6703,6412200
2002-01-08,34.462,34.6172,34.2493,34.369,4009800
2002-01-09,34.2139,34.7191,34.1961,34.462,5527000
2002-01-10,34.0942,34.2582,33.8505,33.948,7183800
2002-01-11,34.2183,34.6969,34.1784,34.4355,5459200
2002-01-14,34.8787,35.211,34.236,34.4133,6080800
2002-01-15,35.2997,35.406,34.7944,34.8121,5392800
2002-01-16,35.5681,35.6308,35.0536,35.416,6047800
2002-01-17,35.6576,35.7471,35.4384,35.5681,4520600
2002-01-18,35.7113,35.7964,35.501,35.6487,5392000
2002-01-22,35.5369,35.7247,35.1699,35.7069,5095400
2002-01-23,35.1699,35.5995,35.1699,35.416,5151400
2002-01-24,34.803,35.4384,34.5435,35.4384,6268600
2002-01-25,35.4115,35.6666,34.548,34.5569,5302400
2002-01-28,35.4205,35.5413,35.1431,35.1699,4513600
2002-01-29,34.6867,35.4205,34.6553,35.4205,5870200
2002-01-30,35.0312,35.4607,34.5703,34.6777,7659400
2002-01-31,36.5481,36.7449,35.9753,36.0201,14694800
2002-02-01,36.9463,37.2729,36.4228,36.5481,10333200
2002-02-04,37.0045,37.6846,36.8837,36.9463,9212400
2002-02-05,36.9687,37.17,36.566,36.8926,7055200
2002-02-06,36.915,37.2192,36.5704,36.6823,7234000
2002-02-07,36.7495,37.1342,36.4586,36.8031,5265400
2002-02-08,36.7315,36.7808,36.1319,36.7136,5373800
2002-02-11,36.5615,36.9597,36.3646,36.7315,5318000
2002-02-12,37.3848,37.4743,36.6331,36.6421,7664400
2002-02-13,37.4654,37.4698,37.1477,37.1521,5163600
2002-02-14,37.6041,37.698,37.3222,37.3624,4693600
2002-02-15,38.0291,38.0336,37.7338,37.8099,8906000
2002-02-19,37.5862,37.8546,37.4832,37.6309,5697000
2002-02-20,38.0336,38.0336,37.3401,37.6936,6732200
2002-02-21,37.1835,38.3468,37.1835,37.9441,7777000
2002-02-22,38.3021,38.4721,37.2058,37.3624,7219200
2002-02-25,39.0941,39.3089,38.1679,38.235,10097200
2002-02-26,38.7048,38.8838,38.3334,38.8838,7715200
2002-02-27,38.2574,38.8032,37.8994,38.6377,6840000
2002-02-28,37.9397,38.3468,37.8099,38.0336,7085200
2002-03-01,39.1746,39.1746,37.9665,38.0336,6671400
2002-03-04,38.9196,39.0852,38.6287,38.9285,8615800
2002-03-05,38.0605,38.7048,37.6354,38.3916,7285400
2002-03-06,38.056,38.4363,37.9263,38.0605,6253600
2002-03-07,37.5593,38.0023,37.2551,38.0023,8715400
2002-03-08,37.5504,37.8591,37.2282,37.8054,5459400
2002-03-11,37.6309,37.6712,36.9687,37.519,5133800
2002-03-12,38.1589,38.1589,37.3669,37.4072,4661600
2002-03-13,38.132,38.2663,37.6757,38.1589,4760800
2002-03-14,38.0291,38.1679,37.6086,37.9217,4996400
2002-03-15,38.9599,38.9733,38.0873,38.2037,11881400
2002-03-18,39.2239,39.3536,39.0046,39.1523,6544800
2002-03-19,40.2441,40.2664,39.4297,39.4431,12605000
2002-03-20,40.0919,40.2217,39.8592,40.1814,7211600
2002-03-21,40.4499,40.4678,39.9129,39.9398,7792800
2002-03-22,40.3157,40.5975,40.1009,40.2709,7202600
2002-03-25,40.159,40.3828,39.9621,40.159,6251600
2002-03-26,40.0248,40.253,39.7697,39.9801,5750400
2002-03-27,40.2799,40.4409,39.7563,39.7563,5546400
2002-03-28,40.3112,40.4007,39.9263,40.2664,4644000
2002-04-01,40.2664,40.2664,39.7921,39.9801,5225600
2002-04-02,40.5394,40.5394,39.8682,40.2664,9390200
2002-04-03,39.9398,40.5438,39.555,40.5394,6639800
2002-04-04,40.262,40.347,39.8682,39.8682,7175400
2002-04-05,40.1814,40.2261,39.7742,40.159,5530600
2002-04-08,40.3828,40.4007,39.9353,40.0024,6081600
2002-04-09,40.3291,40.696,40.2709,40.4007,5303600
2002-04-10,41.3179,41.4343,40.3649,40.4007,8220000
2002-04-11,40.8571,41.4969,40.8078,41.1748,6620400
2002-04-12,41.1345,41.2508,40.4946,40.611,6434400
2002-04-15,40.517,41.1032,40.3828,40.9868,4999800
2002-04-16,40.8078,40.9286,40.5394,40.5841,6197200
2002-04-17,40.659,41.0786,40.5687,40.9793,5908200
2002-04-18,39.8919,40.6093,39.6392,40.4965,8925000
2002-04-19,40.0994,40.2123,39.7114,40.0994,6069800
2002-04-22,40.1085,40.4559,39.9325,40.1581,4926600
2002-04-23,40.113,40.5777,40.0047,40.1085,5264400
2002-04-24,40.3521,40.6048,40.1446,40.2258,5072000
2002-04-25,40.3476,40.5416,40.0904,40.3521,5407200
2002-04-26,40.5191,40.9342,40.4739,40.5055,7174000
2002-04-29,40.6093,40.8575,40.4739,40.6319,6245800
2002-04-30,40.7266,40.9071,40.3386,40.7221,8336800
2002-05-01,41.4215,41.5253,40.8575,40.9703,9780800
2002-05-02,42.0713,42.175,41.593,41.7328,8359000
2002-05-03,41.4892,42.0442,41.4892,41.9584,6020200
2002-05-06,41.602,42.1796,41.4666,41.7283,6172400
2002-05-07,41.3583,42.0713,41.3403,41.7374,7020200
2002-05-08,41.4215,41.4937,40.9703,41.3629,7733400
2002-05-09,41.5388,41.8502,41.3538,41.5118,5633200
2002-05-10,41.6922,41.9584,41.4215,41.5388,4723600
2002-05-13,42.0577,42.1254,41.3629,41.3629,4500000
2002-05-14,41.9855,42.2472,41.6968,42.0307,5875200
2002-05-15,41.5794,41.9178,41.426,41.7148,5789800
2002-05-16,41.9494,42.0532,41.4801,41.6922,5578400
2002-05-17,42.2427,42.2427,41.8411,42.166,4867400
2002-05-20,41.6922,42.2923,41.6922,42.0532,3985400
2002-05-21,41.1057,41.5207,40.9477,41.4892,6380400
2002-05-22,41.4666,41.5523,41.038,41.1057,4691000
2002-05-23,41.2275,41.3764,41.0199,41.3087,5138000
2002-05-24,40.7266,41.1914,40.4739,40.9477,4765200
2002-05-28,39.7114,40.8801,39.4813,40.8801,7467800
2002-05-29,39.2647,40.0453,39.2557,39.6392,10684000
2002-05-30,40.0453,40.131,38.9849,39.2963,6607400
2002-05-31,40.4063,40.8259,40.1446,40.2619,6218400
2002-06-03,40.1354,41.1105,40.1174,40.2257,6517400
2002-06-04,40.4243,40.5056,39.7833,40.158,7845200
2002-06-05,40.8712,40.966,40.0858,40.6049,6226800
2002-06-06,40.4243,40.9615,40.3025,40.6726,5432000
2002-06-07,40.3295,40.5688,39.7562,40.3566,6049800
2002-06-10,40.2663,40.4875,39.7924,40.1535,5670600
2002-06-11,40.1761,40.8532,40.149,40.6726,5682200
2002-06-12,41.9817,41.9817,40.7494,40.8532,17696400
2002-06-13,41.2956,41.9953,41.2549,41.8689,8012800
2002-06-14,41.3271,41.6657,40.6275,41.6296,8280200
2002-06-17,42.388,42.388,41.3271,41.3271,7850400
2002-06-18,42.3835,42.388,41.9727,42.0269,5918000
2002-06-19,42.6137,42.7717,42.1533,42.3429,8196000
2002-06-20,42.3654,42.7717,42.2525,42.4331,6938200
2002-06-21,42.3654,42.704,42.1036,42.3609,12660400
2002-06-24,42.1623,42.6182,41.9817,42.3203,10724400
2002-06-25,40.1761,42.2075,40.1761,42.0539,11822800
2002-06-26,41.115,41.5122,39.6976,40.1761,13669600
2002-06-27,41.6386,41.738,40.4243,41.3723,9513600
2002-06-28,40.3115,41.6206,40.3115,41.3949,14148600
2002-07-01,40.641,41.0563,40.2031,40.3295,7897800
2002-07-02,40.3025,40.4469,39.8917,40.1896,8297800
2002-07-03,39.8871,40.4469,39.2822,39.9278,7620800
2002-07-05,40.5733,40.5733,39.5034,39.7968,3614800
2002-07-08,40.7855,40.8442,40.1806,40.5733,5651600
2002-07-09,39.6795,40.8487,39.1152,40.6726,7021400
2002-07-10,39.7021,40.1264,39.4312,39.6795,9880600
2002-07-11,38.7992,39.5666,38.4246,39.3184,12660800
2002-07-12,37.7519,38.876,37.0613,38.876,13833800
2002-07-15,37.1516,37.5578,35.7522,37.287,13916000
2002-07-16,36.6776,37.0116,35.8199,36.7904,10625600
2002-07-17,36.5134,37.4984,36.372,37.3707,11701200
2002-07-18,36.6593,37.4437,36.5316,36.5453,8898600
2002-07-19,33.9551,36.2307,33.7818,36.0346,17326200
2002-07-22,35.4919,36.0072,34.2014,34.2014,17256600
2002-07-23,36.1212,36.5225,35.574,36.0255,13541200
2002-07-24,37.5075,37.544,35.6151,35.6151,16138800
2002-07-25,38.7707,38.7707,36.9694,37.5075,13096600
2002-07-26,38.3968,38.6202,37.9636,38.4423,9104400
2002-07-29,39.7739,39.7739,38.5153,38.5883,9827800
2002-07-30,39.8013,39.9244,39.1127,39.4,8643800
2002-07-31,40.5811,40.5857,39.5596,39.9472,10154400
2002-08-01,40.0704,40.9505,39.7922,40.4671,10268600
2002-08-02,40.9687,40.9961,40.0476,40.0704,14511400
2002-08-05,40.1297,40.7726,39.7648,40.7681,15921000
2002-08-06,40.0019,40.7453,39.7284,40.4488,13051400
2002-08-07,40.5537,40.6313,39.4456,40.2163,10906800
2002-08-08,41.4293,41.4703,40.2847,40.5583,9901200
2002-08-09,41.5615,41.7212,40.8137,40.8821,8595000
2002-08-12,41.4293,41.6938,41.0189,41.0417,6203800
2002-08-13,41.069,41.8123,40.9049,41.0189,9148800
2002-08-14,42.3596,42.3596,40.7407,41.069,8927000
2002-08-15,41.6436,42.3642,41.3563,41.9765,9005600
2002-08-16,41.4931,41.4931,40.613,41.0417,9640600
2002-08-19,41.6117,41.7349,41.0599,41.3153,7625600
2002-08-20,41.1374,41.4521,41.0462,41.2013,6751200
2002-08-21,41.4475,41.4977,40.9459,41.1557,6034600
2002-08-22,41.3882,41.5388,40.9277,41.1238,5848600
2002-08-23,41.1557,41.4749,41.0098,41.1329,5072400
2002-08-26,41.2241,41.2697,40.654,41.1557,6471200
2002-08-27,41.2286,41.4567,40.7042,41.1557,6815800
2002-08-28,40.9185,41.2697,39.6736,39.6736,5291000
2002-08-29,40.0704,40.7681,39.9928,40.6313,7959600
2002-08-30,40.426,40.8957,39.9016,40.0704,6123200
2002-09-03,39.4638,40.4306,39.3818,40.4306,8145400
2002-09-04,40.385,40.5309,39.4547,39.6736,9562800
2002-09-05,40.9733,41.3107,40.2208,40.3759,11535600
2002-09-06,41.0189,41.4795,40.6723,41.4749,7114800
2002-09-09,41.4293,41.4293,40.5857,40.6997,5483400
2002-09-10,41.7257,41.8716,41.0873,41.4931,6184000
2002-09-11,41.899,41.9537,41.4293,41.8169,4901400
2002-09-12,41.5889,41.6391,41.1785,41.5205,5728800
2002-09-13,41.9537,41.9537,41.3335,41.4977,6131600
2002-09-16,42.4098,42.4098,41.8899,41.9537,7262400
2002-09-17,41.9811,42.6377,41.8579,42.428,8247400
2002-09-18,41.9993,42.355,41.3381,41.6436,6831200
2002-09-19,41.5524,42.1908,41.5433,41.7257,6969800
2002-09-20,41.5388,41.7075,41.1557,41.5524,12632600
2002-09-23,41.3791,41.4977,40.8137,41.0508,7053400
2002-09-24,40.1479,41.1785,40.1297,41.1101,10283800
2002-09-25,40.6313,41.0417,40.1251,40.312,8549400
2002-09-26,41.3837,41.4019,40.654,41.0189,8236600
2002-09-27,40.1889,41.5433,40.1251,41.3974,8799200
2002-09-30,40.7589,40.9459,39.7648,40.3029,13563800
2002-10-01,41.5752,41.5752,40.3576,40.8137,10400200
2002-10-02,41.2971,41.6072,41.0462,41.2469,7163400
2002-10-03,40.955,42.1133,40.8137,41.2971,10339800
2002-10-04,40.3668,41.101,39.8424,41.0417,10434800
2002-10-07,40.5537,41.4019,40.3348,40.3668,10585600
2002-10-08,40.7224,41.4202,40.613,40.7863,9735000
2002-10-09,40.2163,41.0371,40.0886,40.7224,10451200
2002-10-10,40.5811,40.8866,39.9016,40.3713,9407400
2002-10-11,41.1511,41.2423,40.3759,40.7681,9663000
2002-10-14,41.63,41.63,40.9185,41.0417,6394800
2002-10-15,41.2332,42.0221,40.6769,41.9537,14296000
2002-10-16,41.6474,41.8637,41.3068,41.4265,7180400
2002-10-17,41.5737,41.9235,41.3207,41.8315,7679400
2002-10-18,42.2226,42.2226,41.3436,41.4173,6858200
2002-10-21,42.4251,42.4251,41.4725,41.8545,6789400
2002-10-22,41.5737,42.2226,41.1918,42.0984,9511600
2002-10-23,41.8775,41.8775,41.0307,41.6244,8361200
2002-10-24,40.8651,41.9925,40.727,41.9925,7069600
2002-10-25,40.819,41.0399,40.2806,40.773,6948000
2002-10-28,39.4614,40.8282,39.0013,40.819,14637800
2002-10-29,40.9617,41.0583,40.0643,40.5153,16135800
2002-10-30,40.9295,41.3667,40.5061,40.9571,8873600
2002-10-31,40.704,41.1642,40.2484,40.9295,8156400
2002-11-01,40.4923,40.5981,39.8987,40.4049,8604000
2002-11-04,39.8066,40.5061,39.6916,40.4969,9340000
2002-11-05,40.8374,40.9433,39.7376,39.7836,7629200
2002-11-06,40.4325,40.842,40.0229,40.8236,8212400
2002-11-07,40.5015,40.7086,40.0459,40.3819,6242200
2002-11-08,40.3543,40.9847,40.1149,40.727,6014200
2002-11-11,39.6916,40.3589,39.6409,39.8526,5642600
2002-11-12,39.305,40.1518,39.1808,39.7974,7248000
2002-11-13,39.4845,40.1195,39.2866,39.5213,7543000
2002-11-14,39.7974,39.8802,39.1762,39.5995,7478000
2002-11-15,40.1656,40.207,39.4614,39.802,8749600
2002-11-18,39.6455,40.1748,39.3188,40.1748,7782000
2002-11-19,40.0827,40.4371,39.5305,39.5857,6296000
2002-11-20,40.4923,40.6304,39.6962,39.8296,6457600
2002-11-21,39.9124,40.5429,39.802,40.4923,8499400
2002-11-22,39.8434,40.2576,39.7928,39.8756,7437600
2002-11-25,39.4109,39.687,39.3234,39.6087,7500000
2002-11-26,38.8494,39.236,38.7712,39.2314,9031200
2002-11-27,39.1301,39.3694,38.472,38.854,7461200
2002-11-29,38.9,39.0703,38.5871,38.8908,4340000
2002-12-02,38.1039,38.5411,37.8508,38.4859,13905200
2002-12-03,38.8816,39.0243,37.7357,37.7357,10569800
2002-12-04,39.5995,39.9401,38.8816,38.8816,10484000
2002-12-05,39.2222,40.2668,39.1853,39.5995,9266800
2002-12-06,39.5535,39.6041,39.0289,39.3372,6083200
2002-12-09,39.7514,39.9677,39.3694,39.5765,8444400
2002-12-10,40.3358,40.4509,39.7606,40.0367,7920000
2002-12-11,40.2484,40.4509,39.7698,40.3404,7881600
2002-12-12,40.3589,40.612,39.6916,40.4969,10370200
2002-12-13,40.2254,40.635,40.1103,40.3589,8180800
2002-12-16,40.5199,40.5199,39.7284,40.23,6884200
2002-12-17,40.2208,40.5015,40.0597,40.4969,6956200
2002-12-18,40.207,40.4279,39.9493,40.1287,6152400
2002-12-19,39.4384,40.2162,39.282,40.207,9275800
2002-12-20,40.3496,40.3957,39.733,39.8941,11114800
2002-12-23,40.3543,40.5199,40.276,40.4509,6001600
2002-12-24,40.2806,40.4049,40.0919,40.3589,1895200
2002-12-26,40.2346,40.6073,40.0919,40.2898,3321400
2002-12-27,39.8296,40.299,39.6732,40.0045,3341800
2002-12-30,39.6226,40.253,39.5765,39.6455,6905800
2002-12-31,39.5489,39.7836,39.167,39.6502,5403000
2003-01-02,40.4095,40.4509,39.5811,39.6226,6608800
2003-01-03,39.9677,40.4647,39.8572,40.3358,5519000
2003-01-06,40.4233,40.5107,40.0229,40.0827,5391600
2003-01-07,39.802,40.2346,39.7974,40.0689,6639600
2003-01-08,39.2084,40.0229,38.9323,39.7606,10540600
2003-01-09,39.4753,39.5305,38.9599,39.3004,9138800
2003-01-10,39.6363,39.779,39.1853,39.4753,6574400
2003-01-13,39.664,39.7376,39.1163,39.6363,6612200
2003-01-14,39.7422,39.7836,39.4155,39.4845,5475800
2003-01-15,39.5305,39.7606,39.2084,39.7054,5112600
2003-01-16,39.9769,40.0367,39.6502,39.6823,6160800
2003-01-17,40.0551,40.1471,39.7146,39.9769,7420800
2003-01-21,39.5811,40.253,39.5811,40.0735,8836200
2003-01-22,39.5532,40.1573,39.3767,39.8599,8654200
2003-01-23,39.6926,40.0225,39.3721,39.3767,6564600
2003-01-24,39.1304,39.7205,39.0933,39.4928,6369800
2003-01-27,38.5868,39.1769,38.2709,39.0747,9373200
2003-01-28,39.4928,39.6137,39.0282,39.1397,10753200
2003-01-29,39.5254,39.9575,39.0375,39.3767,10149600
2003-01-30,39.2605,39.7019,39.1304,39.7019,7519600
2003-01-31,39.7577,39.9482,39.1676,39.1676,7855600
2003-02-03,39.8274,40.0039,39.595,39.753,6086200
2003-02-04,39.9156,39.9528,39.2745,39.5625,6880800
2003-02-05,39.6322,40.069,39.3906,39.9156,7276600
2003-02-06,39.4231,39.6694,39.1258,39.5393,7101000
2003-02-07,39.0189,39.6787,38.768,39.4278,7616400
2003-02-10,39.4324,39.4975,39.0282,39.1908,7293400
2003-02-11,38.6519,39.5625,38.5264,39.4371,6932000
2003-02-12,38.7123,38.847,38.4289,38.6797,5536200
2003-02-13,38.4242,38.6983,37.8899,38.6101,7559000
2003-02-14,38.8888,38.8888,38.1687,38.4242,6734200
2003-02-18,39.3116,39.4928,38.9678,38.9818,6274200
2003-02-19,39.0282,39.2605,38.7216,39.1908,4471600
2003-02-20,38.7727,39.1211,38.5915,38.9818,4913400
2003-02-21,39.1397,39.242,38.6565,39.0979,6940400
2003-02-24,38.5125,38.9306,38.3824,38.8888,6578000
2003-02-25,38.6008,38.6008,37.941,38.2384,8055000
2003-02-26,38.3545,38.6333,38.2151,38.5171,5333000
2003-02-27,38.3778,38.5822,38.1036,38.4335,8482200
2003-02-28,38.0339,38.5543,37.8806,38.3778,7569400
2003-03-03,37.5507,38.2663,37.5043,38.2616,8203200
2003-03-04,37.1186,37.6994,37.0582,37.6344,7056800
2003-03-05,37.6297,37.6344,37.0257,37.0536,7384600
2003-03-06,37.2394,37.7505,37.2394,37.3138,7180600
2003-03-07,37.6157,37.6529,36.97,37.2441,8288400
2003-03-10,37.0722,37.5275,37.0304,37.5229,5812600
2003-03-11,37.495,38.0153,37.0118,37.0582,9444400
2003-03-12,38.0757,38.099,37.3835,37.4996,7981400
2003-03-13,38.7866,38.7913,38.0014,38.4474,8667800
2003-03-14,38.7495,39.0096,38.4753,38.8842,6812000
2003-03-17,39.7252,39.7484,38.4846,38.6705,10316200
2003-03-18,40.2455,40.4221,39.5811,39.7252,11100400
2003-03-19,40.8495,40.8495,40.1666,40.2455,9287400
2003-03-20,40.8867,41.1515,40.5429,40.659,9777800
2003-03-21,41.3049,41.3839,40.8821,41.1887,11405200
2003-03-24,40.6823,40.9564,40.45,40.8867,7374400
2003-03-25,40.896,41.2398,40.515,40.6869,7367400
2003-03-26,41.04,41.3002,40.8356,40.9007,6287800
2003-03-27,41.2491,41.5093,40.6544,40.7938,6805400
2003-03-28,41.1841,41.342,40.8356,41.2491,5937800
2003-03-31,41.3746,41.8159,40.8867,41.119,10082000
2003-04-01,41.5929,41.8159,41.2166,41.3746,8636000
2003-04-02,41.8717,41.9042,41.5697,41.8067,9390800
2003-04-03,41.5558,41.8996,41.5465,41.8671,6290600
2003-04-04,41.8857,42.0204,41.2584,41.2584,6480800
2003-04-07,41.5418,42.327,41.5,42.0064,7650600
2003-04-08,41.7695,41.8345,41.356,41.3606,6090600
2003-04-09,41.4861,42.0483,41.3188,41.4442,6393200
2003-04-10,41.2445,41.4907,41.0726,41.4861,7076800
2003-04-11,41.4442,41.6626,41.3049,41.421,5032400
2003-04-14,41.7927,41.9274,41.4117,41.4442,5912600
2003-04-15,42.1444,42.2007,41.9053,41.9193,6803800
2003-04-16,41.7787,42.1397,41.6145,42.0553,6212400
2003-04-17,41.8537,41.9944,41.3145,41.7787,7153200
2003-04-21,41.9334,42.1209,41.7834,41.9897,4881800
2003-04-22,42.7305,42.8806,41.5161,41.6614,7550600
2003-04-23,42.4586,42.7681,42.3648,42.6133,5952000
2003-04-24,42.1397,42.1538,41.7787,41.8256,6371600
2003-04-25,41.7974,42.0741,41.638,41.8724,4783600
2003-04-28,42.5242,42.6977,41.4739,41.9099,8444800
2003-04-29,42.5992,42.6696,42.06,42.482,8302000
2003-04-30,42.1303,42.4164,41.9991,42.1585,10203000
2003-05-01,42.1397,42.4351,41.4364,42.2382,5877000
2003-05-02,42.271,42.2757,41.699,41.9193,6295400
2003-05-05,42.2663,42.4117,41.8443,42.2007,6446000
2003-05-06,42.06,42.2382,41.8724,42.1256,5724800
2003-05-07,42.1303,42.2898,41.924,42.0647,6413000
2003-05-08,41.788,42.06,41.6849,41.8021,4773800
2003-05-09,41.9662,42.0178,41.6005,41.7927,4322600
2003-05-12,41.6755,41.9193,41.5958,41.849,5729800
2003-05-13,41.1738,41.8724,41.0753,41.6145,7996600
2003-05-14,41.5442,41.5864,41.1222,41.4926,7593600
2003-05-15,42.1538,42.3132,41.6193,41.7318,7292800
2003-05-16,42.3507,42.4305,42.1022,42.1866,7723200
2003-05-19,42.2147,42.332,42.0178,42.2522,5701400
2003-05-20,41.8959,42.2007,41.5911,42.1866,6665400
2003-05-21,41.9334,41.9334,41.5442,41.6614,6073400
2003-05-22,42.0037,42.1256,41.7552,41.9334,5882800
2003-05-23,42.1069,42.1069,41.7458,41.788,3808800
2003-05-27,42.7211,42.7587,42.0225,42.1069,9698800
2003-05-28,43.0353,43.1056,42.482,42.7258,8811600
2003-05-29,42.7305,43.1432,42.2944,42.9743,6680600
2003-05-30,43.0541,43.115,42.679,42.7305,6601000
2003-06-02,42.8196,43.115,42.5758,43.0588,7470200
2003-06-03,43.1619,43.2323,42.7399,42.8665,5731600
2003-06-04,43.312,43.387,43.0681,43.1619,7429400
2003-06-05,42.8477,43.3073,42.5289,43.0259,7045200
2003-06-06,42.5758,42.8665,42.346,42.7634,9333400
2003-06-09,42.4679,42.7446,42.3882,42.5336,4006400
2003-06-10,42.482,42.6039,42.2616,42.4726,4633800
2003-06-11,42.4351,42.5852,42.1632,42.5852,5809200
2003-06-12,42.5852,42.6696,42.2944,42.6461,6088000
2003-06-13,42.7493,42.8524,42.4586,42.8102,4613200
2003-06-16,43.326,43.3776,42.8571,42.9509,7065600
2003-06-17,43.0869,43.3729,42.979,43.2697,5424000
2003-06-18,42.9228,43.0869,42.6696,43.0869,6584200
2003-06-19,42.3929,42.9931,42.2241,42.904,6564000
2003-06-20,42.7774,43.0165,42.3929,42.5992,9402400
2003-06-23,42.904,42.9743,42.3695,42.6836,6733600
2003-06-24,43.3166,43.3635,42.6696,42.6696,7510600
2003-06-25,42.5242,43.312,42.4961,43.1291,6956400
2003-06-26,42.332,42.5242,42.1069,42.5242,7685200
2003-06-27,41.8115,42.332,41.8115,42.332,5982600
2003-06-30,41.8162,42.196,41.7787,41.9287,5176600
2003-07-01,42.1819,42.4726,41.6052,41.7505,6287800
2003-07-02,42.2522,42.3882,42.1679,42.1913,6527200
2003-07-03,42.1819,42.5523,42.0647,42.2007,3251600
2003-07-07,42.5711,42.7118,42.2476,42.2476,5947600
2003-07-08,42.2476,42.5242,42.21,42.4117,5065000
2003-07-09,41.4973,42.3554,41.4973,42.1772,9917400
2003-07-10,41.427,41.6333,41.216,41.4973,9182000
2003-07-11,41.5255,41.6755,41.277,41.4223,5693400
2003-07-14,41.4223,41.5958,41.3754,41.5442,7522800
2003-07-15,41.6145,41.6145,41.1832,41.352,9819400
2003-07-16,41.5349,41.5442,41.2347,41.2629,7147200
2003-07-17,41.3285,41.5677,41.1879,41.4973,6093200
2003-07-18,42.1069,42.1069,41.5442,41.699,7686400
2003-07-21,41.8068,42.1397,41.7505,41.9897,6431400
2003-07-22,41.9662,42.1585,41.3942,41.7552,6459200
2003-07-23,41.6849,42.1679,41.4973,42.1679,5859600
2003-07-24,41.3707,42.135,41.3567,41.8115,7992000
2003-07-25,41.9897,42.0084,40.7096,41.2394,6851600
2003-07-28,41.4082,41.7974,41.216,41.7974,6529600
2003-07-29,40.8409,41.5255,40.8409,41.2863,9215200
2003-07-30,41.1456,41.3051,40.8924,41.216,6343200
2003-07-31,41.2019,42.3179,41.2019,41.7084,11680600
2003-08-01,40.6533,41.4036,40.6111,41.2629,9353600
2003-08-04,41.1879,41.4973,40.5642,40.7705,6811200
2003-08-05,41.0425,41.5395,40.9909,41.3801,6403800
2003-08-06,41.638,41.8162,41.0284,41.1222,7789000
2003-08-07,41.3567,41.7974,41.277,41.7318,6192000
2003-08-08,41.7693,41.8162,41.3473,41.638,4080400
2003-08-11,41.788,42.0131,41.6145,41.7505,4167800
2003-08-12,41.924,41.985,41.4879,41.9662,4744800
2003-08-13,41.7834,42.0412,41.638,42.0365,5186200
2003-08-14,41.7177,41.9615,41.5207,41.9475,4918400
2003-08-15,41.788,41.9662,41.5911,41.8959,2801400
2003-08-18,41.4504,42.0365,41.4504,42.0365,5896200
2003-08-19,41.1691,41.4504,41.1222,41.4504,9216000
2003-08-20,40.9722,41.4926,40.9206,41.1879,4824000
2003-08-21,40.6533,41.2347,40.583,40.9722,7627400
2003-08-22,40.658,41.0237,40.6486,40.8878,6182800
2003-08-25,40.8784,40.9347,40.5924,40.6299,5042600
2003-08-26,41.1082,41.1785,40.6346,40.7377,5460400
2003-08-27,40.9112,41.3801,40.8643,40.8643,6474200
2003-08-28,40.9815,41.1503,40.6017,40.8503,4248200
2003-08-29,40.93,41.2347,40.7752,40.7799,4702000
2003-09-02,41.3004,41.4364,40.8503,40.869,5752800
2003-09-03,41.638,41.7787,41.2676,41.3098,8393600
2003-09-04,42.8712,43.1338,42.1163,42.2007,16050200
2003-09-05,42.6602,42.9978,42.5477,42.8712,7920000
2003-09-08,42.9603,42.9931,42.4632,42.482,6526200
2003-09-09,42.7399,42.9275,42.6696,42.7165,7191600
2003-09-10,42.6508,43.0869,42.5805,42.7446,6826000
2003-09-11,42.9275,43.0728,42.6836,42.7399,5801400
2003-09-12,43.0962,43.0962,42.7305,42.7868,5939600
2003-09-15,43.0165,43.3307,42.8806,42.89,7971800
2003-09-16,43.4151,43.4245,42.904,42.904,6629800
2003-09-17,43.3729,43.4714,43.1807,43.2229,4880000
2003-09-18,43.7246,43.809,43.2323,43.2791,6795400
2003-09-19,43.4526,43.7855,43.2697,43.7246,7321600
2003-09-22,43.2275,43.3963,42.9134,43.1385,5645800
2003-09-23,43.2838,43.3589,43.04,43.1385,4874000
2003-09-24,43.312,43.5136,43.1385,43.4198,7606400
2003-09-25,43.2135,43.4808,43.1197,43.312,5462800
2003-09-26,43.0072,43.2791,42.9134,43.1385,5248000
2003-09-29,43.5605,43.5698,43.0072,43.0212,6311200
2003-09-30,43.5229,43.598,43.3448,43.4901,6964600
2003-10-01,44.0669,44.0669,43.5229,43.5229,7206600
2003-10-02,44.3013,44.3951,43.8512,43.8653,6595400
2003-10-03,44.4983,44.5358,44.2545,44.2873,8681600
2003-10-06,44.081,44.4607,43.8887,44.4045,5058600
2003-10-07,44.592,44.592,43.9403,44.081,7292800
2003-10-08,44.5358,44.5827,44.1794,44.3576,5653200
2003-10-09,44.5405,44.9062,44.2873,44.7702,6684400
2003-10-10,44.8218,44.8405,44.4279,44.4514,4112800
2003-10-13,44.7796,45.0844,44.6202,44.7796,5030600
2003-10-14,45.0094,45.014,44.6155,44.6764,5145400
2003-10-15,44.8405,44.9437,44.6577,44.8499,5591600
2003-10-16,45.15,45.3001,44.8265,44.8452,6024400
2003-10-17,45.1078,45.4782,45.0187,45.2485,5819600
2003-10-20,45.0047,45.0609,44.7374,45.014,5946000
2003-10-21,44.8828,45.1875,44.8734,45.1219,3856200
2003-10-22,45.0958,45.3183,44.8449,44.8449,5464200
2003-10-23,45.0437,45.1952,44.8591,45.0958,7010800
2003-10-24,45.4745,45.4745,44.7597,44.826,5868600
2003-10-27,45.8248,46.1988,45.4272,45.4935,8766000
2003-10-28,46.1562,46.2556,45.768,46.0378,6378000
2003-10-29,46.0426,46.2461,45.9195,46.1562,5427600
2003-10-30,46.3598,46.4544,46.0426,46.0426,6157400
2003-10-31,46.5302,46.6722,46.3219,46.3598,7305800
2003-11-03,46.1562,46.6201,46.1562,46.3219,5128400
2003-11-04,46.0852,46.303,45.9669,46.1562,4775200
2003-11-05,46.0663,46.1515,45.8106,45.9669,5036800
2003-11-06,46.1846,46.2509,45.8248,45.8485,5238400
2003-11-07,45.8296,46.3787,45.7396,46.1846,5508000
2003-11-10,45.4461,45.9621,45.2804,45.7775,6415000
2003-11-11,45.413,45.6165,45.3609,45.4509,6032600
2003-11-12,45.9195,46.0568,45.2141,45.2189,5326200
2003-11-13,45.6118,45.8012,45.413,45.4461,5220600
2003-11-14,45.3088,45.6734,45.1242,45.4793,5557600
2003-11-17,45.465,45.6355,45.0627,45.181,4816200
2003-11-18,45.2851,45.7917,45.2378,45.4461,5537200
2003-11-19,45.484,45.6686,44.9727,45.2094,5226000
2003-11-20,45.1668,45.5455,45.1668,45.3514,5109600
2003-11-21,45.3325,45.6828,45.2141,45.3041,5075800
2003-11-24,45.7396,46.142,45.2425,45.3988,6734600
2003-11-25,45.858,46.0378,45.465,45.8248,6662800
2003-11-26,45.3893,45.9479,45.3609,45.9432,6924600
2003-11-28,45.5597,45.7065,45.3514,45.3562,2287200
2003-12-01,45.9384,45.9669,45.5739,45.6118,4800400
2003-12-02,45.8864,46.0284,45.6639,45.8059,4961200
2003-12-03,45.8296,45.9669,45.5313,45.7538,5636200
2003-12-04,45.8201,46.0189,45.626,45.7065,5648400
2003-12-05,45.6875,45.8012,45.5029,45.6875,3649200
2003-12-08,45.8485,45.8722,45.5171,45.6449,5138200
2003-12-09,45.716,45.8864,45.5976,45.8485,7031200
2003-12-10,45.8627,45.9053,45.5929,45.6686,4145800
2003-12-11,45.4461,45.8627,45.2662,45.8627,7739000
2003-12-12,45.8343,45.9905,45.3467,45.4414,7281000
2003-12-15,46.3077,46.6296,45.9763,45.9763,8778200
2003-12-16,46.7006,46.7953,46.355,46.7243,9431800
2003-12-17,46.5728,46.7338,46.374,46.6959,6468600
2003-12-18,47.0131,47.0272,46.4876,46.6296,7783000
2003-12-19,46.1657,47.0983,46.0426,47.0746,13053400
2003-12-22,46.4639,46.4639,46.0615,46.2035,4784000
2003-12-23,46.6201,46.6769,46.4166,46.5113,5391000
2003-12-24,46.5539,46.6675,46.4166,46.4639,1997200
2003-12-26,46.5065,46.5633,46.3503,46.4166,1030400
2003-12-29,46.961,46.961,46.4166,46.4402,4834400
2003-12-30,47.1835,47.1929,46.8852,46.961,4461400
2003-12-31,47.2829,47.3065,47.0888,47.0888,4473800
2004-01-02,46.8616,47.3397,46.8095,47.174,5544600
2004-01-05,47.0935,47.174,46.7764,46.8616,6723600
2004-01-06,46.8568,46.9326,46.7148,46.7811,5560800
2004-01-07,46.4402,46.7101,46.2888,46.6296,7057000
2004-01-08,46.9278,47.3113,46.6912,47.2403,9246200
2004-01-09,47.1693,47.3492,46.8095,46.8095,9342200
2004-01-12,47.458,47.4722,47.0557,47.0935,8234000
2004-01-13,47.1977,47.4817,46.9846,47.3492,6653600
2004-01-14,47.3539,47.5717,47.1929,47.2214,6104200
2004-01-15,47.1077,47.4202,47.0272,47.2971,5900600
2004-01-16,46.8663,47.3255,46.6864,47.3255,8270600
2004-01-20,46.7101,46.961,46.516,46.5823,6735400
2004-01-21,46.9373,46.9421,46.4639,46.4876,7182400
2004-01-22,46.9752,47.1503,46.5113,46.5113,5299000
2004-01-23,46.5633,47.0983,46.3645,47.0935,6215800
2004-01-26,47.2592,47.3302,46.3692,46.3692,5901200
2004-01-27,46.9515,47.2545,46.9136,47.1267,5445000
2004-01-28,46.6864,47.316,46.445,46.9515,6993000
2004-01-29,47.8131,47.8652,46.7196,46.7716,11204200
2004-01-30,47.851,48.0072,47.5764,47.5764,8466000
2004-02-02,48.135,48.2533,47.7231,47.7231,7438400
2004-02-03,48.296,48.3054,47.8652,47.9551,6557200
2004-02-04,48.8546,49.0771,48.2391,48.2818,8633800
2004-02-05,48.6132,49.0297,48.4711,48.6037,6802000
2004-02-06,48.4569,48.6699,47.9457,48.5232,6020200
2004-02-09,48.5469,48.6273,48.0261,48.2202,5852600
2004-02-10,48.4522,48.5705,48.3338,48.3812,4276200
2004-02-11,48.8546,48.9067,48.296,48.3717,5219800
2004-02-12,48.4711,48.8214,48.3196,48.741,4224400
2004-02-13,48.3102,48.9019,48.2628,48.6415,3767400
2004-02-17,48.8167,48.8688,48.3338,48.5137,4502600
2004-02-18,48.7362,48.9919,48.6842,48.9587,5727600
2004-02-19,48.4901,49.1102,48.2865,48.6273,6291000
2004-02-20,48.5232,48.6368,48.3102,48.6368,6376400
2004-02-23,49.0297,49.0913,48.5469,48.5469,4842000
2004-02-24,48.1824,49.2333,47.9314,49.0061,8155400
2004-02-25,48.6132,48.7741,48.0877,48.2486,5492200
2004-02-26,48.793,48.8924,48.4664,48.4759,5511600
2004-02-27,48.5279,48.9729,48.3859,48.6652,8121800
2004-03-01,49.167,49.167,48.3433,48.5611,5822000
2004-03-02,48.3433,49.167,48.1681,49.167,8636600
2004-03-03,48.5042,48.6889,48.0593,48.1255,6323000
2004-03-04,48.3338,48.5895,48.1776,48.4569,4731600
2004-03-05,48.1729,48.6652,47.8604,48.2155,7895600
2004-03-08,48.509,48.8214,48.1587,48.1729,5631800
2004-03-09,48.5185,48.6557,48.2628,48.3102,5507800
2004-03-10,49.9576,50.7529,49.3564,49.3564,18925000
2004-03-11,49.2096,50.2274,49.2096,49.8487,10989600
2004-03-12,49.2901,49.4463,48.7173,49.2333,7387000
2004-03-15,48.5326,49.238,48.4664,48.9019,7758600
2004-03-16,48.7883,48.9729,48.4711,48.8167,6721400
2004-03-17,49.3374,49.541,48.7836,48.8025,6045200
2004-03-18,49.4369,49.825,49.0534,49.0534,6200600
2004-03-19,49.2475,49.7019,49.2475,49.4416,7734000
2004-03-22,49.2191,49.683,48.7646,48.9729,7327200
2004-03-23,48.9303,49.2238,48.4995,48.4995,7747400
2004-03-24,48.7693,48.9587,48.5185,48.8356,6250200
2004-03-25,49.4889,49.7398,49.0203,49.2096,5898400
2004-03-26,49.2096,49.6594,49.1339,49.4463,5383000
2004-03-29,49.6499,49.6641,49.1623,49.3753,5299600
2004-03-30,50.1706,50.1706,49.5221,49.5978,6431600
2004-03-31,49.6499,50.0665,49.47,50.0617,7500400
2004-04-01,50.1706,50.1943,49.612,49.683,6393800
2004-04-02,50.2322,50.4689,50.0428,50.3458,5788200
2004-04-05,50.3458,50.4499,49.8582,50.0144,5795800
2004-04-06,50.6535,50.6535,49.9434,49.9434,4630400
2004-04-07,50.3931,50.6535,50.2984,50.5351,6257000
2004-04-08,50.3694,50.7387,50.1943,50.5115,4189400
2004-04-12,50.7103,50.8381,50.4878,50.5967,4611600
2004-04-13,50.1469,50.8381,50.0523,50.7103,7595600
2004-04-14,50.0901,50.2179,49.7019,49.7304,7354800
2004-04-15,50.2369,50.5399,50.0428,50.1706,5313000
2004-04-16,50.1659,50.4973,50.128,50.4878,5455600
2004-04-19,50.1895,50.4878,50.0002,50.431,5014000
2004-04-20,49.5221,50.36,49.5221,50.1895,4959600
2004-04-21,49.4886,49.9666,49.4886,49.7611,7359800
2004-04-22,50.0096,50.2772,49.3643,49.3643,7706600
2004-04-23,50.1816,50.2438,49.7419,49.914,4196800
2004-04-26,50.3012,50.4875,50.0813,50.4254,4065400
2004-04-27,50.4875,50.8078,50.2103,50.3059,5568000
2004-04-28,49.7897,50.349,49.7419,50.1865,5748600
2004-04-29,50.6501,50.9082,49.8423,49.9714,7064200
2004-04-30,50.564,51.2905,50.5449,50.9512,9758600
2004-05-03,51.042,51.042,50.2629,50.4111,6974400
2004-05-04,50.8078,51.1424,50.4684,50.8173,6938800
2004-05-05,51.0516,51.1902,50.7982,50.8604,5604800
2004-05-06,51.5152,51.5439,50.8221,50.889,6762400
2004-05-07,51.0085,52.0266,51.0037,51.3814,8947800
2004-05-10,50.5067,51.3814,50.4398,51.0085,7718600
2004-05-11,50.7026,50.8604,50.0622,50.76,7315400
2004-05-12,50.7313,50.8173,50.1291,50.6549,6926800
2004-05-13,50.3346,50.8986,50.1147,50.7361,5916200
2004-05-14,50.8604,50.999,50.1147,50.4541,6617600
2004-05-17,50.7982,51.2141,50.5736,50.607,6971200
2004-05-18,50.6931,50.9034,50.478,50.7648,6523600
2004-05-19,50.4159,50.8508,50.4111,50.6979,5216400
2004-05-20,50.9942,51.1663,50.239,50.239,5441000
2004-05-21,51.0994,51.6968,50.956,51.0707,7756600
2004-05-24,50.7457,51.3575,50.6787,51.1041,5733600
2004-05-25,51.5056,51.5964,50.6453,50.6453,6074400
2004-05-26,51.4291,51.6156,51.1471,51.1471,5645800
2004-05-27,51.8975,51.9788,51.4435,51.4913,6077200
2004-05-28,51.5343,51.8498,51.5152,51.7589,3929000
2004-06-01,51.9071,51.9788,51.3861,51.3861,5139600
2004-06-02,52.0075,52.17,51.9071,52.0266,5459600
2004-06-03,51.5964,52.1796,51.5964,51.9549,4222000
2004-06-04,51.5582,51.8545,51.4339,51.845,4417800
2004-06-07,52.3373,52.3373,51.606,51.7446,4417000
2004-06-08,52.7149,52.7197,52.256,52.2656,6085600
2004-06-09,52.9395,53.0351,52.5763,52.6002,5200200
2004-06-10,52.8248,52.9395,52.4616,52.9395,6059400
2004-06-14,52.8344,52.863,52.5763,52.5763,4845200
2004-06-15,53.0733,53.3362,52.7914,52.863,6736400
2004-06-16,53.1403,53.2263,52.9826,53.0542,3609000
2004-06-17,52.7531,53.1881,52.7531,53.1355,5650200
2004-06-18,52.6671,53.2884,52.5572,52.7579,20327000
2004-06-21,53.0542,53.5704,52.6446,52.6623,6349800
2004-06-22,53.4175,53.8572,53.102,53.8572,6559000
2004-06-23,53.494,53.6278,53.016,53.58,5269600
2004-06-24,52.8535,53.3697,52.8248,53.255,5925800
2004-06-25,52.3373,52.9682,51.9071,52.9395,11565700
2004-06-28,52.1939,52.7483,51.8975,52.7292,6293000
2004-06-29,52.4329,52.6241,52.0314,52.0505,4690400
2004-06-30,52.041,52.4329,51.8307,52.366,6479800
2004-07-01,51.8593,52.4329,51.6204,52.1557,6696900
2004-07-02,51.9358,52.1843,51.6204,51.888,4263200
2004-07-06,51.7637,52.3373,51.6586,51.8689,5243300
2004-07-07,52.0218,52.2035,51.7159,51.7637,4357900
2004-07-08,52.1461,52.6527,51.974,52.0505,5239600
2004-07-09,52.3086,52.4807,52.0601,52.0601,4057700
2004-07-12,52.4616,52.5954,51.974,52.3755,4926100
2004-07-13,52.4807,52.5189,52.1557,52.1557,3522800
2004-07-14,52.6527,52.7675,52.1652,52.1748,4814500
2004-07-15,52.5858,52.9109,52.5285,52.6527,5542500
2004-07-16,52.6719,53.1307,52.5858,53.0733,5550300
2004-07-19,52.2704,53.0542,52.1939,53.0542,4469000
2004-07-20,52.0983,52.5476,51.8689,52.4711,5096200
2004-07-21,51.1284,52.3096,50.9939,52.2424,7143700
2004-07-22,51.2628,51.6373,50.9267,51.09,4550300
2004-07-23,50.4081,51.0996,49.9952,50.8979,6157400
2004-07-26,51.0131,51.042,50.168,50.533,4931000
2004-07-27,51.7526,51.7526,50.9363,51.0131,5077900
2004-07-28,51.3204,51.4261,50.533,50.9459,6307700
2004-07-29,50.8211,51.2724,50.4177,51.2628,4913700
2004-07-30,50.0816,50.8883,49.4574,50.6866,7447700
2004-08-02,51.2244,51.9543,50.5906,50.6674,6872500
2004-08-03,51.5317,52.0215,50.8883,50.8979,5597100
2004-08-04,51.9159,52.2231,51.4069,51.4837,5131000
2004-08-05,51.042,51.9927,51.0323,51.791,3901100
2004-08-06,50.8883,51.4165,50.5233,50.8979,4928300
2004-08-09,50.9843,51.3397,50.677,50.9939,3424800
2004-08-10,52.0503,52.0503,50.9107,50.9363,4646800
2004-08-11,52.5017,52.5017,51.6661,52.0311,6866300
2004-08-12,52.1367,52.6169,52.1367,52.2712,4684100
2004-08-13,52.3,52.5977,51.9735,52.3384,3852700
2004-08-16,52.7897,52.7994,52.0503,52.5401,4768000
2004-08-17,52.6649,52.809,52.3096,52.7897,4866000
2004-08-18,53.0106,53.0587,52.5113,52.5785,4701900
2004-08-19,52.3192,52.8762,52.1367,52.8186,4283700
2004-08-20,52.6745,52.7129,51.9446,52.2231,3938500
2004-08-23,52.5785,52.8666,52.5401,52.5881,2614500
2004-08-24,52.7705,52.8378,52.4921,52.5305,3445900
2004-08-25,53.1067,53.2315,52.5977,52.7705,3547300
2004-08-26,53.4908,53.5868,53.1355,53.2987,3220300
2004-08-27,53.7597,53.7789,53.2987,53.3948,3364800
2004-08-30,53.3083,53.8653,53.2987,53.4908,2796300
2004-08-31,53.7501,53.7501,53.0298,53.2987,3277900
2004-09-01,53.971,53.9806,53.2891,53.7501,3833200
2004-09-02,54.2495,54.2975,53.6733,53.9422,2796600
2004-09-03,54.3071,54.6432,54.2495,54.3551,3580600
2004-09-07,54.4031,54.6432,54.0766,54.115,3656500
2004-09-08,54.4799,54.6432,53.971,54.3071,4507500
2004-09-09,53.8653,54.4223,53.7117,54.3647,5241600
2004-09-10,53.9518,53.9902,53.414,53.8269,3656200
2004-09-13,54.0382,54.1054,53.4908,53.9614,4171500
2004-09-14,54.4031,54.6048,53.9806,54.2399,3989700
2004-09-15,54.067,54.4799,54.067,54.3071,3681800
2004-09-16,53.6925,53.8173,53.4716,53.6348,3769400
2004-09-17,54.0286,54.6912,53.6445,53.9614,8065600
2004-09-20,52.2231,53.51,52.0887,53.4044,10814800
2004-09-21,52.7033,52.7322,51.6854,52.1944,7669000
2004-09-22,52.1463,52.4824,51.9255,52.1463,5887600
2004-09-23,52.1271,52.3576,52.0023,52.1367,4792900
2004-09-24,51.9351,52.2424,51.695,51.8198,5703900
2004-09-27,51.5029,52.0023,51.4741,51.7814,5009600
2004-09-28,51.6373,51.6854,51.1572,51.6181,4893300
2004-09-29,52.3,52.3192,51.2532,51.4261,7213600
2004-09-30,51.9735,52.5497,51.743,51.9351,6611400
2004-10-01,52.4921,52.5017,52.0023,52.1944,4848200
2004-10-04,52.1944,52.7225,52.1463,52.5689,5697400
2004-10-05,52.1079,52.2039,51.8774,52.0503,3871100
2004-10-06,52.1463,52.2136,51.8582,52.1079,4372300
2004-10-07,51.5125,52.2424,51.477,52.1944,3844800
2004-10-08,51.33,51.8774,51.1092,51.3012,5804700
2004-10-11,51.5413,51.7622,50.9939,51.33,3895100
2004-10-12,51.4069,51.839,51.282,51.282,4792600
2004-10-13,50.9171,51.4165,50.677,51.3781,4949800
2004-10-14,50.8691,51.1092,50.7442,50.7538,3914100
2004-10-15,51.5605,52.2231,51.3493,51.4165,5136600
2004-10-18,51.5317,51.6566,51.138,51.4837,4807600
2004-10-19,50.8979,51.8102,50.8979,51.5317,3933900
2004-10-20,51.6795,51.6891,50.9172,50.9461,4315100
2004-10-21,51.7374,52.0847,51.033,51.4382,4644300
2004-10-22,51.1874,51.9303,51.1391,51.8145,3577500
2004-10-25,50.4926,51.1488,50.3672,51.1391,5176700
2004-10-26,51.3418,51.3418,49.7207,50.0295,8732300
2004-10-27,49.9619,50.8979,49.026,50.4155,15660000
2004-10-28,49.5085,50.6567,48.7559,50.6567,14623700
2004-10-29,49.383,49.7014,49.2094,49.2094,8496100
2004-11-01,49.2094,49.6725,49.0646,49.4506,7285700
2004-11-02,49.1804,49.3541,49.0067,49.2094,8559400
2004-11-03,50.0392,50.126,49.4216,50.126,6475300
2004-11-04,51.3224,51.3997,50.0102,50.1742,7271300
2004-11-05,51.6409,51.9979,51.3224,51.5154,5918500
2004-11-08,51.4189,51.6409,51.033,51.6409,5415700
2004-11-09,50.9172,51.7566,50.8496,51.5154,5673000
2004-11-10,51.1391,51.6891,50.9461,50.9944,5397400
2004-11-11,52.104,52.2681,51.361,51.5058,5025600
2004-11-12,52.6829,52.8373,52.0172,52.1137,5693200
2004-11-15,52.5672,52.8952,52.1715,52.6829,5108300
2004-11-16,52.4417,52.7312,52.3163,52.5864,4340400
2004-11-17,52.5768,52.818,52.2681,52.5672,4369100
2004-11-18,52.847,53.0207,52.3259,52.4707,3825300
2004-11-19,52.4128,53.0207,52.1426,52.8566,4903100
2004-11-22,52.5478,52.6636,52.1233,52.1812,4004600
2004-11-23,52.1619,52.5961,51.8628,52.5478,4242900
2004-11-24,52.0461,52.3838,51.8821,52.2487,3257100
2004-11-26,51.7566,52.1522,51.7566,52.0558,1609900
2004-11-29,52.2005,52.5285,51.6409,52.0751,5204200
2004-11-30,51.6022,52.297,51.6022,52.1233,5176700
2004-12-01,52.7408,52.8663,51.6698,51.6795,6519600
2004-12-02,53.8601,53.8601,52.2487,52.4417,7423600
2004-12-03,53.4452,53.4742,53.0207,53.0689,6512000
2004-12-06,52.3935,53.3198,52.1426,53.1654,5021200
2004-12-07,52.1426,52.7408,52.1426,52.3066,5388800
2004-12-08,53.0979,53.0979,52.1248,52.2198,6878400
2004-12-09,54.4005,54.4969,53.0785,53.1364,9438000
2004-12-10,54.4583,54.5934,53.5706,54.1013,5080100
2004-12-13,54.5066,54.6996,54.1303,54.4583,4471200
2004-12-14,54.5066,54.5645,53.7926,54.2943,4430800
2004-12-15,54.1496,54.3232,53.6575,54.2075,5477500
2004-12-16,54.1303,54.4198,53.6864,53.9373,4829900
2004-12-17,53.4935,54.5645,53.4066,53.9855,9312600
2004-12-20,53.6382,54.2654,53.4066,53.7443,4372700
2004-12-21,54.1013,54.1689,53.5224,53.6189,4615000
2004-12-22,53.9566,54.1206,53.4066,53.6961,4592900
2004-12-23,53.6382,54.1206,53.5513,53.9373,2868100
2004-12-27,53.4549,53.9952,53.4163,53.8408,3311800
2004-12-28,53.4935,53.7347,53.3391,53.5513,3866900
2004-12-29,53.3005,53.4066,53.0785,53.3583,3516200
2004-12-30,53.5031,53.7154,53.1171,53.1654,2769500
2004-12-31,53.1461,53.5513,53.1075,53.5513,3291300
2005-01-03,53.2522,53.7926,53.1654,53.6961,4858500
2005-01-04,52.5864,53.532,52.5768,53.1847,5548600
2005-01-05,53.1364,53.9276,53.0689,53.3391,7277300
2005-01-06,53.397,53.5899,52.7408,52.8952,5261200
2005-01-07,53.9566,54.1785,53.0882,53.2136,6250500
2005-01-10,54.3812,54.5838,53.9276,54.0531,5802500
2005-01-11,54.3232,54.6513,53.8794,53.9566,5557500
2005-01-12,54.5259,54.5934,53.8215,54.2846,5784500
2005-01-13,53.5803,54.275,53.397,54.0338,5222600
2005-01-14,53.918,54.0145,53.4838,53.5513,4318000
2005-01-18,54.0242,54.0724,51.1681,53.532,5519300
2005-01-19,54.9355,55.1003,54.0438,54.1213,7833600
2005-01-20,54.9549,55.2844,54.5478,54.5672,6108100
2005-01-21,53.9372,54.7901,53.6464,54.6932,5788000
2005-01-24,53.5107,53.8403,52.6578,53.2103,7494600
2005-01-25,54.0147,54.1989,53.501,53.501,5719800
2005-01-26,53.7337,54.4509,53.7337,53.9953,6183500
2005-01-27,53.6173,53.8403,53.0455,53.3557,5279900
2005-01-28,52.4833,52.6966,50.5352,51.1846,53825300
2005-01-31,51.5917,52.8419,51.3591,52.7257,20036500
2005-02-01,51.2427,51.8049,51.0683,51.8049,13983100
2005-02-02,51.7564,51.9503,51.3591,51.3784,13150600
2005-02-03,51.6013,51.7952,51.456,51.6983,13425600
2005-02-04,51.0004,51.6013,50.7291,51.5917,11140700
2005-02-07,50.9132,51.3591,50.7387,51.0004,10565500
2005-02-08,50.3801,50.9229,50.1572,50.9132,14104800
2005-02-09,49.9246,50.4867,49.9246,50.3995,10639200
2005-02-10,50.0312,50.2929,49.5854,50.099,13224600
2005-02-11,50.5449,50.6709,49.9731,50.1087,10350500
2005-02-14,51.078,51.1943,50.7194,50.7969,13731500
2005-02-15,51.834,51.9697,51.0877,51.0877,9686100
2005-02-16,51.6692,51.8436,51.5141,51.8436,9477200
2005-02-17,51.6886,51.8146,51.456,51.6498,6178600
2005-02-18,51.8534,52.2604,51.582,51.6886,9683600
2005-02-22,50.6418,51.6886,50.6418,51.5141,9412300
2005-02-23,51.8436,52.0666,51.2621,51.5141,8675600
2005-02-24,52.1732,52.241,51.8436,51.9503,10081800
2005-02-25,52.5221,52.5221,52.1054,52.1732,6688000
2005-02-28,51.456,52.5318,51.3688,52.5221,8731000
2005-03-01,51.863,51.9018,51.456,51.456,7072500
2005-03-02,51.9406,52.1344,51.611,51.6207,5151600
2005-03-03,51.834,52.1829,51.708,52.1247,6382700
2005-03-04,52.1926,52.338,52.0278,52.212,4552200
2005-03-07,52.0472,52.3186,52.0278,52.3186,4420400
2005-03-08,51.708,52.1054,51.6595,52.0472,4997300
2005-03-09,51.3688,51.8534,51.1749,51.708,5103300
2005-03-10,51.6304,52.2023,51.2621,51.4075,6955600
2005-03-11,50.8938,51.7952,50.8647,51.6304,6055900
2005-03-14,51.611,51.611,50.9132,51.1846,5334600
2005-03-15,51.2912,51.7952,51.2912,51.708,4682800
2005-03-16,51.1846,51.6595,50.981,51.2718,5337600
2005-03-17,51.1264,51.3688,50.8066,51.0295,5252300
2005-03-18,51.7564,51.8534,51.078,51.456,11436100
2005-03-21,51.1167,51.9503,50.981,51.9018,5300000
2005-03-22,50.448,51.1652,50.3898,51.1167,7271600
2005-03-23,51.204,51.5529,50.4383,50.4383,7772600
2005-03-24,50.981,51.5626,50.981,51.3688,5257000
2005-03-28,50.8938,51.0974,50.6127,50.9326,5758600
2005-03-29,50.2638,50.7969,50.2638,50.7872,7883200
2005-03-30,51.7177,51.9105,50.322,50.3607,8647100
2005-03-31,51.3688,51.6595,51.1361,51.6207,5418400
2005-04-01,50.9907,51.7758,50.7581,51.4657,5360300
2005-04-04,52.241,52.338,51.2912,51.5432,8448400
2005-04-05,52.338,52.493,52.115,52.3186,6742200
2005-04-06,52.2992,52.338,52.0181,52.338,4753200
2005-04-07,53.375,53.375,52.338,52.3864,8099300
2005-04-08,52.8226,53.3653,52.8226,53.3557,5170800
2005-04-11,53.6367,54.1601,52.8226,52.8226,8835800
2005-04-12,53.8112,54.005,53.2103,53.3363,6949800
2005-04-13,53.5107,53.9469,53.123,53.6658,6969800
2005-04-14,53.3072,53.8887,53.2878,53.5786,8281600
2005-04-15,53.1133,53.7724,52.9195,53.3072,9490800
2005-04-18,52.9195,53.2843,52.464,53.1133,7933900
2005-04-19,52.6578,53.3072,52.4446,52.7644,7878500
2005-04-20,52.0146,52.7648,51.8782,52.5699,6592600
2005-04-21,52.794,52.794,51.9269,52.5115,5018300
2005-04-22,52.5017,52.794,51.9756,52.6869,5991800
2005-04-25,52.4433,52.794,52.0244,52.7355,6022800
2005-04-26,51.9951,52.4823,51.9951,52.2777,4113800
2005-04-27,52.151,52.3008,51.1865,51.8003,5740900
2005-04-28,52.5992,54.1677,52.3556,52.6089,16222400
2005-04-29,52.755,53.135,51.9172,52.8038,10376600
2005-05-02,53.3883,53.5637,52.6186,52.755,6717900
2005-05-03,53.4857,53.5831,52.9986,53.398,5933800
2005-05-04,53.7195,53.7877,53.2519,53.4955,6216600
2005-05-05,53.3688,53.778,52.9986,53.7195,5185200
2005-05-06,53.3396,53.8754,53.1837,53.5831,5404900
2005-05-09,53.5637,53.7001,53.0863,53.3396,7267700
2005-05-10,53.4662,53.7293,52.8817,52.8817,6090700
2005-05-11,54.0508,54.1482,53.3201,53.6513,8447000
2005-05-12,54.0118,54.5671,53.9729,54.1677,6717900
2005-05-13,53.3396,53.9339,52.8525,53.9144,6624200
2005-05-16,53.7195,53.8657,53.3883,53.5052,6793400
2005-05-17,54.1969,54.2943,53.5052,53.6806,7712900
2005-05-18,54.9471,54.9471,54.2164,54.2943,6306500
2005-05-19,55.1614,55.2686,54.3236,54.3528,6628600
2005-05-20,55.025,55.1517,54.8204,55.1322,5379300
2005-05-23,55.025,55.327,54.7522,54.9276,4650800
2005-05-24,54.5574,54.9958,54.3236,54.8691,5718800
2005-05-25,54.2943,54.5574,53.9729,54.3625,5114600
2005-05-26,54.3723,54.6256,54.2651,54.3041,5104800
2005-05-27,54.3236,54.3528,53.9144,54.2262,4389900
2005-05-31,53.7293,54.2066,53.7098,53.9923,5918600
2005-06-01,54.6743,54.7035,53.5831,53.5929,5572100
2005-06-02,54.5281,54.5769,54.08,54.4113,6072000
2005-06-03,53.8462,54.3528,53.7975,54.2164,4310300
2005-06-06,53.8852,53.9534,53.4857,53.7585,4660500
2005-06-07,54.0215,54.5184,53.9729,54.1092,5423200
2005-06-08,53.8852,54.4113,53.8559,54.4113,4900300
2005-06-09,53.778,53.8754,53.476,53.8754,4881300
2005-06-10,53.3396,53.9729,52.9986,53.9729,5514700
2005-06-13,52.9109,53.476,52.7355,53.0083,5416800
2005-06-14,52.9889,53.1545,52.7063,52.9012,5395600
2005-06-15,52.9986,53.2032,52.8525,53.0376,6483900
2005-06-16,52.8525,52.9401,52.6869,52.7843,4736000
2005-06-17,53.0181,53.4662,52.9791,53.3883,11885700
2005-06-20,52.8525,53.0668,52.7258,52.8135,4182800
2005-06-21,52.9304,52.9596,52.6089,52.6089,5062200
2005-06-22,53.0376,53.1155,52.755,52.9304,5629800
2005-06-23,52.2777,52.9109,52.19,52.8817,6719800
2005-06-24,51.4593,52.3166,51.4593,52.1218,10338800
2005-06-27,51.3132,51.6736,51.0891,51.4301,6521700
2005-06-28,51.9562,52.0049,51.3424,51.4203,5998900
2005-06-29,52.0926,52.6771,51.7321,51.9562,5825200
2005-06-30,51.3911,52.3459,51.3424,51.7321,8345000
2005-07-01,51.5373,52.0828,51.1963,51.6347,6777600
2005-07-05,51.3911,51.7808,50.5727,51.0501,11411500
2005-07-06,51.1475,51.4301,51.1281,51.3229,9550100
2005-07-07,50.8163,51.1086,50.6604,50.8553,9276100
2005-07-08,51.5957,51.8003,50.8163,50.826,7758300
2005-07-11,52.5115,52.6869,52.2679,52.4043,7256000
2005-07-12,52.5504,53.0765,52.5115,52.8232,10456700
2005-07-13,53.174,53.5052,52.5602,52.5699,10491400
2005-07-14,53.3396,53.778,53.3103,53.5442,10375600
2005-07-15,53.096,53.3883,52.9986,53.3396,9809100
2005-07-18,53.2129,53.4857,52.9109,53.096,8589100
2005-07-19,53.4662,53.6319,53.1935,53.3591,8521100
2005-07-20,53.8774,54.132,53.0353,53.5543,7538600
2005-07-21,53.9851,54.0928,53.4661,53.7599,7590300
2005-07-22,53.848,54.0243,53.613,53.8578,6344300
2005-07-25,53.7991,53.9655,53.7109,53.848,5442900
2005-07-26,53.9655,54.2691,53.8089,53.8578,6355700
2005-07-27,54.2201,54.3474,54.0341,54.1614,4984000
2005-07-28,54.6608,54.8175,54.0537,54.1026,5605900
2005-07-29,54.4747,54.6902,54.367,54.5922,6301000
2005-08-01,54.1712,54.8273,53.4955,54.6412,10897600
2005-08-02,54.2103,54.5433,54.1712,54.367,10498100
2005-08-03,53.8578,54.2299,53.4563,54.2103,9844300
2005-08-04,53.0451,53.9557,52.9178,53.8578,11328400
2005-08-05,52.9765,53.1038,52.7709,52.8786,8250400
2005-08-08,53.1234,53.2899,52.8786,52.9863,6294500
2005-08-09,52.8198,53.1724,52.5065,53.1724,8070900
2005-08-10,52.5946,53.2605,52.2813,52.8296,8411300
2005-08-11,52.5457,52.7709,51.9483,52.4281,9666300
2005-08-12,52.4379,52.5848,52.1442,52.3008,7432200
2005-08-15,53.0548,53.2997,52.3596,52.4379,6592400
2005-08-16,52.4673,53.2331,52.4379,53.1136,7155900
2005-08-17,52.3106,52.7317,52.1148,52.389,7363900
2005-08-18,53.0548,53.4563,52.389,52.4379,8655600
2005-08-19,53.4074,53.6326,53.0255,53.2409,6435000
2005-08-22,54.0145,54.5629,53.848,54.2495,11513900
2005-08-23,54.2495,54.5041,54.0243,54.2691,7215800
2005-08-24,53.4857,54.2691,53.4172,54.2593,8338900
2005-08-25,53.8578,53.9166,53.4661,53.7403,6842000
2005-08-26,53.8186,54.0928,53.564,53.8578,6619600
2005-08-29,54.4845,54.6804,53.7109,53.7795,11931900
2005-08-30,54.2495,54.4943,53.8578,54.4943,7833600
2005-08-31,54.3279,54.5629,54.0439,54.2495,9500800
2005-09-01,54.6021,54.7783,54.0981,54.2495,7784400
2005-09-02,54.8273,55.1896,54.5433,54.5922,6484500
2005-09-06,55.3952,55.5715,54.8958,55.1308,8132600
2005-09-07,55.0917,55.3267,55.0329,55.3267,9214000
2005-09-08,54.9839,55.3756,54.6412,55.3756,7520100
2005-09-09,55.7184,56.0219,54.9154,54.9839,7878900
2005-09-12,55.3854,55.7282,55.3756,55.5029,6406500
2005-09-13,54.3866,55.1406,54.3377,55.1308,11601300
2005-09-14,53.8774,54.3866,53.8284,54.2985,10317800
2005-09-15,54.3474,54.5629,53.946,54.0928,7203300
2005-09-16,54.7881,55.2777,54.4747,54.5825,13634600
2005-09-19,54.4062,54.7391,54.1124,54.6021,8018500
2005-09-20,54.8762,55.3267,54.7391,55.0721,9580200
2005-09-21,54.7391,54.9546,53.3682,54.5922,10153700
2005-09-22,55.5127,55.7184,54.6902,54.7489,8766300
2005-09-23,55.5617,55.7575,54.935,55.3365,7859500
2005-09-26,55.4148,55.9436,55.2287,55.8065,7648300
2005-09-27,55.9142,56.0905,55.17,55.2973,8066900
2005-09-28,56.2472,56.5311,55.9142,56.0023,8143500
2005-09-29,56.9326,56.962,56.0905,56.159,9644100
2005-09-30,58.2252,58.2252,56.394,56.6682,23316000
2005-10-03,58.0783,58.3231,57.9021,58.1958,15234500
2005-10-04,56.8739,57.5006,56.7662,57.2362,24864100
2005-10-05,55.924,56.7955,55.8359,56.5997,15617200
2005-10-06,55.0525,56.5605,54.3474,55.8163,21143300
2005-10-07,54.8762,55.3756,54.7098,55.3756,12314500
2005-10-10,54.6804,55.2287,54.6412,54.8762,9164900
2005-10-11,54.8468,55.1994,54.7391,54.8371,10243200
2005-10-12,54.8664,55.0623,54.4454,54.8468,9827100
2005-10-13,55.0329,55.3365,54.7979,54.8175,8723300
2005-10-14,54.9448,55.121,54.6216,54.6902,8310000
2005-10-17,54.6216,54.9448,54.2495,54.8566,8409100
2005-10-18,54.2006,54.4356,53.7305,54.2495,8032800
2005-10-19,54.7911,54.8207,53.7577,53.7873,9548600
2005-10-20,54.299,55.0766,54.1022,54.8207,9112000
2005-10-21,53.9841,54.4762,53.9447,54.299,10369400
2005-10-24,54.2301,54.7616,54.0825,54.1219,8229800
2005-10-25,54.7124,54.8502,54.1613,54.2794,7570700
2005-10-26,54.1219,54.8699,54.0924,54.7124,7635300
2005-10-27,54.1613,54.427,54.0136,54.1317,7238600
2005-10-28,55.0569,55.3522,54.2794,54.6042,8209500
2005-10-31,55.0667,55.4899,54.7813,55.0667,11326500
2005-11-01,54.3778,55.8246,54.3778,55.6081,10816800
2005-11-02,54.7715,54.8207,54.0924,54.1317,10573600
2005-11-03,55.0569,55.2242,54.8699,55.0175,8328300
2005-11-04,55.0372,55.4112,54.8699,55.3128,6069600
2005-11-07,54.7026,54.9289,54.2695,54.6435,7611800
2005-11-08,54.8305,55.0077,54.4664,54.4959,6447900
2005-11-09,55.116,55.4407,54.8699,54.9978,6077100
2005-11-10,55.4801,55.6671,55.0372,55.116,7645800
2005-11-11,55.4801,55.8049,55.3718,55.5195,7528500
2005-11-14,55.0372,55.6179,54.8305,55.4112,9706700
2005-11-15,55.116,55.2341,55.0372,55.0864,9660800
2005-11-16,55.7065,55.9525,55.2537,55.2931,9990200
2005-11-17,56.2478,56.5234,55.7065,55.9525,8009500
2005-11-18,56.543,56.7497,56.1199,56.7399,11973800
2005-11-21,56.73,56.8383,56.2675,56.297,5644200
2005-11-22,56.238,56.6808,56.0214,56.6808,6845700
2005-11-23,56.11,56.11,55.4604,56.0903,8448500
2005-11-25,56.3757,56.7202,56.2675,56.297,2326800
2005-11-28,56.2084,56.4545,55.8246,55.9525,5787100
2005-11-29,56.7694,57.0549,56.4446,56.4545,6821700
2005-11-30,56.2872,57.1237,56.2576,56.8777,8624300
2005-12-01,56.73,57.0844,56.4151,56.4545,6894300
2005-12-02,56.4545,56.8088,56.3067,56.3954,15060900
2005-12-05,56.5234,56.6907,56.2183,56.2183,6158800
2005-12-06,56.5037,56.9072,56.4348,56.4939,6015500
2005-12-07,56.1395,56.7497,55.9033,56.5923,6839200
2005-12-08,56.11,56.5923,55.8049,56.1002,5414100
2005-12-09,56.4249,56.5923,56.1494,56.1494,5289200
2005-12-12,56.0116,56.6316,55.923,56.3954,6006100
2005-12-13,57.5863,57.8225,56.297,56.297,10104500
2005-12-14,58.6788,58.7575,57.36,57.5666,9403200
2005-12-15,58.0587,58.1965,57.0844,58.1178,10430800
2005-12-16,57.1926,58.5115,56.5923,58.2556,18585300
2005-12-19,57.6257,57.9111,56.8482,57.2222,7062300
2005-12-20,57.2911,57.7635,56.8383,57.0844,5440300
2005-12-21,57.5962,57.8619,57.3304,57.3304,6078300
2005-12-22,57.8521,57.8521,57.3304,57.3501,5800000
2005-12-23,57.9505,58.2556,57.2517,57.8816,3913000
2005-12-27,57.6749,58.0194,57.5273,57.734,4745300
2005-12-28,57.6158,57.8717,57.4387,57.6651,5663000
2005-12-29,57.4977,57.7241,57.2025,57.5076,4008000
2005-12-30,56.9663,57.6355,56.9663,57.232,5928600
2006-01-03,57.8521,57.9308,56.7793,57.3796,9741600
2006-01-04,57.9603,58.1867,57.6355,57.8717,6746400
2006-01-05,57.7733,58.1375,57.6847,57.7733,8936100
2006-01-06,57.7143,57.8717,57.5568,57.8127,8826300
2006-01-09,58.1473,58.1572,57.5273,57.5273,7715700
2006-01-10,57.921,57.9702,57.6454,57.9603,8553600
2006-01-11,58.1276,58.1375,57.6749,58.0095,8791800
2006-01-12,57.4879,58.0686,57.4781,58.0489,6612800
2006-01-13,57.9702,57.9899,57.4682,57.4879,7146800
2006-01-17,57.7241,57.9308,57.4977,57.5273,5299200
2006-01-18,57.9019,58.0997,57.7239,57.8525,6699600
2006-01-19,57.8623,58.2282,57.358,57.358,8067300
2006-01-20,57.1997,57.9118,57.1503,57.8623,10492200
2006-01-23,57.002,57.6151,57.002,57.1997,9437700
2006-01-24,57.2294,57.5162,56.6558,57.358,8163500
2006-01-25,57.8228,57.8228,57.1934,57.4569,8932300
2006-01-26,58.1689,58.3469,57.9414,58.0997,7007000
2006-01-27,59.0787,59.1381,58.3964,58.7425,11747900
2006-01-30,58.4854,59.0392,58.2975,58.4755,7909700
2006-01-31,58.5744,58.693,58.2381,58.2975,10347600
2006-02-01,59.1578,59.3556,58.4062,58.4458,10829900
2006-02-02,58.9897,59.4842,58.9798,59.0787,9759100
2006-02-03,59.0194,59.3853,58.6634,58.7326,7815900
2006-02-06,59.1282,59.2369,58.4458,58.9205,4998800
2006-02-07,58.6634,59.1479,58.4557,58.8117,6405700
2006-02-08,58.8117,59.1381,58.5744,58.7425,7338000
2006-02-09,58.96,59.1875,58.6634,58.8018,6242200
2006-02-10,59.0392,59.1282,58.8018,58.9699,5804900
2006-02-13,58.782,59.0095,58.6139,58.9205,5198600
2006-02-14,59.1776,59.3358,58.8216,58.8908,7923000
2006-02-15,59.4446,59.5831,59.049,59.0886,8575200
2006-02-16,60.0578,60.1567,59.3457,59.3556,6998200
2006-02-17,60.3248,60.3544,59.7512,59.9193,9137500
2006-02-21,60.2061,60.3248,60.0182,60.2061,6770600
2006-02-22,61.2544,61.3137,60.305,60.3248,9974000
2006-02-23,60.7995,61.4027,60.7104,61.1654,7110800
2006-02-24,60.8192,61.0467,60.3841,60.6412,5610800
2006-02-27,60.6709,61.2049,60.6709,60.9972,6723300
2006-02-28,59.2666,60.5325,59.1875,60.3248,14467200
2006-03-01,59.4446,59.7907,59.3556,59.4446,9218800
2006-03-02,58.8908,59.3556,58.7029,59.326,10876800
2006-03-03,59.0095,59.4941,58.6436,58.6436,7800900
2006-03-06,59.0095,59.2963,58.8414,58.8908,4631300
2006-03-07,59.6325,59.8896,58.7623,58.9007,7366400
2006-03-08,60.394,60.6511,59.5633,59.5831,8680200
2006-03-09,60.7203,61.3137,60.4237,60.8192,7114000
2006-03-10,61.5609,61.7488,60.7698,60.7698,8506900
2006-03-13,61.2939,61.8082,61.1159,61.4225,5956100
2006-03-14,59.3457,60.0083,58.9403,59.4248,18306900
2006-03-15,59.2369,59.8402,59.1084,59.8402,9813700
2006-03-16,58.7326,59.1974,58.3469,59.1381,12489800
2006-03-17,58.4458,58.7425,58.1986,58.7326,17418000
2006-03-20,58.5249,58.7227,58.0601,58.7227,7027800
2006-03-21,58.3766,59.0589,58.2876,58.5546,6909400
2006-03-22,58.8315,58.9403,58.0502,58.0502,5850200
2006-03-23,58.0008,58.7425,57.7931,58.604,9166600
2006-03-24,58.0898,58.2975,57.3382,57.9118,8883300
2006-03-27,57.6448,57.9711,57.6151,57.7338,8041500
2006-03-28,56.8932,57.6349,56.8635,57.358,14113000
2006-03-29,57.1008,57.3382,56.369,56.8042,12430800
2006-03-30,56.9921,57.4569,56.7646,56.8932,8419500
2006-03-31,56.9921,57.6547,56.9426,56.9921,11176100
2006-04-03,57.2393,57.714,57.0514,57.0514,8113400
2006-04-04,57.358,57.8327,57.1305,57.1898,8873800
2006-04-05,56.9822,57.4569,56.9031,57.3085,8933800
2006-04-06,56.8635,57.2789,56.6064,56.9327,6607300
2006-04-07,56.646,57.2986,56.6262,56.8635,7395500
2006-04-10,56.5174,56.7646,56.3196,56.6657,7153800
2006-04-11,55.8647,56.6691,55.4691,56.6361,13443800
2006-04-12,55.7955,55.8746,55.657,55.6768,8850500
2006-04-13,55.9735,56.0427,55.7262,55.7757,6852400
2006-04-17,55.4197,55.8449,55.1329,55.5779,13180300
2006-04-18,55.5087,55.746,55.2219,55.3208,11186800
2006-04-19,55.7472,55.7671,54.7627,55.3693,12878200
2006-04-20,55.9461,56.4831,55.4588,55.8466,15583700
2006-04-21,56.0256,56.4433,55.6776,55.787,12076800
2006-04-24,56.2842,56.6819,55.8367,55.8367,9313500
2006-04-25,56.9504,57.199,56.314,56.5825,22369500
2006-04-26,57.6863,57.736,57.1593,57.2388,15869100
2006-04-27,58.0542,58.4023,57.4377,57.4775,8826800
2006-04-28,57.8852,58.1437,57.6764,57.9747,8917700
2006-05-01,57.557,58.3426,57.4377,58.104,7304700
2006-05-02,57.7857,58.0145,57.1095,57.3382,8489400
2006-05-03,55.9063,56.1748,54.8721,55.9361,28760000
2006-05-04,55.5483,56.3737,55.2897,55.9162,15422700
2006-05-05,55.419,55.9262,55.3395,55.9262,13408200
2006-05-08,56.0256,56.2842,55.1107,55.6975,14654300
2006-05-09,56.1847,56.3538,55.8566,56.0455,11459900
2006-05-10,56.0256,56.4234,55.9361,56.3737,9617500
2006-05-11,55.3395,56.3339,55.2002,56.3339,12379000
2006-05-12,54.703,55.5185,54.703,55.4886,13890000
2006-05-15,55.2599,55.3892,54.1362,54.3848,11534800
2006-05-16,55.7273,55.9461,55.2102,55.2897,11488100
2006-05-17,55.0213,55.608,54.9417,55.25,10081100
2006-05-18,54.5837,55.2201,54.5738,54.892,8131000
2006-05-19,53.8478,54.6931,53.4501,54.6832,16266500
2006-05-22,53.9771,54.1859,53.6489,53.6589,9208400
2006-05-23,54.1859,54.6832,53.7583,54.007,9513200
2006-05-24,54.5141,54.8323,53.8876,54.2556,10032200
2006-05-25,54.9516,54.9715,54.5539,54.8224,8082700
2006-05-26,54.8224,54.9914,54.4047,54.892,6442600
2006-05-30,54.0765,54.713,54.0268,54.4743,6971000
2006-05-31,53.9473,54.3848,53.6987,54.2754,11624100
2006-06-01,54.176,54.2058,53.7285,54.0467,6941200
2006-06-02,53.6489,54.2456,53.4998,54.0666,8578200
2006-06-05,52.8833,53.7384,52.7739,53.4998,8025800
2006-06-06,53.0722,53.2015,52.4557,52.8136,9189300
2006-06-07,52.9529,53.8279,52.8634,53.3009,8439600
2006-06-08,54.4147,54.7925,53.0026,53.2015,15081400
2006-06-09,54.1064,54.6931,53.8081,54.2158,7723700
2006-06-12,53.997,54.6135,53.8578,54.2655,5924200
2006-06-13,53.8478,54.9417,53.7981,54.0169,10432400
2006-06-14,54.5738,54.6235,53.4898,53.6987,8757300
2006-06-15,54.5738,54.7826,53.6688,54.6633,8548000
2006-06-16,54.713,54.892,54.524,54.5837,10805400
2006-06-19,54.5638,55.6875,54.3948,55.6676,11239200
2006-06-20,55.2699,55.5284,54.5539,54.9218,11378600
2006-06-21,55.5085,55.8764,55.1505,55.2102,8701300
2006-06-22,55.5383,55.608,55.2102,55.3196,6128000
2006-06-23,55.419,55.8466,55.1903,55.25,6917400
2006-06-26,55.6776,55.6875,54.9516,55.429,5617900
2006-06-27,55.4389,55.6875,54.892,54.9417,7336400
2006-06-28,55.4588,55.7074,55.1903,55.4389,6488200
2006-06-29,56.672,56.6819,55.5085,55.9262,10319200
2006-06-30,55.2897,56.8709,55.2897,56.6819,21161600
2006-07-03,55.9858,56.0952,55.7074,55.7074,4592900
2006-07-05,55.6179,55.8267,55.3395,55.3892,9147000
2006-07-06,56.135,56.4333,55.6278,55.6577,7215400
2006-07-07,56.1847,56.4333,55.9361,56.135,6834700
2006-07-10,56.662,56.8112,56.1151,56.1151,6776600
2006-07-11,56.9305,57.02,56.4632,56.4632,6104100
2006-07-12,56.2941,57.0101,56.1947,56.9305,7060100
2006-07-13,56.2245,56.4731,56.0853,56.2941,9209500
2006-07-14,55.3494,56.0455,54.9417,55.9759,8959100
2006-07-17,55.5085,55.8566,55.24,55.3196,6167300
2006-07-18,55.4986,55.608,54.9914,55.3395,7123000
2006-07-19,56.3239,56.5328,55.1903,55.4886,7938600
2006-07-20,56.2941,56.672,55.8665,56.0952,5751700
2006-07-21,55.7571,56.662,55.608,56.5328,8014400
2006-07-24,56.5825,56.672,55.8367,56.0356,4482400
2006-07-25,56.5626,56.9305,55.9063,56.2842,6701600
2006-07-26,56.3538,56.4532,55.9958,56.3339,7223500
2006-07-27,56.1251,56.672,56.0853,56.5328,5575300
2006-07-28,56.493,56.9106,56.3438,56.5527,5886700
2006-07-31,55.8864,56.3438,55.7571,56.0952,7592900
2006-08-01,55.6179,55.7571,55.3892,55.6875,5851700
2006-08-02,57.9647,58.5713,57.1493,57.6565,17708100
2006-08-03,59.1183,59.3569,57.8056,58.1338,12370500
2006-08-04,59.1183,59.4265,58.7603,59.2575,7888800
2006-08-07,59.0685,59.1381,58.5117,58.81,6377400
2006-08-08,59.3868,59.6652,58.9492,59.4166,9319300
2006-08-09,59.2078,59.6453,59.0685,59.4663,5617000
2006-08-10,59.9237,59.9536,59.2475,59.2674,8648900
2006-08-11,59.9237,60.1127,59.4564,59.6553,8092600
2006-08-14,59.4265,60.411,59.3072,59.9337,8069500
2006-08-15,60.1027,60.2817,59.7646,59.9138,6944700
2006-08-16,60.0829,60.2221,59.8939,60.0431,6605100
2006-08-17,60.0033,60.3016,59.8044,59.8044,6589200
2006-08-18,60.053,60.0829,59.4464,60.0132,6865300
2006-08-21,60.4408,60.59,59.9436,59.9635,5296500
2006-08-22,60.7093,60.8386,60.3712,60.3812,6521600
2006-08-23,60.5801,61.1071,60.3911,60.5602,4850200
2006-08-24,60.7093,61.0375,60.4806,60.5403,5346300
2006-08-25,60.5303,60.8287,60.4806,60.4906,4492800
2006-08-28,60.6397,60.8784,59.884,60.0829,6248600
2006-08-29,60.8585,61.0474,60.421,60.6596,4940800
2006-08-30,61.4054,61.6839,61.0574,61.1071,8797700
2006-08-31,61.5546,61.6839,61.2066,61.2264,6514600
2006-09-01,61.5645,61.7435,61.4054,61.6441,4132300
2006-09-05,61.2165,61.3458,60.8485,61.1568,6288700
2006-09-06,61.0972,61.3259,60.7988,61.2165,4595800
2006-09-07,61.1867,61.6839,60.9977,61.5447,7174100
2006-09-08,60.7988,61.9921,60.7591,61.9921,5725900
2006-09-11,61.5745,61.7535,60.7491,60.7591,9152200
2006-09-12,61.5049,61.833,61.4054,61.5745,5626800
2006-09-13,60.2221,61.5049,60.0829,61.485,11058100
2006-09-14,60.4309,60.6298,59.4961,59.7149,8959600
2006-09-15,60.5602,61.4054,60.5602,60.7591,17544000
2006-09-18,60.1624,60.6397,60.1027,60.3911,6676300
2006-09-19,60.5701,60.59,59.874,59.9834,7318100
2006-09-20,61.2861,61.4353,60.421,60.7591,6997800
2006-09-21,61.3955,61.6739,61.0872,61.4651,9904700
2006-09-22,61.4651,61.654,61.1966,61.306,6795200
2006-09-25,61.9424,62.1512,61.2165,61.2264,8143300
2006-09-26,62.1314,62.3004,61.5645,61.6839,8944700
2006-09-27,62.38,62.4993,62.012,62.1314,8368600
2006-09-28,61.9126,62.201,61.5745,62.0617,9379800
2006-09-29,61.6342,62.3402,61.6342,61.7833,7232500
2006-10-02,61.6938,61.9623,61.5447,61.6441,4772100
2006-10-03,61.9524,62.1512,61.5447,61.5447,8824800
2006-10-04,62.9866,63.1755,61.6739,61.7336,15130400
2006-10-05,63.1656,63.3843,62.8573,62.8772,8246900
2006-10-06,62.7379,62.9567,62.37,62.7976,7072300
2006-10-09,62.4993,62.6882,62.3899,62.4297,3882500
2006-10-10,62.37,62.373,61.7038,62.2606,7690100
2006-10-11,62.1314,62.3203,61.7734,61.9325,4826500
2006-10-12,62.0617,62.5182,61.9723,62.2209,5932900
2006-10-13,61.7833,61.843,61.306,61.8131,7187800
2006-10-16,61.7038,61.8828,61.1568,61.475,5243500
2006-10-17,61.9026,62.1314,61.4253,61.4452,6684000
2006-10-18,62.2407,62.4794,61.654,61.8032,7517900
2006-10-19,62.1512,62.2109,61.7933,61.9424,5236800
2006-10-20,62.3302,62.5291,61.8032,62.38,8001100
2006-10-23,62.9269,63.1158,61.9026,61.9325,7354400
2006-10-24,62.5291,62.8175,62.3203,62.6485,6879900
2006-10-25,62.7777,63.0462,62.4695,62.6286,5911000
2006-10-26,63.1457,63.3147,62.549,62.7479,6426000
2006-10-27,63.2749,63.4838,62.7976,62.9567,6982900
2006-10-30,63.4539,63.6628,63.0959,63.2153,8786900
2006-10-31,63.0363,63.1755,61.8629,61.8629,14877400
2006-11-01,62.6882,63.2749,62.201,62.8473,8882800
2006-11-02,62.917,63.0363,62.4098,62.4893,8152800
2006-11-03,63.0462,63.1357,62.7479,62.917,5501500
2006-11-06,63.2053,63.3943,62.7678,62.8772,9449700
2006-11-07,63.7523,64.0208,63.0661,63.2053,7796600
2006-11-08,63.6827,63.9909,63.5832,63.7721,9745400
2006-11-09,63.444,63.6429,62.8374,63.5037,8202400
2006-11-10,63.3446,63.6429,62.9965,63.6031,6891900
2006-11-13,62.8971,63.4341,62.7976,63.4142,6033000
2006-11-14,62.8473,63.0363,62.3899,62.8274,7899400
2006-11-15,62.7678,63.1158,62.6286,62.7678,5562100
2006-11-16,63.1656,63.4539,62.6485,62.917,4839600
2006-11-17,63.5037,63.5136,62.9468,63.1457,6249100
2006-11-20,63.3346,63.613,63.2749,63.5434,4624800
2006-11-21,62.907,63.3545,62.907,63.0959,5115700
2006-11-22,63.2849,63.2849,62.7081,62.917,4059300
2006-11-24,63.1755,63.3843,63.0462,63.2849,2288700
2006-11-27,62.4893,62.9965,62.1811,62.8175,7187100
2006-11-28,62.7181,63.0065,61.9424,62.3501,7152000
2006-11-29,62.8573,62.8871,62.2407,62.5987,5767900
2006-11-30,62.4396,62.8871,62.1811,62.6882,9011900
2006-12-01,62.3402,62.7479,61.8629,62.6584,6604400
2006-12-04,63.0661,63.1954,62.3998,62.728,7102500
2006-12-05,63.1556,63.6031,62.9468,63.0661,6025100
2006-12-06,63.444,63.4539,62.9368,63.2153,5554200
2006-12-07,63.444,63.6827,63.3247,63.5932,6999200
2006-12-08,63.5335,63.8219,63.2153,63.3446,4695400
2006-12-11,63.5136,63.6727,63.2451,63.3446,3864800
2006-12-12,63.3446,63.7025,63.0959,63.5633,7023600
2006-12-13,63.0462,63.5932,62.8971,63.3744,6102100
2006-12-14,62.9965,63.4241,62.9269,62.9468,5850500
2006-12-15,63.7523,63.8815,63.0164,63.1357,11542200
2006-12-18,63.802,63.9114,63.2948,63.6628,5769300
2006-12-19,64.0307,64.0904,63.3446,63.3644,6102700
2006-12-20,64.1103,64.1202,63.6628,63.9412,4525700
2006-12-21,63.6926,64.1401,63.5633,63.9412,6111400
2006-12-22,63.444,63.8915,63.3943,63.8716,4390700
2006-12-26,63.8318,63.9114,63.2451,63.3147,4020000
2006-12-27,64.0605,64.2196,63.8915,64.0406,5247200
2006-12-28,64.0804,64.2594,63.7622,63.8119,3897600
2006-12-29,63.9114,64.3688,63.7423,64.0009,4421700
2007-01-03,64.1799,64.2992,63.3446,63.3644,9718300
2007-01-04,63.6926,64.1401,63.3943,63.981,8716600
2007-01-05,63.1457,63.6429,62.9866,63.5136,9908000
2007-01-08,63.2849,63.4241,62.8772,63.2352,11068200
2007-01-09,63.1258,63.444,62.7578,63.0363,10826800
2007-01-10,63.8815,63.971,62.8971,62.917,8139400
2007-01-11,64.2793,64.4384,63.7423,63.802,6593200
2007-01-12,64.6373,64.6373,64.0406,64.0406,7904200
2007-01-16,64.6373,64.6373,64.3589,64.5478,10397100
2007-01-17,64.9953,65.3632,64.4881,64.8461,11403700
2007-01-18,65.1743,65.2837,63.3247,64.8859,8680100
2007-01-19,65.7212,65.93,65.1743,65.3234,9241500
2007-01-22,65.3533,65.6616,64.7964,65.582,9324800
2007-01-23,65.2737,65.6317,64.9257,65.6317,5763800
2007-01-24,65.1444,65.3732,64.7367,65.1842,6400200
2007-01-25,64.5577,65.1246,64.3191,64.9953,6801500
2007-01-26,64.4981,64.7765,64.1401,64.6373,6829500
2007-01-29,64.518,65.1842,64.4682,64.866,9458300
2007-01-30,64.2296,64.4285,63.3247,64.0506,12003400
2007-01-31,64.508,64.7964,63.7423,64.1401,8952800
2007-02-01,64.9754,65.1246,64.3191,64.5378,8122900
2007-02-02,64.9754,65.2737,64.7268,65.2141,6379400
2007-02-05,64.7865,65.0549,64.5677,64.7566,6368900
2007-02-06,64.2296,64.8958,64.1202,64.7865,8342400
2007-02-07,64.1202,64.5876,63.9909,64.4583,6747400
2007-02-08,64.2296,64.3887,63.7423,63.7523,5783700
2007-02-09,64.0705,64.4533,63.8616,64.2296,5253600
2007-02-12,63.802,64.2296,63.7025,64.0009,8014267
2007-02-13,64.3489,64.3788,63.7025,63.802,8845139
2007-02-14,64.518,64.7069,64.2594,64.4881,5969234
2007-02-15,64.6273,65.0351,64.4384,64.4384,5174100
2007-02-16,64.7069,65.1345,64.4384,64.5279,8158900
2007-02-20,64.518,64.7069,64.0009,64.3887,9201400
2007-02-21,64.329,64.6273,63.9611,64.3887,5655600
2007-02-22,64.3489,64.3688,63.9511,64.1202,6321700
2007-02-23,64.4583,64.5677,64.1003,64.4185,5536700
2007-02-26,64.0804,64.6273,63.9611,64.2992,6545335
2007-02-27,60.9082,64.3688,60.9082,63.9511,16768400
2007-02-28,63.1357,63.4142,61.9026,62.1512,17275500
2007-03-01,63.3247,63.7622,62.3998,62.3998,11245377
2007-03-02,62.8076,63.3545,62.3501,62.9965,9275000
2007-03-05,62.4396,63.2451,62.3103,62.4893,9906600
2007-03-06,62.5888,62.7181,62.1015,62.6485,12011782
2007-03-07,61.7336,62.6982,61.6739,62.4496,10622400
2007-03-08,61.9623,62.1314,61.5248,61.9424,8996800
2007-03-09,61.8131,62.3501,61.654,62.0518,9194390
2007-03-12,61.7435,62.0518,61.6342,61.7435,5979700
2007-03-13,60.8287,61.7734,60.7988,61.4054,11281200
2007-03-14,61.0176,61.2463,60.0829,61.0077,10524000
2007-03-15,61.5645,61.7038,60.9082,61.2165,12712906
2007-03-16,61.2662,61.8131,61.1369,61.7933,12364350
2007-03-19,61.6342,61.8032,61.3657,61.3756,5646600
2007-03-20,61.9325,61.9921,61.4552,61.6342,6517250
2007-03-21,62.6087,62.6485,61.8032,61.9921,8562801
2007-03-22,63.4937,63.5434,62.8473,63.1457,15329420
2007-03-23,63.444,63.623,63.0959,63.1755,7081800
2007-03-26,63.5434,63.5633,62.917,63.2451,7491719
2007-03-27,62.917,63.4042,62.8076,63.1954,8039100
2007-03-28,62.6584,63.1258,62.3103,63.1258,7296800
2007-03-29,62.907,63.1457,62.549,63.1357,5366225
2007-03-30,62.8076,63.0462,61.654,62.7578,8527800
2007-04-02,62.6683,62.9965,62.3004,62.8672,6484000
2007-04-03,62.549,63.086,62.3899,62.8672,11410300
2007-04-04,62.6982,62.8971,62.4993,62.7479,9729969
2007-04-05,62.6485,62.8274,62.4595,62.4595,6453000
2007-04-09,62.907,63.0462,62.4695,62.6783,7690670
2007-04-10,62.8573,63.1854,62.7578,62.8871,6554303
2007-04-11,62.6882,62.8672,62.3998,62.8573,9122439
2007-04-12,63.1656,63.2352,62.549,62.6783,7570037
2007-04-13,63.0263,63.1656,62.7877,63.1656,6547916
2007-04-16,63.3744,63.444,62.9368,63.1457,8574381
2007-04-17,63.5434,63.7224,63.1755,63.2252,12344608
2007-04-18,63.4042,63.5434,63.0363,63.2948,8303752
2007-04-19,63.265,63.8318,63.1457,63.4142,8974439
2007-04-20,63.444,63.6429,63.1357,63.6329,18753160
2007-04-23,63.2749,63.6429,63.1954,63.444,6754580
2007-04-24,63.3744,63.3843,62.4197,63.1258,10111677
2007-04-25,63.1755,63.3943,62.9766,62.9965,7323345
2007-04-26,62.6385,63.1258,62.5689,62.907,9165164
2007-04-27,62.6286,62.8573,62.2606,62.559,9746456
2007-04-30,64.0406,64.3887,62.9965,63.0065,19244154
2007-05-01,62.4844,62.8971,62.2805,62.8573,18845860
2007-05-02,62.022,62.8573,61.9623,62.8573,19704614
2007-05-03,61.654,62.3501,61.4949,62.2805,17850482
2007-05-04,62.0617,62.1214,61.4054,61.9026,12431790
2007-05-07,61.833,62.4396,61.654,62.2606,12124779
2007-05-08,61.4054,61.6242,61.1568,61.485,16578831
2007-05-09,61.664,61.9225,61.0773,61.1568,10519995
2007-05-10,61.1469,61.7038,60.6994,61.664,14807566
2007-05-11,61.306,61.5049,61.0773,61.3259,8478965
2007-05-14,61.3756,61.5546,61.2165,61.4054,8754770
2007-05-15,61.7236,62.5391,61.3756,61.3756,14855900
2007-05-16,62.9667,63.2551,61.7634,61.9524,15809750
2007-05-17,63.0164,63.2352,62.4098,62.6982,10088730
2007-05-18,63.1258,64.0705,62.8971,63.1457,16434000
2007-05-21,62.917,63.1059,62.6584,62.9468,9699499
2007-05-22,62.6485,62.9667,62.4496,62.6584,9681300
2007-05-23,62.7479,63.0761,62.6683,62.6783,7685920
2007-05-24,62.5192,63.0462,62.4794,63.0065,8971454
2007-05-25,62.6087,63.0363,62.4993,62.9468,9440775
2007-05-29,63.2948,63.4569,62.549,62.559,9891850
2007-05-30,63.4937,63.4937,62.8772,63.0462,10316170
2007-05-31,63.1954,63.5633,62.9667,63.3943,8628234
2007-06-01,63.1258,63.4241,62.6087,63.1954,9025807
2007-06-04,62.8374,63.1457,62.4993,63.1059,11481225
2007-06-05,63.1059,63.3744,62.7081,62.7379,13481826
2007-06-06,62.8374,63.2451,62.8175,62.9965,9910595
2007-06-07,61.9723,62.4098,61.7734,62.2606,21182412
2007-06-08,62.7181,62.8473,61.833,62.012,15468495
2007-06-11,62.6982,62.8573,62.3998,62.4496,8119546
2007-06-12,61.8131,62.6485,61.8131,62.3501,10403370
2007-06-13,62.022,62.4695,61.6739,61.9424,15515600
2007-06-14,62.0717,62.2507,61.7535,61.9424,11104787
2007-06-15,62.2209,62.4514,61.9026,62.3103,17155444
2007-06-18,61.4253,62.1512,61.3756,62.1512,15262307
2007-06-19,61.475,61.5645,60.7591,61.4651,19292980
2007-06-20,61.5944,62.1413,61.475,61.475,18522074
2007-06-21,61.5347,62.0518,61.2563,61.6839,13653774
2007-06-22,60.6894,61.6242,60.6497,61.5347,19719938
2007-06-25,60.7392,61.1867,60.5104,60.7591,11691837
2007-06-26,60.8485,61.2463,60.6447,60.8585,14784384
2007-06-27,61.0872,61.0972,60.5701,60.8088,10475748
2007-06-28,61.0176,61.4552,60.7093,61.2563,9235892
2007-06-29,60.8485,61.3557,60.421,61.1071,11985240
2007-07-02,61.3955,61.4552,60.8485,61.0077,9869532
2007-07-03,61.4452,61.5546,61.1071,61.1071,5117549
2007-07-05,61.3259,61.5844,61.0574,61.5844,11880597
2007-07-06,61.127,61.2861,61.0077,61.1568,8164560
2007-07-09,61.1767,61.3259,61.0673,61.1369,12073437
2007-07-10,60.6795,61.3557,60.6696,61.1966,12587672
2007-07-11,61.2165,61.3259,60.5502,60.7193,12056600
2007-07-12,62.5788,62.6385,61.2165,61.2264,17559852
2007-07-13,62.3103,62.6485,61.9026,62.2407,12006328
2007-07-16,62.7976,63.1457,61.8529,62.012,12873162
2007-07-17,62.3302,63.1059,62.3302,62.6882,13777306
2007-07-18,62.59,62.98,62.02,62.4,11065935
2007-07-19,62.79,63.13,62.48,62.48,8714213
2007-07-20,62.15,62.89,62.1,62.24,12207996
2007-07-23,63.34,63.71,62.29,62.29,9581788
2007-07-24,62.96,64.38,62.55,62.57,14793458
2007-07-25,62.98,63.57,62.592,62.92,13596865
2007-07-26,62.56,63.81,62.3,62.32,22080438
2007-07-27,62.82,63.41,62.3,62.35,16870756
2007-07-30,63.27,63.545,62.0499,62.51,14882612
2007-07-31,61.86,63.19,61.74,63.06,15470725
2007-08-01,63.16,63.49,61.5,61.52,14823902
2007-08-02,63.3,63.59,62.64,63.05,11881347
2007-08-03,62.88,63.68,62.34,63.25,20336850
2007-08-06,65.0,65.0,62.95,63.0,18583606
2007-08-07,65.23,65.79,64.23,64.23,19238904
2007-08-08,65.16,65.75,64.6,65.35,13785191
2007-08-09,64.97,66.75,64.0,64.01,19540810
2007-08-10,65.39,65.89,64.28,64.31,17234892
2007-08-13,64.28,65.4,64.01,65.2,15454500
2007-08-14,63.72,64.45,63.52,64.23,10928797
2007-08-15,63.48,64.8,63.34,63.95,12162715
2007-08-16,64.03,64.79,62.53,62.53,22611474
2007-08-17,65.35,65.45,64.17,64.9,19957300
2007-08-20,65.01,65.8,64.72,65.15,9519000
2007-08-21,64.46,64.98,64.21,64.65,9746400
2007-08-22,64.74,65.11,64.39,64.88,9600400
2007-08-23,65.05,65.18,64.54,64.99,10711600
2007-08-24,65.93,65.95,65.1,65.31,8496800
2007-08-27,65.23,65.74,64.91,65.67,7794218
2007-08-28,64.7,65.38,64.2,65.15,10828200
2007-08-29,65.12,65.26,64.5,64.89,8875500
2007-08-30,65.01,65.31,64.51,64.81,8297200
2007-08-31,65.31,65.61,64.88,65.13,8394300
2007-09-04,65.45,65.54,64.89,65.04,8808550
2007-09-05,65.46,65.65,64.93,65.38,8978200
2007-09-06,66.11,66.28,65.09,65.14,11115000
2007-09-07,65.47,66.33,65.4,65.69,11491200
2007-09-10,65.9,66.1,65.43,65.55,8824300
2007-09-11,66.99,67.0,65.85,66.29,12452237
2007-09-12,67.31,67.4,66.54,66.9,9591900
2007-09-13,67.46,67.72,67.16,67.32,8547100
2007-09-14,67.81,67.85,66.94,67.0,8319800
2007-09-17,67.95,68.29,67.26,67.49,10282100
2007-09-18,68.68,69.07,67.89,68.29,15469899
2007-09-19,68.79,69.0,68.1,68.95,15034600
2007-09-20,68.98,69.32,68.45,68.49,9045200
2007-09-21,69.39,69.939,68.98,69.67,16085200
2007-09-24,69.8,70.0,69.1,69.32,11617595
2007-09-25,69.85,70.34,69.4,69.4,9845116
2007-09-26,70.51,70.73,69.66,69.91,10491443
2007-09-27,70.1,70.65,69.83,70.51,8618706
2007-09-28,70.34,70.49,69.91,69.95,9747464
2007-10-01,70.91,71.0,70.4,70.44,11500200
2007-10-02,70.73,71.0,70.35,70.85,9366900
2007-10-03,70.41,70.87,70.23,70.72,8697628
2007-10-04,70.83,71.07,70.2,70.2,11694600
2007-10-05,70.83,71.32,70.58,70.9,10286200
2007-10-08,70.71,70.92,70.05,70.05,6046750
2007-10-09,71.09,71.35,70.5,71.18,8216300
2007-10-10,71.4,71.75,71.13,71.15,7719800
2007-10-11,71.77,71.98,71.41,71.65,9204200
2007-10-12,71.7,72.0,71.6,71.93,8213297
2007-10-15,71.0,71.9,70.67,71.65,8233500
2007-10-16,70.82,71.55,70.54,70.98,9637638
2007-10-17,70.59,70.84,70.3,70.64,11854600
2007-10-18,70.9,71.0,70.5,70.55,8079900
2007-10-19,70.8,71.5246,70.61,71.0,15979700
2007-10-22,71.06,71.12,70.51,70.6,9040707
2007-10-23,71.26,73.05,70.64,71.17,7705500
2007-10-24,71.38,71.49,70.63,71.16,10096300
2007-10-25,71.35,71.68,71.14,71.21,10406100
2007-10-26,71.75,71.76,71.12,71.6,9322000
2007-10-29,71.83,72.19,71.6,71.95,11482800
2007-10-30,68.95,69.9,67.9,69.53,25803622
2007-10-31,69.52,69.89,69.04,69.35,14144500
2007-11-01,68.59,69.85,68.59,69.22,15104800
2007-11-02,69.55,69.76,68.86,69.05,11448894
2007-11-05,70.18,70.92,69.38,69.39,12739973
2007-11-06,70.47,70.64,70.07,70.4,8733647
2007-11-07,69.42,70.98,69.23,70.44,11874255
2007-11-08,70.84,71.02,69.1,69.76,14428523
2007-11-09,70.42,71.0,70.3,70.55,11899054
2007-11-12,70.77,71.48,70.35,70.44,10793864
2007-11-13,71.5779,71.76,70.77,71.26,12264535
2007-11-14,71.54,72.25,71.2,71.98,11908741
2007-11-15,71.83,72.49,71.31,71.4,11439957
2007-11-16,73.19,73.25,72.15,72.46,15145888
2007-11-19,72.82,73.29,72.28,72.87,11337826
2007-11-20,73.21,73.85,72.46,72.98,12770929
2007-11-21,72.26,73.8,72.09,73.05,10382260
2007-11-23,72.86,72.92,72.3,72.88,4592459
