Price,Close,High,Low,Open,Volume
Ticker,PH,PH,PH,PH,PH
Date,,,,,
1999-11-24,25.578,26.0712,25.437,25.5075,396969
1999-11-26,25.578,25.9303,25.578,25.7894,83939
1999-11-29,25.9303,26.2826,25.0847,25.578,296969
1999-11-30,26.5292,26.8816,25.0847,25.578,543181
1999-12-01,26.7054,26.8111,26.3531,26.3883,394848
1999-12-02,26.494,26.7054,26.3531,26.3883,242121
1999-12-03,26.5997,27.5862,26.494,26.5645,438030
1999-12-06,26.7054,27.1282,26.494,26.5645,501060
1999-12-07,27.0577,27.9033,26.8463,27.9033,696212
1999-12-08,28.1851,28.7841,27.0577,27.093,875757
1999-12-09,27.4453,28.1851,27.41,28.0442,472424
1999-12-10,27.0577,28.1851,26.952,28.0442,464242
1999-12-13,26.7759,27.2691,26.7759,27.1282,743787
1999-12-14,26.7759,27.7976,26.7759,27.1282,1500151
1999-12-15,26.9168,28.0442,26.8463,26.8463,769545
1999-12-16,27.1986,27.4805,26.952,27.0577,493181
1999-12-17,25.3666,27.5157,25.3666,27.3395,1040000
1999-12-20,25.578,26.3531,25.2961,25.9303,949393
1999-12-21,25.9303,26.1065,25.2961,25.6132,406818
1999-12-22,25.5428,26.1065,25.5075,25.6132,226818
1999-12-23,25.7189,25.8599,25.3666,25.578,375757
1999-12-27,26.2826,26.7759,25.7894,25.8246,314696
1999-12-28,27.3043,27.4805,25.7894,25.8246,333181
1999-12-29,28.2908,28.5374,27.0225,27.3395,415454
1999-12-30,28.2556,28.6079,28.1851,28.326,346969
1999-12-31,28.925,28.9954,27.9385,28.2556,194848
2000-01-03,27.5157,28.925,27.3395,28.925,599393
2000-01-04,26.4235,27.7624,26.4235,27.5157,219848
2000-01-05,26.4235,27.5157,26.2826,27.5157,425151
2000-01-06,26.9168,26.9168,26.0008,26.5645,1215606
2000-01-07,29.3478,30.4399,29.1716,29.3125,2339393
2000-01-10,29.0659,30.1229,28.6079,29.383,774545
2000-01-11,28.2908,29.2068,28.1851,28.8897,528787
2000-01-12,28.6784,28.8545,28.3965,28.4318,1089848
2000-01-13,28.326,28.8545,28.0794,28.4318,557121
2000-01-14,27.9737,28.3965,27.41,28.3965,747272
2000-01-18,26.3178,27.7271,25.6837,27.6215,1314696
2000-01-19,26.9873,26.9873,25.7894,25.9303,908333
2000-01-20,26.8111,27.1634,26.6702,26.6702,871515
2000-01-21,26.3531,27.0577,25.9303,26.8111,762878
2000-01-24,24.9791,26.3883,24.8733,26.3883,791818
2000-01-25,24.3449,25.0847,24.0982,25.0143,546060
2000-01-26,24.8381,25.1552,23.5698,25.0143,1104242
2000-01-27,24.7324,25.3666,24.521,24.8029,446969
2000-01-28,23.7812,24.5915,23.6755,24.5915,572878
2000-01-31,24.3801,24.5915,23.4993,23.746,386666
2000-02-01,24.8733,25.0495,23.4993,23.746,711363
2000-02-02,24.2744,25.2257,24.2744,24.8733,309242
2000-02-03,23.9926,24.5563,23.605,24.3449,323636
2000-02-04,23.6402,24.5563,23.3584,24.3449,408484
2000-02-07,23.0765,23.9221,22.689,23.6755,659848
2000-02-08,23.0765,23.8164,23.0765,23.0765,593636
2000-02-09,21.8082,23.2175,21.5264,23.1822,1055909
2000-02-10,21.315,22.1253,21.2093,22.0901,835454
2000-02-11,20.0114,21.315,19.9409,21.315,851060
2000-02-14,21.5264,21.8787,20.0819,21.315,771363
2000-02-15,23.4993,23.6402,20.0819,20.1523,1495000
2000-02-16,23.6402,24.4506,23.3937,23.3937,1164545
2000-02-17,22.8299,23.7812,22.548,23.7812,488787
2000-02-18,23.2175,23.9221,23.147,23.7812,805000
2000-02-22,23.4887,23.6663,23.0267,23.0267,784393
2000-02-23,23.4531,23.5242,23.0978,23.4531,610000
2000-02-24,21.2855,22.8846,21.0367,22.8846,776666
2000-02-25,19.5087,21.7475,19.4021,21.4276,1373636
2000-02-28,19.8641,20.1839,19.4021,19.7575,2246515
2000-02-29,20.6103,20.8946,19.6153,19.8641,1190909
2000-03-01,21.0723,21.2144,20.3616,20.3971,793636
2000-03-02,20.2905,21.1434,19.6153,21.1434,767727
2000-03-03,20.4326,21.4632,20.1128,20.2905,811818
2000-03-06,20.1484,20.9657,19.8818,20.9657,536212
2000-03-07,19.3666,20.0418,19.3666,20.0418,624090
2000-03-08,20.0418,20.0418,19.4021,19.5087,498787
2000-03-09,20.4682,20.6103,20.1484,20.1839,687121
2000-03-10,20.1839,20.5748,20.1128,20.3971,445151
2000-03-13,19.8996,20.0773,19.6509,19.6864,489696
2000-03-14,19.2955,20.0418,19.2955,20.0418,295454
2000-03-15,20.7525,21.25,19.2955,19.3311,1560909
2000-03-16,22.8846,23.0978,22.1739,22.2094,811666
2000-03-17,21.8185,22.4582,21.0723,21.8896,1144242
2000-03-20,22.316,22.4582,21.6053,21.6053,484696
2000-03-21,21.9252,22.3871,21.6053,22.2449,421666
2000-03-22,21.25,21.9252,21.0723,21.9252,565757
2000-03-23,21.9252,21.9607,20.9657,21.1789,559393
2000-03-24,22.2449,22.3871,21.8896,22.0317,502575
2000-03-27,21.6053,22.4226,21.3921,22.2449,221060
2000-03-28,23.0267,26.2605,21.3921,22.2449,818484
2000-03-29,23.4887,23.6663,23.0267,23.0267,820303
2000-03-30,23.6308,24.4126,23.4531,23.6663,418030
2000-03-31,23.4887,23.9862,23.4887,23.6663,364393
2000-04-03,23.773,24.4126,23.2755,23.3465,641969
2000-04-04,24.4482,24.6258,23.6663,23.6663,803333
2000-04-05,24.2349,24.6258,24.1994,24.1994,670000
2000-04-06,24.839,24.9812,24.1994,24.5903,623636
2000-04-07,24.9812,25.5853,24.768,24.768,497424
2000-04-10,25.372,25.372,24.6613,24.9101,619545
2000-04-11,26.0117,26.296,24.6613,24.9101,498333
2000-04-12,26.7579,27.3265,26.0472,26.0472,735757
2000-04-13,25.4431,27.3265,25.4431,26.0472,471212
2000-04-14,23.3821,26.7579,23.311,26.7579,687575
2000-04-17,23.9507,24.0573,23.0267,23.311,850000
2000-04-18,24.1283,25.5853,24.0217,24.4837,591818
2000-04-19,24.3416,25.1233,23.9862,24.4837,575454
2000-04-20,25.1588,25.3365,24.306,24.306,521666
2000-04-24,25.2299,25.4431,24.6613,24.6613,452575
2000-04-25,26.7579,27.1488,25.0878,25.1588,1005909
2000-04-26,26.2249,26.9001,26.0472,26.0472,755909
2000-04-27,26.3671,26.7935,26.0472,26.296,584090
2000-04-28,26.4381,26.9001,26.3315,26.5802,632878
2000-05-01,26.4737,26.829,26.1539,26.3315,452272
2000-05-02,26.3671,27.0422,26.1183,26.1894,603787
2000-05-03,25.763,26.7224,25.6208,26.7224,355303
2000-05-04,25.7274,26.0827,25.5142,26.0827,492727
2000-05-05,27.4331,27.4687,25.6208,25.7274,871666
2000-05-08,26.3671,27.0778,26.2605,27.0067,417878
2000-05-09,25.4787,27.0778,25.1588,27.0067,501818
2000-05-10,25.372,25.9051,24.9457,25.5853,295606
2000-05-11,25.9762,26.2605,25.5853,25.5853,523787
2000-05-12,25.834,26.1539,25.7274,25.9762,323181
2000-05-15,25.8696,26.296,25.7985,25.9762,414848
2000-05-16,26.7871,26.9304,25.9993,26.1783,478030
2000-05-17,26.1783,26.5723,25.9276,26.1425,205606
2000-05-18,26.035,26.3932,25.8202,26.0709,205303
2000-05-19,26.6081,26.7513,25.4621,25.8202,751212
2000-05-22,26.1067,26.9304,25.9634,25.9634,532272
2000-05-23,25.8202,25.9634,25.8202,25.9634,304242
2000-05-24,25.283,26.1425,25.2114,25.856,575000
2000-05-25,25.2114,25.4621,25.2114,25.4621,438484
2000-05-26,24.4593,25.3546,24.4593,24.9249,460606
2000-05-30,24.531,24.8175,23.958,24.6026,517727
2000-05-31,23.8863,25.1039,23.8148,24.6026,524242
2000-06-01,25.283,25.283,23.8148,24.6742,634242
2000-06-02,25.1756,25.7844,24.9249,25.6053,402121
2000-06-05,24.8175,25.7844,24.6384,25.6053,487272
2000-06-06,25.0323,25.283,24.8533,24.9607,580303
2000-06-07,24.7458,25.2472,24.4952,24.9966,532121
2000-06-08,24.2445,24.4235,23.9938,24.1012,299696
2000-06-09,24.0296,24.4235,23.9222,24.1012,275606
2000-06-12,23.6715,24.0296,23.6357,24.0296,265909
2000-06-13,23.2059,23.6357,22.9194,23.564,665757
2000-06-14,21.7376,21.7376,20.0545,20.0545,3711212
2000-06-15,23.6715,23.7789,22.2748,22.7046,1408787
2000-06-16,22.4539,23.5282,22.3465,22.7046,1250757
2000-06-19,22.1674,22.6687,21.9883,22.6687,840303
2000-06-20,21.666,22.239,21.5944,22.239,507727
2000-06-21,21.2005,22.239,20.9856,22.2032,530303
2000-06-22,20.7708,21.1647,20.6275,21.0572,620454
2000-06-23,20.8782,20.9498,20.7349,20.9498,605454
2000-06-26,20.5917,21.0572,20.4484,20.914,836969
2000-06-27,21.4153,21.4153,20.8065,20.914,849242
2000-06-28,21.487,21.7376,21.2363,21.4512,532727
2000-06-29,20.4842,21.487,20.4484,21.487,1699090
2000-06-30,19.6248,20.4842,19.6248,20.4842,1791363
2000-07-03,20.4484,20.5559,19.8396,19.8396,616666
2000-07-05,20.0545,20.6991,20.0545,20.0545,1631666
2000-07-06,20.341,20.6633,20.0545,20.6275,704848
2000-07-07,20.4842,20.7349,20.4484,20.4484,857878
2000-07-10,20.6633,21.0214,20.0187,20.0187,929696
2000-07-11,21.2005,21.7376,20.6633,20.6633,912575
2000-07-12,21.3795,21.5944,21.2005,21.2005,902575
2000-07-13,21.5944,21.7735,21.2005,21.487,520606
2000-07-14,21.7018,22.0599,21.5228,21.8093,599393
2000-07-17,21.5944,21.7018,21.487,21.7018,472424
2000-07-18,21.5586,21.6123,21.4153,21.6123,1178181
2000-07-19,21.5586,21.8093,21.3438,21.487,981969
2000-07-20,22.1674,22.2748,21.5228,21.6302,1081666
2000-07-21,21.9525,22.7404,21.9525,21.9525,782727
2000-07-24,21.5944,22.1674,21.487,21.9883,261666
2000-07-25,21.8451,22.3465,21.7018,21.9883,298636
2000-07-26,21.1647,21.9167,21.1647,21.8093,357878
2000-07-27,20.8782,21.2721,20.6275,20.6633,600151
2000-07-28,20.5559,20.9856,20.4842,20.914,380757
2000-07-31,20.3768,21.2363,20.2694,20.914,926969
2000-08-01,20.0903,20.5917,19.9829,20.5917,1021212
2000-08-02,19.4099,20.0545,19.4099,20.0545,1153636
2000-08-03,18.2997,19.4815,17.9774,19.4815,1510303
2000-08-04,19.0159,19.0876,18.5504,19.0876,1322272
2000-08-07,19.4815,19.5531,18.8369,18.8369,1196060
2000-08-08,20.6275,20.6991,19.6964,19.6964,1455303
2000-08-09,20.5917,20.6991,20.4484,20.4484,847272
2000-08-10,20.7349,20.914,20.4842,20.4842,864090
2000-08-11,21.7376,21.7735,20.8782,20.9498,916666
2000-08-14,22.2032,22.3465,21.5228,21.7376,1118181
2000-08-15,21.7735,22.0599,21.4512,22.0599,918636
2000-08-16,21.7955,22.2653,21.5063,22.2653,301212
2000-08-17,21.8316,21.8678,21.5786,21.8678,313939
2000-08-18,20.8195,21.687,20.5304,21.687,806363
2000-08-21,20.7111,21.3256,20.6388,21.1087,735757
2000-08-22,20.675,20.8557,20.675,20.8557,398939
2000-08-23,20.4219,20.8918,20.1689,20.7834,433484
2000-08-24,20.205,20.4581,20.1328,20.4581,414545
2000-08-25,20.4581,20.4942,20.2412,20.2774,441515
2000-08-28,20.3858,20.8195,20.3496,20.3496,541060
2000-08-29,20.1689,20.675,20.0966,20.675,1003939
2000-08-30,19.9882,20.2774,19.8798,20.2774,595303
2000-08-31,20.1328,20.3135,19.9882,20.205,728333
2000-09-01,20.2774,20.3858,20.1328,20.1328,404545
2000-09-05,20.9641,21.1087,20.2412,20.3858,1589696
2000-09-06,21.181,21.3979,20.8557,20.9641,859545
2000-09-07,21.2533,21.3979,20.9641,20.9641,671515
2000-09-08,20.9641,21.3979,20.8557,21.181,739090
2000-09-11,21.1448,21.5063,21.0364,21.1087,653787
2000-09-12,21.6147,21.8316,21.181,21.2533,1074696
2000-09-13,21.5424,22.0485,21.181,21.2533,488181
2000-09-14,21.4701,21.7955,21.3256,21.3617,465151
2000-09-15,20.928,21.4701,20.8557,21.434,818484
2000-09-18,19.9159,20.8557,19.9159,20.8195,589393
2000-09-19,19.3376,20.8557,19.0123,20.8195,1978484
2000-09-20,19.1568,19.4641,19.0846,19.4641,661212
2000-09-21,19.3737,19.5906,19.193,19.5906,368333
2000-09-22,19.3014,19.3737,19.0123,19.3737,429848
2000-09-25,19.5545,19.7713,19.2653,19.2653,670909
2000-09-26,19.3376,19.7713,19.3376,19.3376,352575
2000-09-27,19.2653,19.446,18.8316,19.446,431060
2000-09-28,19.8436,19.8798,17.9279,17.9279,1638636
2000-09-29,19.5183,19.7351,19.1207,19.6629,692878
2000-10-02,18.9761,19.5183,18.7231,19.5183,720303
2000-10-03,19.6268,19.8436,18.7231,19.5183,505757
2000-10-04,19.8436,20.205,19.6268,19.6268,683636
2000-10-05,19.8798,20.3858,19.8075,19.8075,720000
2000-10-06,19.6268,20.4581,19.4099,20.1689,699545
2000-10-09,19.4099,19.5183,19.1568,19.5183,408939
2000-10-10,19.193,19.5183,19.0846,19.4822,518636
2000-10-11,19.0846,19.5906,18.9761,19.2291,372121
2000-10-12,18.5062,19.0846,18.0725,19.0846,990000
2000-10-13,18.4701,18.5424,18.0363,18.4701,920909
2000-10-16,18.94,18.94,18.4701,18.5062,466666
2000-10-17,18.5785,18.94,18.434,18.5062,1032878
2000-10-18,18.8677,18.8677,18.2532,18.5785,848787
2000-10-19,19.0846,19.1568,18.5062,18.5785,690303
2000-10-20,19.3014,19.3737,18.9761,19.0846,695000
2000-10-23,20.8195,20.8195,19.3737,19.446,0
2000-10-24,20.928,21.181,20.7834,20.7834,1173181
2000-10-25,20.6027,20.8195,20.4942,20.8195,310606
2000-10-26,21.181,21.3256,20.7111,20.7834,752121
2000-10-27,21.3617,21.7593,21.0725,21.3256,652424
2000-10-30,22.1931,22.3738,21.5424,21.5424,1180454
2000-10-31,23.928,24.1449,22.4822,22.4822,1060303
2000-11-01,23.1328,23.7473,22.9883,22.9883,1672727
2000-11-02,23.0967,23.928,22.8798,23.0967,688484
2000-11-03,22.9883,23.1328,22.7714,23.1328,319090
2000-11-06,21.5786,22.9521,21.5424,22.9521,1816969
2000-11-07,22.1569,22.3376,21.6147,21.6509,961060
2000-11-08,22.4822,23.3497,22.1931,22.1931,1119848
2000-11-09,22.4461,22.6991,22.1208,22.6268,391060
2000-11-10,21.5786,22.2292,21.434,22.0846,371969
2000-11-13,21.3979,21.687,21.3979,21.6147,266515
2000-11-14,21.748,22.0399,21.6021,21.6385,313939
2000-11-15,22.1129,22.1859,21.7115,21.7115,286666
2000-11-16,22.0399,22.1859,21.9305,21.9305,409545
2000-11-17,22.6238,23.2806,21.9305,22.3318,456515
2000-11-20,22.3318,22.7332,22.2953,22.2953,331212
2000-11-21,22.3683,22.8427,22.1859,22.1859,338787
2000-11-22,22.1494,22.8427,21.821,22.1859,418181
2000-11-24,22.5872,22.7697,21.9669,22.0399,205303
2000-11-27,22.8062,22.9886,22.4778,22.7332,392878
2000-11-28,22.5872,22.9886,22.2224,22.7332,466212
2000-11-29,23.0252,23.2076,22.4413,22.4413,257878
2000-11-30,22.5872,23.2806,22.3318,22.4413,701818
2000-12-01,22.5872,22.8427,21.894,22.1859,659696
2000-12-04,24.3023,24.3023,22.5872,22.6968,1163333
2000-12-05,23.7185,24.1563,23.463,24.0104,1071969
2000-12-06,23.5725,23.7914,23.536,23.7914,374090
2000-12-07,23.3171,23.7549,23.2806,23.536,358939
2000-12-08,23.8279,23.9009,23.2806,23.536,472878
2000-12-11,24.0104,24.0834,23.5725,23.9009,289848
2000-12-12,24.4118,24.5577,23.7914,23.7914,513939
2000-12-13,24.0469,24.6672,24.0469,24.3023,574242
2000-12-14,23.0616,24.0104,23.0616,24.0104,662727
2000-12-15,22.5143,23.3901,22.5143,23.3901,1274090
2000-12-18,23.4266,23.8644,22.6602,22.6602,519090
2000-12-19,23.9374,24.3023,23.3535,23.3535,549545
2000-12-20,24.0104,24.0834,23.609,23.6455,618484
2000-12-21,25.3241,25.3605,24.0104,24.0104,629393
2000-12-22,25.9808,26.0538,24.8497,24.8497,885454
2000-12-26,25.543,25.9443,25.47,25.8714,734393
2000-12-27,26.1633,26.2728,25.47,25.8714,646969
2000-12-28,27.477,27.6959,25.397,26.3093,698030
2000-12-29,25.7619,27.3674,25.6159,27.331,1066212
2001-01-02,25.6889,25.9443,25.3241,25.8349,623030
2001-01-03,26.2728,26.2728,24.8132,25.543,1285454
2001-01-04,26.7836,26.7836,25.9808,25.9808,1435909
2001-01-05,26.1998,27.2945,26.0538,26.6742,1870000
2001-01-08,25.9079,26.3458,25.7619,26.2728,1012878
2001-01-09,25.7254,26.3458,25.7254,26.2728,511515
2001-01-10,25.7619,25.9079,24.8862,25.9079,690303
2001-01-11,25.8349,25.9079,25.0321,25.6159,716666
2001-01-12,25.397,25.8349,25.0139,25.8349,1741515
2001-01-16,25.6159,25.8349,24.2293,24.3753,997272
2001-01-17,25.7254,25.9443,25.5795,25.6889,617424
2001-01-18,25.3605,25.5795,24.7037,25.543,774393
2001-01-19,25.0686,25.5065,24.3753,25.5065,1155757
2001-01-22,24.7037,24.8132,24.4118,24.8132,951666
2001-01-23,25.1416,25.397,24.4848,24.7037,505151
2001-01-24,25.4335,25.543,24.9591,25.1416,483636
2001-01-25,26.0538,26.2728,25.397,25.4335,988333
2001-01-26,25.0686,26.0538,24.9591,26.0538,985151
2001-01-29,25.1051,25.2102,24.6264,25.0117,677878
2001-01-30,25.7765,25.7765,24.5212,25.1051,536515
2001-01-31,25.6013,26.3312,25.5138,25.759,873484
2001-02-01,25.5546,26.0334,25.4846,25.6889,467878
2001-02-02,25.2686,25.9225,25.2335,25.7765,553787
2001-02-05,24.9066,25.3386,24.9007,25.2686,900909
2001-02-06,25.146,25.2744,24.9066,24.9066,727575
2001-02-07,25.0934,25.2219,24.6964,25.1051,404545
2001-02-08,24.8891,25.1635,24.6847,25.1635,479696
2001-02-09,24.7781,24.93,24.5212,24.8891,293181
2001-02-12,24.9591,25.2803,24.6964,24.6964,460000
2001-02-13,25.2062,25.4594,25.0295,25.4594,582272
2001-02-14,24.8764,25.2474,24.8175,25.218,631818
2001-02-15,25.2945,25.3122,24.8528,24.8528,437424
2001-02-16,24.9412,25.4889,24.7468,25.3357,377272
2001-02-20,25.2121,25.6891,24.5583,24.9529,461818
2001-02-21,24.6349,25.2003,24.5878,25.1473,366060
2001-02-22,24.4995,24.6349,24.205,24.6349,290151
2001-02-23,24.3581,24.5878,23.8516,24.5878,379242
2001-02-26,25.4359,25.7657,24.4464,24.5053,478787
2001-02-27,25.5007,25.8246,25.0471,25.6361,704848
2001-02-28,25.4477,25.5301,24.5878,25.324,745000
2001-03-01,25.218,25.4712,24.9352,25.4712,878939
2001-03-02,25.3828,25.748,25.0,25.0,1358181
2001-03-05,26.3251,26.5607,25.4417,25.5007,751212
2001-03-06,26.0071,26.2309,25.324,25.5595,1001515
2001-03-07,26.5195,26.6196,25.7657,26.013,990303
2001-03-08,27.1202,27.1202,26.3369,26.5018,735000
2001-03-09,26.5018,26.8552,26.3251,26.8552,703636
2001-03-12,26.3605,26.7374,25.8834,26.384,730909
2001-03-13,25.9718,26.3016,25.3298,26.2957,1131969
2001-03-14,25.3887,25.854,25.2062,25.854,891060
2001-03-15,25.9718,26.2486,25.2474,25.3946,698181
2001-03-16,25.1296,25.7951,25.0589,25.3828,1025303
2001-03-19,25.5007,25.7657,25.0177,25.1355,576363
2001-03-20,24.6113,25.5595,24.6055,24.735,752878
2001-03-21,23.7397,24.4995,23.5572,24.47,658484
2001-03-22,23.2156,23.8516,22.1261,23.6749,853181
2001-03-23,23.7692,23.9694,22.7209,23.7044,683636
2001-03-26,23.9989,24.2874,23.6161,23.6455,495454
2001-03-27,23.6573,23.993,23.1449,23.993,1641060
2001-03-28,23.4099,23.7103,22.9682,23.6573,749545
2001-03-29,23.2745,23.9694,23.1331,23.2922,661212
2001-03-30,23.3923,23.6337,22.8269,23.4394,363636
2001-04-02,23.6632,24.3522,23.2038,23.2627,631666
2001-04-03,22.9918,23.2627,22.8799,23.0742,530606
2001-04-04,23.4512,23.5513,22.6738,22.9918,559393
2001-04-05,24.1402,24.2285,23.3451,23.4512,715000
2001-04-06,23.9694,24.0224,23.2627,23.2627,628484
2001-04-09,24.4995,25.3357,24.1166,24.1166,939090
2001-04-10,24.8351,24.9706,24.2639,24.3463,522575
2001-04-11,24.2344,24.8705,23.94,24.5583,443636
2001-04-12,24.7468,24.7645,24.0872,24.3522,570000
2001-04-16,24.6231,24.9117,24.3522,24.5878,396515
2001-04-17,25.324,25.4712,24.5583,24.6231,568030
2001-04-18,27.2674,27.397,25.4417,25.4712,1492575
2001-04-19,26.6785,27.185,26.3251,27.1791,1061363
2001-04-20,26.5607,26.649,26.1249,26.5018,422878
2001-04-23,26.5372,26.9435,26.2957,26.5607,469545
2001-04-24,26.8022,27.0966,26.5077,26.5077,419242
2001-04-25,27.0083,27.0554,26.2839,26.8022,209848
2001-04-26,27.2851,27.4147,26.7315,26.8846,504090
2001-04-27,27.4736,27.6797,26.9671,27.2851,447878
2001-04-30,27.4559,27.6797,27.1497,27.4736,353636
2001-05-01,27.5972,27.6502,26.973,27.6502,443333
2001-05-02,27.4323,27.821,26.8552,27.6797,446666
2001-05-03,27.3145,27.5619,26.8022,27.5619,338181
2001-05-04,27.6797,27.7563,26.7433,26.9965,391515
2001-05-07,27.4147,27.7327,27.344,27.6502,460303
2001-05-08,27.3852,27.4971,26.5607,27.4147,708030
2001-05-09,27.2792,27.2969,26.8787,27.2674,311060
2001-05-10,27.8563,27.9447,27.0907,27.2792,356363
2001-05-11,27.7445,28.2097,27.4736,27.8858,236818
2001-05-14,27.7621,27.8563,27.2262,27.7445,230606
2001-05-15,27.797,27.8208,27.423,27.7139,442272
2001-05-16,28.907,29.0257,27.5002,27.7199,651515
2001-05-17,29.1207,29.4531,28.7289,28.907,445757
2001-05-18,29.5659,29.6786,29.0198,29.1207,825909
2001-05-21,29.6964,29.738,29.1444,29.5006,738939
2001-05-22,29.6905,29.6905,29.3522,29.5599,329696
2001-05-23,29.1147,29.5896,29.0851,29.5599,709242
2001-05-24,29.0435,29.1504,28.8179,29.1147,280303
2001-05-25,28.9248,28.9663,28.6043,28.7883,258939
2001-05-29,28.6874,29.0198,28.6399,28.8773,236212
2001-05-30,27.8979,28.7586,27.8029,28.6874,584848
2001-05-31,28.6755,28.7111,28.0344,28.0463,498333
2001-06-01,28.4796,28.7586,28.076,28.7586,625757
2001-06-04,28.444,28.9188,27.9276,28.4796,448939
2001-06-05,28.9129,29.0079,27.9692,28.4915,400000
2001-06-06,28.254,29.2038,28.1116,28.9129,404696
2001-06-07,28.4499,28.7289,28.1472,28.3134,352575
2001-06-08,28.0641,28.3965,27.9751,28.3728,242272
2001-06-11,27.6902,28.1294,27.5537,28.0463,258787
2001-06-12,27.7139,27.8504,27.2746,27.6961,190000
2001-06-13,27.5537,27.9276,27.334,27.7139,630151
2001-06-14,26.7108,27.5537,26.6277,27.5537,684848
2001-06-15,26.5268,26.8295,26.414,26.414,783333
2001-06-18,26.5387,26.8888,26.3487,26.5327,415454
2001-06-19,26.3784,26.7108,26.2715,26.5387,466666
2001-06-20,26.0816,26.4733,26.0697,26.2656,836363
2001-06-21,26.2003,26.2953,25.9688,26.1706,688636
2001-06-22,25.8204,26.4436,25.5592,26.2062,417121
2001-06-25,25.7373,26.2241,25.6542,26.1172,380000
2001-06-26,25.7076,25.8501,25.2031,25.4049,601515
2001-06-27,25.4464,25.8145,25.2565,25.7076,442424
2001-06-28,25.5177,25.8204,25.393,25.4049,460151
2001-06-29,25.1912,25.3456,24.8766,25.2862,707121
2001-07-02,25.3633,25.3871,24.1346,24.3365,1357121
2001-07-03,26.1172,26.2418,25.3633,25.3633,505303
2001-07-05,26.4912,26.6692,25.8263,26.1172,955303
2001-07-06,25.8679,26.4733,25.6601,26.4733,843484
2001-07-09,26.0934,26.2359,25.8145,25.8204,556212
2001-07-10,25.9807,26.3487,25.7373,26.23,679696
2001-07-11,25.9688,25.9985,25.577,25.9807,626060
2001-07-12,26.9066,26.9601,25.8263,25.9688,929848
2001-07-13,27.0372,27.156,26.7167,27.156,949393
2001-07-16,25.9391,27.0372,25.9213,27.0372,978030
2001-07-17,26.7405,26.7761,26.1172,26.1172,751060
2001-07-18,26.592,26.7642,26.414,26.7108,574545
2001-07-19,26.6336,26.8888,26.5624,26.6989,569545
2001-07-20,26.6395,27.0966,26.5624,27.0669,572272
2001-07-23,26.2359,26.7879,26.0875,26.7464,546212
2001-07-24,25.672,26.4436,25.6423,26.4436,766060
2001-07-25,25.9095,26.1766,25.672,25.7254,460909
2001-07-26,25.8501,26.1113,25.7314,25.9688,713484
2001-07-27,25.7729,25.9688,25.672,25.9095,608939
2001-07-30,26.408,26.7108,25.8323,26.7108,1181363
2001-07-31,26.5327,26.8295,26.2656,26.3843,622575
2001-08-01,26.4436,26.6811,26.3487,26.6514,610000
2001-08-02,26.4793,26.7108,26.4733,26.5327,361818
2001-08-03,26.8235,26.877,26.3605,26.6277,455303
2001-08-06,26.4733,26.8235,26.4318,26.8235,567424
2001-08-07,26.6336,26.7939,26.4733,26.592,308636
2001-08-08,26.3665,26.6811,26.3546,26.6336,369242
2001-08-09,26.4436,26.5624,26.3665,26.3665,408787
2001-08-10,26.9185,27.1263,26.1528,26.4733,368787
2001-08-13,27.0194,27.1441,26.8473,27.1263,741515
2001-08-14,27.2034,27.245,27.0372,27.0966,360757
2001-08-15,27.334,27.4824,27.2034,27.2034,621818
2001-08-16,27.2272,27.3459,26.8473,27.2746,586969
2001-08-17,27.2153,27.5121,26.871,27.1856,507727
2001-08-20,27.1916,27.3043,26.8888,27.2746,288484
2001-08-21,27.0049,27.4956,26.9869,27.4058,251818
2001-08-22,26.598,27.0228,25.838,27.0228,957575
2001-08-23,26.5082,26.7236,26.3885,26.598,491969
2001-08-24,26.7954,26.975,26.4484,26.5082,946969
2001-08-27,26.6937,26.8673,26.6817,26.8373,301969
2001-08-28,26.6877,26.7476,26.4484,26.7476,366515
2001-08-29,26.3646,26.7775,26.2389,26.7775,521363
2001-08-30,25.9098,26.5381,25.7124,26.2988,403636
2001-08-31,26.3287,26.3347,25.7064,25.844,336212
2001-09-04,26.6518,26.9032,26.3287,26.3287,916212
2001-09-05,26.7536,26.8373,26.4603,26.6279,577272
2001-09-06,25.9996,26.7476,25.9637,26.7476,525151
2001-09-07,24.7729,25.7004,24.7729,25.5508,794090
2001-09-10,24.6891,24.9644,24.5336,24.7729,843939
2001-09-17,21.9306,23.0376,21.6614,23.0376,1053030
2001-09-18,22.14,22.9299,22.14,22.5888,1374696
2001-09-19,21.2724,22.3674,20.6082,22.1999,1171969
2001-09-20,19.8602,21.2903,19.7525,21.2724,737121
2001-09-21,18.9387,19.0464,18.1907,18.2506,1838333
2001-09-24,20.3449,20.5783,19.8961,20.0457,1504696
2001-09-25,21.021,21.063,20.2132,20.6441,1341969
2001-09-26,19.9679,21.3322,19.7465,21.3322,1868787
2001-09-27,19.9859,20.0517,19.585,19.9679,1444696
2001-09-28,20.5244,20.8775,19.8961,20.0457,1580757
2001-10-01,20.3748,20.656,20.1055,20.6141,665303
2001-10-02,21.5476,21.6314,20.5483,20.5842,1173333
2001-10-03,22.3974,22.5529,21.4938,21.5476,686666
2001-10-04,22.2358,22.7564,22.2298,22.4991,671363
2001-10-05,22.529,22.6606,22.0203,22.1759,663181
2001-10-08,22.1101,22.2358,21.9845,22.2298,363484
2001-10-09,21.6972,22.2597,21.6434,22.2597,438181
2001-10-10,22.3734,22.4392,21.6673,21.7212,722424
2001-10-11,22.9658,23.283,22.4392,22.4392,636060
2001-10-12,22.523,23.0496,22.3495,22.9837,701363
2001-10-15,23.0615,23.1034,22.3794,22.3794,410000
2001-10-16,23.3188,23.7856,22.6786,23.0615,1188484
2001-10-17,22.9957,23.7257,22.9778,23.6958,1047575
2001-10-18,22.6546,23.1274,22.529,23.0077,492878
2001-10-19,22.0682,22.5888,22.0682,22.5589,464393
2001-10-22,22.5589,22.6187,22.0802,22.0802,549848
2001-10-23,22.6786,22.888,22.4273,22.5888,385909
2001-10-24,22.7324,22.8581,22.4991,22.7983,797727
2001-10-25,22.5469,22.7983,21.5417,22.6187,1296363
2001-10-26,23.3248,23.4625,22.5888,22.7384,494242
2001-10-29,22.4273,23.5163,22.4213,23.5163,499848
2001-10-30,21.6374,22.3076,21.5895,22.2896,436363
2001-10-31,21.4818,22.14,21.4818,22.14,516818
2001-11-01,22.2418,22.3016,21.3023,21.6912,574848
2001-11-02,22.882,23.0077,22.0024,22.1101,411515
2001-11-05,23.3787,23.4505,22.882,22.882,693181
2001-11-06,23.3787,23.3966,22.9419,23.3368,588181
2001-11-07,23.2889,23.6061,23.0077,23.4924,522878
2001-11-08,23.4445,23.7557,23.247,23.3368,538333
2001-11-09,23.4086,23.6958,23.2171,23.5462,310151
2001-11-12,22.6546,23.4266,22.4392,23.4266,1109848
2001-11-13,23.4864,23.5462,22.888,22.9778,527272
2001-11-14,23.7318,24.0848,23.4924,23.5762,769696
2001-11-15,23.8095,23.8754,23.4864,23.612,446969
2001-11-16,23.6898,23.9053,23.5522,23.9053,536515
2001-11-19,24.5035,24.7572,23.8029,23.827,1298181
2001-11-20,24.0928,24.5639,24.0445,24.5639,721515
2001-11-21,23.7183,24.1894,23.525,24.1894,602121
2001-11-23,23.9176,24.1532,23.7364,23.7364,180151
2001-11-26,24.4129,24.4612,23.6157,23.9176,583939
2001-11-27,24.2257,24.5518,23.8572,24.5518,485909
2001-11-28,24.3766,24.5216,24.1713,24.1713,901969
2001-11-29,24.6304,24.6545,24.0565,24.2257,912727
2001-11-30,24.7934,25.0954,24.6182,24.7028,987727
2001-12-03,24.5337,24.8719,24.431,24.8538,646060
2001-12-04,25.2464,25.2464,24.5035,24.7632,608030
2001-12-05,26.1705,26.394,25.5303,25.6088,870303
2001-12-06,26.545,27.0402,26.1826,26.6657,1000151
2001-12-07,26.3517,26.5329,26.249,26.5148,1394393
2001-12-10,26.2248,26.5751,26.092,26.5751,985757
2001-12-11,26.5691,26.8469,26.2369,26.2732,950303
2001-12-12,26.5993,26.6235,26.4906,26.5993,1064242
2001-12-13,26.5269,26.7443,26.5087,26.5751,888484
2001-12-14,26.5208,26.6476,26.243,26.5148,673181
2001-12-17,27.3603,27.4811,26.8772,26.9979,955000
2001-12-18,27.7892,28.1153,27.3301,27.3301,1254090
2001-12-19,28.0972,28.1576,27.2214,27.8012,1308484
2001-12-20,28.2965,28.2965,27.6925,27.9643,1310909
2001-12-21,27.7771,28.3569,27.6925,28.3569,841060
2001-12-24,28.0247,28.2059,27.7469,27.7469,210151
2001-12-26,28.0247,28.369,27.9704,28.0247,325757
2001-12-27,28.3871,28.5744,28.1757,28.1757,333939
2001-12-28,28.0005,28.3871,27.9462,28.3871,756969
2001-12-31,27.7288,28.2965,27.7106,28.1455,681515
2002-01-02,27.9583,27.9643,27.4811,27.7348,1081212
2002-01-03,28.4173,28.5019,27.91,27.9341,645606
2002-01-04,28.7495,28.9307,28.1757,28.1757,962272
2002-01-07,28.7736,29.2629,28.5683,28.5683,1224848
2002-01-08,28.1757,28.8401,27.9341,28.7736,752878
2002-01-09,28.3509,28.7556,28.0851,28.0851,718787
2002-01-10,28.2361,28.4354,28.0308,28.2301,725606
2002-01-11,27.7892,28.1455,27.7227,28.1455,612878
2002-01-14,27.2697,27.7892,27.2697,27.7831,699393
2002-01-15,27.4872,27.5415,27.3362,27.5415,663333
2002-01-16,26.3638,27.3905,26.3638,27.2395,1525606
2002-01-17,27.3301,27.3603,26.3638,26.3638,1120151
2002-01-18,27.318,27.4509,27.0886,27.3241,744393
2002-01-22,27.4872,27.5717,27.2094,27.3543,519696
2002-01-23,27.2697,27.5415,26.7322,27.4993,1048636
2002-01-24,28.1878,28.2603,27.2697,27.2697,1036515
2002-01-25,28.7978,29.0455,28.1093,28.2059,1280454
2002-01-28,29.2387,29.275,28.6589,28.6589,797878
2002-01-29,28.4415,29.2931,28.3267,29.1723,1212878
2002-01-30,29.1783,29.2267,28.3871,28.3871,898484
2002-01-31,29.6192,29.6555,29.0877,29.1723,564393
2002-02-01,29.4984,29.7944,29.3233,29.6192,1012878
2002-02-04,29.0817,29.6374,28.8884,29.4139,655000
2002-02-05,28.8522,29.1179,28.6589,28.6589,786515
2002-02-06,29.1179,29.2931,28.7676,28.8401,986060
2002-02-07,28.0247,29.3233,28.0187,29.0817,1944696
2002-02-08,28.2965,28.3871,27.7227,28.0247,1460757
2002-02-11,28.6952,28.828,28.2482,28.2965,929696
2002-02-12,28.973,29.1982,28.7052,28.9121,1041969
2002-02-13,29.4842,29.5269,28.8512,28.973,934242
2002-02-14,29.4904,29.5816,29.2469,29.4842,731515
2002-02-15,29.4112,29.5756,29.3686,29.4295,504090
2002-02-19,29.0886,29.4173,29.0764,29.4112,622575
2002-02-20,29.7155,29.7338,28.8512,29.1251,788484
2002-02-21,29.886,30.1903,29.2164,29.2164,1576666
2002-02-22,30.5068,30.6773,29.9164,29.9164,2211363
2002-02-25,31.1216,31.3042,30.6468,30.6468,2913333
2002-02-26,31.1094,31.1581,30.799,31.012,911363
2002-02-27,30.5068,31.1033,30.3729,31.012,1141666
2002-02-28,30.3242,30.6773,30.2816,30.4338,979545
2002-03-01,30.5555,30.7016,30.0382,30.1842,1318484
2002-03-04,32.7772,33.0815,30.9816,31.0425,2579393
2002-03-05,31.9555,32.7163,31.5294,32.7163,1450757
2002-03-06,33.1242,33.325,32.1077,32.1077,1500303
2002-03-07,32.8685,33.3981,32.5703,33.1242,1034848
2002-03-08,32.9172,33.392,32.6615,33.0511,893181
2002-03-11,33.0268,33.392,32.625,32.8685,648333
2002-03-12,33.252,33.2763,32.4607,32.4851,1163181
2002-03-13,32.8624,33.4041,32.625,33.252,851515
2002-03-14,32.7894,33.0511,32.6859,32.7163,760606
2002-03-15,31.0425,31.4381,30.2816,30.4338,4082121
2002-03-18,30.8599,31.3468,30.5555,30.7747,2643484
2002-03-19,31.152,31.2251,30.8599,30.8599,1942878
2002-03-20,30.7625,31.2555,30.7381,31.2555,912727
2002-03-21,29.6791,30.4216,29.2652,30.4095,1424848
2002-03-22,29.8677,30.1782,29.2043,29.7277,1170909
2002-03-25,29.4904,30.0686,29.4538,30.0686,1080000
2002-03-26,30.099,30.2694,29.4051,29.4599,748333
2002-03-27,30.1173,30.4338,29.8616,30.099,810454
2002-03-28,30.3729,30.799,30.1782,30.2694,1274848
2002-04-01,30.1234,30.1721,29.5512,30.0747,544090
2002-04-02,29.6912,29.8556,29.399,29.8251,804848
2002-04-03,28.4252,28.7599,27.3904,28.6078,4610000
2002-04-04,29.3443,29.3747,28.1451,28.4252,3219848
2002-04-05,30.3547,30.5555,29.8556,29.9773,2654242
2002-04-08,30.1112,30.1903,29.7642,29.8068,1622272
2002-04-09,29.8799,30.1234,29.813,29.813,1824848
2002-04-10,30.0199,30.1903,29.7338,29.886,1578030
2002-04-11,29.7703,30.1721,29.6791,30.099,1475151
2002-04-12,30.1112,30.1295,29.4234,29.886,1514848
2002-04-15,29.9834,30.306,29.4295,30.1112,980757
2002-04-16,30.6834,31.5599,30.5251,31.5294,2033030
2002-04-17,30.6408,31.3711,30.2816,31.3468,1615151
2002-04-18,30.6164,30.8416,30.1234,30.6408,1926515
2002-04-19,31.0181,31.5842,30.9938,31.0668,1897424
2002-04-22,30.5677,31.1642,30.3425,31.0425,945303
2002-04-23,30.3303,30.6894,30.099,30.6894,1313787
2002-04-24,30.2694,30.9146,30.2329,30.2329,745000
2002-04-25,30.3364,30.4642,29.6121,30.0686,901060
2002-04-26,30.2086,30.5616,30.1173,30.3425,527424
2002-04-29,29.7034,30.2269,29.6791,29.9286,1118333
2002-04-30,30.4034,30.7929,29.7095,29.8251,979545
2002-05-01,30.4216,30.6408,29.466,30.4095,949848
2002-05-02,30.6468,30.799,30.2573,30.4277,1358181
2002-05-03,30.6103,30.939,30.5007,30.6955,1305000
2002-05-06,28.906,30.0808,28.906,30.0686,2232121
2002-05-07,29.0156,29.6912,28.9121,29.2164,2329090
2002-05-08,30.1416,30.1599,29.3686,29.399,1049545
2002-05-09,29.4721,30.1355,29.2712,30.1355,752121
2002-05-10,29.0338,29.7034,28.9912,29.6243,737878
2002-05-13,29.186,29.3443,28.8452,28.973,991666
2002-05-14,30.099,30.1903,29.6425,29.6425,966363
2002-05-15,30.4886,30.7381,29.9468,29.9773,1334848
2002-05-16,30.3973,30.799,30.3364,30.7381,1210757
2002-05-17,30.7564,30.872,30.5494,30.7929,1275303
2002-05-20,30.3608,30.9025,30.1295,30.9025,520606
2002-05-21,30.07,30.8058,29.9841,30.628,879242
2002-05-22,29.7389,30.2539,29.7389,30.07,1309696
2002-05-23,30.5973,30.6586,30.119,30.119,1287424
2002-05-24,30.4747,31.0081,30.4747,30.8426,1546212
2002-05-28,30.352,30.7199,30.303,30.7199,666212
2002-05-29,30.0209,30.4747,29.9351,30.2907,679848
2002-05-30,29.8983,30.0332,29.6162,29.6162,1531818
2002-05-31,30.0454,30.3275,29.9351,30.1068,1106212
2002-06-03,29.3219,30.0761,29.2483,29.9228,507272
2002-06-04,29.6224,29.8492,29.2176,29.3648,1581666
2002-06-05,30.0761,30.1313,29.3832,29.6224,1167727
2002-06-06,28.9969,29.5243,28.6535,29.3096,2518030
2002-06-07,28.4573,28.8804,28.3102,28.8804,1764090
2002-06-10,28.9356,29.2606,28.4205,28.5738,674696
2002-06-11,28.58,29.4629,28.5616,29.0889,818333
2002-06-12,28.4819,28.7946,28.2979,28.5432,690757
2002-06-13,27.746,28.4635,27.7215,28.3286,1009696
2002-06-14,27.7522,27.9607,27.1451,27.746,1434696
2002-06-17,28.9294,29.095,28.0772,28.2059,1136666
2002-06-18,28.7149,28.9111,28.2059,28.3286,1712727
2002-06-19,28.9846,29.2913,28.4205,28.4512,983787
2002-06-20,28.9724,29.1196,28.6352,28.6658,2440000
2002-06-21,28.9724,29.0337,28.7884,28.9724,2081666
2002-06-24,28.9969,29.1257,28.5493,28.9417,1626666
2002-06-25,29.279,29.7143,29.0398,29.0889,2062575
2002-06-26,28.9049,29.279,28.3837,29.279,2228333
2002-06-27,29.512,29.512,28.9294,28.9417,952272
2002-06-28,29.3035,30.0332,28.6597,29.1257,1585909
2002-07-01,28.2059,28.9172,28.0588,28.6965,2287121
2002-07-02,28.0833,28.0894,27.5376,27.8503,2068333
2002-07-03,27.6602,28.0158,26.7834,27.697,1790757
2002-07-05,29.003,29.003,28.0833,28.1937,642878
2002-07-08,28.4205,29.003,28.3837,28.8804,1304242
2002-07-09,28.3654,28.9969,28.347,28.4267,2224090
2002-07-10,27.8074,28.6719,27.746,28.6719,2000151
2002-07-11,27.7706,28.022,26.9796,27.5928,2089696
2002-07-12,27.8442,28.4267,27.5805,27.7093,1778787
2002-07-15,27.3781,27.8258,26.3358,27.8258,1603787
2002-07-16,26.1211,26.857,26.0414,26.7956,2108939
2002-07-17,26.1211,27.3904,25.9985,26.7772,1682575
2002-07-18,25.6306,26.3664,25.6122,26.3235,1829242
2002-07-19,24.6924,25.6306,24.576,25.6306,1874090
2002-07-22,24.067,25.1339,23.5458,24.6924,1591212
2002-07-23,23.5703,24.5146,23.4354,23.5458,1677121
2002-07-24,25.1646,25.1707,22.9633,23.3005,1883181
2002-07-25,24.5576,25.6306,24.159,25.0174,2204696
2002-07-26,24.1038,24.5637,23.7298,24.5576,3599848
2002-07-29,25.0174,25.0174,24.2509,24.2509,2746818
2002-07-30,24.6618,25.0787,23.2944,23.6071,3394696
2002-07-31,24.6863,24.7722,23.9812,24.6189,2498030
2002-08-01,24.2264,24.7047,23.6071,24.7047,2220606
2002-08-02,23.3986,24.3736,23.0798,24.2264,2056060
2002-08-05,22.5893,23.4845,22.5831,23.2699,1424848
2002-08-06,23.834,24.2509,22.9939,23.1105,1690909
2002-08-07,24.4288,24.5269,23.4293,24.5269,1162727
2002-08-08,25.2627,25.4834,24.3123,24.4288,1404696
2002-08-09,25.2811,25.5938,24.7354,25.2627,645151
2002-08-12,25.3118,25.4589,24.6434,25.2872,943636
2002-08-13,24.8396,25.3485,24.8335,25.3056,1459545
2002-08-14,24.9132,24.95,23.5642,24.8396,1515303
2002-08-15,24.6373,25.1339,24.2693,24.8825,1365757
2002-08-16,24.4962,24.6434,24.3429,24.6434,1044393
2002-08-19,25.7226,25.7226,24.4655,24.4655,1111969
2002-08-20,25.4349,25.7133,25.1751,25.7133,734242
2002-08-21,25.9174,25.9793,25.2865,25.7628,1222727
2002-08-22,26.5236,26.5978,25.9607,26.1339,682878
2002-08-23,25.8556,26.5545,25.738,26.5298,650909
2002-08-26,26.103,26.2143,25.639,25.9793,1380000
2002-08-27,25.9112,26.7401,25.8308,26.6287,1022424
2002-08-28,25.2927,25.7566,25.1318,25.7566,608939
2002-08-29,24.903,25.2432,24.7112,25.1999,786666
2002-08-30,25.0885,25.5648,25.0267,25.0576,1282424
2002-09-03,24.2782,25.0885,24.1545,25.0885,1531969
2002-09-04,24.736,24.8164,24.2288,24.2906,973939
2002-09-05,23.9504,24.4947,23.8762,24.3092,1638484
2002-09-06,24.5813,24.705,24.3092,24.6184,863636
2002-09-09,24.5813,24.6679,23.8143,24.4947,870151
2002-09-10,24.7174,24.7916,24.371,24.5937,760606
2002-09-11,24.7422,24.9587,24.705,24.8968,560454
2002-09-12,24.2782,24.7422,24.1854,24.736,707272
2002-09-13,23.437,23.5669,23.1957,23.505,1736818
2002-09-16,23.536,23.6411,23.2267,23.4308,1375757
2002-09-17,23.171,23.9071,23.103,23.8452,1342272
2002-09-18,22.7999,22.9855,22.4288,22.8927,1775151
2002-09-19,23.3071,23.7648,22.237,22.237,4892272
2002-09-20,23.5422,23.6597,23.3071,23.505,2283939
2002-09-23,23.6164,23.6597,23.2885,23.3813,2023181
2002-09-24,23.0102,23.6164,22.9483,23.6164,1795757
2002-09-25,23.4803,23.604,22.8865,23.1957,1781666
2002-09-26,24.3401,24.371,23.505,23.7525,1276363
2002-09-27,23.5236,24.2782,23.505,23.9875,1047424
2002-09-30,23.6349,23.8762,22.6885,23.5236,1914545
2002-10-01,24.9463,24.9463,23.6597,24.0123,1778787
2002-10-02,24.5504,25.3607,24.5504,24.9463,3012727
2002-10-03,24.1483,25.0019,23.8143,24.5566,2024848
2002-10-04,23.2391,24.3401,22.7133,24.1545,2466363
2002-10-07,23.0411,23.6597,22.7752,23.3195,1459696
2002-10-08,22.7813,23.3442,22.2679,23.1957,2503181
2002-10-09,21.4329,22.4906,21.4329,22.2679,2106212
2002-10-10,22.0576,22.1751,21.3525,21.4391,2237878
2002-10-11,22.9916,23.2267,22.4535,22.4535,1808787
2002-10-14,22.5339,23.0164,22.3793,22.9483,821818
2002-10-15,25.0576,25.138,23.8762,23.969,3036212
2002-10-16,24.4019,24.9834,24.2535,24.4329,2550454
2002-10-17,26.1091,26.1648,25.6267,25.67,2535151
2002-10-18,25.7256,26.171,25.5772,26.1401,1229393
2002-10-21,27.5318,27.569,25.5896,25.738,1599848
2002-10-22,26.9999,27.1545,26.4988,27.1545,1554545
2002-10-23,27.47,27.47,26.4494,27.0061,1224090
2002-10-24,26.5978,27.5875,26.4741,27.5566,908333
2002-10-25,27.2349,27.3339,26.3504,26.4432,1467121
2002-10-28,26.5483,27.6988,26.3628,27.6803,1147121
2002-10-29,27.0123,27.0308,26.1648,26.5669,1375454
2002-10-30,27.1607,27.3586,26.6597,27.0308,1026969
2002-10-31,26.9875,27.4081,26.7401,27.3092,1000909
2002-11-01,27.569,27.6617,26.6349,26.9504,710606
2002-11-04,27.5813,28.4287,27.4514,27.8349,1433181
2002-11-05,27.5256,27.6803,27.371,27.5813,1141363
2002-11-06,28.1318,28.1813,27.3834,27.6803,1311212
2002-11-07,27.5195,27.8349,27.3896,27.8349,877121
2002-11-08,27.6926,28.2061,27.3896,27.5504,661969
2002-11-11,26.2576,27.3339,26.103,27.2349,1236212
2002-11-12,26.8391,27.1298,26.3813,26.5793,731212
2002-11-13,26.9071,27.1854,26.4061,26.8452,744393
2002-11-14,27.6123,27.6679,27.1916,27.2164,572575
2002-11-15,27.6246,27.9339,27.2226,27.6184,738939
2002-11-18,27.6896,28.1636,27.5462,28.0638,527727
2002-11-19,27.7208,27.9952,27.4464,27.6896,588636
2002-11-20,28.4754,28.544,27.5337,27.8455,928636
2002-11-21,29.23,29.3048,28.4068,28.6875,723181
2002-11-22,29.0554,29.6229,28.993,29.2487,630454
2002-11-25,29.2861,29.3423,28.7249,29.0741,687727
2002-11-26,28.2384,29.2487,28.2259,29.2487,1328636
2002-11-27,29.2675,29.3797,28.3819,28.3943,1047121
2002-11-29,29.1178,29.467,29.1115,29.2799,552727
2002-12-02,29.1676,30.0595,28.9494,29.7414,945606
2002-12-03,28.3133,28.9494,28.3008,28.6875,857575
2002-12-04,28.7935,28.9556,28.1075,28.3195,1159696
2002-12-05,28.6687,29.124,28.6687,28.9993,1045606
2002-12-06,28.6875,28.9057,28.3756,28.5315,655757
2002-12-09,27.9453,28.5877,27.9453,28.544,742272
2002-12-10,28.2758,28.3133,27.8767,28.0326,491666
2002-12-11,28.3569,28.4816,27.8455,28.2758,433030
2002-12-12,28.6126,28.7062,28.0077,28.4816,492575
2002-12-13,27.989,28.5004,27.8705,28.5004,581666
2002-12-16,29.0991,29.1552,28.1636,28.2135,897727
2002-12-17,29.23,29.3735,29.1739,29.23,1406818
2002-12-18,29.0679,29.2799,28.8246,29.2175,1192121
2002-12-19,28.9369,29.6042,28.8558,29.0616,2089696
2002-12-20,29.124,29.2051,28.9556,28.9993,1229545
2002-12-23,29.0242,29.1552,28.8558,29.124,501969
2002-12-24,28.8745,29.1739,28.8745,28.8745,296060
2002-12-26,28.8621,29.4358,28.7997,29.0305,536969
2002-12-27,28.5939,28.9993,28.5939,28.9993,468939
2002-12-30,28.6251,28.7872,28.3382,28.5565,441060
2002-12-31,28.7685,28.9182,28.438,28.6251,511060
2003-01-02,29.7788,29.8537,28.781,29.1552,1603787
2003-01-03,29.7975,29.8661,29.4982,29.7975,968333
2003-01-06,30.4336,30.5147,29.7227,29.7227,1246212
2003-01-07,29.3797,30.1593,29.3173,29.6229,2698030
2003-01-08,28.2758,29.3111,28.1823,29.3111,2446212
2003-01-09,28.3756,28.7498,28.2384,28.5627,2020000
2003-01-10,28.413,28.569,27.8767,28.2821,922878
2003-01-13,28.5939,28.8122,28.3756,28.6875,1252272
2003-01-14,28.0763,28.4816,28.0638,28.3756,1208939
2003-01-15,27.7333,27.9702,27.4589,27.9516,1660454
2003-01-16,27.4277,27.9702,27.3154,27.3154,2592424
2003-01-17,26.8477,27.4339,26.6918,27.4339,1399090
2003-01-21,26.143,26.9413,26.0619,26.8477,1229242
2003-01-22,25.4632,25.8811,25.4133,25.7563,1797727
2003-01-23,25.9746,26.0183,25.3447,25.8187,1870000
2003-01-24,25.326,25.9995,25.2013,25.9995,774545
2003-01-27,24.9768,25.4071,24.8583,25.326,918484
2003-01-28,25.2948,25.351,24.8895,25.1327,1015909
2003-01-29,25.4009,25.5693,24.7149,25.3011,1768030
2003-01-30,24.64,25.4009,24.6338,25.4009,910909
2003-01-31,25.1389,25.3946,24.5278,24.6338,1110606
2003-02-03,25.6191,25.7938,25.0454,25.0454,1205303
2003-02-04,25.7376,25.7376,25.1576,25.2574,1547575
2003-02-05,25.9808,26.3925,25.7376,25.7376,2404242
2003-02-06,26.1118,26.4673,25.9621,26.2552,2137272
2003-02-07,25.7626,26.5047,25.5755,26.3176,1149393
2003-02-10,25.8187,25.8811,25.351,25.6441,903484
2003-02-11,25.5381,26.1555,25.4133,25.8187,976666
2003-02-12,25.2761,25.8436,25.2574,25.5443,623333
2003-02-13,24.9581,25.2574,24.6338,25.22,972424
2003-02-14,25.457,25.5256,24.9768,24.9768,943787
2003-02-18,26.1305,26.2428,25.6004,25.6004,701515
2003-02-19,25.6004,26.1929,25.4133,26.0682,1101666
2003-02-20,25.5069,25.8811,25.4694,25.8499,693787
2003-02-21,25.8624,25.906,25.2013,25.6628,733030
2003-02-24,25.2262,25.6316,25.0703,25.6129,807424
2003-02-25,25.1888,25.1888,24.6712,24.9456,924393
2003-02-26,24.6151,25.0766,24.5028,24.9456,1171212
2003-02-27,25.1951,25.2512,24.7149,24.8832,1130909
2003-02-28,25.1389,25.6503,24.9456,25.2512,1037121
2003-03-03,25.1264,25.5693,25.0204,25.4819,627272
2003-03-04,24.0164,25.0578,24.0102,25.0578,2192272
2003-03-05,23.9603,24.0975,23.6297,23.979,1962575
2003-03-06,23.4613,23.8916,23.3553,23.8916,1533787
2003-03-07,23.9415,23.9478,23.1682,23.2618,1372575
2003-03-10,23.4988,23.7233,23.4551,23.6983,1057424
2003-03-11,22.819,23.6609,22.819,23.505,1020151
2003-03-12,22.7379,22.9499,22.3388,22.8252,1023333
2003-03-13,24.7897,24.7897,23.3054,23.7607,2501969
2003-03-14,24.6088,25.0142,24.4467,24.7897,1134696
2003-03-17,25.6815,25.775,24.4467,24.6088,1032121
2003-03-18,25.6628,25.8811,25.3822,25.6815,807424
2003-03-19,24.9706,25.0454,24.2596,24.322,3425303
2003-03-20,25.3011,25.3447,24.6026,24.9456,1863939
2003-03-21,26.2178,26.2802,25.3447,25.5693,2375454
2003-03-24,25.2761,25.8499,25.1514,25.8499,1833636
2003-03-25,25.7875,25.8249,25.3073,25.4632,1196363
2003-03-26,25.2387,25.5505,24.9581,25.5256,1253484
2003-03-27,24.9581,25.1826,24.6774,24.8209,1347121
2003-03-28,24.3656,24.8022,24.3656,24.8022,1066060
2003-03-31,24.1598,24.4966,23.8293,24.3718,1263333
2003-04-01,24.4779,24.5278,23.9291,24.1598,1176666
2003-04-02,25.6753,25.8,24.7024,24.7024,1543939
2003-04-03,25.1202,25.6815,25.1202,25.6815,1355303
2003-04-04,25.0766,25.563,24.8333,25.5069,1413030
2003-04-07,25.3385,26.1056,25.3011,25.5693,1187575
2003-04-08,24.9331,25.1639,24.7335,25.0454,1727424
2003-04-09,24.6338,25.2574,24.6338,24.9768,881666
2003-04-10,24.3407,24.6961,24.2222,24.6961,1645151
2003-04-11,24.322,24.8458,24.2222,24.4342,812878
2003-04-14,24.6961,24.7647,24.2596,24.3531,974696
2003-04-15,24.9456,25.0516,23.6983,24.6961,3290151
2003-04-16,25.1202,25.3073,24.9394,24.9456,3303181
2003-04-17,25.0017,25.1202,24.6338,25.1202,1698787
2003-04-21,25.1389,25.2948,24.9706,25.1826,1051515
2003-04-22,25.4819,25.5007,24.8832,25.1389,1307878
2003-04-23,25.3198,25.5256,25.1514,25.326,1287424
2003-04-24,25.0703,25.3073,24.9331,25.2574,1019696
2003-04-25,24.7585,25.1327,24.6213,25.0766,979545
2003-04-28,25.351,25.4944,24.771,24.8832,575606
2003-04-29,25.2387,25.6254,25.0641,25.2574,1381515
2003-04-30,25.3697,25.4445,25.008,25.1951,955000
2003-05-01,24.8645,25.3697,24.6961,25.3697,886515
2003-05-02,25.1202,25.3822,24.8209,24.877,1774848
2003-05-05,25.1015,25.4383,24.8458,25.3198,1053181
2003-05-06,25.4133,25.7563,25.1077,25.1826,1294393
2003-05-07,25.5693,25.7189,25.0766,25.1888,1396969
2003-05-08,25.2824,25.5942,25.1888,25.5693,796666
2003-05-09,25.5194,25.6316,25.2574,25.4133,1145303
2003-05-12,26.143,26.1617,25.351,25.5568,941060
2003-05-13,25.7127,26.0993,25.588,26.0993,779545
2003-05-14,25.4133,25.8062,25.2699,25.7875,736363
2003-05-15,25.5693,25.5755,25.2948,25.5069,1499848
2003-05-16,25.4071,25.4445,25.1327,25.3011,1039848
2003-05-19,24.7647,25.3572,24.7149,25.3572,932575
2003-05-20,24.5402,24.9456,24.322,24.9456,697727
2003-05-21,24.6837,24.8022,24.2596,24.534,1438333
2003-05-22,25.4009,25.4009,24.6462,24.6525,1690909
2003-05-23,25.1763,25.4944,25.0516,25.4944,963333
2003-05-27,25.4445,25.4757,24.8832,24.9144,1128181
2003-05-28,25.1015,25.4882,25.0578,25.4321,1033939
2003-05-29,24.5964,25.1452,24.5091,25.0703,1635000
2003-05-30,25.2138,25.2699,24.6712,24.7211,1662727
2003-06-02,25.6815,26.1866,25.5318,25.5693,1633333
2003-06-03,24.9144,25.5817,24.8832,25.5817,3442727
2003-06-04,26.1991,26.2116,25.1639,25.1951,2460606
2003-06-05,27.5524,27.6896,26.0058,26.1305,4904545
2003-06-06,27.409,28.5627,27.2905,27.5587,2891363
2003-06-09,26.6918,27.4464,26.5047,27.4464,2068484
2003-06-10,26.7853,27.0036,26.592,26.6918,1050606
2003-06-11,27.6148,27.6148,26.7542,26.829,1048333
2003-06-12,28.0014,28.2322,27.752,27.752,2174090
2003-06-13,27.0535,28.0077,26.7417,28.0077,1819696
2003-06-16,28.3569,28.5066,27.6584,27.9391,2216969
2003-06-17,28.438,28.5877,28.0326,28.3569,1738030
2003-06-18,28.1886,28.438,27.9391,28.438,1325303
2003-06-19,27.4402,28.4567,27.4402,28.1948,1032878
2003-06-20,27.4152,27.7769,27.3528,27.5337,1560757
2003-06-23,26.8352,27.4214,26.7105,27.4214,1036818
2003-06-24,26.6107,27.0473,26.6107,26.8415,913484
2003-06-25,25.9933,26.6294,25.9933,26.4922,1772575
2003-06-26,26.4236,26.4798,25.8686,26.0744,1823333
2003-06-27,26.012,26.5608,25.8686,26.4299,901363
2003-06-30,26.1866,26.6107,26.0494,26.0682,978939
2003-07-01,26.012,26.1056,25.4196,26.0993,1480454
2003-07-02,26.4299,26.4922,26.0058,26.2303,1016666
2003-07-03,26.0557,26.4056,25.8811,26.2552,448030
2003-07-07,26.1929,26.4798,26.0432,26.2054,1599393
2003-07-08,26.7978,26.8165,26.1305,26.1866,1511515
2003-07-09,26.7355,26.9413,26.592,26.7978,1130909
2003-07-10,26.3675,26.7292,26.2927,26.4423,1669848
2003-07-11,26.6419,26.9599,26.2552,26.4922,1360454
2003-07-14,27.0348,27.515,26.7853,26.8165,1851969
2003-07-15,26.9475,27.1595,26.8913,27.1283,2435757
2003-07-16,27.1533,27.2344,26.9787,27.041,1516515
2003-07-17,27.752,28.2197,27.6771,27.752,2075909
2003-07-18,28.2758,28.3133,27.5836,27.7582,1641666
2003-07-21,28.3008,28.3008,27.9266,28.2758,1156060
2003-07-22,28.0139,28.3382,27.6273,28.2509,1313333
2003-07-23,28.5565,28.6875,27.9702,28.3133,1220606
2003-07-24,28.8309,29.3922,28.5315,28.5502,1963181
2003-07-25,28.9619,29.1801,28.3195,28.9556,770151
2003-07-28,28.4318,28.7243,28.1387,28.2696,1489848
2003-07-29,28.2259,28.4318,27.6273,28.4318,3234696
2003-07-30,27.8019,28.2509,27.8019,28.2509,1738030
2003-07-31,28.7498,29.2986,27.7956,27.9702,2153939
2003-08-01,29.0616,29.2362,28.6812,28.7498,2304848
2003-08-04,28.9182,28.9993,28.2696,28.8184,2148636
2003-08-05,28.2259,28.9057,28.2072,28.9057,1420606
2003-08-06,28.1075,28.4068,27.8144,28.1012,1082272
2003-08-07,28.413,28.438,27.9921,28.0638,1941969
2003-08-08,28.6563,28.8309,28.4505,28.4692,1436060
2003-08-11,28.7186,29.018,28.5253,28.7623,650606
2003-08-12,29.0554,29.0554,28.5565,28.7997,890151
2003-08-13,29.4919,29.6354,29.0367,29.0616,1245303
2003-08-14,29.7476,30.0595,29.2924,29.4919,1021666
2003-08-15,29.9347,30.0782,29.5606,29.7476,358181
2003-08-18,30.7143,30.8016,30.2528,30.2777,1139696
2003-08-19,30.6161,31.2572,30.5218,30.9869,2311666
2003-08-20,30.4778,30.6349,30.4275,30.5784,908787
2003-08-21,30.7355,30.8612,30.3332,30.3332,1250000
2003-08-22,30.5469,31.0686,30.5092,31.0497,997878
2003-08-25,30.1698,30.7921,30.1069,30.5092,847727
2003-08-26,30.0252,30.2264,29.667,30.1698,1103787
2003-08-27,30.0127,30.1132,29.7801,29.8241,883333
2003-08-28,30.4401,30.5212,29.843,30.1698,917272
2003-08-29,31.1252,31.4143,30.5343,30.5343,2079242
2003-09-02,31.8606,31.9611,31.3137,31.364,2744696
2003-09-03,31.0497,31.8668,30.9618,31.8354,2666060
2003-09-04,31.0497,31.1252,30.2961,31.0497,1941515
2003-09-05,30.4652,30.9115,30.3332,30.8989,1014090
2003-09-08,30.8298,31.012,30.4464,30.5909,744545
2003-09-09,30.0441,30.7795,30.0315,30.7355,1150303
2003-09-10,29.139,29.9812,29.1139,29.9247,2034090
2003-09-11,29.5035,29.6544,29.1139,29.359,1209848
2003-09-12,29.5098,29.6104,29.0321,29.4407,898939
2003-09-15,29.3527,29.5853,29.3464,29.5098,882121
2003-09-16,30.3269,30.3584,29.3904,29.3904,1473787
2003-09-17,29.8115,30.2515,29.6858,30.1384,972424
2003-09-18,29.9938,30.2075,29.8681,29.9812,836212
2003-09-19,29.5601,29.9938,29.4595,29.9938,880757
2003-09-22,29.051,29.3527,28.8624,29.3527,920757
2003-09-23,29.1893,29.2961,28.875,29.0384,663333
2003-09-24,28.6047,29.2396,28.567,29.2396,1009545
2003-09-25,28.3093,28.7619,28.2967,28.5796,698939
2003-09-26,27.9071,28.215,27.5928,28.1647,1199545
2003-09-29,28.0705,28.3156,27.7499,28.0767,1171666
2003-09-30,28.0956,28.3156,27.6619,28.0705,1593484
2003-10-01,28.7744,28.8184,28.0139,28.0327,1353787
2003-10-02,29.711,29.9184,28.8247,28.8247,2652121
2003-10-03,30.0441,30.4589,29.8555,29.8555,1800757
2003-10-06,30.4904,30.7355,30.1069,30.1698,1450151
2003-10-07,30.6035,30.7983,30.1698,30.3395,664696
2003-10-08,30.4841,30.7041,30.3521,30.7041,1039242
2003-10-09,30.5469,30.9555,30.4841,30.9555,1005757
2003-10-10,30.3144,30.5784,30.2389,30.4841,536515
2003-10-13,30.4652,30.6726,30.3395,30.3395,614090
2003-10-14,30.924,30.9555,30.6223,30.9555,1350909
2003-10-15,32.1937,32.7908,31.7726,31.8354,4489696
2003-10-16,31.7034,32.1811,30.7983,32.1811,1964393
2003-10-17,31.628,32.2754,31.5652,32.0554,1218030
2003-10-20,31.6783,32.1497,31.5023,31.7411,914242
2003-10-21,31.32,31.7097,31.32,31.6783,887121
2003-10-22,30.6098,31.32,30.5909,31.0497,1795909
2003-10-23,30.7481,30.8549,30.4526,30.5155,1133636
2003-10-24,30.7041,30.8235,30.3709,30.7041,861666
2003-10-27,31.1629,31.2949,30.9555,31.1126,967575
2003-10-28,31.3326,31.4394,31.0938,31.2572,937121
2003-10-29,31.5903,31.5903,31.2132,31.3766,913787
2003-10-30,32.2188,32.2754,31.804,31.9297,1208939
2003-10-31,32.0365,32.4577,32.0051,32.3697,1017424
2003-11-03,32.5331,32.6651,32.0051,32.0365,1327178
2003-11-04,32.8285,32.9165,32.464,32.5331,1156743
2003-11-05,33.0988,33.2433,32.8096,33.1553,1329242
2003-11-06,34.4816,34.601,33.5639,33.6268,4427575
2003-11-07,34.0542,34.4753,34.0416,34.4753,2328939
2003-11-10,33.7965,33.9284,33.5576,33.8782,2222121
2003-11-11,33.8719,34.0856,33.6393,33.7839,2288636
2003-11-12,34.2239,34.2553,33.8467,33.8907,1098030
2003-11-13,34.2679,34.3181,33.941,34.161,910606
2003-11-14,34.0039,34.3181,33.7776,34.2679,1133636
2003-11-17,33.6393,34.0353,33.1491,34.0353,841212
2003-11-18,32.8096,33.633,32.8096,33.3439,1391212
2003-11-19,32.9354,33.0485,32.5205,32.7657,1215757
2003-11-20,33.1239,33.2182,32.5771,32.8096,950606
2003-11-21,33.2496,33.4382,33.1114,33.4382,983636
2003-11-24,33.853,33.8782,33.2496,33.2748,944848
2003-11-25,34.4124,34.5507,33.7022,33.721,1145454
2003-11-26,34.4564,34.5381,34.0227,34.5381,684545
2003-11-28,34.5633,34.5696,34.3433,34.381,172121
2003-12-01,35.3175,35.5501,34.4816,34.5696,1351818
2003-12-02,34.7078,35.2672,34.7078,35.2609,1521363
2003-12-03,34.5633,34.9404,34.5444,34.7707,1026515
2003-12-04,35.8769,36.0089,35.041,35.1981,3400000
2003-12-05,36.1032,36.6437,35.9523,35.9838,2248030
2003-12-08,36.0969,36.2226,35.7449,36.0718,1086363
2003-12-09,36.298,36.6437,36.2289,36.254,1454242
2003-12-10,35.5438,36.4363,35.3804,36.4049,1397575
2003-12-11,36.4175,36.5243,35.6381,35.6381,834090
2003-12-12,36.3861,36.5809,36.1346,36.4112,712727
2003-12-15,36.3986,37.1214,36.3986,37.0209,963939
2003-12-16,36.4489,36.5683,36.1221,36.2603,781363
2003-12-17,36.2918,36.4363,35.9523,36.4363,1000303
2003-12-18,36.8889,36.9077,36.1032,36.2477,1113181
2003-12-19,36.9706,37.3288,36.6752,37.0209,1025606
2003-12-22,37.2408,37.3728,36.914,37.2346,745151
2003-12-23,37.0209,37.1466,36.7569,37.134,951363
2003-12-24,36.8197,36.9266,36.7443,36.9266,172272
2003-12-26,36.8763,36.9266,36.7695,36.8197,160151
2003-12-29,37.2723,37.3037,36.6437,36.87,751363
2003-12-30,37.3288,37.4106,37.1214,37.3037,590151
2003-12-31,37.3226,37.5865,37.2094,37.3728,501363
2004-01-02,37.442,37.7562,37.3288,37.398,810454
2004-01-05,38.1648,38.234,37.5237,37.5865,1140757
2004-01-06,37.7814,38.2088,37.6745,38.1648,1259696
2004-01-07,38.1711,38.3094,37.5363,37.5551,1346060
2004-01-08,38.2905,38.3408,37.9322,38.1711,1076969
2004-01-09,37.4546,38.2905,37.3414,38.1396,823333
2004-01-12,37.1403,37.8191,37.0586,37.5991,1420303
2004-01-13,36.8197,37.5551,36.6375,37.1591,1159242
2004-01-14,37.6368,37.7122,36.9706,36.9706,846969
2004-01-15,37.7248,38.1334,37.6431,37.7437,1033181
2004-01-16,38.146,38.2214,37.5865,37.7311,1003939
2004-01-20,36.3106,38.3345,36.2226,38.146,2724242
2004-01-21,36.8323,37.0837,35.7009,36.3169,2021515
2004-01-22,36.6312,37.0271,36.6123,36.7695,875303
2004-01-23,36.2415,36.8763,36.0969,36.738,814090
2004-01-26,36.9329,36.958,35.9523,36.2415,992727
2004-01-27,35.6381,36.6752,35.6318,36.6186,1703484
2004-01-28,35.1667,36.2477,35.0975,35.9775,1422878
2004-01-29,34.5256,35.3238,33.8153,35.2672,1842575
2004-01-30,34.5633,34.7078,34.2301,34.5318,1492121
2004-02-02,34.3496,34.8524,34.1924,34.4438,1104696
2004-02-03,33.9033,34.2867,33.765,34.2867,1704545
2004-02-04,33.9724,34.1296,33.6268,33.6582,1391666
2004-02-05,34.601,34.7958,34.2553,34.3181,1734848
2004-02-06,35.5815,35.9209,34.645,34.6953,1532272
2004-02-09,35.4747,36.0718,35.4118,35.9523,954696
2004-02-10,35.3301,35.6569,35.085,35.5124,1054696
2004-02-11,36.078,36.1221,35.3741,35.4809,1688939
2004-02-12,36.2855,36.3923,35.9523,36.1598,966969
2004-02-13,36.2666,36.6375,36.078,36.5809,909090
2004-02-17,37.0279,37.1354,36.8064,36.9519,675000
2004-02-18,36.6482,37.0152,36.5976,36.9646,961363
2004-02-19,36.6988,37.1291,36.5976,36.9519,830454
2004-02-20,35.9142,36.7115,35.8889,36.6988,1600303
2004-02-23,35.465,36.0471,35.3574,36.0345,576969
2004-02-24,35.3827,35.7497,35.1233,35.3068,650909
2004-02-25,36.1673,36.3508,35.5915,35.7181,1302424
2004-02-26,36.123,36.2939,35.7497,35.8193,661818
2004-02-27,35.5409,36.2306,35.5409,36.2306,2433333
2004-03-01,35.9522,36.0788,35.6485,35.9206,1855000
2004-03-02,36.1104,36.1547,35.7624,35.9522,1085757
2004-03-03,36.2433,36.3951,35.8763,36.1104,1517424
2004-03-04,36.7241,37.0405,36.509,36.5723,1344242
2004-03-05,37.0468,37.1671,36.3508,36.3508,1571818
2004-03-08,36.8443,37.5151,36.8127,37.3822,1296060
2004-03-09,36.1926,37.1797,36.18,36.857,935909
2004-03-10,35.0917,36.4774,35.0537,36.4774,1556969
2004-03-11,34.5412,35.3068,34.4906,34.8196,1689696
2004-03-12,35.4903,35.7814,34.4526,34.4842,997424
2004-03-15,35.2752,35.7687,34.9841,35.3701,1073484
2004-03-16,35.5789,35.813,35.1739,35.7307,999696
2004-03-17,36.161,36.3951,35.465,35.5599,1175454
2004-03-18,36.0598,36.1547,35.6928,36.0661,964090
2004-03-19,35.9079,36.123,35.7497,35.8763,1385606
2004-03-22,35.0157,35.5789,34.6234,35.3638,1380454
2004-03-23,34.9272,35.4333,34.7183,35.4333,748181
2004-03-24,34.8006,35.0664,34.6614,34.8006,1025303
2004-03-25,35.4207,35.5409,34.7183,35.0537,727424
2004-03-26,35.0221,35.4207,34.9145,35.4207,1701060
2004-03-29,35.5283,35.7054,35.1802,35.1802,1524545
2004-03-30,35.7814,35.832,35.3131,35.5283,842878
2004-03-31,35.7497,35.9016,35.3764,35.7814,768484
2004-04-01,36.1926,36.4963,35.7624,35.8763,1010454
2004-04-02,36.8633,37.1101,36.3571,36.4457,1061969
2004-04-05,37.3695,37.4075,36.6039,36.8254,810606
2004-04-06,37.6163,37.939,37.1671,37.2683,1674393
2004-04-07,36.7621,37.5214,36.7368,37.5214,1640909
2004-04-08,36.471,37.0785,36.3508,36.9203,1238939
2004-04-12,36.471,36.7747,36.3951,36.5343,1284393
2004-04-13,35.8573,36.5913,35.756,36.509,1290454
2004-04-14,37.2366,37.5657,36.4141,36.6039,3228030
2004-04-15,37.0215,37.901,36.9013,37.5846,2168787
2004-04-16,37.1544,37.4708,37.1101,37.2683,1258333
2004-04-19,36.6545,37.0152,36.4457,37.0152,2825454
2004-04-20,36.6102,37.4012,36.6039,36.857,1883030
2004-04-21,36.5596,36.7052,36.2116,36.566,1616515
2004-04-22,37.553,37.8061,36.4141,36.5723,1671212
2004-04-23,36.5913,37.2366,36.2622,36.5723,2108484
2004-04-26,36.2749,36.8633,36.2433,36.5976,1403484
2004-04-27,36.5153,36.9646,36.4774,36.5406,1054242
2004-04-28,35.5472,36.509,35.5472,36.509,1751666
2004-04-29,34.9398,35.6928,34.769,35.6611,1644545
2004-04-30,34.9841,35.6295,34.9841,35.3321,1286060
2004-05-03,35.2056,35.3068,34.9651,34.9841,1110909
2004-05-04,34.731,35.4523,34.6551,35.2752,1479545
2004-05-05,34.9778,35.2119,34.731,34.8639,1674696
2004-05-06,35.0537,35.1992,34.5349,34.7057,1911666
2004-05-07,34.2818,35.1613,34.2818,34.8006,1607878
2004-05-10,33.2694,34.1805,32.7315,34.1046,2814848
2004-05-11,33.8199,33.8452,33.5604,33.5604,1158181
2004-05-12,34.4336,34.4906,33.4086,33.9464,2748636
2004-05-13,34.7753,35.098,34.0603,34.3514,2505303
2004-05-14,34.5728,34.9904,34.2881,34.8955,974696
2004-05-17,33.5541,34.1362,33.4719,34.1046,1073484
2004-05-18,33.8743,34.0719,33.46,33.5046,1766212
2004-05-19,34.1356,35.3912,34.1356,34.7347,1953181
2004-05-20,33.8552,34.0336,33.5238,33.989,955757
2004-05-21,34.4989,34.5881,34.0719,34.2886,1362727
2004-05-24,34.62,35.2892,34.2695,34.7538,969545
2004-05-25,35.372,35.3975,34.1993,34.3842,729545
2004-05-26,35.1043,35.321,34.9641,35.2127,799696
2004-05-27,35.576,35.6843,35.2701,35.3147,1250151
2004-05-28,35.4103,35.576,35.1235,35.5314,671060
2004-06-01,35.8373,35.8501,35.2828,35.4103,1118636
2004-06-02,36.5129,36.6849,36.0158,36.0731,1510757
2004-06-03,35.9903,36.4874,35.9074,36.4874,964545
2004-06-04,36.3854,36.634,36.2643,36.583,870606
2004-06-07,37.0163,37.0419,36.4874,36.4874,735606
2004-06-08,37.4561,37.4561,36.8634,37.0992,838030
2004-06-09,36.8634,37.641,36.8507,37.5963,854545
2004-06-10,36.7551,36.9016,36.5575,36.9016,767424
2004-06-14,36.4874,36.6977,36.3344,36.583,848939
2004-06-15,36.4746,37.1884,36.3153,37.1884,1266515
2004-06-16,36.1751,36.481,35.627,36.481,2088787
2004-06-17,36.2962,36.3663,35.8437,36.1687,1288181
2004-06-18,36.7104,36.8953,36.207,36.3026,829545
2004-06-21,36.4173,36.7614,36.3727,36.7168,556212
2004-06-22,36.3981,36.5256,36.0731,36.4555,1676212
2004-06-23,36.7869,36.8379,36.2834,36.4109,1063181
2004-06-24,36.7933,37.0419,36.6977,36.806,886666
2004-06-25,37.3478,37.3478,36.7104,36.7423,1181060
2004-06-28,36.9845,37.9023,36.9208,37.8577,1255757
2004-06-29,37.284,37.4051,36.9208,37.0737,981363
2004-06-30,37.8959,37.9405,37.1056,37.3796,938787
2004-07-01,37.0419,37.8704,36.7742,37.7684,1060000
2004-07-02,36.0604,37.0419,35.8819,37.0419,1723484
2004-07-06,36.3472,36.4555,35.9265,36.0667,1243787
2004-07-07,36.4364,36.6276,36.003,36.3472,1616515
2004-07-08,35.9711,36.5575,35.9456,36.5129,1039393
2004-07-09,36.4109,36.5129,36.2579,36.328,1292121
2004-07-12,36.2643,36.4173,35.9265,36.4173,741212
2004-07-13,36.5192,36.6403,36.3918,36.4236,1070909
2004-07-14,36.5129,36.9463,36.2197,36.5192,993636
2004-07-15,36.4683,36.8443,36.2962,36.7423,923787
2004-07-16,36.5256,36.8698,36.4619,36.8698,854545
2004-07-19,36.6977,36.806,36.2898,36.5256,1010303
2004-07-20,36.6658,36.9208,36.4874,36.6977,878333
2004-07-21,36.2324,37.2203,36.2261,36.9654,1357121
2004-07-22,35.8054,36.1113,35.3912,36.105,1368484
2004-07-23,35.627,35.6461,35.1872,35.4676,1412272
2004-07-26,35.7672,35.9202,35.6142,35.6206,1253484
2004-07-27,36.2707,36.3981,35.7417,35.8437,1089545
2004-07-28,36.7359,37.0163,36.2006,36.2771,1653939
2004-07-29,36.7805,37.2203,36.4938,37.0291,1356212
2004-07-30,36.5702,36.7423,36.2261,36.6212,1521515
2004-08-02,37.0163,37.0801,36.2962,36.4555,1126363
2004-08-03,36.6148,37.0163,36.6085,37.0163,623333
2004-08-04,36.9144,37.061,36.4746,36.6148,831060
2004-08-05,35.5314,36.8761,35.4995,36.8698,2050000
2004-08-06,34.142,35.2382,34.091,35.2382,2380303
2004-08-09,34.1484,34.6264,33.8679,34.6264,1695757
2004-08-10,34.8685,34.9578,34.1993,34.1993,1099090
2004-08-11,34.6646,34.8622,34.1611,34.8622,778333
2004-08-12,34.3523,34.7347,34.3013,34.6582,1326969
2004-08-13,34.1738,34.4798,33.9699,34.3587,1219242
2004-08-16,35.1171,35.2573,34.1675,34.1738,1249393
2004-08-17,35.1617,35.7799,35.1043,35.3147,1130606
2004-08-18,35.4131,35.4324,34.5082,35.0409,561666
2004-08-19,34.4184,35.4901,34.3478,35.4131,1848636
2004-08-20,35.0409,35.0537,34.2579,34.2579,1112272
2004-08-23,34.9061,35.2334,34.8419,35.0409,454545
2004-08-24,35.0601,35.2976,34.9318,35.0345,600606
2004-08-25,35.0409,35.1564,34.566,35.0601,1014848
2004-08-26,35.2077,35.2719,34.8484,34.8484,681212
2004-08-27,35.3361,35.4195,35.0666,35.1885,527272
2004-08-30,34.6943,35.3554,34.6622,35.2334,534545
2004-08-31,34.8933,34.9125,34.4825,34.9125,584090
2004-09-01,34.9446,35.1371,34.6558,34.797,596363
2004-09-02,35.6442,35.6827,34.9446,35.0088,542121
2004-09-03,35.5543,35.8367,35.3104,35.6442,639545
2004-09-07,37.0176,37.2229,36.1897,36.1897,2206666
2004-09-08,36.8443,37.0946,36.6389,37.0946,1022575
2004-09-09,36.9726,37.3192,36.7544,37.2229,1416060
2004-09-10,36.9598,36.9662,36.6004,36.8764,427878
2004-09-13,37.4539,37.4925,37.0047,37.0047,909696
2004-09-14,37.2358,37.608,37.1459,37.4539,553787
2004-09-15,37.2871,37.4668,36.7031,37.1267,975606
2004-09-16,37.7941,37.8775,37.2871,37.2871,895454
2004-09-17,37.4925,37.993,37.3834,37.8647,972575
2004-09-20,37.3064,37.6657,37.1587,37.2229,433939
2004-09-21,37.409,37.4539,37.1138,37.3064,713939
2004-09-22,36.902,37.101,36.7352,37.0946,754696
2004-09-23,36.6261,36.9534,36.594,36.8699,575000
2004-09-24,37.0047,37.1587,36.5362,36.5812,492727
2004-09-27,36.517,36.8892,36.3373,36.8892,1235303
2004-09-28,36.5683,36.7608,36.1447,36.4849,2903181
2004-09-29,37.5438,37.5695,36.3244,36.4849,1511818
2004-09-30,37.7748,37.8583,37.2743,37.5246,1019242
2004-10-01,38.2434,38.2434,37.6401,37.8647,878030
2004-10-04,39.2253,39.283,38.4744,38.5065,1595909
2004-10-05,39.1418,39.437,39.0199,39.2253,1524090
2004-10-06,40.2906,40.2906,38.5835,38.9557,2128181
2004-10-07,39.79,41.0094,39.6296,40.3676,3752121
2004-10-08,39.7258,40.2714,39.5654,39.7258,1709848
2004-10-11,39.8221,40.0467,39.4306,39.8863,1509242
2004-10-12,39.989,40.1558,39.4435,39.7579,1667575
2004-10-13,39.7387,40.6243,39.36,40.2649,2015151
2004-10-14,39.5462,39.7194,38.8338,39.4691,2683181
2004-10-15,40.0018,40.0724,39.636,39.79,1344848
2004-10-18,40.6949,40.727,39.5975,40.0082,2614848
2004-10-19,43.9808,45.2451,43.5765,43.9616,7012121
2004-10-20,44.1027,44.5071,43.7048,44.475,2184848
2004-10-21,44.0707,44.2696,43.2235,43.6407,2035606
2004-10-22,43.5123,44.4108,43.4866,44.1926,1205757
2004-10-25,43.8974,44.0001,43.031,43.4032,880757
2004-10-26,44.122,44.1605,43.4866,43.9744,1389545
2004-10-27,44.7702,44.8215,43.8525,44.1862,1838030
2004-10-28,44.4044,44.7766,43.8974,44.7702,2037878
2004-10-29,45.3285,45.4377,44.3851,44.4108,1760606
2004-11-01,46.5672,46.6506,45.4954,45.6944,3088484
2004-11-02,46.3875,47.1704,46.0666,46.7276,2196515
2004-11-03,46.6827,47.0036,45.9639,46.8495,1678939
2004-11-04,47.87,47.9342,46.0153,46.3361,2431818
2004-11-05,47.9855,48.4219,47.6903,47.9213,1416363
2004-11-08,48.0561,48.2615,47.748,47.8379,684090
2004-11-09,47.8058,48.2807,47.4785,48.0561,1515303
2004-11-10,47.44,47.8122,46.9394,47.8122,1188636
2004-11-11,47.6518,47.9406,47.3822,47.7416,1134393
2004-11-12,47.2859,47.8251,46.7148,47.7801,1716818
2004-11-15,47.5427,47.6197,47.0293,47.2859,1097575
2004-11-16,47.0919,47.8338,46.9758,47.6725,1011515
2004-11-17,47.9628,48.3627,47.4015,47.4209,1100303
2004-11-18,48.0854,48.3047,47.6209,48.0595,978939
2004-11-19,47.4596,48.0918,47.0919,48.0918,1073181
2004-11-22,48.4014,48.4014,46.9629,47.0919,1589090
2004-11-23,48.2982,48.7949,47.8854,48.4466,1202424
2004-11-24,48.6917,49.0917,48.2079,48.2208,726818
2004-11-26,48.8595,48.8595,48.4724,48.6917,222272
2004-11-29,48.3111,48.9627,47.6983,48.8595,761818
2004-11-30,48.2531,48.5434,48.1305,48.3111,1742121
2004-12-01,50.1948,50.1948,48.1563,48.2531,1877424
2004-12-02,49.84,50.5883,49.44,49.9303,1739696
2004-12-03,49.0723,49.7755,48.7369,49.4788,1610151
2004-12-06,48.4853,49.0272,48.137,49.0272,1364242
2004-12-07,47.9628,48.9175,47.9047,48.4982,1053636
2004-12-08,48.3047,48.453,47.4919,47.4919,790606
2004-12-09,48.8659,48.9111,47.7951,48.1563,1561060
2004-12-10,48.5434,49.0594,48.395,48.7369,573181
2004-12-13,48.6337,48.8336,48.1499,48.7046,669696
2004-12-14,49.0014,49.053,48.4402,48.6337,807575
2004-12-15,48.6917,49.0207,48.324,48.7691,788636
2004-12-16,48.982,49.0659,48.5047,48.6917,1097727
2004-12-17,48.8659,49.2465,48.5111,48.5111,1041818
2004-12-20,48.9627,49.6336,48.8401,49.2207,749696
2004-12-21,48.8014,49.1433,48.6079,49.0917,895303
2004-12-22,49.4594,49.4594,48.8143,48.924,1066060
2004-12-23,49.3626,49.5949,49.111,49.4142,572575
2004-12-27,48.7498,49.4788,48.5305,49.382,382121
2004-12-28,49.0594,49.1046,48.5821,48.653,641515
2004-12-29,48.6788,49.0272,48.3885,48.9304,933030
2004-12-30,48.5434,48.7627,48.4917,48.6079,458636
2004-12-31,48.8595,49.1562,48.3498,48.3498,536515
2005-01-03,48.1757,49.1756,47.808,49.1756,1210757
2005-01-04,47.1629,48.195,46.879,48.1692,1287878
2005-01-05,46.3242,47.4467,46.163,47.1629,2183030
2005-01-06,46.5307,46.8984,46.0791,46.3242,1597878
2005-01-07,46.0662,46.5371,45.6727,46.5371,2234090
2005-01-10,46.3307,46.7629,46.1178,46.1243,1042575
2005-01-11,46.0597,46.1888,45.7178,46.021,1316212
2005-01-12,46.3113,46.3759,45.7437,46.1759,840303
2005-01-13,46.55,47.0403,46.0791,46.1759,1522878
2005-01-14,47.3693,47.5241,46.6274,46.6274,1689393
2005-01-18,42.6343,46.6726,42.1182,45.8211,10181969
2005-01-19,42.8214,43.4794,42.7052,43.0278,3365757
2005-01-20,41.8537,42.5956,41.6602,42.5762,2201969
2005-01-21,41.4151,42.4279,41.3699,42.2988,2653484
2005-01-24,40.7635,42.0602,40.7313,41.7699,2182575
2005-01-25,40.6281,41.0022,40.0991,40.9635,4739848
2005-01-26,40.77,40.77,40.5765,40.7055,2586666
2005-01-27,41.3699,41.4086,40.2603,40.5377,2100606
2005-01-28,41.2086,41.4473,40.8022,41.3634,1238939
2005-01-31,42.0344,42.1376,41.3893,41.5763,1584242
2005-02-01,41.9634,42.1247,41.3828,42.1247,2367272
2005-02-02,42.8407,43.0665,41.8344,42.2537,2599848
2005-02-03,42.2537,42.7117,41.8731,42.7117,1543787
2005-02-04,42.9891,43.131,42.5246,42.6407,2106060
2005-02-07,42.9568,43.3955,42.8601,43.0794,1121363
2005-02-08,43.3826,43.6148,42.8794,42.9568,1754696
2005-02-09,42.4343,43.4794,42.3956,43.3826,1168333
2005-02-10,42.4795,42.7633,42.2472,42.7052,1165000
2005-02-11,43.073,43.1181,42.2537,42.4795,1248030
2005-02-14,43.0536,43.3181,42.8923,43.1633,617878
2005-02-15,43.5085,43.5474,42.9179,43.184,1396969
2005-02-16,43.2878,43.5345,43.1645,43.3527,781969
2005-02-17,42.4247,43.2878,42.3468,43.2878,1168030
2005-02-18,42.522,42.6713,42.3727,42.4766,1390303
2005-02-22,41.8601,42.522,41.4706,42.1456,2171666
2005-02-23,42.1002,42.191,41.7952,42.0547,3935606
2005-02-24,42.2235,42.2235,41.7692,41.7952,3786060
2005-02-25,42.5415,42.5739,42.0872,42.2235,3201515
2005-02-28,42.7037,42.9893,42.3468,42.5415,2053181
2005-03-01,43.8265,44.0342,42.8076,42.8984,2569848
2005-03-02,43.6837,44.0991,43.1191,43.4825,1996515
2005-03-03,44.7286,44.8195,44.0212,44.0796,2601515
2005-03-04,44.9622,45.105,44.0926,44.6507,2177272
2005-03-07,44.8779,45.2283,44.6442,44.9687,1095000
2005-03-08,44.4041,44.9103,44.3068,44.7221,1638636
2005-03-09,43.5799,44.138,43.5799,44.1315,2095000
2005-03-10,44.3003,44.7156,43.7421,43.7421,1877424
2005-03-11,44.1575,44.7611,43.9758,44.0991,1170303
2005-03-14,44.5014,44.813,44.177,44.1899,916363
2005-03-15,44.5209,44.9363,44.5209,44.5663,1315151
2005-03-16,44.0017,44.456,43.6448,44.3587,1035454
2005-03-17,43.9044,44.3392,43.6188,44.0082,1331363
2005-03-18,44.2094,44.4171,43.7811,44.0666,1203939
2005-03-21,43.82,44.1315,43.5799,43.9433,1301363
2005-03-22,43.7551,44.4106,43.3397,43.794,1054393
2005-03-23,43.1515,43.6967,43.1061,43.6188,945757
2005-03-24,43.8395,43.9628,43.1515,43.1515,1002272
2005-03-28,38.7189,42.8465,38.4759,42.7427,9661666
2005-03-29,38.6151,39.011,38.3685,38.6151,4508636
2005-03-30,39.1732,39.4847,38.6151,38.6151,2457878
2005-03-31,39.5367,39.7508,39.0694,39.3355,1410606
2005-04-01,39.303,40.0039,38.9396,39.5561,1664545
2005-04-04,39.3095,39.8806,39.1278,39.2641,1843484
2005-04-05,39.4588,39.5367,38.972,39.1992,1549848
2005-04-06,38.959,39.5886,38.8877,39.3939,1753030
2005-04-07,39.1992,39.2771,38.5242,38.6475,1292272
2005-04-08,38.7384,39.3419,38.5631,39.2965,1369848
2005-04-11,39.0434,39.0434,38.2971,38.641,1917121
2005-04-12,39.6859,39.7184,38.7773,38.8747,1469393
2005-04-13,38.7254,39.6859,38.6151,39.6859,1098333
2005-04-14,37.6286,38.8422,37.5313,38.6475,1806818
2005-04-15,37.0705,37.4339,36.8628,37.2522,2061060
2005-04-18,38.5112,38.5502,37.2911,38.1283,2496060
2005-04-19,39.2187,39.4653,38.2452,38.4723,1667878
2005-04-20,39.0045,39.7508,38.8747,39.4588,1077121
2005-04-21,39.4133,39.4133,38.3036,39.1667,1882575
2005-04-22,39.5107,39.952,39.1667,39.4133,1047727
2005-04-25,39.5951,39.9001,39.3355,39.608,980151
2005-04-26,38.7838,39.6145,38.7059,39.5951,890909
2005-04-27,38.985,39.1083,38.1608,38.7449,1026212
2005-04-28,38.3425,38.9396,38.1997,38.9396,811363
2005-04-29,38.9006,38.9655,37.9596,38.6086,1291515
2005-05-02,38.9915,39.8027,38.6475,38.998,1415151
2005-05-03,38.998,39.2057,38.7449,38.8098,1418484
2005-05-04,39.9845,40.0818,39.1343,39.329,1525000
2005-05-05,38.998,39.991,38.7124,39.9845,2026212
2005-05-06,38.7773,39.2381,38.6151,39.1343,1295454
2005-05-09,38.9201,39.0304,38.4853,38.8098,1175909
2005-05-10,38.3295,38.8877,38.1283,38.8617,1322272
2005-05-11,38.6345,38.693,38.1673,38.2906,1743030
2005-05-12,37.8882,38.5372,37.726,38.4398,2083939
2005-05-13,37.6221,38.018,37.2003,38.018,1533484
2005-05-16,38.0699,38.0959,37.395,37.6156,886666
2005-05-17,38.841,38.8476,37.6909,38.0373,1260151
2005-05-18,39.5206,39.8212,38.8606,38.8802,1270151
2005-05-19,39.4553,39.7689,39.1547,39.599,721969
2005-05-20,39.6448,39.8212,39.0828,39.4683,1137575
2005-05-23,40.2525,40.638,39.6774,39.6774,1214545
2005-05-24,39.8604,40.0499,39.6644,40.0238,766060
2005-05-25,39.4422,39.7297,39.2004,39.7297,429393
2005-05-26,39.9192,39.9519,39.5337,39.5337,426969
2005-05-27,39.8081,39.9846,39.7166,39.88,437424
2005-05-31,39.4226,39.7624,39.2658,39.6905,1156515
2005-06-01,39.8343,40.1022,39.2723,39.5467,761363
2005-06-02,39.7428,39.782,39.2527,39.2854,1190757
2005-06-03,39.5271,39.5402,39.2462,39.5337,956818
2005-06-06,40.1937,40.5008,39.7951,39.8277,1322424
2005-06-07,40.638,41.1542,40.1806,40.2394,1165303
2005-06-08,40.4943,40.9059,40.2982,40.736,950606
2005-06-09,39.7689,40.3897,39.6644,40.3309,1592121
2005-06-10,39.7232,40.0956,39.501,39.7624,419242
2005-06-13,39.9519,39.9519,39.501,39.5598,1106969
2005-06-14,39.9258,40.1871,39.6578,39.8604,520454
2005-06-15,40.0826,40.1479,39.5729,39.7624,724696
2005-06-16,40.3113,40.6249,39.9911,40.0172,837727
2005-06-17,40.4747,40.7034,40.3701,40.6772,1411363
2005-06-20,40.455,40.5857,40.1066,40.2198,527575
2005-06-21,40.5139,40.7164,40.2655,40.3374,758939
2005-06-22,40.6772,40.7752,40.3832,40.6445,636363
2005-06-23,40.1741,40.6445,40.1741,40.5792,908030
2005-06-24,39.697,39.9976,39.3311,39.9911,1098787
2005-06-27,40.2525,40.3113,39.5337,39.5337,1455909
2005-06-28,40.9778,41.0758,40.1871,40.4158,875151
2005-06-29,40.7099,40.9909,40.4812,40.9713,823787
2005-06-30,40.5204,40.7622,40.3505,40.7034,1082575
2005-07-01,40.834,40.8929,40.5139,40.6119,691969
2005-07-05,40.076,40.8406,39.9258,40.8079,1902272
2005-07-06,39.9584,40.2329,39.7232,40.076,1130000
2005-07-07,40.0172,40.1022,39.4095,39.599,2202272
2005-07-08,41.017,41.0693,40.063,40.0956,653333
2005-07-11,41.0366,41.2915,40.8079,40.8863,789848
2005-07-12,40.736,40.9909,40.5335,40.9386,947727
2005-07-13,40.8667,40.8863,40.54,40.54,787727
2005-07-14,41.7293,41.7881,41.0039,41.0301,944848
2005-07-15,41.2915,41.8404,41.2,41.6312,1110454
2005-07-18,42.1475,42.2651,41.2261,41.2261,1375909
2005-07-19,42.7748,42.912,42.2651,42.2782,1400000
2005-07-20,43.951,44.1144,42.4611,42.5396,2350606
2005-07-21,43.6243,44.2058,43.5459,43.8791,875757
2005-07-22,43.8857,44.0752,43.4805,43.5589,510303
2005-07-25,43.3302,44.1274,43.2714,43.8791,658939
2005-07-26,43.2453,43.5459,43.2322,43.3433,741818
2005-07-27,42.8336,43.4609,42.7225,43.4217,1347727
2005-07-28,43.8138,44.3169,43.7484,43.8138,1835909
2005-07-29,42.9447,43.8138,42.9382,43.8072,1190454
2005-08-01,43.1277,43.3172,43.0492,43.0884,877121
2005-08-02,43.7092,43.8595,43.1407,43.291,1397727
2005-08-03,43.5524,43.7288,43.5328,43.6831,1178939
2005-08-04,43.3825,44.0425,43.3368,43.9118,1191969
2005-08-05,42.8663,43.6047,42.8075,43.376,794696
2005-08-08,42.4677,43.3237,42.4677,43.0296,867727
2005-08-09,42.8336,42.9643,42.6376,42.6376,680151
2005-08-10,42.8989,43.9445,42.8924,43.3172,1329090
2005-08-11,43.1081,43.3956,42.7486,43.0623,796666
2005-08-12,42.8793,43.095,42.6572,42.9512,450303
2005-08-15,43.3694,43.4217,42.5722,42.814,563030
2005-08-16,42.2063,43.1277,42.2063,43.0623,836363
2005-08-17,42.4807,42.6964,41.9972,42.2455,567121
2005-08-18,41.6545,42.4611,41.4774,42.4545,1135454
2005-08-19,42.4611,42.4611,41.8053,41.9299,1147727
2005-08-22,41.8053,42.789,41.7201,42.625,1056363
2005-08-23,41.3135,41.7397,40.7626,41.7069,1349090
2005-08-24,41.2282,41.8119,41.2085,41.3266,722727
2005-08-25,41.5036,41.6741,41.2479,41.3659,571666
2005-08-26,41.9692,42.1856,41.0905,41.2151,1142727
2005-08-29,41.7659,42.0807,41.6151,41.6151,1047424
2005-08-30,41.3266,41.7922,40.9987,41.7922,988939
2005-08-31,42.2578,42.2709,41.1495,41.4315,854848
2005-09-01,42.3299,42.7824,42.0938,42.0938,927121
2005-09-02,42.2643,42.5529,42.1988,42.2971,618939
2005-09-06,42.8152,42.907,42.4021,42.5594,564696
2005-09-07,44.0808,44.0808,42.7693,42.8086,1388181
2005-09-08,43.9956,44.1398,43.6414,44.0677,1265151
2005-09-09,44.6382,44.6513,43.9497,43.9628,936212
2005-09-12,44.7628,45.0186,44.4546,44.4874,660151
2005-09-13,44.3825,44.8546,44.2775,44.8546,491666
2005-09-14,43.9038,44.3825,43.5824,44.2841,588333
2005-09-15,43.4185,43.8907,42.966,43.7726,919696
2005-09-16,43.7726,43.8775,43.4119,43.4185,1302727
2005-09-19,43.3792,43.9366,43.1365,43.9366,678787
2005-09-20,42.7299,43.707,42.5332,43.5103,1061969
2005-09-21,42.0938,42.2906,41.7332,42.2315,1036363
2005-09-22,42.5529,42.7693,41.943,41.9758,730909
2005-09-23,42.1988,42.5988,41.9758,42.5988,934242
2005-09-26,42.1004,42.5726,41.7856,42.4086,1186969
2005-09-27,41.661,42.1791,41.1495,42.1791,1364393
2005-09-28,41.5889,42.4939,41.3266,42.4939,680909
2005-09-29,41.5233,41.6873,41.2151,41.6151,885151
2005-09-30,42.1725,42.2906,41.5299,41.5299,844848
2005-10-03,42.4217,42.848,42.2971,42.2971,871818
2005-10-04,41.6741,42.684,41.6348,42.4873,776515
2005-10-05,40.8807,41.6873,40.8675,41.3463,804393
2005-10-06,40.461,40.7823,40.1069,40.6708,1325000
2005-10-07,41.1102,41.2872,40.5134,40.5134,719696
2005-10-10,40.461,41.1036,40.4479,41.1036,408333
2005-10-11,40.7823,41.2085,40.461,40.461,916969
2005-10-12,40.5266,41.1364,40.1528,40.6184,702272
2005-10-13,40.5593,40.7823,40.1987,40.3626,815454
2005-10-14,41.379,41.3922,40.6577,40.6905,786818
2005-10-17,41.3135,41.4774,40.7692,41.2151,563181
2005-10-18,40.6511,41.2413,40.5856,41.1823,964242
2005-10-19,41.1889,41.1954,40.3298,40.7233,1342727
2005-10-20,40.6905,41.3725,40.461,41.2151,1452424
2005-10-21,40.1003,40.4741,39.838,40.3495,986666
2005-10-24,40.9069,40.9528,40.1659,40.1724,819848
2005-10-25,40.5069,40.8741,40.0741,40.7954,991363
2005-10-26,40.3692,40.6577,40.2577,40.3429,739090
2005-10-27,39.897,40.3692,39.8249,40.2643,1133636
2005-10-28,40.8151,40.9725,39.8708,39.8708,1108181
2005-10-31,41.0708,41.2479,40.8741,40.8741,1102575
2005-11-01,41.602,41.661,40.861,41.1036,1065454
2005-11-02,42.3824,42.4217,41.4512,41.4709,1093030
2005-11-03,42.2643,42.6775,42.002,42.4021,1304393
2005-11-04,41.9037,42.4283,41.7594,42.2119,741515
2005-11-07,42.625,42.8152,42.0348,42.0348,1590454
2005-11-08,43.3004,43.4447,42.5266,42.7299,1180303
2005-11-09,43.1627,43.6152,42.8742,43.2349,635909
2005-11-10,43.8513,44.0152,43.0185,43.2808,776212
2005-11-11,43.8775,44.0743,43.6743,43.8775,613333
2005-11-14,43.707,43.9824,42.9529,42.9529,700909
2005-11-15,43.8189,44.0558,43.582,43.7267,459090
2005-11-16,44.3782,44.3782,43.9044,43.9768,556515
2005-11-17,44.8257,44.8257,44.2466,44.4177,470909
2005-11-18,44.5032,45.2073,44.0426,45.2073,1689242
2005-11-21,44.9704,45.0494,44.523,44.569,904696
2005-11-22,45.2337,45.3324,44.6348,44.8388,1043939
2005-11-23,45.2402,45.464,44.9902,45.1349,1136666
2005-11-25,45.2402,45.3324,45.0494,45.306,279393
2005-11-28,45.0165,45.3389,44.8717,45.3389,480303
2005-11-29,44.977,45.3587,44.9441,45.3455,496363
2005-11-30,45.0165,45.0955,44.4637,44.6151,1083030
2005-12-01,46.3918,46.4247,45.2797,45.3455,1199090
2005-12-02,45.9838,46.3523,45.7403,46.2273,678939
2005-12-05,45.8325,45.9706,45.5364,45.918,1028787
2005-12-06,45.6548,46.0957,45.6021,45.997,660757
2005-12-07,44.898,45.7996,44.6414,45.7864,1000606
2005-12-08,44.5427,45.2205,44.3519,45.1942,683030
2005-12-09,44.8717,44.9968,44.5427,44.6085,667424
2005-12-12,44.931,45.3389,44.8454,45.1744,569393
2005-12-13,44.7467,44.9244,44.3979,44.8454,857121
2005-12-14,45.1284,45.2731,44.773,44.773,1221818
2005-12-15,44.8652,45.306,44.852,45.2402,912121
2005-12-16,45.2073,45.4442,45.1218,45.1415,1034393
2005-12-19,44.1808,45.306,44.1545,45.306,616818
2005-12-20,44.0492,44.5361,44.0097,44.1808,663939
2005-12-21,44.3058,44.648,44.0163,44.3124,689696
2005-12-22,44.648,44.8125,44.3519,44.4177,945303
2005-12-23,44.6085,44.8454,44.569,44.6546,244393
2005-12-27,43.8913,44.8783,43.8781,44.773,635606
2005-12-28,43.9307,44.1808,43.628,43.9571,484696
2005-12-29,43.8254,44.2071,43.8254,44.0426,841818
2005-12-30,43.4043,43.5293,43.2529,43.4964,494242
2006-01-03,43.8583,44.0821,42.8779,43.4043,1362575
2006-01-04,45.1086,45.1086,43.9176,43.9241,1592121
2006-01-05,44.7204,45.1086,44.3914,44.9638,1235606
2006-01-06,47.1749,48.4975,44.7467,46.8524,3910303
2006-01-09,47.5499,47.5631,46.7603,47.1156,1845606
2006-01-10,48.741,48.866,46.9182,46.9511,1984848
2006-01-11,48.3396,48.8265,47.9974,48.8265,1258636
2006-01-12,47.5039,48.1883,47.3723,48.1883,1366212
2006-01-13,47.3262,47.5763,46.9445,46.9445,1134848
2006-01-17,48.1751,48.1751,47.0498,47.3262,1618484
2006-01-18,47.392,48.1356,46.8327,47.313,2079696
2006-01-19,48.6818,49.274,46.9577,47.7605,1816212
2006-01-20,47.7079,48.8595,47.392,48.7936,1728636
2006-01-23,48.1619,48.3462,47.2867,47.6092,1398484
2006-01-24,49.1556,49.2608,48.3199,48.3199,973787
2006-01-25,48.6752,49.9584,48.6686,49.3201,1639848
2006-01-26,49.07,49.2872,48.8397,49.1819,783333
2006-01-27,50.0176,50.2874,48.9647,49.2214,1015000
2006-01-30,50.1755,50.2874,49.932,50.136,735909
2006-01-31,49.8597,50.0702,49.6886,50.011,738939
2006-02-01,50.7678,50.8204,49.6491,49.9584,1120000
2006-02-02,50.09,50.4848,49.5767,50.1097,1595454
2006-02-03,50.2282,50.702,49.9057,49.9847,1184696
2006-02-06,50.8467,50.9125,50.1689,50.2084,1182272
2006-02-07,50.34,50.7941,50.3335,50.6822,1476060
2006-02-08,50.6362,50.6822,50.1426,50.5374,1108484
2006-02-09,50.8007,51.5508,50.6822,50.6822,1220909
2006-02-10,50.8928,51.1758,50.4256,50.6362,1123181
2006-02-13,50.9586,51.0639,50.7414,50.8928,936969
2006-02-14,51.6978,51.9552,50.3382,50.886,1259696
2006-02-15,52.1004,52.239,51.2358,51.7638,1185303
2006-02-16,52.5558,52.734,52.272,52.404,1177727
2006-02-17,52.7472,52.767,52.404,52.7208,1119696
2006-02-21,52.5492,52.8858,52.3644,52.7472,1010454
2006-02-22,52.536,52.998,52.536,52.6152,1470909
2006-02-23,52.2588,52.4832,51.8826,52.338,954393
2006-02-24,52.4106,52.5822,52.14,52.503,711666
2006-02-27,52.3314,52.7459,52.1862,52.734,611666
2006-02-28,51.5922,52.1928,51.2688,52.14,1026515
2006-03-01,53.097,53.2752,51.678,51.678,1302878
2006-03-02,52.6878,53.0112,52.2852,52.8,812727
2006-03-03,53.1432,53.493,52.206,52.239,1084393
2006-03-06,52.272,53.5722,51.8232,53.2554,1416363
2006-03-07,52.47,53.0442,52.074,52.536,1034090
2006-03-08,52.107,52.3842,51.7242,52.206,812424
2006-03-09,51.7308,52.338,51.645,52.1136,1114696
2006-03-10,52.14,52.8924,51.5988,51.5988,1187878
2006-03-13,51.8496,52.635,51.645,52.569,1019090
2006-03-14,52.965,53.262,51.7176,51.7176,1084848
2006-03-15,54.2586,54.3708,53.2026,53.2224,1562121
2006-03-16,54.3312,54.8394,54.0804,54.4302,837424
2006-03-17,54.5952,55.0374,54.4104,54.417,1193333
2006-03-20,53.8824,54.582,53.8428,54.582,1004545
2006-03-21,53.0772,53.8692,52.9914,53.8692,1087424
2006-03-22,53.625,53.7306,53.097,53.097,844696
2006-03-23,53.295,53.6052,52.668,53.526,1059848
2006-03-24,53.2224,53.9814,53.1762,53.394,887575
2006-03-27,53.064,53.328,52.9254,53.13,821969
2006-03-28,53.328,54.186,53.163,53.229,1214848
2006-03-29,53.8428,54.0672,53.1432,53.262,891818
2006-03-30,53.3412,54.285,53.3148,53.7768,881818
2006-03-31,53.2026,53.625,52.9122,53.46,1006212
2006-04-03,53.6976,54.549,53.295,53.3346,850151
2006-04-04,54.285,54.4368,53.6052,53.7636,899393
2006-04-05,54.3708,54.6942,54.1662,54.417,885151
2006-04-06,51.9288,52.5822,51.018,52.371,3437575
2006-04-07,51.744,52.6548,51.5922,52.206,1834393
2006-04-10,52.1796,52.2258,51.414,51.744,1144545
2006-04-11,52.0278,52.3512,51.7572,52.14,1313939
2006-04-12,52.3974,52.5162,51.8826,52.0278,898181
2006-04-13,52.1268,52.5426,52.0014,52.338,811969
2006-04-17,52.338,52.8528,51.8958,52.2852,1323181
2006-04-18,55.3146,55.77,53.5062,54.054,3242272
2006-04-19,55.6446,55.9218,54.9516,55.44,1627878
2006-04-20,55.8624,56.3706,55.3278,55.8096,1294696
2006-04-21,55.7832,56.1528,55.2024,56.1528,1230909
2006-04-24,55.242,55.7898,54.9648,55.6644,824696
2006-04-25,54.153,55.341,53.988,55.341,1276060
2006-04-26,54.747,55.0308,54.2718,54.2982,825000
2006-04-27,53.8362,54.6744,53.8032,54.582,1190606
2006-04-28,53.493,53.955,53.3874,53.7306,760151
2006-05-01,54.219,54.714,53.988,54.252,1206969
2006-05-02,55.0242,55.44,54.483,54.648,1461818
2006-05-03,55.671,55.7766,55.044,55.044,965909
2006-05-04,56.3244,56.496,55.8492,55.8888,1074545
2006-05-05,56.7666,57.4134,56.1528,57.09,1225000
2006-05-08,56.265,57.09,56.2056,56.7798,982727
2006-05-09,56.6808,56.7732,56.166,56.2056,861363
2006-05-10,56.2716,56.892,56.1066,56.5158,1022121
2006-05-11,56.3772,57.156,56.199,56.529,958939
2006-05-12,54.252,56.3244,54.1728,56.2848,1594242
2006-05-15,54.252,54.681,53.6778,54.153,1540757
2006-05-16,54.516,55.1298,54.45,54.978,1054242
2006-05-17,52.7604,54.3113,52.3974,53.9352,1402575
2006-05-18,51.8166,53.031,51.8166,52.7604,1049090
2006-05-19,52.008,52.5162,51.5526,51.8958,1448030
2006-05-22,51.4668,52.1004,50.8926,51.6252,1090454
2006-05-23,51.282,52.569,51.2292,52.041,1137272
2006-05-24,51.0642,51.6516,50.0412,51.2424,996363
2006-05-25,51.8298,51.8298,51.0048,51.6186,771060
2006-05-26,51.8034,52.1004,51.3612,51.8892,882121
2006-05-30,50.6814,51.7506,50.6748,51.414,968939
2006-05-31,51.4932,51.612,50.5725,51.0444,1231060
2006-06-01,52.0146,52.1202,51.216,51.81,1116515
2006-06-02,52.041,52.4898,51.4668,52.305,1101515
2006-06-05,50.7408,52.14,50.7342,51.876,1218939
2006-06-06,49.797,51.051,49.4076,50.82,2060454
2006-06-07,49.5462,50.292,49.4934,49.8564,1512727
2006-06-08,49.0908,49.7574,47.8764,49.5132,1957727
2006-06-09,49.3284,49.9686,49.2294,49.5264,1336818
2006-06-12,48.708,49.7376,48.4176,49.632,1343484
2006-06-13,47.355,48.6024,47.091,48.246,1954090
2006-06-14,47.5464,47.7906,46.9524,47.4078,1709696
2006-06-15,49.4406,49.599,47.9556,48.1602,2547727
2006-06-16,49.1238,49.7112,48.6948,49.1238,2026666
2006-06-19,48.9918,49.5,48.8598,49.302,1482878
2006-06-20,48.972,49.467,48.6552,49.038,1006363
2006-06-21,49.83,50.2128,48.9324,48.9324,1897121
2006-06-22,49.5726,49.7178,48.9786,49.3548,973030
2006-06-23,49.5726,50.16,49.0248,49.302,731363
2006-06-26,49.896,50.1402,49.467,49.7046,476515
2006-06-27,49.9158,50.424,49.7508,49.863,1700454
2006-06-28,49.929,50.1864,49.1304,49.9818,1073787
2006-06-29,51.348,51.414,50.3448,50.358,1007878
2006-06-30,51.216,51.348,50.8794,51.348,1344242
2006-07-03,51.249,51.6054,51.084,51.6054,593636
2006-07-05,50.4636,50.82,50.1072,50.655,990151
2006-07-06,50.3382,51.0246,50.1006,50.325,1045454
2006-07-07,50.8068,51.612,50.6022,51.612,2155303
2006-07-10,50.2854,50.754,50.0346,50.754,1467121
2006-07-11,50.2722,50.4966,49.7904,50.1666,886969
2006-07-12,49.335,50.16,49.1766,50.094,880151
2006-07-13,48.1932,48.8994,48.0942,48.774,1206363
2006-07-14,47.8368,48.4902,47.4738,48.444,1302727
2006-07-17,46.6686,47.9754,46.464,47.52,1761515
2006-07-18,47.3088,47.4276,46.3122,46.926,1599090
2006-07-19,48.675,49.2756,47.2098,47.2098,2176969
2006-07-20,47.2296,49.3284,47.1504,48.675,1232424
2006-07-21,46.035,47.223,46.002,47.1438,2103181
2006-07-24,46.992,47.058,46.2792,46.4838,2122727
2006-07-25,47.355,47.6124,46.4772,47.058,1009696
2006-07-26,47.0052,47.9226,46.7148,47.9226,1284696
2006-07-27,46.7148,47.718,46.5828,47.157,966818
2006-07-28,47.2428,47.52,46.6752,47.0184,1500151
2006-07-31,47.6784,48.0018,46.7412,47.553,1854545
2006-08-01,47.619,48.4704,47.289,48.18,1841363
2006-08-02,48.1008,48.2638,47.3418,47.751,1210303
2006-08-03,48.873,49.0908,47.9358,47.9358,1499242
2006-08-04,49.17,50.2458,48.7344,49.962,1981666
2006-08-07,48.9786,49.4208,48.5562,48.8334,1033484
2006-08-08,47.8434,49.4076,47.652,49.4076,1514848
2006-08-09,47.0118,48.5232,46.893,48.2922,1327272
2006-08-10,47.4474,47.5002,46.7676,46.9458,1150909
2006-08-11,46.8336,47.1768,46.3782,47.1174,1053030
2006-08-14,46.6422,47.5068,46.6158,47.2164,814393
2006-08-15,47.982,47.982,46.86,47.0844,628181
2006-08-16,49.2558,49.3284,47.8698,48.246,1184242
2006-08-17,49.6914,49.9686,49.038,49.0578,1365606
2006-08-18,49.3284,50.3184,49.2426,50.1072,1191969
2006-08-21,49.236,49.4076,48.8994,49.17,831060
2006-08-22,49.4868,50.0544,49.137,49.2096,1244393
2006-08-23,49.4142,49.962,49.1238,49.401,557121
2006-08-24,48.873,49.5792,48.5694,49.5726,812272
2006-08-25,48.9456,49.0248,48.3648,48.609,736212
2006-08-28,49.0248,49.599,48.9324,48.9588,970151
2006-08-29,48.6816,49.4274,48.2592,49.1568,1278181
2006-08-30,48.6156,49.0908,48.2658,48.84,1696818
2006-08-31,48.873,49.2624,48.6882,48.807,1304090
2006-09-01,49.7904,49.962,49.071,49.104,941212
2006-09-05,50.3184,50.3382,49.6386,49.764,1555151
2006-09-06,49.3812,50.3976,49.2558,49.8894,1625151
2006-09-07,48.9522,49.2756,48.6222,48.774,1699393
2006-09-08,49.4406,49.5792,48.9852,49.104,1066969
2006-09-11,48.444,49.269,48.1602,49.1964,1588787
2006-09-12,49.2426,49.3482,48.543,48.5826,1262575
2006-09-13,49.8432,50.061,49.2888,49.302,1411363
2006-09-14,49.6914,50.1006,49.335,49.4736,868939
2006-09-15,50.16,50.8332,49.9092,50.16,1741060
2006-09-18,50.5098,50.721,50.028,50.16,1298787
2006-09-19,50.5956,50.8332,50.226,50.5098,1578484
2006-09-20,51.0708,51.1368,50.4042,50.9982,1090757
2006-09-21,50.1534,51.6384,50.1204,51.6384,1774545
2006-09-22,50.4438,50.6748,49.5924,50.5098,1692121
2006-09-25,50.3052,50.754,49.9554,50.424,1355000
2006-09-26,50.9982,51.0708,50.0148,50.6682,1299090
2006-09-27,51.6318,51.8628,50.886,50.886,1172727
2006-09-28,51.8562,52.107,51.4008,51.7638,723030
2006-09-29,51.3018,51.9354,51.2226,51.7308,867121
2006-10-02,51.4338,51.7968,50.9586,51.216,999696
2006-10-03,51.282,51.7902,51.0048,51.282,1122878
2006-10-04,51.6648,51.6648,51.0114,51.051,1433636
2006-10-05,52.7406,52.7538,51.5394,51.678,1660151
2006-10-06,52.6944,52.7934,52.2126,52.6416,968636
2006-10-09,52.8,52.965,52.2324,52.4502,521363
2006-10-10,53.0574,53.6778,52.7604,52.7604,819696
2006-10-11,53.6184,53.6778,52.767,52.7934,1525000
2006-10-12,54.285,54.6084,53.9088,54.1728,1154545
2006-10-13,54.4434,54.549,54.1134,54.384,1048030
2006-10-16,56.1396,56.1528,54.516,54.6084,1981969
2006-10-17,55.2882,56.133,54.6612,56.1,1596363
2006-10-18,54.8196,58.08,53.79,57.453,5825606
2006-10-19,55.2156,55.2816,54.3708,54.78,1363484
2006-10-20,53.6976,54.5886,53.46,54.219,2559393
2006-10-23,54.648,54.8988,53.4666,53.4666,1097727
2006-10-24,55.2882,55.3344,54.6216,54.648,2055303
2006-10-25,55.0308,55.5654,54.5622,55.4334,1282272
2006-10-26,54.8724,55.4004,54.3972,55.374,1813333
2006-10-27,54.5292,55.242,54.252,54.417,1593787
2006-10-30,54.4236,54.8328,54.054,54.681,1671515
2006-10-31,55.1958,55.3344,54.3114,55.0044,2191212
2006-11-01,54.6348,55.6908,54.516,55.6908,2206515
2006-11-02,54.186,54.3774,53.7834,54.3774,1832575
2006-11-03,53.5194,54.6018,53.4138,54.582,1846363
2006-11-06,54.0474,54.3642,53.0706,53.196,2220454
2006-11-07,55.1694,55.8228,53.4732,53.4732,2140151
2006-11-08,55.9878,56.0736,54.78,54.912,2040454
2006-11-09,55.0572,56.0076,54.9912,55.9614,2333484
2006-11-10,55.4994,55.8096,55.1364,55.1364,1901666
2006-11-13,55.671,56.3838,55.2684,55.506,2007878
2006-11-14,55.8162,55.9878,55.2288,55.869,1682272
2006-11-15,55.77,56.265,55.5918,55.7304,1785757
2006-11-16,55.3476,56.1,55.1562,55.9284,2874242
2006-11-17,55.3674,55.6116,54.978,55.2222,1220909
2006-11-20,55.374,55.671,55.143,55.242,1341969
2006-11-21,56.0472,56.3442,55.3014,55.3146,1835303
2006-11-22,55.6974,56.43,55.5258,56.1,790000
2006-11-24,55.7766,56.034,55.176,55.176,348787
2006-11-27,54.6282,55.9416,54.4698,55.9416,1535151
2006-11-28,54.1398,54.4434,53.8494,54.219,1643484
2006-11-29,54.879,55.506,54.4038,54.4038,1458484
2006-11-30,55.0968,55.3938,54.3312,54.978,1497878
2006-12-01,54.1398,55.2816,53.559,55.0044,1723939
2006-12-04,55.275,55.3542,54.1728,54.1728,1643030
2006-12-05,55.2222,55.6776,54.8988,55.539,1297878
2006-12-06,54.9318,55.5522,54.7734,55.3014,1831212
2006-12-07,54.6546,55.5654,54.4632,54.912,1411363
2006-12-08,55.3476,56.0274,54.6876,54.7602,1687575
2006-12-11,53.46,54.7668,53.2554,53.6976,2430606
2006-12-12,53.46,53.592,52.5624,53.46,2674696
2006-12-13,53.2752,53.757,53.13,53.559,1161363
2006-12-14,53.4666,53.8296,53.0178,53.2026,1078787
2006-12-15,52.14,53.6382,52.0146,53.6382,1954848
2006-12-18,52.3314,52.668,52.1796,52.1796,1422575
2006-12-19,52.6812,52.7604,51.8298,51.9024,1279242
2006-12-20,51.9552,52.6812,51.942,52.5624,1068636
2006-12-21,51.315,52.305,51.249,52.1202,1810151
2006-12-22,50.8068,51.612,50.8068,51.3744,1038939
2006-12-26,51.051,51.1038,50.6418,50.6418,689545
2006-12-27,51.018,51.4074,50.9916,51.348,1073787
2006-12-28,50.9256,51.4668,50.8266,50.8398,1321666
2006-12-29,50.7408,51.2424,50.6748,50.8332,1017424
2007-01-03,50.6946,51.3942,50.3316,50.9652,1510757
2007-01-04,50.2854,50.589,49.9554,50.4966,1425909
2007-01-05,50.4108,51.2292,50.2986,50.886,2374242
2007-01-08,50.6946,50.8068,49.9092,50.2788,1468636
2007-01-09,50.952,51.0906,50.1798,50.556,1546363
2007-01-10,50.985,50.9982,50.391,50.5824,1347878
2007-01-11,51.3414,51.4206,50.8662,51.1236,1676060
2007-01-12,51.546,51.8562,51.0708,51.216,1037727
2007-01-16,51.7242,51.8694,51.216,51.546,2583484
2007-01-17,53.6778,55.869,53.5326,54.021,7373787
2007-01-18,53.4336,53.757,52.3657,52.5558,3293030
2007-01-19,54.021,54.0936,53.13,53.4204,1978939
2007-01-22,53.4666,54.2652,53.097,54.2652,2387424
2007-01-23,54.7272,54.78,53.658,53.658,1768636
2007-01-24,54.4896,54.8988,54.0804,54.8988,1816969
2007-01-25,53.8428,54.6348,53.7702,54.3246,1419545
2007-01-26,53.8692,54.5688,53.5656,54.2124,1663787
2007-01-29,53.889,54.1134,53.6052,53.6844,1300000
2007-01-30,53.9022,54.2586,53.7042,53.922,1505151
2007-01-31,54.6216,54.6216,53.6052,53.691,1179242
2007-02-01,55.8954,56.166,54.7272,55.0836,2004242
2007-02-02,56.2716,56.43,55.6578,55.8228,1788939
2007-02-05,56.3442,56.5026,55.638,56.0076,2490151
2007-02-06,55.3872,55.935,54.912,55.77,2037272
2007-02-07,55.9812,56.133,55.506,55.6446,1336060
2007-02-08,55.5588,55.8888,55.2024,55.7304,1123030
2007-02-09,54.9912,56.0736,54.7404,55.6842,1053333
2007-02-12,54.8592,55.374,54.615,55.044,1045760
2007-02-13,54.8394,55.2354,54.6546,54.8394,1210434
2007-02-14,55.9746,55.9812,55.0704,55.1034,996040
2007-02-15,56.4432,56.5092,55.8492,55.8822,1261666
2007-02-16,56.4696,56.529,56.1132,56.2518,1152424
2007-02-20,57.1164,57.1692,56.1264,56.562,1360454
2007-02-21,57.123,57.1956,56.5818,56.7996,987424
2007-02-22,57.09,57.42,56.859,57.3804,1227575
2007-02-23,57.9348,58.2054,56.892,56.925,1834393
2007-02-26,57.255,58.1856,57.1692,58.0998,1365651
2007-02-27,54.3774,56.43,53.9946,56.43,1930757
2007-02-28,54.3642,55.0836,54.0474,54.3774,1835454
2007-03-01,54.7008,54.7932,53.031,53.5062,1849030
2007-03-02,54.4632,54.8658,54.1134,54.384,1777272
2007-03-05,54.0078,54.747,53.955,53.988,1548333
2007-03-06,54.7404,55.0044,53.889,54.3378,1485769
2007-03-07,54.5952,55.0308,54.4038,54.5754,1145303
2007-03-08,54.7536,55.2486,54.6612,54.978,1261969
2007-03-09,55.4862,56.0208,55.011,55.011,1738939
2007-03-12,55.1958,55.5852,54.9912,55.44,1261666
2007-03-13,54.12,55.011,54.021,54.747,1680454
2007-03-14,54.3642,54.6282,53.559,54.3378,1579393
2007-03-15,54.3114,54.4104,53.9748,54.2256,1403787
2007-03-16,54.3906,54.813,54.0276,54.4104,1215606
2007-03-19,55.2288,55.3542,54.78,54.846,724848
2007-03-20,56.1528,56.4168,55.2288,55.2288,1448484
2007-03-21,57.1956,57.3606,56.1,56.2056,1425606
2007-03-22,57.1164,57.42,56.7864,57.1692,1299696
2007-03-23,57.321,57.5124,57.0042,57.024,1062712
2007-03-26,56.8854,57.2418,56.6148,57.156,1306515
2007-03-27,56.8458,57.0306,56.2386,56.8128,1732272
2007-03-28,56.5818,57.2748,56.4366,57.0306,1090909
2007-03-29,56.661,57.3474,56.4498,57.1296,1072921
2007-03-30,56.9646,57.6774,56.6676,56.6676,1274090
2007-04-02,57.0372,57.222,56.4564,56.958,974696
2007-04-03,57.8952,57.8952,57.024,57.024,1030757
2007-04-04,58.146,58.509,57.6642,57.816,1585859
2007-04-05,57.8292,58.0404,57.3738,57.8028,1021818
2007-04-09,57.8424,58.3176,57.585,57.9942,1025151
2007-04-10,57.7632,58.0932,57.4794,57.9018,1458636
2007-04-11,57.915,57.9216,57.2946,57.6642,1273939
2007-04-12,58.08,58.2054,57.519,57.6246,2242878
2007-04-13,57.9744,58.2846,57.6642,58.2516,1180127
2007-04-16,59.1294,59.1294,58.245,58.2978,1175151
2007-04-17,59.4198,59.5848,58.7994,59.0568,1179848
2007-04-18,59.2218,59.4198,58.74,59.136,865412
2007-04-19,58.8258,59.3934,58.608,59.3934,776666
2007-04-20,59.4396,59.6574,59.169,59.3934,1142272
2007-04-23,60.489,60.9576,59.7696,59.9676,1434362
2007-04-24,59.4726,62.04,59.4726,61.9014,2328181
2007-04-25,59.3604,60.192,59.07,59.7102,2684090
2007-04-26,59.7762,59.8752,58.8786,58.8786,1930757
2007-04-27,61.017,61.1688,59.7432,59.7828,1513030
2007-04-30,60.8124,61.7562,60.8124,61.0698,1978937
2007-05-01,61.6176,61.6374,60.5352,61.0302,1573181
2007-05-02,62.5218,62.9574,61.6506,61.8288,1545340
2007-05-03,62.9112,63.0762,62.502,62.8254,1023636
2007-05-04,62.6472,63.327,62.37,63.327,1360909
2007-05-07,62.7792,63.1422,62.4822,62.7924,731818
2007-05-08,62.37,62.5878,61.842,62.4822,1187272
2007-05-09,63.7758,63.7758,62.04,62.2116,1781515
2007-05-10,62.3568,63.4458,62.3172,63.4458,1171515
2007-05-11,63.129,63.1686,62.6604,62.7792,1173939
2007-05-14,63.063,63.228,62.601,62.9178,1594584
2007-05-15,63.162,63.855,62.7,63.36,1437121
2007-05-16,62.964,63.558,62.2974,63.558,1288484
2007-05-17,62.9574,63.162,62.4492,62.7396,1261400
2007-05-18,63.9012,63.9012,62.6868,63.0036,1723787
2007-05-21,63.7956,64.3566,63.4326,63.6636,1525454
2007-05-22,64.3764,64.3764,63.8682,63.9408,1085303
2007-05-23,64.119,64.7196,64.0464,64.3764,1258030
2007-05-24,63.9408,65.439,63.8286,64.2576,1518872
2007-05-25,65.0232,65.1156,63.7428,63.7428,1182651
2007-05-29,66.0792,66.0792,65.2542,65.2872,1783637
2007-05-30,66.627,66.66,65.4192,65.5974,1188030
2007-05-31,66.8976,67.1088,66.4092,66.7326,1599519
2007-06-01,67.7094,67.8084,66.8976,66.8976,1298975
2007-06-04,67.5906,68.2638,66.957,68.2638,844309
2007-06-05,67.4652,68.046,66.9702,67.5576,1115909
2007-06-06,65.2938,66.561,65.0298,66.0,2335450
2007-06-07,63.3336,65.2938,63.2412,65.2938,2949309
2007-06-08,64.1916,64.1916,63.162,63.2676,1363030
2007-06-11,64.614,64.8714,63.7626,63.9936,1193939
2007-06-12,64.4358,64.9242,63.6966,64.2378,1453181
2007-06-13,65.8152,65.8152,64.5084,64.7262,1251060
2007-06-14,65.9538,66.4884,65.7096,65.8944,1046969
2007-06-15,66.0396,66.615,65.8482,66.1848,1831363
2007-06-18,66.1452,66.3366,65.8614,66.066,912424
2007-06-19,66.8118,66.8778,65.5314,66.1584,1121515
2007-06-20,66.3234,67.8678,66.3234,66.8118,1258027
2007-06-21,66.132,66.3828,65.604,66.33,1137387
2007-06-22,65.4786,66.132,65.1421,65.6304,1754090
2007-06-25,65.0298,65.835,64.7856,65.2608,1058787
2007-06-26,64.6602,65.3532,64.251,65.34,1326515
2007-06-27,64.218,64.5348,63.4722,64.1586,2057575
2007-06-28,64.4952,65.0892,63.9342,64.053,846084
2007-06-29,64.6206,65.5644,64.1916,64.647,1167730
2007-07-02,65.769,66.0264,64.6206,64.9374,988181
2007-07-03,65.5578,66.2376,65.3796,66.0264,415606
2007-07-05,65.4324,65.4324,64.8912,65.307,873333
2007-07-06,65.7954,65.967,64.9836,65.7294,416818
2007-07-09,66.4158,66.6666,65.7228,65.8218,866363
2007-07-10,65.7426,66.627,65.6964,66.4158,1327424
2007-07-11,66.561,66.561,65.2938,65.6502,1363484
2007-07-12,68.739,68.739,66.5016,66.5016,1388636
2007-07-13,69.102,69.465,67.8876,68.739,1467368
2007-07-16,69.2604,69.465,68.2176,69.366,1115606
2007-07-17,69.8742,70.2702,69.2208,69.4056,1925909
2007-07-18,69.9996,70.6332,69.168,70.2174,1686212
2007-07-19,70.5474,71.0028,70.3032,70.3956,1219393
2007-07-20,67.947,69.6366,67.4388,69.5574,2068787
2007-07-23,68.9238,69.1878,68.2374,68.31,1442272
2007-07-24,67.815,69.3198,67.6566,69.0756,1464954
2007-07-25,67.0362,68.2308,66.2046,67.98,1669359
2007-07-26,66.0594,67.5444,65.1948,67.5444,2376621
2007-07-27,65.0958,66.858,65.0496,65.67,2047589
2007-07-30,66.1848,66.495,64.7526,65.142,1499530
2007-07-31,65.1288,67.1946,65.1288,65.8086,1664971
2007-08-01,65.7294,66.0792,63.7758,65.142,2742092
2007-08-02,66.858,67.2342,65.9538,66.363,1862387
2007-08-03,65.67,67.32,65.67,67.155,2395489
2007-08-06,66.9504,66.9768,65.3664,66.231,1764696
2007-08-07,65.6238,66.627,64.5546,66.594,2302592
2007-08-08,63.4986,66.0,61.9542,66.0,2848972
2007-08-09,61.215,62.4426,59.0832,61.38,3927575
2007-08-10,63.0762,63.36,59.8092,61.7298,3795139
2007-08-13,62.8122,66.033,62.7396,63.1818,2164545
2007-08-14,61.3074,63.096,61.3074,63.03,2225940
2007-08-15,60.324,62.2512,60.2382,61.2414,1536813
2007-08-16,59.7168,60.8322,57.6048,60.1854,2195301
2007-08-17,62.865,65.0364,58.2252,65.0364,2573030
2007-08-20,64.3038,64.9374,62.7462,63.1422,1281212
2007-08-21,64.8054,65.1684,63.5712,64.1784,1058484
2007-08-22,68.3166,68.64,65.3004,65.3004,2846212
2007-08-23,67.518,69.2274,66.9042,68.5938,2544696
2007-08-24,69.4056,69.4122,67.4718,67.6236,2027424
2007-08-27,70.3428,71.7552,69.168,69.3726,2002234
2007-08-28,67.5444,70.0194,67.4167,69.795,2558030
2007-08-29,69.894,69.894,67.9404,68.112,1245909
2007-08-30,69.3594,70.3692,68.6532,69.135,2077727
2007-08-31,70.9302,71.2338,69.9006,70.059,1446818
2007-09-04,72.2502,72.6,70.4616,70.7718,1569393
2007-09-05,71.9466,72.2238,71.1546,71.5902,2160909
2007-09-06,72.6264,72.8904,71.577,71.9466,2107121
2007-09-07,69.498,71.28,69.3396,71.28,2478181
2007-09-10,68.6268,70.4484,68.046,69.795,2890303
2007-09-11,68.9436,69.498,68.1912,68.8512,2572121
2007-09-12,68.0724,68.6862,67.6236,68.508,2394090
2007-09-13,69.0954,69.531,67.9668,68.4156,1674696
2007-09-14,70.7454,70.8246,68.2334,68.5542,2128787
2007-09-17,72.0918,72.5076,70.4484,70.6134,1933939
2007-09-18,76.032,76.032,71.874,72.171,2957121
2007-09-19,75.9792,77.6424,75.9792,76.56,2913181
2007-09-20,75.867,76.6392,75.5172,76.3554,2287424
2007-09-21,75.2136,76.6986,75.0354,76.593,2370606
2007-09-24,72.8046,74.8704,72.4548,73.92,2514242
2007-09-25,72.864,73.3722,72.039,72.4614,2284393
2007-09-26,74.2302,74.5998,73.326,73.491,1729393
2007-09-27,74.217,75.2862,73.9266,74.8572,1528030
2007-09-28,73.8078,75.2334,73.3854,73.9596,1407424
2007-10-01,75.3918,75.9858,73.029,73.8078,1766212
2007-10-02,74.12,76.31,73.55,76.07,1530000
2007-10-03,71.55,73.0,71.15,73.0,2842200
2007-10-04,72.05,72.37,71.56,72.03,1574600
2007-10-05,73.54,74.04,72.35,72.35,1208900
2007-10-08,74.57,74.83,73.55,73.55,1233300
2007-10-09,74.83,75.31,73.83,75.31,974800
2007-10-10,75.17,75.26,74.18,75.01,938700
2007-10-11,76.08,77.03,75.16,75.73,2117600
2007-10-12,77.06,77.46,75.45,76.52,1793300
2007-10-15,74.62,76.4,73.5,76.4,1897000
2007-10-16,74.04,75.22,73.41,74.77,1692200
2007-10-17,75.18,76.3,73.66,75.08,1962100
2007-10-18,75.76,77.74,75.25,76.6,2631100
2007-10-19,74.47,76.65,74.47,75.56,1891400
2007-10-22,76.69,76.9,73.5,73.5,2546800
2007-10-23,77.73,78.12,76.57,77.4,1369300
2007-10-24,78.61,78.89,76.81,77.51,1793600
2007-10-25,77.99,78.93,76.5,77.57,1892600
2007-10-26,78.53,79.36,78.14,78.7,1312700
2007-10-29,79.42,79.89,78.75,78.83,1240800
2007-10-30,79.61,80.14,78.5,79.37,1405000
2007-10-31,80.37,80.95,78.64,79.99,2298200
2007-11-01,78.26,79.69,78.08,79.35,1940600
2007-11-02,78.99,79.25,77.67,78.62,1757600
2007-11-05,81.23,81.73,78.0,78.69,2313381
2007-11-06,84.35,84.53,81.01,81.17,2879804
2007-11-07,83.42,85.18,83.09,83.86,2890327
2007-11-08,86.15,86.56,83.0,83.49,3704579
2007-11-09,82.91,85.78,82.19,84.84,2607168
2007-11-12,79.65,83.38,79.39,82.23,2378724
2007-11-13,81.49,81.49,79.64,80.65,1623283
2007-11-14,82.0806,83.16,80.97,82.5,1756800
2007-11-15,80.48,81.4,80.0,80.99,1566409
2007-11-16,78.37,80.28,77.22,79.02,2535726
2007-11-19,77.86,78.38,77.46,78.03,4234516
2007-11-20,78.99,80.17,77.25,78.14,2817500
2007-11-21,75.93,78.77,75.8,78.18,3134838
2007-11-23,76.48,77.373,75.09,76.59,772935
