Price,Close,High,Low,Open,Volume
Ticker,PNC,PNC,PNC,PNC,PNC
Date,,,,,
1999-11-24,47.0838,47.713,47.0314,47.3984,303800
1999-11-26,47.3984,47.6605,47.0314,47.0838,152000
1999-11-29,45.7206,47.4508,45.7206,47.4508,432100
1999-11-30,47.0314,47.4508,45.2487,47.4508,675600
1999-12-01,46.6119,46.6119,46.0351,46.14,636500
1999-12-02,45.9303,46.6643,45.7206,46.507,364900
1999-12-03,46.2973,47.3984,45.8254,46.3498,2985300
1999-12-06,42.9941,46.14,42.3649,46.14,2146100
1999-12-07,40.2677,41.8406,38.7996,41.526,2431300
1999-12-08,39.8482,41.0017,39.7958,39.8482,951000
1999-12-09,40.3725,40.792,39.7433,39.8482,1022600
1999-12-10,40.1104,41.3687,40.1104,40.6871,1315200
1999-12-13,40.1628,40.3201,39.6385,39.9531,1026400
1999-12-14,39.3763,40.2677,39.2714,40.2152,806500
1999-12-15,38.3276,39.6909,38.3276,39.5336,1125200
1999-12-16,36.0731,38.6947,36.0731,38.485,2317100
1999-12-17,36.178,37.279,36.0731,36.0731,2325500
1999-12-20,36.7547,37.1217,36.2828,36.3877,1446400
1999-12-21,36.8071,37.5412,36.3353,36.8596,1996400
1999-12-22,36.7023,37.2266,36.6499,36.8596,966200
1999-12-23,36.9645,37.4363,36.8071,36.8071,1031400
1999-12-27,36.9645,37.5936,36.7547,37.1741,1240400
1999-12-28,37.1217,37.4888,36.7547,37.1741,1053100
1999-12-29,37.4888,37.646,37.0168,37.0693,575000
1999-12-30,37.5412,38.1704,37.1741,37.3839,607300
1999-12-31,37.3314,37.7509,37.279,37.3839,280900
2000-01-03,35.3915,36.912,34.972,36.912,703500
2000-01-04,34.2904,35.339,33.5564,35.339,1318500
2000-01-05,34.4477,34.8671,34.238,34.238,1078900
2000-01-06,36.0731,36.4925,34.2904,34.2904,1490700
2000-01-07,36.0731,36.4925,35.7061,36.0731,961400
2000-01-10,34.8671,36.912,34.8147,36.912,930500
2000-01-11,34.5001,34.9196,34.2904,34.8147,548800
2000-01-12,35.624,35.836,34.8818,34.9878,831400
2000-01-13,38.8577,39.0167,36.3662,36.8963,1698900
2000-01-14,39.6529,40.183,38.8047,40.077,1377800
2000-01-18,38.9637,39.6529,38.8577,39.6529,1056000
2000-01-19,38.4336,39.7589,38.4336,38.9637,843600
2000-01-20,37.3204,38.5927,37.0023,38.5927,0
2000-01-21,37.2143,37.4264,36.4192,37.4264,1203300
2000-01-24,36.8432,37.4264,36.6842,37.3204,1352600
2000-01-25,37.2673,37.5324,37.0023,37.0553,998000
2000-01-26,38.3276,38.3276,37.1083,37.2143,989300
2000-01-27,39.5999,39.8119,38.2216,38.2216,1424300
2000-01-28,38.9107,39.4408,38.6457,39.2288,1538700
2000-01-31,40.7131,40.7131,38.8047,38.9107,1287400
2000-02-01,40.9252,41.1372,40.289,40.7131,797700
2000-02-02,39.6529,40.8722,39.5469,40.7131,929400
2000-02-03,38.5927,39.7059,38.3806,39.4408,1148700
2000-02-04,37.7975,38.9637,37.6914,38.6987,750800
2000-02-07,37.4264,37.7975,36.5252,37.7975,594400
2000-02-08,38.2216,38.9637,37.6384,37.6384,786200
2000-02-09,37.3734,38.3276,37.3734,38.0625,672700
2000-02-10,36.2071,37.7444,35.836,37.5324,722400
2000-02-11,35.73,36.8432,35.4649,36.2071,554600
2000-02-14,35.3059,35.73,35.0939,35.73,464800
2000-02-15,36.5782,36.6842,35.1999,35.2529,570800
2000-02-16,35.836,36.6842,35.571,35.571,511200
2000-02-17,35.4119,36.5782,35.0939,36.5782,635000
2000-02-18,33.9276,34.9348,33.0794,34.7758,1069600
2000-02-22,33.5035,33.9276,32.9204,33.6095,854600
2000-02-23,33.1854,33.6095,32.5493,33.5565,671000
2000-02-24,32.2312,33.1854,32.2312,33.1324,745000
2000-02-25,32.1252,33.2915,32.0192,32.4432,847100
2000-02-28,33.1324,33.6625,32.2842,32.3372,922400
2000-02-29,32.8144,33.2915,32.7613,33.2915,951700
2000-03-01,32.8674,33.0794,32.1252,32.7613,755900
2000-03-02,32.9734,33.0794,32.2312,32.8144,703100
2000-03-03,33.0264,33.5035,32.5493,33.5035,565800
2000-03-06,32.3372,33.2915,32.3372,33.0794,429800
2000-03-07,31.1179,32.3372,30.9589,32.3372,698800
2000-03-08,31.0649,31.5951,30.5348,31.33,862400
2000-03-09,31.383,31.7011,31.1179,31.224,867300
2000-03-10,31.7541,31.9131,31.383,31.5951,1001200
2000-03-13,31.489,32.1782,31.224,31.277,618400
2000-03-14,31.33,31.9131,31.277,31.436,668400
2000-03-15,33.9276,34.3517,31.383,31.383,1540200
2000-03-16,38.1156,47.8698,37.3734,37.5854,1954200
2000-03-17,37.0553,38.0625,36.4192,37.2143,1209600
2000-03-20,35.677,37.2143,35.1999,37.1613,594600
2000-03-21,37.4794,37.9565,35.571,35.783,1484300
2000-03-22,38.0095,38.1686,37.0023,37.6384,587600
2000-03-23,38.9637,39.1758,37.1083,37.5854,708900
2000-03-24,38.4336,39.5469,37.8505,38.7517,821300
2000-03-27,37.0023,38.5396,36.7902,38.4336,755100
2000-03-28,37.5854,38.5396,36.7902,38.4336,792600
2000-03-29,37.5324,37.7975,37.2143,37.7975,671500
2000-03-30,37.4264,38.5927,36.8963,38.5927,898000
2000-03-31,38.2216,39.3348,37.1613,38.1686,854200
2000-04-03,39.971,40.289,37.1613,38.1686,1018600
2000-04-04,38.9107,40.6601,38.4336,38.6457,1066500
2000-04-05,38.5396,39.3878,38.4336,39.3878,858900
2000-04-06,38.6987,39.0167,38.3276,39.0167,745200
2000-04-07,37.5324,39.0167,37.5324,38.6987,723300
2000-04-10,38.5927,38.8577,37.4264,38.6987,617700
2000-04-11,39.6529,39.7589,38.4866,38.5927,784200
2000-04-12,40.52,41.7512,39.396,39.396,1628700
2000-04-13,40.1454,41.7512,39.9848,39.9848,636100
2000-04-14,38.3254,39.396,38.2184,39.396,1537100
2000-04-17,38.0578,38.7536,37.2549,38.2719,884200
2000-04-18,38.7001,38.8607,37.0408,37.2549,831500
2000-04-19,37.469,38.5395,37.2549,38.5395,625400
2000-04-20,37.7366,38.379,37.3619,37.8972,504600
2000-04-24,39.1819,39.396,38.2184,38.2184,993500
2000-04-25,40.6806,41.1089,39.1819,39.6101,778600
2000-04-26,39.7707,40.6806,39.1819,40.6806,817000
2000-04-27,38.4325,38.8607,37.0943,38.5931,961200
2000-04-28,37.3619,38.3254,35.9702,38.1113,1157600
2000-05-01,37.6296,38.379,36.3984,38.1113,846200
2000-05-02,36.8267,37.8972,36.7731,37.6296,1178500
2000-05-03,36.3449,37.469,36.2914,37.1478,653900
2000-05-04,35.5955,36.3449,35.435,36.3449,464800
2000-05-05,35.7026,36.0237,35.1138,35.2209,371500
2000-05-08,36.9873,37.3619,35.6491,35.6491,528500
2000-05-09,36.8802,38.1648,36.6125,36.6125,483900
2000-05-10,36.8267,37.1478,36.6661,36.8267,554800
2000-05-11,38.2184,38.6466,37.5225,37.5225,706400
2000-05-12,38.7536,39.1819,37.8972,37.8972,404100
2000-05-15,38.7536,39.2354,38.5931,38.5931,704300
2000-05-16,38.4325,39.1283,38.1113,38.7536,521200
2000-05-17,38.2184,38.8072,38.1113,38.8072,379400
2000-05-18,39.0748,39.6101,38.2184,38.2184,491600
2000-05-19,37.7366,39.0213,37.469,38.5395,368500
2000-05-22,39.1283,39.2889,37.8437,37.9507,835400
2000-05-23,40.5736,40.8412,39.1819,39.396,727500
2000-05-24,41.5906,42.1794,41.2694,41.43,757500
2000-05-25,40.3059,41.4836,39.7707,40.7877,691400
2000-05-26,41.3765,42.0723,40.2524,40.4665,648600
2000-05-30,42.6076,42.7682,41.6441,41.8582,724800
2000-05-31,43.1429,43.1964,42.5005,42.6076,1122300
2000-06-01,45.8728,46.0334,43.1964,43.2499,1924600
2000-06-02,48.3886,49.245,47.8533,49.245,2165800
2000-06-05,46.6757,48.335,46.6757,47.9603,1671400
2000-06-06,45.8192,46.6757,45.0163,46.6757,1329600
2000-06-07,47.318,47.4786,45.9263,45.9263,794800
2000-06-08,46.5151,46.7292,46.0869,46.6757,733900
2000-06-09,46.5151,47.1039,46.0334,46.6757,960700
2000-06-12,47.1574,47.318,46.4616,46.4616,794200
2000-06-13,46.9968,47.318,46.3545,46.4616,698800
2000-06-14,47.8533,48.3886,46.9968,47.1039,1293600
2000-06-15,45.8192,46.408,44.5346,46.408,3127300
2000-06-16,43.7852,45.391,42.8217,45.391,2052800
2000-06-19,44.2134,45.0699,42.7146,43.7852,1480900
2000-06-20,44.4276,44.6416,44.1599,44.481,1002000
2000-06-21,44.7487,44.7487,43.357,44.2134,1626800
2000-06-22,44.1599,44.7487,43.7317,44.5346,891500
2000-06-23,43.7852,44.7487,43.7852,44.5346,618400
2000-06-26,43.7852,44.1063,43.5443,44.1063,955500
2000-06-27,43.1964,43.9993,42.9288,43.7852,1588000
2000-06-28,43.5176,44.6951,43.2499,43.6782,811900
2000-06-29,42.1794,43.1429,42.0188,43.1429,0
2000-06-30,40.1454,42.1794,39.7171,42.1794,1949000
2000-07-03,41.7512,42.1259,40.9482,41.1089,851600
2000-07-05,41.9118,42.7682,41.5371,41.8047,864200
2000-07-06,41.9118,42.1259,40.7877,42.1259,575700
2000-07-07,43.9458,44.1063,40.7877,42.1259,0
2000-07-10,43.5711,44.4276,43.464,43.5176,635900
2000-07-11,43.8387,43.9458,43.357,43.5711,459400
2000-07-12,44.2276,45.2536,43.7416,43.9575,810400
2000-07-13,42.3375,44.0656,42.2835,44.0115,818600
2000-07-14,44.0656,44.7676,43.2555,43.6335,884300
2000-07-17,43.5796,44.3895,43.2015,43.9575,1040300
2000-07-18,43.6335,44.3895,43.0395,43.6335,611800
2000-07-19,43.7955,44.3355,43.5796,43.5796,462600
2000-07-20,45.3076,46.0636,43.8495,43.8495,1030600
2000-07-21,45.3076,46.1176,45.1996,45.5236,778200
2000-07-24,46.1176,46.4956,45.1996,45.3076,755900
2000-07-25,46.3876,46.6036,46.0636,46.2256,675900
2000-07-26,44.8216,46.1716,44.6056,46.1716,818200
2000-07-27,44.9296,45.8476,44.4976,45.8476,505300
2000-07-28,43.7955,45.9556,43.7416,45.0916,410100
2000-07-31,43.9575,44.7676,43.9035,44.7676,483600
2000-08-01,45.2536,45.3076,43.6875,44.2816,578200
2000-08-02,45.1996,45.3076,44.8756,44.8756,638900
2000-08-03,47.1437,47.1437,45.0916,45.0916,646900
2000-08-04,49.7897,49.9518,48.1157,48.2237,1619300
2000-08-07,50.0058,50.0598,48.3857,49.6818,0
2000-08-08,50.1138,50.1138,49.4118,49.7897,901600
2000-08-09,50.1138,50.1138,49.6818,49.7897,1315500
2000-08-10,50.8158,51.3558,49.8438,50.2218,1245400
2000-08-11,50.6538,50.7618,50.1678,50.2218,679000
2000-08-14,50.9778,50.9778,49.4658,50.5458,812100
2000-08-15,50.8698,51.1398,50.3838,50.9778,768500
2000-08-16,49.9518,51.3018,49.7358,50.8698,396300
2000-08-17,50.0058,50.5458,49.7897,50.5458,422500
2000-08-18,49.1957,49.8438,49.0337,49.8438,479600
2000-08-21,49.3577,49.4118,48.8717,49.4118,453100
2000-08-22,51.0858,51.5718,49.3037,49.3577,728800
2000-08-23,50.5998,51.3018,50.1138,50.4378,556200
2000-08-24,50.0598,50.6538,49.7897,50.4378,485100
2000-08-25,50.2758,50.3838,49.8438,50.3838,636800
2000-08-28,50.4378,50.4918,49.8978,50.0598,738200
2000-08-29,49.3037,50.4378,48.7637,50.4378,912700
2000-08-30,50.0598,50.5458,49.1417,49.2497,1171800
2000-08-31,50.9238,51.6258,49.2497,49.2497,1276700
2000-09-01,50.9778,51.6258,50.8158,50.8158,737600
2000-09-05,51.1398,51.3018,50.6538,50.8158,544700
2000-09-06,51.7338,52.1118,51.5178,51.7338,1272900
2000-09-07,51.4098,52.1118,50.7618,51.7338,769600
2000-09-08,52.6519,52.6519,51.3018,51.4098,815800
2000-09-11,53.0839,53.2459,52.4358,52.4899,804200
2000-09-12,53.4619,53.7859,53.0299,53.5159,1064800
2000-09-13,54.812,55.352,53.0299,53.5159,1538200
2000-09-14,54.0019,54.7579,53.7859,54.5959,1106000
2000-09-15,52.8139,54.3799,52.4899,54.3799,1169700
2000-09-18,50.6538,52.8139,50.6538,52.8139,773200
2000-09-19,51.6798,51.9498,50.7078,51.9498,696800
2000-09-20,49.8438,51.4638,49.1417,51.4638,1379900
2000-09-21,48.7637,49.8978,47.3057,49.8978,1598200
2000-09-22,50.7618,50.7618,48.1697,48.3317,1057900
2000-09-25,52.2738,52.8679,50.9778,50.9778,1213500
2000-09-26,53.3539,53.4619,50.9778,50.9778,1286400
2000-09-27,55.1359,55.298,53.4619,53.4619,1633800
2000-09-28,56.81,56.864,54.812,54.9739,1300500
2000-09-29,56.27,57.3501,56.27,56.594,1407000
2000-10-02,57.296,57.404,56.108,56.27,0
2000-10-03,57.836,58.5381,57.242,58.2141,1018200
2000-10-04,57.728,58.5381,57.4581,57.728,1279900
2000-10-05,58.2141,58.6461,57.296,57.4581,1118700
2000-10-06,57.296,58.5921,56.702,57.4581,2174000
2000-10-09,55.946,56.756,55.406,56.162,855500
2000-10-10,54.3799,56.108,53.3539,55.946,1722600
2000-10-11,53.2742,54.3081,51.3696,54.3081,1552500
2000-10-12,50.4445,53.6007,50.3357,53.2742,1830900
2000-10-13,53.3286,53.9816,50.4445,50.4445,1453900
2000-10-16,54.4714,54.5257,52.4579,52.4579,624600
2000-10-17,52.3491,54.5257,52.3491,53.1109,970700
2000-10-18,50.8798,51.8049,49.0841,50.4989,2162300
2000-10-19,53.1653,53.383,51.4784,51.4784,818800
2000-10-20,52.8388,53.5463,52.6756,53.5463,958400
2000-10-23,52.6756,52.8388,52.0226,52.1858,732700
2000-10-24,54.6346,54.7434,52.7845,52.7845,1017100
2000-10-25,55.2876,55.8318,54.5257,54.8522,934000
2000-10-26,53.9816,55.8318,53.0021,54.8522,1015000
2000-10-27,56.2671,56.2671,53.8184,53.9816,918700
2000-10-30,58.2806,58.4438,56.2127,56.2671,1347500
2000-10-31,58.2261,58.335,56.5392,58.2806,1368000
2000-11-01,58.2261,58.2806,57.2466,57.8996,761500
2000-11-02,59.1512,59.1512,58.2261,58.2261,887300
2000-11-03,58.9336,59.641,57.8996,58.335,973200
2000-11-06,58.3894,59.3689,58.1717,58.335,1031600
2000-11-07,58.1173,58.2806,57.2466,57.8996,581700
2000-11-08,57.8996,58.0084,56.8113,58.0084,532600
2000-11-09,58.8791,59.1512,57.3555,57.6819,1221500
2000-11-10,58.607,59.5866,58.1445,58.8791,800500
2000-11-13,57.301,58.4982,56.2127,58.2261,939000
2000-11-14,57.7908,58.335,57.0289,57.8996,1210500
2000-11-15,56.0494,56.8113,55.6141,56.8113,1110300
2000-11-16,55.6141,56.0494,55.342,56.0494,769000
2000-11-17,53.7639,56.1583,53.383,56.0494,1397900
2000-11-20,52.5668,53.5463,51.3696,53.5463,1634800
2000-11-21,55.0699,55.5053,52.0226,52.8932,1254900
2000-11-22,54.9611,55.0155,53.7639,54.1993,927800
2000-11-24,55.2876,55.7229,54.9611,54.9611,280700
2000-11-27,55.5053,56.1583,55.4509,55.7229,894000
2000-11-28,55.8862,56.5936,55.5053,55.8318,1074400
2000-11-29,57.6275,57.6819,55.7229,55.7229,0
2000-11-30,57.8996,58.8791,56.4303,57.6275,1186100
2000-12-01,56.9201,58.335,56.5936,57.8452,889700
2000-12-04,56.5936,58.335,55.995,57.8452,715700
2000-12-05,57.7364,57.8452,55.8862,56.648,1369700
2000-12-06,56.5936,59.4777,55.7774,57.8452,1324700
2000-12-07,55.7229,57.4643,55.1788,55.7229,1408300
2000-12-08,57.5187,57.7364,56.1583,56.1583,967400
2000-12-11,60.3484,60.3484,57.5187,57.5731,1415400
2000-12-12,59.3145,59.6954,58.335,59.641,0
2000-12-13,58.7703,60.2396,58.335,59.4233,751000
2000-12-14,58.607,58.7703,57.6275,58.7703,1047300
2000-12-15,57.954,59.0424,57.8452,58.4438,1309500
2000-12-18,61.8721,62.1986,58.6614,58.7703,2149800
2000-12-19,62.6339,64.3208,60.947,61.8176,2357400
2000-12-20,62.7427,63.7767,61.2735,62.4706,2162900
2000-12-21,64.1032,64.1032,62.3618,63.1236,1039100
2000-12-22,63.9943,65.0283,63.559,64.212,801700
2000-12-26,65.2459,65.2459,63.3413,63.9943,494200
2000-12-27,64.4296,65.1371,63.9399,65.0827,666500
2000-12-28,65.3003,65.3003,64.1576,64.212,1149200
2000-12-29,63.6134,65.0827,63.5046,64.5385,858500
2001-01-02,61.8176,63.559,61.6544,63.559,959600
2001-01-03,63.2325,63.3413,59.6954,61.6,2285100
2001-01-04,64.865,66.0078,63.8855,64.212,1518700
2001-01-05,63.7767,64.6473,62.0353,64.6473,1480700
2001-01-08,62.6883,63.8311,61.7088,63.8311,817700
2001-01-09,61.1646,62.906,61.1102,62.6883,1014200
2001-01-10,62.3525,63.4484,61.0375,61.0375,1287200
2001-01-11,62.3525,63.3387,62.0786,62.5717,730100
2001-01-12,61.3663,62.4073,60.4348,62.3525,1114500
2001-01-16,63.3936,63.5579,60.9827,61.3663,1464800
2001-01-17,64.8181,65.6948,63.9415,64.8729,1612200
2001-01-18,63.2292,64.6538,62.6813,64.6538,1941700
2001-01-19,62.6813,63.2292,61.8046,63.2292,1225300
2001-01-22,63.3936,63.3936,61.3115,61.3663,1506200
2001-01-23,63.8319,64.1606,63.3387,63.3387,1045200
2001-01-24,64.2154,64.2702,63.284,63.8319,1093300
2001-01-25,64.7086,64.7086,63.5579,63.9963,872800
2001-01-26,65.1469,65.4209,64.325,64.4894,1141500
2001-01-29,64.9694,65.9161,63.5755,65.1447,1156700
2001-01-30,65.2674,65.2674,63.7333,64.9694,892500
2001-01-31,64.8203,65.3989,64.5135,65.2674,1118000
2001-02-01,64.7852,65.0307,64.4346,64.8729,1106100
2001-02-02,65.1359,65.6619,64.7064,64.7941,819300
2001-02-05,65.3989,65.3989,64.7239,65.0483,704400
2001-02-06,64.8729,64.9606,64.1716,64.8729,737100
2001-02-07,64.4346,65.4866,64.3469,64.6976,1060900
2001-02-08,63.9261,65.0921,63.5053,64.7327,1015000
2001-02-09,64.3732,64.5223,63.9086,63.9261,706900
2001-02-12,65.6006,65.7496,64.3908,64.3908,944400
2001-02-13,64.8554,66.1441,64.8291,65.6619,627300
2001-02-14,63.9963,65.2937,63.9963,65.0483,682500
2001-02-15,63.5579,64.2592,63.1021,64.1716,747100
2001-02-16,64.7239,65.2674,63.181,63.2073,1438300
2001-02-20,62.4095,64.8028,61.8046,64.7677,1510800
2001-02-21,61.5416,62.4183,61.3224,61.9799,919600
2001-02-22,59.8759,61.3663,59.2711,61.3663,2218700
2001-02-23,60.3756,60.4019,59.499,60.3493,1275400
2001-02-26,61.1559,61.1909,59.7883,60.928,851300
2001-02-27,62.4621,63.3475,61.2085,61.2085,1727900
2001-02-28,61.4627,62.6813,60.6123,62.4709,862400
2001-03-01,61.3663,61.4715,60.2266,60.8841,800500
2001-03-02,61.2173,62.4972,60.928,61.3663,901400
2001-03-05,60.174,61.7169,59.9198,61.2962,1393400
2001-03-06,60.0338,61.0594,59.8321,60.7088,858400
2001-03-07,60.6912,61.3575,59.7006,60.2266,968500
2001-03-08,60.4019,60.9893,60.0075,60.7,1076800
2001-03-09,59.5165,60.3932,58.8239,60.3844,974600
2001-03-12,56.0625,59.5078,55.9485,59.2974,1212900
2001-03-13,57.6405,57.8596,55.7556,56.194,1326000
2001-03-14,55.5715,56.5446,55.0105,56.194,1505500
2001-03-15,57.0706,57.1583,55.5803,56.1502,1049200
2001-03-16,55.931,56.72,55.7819,55.931,1572400
2001-03-19,56.7638,57.018,55.1683,55.931,1098500
2001-03-20,55.554,57.1583,55.3787,56.6761,1043900
2001-03-21,52.9065,55.405,52.8276,55.2297,1649100
2001-03-22,50.7148,52.8188,49.093,52.6873,2994900
2001-03-23,54.1864,55.0631,51.0129,51.2847,1711100
2001-03-26,55.6329,56.2729,54.4056,54.4056,1287500
2001-03-27,56.4745,56.72,54.2127,55.5452,1362700
2001-03-28,56.7638,57.3336,55.405,56.2554,1855600
2001-03-29,57.4125,57.8158,56.2816,56.983,1746900
2001-03-30,59.3938,59.3938,57.4651,57.6317,1318100
2001-04-02,59.8321,61.5416,57.8596,58.298,2406300
2001-04-03,58.7801,60.2178,58.5609,59.613,1277700
2001-04-04,56.9654,58.8678,56.2816,58.8678,1448000
2001-04-05,58.3856,58.5171,57.132,57.5966,948700
2001-04-06,57.9911,59.911,56.7287,58.9554,1282100
2001-04-09,58.298,59.087,57.8333,58.298,561600
2001-04-10,58.9867,59.8786,58.5894,58.766,851800
2001-04-11,59.0397,59.9934,58.8896,59.2517,976100
2001-04-12,59.2693,59.6314,58.8631,58.8631,645100
2001-04-16,59.3841,60.6203,58.4128,59.4901,601100
2001-04-17,58.0596,58.5982,57.5739,58.5011,1383800
2001-04-18,60.0375,60.9383,58.1302,58.9426,1545400
2001-04-19,60.6468,60.7087,58.3686,58.5011,1374900
2001-04-20,59.9139,60.9383,59.4282,60.7087,694800
2001-04-23,58.8631,60.0464,58.2185,59.6932,798600
2001-04-24,58.1213,59.3929,58.0154,58.8631,695000
2001-04-25,58.0154,58.4128,57.309,58.1302,908800
2001-04-26,56.2493,58.0596,55.6312,57.8388,1963200
2001-04-27,58.4393,58.4393,56.735,56.735,1159400
2001-04-30,57.4591,58.4128,57.203,58.1037,820600
2001-05-01,58.0596,58.0949,57.0352,57.1942,918500
2001-05-02,57.2648,58.4481,57.2207,57.8829,1349200
2001-05-03,56.3376,56.5584,55.4104,55.9844,1932600
2001-05-04,57.309,57.4856,55.278,55.278,974800
2001-05-07,56.3818,57.1853,56.1169,56.9999,1019900
2001-05-08,56.5319,56.5584,55.4987,56.3818,698400
2001-05-09,56.4789,56.8233,56.161,56.2493,796600
2001-05-10,56.2493,56.9469,55.852,56.735,674300
2001-05-11,55.7725,56.7791,55.5959,56.161,809500
2001-05-14,56.5319,56.735,55.746,55.9932,674400
2001-05-15,57.0352,57.4503,56.3376,56.4701,1121700
2001-05-16,59.2517,59.8874,56.108,56.4259,1648900
2001-05-17,58.9691,60.3113,58.9338,59.1633,1439800
2001-05-18,59.1015,59.649,58.5894,58.9691,729800
2001-05-21,59.2517,59.34,58.5011,58.8896,698000
2001-05-22,60.6557,61.2738,59.1633,59.1722,933500
2001-05-23,60.8411,61.0707,60.5321,60.9294,1161500
2001-05-24,61.2826,61.3268,60.797,60.8411,1186100
2001-05-25,61.0619,61.3709,60.6645,61.106,624900
2001-05-29,61.106,61.2031,60.3643,60.8853,675700
2001-05-30,60.9471,61.7771,60.6645,60.9294,751500
2001-05-31,61.1502,61.2561,60.1523,60.9559,731300
2001-06-01,61.8213,61.9007,60.6203,60.797,1052000
2001-06-04,62.7838,62.8279,61.7241,61.8213,887500
2001-06-05,62.5189,62.7661,62.1215,62.6867,815000
2001-06-06,62.0597,62.3069,61.3709,62.0774,630600
2001-06-07,61.5829,62.0332,61.1325,61.8389,640100
2001-06-08,60.8941,61.2561,60.5409,61.1502,360300
2001-06-11,60.9206,61.1855,60.4879,60.7528,667000
2001-06-12,60.9117,61.0177,59.6048,60.7528,699500
2001-06-13,60.3554,61.3268,60.2053,60.8411,642000
2001-06-14,59.4901,60.2671,59.4724,60.2671,408600
2001-06-15,58.9955,59.1192,58.2803,58.2803,1626700
2001-06-18,59.287,59.3664,58.3686,58.9955,615400
2001-06-19,58.9426,59.6932,58.5894,59.4371,1115200
2001-06-20,59.1633,59.5872,58.9514,58.9514,1019900
2001-06-21,61.1502,61.1502,59.1545,59.1545,1010400
2001-06-22,60.223,61.1502,59.6137,61.1502,622600
2001-06-25,58.8101,60.3996,58.7925,60.223,670100
2001-06-26,58.3421,58.9867,57.8388,58.5894,1231300
2001-06-27,58.086,59.3488,58.0596,58.5629,1121600
2001-06-28,57.8918,59.0132,57.8829,58.2803,875600
2001-06-29,58.0949,58.2273,56.9823,57.8388,1093000
2001-07-02,58.4569,58.4922,57.618,58.1037,986600
2001-07-03,57.8565,58.2891,57.5915,58.2803,326100
2001-07-05,57.7416,58.2803,57.4238,57.8388,498800
2001-07-06,56.7615,57.618,56.4701,57.618,679500
2001-07-09,56.6467,56.7703,56.2581,56.735,567700
2001-07-10,55.4811,56.6467,55.4104,56.6467,682300
2001-07-11,55.9171,56.273,54.9027,55.5256,633400
2001-07-12,56.6824,56.8158,55.6768,56.0595,768100
2001-07-13,57.5722,57.6078,56.5044,56.6112,775700
2001-07-16,54.876,57.6167,54.7247,57.5722,1155700
2001-07-17,55.2764,55.3031,54.4756,54.9027,1444700
2001-07-18,56.0595,56.0595,54.8137,55.2764,853500
2001-07-19,55.837,57.1718,55.3476,57.0383,1004900
2001-07-20,55.8459,56.3086,55.3921,55.5701,620400
2001-07-23,56.2909,56.7179,55.8459,56.0595,1020700
2001-07-24,55.8904,56.5667,55.6857,56.2819,773500
2001-07-25,56.273,56.4154,55.3565,56.104,551400
2001-07-26,56.6112,56.8158,55.6324,56.2819,696900
2001-07-27,57.4743,57.6612,56.5489,56.6201,1031200
2001-07-30,57.9014,57.9014,56.9315,57.6612,747800
2001-07-31,59.0404,59.512,57.7502,57.8836,1536500
2001-08-01,58.9337,59.2095,58.204,59.0315,1058400
2001-08-02,59.6455,60.0459,59.1828,59.4408,893400
2001-08-03,59.4942,59.9035,59.2451,59.5743,703100
2001-08-06,59.8324,60.0637,59.2718,59.2718,849300
2001-08-07,59.9214,60.2862,59.779,59.9747,876800
2001-08-08,59.7078,60.5531,59.5387,59.5743,643000
2001-08-09,59.7434,60.0637,59.2718,59.5298,668800
2001-08-10,60.0904,60.3396,59.3964,59.8146,641900
2001-08-13,60.6421,60.7578,59.7968,60.0637,1083300
2001-08-14,60.5353,61.443,60.3307,60.8646,880900
2001-08-15,60.7845,61.0248,60.5976,60.5976,823600
2001-08-16,60.4019,60.651,59.6188,60.651,788100
2001-08-17,60.1527,60.6421,59.9125,60.1972,1174400
2001-08-20,61.3362,61.3985,60.1082,60.1082,1166600
2001-08-21,61.4875,62.6354,60.9536,60.9536,1595700
2001-08-22,62.1104,62.2972,61.532,61.532,1283100
2001-08-23,61.9947,62.1104,61.7989,62.1104,895800
2001-08-24,60.8735,62.0214,60.5087,62.0214,1597000
2001-08-27,60.0637,60.7845,59.9837,60.7756,1512800
2001-08-28,59.6277,60.8646,59.432,60.1082,1031900
2001-08-29,57.8391,59.8235,57.7057,59.6188,2619900
2001-08-30,58.6489,58.9959,57.6612,57.7502,1352000
2001-08-31,59.254,59.5476,58.6489,58.6489,866300
2001-09-04,57.5722,58.8891,56.9938,57.6167,2243300
2001-09-05,56.5667,57.1718,56.4955,57.1718,1918500
2001-09-06,55.6056,56.4154,55.4366,56.3086,1143800
2001-09-07,53.4967,55.1518,53.4967,53.8794,2448200
2001-09-10,53.3455,53.7192,52.8561,52.9451,2001300
2001-09-17,50.7561,51.9217,48.9408,48.9408,2169400
2001-09-18,51.1921,52.0107,50.7205,50.8984,1071500
2001-09-19,50.1421,51.8773,49.0743,50.9874,2364100
2001-09-20,48.0599,49.9285,48.051,49.8306,1058200
2001-09-21,46.645,48.4425,45.506,45.6039,1917000
2001-09-24,49.2077,49.3857,47.5794,47.6061,1281500
2001-09-25,49.3857,49.7862,48.2734,48.6739,891200
2001-09-26,49.1811,49.8751,48.4514,49.4302,774400
2001-09-27,50.1421,50.1421,48.9408,49.0298,850500
2001-09-28,50.9429,51.2811,49.8306,50.2578,1270000
2001-10-01,50.9697,51.3878,50.1421,50.7917,689900
2001-10-02,51.7883,51.9662,50.1421,51.0586,787300
2001-10-03,52.598,52.9451,51.37,51.5658,1412700
2001-10-04,52.0819,53.3544,52.0819,52.598,1218400
2001-10-05,49.9018,52.0463,49.0298,51.8328,1603300
2001-10-08,49.2612,49.6883,48.3891,49.6794,1531700
2001-10-09,48.3624,48.834,47.4459,48.5849,1808200
2001-10-10,49.6283,49.6283,48.0303,48.3624,703200
2001-10-11,50.0412,50.5709,49.6193,49.6283,781200
2001-10-12,49.6013,50.1131,49.1973,50.0322,1060700
2001-10-15,49.6013,49.6462,48.2996,49.5116,1095700
2001-10-16,50.1669,50.948,49.6103,49.6103,929700
2001-10-17,49.718,50.7235,49.5026,50.2298,1013700
2001-10-18,47.5993,49.0088,47.4826,48.524,1556400
2001-10-19,47.2402,48.111,46.9529,47.716,1657100
2001-10-22,48.928,49.1255,47.3569,47.3569,1222700
2001-10-23,49.7809,50.1849,48.6407,48.928,827300
2001-10-24,50.3644,50.3644,49.5116,49.8707,811900
2001-10-25,51.9894,52.4742,50.0233,50.7235,1274400
2001-10-26,51.8457,52.2407,51.5405,51.8457,947200
2001-10-29,50.6248,51.8906,50.6068,51.8457,1018900
2001-10-30,50.3195,50.7953,49.4218,50.6787,694000
2001-10-31,49.2871,50.948,49.1973,50.948,1150100
2001-11-01,50.0233,50.2477,48.7934,49.2961,1139400
2001-11-02,50.0412,50.2567,49.3859,49.8707,728300
2001-11-05,50.8313,50.9839,50.1131,50.1131,1085500
2001-11-06,52.16,52.16,50.7325,50.8313,790900
2001-11-07,52.2946,53.0308,51.9176,51.9355,574000
2001-11-08,53.1924,53.9555,52.3844,52.3844,874500
2001-11-09,52.8782,53.1924,52.2048,53.1924,460400
2001-11-12,52.1151,52.7704,51.2622,52.7704,638900
2001-11-13,53.4078,53.8657,52.4293,52.5191,1043100
2001-11-14,53.6233,53.9645,53.0577,53.9555,535200
2001-11-15,51.756,53.5246,51.5943,53.5066,2583700
2001-11-16,49.9604,51.756,49.5744,51.4866,2418600
2001-11-19,50.93,51.0826,50.0053,50.0053,1296400
2001-11-20,50.6158,50.8941,50.3465,50.7505,815700
2001-11-21,50.4003,50.7594,50.2118,50.4542,375700
2001-11-23,51.0826,51.1185,50.2747,50.3195,333300
2001-11-26,51.5854,51.8008,50.8402,51.0826,900600
2001-11-27,51.5046,51.8906,50.7235,51.4148,997800
2001-11-28,50.4632,51.3789,50.3644,51.2802,649000
2001-11-29,51.1724,51.3969,50.2388,50.2388,1218800
2001-11-30,52.0253,52.2856,50.9839,51.1724,1740000
2001-12-03,50.8582,51.2622,50.2926,51.2622,1119700
2001-12-04,51.3071,51.3789,50.5171,50.8582,653200
2001-12-05,52.2497,52.4742,51.4058,51.5315,784800
2001-12-06,52.5819,53.1026,52.2587,52.2587,884600
2001-12-07,52.7884,52.8243,52.0702,52.5909,433200
2001-12-10,52.1061,52.5639,51.8906,52.4293,559400
2001-12-11,51.9355,52.4293,51.6213,52.2497,652500
2001-12-12,51.3161,52.16,51.0378,51.8008,947300
2001-12-13,50.3914,51.2353,50.3914,50.948,656600
2001-12-14,50.0053,50.5889,49.7988,50.0502,870000
2001-12-17,50.0771,50.3195,49.5564,49.5564,924000
2001-12-18,50.5889,50.7056,49.8707,50.3016,1010700
2001-12-19,51.0737,51.2263,50.1849,50.2747,713200
2001-12-20,50.9659,51.352,50.6787,51.0737,1117400
2001-12-21,50.0502,51.3969,50.0502,51.352,1388300
2001-12-24,49.8797,50.6517,49.8707,50.2747,295200
2001-12-26,49.8258,50.535,49.8258,49.9155,458500
2001-12-27,49.745,50.6248,49.6911,49.8797,552900
2001-12-28,50.4542,50.544,49.7809,49.9604,673100
2001-12-31,50.4542,50.6876,50.2388,50.4542,702200
2002-01-02,50.149,50.2388,49.3949,50.0053,1232400
2002-01-03,52.5191,52.5191,50.0053,50.149,2962100
2002-01-04,53.3091,53.7759,52.8872,53.2373,1519600
2002-01-07,54.548,54.7186,54.1799,54.3146,2064500
2002-01-08,54.1081,54.6378,53.9106,54.6378,935300
2002-01-09,54.0991,55.004,53.8004,54.6511,897000
2002-01-10,54.3977,54.6149,53.8909,54.0267,772300
2002-01-11,54.2529,55.1126,54.1172,54.6149,838300
2002-01-14,53.8457,54.4791,53.5289,54.1172,1366300
2002-01-15,54.9588,55.4294,54.1172,54.1172,1379600
2002-01-16,54.5696,55.2031,54.1715,54.9588,1220600
2002-01-17,55.1398,55.4294,54.4972,54.7959,1143900
2002-01-18,55.4384,55.6104,55.0221,55.1398,1113500
2002-01-22,55.3208,55.9814,55.2483,55.7642,782300
2002-01-23,55.6104,55.7642,54.8411,55.2031,747900
2002-01-24,56.6782,56.7144,55.7732,55.8366,1461800
2002-01-25,56.1081,56.8321,55.8819,56.5425,1566100
2002-01-28,55.9904,56.3796,55.6737,56.3343,649000
2002-01-29,50.7507,56.3072,48.814,55.6556,6305200
2002-01-30,50.4158,51.4023,48.6873,50.3163,5580100
2002-01-31,52.262,52.7145,50.8231,50.9045,2773900
2002-02-01,52.1896,53.0312,51.5832,52.262,1632700
2002-02-04,49.5832,51.8547,49.4656,51.8095,2099900
2002-02-05,48.9317,49.4566,48.4701,48.6783,1454500
2002-02-06,48.9588,49.1941,47.6104,48.9588,1425800
2002-02-07,48.805,50.4158,48.5244,48.8683,1135900
2002-02-08,50.4068,50.4068,48.9588,49.0312,1391600
2002-02-11,51.1489,51.2393,49.9724,50.4068,860700
2002-02-12,51.4384,51.5651,50.7688,51.1489,738800
2002-02-13,52.1262,52.4249,51.6466,52.0357,855000
2002-02-14,51.8095,52.8502,51.4023,52.1262,1029600
2002-02-15,51.538,51.9452,51.0131,51.5832,812100
2002-02-19,50.09,50.814,49.6828,50.6783,2209700
2002-02-20,50.4973,50.4973,49.2484,49.9995,1946700
2002-02-21,49.3117,50.633,49.1851,49.7733,2151400
2002-02-22,48.8683,49.2303,47.5108,48.8683,2167200
2002-02-25,50.2258,50.3615,48.7959,48.8683,1058100
2002-02-26,50.1353,50.7597,49.4113,50.1353,695000
2002-02-27,50.4882,51.1127,49.8638,50.3163,1172200
2002-02-28,49.719,51.0764,49.3208,50.4973,2101800
2002-03-01,50.4068,50.4973,49.1851,49.719,1488100
2002-03-04,51.8185,52.3525,50.9045,50.9045,1538300
2002-03-05,51.7642,52.9769,51.7642,51.8185,1328500
2002-03-06,52.7145,52.7145,51.5832,51.5832,1007000
2002-03-07,52.4249,53.3479,52.1443,53.1669,1165200
2002-03-08,52.3977,53.0583,52.2167,53.0312,964100
2002-03-11,53.2936,53.7733,52.3525,52.5787,998700
2002-03-12,54.0538,54.0991,52.7597,52.9859,1263100
2002-03-13,54.2981,54.6782,53.6466,53.9361,1964600
2002-03-14,54.7326,54.7326,54.1895,54.2076,1496300
2002-03-15,56.1534,56.2167,55.3479,55.4565,1431000
2002-03-18,56.0085,56.28,55.7099,56.0176,1515600
2002-03-19,56.4248,56.5877,56.0176,56.2348,901000
2002-03-20,55.547,56.0719,55.5289,56.0628,734200
2002-03-21,55.4927,55.5651,55.0312,55.366,1033500
2002-03-22,55.7642,55.9723,55.0493,55.4927,1190100
2002-03-25,54.995,55.7099,54.8683,55.4927,1154200
2002-03-26,55.6828,55.8094,54.8864,54.8864,777700
2002-03-27,56.5153,56.5606,55.4655,55.5199,792700
2002-03-28,55.6465,56.3524,55.004,56.2891,926000
2002-04-01,54.6601,55.6465,54.2076,55.6465,855100
2002-04-02,54.5515,54.9678,54.2529,54.4791,894500
2002-04-03,53.7552,54.7506,53.5742,54.5606,885900
2002-04-04,53.8004,54.1624,53.3932,53.7552,601400
2002-04-05,53.9905,54.7054,53.8547,53.9995,421100
2002-04-08,53.9,54.0719,53.5742,53.7642,1299200
2002-04-09,54.1624,54.5696,53.7914,53.9,917300
2002-04-10,54.3722,54.7645,54.1624,54.1624,1408400
2002-04-11,53.2592,54.3722,52.8761,54.3722,983800
2002-04-12,53.2775,53.5785,53.0038,53.2866,1323200
2002-04-15,52.3105,53.4964,51.9091,53.3687,1011200
2002-04-16,53.6424,53.8248,52.0185,52.3196,1875900
2002-04-17,53.8066,53.9799,52.8122,53.7336,1356800
2002-04-18,53.2592,53.8978,52.6389,53.5785,657800
2002-04-19,53.095,53.4599,52.5933,52.8943,1641000
2002-04-22,52.6389,53.7427,52.3196,53.095,866800
2002-04-23,52.1097,52.3652,51.5624,52.3652,1457300
2002-04-24,52.1371,52.4199,51.7266,52.3196,860400
2002-04-25,51.6901,52.2284,51.1792,52.2284,1382600
2002-04-26,51.0698,51.8178,51.0698,51.7266,682400
2002-04-29,49.9477,51.088,49.9477,50.8417,1861600
2002-04-30,50.3125,50.6319,50.0024,50.0662,1455400
2002-05-01,50.1757,50.3034,49.5371,50.2852,1139400
2002-05-02,50.9694,51.3617,50.0754,50.1757,2073600
2002-05-03,50.714,51.1975,50.3125,51.088,1056800
2002-05-06,50.0024,51.0789,49.9933,50.714,982600
2002-05-07,50.2213,51.088,50.1757,50.2213,1050500
2002-05-08,51.2248,51.3252,50.6866,50.6866,1238600
2002-05-09,50.6957,51.2613,50.6136,51.088,1285500
2002-05-10,49.7743,50.8143,49.6466,50.8143,926400
2002-05-13,50.1301,50.2305,49.5189,49.8564,1859400
2002-05-14,51.535,51.8634,50.4494,50.4494,2024200
2002-05-15,51.8178,52.1645,51.4347,51.5441,1077300
2002-05-16,51.3708,51.5715,51.0971,51.2248,1149400
2002-05-17,51.681,51.7722,51.2522,51.7722,1091100
2002-05-20,50.714,51.5989,50.4494,51.5989,804200
2002-05-21,50.5315,51.389,50.3582,50.9056,684500
2002-05-22,50.2213,51.0242,49.8473,50.7596,907900
2002-05-23,50.7778,50.8508,50.1666,50.5406,791400
2002-05-24,50.5862,50.9785,50.495,50.9785,1028900
2002-05-28,50.4403,50.6775,50.2669,50.6227,1002800
2002-05-29,50.6227,50.9511,50.3764,50.4403,909400
2002-05-30,50.6319,50.7687,50.2487,50.5862,737800
2002-05-31,51.3161,51.4985,50.5954,50.7687,928900
2002-06-03,50.1483,51.5441,50.1392,51.1336,832000
2002-06-04,49.7561,50.495,49.5919,50.495,929700
2002-06-05,50.1301,50.495,49.5371,49.902,883400
2002-06-06,49.3638,50.1301,49.0354,50.1301,995300
2002-06-07,49.4459,49.6101,49.0992,49.1357,1102000
2002-06-10,49.5098,49.6466,49.2178,49.3546,773600
2002-06-11,49.0992,49.9203,48.9532,49.6922,681700
2002-06-12,48.6157,49.4003,48.4423,49.0992,1181800
2002-06-13,48.0501,48.8255,47.9406,48.6248,790800
2002-06-14,48.5792,48.716,46.6178,47.822,1226200
2002-06-17,49.975,50.0115,48.716,48.8985,734400
2002-06-18,50.0389,50.2213,49.3546,49.7469,514100
2002-06-19,49.3091,49.9112,49.2543,49.902,711300
2002-06-20,48.4789,49.2269,48.3968,48.9441,814200
2002-06-21,47.9041,48.4241,47.7034,47.9406,1050500
2002-06-24,47.8403,48.3238,47.0648,47.8768,881600
2002-06-25,47.2199,48.3512,47.2199,47.9862,941100
2002-06-26,46.5266,46.709,45.2494,46.1617,1457500
2002-06-27,47.156,47.2108,46.3715,46.8915,848200
2002-06-28,47.6943,48.415,47.156,47.1652,815000
2002-07-01,47.1104,48.1231,46.9645,47.749,698400
2002-07-02,45.2311,46.9736,45.1764,46.8824,1705000
2002-07-03,44.7476,45.6143,43.9174,45.2311,1088600
2002-07-05,46.5995,46.5995,45.0669,45.1581,495900
2002-07-08,46.5904,47.0283,46.0431,46.782,678200
2002-07-09,45.0669,46.855,45.003,46.6817,939500
2002-07-10,42.8559,45.6934,42.8559,45.6934,1768500
2002-07-11,43.9522,44.2194,42.3216,42.9112,1857600
2002-07-12,43.7588,44.1457,43.2981,43.9522,1467800
2002-07-15,43.6206,43.6851,42.2387,43.5284,1382000
2002-07-16,43.16,43.8969,42.6072,43.4363,898400
2002-07-17,42.9296,44.1825,42.2756,43.7956,942300
2002-07-18,36.5639,39.1526,30.1245,33.8094,13922600
2002-07-19,34.1687,35.79,34.0858,35.2373,4151000
2002-07-22,34.0765,35.0991,33.8555,34.1318,2977300
2002-07-23,33.1645,34.3806,33.1645,34.27,3143100
2002-07-24,35.615,35.6979,32.4275,32.5197,3392200
2002-07-25,36.1862,36.785,35.007,35.5229,1737700
2002-07-26,36.2691,36.527,35.6979,36.3428,1199300
2002-07-29,39.0328,39.1065,36.8495,36.8495,1771100
2002-07-30,38.9222,39.1065,38.2405,38.692,1628000
2002-07-31,38.8301,39.0052,38.3234,38.8762,1896100
2002-08-01,38.1024,38.8301,37.9365,38.8301,1339100
2002-08-02,37.6694,38.2774,37.4483,38.0839,1434500
2002-08-05,36.0664,37.651,35.9559,37.4391,1376200
2002-08-06,37.6049,38.4617,36.3981,36.3981,1422200
2002-08-07,38.3419,38.4156,37.5404,37.8628,1421500
2002-08-08,40.1199,40.5344,38.9683,39.0604,1894100
2002-08-09,40.1567,40.4791,39.429,39.8896,1099900
2002-08-12,39.9909,40.258,39.1894,39.6132,722000
2002-08-13,38.8209,40.0001,38.7196,39.8435,1150900
2002-08-14,40.3778,40.4423,38.1392,38.9683,1563200
2002-08-15,41.0687,41.3083,40.5344,40.5344,1036800
2002-08-16,40.6726,40.9858,40.3041,40.6726,687700
2002-08-19,41.3267,41.3912,40.5344,40.6726,830300
2002-08-20,41.1424,41.5386,40.645,41.0964,705100
2002-08-21,42.0913,42.119,40.9029,41.3727,1291800
2002-08-22,42.7454,42.9204,41.8794,42.0913,1033700
2002-08-23,43.1876,43.2981,42.3769,42.7546,1407900
2002-08-26,44.0351,44.0812,42.7178,43.3442,756000
2002-08-27,44.0996,44.2931,43.814,44.1917,1092900
2002-08-28,42.5611,43.9799,42.0176,43.9706,1531600
2002-08-29,41.5478,42.5611,40.4976,41.4649,2904200
2002-08-30,42.4598,42.8191,41.4649,41.4649,1486700
2002-09-03,40.8384,41.686,40.6726,41.686,1822800
2002-09-04,41.8334,41.8334,40.6726,40.7647,970100
2002-09-05,41.4925,42.0913,40.9029,41.3175,1535400
2002-09-06,42.3769,42.5151,41.7781,42.1005,757700
2002-09-09,43.2981,43.5284,41.6491,42.0545,1242600
2002-09-10,42.5059,43.2981,42.2848,43.2981,1605500
2002-09-11,42.5151,43.0126,42.3769,42.8375,1039300
2002-09-12,41.7505,42.4414,41.6399,42.4322,1440900
2002-09-13,41.2714,41.8702,40.9582,40.995,1770500
2002-09-16,40.949,41.4096,40.7279,41.0872,1075400
2002-09-17,40.0922,41.7965,40.0185,41.5017,1297200
2002-09-18,39.475,40.1843,38.8486,39.2816,1365400
2002-09-19,38.1392,38.7564,38.13,38.692,1363000
2002-09-20,38.8394,39.1987,38.1024,38.1484,1831500
2002-09-23,38.9131,39.171,37.9549,38.6367,1140300
2002-09-24,37.7707,39.0973,37.5404,38.4156,1426600
2002-09-25,39.7422,39.9356,37.9549,38.2313,1800000
2002-09-26,40.2488,40.5805,39.5026,39.8988,1250300
2002-09-27,38.5722,40.4239,38.3234,39.8803,1043200
2002-09-30,38.8486,39.3829,37.3654,38.563,1463400
2002-10-01,40.691,40.7463,38.0655,38.867,1037300
2002-10-02,38.0286,40.7003,37.6233,40.7003,2919300
2002-10-03,35.2005,38.0379,34.7306,38.0379,4532800
2002-10-04,34.7767,35.8638,34.4266,35.2097,2045400
2002-10-07,33.2659,35.0991,33.1829,34.7859,2061800
2002-10-08,35.1728,35.79,33.6251,33.8555,1913300
2002-10-09,33.487,34.1779,33.3948,34.1779,1485200
2002-10-10,35.2649,35.6519,33.2566,33.2566,1681300
2002-10-11,36.8126,37.8628,35.9282,35.9282,1540700
2002-10-14,36.9048,37.3101,36.2783,36.3889,1191200
2002-10-15,38.6459,38.8117,37.9089,37.9089,1068000
2002-10-16,37.7247,38.6459,37.6325,38.0471,1000000
2002-10-17,34.0305,36.6192,33.7173,36.0664,5678900
2002-10-18,34.9149,35.2005,33.6251,33.8739,2685500
2002-10-21,35.4216,35.8822,34.445,34.7675,1248700
2002-10-22,35.9375,36.0296,35.2005,35.6519,1655200
2002-10-23,37.1351,37.1351,35.4676,35.9375,1755900
2002-10-24,36.8679,37.8997,36.6652,37.7707,1623300
2002-10-25,37.1258,37.3285,36.3796,36.6376,939800
2002-10-28,37.5404,38.0102,37.1258,37.1258,1492300
2002-10-29,37.1995,37.6786,36.7113,37.5865,1522400
2002-10-30,37.6325,37.9181,36.8495,37.2088,2095100
2002-10-31,37.4575,37.9089,37.0429,37.7431,967500
2002-11-01,38.1853,38.3234,36.8771,37.2272,839400
2002-11-04,38.3695,39.1526,38.1208,38.1945,1230300
2002-11-05,38.5998,38.692,37.9458,38.3695,850900
2002-11-06,37.7891,38.609,37.0337,38.609,1354200
2002-11-07,36.4257,37.7984,36.2691,37.7984,1377000
2002-11-08,36.1585,37.218,35.8177,36.527,821800
2002-11-11,36.0388,36.4257,35.7716,36.1678,707100
2002-11-12,36.3244,36.8034,36.0941,36.1862,969300
2002-11-13,36.4533,36.6468,35.2834,36.3336,1037000
2002-11-14,37.3285,37.522,36.7113,36.9324,897100
2002-11-15,37.6878,37.7062,36.3704,37.3377,1395600
2002-11-18,36.5639,37.6878,36.5547,37.6878,1141800
2002-11-19,36.7205,37.218,36.2783,36.3336,867600
2002-11-20,38.1668,38.434,36.7389,36.8587,741400
2002-11-21,39.1987,39.6316,38.305,38.5446,1511700
2002-11-22,38.8117,39.3368,38.692,39.2078,861100
2002-11-25,38.6459,39.1802,37.8168,38.8209,818900
2002-11-26,38.1853,38.8301,37.7707,38.6551,990300
2002-11-27,39.2263,39.3737,37.826,38.259,749300
2002-11-29,38.8762,39.0881,38.7012,38.9959,334000
2002-12-02,38.5354,39.3552,38.0379,39.2908,738900
2002-12-03,38.1392,38.5446,37.5957,38.5446,878600
2002-12-04,38.3787,38.9222,37.5496,38.1484,875700
2002-12-05,37.5865,38.5538,37.5496,38.5538,731100
2002-12-06,38.2682,38.4985,37.089,37.5865,973900
2002-12-09,37.3193,38.0102,37.0982,37.8168,1094800
2002-12-10,38.2129,38.2129,37.3285,37.3285,962200
2002-12-11,38.305,38.5077,37.8905,38.2221,654500
2002-12-12,37.9734,38.4893,37.6141,38.3142,907400
2002-12-13,37.3838,37.9826,37.3101,37.9826,647800
2002-12-16,38.867,38.867,37.568,37.568,1062500
2002-12-17,38.3972,38.9868,38.3972,38.6459,998800
2002-12-18,37.4483,38.4064,37.3285,37.9549,876400
2002-12-19,37.4667,38.2405,37.264,37.264,815000
2002-12-20,38.4156,38.7196,37.4759,37.4759,1558200
2002-12-23,38.5077,38.7472,37.9549,38.4248,552400
2002-12-24,38.1853,38.4156,38.0379,38.2774,222400
2002-12-26,38.4432,39.4105,38.2405,38.2774,739200
2002-12-27,37.7984,38.6182,37.7891,38.4524,553700
2002-12-30,38.6551,38.7196,37.5496,37.9089,776300
2002-12-31,38.5998,38.8209,37.9273,38.5998,700000
2003-01-02,40.1199,40.1199,38.5169,39.0328,792500
2003-01-03,40.7003,40.7187,40.0001,40.0278,1109100
2003-01-06,41.686,41.861,40.5436,40.5805,1756200
2003-01-07,41.7781,42.1742,41.3175,41.6952,1598300
2003-01-08,41.6123,42.2019,41.3912,41.7873,1335400
2003-01-09,41.4096,42.0268,41.0872,41.4557,1137800
2003-01-10,41.1148,41.4741,40.8384,40.995,1050700
2003-01-13,41.0135,41.5939,40.7832,41.4096,794000
2003-01-14,41.382,41.5386,40.7647,40.8845,601900
2003-01-15,40.3502,41.3267,40.1383,41.3175,979000
2003-01-16,41.3543,41.6399,41.0227,41.4557,1759100
2003-01-17,41.6399,42.3308,41.1332,41.1332,1415400
2003-01-21,41.0779,42.0729,41.0779,42.0545,1124200
2003-01-22,40.6818,41.3451,40.6173,41.0872,2254500
2003-01-23,41.3175,41.5017,40.7647,40.9213,941200
2003-01-24,39.9632,41.5939,39.9632,41.4741,1437700
2003-01-27,39.7145,40.5897,39.3921,39.9172,1062400
2003-01-28,40.2765,40.3502,39.6592,40.1475,1229900
2003-01-29,40.7187,40.949,39.6685,40.0462,905800
2003-01-30,40.2028,41.124,40.1659,40.7279,1366800
2003-01-31,40.5713,40.8108,39.9448,40.212,1347000
2003-02-03,40.7739,40.8661,40.4055,40.5805,930100
2003-02-04,40.1936,40.7832,39.7974,40.7832,1016700
2003-02-05,39.8803,40.7647,39.6685,40.3778,869200
2003-02-06,39.5026,39.9172,39.1987,39.6685,1022100
2003-02-07,39.6592,40.0462,39.2908,39.5118,1222800
2003-02-10,39.6132,39.954,39.3737,39.8896,1186900
2003-02-11,39.0052,39.8251,38.7841,39.6869,903100
2003-02-12,38.8854,39.3829,38.7933,39.0144,1427100
2003-02-13,38.8762,38.9868,38.3511,38.738,969600
2003-02-14,39.9356,39.9356,38.692,38.8946,1895600
2003-02-18,40.6173,40.8016,40.0462,40.0462,828600
2003-02-19,40.8568,40.8568,40.4147,40.516,946300
2003-02-20,40.8292,41.2253,40.6265,40.8477,1171300
2003-02-21,41.4557,41.6399,40.4423,40.9766,1277800
2003-02-24,40.7647,41.2806,40.3317,41.2253,841100
2003-02-25,40.6173,40.7371,39.7974,40.3502,1424300
2003-02-26,40.1936,40.6173,40.0554,40.6173,744500
2003-02-27,40.9766,41.1977,40.2212,40.4884,756400
2003-02-28,41.3912,41.8242,41.1148,41.3175,1092000
2003-03-03,40.9398,41.9163,40.8384,41.686,1004900
2003-03-04,40.8568,41.0964,40.6818,41.0411,921000
2003-03-05,41.4741,41.5939,40.645,40.7187,758900
2003-03-06,40.8661,41.4741,40.7832,41.4741,757200
2003-03-07,41.9347,41.9347,40.4884,40.8661,1475400
2003-03-10,40.212,41.7781,40.1843,41.7136,1191300
2003-03-11,39.5303,40.4055,39.3737,40.1199,1476700
2003-03-12,39.1526,39.5855,38.7472,39.3829,1377800
2003-03-13,40.1752,40.1752,39.3921,39.6132,1609700
2003-03-14,39.4934,40.2488,39.3368,40.2396,2107600
2003-03-17,40.7463,40.7739,39.3,39.3184,1918200
2003-03-18,40.5897,40.995,40.2304,40.7463,1266100
2003-03-19,41.0227,41.0964,40.1936,40.5897,1436200
2003-03-20,41.4372,41.5017,40.0554,40.8108,1054200
2003-03-21,41.8426,42.0084,40.4055,41.4372,3077100
2003-03-24,40.4607,41.8426,40.2857,41.8426,1004900
2003-03-25,40.5713,41.2438,40.3317,40.5068,1535900
2003-03-26,39.954,40.5713,39.65,40.5713,1571700
2003-03-27,39.7882,40.0093,39.2171,39.954,863100
2003-03-28,39.5579,39.7974,39.1987,39.7882,997500
2003-03-31,39.042,39.3829,38.3695,38.3695,1047500
2003-04-01,39.429,39.8251,38.7472,39.1802,1106100
2003-04-02,40.2673,40.5068,40.0185,40.0738,1011400
2003-04-03,39.8619,40.4515,39.7974,40.4515,941600
2003-04-04,40.0554,40.387,39.7514,39.954,816500
2003-04-07,40.0369,41.3635,39.9448,40.8568,1014900
2003-04-08,40.1936,40.387,39.346,40.0369,1056000
2003-04-09,38.9868,40.3041,38.9315,39.8619,1315000
2003-04-10,39.4382,39.6777,38.9222,39.1065,1066000
2003-04-11,39.4842,40.1199,39.3276,39.8435,942800
2003-04-14,40.6358,40.6358,39.4658,39.604,1049900
2003-04-15,40.9029,41.1332,39.9909,40.6358,1405500
2003-04-16,40.0554,41.1516,39.954,40.9029,857300
2003-04-17,40.1199,40.258,39.3644,40.0646,1640200
2003-04-21,40.0738,40.212,39.7606,40.0738,1127600
2003-04-22,40.7555,40.7555,39.6408,39.954,1228500
2003-04-23,40.949,41.253,40.4791,40.6081,1352700
2003-04-24,40.2673,40.949,39.9356,40.949,901300
2003-04-25,39.9817,40.4423,39.6592,40.2673,1055700
2003-04-28,40.3686,40.6173,39.9817,40.2396,868900
2003-04-29,40.3317,40.5805,39.8896,40.4607,820700
2003-04-30,40.4423,40.5805,39.8435,40.1475,1403600
2003-05-01,40.2212,40.4607,39.3737,40.3317,1038800
2003-05-02,40.691,40.9674,39.9356,40.0093,1188000
2003-05-05,40.6726,41.0042,40.5252,40.691,823200
2003-05-06,41.1332,41.557,40.5344,40.8108,1281100
2003-05-07,40.8937,41.1793,40.5436,41.1332,938600
2003-05-08,40.7003,40.8937,40.4055,40.4884,1330900
2003-05-09,41.2714,41.3543,40.6265,40.8845,667200
2003-05-12,42.0084,42.2387,41.0872,41.2714,1059100
2003-05-13,43.4087,44.3207,42.0084,42.0084,4322600
2003-05-14,42.9757,44.3668,42.598,43.4179,1398300
2003-05-15,43.5284,43.6206,42.9757,43.0218,1304600
2003-05-16,43.7772,43.943,43.0955,43.3903,1332100
2003-05-19,42.3585,43.7772,42.3585,43.7772,905900
2003-05-20,42.4045,42.7915,42.119,42.3769,1096900
2003-05-21,43.031,43.2613,42.1926,42.2848,1004500
2003-05-22,43.4363,43.7956,42.4967,43.2981,1272700
2003-05-23,44.0259,44.1272,43.4363,43.4363,1069000
2003-05-27,44.201,44.4497,43.2981,43.9799,1751500
2003-05-28,44.2194,44.4589,43.8877,44.1088,1271300
2003-05-29,43.8324,44.68,43.7588,44.2194,1312100
2003-05-30,45.3709,45.3709,44.2194,44.2654,1534500
2003-06-02,45.3433,46.0618,45.3433,45.6749,1285200
2003-06-03,44.855,45.1498,43.4824,45.1406,2959100
2003-06-04,45.9237,46.1539,44.7445,44.7445,1596000
2003-06-05,45.7579,46.0342,45.0946,45.9237,1131800
2003-06-06,45.0024,46.1632,44.9472,45.896,1545000
2003-06-09,44.1457,44.6524,44.0075,44.5878,1194300
2003-06-10,44.3391,44.4036,43.8509,44.072,1051500
2003-06-11,45.2972,45.2972,44.247,44.3483,871900
2003-06-12,45.4446,45.546,44.6708,45.417,709800
2003-06-13,45.0485,45.7026,44.6524,45.6288,553900
2003-06-16,45.9329,45.9882,45.1406,45.2327,864600
2003-06-17,45.4815,45.9329,45.1775,45.9329,889300
2003-06-18,44.7352,45.6749,44.68,45.4907,1366900
2003-06-19,43.9614,44.7998,43.8877,44.7998,1194800
2003-06-20,44.68,45.1406,44.1917,44.2194,1451600
2003-06-23,44.3391,44.9932,44.2839,44.8182,1342700
2003-06-24,44.5418,45.0393,44.201,44.2194,991400
2003-06-25,44.2839,45.4078,44.2839,44.6616,1226700
2003-06-26,44.7721,45.0485,43.8048,44.0812,917800
2003-06-27,44.7813,45.3709,44.5695,44.9564,1186000
2003-06-30,44.9656,45.8408,44.9656,45.1406,1260000
2003-07-01,45.2788,45.288,44.3207,44.68,1027800
2003-07-02,45.1867,45.4078,44.9472,45.242,829300
2003-07-03,44.809,45.3986,44.7813,45.0301,511800
2003-07-07,45.546,45.7855,45.1406,45.1406,705500
2003-07-08,45.9697,46.2185,45.1406,45.417,868900
2003-07-09,45.5046,46.1837,45.3,46.0162,918700
2003-07-10,45.0023,45.5046,44.4163,45.5046,859200
2003-07-11,44.9465,45.3837,44.714,45.0023,743900
2003-07-14,45.579,45.9139,45.3093,45.3744,1141900
2003-07-15,44.8814,45.8581,44.7977,45.8581,1443800
2003-07-16,44.7698,45.114,43.8954,44.9744,1894400
2003-07-17,44.1094,44.6954,43.9326,44.5745,723800
2003-07-18,44.6303,44.8535,44.0256,44.1745,767500
2003-07-21,44.6489,45.2535,44.0443,44.6303,1042000
2003-07-22,45.2535,45.4674,44.6582,44.7605,862200
2003-07-23,45.4488,45.4674,44.9744,45.4395,788900
2003-07-24,45.4767,46.0814,45.4302,45.9046,1318700
2003-07-25,46.2302,46.2581,45.5419,45.7651,1061500
2003-07-28,46.1674,46.1674,46.1674,46.1674,794000
2003-07-29,45.9883,46.4441,45.7651,46.1186,926600
2003-07-30,46.0256,46.2209,45.8209,46.1279,540600
2003-07-31,45.5326,46.2302,45.4674,46.1558,1141400
2003-08-01,45.114,45.6163,45.0489,45.579,829900
2003-08-04,45.207,45.2628,43.9698,45.114,915000
2003-08-05,44.0629,44.9837,44.0256,44.9279,1253600
2003-08-06,44.2582,44.6675,43.7373,44.0536,724800
2003-08-07,44.5652,44.6954,43.7838,44.2582,854100
2003-08-08,44.8535,45.021,44.6024,44.6582,417700
2003-08-11,44.6117,45.1698,44.4256,44.7698,509100
2003-08-12,45.4302,45.486,44.6675,44.7419,752600
2003-08-13,45.0117,45.5419,44.8535,45.486,487300
2003-08-14,45.0117,45.1605,44.4907,45.1605,893800
2003-08-15,44.9372,45.1605,44.7233,45.1326,264100
2003-08-18,45.1512,45.1605,44.7977,44.9186,385700
2003-08-19,45.2442,45.3372,44.8349,45.207,531800
2003-08-20,45.1419,45.5698,45.0396,45.1047,410900
2003-08-21,44.714,45.1698,44.3698,45.1512,1134500
2003-08-22,43.6908,44.807,43.6815,44.807,959300
2003-08-25,44.0629,44.0629,43.1699,43.7652,1032100
2003-08-26,44.128,44.2675,43.5233,43.9047,818800
2003-08-27,43.8768,44.035,43.7652,43.9512,437000
2003-08-28,44.0722,44.1745,43.7001,43.9047,650700
2003-08-29,44.2768,44.2768,43.8117,44.0722,627000
2003-09-02,44.7233,44.8154,44.007,44.3047,752300
2003-09-03,44.7419,44.7884,44.341,44.7605,998400
2003-09-04,45.0954,45.1605,44.7047,44.7419,940400
2003-09-05,45.0396,45.3837,44.9,44.9279,925500
2003-09-08,45.393,45.4395,44.8628,45.0396,719300
2003-09-09,45.114,45.3186,44.9279,45.1605,530400
2003-09-10,44.6489,45.4395,44.2582,45.114,1395400
2003-09-11,44.7791,45.207,44.7791,44.8256,831500
2003-09-12,44.9279,45.0768,44.4173,44.7419,779500
2003-09-15,44.6675,45.0023,44.6489,44.9279,779700
2003-09-16,44.6489,44.9744,44.5093,44.7605,1099100
2003-09-17,44.5186,44.807,44.5093,44.6489,595100
2003-09-18,45.2535,45.3465,44.2954,44.3326,1263200
2003-09-19,45.486,45.8302,45.114,45.3372,1200500
2003-09-22,44.8349,45.2535,44.7326,45.114,624400
2003-09-23,44.7326,44.9465,44.5931,44.7233,964000
2003-09-24,44.4163,44.7512,44.3419,44.6024,729300
2003-09-25,43.9326,44.6489,43.9326,44.4535,758000
2003-09-26,44.1745,44.3698,43.542,43.8861,1667900
2003-09-29,44.3233,44.6303,44.0908,44.4628,737500
2003-09-30,44.2582,44.5186,43.7187,44.3233,1152700
2003-10-01,45.3465,45.4209,44.3047,44.4163,832700
2003-10-02,45.2163,45.4209,44.7884,45.4209,727600
2003-10-03,45.393,45.9418,45.2163,45.2163,704300
2003-10-06,45.8395,46.0348,45.3,45.393,360100
2003-10-07,46.193,46.193,45.3465,45.8395,970200
2003-10-08,45.6256,45.9976,45.4302,45.7279,783800
2003-10-09,45.9046,46.4999,45.6628,46.1837,957000
2003-10-10,45.8302,46.0442,45.7186,45.8116,401800
2003-10-13,46.4999,46.4999,45.8581,45.8581,699600
2003-10-14,46.6302,46.6302,46.0442,46.5092,552900
2003-10-15,45.7744,46.6395,45.6814,46.6395,835700
2003-10-16,46.2953,47.0953,45.3,45.7744,1826800
2003-10-17,46.3232,46.5567,46.1837,46.286,1545200
2003-10-20,46.8348,46.9743,46.1372,46.5092,1273600
2003-10-21,47.4022,47.6069,46.0907,46.8534,1830700
2003-10-22,47.2348,47.4022,46.8813,47.4022,1241600
2003-10-23,47.4022,47.5603,46.9836,47.2348,1266300
2003-10-24,47.2441,47.5231,46.8906,47.4022,1215700
2003-10-27,49.0672,51.1044,47.2441,47.8859,3490100
2003-10-28,49.5323,49.5696,49.2068,49.2068,1199100
2003-10-29,49.5323,49.5323,48.9184,49.5323,679000
2003-10-30,49.737,49.737,49.3463,49.6719,788900
2003-10-31,49.7835,50.0067,49.523,49.737,1012500
2003-11-03,50.3695,50.4067,49.8858,49.9044,1008654
2003-11-04,50.2858,50.3695,49.8486,50.3695,882002
2003-11-05,50.5742,50.5742,50.0067,50.0439,1064300
2003-11-06,51.1881,51.1881,49.6161,50.509,1020700
2003-11-07,51.1602,51.6718,51.0206,51.216,1299900
2003-11-10,50.4532,51.0951,50.2672,51.0206,799100
2003-11-11,50.4625,50.5183,50.0998,50.5183,409600
2003-11-12,50.6951,50.8625,50.4904,50.7695,772000
2003-11-13,50.8067,50.8532,50.3416,50.6021,625900
2003-11-14,50.2393,50.9741,50.1091,50.8067,1010700
2003-11-17,49.8858,50.2393,49.523,50.2393,950600
2003-11-18,49.5882,49.9788,49.4672,49.9695,847700
2003-11-19,49.5789,49.6533,48.8719,48.9277,1213100
2003-11-20,49.4021,49.8951,49.0765,49.6719,735000
2003-11-21,49.3928,49.6719,49.2812,49.5789,683700
2003-11-24,50.0625,50.1556,49.2998,49.5137,770100
2003-11-25,50.5183,50.7695,49.8393,50.016,702700
2003-11-26,50.509,50.7509,50.3137,50.5648,499200
2003-11-28,50.5648,50.7044,50.3416,50.5183,200300
2003-12-01,50.9183,51.0113,50.4904,50.6486,689700
2003-12-02,50.5183,51.1881,50.4997,51.002,1091600
2003-12-03,49.9695,50.3323,49.3184,50.3323,1616200
2003-12-04,49.8579,50.0718,49.7091,49.8393,803200
2003-12-05,49.1975,50.016,49.1696,49.6905,1037900
2003-12-08,49.7091,49.8114,49.0115,49.0115,913600
2003-12-09,49.3091,49.6719,49.0952,49.6161,909400
2003-12-10,49.0486,49.4486,48.8812,49.2626,825000
2003-12-11,49.6347,49.8114,49.1789,49.1789,526400
2003-12-12,49.3928,49.7463,49.1138,49.7463,615000
2003-12-15,48.6673,49.7556,48.6673,49.7556,924300
2003-12-16,49.5416,49.6626,48.5835,48.5835,799900
2003-12-17,49.5975,49.6068,49.2998,49.4858,664000
2003-12-18,49.923,49.9788,49.3742,49.5789,677600
2003-12-19,49.8765,50.23,49.0486,49.0486,1052000
2003-12-22,49.9416,50.0625,49.6254,49.7556,571000
2003-12-23,50.1835,50.4718,49.9416,49.9974,414400
2003-12-24,50.1649,50.2207,49.9974,50.1742,209500
2003-12-26,50.2858,50.323,50.0905,50.1742,177600
2003-12-29,50.7323,50.7323,50.1137,50.23,584900
2003-12-30,50.9276,50.9555,50.6021,50.6393,633600
2003-12-31,50.816,51.0113,50.5742,51.002,687000
2004-01-02,50.6579,51.5043,50.5555,50.909,928200
2004-01-05,50.0067,50.9276,49.5789,50.7881,1837400
2004-01-06,50.416,50.5369,49.9974,49.9974,669200
2004-01-07,50.2765,50.4625,49.7649,50.1742,1221300
2004-01-08,50.1184,50.3974,49.8672,50.2393,721700
2004-01-09,50.2951,50.5742,50.1184,50.1184,622700
2004-01-12,50.4171,50.6049,50.22,50.4265,1161900
2004-01-13,49.6285,50.3514,49.4595,50.22,1175400
2004-01-14,49.8632,50.0698,49.6567,49.8538,673600
2004-01-15,51.1025,51.6095,50.5392,51.1683,2167700
2004-01-16,51.5532,51.5626,51.0368,51.3842,902600
2004-01-20,51.1589,51.5907,50.9899,51.5532,652800
2004-01-21,51.6658,51.9475,50.4829,51.1589,1466200
2004-01-22,51.572,51.8254,51.356,51.7503,702200
2004-01-23,51.9381,52.7455,51.5438,51.741,1162900
2004-01-26,52.6047,52.6047,51.2527,51.8818,1465800
2004-01-27,52.5765,52.9052,52.4169,52.6047,1101800
2004-01-28,52.8113,53.3652,52.6798,52.6798,2027300
2004-01-29,52.9052,52.9521,52.4169,52.8113,1628400
2004-01-30,53.0554,53.1868,52.492,52.5296,827700
2004-02-02,53.046,53.5342,52.7174,53.0084,914500
2004-02-03,52.3512,53.1305,52.2949,53.1305,1006400
2004-02-04,52.5108,53.046,52.2104,52.2104,1247400
2004-02-05,52.5672,52.7174,52.0508,52.492,1005300
2004-02-06,53.2431,53.4215,52.6986,52.7174,830200
2004-02-09,52.9897,53.2901,52.7831,53.1211,654200
2004-02-10,53.3746,53.4403,52.8582,52.9897,891900
2004-02-11,53.8534,53.9849,53.1399,53.1868,983400
2004-02-12,53.8065,53.8628,53.4873,53.8534,503600
2004-02-13,53.675,54.229,53.553,53.5718,531200
2004-02-17,53.6844,54.2383,53.5718,54.1539,821800
2004-02-18,53.2901,53.7595,53.1586,53.7501,593300
2004-02-19,52.9803,53.4685,52.9427,53.384,1240000
2004-02-20,53.0554,53.2807,52.5672,52.9803,765600
2004-02-23,53.9379,54.9237,53.2619,53.3276,1788200
2004-02-24,53.4497,54.2102,53.0929,53.9379,1051900
2004-02-25,53.6469,53.891,53.384,53.6562,759100
2004-02-26,54.1351,54.2477,53.4685,53.6093,1002800
2004-02-27,55.0364,55.0833,53.337,53.337,1452800
2004-03-01,54.9049,56.1348,54.8298,55.0458,1230300
2004-03-02,54.3134,54.8017,54.1445,54.689,988600
2004-03-03,54.4543,54.689,54.2383,54.3604,768900
2004-03-04,54.6421,54.8768,54.4543,54.4543,619000
2004-03-05,55.1115,55.5715,54.4543,54.5575,808500
2004-03-08,54.9894,55.318,54.8955,54.9237,543700
2004-03-09,54.8955,55.0551,54.5106,54.9894,1041000
2004-03-10,53.9942,55.0364,53.844,54.9425,656500
2004-03-11,53.0272,54.351,52.9897,53.9942,1046800
2004-03-12,53.6375,53.9473,53.0742,53.1399,900600
2004-03-15,52.9145,53.5342,52.0695,53.4497,809200
2004-03-16,53.2338,53.5811,52.8019,53.1399,691800
2004-03-17,54.013,54.3604,53.3464,53.3558,807900
2004-03-18,53.5154,53.8722,52.9709,53.8722,992100
2004-03-19,52.5108,53.4873,52.37,53.4027,866700
2004-03-22,51.9381,52.3418,51.4969,52.3418,1063800
2004-03-23,52.0602,52.6235,52.0602,52.2104,972100
2004-03-24,51.6189,52.1634,51.4781,52.1353,848200
2004-03-25,52.3606,52.4451,51.7222,52.0508,670200
2004-03-26,51.9381,52.3324,51.9381,52.154,495600
2004-03-29,52.37,52.6798,52.0789,52.0789,592600
2004-03-30,52.3794,52.5484,52.1916,52.37,574200
2004-03-31,52.032,52.3418,51.9193,52.3137,789400
2004-04-01,52.2855,52.3794,51.9757,51.9757,868600
2004-04-02,51.5438,52.3512,51.0368,52.2855,1459100
2004-04-05,51.5813,51.6283,51.1495,51.5438,961900
2004-04-06,51.8161,51.9381,51.3091,51.356,539200
2004-04-07,51.6752,51.9475,51.4124,51.8161,499900
2004-04-08,51.5344,51.91,51.3748,51.8818,607600
2004-04-12,51.8471,52.0934,51.5628,51.7808,436600
2004-04-13,50.5301,51.9513,50.3974,51.8755,806400
2004-04-14,49.1846,50.3121,48.8909,50.2079,1371600
2004-04-15,48.7393,49.2415,48.0855,49.2415,1764200
2004-04-16,49.213,49.3836,48.7677,49.2225,1269900
2004-04-19,48.3792,49.0899,48.1897,49.0804,765700
2004-04-20,48.3129,49.0141,48.3129,48.6445,1183400
2004-04-21,48.3319,48.9572,48.0381,48.3129,1544900
2004-04-22,49.7815,50.17,48.654,48.8151,1268300
2004-04-23,49.7342,49.791,49.1751,49.6394,783400
2004-04-26,49.6489,50.1984,49.3646,49.9995,1018200
2004-04-27,49.9805,50.6059,49.8668,49.9805,852300
2004-04-28,49.412,49.9711,49.2888,49.9521,900000
2004-04-29,49.6963,50.2648,49.2604,49.3173,1165700
2004-04-30,50.3121,50.3311,49.6489,50.1226,1456300
2004-05-03,51.2028,51.2028,50.0753,50.2648,2067100
2004-05-04,51.2217,51.6102,51.0228,51.2028,1317400
2004-05-05,51.6007,52.0177,51.5344,51.7334,1384200
2004-05-06,51.2786,51.4965,50.6722,51.4965,743900
2004-05-07,50.1132,51.2028,50.1132,51.0701,1013900
2004-05-10,49.9805,50.2648,49.2036,50.1132,1092800
2004-05-11,50.2363,50.6059,49.8858,50.0753,817600
2004-05-12,50.4637,50.5206,49.611,49.9995,811000
2004-05-13,50.8427,51.1649,50.0468,50.1795,734400
2004-05-14,50.7859,51.3544,50.2742,50.8427,1002400
2004-05-17,50.5774,51.1365,50.1132,50.7859,873600
2004-05-18,51.1365,51.2407,50.7101,50.7196,485100
2004-05-19,51.6386,52.1977,51.2881,51.3733,1073100
2004-05-20,51.7808,51.9797,51.4965,51.6386,695100
2004-05-21,52.065,52.2829,51.7523,52.0177,749400
2004-05-24,52.5388,52.6714,52.2545,52.4914,1132600
2004-05-25,52.4345,52.5766,51.8186,52.5388,1570000
2004-05-26,52.5672,52.8514,52.1692,52.3777,1140400
2004-05-27,52.4724,53.0599,52.1124,53.0409,1001100
2004-05-28,52.3114,52.5672,52.0366,52.5103,936700
2004-06-01,52.0934,52.3114,51.8565,52.3114,1111200
2004-06-02,52.065,52.3682,51.8376,52.3682,1075200
2004-06-03,51.9608,52.1692,51.6292,52.084,644300
2004-06-04,51.8376,52.1977,51.7523,52.1313,694900
2004-06-07,52.1787,52.2924,51.9892,52.0745,625600
2004-06-08,52.2355,52.3493,51.8281,52.1124,802400
2004-06-09,51.7334,52.1408,51.6386,51.9418,935200
2004-06-10,51.7808,51.8471,51.686,51.8092,684800
2004-06-14,50.8143,51.705,50.7575,51.705,1075500
2004-06-15,51.2028,51.5155,51.0986,51.2028,860400
2004-06-16,51.0322,51.2122,50.928,51.1554,768800
2004-06-17,50.8806,51.1175,50.7954,51.0228,962500
2004-06-18,50.3879,50.909,50.3785,50.8238,1512900
2004-06-21,50.3121,50.9375,50.2269,50.5964,1243600
2004-06-22,51.0512,51.0512,49.6773,50.189,1204100
2004-06-23,51.4017,51.4776,50.6911,50.8901,1038800
2004-06-24,50.909,51.7334,50.909,51.4113,697000
2004-06-25,50.4069,51.0322,50.3974,51.0228,1421400
2004-06-28,50.4827,50.947,50.35,50.6153,867500
2004-06-29,49.8384,50.4069,49.791,50.3027,1082200
2004-06-30,50.2932,50.3027,49.3646,49.7815,1415200
2004-07-01,49.7436,50.2174,49.2699,50.2174,1145100
2004-07-02,49.9711,50.2742,49.7342,49.7436,544100
2004-07-06,49.7057,49.9047,49.1846,49.9047,819800
2004-07-07,50.0658,50.2932,49.5826,49.5826,685400
2004-07-08,50.0279,50.2742,49.6015,49.9047,895800
2004-07-09,50.0942,50.2079,49.8763,50.0279,994600
2004-07-12,50.5055,50.716,50.2186,50.2186,1681200
2004-07-13,50.1707,50.6107,50.1516,50.5055,972100
2004-07-14,49.4533,50.0177,49.2429,49.9316,1541900
2004-07-15,49.0038,49.769,48.9942,49.6925,1275800
2004-07-16,48.3629,48.889,46.775,48.889,4166900
2004-07-19,48.0663,48.3246,47.9037,48.315,1782000
2004-07-20,47.9803,48.0089,47.062,47.9898,1720400
2004-07-21,47.2724,48.0568,47.1098,47.1098,1867600
2004-07-22,47.5402,47.9229,46.8037,47.2724,1484200
2004-07-23,47.5307,47.7603,47.2437,47.4542,1175900
2004-07-26,47.8176,47.875,47.3585,47.7794,1057600
2004-07-27,48.0568,48.2003,47.7698,48.0568,1312900
2004-07-28,48.2194,48.4011,46.9854,48.2098,970100
2004-07-29,48.5446,48.6977,48.2385,48.6881,1131400
2004-07-30,48.4011,48.4203,48.1237,48.4203,800500
2004-08-02,48.6594,48.6594,47.875,48.1142,774900
2004-08-03,47.9898,48.5924,47.9037,48.5924,951100
2004-08-04,48.6116,48.6594,47.7794,47.7985,792400
2004-08-05,47.8846,48.6403,47.7507,48.4585,754500
2004-08-06,47.4159,48.1046,47.3585,47.6837,740900
2004-08-09,47.6455,47.8272,47.3585,47.6359,647700
2004-08-10,48.6307,48.6307,47.6168,47.722,1068400
2004-08-11,48.602,48.6785,48.229,48.4968,706200
2004-08-12,48.5542,48.602,48.1907,48.5159,760800
2004-08-13,48.7933,48.8698,48.3916,48.535,1226500
2004-08-16,50.3429,50.496,48.9751,48.9751,1827700
2004-08-17,50.4768,50.8594,50.2568,50.3429,1268300
2004-08-18,50.6395,50.6681,50.3525,50.4768,1143800
2004-08-19,50.3525,50.5821,50.1229,50.3716,847300
2004-08-20,50.8308,50.8594,50.1229,50.1229,865500
2004-08-23,50.2186,50.8212,50.1421,50.7925,869700
2004-08-24,50.3716,50.6395,50.1612,50.4577,448700
2004-08-25,51.0699,51.1751,50.4386,50.6012,762200
2004-08-26,51.3951,51.5003,50.869,51.1177,564300
2004-08-27,51.3569,51.596,51.1847,51.3282,493800
2004-08-30,50.9073,51.3856,50.8786,51.1464,432400
2004-08-31,51.3377,51.3377,50.7447,51.1368,853400
2004-09-01,51.1751,51.6438,50.8403,51.3951,716400
2004-09-02,51.5195,51.596,51.0508,51.309,462400
2004-09-03,51.3186,51.5673,51.2708,51.529,661800
2004-09-07,51.7682,51.8256,51.3282,51.6342,1082000
2004-09-08,51.3186,51.8684,51.2516,51.6438,673300
2004-09-09,50.8499,51.3377,50.7351,51.3186,970800
2004-09-10,50.6681,50.8021,50.4673,50.8021,785300
2004-09-13,50.9073,51.0029,50.4386,50.6299,1159900
2004-09-14,50.9647,51.8256,50.7734,51.0795,1127500
2004-09-15,50.8212,51.2708,50.4099,51.2516,1282700
2004-09-16,51.2899,51.3569,50.7734,50.7734,966000
2004-09-17,51.309,51.529,51.0795,51.4716,1319200
2004-09-20,50.9551,51.2612,50.7447,51.2516,684200
2004-09-21,51.5386,51.5673,50.9073,51.0412,1206000
2004-09-22,50.6107,51.3473,50.5821,51.3473,1006600
2004-09-23,50.2186,50.8882,50.1899,50.7064,841600
2004-09-24,50.9838,51.0508,50.3046,50.3142,939600
2004-09-27,50.649,51.0125,50.209,50.9838,946200
2004-09-28,51.0125,51.0412,50.4003,50.649,759900
2004-09-29,51.1751,51.1751,50.5534,50.8594,859900
2004-09-30,51.749,51.8351,51.1273,51.1751,1108200
2004-10-01,52.4282,52.4951,51.8734,51.9882,1185000
2004-10-04,53.3178,53.3752,52.6099,52.8012,1912200
2004-10-05,52.5621,53.3752,52.3134,53.3178,1329900
2004-10-06,52.7056,52.7247,52.2178,52.6865,869200
2004-10-07,52.1508,52.696,52.1317,52.696,765700
2004-10-08,51.8351,52.3804,51.6151,52.1317,900300
2004-10-11,51.816,52.0647,51.6534,52.0647,549700
2004-10-12,51.5673,51.7299,51.0316,51.7203,972900
2004-10-13,50.8977,51.5482,50.7734,51.5099,695300
2004-10-14,50.2186,51.0221,50.0081,50.8021,752200
2004-10-15,50.6873,50.9742,50.2281,50.5055,879300
2004-10-18,50.7064,50.9168,50.362,50.7638,810800
2004-10-19,49.9316,50.9647,49.9125,50.9073,717300
2004-10-20,49.8168,50.0273,49.5299,49.8073,1144600
2004-10-21,49.8646,50.1229,49.3194,49.9316,1137100
2004-10-22,49.1568,50.0464,49.0133,50.0464,811200
2004-10-25,49.1855,49.3098,48.4968,49.3098,817800
2004-10-26,49.6446,49.8455,49.1664,49.2812,1270500
2004-10-27,50.3046,50.3046,49.3768,49.7116,999400
2004-10-28,50.1516,50.8977,49.8838,50.1707,715300
2004-10-29,50.0273,50.3525,49.7881,50.2186,1005200
2004-11-01,50.4003,50.4577,50.1229,50.3525,933800
2004-11-02,50.7734,51.3186,50.5342,50.6395,1147000
2004-11-03,51.2421,51.5673,51.0508,51.3186,954400
2004-11-04,52.4282,52.476,51.0316,51.2229,1025700
2004-11-05,52.2082,52.8299,52.0456,52.5717,925200
2004-11-08,51.2708,51.6534,51.1751,51.1751,1190500
2004-11-09,51.3664,51.7299,51.2708,51.4621,793200
2004-11-10,51.9691,52.2369,51.2899,51.5482,1143900
2004-11-11,52.6195,52.6769,51.8543,52.2082,1139300
2004-11-12,53.2795,53.3178,52.5047,52.7343,1322500
2004-11-15,52.9926,53.2795,52.8204,53.2795,1188000
2004-11-16,52.323,52.9926,52.3038,52.9926,906100
2004-11-17,52.6099,53.3465,52.3899,52.7534,1118800
2004-11-18,52.2082,52.8682,52.1795,52.8682,1334400
2004-11-19,51.6534,52.2369,51.6534,52.2273,2073800
2004-11-22,52.0551,52.0743,51.5769,51.8734,1261200
2004-11-23,51.8447,52.103,51.5864,51.9882,861200
2004-11-24,51.9691,52.2847,51.8925,52.1508,386500
2004-11-26,52.0264,52.3612,51.9882,52.1317,255700
2004-11-29,52.1125,52.4473,51.8543,52.036,1609300
2004-11-30,52.036,52.2369,51.749,52.2369,987100
2004-12-01,53.1552,53.1552,52.1412,52.2751,1215700
2004-12-02,53.1169,53.3656,52.8873,53.0882,1275200
2004-12-03,53.4421,53.5186,52.7247,53.1743,1779900
2004-12-06,53.2795,53.4708,53.136,53.4708,1657300
2004-12-07,52.3421,53.5186,52.3421,53.5186,1314100
2004-12-08,52.4473,52.7056,52.1317,52.5525,841800
2004-12-09,52.8012,52.8299,52.0838,52.4186,920200
2004-12-10,52.7343,54.1021,52.5525,54.1021,670100
2004-12-13,53.1934,53.3465,52.8108,53.1552,1024200
2004-12-14,52.9352,53.2412,52.8873,53.0499,831600
2004-12-15,53.2508,53.3752,52.8012,52.8778,1179100
2004-12-16,53.2699,53.4421,53.0213,53.2508,1209600
2004-12-17,52.6673,53.3273,52.6004,52.8108,1322600
2004-12-20,52.9256,53.2508,52.8586,53.0404,1095200
2004-12-21,54.0639,54.1117,52.9543,53.0499,1278900
2004-12-22,54.0447,54.3891,53.7387,54.3317,1150500
2004-12-23,54.0543,54.3604,54.0352,54.2552,559100
2004-12-27,54.0543,54.4274,53.9395,54.2648,666600
2004-12-28,54.7048,54.743,53.9491,53.9587,982400
2004-12-29,54.4561,54.8291,54.303,54.7335,601900
2004-12-30,54.6282,54.8387,54.4848,54.5517,465000
2004-12-31,54.9439,55.1352,54.5135,54.6569,635700
2005-01-03,54.1117,55.0682,54.1021,54.9439,1193900
2005-01-04,53.7291,54.3413,53.4995,54.1404,973000
2005-01-05,53.2508,53.8056,53.2126,53.7099,1383000
2005-01-06,53.6143,54.5135,53.5569,53.9491,1710700
2005-01-07,53.2891,53.8439,53.2891,53.8439,1516600
2005-01-10,53.5473,54.0447,53.0595,53.0691,1932100
2005-01-11,53.7099,53.9778,53.1839,53.5186,1725600
2005-01-12,53.4009,53.9607,52.9859,53.9027,2046300
2005-01-13,52.7446,53.4781,52.4454,53.3237,1300000
2005-01-14,52.7446,52.7832,52.2137,52.6577,1485200
2005-01-18,53.4009,53.4781,52.2717,52.5998,1529300
2005-01-19,53.0824,53.536,53.0631,53.4009,699600
2005-01-20,52.7446,53.092,52.4454,52.8411,1160800
2005-01-21,51.0073,53.0631,50.4379,52.8411,5868500
2005-01-24,51.5768,51.8663,50.9494,51.2486,1931900
2005-01-25,51.2776,52.1172,51.1521,51.8663,1799000
2005-01-26,51.3065,51.7408,51.2969,51.6443,1613900
2005-01-27,51.1038,51.5092,51.0459,51.1714,1291000
2005-01-28,50.9784,51.2969,50.6888,51.2004,1475900
2005-01-31,51.9918,51.9918,50.9784,50.9784,1195900
2005-02-01,52.1172,52.6963,51.7119,51.9918,1230100
2005-02-02,51.6347,52.1655,51.6347,52.1172,1074100
2005-02-03,51.7698,51.8663,51.1907,51.4899,1397400
2005-02-04,52.3103,52.3103,51.5671,51.8084,921300
2005-02-07,52.677,53.4491,51.9918,52.0304,3228400
2005-02-08,51.9918,52.928,51.847,52.8893,1814700
2005-02-09,51.4223,52.0304,51.3741,51.9918,1300200
2005-02-10,51.2969,51.9435,51.2486,51.654,2280800
2005-02-11,50.8625,51.3837,50.824,51.2969,1830100
2005-02-14,50.6695,51.0556,50.5634,50.9591,1174900
2005-02-15,50.6985,50.8047,50.4669,50.7178,1517000
2005-02-16,50.5248,50.8047,50.3414,50.7564,1381200
2005-02-17,50.5248,51.1521,50.4282,50.6213,1951000
2005-02-18,50.3124,50.795,50.3124,50.6695,1480800
2005-02-22,49.7527,50.4765,49.7527,50.3028,2420900
2005-02-23,49.8492,50.4669,49.8492,50.0422,1314700
2005-02-24,50.5344,50.602,49.6562,49.8588,1511200
2005-02-25,51.017,51.2389,50.3896,50.5344,1404400
2005-02-28,50.8047,51.3355,50.6213,51.017,913500
2005-03-01,51.3355,51.5478,50.8143,50.8143,855400
2005-03-02,51.1907,51.5961,50.8625,50.988,957400
2005-03-03,51.5671,51.7891,51.181,51.2679,1703500
2005-03-04,52.484,52.5419,51.5864,51.7794,1591600
2005-03-07,52.648,52.8121,52.4454,52.4743,1262300
2005-03-08,52.7928,52.9376,52.0497,52.3199,1707600
2005-03-09,52.484,52.7735,52.3103,52.3392,2060300
2005-03-10,52.3199,52.7542,52.1944,52.4454,1584100
2005-03-11,51.4802,52.4261,51.2486,52.3199,1264000
2005-03-14,51.5864,51.818,51.0845,51.4899,1162100
2005-03-15,50.8625,51.8952,50.7178,51.818,917000
2005-03-16,50.4476,50.8625,50.1677,50.6502,1290600
2005-03-17,50.8047,51.017,50.2352,50.4669,855800
2005-03-18,50.4765,51.0459,50.187,50.8819,1214000
2005-03-21,50.1291,50.4765,49.9457,50.4765,958000
2005-03-22,49.8106,50.7178,49.6175,50.2256,1217100
2005-03-23,49.2122,49.8299,49.1736,49.7527,1957100
2005-03-24,48.6427,49.4631,48.5462,49.3087,1379300
2005-03-28,49.3763,49.5886,48.7972,48.884,1458800
2005-03-29,49.0385,49.6754,48.7489,48.8937,1098700
2005-03-30,49.8685,49.8685,49.0288,49.1832,1090500
2005-03-31,49.6851,50.2931,49.3377,49.8492,1342800
2005-04-01,49.521,50.4765,49.2411,50.2352,1606300
2005-04-04,49.7816,49.8685,49.1736,49.5596,920000
2005-04-05,49.6754,50.1677,49.521,49.9553,783600
2005-04-06,50.4765,50.4765,49.8009,49.9167,1111800
2005-04-07,50.1387,50.4862,49.8106,50.4765,1617800
2005-04-08,49.4149,50.2642,49.2218,50.0712,1167800
2005-04-11,49.3087,49.5403,49.1253,49.4438,939000
2005-04-12,50.0496,50.1471,48.919,49.1237,1180400
2005-04-13,50.0496,50.5175,49.9034,50.1666,1522100
2005-04-14,49.2016,50.0009,49.2016,50.0009,1301000
2005-04-15,48.1295,49.4843,48.1295,49.2016,1982400
2005-04-18,48.8313,49.1139,48.3439,48.4804,1417800
2005-04-19,49.0944,49.494,48.763,49.2016,1250500
2005-04-20,48.5974,49.0944,48.1003,49.0847,1942300
2005-04-21,50.4882,50.4882,49.0457,49.6792,2654400
2005-04-22,50.4882,51.112,49.8937,50.1958,1451400
2005-04-25,51.2485,51.6578,50.4005,50.5175,2011900
2005-04-26,51.1218,51.6383,50.9756,51.2485,1489500
2005-04-27,51.3654,51.7845,50.6832,50.7904,1526800
2005-04-28,51.5799,51.7748,50.8878,51.4044,1427200
2005-04-29,51.882,52.1062,51.268,52.0964,1711200
2005-05-02,52.2037,52.4961,51.7066,52.3304,986800
2005-05-03,52.5838,52.7397,52.0087,52.2426,1526900
2005-05-04,53.0029,53.1881,51.6773,52.5545,1681300
2005-05-05,52.8957,53.1199,52.2914,53.0029,1040400
2005-05-06,52.5643,53.0516,52.3401,53.0126,1082000
2005-05-09,53.0321,53.4902,52.3986,53.4902,916700
2005-05-10,53.1783,53.3635,52.8762,53.0809,1802600
2005-05-11,53.0614,53.383,52.7007,53.2758,1616900
2005-05-12,52.8469,53.3733,52.3011,52.3011,1284200
2005-05-13,52.2524,53.1101,51.999,52.8664,1327300
2005-05-16,53.2758,53.2758,52.2231,52.2524,1548600
2005-05-17,53.6559,53.7144,52.9347,53.1881,1304500
2005-05-18,54.27,54.4356,53.7436,53.7436,1313400
2005-05-19,54.1043,54.4844,53.7242,54.27,1255200
2005-05-20,54.0068,54.075,53.6657,54.0653,1113300
2005-05-23,53.8801,54.0068,53.6754,53.7436,1115400
2005-05-24,53.9093,54.0263,53.4902,53.9971,1782200
2005-05-25,53.5,53.7522,53.2758,53.7144,1145100
2005-05-26,53.6072,53.9386,53.5292,53.6949,1359900
2005-05-27,53.6462,53.7924,53.5487,53.6754,429800
2005-05-31,53.266,53.6657,53.1686,53.5584,878800
2005-06-01,53.5195,53.9093,52.9249,53.0126,1366400
2005-06-02,53.6072,53.6072,53.1491,53.5584,1056000
2005-06-03,53.4318,53.5779,53.1783,53.3927,991400
2005-06-06,53.2563,53.4805,53.1978,53.3538,1684400
2005-06-07,53.3635,53.7631,53.2563,53.4025,1212400
2005-06-08,53.3245,53.5487,53.266,53.422,1077200
2005-06-09,53.383,53.5877,53.1978,53.422,1041400
2005-06-10,53.4025,53.422,53.1199,53.3733,728900
2005-06-13,53.4902,53.6657,53.1199,53.344,946700
2005-06-14,53.5487,53.7242,53.4123,53.5195,857300
2005-06-15,53.7144,53.7436,53.461,53.7047,773500
2005-06-16,53.4902,53.6072,53.1199,53.5195,1101000
2005-06-17,53.6072,53.6559,53.4123,53.6462,1689400
2005-06-20,53.6949,53.7436,53.1978,53.4902,1091900
2005-06-21,53.4123,53.7242,53.3635,53.7047,705100
2005-06-22,53.8703,53.9971,53.6462,53.8021,905800
2005-06-23,53.0809,53.9191,53.0516,53.8996,865500
2005-06-24,52.9834,53.4415,52.9834,53.0809,892200
2005-06-27,52.8469,53.1686,52.7007,52.9834,566300
2005-06-28,53.266,53.3733,53.0224,53.0614,893100
2005-06-29,53.4415,53.7047,53.2076,53.2758,602200
2005-06-30,53.0809,53.461,52.9249,53.0516,1297800
2005-07-01,53.2173,54.0945,53.0126,53.3148,989000
2005-07-05,53.6169,53.6657,53.0126,53.2173,611800
2005-07-06,53.1003,53.5584,53.0321,53.5097,752200
2005-07-07,52.9931,53.4707,52.4376,52.4863,1019400
2005-07-08,53.5,53.5682,52.7105,52.9347,678200
2005-07-11,53.5195,53.7826,53.3538,53.6559,1096000
2005-07-12,54.0945,54.153,53.422,53.6267,1090500
2005-07-13,53.9288,54.2407,53.6949,53.7047,709000
2005-07-14,54.7476,54.7963,54.192,54.3284,1116300
2005-07-15,54.3577,55.2641,54.3089,55.0497,1837100
2005-07-18,53.5682,54.0945,53.1686,54.0945,1812000
2005-07-19,53.5097,53.9776,53.3733,53.6072,1273300
2005-07-20,54.9425,55.1667,53.6657,54.5819,3907300
2005-07-21,54.0555,54.9425,54.0555,54.9425,1263900
2005-07-22,54.192,54.2505,53.6754,54.0653,1123800
2005-07-25,53.8606,54.3772,53.6754,54.27,889100
2005-07-26,53.6754,53.7242,53.2173,53.3733,1105300
2005-07-27,53.5097,53.7534,53.2758,53.7242,1258900
2005-07-28,53.8996,53.8996,53.4805,53.5974,949000
2005-07-29,53.4318,53.9288,53.266,53.7339,986400
2005-08-01,53.5292,53.7534,53.383,53.5097,921000
2005-08-02,53.6754,53.8411,53.4123,53.5292,545000
2005-08-03,54.0458,54.0945,53.305,53.4415,887800
2005-08-04,53.5974,53.8996,53.4415,53.8508,618300
2005-08-05,53.1199,53.4318,52.8567,53.3148,969200
2005-08-08,53.2855,53.7047,53.2173,53.4318,1339000
2005-08-09,53.5584,53.9093,53.3733,53.5097,1300400
2005-08-10,53.8021,54.2115,53.5584,53.5974,1540800
2005-08-11,54.0653,54.27,53.7631,53.8996,1074700
2005-08-12,54.5819,54.8743,53.8508,54.036,1767900
2005-08-15,55.8684,56.0439,55.1569,55.3226,2229400
2005-08-16,55.001,55.771,55.001,55.7027,1246900
2005-08-17,55.1082,55.3518,54.8743,55.1667,816600
2005-08-18,55.1277,55.2057,54.806,55.1179,547100
2005-08-19,55.2446,55.4981,55.2349,55.4786,624000
2005-08-22,55.3811,55.5565,55.1082,55.2739,700600
2005-08-23,54.9035,55.4591,54.6501,55.4006,1174500
2005-08-24,54.1628,54.9717,54.1433,54.8645,1007700
2005-08-25,54.3284,54.4941,54.075,54.2017,776800
2005-08-26,53.5682,54.3674,53.5682,54.3674,867000
2005-08-29,54.1043,54.1238,53.0516,53.2466,869200
2005-08-30,53.9678,54.0458,53.5097,54.0458,880900
2005-08-31,54.806,54.8353,53.7631,53.9093,1035100
2005-09-01,55.1764,55.5078,54.6306,54.6988,1340700
2005-09-02,55.0205,55.3226,54.7865,55.1667,722100
2005-09-06,55.2836,55.7515,55.1179,55.1374,981400
2005-09-07,55.3616,55.537,54.7573,55.1667,717900
2005-09-08,54.923,55.3031,54.6988,55.0692,725000
2005-09-09,55.0692,55.2934,54.8937,54.9328,565600
2005-09-12,54.9912,55.1374,54.6793,54.8353,741500
2005-09-13,55.2154,55.4103,54.7281,55.1179,1443900
2005-09-14,55.2252,55.6833,55.079,55.5663,1474200
2005-09-15,54.7378,55.1667,54.3382,55.1179,935800
2005-09-16,56.4922,56.6482,55.1082,55.2446,2729400
2005-09-19,56.2875,56.2875,55.6248,55.9951,1491500
2005-09-20,55.7222,57.4572,55.654,56.2875,1957400
2005-09-21,55.3713,55.5858,55.1189,55.3908,1420700
2005-09-22,55.7417,55.8489,54.6501,55.2154,882600
2005-09-23,56.0439,56.3363,55.5663,55.8879,1194600
2005-09-26,55.3324,56.3753,55.3324,56.1901,861300
2005-09-27,56.0146,56.0439,55.1179,55.5273,1481500
2005-09-28,55.5468,56.2486,55.1082,56.0146,996200
2005-09-29,56.9893,57.0575,54.8645,55.4688,1930600
2005-09-30,56.5507,57.0186,56.1608,57.0088,1223300
2005-10-03,56.0439,56.7262,55.9367,56.58,1344600
2005-10-04,55.0205,56.4045,55.0205,55.9951,1120600
2005-10-05,54.8645,55.4396,54.6793,55.0205,1210600
2005-10-06,55.3518,56.6872,54.962,55.1082,1877400
2005-10-07,55.2544,56.4727,55.2154,55.9269,1564800
2005-10-10,54.806,55.5273,54.7378,55.3908,1415200
2005-10-11,54.2992,55.3616,54.231,55.0497,2227000
2005-10-12,54.5749,54.8207,53.8274,54.2405,1686300
2005-10-13,54.2503,54.388,53.9946,54.1421,1912600
2005-10-14,55.283,55.8338,55.1748,55.519,1412700
2005-10-17,55.1945,55.7452,54.565,55.1945,1176300
2005-10-18,55.1846,55.4797,54.8798,55.1945,1140400
2005-10-19,56.4042,56.4534,54.3487,55.1748,1803200
2005-10-20,56.6894,57.9876,56.355,57.1418,2622800
2005-10-21,57.4467,57.8795,57.1123,57.486,1531200
2005-10-24,58.0762,58.0762,57.2795,57.7319,1302400
2005-10-25,57.4172,58.0958,57.1615,57.9778,1980900
2005-10-26,57.5746,58.4105,57.3779,57.4467,1241400
2005-10-27,57.4172,58.1745,57.2992,57.5844,1032700
2005-10-28,58.7154,59.0006,57.7516,57.9286,1435500
2005-10-31,59.7285,59.994,58.6663,59.0203,1932100
2005-11-01,59.2465,59.7875,58.7646,59.2564,1456800
2005-11-02,59.7285,60.4661,59.3404,59.5613,1433400
2005-11-03,59.876,60.5644,59.276,60.4857,1313500
2005-11-04,60.2694,60.3874,59.6203,60.0924,762400
2005-11-07,60.5939,60.7316,60.0432,60.2202,953700
2005-11-08,60.3972,60.3972,59.758,60.171,985900
2005-11-09,60.3874,60.7808,60.2399,60.3972,1033900
2005-11-10,61.2726,61.3217,60.1514,60.4661,1184500
2005-11-11,61.4496,61.4496,60.889,61.4398,779700
2005-11-14,61.725,61.8823,61.1939,61.7151,1543100
2005-11-15,61.2824,62.138,61.1054,61.7742,1676700
2005-11-16,61.184,61.5086,60.6824,61.2824,926800
2005-11-17,61.9512,62.1085,60.8988,61.3906,1205600
2005-11-18,62.5019,62.6888,61.7348,62.6888,1196200
2005-11-21,63.5248,63.6723,62.4233,62.4528,1197000
2005-11-22,63.3871,63.5543,62.4134,62.8462,1685700
2005-11-23,63.751,64.2624,63.0527,63.1707,1926600
2005-11-25,63.4264,63.7608,63.092,63.751,580500
2005-11-28,63.928,64.0362,63.3674,63.6526,1451300
2005-11-29,63.6035,64.5771,63.4658,64.2526,1791100
2005-11-30,62.7183,63.7117,62.5806,63.6822,2059100
2005-12-01,63.2199,63.3478,62.8855,62.9445,1442100
2005-12-02,63.4461,63.6428,63.0232,63.2297,707300
2005-12-05,62.9642,63.3281,62.561,63.2887,872500
2005-12-06,63.1707,63.5838,62.8167,63.4166,1138900
2005-12-07,62.0299,63.3182,61.6758,63.2396,1213100
2005-12-08,62.2462,62.7478,61.8528,62.3347,1259700
2005-12-09,62.797,63.1806,61.902,62.3741,756600
2005-12-12,62.2266,62.8953,61.8823,62.8363,813600
2005-12-13,62.9445,63.1019,61.8135,62.1085,1063500
2005-12-14,62.9642,63.4166,62.6396,62.8855,864700
2005-12-15,62.6003,63.1511,62.3249,63.0429,826700
2005-12-16,62.8363,63.3084,62.8068,62.9937,1401900
2005-12-19,62.4233,62.9937,62.3643,62.7872,688900
2005-12-20,62.3446,62.5314,62.0102,62.2561,642500
2005-12-21,62.7085,63.0527,62.4036,62.4036,707300
2005-12-22,63.1806,63.1904,62.5511,62.679,613400
2005-12-23,62.8462,63.3674,62.797,63.2986,453200
2005-12-27,62.1085,63.2297,62.0692,63.1412,523100
2005-12-28,61.9512,62.1971,61.7742,62.0594,763000
2005-12-29,61.2529,62.0004,61.2136,61.8528,810900
2005-12-30,60.8103,61.1742,60.4857,61.1742,1032900
2006-01-03,62.5118,62.5905,60.7611,61.2234,1625300
2006-01-04,62.9052,63.0429,62.3347,62.4724,1424000
2006-01-05,62.9347,63.1707,62.3643,62.9052,942700
2006-01-06,63.4461,63.6428,62.738,63.2789,1146800
2006-01-09,63.4068,63.7903,63.2593,63.4461,865900
2006-01-10,63.4166,63.6822,63.1019,63.1904,940900
2006-01-11,63.9119,63.9119,63.2974,63.5353,1081300
2006-01-12,63.1091,63.6839,62.8791,63.6839,868500
2006-01-13,63.2082,63.5353,62.8811,63.2082,588300
2006-01-17,61.8602,62.8018,61.7016,62.7225,1468300
2006-01-18,62.0386,63.0099,61.3943,61.4042,2007000
2006-01-19,63.1091,64.0309,62.9505,63.4163,1778000
2006-01-20,65.4185,67.6487,64.3084,64.9725,6900700
2006-01-23,64.0903,65.8249,63.9119,65.3392,2221000
2006-01-24,64.9229,65.2897,64.2886,64.4274,1520400
2006-01-25,64.8932,65.0122,64.0309,64.9229,1391800
2006-01-26,66.043,66.2115,65.0022,65.3987,2609700
2006-01-27,65.5375,66.9053,64.9824,66.2016,2100400
2006-01-30,64.6355,65.5176,64.5165,65.5176,1516100
2006-01-31,64.2886,64.7247,63.9417,64.5265,1686900
2006-02-01,64.5165,64.5165,63.3866,63.7137,1874700
2006-02-02,63.7831,64.4174,63.7434,64.3976,1188700
2006-02-03,63.4163,63.8029,62.5738,63.2677,1220100
2006-02-06,62.6928,63.3172,62.6234,63.2379,969200
2006-02-07,62.6828,63.1289,62.2665,62.8712,1173700
2006-02-08,63.5055,63.5055,62.217,63.2478,874400
2006-02-09,63.3668,64.2192,63.0892,63.5353,832000
2006-02-10,64.011,64.1895,62.9009,63.4064,1051400
2006-02-13,66.0033,67.8469,65.3888,67.2622,3944200
2006-02-14,66.38,66.9945,65.7159,65.7159,1906300
2006-02-15,68.4615,68.8877,67.3414,67.5,5407400
2006-02-16,69.5914,69.5914,68.5011,68.9373,2616500
2006-02-17,68.6201,69.3536,68.0947,69.076,1868000
2006-02-21,68.5408,69.3437,68.4119,68.9868,1122000
2006-02-22,70.5331,70.5331,68.3426,68.3426,1768500
2006-02-23,70.0969,70.4141,69.3635,70.0474,1720300
2006-02-24,70.2754,70.7908,69.7897,70.1762,1427100
2006-02-27,70.3547,70.652,69.9025,70.0375,963000
2006-02-28,69.7302,70.2754,69.1553,70.2754,1449500
2006-03-01,70.2853,70.4934,69.75,69.8095,1601600
2006-03-02,70.0077,70.3447,69.7599,70.2853,1174200
2006-03-03,69.869,70.2654,69.3833,69.8293,1133400
2006-03-06,69.2346,69.9285,68.6696,69.9285,1306700
2006-03-07,69.2247,69.3635,68.5705,68.8976,869000
2006-03-08,69.413,69.532,68.8679,69.2346,928400
2006-03-09,68.9769,69.7996,68.8877,69.5122,1355000
2006-03-10,69.3635,69.5122,68.402,68.4912,950900
2006-03-13,69.4824,69.8492,68.9472,69.3337,948400
2006-03-14,70.0573,70.2357,68.7985,69.1851,2593400
2006-03-15,69.2743,69.8293,68.7985,69.6806,1947200
2006-03-16,68.8976,69.6212,68.6796,69.6212,1469800
2006-03-17,69.1355,69.7897,69.1157,69.7897,1338200
2006-03-20,69.4329,69.641,68.739,69.0859,816500
2006-03-21,68.8282,69.3932,68.5705,69.076,1504300
2006-03-22,69.5221,69.641,68.6696,68.9274,1460600
2006-03-23,69.1652,69.5122,68.8381,69.4229,786500
2006-03-24,69.1751,69.2743,68.6201,68.9967,595700
2006-03-27,69.1058,69.2148,68.5606,68.7489,653800
2006-03-28,68.065,69.2346,67.9163,69.1504,826100
2006-03-29,67.8965,68.3921,67.6289,68.174,867900
2006-03-30,66.3998,67.8668,66.152,67.6586,1698400
2006-03-31,66.717,67.0738,66.5386,66.7765,1752200
2006-04-03,66.6972,67.6091,66.4494,66.7765,1661800
2006-04-04,67.054,67.4604,66.2214,66.4989,1413200
2006-04-05,67.2126,67.5397,66.7765,66.9053,904500
2006-04-06,67.1928,68.3921,67.1531,67.8668,1544500
2006-04-07,66.5881,67.837,66.3304,67.4207,1094100
2006-04-10,66.4494,66.8558,65.7952,66.826,2019700
2006-04-11,65.4879,66.2908,65.1906,65.8844,1211300
2006-04-12,65.4978,65.9042,65.1608,65.5672,1466100
2006-04-13,65.2699,65.8051,64.7247,65.4681,1321100
2006-04-17,65.5969,66.5287,65.369,65.9141,1999000
2006-04-18,67.6091,67.8469,65.8447,65.8447,3024400
2006-04-19,68.2038,69.1851,67.4505,67.5892,2109100
2006-04-20,68.9075,69.2743,67.6983,67.6983,1579100
2006-04-21,69.076,69.532,68.5903,69.5221,1998100
2006-04-24,68.9769,69.3238,68.5408,69.3238,1192400
2006-04-25,68.7192,69.0463,68.4615,68.9967,1499600
2006-04-26,69.3833,69.3833,68.8679,69.0562,1357300
2006-04-27,69.9879,70.1762,68.7985,68.8976,1708300
2006-04-28,70.8403,71.0188,69.7699,69.8293,1458300
2006-05-01,69.4626,71.2467,69.195,70.7313,1199900
2006-05-02,69.7699,70.1762,69.5617,69.5617,1170800
2006-05-03,69.6707,69.9185,69.0859,69.5815,958900
2006-05-04,70.2654,70.3051,69.6311,69.6311,1237000
2006-05-05,70.9692,71.108,70.315,70.424,1074900
2006-05-08,70.4042,71.3657,70.3249,71.0386,905600
2006-05-09,70.5133,70.6917,69.9879,70.1762,1084300
2006-05-10,70.4835,70.6817,70.0276,70.3646,948400
2006-05-11,69.0562,70.434,68.6399,70.3249,1287800
2006-05-12,68.1641,69.532,68.1245,69.1256,990700
2006-05-15,68.9472,69.1553,68.1245,68.1542,896400
2006-05-16,68.967,69.2644,68.8282,68.9075,950000
2006-05-17,68.1245,68.6003,67.6785,68.2732,1351500
2006-05-18,67.3414,68.6102,67.3315,68.1245,1207100
2006-05-19,67.8569,68.2533,67.391,67.9461,1297200
2006-05-22,67.6884,68.0353,67.1333,67.7677,1431600
2006-05-23,67.8073,68.4813,67.6685,67.837,1220700
2006-05-24,68.065,68.6895,67.0937,67.8073,1273900
2006-05-25,68.6399,68.6399,67.9758,68.3921,750600
2006-05-26,68.3426,69.0562,68.2137,68.8679,635300
2006-05-30,67.5397,68.1047,67.4009,68.1047,626300
2006-05-31,68.3029,68.3128,67.4406,67.7875,1414300
2006-06-01,68.9769,69.0066,68.174,68.3921,895800
2006-06-02,68.5606,69.2743,68.293,69.0463,1443000
2006-06-05,67.0243,68.2831,66.9232,68.2038,1123900
2006-06-06,66.9152,67.2919,66.0925,67.2522,1067500
2006-06-07,67.2522,67.9857,66.5782,67.0639,1329800
2006-06-08,68.4714,68.7787,66.9846,67.3216,1876200
2006-06-09,68.4516,69.2346,68.1344,68.739,1272400
2006-06-12,68.3029,68.9571,68.1047,68.7787,1161500
2006-06-13,67.5099,68.8481,67.1829,68.3525,1645600
2006-06-14,66.3007,67.7181,65.3095,67.4703,1764200
2006-06-15,68.9472,68.9472,66.608,67.0342,1811700
2006-06-16,68.6597,69.1058,68.3128,68.7886,2004800
2006-06-19,67.9758,69.0958,67.8668,68.967,817600
2006-06-20,67.8569,68.3822,67.7181,68.0055,1240100
2006-06-21,67.9758,68.4317,67.728,67.728,1051300
2006-06-22,68.1047,68.1542,67.619,67.7478,964100
2006-06-23,67.5199,68.0154,66.945,67.9064,903200
2006-06-26,67.6586,67.9064,67.4901,67.4901,749500
2006-06-27,67.3613,68.184,67.3613,67.7577,653500
2006-06-28,68.2732,68.63,67.7577,67.7776,884100
2006-06-29,69.9879,70.2853,68.4714,68.7886,1352800
2006-06-30,69.5518,70.315,69.4923,70.0771,1378300
2006-07-03,70.1267,70.2357,69.6707,69.7996,297500
2006-07-05,69.2941,69.6906,68.8877,69.6806,1093400
2006-07-06,69.2346,69.7401,68.9373,69.304,695300
2006-07-07,68.9571,69.5914,68.8778,69.2346,1711900
2006-07-10,69.7005,69.7005,69.1751,69.3932,881700
2006-07-11,70.1267,70.2952,69.1652,69.532,770000
2006-07-12,68.9174,70.1069,68.9174,69.75,942400
2006-07-13,68.7787,69.3238,68.511,68.9174,1672000
2006-07-14,70.1267,70.2357,68.8084,68.8084,1767100
2006-07-17,70.2555,70.4736,69.4824,70.1267,1296200
2006-07-18,70.3447,70.3943,69.3932,70.1267,1632600
2006-07-19,69.8591,70.9494,69.1652,70.3447,2933400
2006-07-20,69.1851,69.9384,68.9571,69.8789,1698300
2006-07-21,67.9956,69.1256,67.6586,69.0859,2373500
2006-07-24,68.0353,68.7192,67.8866,68.5705,2058900
2006-07-25,68.2831,68.4615,67.4901,68.0947,1148400
2006-07-26,68.3426,68.6399,68.065,68.2831,1833100
2006-07-27,68.5309,69.1256,68.3029,68.6895,2166700
2006-07-28,70.3348,70.434,68.184,68.739,2857500
2006-07-31,70.2159,70.652,69.9978,70.1762,1798600
2006-08-01,69.978,70.2456,69.4428,69.7104,1369600
2006-08-02,69.2644,70.2258,69.2544,70.2258,1249400
2006-08-03,70.1069,70.3447,69.1553,69.2644,1637400
2006-08-04,71.0386,71.1972,70.3745,70.4538,1737000
2006-08-07,71.0584,71.4648,70.7511,71.0485,1157100
2006-08-08,70.5033,71.4747,70.2952,71.3062,2025000
2006-08-09,69.9879,71.2467,69.8987,71.0386,1043900
2006-08-10,70.2159,70.3745,69.5617,69.8789,888600
2006-08-11,69.7996,70.1564,69.6014,70.087,859600
2006-08-14,70.0177,70.8106,69.8095,70.3447,888000
2006-08-15,70.88,70.9494,70.3447,70.5727,1042100
2006-08-16,70.8304,71.3558,70.1366,71.3458,1024600
2006-08-17,70.543,70.771,69.9086,70.771,823000
2006-08-18,70.6322,70.8998,70.2555,70.8998,701700
2006-08-21,70.3051,70.6421,70.1465,70.3844,721400
2006-08-22,70.1564,70.6421,70.0276,70.3547,754100
2006-08-23,69.8987,70.1366,69.6113,69.8987,469300
2006-08-24,69.869,70.3348,69.7599,70.2555,495900
2006-08-25,68.9472,69.7996,68.5408,69.6806,734300
2006-08-28,69.6608,69.8591,68.739,68.739,510100
2006-08-29,69.869,69.8789,69.0859,69.7996,1488000
2006-08-30,69.9384,70.315,69.7897,70.2159,595300
2006-08-31,70.1663,70.2754,69.7599,70.0771,721200
2006-09-01,70.3745,70.5331,69.9483,70.3547,504500
2006-09-05,70.424,70.7908,70.3447,70.4637,537100
2006-09-06,70.3745,70.6917,70.0672,70.434,763400
2006-09-07,69.4031,70.4439,69.2842,70.3745,670000
2006-09-08,71.0881,71.0881,69.4031,69.4031,1528800
2006-09-11,70.8602,70.9692,70.1862,70.1862,1278900
2006-09-12,71.5738,71.5738,70.3249,70.771,1339400
2006-09-13,72.0496,72.3172,71.1476,71.6036,1756200
2006-09-14,71.217,72.3271,71.0287,72.1586,1274300
2006-09-15,72.2082,72.3073,71.554,71.7225,1208900
2006-09-18,71.8613,72.337,71.4648,72.337,833800
2006-09-19,71.3657,71.9604,71.1674,71.9604,1034500
2006-09-20,72.4857,72.4857,71.3161,71.3657,891600
2006-09-21,72.1289,72.902,71.8315,72.4857,1002000
2006-09-22,72.2875,72.4857,71.7225,72.1289,752300
2006-09-25,72.674,72.8426,71.9108,72.5353,896200
2006-09-26,72.3073,72.7434,71.7522,72.5749,841000
2006-09-27,72.0793,72.3569,71.9009,72.1586,1161600
2006-09-28,72.0595,72.3073,71.9802,72.2181,709200
2006-09-29,71.8018,72.6047,71.7126,71.8613,1097500
2006-10-02,71.7225,72.1289,71.1774,72.0,1109700
2006-10-03,72.1487,72.674,71.9505,71.9505,1060000
2006-10-04,72.793,72.8822,71.9306,72.0,1245000
2006-10-05,73.1696,73.3481,72.5819,72.793,1221000
2006-10-06,72.9516,73.1895,72.7137,73.1696,606400
2006-10-09,69.7798,69.9681,67.5595,69.0364,11119500
2006-10-10,69.641,70.4141,69.3932,70.3249,4064100
2006-10-11,69.8789,69.8888,68.5705,69.0958,2550200
2006-10-12,69.4824,70.1267,69.3932,70.0375,1709400
2006-10-13,68.8084,69.4428,68.5903,69.304,2127500
2006-10-16,68.4218,68.7688,68.0749,68.739,1484500
2006-10-17,68.3326,68.4317,67.9956,68.3921,1097000
2006-10-18,68.5408,68.7688,68.2434,68.5903,1470100
2006-10-19,68.6399,68.6399,68.0551,68.3921,1166500
2006-10-20,68.0353,68.8084,67.9461,68.8084,2131300
2006-10-23,67.9461,68.3426,67.7974,67.9857,1538900
2006-10-24,67.8866,68.0947,67.4207,67.7677,1333800
2006-10-25,67.8469,68.2236,67.6785,68.1344,1289800
2006-10-26,68.4218,68.5309,67.6785,67.7875,1210400
2006-10-27,67.5199,68.065,67.3613,68.0452,959700
2006-10-30,67.9262,68.3525,67.0144,67.1036,1623200
2006-10-31,69.413,70.1862,67.9262,68.7291,3769400
2006-11-01,68.7192,69.8194,68.7192,69.532,2675900
2006-11-02,68.2236,68.511,67.9659,68.4119,1336600
2006-11-03,68.1443,68.7093,67.7875,68.6201,931800
2006-11-06,68.6399,68.9472,68.293,68.3227,1488000
2006-11-07,68.8282,69.4725,68.6399,68.6399,1115100
2006-11-08,68.9174,69.0463,68.6895,68.7985,1256500
2006-11-09,68.4912,69.1256,68.2831,68.9868,1189300
2006-11-10,68.3624,69.2743,68.2533,68.739,1773000
2006-11-13,68.7291,69.0661,68.3822,68.511,959800
2006-11-14,68.9373,69.1355,68.6201,69.0364,1427000
2006-11-15,68.8877,69.1652,68.7985,69.0958,1429800
2006-11-16,68.8976,69.1157,68.7093,68.9967,940400
2006-11-17,68.8084,68.9571,68.5804,68.7589,730700
2006-11-20,68.6102,68.858,68.3227,68.6895,1209500
2006-11-21,68.5606,68.7589,68.2633,68.5011,1009000
2006-11-22,68.6895,69.0562,68.2633,68.5705,871500
2006-11-24,68.9868,69.0066,68.3326,68.4516,398300
2006-11-27,68.4615,69.0859,68.4417,69.0859,1919600
2006-11-28,68.9868,69.3238,68.4813,68.6597,2281300
2006-11-29,70.087,70.2754,69.4031,69.4428,1593200
2006-11-30,70.0672,70.434,69.532,69.978,1529500
2006-12-01,70.3547,70.6619,69.9285,70.0672,2015100
2006-12-04,70.8998,71.1179,70.434,70.8205,1505600
2006-12-05,70.8304,70.9692,70.5232,70.8106,1426100
2006-12-06,70.8403,71.0981,70.543,70.9196,887400
2006-12-07,71.2467,72.0099,71.108,71.217,1463400
2006-12-08,71.1873,71.6531,70.9989,71.2566,1206600
2006-12-11,71.6729,71.7126,71.3161,71.3558,1342800
2006-12-12,72.0595,72.1091,71.3559,71.782,1871100
2006-12-13,72.1884,72.2776,71.782,72.2578,824900
2006-12-14,72.8128,72.9318,71.9901,72.2379,1956000
2006-12-15,72.8822,73.1498,72.5452,72.8921,2250400
2006-12-18,73.6058,73.6553,72.7335,73.1498,1903200
2006-12-19,72.684,73.5067,72.684,73.0705,2151200
2006-12-20,73.804,73.8437,72.8624,72.9318,1698300
2006-12-21,73.6355,74.032,73.2589,73.3679,1059000
2006-12-22,73.4174,73.8238,73.2093,73.8238,727400
2006-12-26,73.8238,73.8734,73.3381,73.4174,551800
2006-12-27,74.3194,74.3888,73.8238,74.0419,811500
2006-12-28,74.0419,74.4879,73.9725,74.3194,559900
2006-12-29,73.3877,74.3194,73.2787,74.0815,839700
2007-01-03,74.4879,74.934,73.7842,73.8139,1864500
2007-01-04,74.2996,74.4681,73.9527,74.25,858700
2007-01-05,73.4472,74.2996,73.2093,74.2996,900400
2007-01-08,74.2798,74.3492,73.0507,73.5463,1588500
2007-01-09,74.4483,74.9835,73.913,74.2996,2012800
2007-01-10,74.3095,74.3095,73.7743,73.9031,1265000
2007-01-11,74.3194,74.7952,74.0915,74.4582,1190500
2007-01-12,74.1707,74.2996,73.9428,74.1906,1052000
2007-01-16,74.1014,74.3987,73.8437,74.3591,1197900
2007-01-17,74.0022,74.3293,73.7544,74.1014,1120100
2007-01-18,74.1906,74.3392,73.9527,74.141,804000
2007-01-19,74.1608,74.4879,73.6454,74.4879,1241600
2007-01-22,73.2688,73.9923,73.0011,73.9923,1523300
2007-01-23,72.4956,73.6454,72.3569,73.6454,1866600
2007-01-24,73.0507,73.0903,72.2677,72.5551,1331700
2007-01-25,72.0099,73.1597,71.6829,73.1597,1736600
2007-01-26,72.2578,72.3073,71.3855,72.0397,1393200
2007-01-29,72.2578,72.4758,71.9604,72.2776,1295900
2007-01-30,72.8326,72.8525,72.1586,72.2776,1066700
2007-01-31,73.1201,73.2688,72.1388,72.3965,1127100
2007-02-01,73.021,73.3481,72.7533,73.2192,1131300
2007-02-02,73.3183,73.4174,73.13,73.2489,738800
2007-02-05,73.5661,73.7148,72.9417,73.3877,891400
2007-02-06,73.6355,74.0518,73.3679,73.6553,1109200
2007-02-07,74.1113,74.2699,73.3481,73.6157,778400
2007-02-08,73.9428,74.1212,73.3481,74.1212,1249800
2007-02-09,73.9725,74.5375,73.6751,74.0815,1266700
2007-02-12,74.2104,74.2599,73.8437,74.0915,989124
2007-02-13,75.0926,75.0926,74.1906,74.3392,2333162
2007-02-14,75.0033,75.38,74.8447,75.1322,1581203
2007-02-15,74.9439,75.3205,74.8943,75.0529,1250100
2007-02-16,74.9637,75.2016,74.3888,74.8547,5524400
2007-02-20,75.5584,75.7368,73.5859,75.1818,1229700
2007-02-21,75.1818,75.4791,75.0628,75.3304,1013900
2007-02-22,75.0331,75.5386,74.6069,75.2412,1226500
2007-02-23,74.8348,75.2809,74.6168,75.2809,1823500
2007-02-26,74.9934,75.2115,74.6961,75.0331,1676791
2007-02-27,72.7038,74.4978,72.4659,73.8833,2181500
2007-02-28,72.6443,73.4472,72.1586,73.3481,2173100
2007-03-01,72.4461,72.9615,71.2864,72.0099,1570009
2007-03-02,72.6047,73.2192,71.9306,72.456,8519800
2007-03-05,71.0683,71.9406,70.7809,71.4846,3040700
2007-03-06,71.891,72.119,71.326,71.8315,3102700
2007-03-07,70.989,71.9604,70.989,71.9009,1553400
2007-03-08,71.3954,72.1091,70.7016,71.6135,1967800
2007-03-09,71.1179,71.8117,71.0089,71.6829,1084100
2007-03-12,71.3954,71.4747,70.4736,71.1278,1502300
2007-03-13,69.2842,71.1179,69.1652,71.1179,2742300
2007-03-14,69.1157,69.8095,68.1542,69.6608,2771394
2007-03-15,69.6212,70.9692,67.9956,67.9956,2012900
2007-03-16,69.4824,70.2357,69.1157,69.7599,2135100
2007-03-19,70.4141,70.6223,69.6212,69.8789,1554422
2007-03-20,70.7214,70.9791,70.2456,70.5133,1500000
2007-03-21,71.9009,72.1785,70.3943,70.7313,2032422
2007-03-22,71.6135,72.1586,71.4053,72.0298,2756092
2007-03-23,71.5837,72.0595,71.4053,71.6234,1056599
2007-03-26,71.5441,71.5639,70.6917,71.3756,1395500
2007-03-27,71.9703,71.9802,71.1278,71.5441,2710200
2007-03-28,70.8106,71.9703,70.771,71.9703,1719600
2007-03-29,71.5144,71.6234,70.9989,71.4351,1879000
2007-03-30,71.3359,71.8018,70.7809,71.663,2272850
2007-04-02,70.1663,71.3359,69.9483,71.3359,2737200
2007-04-03,71.2269,71.8811,70.424,70.424,3084000
2007-04-04,71.4846,71.9406,71.0584,71.4351,2882900
2007-04-05,72.1289,72.2578,71.4747,71.5639,1662300
2007-04-09,71.9703,72.6047,71.6234,72.1388,1918100
2007-04-10,72.2379,72.4262,71.8018,71.9802,2798100
2007-04-11,71.3954,71.9604,71.1377,71.9604,1596800
2007-04-12,70.4736,71.3657,70.1366,71.3657,2142378
2007-04-13,72.2478,72.5055,69.6906,69.6906,2902500
2007-04-16,72.9714,73.5859,72.5452,72.5749,2344365
2007-04-17,73.2192,73.4373,72.7236,73.1399,1828500
2007-04-18,74.6762,75.1917,73.7743,74.2897,3411900
2007-04-19,74.9538,75.3304,73.9923,74.6762,2450996
2007-04-20,75.1818,75.4791,74.5375,75.4296,2416400
2007-04-23,74.1212,75.2313,73.9923,75.1818,1672888
2007-04-24,73.9031,74.4879,73.2291,74.4582,1643500
2007-04-25,74.1806,74.5375,73.9626,74.4384,1442511
2007-04-26,74.1014,74.478,73.8734,74.3194,2070700
2007-04-27,73.9329,74.1707,73.5958,73.804,981800
2007-04-30,73.4472,74.2203,73.3976,73.9527,1662200
2007-05-01,73.7346,74.0915,73.0309,73.576,2973106
2007-05-02,73.7644,74.0617,73.5859,73.8139,1188000
2007-05-03,74.3194,74.3194,73.6454,73.9329,1406300
2007-05-04,74.2203,74.5771,73.9358,74.3987,1274300
2007-05-07,74.6168,74.7952,74.3392,74.3888,647400
2007-05-08,74.5771,74.7357,74.2897,74.5375,1636800
2007-05-09,74.6069,74.8249,74.1608,74.5474,954377
2007-05-10,73.4967,74.4879,73.4769,74.478,1150300
2007-05-11,74.0815,74.1906,73.4967,73.5958,949500
2007-05-14,73.4472,74.0815,73.3282,74.0815,1143200
2007-05-15,73.8139,74.5573,73.6256,73.695,1251500
2007-05-16,74.1707,74.4483,73.5859,74.2203,1073100
2007-05-17,73.9923,74.2897,73.6851,74.141,1014600
2007-05-18,74.25,74.4582,73.9824,74.3888,1067856
2007-05-21,73.9725,74.2996,73.6454,74.0716,1186700
2007-05-22,73.5067,74.1311,72.8624,74.0419,1968977
2007-05-23,73.4075,73.8238,73.3481,73.6454,1558000
2007-05-24,72.7434,73.695,72.6344,73.3679,1412100
2007-05-25,73.0507,73.1201,72.5452,73.0507,812336
2007-05-29,72.8525,73.6454,72.565,73.2489,1315088
2007-05-30,73.467,73.5463,72.5551,72.7434,1189700
2007-05-31,73.1498,73.913,73.1498,73.576,1459300
2007-06-01,73.1201,73.6157,72.8624,73.3481,1303900
2007-06-04,73.1796,73.2985,72.9218,73.0903,918100
2007-06-05,71.9108,72.9516,71.8315,72.3073,1921400
2007-06-06,71.2071,71.663,70.6917,71.4648,1968638
2007-06-07,70.6917,71.2071,70.5331,71.2071,2117700
2007-06-08,71.782,71.782,70.6917,70.7016,2303794
2007-06-11,72.3172,72.5452,71.5243,71.7721,1265400
2007-06-12,71.8514,72.7633,71.8514,72.3172,2202553
2007-06-13,73.3084,73.3084,72.0694,72.0793,2350600
2007-06-14,73.2489,73.5166,72.9119,73.2489,1370000
2007-06-15,73.5859,73.8139,73.4472,73.5364,2509000
2007-06-18,73.8932,74.0518,73.467,73.6553,1758500
2007-06-19,74.0518,74.4384,73.7644,73.8833,1978300
2007-06-20,72.7533,74.2104,72.6939,74.0915,2189300
2007-06-21,72.456,72.8029,72.1091,72.7236,1916200
2007-06-22,71.3359,72.3469,71.2269,72.337,2687800
2007-06-25,70.7908,72.1487,70.5727,71.6234,1837539
2007-06-26,70.652,71.4648,70.6421,71.0188,1905040
2007-06-27,71.3756,71.445,70.1762,70.4042,1844400
2007-06-28,71.5342,72.0,70.7809,71.2071,1534819
2007-06-29,70.9494,71.5342,70.543,71.326,2991773
2007-07-02,72.5055,72.5055,70.9494,71.3458,1780600
2007-07-03,72.9119,73.576,72.7335,72.7533,1276600
2007-07-05,72.3569,73.1895,72.2776,73.0011,1313800
2007-07-06,72.3668,72.5551,72.0793,72.5551,1410600
2007-07-09,71.7721,72.6245,71.7027,72.5848,1538500
2007-07-10,70.8701,71.554,70.7214,71.4747,2333200
2007-07-11,71.2,71.34,70.78,71.0,2549200
2007-07-12,73.49,73.51,71.2,71.61,2109060
2007-07-13,73.43,73.83,73.11,73.31,2290200
2007-07-16,73.53,73.94,73.28,73.36,1094853
2007-07-17,73.87,74.12,73.42,73.72,1677000
2007-07-18,73.21,73.87,72.6,73.62,2310725
2007-07-19,71.37,73.2,70.37,73.2,4608647
2007-07-20,71.3,71.96,70.81,71.23,3753988
2007-07-23,70.86,71.66,70.67,71.55,3974863
2007-07-24,68.68,70.47,68.45,70.35,4032397
2007-07-25,68.42,69.52,66.2,67.05,4831884
2007-07-26,65.96,67.84,65.22,67.84,5115481
2007-07-27,66.54,67.63,65.96,66.15,4935515
2007-07-30,68.18,68.52,66.42,66.47,4396437
2007-07-31,66.65,69.42,66.58,68.7,4372915
2007-08-01,67.47,67.56,65.9,66.79,3320209
2007-08-02,67.55,68.28,66.95,67.7,1946100
2007-08-03,64.09,67.65,64.06,66.64,3863344
2007-08-06,68.3,68.39,64.0,64.1,3984101
2007-08-07,68.57,69.3,66.86,67.81,3477451
2007-08-08,71.84,72.81,68.84,68.97,4493918
2007-08-09,70.86,71.67,69.07,69.49,4971398
2007-08-10,70.61,71.66,68.58,69.18,3507271
2007-08-13,68.8,71.13,68.64,71.07,2917100
2007-08-14,67.57,69.01,67.06,68.74,2055388
2007-08-15,67.9,69.55,67.62,67.72,2416949
2007-08-16,71.66,71.67,67.09,67.48,5028411
2007-08-17,72.53,75.99,71.22,73.5,4930400
2007-08-20,72.37,73.09,71.44,72.87,4185900
2007-08-21,72.71,73.75,71.89,73.64,2475900
2007-08-22,73.0,73.85,71.78,73.48,1954100
2007-08-23,72.32,73.55,71.61,73.44,1873700
2007-08-24,72.52,73.11,71.56,72.72,1292200
2007-08-27,70.93,72.54,70.92,72.48,1759298
2007-08-28,69.01,70.5,68.98,70.46,2207200
2007-08-29,70.72,70.8,68.22,68.94,1618800
2007-08-30,69.61,70.73,69.4,69.91,1718500
2007-08-31,70.37,70.97,69.82,70.42,2134300
2007-09-04,70.39,71.02,70.0,70.73,1552000
2007-09-05,68.87,69.99,68.66,69.87,1942700
2007-09-06,69.52,69.64,68.14,68.63,1146000
2007-09-07,68.35,69.43,68.05,68.2,1769800
2007-09-10,68.06,68.78,67.39,68.52,1367700
2007-09-11,69.08,69.59,68.22,68.3,1344500
2007-09-12,68.44,68.98,68.19,68.9,1363400
2007-09-13,68.96,69.2,68.4,69.02,1450400
2007-09-14,69.22,69.35,68.15,68.44,1242800
2007-09-17,69.15,69.45,68.4,68.89,1291100
2007-09-18,72.08,72.12,69.25,69.51,2441700
2007-09-19,71.97,72.9,71.66,72.4,1963900
2007-09-20,70.58,72.03,70.33,71.87,1852700
2007-09-21,70.26,71.37,69.88,71.36,1937300
2007-09-24,69.65,70.34,69.33,70.09,1702200
2007-09-25,69.55,70.0,69.07,69.23,1420409
2007-09-26,68.55,70.0,68.43,70.0,1809100
2007-09-27,68.81,69.27,68.09,69.09,1557100
2007-09-28,68.1,68.89,67.95,68.54,2052500
2007-10-01,69.2,69.2,67.99,68.1,3378500
2007-10-02,69.43,70.05,68.93,69.49,2311000
2007-10-03,69.89,70.25,69.15,69.25,1374427
2007-10-04,70.92,71.5,70.2,70.28,1807600
2007-10-05,71.81,72.47,71.18,71.4,1522075
2007-10-08,71.62,72.25,71.36,71.85,814164
2007-10-09,71.5,71.97,70.68,71.86,1253800
2007-10-10,70.46,71.09,70.28,71.01,1881900
2007-10-11,69.37,70.99,69.119,70.96,2586900
2007-10-12,70.06,70.5,69.48,69.6,2042372
2007-10-15,68.46,70.15,68.02,70.12,1567100
2007-10-16,66.23,68.51,66.14,68.38,2420060
2007-10-17,67.27,67.75,66.1,66.95,3710626
2007-10-18,70.01,71.05,66.55,66.89,4526100
2007-10-19,68.53,70.99,68.39,69.94,3345400
2007-10-22,68.5,69.13,67.31,67.8,2056800
2007-10-23,69.05,69.16,68.07,68.74,1298500
2007-10-24,69.29,69.69,67.44,68.75,2408600
2007-10-25,69.72,70.39,68.59,69.67,2658611
2007-10-26,72.11,72.11,69.78,70.29,2679000
2007-10-29,71.81,73.11,71.65,72.25,2366100
2007-10-30,71.52,72.43,71.3,71.6,1343560
2007-10-31,72.16,72.66,70.46,72.06,2237600
2007-11-01,69.795,71.6,69.75,71.6,3247400
2007-11-02,69.28,70.06,68.0,70.01,2944900
2007-11-05,68.59,69.58,67.35,68.25,2469729
2007-11-06,70.41,70.5,68.05,68.4,2457501
2007-11-07,67.24,69.43,67.17,69.22,2403600
2007-11-08,67.36,67.71,65.06,67.37,4217882
2007-11-09,68.76,69.9401,66.09,66.34,4393740
2007-11-12,70.67,72.42,68.47,68.5,4465825
2007-11-13,73.23,73.39,71.05,71.12,3136694
2007-11-14,71.51,73.9,71.17,73.53,2966620
2007-11-15,69.51,71.1,68.89,71.08,3188833
2007-11-16,69.67,70.34,68.84,70.0,3040013
2007-11-19,69.0,69.91,67.74,69.09,3004301
2007-11-20,69.18,70.69,67.34,68.75,4205670
2007-11-21,67.85,69.58,67.4,68.4,2530698
2007-11-23,69.84,70.35,68.15,68.64,1255228
