Price,Close,High,Low,Open,Volume
Ticker,SGP,SGP,SGP,SGP,SGP
Date,,,,,
1999-11-24,43.9374,44.3045,43.4131,44.1472,3938400
1999-11-26,43.3083,44.4093,43.3083,44.4093,1961100
1999-11-29,44.4618,44.4618,42.2597,43.0986,4204100
1999-11-30,42.8364,44.0423,42.1548,43.6229,3159300
1999-12-01,39.5332,42.5218,39.2186,42.0499,7075100
1999-12-02,42.8888,43.0986,40.1624,40.1624,5449700
1999-12-03,41.6305,43.4131,41.4207,43.4131,4085800
1999-12-06,40.1624,41.211,39.0613,41.211,5767000
1999-12-07,38.6418,40.0051,38.3797,39.9526,3209700
1999-12-08,38.2748,38.904,37.7505,38.5894,3459500
1999-12-09,37.9603,39.3759,37.3311,39.1138,3509000
1999-12-10,38.5894,39.1138,38.2748,38.9565,2616500
1999-12-13,37.2786,38.3797,37.0689,38.17,3207600
1999-12-14,37.1738,37.6981,36.7543,36.9641,3756400
1999-12-15,37.3311,38.17,36.8068,36.9116,2876600
1999-12-16,36.7543,37.0689,36.2825,36.9116,3639500
1999-12-17,35.4435,37.4359,35.3911,36.9116,6348400
1999-12-20,35.496,36.4921,34.7095,36.0203,5319500
1999-12-21,34.5522,35.6533,33.7657,34.8144,5762600
1999-12-22,35.3387,35.9678,34.0803,34.1852,3862600
1999-12-23,37.3835,37.6981,35.9678,36.3873,2997700
1999-12-27,37.5408,37.7505,36.3873,36.3873,2375100
1999-12-28,36.1776,37.0689,35.8106,36.9116,3033200
1999-12-29,35.4435,36.597,34.3949,36.1776,3181300
1999-12-30,34.8668,35.863,34.4998,35.4435,2493500
1999-12-31,35.5484,35.6533,34.8668,35.0241,1582800
2000-01-03,34.2376,35.3911,33.556,35.2862,3935200
2000-01-04,31.8782,33.8181,31.7209,33.556,8865300
2000-01-05,33.7657,33.9754,32.0355,32.5074,7140900
2000-01-06,36.0203,36.0203,34.5522,34.7095,5818100
2000-01-07,40.4245,40.477,37.4884,37.6981,7706600
2000-01-10,37.7505,39.6381,37.7505,38.5894,5025500
2000-01-11,37.9078,38.7992,37.5408,38.7992,4789600
2000-01-12,37.7505,38.4845,37.3835,38.2748,3821200
2000-01-13,36.2825,37.1214,35.8106,36.9116,5179300
2000-01-14,36.3873,38.0651,35.5484,37.3311,6108200
2000-01-18,35.7057,36.4397,34.8144,36.1776,3790100
2000-01-19,36.4397,36.4921,35.3387,35.6533,6472300
2000-01-20,36.8592,36.8592,35.7581,36.4397,4224400
2000-01-21,35.5484,36.7543,35.129,36.7543,3688700
2000-01-24,33.2414,36.23,33.2414,36.1776,5783200
2000-01-25,34.2376,34.9192,33.2414,33.9754,4674300
2000-01-26,35.0765,35.0765,33.6609,34.6047,5107900
2000-01-27,35.7581,35.863,34.0279,34.2901,6241600
2000-01-28,35.7057,36.6495,34.1852,34.2376,6265000
2000-01-31,36.9116,36.9116,33.9754,35.9154,4141100
2000-02-01,37.9078,38.2224,35.6533,36.8068,5508700
2000-02-02,38.8127,38.9709,37.969,38.76,3694600
2000-02-03,39.4455,39.6565,38.4963,39.1819,4444200
2000-02-04,39.2873,40.1838,38.9709,39.6565,3793100
2000-02-07,38.7072,38.9709,38.2327,38.8127,3612900
2000-02-08,39.6565,39.8147,38.6545,38.9182,3418100
2000-02-09,38.2327,40.1311,38.0744,39.6565,2871900
2000-02-10,36.5451,37.969,35.7541,37.969,5795800
2000-02-11,34.0666,36.4397,33.592,36.3869,6345800
2000-02-14,34.1721,34.8576,32.801,34.4884,6181800
2000-02-15,34.8049,35.174,33.592,33.7501,5016300
2000-02-16,34.2775,35.2795,33.9611,35.2267,3874700
2000-02-17,32.9064,34.4884,32.0627,34.2248,9211900
2000-02-18,30.3751,32.3263,29.8478,32.1682,15691800
2000-02-22,31.3244,32.0627,30.2697,30.797,12103300
2000-02-23,31.6935,32.2736,30.8498,32.1682,7110100
2000-02-24,31.1134,32.1154,30.8498,32.0099,5316900
2000-02-25,29.2677,30.797,28.8458,30.5861,16172900
2000-02-28,29.4786,29.5314,28.1603,29.2677,11294000
2000-02-29,29.5314,30.2697,29.1622,29.7423,8572900
2000-03-01,29.0567,30.0588,28.1603,30.0588,6839200
2000-03-02,29.4786,29.7423,28.6876,28.7931,4527300
2000-03-03,29.2677,30.5333,29.215,29.4786,5543400
2000-03-06,27.8966,29.4786,27.6857,29.2677,5765900
2000-03-07,25.7872,28.2657,25.7345,27.9493,9910800
2000-03-08,28.5294,29.3732,26.42,26.5782,10053000
2000-03-09,31.0607,31.3771,28.6876,29.3732,8883000
2000-03-10,31.6408,32.4318,30.9025,32.2736,6538300
2000-03-13,30.1642,31.6935,29.795,31.2189,4750300
2000-03-14,29.1095,29.9533,29.0567,29.9533,4021000
2000-03-15,32.0627,32.1682,29.3732,29.5314,5797300
2000-03-16,33.3283,33.4338,32.9591,33.3283,8952100
2000-03-17,32.0099,32.801,31.7462,32.59,5719800
2000-03-20,31.0607,31.6935,30.5861,31.3771,3537500
2000-03-21,32.59,32.8537,30.6915,31.0079,4915300
2000-03-22,32.1682,32.6954,31.9572,32.0627,3367700
2000-03-23,31.5881,32.2736,31.0079,32.1682,4360500
2000-03-24,30.5333,31.4826,30.4806,31.0607,2960500
2000-03-27,29.4786,30.7443,29.4259,30.7443,5915100
2000-03-28,29.3732,30.7443,29.3732,30.7443,5701400
2000-03-29,30.5333,30.797,29.5314,29.795,5312300
2000-03-30,31.8517,31.8517,30.1114,30.3751,5094600
2000-03-31,31.0079,31.8517,30.7443,31.4298,4290300
2000-04-03,33.0646,33.2228,31.3244,31.3244,5119000
2000-04-04,34.4357,35.2795,31.9045,33.6974,7867400
2000-04-05,34.594,35.1213,33.8557,35.0158,3686700
2000-04-06,32.6954,34.594,32.4845,34.1721,3980100
2000-04-07,33.4338,33.4338,32.4845,33.0646,2612800
2000-04-10,32.4318,33.8029,32.2209,32.59,4936200
2000-04-11,35.385,35.5959,32.6427,32.6427,6330200
2000-04-12,35.4904,35.8596,34.6994,35.2267,5659200
2000-04-13,35.385,35.9123,34.4884,35.174,3985600
2000-04-14,34.383,35.4376,33.4338,35.385,6109100
2000-04-17,34.1193,34.4884,33.8029,33.9611,4363400
2000-04-18,33.6974,33.7501,32.6954,33.6974,4370000
2000-04-19,34.1721,34.594,33.4865,33.9611,5258900
2000-04-20,33.9611,34.5412,33.592,34.383,4434800
2000-04-24,34.9103,35.385,33.6974,34.383,4940800
2000-04-25,35.0158,35.4376,34.4884,35.1213,3761400
2000-04-26,34.9631,35.4376,34.2248,35.4376,2989900
2000-04-27,34.8576,35.4376,34.4357,34.594,2870000
2000-04-28,34.0138,34.8049,32.59,34.594,3890500
2000-05-01,34.4884,35.9123,33.0646,33.8029,4431700
2000-05-02,33.6447,34.6466,33.3283,33.7501,4073600
2000-05-03,33.573,34.7417,33.573,33.998,2297100
2000-05-04,33.4136,34.2105,32.9887,34.2105,3726500
2000-05-05,35.4323,35.4854,33.3605,33.573,5687500
2000-05-08,37.079,37.1853,35.1666,35.6448,6024500
2000-05-09,36.9728,37.3978,36.3354,37.3978,4176200
2000-05-10,36.7072,37.079,36.176,36.7603,3181900
2000-05-11,35.6979,37.3446,35.5385,37.3446,7461100
2000-05-12,35.0604,36.0697,35.0604,35.6979,3275100
2000-05-15,36.9197,37.0259,36.0697,36.5478,4910800
2000-05-16,37.2915,37.504,36.7072,37.1853,6185800
2000-05-17,37.929,37.929,36.7072,36.9728,5190100
2000-05-18,37.8227,38.0884,37.4509,37.8227,2632300
2000-05-19,37.7165,37.8759,36.8665,37.4509,2628700
2000-05-22,37.2384,38.0884,36.7603,37.8227,2495300
2000-05-23,38.6727,38.6727,37.6633,38.2477,5960000
2000-05-24,39.7351,40.0539,38.6727,38.7789,11177300
2000-05-25,39.9476,41.6475,39.443,39.5227,7424400
2000-05-26,40.3195,40.7445,39.682,40.0539,3347800
2000-05-30,40.2132,40.4258,39.0445,39.9476,4504700
2000-05-31,41.1163,41.6475,40.1601,40.7975,4230000
2000-06-01,40.0539,41.0632,39.8945,40.7975,3502300
2000-06-02,38.0353,39.1508,36.7072,39.0977,5766600
2000-06-05,37.7165,38.6196,37.3978,38.354,3661500
2000-06-06,38.4602,38.9383,37.1853,37.3978,4764900
2000-06-07,37.504,38.8321,37.4509,38.1946,3607300
2000-06-08,37.8227,38.9914,37.2384,37.7165,5571600
2000-06-09,38.1415,38.8321,37.6633,37.9821,3307900
2000-06-12,37.1853,38.6196,37.079,38.2477,3300300
2000-06-13,38.5665,38.9383,37.2384,37.3978,4204600
2000-06-14,41.5413,41.6475,39.9476,39.9476,7107200
2000-06-15,40.8507,41.5944,40.6913,41.0101,2839800
2000-06-16,40.5851,41.4351,40.5851,40.7975,4300900
2000-06-19,41.5944,41.8601,40.5851,41.0101,2882400
2000-06-20,40.3727,41.6475,40.107,41.3288,3436500
2000-06-21,41.5944,41.6475,39.7351,39.7351,3452100
2000-06-22,39.9476,41.5413,39.7351,41.5413,4354300
2000-06-23,40.3727,41.382,40.0008,40.9038,2198300
2000-06-26,41.0101,41.4882,40.4258,40.4258,2975300
2000-06-27,41.6475,42.4975,40.7975,41.2757,4704800
2000-06-28,41.4882,42.4975,41.4882,42.1256,4015800
2000-06-29,42.4975,42.9225,41.9663,42.0725,3351900
2000-06-30,43.0287,43.2412,41.2226,42.0725,3790000
2000-07-03,42.8694,43.0287,41.6475,42.3381,1380100
2000-07-05,43.1881,43.6662,42.6037,43.135,4018100
2000-07-06,42.1256,43.0819,42.0725,42.6569,2566500
2000-07-07,42.4975,42.4975,41.8069,41.9663,3127300
2000-07-10,43.135,43.4537,42.285,42.6037,3876000
2000-07-11,43.2943,43.6131,42.8162,43.3475,3909600
2000-07-12,41.0632,43.6662,40.6382,43.4006,4874200
2000-07-13,37.3978,40.0539,37.0259,40.0008,11206400
2000-07-14,37.1322,37.7165,35.6979,37.3446,8317300
2000-07-17,39.1508,39.6289,37.079,37.2915,4923600
2000-07-18,38.4602,39.5227,38.4602,39.2039,4746400
2000-07-19,37.7696,39.3102,37.2915,38.6727,2743500
2000-07-20,37.2915,37.9821,36.9728,37.929,2457300
2000-07-21,37.8759,38.4071,36.6009,36.8665,2768100
2000-07-24,38.4602,39.4164,38.3009,38.354,2629000
2000-07-25,36.8134,38.6196,36.3884,38.6196,4785000
2000-07-26,36.6009,37.6633,36.2291,36.4947,4641800
2000-07-27,37.0259,37.5572,36.6009,36.6009,3923600
2000-07-28,37.3978,38.1415,36.9197,37.4509,3877100
2000-07-31,36.7072,37.5572,36.3354,37.1322,3210000
2000-08-01,37.8227,38.0884,36.7603,36.9728,5291000
2000-08-02,38.2849,39.1404,37.9106,39.1404,4399100
2000-08-03,37.5897,38.9265,37.4294,38.4453,4771500
2000-08-04,36.8946,37.4828,36.253,37.4828,4385200
2000-08-07,36.5203,36.9481,36.3599,36.7877,3323700
2000-08-08,36.7877,37.162,35.1301,36.146,4775200
2000-08-09,35.4509,38.1779,34.6489,35.1836,9022000
2000-08-10,34.0072,35.7183,33.7934,35.5044,7111000
2000-08-11,35.4509,35.9322,34.5954,34.6489,4829700
2000-08-14,34.3815,35.2905,34.2211,35.2905,2793600
2000-08-15,34.6489,35.5044,34.3815,35.0766,3760300
2000-08-16,35.7717,36.146,34.8628,34.8628,4248000
2000-08-17,35.9322,36.6808,35.6114,36.0391,4152100
2000-08-18,34.9162,36.7877,34.8628,36.7877,3515700
2000-08-21,35.5579,36.0391,35.1301,35.3975,2345100
2000-08-22,34.8628,36.3599,34.7558,36.3599,2623100
2000-08-23,35.3975,35.7183,34.7023,35.1836,2784200
2000-08-24,35.6114,35.9322,35.3975,35.6114,5325800
2000-08-25,35.5044,36.146,35.4509,35.8252,3061300
2000-08-28,34.5419,35.8252,34.3815,35.7183,5668300
2000-08-29,34.2211,34.6489,33.8468,34.3815,4244600
2000-08-30,34.1142,34.4884,33.9003,34.435,4192800
2000-08-31,34.328,34.4884,33.9537,34.328,3105000
2000-09-01,34.2746,35.0232,33.9003,34.2211,2160600
2000-09-05,33.9537,33.9537,33.0448,33.5794,5975300
2000-09-06,33.419,34.2211,32.9913,34.0072,5207000
2000-09-07,34.6489,34.9697,33.419,33.7934,2788800
2000-09-08,35.1836,35.5044,34.435,34.7023,4057500
2000-09-11,35.5044,35.5044,34.3815,34.8628,3625100
2000-09-12,35.8424,36.0926,35.1301,35.237,3332900
2000-09-13,36.8048,37.5363,36.146,36.253,4502300
2000-09-14,37.0016,37.2689,35.9322,37.2154,4325200
2000-09-15,37.2689,37.3224,36.4134,36.9481,4907700
2000-09-18,36.9481,37.2154,36.7342,37.0016,3002700
2000-09-19,36.8946,37.2154,36.4669,37.055,2643200
2000-09-20,37.3925,37.3925,36.4134,36.8946,3184900
2000-09-21,38.6057,38.8196,37.0016,37.0016,4901100
2000-09-22,38.4988,38.6592,37.8036,38.6057,7412100
2000-09-25,38.5355,38.7126,37.9106,38.4453,2800300
2000-09-26,38.4988,38.7661,36.9481,38.071,3078700
2000-09-27,38.6057,39.0869,37.8036,38.071,3227000
2000-09-28,39.4077,40.0494,38.6057,38.6057,4629900
2000-09-29,39.8355,40.3702,39.0335,39.3543,4937100
2000-10-02,39.1404,39.5147,38.7126,39.4612,3595600
2000-10-03,40.1564,41.0654,38.6057,39.6216,4865200
2000-10-04,41.0654,41.9209,40.5306,40.6376,6408300
2000-10-05,42.0278,42.5625,41.0118,41.1188,4528400
2000-10-06,41.2258,42.3486,40.691,41.9209,4149100
2000-10-09,40.4237,41.8139,39.4612,41.2258,3686000
2000-10-10,42.1348,42.509,40.5306,40.8515,4691300
2000-10-11,42.4021,43.0972,42.1348,42.5625,7730700
2000-10-12,43.8993,44.2201,42.616,43.3111,8793200
2000-10-13,43.6319,43.9527,43.0438,43.8993,8355700
2000-10-16,44.0597,45.1291,43.3646,43.4181,7497900
2000-10-17,45.1291,45.4499,43.6854,44.0597,6303700
2000-10-18,44.0597,45.7173,43.525,44.9152,6443700
2000-10-19,43.7389,43.8459,42.4556,42.616,6873400
2000-10-20,43.7924,44.327,43.6854,43.7389,2707000
2000-10-23,45.9847,45.9847,43.4181,43.5785,3707000
2000-10-24,44.9152,46.0381,44.1666,45.343,4447900
2000-10-25,45.9847,46.5193,45.1826,45.343,3338500
2000-10-26,45.0222,45.9847,45.0222,45.343,3474300
2000-10-27,44.327,44.8083,43.8993,44.8083,3248000
2000-10-30,45.4499,45.8777,44.2201,44.327,3902000
2000-10-31,44.2201,45.5034,43.6319,45.4499,5149800
2000-11-01,44.792,45.1684,43.9855,44.6307,5426100
2000-11-02,44.7383,44.8458,43.5015,43.9317,6286500
2000-11-03,44.093,44.9534,43.7704,44.9534,3489900
2000-11-06,44.7383,44.792,43.1251,43.4477,3267100
2000-11-07,43.9317,45.1147,43.4477,44.7383,3462300
2000-11-08,44.6307,45.7599,44.6307,45.1684,3688500
2000-11-09,44.5232,45.1684,42.8025,44.6845,5006500
2000-11-10,45.6524,46.6203,44.093,44.093,3729200
2000-11-13,43.2864,45.8137,42.7487,45.7062,6036200
2000-11-14,44.7383,45.3298,42.8563,43.0176,4773000
2000-11-15,44.6845,45.1684,44.3619,44.9534,2417000
2000-11-16,44.3081,45.2222,43.9317,44.6845,2287800
2000-11-17,44.7383,46.2977,44.3081,45.5986,5380400
2000-11-20,46.4052,46.5665,45.1684,45.1684,3831100
2000-11-21,46.2977,46.9429,45.7599,46.0288,4115000
2000-11-22,46.459,46.9429,45.3835,45.5986,4063000
2000-11-24,46.0288,46.674,45.9213,46.5665,1480600
2000-11-27,46.7816,47.2656,45.5448,46.1363,4828200
2000-11-28,47.6957,48.0183,46.5128,46.7816,4679400
2000-11-29,48.5561,48.9863,47.8033,48.0722,5620700
2000-11-30,48.0183,49.524,48.0183,48.9325,7301900
2000-12-01,46.1363,47.1042,45.276,47.1042,7380600
2000-12-04,47.4807,48.0183,45.8137,46.1363,4473200
2000-12-05,46.8891,47.9646,46.6203,47.5882,5557700
2000-12-06,46.1901,47.4269,45.5986,46.8891,5257400
2000-12-07,46.674,46.9967,45.4911,46.1901,3172500
2000-12-08,47.5344,48.7711,45.975,46.459,4613200
2000-12-11,47.9646,48.8787,47.9108,48.0722,3898200
2000-12-12,47.9646,48.5561,47.4807,47.5344,4236000
2000-12-13,49.6853,49.6853,48.1796,48.1796,5278400
2000-12-14,50.1692,50.3843,48.825,49.5778,3441700
2000-12-15,49.8466,50.4919,49.4164,49.9004,6591200
2000-12-18,50.3843,50.707,49.0938,49.6853,3662600
2000-12-19,50.8683,51.4598,50.0079,50.223,4950600
2000-12-20,50.3306,51.6211,50.1692,50.8683,6280200
2000-12-21,49.524,50.6532,49.1475,50.2768,6016000
2000-12-22,48.7174,49.7391,47.7495,49.7391,4617200
2000-12-26,49.4164,50.1692,48.2872,48.2872,2033100
2000-12-27,49.04,49.9004,48.9325,49.4702,3456900
2000-12-28,49.6315,49.7929,49.04,49.0938,2435000
2000-12-29,48.825,49.7391,48.825,49.6315,2462900
2001-01-02,46.674,49.2551,46.2439,48.3947,6015400
2001-01-03,43.8779,47.2656,43.8779,46.5665,7632300
2001-01-04,44.8996,45.3835,41.1355,43.2326,15716500
2001-01-05,44.093,45.5986,43.6091,44.7383,8914400
2001-01-08,45.0609,45.7599,44.3081,45.1147,5055700
2001-01-09,45.8137,46.1901,44.7383,45.1147,5137100
2001-01-10,44.6845,46.4052,44.6307,45.8675,5377600
2001-01-11,43.1251,45.1147,42.5336,44.8458,8015200
2001-01-12,43.6628,44.2006,42.9638,43.2326,5271900
2001-01-16,46.0826,46.4052,43.9855,44.7383,6592300
2001-01-17,44.7383,45.5448,44.4156,45.276,4856900
2001-01-18,45.7062,46.2977,44.3619,44.7383,6049600
2001-01-19,45.0609,45.3298,43.9855,44.792,6942100
2001-01-22,45.0071,46.2977,44.5232,45.975,4556500
2001-01-23,44.8458,45.4911,43.6628,44.4694,4547500
2001-01-24,44.6845,44.8996,43.3402,43.7704,4163600
2001-01-25,46.1363,46.4052,44.093,44.3081,4640000
2001-01-26,44.3081,45.7599,43.7704,44.7383,8938600
2001-01-29,41.9421,44.3511,41.6668,44.3081,6624300
2001-01-30,42.9315,43.2326,41.5119,42.1572,6031400
2001-01-31,43.6146,43.6146,42.2819,42.879,5603500
2001-02-01,44.7569,44.7569,43.2684,43.5453,3547800
2001-02-02,44.8607,45.6482,44.5751,44.7828,3934400
2001-02-05,44.2204,45.1722,43.9608,44.4799,2906200
2001-02-06,44.3675,45.2501,44.2463,44.5665,2893600
2001-02-07,44.2723,44.9992,44.177,44.454,3182500
2001-02-08,43.9521,44.2117,43.2684,43.9608,3083500
2001-02-09,44.2636,44.7396,43.7098,43.9608,1994500
2001-02-12,44.8694,45.2328,43.9608,43.9608,2703400
2001-02-13,43.7444,44.904,43.355,44.904,3396500
2001-02-14,42.4204,43.8136,41.9704,43.8136,3714600
2001-02-15,41.8839,42.1781,41.0531,41.5377,5140000
2001-02-16,35.6964,36.3455,33.057,33.1003,48206200
2001-02-20,36.3887,37.6435,35.5666,35.8262,15381700
2001-02-21,37.0464,37.3406,35.9993,35.9993,9024500
2001-02-22,35.3935,37.0032,35.2724,36.8906,12986900
2001-02-23,34.9522,35.3849,34.6147,35.0906,8630100
2001-02-26,34.7099,35.4801,34.5282,35.0474,9671400
2001-02-27,35.4368,35.7484,34.7445,35.0474,6903900
2001-02-28,34.831,36.2589,34.831,35.4628,7486800
2001-03-01,33.559,34.7013,33.0138,34.3984,16040300
2001-03-02,32.8927,33.5157,32.4686,33.3599,13600000
2001-03-05,33.2734,33.8359,33.1003,33.1436,7631800
2001-03-06,33.2474,33.9137,33.0138,33.8359,6608100
2001-03-07,32.6676,33.5676,32.0186,33.3253,7669500
2001-03-08,32.7542,33.3773,32.4686,32.6244,5935000
2001-03-09,33.6628,33.8532,33.1003,33.1003,6410200
2001-03-12,32.9272,34.2253,32.8148,33.6628,8226900
2001-03-13,32.6244,32.9272,31.733,32.884,8946900
2001-03-14,30.9369,32.1917,30.5042,32.0186,12004300
2001-03-15,30.5475,31.3609,30.0802,31.1532,10544100
2001-03-16,30.4609,30.634,29.4225,30.158,12161400
2001-03-19,31.1965,31.5426,30.2879,30.3311,5784100
2001-03-20,30.7725,31.534,30.7379,30.9802,4966300
2001-03-21,29.5956,31.3696,29.509,30.7725,13878200
2001-03-22,30.2879,30.8936,29.3013,29.4658,10287800
2001-03-23,31.932,32.1917,30.6772,31.3696,7710000
2001-03-26,32.3302,32.4513,31.932,31.932,7640000
2001-03-27,33.1523,33.3946,32.6244,32.9272,8392300
2001-03-28,34.1821,34.6147,32.9272,32.9705,7489100
2001-03-29,32.4513,34.6753,31.5773,34.2686,14635700
2001-03-30,31.6119,32.5811,31.1013,32.3647,7905800
2001-04-02,30.6859,31.3696,29.4225,29.4225,7328200
2001-04-03,30.3744,31.4994,30.2879,31.3263,6500500
2001-04-04,31.11,31.4128,30.2186,30.3311,6671400
2001-04-05,30.8504,31.2571,30.4004,30.8936,8746900
2001-04-06,30.7552,30.9802,30.3744,30.8504,6221700
2001-04-09,31.1878,31.3696,30.409,30.7552,7321600
2001-04-10,31.1965,31.6292,31.084,31.4128,4330400
2001-04-11,30.634,30.9369,30.3398,30.7206,10392800
2001-04-12,31.5599,31.8195,30.5042,30.8504,8640300
2001-04-16,31.5426,31.9234,31.1532,31.4128,3932900
2001-04-17,31.8282,32.1917,31.11,31.11,6047600
2001-04-18,33.1349,33.334,32.2349,32.4513,7941200
2001-04-19,31.932,32.434,31.5859,32.3647,7604800
2001-04-20,32.01,32.2349,31.1532,32.2176,6058200
2001-04-23,32.2782,32.8494,32.0186,32.4513,3298800
2001-04-24,31.759,33.1263,31.5859,33.1003,5896800
2001-04-25,32.2263,32.408,31.6292,31.759,6567800
2001-04-26,33.5676,34.1821,32.2782,32.5378,6375700
2001-04-27,33.5763,34.0695,33.2994,33.5763,4967600
2001-04-30,33.3512,33.9051,32.8753,33.7061,6060400
2001-05-01,32.7109,33.3167,32.4513,33.3167,6974900
2001-05-02,32.9989,33.6013,32.8855,33.3481,6564600
2001-05-03,32.8243,33.2172,32.5188,32.9989,6767700
2001-05-04,33.3918,33.61,32.6672,32.9029,9097800
2001-05-07,33.6275,33.6449,32.7894,33.2259,4704100
2001-05-08,33.2696,33.3656,32.0474,33.0863,8454500
2001-05-09,33.0863,33.61,32.3704,33.2696,5540300
2001-05-10,32.3878,33.3743,32.3878,33.1735,6611200
2001-05-11,33.4354,34.7449,32.9029,33.9592,18928000
2001-05-14,32.7632,33.3568,32.0299,33.3568,15213300
2001-05-15,32.4053,33.1735,32.1347,33.1299,8867500
2001-05-16,34.3084,34.3957,32.737,32.868,9975600
2001-05-17,35.7838,35.9671,34.7711,34.8322,9095700
2001-05-18,35.26,35.906,34.9457,35.7925,6276600
2001-05-21,36.3338,36.9274,35.4171,35.7489,6583500
2001-05-22,36.2464,36.8837,35.4433,36.3338,6226400
2001-05-23,36.1417,37.0845,35.9234,37.0147,6433100
2001-05-24,36.6567,36.8837,35.4695,36.1417,5429400
2001-05-25,36.3599,36.7353,36.0108,36.0108,4014300
2001-05-29,36.8837,37.2941,36.229,36.2726,3919700
2001-05-30,36.0893,36.9885,36.0544,36.8837,3759600
2001-05-31,36.6218,37.1893,36.1417,36.229,4366900
2001-06-01,37.2766,37.9139,36.3163,36.4036,4787600
2001-06-04,37.2067,37.4424,36.7091,37.102,4019300
2001-06-05,38.202,38.394,37.0322,37.2329,5317800
2001-06-06,37.521,38.3329,37.2766,38.3067,4769900
2001-06-07,36.9274,37.7043,36.7179,37.521,5164100
2001-06-08,36.9623,37.2853,36.6655,37.2766,2514000
2001-06-11,36.0631,36.552,35.7925,36.4647,3608000
2001-06-12,35.7751,36.3163,35.6179,36.3163,3905600
2001-06-13,35.0068,35.5568,34.8759,35.4433,5193200
2001-06-14,35.3997,36.1504,34.902,35.0068,5751300
2001-06-15,34.9632,35.4346,34.7449,35.4258,6936700
2001-06-18,35.129,35.6004,34.937,34.9632,3816400
2001-06-19,34.902,35.3386,34.7449,35.129,5038600
2001-06-20,35.0505,35.2163,34.7886,34.902,5139400
2001-06-21,35.3997,35.8449,34.6314,35.1377,5756500
2001-06-22,33.0863,33.2172,31.995,32.7807,16527900
2001-06-25,33.2172,34.1775,32.737,33.61,7200100
2001-06-26,33.741,33.9592,33.1299,33.2172,4923900
2001-06-27,32.2831,33.6973,32.0386,33.6537,11206200
2001-06-28,31.6021,33.1735,31.2966,32.0648,21368700
2001-06-29,31.6371,31.9775,30.991,30.991,15356900
2001-07-02,31.7767,32.6061,31.7331,31.995,7119700
2001-07-03,31.8117,31.9601,31.4799,31.8204,3097400
2001-07-05,31.6632,32.0299,31.5934,31.8117,5099300
2001-07-06,31.253,31.6196,31.2093,31.6021,3314400
2001-07-09,31.9513,32.0386,31.2617,31.4276,4398300
2001-07-10,31.9601,32.8505,31.8728,32.8243,4796700
2001-07-11,31.6632,32.2045,31.5149,32.1958,4246300
2001-07-12,31.253,31.6632,30.1181,31.6632,10624100
2001-07-13,32.2045,32.6497,31.3402,31.3839,5334800
2001-07-16,32.1609,32.4315,32.091,32.2045,4269300
2001-07-17,33.2957,33.8283,32.318,32.545,4813300
2001-07-18,33.5664,34.0902,33.1735,33.4354,4578300
2001-07-19,33.2783,33.5926,33.1124,33.5576,3736000
2001-07-20,33.7322,34.2648,33.4703,33.6973,4307500
2001-07-23,33.3918,34.0815,33.1474,33.8719,2136700
2001-07-24,33.1299,33.5576,33.0863,33.5576,4365800
2001-07-25,32.4751,33.3481,31.7767,33.1735,4822000
2001-07-26,33.1735,34.483,33.1648,34.2648,6936000
2001-07-27,33.5315,34.064,33.3307,33.4005,3771300
2001-07-30,33.8283,34.1862,33.1212,33.8806,2561300
2001-07-31,34.0902,34.6489,33.8283,33.9592,4646900
2001-08-01,34.5825,34.9347,33.8078,34.292,3362400
2001-08-02,34.292,35.0403,33.9926,34.9523,3225200
2001-08-03,33.8958,34.292,33.4996,34.16,2778100
2001-08-06,33.4556,33.9398,33.0594,33.8958,3652400
2001-08-07,33.614,33.7109,33.1915,33.4556,3054600
2001-08-08,33.7637,34.6882,33.4556,34.424,6400700
2001-08-09,33.6757,33.7197,32.54,33.7197,10949500
2001-08-10,33.8078,33.8342,33.2355,33.5437,3748300
2001-08-13,34.1159,34.16,33.5877,34.0279,2557900
2001-08-14,33.8166,34.5473,33.7109,34.5473,2942700
2001-08-15,33.3499,34.2832,33.2267,33.6845,3766900
2001-08-16,33.1387,33.4468,32.7513,33.3499,3944900
2001-08-17,33.0594,33.1211,32.8217,32.8393,2429900
2001-08-20,33.8342,33.9398,33.0682,33.1915,2380000
2001-08-21,33.9398,34.6353,33.8342,34.5385,3517700
2001-08-22,34.0631,34.3096,33.2971,33.4556,2841300
2001-08-23,34.3624,34.9523,33.8518,34.0631,4810300
2001-08-24,35.0844,35.2164,34.0719,34.336,5493700
2001-08-27,34.8291,35.1196,34.6442,34.6882,2025600
2001-08-28,33.9926,34.8643,33.9926,34.8291,4020000
2001-08-29,33.5789,34.3008,33.5437,34.16,3508600
2001-08-30,33.8078,34.0807,33.4556,33.5437,3057300
2001-08-31,33.57,34.0015,33.3499,33.8078,2858500
2001-09-04,33.9486,34.7146,33.5877,33.5877,2640700
2001-09-05,35.0844,35.19,33.9838,34.16,4732800
2001-09-06,33.2267,34.7322,33.1739,34.7322,6389100
2001-09-07,32.3463,33.0946,32.3463,32.7953,3982700
2001-09-10,32.7425,32.7777,32.0293,32.223,3386700
2001-09-17,31.6508,32.8833,31.1401,31.6067,7268500
2001-09-18,31.2633,32.4431,30.8936,32.4431,6474000
2001-09-19,30.3565,31.1225,29.9339,30.8144,5144200
2001-09-20,30.0572,30.4006,29.0359,30.3565,5145600
2001-09-21,28.7454,29.8019,28.4813,29.4937,6912500
2001-09-24,29.8019,30.1541,28.2612,29.3177,4711300
2001-09-25,30.2421,30.4094,29.7139,29.8019,4893100
2001-09-26,30.876,31.73,30.2861,30.3301,3483100
2001-09-27,32.3727,32.5488,30.8408,30.8408,4997800
2001-09-28,32.7601,32.7689,31.7388,32.1966,5632800
2001-10-01,33.033,33.3675,32.4696,32.5752,4558200
2001-10-02,32.7953,33.0682,32.3199,32.8393,4869800
2001-10-03,32.267,32.5575,31.6948,32.3991,4630300
2001-10-04,32.0998,32.3199,31.6948,31.8709,4495000
2001-10-05,32.452,32.5312,31.7124,32.0469,3204000
2001-10-08,31.9325,32.4696,31.7476,32.452,2216600
2001-10-09,31.3866,32.0293,31.1401,31.6948,3648100
2001-10-10,32.0381,32.267,31.0785,31.2546,3678800
2001-10-11,32.6632,33.2883,31.5011,31.818,7248700
2001-10-12,33.2091,33.4556,32.3111,32.5752,6088800
2001-10-15,34.1159,34.2039,32.7777,32.7777,5080100
2001-10-16,34.4417,34.8995,34.1335,34.8643,5747400
2001-10-17,34.1423,34.5473,34.0015,34.2215,3303400
2001-10-18,34.0103,34.292,33.8166,34.1423,3711100
2001-10-19,33.9486,34.0015,33.6317,33.9046,4600900
2001-10-22,34.2568,34.4945,33.8958,34.4681,4382800
2001-10-23,33.6053,34.8643,33.5965,34.8643,4830900
2001-10-24,33.2003,34.0719,33.0066,33.6757,4740300
2001-10-25,33.482,33.57,32.3111,32.5752,3955300
2001-10-26,33.0858,33.2619,32.5752,32.9714,4133500
2001-10-29,33.2267,33.306,32.7513,32.9714,3365100
2001-10-30,32.8481,33.0594,32.6808,33.0594,4070000
2001-10-31,33.0244,33.3886,32.8646,33.3531,3856700
2001-11-01,33.0067,33.1221,32.6869,32.9978,5209000
2001-11-02,32.6869,32.9001,32.4648,32.5981,3863700
2001-11-05,32.8646,33.0155,32.6869,32.8646,3249000
2001-11-06,33.0333,33.2998,32.4293,32.7313,3607300
2001-11-07,32.4648,33.513,32.3316,33.0333,3363400
2001-11-08,32.7047,32.8646,32.2073,32.8646,5137900
2001-11-09,31.6032,32.5626,31.5233,32.2428,7363100
2001-11-12,31.9674,32.2073,31.1325,31.6032,3876700
2001-11-13,31.7809,32.1096,31.3545,31.9053,5022800
2001-11-14,30.8039,31.8875,30.5551,31.0881,9154800
2001-11-15,30.1999,30.9016,29.3116,30.2443,9707300
2001-11-16,30.9993,31.1236,30.3953,30.4219,8533800
2001-11-19,31.4878,31.4878,30.644,30.644,5308000
2001-11-20,31.6565,31.7543,30.5996,31.4878,3804000
2001-11-21,32.456,32.5981,31.5056,31.621,6288700
2001-11-23,32.2428,32.6425,31.9852,32.6425,1658600
2001-11-26,32.7313,32.7313,31.9941,32.0651,5029400
2001-11-27,32.5359,32.7047,32.0829,32.1096,5136700
2001-11-28,32.5004,32.758,32.376,32.4204,4994200
2001-11-29,32.5181,32.6425,32.1096,32.376,3527900
2001-11-30,31.772,32.5981,31.0881,32.4648,8181400
2001-12-03,32.0829,32.3494,31.5855,31.7809,4572100
2001-12-04,31.9763,32.074,31.6654,31.7543,7128400
2001-12-05,33.3176,33.735,31.7543,31.7543,15908300
2001-12-06,33.5574,33.9304,33.1754,33.2199,7868600
2001-12-07,33.9038,34.0637,33.1399,33.3353,7414100
2001-12-10,34.0104,34.188,33.6195,33.6195,6055700
2001-12-11,34.3302,35.4582,33.6817,33.7528,11998100
2001-12-12,32.7402,34.1525,31.8431,33.3975,16004600
2001-12-13,33.1754,33.5485,32.8646,32.8646,11037700
2001-12-14,33.7528,33.8949,33.2998,33.3087,11710600
2001-12-17,33.3531,33.7084,33.0422,33.2376,6187100
2001-12-18,32.9179,33.3087,32.5892,33.2643,6714600
2001-12-19,32.7402,32.9534,31.9053,32.4204,7227000
2001-12-20,32.074,32.5181,31.9141,32.3849,7377300
2001-12-21,32.2872,32.4204,31.9674,32.4204,6906000
2001-12-24,32.9622,34.037,32.5537,33.8949,6999300
2001-12-26,32.1362,32.909,32.0651,32.6958,6092600
2001-12-27,31.9763,32.1362,31.621,32.1362,5077600
2001-12-28,31.6743,32.0207,31.5322,31.9585,5799500
2001-12-31,31.8076,32.1096,31.701,31.8875,4537200
2002-01-02,31.9763,31.9763,31.1147,31.9319,5740800
2002-01-03,30.7594,31.6654,30.6529,31.6565,12832500
2002-01-04,30.2887,30.8127,30.1999,30.4308,8505400
2002-01-07,30.6351,30.644,29.9423,30.2976,9571700
2002-01-08,30.5818,30.9549,30.3775,30.644,10970800
2002-01-09,30.8127,31.1325,30.4397,30.5818,8523900
2002-01-10,31.0703,31.0703,30.4219,30.4219,5792900
2002-01-11,31.2036,31.399,30.3331,31.0881,6230100
2002-01-14,31.2391,31.7099,31.097,31.2036,7089600
2002-01-15,30.3775,31.0881,30.2443,30.4219,9554600
2002-01-16,30.3597,30.9105,30.2443,30.2443,5848000
2002-01-17,29.8179,30.413,29.8179,30.3775,5284600
2002-01-18,29.5514,30.191,29.4537,29.7557,5742100
2002-01-22,30.0222,30.0755,29.6136,29.9334,4856500
2002-01-23,30.0666,30.715,29.9956,30.0044,6040100
2002-01-24,29.7113,30.2887,29.5603,30.111,6065800
2002-01-25,29.2317,29.4893,29.0896,29.1784,6339700
2002-01-28,29.4893,29.9334,29.134,29.1429,5143300
2002-01-29,29.4182,30.2443,29.1429,29.96,5692600
2002-01-30,29.9006,30.3132,29.6404,29.9634,5774000
2002-01-31,29.0483,29.8737,28.5459,29.8109,12333800
2002-02-01,28.851,29.1111,28.0794,29.0483,10734600
2002-02-04,29.2547,29.47,28.8958,28.9765,7453700
2002-02-05,28.9855,29.6045,28.842,29.2457,4920600
2002-02-06,27.7565,28.7971,27.3618,28.7074,8882000
2002-02-07,28.1692,28.3396,27.1644,27.272,11167600
2002-02-08,28.9497,29.0304,28.2589,28.3486,8968600
2002-02-11,30.5914,30.9502,29.0214,29.0663,12361300
2002-02-12,31.0578,31.1924,30.2774,30.5016,6559700
2002-02-13,30.726,31.1565,30.2325,31.0848,4500200
2002-02-14,30.7618,30.8605,30.2235,30.8156,6047700
2002-02-15,31.4077,31.5513,30.8156,30.8156,6591300
2002-02-19,30.726,31.0399,30.5196,31.0399,4547200
2002-02-20,31.5692,31.5782,30.5644,30.726,5189600
2002-02-21,30.5016,31.5782,30.4837,31.3539,5487100
2002-02-22,31.0668,31.2014,30.2325,30.2325,4203600
2002-02-25,31.1117,31.2911,30.7887,31.022,3683600
2002-02-26,30.6093,30.9502,30.3043,30.9502,6797200
2002-02-27,30.726,30.9412,30.4747,30.6362,6256400
2002-02-28,30.9412,31.1296,30.6811,30.6811,6599400
2002-03-01,31.3808,31.5064,30.5914,30.6362,5075200
2002-03-04,31.5782,31.8384,31.0758,31.6679,5468600
2002-03-05,31.2014,31.9819,31.2014,31.3988,4541000
2002-03-06,31.6051,31.8473,31.022,31.022,4936400
2002-03-07,32.26,32.5202,31.5423,32.5202,6548600
2002-03-08,30.5016,32.0716,29.156,32.0716,23397900
2002-03-11,30.0531,30.6631,29.9454,30.5286,8907500
2002-03-12,29.6314,30.1338,29.3803,30.0531,6837500
2002-03-13,30.071,30.1159,29.4072,29.47,11303000
2002-03-14,30.0082,30.2235,29.9185,30.0531,5870900
2002-03-15,30.1518,30.6183,29.8378,30.0531,9946600
2002-03-18,29.6494,29.9185,29.1739,29.784,10083700
2002-03-19,29.3175,29.6404,29.2457,29.5597,7472300
2002-03-20,28.6985,29.452,28.4383,29.4251,7705200
2002-03-21,28.2589,28.7702,27.9,28.6895,6808800
2002-03-22,28.0166,28.2768,27.8641,28.0077,6340600
2002-03-25,27.9,28.2768,27.8283,28.0166,4941500
2002-03-26,27.891,28.1423,27.8103,27.9,5015200
2002-03-27,27.9897,28.0346,27.7206,27.8552,5230400
2002-03-28,28.0794,28.2409,27.8103,27.8552,5708700
2002-04-01,27.4874,28.0794,27.3618,27.7206,4315400
2002-04-02,26.8594,27.5771,25.8815,27.3618,17285500
2002-04-03,27.604,27.6309,26.8594,26.8594,7677800
2002-04-04,26.2404,26.9132,26.0251,26.6889,13349900
2002-04-05,26.1148,26.6889,25.7201,26.6889,8083800
2002-04-08,25.8277,26.366,25.4689,26.0161,6607500
2002-04-09,24.9575,25.9623,24.8409,25.9174,16190000
2002-04-10,26.2583,26.2852,24.9575,24.9934,10292000
2002-04-11,26.0161,26.1865,25.7021,26.1776,7924100
2002-04-12,25.6752,25.9623,25.424,25.6572,7196600
2002-04-15,26.2045,26.4826,25.7021,25.8546,5784200
2002-04-16,26.7786,26.7966,26.0161,26.3839,5773100
2002-04-17,26.2493,26.7517,26.2224,26.6889,5965700
2002-04-18,27.3977,27.5322,26.2852,26.2852,7973900
2002-04-19,27.3259,27.5412,27.1016,27.5412,4822800
2002-04-22,26.6441,27.0926,26.2404,26.8953,5910300
2002-04-23,26.7248,27.5681,26.4646,27.5412,8288900
2002-04-24,26.6889,27.0388,26.6889,26.8504,3795300
2002-04-25,26.2404,26.5364,26.0699,26.4646,6278700
2002-04-26,26.2583,26.5543,25.7918,26.2404,3823900
2002-04-29,25.4868,26.1955,25.3881,26.1955,5045700
2002-04-30,24.491,25.0741,24.491,24.9844,11527300
2002-05-01,25.1244,25.2062,24.5338,24.552,5625500
2002-05-02,25.1062,25.1698,24.5338,24.8064,6284000
2002-05-03,24.9881,25.1698,24.552,25.1244,3996000
2002-05-06,24.7155,25.079,24.6337,25.0245,3977100
2002-05-07,24.5429,24.8791,24.4611,24.7155,5280800
2002-05-08,25.8695,26.1331,24.6701,24.7155,4406100
2002-05-09,25.2698,25.924,25.2425,25.6423,3369600
2002-05-10,24.6337,25.3516,24.4157,25.0426,3070700
2002-05-13,25.1789,25.397,24.6519,24.6882,2704300
2002-05-14,25.8877,25.8968,25.2153,25.5333,4649400
2002-05-15,22.7164,25.7332,22.044,25.5515,34050900
2002-05-16,22.4893,23.3525,21.4898,22.2712,32554900
2002-05-17,23.7342,23.8977,22.989,23.1708,19108800
2002-05-20,24.1703,24.2612,23.5797,23.7342,8402200
2002-05-21,24.034,24.4883,23.8159,24.3975,5326400
2002-05-22,24.2612,24.3884,23.9431,24.352,4678200
2002-05-23,24.6065,24.6065,23.6251,24.2612,5147200
2002-05-24,24.4247,24.7428,24.2521,24.5338,3677200
2002-05-28,24.1249,24.5974,24.0068,24.4247,3814100
2002-05-29,24.0794,24.6701,24.0068,24.5338,6065200
2002-05-30,23.5342,24.0794,23.2162,23.7614,7514100
2002-05-31,24.034,24.5338,23.716,24.352,6793100
2002-06-03,22.989,24.1249,22.9164,24.034,2871300
2002-06-04,22.4893,23.1526,22.3257,22.989,6427500
2002-06-05,22.671,22.6983,22.1713,22.5802,6004100
2002-06-06,21.8805,22.6983,21.8805,22.6801,5202800
2002-06-07,22.044,22.4802,21.8078,21.8805,6400600
2002-06-10,22.1349,22.3439,21.7169,22.3076,6560800
2002-06-11,21.2535,22.2167,21.1808,22.2167,6986800
2002-06-12,21.617,21.7714,20.9809,20.9809,5188300
2002-06-13,22.0077,22.2167,21.6806,21.7624,5410000
2002-06-14,22.0986,22.3894,21.5806,21.8532,5511600
2002-06-17,22.8255,22.8618,22.0622,22.5347,4830100
2002-06-18,22.7164,22.7891,22.3984,22.4893,4355800
2002-06-19,21.7169,22.5438,21.617,22.353,7124900
2002-06-20,21.5352,21.6079,21.1263,21.3535,8704200
2002-06-21,21.0809,21.4352,20.9446,21.1717,8105000
2002-06-24,21.3535,21.7624,20.7174,20.8083,6500300
2002-06-25,21.308,21.7987,20.9173,21.7351,6019500
2002-06-26,22.3984,22.4529,20.5811,20.7174,8052800
2002-06-27,22.6256,22.6256,21.7169,22.2621,5338100
2002-06-28,22.353,23.2253,22.2894,22.6256,8524500
2002-07-01,21.3535,22.6165,21.2899,22.4893,5810400
2002-07-02,20.3176,21.3353,20.154,20.9446,8050500
2002-07-03,20.3903,20.7628,20.0541,20.1268,5403900
2002-07-05,21.0082,21.1717,20.3903,20.3903,2838700
2002-07-08,20.9718,21.1263,20.4902,20.781,3997300
2002-07-09,20.2631,20.8991,20.2176,20.8901,5345000
2002-07-10,18.8547,20.2631,18.6547,20.2631,10133300
2002-07-11,19.6179,19.8088,18.5366,18.5366,12935900
2002-07-12,20.3358,20.4811,19.2181,19.8088,5219900
2002-07-15,20.254,21.7169,19.1,21.6533,10027900
2002-07-16,20.4448,21.4261,19.8996,19.8996,7675900
2002-07-17,21.4898,21.8078,21.1354,21.6715,6695700
2002-07-18,20.2085,21.1717,20.0813,21.1626,4309900
2002-07-19,20.363,20.5357,19.836,19.9905,6781000
2002-07-22,19.7179,20.5538,19.1363,19.9905,6466000
2002-07-23,18.9546,19.8542,18.4912,19.7451,7241800
2002-07-24,19.936,20.3085,18.1822,18.3822,6410100
2002-07-25,21.2172,21.4989,19.2635,19.2635,7461900
2002-07-26,21.2262,21.2626,20.0813,20.99,5404400
2002-07-29,22.2985,22.4438,21.0809,21.2626,5403500
2002-07-30,23.1435,23.1708,21.8078,22.0986,5592900
2002-07-31,23.4898,23.4898,22.0159,23.3056,6170900
2002-08-01,22.6147,23.4898,22.3936,23.4898,4611100
2002-08-02,22.7989,23.3976,22.1541,22.6147,4238300
2002-08-05,20.7355,22.7989,20.5697,22.7989,4544900
2002-08-06,20.9105,21.6014,19.9893,20.2657,5447300
2002-08-07,22.2738,22.5686,20.9566,20.975,4040200
2002-08-08,21.0763,22.9371,19.8512,22.4765,14962500
2002-08-09,21.0947,21.4079,20.6157,20.846,6337600
2002-08-12,20.9566,21.0947,20.542,20.542,3377000
2002-08-13,20.4039,20.9566,20.4039,20.5881,2751100
2002-08-14,21.0947,21.15,19.8972,20.3762,4942200
2002-08-15,21.2145,21.6475,20.8368,21.5093,3013900
2002-08-16,21.0303,21.325,20.7263,21.0303,2880700
2002-08-19,21.3711,21.5369,20.8736,20.8829,3714500
2002-08-20,21.5553,21.9422,21.021,21.2329,4559600
2002-08-21,22.283,22.283,21.4724,21.7856,3329000
2002-08-22,22.9832,23.0753,22.2186,22.3383,3877600
2002-08-23,22.4305,23.0753,22.2094,22.9832,3447500
2002-08-26,21.6475,22.7068,21.2974,22.6607,4190100
2002-08-27,21.1408,22.1541,20.9566,21.9698,4950300
2002-08-28,21.2329,21.5369,21.0487,21.1684,2869800
2002-08-29,21.1776,21.6014,20.8736,21.0487,3104900
2002-08-30,21.2605,21.5369,20.8921,21.1776,2987200
2002-09-03,20.238,21.0947,20.2196,21.0303,4120900
2002-09-04,20.7263,20.8368,20.0814,20.2657,3842400
2002-09-05,20.1736,20.4223,19.888,20.2657,3464200
2002-09-06,20.2657,20.4039,19.9893,20.2657,2995800
2002-09-09,21.2698,21.4172,19.9156,20.2657,5363100
2002-09-10,21.8593,21.9698,21.4724,21.5553,4946400
2002-09-11,21.7672,22.2923,21.7211,22.237,1792200
2002-09-12,21.7764,22.2001,21.0026,21.7672,4890400
2002-09-13,21.804,21.9698,20.8552,20.8552,3818500
2002-09-16,21.6014,21.6475,20.8736,21.4172,4787400
2002-09-17,21.2329,21.7395,20.9566,21.6475,3990900
2002-09-18,21.1592,21.3527,20.7907,21.1408,3810700
2002-09-19,20.5697,21.0026,20.4868,20.7355,2787400
2002-09-20,21.0487,21.1869,20.5236,20.5697,6571200
2002-09-23,20.2749,20.5789,19.8972,20.367,4512200
2002-09-24,19.8327,20.4131,19.5472,20.0354,4988200
2002-09-25,20.6065,20.6802,19.8143,20.0814,4273300
2002-09-26,21.0763,21.0947,20.3302,20.7171,3532200
2002-09-27,20.0262,21.0026,19.8512,20.7539,4580200
2002-09-30,19.6393,19.9893,19.3445,19.5932,4945800
2002-10-01,18.2391,20.0814,17.9167,19.6669,21379400
2002-10-02,16.6547,18.0549,16.3046,17.9167,25958500
2002-10-03,16.2494,17.2074,15.9822,16.5349,19190800
2002-10-04,15.9362,15.9454,14.8308,14.8308,33003300
2002-10-07,16.3968,16.5626,15.5954,15.6598,13244400
2002-10-08,16.8666,17.0877,16.3046,16.3507,12914200
2002-10-09,16.6639,16.9403,16.4336,16.5349,9206200
2002-10-10,16.4889,16.5994,15.8533,16.3968,10607200
2002-10-11,16.6639,16.885,16.4336,16.581,6412000
2002-10-14,16.756,17.0048,16.2586,16.2586,5564100
2002-10-15,17.493,17.7969,16.8205,16.8573,9604400
2002-10-16,17.4285,17.7601,17.1337,17.493,7585100
2002-10-17,17.8706,17.9535,17.5206,17.7693,6034400
2002-10-18,17.4469,17.8706,17.189,17.8614,5616000
2002-10-21,17.7785,17.8891,17.0784,17.1245,4174400
2002-10-22,17.189,17.5022,16.885,17.3364,5127900
2002-10-23,17.2166,17.4561,16.6731,16.9495,5749200
2002-10-24,17.6127,18.2391,17.4285,17.5022,7600700
2002-10-25,18.7458,18.8839,17.9627,18.4233,7480400
2002-10-28,19.4643,20.3578,19.3445,19.6209,13374200
2002-10-29,19.4551,19.9709,19.2524,19.5103,8298000
2002-10-30,20.2271,20.4706,19.8526,19.9462,5666100
2002-10-31,19.993,20.4144,19.7214,20.4144,3971300
2002-11-01,20.3395,20.6017,19.478,19.993,5249400
2002-11-04,20.0867,20.3207,19.8057,20.274,4980900
2002-11-05,20.0211,20.2459,19.6278,19.6653,5621300
2002-11-06,20.9763,21.0699,20.1148,20.3676,9846100
2002-11-07,20.3676,20.8639,20.274,20.6954,4889000
2002-11-08,20.8264,21.1636,20.3489,20.377,6525800
2002-11-11,20.4144,20.8826,20.3489,20.6954,2455100
2002-11-12,20.1616,20.6392,19.8432,20.6017,6193100
2002-11-13,19.3469,20.171,18.9536,20.171,6762700
2002-11-14,20.1429,20.2365,19.684,19.8994,7616000
2002-11-15,20.3489,20.5455,19.7402,19.7589,4698900
2002-11-18,20.6017,20.8264,20.2459,20.3582,4541600
2002-11-19,20.6298,20.9388,20.0679,20.1335,4729000
2002-11-20,20.48,21.4445,20.1335,20.3207,6143700
2002-11-21,20.9763,21.4351,20.5549,20.6017,8233400
2002-11-22,21.7722,22.0345,21.1917,21.201,8213800
2002-11-25,21.1074,22.0158,20.995,22.0064,5617500
2002-11-26,20.5549,21.0699,20.3676,20.6672,6549800
2002-11-27,20.583,21.4445,19.6653,20.9201,11711700
2002-11-29,21.2198,21.482,20.6392,20.6954,3275200
2002-12-02,20.1335,21.5382,20.0398,21.5382,8586200
2002-12-03,19.4312,20.2552,19.3843,20.2271,9152300
2002-12-04,19.5435,19.6278,19.3094,19.5154,5767600
2002-12-05,19.7589,19.9556,19.6371,19.7589,6471300
2002-12-06,19.993,20.1335,19.5061,19.6184,5028200
2002-12-09,21.1636,21.5569,20.3676,20.5081,10501600
2002-12-10,21.0793,21.3977,20.9763,21.3977,6014400
2002-12-11,21.098,21.3977,20.7328,20.9014,4107800
2002-12-12,20.8826,21.2759,20.7234,21.1074,5487500
2002-12-13,20.9294,21.4539,20.6204,20.6954,5038500
2002-12-16,21.2479,21.51,20.9388,20.9576,4874700
2002-12-17,20.9294,21.2572,20.8452,21.2572,4992600
2002-12-18,20.5081,20.8733,20.4519,20.8358,4808100
2002-12-19,20.377,20.6954,20.2084,20.3676,3705800
2002-12-20,21.1448,21.2666,20.8358,20.9763,7683200
2002-12-23,21.4539,21.5662,20.9014,21.2291,4379000
2002-12-24,21.4445,21.5007,21.2759,21.3041,1478300
2002-12-26,21.0231,21.5382,20.8358,21.4445,2469200
2002-12-27,20.789,21.0512,20.6298,20.7047,2441500
2002-12-30,20.7234,20.789,20.3863,20.7422,4082500
2002-12-31,20.789,21.0887,20.4987,20.5549,4638400
2003-01-02,21.2666,21.2947,20.5924,20.9294,5283300
2003-01-03,21.6505,21.9127,21.3041,21.3602,4241900
2003-01-06,22.1375,22.2124,21.6318,21.6599,3230300
2003-01-07,21.3977,22.2405,21.3415,21.9876,4538900
2003-01-08,21.4164,21.5756,21.0699,21.1636,3957700
2003-01-09,21.5944,21.6973,21.3696,21.6318,3688800
2003-01-10,21.5007,21.5475,20.2459,20.6954,11893300
2003-01-13,22.1749,22.2405,21.3508,21.5007,4924900
2003-01-14,20.995,21.7816,20.7234,21.7067,10301200
2003-01-15,20.2927,20.6954,20.0586,20.5081,6853900
2003-01-16,20.5081,20.8358,20.405,20.4425,6236000
2003-01-17,20.3582,20.583,20.0398,20.274,5517700
2003-01-21,19.993,20.6485,19.4499,19.4499,3907500
2003-01-22,19.4312,20.2271,19.4312,20.2271,6459200
2003-01-23,19.3656,19.6465,18.9536,19.4405,5100400
2003-01-24,18.7288,19.0566,18.2606,18.9723,8331300
2003-01-27,17.5395,18.27,17.4178,18.2606,9016400
2003-01-28,17.9328,18.0078,17.0151,17.8298,10772400
2003-01-29,17.8392,17.8766,17.6426,17.7456,5997200
2003-01-30,17.2773,17.8392,17.09,17.8392,6008700
2003-01-31,16.9589,17.1369,16.8559,16.9496,9368500
2003-02-03,17.5583,17.6519,17.0151,17.1181,4809700
2003-02-04,17.4365,17.4833,16.9964,17.4646,6160200
2003-02-05,17.5347,17.9449,17.4583,17.6492,4925400
2003-02-06,17.1721,17.6492,17.0481,17.4107,4597200
2003-02-07,17.1721,17.3629,17.0767,17.2008,6219900
2003-02-10,17.4107,17.4297,17.0767,17.2675,3376700
2003-02-11,17.3153,17.84,17.3153,17.5347,4358900
2003-02-12,17.2199,17.4107,17.1054,17.2199,2961500
2003-02-13,17.1054,17.382,17.0386,17.3629,4341100
2003-02-14,17.6492,17.6778,16.9813,17.1721,5153200
2003-02-18,17.8209,17.9067,17.5251,17.6492,2629900
2003-02-19,17.487,17.7446,17.3153,17.6968,2628800
2003-02-20,17.4107,17.6206,17.1721,17.487,2578300
2003-02-21,17.2389,17.5061,17.0767,17.5061,3975000
2003-02-24,17.029,17.2485,16.7715,17.2485,2994700
2003-02-25,16.7715,16.9051,16.3803,16.7905,5163500
2003-02-26,16.428,17.2008,16.1704,16.5997,7771300
2003-02-27,17.0576,17.2294,16.5711,16.6474,6204600
2003-02-28,17.1912,17.4774,17.01,17.1531,5635400
2003-03-03,16.7047,17.5537,16.6761,17.1912,4286600
2003-03-04,16.3422,16.6379,16.2849,16.3708,4121000
2003-03-05,15.8365,16.7333,15.5026,16.428,17282600
2003-03-06,15.6934,15.7888,14.9302,15.3595,20190300
2003-03-07,15.5503,15.7125,15.3691,15.4072,6822300
2003-03-10,15.1592,15.5789,15.0733,15.5789,7351800
2003-03-11,15.1496,15.35,15.0829,15.2641,5336000
2003-03-12,15.0256,15.3595,14.5868,15.0733,6746200
2003-03-13,15.1496,15.3118,14.7394,15.3118,5986200
2003-03-14,14.7394,15.1974,14.6917,15.1115,4942400
2003-03-17,15.1878,15.35,14.52,14.5963,9015700
2003-03-18,15.827,15.9701,15.2641,15.2641,8218300
2003-03-19,16.9336,16.9336,15.8365,15.9319,15947900
2003-03-20,16.8669,17.0576,16.5997,16.7905,7945600
2003-03-21,17.6492,17.7064,16.9623,17.0767,10295100
2003-03-24,16.8382,17.3534,16.7428,17.258,5009000
2003-03-25,17.3629,17.5537,16.7428,17.0004,6751600
2003-03-26,17.1149,17.3629,16.7619,17.3629,8073300
2003-03-27,17.2389,17.2771,16.9336,17.029,8426400
2003-03-28,17.1721,17.1721,16.8955,17.0958,5366600
2003-03-31,17.01,17.1721,16.7047,16.886,4320800
2003-04-01,16.8192,16.9623,16.5807,16.9146,4926900
2003-04-02,17.3439,17.5633,17.0386,17.1721,5011900
2003-04-03,17.4107,17.5537,17.0195,17.3439,4287300
2003-04-04,17.3916,17.5061,17.1436,17.4107,3539900
2003-04-07,16.6951,17.5251,16.6761,17.5061,7729500
2003-04-08,16.3899,16.6856,16.2181,16.5044,7964300
2003-04-09,16.2181,16.6188,16.0846,16.5044,6983300
2003-04-10,16.2659,16.2659,15.7888,16.18,5235700
2003-04-11,16.0464,16.304,15.9033,16.0751,5068300
2003-04-14,16.5902,16.6474,15.9605,15.9605,5670500
2003-04-15,17.0576,17.0576,16.5902,16.8382,5051700
2003-04-16,16.6951,17.0386,16.6379,17.029,5505800
2003-04-17,16.6283,16.8764,16.5997,16.6951,6439600
2003-04-21,16.5234,16.886,16.4089,16.7905,4967000
2003-04-22,16.9909,17.0481,16.3136,16.5997,8812400
2003-04-23,17.4583,17.7446,17.0386,17.0386,8005000
2003-04-24,16.9336,17.3916,16.8955,17.3629,8919500
2003-04-25,16.6093,16.9336,16.5711,16.9336,6998700
2003-04-28,16.6188,16.7428,16.4089,16.6665,6039100
2003-04-29,16.8192,16.8669,16.4566,16.7905,6053800
2003-04-30,17.6084,17.764,16.9663,17.0538,8710700
2003-05-01,17.6959,17.8223,17.4138,17.5111,6496600
2003-05-02,18.2212,18.3866,17.5111,17.5111,8678500
2003-05-05,18.2309,18.5325,17.9975,18.4061,7473500
2003-05-06,18.4839,18.6201,18.0948,18.1921,7773100
2003-05-07,18.1337,18.4839,17.9099,18.4839,7162700
2003-05-08,17.7543,18.0656,17.5208,18.0461,5899700
2003-05-09,17.4819,17.7543,17.3651,17.7543,7506400
2003-05-12,17.8029,18.0364,17.4722,17.5791,6975300
2003-05-13,18.2018,18.3574,17.3651,17.5208,11930000
2003-05-14,17.9975,18.1531,17.5403,18.1434,10942600
2003-05-15,17.9391,18.1434,17.7543,17.9975,6039700
2003-05-16,17.5694,17.8516,17.5694,17.6084,8256700
2003-05-19,17.0246,17.6667,16.7814,17.5305,15179400
2003-05-20,16.6744,17.2192,16.4409,17.1219,10436600
2003-05-21,17.0344,17.0441,16.5577,16.5577,9435700
2003-05-22,17.2678,17.3749,16.9371,17.1511,5103900
2003-05-23,17.7445,17.7543,17.1025,17.3165,5820300
2003-05-27,18.2893,18.3282,17.4916,17.6084,8960600
2003-05-28,18.5812,18.6785,18.1142,18.4839,7966600
2003-05-29,18.3866,18.6785,18.2602,18.4547,7469200
2003-05-30,17.9488,18.2018,17.3165,17.5111,15870400
2003-06-02,17.6862,17.8126,17.3943,17.4138,15998100
2003-06-03,17.7834,17.8807,17.5111,17.5889,7032100
2003-06-04,17.8029,17.9683,17.5986,17.6375,7912200
2003-06-05,18.2991,18.2991,17.6278,17.7543,10294700
2003-06-06,18.8049,18.9898,18.6006,18.6493,9561100
2003-06-09,18.8925,19.019,18.6006,18.873,8027400
2003-06-10,19.0871,19.1746,18.8925,18.9411,5517400
2003-06-11,18.9217,18.9606,18.3866,18.7271,8326500
2003-06-12,18.6298,19.0579,18.5131,18.9898,7183600
2003-06-13,18.3574,18.6104,18.1921,18.5617,4898900
2003-06-16,19.1454,19.2135,18.5325,18.5714,9034500
2003-06-17,19.7875,20.0502,19.1941,19.3594,13195800
2003-06-18,19.914,20.3517,19.8264,19.8848,13350900
2003-06-19,19.1746,19.914,19.1454,19.914,9819800
2003-06-20,19.4665,19.4859,19.1552,19.3205,10227600
2003-06-23,18.5617,19.4081,18.4839,19.34,7971700
2003-06-24,18.4936,18.8828,18.4742,18.5714,8077100
2003-06-25,18.5714,18.7465,18.4936,18.6104,3841400
2003-06-26,18.7855,18.8341,18.3963,18.5423,5623900
2003-06-27,18.5714,18.9606,18.445,18.7855,4194100
2003-06-30,18.0948,18.6979,18.0656,18.6785,10380600
2003-07-01,18.4839,18.5423,17.7543,18.0169,6691500
2003-07-02,18.8244,18.9703,18.4158,18.4839,6489300
2003-07-03,18.5423,18.9119,18.4839,18.7271,3223100
2003-07-07,17.8418,18.1921,17.5111,17.7056,17467900
2003-07-08,17.3651,17.7056,17.2776,17.6181,12544200
2003-07-09,17.0149,17.3651,16.9273,17.3651,10665000
2003-07-10,16.7328,16.977,16.6549,16.8787,7272500
2003-07-11,16.6161,16.7814,16.5577,16.7328,6876200
2003-07-14,16.5771,16.8593,16.5674,16.8301,7833900
2003-07-15,16.5479,16.8495,16.5188,16.6161,9292600
2003-07-16,16.4604,16.5966,16.295,16.5479,8765700
2003-07-17,16.5382,16.8787,16.509,16.6161,8307900
2003-07-18,16.5771,16.6842,16.5188,16.6161,6323900
2003-07-21,16.4896,16.6744,16.4798,16.5382,5653000
2003-07-22,16.4993,16.5771,16.4409,16.5577,8362900
2003-07-23,17.2678,17.3165,16.5479,16.6355,10828400
2003-07-24,16.9176,17.2776,16.8884,17.2678,9384800
2003-07-25,16.9663,16.9663,16.5869,16.9176,6256100
2003-07-28,16.8787,16.9273,16.6939,16.8495,3977800
2003-07-29,16.6161,16.9857,16.5869,16.8301,8704400
2003-07-30,16.6842,16.6842,16.4701,16.5479,5909000
2003-07-31,16.5188,17.0246,16.4896,16.6939,6746800
2003-08-01,16.1686,16.5188,16.0032,16.4409,6609000
2003-08-04,16.2561,16.3047,15.9448,16.1491,5049000
2003-08-05,15.6432,16.3437,15.5654,16.2756,8201000
2003-08-06,15.828,15.9545,15.5751,15.614,7498300
2003-08-07,16.0323,16.0323,15.7697,15.8378,4714700
2003-08-08,15.7502,16.1686,15.7113,16.0323,3364500
2003-08-11,15.8086,15.9934,15.6821,15.9448,4610100
2003-08-12,15.6627,15.7308,14.1061,14.8357,10838400
2003-08-13,15.7016,15.8572,15.4292,15.5849,8114200
2003-08-14,15.6237,15.721,15.5265,15.6627,4440600
2003-08-15,15.7599,15.8475,15.5167,15.5946,3415900
2003-08-18,15.6821,15.8572,15.5265,15.7599,3603700
2003-08-19,15.6724,15.7405,15.5362,15.6918,5103000
2003-08-20,15.7989,15.8475,15.5946,15.6724,4449900
2003-08-21,16.0323,16.1588,15.8086,15.9351,6244200
2003-08-22,14.5536,14.6898,13.7754,13.9115,40434000
2003-08-25,14.612,14.6801,14.3591,14.5926,11437700
2003-08-26,14.7093,14.826,14.5633,14.6898,8687700
2003-08-27,14.5439,14.719,14.5342,14.7093,6915300
2003-08-28,14.7385,14.7482,14.5439,14.5439,4252800
2003-08-29,14.7774,14.7871,14.5633,14.6509,4980100
2003-09-02,15.0984,15.1762,14.6898,14.7287,8230200
2003-09-03,14.8747,15.1276,14.7871,15.1179,6173200
2003-09-04,14.8844,14.9622,14.7093,14.8747,6754200
2003-09-05,14.826,14.8649,14.7093,14.7093,5295900
2003-09-08,15.1276,15.2152,14.7871,14.826,13317900
2003-09-09,15.5654,15.7405,15.2346,15.2638,16291900
2003-09-10,15.8864,16.0518,15.6164,15.7113,15232900
2003-09-11,15.614,16.0032,15.5946,15.9545,6681400
2003-09-12,15.721,15.7794,15.5751,15.6918,5078800
2003-09-15,15.6529,15.8378,15.6432,15.7794,3971800
2003-09-16,16.0518,16.0713,15.7502,15.8378,7536900
2003-09-17,15.9837,16.1783,15.9545,16.0615,4486000
2003-09-18,16.3437,16.3631,15.9837,16.0518,6798000
2003-09-19,16.1588,16.3339,15.9837,15.9837,6192400
2003-09-22,15.8475,16.0713,15.7697,15.9934,4188800
2003-09-23,15.9059,15.9934,15.7794,15.8572,3704400
2003-09-24,15.4973,15.9448,15.4389,15.9059,6256100
2003-09-25,15.4486,15.5751,15.1957,15.507,5802600
2003-09-26,14.9719,15.2735,14.8747,15.2541,6192700
2003-09-29,15.079,15.079,14.8455,14.9428,5413700
2003-09-30,14.826,15.0498,14.826,15.0498,5317700
2003-10-01,15.4097,15.4389,14.7871,15.3222,6953400
2003-10-02,15.9253,16.0032,15.3708,15.4194,7671000
2003-10-03,15.9934,16.2561,15.9837,16.1004,6909800
2003-10-06,15.8767,16.0615,15.8183,15.9545,3079600
2003-10-07,15.8572,15.8767,15.6335,15.8767,3657800
2003-10-08,15.5167,15.8183,15.507,15.8086,4032500
2003-10-09,15.6335,16.1394,15.5751,15.5751,7869500
2003-10-10,15.6237,15.828,15.5946,15.6432,3412500
2003-10-13,15.8378,15.9642,15.7697,15.9059,3514500
2003-10-14,15.8962,15.9545,15.7113,15.9059,3219600
2003-10-15,15.5167,15.9156,15.5167,15.8864,5022500
2003-10-16,15.6724,15.828,15.5167,15.5265,3700200
2003-10-17,15.6335,15.7599,15.5167,15.6821,3947100
2003-10-20,15.4194,15.6432,15.1762,15.5946,7138800
2003-10-21,15.5654,15.6335,15.3805,15.4973,5693900
2003-10-22,14.7093,15.5556,14.6217,14.8357,14853700
2003-10-23,14.7385,14.8163,14.5926,14.6023,7502100
2003-10-24,14.7093,14.7482,14.4855,14.7482,5732600
2003-10-27,14.8163,14.8844,14.7287,14.7579,4034900
2003-10-28,14.6995,14.9136,14.6217,14.7579,6103900
2003-10-29,14.8066,14.8455,14.5926,14.5926,7555800
2003-10-30,14.5633,14.7482,14.4953,14.7385,7299000
2003-10-31,14.8552,14.9136,14.5633,14.5633,7649200
2003-11-03,14.5926,15.0498,14.5536,14.8552,5074512
2003-11-04,14.4466,14.5828,14.3493,14.3493,6148723
2003-11-05,14.2312,14.6134,14.0646,14.4076,12767900
2003-11-06,14.388,14.4566,14.1038,14.2312,7343300
2003-11-07,14.7506,14.8487,14.4664,14.486,8683200
2003-11-10,14.5742,14.6526,14.3292,14.5546,6728500
2003-11-11,14.8878,14.9271,14.535,14.5742,7642100
2003-11-12,15.1427,15.2113,14.7899,14.8389,6496600
2003-11-13,15.5837,15.7111,15.0741,15.1427,9075800
2003-11-14,15.6818,16.0052,15.4073,15.4073,13513000
2003-11-17,15.5445,15.5837,14.584,15.5347,5533000
2003-11-18,15.8484,15.9366,15.4563,15.5445,9926700
2003-11-19,15.6818,15.868,15.4073,15.6719,9131700
2003-11-20,14.9761,15.4759,14.8976,15.4367,10354600
2003-11-21,14.9172,15.0937,14.7506,14.9957,5999600
2003-11-24,15.2113,15.3093,15.0839,15.1525,6538600
2003-11-25,15.0643,15.2113,14.9957,15.2113,4927100
2003-11-26,15.0839,15.2211,14.8878,15.1917,5165300
2003-11-28,15.8582,15.9758,15.2407,15.6916,11900900
2003-12-01,16.2894,16.3678,15.9268,16.0248,11726600
2003-12-02,16.309,16.407,16.1718,16.2992,8815300
2003-12-03,16.5541,16.7109,16.4266,16.456,10244200
2003-12-04,16.6423,16.8089,16.4168,16.8089,5669800
2003-12-05,16.6324,16.8089,16.5247,16.5933,4548400
2003-12-08,16.8089,16.8775,16.5247,16.6226,3482300
2003-12-09,16.7011,16.8873,16.6324,16.8873,4826200
2003-12-10,15.9758,16.3972,15.966,16.3678,8314600
2003-12-11,16.4658,16.5344,15.9758,16.0248,4689600
2003-12-12,16.6618,16.9069,16.5247,16.9069,6272300
2003-12-15,16.5344,16.8089,16.5344,16.7697,3667700
2003-12-16,16.7795,16.8481,16.5344,16.5442,4057000
2003-12-17,16.4658,16.7011,16.358,16.6423,4078800
2003-12-18,16.4266,16.5442,16.3678,16.3972,4985700
2003-12-19,16.3874,16.456,16.2208,16.4364,4705500
2003-12-22,16.5442,16.5638,16.2208,16.3972,4259700
2003-12-23,16.6129,16.6618,16.4462,16.4462,5378200
2003-12-24,16.6226,16.7207,16.456,16.5344,1870500
2003-12-26,16.6129,16.6814,16.5442,16.5541,1473000
2003-12-29,16.75,16.8187,16.6129,16.6912,5184300
2003-12-30,16.8579,17.0049,16.7305,16.7599,4460200
2003-12-31,17.0441,17.0539,16.8187,16.8187,3691600
2004-01-02,17.3479,17.6126,17.0049,17.0441,6291400
2004-01-05,17.5047,18.1222,17.3577,18.1222,6544800
2004-01-06,17.3479,17.6126,17.3185,17.544,5351300
2004-01-07,17.7204,17.7596,17.3185,17.3675,6736200
2004-01-08,17.6322,17.789,17.5831,17.789,5307600
2004-01-09,17.6028,17.74,17.544,17.6322,5825800
2004-01-12,17.4459,17.6224,17.3871,17.6126,4767600
2004-01-13,17.5146,17.6322,17.3969,17.4459,3181200
2004-01-14,17.6616,17.6812,17.4459,17.5146,3093800
2004-01-15,17.6028,17.6518,17.3675,17.642,4255000
2004-01-16,17.8576,17.8968,17.5537,17.6126,5045400
2004-01-20,17.5047,18.034,17.4949,17.9262,5228200
2004-01-21,17.642,17.7596,17.5342,17.5734,6741800
2004-01-22,17.4361,17.789,17.3479,17.7302,5182300
2004-01-23,17.1715,17.4852,16.9951,17.4361,5961200
2004-01-26,17.4949,17.5831,16.7795,16.7795,13135900
2004-01-27,17.3381,17.642,17.2009,17.642,6834200
2004-01-28,17.1715,17.4459,17.1519,17.3479,6107800
2004-01-29,17.4557,17.4852,17.1029,17.3479,5961500
2004-01-30,17.1911,17.4557,17.1029,17.4557,3729100
2004-02-02,17.544,17.642,17.1323,17.1617,5979700
2004-02-03,17.9752,17.9752,17.4459,17.5537,6975100
2004-02-04,18.2692,18.3378,17.887,18.0046,8913400
2004-02-05,18.5927,18.7103,18.083,18.2692,9453500
2004-02-06,18.181,18.4555,18.0634,18.4555,7857100
2004-02-09,18.0928,18.132,17.9654,18.0144,3980000
2004-02-10,18.132,18.3771,18.0046,18.23,8478700
2004-02-11,18.1026,18.132,17.9066,18.132,8081000
2004-02-12,18.034,18.1124,17.9948,18.1124,4739200
2004-02-13,18.0438,18.4653,17.936,18.4653,6573500
2004-02-17,18.2986,18.3574,18.0634,18.1614,4128200
2004-02-18,18.132,18.3673,18.0438,18.3673,6519600
2004-02-19,18.0046,18.1908,17.8282,18.1516,6367500
2004-02-20,17.936,18.1124,17.8772,18.083,4646900
2004-02-23,17.838,17.9654,17.7008,17.9654,4197100
2004-02-24,17.74,17.9262,17.6028,17.8478,6693900
2004-02-25,17.593,17.7988,17.5146,17.7988,4490700
2004-02-26,17.5537,17.6224,17.4067,17.6028,5645000
2004-02-27,17.6028,17.6812,17.1225,17.1225,8926100
2004-03-01,17.74,17.887,17.5047,17.5636,9134900
2004-03-02,17.6028,17.7106,17.5342,17.6812,6210200
2004-03-03,17.5537,17.6126,17.3185,17.4459,3643000
2004-03-04,17.7106,17.8086,17.4949,17.5537,7885000
2004-03-05,17.6322,17.7302,17.5734,17.642,4822000
2004-03-08,17.5537,17.74,17.4949,17.691,4197600
2004-03-09,17.6126,17.7302,17.5537,17.642,6518000
2004-03-10,17.0343,17.6028,16.8775,17.6028,9935600
2004-03-11,16.505,16.9559,16.4168,16.9559,10440400
2004-03-12,16.4658,16.6226,16.3188,16.4756,5990800
2004-03-15,16.1228,16.5737,15.9464,16.5247,5807800
2004-03-16,16.3678,16.5148,16.064,16.2208,6403600
2004-03-17,16.4462,16.5442,16.3384,16.3678,7119800
2004-03-18,16.4266,16.5247,16.162,16.3384,4673300
2004-03-19,16.2306,16.5737,16.1816,16.4168,4148700
2004-03-22,15.9856,16.4168,15.9758,16.1816,3884700
2004-03-23,15.9856,16.113,15.9268,15.9856,4095100
2004-03-24,15.6425,16.015,15.5445,15.9856,6504400
2004-03-25,15.7307,15.8386,15.6621,15.6916,5293600
2004-03-26,15.6916,15.8288,15.6425,15.7797,4398400
2004-03-29,16.0052,16.0738,15.7406,15.77,4819400
2004-03-30,15.819,16.0346,15.7797,15.8582,3970200
2004-03-31,15.8974,15.9464,15.7406,15.8092,4778200
2004-04-01,16.1228,16.2698,15.8778,15.8876,3245500
2004-04-02,16.2894,16.4756,16.1718,16.309,4579000
2004-04-05,16.5148,16.5442,16.3188,16.3678,3653600
2004-04-06,16.6618,16.7011,16.3874,16.5638,5303300
2004-04-07,16.6423,16.7011,16.4952,16.6618,3970800
2004-04-08,16.358,16.7109,16.1914,16.6423,2601900
2004-04-12,16.5933,16.6031,16.2796,16.358,2759000
2004-04-13,16.6129,16.7893,16.5541,16.6618,5389600
2004-04-14,16.7109,16.7795,16.5148,16.6129,8517700
2004-04-15,17.0245,17.1029,16.6423,16.7109,8118100
2004-04-16,16.9951,17.1127,16.8187,17.1029,4363500
2004-04-19,16.7991,16.9755,16.6618,16.9167,3122200
2004-04-20,16.3678,16.7305,16.3678,16.7109,5829300
2004-04-21,16.7207,16.8579,16.5737,16.8579,6119700
2004-04-22,16.9461,17.0147,16.456,16.9559,5578200
2004-04-23,16.8677,17.0931,16.7109,16.8187,3845000
2004-04-26,16.7893,16.9657,16.6814,16.8187,3002600
2004-04-27,16.7893,17.0441,16.7402,16.7893,5026300
2004-04-28,16.4462,16.8383,16.4462,16.7697,3472500
2004-04-29,16.2894,16.5442,16.1718,16.407,4867900
2004-04-30,16.3972,16.5933,16.2698,16.2992,8017000
2004-05-03,16.505,16.5442,16.358,16.4168,2988300
2004-05-04,16.2012,16.5638,16.1816,16.5638,4428100
2004-05-05,16.4775,16.5762,16.2801,16.3788,2962000
2004-05-06,16.438,16.6748,16.2801,16.3295,2434000
2004-05-07,16.2209,16.4183,16.0927,16.3295,2819500
2004-05-10,15.9644,16.1618,15.7375,16.1322,4372200
2004-05-11,16.0828,16.1124,15.7868,15.7868,3567000
2004-05-12,16.3887,16.438,15.994,16.0927,5027100
2004-05-13,16.2111,16.3788,16.0927,16.2308,7188300
2004-05-14,16.4084,16.5367,16.0828,16.1618,3288700
2004-05-17,16.3986,16.4282,16.1913,16.3295,2871000
2004-05-18,16.3295,16.4775,16.2999,16.3986,2794000
2004-05-19,16.1322,16.4282,16.0335,16.3295,2423100
2004-05-20,15.9052,16.1124,15.9052,16.1026,2392000
2004-05-21,16.1815,16.2604,15.9249,15.9545,2740400
2004-05-24,16.1026,16.2407,15.8855,16.2209,2256600
2004-05-25,16.3097,16.3393,15.9151,16.0335,2303600
2004-05-26,16.2801,16.5268,16.2111,16.3196,3297800
2004-05-27,16.5663,16.7143,16.2801,16.3788,4021100
2004-05-28,16.6748,16.7044,16.5367,16.5762,4569700
2004-06-01,16.5959,16.6945,16.438,16.5762,3934300
2004-06-02,16.4084,16.6945,16.3591,16.6551,3806600
2004-06-03,16.1124,16.3788,16.1026,16.3295,5103700
2004-06-04,16.3196,16.3689,15.2441,15.2441,2780300
2004-06-07,16.4282,16.4479,16.2308,16.3591,5188700
2004-06-08,16.3591,16.5071,16.2407,16.4282,3272800
2004-06-09,16.0729,16.3689,15.9644,16.3295,5176100
2004-06-10,16.0335,16.1618,15.9644,16.1322,4526200
2004-06-14,15.9348,16.0927,15.8855,16.0631,3409700
2004-06-15,15.8855,16.0335,15.8362,16.0039,3630400
2004-06-16,15.9052,15.9743,15.8065,15.9052,3897800
2004-06-17,16.1815,16.2801,15.8559,15.9447,4077500
2004-06-18,16.3295,16.4775,16.142,16.1913,6449300
2004-06-21,16.5762,16.6551,16.2308,16.3097,6578100
2004-06-22,17.5135,17.5332,16.7242,16.7242,12708200
2004-06-23,17.9575,18.0759,17.3292,17.5234,10113600
2004-06-24,18.4508,18.6482,18.0562,18.1548,13869900
2004-06-25,17.9378,18.5002,17.8786,18.3522,13924100
2004-06-28,18.0167,18.2338,17.8884,18.0562,5804100
2004-06-29,18.0266,18.3916,17.9772,17.9871,3709600
2004-06-30,18.2338,18.3127,17.9772,18.1055,4414800
2004-07-01,17.8391,18.2338,17.6122,18.1548,4874300
2004-07-02,17.8292,18.1055,17.7602,17.8292,3556200
2004-07-06,17.5628,17.8292,17.5135,17.7108,3447500
2004-07-07,17.3852,17.6418,17.3655,17.5332,3071800
2004-07-08,17.5826,18.1055,17.3951,17.4148,6360900
2004-07-09,17.8292,18.0068,17.6615,17.9575,4279100
2004-07-12,17.3162,17.77,17.2866,17.7602,3224800
2004-07-13,17.9674,17.9674,17.2767,17.6615,5382000
2004-07-14,18.3324,18.6876,17.9378,17.9871,9456300
2004-07-15,18.0759,18.6087,18.066,18.5495,4848600
2004-07-16,18.4508,18.6482,17.9082,18.3028,8917300
2004-07-19,18.4508,18.5692,18.1844,18.4508,4383700
2004-07-20,18.5396,18.6975,18.2732,18.3028,5442200
2004-07-21,18.7468,19.0231,18.6876,18.7468,11851100
2004-07-22,18.6482,19.0922,18.145,18.7567,9081900
2004-07-23,18.5002,18.7962,18.3818,18.7962,3944100
2004-07-26,19.2994,19.4967,18.5495,18.8948,14345700
2004-07-27,19.7138,19.8322,19.2402,19.3389,10478300
2004-07-28,18.9836,19.1415,18.4508,18.7764,11441200
2004-07-29,19.2698,19.3882,18.7863,18.9836,4962100
2004-07-30,19.2007,19.3586,19.0132,19.2402,4280800
2004-08-02,19.0626,19.7335,18.9146,19.7335,2944500
2004-08-03,18.9047,19.1218,18.8159,19.0922,4244200
2004-08-04,17.7207,18.2535,17.4543,18.2535,24044500
2004-08-05,17.7602,17.9674,17.701,17.7602,29990700
2004-08-06,17.6122,17.7108,17.3458,17.5826,9760300
2004-08-09,17.5431,17.8095,17.4543,17.622,5886100
2004-08-10,17.77,17.8194,17.4642,17.553,7454800
2004-08-11,17.9575,17.9772,17.6418,17.6615,9867800
2004-08-12,17.7996,18.0956,17.7404,17.9082,4713600
2004-08-13,17.622,17.8588,17.5727,17.8095,4842000
2004-08-16,17.918,17.9575,17.6023,17.7602,3108800
2004-08-17,17.7898,18.0759,17.7404,17.918,4596900
2004-08-18,18.1351,18.1548,17.7503,17.7602,4551600
2004-08-19,17.9871,18.1055,17.918,18.0858,2910100
2004-08-20,18.3818,18.5002,18.0167,18.0562,7344100
2004-08-23,18.4508,18.5791,18.3818,18.4508,4200800
2004-08-24,18.5298,18.5988,18.4212,18.5791,3559700
2004-08-25,18.737,18.737,18.4646,18.51,3947100
2004-08-26,18.806,18.8948,18.6284,18.737,4482100
2004-08-27,18.8652,19.0231,18.6087,18.6482,4560400
2004-08-30,18.4311,18.7764,18.3719,18.6975,3744800
2004-08-31,18.214,18.5594,18.0759,18.4015,5447600
2004-09-01,18.1154,18.2634,18.0266,18.1055,4664900
2004-09-02,18.4508,18.51,18.066,18.1154,4586700
2004-09-03,18.5396,18.6482,18.4903,18.5988,3068400
2004-09-07,18.7764,18.8455,18.589,18.7863,3856400
2004-09-08,18.9244,18.9738,18.6482,18.7764,4127900
2004-09-09,18.9935,19.0823,18.8652,18.9343,7573600
2004-09-10,18.9541,19.0725,18.7863,18.9935,3658600
2004-09-13,18.8455,19.1415,18.8455,19.0922,4914100
2004-09-14,19.2106,19.25,18.8554,18.8948,5609000
2004-09-15,19.2994,19.3882,19.0823,19.3882,4118800
2004-09-16,19.2204,19.329,19.0922,19.2994,3610800
2004-09-17,19.5165,19.5658,19.1316,19.3191,5807000
2004-09-20,18.8948,19.3882,18.806,19.3389,5641100
2004-09-21,18.9935,19.0132,18.7567,18.9244,6858500
2004-09-22,18.7666,18.9836,18.658,18.7962,5019400
2004-09-23,18.5298,18.9244,18.51,18.6679,3976800
2004-09-24,18.4311,18.6186,18.3818,18.4706,3911200
2004-09-27,18.3423,18.5692,18.3028,18.4311,3816500
2004-09-28,18.4015,18.4804,18.1351,18.4804,6666400
2004-09-29,18.2535,18.4015,17.8194,18.4015,8977700
2004-09-30,18.806,18.9442,18.293,18.7468,11052200
2004-10-01,18.6975,18.9935,18.362,18.7468,6587200
2004-10-04,18.2535,18.7962,18.1844,18.5988,7769600
2004-10-05,18.2732,18.3818,18.214,18.3028,5141800
2004-10-06,18.2831,18.4015,18.2535,18.2732,4573600
2004-10-07,17.7404,18.362,17.2964,18.3522,8655200
2004-10-08,17.326,17.5628,17.2175,17.5135,10277500
2004-10-11,17.2767,17.5727,17.1188,17.326,7354200
2004-10-12,17.553,17.6615,17.257,17.257,4971100
2004-10-13,17.178,17.5826,17.0991,17.5826,5654200
2004-10-14,17.0103,17.3458,17.0004,17.1879,2884800
2004-10-15,16.9314,17.0596,16.5564,16.9708,6266100
2004-10-18,16.8623,17.0497,16.7932,16.8228,7714600
2004-10-19,16.7932,16.9906,16.6452,16.7735,5828700
2004-10-20,16.4972,16.7735,16.3788,16.6748,8658100
2004-10-21,16.7537,16.8426,16.3393,16.7242,8092700
2004-10-22,17.0399,17.1978,16.7636,16.9215,8738200
2004-10-25,17.0695,17.0794,16.8722,17.0201,5239300
2004-10-26,17.1978,17.4642,17.0695,17.4642,7200300
2004-10-27,17.553,17.5924,17.1484,17.2668,5949300
2004-10-28,17.7306,17.8687,17.4444,17.553,4441600
2004-10-29,17.8687,17.9082,17.6122,17.8588,4042300
2004-11-01,17.3951,17.7996,17.2767,17.7996,4356200
2004-11-02,17.2964,17.7898,17.257,17.3951,5136600
2004-11-03,17.6714,18.1647,17.553,17.9772,8408700
2004-11-04,18.0167,18.1055,17.3852,17.7602,5768100
2004-11-05,18.1844,18.5002,18.145,18.2338,5375000
2004-11-08,18.1154,18.2436,18.0167,18.1943,2818300
2004-11-09,18.3028,18.4311,18.0068,18.0562,4280100
2004-11-10,18.1647,18.4508,18.1055,18.4015,4178800
2004-11-11,18.3719,18.5002,18.0364,18.2042,4519700
2004-11-12,18.2535,18.3719,17.9871,18.2535,3636900
2004-11-15,18.1351,18.3127,18.0266,18.0759,2986000
2004-11-16,18.0068,18.2436,17.9575,18.1548,2158900
2004-11-17,17.9378,18.2732,17.8884,18.0068,3567100
2004-11-18,18.214,18.3226,17.8983,17.9575,5151500
2004-11-19,17.8391,18.2535,17.7898,18.2042,4677900
2004-11-22,17.9279,18.1055,17.6122,17.7602,4166400
2004-11-23,17.8391,18.1154,17.6812,18.0068,3453600
2004-11-24,17.6319,17.9082,17.6122,17.7996,3563700
2004-11-26,17.6911,17.8687,17.5628,17.5628,1195900
2004-11-29,17.8292,17.8687,17.6122,17.7602,5038300
2004-11-30,17.6122,17.8095,17.5431,17.6122,5873600
2004-12-01,18.1647,18.2042,17.6122,17.6615,7239600
2004-12-02,18.4508,18.6284,18.066,18.0759,5000500
2004-12-03,18.5396,18.6284,18.214,18.3127,6082900
2004-12-06,18.5002,18.6778,18.4015,18.4508,4605600
2004-12-07,17.918,18.51,17.9082,18.4804,4654100
2004-12-08,18.2634,18.4804,17.918,18.0562,6503000
2004-12-09,18.9836,18.9836,18.1548,18.2535,9722500
2004-12-10,19.2204,19.2994,18.9541,19.0626,7435100
2004-12-13,19.2895,19.2895,18.8258,19.0922,5467800
2004-12-14,19.2796,19.2895,19.0428,19.2402,5607000
2004-12-15,19.6842,19.7434,19.033,19.2796,7575800
2004-12-16,20.1874,20.4439,19.7335,19.8322,14386700
2004-12-17,19.8815,20.1085,19.4277,20.1085,14000900
2004-12-20,19.7533,20.2762,19.6644,20.0788,5628200
2004-12-21,19.9111,20.1874,19.6842,19.694,6495000
2004-12-22,19.8322,20.0788,19.6349,19.6644,4556700
2004-12-23,20.3452,20.365,19.7631,19.7829,4719400
2004-12-27,20.5229,20.6018,20.2959,20.3551,7641900
2004-12-28,20.7893,20.8583,20.4834,20.5426,5884200
2004-12-29,20.8386,21.0853,20.7399,20.8386,4052700
2004-12-30,20.5919,20.8386,20.5821,20.8386,2823100
2004-12-31,20.6018,20.7301,20.5031,20.7202,2741100
2005-01-03,20.7695,20.7991,20.5919,20.7202,5677400
2005-01-04,20.2071,20.7597,20.0197,20.7202,5550600
2005-01-05,20.0887,20.3058,19.919,20.2762,6998300
2005-01-06,20.513,20.5525,20.1282,20.1282,5460600
2005-01-07,20.9274,21.0655,20.4242,20.513,8810800
2005-01-10,20.9669,21.105,20.7991,21.0162,6295500
2005-01-11,21.0261,21.2925,20.8879,21.1642,7138800
2005-01-12,21.1247,21.3023,21.0063,21.2135,4785800
2005-01-13,20.3749,20.7498,20.2959,20.5229,10157700
2005-01-14,20.0295,20.2565,19.6546,20.0788,12583300
2005-01-18,20.0591,20.2071,19.773,19.8322,5620500
2005-01-19,19.7039,20.0887,19.7039,20.0098,4391100
2005-01-20,19.7927,20.069,19.7138,19.7829,4844300
2005-01-21,19.7236,19.9407,19.6546,19.7927,5376100
2005-01-24,19.7631,20.1479,19.5559,19.6842,6068600
2005-01-25,20.0394,20.1381,19.7335,19.7829,5932700
2005-01-26,19.5066,20.2269,19.4375,20.2269,9713100
2005-01-27,18.7468,19.0428,18.5988,18.8455,14852600
2005-01-28,18.6186,18.9738,18.441,18.7468,6999000
2005-01-31,18.3127,18.7271,18.2732,18.6186,7325300
2005-02-01,18.737,18.8735,18.2634,18.3324,9322700
2005-02-02,18.7172,18.8455,18.5002,18.6975,4093600
2005-02-03,18.7468,18.8159,18.5791,18.7468,3236600
2005-02-04,18.8159,18.9244,18.5791,18.6975,3183000
2005-02-07,19.1514,19.2796,18.8652,18.8948,3972500
2005-02-08,18.9935,19.181,18.8652,19.0922,3199000
2005-02-09,18.4114,19.1514,18.4114,18.9442,5316100
2005-02-10,18.737,18.7666,18.441,18.5298,4460500
2005-02-11,19.1514,19.2106,18.5199,18.737,3855100
2005-02-14,19.1711,19.2303,18.8652,19.1612,3124400
2005-02-15,18.9935,19.1711,18.8268,19.0626,4278100
2005-02-16,18.7962,19.0527,18.7764,18.9935,4660600
2005-02-17,18.8159,18.8751,18.6778,18.8455,3866200
2005-02-18,19.0231,19.0626,18.7074,18.8159,4726300
2005-02-22,18.6482,19.2599,18.5495,19.0231,5060400
2005-02-23,18.9639,19.6151,18.6778,19.6151,3040400
2005-02-24,19.0428,19.2204,18.8652,19.1908,5363000
2005-02-25,18.885,19.0527,18.6876,18.8948,5317500
2005-02-28,18.6975,18.8948,18.5988,18.8258,6108500
2005-03-01,19.0428,19.1908,18.6679,18.7468,4839400
2005-03-02,19.0823,19.3389,18.9146,19.0428,4973100
2005-03-03,18.5495,19.0823,18.4804,19.0428,6752100
2005-03-04,18.3226,18.7468,18.145,18.6876,8300100
2005-03-07,18.5002,18.5594,18.2436,18.4015,3514800
2005-03-08,18.51,18.7962,18.4804,18.51,4131800
2005-03-09,18.3522,18.5594,18.2338,18.5495,4251500
2005-03-10,18.4903,18.6087,18.4015,18.4607,4099200
2005-03-11,18.2042,18.6383,18.1154,18.5495,4859900
2005-03-14,18.3127,18.3423,18.0364,18.3324,5995300
2005-03-15,18.0562,18.5396,18.0266,18.4212,5364900
2005-03-16,17.8292,18.0068,17.7503,17.9378,4164000
2005-03-17,17.9378,18.0068,17.7503,17.8095,3451000
2005-03-18,17.5628,18.0562,17.5332,17.9476,7973500
2005-03-21,17.4444,17.6418,17.4345,17.5924,4970500
2005-03-22,17.701,18.0266,17.4543,17.5036,5172500
2005-03-23,18.0759,18.214,17.6615,17.7799,4295500
2005-03-24,17.7799,18.0759,17.7602,18.0364,3458400
2005-03-28,17.8786,17.9674,17.7108,17.7108,5130700
2005-03-29,17.7108,17.9082,17.5776,17.7207,6731800
2005-03-30,17.7799,17.9575,17.6714,17.7108,4920200
2005-03-31,17.9082,18.0364,17.8095,18.0068,5226100
2005-04-01,17.6516,18.066,17.5924,17.9082,5116200
2005-04-04,17.7404,17.8391,17.5628,17.7207,5816900
2005-04-05,18.2535,18.4015,17.8687,17.8786,7908600
2005-04-06,18.6975,18.7271,18.2634,18.3324,9737000
2005-04-07,19.0823,19.0922,18.5002,18.6876,8218000
2005-04-08,19.0725,19.2204,18.9836,19.1415,5394300
2005-04-11,19.2599,19.398,19.0725,19.1218,5277900
2005-04-12,19.0428,19.3191,18.7468,19.3191,6696400
2005-04-13,19.6349,19.6842,19.1135,19.1612,8850400
2005-04-14,20.2959,20.4439,19.8815,19.8914,18166300
2005-04-15,20.3749,20.8485,20.1578,20.2959,12503100
2005-04-18,19.9111,20.4242,19.7829,20.3749,6923400
2005-04-19,19.9604,20.0591,19.8435,19.9703,3321000
2005-04-20,19.6842,20.0098,19.6546,19.9604,4322300
2005-04-21,20.4242,20.9767,20.2466,20.7794,10691300
2005-04-22,20.4735,20.5229,20.2663,20.3255,5618900
2005-04-25,20.4242,20.5919,20.3354,20.4933,6031900
2005-04-26,20.3157,20.5525,20.1973,20.5229,3443000
2005-04-27,20.2762,20.3847,20.1282,20.3157,2851700
2005-04-28,20.1973,20.4637,19.921,19.9802,2926400
2005-04-29,20.5919,20.7103,20.0197,20.1973,3241100
2005-05-02,20.661,20.7005,20.3847,20.6018,4582300
2005-05-03,20.5229,20.7202,20.3749,20.661,3748200
2005-05-04,20.5722,20.6709,20.3749,20.6117,4428000
2005-05-05,20.5229,20.6413,20.2367,20.6117,3736900
2005-05-06,20.3452,20.7695,20.3058,20.7695,5091700
2005-05-09,20.2071,20.3255,20.1381,20.2762,4223500
2005-05-10,20.0197,20.2071,19.9308,20.069,3727300
2005-05-11,20.1183,20.1775,19.7434,20.0591,4344600
2005-05-12,20.0986,20.2466,20.0197,20.1874,4525100
2005-05-13,19.9802,20.1677,19.8223,20.1677,3808700
2005-05-16,20.0788,20.1677,19.99,20.069,2035600
2005-05-17,19.9802,20.1085,19.8223,20.0887,4634400
2005-05-18,19.9308,20.0788,19.8914,20.0197,3828000
2005-05-19,19.7335,19.9802,19.5855,19.9802,5316600
2005-05-20,19.7335,19.7829,19.5954,19.7335,5246100
2005-05-23,19.5855,19.9999,19.5658,19.7927,5967400
2005-05-24,19.7335,19.9604,19.6447,19.7138,4593900
2005-05-25,19.477,19.7927,19.3487,19.7829,7503500
2005-05-26,19.5165,19.6151,19.4474,19.6151,6502700
2005-05-27,19.4079,19.5263,19.3586,19.4572,5112900
2005-05-31,19.2402,19.4079,19.1415,19.3685,6097200
2005-06-01,19.2007,19.3389,19.102,19.2402,5532800
2005-06-02,19.4375,19.4869,19.1908,19.3882,6337800
2005-06-03,19.2895,19.4572,19.2106,19.329,3954000
2005-06-06,19.1415,19.4375,19.102,19.4375,5001400
2005-06-07,19.181,19.3487,19.1415,19.2007,3544900
2005-06-08,19.0034,19.181,18.9541,19.1711,3317100
2005-06-09,19.3487,19.4277,18.9343,19.0626,6750500
2005-06-10,19.181,19.4671,19.1514,19.2994,4119100
2005-06-13,19.0725,19.2796,18.9935,19.1908,5697200
2005-06-14,19.0231,19.181,18.9639,19.0132,5823400
2005-06-15,19.1612,19.1908,18.9244,19.0626,4095400
2005-06-16,19.1908,19.329,19.102,19.2796,3824900
2005-06-17,19.1218,19.3389,19.102,19.3191,5400400
2005-06-20,19.8914,19.9013,19.0132,19.0428,6678200
2005-06-21,19.7631,19.8914,19.5855,19.7829,4607900
2005-06-22,19.8618,19.8716,19.6349,19.8322,4217900
2005-06-23,20.0788,20.2367,19.8618,19.9111,8463200
2005-06-24,19.6349,19.9407,19.625,19.7236,5946600
2005-06-27,19.3783,19.5756,19.3389,19.5362,4157400
2005-06-28,19.25,19.5461,19.1514,19.4277,7489400
2005-06-29,19.3586,19.398,19.0231,19.2895,5357700
2005-06-30,18.806,19.3685,18.7468,19.2994,8903800
2005-07-01,18.6679,19.0034,18.5988,18.885,5170700
2005-07-05,18.7468,18.7764,18.4903,18.6679,8102200
2005-07-06,18.51,18.737,18.5002,18.7271,4048400
2005-07-07,18.2338,18.737,18.0364,18.2535,5374800
2005-07-08,18.7172,18.7468,18.2732,18.2732,4570500
2005-07-11,19.0132,19.1612,18.8948,19.0428,7110500
2005-07-12,19.1908,19.2204,18.9935,19.1415,5825000
2005-07-13,19.2303,19.2698,18.9935,19.102,3399100
2005-07-14,19.8322,19.8815,19.3685,19.4277,11308100
2005-07-15,19.7039,19.9111,19.625,19.9111,5820700
2005-07-18,19.7829,19.8519,19.6546,19.7039,3682400
2005-07-19,19.7138,19.9013,19.6842,19.8322,7854900
2005-07-20,19.9308,19.9703,19.5364,19.5461,7981200
2005-07-21,19.842,20.2269,19.6349,20.2269,12593100
2005-07-22,20.2663,20.2663,19.99,20.0788,11159100
2005-07-25,20.4538,20.4735,20.2269,20.2861,6663300
2005-07-26,20.4735,20.6117,20.3847,20.4044,5863800
2005-07-27,20.6215,20.7103,20.4735,20.5525,5827700
2005-07-28,20.7301,20.7794,20.5623,20.6709,4331300
2005-07-29,20.5426,20.8189,20.4735,20.6215,4078900
2005-08-01,20.6807,20.7202,20.5525,20.6709,4318700
2005-08-02,20.9175,20.9471,20.5229,20.7597,7325100
2005-08-03,21.1896,21.2094,20.8631,20.9027,6558500
2005-08-04,20.9818,21.1698,20.8928,21.1599,4118000
2005-08-05,20.8928,20.9324,20.784,20.8236,3740400
2005-08-08,20.9126,20.9917,20.8236,20.8631,3739200
2005-08-09,21.4468,21.4765,20.9126,20.9917,6730200
2005-08-10,21.5556,21.7831,21.4863,21.6051,8098500
2005-08-11,21.5259,21.6248,21.3676,21.5061,11945700
2005-08-12,21.5259,21.615,21.3676,21.5061,3321600
2005-08-15,21.5061,21.615,21.3281,21.4369,3956200
2005-08-16,21.2885,21.4765,21.2687,21.4666,5925700
2005-08-17,20.9818,21.2885,20.9522,21.1797,8698200
2005-08-18,20.8532,20.9225,20.5762,20.5762,9731500
2005-08-19,20.6653,20.9423,20.6059,20.8532,6044900
2005-08-22,20.7939,20.8335,20.695,20.7246,6690600
2005-08-23,20.6257,20.8433,20.5664,20.7246,4185600
2005-08-24,20.4971,20.6752,20.3784,20.5762,3773300
2005-08-25,20.5268,20.596,20.3586,20.418,3348000
2005-08-26,20.4773,20.6851,20.3982,20.4575,4737700
2005-08-29,20.6653,20.7741,20.3092,20.4477,4098400
2005-08-30,20.7444,20.7543,20.5268,20.5762,3719000
2005-08-31,21.1797,21.1896,20.6158,20.7246,5219000
2005-09-01,21.3479,21.516,21.1698,21.1698,5561100
2005-09-02,21.4072,21.5952,21.2885,21.3775,3166500
2005-09-06,21.8029,21.8623,21.516,21.5853,4699800
2005-09-07,22.1392,22.2283,21.793,21.8425,5214300
2005-09-08,22.2085,22.2876,21.9513,22.0107,5325100
2005-09-09,22.0403,22.2679,22.0107,22.0601,5153900
2005-09-12,21.793,21.981,21.7139,21.9711,3943700
2005-09-13,21.2786,21.6446,21.1797,21.615,6047400
2005-09-14,21.1203,21.427,20.9818,21.1995,6232000
2005-09-15,20.7147,21.1401,20.7048,21.1203,6556600
2005-09-16,20.7741,20.8631,20.5268,20.8236,10148600
2005-09-19,20.6653,20.8631,20.4674,20.7642,3405400
2005-09-20,20.5762,20.8335,20.5268,20.5565,4486700
2005-09-21,20.2498,20.5169,20.2399,20.4773,5714800
2005-09-22,20.3092,20.3784,20.1905,20.2498,4878100
2005-09-23,20.0322,20.3784,20.0322,20.2894,5481100
2005-09-26,20.5664,20.596,20.2795,20.3685,5593000
2005-09-27,20.7444,20.8433,20.5169,20.5565,7948200
2005-09-28,20.9818,21.1005,20.8335,20.9027,5988500
2005-09-29,20.9225,20.9225,20.5664,20.784,4467500
2005-09-30,20.8236,20.8829,20.7444,20.8038,5821500
2005-10-03,20.9027,20.9126,20.6257,20.784,4555100
2005-10-04,21.338,21.6644,20.9324,20.9423,6238500
2005-10-05,20.7345,21.3676,20.7246,21.2192,4317400
2005-10-06,20.4378,20.9126,20.2795,20.7345,3809100
2005-10-07,20.2597,20.5509,20.2399,20.507,3203400
2005-10-10,20.0816,20.3784,19.9827,20.2795,7044300
2005-10-11,19.6266,20.0915,19.5771,20.0618,5052400
2005-10-12,20.3982,21.0214,20.2696,20.3586,10793400
2005-10-13,20.9126,21.0511,20.3883,20.3982,6206600
2005-10-14,21.338,21.338,20.7246,21.0412,5663300
2005-10-17,21.2292,21.3973,20.9324,21.3577,3193000
2005-10-18,21.15,21.5259,21.1401,21.2687,3807700
2005-10-19,21.5259,21.5556,20.7741,21.2292,6056500
2005-10-20,21.0709,21.4468,20.9324,21.4468,7160400
2005-10-21,20.8532,21.5556,20.6554,21.2885,7192800
2005-10-24,20.9027,21.3182,20.7444,21.3182,6242100
2005-10-25,20.6752,21.0511,20.4674,21.0412,4236100
2005-10-26,20.5268,20.8433,20.4773,20.6752,5283800
2005-10-27,19.9431,20.6653,19.9332,20.5268,4857600
2005-10-28,20.0915,20.1805,19.8442,20.1805,5518300
2005-10-31,20.1212,20.507,19.9332,20.3784,6261300
2005-11-01,19.5474,20.1311,19.2408,20.0816,13091200
2005-11-02,19.6515,19.721,19.5027,19.592,8366000
2005-11-03,19.6714,19.9888,19.344,19.6714,7693200
2005-11-04,19.8698,19.9392,19.7408,19.8202,4949000
2005-11-07,19.7408,19.9392,19.6515,19.84,6615100
2005-11-08,19.3936,19.8003,19.3043,19.6019,5263900
2005-11-09,19.5027,19.6019,19.3143,19.3936,11048500
2005-11-10,19.5821,19.6416,19.344,19.5126,8027900
2005-11-11,19.5623,19.7111,19.4531,19.6416,10252400
2005-11-14,19.1059,19.5722,18.9869,19.5722,11617100
2005-11-15,18.9869,19.2051,18.9373,19.0464,5808800
2005-11-16,19.1456,19.3242,19.0266,19.2448,3924000
2005-11-17,19.344,19.344,19.0861,19.096,6040200
2005-11-18,19.5424,19.6019,19.3043,19.3936,14759200
2005-11-21,19.4432,19.592,19.2051,19.592,7359500
2005-11-22,19.5523,19.5821,19.3242,19.3638,6626200
2005-11-23,19.4432,19.592,19.3936,19.4928,5008500
2005-11-25,19.4035,19.5821,19.3043,19.5821,1201400
2005-11-28,19.2944,19.5341,19.2845,19.5325,5591000
2005-11-29,19.1754,19.3738,19.1059,19.2944,5588100
2005-11-30,19.1655,19.3837,19.1655,19.2448,5585100
2005-12-01,18.8976,19.344,18.7091,19.215,9293800
2005-12-02,19.1059,19.1555,18.7686,19.0464,7233100
2005-12-05,19.0266,19.096,18.8381,18.8976,3875000
2005-12-06,19.0365,19.2647,18.9472,19.1555,4466700
2005-12-07,19.0464,19.1555,18.9571,18.9869,4956400
2005-12-08,19.0464,19.2349,18.987,19.096,5811800
2005-12-09,19.3043,19.4035,18.9968,19.0662,5368400
2005-12-12,19.2448,19.4631,19.1159,19.3936,4159500
2005-12-13,19.4829,19.5126,19.1159,19.1456,6862200
2005-12-14,19.6912,19.7111,19.3837,19.4234,6837200
2005-12-15,19.4531,19.8797,19.344,19.7111,9195300
2005-12-16,19.6119,19.6614,19.4333,19.5623,7524900
2005-12-19,20.5741,20.7328,19.5523,20.2666,16353000
2005-12-20,20.5047,20.7923,20.3856,20.5344,8149000
2005-12-21,20.7427,20.8618,20.4055,20.4055,4778000
2005-12-22,20.713,20.8519,20.6634,20.7626,5383700
2005-12-23,21.1197,21.2189,20.6832,20.8022,3432400
2005-12-27,20.9014,21.3677,20.7923,21.1792,4252800
2005-12-28,20.9213,21.0899,20.7923,20.7923,3242600
2005-12-29,20.9312,21.0701,20.832,20.8717,2612300
2005-12-30,20.6832,20.9014,20.5146,20.7824,3663300
2006-01-03,20.713,20.7526,20.209,20.6832,7842200
2006-01-04,20.7626,20.9808,20.5642,20.7824,6640000
2006-01-05,20.4551,20.7626,20.3261,20.6535,8427600
2006-01-06,20.3955,20.6336,20.2864,20.584,11263300
2006-01-09,20.584,20.6336,20.2864,20.3856,5208700
2006-01-10,20.1872,20.465,20.1178,20.4154,5989800
2006-01-11,20.2269,20.2368,20.0285,20.1376,7179800
2006-01-12,20.1674,20.2467,19.9194,20.1674,7293600
2006-01-13,20.0384,20.2765,19.8995,20.1872,4255200
2006-01-17,19.6912,19.9491,19.6515,19.9095,7354400
2006-01-18,19.7904,19.9293,19.6813,19.7011,7958100
2006-01-19,20.0682,20.1078,19.8003,19.8896,9076000
2006-01-20,19.7309,20.1277,19.721,20.0682,9527000
2006-01-23,19.5523,19.84,19.4944,19.7111,7084800
2006-01-24,19.3936,19.6317,19.2845,19.5722,5373800
2006-01-25,19.4333,19.8301,19.3638,19.4135,8725900
2006-01-26,19.473,19.5623,19.3341,19.4333,10757300
2006-01-27,19.9194,20.1178,19.2944,19.5523,12150600
2006-01-30,19.4135,19.8102,19.344,19.8102,12695000
2006-01-31,18.9968,19.4928,18.9571,19.4928,10919900
2006-02-01,19.0515,19.2007,18.8923,19.0614,11078300
2006-02-02,18.8824,19.2803,18.8525,19.0515,7851100
2006-02-03,18.6735,18.962,18.6038,18.7928,10309400
2006-02-06,18.5043,18.7033,18.4844,18.6336,6627400
2006-02-07,18.3551,18.6735,18.3053,18.5043,5713100
2006-02-08,18.574,18.5839,18.2258,18.2755,5804000
2006-02-09,18.4048,18.6535,18.365,18.6038,10760800
2006-02-10,18.3053,18.5342,18.1263,18.4048,6195200
2006-02-13,18.2556,18.3551,18.1561,18.2656,6751400
2006-02-14,18.4944,18.5143,18.2258,18.2755,12215000
2006-02-15,18.6436,18.7132,18.4347,18.4645,5631500
2006-02-16,19.2306,19.728,18.7232,18.8028,8909900
2006-02-17,19.0913,19.2803,19.0018,19.2306,7160200
2006-02-21,19.0614,19.0714,18.8227,19.0714,5500700
2006-02-22,19.1311,19.2306,18.9023,19.0614,5509800
2006-02-23,18.8724,18.9222,18.4944,18.753,5936700
2006-02-24,18.7033,18.8724,18.6635,18.8028,6604800
2006-02-27,18.8525,19.0415,18.753,18.8127,4352900
2006-02-28,18.4048,18.8525,18.3849,18.6834,5903000
2006-03-01,18.2656,18.4247,18.1959,18.4048,10675600
2006-03-02,18.0566,18.3053,18.0467,18.2556,8229600
2006-03-03,18.1959,18.2854,17.9472,18.0168,7150800
2006-03-06,18.0268,18.1661,17.9074,18.1064,6359300
2006-03-07,17.9472,18.0566,17.788,17.9273,6207100
2006-03-08,18.2258,18.2656,17.8776,17.9472,7384000
2006-03-09,17.9074,18.186,17.8776,17.977,6553300
2006-03-10,17.9571,18.0765,17.9174,17.9472,5763700
2006-03-13,18.375,18.4745,18.0566,18.1163,10974300
2006-03-14,18.3253,18.5043,18.2258,18.4048,4276100
2006-03-15,18.3153,18.3849,18.2158,18.375,4584900
2006-03-16,18.4844,18.574,18.2059,18.2059,6005000
2006-03-17,18.3849,18.4944,18.3253,18.4944,4755300
2006-03-20,19.2306,19.2803,18.7829,18.952,10444400
2006-03-21,19.2007,19.2803,19.1211,19.1808,5486600
2006-03-22,19.2505,19.35,19.0913,19.2206,5599700
2006-03-23,19.1609,19.33,19.1112,19.2505,3740400
2006-03-24,19.2405,19.2704,18.9023,19.1311,4291300
2006-03-27,19.1012,19.2405,18.9918,19.151,4567800
2006-03-28,18.8127,19.1012,18.763,19.1012,4538000
2006-03-29,19.1211,19.1311,18.8625,18.9918,4074800
2006-03-30,19.1211,19.2505,18.9918,19.0117,5928000
2006-03-31,18.8923,19.1908,18.8724,19.151,4763400
2006-04-03,18.9321,19.0614,18.8824,19.0515,3432700
2006-04-04,18.9023,18.962,18.8028,18.8028,3139000
2006-04-05,18.9421,18.962,18.8028,18.8923,4659800
2006-04-06,18.9122,18.9421,18.753,18.9023,4148100
2006-04-07,18.5938,18.9421,18.5541,18.8625,4436100
2006-04-10,18.6038,18.6535,18.4446,18.5839,4887500
2006-04-11,18.3551,18.7331,18.2854,18.4148,5821900
2006-04-12,18.4546,18.9023,18.2854,18.3253,5532400
2006-04-13,18.2854,18.6038,18.1561,18.5541,6769700
2006-04-17,18.176,18.368,18.0964,18.3551,3518200
2006-04-18,18.5441,18.564,18.186,18.186,4416200
2006-04-19,18.7928,18.8426,18.4745,18.5441,6649500
2006-04-20,19.3002,19.6385,19.1808,19.4992,15275700
2006-04-21,19.5489,19.5688,19.2206,19.3897,6924400
2006-04-24,19.2206,19.6086,19.0813,19.539,6858200
2006-04-25,19.1609,19.34,19.0813,19.3002,5157900
2006-04-26,19.2505,19.3997,19.1411,19.2704,4299600
2006-04-27,19.1609,19.4196,19.151,19.1709,4049100
2006-04-28,19.2206,19.3002,18.9918,19.1808,4998700
2006-05-01,18.952,19.4594,18.9421,19.3997,6398000
2006-05-02,19.0813,19.2405,18.8824,19.0217,7978000
2006-05-03,19.0465,19.246,19.0365,19.0664,3240800
2006-05-04,19.1662,19.1961,18.9866,19.1562,3868900
2006-05-05,19.3358,19.4655,18.9966,19.2161,5431500
2006-05-08,19.3059,19.4855,19.2759,19.3458,6784600
2006-05-09,19.3258,19.4456,19.1861,19.2261,4945600
2006-05-10,19.2161,19.3258,19.1662,19.256,5519000
2006-05-11,19.0465,19.1562,18.9567,19.1263,5254400
2006-05-12,19.0365,19.1861,18.9966,19.1063,5720000
2006-05-15,19.9544,20.0542,18.9467,18.9567,14636900
2006-05-16,19.705,19.9644,19.5743,19.9544,7949000
2006-05-17,19.246,19.8147,19.246,19.5852,7115600
2006-05-18,19.2959,19.4755,19.1462,19.4755,5582800
2006-05-19,19.1861,19.5753,18.9966,19.4655,6592800
2006-05-22,18.9766,19.3558,18.9367,19.1961,6765000
2006-05-23,18.9567,19.2061,18.9068,19.0265,6184300
2006-05-24,19.0764,19.2759,18.827,18.8569,5835700
2006-05-25,19.256,19.2759,19.0265,19.236,3272000
2006-05-26,19.3258,19.4356,19.1961,19.4056,4323700
2006-05-30,18.9667,19.2261,18.8968,19.1861,5317400
2006-05-31,19.0165,19.0964,18.8569,19.0265,5020700
2006-06-01,19.5852,19.695,19.2161,19.2161,6095500
2006-06-02,19.6052,19.8846,19.4456,19.8047,6847700
2006-06-05,19.1662,19.5254,19.1163,19.4655,4154100
2006-06-06,19.1762,19.3158,18.9567,19.2061,4362900
2006-06-07,19.6152,19.8047,19.2261,19.3059,8191300
2006-06-08,19.3957,19.7349,19.1562,19.5054,6755200
2006-06-09,19.1762,19.6052,19.1762,19.6052,4826800
2006-06-12,18.9966,19.3757,18.9966,19.2759,4681000
2006-06-13,18.6773,19.1762,18.6773,19.0066,6145600
2006-06-14,18.8968,18.9966,18.7372,18.8469,4169300
2006-06-15,19.256,19.3059,18.8569,18.9367,3755100
2006-06-16,19.2061,19.4555,19.1762,19.256,5095600
2006-06-19,19.0066,19.2959,18.9667,19.2061,2358000
2006-06-20,18.9267,19.0764,18.8569,19.0066,3634600
2006-06-21,19.2161,19.2959,18.8569,18.8669,3926100
2006-06-22,19.1263,19.236,18.827,19.1363,3370500
2006-06-23,19.1263,19.236,18.9766,19.0066,3049800
2006-06-26,19.0265,19.2261,18.9168,19.1163,2653900
2006-06-27,18.4578,19.0564,18.4279,19.0265,5808200
2006-06-28,18.4478,18.6175,18.3381,18.4977,8965700
2006-06-29,18.7771,18.8569,18.5476,18.6175,5691900
2006-06-30,18.9866,19.1063,18.6873,18.7073,4918100
2006-07-03,19.1263,19.1462,18.8868,19.0365,2667100
2006-07-05,18.9168,18.9966,18.8769,18.8868,4169500
2006-07-06,19.1163,19.1662,18.9567,18.9866,3313600
2006-07-07,19.0664,19.3258,19.0066,19.1063,4648400
2006-07-10,18.9766,19.1662,18.7472,19.0964,4363500
2006-07-11,18.8669,19.0664,18.7372,18.9766,3891400
2006-07-12,18.7472,18.9667,18.7172,18.9267,3669100
2006-07-13,18.6574,18.7771,18.6075,18.7073,7664300
2006-07-14,18.5576,18.6574,18.4079,18.6075,5620400
2006-07-17,18.7172,18.837,18.5576,18.6973,4912700
2006-07-18,18.6175,18.7671,18.5476,18.7172,3799000
2006-07-19,19.1462,19.1961,18.5177,18.6175,4661100
2006-07-20,19.2061,19.3059,19.0265,19.1263,2828900
2006-07-21,19.4056,19.6152,19.2061,19.3857,7622600
2006-07-24,20.5031,20.7426,20.104,20.5231,19015500
2006-07-25,20.3834,20.4034,19.9843,20.2637,14840000
2006-07-26,20.6428,20.7027,20.2936,20.3535,8801800
2006-07-27,20.5131,20.9521,20.4233,20.9521,6156000
2006-07-28,20.7027,20.8623,20.4433,20.6728,8772600
2006-07-31,20.3934,20.9421,20.2338,20.7725,11009600
2006-08-01,20.4133,20.4632,20.134,20.2737,5296600
2006-08-02,20.4034,20.4533,20.134,20.4333,5288700
2006-08-03,20.6029,20.6528,20.3934,20.4433,5275100
2006-08-04,20.583,20.7825,20.5031,20.6528,5498400
2006-08-07,20.1639,20.573,20.104,20.4832,5275700
2006-08-08,20.134,20.3635,20.0542,20.2537,3951300
2006-08-09,20.2038,21.2514,20.1739,20.2038,5711300
2006-08-10,20.114,20.3036,20.0143,20.2138,4224200
2006-08-11,20.0043,20.104,19.9145,20.0043,4383900
2006-08-14,19.9644,20.2437,19.8945,20.2038,5418000
2006-08-15,20.0143,20.2138,19.9444,20.1539,7507600
2006-08-16,19.9444,20.0741,19.8846,20.0641,10623600
2006-08-17,20.0043,20.0143,19.8147,19.9743,4701700
2006-08-18,20.0143,20.0242,19.9045,20.0242,6592600
2006-08-21,20.0242,20.0841,19.8646,19.9045,4180400
2006-08-22,19.9943,20.0342,19.9045,20.0043,4355100
2006-08-23,19.9644,20.0043,19.8646,19.9544,3900200
2006-08-24,19.9245,20.0542,19.9045,20.0143,13233100
2006-08-25,20.1639,20.1739,19.9045,19.9245,4839600
2006-08-28,20.3635,20.4333,20.1839,20.2437,5170400
2006-08-29,20.8923,20.9621,19.9544,20.4333,11300900
2006-08-30,20.992,21.451,20.8224,20.9521,8877200
2006-08-31,20.9022,21.0319,20.7027,20.992,3755000
2006-09-01,20.9122,21.1217,20.8823,21.002,2897900
2006-09-05,20.8124,21.002,20.7027,20.9222,4256300
2006-09-06,20.6827,20.7626,20.563,20.6827,3864300
2006-09-07,20.563,20.8224,20.5231,20.6827,4131300
2006-09-08,20.5431,20.6328,20.4333,20.553,3595700
2006-09-11,20.573,20.7027,19.6052,20.1739,3254100
2006-09-12,20.7725,21.0319,20.6528,20.6528,9369400
2006-09-13,21.1716,21.2514,20.7825,20.9022,11749200
2006-09-14,21.0619,21.1517,20.9521,21.0519,5561700
2006-09-15,21.2814,21.461,21.1117,21.2614,9898600
2006-09-18,21.3811,21.3911,20.8523,21.1517,5758700
2006-09-19,21.3911,21.4111,21.1517,21.4111,5250900
2006-09-20,21.431,21.5508,21.2414,21.451,4238900
2006-09-21,21.2614,21.451,21.1217,21.3412,4419500
2006-09-22,21.3312,21.4111,21.1117,21.3911,4735900
2006-09-25,21.6605,21.7403,21.3013,21.4809,5624500
2006-09-26,21.5907,21.7503,21.3013,21.6405,4811400
2006-09-27,21.5408,21.6405,21.4111,21.6006,4123100
2006-09-28,21.7104,21.7204,21.3512,21.5807,4341900
2006-09-29,22.0396,22.0696,21.5508,21.6705,8091800
2006-10-02,21.451,22.1494,21.451,22.1494,6289800
2006-10-03,21.9,22.0496,21.4709,21.7004,5876000
2006-10-04,21.88,21.9897,21.5308,21.7902,4317100
2006-10-05,22.0496,22.0995,21.7603,21.9498,5611800
2006-10-06,22.0097,22.0795,21.9,22.0596,3402700
2006-10-09,22.0496,22.299,21.9399,21.9498,4426100
2006-10-10,21.89,21.9897,21.7104,21.9897,6599300
2006-10-11,22.0396,22.0995,21.7303,21.8002,5798600
2006-10-12,22.299,22.4487,22.0097,22.0995,5678100
2006-10-13,22.2591,22.4786,21.9897,22.3988,4539500
2006-10-16,22.4487,22.6283,22.1693,22.1993,5548500
2006-10-17,22.9376,22.9575,22.319,22.329,8386800
2006-10-18,22.758,23.167,22.5684,23.1271,7381200
2006-10-19,22.2791,22.8877,22.2491,22.7879,8506400
2006-10-20,22.6283,22.9476,22.329,22.9476,13167200
2006-10-23,22.7779,22.7879,22.319,22.4387,7965500
2006-10-24,23.1172,23.1371,22.5684,22.7879,8859500
2006-10-25,22.738,23.2269,22.5984,23.1172,8439500
2006-10-26,22.7281,22.8079,22.299,22.748,8161900
2006-10-27,22.6383,22.6682,22.299,22.6682,5494600
2006-10-30,22.5485,22.6482,22.4188,22.6482,7050200
2006-10-31,22.0895,22.7181,22.0296,22.6682,12144200
2006-11-01,21.9199,22.2791,21.9099,22.1793,7456600
2006-11-02,22.2691,22.2891,21.9498,21.9498,8614300
2006-11-03,22.2292,22.4487,22.0396,22.3988,6804400
2006-11-06,22.4487,22.5584,22.2891,22.329,6825400
2006-11-07,22.768,22.9575,22.4487,22.4487,7357600
2006-11-08,22.1893,22.3988,21.9309,22.2591,12147300
2006-11-09,21.5308,22.1893,21.2115,22.1893,12360100
2006-11-10,21.5707,21.6006,21.1018,21.4809,11564500
2006-11-13,21.6106,21.9399,21.5208,21.6405,7480900
2006-11-14,21.7403,21.8002,21.2514,21.7104,7115400
2006-11-15,21.7403,21.9099,21.5707,21.8201,4069000
2006-11-16,21.8102,21.9598,21.7204,21.7403,5641200
2006-11-17,21.9299,21.9299,21.6904,21.7303,5340300
2006-11-20,21.8501,21.9498,21.7104,21.9498,6653600
2006-11-21,21.4111,21.87,21.3612,21.86,6020700
2006-11-22,21.4011,21.5408,21.2237,21.4011,5048500
2006-11-24,21.2015,21.5009,21.2015,21.2514,1506400
2006-11-27,21.2714,21.3512,21.1317,21.3113,5977800
2006-11-28,21.3412,21.421,21.1616,21.2015,5602700
2006-11-29,21.7802,22.1494,21.4709,21.4709,8425600
2006-11-30,21.9598,21.9997,21.6095,21.7802,9485700
2006-12-01,21.88,22.1294,21.7303,21.9099,5774900
2006-12-04,22.6782,22.738,22.2491,22.3988,10616500
2006-12-05,22.738,22.7879,22.4886,22.6582,5672000
2006-12-06,22.7081,22.7979,22.4687,22.7979,4152400
2006-12-07,22.6482,22.8478,22.4986,22.7181,4292300
2006-12-08,22.6582,22.6582,22.4587,22.5285,3320000
2006-12-11,22.758,22.7979,22.4986,22.5884,5119700
2006-12-12,22.8777,22.9076,22.5884,22.768,8419700
2006-12-13,23.2469,23.2768,22.8777,22.9476,9898900
2006-12-14,23.5462,23.6559,23.1471,23.2469,8314900
2006-12-15,23.5562,23.7657,23.4664,23.5562,8304500
2006-12-18,23.4764,23.6061,23.3566,23.5661,4103800
2006-12-19,23.6559,23.7158,23.3466,23.4165,6504800
2006-12-20,23.8056,23.8455,23.5961,23.646,6895900
2006-12-21,23.646,23.9253,23.4845,23.8954,6130800
2006-12-22,23.626,23.8056,23.5163,23.646,3692000
2006-12-26,23.8256,23.8355,23.5163,23.5961,4025400
2006-12-27,23.8455,24.0151,23.7657,23.8256,4397100
2006-12-28,23.7956,23.8854,23.7457,23.8056,3456600
2006-12-29,23.5861,23.8355,23.4863,23.7358,4390300
2007-01-03,23.4764,23.6559,23.197,23.207,11870100
2007-01-04,23.6659,23.7258,23.4265,23.626,5746600
2007-01-05,23.3466,23.646,23.1571,23.5761,4953200
2007-01-08,23.3766,23.6061,23.187,23.5362,10684100
2007-01-09,23.9253,24.045,23.3666,23.3766,8227800
2007-01-10,23.6859,24.943,23.0373,24.3344,5725400
2007-01-11,24.1947,24.2845,23.7258,23.8355,12148600
2007-01-12,24.3144,24.4641,23.9652,24.1947,9496300
2007-01-16,24.3344,24.4741,24.2945,24.4641,6684900
2007-01-17,24.4641,25.1126,24.1448,24.933,9222500
2007-01-18,24.8632,24.9031,24.4641,24.4641,17312600
2007-01-19,24.933,24.9729,24.7634,24.8432,14276400
2007-01-22,24.8632,24.943,24.6936,24.923,9064900
2007-01-23,25.1126,25.1625,24.6836,24.943,14054800
2007-01-24,25.2024,25.3121,24.9929,25.1425,10042500
2007-01-25,25.0627,25.2323,24.943,25.0428,7984500
2007-01-26,25.0328,25.2423,24.9031,25.1625,10720800
2007-01-29,24.7634,25.0428,24.5639,24.9929,16462900
2007-01-30,24.9031,24.9729,24.6437,24.7435,10776800
2007-01-31,24.943,24.9729,24.7235,24.8233,10118700
2007-02-01,24.9031,25.1824,24.7933,25.0527,11128800
2007-02-02,24.8033,25.0228,24.7435,25.0228,7224300
2007-02-05,24.7734,24.8632,24.4342,24.7135,7592500
2007-02-06,24.7435,24.8432,24.6437,24.8432,4602300
2007-02-07,24.6138,24.8432,24.514,24.8233,5318500
2007-02-08,24.5938,24.7435,24.3943,24.5339,8748400
2007-02-09,24.5838,24.7035,24.4441,24.5938,9180700
2007-02-12,24.7534,24.8333,24.5838,24.6337,8146695
2007-02-13,24.8033,24.8233,24.5439,24.7734,3789241
2007-02-14,24.7035,24.8333,24.6936,24.7933,5973502
2007-02-15,24.4042,24.5938,24.1249,24.5938,8115450
2007-02-16,24.3044,24.4441,24.2246,24.2945,6775000
2007-02-20,24.3244,24.6736,24.2446,24.2446,7006300
2007-02-21,24.1448,24.3244,24.085,24.2446,7150600
2007-02-22,23.8854,24.2645,23.8256,24.1249,10466500
2007-02-23,23.7657,23.9153,23.5961,23.8954,11546400
2007-02-26,23.8655,24.0251,23.7557,23.8455,10555649
2007-02-27,23.3067,23.9552,22.9476,23.7457,13836000
2007-02-28,23.4065,23.8555,23.2868,23.3167,9943600
2007-03-01,23.187,24.1648,22.2491,22.309,10777219
2007-03-02,22.9974,23.4464,22.9076,23.3067,7330500
2007-03-05,22.6981,23.0872,22.6682,22.8777,8436600
2007-03-06,23.3466,23.4364,22.7879,22.7979,12292200
2007-03-07,23.1271,23.4165,23.0872,23.2768,7627700
2007-03-08,23.626,23.6759,23.2169,23.2968,9686600
2007-03-09,23.7956,23.9453,23.636,23.6959,9319600
2007-03-12,23.8954,24.1648,23.5063,24.045,13550500
2007-03-13,23.2269,24.055,23.0274,23.9952,18629600
2007-03-14,23.0972,23.3367,22.8777,23.3267,9764300
2007-03-15,23.0274,23.2369,22.8777,23.0074,9772733
2007-03-16,23.4364,23.7856,23.3466,23.5961,16909340
2007-03-19,23.5063,23.5562,23.3167,23.4963,10610719
2007-03-20,23.6959,23.7358,23.4564,23.4564,7811000
2007-03-21,24.3743,24.4342,23.6759,23.8056,10566492
2007-03-22,24.484,24.6537,23.5961,23.5961,11763394
2007-03-23,24.5639,24.6437,24.3543,24.5738,9199367
2007-03-26,25.0827,25.2224,24.8931,24.943,14456230
2007-03-27,24.943,25.0527,24.8432,24.8632,8239100
2007-03-28,24.943,25.0627,24.8333,24.8432,6382428
2007-03-29,25.402,25.4319,25.0128,25.3022,9107549
2007-03-30,25.4518,25.5317,25.0627,25.362,8609198
2007-04-02,25.362,25.5416,25.1126,25.5317,9043112
2007-04-03,25.5017,25.6713,25.392,25.5217,8680139
2007-04-04,25.5117,25.5616,25.2323,25.4319,5922879
2007-04-05,25.801,25.821,25.362,25.5815,8188194
2007-04-09,26.23,26.2899,25.8709,25.9407,10788219
2007-04-10,26.5793,26.6591,26.1203,26.1502,8867937
2007-04-11,26.6591,26.7489,26.4695,26.4895,9302041
2007-04-12,26.9085,27.118,26.6291,26.7389,14697562
2007-04-13,27.8763,27.9262,27.2278,27.3375,14355670
2007-04-16,28.0359,28.2205,27.8763,27.9362,14005503
2007-04-17,28.0858,28.4051,27.8863,27.8962,22652628
2007-04-18,28.4849,28.5248,27.7885,27.9162,11054953
2007-04-19,30.9293,31.2286,29.6323,29.732,32277900
2007-04-20,30.64,31.0091,30.4803,30.7298,22468812
2007-04-23,30.8395,31.1289,30.62,30.6799,14770363
2007-04-24,31.2486,31.3284,30.8196,31.1289,12734155
2007-04-25,31.7973,31.8871,31.059,31.4681,16672584
2007-04-26,31.7774,31.8472,31.4481,31.7973,11620668
2007-04-27,31.5778,31.7774,31.4382,31.5379,11860512
2007-04-30,31.6576,31.7973,31.518,31.6676,13723910
2007-05-01,31.498,31.6876,31.3883,31.6277,13187162
2007-05-02,31.6377,31.6976,31.3184,31.3982,8438796
2007-05-03,32.0368,32.0368,31.6776,31.8372,10161593
2007-05-04,32.8848,33.2939,32.3261,32.3261,20921014
2007-05-07,32.9746,33.0644,32.5257,33.0245,8644857
2007-05-08,32.4459,32.805,32.1964,32.7851,22867124
2007-05-09,32.2762,32.5855,32.2263,32.3261,8955000
2007-05-10,31.5379,32.5756,31.488,32.366,8807956
2007-05-11,32.0168,32.0368,31.6277,31.7375,7908433
2007-05-14,31.8771,32.5556,31.8472,32.0966,10879311
2007-05-15,31.8472,32.1565,31.7873,32.0468,8504900
2007-05-16,32.396,32.4259,31.8871,31.9869,7000901
2007-05-17,32.7452,32.825,32.0468,32.1964,9191673
2007-05-18,33.0644,33.1842,32.7252,32.815,10856831
2007-05-21,33.264,33.4735,33.0445,33.0944,9412110
2007-05-22,33.1542,33.3737,33.0545,33.2839,5639768
2007-05-23,33.2341,33.7329,33.1742,33.3238,8720237
2007-05-24,32.7951,33.3238,32.5756,32.9746,10554381
2007-05-25,32.6953,33.1243,32.5356,32.7252,8255346
2007-05-29,32.6354,33.5832,32.4957,33.1243,7753797
2007-05-30,32.6953,32.7252,32.2064,32.4159,6508372
2007-05-31,32.6654,32.9048,32.5656,32.8848,5184000
2007-06-01,32.366,32.7452,32.2463,32.7252,5207172
2007-06-04,32.5356,32.7751,32.1465,32.6753,6109000
2007-06-05,32.2463,32.7851,31.9969,32.6254,7133079
2007-06-06,31.7873,32.2263,31.5579,32.1266,6950546
2007-06-07,30.5901,31.927,30.3906,31.927,11438201
2007-06-08,30.7298,30.7497,30.1212,30.4504,8463939
2007-06-11,30.8794,30.9692,30.5502,30.63,5427600
2007-06-12,30.6001,30.9393,30.5302,30.7896,6076032
2007-06-13,30.8894,30.9094,30.3906,30.7697,7444680
2007-06-14,30.4903,31.1289,30.4504,30.8794,6385861
2007-06-15,30.9193,31.2589,30.5901,30.6899,7089244
2007-06-18,30.4903,30.9592,30.4903,30.9393,8101563
2007-06-19,30.6001,30.7397,30.4305,30.5901,4999208
2007-06-20,29.6722,30.7797,29.6622,30.62,9099050
2007-06-21,29.8418,29.9216,29.2232,29.6323,7684900
2007-06-22,29.4527,30.0713,29.2132,29.7919,9476008
2007-06-25,29.8019,30.171,29.5026,29.5924,10522621
2007-06-26,30.191,30.4504,29.9017,29.9216,9466704
2007-06-27,30.1311,30.4105,29.6822,30.1311,7375538
2007-06-28,30.6998,31.1787,30.2608,30.3107,8604639
2007-06-29,30.3706,30.7996,29.742,29.742,6232086
2007-07-02,30.8894,30.9193,30.3706,30.7298,6484821
2007-07-03,30.8196,31.0191,30.64,31.0191,2836754
2007-07-05,30.5003,30.7597,30.3008,30.7198,4083336
2007-07-06,30.5003,30.65,30.2509,30.3706,8234949
2007-07-09,30.2509,30.5302,30.1611,30.5203,5153789
2007-07-10,30.0912,30.4604,29.9316,30.171,7207342
2007-07-11,31.3085,31.3683,30.181,30.2309,13454195
2007-07-12,32.7551,32.7751,31.1488,31.3184,16262054
2007-07-13,32.4059,32.8948,32.2164,32.7751,7200382
2007-07-16,32.3261,32.7252,32.2263,32.4159,6483558
2007-07-17,32.1166,32.4359,31.947,32.3261,5739806
2007-07-18,31.9171,32.1266,31.498,31.7375,7116893
2007-07-19,32.0168,32.2862,31.6277,31.9171,6958514
2007-07-20,31.4182,31.927,31.1289,31.9171,9198431
2007-07-23,31.2286,32.4259,30.9293,32.1864,12451814
2007-07-24,30.7597,31.4282,30.7198,30.7996,9592952
2007-07-25,30.1012,31.079,29.9615,31.079,13026932
2007-07-26,29.1334,29.8318,28.6246,29.8019,16626473
2007-07-27,28.1258,29.4228,28.0858,28.8541,14724913
2007-07-30,28.5547,29.2532,28.2355,28.445,12689850
2007-07-31,28.4749,29.6522,28.4051,29.4327,11993594
2007-08-01,29.38,29.47,28.25,28.38,12122188
2007-08-02,29.25,30.03,28.61,28.61,11827771
2007-08-03,28.76,29.47,28.74,29.27,13720233
2007-08-06,28.96,29.23,28.3,28.3,13744827
2007-08-07,28.86,29.08,28.2,28.73,13662751
2007-08-08,28.43,29.11,28.06,29.01,20541946
2007-08-09,27.52,28.28,27.12,28.02,22315944
2007-08-10,27.26,27.46,26.8,27.04,70155760
2007-08-13,28.25,28.47,27.49,27.6,36153100
2007-08-14,28.31,28.54,28.0,28.39,17534202
2007-08-15,29.16,29.73,28.21,28.42,22806920
2007-08-16,29.28,29.49,28.01,28.01,20732710
2007-08-17,29.56,30.0,28.6,29.64,17061392
2007-08-20,29.09,29.6,28.81,29.55,9496288
2007-08-21,29.52,29.55,28.75,28.88,10971480
2007-08-22,30.05,30.0675,29.53,29.75,14550700
2007-08-23,30.29,30.54,29.97,30.14,10713300
2007-08-24,30.81,30.93,30.25,30.4,9107300
2007-08-27,30.45,30.79,30.38,30.79,8232784
2007-08-28,29.63,30.6,29.58,30.4,9273900
2007-08-29,30.15,30.23,29.43,29.84,8311400
2007-08-30,29.9,30.27,29.76,29.8,6152700
2007-08-31,30.02,30.32,29.75,30.28,7269600
2007-09-04,30.62,30.69,29.8,30.01,5613300
2007-09-05,30.1,30.6,30.02,30.4,5945600
2007-09-06,30.42,30.54,29.77,30.09,6119900
2007-09-07,29.54,30.54,29.43,30.11,9559500
2007-09-10,29.54,30.1,29.29,29.69,5958800
2007-09-11,30.36,30.4,29.55,29.77,8313100
2007-09-12,30.38,30.78,30.11,30.34,5663904
2007-09-13,30.01,30.8,29.92,30.65,4916000
2007-09-14,30.36,30.51,29.8,29.95,6704800
2007-09-17,30.23,30.56,30.01,30.24,5865700
2007-09-18,30.88,31.03,30.09,30.3,8999000
2007-09-19,31.43,31.65,30.42,30.42,12989600
2007-09-20,31.95,32.39,31.47,31.47,14618500
2007-09-21,32.25,32.44,31.85,31.96,22289600
2007-09-24,31.75,32.21,31.7,31.9,7938300
2007-09-25,31.67,32.0,30.72,31.5,6300285
2007-09-26,32.03,32.36,31.73,31.81,7385400
2007-09-27,32.09,32.37,31.5,32.37,5679600
2007-09-28,31.63,32.0,31.49,31.99,9683850
2007-10-01,32.8,32.89,30.79,31.5,9520800
2007-10-02,32.81,33.03,32.09,32.63,5541200
2007-10-03,32.61,32.97,32.33,32.72,6531600
2007-10-04,32.53,32.94,32.44,32.6,5532451
2007-10-05,32.56,33.0,32.5,32.85,6650400
2007-10-08,32.39,32.67,32.25,32.58,5900200
2007-10-09,32.36,32.91,32.1,32.5,6865457
2007-10-10,32.34,32.5,32.08,32.13,6791400
2007-10-11,32.25,32.8,32.05,32.54,8896917
2007-10-12,32.33,32.37,32.07,32.34,6730162
2007-10-15,32.34,32.46,32.27,32.27,8259300
2007-10-16,32.25,32.41,32.1,32.4,7698300
2007-10-17,32.25,32.53,32.14,32.5,8757000
2007-10-18,32.94,33.24,32.48,32.48,11829200
2007-10-19,32.71,33.4,32.17,32.9,14499000
2007-10-22,28.34,29.65,28.0,29.4,60111900
2007-10-23,29.46,29.61,28.5,28.74,36075060
2007-10-24,29.93,30.06,29.08,29.4,14591200
2007-10-25,30.0,30.25,29.62,29.92,14338610
2007-10-26,30.52,31.12,29.85,30.36,11770400
2007-10-29,31.0,31.28,30.5,30.57,10568000
2007-10-30,30.45,31.05,30.27,30.82,9452430
2007-10-31,30.52,30.71,29.88,30.71,11517700
2007-11-01,29.59,30.4,29.51,30.25,10108901
2007-11-02,29.96,30.52,29.3,30.51,9834400
2007-11-05,29.46,30.0,29.14,30.0,9811846
2007-11-06,29.39,29.72,29.22,29.7,7054067
2007-11-07,28.64,29.355,28.57,29.26,9417279
2007-11-08,29.82,30.06,28.33,28.7,14451283
2007-11-09,29.4,30.1,29.19,29.52,9976519
2007-11-12,28.97,29.7,28.93,29.41,7416379
2007-11-13,29.61,29.67,28.68,29.16,14848068
2007-11-14,29.37,29.99,29.31,29.85,13547283
2007-11-15,29.33,29.89,29.25,29.37,13315898
2007-11-16,29.98,30.2,29.47,29.63,11441052
2007-11-19,29.6,30.17,29.52,29.79,11357115
2007-11-20,29.46,29.88,28.97,29.6,9916675
2007-11-21,28.41,29.27,28.39,29.16,11413564
2007-11-23,29.18,29.34,28.56,28.58,4852413
