Price,Close,High,Low,Open,Volume
Ticker,TWX,TWX,TWX,TWX,TWX
Date,,,,,
1999-11-24,82.8821,84.7349,80.5352,84.4879,20921300
1999-11-26,82.388,84.2409,81.0293,83.9938,9865900
1999-11-29,78.9295,82.5116,78.9295,82.388,22979800
1999-11-30,71.8271,77.2002,70.2213,74.1122,40737900
1999-12-01,75.2239,75.5944,71.2094,73.124,30444400
1999-12-02,78.9295,79.3,75.6562,76.3355,24978900
1999-12-03,77.0767,82.8821,77.0767,82.5116,28574600
1999-12-06,79.8559,81.0293,77.9413,79.2383,18515000
1999-12-07,78.8677,80.9676,77.5708,80.9676,15513800
1999-12-08,79.5471,81.7704,78.6824,78.7442,17387000
1999-12-09,84.982,84.982,78.0648,81.0293,26279500
1999-12-10,90.4169,91.8991,83.9938,85.9701,47524600
1999-12-13,92.7638,94.6783,88.9346,90.911,38663700
1999-12-14,87.0818,92.455,86.7113,91.158,28466600
1999-12-15,88.5641,88.5646,81.0293,83.4997,28976500
1999-12-16,85.1055,91.5285,83.7468,88.9346,31938600
1999-12-17,84.1173,87.4524,83.4997,86.7113,23008300
1999-12-20,84.8585,86.4642,83.8703,84.8585,16975900
1999-12-21,85.7231,86.9583,84.4879,84.982,16914700
1999-12-22,82.141,85.7231,81.0293,85.6613,18319300
1999-12-23,80.1647,84.4879,79.6706,82.8821,15885600
1999-12-27,78.2501,80.2882,74.1122,79.053,26011900
1999-12-28,75.9032,78.1884,75.7797,77.0767,14682800
1999-12-29,76.8296,78.1884,75.3474,75.6562,14629700
1999-12-30,75.5944,78.6207,75.5944,78.4354,13990700
1999-12-31,74.9768,76.0885,73.6181,75.5327,12985700
2000-01-03,81.7704,82.388,73.8652,75.1003,32242100
2000-01-04,76.0885,81.0293,75.5944,79.5471,27019700
2000-01-05,74.2357,76.0268,71.1477,74.174,31773500
2000-01-06,69.6655,75.3474,69.2331,72.3829,24091400
2000-01-07,71.7035,73.4328,68.9861,69.1714,19964000
2000-01-10,71.7653,79.053,69.4233,73.124,89459296
2000-01-11,63.2424,70.6536,61.8842,70.1595,94641200
2000-01-12,59.2898,64.2923,58.3016,63.3659,73506096
2000-01-13,64.7246,65.2187,59.9073,61.2661,50209200
2000-01-14,62.5013,65.4658,61.5131,65.4658,37493800
2000-01-18,59.9691,63.1189,59.5985,62.3778,29640400
2000-01-19,63.7365,63.7365,59.5368,60.0309,43658000
2000-01-20,63.4277,65.2187,62.2542,65.0952,42142800
2000-01-21,64.2306,64.6629,62.8718,63.7365,27081100
2000-01-24,61.2043,65.157,59.9073,65.157,24352600
2000-01-25,60.5867,61.8837,58.3016,61.5131,18594100
2000-01-26,59.2898,61.2043,58.3016,58.3016,16193300
2000-01-27,61.019,61.2661,59.1045,59.475,30903400
2000-01-28,58.2398,60.8955,57.3752,60.5249,21716500
2000-01-31,56.3253,58.3016,54.4107,57.8075,30470500
2000-02-01,55.0901,56.8193,54.3489,56.5723,26419400
2000-02-02,59.228,59.7838,54.9665,55.9547,38144600
2000-02-03,59.2898,60.0926,57.4987,59.7838,28708300
2000-02-04,56.9429,59.7838,55.8312,59.7838,21836900
2000-02-07,56.9429,57.1281,55.4606,55.8312,18873600
2000-02-08,58.0545,58.4869,56.6958,57.2517,20698000
2000-02-09,57.1899,59.5368,57.0664,59.2898,19074000
2000-02-10,57.8075,57.9928,56.5723,57.5605,15248300
2000-02-11,56.2017,57.8075,55.5841,57.3134,17220800
2000-02-14,54.7195,56.2017,54.3489,55.9547,16104500
2000-02-15,53.1755,54.9665,52.5579,54.7195,28097400
2000-02-16,51.3844,53.2373,50.8286,52.6814,28865200
2000-02-17,52.3108,53.3608,51.0756,51.4462,23195100
2000-02-18,50.2728,52.8667,50.0875,52.2491,19894400
2000-02-22,48.914,50.7668,47.6171,50.5198,29383300
2000-02-23,56.0782,56.4488,51.755,51.8785,43367300
2000-02-24,59.4133,61.2661,55.8312,59.0427,42178300
2000-02-25,58.9192,61.019,58.0545,59.7838,22935000
2000-02-28,59.9073,61.1426,59.4133,60.0309,25594900
2000-02-29,58.4251,61.2661,57.3134,61.2043,19986400
2000-03-01,56.3253,58.3633,55.5224,58.3633,21384300
2000-03-02,55.3989,56.3253,55.0283,56.2635,16898000
2000-03-03,57.1899,57.3134,55.3371,57.3134,19778800
2000-03-06,56.0782,57.0664,54.3489,57.0664,24245500
2000-03-07,55.4606,57.8075,54.596,56.3253,19169000
2000-03-08,54.4725,56.3253,53.3608,55.5841,15079100
2000-03-09,59.7838,60.2779,55.4606,55.5224,34327800
2000-03-10,58.4251,60.2162,58.3016,60.2162,15991000
2000-03-13,60.4632,61.5749,56.387,56.387,30220500
2000-03-14,60.8955,63.6747,56.387,62.1925,30669100
2000-03-15,60.2779,62.0072,59.2898,61.2661,15446000
2000-03-16,61.1426,61.9454,59.228,61.1426,19414600
2000-03-17,63.4277,63.9835,61.2661,61.6366,27991700
2000-03-20,66.0834,67.1951,63.9835,64.2306,28141200
2000-03-21,66.7627,67.4421,63.2424,65.9598,23607000
2000-03-22,70.4683,71.5182,67.1951,67.6891,35398300
2000-03-23,70.036,71.1477,68.8008,70.0978,17602300
2000-03-24,70.1595,71.9506,68.6773,70.1595,19989600
2000-03-27,73.3093,73.7416,70.1595,70.1595,19646500
2000-03-28,71.2094,73.3093,70.1595,73.2476,17314200
2000-03-29,67.2568,71.0242,67.2568,70.7154,18328000
2000-03-30,63.86,67.5039,62.2542,64.9717,21981800
2000-03-31,66.8245,67.1951,63.0571,64.9717,21662100
2000-04-03,63.86,67.6274,63.2424,66.0834,20257600
2000-04-04,62.1307,65.7128,58.3633,65.7128,33876600
2000-04-05,63.2424,64.6629,60.772,60.8955,17646900
2000-04-06,64.5394,65.4658,63.2424,63.9218,15687200
2000-04-07,67.8127,67.8127,64.5394,65.4658,16120500
2000-04-10,67.0715,68.5538,66.4539,67.9362,15499400
2000-04-11,64.9099,66.0216,63.5512,65.9598,16585500
2000-04-12,61.2661,65.9598,60.8338,64.9717,17014300
2000-04-13,57.8075,61.7602,57.4369,61.2043,22671200
2000-04-14,53.8549,56.8193,52.8667,56.387,33104000
2000-04-17,57.0664,57.2517,52.1873,52.2491,32031400
2000-04-18,59.7838,60.1544,56.4488,57.7457,22501100
2000-04-19,61.3896,63.1189,60.0309,61.5749,25926200
2000-04-20,59.4133,61.8837,59.3515,61.8837,13694500
2000-04-24,56.5723,58.3016,54.9665,58.3016,15002600
2000-04-25,60.0926,60.4014,58.0545,58.1781,15238600
2000-04-26,59.2898,60.772,58.7957,60.2779,12979300
2000-04-27,59.2898,59.9691,57.2517,57.3134,13541600
2000-04-28,59.228,60.4632,58.7957,60.4632,9562800
2000-05-01,58.9192,60.2779,58.3016,59.7838,11790100
2000-05-02,56.9429,58.5486,56.8193,57.4369,10458800
2000-05-03,56.4488,56.7576,55.4606,56.3253,10245200
2000-05-04,55.6459,57.7457,55.4606,57.1899,9858600
2000-05-05,56.2017,57.1899,55.4606,55.6459,7898700
2000-05-08,54.596,55.6459,54.4725,55.3989,9283100
2000-05-09,55.3371,55.6459,53.9166,55.0283,9975200
2000-05-10,53.5461,55.5224,52.5579,54.4725,13882100
2000-05-11,53.052,54.2872,52.8667,54.1637,8486300
2000-05-12,54.3489,55.5841,53.4225,53.7931,11118600
2000-05-15,57.8075,58.0545,53.8549,54.4107,12952300
2000-05-16,57.1281,58.5486,56.5723,58.4251,13088800
2000-05-17,56.387,56.8193,55.4606,56.0782,6569900
2000-05-18,54.7195,56.3253,54.5342,56.3253,6907000
2000-05-19,52.8667,54.3489,52.5579,53.4843,9589200
2000-05-22,51.8785,53.2373,49.5316,52.9285,14222000
2000-05-23,49.6552,52.002,49.5316,51.4462,9427100
2000-05-24,50.8904,50.8904,48.0494,49.5934,18522700
2000-05-25,50.8286,51.1992,48.914,50.8286,10983700
2000-05-26,48.42,49.5934,47.7406,49.2228,8306300
2000-05-30,52.9285,53.2373,48.8523,48.9758,15052200
2000-05-31,52.3726,53.1137,51.6315,52.1256,13912400
2000-06-01,52.3726,53.7931,51.6932,53.1137,8999400
2000-06-02,56.5723,56.9429,54.3489,54.3489,16998200
2000-06-05,54.596,55.9547,54.4725,55.4606,11085600
2000-06-06,54.9665,56.0165,54.0401,54.3489,8327500
2000-06-07,56.634,56.634,54.1019,54.7813,9107700
2000-06-08,54.0401,56.8193,53.5461,56.8193,13385800
2000-06-09,54.1637,54.9048,53.6696,54.2872,7903200
2000-06-12,51.9403,53.3608,51.6932,53.299,9032500
2000-06-13,50.3963,52.1256,50.211,51.8785,12622000
2000-06-14,51.3844,52.8667,51.2609,51.3844,15589000
2000-06-15,53.7313,54.596,51.6315,51.9403,9031300
2000-06-16,54.0401,54.1019,52.9285,53.3608,10188700
2000-06-19,53.7313,54.1019,52.3726,54.0401,10034300
2000-06-20,57.1899,57.3134,53.6078,53.8549,18192800
2000-06-21,56.3253,57.5605,56.0782,56.8811,11624000
2000-06-22,55.5841,57.931,54.596,56.387,14587000
2000-06-23,51.755,56.0165,51.755,55.8312,10228100
2000-06-26,51.1992,53.299,50.7668,52.8667,11224500
2000-06-27,51.369,52.3726,50.8286,51.1374,11714500
2000-06-28,50.5198,51.2609,50.3963,50.7051,9299800
2000-06-29,51.3844,52.0638,50.0257,50.2728,11905200
2000-06-30,51.0139,52.1256,50.7051,51.2609,9675600
2000-07-03,52.9902,53.2373,51.2609,52.002,5624300
2000-07-05,54.1019,54.9665,51.8785,52.8667,13277900
2000-07-06,55.3371,56.2635,53.2373,54.2872,12234000
2000-07-07,56.0782,57.0046,55.7077,56.2017,11959400
2000-07-10,54.7813,55.8312,54.596,55.4606,7642600
2000-07-11,53.3608,54.6577,52.8049,54.0401,9788800
2000-07-12,56.7576,57.4369,55.0901,55.8312,20405600
2000-07-13,57.8693,58.7957,56.4488,57.1899,19520800
2000-07-14,61.0808,61.3896,58.4251,58.5486,25614200
2000-07-17,61.4514,62.5013,60.2779,61.5131,18387400
2000-07-18,59.5985,61.2043,59.2898,61.019,12619000
2000-07-19,58.6104,60.0926,58.0545,59.5368,11363200
2000-07-20,60.8338,62.0072,59.7838,59.9073,14012000
2000-07-21,56.8193,59.1662,56.7576,58.6721,15564200
2000-07-24,55.2136,55.8929,54.3489,55.3371,12762600
2000-07-25,54.843,55.7694,54.5342,55.5224,8870900
2000-07-26,53.1137,54.843,52.8667,54.7813,12773500
2000-07-27,53.3608,53.8549,52.002,52.4344,11750400
2000-07-28,52.002,53.3608,51.508,53.3608,11597900
2000-07-31,52.666,53.3608,52.002,52.1256,10763500
2000-08-01,52.0638,52.8667,51.6932,52.8667,7703400
2000-08-02,51.5697,52.1873,51.2609,51.4462,9068400
2000-08-03,52.5579,52.9439,50.458,50.5198,11436300
2000-08-04,51.8168,53.299,51.3227,53.2373,8725800
2000-08-07,52.2491,52.9902,51.0139,51.9403,7808200
2000-08-08,52.7432,53.9784,51.6932,51.6932,11436700
2000-08-09,52.2491,53.3608,51.9403,53.299,9013900
2000-08-10,51.1374,52.6814,50.5816,52.1873,9970500
2000-08-11,50.7051,51.755,50.5816,51.1374,7397200
2000-08-14,52.4961,52.6196,51.4462,51.6315,8852500
2000-08-15,54.0401,54.2254,52.6196,52.8667,12864900
2000-08-16,54.1019,55.2136,53.9166,53.9166,10323600
2000-08-17,54.3489,54.4725,53.3608,53.6078,9315100
2000-08-18,54.3489,54.6577,54.1637,54.3489,7666700
2000-08-21,56.0782,56.9429,54.4107,55.0283,11457200
2000-08-22,57.3134,57.3134,55.5841,56.0165,10242200
2000-08-23,57.1899,57.9928,55.9547,56.3253,12462800
2000-08-24,59.1662,59.2898,57.5605,57.5605,11031500
2000-08-25,59.1662,60.0926,58.7957,59.228,11563700
2000-08-28,58.1781,59.228,57.8693,59.0427,10266300
2000-08-29,58.0545,58.3016,57.3134,57.7457,7635200
2000-08-30,58.8574,59.475,57.4987,57.8075,9806700
2000-08-31,57.931,58.7957,57.5605,58.6721,9737300
2000-09-01,56.7156,57.931,56.0165,57.931,10647600
2000-09-05,56.8193,56.8193,55.5224,55.9547,12154900
2000-09-06,55.9547,57.0664,55.7077,56.3253,8102400
2000-09-07,55.8929,56.5105,55.0901,55.4606,9107500
2000-09-08,55.0283,55.8312,54.7813,55.6459,6141000
2000-09-11,55.1518,55.9547,54.596,54.596,7380300
2000-09-12,55.1518,55.9547,55.0901,55.5224,8828600
2000-09-13,55.4804,55.5841,53.9166,54.5342,7765000
2000-09-14,55.0901,56.2635,55.0901,55.8312,6831700
2000-09-15,54.596,55.1518,54.2254,55.1518,7625200
2000-09-18,54.9048,57.1899,54.2872,55.9547,18667700
2000-09-19,55.2753,55.2946,53.6078,54.7195,9942200
2000-09-20,54.2452,55.2753,53.7313,54.9665,8871900
2000-09-21,55.5841,56.0782,53.8549,53.9784,10115700
2000-09-22,54.2872,54.3489,53.4225,54.2254,10000200
2000-09-25,54.8924,55.7719,54.4477,54.843,7185900
2000-09-26,54.9418,55.9399,54.843,55.3371,7359300
2000-09-27,52.9655,55.0604,52.3232,54.843,10461800
2000-09-28,53.8549,54.013,52.4022,52.6691,10297200
2000-09-29,53.1137,54.013,52.5604,53.094,6958100
2000-10-02,54.5367,54.6454,53.3608,54.092,8989000
2000-10-03,54.6948,56.0782,54.6454,54.843,9217400
2000-10-04,57.5605,58.3016,53.7659,54.6948,13803000
2000-10-05,60.4261,61.5329,58.2225,58.3016,23934500
2000-10-06,58.43,61.1771,57.0269,61.019,15282100
2000-10-09,56.4043,57.9063,55.4359,57.5111,8562100
2000-10-10,56.5624,57.6593,55.7126,56.3549,10183700
2000-10-11,54.2304,55.8312,51.8785,54.843,19996700
2000-10-12,50.7323,54.3391,50.5149,54.2501,14728300
2000-10-13,52.3726,53.4892,48.42,49.4575,20435600
2000-10-16,51.9872,52.9161,50.9595,52.1256,9999900
2000-10-17,43.0839,51.4931,42.491,51.4931,49089400
2000-10-18,46.3547,46.6907,36.562,39.5265,43899800
2000-10-19,44.2697,49.7046,42.491,49.7046,32882400
2000-10-20,46.0187,48.0741,45.0602,45.0602,17056800
2000-10-23,47.3725,48.4298,46.2559,46.4436,11185100
2000-10-24,47.4516,49.3982,46.9446,49.3093,11123700
2000-10-25,46.4634,48.8646,46.078,48.2223,9211200
2000-10-26,46.1472,47.2342,44.5167,46.7006,10219300
2000-10-27,47.4318,48.2717,46.2757,47.4318,9159600
2000-10-30,47.1847,48.4002,45.8705,47.6788,8554600
2000-10-31,49.9022,49.9022,47.1353,47.1353,11110800
2000-11-01,51.3844,51.3844,49.3982,49.4081,13763800
2000-11-02,53.3608,53.3608,51.4833,51.5228,13487100
2000-11-03,52.7975,54.9814,52.59,53.8549,9768100
2000-11-06,55.1987,55.8707,53.1137,53.6572,13200600
2000-11-07,56.9281,57.0269,55.2086,55.4458,14311600
2000-11-08,55.6335,57.8075,53.8944,57.3134,12738200
2000-11-09,52.0564,54.3489,50.6532,53.8549,14435700
2000-11-10,49.9022,51.7797,49.9022,50.6433,9200600
2000-11-13,48.4891,48.8646,47.0563,48.2717,15727200
2000-11-14,49.3093,50.3765,48.914,49.9022,9877800
2000-11-15,48.8547,50.1492,48.42,49.3093,9620100
2000-11-16,48.1729,49.5366,48.1729,48.2717,9044900
2000-11-17,48.9733,49.4476,48.2223,48.7658,14641600
2000-11-20,46.5326,48.2915,46.4634,47.9259,11351400
2000-11-21,42.491,46.5326,42.0167,46.493,16413000
2000-11-22,40.5937,42.491,40.5245,41.7499,13520400
2000-11-24,42.3922,42.4317,39.7735,40.3467,8649300
2000-11-27,43.4495,43.9732,43.0542,43.2321,11424100
2000-11-28,40.0799,43.8744,39.8229,43.5285,13577900
2000-11-29,42.8467,43.321,39.6253,40.0897,17383600
2000-11-30,40.1293,41.5028,38.4988,41.0087,22595500
2000-12-01,41.0186,42.4515,40.0206,40.9692,13182500
2000-12-04,40.5641,41.4831,40.07,40.5641,9781700
2000-12-05,43.5977,43.9732,40.8111,40.8111,16160900
2000-12-06,44.0819,45.1096,42.827,43.9633,22324800
2000-12-07,42.5404,43.9732,42.5364,43.5483,8320000
2000-12-08,46.3448,47.4318,44.7638,44.9614,11023600
2000-12-11,47.916,48.6571,46.0879,46.0978,12505400
2000-12-12,48.0741,48.5188,46.8389,47.4318,9768700
2000-12-13,47.9456,49.3785,47.4318,48.5682,12622700
2000-12-14,49.25,50.2678,47.3527,47.4318,16207100
2000-12-15,48.3804,48.6176,44.8626,47.9259,19544900
2000-12-18,41.8487,47.4318,41.0285,41.5918,21724200
2000-12-19,40.5147,43.5878,39.5265,41.7894,17464800
2000-12-20,36.8091,38.9336,35.0798,37.1055,33467000
2000-12-21,37.2142,37.2537,34.0718,35.0798,26718800
2000-12-22,37.8269,39.23,37.1846,37.3525,16491000
2000-12-26,38.0442,39.5166,37.6786,38.4395,12762300
2000-12-27,35.3268,37.4514,35.3268,37.0561,15834500
2000-12-28,34.8327,36.315,34.0916,34.7339,19512600
2000-12-29,34.3881,34.5857,32.3623,34.0916,29771500
2001-01-02,32.0066,34.892,31.2852,34.3881,17079400
2001-01-03,37.2537,37.5502,31.1271,31.6212,34865100
2001-01-04,41.6807,42.738,38.0739,38.5383,27477300
2001-01-05,40.8012,41.5028,39.4277,41.5028,15788800
2001-01-08,39.5561,40.6629,38.0442,40.2182,12326800
2001-01-09,42.2044,42.738,40.8111,41.2558,13696000
2001-01-10,44.3586,44.744,41.9969,42.0957,17871100
2001-01-11,46.6907,47.0365,43.3704,43.3803,20004800
2001-01-12,45.9199,48.2223,44.5958,47.4812,33999500
2001-01-16,46.1472,47.5306,45.1788,45.9199,15130200
2001-01-17,47.6096,48.667,47.2342,47.4318,21965300
2001-01-18,49.171,49.3192,47.4318,48.2816,16107600
2001-01-19,53.1631,54.1118,50.3963,50.4062,42995900
2001-01-22,53.2027,55.3173,52.59,53.1631,37092900
2001-01-23,53.509,53.8054,52.2837,53.3608,24783400
2001-01-24,55.0901,56.4241,53.509,53.6078,31148800
2001-01-25,55.1098,56.2462,54.4972,55.0901,19468500
2001-01-26,53.9438,54.1019,52.5307,53.6967,18385300
2001-01-29,54.3489,55.6335,53.4596,53.5584,21501700
2001-01-30,53.7165,54.3489,52.6196,54.2501,22324900
2001-01-31,51.9378,58.183,51.3844,53.8845,29451000
2001-02-01,49.2401,52.6196,48.3508,50.6433,32798300
2001-02-02,47.2243,49.3982,46.1966,48.8152,24174800
2001-02-05,48.7856,49.3192,46.246,47.3824,15032700
2001-02-06,48.3014,49.6947,47.9753,48.6769,13188500
2001-02-07,47.7678,48.914,47.4516,47.6788,11236000
2001-02-08,48.42,49.4378,47.4516,47.6788,11654100
2001-02-09,46.6116,47.9061,46.0484,47.58,11365700
2001-02-12,47.1353,47.1847,45.9496,46.6907,9836500
2001-02-13,47.5207,48.5188,47.1255,47.1847,11378700
2001-02-14,47.9555,48.3212,45.5049,46.7401,11400200
2001-02-15,49.3093,49.7046,48.7164,48.914,17896000
2001-02-16,47.2243,49.0919,46.9377,47.9259,11341900
2001-02-20,44.4179,48.0247,43.6076,47.5306,15813400
2001-02-21,44.2301,46.9377,42.9851,43.2815,19429600
2001-02-22,44.3685,45.2084,41.0087,43.8942,20405600
2001-02-23,43.2321,43.3704,41.0285,42.738,23303200
2001-02-26,45.6926,46.1274,42.906,42.9851,14524300
2001-02-27,44.0226,46.3942,43.2519,45.4456,14616500
2001-02-28,42.6392,44.9614,41.7499,44.3685,15044700
2001-03-01,43.4791,43.6768,40.8605,42.0463,15472800
2001-03-02,41.5621,43.1629,40.9297,41.404,14868800
2001-03-05,43.2815,43.4791,41.5522,42.3428,13407300
2001-03-06,45.9891,47.1353,44.1708,44.5661,20622800
2001-03-07,44.7638,46.5919,44.3685,46.246,13907200
2001-03-08,43.9732,45.9891,43.7163,44.072,20679400
2001-03-09,42.3625,43.5878,41.8092,43.4791,14990100
2001-03-12,38.8051,41.5028,37.9454,41.1076,30856400
2001-03-13,40.2182,40.7123,38.7458,39.1312,20234100
2001-03-14,39.566,40.5641,38.0442,38.6371,18123800
2001-03-15,40.1095,40.9099,39.2004,40.9099,14504700
2001-03-16,38.8842,39.7241,38.736,39.2794,19805600
2001-03-19,39.4277,40.0304,38.2419,38.983,13702200
2001-03-20,38.3308,41.1076,38.1431,40.0206,21965100
2001-03-21,37.3921,39.0324,37.2043,38.6371,18981700
2001-03-22,36.3347,37.6984,34.7043,37.5996,25500700
2001-03-23,39.0522,39.4771,37.1055,37.3525,16542300
2001-03-26,40.406,41.0087,39.5265,39.5265,15248000
2001-03-27,42.491,42.7874,39.8032,40.4751,17586400
2001-03-28,40.2775,41.7499,40.1787,41.5522,16274000
2001-03-29,39.5166,40.4159,38.8743,40.2676,15054800
2001-03-30,39.6747,40.3071,38.0442,40.2775,13407900
2001-04-02,36.73,39.2696,36.315,38.7854,20560100
2001-04-03,33.4987,36.315,33.0639,36.315,29585300
2001-04-04,34.7339,35.5244,33.3999,33.5975,23483700
2001-04-05,39.23,39.5265,36.2655,36.562,21958500
2001-04-06,38.8348,39.1905,37.066,38.5383,18526700
2001-04-09,39.0028,40.0206,38.0838,39.7241,12519400
2001-04-10,39.5364,41.0384,39.4277,39.5265,17193700
2001-04-11,40.7123,41.4732,40.0206,41.4534,15755100
2001-04-12,41.7202,42.1945,40.2676,40.2676,12574900
2001-04-16,42.7973,43.2222,41.7499,42.0463,14918200
2001-04-17,43.3803,44.4772,42.7479,42.7973,19193300
2001-04-18,48.42,49.4081,44.9614,45.4555,43640100
2001-04-19,49.3093,49.3884,47.0958,48.2717,22898200
2001-04-20,48.1136,49.2994,47.6788,48.6176,17500900
2001-04-23,47.0365,48.1729,45.7025,48.1235,16759000
2001-04-24,46.6907,48.1729,46.4436,47.2342,13030300
2001-04-25,48.914,48.914,46.3843,46.6907,13468800
2001-04-26,48.9239,49.8923,48.2322,49.3587,20868700
2001-04-27,49.3982,49.5069,48.1828,49.4081,9324500
2001-04-30,49.9022,51.5327,49.4081,49.4081,20492200
2001-05-01,51.3449,51.3449,49.1611,49.6552,13418900
2001-05-02,50.9991,51.4833,50.416,51.3844,14657300
2001-05-03,50.0504,50.3963,49.2105,49.6552,11770700
2001-05-04,51.5821,51.7797,48.5188,48.5286,14055600
2001-05-07,51.2856,51.8686,50.6038,51.4042,10038100
2001-05-08,51.3153,52.1256,50.7026,51.7797,11729600
2001-05-09,51.3844,51.7501,50.3568,50.6433,10046700
2001-05-10,51.8291,52.3528,51.424,52.1256,11289700
2001-05-11,51.0287,51.7599,50.4951,51.3844,10033600
2001-05-14,50.9892,51.3746,50.4457,50.8904,8908500
2001-05-15,50.1492,51.2757,49.9022,50.8904,11295000
2001-05-16,52.4121,52.5109,49.5761,49.9022,15565300
2001-05-17,53.1829,54.1019,52.1256,52.3726,21231200
2001-05-18,53.7857,54.1019,52.8963,53.1829,13794400
2001-05-21,55.93,56.0288,53.8746,54.2007,23387700
2001-05-22,56.5624,57.8174,54.8331,57.5209,31487600
2001-05-23,54.6256,55.3272,54.3489,54.9912,15457900
2001-05-24,53.6375,54.8232,52.8667,54.596,14263400
2001-05-25,52.8963,53.5584,52.4714,52.6196,10456600
2001-05-29,50.3963,52.0663,50.2975,51.9082,14511700
2001-05-30,50.4951,51.8785,48.9832,49.4081,18711000
2001-05-31,51.5722,52.2738,50.3963,50.3963,12447600
2001-06-01,52.1256,52.8667,51.4042,52.3232,11118800
2001-06-04,51.335,52.0663,51.0386,51.9279,8599700
2001-06-05,52.3825,52.6295,51.2659,51.4833,11287800
2001-06-06,51.6611,52.5703,51.4339,52.1354,8041200
2001-06-07,51.088,51.8686,50.416,51.3844,10078300
2001-06-08,50.4457,51.3746,50.2678,50.8904,6923200
2001-06-11,51.1769,51.6315,50.3963,50.4457,8236000
2001-06-12,51.4931,52.0267,50.001,51.2856,10512800
2001-06-13,50.9398,52.2639,50.8904,51.335,8323500
2001-06-14,49.8133,50.92,49.4674,50.8904,12438100
2001-06-15,50.2975,50.2975,47.4318,48.8152,26524400
2001-06-18,49.2105,50.1986,48.9635,50.1492,13069700
2001-06-19,49.25,50.2975,48.9437,49.8034,10916500
2001-06-20,52.175,52.175,49.1512,49.1512,16368100
2001-06-21,54.3489,54.3489,51.6809,51.9773,26473200
2001-06-22,52.4714,53.6572,52.1256,53.4102,13326000
2001-06-25,52.3726,53.2027,52.0762,53.0643,11124600
2001-06-26,52.2244,52.3726,51.1473,51.4833,11300700
2001-06-27,52.0564,53.0841,51.5327,52.3726,10145900
2001-06-28,51.4635,52.6295,50.9002,52.175,14223500
2001-06-29,52.3726,52.5208,50.9991,51.088,13486500
2001-07-02,52.4319,52.6691,51.8785,52.3726,10826700
2001-07-03,52.1354,52.6196,52.0762,52.3726,4900500
2001-07-05,50.752,52.0564,50.7421,51.5821,7851800
2001-07-06,49.5168,50.4951,49.3093,50.2382,9150600
2001-07-09,50.09,50.8904,49.3785,49.5564,10726900
2001-07-10,49.586,51.1374,49.4279,50.1591,10271200
2001-07-11,47.9259,49.5069,47.0662,49.5069,20143200
2001-07-12,49.4575,49.8528,48.3113,49.2105,14600100
2001-07-13,49.2204,49.4081,48.5682,49.4081,8857900
2001-07-16,48.7757,49.3291,48.163,49.2204,8708400
2001-07-17,48.8646,49.3093,48.0939,48.6176,9922800
2001-07-18,44.1214,48.8745,43.8744,46.4436,36124200
2001-07-19,42.2736,44.8626,40.8605,44.6649,27474500
2001-07-20,43.7855,44.3685,42.2538,42.2933,16851400
2001-07-23,42.491,44.6649,42.1945,44.072,12528000
2001-07-24,42.1945,43.1728,41.7005,41.9969,11335900
2001-07-25,43.2321,43.4791,41.6016,42.9357,14029700
2001-07-26,44.3784,44.5464,42.4218,43.0345,12707100
2001-07-27,44.6057,45.2084,44.072,44.3784,8362200
2001-07-30,44.6155,45.4258,44.4377,44.8626,8047700
2001-07-31,44.912,45.5642,44.7144,45.3567,9663500
2001-08-01,45.5345,45.6531,45.0009,45.159,8777900
2001-08-02,46.4436,46.6907,45.8112,46.0484,10115800
2001-08-03,46.3251,46.6413,45.4654,46.4436,6350200
2001-08-06,45.4555,46.3251,45.1887,46.3251,6468600
2001-08-07,45.4555,45.7717,44.9614,45.4555,6987600
2001-08-08,44.5464,45.7915,44.2203,45.2084,8333200
2001-08-09,44.329,44.6649,43.6768,44.5661,7963900
2001-08-10,43.7756,43.9732,41.74,43.5285,10899900
2001-08-13,42.4811,43.5977,41.5028,43.4297,12372300
2001-08-14,39.1806,42.738,38.9336,42.5898,34272700
2001-08-15,39.23,39.3289,37.5996,38.5482,34813100
2001-08-16,39.5759,39.7834,38.5779,38.6371,15334700
2001-08-17,39.23,39.7735,38.6866,39.1806,10411200
2001-08-20,39.734,39.9712,39.0324,39.0324,9428300
2001-08-21,39.4277,40.9593,39.2103,39.8723,11048400
2001-08-22,39.0324,39.9218,38.1233,39.3289,13649000
2001-08-23,39.6055,39.7439,38.5383,38.5383,9609700
2001-08-24,41.3151,41.5325,39.4277,39.5759,10732900
2001-08-27,41.157,41.5918,40.406,41.2163,7190200
2001-08-28,40.2182,41.2459,39.8822,41.1076,9169500
2001-08-29,38.0442,40.2676,37.9454,39.9712,17154700
2001-08-30,35.5738,37.7972,35.2774,37.6688,27262200
2001-08-31,36.9079,37.5403,35.4256,35.8209,16544100
2001-09-04,37.0561,39.1213,36.8387,37.2537,15374500
2001-09-05,36.315,37.4514,35.6727,37.3031,18409600
2001-09-06,34.6746,35.9197,34.4869,35.5936,18921800
2001-09-07,31.8979,34.724,31.6212,33.7952,38419500
2001-09-10,34.0027,34.0916,30.7121,31.1271,24900300
2001-09-17,29.6449,32.6094,29.6449,30.633,43525900
2001-09-18,30.0895,31.5718,29.6449,29.8919,27038600
2001-09-19,30.5836,31.3544,28.2516,30.1389,33647200
2001-09-20,28.9037,30.633,28.9037,29.1508,32057500
2001-09-21,29.4966,29.6449,27.0756,28.9235,37199600
2001-09-24,32.1153,32.5204,29.5065,29.5065,25980800
2001-09-25,32.4117,33.1034,30.8801,31.4235,28273700
2001-09-26,31.8682,33.143,31.3247,32.1647,16810500
2001-09-27,31.967,32.1153,30.3366,31.6212,18318600
2001-09-28,32.7082,33.0046,32.4117,32.6094,19652500
2001-10-01,32.3821,32.718,31.6409,32.718,12210900
2001-10-02,32.471,32.7082,31.2259,32.2141,14130100
2001-10-03,33.9039,34.3881,31.7101,31.8682,18918100
2001-10-04,33.6963,36.0482,33.3505,34.3683,23799100
2001-10-05,33.4098,33.7457,32.6588,33.2023,14349800
2001-10-08,31.3741,33.4196,30.9789,33.4196,24761000
2001-10-09,31.6212,32.6094,31.473,31.6212,14587600
2001-10-10,31.9572,32.2141,31.3741,31.6212,15006300
2001-10-11,33.5086,33.9829,32.6094,32.6094,19342700
2001-10-12,32.807,34.309,31.8386,33.5086,16105600
2001-10-15,33.1034,33.3011,31.9077,32.4611,11440700
2001-10-16,33.1034,34.0916,32.8564,33.5185,14055500
2001-10-17,30.4453,32.807,30.386,32.807,32888000
2001-10-18,29.546,30.386,29.0421,30.218,26351800
2001-10-19,30.801,30.9789,29.2891,29.299,25751200
2001-10-22,31.2753,31.473,29.7437,30.6824,14768000
2001-10-23,32.5007,33.3999,31.4235,31.6212,18088700
2001-10-24,31.72,32.6983,31.2951,32.56,15377100
2001-10-25,32.0955,32.1844,30.6726,30.8801,14700400
2001-10-26,33.1034,33.3505,31.8979,32.0955,16262900
2001-10-29,31.7694,32.7576,31.6311,32.6588,12771200
2001-10-30,31.1963,31.5224,30.0105,31.2259,15699600
2001-10-31,30.7318,32.0659,30.6726,31.6212,12677000
2001-11-01,32.2536,33.3011,30.8899,31.1073,19625200
2001-11-02,31.6311,32.3623,31.4334,32.2141,13384300
2001-11-05,33.0936,33.4789,32.1153,33.1034,25159100
2001-11-06,34.7339,34.7635,33.1825,33.3406,30665600
2001-11-07,34.0916,34.7833,34.0916,34.5857,28322300
2001-11-08,36.0185,36.3545,34.7833,34.8327,26165100
2001-11-09,36.6608,36.7794,35.2873,35.9197,16974300
2001-11-12,35.9987,36.7498,35.3861,36.6608,18946200
2001-11-13,37.5502,37.6391,36.7201,37.4019,22049800
2001-11-14,37.7972,38.7458,37.5008,38.2419,24185800
2001-11-15,37.1055,37.8269,36.6509,37.7972,19724000
2001-11-16,36.4632,37.2043,36.0679,37.1549,21908000
2001-11-19,37.3031,37.4909,36.7695,37.066,22082800
2001-11-20,36.5323,37.2932,36.2655,37.2537,15869200
2001-11-21,36.0383,36.6905,35.4454,36.5323,12284800
2001-11-23,36.3248,36.7992,36.1667,36.1667,6485100
2001-11-26,36.9276,37.2043,36.4533,36.8091,13970100
2001-11-27,36.3248,37.3031,36.0185,37.3031,23020800
2001-11-28,35.0798,36.1766,34.9315,36.1667,16954300
2001-11-29,34.9612,35.1786,34.0126,35.0798,18240100
2001-11-30,34.4869,36.2161,34.1114,34.9612,18553500
2001-12-03,33.1825,34.3782,33.0738,34.1904,19439600
2001-12-04,34.3386,34.3386,33.2023,33.7161,15806300
2001-12-05,35.4059,35.5442,33.5975,34.3386,38101700
2001-12-06,34.3386,36.226,33.3999,36.0482,24394000
2001-12-07,32.5896,33.6074,32.1647,33.5975,28454000
2001-12-10,30.633,32.7279,30.5935,32.3129,32213400
2001-12-11,31.6212,32.4018,30.9986,31.3247,22367700
2001-12-12,32.1153,32.4809,31.8287,32.0659,20053400
2001-12-13,32.8959,33.1034,31.6805,32.0856,19048700
2001-12-14,32.5896,33.3505,32.1153,32.9354,17426200
2001-12-17,33.1528,33.5876,32.6094,32.9058,16205700
2001-12-18,32.3623,33.8446,32.1153,33.5975,19947300
2001-12-19,32.639,33.3505,31.7101,31.72,14733800
2001-12-20,32.392,33.8446,32.2833,33.1034,19244700
2001-12-21,31.9868,32.1251,31.6212,32.0461,22466900
2001-12-24,31.473,32.056,31.473,31.7694,6316600
2001-12-26,31.0777,32.0066,31.0184,31.473,14184900
2001-12-27,32.0461,32.2042,31.3741,31.3741,13568200
2001-12-28,32.7082,33.0936,32.4315,32.6094,14473800
2001-12-31,31.72,32.7082,31.72,32.3129,15717600
2002-01-02,31.2259,32.1449,30.6627,31.7496,24494100
2002-01-03,31.2062,31.7694,30.7417,31.473,29840400
2002-01-04,31.5718,31.6706,30.1587,30.9295,42057600
2002-01-07,32.2931,32.4611,31.473,31.6212,33270500
2002-01-08,31.6212,32.5303,31.0283,32.4611,30938400
2002-01-09,31.1765,32.3129,30.9789,31.8682,22749000
2002-01-10,31.0283,31.1963,30.386,30.7516,16596900
2002-01-11,30.3267,31.0876,30.2872,30.6528,17802100
2002-01-14,29.546,30.3267,29.4966,30.1884,20382300
2002-01-15,29.6745,30.0797,29.3583,29.8425,20574100
2002-01-16,29.299,30.386,28.9037,29.546,17314900
2002-01-17,29.6844,29.8919,29.5362,29.8919,14261500
2002-01-18,29.2298,29.635,28.8543,29.3089,17926300
2002-01-22,28.0638,29.7931,27.8662,29.6943,23005900
2002-01-23,28.4591,28.6172,26.7792,28.1132,49403400
2002-01-24,27.6883,29.1409,27.3227,28.7555,28712600
2002-01-25,27.1547,28.1033,26.6804,27.6191,22298000
2002-01-28,27.5697,28.0144,27.2041,27.4413,18828200
2002-01-29,26.3839,27.9551,25.6922,27.8464,25495000
2002-01-30,26.0875,27.8168,23.7159,26.3839,60421400
2002-01-31,25.9986,26.4136,25.1981,26.2357,26746800
2002-02-01,25.6823,25.9887,24.8029,25.8701,28687500
2002-02-04,23.9531,25.5835,23.6665,25.5736,28720700
2002-02-05,23.3206,24.8819,23.3206,23.7159,28436900
2002-02-06,24.0025,24.2791,23.4194,23.5182,26993200
2002-02-07,25.1487,25.7317,24.0815,24.2396,22737600
2002-02-08,27.0361,27.3721,25.0993,25.5045,29842900
2002-02-11,27.6685,27.8464,26.5322,26.6804,18608800
2002-02-12,27.3523,27.8168,26.9966,27.5203,13102600
2002-02-13,26.8582,28.2022,26.6804,27.6586,17597900
2002-02-14,27.0262,27.5401,26.71,27.1448,13598600
2002-02-15,25.7416,27.0954,25.5736,27.0954,23535300
2002-02-19,25.2179,25.7317,24.7041,25.6527,20555800
2002-02-20,23.9135,24.4669,22.6091,24.3088,46357200
2002-02-21,22.7277,23.5776,22.283,23.5677,38285000
2002-02-22,23.4688,23.5182,21.8384,22.2337,27752100
2002-02-25,23.3206,23.8839,22.9254,23.4194,21155400
2002-02-26,22.7277,23.7258,22.54,23.5182,28570900
2002-02-27,23.4688,23.6566,22.5301,22.8364,24008800
2002-02-28,24.5064,25.1981,23.8641,23.9333,30686600
2002-03-01,25.6724,25.6922,24.6744,24.7041,22795800
2002-03-04,26.799,27.0065,25.8997,26.2653,28356900
2002-03-05,26.4037,27.6191,26.127,26.6804,25645400
2002-03-06,26.1863,27.0756,26.1863,26.3938,19575600
2002-03-07,25.544,26.9274,25.2574,26.9274,25739100
2002-03-08,26.1369,26.2357,25.6724,26.0776,22161600
2002-03-11,26.9571,27.1152,25.4946,25.8997,20323900
2002-03-12,26.0381,26.6408,25.5934,26.631,28248500
2002-03-13,26.0875,26.3839,25.5934,25.9393,18150100
2002-03-14,25.4353,26.0875,25.2179,25.8405,17638300
2002-03-15,26.0183,26.4136,25.6428,25.8405,24078400
2002-03-18,26.4827,26.6804,26.1863,26.1863,15817800
2002-03-19,26.1369,26.8286,25.791,26.6804,15318600
2002-03-20,24.9017,25.8405,24.7041,25.7218,25358900
2002-03-21,24.3582,24.8029,23.7258,24.5262,30058400
2002-03-22,24.21,25.0005,23.8641,23.9827,17307100
2002-03-25,23.9234,24.6942,23.7554,24.6645,16998700
2002-03-26,23.0242,23.874,22.7277,23.7653,29274800
2002-03-27,23.3206,23.4688,22.708,22.8265,24077400
2002-03-28,23.37,23.7455,23.2712,23.6171,16714900
2002-04-01,22.9945,23.0835,22.6684,22.7475,16698600
2002-04-02,23.3404,23.5182,22.7277,22.8265,21033200
2002-04-03,22.9254,23.6763,22.7178,23.6171,19140400
2002-04-04,22.3226,23.4194,21.9372,22.7574,24618800
2002-04-05,22.1546,22.5202,21.3937,22.4807,24716300
2002-04-08,21.6901,21.8878,21.2554,21.3443,23118500
2002-04-09,21.5913,22.2337,21.3937,21.8384,20653900
2002-04-10,20.455,21.6408,19.7632,21.4925,80634600
2002-04-11,19.368,20.2079,18.7751,20.0103,53526400
2002-04-12,19.862,20.2573,19.4371,19.5162,25278800
2002-04-15,21.0973,21.3937,20.6526,20.8008,31118800
2002-04-16,21.3443,21.6408,20.7514,21.5716,30828400
2002-04-17,21.621,21.9273,21.1467,21.4431,18163600
2002-04-18,20.9589,21.7396,20.5044,21.7396,22343900
2002-04-19,20.6822,21.1961,20.6526,21.1467,15436200
2002-04-22,19.6348,20.455,19.4767,20.2376,24675900
2002-04-23,18.8838,19.9312,18.7948,19.4174,25505200
2002-04-24,19.0715,19.9016,18.5972,18.8739,35181300
2002-04-25,19.2593,19.9115,18.864,19.783,32405000
2002-04-26,18.4984,19.279,17.7869,19.279,27330600
2002-04-29,17.8264,18.6763,17.5399,18.3798,28349700
2002-04-30,18.7948,19.0221,17.698,17.8264,25089300
2002-05-01,19.1604,19.2691,18.0438,18.6763,23333100
2002-05-02,18.4292,19.0913,18.1921,19.0419,17652500
2002-05-03,17.8363,18.3502,17.698,18.1822,20564500
2002-05-06,17.0458,17.9351,17.0063,17.6189,27119300
2002-05-07,17.0557,17.4707,16.9371,17.2928,23219100
2002-05-08,18.1427,18.2019,17.5893,17.7869,24661500
2002-05-09,17.5893,18.2909,17.5399,18.2217,16603400
2002-05-10,16.779,17.7375,16.7296,17.7177,20827600
2002-05-13,17.1446,17.194,16.6703,16.8482,18676300
2002-05-14,18.3304,18.4687,17.2829,17.7375,31816500
2002-05-15,18.6269,19.0715,18.5478,18.7751,35780500
2002-05-16,18.6763,19.0221,18.2316,18.6269,20934100
2002-05-17,19.7435,19.8917,18.8541,18.8739,25554600
2002-05-20,19.1506,19.704,19.0715,19.6447,13078900
2002-05-21,18.36,19.5261,18.281,19.3779,17735100
2002-05-22,18.3304,18.5577,17.8857,18.3502,13340700
2002-05-23,18.8146,18.8739,18.281,18.5774,11383300
2002-05-24,18.7454,19.0715,18.5379,18.8739,10485200
2002-05-28,18.5577,18.8739,18.4687,18.7751,11665500
2002-05-29,18.3403,18.8146,18.2415,18.7257,10931900
2002-05-30,18.281,18.4292,17.9351,18.0834,22421100
2002-05-31,18.4786,18.696,18.1822,18.528,13965400
2002-06-03,17.8759,18.6565,17.7869,18.2909,13148200
2002-06-04,16.9964,17.2928,16.8086,17.2928,28934900
2002-06-05,16.8976,17.4806,16.6011,17.2928,21901700
2002-06-06,16.3047,16.947,16.0181,16.8482,21892800
2002-06-07,16.3541,16.5517,15.613,15.8205,30727700
2002-06-10,15.86,16.4529,15.7118,16.2553,29505500
2002-06-11,15.6623,16.1861,15.5635,15.8699,23820000
2002-06-12,15.6623,15.8896,14.941,15.7711,25792200
2002-06-13,16.1367,16.4529,15.3462,15.5438,21167600
2002-06-14,16.2058,16.2651,15.6426,15.6623,19737200
2002-06-17,16.4035,16.6505,15.9983,16.1762,19446300
2002-06-18,16.8482,17.1347,16.2256,16.3047,16685300
2002-06-19,16.4331,16.947,16.3047,16.6999,15464400
2002-06-20,15.8106,16.4331,15.6821,16.3047,18976200
2002-06-21,14.8817,15.8995,14.8323,15.613,27200000
2002-06-24,15.3165,15.6722,14.3876,14.8224,28488100
2002-06-25,15.2177,15.4647,14.9212,15.3165,19858700
2002-06-26,13.4686,14.7434,12.7473,14.2295,61813200
2002-06-27,13.4686,13.9825,12.5991,13.8837,47374300
2002-06-28,14.5359,14.8224,13.2908,13.3303,43732800
2002-07-01,13.3501,14.4469,13.3402,14.2295,26290000
2002-07-02,12.3718,12.9844,11.8975,12.9054,39728200
2002-07-03,13.8935,13.9331,12.2235,12.352,34860700
2002-07-05,14.526,14.5754,13.9528,14.0319,11064300
2002-07-08,13.8343,14.437,13.5477,14.2098,21979900
2002-07-09,13.8343,14.3679,13.607,13.8343,22172500
2002-07-10,12.9548,14.1801,12.8362,13.9825,24985800
2002-07-11,13.5378,13.7157,12.688,12.9054,28430100
2002-07-12,12.9844,13.4192,12.8362,13.3599,24581700
2002-07-15,12.8066,12.9252,12.2532,12.8955,33180200
2002-07-16,12.4607,13.1228,12.4607,12.5496,23819200
2002-07-17,12.9548,13.103,12.6979,12.8461,21578100
2002-07-18,12.3026,12.6287,11.6109,11.9765,43072500
2002-07-19,11.4429,11.9567,10.6919,11.6109,55247100
2002-07-22,11.8678,11.8876,10.9389,10.9488,35573200
2002-07-23,11.4133,12.0556,10.9488,11.9567,35131900
2002-07-24,11.265,11.2749,10.2176,11.1069,57199000
2002-07-25,9.5259,10.0101,8.597,9.9804,150392000
2002-07-26,10.771,10.9093,9.684,9.684,69277696
2002-07-29,11.4429,11.4627,10.7808,10.7808,35259900
2002-07-30,12.2532,12.3026,11.018,11.0378,38604500
2002-07-31,11.3638,11.9567,11.0279,11.6603,43705500
2002-08-01,10.8797,11.3144,10.8698,10.8895,26339500
2002-08-02,10.1781,10.8599,9.931,10.603,35829600
2002-08-05,9.8322,10.1286,9.6346,9.8816,27188800
2002-08-06,9.7828,10.2176,9.1899,10.099,36684200
2002-08-07,10.6721,10.8302,9.8915,9.9804,25882100
2002-08-08,11.0575,11.1563,10.4646,10.8204,21217800
2002-08-09,10.9192,11.097,10.6227,10.6227,21376400
2002-08-12,10.8698,11.3638,10.4745,10.6227,13144400
2002-08-13,10.6721,11.1662,10.6721,10.7808,17928600
2002-08-14,10.9192,11.4232,10.3955,10.435,22300100
2002-08-15,11.7196,12.1544,11.265,11.3144,35557100
2002-08-16,12.4113,12.7275,11.3638,11.6109,29783100
2002-08-19,13.1722,13.3402,12.0556,12.352,29707800
2002-08-20,13.2018,13.8046,12.8066,12.8461,30005400
2002-08-21,14.1603,14.2789,13.5971,13.7354,35104400
2002-08-22,13.9034,14.6248,13.7849,14.1801,36286100
2002-08-23,12.6089,13.7354,12.4014,13.1129,38410800
2002-08-26,12.1544,12.5002,11.5714,12.1544,34372200
2002-08-27,12.5299,12.688,11.7591,12.2038,21250400
2002-08-28,12.1544,12.4508,11.8283,12.184,14641700
2002-08-29,12.9054,13.0437,11.8283,12.105,20662000
2002-08-30,12.5002,12.9449,12.4014,12.7176,15388000
2002-09-03,11.9469,12.2334,11.9172,11.9765,18808500
2002-09-04,12.441,12.52,11.9172,12.0358,13689500
2002-09-05,11.9666,12.3026,11.937,12.0753,13445900
2002-09-06,12.9746,13.0536,12.2038,12.3421,17510600
2002-09-09,13.1722,13.3896,12.3718,12.7967,20296400
2002-09-10,13.2018,13.2809,12.8461,13.1722,15811600
2002-09-11,13.0931,13.7157,12.9647,13.3105,12658000
2002-09-12,12.352,12.9449,12.2038,12.935,15840000
2002-09-13,12.7374,12.8856,12.105,12.4607,13550000
2002-09-16,12.52,12.9647,12.3619,12.6485,12457700
2002-09-17,12.4311,12.935,12.4113,12.8263,12918300
2002-09-18,12.6781,12.856,12.184,12.2334,12640900
2002-09-19,12.1247,12.6287,12.1149,12.3718,12374700
2002-09-20,12.3817,12.4014,12.0951,12.1247,21666100
2002-09-23,11.8678,12.2235,11.7591,12.1544,12668700
2002-09-24,11.8481,12.184,11.5022,11.5615,15345200
2002-09-25,11.7097,12.105,11.4133,11.9765,17131500
2002-09-26,11.769,11.9073,11.4627,11.7097,17726300
2002-09-27,11.9765,12.5496,11.5714,11.5911,15576900
2002-09-30,11.5615,11.7295,11.3144,11.6998,17886400
2002-10-01,11.7888,11.8481,11.1366,11.433,16156600
2002-10-02,12.1742,12.4508,11.6998,11.8283,16390600
2002-10-03,12.3421,12.5398,12.105,12.1742,18015800
2002-10-04,11.6702,12.5793,11.6603,12.4508,18310800
2002-10-07,11.0674,11.6603,10.9488,11.6405,20224400
2002-10-08,10.5437,11.3638,10.2868,11.2057,24919500
2002-10-09,10.6128,10.771,10.1385,10.1978,20757000
2002-10-10,11.3144,11.3737,10.6227,10.771,16788100
2002-10-11,11.6504,11.7789,11.018,11.3737,23965100
2002-10-14,11.186,11.5121,10.9686,11.265,13290100
2002-10-15,11.9864,12.3026,11.6109,12.0062,26134500
2002-10-16,12.0556,12.352,11.4133,11.4133,13799500
2002-10-17,12.2532,12.6682,12.1742,12.6583,17883600
2002-10-18,12.4212,12.5002,12.105,12.2334,15790700
2002-10-21,12.8955,12.9153,12.105,12.2038,16155100
2002-10-22,13.3402,13.3896,12.5694,12.6188,18671600
2002-10-23,13.3698,13.3896,12.7374,13.2414,19163400
2002-10-24,14.3778,14.773,13.7354,13.7947,50898600
2002-10-25,14.526,14.7236,13.9528,14.0319,20059200
2002-10-28,14.5062,14.9706,14.4272,14.7137,19006500
2002-10-29,14.2592,14.6347,13.8441,14.3778,13353600
2002-10-30,14.2098,14.4272,13.9924,14.0813,13259300
2002-10-31,14.5754,14.8125,14.2295,14.3086,17380700
2002-11-01,14.9706,15.0695,14.2888,14.358,14902500
2002-11-04,15.3462,15.8106,14.5853,15.5932,21510000
2002-11-05,15.5833,15.6623,15.1979,15.4153,13975500
2002-11-06,16.0972,16.2651,15.5734,15.7809,17653400
2002-11-07,15.1782,15.7809,14.941,15.4647,16274800
2002-11-08,15.1584,15.4549,14.773,15.0398,15342800
2002-11-11,14.773,15.0695,14.437,14.8718,9168700
2002-11-12,14.8817,15.0003,14.5655,14.8125,10868900
2002-11-13,15.0398,15.2869,14.6742,14.7434,11692700
2002-11-14,15.1189,15.4746,14.8224,15.2572,16110900
2002-11-15,15.2374,15.3659,14.7335,15.1189,14656600
2002-11-18,14.9608,15.4153,14.8224,15.3165,12662000
2002-11-19,14.7928,15.0497,14.5951,15.0299,9794700
2002-11-20,14.6248,14.7631,14.3679,14.6544,15157600
2002-11-21,15.4647,15.5833,14.6446,14.7236,22555200
2002-11-22,15.7019,15.9094,15.2671,15.5042,17245100
2002-11-25,16.0181,16.3047,15.613,15.7118,20494500
2002-11-26,15.1782,16.0873,15.0596,15.9588,17259000
2002-11-27,16.2058,16.3145,15.188,15.188,19946600
2002-11-29,16.1762,16.4134,16.0082,16.2058,7306100
2002-12-02,16.3738,17.6782,15.9687,16.6505,17066300
2002-12-03,14.0418,15.0794,13.8837,14.9706,46216700
2002-12-04,13.6762,13.8738,13.0437,13.2809,34794300
2002-12-05,13.8343,13.943,13.192,13.7354,22042300
2002-12-06,13.8343,13.8343,13.3896,13.3896,16851800
2002-12-09,12.9252,13.6169,12.8263,13.4884,22815000
2002-12-10,13.5872,13.6366,12.7967,13.0437,18689100
2002-12-11,13.4884,13.6762,13.2117,13.4686,11883900
2002-12-12,13.3995,13.5773,13.1426,13.4884,12884200
2002-12-13,13.1228,13.3204,12.9647,13.0536,10875800
2002-12-16,13.2414,13.439,12.9647,13.1327,14285700
2002-12-17,13.3599,13.3896,13.0536,13.0536,15899300
2002-12-18,12.9844,13.1722,12.856,13.1129,15292900
2002-12-19,13.1524,13.3402,12.856,12.8757,15109200
2002-12-20,13.2315,13.2908,13.0635,13.2809,17010900
2002-12-23,13.0833,13.2315,12.8955,13.0437,11041600
2002-12-24,13.024,13.192,12.8461,12.8461,5616800
2002-12-26,12.8165,13.1722,12.7374,12.9548,9537200
2002-12-27,12.2927,12.7374,12.2235,12.6287,13688700
2002-12-30,12.2631,12.5002,12.1149,12.1544,14848100
2002-12-31,12.9449,12.9449,12.1149,12.2137,19129900
2003-01-02,13.1524,13.3204,12.7473,12.9943,20069900
2003-01-03,13.439,13.5279,13.0437,13.1524,15608800
2003-01-06,13.9232,14.0121,13.3501,13.439,14247900
2003-01-07,13.9924,14.2789,13.7453,13.8343,16244300
2003-01-08,13.7157,14.0121,13.6465,13.8935,11449100
2003-01-09,14.1603,14.2196,13.3896,13.7157,22322400
2003-01-10,14.7038,14.7829,13.8244,13.9331,18855100
2003-01-13,14.8521,15.2177,14.8224,15.0695,23616600
2003-01-14,15.1683,15.1683,13.6959,14.6544,18497700
2003-01-15,15.0596,15.4647,15.0299,15.2671,22794000
2003-01-16,15.1189,15.2869,14.9015,15.2078,19020300
2003-01-17,14.6347,14.9904,14.5853,14.8125,18727900
2003-01-21,14.1801,14.6446,14.0912,14.526,13533300
2003-01-22,13.7453,14.6149,13.607,14.19,18936600
2003-01-23,14.3086,14.4272,13.3501,13.8837,14089600
2003-01-24,13.943,14.358,13.686,14.2493,11779000
2003-01-27,13.4093,13.9232,13.3105,13.5378,16456000
2003-01-28,13.4983,13.7058,13.2414,13.5378,10943400
2003-01-29,13.7947,14.0516,12.8955,13.3797,20516500
2003-01-30,11.8579,12.4805,11.7196,12.4508,61054500
2003-01-31,11.5219,11.8579,11.2354,11.6603,38980100
2003-02-03,11.4133,11.7492,11.265,11.5121,19886900
2003-02-04,10.9389,11.2156,10.7215,11.1168,27149800
2003-02-05,10.3856,11.8382,10.3658,10.9686,44274600
2003-02-06,10.7117,10.771,9.931,10.2275,30991000
2003-02-07,10.514,10.8599,10.1781,10.8105,17673500
2003-02-10,10.2374,10.5634,10.1385,10.5042,15578800
2003-02-11,10.0793,10.514,9.9804,10.3263,23792700
2003-02-12,10.1484,10.2966,10.0101,10.0496,18364900
2003-02-13,10.0298,10.2571,9.7828,10.2472,18549100
2003-02-14,10.3856,10.4251,9.9705,9.9804,14711200
2003-02-18,10.9389,11.0476,10.5733,10.6227,16447800
2003-02-19,10.8105,11.018,10.5931,10.8401,12170900
2003-02-20,10.435,10.9093,10.435,10.771,11341200
2003-02-21,10.4745,10.6623,10.2769,10.5338,14909800
2003-02-24,9.9409,10.5733,9.9211,10.4449,27951700
2003-02-25,10.3065,10.3263,9.8322,9.8618,25431100
2003-02-26,10.1484,10.3263,10.0298,10.3065,14225000
2003-02-27,10.6128,10.6623,10.1484,10.3757,20234400
2003-02-28,11.186,11.265,10.682,10.7215,26302200
2003-03-03,11.0674,11.4528,10.9488,11.1662,19709600
2003-03-04,10.7413,11.0378,10.7314,10.9982,14447300
2003-03-05,10.9192,10.9389,10.5733,10.6425,15636900
2003-03-06,10.9785,11.018,10.6128,10.6128,15738800
2003-03-07,11.265,11.3144,10.7907,10.85,17715800
2003-03-10,11.1366,11.2947,10.9982,11.097,11635500
2003-03-11,10.9785,11.2354,10.9192,11.1168,12194600
2003-03-12,10.5634,10.9686,10.2966,10.6227,24965400
2003-03-13,10.7215,10.9488,10.7117,10.9291,23479300
2003-03-14,10.9982,11.1069,10.8006,10.9785,16633300
2003-03-17,11.5911,11.7591,10.8698,10.9686,22558100
2003-03-18,11.4034,11.7591,11.2057,11.6405,18111800
2003-03-19,11.3243,11.6405,11.2057,11.4034,14478000
2003-03-20,11.3243,11.3441,10.9389,11.265,22701900
2003-03-21,11.3144,11.3144,10.8204,10.9686,75123200
2003-03-24,10.8204,11.1366,10.8105,10.9785,22493900
2003-03-25,11.2354,11.2354,10.8302,10.8302,25802800
2003-03-26,11.3144,11.354,11.0674,11.2354,21437400
2003-03-27,11.4034,11.5615,11.1366,11.1662,24642800
2003-03-28,11.2156,11.4627,11.1761,11.3144,16283100
2003-03-31,10.7314,10.9884,10.7117,10.9192,27905600
2003-04-01,10.7808,10.8994,10.6721,10.7215,22263100
2003-04-02,10.9785,11.1662,10.9291,11.1662,16883200
2003-04-03,11.1267,11.2156,10.9686,11.018,23584800
2003-04-04,11.4133,11.4627,11.1761,11.265,18657600
2003-04-07,12.016,12.3224,11.4923,12.1544,36790900
2003-04-08,12.3026,12.3915,12.0259,12.1247,24786500
2003-04-09,12.3421,12.5793,12.1939,12.352,27560100
2003-04-10,12.5002,12.5299,12.2433,12.3421,16273300
2003-04-11,12.1544,12.6386,12.0358,12.5398,19527600
2003-04-14,12.3619,12.4014,12.0753,12.2137,13497300
2003-04-15,12.2927,12.4311,12.1742,12.2235,16456800
2003-04-16,12.3322,12.5892,12.2235,12.273,14415900
2003-04-17,12.4508,12.6485,12.1445,12.6485,14858200
2003-04-21,12.7473,12.8362,12.4113,12.52,13960800
2003-04-22,13.1524,13.2018,12.7275,12.7473,26893800
2003-04-23,13.8343,13.9034,13.1623,13.6366,41185800
2003-04-24,13.6366,14.0121,13.5378,13.7058,25338000
2003-04-25,13.1623,13.6762,13.1129,13.6762,27906700
2003-04-28,13.3995,13.4686,13.103,13.2611,21237600
2003-04-29,13.5181,13.6564,13.3402,13.4983,17204200
2003-04-30,13.5181,13.5674,13.3105,13.439,17066900
2003-05-01,13.4192,13.5378,13.2018,13.3599,23280200
2003-05-02,13.2908,13.4489,13.192,13.192,22575900
2003-05-05,13.2216,13.4489,13.1426,13.4291,21328700
2003-05-06,13.1327,13.1821,12.8659,12.9252,41561700
2003-05-07,13.1722,13.2315,12.9449,12.9943,22882200
2003-05-08,13.0042,13.1722,12.8757,12.9943,21010200
2003-05-09,12.8659,13.0437,12.7967,12.9746,18070400
2003-05-12,13.1623,13.192,12.7967,12.8165,19330600
2003-05-13,13.3599,13.4587,13.0536,13.1623,23644800
2003-05-14,13.3105,13.5279,13.192,13.5181,20294200
2003-05-15,13.8145,13.8738,13.3402,13.4884,26472300
2003-05-16,14.0714,14.0813,13.5576,13.8738,24517400
2003-05-19,13.5576,13.9232,13.5477,13.7157,18892000
2003-05-20,13.5082,13.7552,13.2611,13.6366,18679800
2003-05-21,13.4983,13.5674,13.3204,13.3896,11484700
2003-05-22,14.1801,14.2394,13.5181,13.5576,28363200
2003-05-23,14.5359,14.6544,14.1307,14.1801,26392800
2003-05-27,14.8027,14.8718,14.437,14.4568,27682200
2003-05-28,14.6841,14.9805,14.5062,14.8027,22840100
2003-05-29,14.6742,14.9706,14.605,14.7533,19899600
2003-05-30,15.0398,15.2276,14.8916,15.1584,29704300
2003-06-02,15.2572,15.5141,15.1386,15.2671,22662700
2003-06-03,15.0299,15.3857,14.9015,15.2671,14487900
2003-06-04,15.3462,15.4054,14.9805,15.0299,23770300
2003-06-05,15.1979,15.3462,15.0299,15.3462,17386800
2003-06-06,14.9706,15.7908,14.9311,15.4153,18019900
2003-06-09,14.6742,15.0201,14.6347,14.9706,13500800
2003-06-10,14.8521,14.9311,14.5754,14.6742,12635600
2003-06-11,15.5438,15.5833,14.8422,14.9706,25684000
2003-06-12,15.6821,15.8798,15.4252,15.692,20628400
2003-06-13,15.3659,15.7019,15.2276,15.5932,15356500
2003-06-16,15.613,15.8007,15.2276,15.3857,14260000
2003-06-17,15.7019,15.8303,15.6327,15.692,17041400
2003-06-18,15.9885,16.0675,15.5833,15.7118,24466400
2003-06-19,15.692,16.196,15.6525,16.028,21238400
2003-06-20,15.6327,15.8007,15.5438,15.7908,22149100
2003-06-23,15.356,15.6031,15.0695,15.5932,19641700
2003-06-24,15.1386,15.4944,15.0794,15.2967,17525300
2003-06-25,15.0892,15.4845,15.0201,15.3659,18678700
2003-06-26,15.692,15.7217,14.9706,15.109,19581900
2003-06-27,15.6327,16.0477,15.445,15.9588,21009100
2003-06-30,15.8995,15.9094,15.5537,15.7118,31144100
2003-07-01,15.9292,15.939,15.4746,15.7019,17213300
2003-07-02,16.2058,16.275,15.86,15.86,20307700
2003-07-03,16.107,16.2948,15.9588,16.028,8843300
2003-07-07,16.5616,16.6802,16.2256,16.2553,19783800
2003-07-08,16.5616,16.6505,16.4035,16.4825,16134600
2003-07-09,16.4825,16.779,16.3047,16.4529,13055900
2003-07-10,16.0477,16.4825,15.8205,16.4825,17223500
2003-07-11,16.2454,16.3541,16.0477,16.0477,11352900
2003-07-14,16.3145,16.6011,16.2553,16.5221,15617900
2003-07-15,16.1663,16.5418,16.0082,16.5023,19892200
2003-07-16,16.1663,16.2948,15.9588,16.2948,14635600
2003-07-17,16.2058,16.5616,16.107,16.3738,22713700
2003-07-18,16.5418,16.6505,16.3541,16.5517,20017600
2003-07-21,16.1564,16.4529,16.0576,16.364,14574600
2003-07-22,16.6505,16.6703,16.2058,16.2948,23932100
2003-07-23,15.524,16.3541,15.3956,16.3541,45539200
2003-07-24,15.1287,15.6327,14.9212,15.6327,36103600
2003-07-25,15.1386,15.5635,14.526,14.6544,31086800
2003-07-28,15.613,15.6426,15.1979,15.2177,18962700
2003-07-29,15.7019,15.8106,15.4153,15.6623,18690300
2003-07-30,14.9904,15.6623,14.8224,15.4252,26006300
2003-07-31,15.2473,15.4845,14.9608,15.1683,22047500
2003-08-01,15.1189,15.2671,14.6544,15.0794,11603900
2003-08-04,14.9608,15.0892,14.7829,14.9706,14577300
2003-08-05,14.6742,15.0596,14.6248,14.8521,13122300
2003-08-06,14.7236,14.9212,14.5161,14.6643,15744500
2003-08-07,14.8521,14.8817,14.5853,14.6149,13386900
2003-08-08,15.0497,15.0892,14.8521,14.8521,11074000
2003-08-11,15.3462,15.3857,15.0794,15.1485,14768600
2003-08-12,15.3857,15.445,15.2177,15.2869,12097200
2003-08-13,15.188,15.5042,15.1189,15.5042,10600600
2003-08-14,15.277,15.3462,15.0398,15.188,10473100
2003-08-15,15.2671,15.4944,14.4864,15.277,10111700
2003-08-18,15.4252,15.5438,15.2374,15.2473,12198000
2003-08-19,15.8106,15.8402,15.3758,15.4252,18930900
2003-08-20,15.5635,15.7315,15.4647,15.4647,13368200
2003-08-21,15.8501,15.9588,15.5833,15.5932,16405000
2003-08-22,15.8303,16.028,15.7118,15.9885,14857300
2003-08-25,15.5537,15.7908,15.4647,15.7315,10172700
2003-08-26,15.6426,15.692,15.356,15.3659,13507500
2003-08-27,15.6623,15.8007,15.4549,15.4549,12540700
2003-08-28,15.9885,16.107,15.6525,15.6722,16485600
2003-08-29,16.1663,16.2948,15.8699,15.9292,12408800
2003-09-02,16.3244,16.4035,15.9885,16.1169,15893600
2003-09-03,16.5616,16.6901,16.2651,16.3047,20116200
2003-09-04,16.5517,16.6901,16.4628,16.5122,16455800
2003-09-05,16.3936,16.5517,16.275,16.5517,16420700
2003-09-08,16.2553,16.5221,16.1861,16.3936,20393400
2003-09-09,15.9885,16.196,15.8896,16.107,27932900
2003-09-10,15.8106,16.0576,15.7612,15.9094,15477100
2003-09-11,15.9193,15.9885,15.7711,15.7809,14307900
2003-09-12,15.86,15.9292,15.5537,15.9193,17133500
2003-09-15,15.5833,15.8699,15.5339,15.8205,17359600
2003-09-16,15.86,15.8798,15.613,15.613,16117400
2003-09-17,16.1169,16.3047,15.7513,15.7809,20860500
2003-09-18,16.2553,16.3244,16.0774,16.1169,17076700
2003-09-19,16.0873,16.2651,15.8106,15.8106,17634300
2003-09-22,15.939,15.9489,15.7414,15.8995,13188800
2003-09-23,16.0379,16.0873,15.8303,15.8896,14107400
2003-09-24,15.5734,15.9292,15.5635,15.8995,24243700
2003-09-25,15.3363,15.7612,15.3264,15.5635,14954400
2003-09-26,15.0398,15.3462,14.8619,15.3165,18061100
2003-09-29,14.8224,15.0991,14.7236,15.0201,25294600
2003-09-30,14.9311,15.1683,14.773,14.8125,19026500
2003-10-01,15.1189,15.1782,14.8619,14.9805,23771300
2003-10-02,15.3165,15.3857,15.0398,15.0892,15010600
2003-10-03,15.2078,15.5932,15.2078,15.5438,17294300
2003-10-06,15.4054,15.5141,15.0991,15.2572,10148000
2003-10-07,15.2869,15.4054,15.188,15.2078,15645300
2003-10-08,15.0201,15.613,14.9212,15.613,20961100
2003-10-09,15.3363,15.5932,15.2374,15.3165,25092200
2003-10-10,15.5339,15.6031,15.356,15.3758,12925600
2003-10-13,15.5635,15.8106,15.4845,15.5438,13295500
2003-10-14,15.5537,15.6031,15.3758,15.445,13493800
2003-10-15,15.5042,15.7118,15.4153,15.692,12624300
2003-10-16,15.7315,15.8007,15.5141,15.524,16955600
2003-10-17,15.3956,15.8106,14.8323,14.8323,15063300
2003-10-20,15.5339,15.5932,15.3857,15.445,14315100
2003-10-21,15.3659,15.6525,15.3659,15.5042,12633500
2003-10-22,14.8817,15.2374,14.8422,15.188,22862900
2003-10-23,14.6742,14.8521,14.5853,14.7137,21816400
2003-10-24,14.8718,14.9509,14.6347,14.6643,21738100
2003-10-27,15.0299,15.0991,14.8718,14.8718,11574000
2003-10-28,15.2671,15.3066,15.0794,15.109,22695900
2003-10-29,15.109,15.1979,15.0299,15.109,14801200
2003-10-30,15.2276,15.3363,15.0695,15.1683,16925000
2003-10-31,15.0695,15.2276,15.0596,15.1979,11693400
2003-11-03,15.4549,15.6426,15.1979,15.2177,22187428
2003-11-04,15.3857,15.6623,15.3462,15.3857,15248500
2003-11-05,15.3165,15.445,15.1485,15.2671,16961800
2003-11-06,15.5635,15.5635,15.1683,15.2473,16063400
2003-11-07,15.6426,16.0082,15.5537,15.6327,21240100
2003-11-10,15.4944,15.613,15.4153,15.5833,12089500
2003-11-11,15.3857,15.5537,15.3462,15.4153,10155500
2003-11-12,15.8007,15.8501,15.3659,15.3857,15225100
2003-11-13,15.7118,15.8007,15.5635,15.8007,15699100
2003-11-14,15.5932,15.7612,15.4746,15.613,10957200
2003-11-17,15.4351,15.4845,15.2473,15.4252,10281100
2003-11-18,15.3363,15.6426,15.2671,15.4549,14027000
2003-11-19,15.3165,15.3956,15.0991,15.2177,13841300
2003-11-20,15.2374,15.3857,15.1485,15.1979,14222100
2003-11-21,15.3758,15.4054,15.2177,15.3165,17826300
2003-11-24,15.6821,15.7315,15.4647,15.4845,17684100
2003-11-25,15.8995,16.107,15.6228,15.6426,19866700
2003-11-26,16.1564,16.2355,15.8501,15.9983,16232500
2003-11-28,16.0873,16.1861,16.0576,16.0774,4675200
2003-12-01,16.2948,16.3837,16.1169,16.1268,14817900
2003-12-02,16.4924,16.5814,16.107,16.107,17121300
2003-12-03,16.3541,16.5319,16.3047,16.3541,16216200
2003-12-04,16.196,16.4134,16.1169,16.3541,14128300
2003-12-05,16.2256,16.275,16.0576,16.0873,12607100
2003-12-08,16.2948,16.3738,16.1367,16.2058,13531700
2003-12-09,16.2849,16.5221,16.2454,16.4035,15806100
2003-12-10,16.2058,16.3343,16.0576,16.2058,10442200
2003-12-11,16.5814,16.6505,16.196,16.2058,15948200
2003-12-12,17.2731,17.3719,16.611,16.6505,31609800
2003-12-15,17.4114,17.7078,17.362,17.5893,25732300
2003-12-16,17.3027,17.4806,17.0952,17.4806,17777200
2003-12-17,17.3323,17.3422,17.115,17.2731,16198900
2003-12-18,17.6584,17.7177,17.1446,17.2928,23318100
2003-12-19,17.8946,18.1031,17.6189,17.7375,31192100
2003-12-22,17.7078,17.8857,17.5596,17.7869,17228300
2003-12-23,17.6288,17.8165,17.4905,17.6881,14404800
2003-12-24,17.6189,17.7177,17.5498,17.5596,3925800
2003-12-26,17.6288,17.8165,17.5893,17.6091,4524100
2003-12-29,17.7671,17.7671,17.4905,17.5695,10304200
2003-12-30,17.6782,17.8067,17.6387,17.7375,12278000
2003-12-31,17.7177,17.8165,17.6387,17.6881,15420000
2004-01-02,18.0043,18.2118,17.8462,17.8759,15676000
2004-01-05,17.9549,18.0834,17.8067,17.8857,20042900
2004-01-06,17.9549,18.0636,17.8067,17.866,15304600
2004-01-07,17.9549,18.0537,17.8462,17.8561,18773000
2004-01-08,18.3699,18.4786,17.9252,18.0735,22502200
2004-01-09,18.1624,18.3106,18.0537,18.1822,15212500
2004-01-12,18.4193,18.4885,18.1328,18.1328,12462400
2004-01-13,18.3205,18.4687,18.2415,18.4292,11264200
2004-01-14,18.4589,18.5181,18.3403,18.3798,11029400
2004-01-15,18.4095,18.4589,18.3205,18.3798,12589500
2004-01-16,18.3699,18.4687,18.113,18.4292,15248600
2004-01-20,18.1624,18.36,18.1031,18.3008,11724500
2004-01-21,18.8146,18.9529,18.0043,18.1723,24904600
2004-01-22,18.5379,18.864,18.528,18.7652,13022600
2004-01-23,18.7553,19.0221,18.5774,18.6861,21812300
2004-01-26,18.8442,19.0715,18.6763,19.0616,18441200
2004-01-27,18.5873,18.9431,18.4786,18.864,15942800
2004-01-28,17.7474,18.1328,17.6091,18.1229,42072100
2004-01-29,17.5399,17.9648,17.2928,17.9648,27686200
2004-01-30,17.362,17.6189,17.1248,17.4905,26013500
2004-02-02,17.1841,17.5102,17.026,17.4114,21957900
2004-02-03,17.0557,17.1347,16.8482,17.0359,19909900
2004-02-04,16.9865,17.1248,16.8976,16.947,17121200
2004-02-05,17.0754,17.194,16.858,17.0557,16982400
2004-02-06,17.3225,17.3422,17.0557,17.0557,15328500
2004-02-09,17.3422,17.4806,17.2138,17.2928,11805400
2004-02-10,17.5893,17.777,17.3027,17.3126,14311000
2004-02-11,17.6584,17.9549,17.4509,17.9154,21061100
2004-02-12,17.2236,17.6584,17.1446,17.4806,17535500
2004-02-13,17.0359,17.2335,16.9074,17.194,14109600
2004-02-17,17.2928,17.6091,17.0853,17.0952,16159900
2004-02-18,17.5399,17.6091,17.2335,17.3323,13258000
2004-02-19,17.5399,17.8363,17.4905,17.5794,15502400
2004-02-20,17.4707,17.6189,17.2829,17.6189,13639500
2004-02-23,17.3126,17.4905,17.2829,17.4707,11006900
2004-02-24,17.0952,17.2731,16.9667,17.2731,13831800
2004-02-25,17.3225,17.3916,16.9964,17.0458,10733100
2004-02-26,17.2632,17.4608,17.2236,17.3225,10944500
2004-02-27,17.0458,17.362,16.7395,17.1841,14332700
2004-03-01,17.026,17.1644,16.9964,17.0754,16640300
2004-03-02,16.8877,17.1347,16.8086,17.0359,16208700
2004-03-03,16.7493,16.8778,16.5517,16.7889,19054900
2004-03-04,17.0952,17.1446,16.7098,16.8383,12525200
2004-03-05,16.947,17.194,16.8679,16.9371,11449900
2004-03-08,16.947,17.1742,16.9371,17.0063,11041600
2004-03-09,16.8976,17.0161,16.78,16.8679,14950400
2004-03-10,16.4232,16.8679,16.3541,16.8086,15739500
2004-03-11,16.3936,16.7493,16.3047,16.3047,15712900
2004-03-12,16.6505,16.7098,16.364,16.4529,10998600
2004-03-15,16.028,16.4628,15.4746,16.4331,17081300
2004-03-16,16.0873,16.3047,16.0774,16.0774,12702400
2004-03-17,16.6604,16.8284,16.3244,16.364,18839500
2004-03-18,16.5122,16.6505,16.443,16.6011,13414900
2004-03-19,16.7493,16.8877,16.5517,16.7691,20805400
2004-03-22,16.2256,16.6011,16.1169,16.6011,15195000
2004-03-23,16.2157,16.3442,16.1169,16.3244,13051700
2004-03-24,16.2553,16.4331,16.1367,16.3936,18001700
2004-03-25,16.6999,16.7592,16.3047,16.3047,14493900
2004-03-26,16.6209,16.7889,16.5814,16.6604,9174800
2004-03-29,16.7296,16.7889,16.6011,16.6406,10519200
2004-03-30,16.6802,16.858,16.6209,16.6999,12234700
2004-03-31,16.6604,16.8679,16.6604,16.6999,14944900
2004-04-01,16.7691,16.858,16.6999,16.7296,11342900
2004-04-02,17.026,17.2928,16.8383,16.9964,13274400
2004-04-05,17.115,17.1446,16.8679,16.9865,10121100
2004-04-06,17.194,17.2829,17.0161,17.1248,11170000
2004-04-07,16.9865,17.2236,16.9074,17.115,9599100
2004-04-08,17.1841,17.3916,17.0655,17.2731,12240500
2004-04-12,17.1644,17.3521,17.1347,17.1841,10090600
2004-04-13,16.6999,17.1545,16.5616,17.026,19737600
2004-04-14,16.5418,16.6505,16.3442,16.4727,14281500
2004-04-15,16.5023,16.5814,16.364,16.5023,10520200
2004-04-16,16.4331,16.6505,16.4134,16.6505,11865600
2004-04-19,16.6209,16.7395,16.4529,16.4924,9574700
2004-04-20,16.5616,16.9272,16.5221,16.7098,10474000
2004-04-21,16.5912,16.6802,16.3442,16.5418,13149500
2004-04-22,16.7395,16.9272,16.5023,16.5122,19491200
2004-04-23,16.6308,16.6999,16.4727,16.6011,10278900
2004-04-26,16.5616,16.7592,16.4232,16.6999,10145800
2004-04-27,16.6209,16.7592,16.4628,16.5715,11050800
2004-04-28,16.3145,16.5517,16.1762,16.443,16458800
2004-04-29,16.7691,17.4411,16.7691,16.9865,30881000
2004-04-30,16.6209,16.947,16.4825,16.7889,15508600
2004-05-03,17.0161,17.0161,16.6209,16.6901,14752800
2004-05-04,16.9074,17.1347,16.8284,17.0359,13213700
2004-05-05,16.858,17.0063,16.8086,16.8778,8402300
2004-05-06,16.7889,16.8185,16.5319,16.7889,11299600
2004-05-07,16.4134,16.7691,16.3541,16.5517,13389900
2004-05-10,16.0873,16.4529,15.9094,16.196,17998300
2004-05-11,16.3145,16.443,15.9588,15.9588,13269000
2004-05-12,16.3837,16.4035,16.0181,16.3145,9568500
2004-05-13,16.2157,16.3738,16.1169,16.2849,12727300
2004-05-14,16.3047,16.4628,16.0972,16.2157,10214800
2004-05-17,16.0576,16.364,15.9885,16.0082,10582600
2004-05-18,16.1466,16.3541,16.0576,16.0873,9002800
2004-05-19,16.1564,16.3936,16.107,16.275,9470000
2004-05-20,16.107,16.196,15.9588,16.1169,10357000
2004-05-21,16.443,16.5517,16.107,16.1861,12736300
2004-05-24,16.3442,16.5814,16.2651,16.5616,9237800
2004-05-25,16.6999,16.7889,16.2651,16.2948,11758800
2004-05-26,16.9766,16.9865,16.6406,16.6406,13298300
2004-05-27,16.9865,17.1742,16.9569,16.9964,17242200
2004-05-28,16.8383,16.947,16.7395,16.9074,8282200
2004-06-01,16.8284,16.8877,16.6604,16.6604,10474800
2004-06-02,16.9667,17.0063,16.7988,16.8383,10038800
2004-06-03,16.8482,17.0952,16.8185,17.0952,8655400
2004-06-04,16.9865,17.0853,16.7592,16.8778,10204300
2004-06-07,17.0161,17.1545,16.8086,17.0853,12329500
2004-06-08,17.1644,17.1644,16.9173,16.9569,10952900
2004-06-09,17.1841,17.4509,17.1051,17.1051,15363300
2004-06-10,17.2928,17.3323,17.115,17.1841,17943200
2004-06-14,17.0952,17.3422,17.0754,17.1644,10973700
2004-06-15,17.2335,17.3422,17.1644,17.2434,15310600
2004-06-16,17.4015,17.53,17.2434,17.2829,10981500
2004-06-17,17.4806,17.5003,17.3323,17.4015,9391600
2004-06-18,17.4707,17.6782,17.4015,17.4411,13487300
2004-06-21,17.3521,17.5695,17.3225,17.5695,7697200
2004-06-22,17.1347,17.362,17.026,17.3027,19847600
2004-06-23,17.1446,17.1545,16.9272,17.0754,10859700
2004-06-24,17.2138,17.2434,17.0754,17.1446,10045400
2004-06-25,17.2236,17.3027,16.9173,17.2138,19029000
2004-06-28,17.026,17.2632,17.0063,17.2236,9389000
2004-06-29,17.194,17.2138,16.9272,16.947,12702400
2004-06-30,17.3719,17.5003,17.1742,17.2236,16309400
2004-07-01,17.2039,17.4905,17.0952,17.2731,15005400
2004-07-02,17.1841,17.3225,17.1446,17.3126,7734000
2004-07-06,17.026,17.1248,16.9371,17.0458,9081400
2004-07-07,17.3323,17.4608,17.026,17.0952,13492800
2004-07-08,17.1446,17.3422,17.115,17.3225,9145500
2004-07-09,17.1051,17.2928,16.6604,17.2434,9725700
2004-07-12,17.1742,17.2039,16.9964,17.1248,8609600
2004-07-13,17.1545,17.2829,17.1051,17.1742,7046700
2004-07-14,17.0655,17.2434,16.9272,17.0853,13754300
2004-07-15,16.8482,17.0853,16.8185,17.0458,8558900
2004-07-16,16.5912,17.0063,16.5814,17.0063,11609300
2004-07-19,16.6406,16.7592,16.5616,16.6011,11552600
2004-07-20,16.9074,16.9766,16.6505,16.6505,10710500
2004-07-21,16.947,17.1742,16.8976,16.9865,15499400
2004-07-22,17.0161,17.0655,16.6999,16.7592,11804900
2004-07-23,16.7395,17.0161,16.6999,16.9371,19886300
2004-07-26,16.4529,16.8679,16.3047,16.7395,15315000
2004-07-27,16.7098,16.7296,16.2157,16.3047,16391500
2004-07-28,16.4529,16.947,16.2849,16.8284,20800600
2004-07-29,16.3343,16.6604,16.2948,16.5616,11960500
2004-07-30,16.4529,16.4825,16.2849,16.3442,12199600
2004-08-02,16.611,16.7296,16.5319,16.7296,12290300
2004-08-03,16.7098,16.7988,16.5221,16.611,8907800
2004-08-04,16.6802,16.8086,16.5912,16.6209,13846400
2004-08-05,16.443,16.7296,16.3145,16.6406,11162300
2004-08-06,16.1367,16.4035,16.0181,16.3145,12047800
2004-08-09,15.7414,16.2849,15.6327,16.107,15007100
2004-08-10,15.9094,15.9193,15.5635,15.8106,12843400
2004-08-11,15.6722,15.8896,15.5339,15.7809,12867200
2004-08-12,15.4153,15.613,15.2276,15.5734,12022600
2004-08-13,15.4351,15.6228,15.3462,15.4746,8801400
2004-08-16,16.0181,16.2355,15.5537,15.5635,14373800
2004-08-17,16.0576,16.1861,15.9292,16.0972,8998200
2004-08-18,16.2454,16.275,15.9292,16.0576,9140100
2004-08-19,16.3047,16.4232,16.0873,16.1564,10518900
2004-08-20,16.3541,16.4134,16.1762,16.2058,9087800
2004-08-23,16.275,16.5023,16.2651,16.3343,7254600
2004-08-24,16.2849,16.4134,16.2651,16.3541,6908700
2004-08-25,16.4529,16.5418,16.2157,16.2948,9846700
2004-08-26,16.443,16.5221,16.3244,16.3837,5990200
2004-08-27,16.5122,16.5715,16.3442,16.4232,5347500
2004-08-30,16.2058,16.5319,16.2058,16.5122,7121500
2004-08-31,16.1564,16.364,15.8798,16.2553,11406500
2004-09-01,15.9786,16.196,15.8699,16.1169,9592900
2004-09-02,16.0082,16.0477,15.7711,15.9786,10929700
2004-09-03,15.8501,16.107,15.8402,16.0082,6675000
2004-09-07,16.0181,16.107,15.8402,15.9588,8659300
2004-09-08,15.9687,16.2355,15.9489,16.0774,8912900
2004-09-09,16.0477,16.2058,15.8995,16.0477,11344000
2004-09-10,16.3145,16.3837,15.939,15.9588,10454700
2004-09-13,16.2553,16.6011,16.2355,16.3442,11333100
2004-09-14,16.6011,16.7098,16.2157,16.2651,13971100
2004-09-15,16.4628,16.6802,16.4529,16.5517,16265000
2004-09-16,16.5122,16.6703,16.443,16.443,10314800
2004-09-17,16.6901,16.7988,16.5715,16.6011,12596900
2004-09-20,16.5715,16.6802,16.4628,16.5814,9039600
2004-09-21,16.3738,16.5418,16.3047,16.5319,9967600
2004-09-22,16.2553,16.4134,16.1663,16.3047,13584400
2004-09-23,16.3343,16.443,16.2553,16.2553,10905800
2004-09-24,16.3047,16.443,16.275,16.275,9104200
2004-09-27,16.1367,16.2058,16.0181,16.1268,13734400
2004-09-28,16.0379,16.1169,15.9588,16.0576,11801000
2004-09-29,15.8798,16.028,15.7908,15.9193,14641400
2004-09-30,15.9489,16.0082,15.8106,15.8303,11713500
2004-10-01,16.4035,16.4232,15.9292,16.0082,12524600
2004-10-04,16.4825,16.5517,15.6327,15.6327,12739900
2004-10-05,16.4727,16.5023,16.3244,16.3738,8728900
2004-10-06,16.5418,16.947,16.3936,16.947,10237100
2004-10-07,16.4924,16.5517,16.4134,16.4529,8958500
2004-10-08,16.2058,16.6209,16.1564,16.5023,10864800
2004-10-11,16.3047,16.4134,16.2058,16.2553,6986000
2004-10-12,16.4529,16.4746,16.1663,16.2058,8749100
2004-10-13,16.364,16.6703,16.3047,16.6505,10877600
2004-10-14,16.1564,16.3738,16.0379,16.3244,9002800
2004-10-15,16.1367,16.4529,16.1268,16.2454,12807000
2004-10-18,16.2553,16.4232,16.0675,16.0675,9796700
2004-10-19,16.1861,16.443,16.1762,16.3738,12362700
2004-10-20,16.1564,16.1861,16.0675,16.1268,9751100
2004-10-21,16.1762,16.2849,16.0675,16.1564,8844200
2004-10-22,16.0873,16.2651,16.0774,16.2157,9288900
2004-10-25,16.0576,16.0774,15.8402,15.86,9580500
2004-10-26,16.0379,16.0873,15.9193,15.9292,10670200
2004-10-27,16.196,16.2157,15.8699,15.9786,15938100
2004-10-28,16.2849,16.3343,15.9983,16.1268,10913500
2004-10-29,16.443,16.4825,16.2454,16.2553,11110000
2004-11-01,16.1861,16.3837,16.0675,16.364,13194800
2004-11-02,16.0873,16.3244,15.9588,16.0082,19843900
2004-11-03,16.3936,16.5319,16.1762,16.4035,22568600
2004-11-04,16.7395,16.7395,16.3442,16.3738,18535900
2004-11-05,16.5319,16.7691,16.4331,16.7493,21513700
2004-11-08,16.611,16.6505,16.5023,16.6406,15591200
2004-11-09,16.8383,16.9272,16.5319,16.5418,23672100
2004-11-10,16.8284,17.1742,16.8185,16.947,23750300
2004-11-11,17.0458,17.1446,16.8185,16.9074,18510200
2004-11-12,17.194,17.2632,16.9667,17.0853,13286300
2004-11-15,17.1742,17.194,16.9766,17.0853,13266900
2004-11-16,17.1446,17.2236,17.0063,17.1841,10611600
2004-11-17,17.1347,17.2731,17.026,17.2434,13211100
2004-11-18,17.3027,17.3521,17.1347,17.1446,15458900
2004-11-19,17.2138,17.3719,17.1446,17.3027,14188400
2004-11-22,17.2533,17.2928,17.115,17.2138,12646200
2004-11-23,17.7276,17.7869,17.4312,17.5893,29548800
2004-11-24,17.8759,17.9252,17.6896,17.7671,17117600
2004-11-26,17.7671,17.9055,17.7573,17.8165,4860000
2004-11-29,17.6091,17.866,17.4411,17.8067,14339700
2004-11-30,17.5003,17.6387,17.4312,17.5201,15806100
2004-12-01,17.9944,18.0142,17.5003,17.6584,19044600
2004-12-02,18.0142,18.1229,17.8857,17.9351,14418700
2004-12-03,17.8363,17.9252,17.6387,17.9055,18418800
2004-12-06,17.9747,18.1229,17.6881,17.7375,17659500
2004-12-07,17.9944,18.1525,17.9648,18.034,15519000
2004-12-08,17.9351,18.0735,17.8165,17.9944,11665000
2004-12-09,18.1624,18.2612,18.034,18.113,18744800
2004-12-10,18.2612,18.3008,18.1328,18.1822,15365100
2004-12-13,18.7059,18.785,18.3502,18.4095,30565400
2004-12-14,19.1506,19.3284,18.696,18.7059,33274300
2004-12-15,19.1506,19.6644,19.0913,19.3087,32460600
2004-12-16,19.2691,19.2691,18.8739,18.9925,24040600
2004-12-17,19.1604,19.4964,19.0419,19.2691,23645400
2004-12-20,19.1703,19.447,19.0913,19.2494,14180600
2004-12-21,19.1506,19.1802,18.8245,18.9134,20078100
2004-12-22,18.9628,19.0616,18.8838,18.9431,15545000
2004-12-23,18.9134,18.9925,18.8541,18.8838,8100400
2004-12-27,19.2099,19.3186,18.9035,18.9134,11666000
2004-12-28,19.3186,19.4371,19.1209,19.1209,10409200
2004-12-29,19.1901,19.5063,19.1407,19.3186,8588200
2004-12-30,19.1802,19.2494,19.1209,19.2197,7455800
2004-12-31,19.2197,19.2691,19.1012,19.1209,7689100
2005-01-03,19.1802,19.4075,19.0814,19.2988,14585900
2005-01-04,18.8739,19.3581,18.8245,18.8838,15462500
2005-01-05,18.6861,18.9826,18.5873,18.8739,14926400
2005-01-06,18.7059,18.7751,18.5577,18.6664,9483600
2005-01-07,18.6763,18.9332,18.6367,18.8047,11929100
2005-01-10,18.8146,18.9628,18.6269,18.6269,13810800
2005-01-11,18.4687,18.9035,18.4292,18.7059,13937800
2005-01-12,18.5676,18.6367,18.1822,18.5083,15413000
2005-01-13,18.4589,18.6861,18.3304,18.4984,10839900
2005-01-14,18.5676,18.7553,18.4095,18.4589,8527600
2005-01-18,18.3897,18.7751,18.3897,18.528,16939400
2005-01-19,18.281,18.4984,18.2316,18.4292,11861900
2005-01-20,18.36,18.5478,18.2415,18.2909,12962000
2005-01-21,18.3699,18.4786,18.2909,18.3304,12801300
2005-01-24,18.2019,18.4687,18.1822,18.3699,10998000
2005-01-25,18.0438,18.3008,17.9549,18.2217,14078200
2005-01-26,17.9351,18.1921,17.9055,18.113,19096700
2005-01-27,17.777,17.9252,17.6881,17.9154,20580800
2005-01-28,17.7177,17.8363,17.5003,17.777,13689300
2005-01-31,17.7869,17.8561,17.5102,17.7671,16720000
2005-02-01,17.866,18.0043,17.7968,17.866,14955800
2005-02-02,17.9252,18.0043,17.8363,17.8956,13427500
2005-02-03,17.945,17.9846,17.6486,17.8165,11630200
2005-02-04,17.8264,18.0834,17.7078,18.0043,20120100
2005-02-07,17.7573,17.8462,17.5991,17.8264,12653400
2005-02-08,17.777,17.8264,17.6288,17.7671,11293600
2005-02-09,17.7078,17.8264,17.6486,17.777,12109300
2005-02-10,17.7573,17.7968,17.6288,17.6683,12937000
2005-02-11,17.7869,17.9154,17.6486,17.8857,13990800
2005-02-14,17.6387,17.7474,17.6387,17.6683,10552500
2005-02-15,17.8857,18.0636,17.6881,17.7375,22675800
2005-02-16,17.8462,17.945,17.7573,17.8264,11212000
2005-02-17,17.8363,18.1031,17.8067,17.8363,17075500
2005-02-18,17.6782,17.866,17.6387,17.8561,15023500
2005-02-22,17.4411,17.6486,17.2928,17.5498,16921000
2005-02-23,17.5102,17.6387,17.4312,17.4509,13721700
2005-02-24,17.1742,17.5695,17.1446,17.5399,22735900
2005-02-25,16.9371,17.2236,16.8778,17.1347,28281700
2005-02-28,17.026,17.026,16.6604,16.8679,35141200
2005-03-01,17.3818,17.4707,17.0655,17.0754,22371200
2005-03-02,17.5102,17.6387,17.2434,17.3027,17683600
2005-03-03,17.4806,17.6387,17.3225,17.5399,12937800
2005-03-04,17.5596,17.6189,17.3521,17.4806,13383000
2005-03-07,17.6782,17.8363,17.5003,17.5695,13389700
2005-03-08,17.4213,17.6683,17.3225,17.5794,19342800
2005-03-09,17.3225,17.4114,17.115,17.3422,23264800
2005-03-10,17.5399,17.5399,17.3225,17.3422,26145000
2005-03-11,17.2928,17.5893,17.2533,17.5003,18036200
2005-03-14,17.4015,17.4509,17.0754,17.2928,21599800
2005-03-15,17.8165,17.9351,17.4015,17.4905,32727900
2005-03-16,17.8857,18.0932,17.7177,17.7375,24357800
2005-03-17,18.3798,18.5774,18.2316,18.3106,30313000
2005-03-18,18.4786,18.5181,18.0834,18.3897,32329700
2005-03-21,18.2019,18.5181,17.2928,18.5181,26247200
2005-03-22,17.8363,18.2612,17.7968,18.2019,17971000
2005-03-23,17.6288,17.8363,17.6091,17.7869,18396200
2005-03-24,17.5003,17.698,17.4707,17.6091,11765700
2005-03-28,17.4509,17.5893,17.4213,17.5003,12179000
2005-03-29,17.0952,17.4015,17.0458,17.4015,23594100
2005-03-30,17.2829,17.3521,17.0952,17.0952,15741700
2005-03-31,17.3422,17.53,17.2928,17.53,13242200
2005-04-01,17.2434,17.53,17.2039,17.4411,12583000
2005-04-04,17.2632,17.3521,17.0754,17.2632,11410200
2005-04-05,17.5102,17.5201,17.3027,17.3422,11006000
2005-04-06,17.3521,17.6288,17.3027,17.5102,9878800
2005-04-07,17.6683,17.7177,17.362,17.4015,10795900
2005-04-08,17.7573,18.034,17.7474,17.8956,21001200
2005-04-11,17.6387,17.8759,17.5596,17.866,10754600
2005-04-12,17.7474,17.8067,17.5003,17.6486,18716100
2005-04-13,17.5695,17.7375,17.5399,17.7276,9853700
2005-04-14,17.4015,17.6683,17.3521,17.6189,14057800
2005-04-15,17.1051,17.3818,17.1051,17.3719,16936600
2005-04-18,16.9074,17.1248,16.7988,17.0458,17940400
2005-04-19,16.8877,16.9865,16.8284,16.8877,13170300
2005-04-20,16.7296,17.0557,16.6209,16.8877,13969100
2005-04-21,17.3225,17.4509,16.9964,17.2434,18933400
2005-04-22,17.1545,17.5656,16.9272,17.362,16630300
2005-04-25,17.2434,17.2731,16.9964,17.1545,13128100
2005-04-26,17.0557,17.2928,16.9964,17.0952,20833300
2005-04-27,17.0557,17.0853,16.8185,16.9865,12308900
2005-04-28,16.6604,17.0063,16.6406,16.858,21743500
2005-04-29,16.611,16.8284,16.3442,16.7493,25660200
2005-05-02,16.6011,16.8679,16.5418,16.5814,11940000
2005-05-03,16.4825,16.6802,16.3541,16.443,21729400
2005-05-04,17.0754,17.194,16.6011,16.7889,20861200
2005-05-05,16.9173,17.2928,16.8086,17.2928,16842500
2005-05-06,16.9173,17.1545,16.858,17.0458,13036400
2005-05-09,17.1347,17.1644,16.9569,16.9865,10579800
2005-05-10,16.779,17.0853,16.6999,16.9766,14727100
2005-05-11,16.7493,16.8679,16.6011,16.7988,10419100
2005-05-12,16.8383,17.0063,16.7098,16.7493,11488000
2005-05-13,16.7493,16.9371,16.6406,16.8383,11614100
2005-05-16,16.7493,16.8679,16.6209,16.7988,10191200
2005-05-17,16.8679,16.8976,16.6901,16.7493,12568200
2005-05-18,17.1347,17.1644,16.8778,16.9667,20749700
2005-05-19,17.5399,17.6091,17.0952,17.1347,19278800
2005-05-20,17.4015,17.5893,17.3323,17.5399,12194700
2005-05-23,17.4608,17.5893,17.3225,17.5003,10797300
2005-05-24,17.5102,17.5794,17.3719,17.4114,14384500
2005-05-25,17.3521,17.4509,17.2236,17.4114,11774200
2005-05-26,17.362,17.4509,17.3126,17.4015,10146000
2005-05-27,17.3818,17.4509,17.2533,17.362,7818300
2005-05-31,17.194,17.4114,17.1545,17.3422,13319300
2005-06-01,17.2829,17.3323,16.947,17.0458,21969500
2005-06-02,17.0557,17.3323,16.9865,17.3126,16531800
2005-06-03,17.0458,17.2138,16.9074,17.0458,15044400
2005-06-06,16.8185,17.1051,16.7889,17.1051,16342300
2005-06-07,16.8482,17.0557,16.7691,16.8284,18360200
2005-06-08,16.6901,16.9371,16.6505,16.8778,15405200
2005-06-09,16.5814,16.7988,16.5517,16.6999,24081600
2005-06-10,16.4628,16.6703,16.4529,16.5814,18561400
2005-06-13,16.5517,16.6406,16.4232,16.4825,21574900
2005-06-14,16.5912,16.6209,16.4924,16.4924,19635500
2005-06-15,16.5912,16.7296,16.5418,16.6999,21772600
2005-06-16,16.5517,16.6604,16.5418,16.6308,27176100
2005-06-17,16.5814,16.6406,16.5517,16.6406,30742800
2005-06-20,16.9272,16.9865,16.611,16.6505,30658700
2005-06-21,17.2928,17.4509,17.115,17.2434,45545700
2005-06-22,17.3126,17.4411,17.1841,17.4411,15524700
2005-06-23,16.9173,17.2928,16.8877,17.2829,16004900
2005-06-24,16.8976,17.0458,16.858,16.947,18711100
2005-06-27,16.6999,16.947,16.6011,16.858,23777400
2005-06-28,16.7691,16.8383,16.6999,16.7493,15981400
2005-06-29,16.5814,16.7988,16.5814,16.7395,19374700
2005-06-30,16.5122,16.6802,16.4825,16.5715,19327500
2005-07-01,16.3936,16.5221,16.3442,16.4727,19210600
2005-07-05,16.2553,16.3936,16.1564,16.3047,22006100
2005-07-06,16.2058,16.3738,16.196,16.2256,19700200
2005-07-07,16.0576,16.196,15.9588,16.0082,21149100
2005-07-08,16.2256,16.2948,16.028,16.0972,17505200
2005-07-11,16.107,16.2948,16.0774,16.2355,20764300
2005-07-12,16.1169,16.2355,15.9094,16.0181,28756700
2005-07-13,16.0972,16.1268,15.9588,16.0082,20371000
2005-07-14,16.3837,16.5319,16.2553,16.275,27134600
2005-07-15,16.4727,16.5122,16.2651,16.3244,13931500
2005-07-18,16.3343,16.4924,16.3145,16.3837,10822500
2005-07-19,16.3047,16.4232,16.275,16.3343,13641700
2005-07-20,16.4529,16.4825,16.1663,16.2157,19450600
2005-07-21,16.4529,16.4628,16.0082,16.0082,18997200
2005-07-22,16.443,16.5122,16.3541,16.4035,16344600
2005-07-25,16.3145,16.5319,16.2651,16.4035,19957700
2005-07-26,16.5517,16.6011,16.3145,16.3145,23531600
2005-07-27,16.7296,16.7395,16.4727,16.5715,30792600
2005-07-28,17.0458,17.0853,16.6505,16.6901,41225000
2005-07-29,16.8185,17.2138,16.7889,17.0063,24382400
2005-08-01,16.8976,17.0458,16.779,16.7988,20241000
2005-08-02,17.2138,17.2335,16.7889,16.8185,30046900
2005-08-03,17.0655,17.2731,16.7889,16.8383,42139900
2005-08-04,17.3422,17.3521,16.9667,16.9766,38792500
2005-08-05,17.8759,18.113,17.2434,17.2928,53588400
2005-08-08,17.7573,17.9351,17.5893,17.8264,27441800
2005-08-09,18.3205,18.4786,17.7177,17.7177,45237500
2005-08-10,18.0241,18.4292,17.866,18.281,38020900
2005-08-11,18.1921,18.1921,17.8956,17.9351,24732200
2005-08-12,18.0241,18.1822,17.9944,18.1624,21888800
2005-08-15,18.281,18.3897,17.9846,17.9846,28317400
2005-08-16,18.1822,18.4687,18.1031,18.3403,26287700
2005-08-17,18.0834,18.2217,18.0438,18.0932,19032800
2005-08-18,17.9846,18.113,17.8956,18.0241,20734900
2005-08-19,17.8759,18.0636,17.8165,18.034,14555000
2005-08-22,17.7869,18.0043,17.7217,18.0043,13927000
2005-08-23,17.5991,17.8067,17.5399,17.7474,23132300
2005-08-24,17.3422,17.6091,17.3225,17.5399,24986900
2005-08-25,17.4312,17.5596,17.2928,17.3126,14577500
2005-08-26,17.3521,17.5102,17.3126,17.4411,13121700
2005-08-29,17.3127,17.4118,17.2731,17.3028,11910700
2005-08-30,17.7289,18.0857,17.2632,17.2632,28880900
2005-08-31,17.7586,17.7983,17.4911,17.7289,24549500
2005-09-01,17.7487,17.9172,17.6199,17.6893,16835100
2005-09-02,17.6893,17.828,17.61,17.8082,9170000
2005-09-06,17.828,17.9073,17.6992,17.7388,13733000
2005-09-07,18.0559,18.165,17.7091,17.8082,22915900
2005-09-08,17.9965,18.0758,17.7884,17.937,20023300
2005-09-09,18.1749,18.3433,17.9569,18.0163,29311000
2005-09-12,18.046,18.2542,17.9668,18.0758,24303400
2005-09-13,17.8181,18.0758,17.7884,18.0758,25244400
2005-09-14,17.7586,17.9668,17.6992,17.828,18186600
2005-09-15,18.3334,18.4226,17.8974,18.155,51787100
2005-09-16,18.7298,18.8289,18.3731,18.4623,65257700
2005-09-19,18.3731,18.7695,18.3433,18.7298,25256000
2005-09-20,18.2046,18.5515,18.1352,18.4524,24940500
2005-09-21,17.9172,18.2839,17.9073,18.1253,23241800
2005-09-22,18.0163,18.0956,17.8875,17.9866,19841900
2005-09-23,17.8181,18.0659,17.6992,18.0163,23586600
2005-09-26,17.7091,17.9569,17.6397,17.8677,18773900
2005-09-27,17.6199,17.8181,17.61,17.7686,19760400
2005-09-28,17.7091,17.7983,17.6001,17.7091,19100100
2005-09-29,17.9866,18.1749,17.6397,17.6596,20085900
2005-09-30,17.9469,18.1253,17.8677,17.9073,15586500
2005-10-03,17.8974,18.1352,17.8479,17.9469,15681400
2005-10-04,17.937,18.2343,17.9073,17.9073,15159500
2005-10-05,17.8379,17.9866,17.719,17.937,15499300
2005-10-06,17.7586,18.0163,17.6695,17.8379,29080900
2005-10-07,17.8479,17.9073,17.6496,17.8082,15535800
2005-10-10,17.8479,17.8677,17.5307,17.828,15504000
2005-10-11,17.6397,17.9668,17.61,17.8479,16781000
2005-10-12,17.3325,17.6794,17.2235,17.5109,31053500
2005-10-13,17.4316,17.6521,17.283,17.4316,24444800
2005-10-14,17.8379,17.9569,17.3424,17.5604,23555900
2005-10-17,17.937,18.0956,17.6496,17.8974,19842700
2005-10-18,17.5704,17.9668,17.4613,17.8677,18416400
2005-10-19,17.6794,17.7289,17.3623,17.5704,21001300
2005-10-20,17.2235,17.7586,17.1145,17.719,22913800
2005-10-21,17.065,17.4316,17.0253,17.2632,19588600
2005-10-24,17.501,17.5208,17.1442,17.3127,22489200
2005-10-25,17.3821,17.4812,17.2632,17.392,14161900
2005-10-26,17.3226,17.5704,17.3226,17.3523,12972700
2005-10-27,17.3226,17.5208,17.174,17.2433,11840900
2005-10-28,17.6001,17.61,17.3623,17.4514,16223600
2005-10-31,17.6992,17.9172,17.6695,17.8875,24125900
2005-11-01,17.4118,17.7884,17.4118,17.6695,21678900
2005-11-02,17.7388,17.8677,17.6992,17.7586,44345700
2005-11-03,17.501,17.8875,17.2929,17.8875,36484400
2005-11-04,17.4514,17.5604,17.3424,17.5406,20083100
2005-11-07,17.4514,17.61,17.392,17.5406,21218200
2005-11-08,17.4911,17.5406,17.4019,17.4019,19960200
2005-11-09,17.501,17.6001,17.4514,17.4713,19379500
2005-11-10,17.5505,17.6199,17.4515,17.5406,20101700
2005-11-11,17.6596,17.828,17.5803,17.6199,19164000
2005-11-14,17.6001,17.7785,17.4613,17.5902,34038800
2005-11-15,17.4613,17.6695,17.4316,17.5902,19918800
2005-11-16,17.4415,17.5406,17.3523,17.5307,16847500
2005-11-17,17.6596,17.7586,17.4217,17.61,19622200
2005-11-18,17.8677,17.9569,17.7487,17.8479,33740700
2005-11-21,17.9271,18.0857,17.8181,17.8677,26362600
2005-11-22,18.0064,18.0559,17.8577,17.9073,19759500
2005-11-23,18.155,18.2442,17.9767,18.046,19600300
2005-11-25,18.165,18.2542,18.0956,18.1848,5589100
2005-11-28,17.9762,18.2147,17.9265,18.165,19235600
2005-11-29,17.7576,18.0557,17.7477,18.006,27426100
2005-11-30,17.8669,17.9861,17.7576,17.8371,26357600
2005-12-01,18.0458,18.1153,17.6582,17.9265,21124000
2005-12-02,18.1551,18.1849,17.9563,17.9861,18028800
2005-12-05,18.1153,18.1551,17.9762,18.0855,17932400
2005-12-06,18.1352,18.4134,18.0656,18.165,25809800
2005-12-07,18.006,18.1948,17.9762,18.1451,22991600
2005-12-08,17.6483,18.0556,17.6284,17.9861,33230700
2005-12-09,17.5489,17.7079,17.4595,17.7079,28004600
2005-12-12,17.5787,17.6284,17.539,17.5886,27022700
2005-12-13,17.6781,17.8371,17.539,17.539,31712400
2005-12-14,17.7775,17.8768,17.688,17.7675,18585200
2005-12-15,17.7278,17.847,17.688,17.7775,18949800
2005-12-16,17.8868,18.2147,17.7278,17.8172,48376400
2005-12-19,17.8371,18.0756,17.7675,17.9861,25367100
2005-12-20,17.6284,17.8272,17.539,17.698,23839300
2005-12-21,17.4694,17.7278,17.4197,17.688,20838700
2005-12-22,17.5886,17.6681,17.3999,17.5091,19594300
2005-12-23,17.5688,17.6284,17.4694,17.5588,12197000
2005-12-27,17.4197,17.6383,17.4098,17.5688,15690900
2005-12-28,17.3502,17.5191,17.3104,17.4098,13835100
2005-12-29,17.37,17.4793,17.3204,17.3204,11899600
2005-12-30,17.3303,17.3999,17.1912,17.2011,13305100
2006-01-03,17.539,17.5588,17.2409,17.3899,19440400
2006-01-04,17.6284,17.688,17.4495,17.539,21355600
2006-01-05,17.7278,17.7576,17.6085,17.6185,14912900
2006-01-06,17.6185,17.8768,17.5489,17.8272,18569400
2006-01-09,17.4495,17.5886,17.4297,17.5588,21078000
2006-01-10,17.3899,17.4595,17.2905,17.4297,15712300
2006-01-11,17.4595,17.5489,17.3601,17.3899,18634800
2006-01-12,17.37,17.4694,17.3402,17.4595,18149300
2006-01-13,17.1614,17.4197,17.1117,17.3899,30180900
2006-01-17,17.2607,17.3601,17.0719,17.0918,19830400
2006-01-18,17.1216,17.3005,17.062,17.062,17957200
2006-01-19,17.3899,17.4297,17.1912,17.1912,17256800
2006-01-20,16.9626,17.38,16.9427,17.2707,27911000
2006-01-23,16.9825,17.0819,16.8334,16.9825,21091600
2006-01-24,17.1614,17.2806,16.9725,16.9725,23286300
2006-01-25,17.0421,17.1216,16.9725,17.052,18106700
2006-01-26,17.0024,17.1614,16.9725,17.1514,16190700
2006-01-27,17.1812,17.2707,17.0123,17.0123,22183100
2006-01-30,17.4396,17.6185,17.1315,17.1614,30834500
2006-01-31,17.4197,17.4793,17.1415,17.3204,40015500
2006-02-01,18.1054,18.165,17.5588,17.6185,73426496
2006-02-02,18.1253,18.2445,17.9663,18.0855,38846400
2006-02-03,18.2843,18.3936,18.0855,18.1054,39754200
2006-02-06,18.4532,18.6221,18.2843,18.2843,43493700
2006-02-07,18.2445,18.4234,18.0855,18.3339,38130100
2006-02-08,18.4234,18.4532,18.1153,18.2544,33387200
2006-02-09,18.2346,18.483,18.2147,18.3836,20021800
2006-02-10,18.2048,18.3339,18.1153,18.1849,18627600
2006-02-13,18.1551,18.2147,17.9563,18.006,22211600
2006-02-14,18.0557,18.1253,17.9762,18.0159,23399500
2006-02-15,17.857,17.9861,17.7377,17.9464,30926900
2006-02-16,17.857,17.9762,17.7973,17.8768,22939800
2006-02-17,17.6681,17.8172,17.5091,17.8172,33532300
2006-02-21,17.529,18.0756,17.5191,18.0557,47108400
2006-02-22,17.3204,17.6284,17.211,17.539,44242700
2006-02-23,17.211,17.3303,17.052,17.2607,41058800
2006-02-24,17.2111,17.2709,17.0217,17.1613,38215500
2006-02-27,17.251,17.3905,17.241,17.2809,26655100
2006-02-28,17.251,17.3108,17.2011,17.231,21061700
2006-03-01,17.3506,17.3905,17.2609,17.3307,24208900
2006-03-02,17.3008,17.3706,17.1413,17.2011,22871900
2006-03-03,17.3706,17.4603,17.2111,17.2211,24617200
2006-03-06,17.1812,17.3905,17.1314,17.3207,25368400
2006-03-07,17.1513,17.2908,17.0915,17.1015,16375800
2006-03-08,17.2111,17.2609,17.1015,17.1214,19942100
2006-03-09,17.0816,17.241,17.0716,17.1912,22133600
2006-03-10,17.1413,17.1912,17.0317,17.1314,19544300
2006-03-13,17.0716,17.1613,17.0616,17.1115,15052400
2006-03-14,17.2111,17.251,17.0417,17.0417,19409700
2006-03-15,17.1314,17.1912,17.0516,17.1513,24585100
2006-03-16,17.0516,17.1513,17.0516,17.0915,22662900
2006-03-17,17.0118,17.1115,16.9022,17.0915,37716700
2006-03-20,17.0915,17.1015,16.9719,17.0118,20714300
2006-03-21,17.0018,17.0915,16.9918,17.0317,18780500
2006-03-22,17.0616,17.0915,16.7626,16.952,16276200
2006-03-23,17.0317,17.0816,16.962,17.0217,19008400
2006-03-24,16.942,17.0417,16.8822,17.0018,23067400
2006-03-27,16.8723,17.0317,16.8424,16.9221,18189200
2006-03-28,16.6829,16.8424,16.653,16.8324,25656100
2006-03-29,16.7327,16.8224,16.5035,16.7427,32275600
2006-03-30,16.7925,16.8623,16.6829,16.7028,19497600
2006-03-31,16.7327,16.8822,16.6331,16.7527,28537900
2006-04-03,16.6929,16.8822,16.673,16.7626,20779100
2006-04-04,16.7327,16.7925,16.6231,16.6929,23761300
2006-04-05,16.7427,16.8125,16.6929,16.7626,25077800
2006-04-06,16.6331,16.7527,16.5932,16.6929,27816700
2006-04-07,16.5633,16.7427,16.5334,16.6829,23812300
2006-04-10,16.8224,16.8922,16.5035,16.5434,26511100
2006-04-11,16.8025,16.9121,16.663,16.8822,23001700
2006-04-12,16.7626,16.8723,16.6929,16.7826,17192500
2006-04-13,16.9121,16.9221,16.673,16.6829,16869400
2006-04-17,16.7527,16.8822,16.663,16.8424,16707100
2006-04-18,17.0716,17.1115,16.7028,16.7427,32588000
2006-04-19,16.9321,17.0915,16.8922,17.0018,21672500
2006-04-20,16.8523,17.0417,16.673,16.8922,34289800
2006-04-21,16.7427,17.0018,16.7028,16.7626,21905600
2006-04-24,16.7826,16.8623,16.6231,16.7427,25705300
2006-04-25,16.8424,16.9121,16.673,16.8125,23019300
2006-04-26,16.8324,16.9221,16.7726,16.8424,25904600
2006-04-27,17.3008,17.3805,16.8224,16.8723,39872900
2006-04-28,17.3407,17.4902,17.2111,17.241,26889200
2006-05-01,17.2809,17.53,17.251,17.4902,20868400
2006-05-02,17.3606,17.3805,17.1513,17.2709,22738700
2006-05-03,17.1613,17.2709,16.9819,17.241,31718300
2006-05-04,17.0716,17.2211,17.0217,17.2111,25202100
2006-05-05,17.0018,17.1413,16.962,17.0816,29675600
2006-05-08,16.9918,17.1413,16.942,17.1413,28335000
2006-05-09,16.9918,17.0417,16.942,17.0217,25142900
2006-05-10,17.1812,17.2211,16.9819,16.9918,31387000
2006-05-11,17.251,17.3407,17.1015,17.251,31827900
2006-05-12,17.4403,17.6197,17.1613,17.2011,42551200
2006-05-15,17.4802,17.54,17.2709,17.3905,29790600
2006-05-16,17.5599,17.6197,17.3905,17.4403,29418100
2006-05-17,17.4702,17.6197,17.4005,17.4603,45246500
2006-05-18,17.3407,17.5699,17.3407,17.4005,27351000
2006-05-19,17.3905,17.4503,17.1912,17.3706,27663900
2006-05-22,17.3407,17.5101,17.2211,17.3207,25090400
2006-05-23,17.3108,17.4503,17.2709,17.3307,28761400
2006-05-24,17.3008,17.4603,17.2111,17.241,31570300
2006-05-25,17.3805,17.5001,17.2709,17.3905,26448400
2006-05-26,17.3805,17.4204,17.2609,17.4104,18957400
2006-05-30,17.1613,17.3307,17.1513,17.3008,24785400
2006-05-31,17.1513,17.4204,17.0816,17.1613,36675100
2006-06-01,17.3407,17.4204,17.1413,17.1513,23584200
2006-06-02,17.5201,17.5998,17.251,17.3307,25173000
2006-06-05,17.4403,17.6895,17.3905,17.3905,28947700
2006-06-06,17.5699,17.6097,17.3606,17.5201,33854900
2006-06-07,17.54,17.6695,17.53,17.5699,28146600
2006-06-08,17.3407,17.4503,17.1115,17.3905,36283800
2006-06-09,17.3008,17.4303,17.2709,17.2809,16244100
2006-06-12,17.1314,17.3805,17.1314,17.2908,20159500
2006-06-13,16.8648,17.1812,16.8523,17.1214,27373900
2006-06-14,16.8922,16.9918,16.7925,16.8922,24714000
2006-06-15,17.0516,17.1314,16.7826,16.9719,27479100
2006-06-16,16.9022,17.0816,16.8903,16.952,46500900
2006-06-19,17.0516,17.1413,16.8723,16.9321,23920500
2006-06-20,17.1015,17.1712,16.9719,16.9819,19914400
2006-06-21,17.1912,17.3407,17.0018,17.0217,20658500
2006-06-22,17.0616,17.2011,16.942,17.1314,21585000
2006-06-23,16.9121,17.0417,16.8922,16.952,17603800
2006-06-26,17.1115,17.1912,16.8822,16.8822,17271300
2006-06-27,16.9221,17.1712,16.9221,17.0018,20353600
2006-06-28,17.0616,17.1712,16.8922,16.9221,18911700
2006-06-29,17.231,17.3008,17.1015,17.1214,16740600
2006-06-30,17.241,17.3407,17.2211,17.241,17515000
2006-07-03,17.2011,17.2609,17.1513,17.241,8822100
2006-07-05,17.0716,17.1812,17.0118,17.0915,14863700
2006-07-06,16.9221,17.1513,16.8025,17.0616,22867900
2006-07-07,16.7826,16.8922,16.7427,16.8324,16592600
2006-07-10,16.6131,16.8224,16.5235,16.7826,18641900
2006-07-11,16.5035,16.5733,16.1946,16.4936,24561900
2006-07-12,16.354,16.5434,16.2444,16.4238,20852500
2006-07-13,16.0152,16.3441,15.9454,16.2743,22390200
2006-07-14,15.9155,16.0351,15.6963,16.0252,28522900
2006-07-17,15.7162,15.9155,15.6465,15.8856,24364200
2006-07-18,15.8757,15.9056,15.6564,15.7162,21112400
2006-07-19,16.075,16.1149,15.8856,15.9454,18841400
2006-07-20,16.0052,16.1846,15.9753,16.075,18753800
2006-07-21,15.9554,16.075,15.9155,16.075,22734200
2006-07-24,16.1647,16.2245,15.9155,15.9355,14224400
2006-07-25,16.2145,16.3441,16.075,16.085,17529800
2006-07-26,16.075,16.2045,16.075,16.1248,16023600
2006-07-27,16.1547,16.3939,16.1149,16.1647,32004800
2006-07-28,16.2743,16.3142,16.1647,16.2245,22336300
2006-07-31,16.4437,16.4637,16.1448,16.1946,21036200
2006-08-01,16.1946,16.5334,16.1647,16.4437,18035200
2006-08-02,16.6131,16.8224,16.4936,16.7726,33792000
2006-08-03,16.5932,16.663,16.4138,16.6231,13877200
2006-08-04,16.5035,16.6231,16.4637,16.5932,10125700
2006-08-07,16.3241,16.4637,16.1448,16.4138,17080500
2006-08-08,16.1348,16.3241,16.1049,16.3042,21812500
2006-08-09,15.786,16.1946,15.7162,16.1448,56491300
2006-08-10,15.9853,16.075,15.7262,15.7262,24492800
2006-08-11,15.9953,16.075,15.8657,15.9255,13393900
2006-08-14,15.9953,16.2045,15.9853,16.0252,21823900
2006-08-15,16.0252,16.1448,16.0052,16.1149,18110300
2006-08-16,16.085,16.1248,16.0351,16.1049,23410200
2006-08-17,16.374,16.4537,16.1547,16.1547,33990700
2006-08-18,16.4437,16.5235,16.2444,16.374,21323000
2006-08-21,16.4437,16.5135,16.2942,16.4138,15870000
2006-08-22,16.5235,16.5268,16.3839,16.4836,21075600
2006-08-23,16.4836,16.6331,16.374,16.5035,13987300
2006-08-24,16.374,16.5932,16.364,16.5833,19810500
2006-08-25,16.364,16.4637,16.2843,16.3441,19215100
2006-08-28,16.4437,16.4736,16.3241,16.3441,11647100
2006-08-29,16.4736,16.5932,16.3939,16.4039,15794700
2006-08-30,16.5235,16.5733,16.3939,16.4537,16608000
2006-08-31,16.5633,16.6331,16.4836,16.5434,19243700
2006-09-01,16.7028,16.7228,16.5833,16.6231,12214200
2006-09-05,16.7427,16.7726,16.6032,16.6829,17638400
2006-09-06,16.7028,16.7427,16.6032,16.6929,17246100
2006-09-07,16.7028,16.7826,16.673,16.7128,20439700
2006-09-08,16.8125,16.8324,16.7028,16.7028,11010800
2006-09-11,16.8424,16.8922,16.7028,16.7626,11009300
2006-09-12,16.9819,17.0018,16.8125,16.8424,21589200
2006-09-13,16.9221,17.0018,16.8822,16.9121,16991000
2006-09-14,16.8523,16.962,16.7228,16.9121,21984900
2006-09-15,16.962,17.0317,16.8623,16.952,23287800
2006-09-18,17.0816,17.1202,16.952,16.9918,28569100
2006-09-19,17.3307,17.4702,17.0217,17.0317,39292200
2006-09-20,17.5499,17.6396,17.3108,17.4005,32198700
2006-09-21,17.4303,17.7592,17.3506,17.5798,32359700
2006-09-22,17.6695,17.6895,17.3706,17.4702,21309900
2006-09-25,18.0682,18.1778,17.8589,17.9386,56304800
2006-09-26,18.5366,18.5665,18.1878,18.1878,66766600
2006-09-27,18.5266,18.8256,18.3971,18.5366,59779800
2006-09-28,18.1379,18.3771,18.0482,18.3771,49176000
2006-09-29,18.1678,18.2775,18.0383,18.0781,21087500
2006-10-02,18.0781,18.2775,18.0383,18.0981,17640200
2006-10-03,18.2775,18.4369,18.0084,18.0183,26750900
2006-10-04,18.5067,18.6263,18.2077,18.2077,28976500
2006-10-05,18.5465,18.6163,18.3671,18.4768,17192900
2006-10-06,18.716,18.7558,18.407,18.4269,24497600
2006-10-09,18.7957,18.8754,18.6362,18.6362,20247800
2006-10-10,18.9153,18.9183,18.696,18.7558,18291700
2006-10-11,19.0548,19.0847,18.7658,18.8156,22093200
2006-10-12,19.1744,19.294,18.9053,19.0847,30279000
2006-10-13,18.995,19.1544,18.8854,19.1345,23579500
2006-10-16,19.2342,19.276,18.8953,18.8953,21703800
2006-10-17,19.3139,19.3139,19.1046,19.1843,23158200
2006-10-18,19.5232,19.5531,19.274,19.4335,33652800
2006-10-19,19.6328,19.6528,19.4335,19.4335,25925900
2006-10-20,19.7125,19.7325,19.5431,19.6926,32168200
2006-10-23,19.6328,19.6826,19.4933,19.593,26716600
2006-10-24,19.7424,19.8521,19.4933,19.5332,32466900
2006-10-25,19.7624,19.8521,19.6528,19.7125,15794400
2006-10-26,19.9218,20.0115,19.8521,19.9019,30030900
2006-10-27,19.8521,19.9218,19.7823,19.872,18283700
2006-10-30,19.872,19.9318,19.7524,19.7823,16298700
2006-10-31,19.9418,20.0115,19.7723,19.9816,40372200
2006-11-01,19.7026,19.9717,19.3538,19.6528,53949600
2006-11-02,19.9119,19.9517,19.7624,19.7823,32852000
2006-11-03,19.7723,20.0613,19.7125,19.9617,29107500
2006-11-06,19.882,19.9218,19.6328,19.7524,24676800
2006-11-07,19.7325,19.9318,19.6777,19.9318,27378200
2006-11-08,19.573,19.7325,19.4435,19.6826,27336600
2006-11-09,19.7424,19.8321,19.5531,19.573,31340900
2006-11-10,19.6428,19.7723,19.6229,19.7325,15685800
2006-11-13,19.9218,19.9318,19.5631,19.583,23937300
2006-11-14,19.8122,19.9717,19.7723,19.9119,23350800
2006-11-15,19.9119,19.9318,19.7823,19.7923,20281300
2006-11-16,20.2607,20.45,19.8521,19.9019,39326600
2006-11-17,20.3603,20.4799,20.171,20.1809,33716400
2006-11-20,20.5098,20.5397,20.2507,20.3005,25310300
2006-11-21,20.6095,20.6693,20.4102,20.4799,25262400
2006-11-22,20.6892,20.8387,20.5696,20.5696,22273000
2006-11-24,20.4201,20.5696,20.3404,20.4998,11223300
2006-11-27,20.2009,20.45,20.0813,20.3504,28247400
2006-11-28,20.1112,20.2009,20.0115,20.0813,22455300
2006-11-29,20.2607,20.3803,20.1311,20.1311,22383800
2006-11-30,20.0713,20.2308,20.0315,20.1809,28568800
2006-12-01,20.161,20.2108,20.0514,20.0912,20959200
2006-12-04,20.4002,20.46,20.0315,20.1909,22322600
2006-12-05,20.4899,20.5497,20.2806,20.4002,22727800
2006-12-06,20.3504,20.5796,20.3304,20.46,16256200
2006-12-07,20.4899,20.6892,20.3404,20.3603,21969100
2006-12-08,20.8387,20.8786,20.5098,20.5497,22756700
2006-12-11,21.2573,21.3171,20.8985,20.9084,39762100
2006-12-12,21.2274,21.337,21.1277,21.2573,35423000
2006-12-13,21.2971,21.4067,21.1476,21.347,21414100
2006-12-14,21.5762,21.6459,21.2473,21.3669,52370300
2006-12-15,21.5861,21.8552,21.5662,21.636,34727000
2006-12-18,21.6559,21.7356,21.4765,21.5263,25873700
2006-12-19,21.8452,21.9349,21.5662,21.616,27706400
2006-12-20,21.8851,22.0944,21.8253,21.8951,28502200
2006-12-21,21.8851,21.9947,21.7854,21.915,23083500
2006-12-22,22.0047,22.1044,20.9882,21.2672,19181800
2006-12-26,22.1442,22.1741,21.915,21.925,17431000
2006-12-27,22.0246,22.1642,21.9848,22.1642,21444000
2006-12-28,21.925,22.0545,21.8951,22.0147,15633300
2006-12-29,21.7057,21.9449,21.6858,21.8752,24323500
2007-01-03,21.9549,22.0147,21.6459,21.6758,27394400
2007-01-04,22.3435,22.3934,21.925,21.9648,36119300
2007-01-05,22.1542,22.3635,22.0645,22.3535,27441600
2007-01-08,22.2937,22.3535,21.925,22.1343,30823600
2007-01-09,22.1741,22.4233,22.0346,22.3734,29337300
2007-01-10,22.214,23.0711,22.0645,22.0844,24005800
2007-01-11,22.5429,22.6027,22.1442,22.2439,30911600
2007-01-12,22.6525,22.6924,22.4133,22.4133,21692800
2007-01-16,22.7322,22.8518,22.4631,22.6325,25290500
2007-01-17,22.7322,22.8717,22.6027,22.6226,21366300
2007-01-18,22.8817,22.9515,22.7721,22.8119,28716400
2007-01-19,22.5429,22.9614,22.4033,22.9216,27582400
2007-01-22,22.4532,22.6525,22.3435,22.513,23748800
2007-01-23,22.3834,22.5628,22.3137,22.3834,17772600
2007-01-24,22.4432,22.493,22.3137,22.3535,19022900
2007-01-25,21.9648,22.5329,21.8951,22.3834,21029300
2007-01-26,21.7456,22.058,21.7057,21.9449,18992500
2007-01-29,21.7057,21.9648,21.5164,21.7057,19885400
2007-01-30,21.9648,22.0246,21.7057,21.7655,17522900
2007-01-31,21.7954,21.9549,21.5961,21.6758,27062000
2007-02-01,21.5463,21.8452,21.3868,21.7954,24001600
2007-02-02,21.6758,21.7356,21.5164,21.5164,17744100
2007-02-05,21.4765,21.7854,21.4566,21.5961,16628400
2007-02-06,21.5363,21.616,21.4267,21.5164,16243300
2007-02-07,21.6858,21.7854,21.5064,21.6061,20070600
2007-02-08,21.347,21.7456,21.1576,21.7456,26827300
2007-02-09,21.2074,21.4765,21.0579,21.4067,20058800
2007-02-12,21.0978,21.3868,21.0081,21.1676,16818978
2007-02-13,21.4267,21.5263,21.0878,21.0978,22863028
2007-02-14,21.4067,21.5363,21.3769,21.3769,17922418
2007-02-15,21.5762,21.626,21.1476,21.2872,30985600
2007-02-16,21.4964,21.5961,21.3868,21.4665,23273400
2007-02-20,21.5961,21.7556,21.2872,21.4167,18005300
2007-02-21,21.5762,21.7057,21.2872,21.4067,21166700
2007-02-22,21.5263,21.7456,21.4566,21.5463,20730000
2007-02-23,21.4267,21.4964,21.2672,21.4366,22174100
2007-02-26,21.028,21.4267,21.0181,21.3769,23932068
2007-02-27,20.1411,21.0779,19.1345,20.8088,36706100
2007-02-28,20.2706,20.4401,20.0315,20.2706,33511000
2007-03-01,20.0713,20.2607,19.7325,19.9517,30575550
2007-03-02,19.862,20.1211,19.7823,20.1211,22708200
2007-03-05,19.6627,19.8321,19.4534,19.6328,25494300
2007-03-06,19.9119,20.0912,19.7026,19.7225,27796000
2007-03-07,19.7923,20.0813,19.7723,19.9218,26413600
2007-03-08,19.7325,20.0315,19.6727,19.7923,22124600
2007-03-09,19.8022,19.8521,19.6428,19.8321,21437400
2007-03-12,19.7125,19.8122,19.6528,19.7026,18730600
2007-03-13,19.3538,19.7325,19.284,19.7125,21961200
2007-03-14,19.3837,19.4634,19.2342,19.4335,28330200
2007-03-15,19.3737,19.4634,19.274,19.4235,20210100
2007-03-16,19.4136,19.5631,19.2342,19.4634,42837984
2007-03-19,19.573,19.6826,19.5132,19.6029,21101584
2007-03-20,20.1809,20.1809,19.5531,19.573,31831250
2007-03-21,20.1411,20.2009,19.8222,19.9617,26313654
2007-03-22,19.862,20.1809,19.7923,20.1809,26915308
2007-03-23,19.7325,19.9717,19.6328,19.8222,20561692
2007-03-26,20.1112,20.1311,19.7723,19.9617,26754076
2007-03-27,20.0414,20.151,19.862,20.0514,27909574
2007-03-28,19.8421,20.0042,19.7823,19.9717,26974290
2007-03-29,19.7823,19.9119,19.6528,19.8521,19106122
2007-03-30,19.6528,19.9218,19.4833,19.8222,25694108
2007-04-02,20.0016,20.0414,19.593,19.6727,26780864
2007-04-03,20.45,20.5298,20.1012,20.1012,35127948
2007-04-04,20.5397,20.5895,20.3504,20.46,21524288
2007-04-05,20.9683,21.028,20.4998,20.5198,36410444
2007-04-09,20.9384,21.1476,20.8287,20.9981,24309340
2007-04-10,20.9384,20.9882,20.7789,20.9084,14876055
2007-04-11,20.759,20.9782,20.7291,20.9284,16648261
2007-04-12,20.9284,20.9483,20.5796,20.6792,17220748
2007-04-13,21.1377,21.1975,20.9384,21.028,21204814
2007-04-16,21.0679,21.1775,21.0081,21.1177,11720847
2007-04-17,20.7988,21.0779,20.6693,21.0779,26439444
2007-04-18,20.759,20.8487,20.5298,20.6792,17400536
2007-04-19,20.6992,21.0679,20.5995,20.9683,14108217
2007-04-20,20.6493,20.9184,20.5995,20.8188,22740996
2007-04-23,20.8088,20.9782,20.5796,20.6095,25820222
2007-04-24,20.9084,20.9583,20.6792,20.7689,21412206
2007-04-25,21.0779,21.1476,20.739,20.9981,21585286
2007-04-26,20.9084,21.038,20.7889,21.0081,16049649
2007-04-27,20.5397,20.9184,20.4102,20.8188,24350866
2007-04-30,20.5597,20.6992,20.3504,20.5298,21878318
2007-05-01,20.5198,20.739,20.3603,20.6693,19841038
2007-05-02,20.8686,21.3569,20.6792,20.7988,38142696
2007-05-03,20.9782,21.2573,20.8287,20.8387,22471606
2007-05-04,21.2174,21.5662,21.0878,21.1277,27873624
2007-05-07,21.6459,21.7257,21.1177,21.2174,33924228
2007-05-08,21.8353,21.8851,21.5762,21.626,35871956
2007-05-09,21.626,21.7954,21.5263,21.7556,18877922
2007-05-10,21.3071,21.5762,21.2174,21.5164,16504621
2007-05-11,21.327,21.4865,21.1975,21.337,14930301
2007-05-14,21.3071,21.4765,21.2274,21.327,14795443
2007-05-15,21.1975,21.4167,21.1576,21.3071,15720902
2007-05-16,21.5263,21.5263,21.1676,21.2373,17842076
2007-05-17,21.4466,21.5064,21.337,21.4865,25312250
2007-05-18,21.4665,21.6061,21.4167,21.4665,22070930
2007-05-21,21.6758,21.7556,21.3569,21.4267,30000462
2007-05-22,21.5263,21.7057,21.5164,21.626,22276478
2007-05-23,21.4865,21.6758,21.4765,21.5263,20721664
2007-05-24,21.2373,21.4964,21.1676,21.4964,27145006
2007-05-25,21.4366,21.5263,21.1875,21.2274,23069564
2007-05-29,21.3669,21.5164,21.2573,21.327,28945256
2007-05-30,21.4765,21.5762,21.2174,21.2274,25090848
2007-05-31,21.2971,21.5662,21.1975,21.4665,31620748
2007-06-01,21.2373,21.5363,21.1377,21.3171,25055986
2007-06-04,21.1576,21.2373,21.0878,21.0978,18432266
2007-06-05,21.028,21.3769,20.9782,21.1277,21601476
2007-06-06,20.6992,20.9981,20.6593,20.9882,23262104
2007-06-07,20.3803,20.6992,20.2208,20.6194,32276590
2007-06-08,20.6693,20.6792,20.2308,20.2308,26859498
2007-06-11,20.5397,20.6992,20.46,20.6294,23951732
2007-06-12,20.2507,20.6194,20.2407,20.5298,27525940
2007-06-13,20.5796,20.5895,20.1909,20.3803,19442100
2007-06-14,20.7988,20.8387,20.5198,20.5796,17379006
2007-06-15,20.8287,20.9483,20.6294,20.6294,23820750
2007-06-18,20.8188,20.9184,20.7789,20.8487,18432586
2007-06-19,21.1676,21.2274,20.6992,20.7291,34380224
2007-06-20,21.7854,21.8951,21.1875,21.2274,48030600
2007-06-21,21.4366,21.6758,21.3868,21.6758,37536684
2007-06-22,21.3769,21.4964,21.2373,21.4267,32889610
2007-06-25,21.3769,21.5662,21.3171,21.4566,27399582
2007-06-26,21.1377,21.5562,21.1277,21.337,30811756
2007-06-27,21.2174,21.3071,20.9782,21.0181,24716438
2007-06-28,21.1377,21.2872,21.0878,21.2473,15485420
2007-06-29,20.9683,21.3769,20.8885,21.1177,22169642
2007-07-02,21.4366,21.4366,21.0679,21.0779,16410631
2007-07-03,21.337,21.4267,21.1875,21.4267,9745053
2007-07-05,21.0978,21.2672,20.9084,21.2373,23127658
2007-07-06,20.9583,21.1377,20.9184,21.0779,23399004
2007-07-09,20.9184,20.9782,20.749,20.9284,44989340
2007-07-10,20.4401,20.8487,20.4201,20.739,29197494
2007-07-11,20.6294,20.6693,20.3902,20.46,15547291
2007-07-12,20.6693,20.6892,20.45,20.5995,18570754
2007-07-13,20.7889,20.8985,20.6394,20.6992,14401524
2007-07-16,20.8586,21.038,20.8287,20.9683,15546900
2007-07-17,21.048,21.0978,20.7689,20.8985,26138800
2007-07-18,20.8088,21.028,20.5098,21.028,25313900
2007-07-19,20.6394,20.8786,20.5098,20.8188,28896900
2007-07-20,20.3105,20.7191,20.2607,20.7191,29399300
2007-07-23,20.4002,20.5597,20.3089,20.3404,19800700
2007-07-24,20.3005,20.4701,20.161,20.2009,21592900
2007-07-25,20.2009,20.4102,20.1809,20.3902,21854800
2007-07-26,19.583,20.1411,19.4136,19.9816,34116936
2007-07-27,19.3538,19.7225,19.3338,19.583,23172396
2007-07-30,19.484,19.593,19.0548,19.4435,29378100
2007-07-31,19.1943,19.5332,19.1445,19.4335,27145000
2007-08-01,18.5764,18.9551,17.9884,18.9352,65488992
2007-08-02,18.8356,18.9252,18.3771,18.6661,48745332
2007-08-03,18.5465,19.1246,18.5465,18.8256,38292000
2007-08-06,18.417,18.8455,18.2077,18.6063,50337200
2007-08-07,18.5465,18.7259,18.0582,18.1379,49458600
2007-08-08,18.9153,18.9252,18.4967,18.4967,40313000
2007-08-09,18.5964,18.8256,18.0781,18.2974,44556200
2007-08-10,18.5565,18.6063,18.1878,18.407,36839800
2007-08-13,18.7359,19.3538,18.3572,18.4668,28898400
2007-08-14,18.128,18.7757,18.118,18.6861,54468800
2007-08-15,18.2575,18.5565,17.9785,18.1579,42202736
2007-08-16,18.1479,18.4768,17.9585,17.9884,43356500
2007-08-17,18.2276,18.5366,18.0981,18.417,46742000
2007-08-20,18.3572,18.4469,18.0383,18.1977,31247800
2007-08-21,18.5764,18.7359,18.2476,18.3472,23950800
2007-08-22,18.8654,18.985,18.6861,18.716,31482800
2007-08-23,18.9651,19.1146,18.8654,18.9551,34805000
2007-08-24,18.9452,19.0349,18.7458,18.8356,20002300
2007-08-27,18.9751,19.0947,18.8256,18.9352,18349386
2007-08-28,18.3871,18.8854,18.3671,18.8455,19180700
2007-08-29,18.81,18.82,18.26,18.5,20328200
2007-08-30,18.61,18.77,18.47,18.62,22323700
2007-08-31,18.98,19.1,18.67,18.68,29256900
2007-09-04,19.25,19.34,18.96,19.0,20839284
2007-09-05,19.0,19.2,18.92,19.06,30865800
2007-09-06,18.88,18.92,18.61,18.73,27308100
2007-09-07,18.37,18.71,18.26,18.71,28592200
2007-09-10,18.2,18.45,18.09,18.42,19311200
2007-09-11,18.3,18.36,18.09,18.2,19841500
2007-09-12,18.56,18.62,18.28,18.33,30482700
2007-09-13,19.0,19.08,18.57,18.57,37695400
2007-09-14,18.64,18.98,18.55,18.95,24194500
2007-09-17,18.24,18.58,18.12,18.58,29887300
2007-09-18,18.66,18.74,18.21,18.21,26712700
2007-09-19,18.5,18.871,18.42,18.74,34843500
2007-09-20,18.4,18.55,18.31,18.47,22184800
2007-09-21,18.09,18.57,17.89,18.53,48270032
2007-09-24,18.12,18.21,17.97,18.03,23335800
2007-09-25,18.12,18.12,17.77,17.96,28419922
2007-09-26,18.05,18.2,18.01,18.08,27464596
2007-09-27,18.2,18.24,17.95,18.08,23895400
2007-09-28,18.36,18.36,18.08,18.16,18763300
2007-10-01,18.75,18.77,18.27,18.38,27427100
2007-10-02,18.59,18.75,18.53,18.7,17192100
2007-10-03,18.73,18.88,18.53,18.55,17580900
2007-10-04,18.99,19.09,18.79,18.84,22947700
2007-10-05,19.06,19.1,18.95,18.97,18246000
2007-10-08,19.1,19.14,18.9,18.95,11249411
2007-10-09,19.13,19.19,18.97,19.08,17381500
2007-10-10,19.04,19.15,18.97,19.12,17894800
2007-10-11,18.96,19.2,18.95,19.15,23649600
2007-10-12,18.98,19.12,18.9,18.96,13847563
2007-10-15,18.79,18.98,18.71,18.93,15664200
2007-10-16,18.56,18.8,18.5,18.77,14940200
2007-10-17,18.52,18.74,18.2205,18.65,16770212
2007-10-18,18.37,18.57,18.31,18.45,14273100
2007-10-19,17.96,18.42,17.94,18.31,20273300
2007-10-22,18.05,18.14,17.81,17.87,17231274
2007-10-23,18.1,18.24,18.0,18.1,15433600
2007-10-24,18.36,18.39,17.91,18.01,23189200
2007-10-25,17.71,18.38,17.6,18.35,34821300
2007-10-26,18.35,18.46,17.6,17.75,46498436
2007-10-29,18.1,18.44,18.0,18.39,22239464
2007-10-30,17.97,18.16,17.95,18.0,16129100
2007-10-31,18.26,18.4,18.02,18.04,22510700
2007-11-01,18.0,18.58,17.91,18.06,29824500
2007-11-02,17.88,18.04,17.72,18.02,18261100
2007-11-05,17.81,18.45,17.81,17.91,35746560
2007-11-06,18.33,18.49,17.85,18.05,28978718
2007-11-07,17.8,18.55,17.73,18.39,31391700
2007-11-08,17.7,17.91,17.37,17.89,23172780
2007-11-09,17.24,17.56,17.16,17.48,24966702
2007-11-12,17.13,17.61,17.06,17.15,16064488
2007-11-13,17.73,17.75,17.16,17.24,21644978
2007-11-14,17.07,17.65,16.93,17.63,50610660
2007-11-15,17.01,17.31,16.9,16.95,23148070
2007-11-16,17.3,17.31,16.94,17.09,23063462
2007-11-19,16.82,17.25,16.71,17.06,35294392
2007-11-20,16.86,17.17,16.59,16.82,28590154
2007-11-21,16.55,16.96,16.54,16.75,22384712
2007-11-23,16.72,16.75,16.47,16.63,10257339
