Price,Close,High,Low,Open,Volume
Ticker,VZ,VZ,VZ,VZ,VZ
Date,,,,,
1999-11-24,50.1807,50.5341,49.7264,49.7264,2135300
1999-11-26,50.7865,51.3923,50.4836,50.5846,1051200
1999-11-29,50.5846,51.3923,50.1807,51.3923,3722900
1999-11-30,51.1399,52.0991,50.8875,50.8875,3862700
1999-12-01,52.0486,52.402,50.5341,51.0895,3951400
1999-12-02,51.7457,53.2097,51.6447,51.8467,3068000
1999-12-03,53.3107,53.5631,52.2506,52.301,3784600
1999-12-06,51.9981,53.2603,51.4428,52.5029,2877100
1999-12-07,51.4933,53.0583,51.4933,52.6544,3125800
1999-12-08,51.5438,52.301,51.3923,51.7962,1785800
1999-12-09,51.5943,51.9477,51.2914,51.7457,2276100
1999-12-10,51.0895,52.301,50.9884,52.301,1866100
1999-12-13,52.8059,52.9573,50.6856,50.938,2981500
1999-12-14,52.2506,52.9573,51.8467,52.0991,2934700
1999-12-15,52.2506,52.6544,52.0486,52.0991,2806200
1999-12-16,51.9981,52.301,51.2409,52.0991,3623800
1999-12-17,52.4525,52.8564,51.9981,52.402,5913900
1999-12-20,51.9477,52.5029,51.6952,52.4525,2350300
1999-12-21,52.9573,54.3204,52.402,52.8059,4712600
1999-12-22,52.0991,54.4213,51.9477,54.1185,4478900
1999-12-23,51.6447,52.9068,51.4428,52.0486,3131600
1999-12-27,48.8177,50.6351,47.808,50.5846,7806200
1999-12-28,50.4331,50.4331,49.0196,49.272,3774900
1999-12-29,49.8778,50.6856,49.5749,50.4836,1617400
1999-12-30,49.7264,49.7769,49.3225,49.5244,1416300
1999-12-31,49.7264,50.2312,49.6254,49.7264,893200
2000-01-03,48.4138,49.7769,48.1614,48.9691,4180500
2000-01-04,46.8488,48.8177,46.243,48.2119,4501900
2000-01-05,48.4643,49.1205,47.2527,47.6566,5727100
2000-01-06,48.1676,48.5232,47.4562,48.5232,4226700
2000-01-07,47.7103,48.0151,46.9989,47.8627,3579200
2000-01-10,47.5578,48.2183,46.9989,47.8119,4017600
2000-01-11,47.1099,47.4562,46.3892,46.9481,3327800
2000-01-12,46.2368,46.8465,45.627,45.8303,3850600
2000-01-13,45.1698,46.4908,45.1698,46.3384,3390400
2000-01-14,45.7795,46.0336,45.1698,45.4747,2858400
2000-01-18,47.9643,48.7265,46.186,46.3384,4372100
2000-01-19,46.9989,47.5578,46.7449,46.7449,2664200
2000-01-20,47.8119,48.1676,47.0497,47.2021,2418200
2000-01-21,48.8281,49.8443,47.9643,48.6757,5118900
2000-01-24,48.8789,49.4378,48.7265,49.0313,3515000
2000-01-25,47.6595,48.9805,47.3038,48.8281,3977700
2000-01-26,46.9481,47.9135,46.7957,47.7611,3582400
2000-01-27,47.3546,47.7611,46.44,47.1513,2800500
2000-01-28,46.8465,47.8627,46.3892,47.1005,3007500
2000-01-31,50.3524,51.2161,46.3892,46.7957,4820500
2000-02-01,48.4216,49.8951,48.1676,49.387,4202900
2000-02-02,48.2183,48.8789,48.0659,48.8281,2651600
2000-02-03,47.507,48.8789,47.1513,48.574,2329300
2000-02-04,47.6087,48.5232,47.4054,48.5232,2990000
2000-02-07,48.574,48.6757,47.1005,47.6087,2980400
2000-02-08,47.9643,49.1838,47.7103,48.6248,2755700
2000-02-09,46.9989,48.1167,46.7449,47.9643,2897100
2000-02-10,46.3892,46.9481,46.2368,46.8973,2497700
2000-02-11,45.5255,46.3384,44.2552,46.2876,3090800
2000-02-14,44.8141,45.7795,44.6109,45.5255,2610200
2000-02-15,44.1028,44.8141,43.8995,44.8141,3579900
2000-02-16,44.6617,44.9665,43.9503,43.9503,3272000
2000-02-17,43.6963,45.4747,43.5439,45.373,3020500
2000-02-18,42.172,43.7471,41.9688,43.5439,3849200
2000-02-22,42.6293,42.9342,41.6131,42.6801,3220500
2000-02-23,40.8509,42.3244,40.6985,41.5623,3584700
2000-02-24,39.1743,41.0542,38.9202,40.6985,5634900
2000-02-25,38.5137,40.1396,38.5137,38.6153,4733900
2000-02-28,40.4953,41.4099,38.7678,38.8694,3881100
2000-02-29,39.784,40.7493,39.1743,40.6477,4674300
2000-03-01,44.6617,44.7125,42.3752,43.1882,7012700
2000-03-02,44.9157,45.0173,43.9503,44.0012,4270800
2000-03-03,44.9665,45.627,44.8141,45.0173,3917700
2000-03-06,46.3384,46.3384,44.4585,45.6779,3926400
2000-03-07,45.2206,46.9481,45.1698,46.3384,3438700
2000-03-08,45.8303,46.3892,44.5601,44.5601,3127800
2000-03-09,47.6595,47.6595,45.373,45.8303,3442400
2000-03-10,46.5924,47.507,46.186,47.507,3583000
2000-03-13,46.4908,46.5924,45.4747,46.0336,3361500
2000-03-14,45.5763,46.0843,45.4239,45.8303,3317400
2000-03-15,45.5763,45.9827,44.7125,45.627,3789200
2000-03-16,47.253,47.253,44.9665,45.5763,4696800
2000-03-17,48.2692,48.6248,46.9481,47.2021,4531300
2000-03-20,48.1167,48.7265,47.3546,47.9643,2948400
2000-03-21,47.8627,48.5232,47.3546,48.0659,2911800
2000-03-22,47.0497,47.8119,46.5416,47.4562,3885100
2000-03-23,48.4724,48.8789,47.3546,47.7611,5514500
2000-03-24,48.3708,49.133,48.0151,48.574,3230400
2000-03-27,49.2854,49.4886,48.0659,48.3708,3462900
2000-03-28,49.1838,49.5394,48.0659,48.3708,3282800
2000-03-29,50.3524,50.3524,48.9805,49.1838,3061200
2000-03-30,49.7935,50.708,49.7935,50.3016,3897800
2000-03-31,49.6918,51.3686,49.6918,50.8097,4555800
2000-04-03,51.2161,51.267,49.641,50.2,3303600
2000-04-04,51.775,53.655,50.7589,52.7913,7022800
2000-04-05,51.3686,52.6388,51.2161,51.9275,3076400
2000-04-06,53.3194,53.3705,51.7857,51.9391,2698800
2000-04-07,52.9615,53.1149,52.4503,52.757,3688900
2000-04-10,51.6324,52.5014,51.3256,52.0413,3271000
2000-04-11,52.5525,52.9104,52.1436,52.3481,2759100
2000-04-12,52.6548,53.3705,52.1947,52.5525,4164200
2000-04-13,51.5812,52.5525,51.5812,52.5525,2935200
2000-04-14,50.0987,52.1436,49.5875,51.3768,3929500
2000-04-17,49.8942,50.3032,48.4117,49.9454,3534000
2000-04-18,50.3032,50.4054,49.2808,49.383,2912700
2000-04-19,50.5077,50.6099,49.5875,49.792,2194900
2000-04-20,49.5875,50.201,48.9229,50.0987,2040300
2000-04-24,50.661,50.661,49.383,50.0987,2395900
2000-04-25,51.479,51.479,49.8431,50.8655,3050600
2000-04-26,50.2521,51.0794,49.6897,50.4054,2985300
2000-04-27,49.0252,50.0476,48.974,49.9454,3375100
2000-04-28,48.4628,49.4342,47.8494,49.383,4427000
2000-05-01,47.4915,48.7696,47.4404,48.4628,5707100
2000-05-02,44.4754,47.1337,44.0664,47.0314,6698600
2000-05-03,45.1911,45.5489,44.731,44.9355,6166900
2000-05-04,44.0153,45.2933,44.0153,45.2933,4276400
2000-05-05,44.0664,44.4243,43.7597,43.8108,2285200
2000-05-08,44.5776,44.7821,43.5041,44.2198,3671200
2000-05-09,44.6287,44.9866,43.8619,44.0664,3177200
2000-05-10,44.5776,44.8843,43.453,43.9642,3528800
2000-05-11,44.5776,45.0888,44.1175,44.6799,2988600
2000-05-12,43.3507,44.3731,43.044,44.2709,4511200
2000-05-15,44.9866,45.0377,43.2485,43.6575,3605700
2000-05-16,45.1911,45.7023,44.8843,45.7023,2734400
2000-05-17,44.3731,44.5265,44.1175,44.3731,2524100
2000-05-18,44.0664,44.4754,43.913,44.0664,2461600
2000-05-19,43.044,43.6063,41.357,43.2485,4982000
2000-05-22,42.9417,43.2485,42.0727,43.0951,2274500
2000-05-23,41.5615,42.8395,41.357,42.7884,2874900
2000-05-24,42.3283,42.3283,41.4081,41.6126,3954900
2000-05-25,41.4081,42.0216,40.948,42.0216,2769200
2000-05-26,42.2772,43.044,40.9992,40.9992,2205400
2000-05-30,42.9929,43.044,42.4305,42.4817,2733900
2000-05-31,43.2485,43.5041,42.6861,42.9417,2402800
2000-06-01,43.7597,43.9642,42.7884,43.1974,2385600
2000-06-02,43.8619,44.6799,43.3507,44.6799,3121900
2000-06-05,43.3507,44.1686,43.1974,43.8619,2296700
2000-06-06,44.2198,44.4243,43.2996,43.5552,2526000
2000-06-07,44.2198,44.731,44.0664,44.322,3536400
2000-06-08,44.6799,44.731,43.7597,43.9642,3618400
2000-06-09,44.1175,44.731,44.0153,44.6799,2579300
2000-06-12,44.0153,44.6799,43.9642,44.1686,2310400
2000-06-13,45.3445,46.3158,44.1175,44.1686,3413900
2000-06-14,46.9292,46.9803,45.6512,45.9068,3862500
2000-06-15,46.2646,47.9516,46.0602,47.0314,4939100
2000-06-16,45.0377,46.1113,44.9355,45.6,4820600
2000-06-19,46.6736,47.1848,44.9355,45.0888,4326700
2000-06-20,46.9803,47.2871,45.5489,46.2135,4645700
2000-06-21,46.4691,47.5426,46.2646,47.0314,4069200
2000-06-22,47.5938,47.7983,46.5714,46.8781,3548900
2000-06-23,46.9292,47.6449,46.6736,47.6449,1881300
2000-06-26,45.3956,46.9292,45.1911,46.6225,3009600
2000-06-27,43.8619,45.6,43.6063,45.3956,4766000
2000-06-28,42.9929,44.2709,42.2261,44.0664,4056300
2000-06-29,42.1238,43.2996,42.0216,43.044,3744400
2000-06-30,41.5104,42.2772,40.4879,42.2261,10230000
2000-07-03,45.2882,45.3912,41.6858,41.6858,3308200
2000-07-05,44.8251,46.8321,44.5677,45.9058,5817600
2000-07-06,44.6063,46.306,44.0911,44.9153,3752600
2000-07-07,45.6364,46.1515,44.5547,44.5547,4102000
2000-07-10,45.5334,45.8424,44.9668,45.3274,3850200
2000-07-11,43.6276,44.5547,43.1125,44.0911,4630900
2000-07-12,42.958,43.8851,42.8034,43.6276,4466300
2000-07-13,42.4429,43.164,42.0308,42.8549,5958800
2000-07-14,40.7946,41.3097,40.3825,40.5886,8582100
2000-07-17,40.331,41.1552,40.0735,41.0006,5648900
2000-07-18,39.919,40.3825,39.7644,40.0735,6973700
2000-07-19,38.7343,40.228,38.6828,39.8675,7344800
2000-07-20,36.2619,38.4252,35.6438,38.1162,15930300
2000-07-21,39.5584,39.9705,37.8071,37.8071,15219400
2000-07-24,40.022,40.5886,39.8675,39.9705,7205100
2000-07-25,40.125,40.5886,39.8675,40.5886,5081800
2000-07-26,38.7343,40.4856,38.7343,40.4856,5542200
2000-07-27,38.7858,39.9705,38.4252,39.0433,5771300
2000-07-28,38.7343,39.4039,38.4252,39.1463,5020500
2000-07-31,38.7343,39.3009,38.5282,38.7343,4542400
2000-08-01,39.5069,39.6614,38.7858,39.1463,4646200
2000-08-02,39.4554,40.331,39.1463,39.4554,3852500
2000-08-03,39.1979,39.7644,38.7343,39.2494,4567600
2000-08-04,38.6828,38.8373,37.6526,38.7343,7424700
2000-08-07,39.4554,39.816,38.3737,38.8888,5327400
2000-08-08,34.8196,36.983,33.9955,36.983,33324800
2000-08-09,33.4289,35.0257,32.1927,34.8196,22113800
2000-08-10,33.8925,33.9955,32.7078,33.2744,8977800
2000-08-11,34.3561,35.0257,33.5834,34.0985,8278800
2000-08-14,34.3046,35.6438,33.7895,33.7895,6185000
2000-08-15,34.6136,34.8711,34.2015,34.253,6219000
2000-08-16,34.15,34.7166,33.8925,34.4076,8255000
2000-08-17,33.2229,34.15,32.9653,33.944,11083200
2000-08-18,34.8196,35.2317,33.0168,33.0168,15950600
2000-08-21,35.2317,36.1073,35.2317,35.8498,10462300
2000-08-22,34.3046,35.6438,33.8925,35.4893,7412900
2000-08-23,33.5319,34.3046,33.4289,33.944,7345100
2000-08-24,34.4591,34.5106,33.6349,34.15,6591500
2000-08-25,35.6438,35.6953,34.6651,34.8196,6423600
2000-08-28,36.1589,37.0345,35.9528,36.2619,8854200
2000-08-29,35.2832,36.4164,35.1287,36.3649,5359100
2000-08-30,36.5709,36.5709,35.1802,35.2317,5724500
2000-08-31,36.0558,36.6739,35.9528,36.4679,4369100
2000-09-01,36.3134,36.5194,35.8498,35.8498,3857500
2000-09-05,35.7468,36.4679,34.8196,36.2619,3900300
2000-09-06,35.3347,36.1589,35.2317,35.5923,3505400
2000-09-07,36.0558,36.2104,35.1802,35.3347,3584200
2000-09-08,36.5194,36.5194,35.6438,35.8498,4334800
2000-09-11,37.1375,37.3436,36.1073,36.5709,4161400
2000-09-12,37.086,37.2405,36.1589,36.4679,3704700
2000-09-13,36.1589,36.983,35.7983,36.983,3517900
2000-09-14,35.8498,35.9528,35.4893,35.5407,2652900
2000-09-15,35.6438,36.2104,35.5407,35.9528,5913700
2000-09-18,35.7468,36.1589,35.5923,35.5923,3704300
2000-09-19,36.0558,36.2619,35.7983,36.1073,3297800
2000-09-20,35.7468,36.4164,34.6651,36.2619,5509200
2000-09-21,35.0257,35.3347,34.5621,34.8711,5445400
2000-09-22,35.6438,35.7468,34.7681,35.1287,3870500
2000-09-25,35.5407,36.4679,35.4377,35.9013,4191500
2000-09-26,35.7468,36.3649,35.2317,35.3347,3898300
2000-09-27,35.7983,36.1589,35.0772,35.9528,3324400
2000-09-28,38.9918,39.1463,35.7983,35.7983,7260300
2000-09-29,39.919,41.1552,38.3222,39.0433,7373900
2000-10-02,39.0433,39.6099,38.8373,39.1463,4338200
2000-10-03,39.2494,40.1765,38.9918,39.0433,4222900
2000-10-04,40.7431,41.1037,39.2494,39.3524,5985300
2000-10-05,43.0875,43.3471,40.9591,41.1148,7598700
2000-10-06,41.7897,43.2952,41.3225,43.2952,6385900
2000-10-09,41.2187,41.8416,40.8553,41.2187,4513200
2000-10-10,40.3361,41.6858,40.3361,41.4263,3923000
2000-10-11,38.5711,40.1804,38.3634,39.4536,5022000
2000-10-12,38.3115,39.0902,37.7405,38.2596,4676000
2000-10-13,38.623,38.9345,37.7405,38.2077,4622200
2000-10-16,38.5711,39.2979,37.5328,38.623,4390900
2000-10-17,39.4536,40.2842,38.4153,38.4153,4835300
2000-10-18,39.7132,40.1285,39.0902,39.8689,4932600
2000-10-19,39.9208,40.1804,39.2979,39.4536,4108600
2000-10-20,40.2323,40.5957,39.4017,39.4536,3137500
2000-10-23,41.1667,41.6339,39.6093,39.8689,3378300
2000-10-24,41.6858,42.1531,41.3225,41.9454,4149900
2000-10-25,41.582,42.0492,41.1667,41.9454,3219300
2000-10-26,42.3607,42.5684,40.8033,41.011,5025200
2000-10-27,44.0738,44.1777,42.3088,42.3607,5336500
2000-10-30,45.9427,46.7214,43.5547,44.0738,9165100
2000-10-31,48.0192,48.0711,45.9946,46.0465,9118100
2000-11-01,46.3061,47.5001,45.3716,46.929,8486700
2000-11-02,47.9673,47.9673,45.2678,46.7214,7294100
2000-11-03,47.3443,47.9673,47.0329,47.8635,6550300
2000-11-06,46.0465,47.2405,45.9427,47.2405,4279500
2000-11-07,45.5274,46.0465,45.3716,45.9427,3988300
2000-11-08,45.735,46.0465,45.0602,46.0465,3275900
2000-11-09,46.5137,46.8771,45.6832,45.8908,5686400
2000-11-10,46.8771,47.3443,46.5657,46.8771,4650800
2000-11-13,47.2924,47.7596,46.358,46.4099,5369000
2000-11-14,46.3061,47.4482,45.6832,47.4482,3936900
2000-11-15,45.0083,46.3061,44.0219,46.3061,4711800
2000-11-16,44.6968,45.4236,43.7624,45.0083,4093000
2000-11-17,43.0356,43.8662,42.3607,43.8143,5127200
2000-11-20,43.399,43.7624,42.6722,42.776,3512000
2000-11-21,43.5547,44.3853,43.2432,44.1257,3721800
2000-11-22,44.0219,44.3853,43.399,43.5028,3410700
2000-11-24,43.8143,44.2815,43.5028,43.9181,1226500
2000-11-27,44.541,44.8525,44.0738,44.0738,2726300
2000-11-28,45.6832,45.8908,44.4372,44.9044,4064000
2000-11-29,46.358,46.5137,45.4755,45.6832,6066200
2000-11-30,46.6695,47.1367,45.3197,46.7733,6480300
2000-12-01,46.5657,47.2924,46.2542,47.2405,6654500
2000-12-04,47.3443,47.3963,46.0984,46.2023,4872600
2000-12-05,47.9673,48.5903,47.5001,47.552,5719200
2000-12-06,48.7979,49.2132,47.9673,47.9673,4918200
2000-12-07,48.0711,49.317,48.0711,48.7979,4569300
2000-12-08,46.0984,48.2269,46.0984,47.7596,4412100
2000-12-11,45.7869,46.929,45.7869,46.2542,4191500
2000-12-12,45.9946,46.7214,45.7869,46.0984,3408000
2000-12-13,47.6558,47.6558,46.4099,46.6695,3738100
2000-12-14,47.2924,47.8635,46.929,46.929,3788100
2000-12-15,45.9427,47.2924,45.9427,46.5137,8702100
2000-12-18,45.3197,46.6176,45.164,45.9427,4147600
2000-12-19,43.0875,44.8525,42.4126,44.4372,10620800
2000-12-20,41.6339,42.7241,41.1148,42.4645,7249600
2000-12-21,40.3881,41.582,40.2323,41.5301,6166100
2000-12-22,39.9727,40.5957,38.623,40.2842,5891500
2000-12-26,41.3225,41.5301,39.5574,39.5574,3039300
2000-12-27,41.7378,42.0492,41.011,41.1148,3776300
2000-12-28,40.6476,42.1531,40.44,41.9973,3817400
2000-12-29,41.6339,42.3088,40.2842,41.3225,4029800
2001-01-02,41.7378,41.9454,40.5438,41.2187,4648500
2001-01-03,44.1257,45.4755,41.9454,42.1531,8171600
2001-01-04,45.4236,46.0984,44.9563,45.5274,6109200
2001-01-05,45.3197,46.0984,45.0083,45.9946,4735500
2001-01-08,45.3804,45.6418,44.3871,45.485,4199200
2001-01-09,46.4783,47.5239,44.5439,44.5439,5028700
2001-01-10,47.0011,47.7853,45.9555,46.2169,4053900
2001-01-11,46.6352,47.5239,46.1646,47.0011,3850100
2001-01-12,46.426,46.8443,45.3804,46.6352,5221800
2001-01-16,45.485,46.3737,44.5439,46.3215,4636500
2001-01-17,45.119,45.7986,44.753,45.485,5588500
2001-01-18,46.6352,47.5762,45.119,45.119,5140700
2001-01-19,46.3215,46.9488,45.7986,46.6352,4241700
2001-01-22,45.119,46.3737,43.9165,46.3737,4313100
2001-01-23,45.0144,45.3281,43.9688,45.3281,4428800
2001-01-24,43.3937,45.485,42.6618,45.485,6525500
2001-01-25,42.8186,43.1846,41.6161,42.8186,4672200
2001-01-26,43.3937,43.8642,41.773,43.4982,4431500
2001-01-29,44.569,45.1712,43.172,43.3979,4292100
2001-01-30,45.0793,45.1545,43.7827,44.3599,3781800
2001-01-31,45.9659,45.9659,44.5355,44.8785,4674300
2001-02-01,46.0078,46.0078,44.8367,45.7568,5225800
2001-02-02,43.4982,44.5941,42.9127,44.4184,9023200
2001-02-05,43.9165,43.9584,43.0884,43.4982,5527800
2001-02-06,45.2549,45.3386,44.1256,44.2929,3549200
2001-02-07,44.2929,45.0207,44.2846,45.0039,3247700
2001-02-08,44.4602,45.0374,44.0001,44.5439,4384400
2001-02-09,43.9081,45.1629,43.4982,44.6694,3734600
2001-02-12,44.5439,45.1294,43.8579,43.9081,3811100
2001-02-13,45.2215,45.4055,44.1256,44.6275,3379800
2001-02-14,43.6655,45.0039,43.6321,44.9622,3555700
2001-02-15,43.5903,44.9203,42.9127,43.791,4565200
2001-02-16,43.9667,44.1173,43.08,43.3895,3378800
2001-02-20,43.0382,43.9667,42.2519,43.4982,4600500
2001-02-21,40.8214,42.7872,40.8214,42.6618,5647800
2001-02-22,40.696,41.842,40.3195,41.0724,5143800
2001-02-23,41.0891,41.2982,39.2154,40.194,6185800
2001-02-26,42.5112,42.7454,41.3652,41.9089,3923600
2001-02-27,42.4526,43.0382,42.0344,42.8709,2688000
2001-02-28,41.407,42.9545,40.9887,42.9545,4425800
2001-03-01,40.5203,41.2815,39.8594,41.2397,3192300
2001-03-02,41.4154,41.7834,39.0146,39.7758,4667400
2001-03-05,40.261,41.2648,40.0853,41.2397,4080100
2001-03-06,40.2526,41.7416,40.1439,41.7416,4238000
2001-03-07,39.9515,40.6123,39.7507,40.6123,3748600
2001-03-08,41.1979,41.3233,40.1773,40.4868,3352700
2001-03-09,39.9347,40.7545,39.8176,40.7378,3454600
2001-03-12,39.7005,40.9804,39.4412,39.6503,3535900
2001-03-13,41.1393,41.407,39.483,39.9013,4333900
2001-03-14,39.2321,40.4868,38.3537,40.1522,5026000
2001-03-15,40.194,40.194,38.6465,39.3157,4430700
2001-03-16,39.5918,40.3613,39.0229,39.0229,8610300
2001-03-19,40.8884,40.9887,39.0229,39.2321,4303800
2001-03-20,39.3492,40.2359,39.3241,40.1522,4094800
2001-03-21,38.5712,39.5248,38.3537,38.8975,5136000
2001-03-22,38.4792,38.6465,37.1073,38.1446,5929200
2001-03-23,39.2739,39.2739,36.6389,37.2245,5382400
2001-03-26,40.1522,40.1522,38.9393,39.3994,4994600
2001-03-27,41.9173,42.2435,39.5248,39.9431,5301100
2001-03-28,39.4747,41.6579,38.1111,41.1561,6105100
2001-03-29,40.3195,40.7796,38.8975,38.8975,4956900
2001-03-30,41.2397,41.407,39.8176,40.9887,4784900
2001-04-02,40.696,41.9089,40.2526,41.6161,5115200
2001-04-03,39.8176,40.9051,39.7256,40.696,5524500
2001-04-04,40.9051,41.4404,39.7256,40.3613,6843900
2001-04-05,41.407,41.407,39.3157,40.1522,8184200
2001-04-06,41.6894,41.8412,39.8431,41.2257,6713100
2001-04-09,42.3639,42.4482,41.1667,41.2257,5548500
2001-04-10,43.0299,43.4177,42.5241,42.5746,7057500
2001-04-11,42.5325,43.013,42.1953,42.7854,6760800
2001-04-12,43.9067,43.9657,41.9845,42.3639,5383400
2001-04-16,43.8392,44.6401,42.8697,43.9067,3682200
2001-04-17,44.598,44.6739,43.2491,43.4177,5008600
2001-04-18,44.9015,45.3989,43.7549,44.6823,6928000
2001-04-19,45.1038,45.4411,43.8477,45.3146,4286300
2001-04-20,44.7329,45.1038,44.5811,44.7245,6319000
2001-04-23,44.6064,44.7245,42.7854,44.2186,5403700
2001-04-24,44.5221,45.4411,44.4799,44.6064,3919600
2001-04-25,46.5202,46.6129,45.5422,45.7361,7756400
2001-04-26,46.7815,47.7173,46.7309,47.1693,7219900
2001-04-27,46.9585,47.0007,46.1577,46.79,4670900
2001-04-30,46.4274,47.6077,46.0312,47.085,5278700
2001-05-01,47.7932,47.8944,45.9806,46.2841,5068600
2001-05-02,47.9702,48.0461,47.338,47.7932,4545600
2001-05-03,47.0429,47.8438,46.36,47.7595,4222100
2001-05-04,47.0429,47.633,46.1914,46.4106,5271900
2001-05-07,47.9112,47.9702,46.6635,47.1778,4384600
2001-05-08,46.8743,48.0377,46.849,48.0124,4542400
2001-05-09,45.3736,46.8743,44.3451,46.8743,24722700
2001-05-10,45.028,45.694,44.8088,45.6518,8081700
2001-05-11,44.9268,45.2809,44.5558,45.1038,5224900
2001-05-14,45.4073,45.4326,44.9605,45.146,4689800
2001-05-15,45.5254,45.8963,45.2303,45.4411,5525900
2001-05-16,46.2841,46.6129,45.146,45.146,6065000
2001-05-17,45.2977,46.3937,45.2724,46.3684,5294900
2001-05-18,45.6603,45.7783,45.2977,45.4832,3098200
2001-05-21,46.0902,46.242,45.3399,46.1577,4421700
2001-05-22,45.8879,46.0733,45.5844,46.0733,3056900
2001-05-23,45.2724,46.1577,44.8931,45.694,4352800
2001-05-24,45.4579,45.812,44.9689,45.5254,5707900
2001-05-25,45.5001,45.8541,45.5001,45.7361,4162500
2001-05-29,45.9722,46.3263,45.4157,45.7361,4093600
2001-05-30,45.5254,45.8204,45.2303,45.5254,3362200
2001-05-31,46.242,46.2673,45.323,45.5254,4588900
2001-06-01,46.1492,46.5792,45.3652,46.1998,4032800
2001-06-04,46.7056,47.0344,46.1577,46.6635,4575500
2001-06-05,46.79,46.79,45.6603,46.3263,4052700
2001-06-06,45.8879,46.9585,45.635,46.9585,4621300
2001-06-07,44.9352,45.7361,44.8931,45.3568,6015100
2001-06-08,45.1038,45.3146,44.2608,44.9436,3135900
2001-06-11,45.3652,45.5254,44.7919,44.9352,3097700
2001-06-12,45.8204,45.9638,44.8762,45.0195,3642100
2001-06-13,45.1881,45.9891,45.1038,45.8204,2511000
2001-06-14,44.9774,45.5928,44.9015,45.4832,3421500
2001-06-15,44.2186,44.9774,44.0922,44.5137,7039900
2001-06-18,43.9994,44.598,43.9151,44.598,3000100
2001-06-19,43.9235,44.6823,43.5863,44.2608,3928100
2001-06-20,44.4631,44.5558,43.6285,43.6285,4790800
2001-06-21,44.8509,44.8846,43.5273,43.8814,4891300
2001-06-22,44.3029,44.8425,44.2186,44.5558,4404000
2001-06-25,43.6706,44.5137,43.6369,44.4715,3676800
2001-06-26,44.6823,44.9858,43.0805,43.0805,4928900
2001-06-27,44.0922,44.6823,43.8561,44.598,3523300
2001-06-28,45.1966,45.4832,44.5474,44.598,4998700
2001-06-29,45.1038,46.1239,44.7076,45.0195,8422900
2001-07-02,45.8373,45.8457,45.0027,45.1038,4017000
2001-07-03,46.3516,46.3684,45.5844,45.9216,2488500
2001-07-05,45.5254,46.3178,45.5254,46.242,4151300
2001-07-06,45.2324,46.107,45.2324,45.7673,4185300
2001-07-09,45.8523,46.3278,45.0711,45.0881,3529400
2001-07-10,46.8712,46.8967,46.09,46.2768,5889600
2001-07-11,47.4147,48.2723,46.2768,46.2768,8173700
2001-07-12,47.0835,47.5165,46.9306,47.4231,4566700
2001-07-13,46.9137,47.3382,46.7438,47.092,3660100
2001-07-16,47.4656,47.8732,47.058,47.2958,3757100
2001-07-17,47.9496,48.4846,47.6354,47.8053,8355000
2001-07-18,47.7288,48.2892,47.2108,47.7628,4227400
2001-07-19,48.5355,48.7393,47.9496,48.2298,5689800
2001-07-20,47.6609,48.3062,47.4316,47.9751,4951100
2001-07-23,46.7014,47.5675,46.6165,47.5505,4012100
2001-07-24,45.9032,46.557,45.606,46.0646,3800200
2001-07-25,47.4062,47.5505,46.107,46.2344,3948600
2001-07-26,47.7288,47.8053,46.7014,46.7014,4488400
2001-07-27,47.6609,47.8562,47.1599,47.4656,4438900
2001-07-30,47.5675,48.0175,47.3213,47.593,3437700
2001-07-31,45.9796,46.8712,45.8523,45.8523,10327300
2001-08-01,47.3297,47.542,45.0032,46.2768,5981100
2001-08-02,46.2768,47.3297,46.0561,47.1259,4776600
2001-08-03,45.5806,46.2768,45.0032,46.2344,4318200
2001-08-06,45.2324,45.8353,45.0032,45.4277,4131100
2001-08-07,45.4871,45.7419,45.0966,45.4277,3111100
2001-08-08,45.0456,45.7079,44.8588,45.4702,3114000
2001-08-09,44.7909,45.6485,44.3663,44.8758,4213500
2001-08-10,45.7928,45.8947,44.4173,44.7909,4001600
2001-08-13,45.5466,46.3193,45.2154,45.3428,2822800
2001-08-14,45.5806,46.4297,45.173,45.3428,2719900
2001-08-15,44.9183,45.8777,44.7909,45.6824,3801800
2001-08-16,45.2579,45.3003,44.621,44.706,2379700
2001-08-17,44.5786,45.0881,44.1116,44.9692,4072000
2001-08-20,45.2579,45.2579,44.3663,44.3663,3211300
2001-08-21,45.2579,45.5296,44.8333,45.4702,3412600
2001-08-22,44.6126,45.2579,44.154,45.173,4311600
2001-08-23,44.154,44.8248,43.9842,44.5276,4214800
2001-08-24,44.2475,44.5786,43.7719,44.0267,4278500
2001-08-27,43.6021,44.5361,43.3813,44.4937,4011500
2001-08-28,42.9398,43.4748,42.7275,43.4323,4243400
2001-08-29,42.4558,43.7295,42.4558,43.4323,4661400
2001-08-30,42.6511,43.0841,42.0312,42.5831,4864100
2001-08-31,42.4558,42.7105,42.0312,42.3284,3679500
2001-09-04,42.4133,43.3813,42.286,42.6256,5118000
2001-09-05,42.3284,42.8719,41.9294,42.2435,5514600
2001-09-06,41.6407,42.4133,41.3519,42.2011,4106500
2001-09-07,41.6491,42.0652,41.0293,41.0972,4649400
2001-09-10,43.0502,43.3049,41.6407,41.819,7718200
2001-09-17,42.286,43.0417,41.8275,42.7954,10696300
2001-09-18,43.8993,44.205,41.6067,42.1586,8269200
2001-09-19,45.7673,45.8098,44.4512,44.4937,13642300
2001-09-20,45.2154,46.1919,44.5871,45.7673,12418400
2001-09-21,43.0077,44.8928,42.8804,44.154,12128900
2001-09-24,44.154,44.3493,43.3898,43.6021,7635400
2001-09-25,45.8098,45.9372,44.2389,44.5361,8064300
2001-09-26,45.6315,46.4551,45.2239,46.2344,8361200
2001-09-27,45.5126,46.2938,45.2154,46.1494,7716400
2001-09-28,45.9457,46.4042,45.6824,45.8353,7010100
2001-10-01,46.9561,47.1514,45.8608,46.0221,9213000
2001-10-02,47.2958,47.4911,45.5126,47.1684,7285600
2001-10-03,46.5825,47.542,46.0221,47.2873,9269400
2001-10-04,46.6589,47.3382,45.8862,47.3382,7758400
2001-10-05,46.5691,46.9796,46.0133,46.7316,5140300
2001-10-08,46.5948,46.7744,46.116,46.5691,3464300
2001-10-09,46.5606,46.9539,46.3981,46.5948,4737200
2001-10-10,46.2613,46.6889,46.039,46.3896,5102700
2001-10-11,45.1924,46.3212,44.705,45.9193,8542200
2001-10-12,44.7221,45.3806,44.1663,45.1924,6338200
2001-10-15,44.6452,44.8504,43.6105,44.3801,4328900
2001-10-16,44.5511,45.1582,44.4314,44.8076,6236600
2001-10-17,45.0214,45.449,44.4656,45.1924,6596800
2001-10-18,44.5511,45.7055,44.3373,44.6366,5417900
2001-10-19,44.7649,44.9786,43.696,44.7221,3970000
2001-10-22,43.7473,44.3373,43.1829,44.1663,5814800
2001-10-23,42.6357,43.8242,41.943,43.8242,9352000
2001-10-24,42.8409,43.5677,42.687,43.0119,7563000
2001-10-25,42.9178,43.3112,42.4048,42.6271,4876900
2001-10-26,43.277,43.9183,42.8409,42.9178,4056000
2001-10-29,42.9178,43.7045,42.5416,43.3539,4890400
2001-10-30,42.1568,42.6015,41.9003,42.2423,6569100
2001-10-31,42.5929,43.1829,42.0456,42.1568,4875700
2001-11-01,43.7302,43.9696,42.5502,42.7553,6788500
2001-11-02,43.9098,44.0466,42.8836,43.6532,3823700
2001-11-05,43.7815,44.4057,42.8238,44.0295,4354400
2001-11-06,43.1402,43.5763,42.6271,43.4394,5609400
2001-11-07,42.6271,43.5677,42.3877,43.1402,4591500
2001-11-08,42.7041,43.4309,42.4561,42.5416,6570600
2001-11-09,42.9093,43.5421,42.7553,42.9264,3860900
2001-11-12,42.3278,43.0889,42.2338,42.7126,2980000
2001-11-13,41.8062,42.4903,41.6352,42.3278,6060200
2001-11-14,42.114,42.2423,41.6694,41.8062,5088300
2001-11-15,43.4822,43.4822,42.2423,42.5416,4712600
2001-11-16,43.0119,43.7644,42.5843,43.4822,5287900
2001-11-19,42.6699,43.3283,42.439,43.1829,4494700
2001-11-20,42.0713,42.8836,41.9858,42.7553,3628100
2001-11-21,41.8917,42.4903,41.7207,42.4561,3461300
2001-11-23,41.9003,42.1311,41.7463,42.114,1544000
2001-11-26,41.772,42.0371,41.5753,41.8148,5122600
2001-11-27,41.0451,41.7292,40.7202,41.5582,7954000
2001-11-28,40.9169,41.6865,40.8741,41.0537,5057700
2001-11-29,40.5834,41.1734,40.2242,40.9596,5534400
2001-11-30,40.19,40.8143,40.1045,40.6176,5836100
2001-12-03,40.5919,41.0537,39.9763,40.2756,4976900
2001-12-04,41.028,41.1307,40.2756,40.7459,4289700
2001-12-05,41.1734,41.5924,40.5321,41.2162,5518900
2001-12-06,41.524,41.6523,40.9938,41.0879,4941700
2001-12-07,40.9254,41.6865,40.5235,41.6437,4676000
2001-12-10,41.3102,41.4727,40.6604,40.8314,5031000
2001-12-11,40.9254,41.3017,40.8314,41.3017,4442700
2001-12-12,40.5064,41.1307,40.4038,40.9254,4115700
2001-12-13,40.6433,40.8228,40.1045,40.3611,5033100
2001-12-14,40.3611,40.7031,40.2157,40.5321,4475400
2001-12-17,41.353,41.4556,40.3611,40.4466,7045200
2001-12-18,41.0879,41.7463,41.0879,41.6437,4136100
2001-12-19,41.43,41.5839,40.857,41.0879,4342500
2001-12-20,41.276,41.4641,40.9254,41.4385,4115400
2001-12-21,40.3183,41.7292,40.3183,41.7292,7941100
2001-12-24,40.3611,40.7202,40.2756,40.4893,1546000
2001-12-26,40.3611,40.8314,40.19,40.2328,3811900
2001-12-27,41.3957,41.4727,40.19,40.2328,3992700
2001-12-28,41.276,41.8233,41.0623,41.2162,3276200
2001-12-31,40.5834,41.3444,40.5834,40.9596,4332500
2002-01-02,41.4641,41.4813,40.5748,40.8314,6305500
2002-01-03,42.8409,42.9264,41.3957,41.5924,6524500
2002-01-04,43.277,43.3711,42.9264,43.0546,6453900
2002-01-07,43.0119,43.6874,42.952,43.3539,4557500
2002-01-08,42.9128,43.2058,42.5681,43.0076,4039500
2002-01-09,42.12,42.6629,41.8874,42.3096,6100000
2002-01-10,42.5423,42.8266,41.6633,41.8357,6187600
2002-01-11,42.8266,43.2144,42.2321,42.4906,4846400
2002-01-14,43.3523,43.6883,42.6974,42.8266,5794200
2002-01-15,43.1627,43.8176,42.6543,43.1713,4731600
2002-01-16,42.5251,43.3609,40.5776,43.1713,4620300
2002-01-17,42.93,43.1627,42.4561,42.5681,4164200
2002-01-18,42.1373,42.9128,41.9305,42.6112,5289700
2002-01-22,41.6203,42.189,41.3703,42.1459,4514800
2002-01-23,42.3527,42.9559,41.4824,41.5341,5326100
2002-01-24,41.4479,42.4992,41.3703,42.3527,6435800
2002-01-25,41.2152,41.7495,40.3277,41.4479,8104600
2002-01-28,41.4996,41.5686,40.974,41.0171,4888300
2002-01-29,40.3449,41.7495,40.2932,41.7495,6341700
2002-01-30,39.7073,40.3018,38.8886,40.2932,9769500
2002-01-31,39.9399,40.164,39.3798,39.8969,8446800
2002-02-01,40.1554,40.6724,39.9399,39.9399,5587900
2002-02-04,39.2937,40.457,39.2075,39.9141,4794900
2002-02-05,38.7852,39.5952,38.3458,39.0782,8791400
2002-02-06,37.3979,38.8197,37.0705,38.7852,8793100
2002-02-07,38.3458,38.6904,37.2687,37.2687,6587000
2002-02-08,38.949,39.2075,38.0528,38.3458,4633400
2002-02-11,39.2333,39.5435,38.8456,39.0782,3975100
2002-02-12,39.061,39.285,38.7335,39.2333,3927900
2002-02-13,39.0351,39.1213,38.544,38.949,4941100
2002-02-14,39.242,39.4832,38.7852,39.0351,4259800
2002-02-15,39.3022,39.7504,38.837,39.242,4584000
2002-02-19,39.3884,39.8365,38.8628,39.2506,5617100
2002-02-20,40.164,40.4828,39.2161,39.3884,5433300
2002-02-21,38.3027,39.7935,38.0873,39.6383,6498000
2002-02-22,39.0351,39.1902,38.3199,38.3458,4495700
2002-02-25,40.2329,40.6035,39.2937,39.4229,4834400
2002-02-26,40.5087,40.9395,40.1381,40.3708,4623100
2002-02-27,40.6207,41.491,40.3535,40.5173,5162200
2002-02-28,40.3277,41.4479,40.3277,40.7155,5181300
2002-03-01,41.8701,41.8701,40.5,40.6724,4498000
2002-03-04,41.3014,41.965,40.7844,41.8787,7238200
2002-03-05,40.8447,41.3014,40.5431,41.2756,4492000
2002-03-06,41.4393,41.4737,40.9567,40.974,4649300
2002-03-07,40.9998,41.4048,40.7155,41.2756,4098200
2002-03-08,40.1898,41.4393,39.9054,41.3186,5630800
2002-03-11,40.5173,40.5862,39.7676,39.9399,5538900
2002-03-12,40.8964,40.9309,40.0778,40.5,4695600
2002-03-13,41.2497,41.3617,40.6293,40.8964,4123000
2002-03-14,41.2325,41.3531,40.8878,41.2497,4078000
2002-03-15,41.1032,41.7064,41.0171,41.7064,7849900
2002-03-18,41.0343,41.3186,40.5517,40.8878,3845200
2002-03-19,41.0946,41.2928,40.6121,40.974,3958200
2002-03-20,41.4565,41.5772,41.1032,41.1894,4213400
2002-03-21,40.5259,41.4393,40.1123,41.2325,6411500
2002-03-22,39.3022,40.4139,39.2333,40.4139,7145700
2002-03-25,39.3453,39.6039,39.2161,39.2937,5279000
2002-03-26,39.6039,40.0003,39.2161,39.2506,5396600
2002-03-27,39.2506,39.7245,39.2161,39.3367,5178700
2002-03-28,39.7245,40.052,39.3022,39.3798,4541000
2002-04-01,39.5952,39.647,39.0438,39.2247,4934800
2002-04-02,39.1213,39.242,38.8111,38.9921,4246100
2002-04-03,39.2075,39.4229,38.9576,39.1299,5078800
2002-04-04,39.0524,39.2075,38.7852,38.8628,5579300
2002-04-05,38.949,39.2075,38.8973,39.1213,3166100
2002-04-08,38.4232,39.0489,38.3275,38.849,4194700
2002-04-09,37.1108,38.1537,37.1021,37.893,10565000
2002-04-10,38.1537,38.1972,36.7197,37.1108,9317000
2002-04-11,36.346,37.3281,35.5464,36.937,14861800
2002-04-12,36.7979,37.0152,35.9375,36.1113,7637000
2002-04-15,35.9636,36.7197,35.7202,36.5459,6416100
2002-04-16,37.893,38.0147,36.3895,36.4155,6206400
2002-04-17,37.2499,38.1103,37.1977,37.6323,5815600
2002-04-18,36.8935,37.6149,36.2417,37.0239,4522700
2002-04-19,36.5024,36.8935,36.1809,36.8935,6263100
2002-04-22,34.7642,35.9375,34.7642,35.8506,12319700
2002-04-23,34.8859,36.2417,34.3297,34.3297,12934400
2002-04-24,35.5464,36.0592,34.9989,35.0684,7115800
2002-04-25,35.9984,36.3286,35.1988,35.2422,7829300
2002-04-26,35.8072,36.1635,35.5117,36.0244,9392800
2002-04-29,34.0255,35.5986,33.5649,35.4595,8184600
2002-04-30,34.8598,35.0076,33.7734,34.0342,10125100
2002-05-01,36.1026,36.1548,34.1645,34.9815,7349700
2002-05-02,36.0679,36.5459,35.6942,36.2417,6301600
2002-05-03,35.0684,35.8506,34.8511,35.8506,4023200
2002-05-06,34.6512,35.6594,34.5904,35.0684,4136300
2002-05-07,34.3471,35.025,34.2514,34.9815,4843800
2002-05-08,35.9288,36.1113,34.5904,34.5904,6347100
2002-05-09,34.8946,36.0244,34.8511,35.642,4526300
2002-05-10,34.1993,35.2248,33.8951,35.1988,5891500
2002-05-13,35.5812,35.6333,34.2167,34.2862,6174900
2002-05-14,36.6415,36.711,35.9028,36.0679,5994600
2002-05-15,36.6763,37.1543,36.3808,36.6328,4823300
2002-05-16,38.232,38.3623,37.0674,37.1108,7439600
2002-05-17,37.4932,38.0582,37.2933,38.0582,5652300
2002-05-20,36.8501,37.3715,36.7284,37.3715,3984100
2002-05-21,37.3889,38.1364,36.5372,36.5459,5827000
2002-05-22,37.6844,37.8843,36.9978,37.3629,3622500
2002-05-23,38.3971,38.4145,36.9804,37.4585,5342700
2002-05-24,37.8061,38.6144,37.7887,38.4145,4361300
2002-05-28,38.8056,38.8751,38.1451,38.371,4956800
2002-05-29,38.1451,38.7795,38.0668,38.7187,4624000
2002-05-30,38.232,38.3884,37.4672,37.6323,5274200
2002-05-31,37.3715,38.7447,37.1543,38.0668,6089200
2002-06-03,36.6589,37.8322,36.5024,37.3715,5554300
2002-06-04,36.8066,37.2933,36.0853,36.1113,5791700
2002-06-05,36.6328,37.3715,36.3721,36.7197,4325500
2002-06-06,35.6333,36.7197,35.3639,36.6328,5186600
2002-06-07,36.0505,36.3199,35.0076,35.1988,4689100
2002-06-10,36.2243,36.9978,35.5464,36.1548,3809600
2002-06-11,35.2248,36.7197,35.1292,36.3286,4285000
2002-06-12,36.2504,36.3634,35.3726,35.3726,5847900
2002-06-13,35.9375,36.459,35.5464,36.3721,5190000
2002-06-14,35.9028,36.1113,34.3297,34.7642,9159700
2002-06-17,36.3895,36.8066,35.7985,35.8072,6193500
2002-06-18,36.8501,36.9109,35.8941,36.0244,5466100
2002-06-19,34.5991,36.8066,34.5556,36.5024,8301800
2002-06-20,34.7121,35.3292,34.1385,34.573,8043800
2002-06-21,34.9815,35.6333,34.4166,34.4166,11149100
2002-06-24,34.46,34.6339,33.4606,34.1124,8663800
2002-06-25,33.5909,34.938,33.5736,34.7207,6103000
2002-06-26,33.6344,34.3297,31.7223,32.0613,12542600
2002-06-27,34.095,34.1558,31.8875,33.2867,9280900
2002-06-28,34.8946,34.8946,33.4258,33.7213,9149300
2002-07-01,33.2346,34.938,33.2085,34.46,6311500
2002-07-02,32.3047,33.2346,32.1569,33.2346,9740300
2002-07-03,32.661,33.0173,31.6355,32.2873,7656900
2002-07-05,33.7995,33.8951,32.4958,32.661,3952600
2002-07-08,33.839,34.4974,33.1368,34.1902,6558000
2002-07-09,32.654,34.0146,32.5662,33.9268,5926100
2002-07-10,31.6884,33.1368,31.6007,33.1368,7795100
2002-07-11,33.0051,33.3211,31.1091,31.2056,10253700
2002-07-12,30.9862,33.0753,30.7316,33.0051,9992000
2002-07-15,30.8545,30.8545,29.0199,30.0645,11778500
2002-07-16,30.7228,30.9072,29.4237,29.9767,9033800
2002-07-17,31.0389,31.5831,30.3278,31.5129,8992400
2002-07-18,29.8889,31.5567,29.6695,30.9862,6350100
2002-07-19,28.5283,29.9065,27.6506,29.0989,8955600
2002-07-22,25.1488,27.2029,24.5607,26.5972,23503900
2002-07-23,24.0779,25.4473,23.3318,25.0172,18352900
2002-07-24,24.4466,25.0172,22.8314,22.9104,17876100
2002-07-25,24.2271,25.4473,24.0867,24.4466,12399000
2002-07-26,25.2629,25.4034,23.7882,24.5256,9821900
2002-07-29,26.7113,26.9922,25.9213,26.29,9377100
2002-07-30,26.5094,27.1326,26.0705,26.3339,8727200
2002-07-31,28.9673,29.4061,26.5094,26.5094,17701000
2002-08-01,27.5277,29.134,27.4311,28.8707,10578500
2002-08-02,28.0719,28.3089,27.554,28.0895,6917600
2002-08-05,26.4655,27.4838,26.2197,27.475,9873800
2002-08-06,26.2197,27.5628,26.0266,26.6411,7688400
2002-08-07,25.8686,26.6235,24.7801,26.29,11468000
2002-08-08,26.0705,26.4655,25.5087,26.29,9301600
2002-08-09,26.5533,26.9922,25.7457,26.0793,6317100
2002-08-12,26.4216,26.9044,25.8949,26.0266,5497900
2002-08-13,25.8072,26.8869,25.7721,26.5533,5772200
2002-08-14,27.1678,27.2116,25.2805,25.8949,7845100
2002-08-15,26.7289,27.5715,26.3339,27.2116,6618600
2002-08-16,27.8173,28.5108,26.4216,26.7289,8211100
2002-08-19,29.4851,29.8363,28.0017,28.0017,8234600
2002-08-20,27.9139,28.5283,27.6418,28.0895,7966300
2002-08-21,28.3967,28.5283,27.1765,27.9139,7752100
2002-08-22,28.7829,29.0902,28.1948,28.5196,6721400
2002-08-23,27.7735,28.4406,27.6681,28.3528,5116600
2002-08-26,28.4406,28.5283,27.2819,27.7471,5217100
2002-08-27,27.9753,28.5283,27.6593,28.4406,4915300
2002-08-28,27.1765,27.5628,26.9044,27.2994,4218800
2002-08-29,27.1239,27.3345,26.3514,26.5533,4774900
2002-08-30,27.2116,27.6418,25.8774,26.6674,9387700
2002-09-03,25.7721,26.6499,25.7633,26.5533,7566600
2002-09-04,26.3339,26.4919,25.7721,25.7721,7615400
2002-09-05,25.8248,26.5533,25.1927,25.8949,7312400
2002-09-06,26.1846,26.527,25.6316,26.3339,4779000
2002-09-09,26.2022,26.3075,25.1927,25.6755,6852600
2002-09-10,26.8078,26.8605,26.1583,26.3339,5431600
2002-09-11,27.8876,28.3528,27.2204,27.5628,5412200
2002-09-12,27.2468,28.7039,26.8605,28.5283,9094700
2002-09-13,26.6411,27.6418,26.6147,26.8605,5654100
2002-09-16,27.2204,27.2994,26.2022,26.5533,5455700
2002-09-17,26.8078,27.8261,26.7728,27.6506,4994800
2002-09-18,26.4919,26.9746,26.2197,26.8078,4430000
2002-09-19,25.8335,26.3865,25.6404,26.1144,5327000
2002-09-20,26.0354,26.29,25.5789,25.8335,9957000
2002-09-23,26.0793,26.2373,24.8592,25.5,6278600
2002-09-24,25.2366,25.8072,25.0172,25.5438,7884000
2002-09-25,25.7545,26.1144,25.2278,25.4561,6507300
2002-09-26,26.0354,26.2022,25.5263,25.8335,6370100
2002-09-27,24.6573,25.5614,24.2974,25.5438,11031900
2002-09-30,24.0867,24.3588,23.481,23.9199,12107700
2002-10-01,25.9652,26.0266,24.1394,24.1569,12700900
2002-10-02,26.6411,27.2116,25.8072,26.1144,14000900
2002-10-03,28.8795,28.897,27.08,27.2116,19337500
2002-10-04,29.4939,29.5378,27.9139,28.9233,15160700
2002-10-07,28.4406,29.2394,28.2826,28.9673,12233200
2002-10-08,28.423,29.0989,28.0895,28.9673,12428800
2002-10-09,28.2211,28.8795,27.7822,28.0895,8350500
2002-10-10,28.9233,28.9673,27.4311,28.0895,10591500
2002-10-11,30.8896,31.2495,29.1077,29.1077,13903800
2002-10-14,30.4683,31.6007,30.1961,30.8896,8110800
2002-10-15,30.8106,31.1617,30.1698,31.0301,10480300
2002-10-16,30.5034,31.1529,30.0733,30.8194,7028600
2002-10-17,31.39,31.4426,30.8106,31.1617,5996000
2002-10-18,30.6965,31.0476,30.284,30.8545,8166600
2002-10-21,31.3197,31.469,30.3981,30.6351,8454800
2002-10-22,33.1368,33.6196,31.0389,31.1617,13303200
2002-10-23,32.2414,32.2414,30.9423,31.6884,11468700
2002-10-24,32.3819,32.8296,31.9342,32.6101,9924100
2002-10-25,32.101,32.101,30.916,31.8201,10183600
2002-10-28,33.0139,33.4528,32.3468,32.4784,10866200
2002-10-29,32.1273,33.1368,31.6621,33.0051,7766000
2002-10-30,33.5669,33.6196,32.1273,32.2151,6967300
2002-10-31,33.1456,34.234,32.5223,33.7951,8914200
2002-11-01,33.8741,34.2253,32.0922,32.654,6973700
2002-11-04,34.4271,35.7614,34.0585,34.7519,9872400
2002-11-05,34.8485,35.0943,34.2867,34.2867,6732700
2002-11-06,34.234,34.8924,33.8215,34.8046,7087800
2002-11-07,33.4528,34.313,33.1894,34.1902,5843600
2002-11-08,33.9531,34.234,33.365,33.4528,7285100
2002-11-11,32.9261,33.8741,32.6979,33.6196,4548100
2002-11-12,33.6898,34.234,33.2245,33.444,8337900
2002-11-13,33.0929,33.6986,32.1273,33.6986,8955800
2002-11-14,33.6196,33.9356,33.1456,33.4879,6814800
2002-11-15,34.5061,34.5852,33.2245,33.6196,7773100
2002-11-18,33.9005,34.9363,33.5844,34.5149,7455700
2002-11-19,33.3475,33.9005,33.128,33.9005,7461300
2002-11-20,34.2779,34.8485,32.9261,33.3562,7858600
2002-11-21,35.6736,35.8931,34.0233,34.2779,9499800
2002-11-22,35.1118,35.3751,34.6729,35.1118,7705900
2002-11-25,35.9896,36.0686,35.1206,35.1206,6636500
2002-11-26,34.9714,35.9896,34.7958,35.9896,6557900
2002-11-27,36.49,36.6216,35.1557,35.1996,6442600
2002-11-29,36.7621,36.8674,35.9194,36.4987,3801700
2002-12-02,36.2969,37.9208,35.7526,36.9552,7143100
2002-12-03,35.4015,36.6919,35.2874,36.3056,6363300
2002-12-04,35.0416,35.6385,34.945,35.3313,6544300
2002-12-05,34.2955,35.1996,34.2428,35.1996,7217700
2002-12-06,35.2786,35.5683,33.5932,33.6196,7697600
2002-12-09,33.6196,34.9011,33.5581,34.7607,6977500
2002-12-10,33.6635,34.1463,33.2245,33.6196,5852200
2002-12-11,33.9268,34.2955,33.1894,33.2245,5054900
2002-12-12,33.7074,34.1902,33.4177,33.7951,5016600
2002-12-13,33.9707,34.6642,33.0578,33.1368,5792200
2002-12-16,35.0592,35.2435,34.1023,34.4096,7076100
2002-12-17,34.3745,35.2435,34.313,34.9363,5473200
2002-12-18,34.4535,34.8924,33.9356,34.3832,6385600
2002-12-19,34.0497,34.629,33.8566,34.0585,5388200
2002-12-20,35.1118,35.3751,34.629,34.7168,18072400
2002-12-23,35.0241,35.4278,34.6115,35.1031,6744200
2002-12-24,34.6729,34.9802,34.3657,34.5852,2050200
2002-12-26,34.8397,35.3927,34.6027,34.7607,3654500
2002-12-27,34.1463,34.9363,34.0233,34.629,3676600
2002-12-30,34.2165,34.629,33.7074,34.2779,4033200
2002-12-31,34.0146,34.4447,33.7249,34.234,5586100
2003-01-02,35.2611,35.3751,34.2955,34.3657,6559700
2003-01-03,35.5068,35.5858,34.9889,35.0328,5166900
2003-01-06,38.6844,38.8951,36.1476,36.1564,18405700
2003-01-07,38.2895,38.6844,37.9208,38.6844,13245900
2003-01-08,35.9106,37.1746,35.7263,37.1746,16346100
2003-01-09,35.5156,36.2793,35.3049,35.7702,7859800
2003-01-10,35.2347,35.3664,34.8046,34.8046,8293000
2003-01-13,35.6824,35.9809,35.3137,35.3225,7129700
2003-01-14,36.1476,36.2969,35.463,35.5507,7761100
2003-01-15,35.2786,36.174,35.1469,36.1301,5688200
2003-01-16,34.6905,35.6385,34.3657,35.3313,7225600
2003-01-17,33.7951,34.4974,33.602,34.0146,6700500
2003-01-21,32.8032,33.8039,32.7067,33.8039,8355400
2003-01-22,32.4697,33.0929,32.3029,32.6716,9488100
2003-01-23,31.5129,32.5223,30.8194,32.4784,13530500
2003-01-24,30.7228,32.0483,30.5912,31.7762,9382500
2003-01-27,31.1178,31.5129,30.6526,31.0739,9177900
2003-01-28,31.6445,31.8728,30.5912,30.9423,9442000
2003-01-29,33.049,33.1719,31.6007,31.6007,14512500
2003-01-30,32.6276,33.4791,32.4872,33.3562,9109500
2003-01-31,33.602,33.8829,32.338,32.6276,9829100
2003-02-03,33.997,34.1463,33.5142,33.6459,6910000
2003-02-04,33.9268,34.1902,33.4352,34.0585,7221600
2003-02-05,33.7951,34.6466,33.4967,33.9619,7803600
2003-02-06,33.3738,33.8302,32.8998,33.6196,7557500
2003-02-07,32.6364,33.7074,32.6101,33.4616,8932300
2003-02-10,32.7769,33.2684,32.1975,32.6452,6321400
2003-02-11,32.417,32.8383,32.0395,32.8383,5612400
2003-02-12,31.6182,32.417,31.5918,32.259,5679900
2003-02-13,31.8728,32.2063,30.8984,31.2056,6774100
2003-02-14,32.7769,32.8735,31.6709,31.9517,4593500
2003-02-18,33.2684,33.3299,32.6979,32.7857,4486000
2003-02-19,32.1273,32.8383,31.6182,32.8296,7122300
2003-02-20,30.5122,32.5311,30.0645,31.8815,14833100
2003-02-21,31.2846,31.8201,30.5297,31.1617,13179800
2003-02-24,31.1178,31.2934,30.6702,31.2934,6490700
2003-02-25,31.2407,31.39,30.24,30.7404,7199800
2003-02-26,30.7053,31.3197,30.6351,31.0739,5306700
2003-02-27,30.5912,31.2934,30.24,30.7053,5758800
2003-02-28,30.3542,31.1091,30.0645,30.9686,6901400
2003-03-03,30.5561,31.1793,30.3015,30.3629,4968800
2003-03-04,30.2049,30.7755,30.1874,30.5561,5105300
2003-03-05,30.3981,30.6263,29.9943,30.284,5935100
2003-03-06,29.3184,30.0996,29.1604,30.0645,7121900
2003-03-07,29.8977,29.9855,28.7039,29.3272,7488400
2003-03-10,28.7478,29.9065,28.3967,29.9065,6618500
2003-03-11,28.4493,31.1793,28.1421,28.7917,10482400
2003-03-12,29.3798,29.4851,28.3177,28.5986,7852700
2003-03-13,30.5034,30.5473,29.4939,29.9767,8212500
2003-03-14,30.7667,31.2056,30.3717,30.6175,6488100
2003-03-17,31.6007,31.7762,30.2049,30.4595,9211500
2003-03-18,31.5129,31.8113,30.9862,31.7762,6372700
2003-03-19,32.0132,32.0395,31.1442,31.6445,5447900
2003-03-20,31.8201,32.1098,31.3812,32.0132,5328500
2003-03-21,32.9437,33.1456,31.8201,32.0834,8224300
2003-03-24,31.469,32.4521,31.3197,32.3029,5689700
2003-03-25,31.8377,32.0395,31.2934,31.6445,5099700
2003-03-26,31.6621,32.0658,31.2232,31.8377,6216800
2003-03-27,31.864,32.4784,31.3461,31.5129,6920900
2003-03-28,31.7323,32.3643,31.4251,31.8728,5149300
2003-03-31,31.0301,31.5918,30.8896,31.1178,6531700
2003-04-01,31.6445,31.9079,31.0213,31.0213,6252600
2003-04-02,32.8998,33.1192,32.3029,32.3468,6480800
2003-04-03,31.6796,32.338,31.6182,31.7938,9428400
2003-04-04,31.4953,31.8991,31.2495,31.7323,6844500
2003-04-07,31.0564,32.0834,30.9599,31.9517,7569600
2003-04-08,30.2664,30.7141,30.0557,30.7141,8529000
2003-04-09,29.6695,30.9423,29.45,30.2752,7286000
2003-04-10,30.0645,30.0645,29.1604,29.6695,6097600
2003-04-11,29.8275,30.5561,29.6695,30.3717,6220200
2003-04-14,30.4771,30.4771,29.766,30.1084,5978500
2003-04-15,30.319,30.6351,30.0382,30.4683,5494600
2003-04-16,29.2569,30.0996,29.0638,30.0206,7507600
2003-04-17,29.5203,29.6958,28.7917,29.0375,7522700
2003-04-21,29.1165,29.6695,28.8707,29.5817,5634100
2003-04-22,29.8363,29.845,28.9673,29.1867,8040400
2003-04-23,31.627,31.8201,30.0206,30.0206,12382000
2003-04-24,31.864,32.18,31.3373,31.6094,9217400
2003-04-25,31.6533,32.101,31.4865,31.8815,6305200
2003-04-28,32.5574,32.7681,31.864,31.9254,6377900
2003-04-29,32.417,32.8208,31.864,32.7769,6187300
2003-04-30,32.812,33.2772,32.2151,32.4784,7508400
2003-05-01,32.8296,33.0929,31.627,32.4784,5674600
2003-05-02,33.4967,33.7951,32.5838,32.8735,6323700
2003-05-05,32.6452,33.4703,32.5399,33.2772,5914800
2003-05-06,33.1719,33.5142,32.6979,32.7857,6552500
2003-05-07,32.9963,33.2684,32.6716,32.8296,5464100
2003-05-08,31.8903,32.6276,31.864,32.3468,6661600
2003-05-09,32.5311,32.7418,31.9517,31.9781,5151100
2003-05-12,32.9173,33.2245,32.3292,32.5574,4915900
2003-05-13,32.8208,32.9612,32.5223,32.9612,4194100
2003-05-14,32.8471,33.3123,32.5048,33.3123,4474400
2003-05-15,32.5662,33.2684,32.3907,33.2509,5433300
2003-05-16,31.7323,32.7769,31.7323,32.4784,7451200
2003-05-19,31.3812,32.0132,31.1617,31.785,7048600
2003-05-20,31.4163,31.8201,30.8984,31.6621,5153200
2003-05-21,31.3812,31.7411,30.995,31.3549,5247500
2003-05-22,31.7323,31.9869,31.0915,31.1881,7010500
2003-05-23,32.2327,32.4346,31.5041,31.5567,7726800
2003-05-27,32.891,32.891,31.8903,32.1098,7342600
2003-05-28,32.7242,33.3123,32.575,32.891,6506200
2003-05-29,32.5136,33.3387,32.4521,32.8471,6711800
2003-05-30,33.2245,33.2684,32.5662,32.654,6929900
2003-06-02,33.8039,34.2253,33.1543,33.4879,7839100
2003-06-03,34.1463,34.1463,33.6635,33.839,5637500
2003-06-04,34.7344,34.8748,34.1287,34.1902,7185000
2003-06-05,34.8924,34.9802,34.3394,34.7256,5676500
2003-06-06,34.4359,35.2259,34.3306,35.0943,6432400
2003-06-09,34.1726,34.8836,33.7776,34.3657,5566100
2003-06-10,34.7168,34.7168,33.4879,34.1726,5271300
2003-06-11,35.0855,35.0855,34.3306,34.7168,5539000
2003-06-12,34.9275,35.3137,34.4359,35.1469,4971700
2003-06-13,34.629,35.0504,34.0585,34.9275,5120600
2003-06-16,34.9802,34.9802,34.4359,34.629,4824900
2003-06-17,35.0855,35.2259,34.629,34.9802,5912800
2003-06-18,35.3225,35.6473,34.8222,35.0241,7040600
2003-06-19,35.2084,35.6561,35.0241,35.463,6044500
2003-06-20,36.174,36.2969,35.2084,35.4542,16779800
2003-06-23,35.6736,36.1388,35.542,36.0774,6623400
2003-06-24,35.7263,35.9282,35.4366,35.4717,6983600
2003-06-25,34.9802,35.9809,34.8327,35.8579,7703400
2003-06-26,35.2259,35.2874,34.708,34.9714,7760100
2003-06-27,34.8134,35.3225,34.5852,35.1118,5556200
2003-06-30,34.629,35.182,34.3569,34.8661,7479800
2003-07-01,34.6729,34.7168,33.7951,34.234,7911400
2003-07-02,35.2962,35.3137,34.629,34.7256,5834100
2003-07-03,34.9802,35.3313,34.234,35.2962,3147600
2003-07-07,35.1557,35.3313,34.8924,34.9802,6635800
2003-07-08,35.0183,35.1956,34.3093,35.1424,7955500
2003-07-09,34.3979,34.7613,34.1852,34.6815,6127400
2003-07-10,33.7686,34.2561,33.68,34.1054,5562500
2003-07-11,34.3625,34.4068,33.68,34.1941,4743000
2003-07-14,33.2368,34.4245,33.0419,34.3713,12029700
2003-07-15,32.7494,33.6534,32.7228,33.5914,9670000
2003-07-16,32.1112,32.838,31.8187,32.7494,9179400
2003-07-17,31.7567,32.5012,31.4288,31.9074,7967400
2003-07-18,31.9074,31.9685,31.4731,31.9605,7854900
2003-07-21,30.8172,32.0252,30.7108,31.9074,9301000
2003-07-22,31.6326,31.8187,31.1097,31.2338,8288200
2003-07-23,31.3135,32.0669,30.7906,31.7744,9509000
2003-07-24,30.7463,31.6237,30.7197,31.2072,6821500
2003-07-25,31.0565,31.2249,30.7817,31.1097,6958600
2003-07-28,31.8896,32.2974,31.0388,31.0565,9495300
2003-07-29,31.3756,32.1289,31.1097,32.1289,9358800
2003-07-30,31.2249,31.8187,31.2249,31.3933,6740400
2003-07-31,31.021,31.6681,30.8083,31.6415,8207000
2003-08-01,30.4715,31.0299,30.312,31.021,8478200
2003-08-04,31.7655,31.9871,31.0299,31.0299,9829400
2003-08-05,31.0654,31.7744,30.9856,31.7744,7741700
2003-08-06,31.9517,32.2974,31.3047,31.4288,8215700
2003-08-07,31.3313,31.9579,31.2515,31.8808,6173000
2003-08-08,31.021,31.6947,30.5868,30.8083,6066800
2003-08-11,31.1983,31.4642,30.9501,31.2338,4910200
2003-08-12,31.9783,31.996,31.2249,31.5263,7718700
2003-08-13,31.5706,32.2619,31.3756,32.2619,5061100
2003-08-14,31.6769,31.996,31.4642,31.996,6284400
2003-08-15,31.7478,31.7744,31.2515,31.6858,3117000
2003-08-18,31.7744,32.448,31.6858,32.448,4196600
2003-08-19,31.7124,32.1112,31.3844,32.1112,5766000
2003-08-20,31.7301,31.7301,31.5085,31.5972,4670100
2003-08-21,31.9517,32.3949,31.739,31.9517,6177700
2003-08-22,31.1806,32.1289,31.0654,31.996,7230000
2003-08-25,30.8438,31.2515,30.6577,31.0388,5057700
2003-08-26,31.0299,31.1983,30.3652,30.8261,6410300
2003-08-27,31.0831,31.3756,30.7995,30.7995,4508400
2003-08-28,31.5528,31.606,30.9501,31.1983,6076700
2003-08-29,31.3047,31.3844,31.0033,31.3756,4265000
2003-09-02,31.5174,31.6415,30.9856,31.0742,7259300
2003-09-03,32.1289,32.1378,31.5972,31.7301,7870800
2003-09-04,32.4835,32.7405,32.0846,32.1289,7699000
2003-09-05,32.1733,32.7937,32.0846,32.6164,7698600
2003-09-08,31.7212,32.2974,31.5794,32.2619,7679900
2003-09-09,31.154,31.5174,31.1097,31.4022,6660400
2003-09-10,31.6947,31.7655,31.1363,31.154,6933400
2003-09-11,31.3135,31.996,31.021,31.8187,6892800
2003-09-12,31.5706,31.606,31.1008,31.2426,5639600
2003-09-15,31.0476,31.4731,31.0299,31.3756,5891700
2003-09-16,31.4908,31.5972,31.1097,31.2249,5646400
2003-09-17,31.4997,31.6415,31.3933,31.5528,5626900
2003-09-18,31.7744,32.0403,31.4819,31.5972,6956000
2003-09-19,31.2249,31.4642,31.154,31.3933,8607000
2003-09-22,30.764,31.021,30.5247,31.021,8020700
2003-09-23,29.3636,29.9309,29.0711,29.3814,22506700
2003-09-24,28.9116,29.337,28.8939,29.3361,13672700
2003-09-25,28.9293,29.1155,28.7166,28.8053,11618200
2003-09-26,28.885,30.0284,28.7787,29.3991,11001600
2003-09-29,28.9648,29.0357,28.7166,28.761,6852400
2003-09-30,28.7521,28.8939,28.4064,28.823,7642500
2003-10-01,29.2129,29.2573,28.6191,28.8584,7916600
2003-10-02,29.4966,29.5143,28.9736,29.1155,6991200
2003-10-03,29.8777,30.3563,29.665,29.665,10022000
2003-10-06,29.86,29.9575,29.5409,29.8688,6274900
2003-10-07,29.6738,29.727,29.275,29.5143,9771200
2003-10-08,28.9648,29.3814,28.7521,29.3814,6598500
2003-10-09,28.6812,29.1066,28.5571,28.8939,9778400
2003-10-10,28.6723,28.69,28.4064,28.5039,6801100
2003-10-13,28.2469,28.8053,27.981,28.5837,8722300
2003-10-14,27.9101,28.1937,27.5644,27.9632,10601800
2003-10-15,28.5128,28.6723,27.848,28.1848,9098900
2003-10-16,28.5571,28.7964,28.0342,28.0519,8310100
2003-10-17,28.4684,28.6723,28.1937,28.5482,6541300
2003-10-20,28.9914,28.9914,28.1494,28.6103,7222100
2003-10-21,28.5039,29.0357,28.2912,29.0357,8505600
2003-10-22,28.7787,29.0002,28.371,28.5039,9568400
2003-10-23,29.4611,29.4611,28.6014,28.6014,10311800
2003-10-24,29.4611,29.4611,28.9382,29.2661,8414300
2003-10-27,29.4522,29.6916,29.2839,29.4611,9539400
2003-10-28,29.337,29.5675,29.2041,29.4257,10035100
2003-10-29,29.08,29.5852,29.0268,29.2484,9842200
2003-10-30,29.0711,29.4257,28.8496,29.08,6883300
2003-10-31,29.7714,29.9043,28.8939,29.2484,8480500
2003-11-03,29.4434,29.9929,29.2218,29.8688,6828053
2003-11-04,29.1509,29.5586,29.0977,29.3814,5934880
2003-11-05,29.1509,29.2927,28.7344,28.9027,6013200
2003-11-06,28.761,29.2484,28.6014,28.761,6118900
2003-11-07,28.5128,28.9825,28.433,28.7166,5988200
2003-11-10,28.7787,29.0002,28.433,28.5039,6241400
2003-11-11,28.7521,28.8939,28.5571,28.6723,4268900
2003-11-12,28.7521,28.8407,28.5128,28.7521,4958600
2003-11-13,28.3001,28.628,28.1848,28.5748,6108900
2003-11-14,28.9027,28.9205,28.1848,28.3001,8831900
2003-11-17,29.018,29.5143,28.8053,28.9382,8626700
2003-11-18,28.7698,29.2395,28.7344,29.1598,8219200
2003-11-19,28.5482,28.761,28.3887,28.761,6866100
2003-11-20,28.2203,28.5305,28.1937,28.2646,7649700
2003-11-21,28.5305,28.7787,28.2292,28.4064,8206000
2003-11-24,28.8053,29.0623,28.69,28.7166,7319500
2003-11-25,29.275,29.3193,28.6723,28.9382,7365000
2003-11-26,28.9825,29.3814,28.6723,29.337,7006700
2003-11-28,29.1066,29.1155,28.8141,28.9559,2425700
2003-12-01,29.0268,29.0889,28.761,28.9559,6444200
2003-12-02,28.8673,29.0357,28.6723,29.0268,8123300
2003-12-03,28.5748,28.9736,28.5305,28.8053,7915400
2003-12-04,29.4522,29.47,28.4773,28.4773,13713000
2003-12-05,29.5941,29.9043,29.3902,29.5498,8447100
2003-12-08,29.2573,29.6207,29.0623,29.6029,6509100
2003-12-09,28.8939,29.2661,28.885,29.2484,8846900
2003-12-10,29.5763,29.6295,28.5571,28.8939,8234600
2003-12-11,29.5498,29.7182,29.2661,29.337,9359900
2003-12-12,29.6384,29.7359,29.337,29.47,7038900
2003-12-15,29.665,29.984,29.3991,29.8245,8324400
2003-12-16,30.055,30.4184,29.8688,29.9929,10632300
2003-12-17,30.312,30.3475,29.9575,30.0904,8567600
2003-12-18,30.4893,30.6045,30.2322,30.312,6668900
2003-12-19,30.2499,30.764,29.922,30.5247,11986300
2003-12-22,30.2499,30.4981,30.0904,30.2677,8202500
2003-12-23,30.2854,30.5956,30.1347,30.2499,6213500
2003-12-24,30.0993,30.4715,30.055,30.1347,3064800
2003-12-26,30.055,30.0993,29.9575,30.0638,2310800
2003-12-29,30.4184,30.4893,30.0372,30.055,7129600
2003-12-30,31.0122,31.021,30.4449,30.507,9619800
2003-12-31,31.1097,31.2426,30.9679,30.9679,6573500
2004-01-02,31.2515,31.4376,31.092,31.1097,7281300
2004-01-05,32.1467,32.1733,31.3756,31.4642,15214800
2004-01-06,32.6785,32.7405,32.0403,32.1289,9996300
2004-01-07,32.7457,32.7546,32.2441,32.6471,9367600
2004-01-08,33.2472,33.2472,32.7994,32.9606,9250700
2004-01-09,32.2799,33.095,32.2351,33.095,8497100
2004-01-12,32.8979,33.0143,31.9754,32.1097,7311500
2004-01-13,32.7635,33.1039,32.2351,33.0502,7871200
2004-01-14,33.0143,33.1129,32.7546,32.9158,5683800
2004-01-15,33.0322,33.1935,32.7904,33.095,7618900
2004-01-16,33.095,33.3547,32.88,33.1397,6769100
2004-01-20,33.3099,33.5697,33.1397,33.1397,6593300
2004-01-21,33.1577,33.301,32.7815,33.301,8318900
2004-01-22,33.5786,33.6592,32.9516,33.1397,8247900
2004-01-23,33.6771,33.7219,33.4711,33.5786,5099500
2004-01-26,33.8294,33.919,33.4622,33.5876,5837800
2004-01-27,33.2114,33.8294,33.1397,33.8294,7714900
2004-01-28,32.9248,33.6324,32.7725,33.3637,7944500
2004-01-29,33.2203,33.2741,32.4232,33.0502,8449500
2004-01-30,33.0143,33.3368,32.7815,33.3189,6210800
2004-02-02,33.5876,33.8115,32.468,32.9158,7932600
2004-02-03,33.3457,33.8563,33.086,33.8384,4987900
2004-02-04,32.8621,33.2741,32.5576,32.9606,6935100
2004-02-05,33.0412,33.0591,32.6023,32.7367,5159100
2004-02-06,33.2741,33.3547,32.5128,32.7994,4529500
2004-02-09,33.095,33.2562,32.9248,33.0502,4396200
2004-02-10,33.6771,33.8025,33.2472,33.4711,7742400
2004-02-11,34.2146,34.2772,33.5965,33.6771,7890600
2004-02-12,33.6861,33.9459,33.5248,33.7219,5876700
2004-02-13,33.7219,34.125,33.6592,33.6861,5987400
2004-02-17,35.1102,35.1102,33.8204,34.4832,9245800
2004-02-18,34.1339,34.7519,33.9996,34.7519,7213300
2004-02-19,33.4532,34.1698,33.3726,34.1339,7859900
2004-02-20,33.301,33.9011,33.077,33.704,6603000
2004-02-23,33.1487,33.3995,33.0054,33.3637,5741700
2004-02-24,34.116,34.4385,33.2383,33.2383,10153000
2004-02-25,34.0533,34.331,33.9279,34.1339,5970500
2004-02-26,34.3399,34.3489,33.8742,33.9996,4650400
2004-02-27,34.331,34.4295,33.9996,34.3399,5986500
2004-03-01,34.6624,34.6803,34.2146,34.3041,5452200
2004-03-02,35.3431,35.4147,33.9459,34.537,11192300
2004-03-03,34.9311,35.3789,34.6892,34.8863,9264600
2004-03-04,35.1013,35.155,34.8505,34.9221,6359300
2004-03-05,34.9132,35.2177,34.8961,34.9758,6196300
2004-03-08,35.1998,35.3521,34.9848,35.0386,5651600
2004-03-09,35.1102,35.1998,34.8863,35.1998,5852400
2004-03-10,34.2772,35.0296,34.0354,34.9758,7815900
2004-03-11,33.6592,34.1429,33.4891,33.9459,7728900
2004-03-12,33.9548,34.0354,33.2741,33.5428,6576600
2004-03-15,33.4084,33.8294,32.3963,33.6324,6397800
2004-03-16,33.3637,33.8025,32.9606,33.7667,4858100
2004-03-17,33.4442,33.5697,33.1039,33.3368,5647500
2004-03-18,33.4711,33.6861,33.077,33.095,5385700
2004-03-19,33.5607,33.8384,33.3189,33.3189,6136500
2004-03-22,32.7725,33.2472,32.4142,33.2293,5851300
2004-03-23,32.2978,32.6919,31.5992,32.6023,9776100
2004-03-24,32.2799,32.8173,31.8858,32.1097,7751300
2004-03-25,32.5934,32.6292,32.3157,32.3336,5960200
2004-03-26,32.262,32.468,32.0381,32.3784,5415700
2004-03-29,32.4949,32.5038,31.9306,32.1724,6232600
2004-03-30,32.5217,32.6471,32.1993,32.3784,5100500
2004-03-31,32.7277,32.871,32.5038,32.6919,5949500
2004-04-01,33.0502,33.6682,33.0054,33.3637,14159100
2004-04-02,33.3547,33.6771,33.0412,33.6771,8231000
2004-04-05,33.7219,33.9906,33.4622,33.5159,7940800
2004-04-06,34.0432,34.0613,33.5636,33.6179,4241600
2004-04-07,33.7626,34.1789,33.3826,34.1156,13372900
2004-04-08,33.7626,34.0703,33.4459,34.0251,6880900
2004-04-12,33.9979,34.0703,33.7626,33.9346,4609500
2004-04-13,33.6088,34.3328,33.4731,34.3147,5956100
2004-04-14,33.5545,33.7445,33.2559,33.6631,4825600
2004-04-15,33.5364,33.7355,33.2287,33.5545,4570800
2004-04-16,33.2559,33.8441,33.1564,33.8441,7446600
2004-04-19,33.6269,33.6631,33.1383,33.2559,4367200
2004-04-20,33.7174,34.2784,33.6721,33.9165,7459700
2004-04-21,34.1065,34.2242,33.7084,33.7536,8294200
2004-04-22,34.1698,34.568,33.7536,33.8893,6348700
2004-04-23,33.9708,34.3147,33.7808,33.7988,4543600
2004-04-26,34.1518,34.3147,33.8531,34.3147,3657300
2004-04-27,33.9346,34.4504,33.3645,34.387,9103700
2004-04-28,34.0794,34.1698,33.7445,34.1156,7296900
2004-04-29,34.197,34.4142,34.0794,34.0794,6580800
2004-04-30,34.1518,34.3689,34.0884,34.2513,6980700
2004-05-03,34.1065,34.3508,33.7717,34.3418,5755100
2004-05-04,34.2875,34.568,34.0432,34.2061,6321000
2004-05-05,34.2332,34.378,33.9436,34.0884,4566300
2004-05-06,33.9889,34.1337,33.5455,34.0794,5043700
2004-05-07,33.283,34.007,33.274,33.7445,6214400
2004-05-10,32.8939,33.5274,32.6586,33.2107,6926400
2004-05-11,32.722,32.9482,32.4686,32.7129,5995100
2004-05-12,32.8306,32.9663,32.3057,32.5591,5433200
2004-05-13,32.8034,33.2559,32.5591,32.7129,5719700
2004-05-14,32.903,33.1835,32.4777,32.6677,5688200
2004-05-17,32.3781,33.2468,32.2876,32.4867,4756400
2004-05-18,32.6767,32.9573,32.4867,32.6224,4553900
2004-05-19,32.6586,33.1835,32.5772,32.9392,4459100
2004-05-20,32.3962,32.6948,32.2605,32.5591,5020200
2004-05-21,32.369,32.5953,32.2152,32.3962,5735700
2004-05-24,32.0342,32.541,31.799,32.532,5939600
2004-05-25,32.0795,32.1247,31.5094,31.8985,6813000
2004-05-26,31.1293,31.9166,31.1203,31.8533,9658700
2004-05-27,31.7447,31.799,31.2198,31.437,9180800
2004-05-28,31.2922,31.8352,31.1565,31.8352,5838000
2004-06-01,31.5546,31.5546,30.9936,31.2922,6633800
2004-06-02,31.8352,31.8985,31.446,31.5727,7011900
2004-06-03,31.6089,32.0795,31.5184,31.5818,5836600
2004-06-04,31.6361,31.9256,31.5637,31.6361,4963400
2004-06-07,32.0704,32.1066,31.6723,31.7628,4730200
2004-06-08,32.17,32.2333,31.6723,31.8171,5773900
2004-06-09,32.4505,33.3183,31.808,31.989,13310900
2004-06-10,32.8125,33.0116,32.5048,32.5772,8223300
2004-06-14,32.5862,32.9392,32.5048,32.8125,6246900
2004-06-15,32.5229,32.9663,32.2605,32.8034,7049600
2004-06-16,32.3419,32.6044,32.2876,32.5139,5301800
2004-06-17,32.4686,32.4958,32.0342,32.0795,5031000
2004-06-18,32.731,32.7853,32.2967,32.369,7160500
2004-06-21,32.3329,32.5681,32.0795,32.5681,6101200
2004-06-22,32.0071,32.3148,31.7085,32.2152,5795400
2004-06-23,32.0795,32.2786,31.9709,32.0161,5715400
2004-06-24,32.1428,32.1609,31.8533,32.1247,7332800
2004-06-25,32.369,32.5772,32.1157,32.17,8785400
2004-06-28,32.541,32.8577,32.2605,32.4415,6804400
2004-06-29,32.6134,32.731,32.5501,32.6496,5428400
2004-06-30,32.7491,33.0206,32.4958,32.7853,6816500
2004-07-01,32.6224,33.1202,32.3962,33.0297,6806900
2004-07-02,32.6405,32.8487,32.369,32.8487,3501300
2004-07-06,32.6315,32.7491,32.4234,32.6134,4633200
2004-07-07,32.9928,33.066,32.7001,32.7916,5769500
2004-07-08,32.4531,33.0934,32.3342,33.0019,5697900
2004-07-09,32.4166,32.4989,32.2428,32.4989,4614900
2004-07-12,32.7001,32.8739,32.3891,32.5629,4413000
2004-07-13,32.38,32.5446,32.0415,32.5172,5321700
2004-07-14,32.1604,32.4714,32.0324,32.069,5285900
2004-07-15,31.8403,32.2519,31.8403,32.1055,4184900
2004-07-16,31.6482,32.1513,31.4744,32.1513,6147200
2004-07-19,31.5384,31.8677,31.4561,31.8677,5209500
2004-07-20,31.7671,31.7671,31.3738,31.4653,7104200
2004-07-21,31.2183,31.8769,31.2183,31.8312,5528400
2004-07-22,31.6574,32.0598,31.2549,31.2823,7877100
2004-07-23,32.3068,33.1574,32.1055,32.2245,11547600
2004-07-26,33.3861,33.6148,32.6269,32.6544,11823600
2004-07-27,34.6301,34.7856,34.1819,34.3008,23371700
2004-07-28,35.3984,35.4899,34.6392,34.6484,15015700
2004-07-29,35.5539,35.6728,35.4076,35.5997,11114600
2004-07-30,35.2521,35.5539,34.9045,35.5539,6474500
2004-08-02,35.3984,35.5814,34.9411,35.3527,7443900
2004-08-03,35.7094,36.4046,35.5173,35.5814,12709300
2004-08-04,35.8283,36.0662,35.4442,35.7094,7375800
2004-08-05,35.3436,35.682,35.2521,35.4624,7474700
2004-08-06,35.0783,35.5722,34.9411,35.124,6077300
2004-08-09,35.0692,35.5082,34.9319,35.1698,5168000
2004-08-10,35.7552,35.8558,35.0874,35.1057,7023400
2004-08-11,36.0387,36.2857,35.5448,35.618,8370200
2004-08-12,35.6728,36.1302,35.499,35.9473,6414800
2004-08-13,35.7369,35.8466,35.4807,35.8466,4358600
2004-08-16,35.8192,36.0204,35.4533,35.6454,5755400
2004-08-17,35.5997,35.9381,35.3527,35.8192,4886600
2004-08-18,35.7917,35.81,35.3801,35.4899,5174200
2004-08-19,35.9015,36.1211,35.7186,35.7917,5340200
2004-08-20,36.2217,36.368,35.929,35.993,5784700
2004-08-23,36.0936,36.3497,35.9107,36.3406,4702000
2004-08-24,35.9381,36.3406,35.5997,36.3131,5624200
2004-08-25,35.8283,35.9381,35.2612,35.6911,6170300
2004-08-26,35.682,35.7552,35.4167,35.7186,4328700
2004-08-27,35.6362,35.7186,35.4167,35.5265,4133400
2004-08-30,35.7003,35.8649,35.4442,35.4807,4485300
2004-08-31,35.9015,35.9015,35.618,35.7003,6225100
2004-09-01,36.1302,36.3406,35.6728,35.81,6378100
2004-09-02,36.5418,36.6516,36.057,36.3131,7767900
2004-09-03,36.6424,37.0357,36.5418,36.5784,5991300
2004-09-07,36.9534,37.2735,36.8528,36.9077,6310200
2004-09-08,36.9717,37.2278,36.6607,36.679,6424100
2004-09-09,36.8528,37.2644,36.7522,37.0632,5786200
2004-09-10,36.8985,37.0174,36.5144,36.8437,6005100
2004-09-13,37.0906,37.2552,36.7796,36.9991,4408500
2004-09-14,37.3284,37.5114,37.1272,37.2644,6560400
2004-09-15,36.5418,37.0906,36.2308,37.0449,7755400
2004-09-16,36.7522,36.8254,36.368,36.368,3999600
2004-09-17,37.1089,37.1821,36.8802,36.9809,6950700
2004-09-20,36.7613,37.0815,36.6973,36.9534,4358000
2004-09-21,37.0906,37.2552,36.679,36.679,6215900
2004-09-22,36.9991,37.0449,36.679,36.679,6657000
2004-09-23,36.7156,37.0449,36.6424,36.9077,8904100
2004-09-24,36.8711,36.9534,36.6333,36.7156,4705700
2004-09-27,36.4046,36.6973,36.2674,36.6973,6195400
2004-09-28,36.4595,36.4961,35.9473,36.4137,5817600
2004-09-29,36.3863,36.5418,36.0844,36.3131,5917400
2004-09-30,36.0204,36.3863,35.8192,36.2674,8497600
2004-10-01,36.6241,36.6241,36.1942,36.3588,6516200
2004-10-04,37.4291,37.5845,36.7705,36.8162,8005400
2004-10-05,37.6669,37.859,37.2004,37.2004,6133000
2004-10-06,38.2993,38.4563,37.6253,37.7915,7499300
2004-10-07,37.9577,38.0778,37.5791,38.0685,5684000
2004-10-08,37.6068,37.8377,37.4591,37.6253,4555100
2004-10-11,37.7177,37.8561,37.5238,37.7823,2740000
2004-10-12,38.1701,38.1885,37.4129,37.5791,6507200
2004-10-13,37.9208,38.6871,37.7915,38.3178,7670700
2004-10-14,37.6438,37.9762,37.3206,37.9392,4964000
2004-10-15,37.7361,38.0778,37.6068,37.6715,6430400
2004-10-18,37.6992,37.6992,37.3853,37.6438,4787200
2004-10-19,37.2191,37.6715,37.0344,37.6715,6906300
2004-10-20,36.9698,37.0713,36.6097,36.8682,6596700
2004-10-21,36.7389,37.0806,36.305,37.0251,6336800
2004-10-22,35.9818,36.7666,35.8156,36.7389,9123900
2004-10-25,35.8987,35.9818,35.5756,35.7879,6071800
2004-10-26,36.0095,36.1942,35.3262,35.714,9070200
2004-10-27,36.3788,36.4527,35.6402,35.7879,8778900
2004-10-28,36.3604,36.6558,35.7787,36.3973,15366100
2004-10-29,36.1018,36.5635,36.1018,36.4712,9864400
2004-11-01,36.9144,37.1452,36.1572,36.3788,9442700
2004-11-02,36.9328,37.5791,36.7943,36.7943,7986900
2004-11-03,37.4499,37.6715,37.2098,37.5791,6498900
2004-11-04,37.93,38.0316,37.4129,37.5422,7092900
2004-11-05,37.8654,38.2993,37.4868,37.8561,6796500
2004-11-08,37.9485,38.0593,37.7177,37.9947,5641600
2004-11-09,38.1054,38.3178,37.7269,38.0223,6019500
2004-11-10,38.0131,38.4009,38.0131,38.2716,5846200
2004-11-11,38.4471,38.6317,38.0685,38.2255,7793700
2004-11-12,38.9826,39.0288,38.2162,38.4101,8164100
2004-11-15,38.6502,39.0103,38.4471,38.8626,5973800
2004-11-16,38.4194,38.761,38.1793,38.7333,4830400
2004-11-17,38.207,38.9549,37.8469,38.6871,8234000
2004-11-18,38.3455,38.4656,38.1331,38.3178,4469800
2004-11-19,37.9485,38.327,37.8561,38.2716,6187600
2004-11-22,37.8469,38.1793,37.653,38.0408,5522000
2004-11-23,37.8284,38.0131,37.5053,37.7915,4838600
2004-11-24,37.7546,37.81,37.4406,37.7638,4784700
2004-11-26,37.8839,38.0316,37.6715,37.7546,1921400
2004-11-29,38.0316,38.4009,37.6807,38.0223,4820400
2004-11-30,38.0685,38.2255,37.6899,38.087,5944100
2004-12-01,38.4101,38.6871,38.1885,38.4286,6370000
2004-12-02,38.7056,38.9734,38.3548,38.4101,7478000
2004-12-03,38.7979,38.9457,38.5948,38.7795,5734700
2004-12-06,38.7241,38.8534,38.5025,38.8441,3679600
2004-12-07,38.2162,38.761,38.087,38.761,5472500
2004-12-08,38.1793,38.4563,37.93,38.1793,3991000
2004-12-09,38.0408,38.1608,37.4406,37.9485,5276700
2004-12-10,37.6715,38.0316,37.5238,37.81,7168900
2004-12-13,38.1147,38.2162,37.8746,38.0685,6471700
2004-12-14,37.8931,37.9485,37.3391,37.7638,10970400
2004-12-15,37.5791,38.1239,37.4406,38.0131,7625700
2004-12-16,37.3022,37.6623,37.256,37.6253,7866200
2004-12-17,37.7638,38.1239,37.1175,37.1267,11194700
2004-12-20,37.6161,38.2624,37.1267,37.1267,4813600
2004-12-21,38.0039,38.05,37.5238,37.9023,5978700
2004-12-22,37.773,38.2624,37.773,38.207,5833200
2004-12-23,37.6253,37.8377,37.5699,37.6807,4835600
2004-12-27,37.4961,37.7823,37.4961,37.6715,3834200
2004-12-28,37.7915,37.9947,37.5607,37.6253,4740800
2004-12-29,37.7084,37.7638,37.4776,37.6253,3737700
2004-12-30,37.653,37.81,37.5791,37.8007,4025600
2004-12-31,37.4037,37.7361,37.3945,37.653,3709400
2005-01-03,37.3853,37.9115,37.2745,37.6715,8306700
2005-01-04,37.0067,37.6345,36.7943,37.5607,10545600
2005-01-05,36.9513,37.4037,36.8959,37.0436,7377600
2005-01-06,36.872,37.1983,36.4991,36.9187,7054700
2005-01-07,36.7415,37.1424,36.639,37.1051,7576600
2005-01-10,36.3873,36.8068,36.2381,36.7788,9072200
2005-01-11,35.9864,36.4245,35.9584,36.3966,8365900
2005-01-12,35.6414,35.7906,35.1193,35.427,12556700
2005-01-13,34.5879,35.0634,34.3549,34.9609,18105100
2005-01-14,34.3455,34.6812,34.243,34.4201,9218300
2005-01-18,35.1287,35.1287,34.0472,34.3455,12038900
2005-01-19,34.1684,35.0354,34.1684,34.7371,9495700
2005-01-20,33.8141,34.1964,33.376,33.7209,12027000
2005-01-21,34.0286,34.6159,33.9913,34.3083,11549000
2005-01-24,34.3549,34.8676,33.9074,34.0286,10776700
2005-01-25,33.5624,34.5879,33.4226,34.3549,10395600
2005-01-26,34.0472,34.1218,33.5624,33.5624,11410000
2005-01-27,33.4412,33.8421,33.3107,33.7955,15016400
2005-01-28,33.2641,33.6743,32.7047,33.5345,12071200
2005-01-31,33.1802,33.4692,32.8446,33.376,10466200
2005-02-01,33.4505,33.8421,33.3014,33.4412,7672200
2005-02-02,33.4505,33.926,33.3107,33.7489,9711300
2005-02-03,33.4692,33.7395,33.348,33.5438,5873800
2005-02-04,34.3549,34.3828,33.5904,33.6277,8458700
2005-02-07,34.1871,34.4761,34.0472,34.4481,5436300
2005-02-08,33.9819,34.3922,33.8794,34.3549,7169300
2005-02-09,33.6184,34.0565,33.5624,34.0286,6258900
2005-02-10,33.5997,34.0006,33.4226,33.6556,6005500
2005-02-11,33.8514,34.0938,33.5811,33.7955,5847800
2005-02-14,33.7395,34.5973,33.6743,33.9353,16287700
2005-02-15,33.8048,34.2803,33.6836,34.1684,10854200
2005-02-16,33.6743,33.8887,33.5251,33.8421,10459000
2005-02-17,33.2641,33.6556,33.1709,33.609,7068200
2005-02-18,32.9191,33.376,32.7793,33.2641,11795800
2005-02-22,32.9844,33.1709,32.8166,32.9005,11484100
2005-02-23,33.1429,33.2081,32.7513,33.003,8260300
2005-02-24,33.0963,33.1988,32.8073,33.1429,8127300
2005-02-25,33.7489,33.8701,33.0496,33.1056,8499900
2005-02-28,33.5345,34.0192,33.4692,33.8701,5888700
2005-03-01,33.7955,33.9819,33.6463,33.9353,6863500
2005-03-02,34.0006,34.0752,33.6743,33.7955,6451200
2005-03-03,33.9074,34.0752,33.665,33.9633,6891400
2005-03-04,33.954,34.2803,33.8607,34.1591,6834700
2005-03-07,34.0379,34.3549,33.9446,34.215,7030100
2005-03-08,33.6556,34.1031,33.6556,33.9819,6173500
2005-03-09,33.6929,33.9726,33.5717,33.5904,5849000
2005-03-10,33.7209,33.8421,33.6463,33.6929,5566500
2005-03-11,33.6277,33.926,33.5065,33.8235,6096400
2005-03-14,33.637,33.8421,33.4226,33.7955,5143600
2005-03-15,33.2641,33.7862,33.1895,33.6556,5838700
2005-03-16,32.9471,33.3387,32.8352,33.0963,6440900
2005-03-17,32.8259,33.0403,32.6674,32.9564,5710500
2005-03-18,32.77,32.8352,32.4996,32.8259,12374100
2005-03-21,32.5835,32.7793,32.3784,32.6861,6527800
2005-03-22,32.1267,32.742,32.0521,32.6301,7002500
2005-03-23,32.5462,32.9098,32.2199,32.2852,7592300
2005-03-24,32.4064,32.8352,32.4064,32.5369,4920900
2005-03-28,32.3691,32.77,32.3131,32.4157,7746900
2005-03-29,32.4996,33.0496,32.0708,32.136,12562900
2005-03-30,33.031,33.0496,32.5089,32.5835,5775600
2005-03-31,33.0963,33.3014,32.6861,33.0776,6450200
2005-04-01,32.8073,33.376,32.6861,33.1895,6482300
2005-04-04,33.2361,33.3666,32.6674,32.8912,10755800
2005-04-05,33.348,33.5531,33.1429,33.2641,6065900
2005-04-06,33.4846,33.843,33.3432,33.8335,6365400
2005-04-07,33.3904,33.6072,33.3809,33.4846,5581500
2005-04-08,33.0697,33.6167,32.9943,33.4846,5907300
2005-04-11,32.9094,33.3338,32.8717,33.2772,4758000
2005-04-12,33.1829,33.2678,32.6926,32.7774,5126900
2005-04-13,32.9094,33.3904,32.8057,33.2395,5077100
2005-04-14,32.9,33.2206,32.7491,32.8529,6546600
2005-04-15,32.2022,32.9094,32.1174,32.6454,8971400
2005-04-18,32.0608,32.5511,31.9759,32.3625,7203200
2005-04-19,32.2116,32.4285,32.0608,32.0608,7121500
2005-04-20,31.8533,32.4568,31.7873,32.0985,6067800
2005-04-21,32.3059,32.3437,31.9099,32.1456,5743300
2005-04-22,32.1174,32.4002,31.8156,32.3437,5996400
2005-04-25,32.1174,32.438,31.9476,32.4191,6291100
2005-04-26,32.0608,32.3531,31.9853,32.0136,6562800
2005-04-27,33.2112,33.2866,32.2777,32.4851,14055900
2005-04-28,33.0509,33.5789,33.0509,33.098,9033400
2005-04-29,33.7581,33.8524,33.0415,33.1923,11427200
2005-05-02,32.9754,34.1824,32.4568,33.9939,25022800
2005-05-03,32.6926,33.0037,32.4474,32.9754,15593900
2005-05-04,32.7209,32.9472,32.5322,32.768,11330000
2005-05-05,32.3437,32.768,32.1174,32.5605,11705500
2005-05-06,32.5888,32.768,32.4097,32.5322,8299800
2005-05-09,32.57,32.5888,32.2588,32.5888,6687900
2005-05-10,32.3719,32.5794,32.2116,32.4002,6365400
2005-05-11,32.4191,32.5322,32.2777,32.438,5135700
2005-05-12,32.3342,32.6454,32.2494,32.5322,4969800
2005-05-13,32.1456,32.6926,32.0891,32.5322,6341900
2005-05-16,32.5322,32.5322,32.2116,32.2965,4725500
2005-05-17,32.5888,32.5888,32.2588,32.4851,4796600
2005-05-18,32.7963,33.0037,32.504,32.5888,6804900
2005-05-19,33.0603,33.098,32.7209,33.032,5570100
2005-05-20,33.1923,33.4281,32.9849,33.0603,8658900
2005-05-23,33.3338,33.4752,33.1452,33.2583,7198100
2005-05-24,33.1923,33.4092,33.098,33.3809,5584700
2005-05-25,33.3809,33.5035,33.2018,33.2206,6590800
2005-05-26,33.3338,33.6072,33.3338,33.5978,5306900
2005-05-27,33.4375,33.5318,33.2112,33.3338,3945400
2005-05-31,33.3621,33.4941,33.3055,33.4092,6543900
2005-06-01,33.3432,33.5271,33.1923,33.4752,7125200
2005-06-02,33.164,33.3621,33.098,33.3432,5840400
2005-06-03,33.164,33.2866,33.0509,33.1452,4680200
2005-06-06,33.0226,33.2018,32.9943,33.1169,4231400
2005-06-07,33.0415,33.3338,33.0037,33.1452,5642000
2005-06-08,33.0697,33.3809,32.9566,33.3149,6491500
2005-06-09,32.8246,33.0886,32.768,33.0697,6694400
2005-06-10,32.8623,32.9566,32.7303,32.834,8285700
2005-06-13,32.9189,33.1169,32.7774,32.8151,5409900
2005-06-14,33.0131,33.0603,32.8717,32.9189,4555900
2005-06-15,33.1546,33.1735,32.8151,33.0226,7363500
2005-06-16,32.9472,33.1923,32.8906,33.1829,6368100
2005-06-17,33.032,33.2206,32.8623,33.2206,10402400
2005-06-20,33.1357,33.2018,32.8811,33.0037,6706000
2005-06-21,33.0037,33.1923,32.9472,33.0415,5474200
2005-06-22,33.032,33.2489,32.9754,33.1923,5479800
2005-06-23,32.7397,33.0603,32.7303,33.0037,7766400
2005-06-24,32.504,32.7397,32.4945,32.6737,10303800
2005-06-27,32.4191,32.8151,32.4191,32.5511,8486500
2005-06-28,32.6737,32.7397,32.4191,32.438,5465900
2005-06-29,32.7491,32.8246,32.636,32.8057,5506200
2005-06-30,32.5794,32.9566,32.5605,32.9566,8899600
2005-07-01,32.5983,32.8623,32.5228,32.5794,8026700
2005-07-05,32.9283,32.9283,32.5322,32.6077,8782200
2005-07-06,32.8377,33.0762,32.7805,32.9427,9579200
2005-07-07,32.7328,32.7805,32.4847,32.6851,8472700
2005-07-08,32.8187,32.9522,32.6278,32.7042,7731900
2005-07-11,32.7233,32.8187,32.5802,32.5802,9938900
2005-07-12,32.6755,32.8187,32.6278,32.7805,11435400
2005-07-13,32.9904,33.0476,32.6946,32.7042,7559000
2005-07-14,33.2003,33.3625,33.0953,33.2289,8232800
2005-07-15,33.0953,33.3338,33.0858,33.2957,8429600
2005-07-18,32.7805,33.1239,32.7042,32.9904,6279400
2005-07-19,32.9141,33.1049,32.7519,32.9427,5907900
2005-07-20,32.8664,32.8759,32.542,32.7614,7658000
2005-07-21,32.6088,32.9141,32.5325,32.895,6259800
2005-07-22,32.5992,32.6946,32.4275,32.6946,6738400
2005-07-25,32.4561,32.8854,32.4561,32.771,6442900
2005-07-26,32.5611,32.8282,32.5325,32.7996,7062500
2005-07-27,32.7233,32.8759,32.4847,32.5897,7810700
2005-07-28,33.0667,33.1144,32.7233,32.7423,8056800
2005-07-29,32.6565,32.9618,32.6278,32.9236,8661100
2005-08-01,32.418,32.6469,32.3416,32.6278,10046700
2005-08-02,32.3226,32.6755,32.2272,32.418,10831600
2005-08-03,32.6469,32.6565,32.1127,32.2462,8771200
2005-08-04,32.1508,32.437,31.9123,32.418,11851000
2005-08-05,31.7883,32.2272,31.7215,32.1222,12294900
2005-08-08,31.607,31.8074,31.5212,31.7883,6002600
2005-08-09,31.7692,31.8932,31.607,31.6357,7268900
2005-08-10,31.6261,32.1604,31.5021,32.1508,10137200
2005-08-11,31.5784,31.6929,31.483,31.5784,8757500
2005-08-12,31.5307,31.6166,31.2636,31.4925,8748700
2005-08-15,31.4735,31.7311,31.4258,31.5307,8599800
2005-08-16,31.5689,31.7406,31.3494,31.483,7850500
2005-08-17,31.5307,31.6834,31.3494,31.4925,6922500
2005-08-18,31.3781,31.5498,31.3494,31.3972,7640600
2005-08-19,31.5498,31.6643,31.3876,31.5212,6918600
2005-08-22,31.607,31.7692,31.483,31.6261,7195500
2005-08-23,31.712,31.8265,31.5021,31.6261,6795800
2005-08-24,31.2827,31.8646,31.2827,31.7215,10162400
2005-08-25,31.1873,31.4735,31.0632,31.3018,8728100
2005-08-26,31.1014,31.1777,30.8152,31.1205,14874400
2005-08-29,30.9297,30.9869,30.6721,30.7389,5938700
2005-08-30,30.8629,31.0442,30.7389,30.7675,7746100
2005-08-31,31.2063,31.2922,30.6816,30.8057,9396100
2005-09-01,31.1205,31.359,30.9583,31.1491,8428600
2005-09-02,30.9869,31.2636,30.9774,31.2636,4763900
2005-09-06,31.3876,31.4353,31.0442,31.0442,6923000
2005-09-07,31.2254,31.2827,30.9965,31.2827,6708200
2005-09-08,30.9869,31.2827,30.9106,31.0632,7449900
2005-09-09,31.2254,31.2922,30.9297,30.9297,6165300
2005-09-12,31.0919,31.1777,30.9583,31.1682,5538400
2005-09-13,31.006,31.1491,30.9487,31.0537,7482200
2005-09-14,31.0346,31.1109,30.9583,31.006,7327900
2005-09-15,30.901,31.1205,30.8152,31.0346,6665600
2005-09-16,31.3018,31.3399,30.9106,30.9678,15095300
2005-09-19,31.0823,31.235,30.9487,31.2254,5660200
2005-09-20,30.777,31.0823,30.6912,31.0155,8496000
2005-09-21,30.4813,31.0537,30.3668,31.0537,9448200
2005-09-22,30.4717,30.5958,30.1951,30.4431,7179600
2005-09-23,30.6816,30.8247,30.3573,30.3859,5862000
2005-09-26,30.529,30.9869,30.4622,30.9106,8953300
2005-09-27,30.3859,30.6244,30.3859,30.5958,9008900
2005-09-28,30.9201,30.9583,30.4336,30.5767,9259900
2005-09-29,31.0346,31.13,30.6339,30.8152,7110700
2005-09-30,31.1873,31.235,30.882,31.1205,7258200
2005-10-03,30.9106,31.2731,30.8343,31.0919,8471400
2005-10-04,30.7389,31.254,30.5767,30.5767,11701000
2005-10-05,30.3476,30.763,30.193,30.763,12755300
2005-10-06,30.0577,30.3766,29.8162,30.3476,9854400
2005-10-07,29.5553,30.2027,29.4684,30.193,11473000
2005-10-10,29.2654,29.6519,29.1205,29.6326,10250100
2005-10-11,28.9273,29.2654,28.8403,29.2268,9328700
2005-10-12,28.821,29.1785,28.8017,28.9853,10274200
2005-10-13,28.792,29.0529,28.6761,28.6857,8924600
2005-10-14,28.8887,28.9853,28.7147,28.9853,8995800
2005-10-17,28.4056,28.8983,28.2896,28.8597,11103000
2005-10-18,28.3573,28.5795,28.2703,28.3959,15643300
2005-10-19,28.4056,28.4635,28.2896,28.4152,13881400
2005-10-20,28.2123,28.792,28.1447,28.4539,12679200
2005-10-21,28.5505,28.7051,28.309,28.4345,15870600
2005-10-24,29.0722,29.3814,28.8403,28.8887,14036300
2005-10-25,29.3621,29.594,28.9273,29.3138,11408600
2005-10-26,29.5553,29.8741,29.2751,29.2751,11726900
2005-10-27,29.7292,30.2606,29.5553,30.2606,15242400
2005-10-28,30.6278,30.7437,29.7099,30.193,16123100
2005-10-31,30.4345,30.9176,30.1447,30.8693,15973200
2005-11-01,30.2799,30.7437,30.1447,30.7244,11134600
2005-11-02,30.4055,30.4925,30.1157,30.3283,9460700
2005-11-03,29.7872,30.6761,29.5263,30.5795,17341100
2005-11-04,29.8548,30.0481,29.4973,29.9611,8848100
2005-11-07,29.5167,30.0191,29.0819,29.9225,11948600
2005-11-08,29.6229,29.7872,29.4104,29.5167,7078300
2005-11-09,29.8065,29.8838,29.3717,29.4877,17648300
2005-11-10,30.0867,30.2027,29.8548,29.9225,12640600
2005-11-11,30.3379,30.4442,29.8838,30.0964,12476600
2005-11-14,30.3089,30.5698,30.1737,30.4732,10115100
2005-11-15,29.7775,30.2606,29.7196,30.1254,10520700
2005-11-16,30.0481,30.2606,29.8258,29.8935,9077400
2005-11-17,30.6278,30.7824,29.8645,29.8935,9764700
2005-11-18,30.6278,31.1109,30.6278,31.1109,12609100
2005-11-21,30.6954,30.821,30.3379,30.821,12852100
2005-11-22,30.792,30.821,30.4925,30.7244,10011100
2005-11-23,30.7727,31.1012,30.6761,31.1012,6324300
2005-11-25,30.8983,31.1012,30.6181,31.0142,4181000
2005-11-28,31.0915,31.1592,30.7244,30.9853,9595800
2005-11-29,31.0625,31.3621,31.0336,31.1592,11855100
2005-11-30,30.8983,31.3137,30.8307,31.2075,15392300
2005-12-01,31.0529,31.1882,30.8693,31.1109,12378700
2005-12-02,30.792,30.9853,30.6761,30.9756,10139900
2005-12-05,30.6374,31.1302,30.5312,30.9466,12931800
2005-12-06,30.6664,30.763,30.4635,30.7051,11301300
2005-12-07,30.3862,30.7534,30.2027,30.7244,11093900
2005-12-08,30.1737,30.4249,30.1447,30.3959,10790200
2005-12-09,30.0287,30.2413,30.0094,30.1254,9215500
2005-12-12,29.6809,30.0481,29.4201,30.0287,14154300
2005-12-13,29.6809,29.8258,29.4394,29.5843,12592300
2005-12-14,29.507,29.7002,29.478,29.5746,11894900
2005-12-15,29.5746,29.6616,29.4684,29.507,11542000
2005-12-16,29.4587,29.594,29.3234,29.5843,16512400
2005-12-19,29.4877,29.6036,29.2171,29.4201,15743400
2005-12-20,29.507,29.6133,29.3717,29.4104,17095900
2005-12-21,29.5843,29.7485,29.449,29.565,13922200
2005-12-22,29.6519,29.7002,29.3911,29.594,15721400
2005-12-23,29.449,29.7582,29.449,29.6616,8132600
2005-12-27,29.4104,29.6326,29.3814,29.478,10672100
2005-12-28,29.2268,29.4104,29.1592,29.4007,13391300
2005-12-29,29.2461,29.3524,29.1302,29.1399,15782000
2005-12-30,29.1012,29.2171,28.9853,29.0916,15924800
2006-01-03,29.3524,29.4394,29.0239,29.1785,12903700
2006-01-04,30.222,30.2316,29.4201,29.536,29102300
2006-01-05,30.5601,30.8307,30.164,30.222,20664000
2006-01-06,30.6824,30.927,30.4964,30.927,57704200
2006-01-09,30.8096,30.8487,30.5453,30.7215,17599500
2006-01-10,30.9368,31.1619,30.8487,31.1228,30252800
2006-01-11,31.3087,31.387,30.9564,31.1228,19609200
2006-01-12,31.4262,31.6121,31.2206,31.3674,24601600
2006-01-13,31.4947,31.6415,31.1717,31.5925,20380200
2006-01-17,30.8096,31.387,30.6824,31.2402,18634600
2006-01-18,30.5257,30.7117,30.3496,30.6726,15106600
2006-01-19,30.7509,30.9466,30.467,30.8781,16658200
2006-01-20,30.2811,30.8291,30.1832,30.8291,13577500
2006-01-23,30.3398,30.5355,30.193,30.3887,10590800
2006-01-24,30.2321,30.7313,30.2126,30.516,12571300
2006-01-25,30.7117,30.8096,30.3398,30.3398,12102300
2006-01-26,31.0053,31.2011,30.5747,31.0836,14539200
2006-01-27,31.4555,31.4653,30.8879,31.1717,15859700
2006-01-30,31.2206,31.5828,31.113,31.5632,11254400
2006-01-31,30.9857,31.2794,30.9564,31.2304,12090900
2006-02-01,31.1228,31.1619,30.6432,31.0053,15500600
2006-02-02,30.8683,31.1815,30.7215,31.1228,10022000
2006-02-03,30.9368,31.0445,30.5845,30.6824,11948100
2006-02-06,30.8781,31.1228,30.8291,31.0347,8868000
2006-02-07,30.8291,31.0738,30.6824,30.9368,7631500
2006-02-08,31.8959,31.9351,30.9368,31.0543,20371000
2006-02-09,31.9644,32.0917,31.6904,31.9253,14525700
2006-02-10,32.4734,32.4734,31.8568,32.0427,13706300
2006-02-13,32.2385,32.4734,32.1993,32.2776,9949000
2006-02-14,32.8061,33.0312,32.1993,32.2091,16445000
2006-02-15,33.4227,33.638,32.8648,32.904,19554300
2006-02-16,33.8142,33.8631,33.3738,33.6087,12173200
2006-02-17,34.0393,34.0589,33.7065,33.8142,13900800
2006-02-21,33.6185,34.2448,33.4619,34.0882,14122300
2006-02-22,33.2661,33.8044,33.2368,33.7848,11467700
2006-02-23,33.1976,33.4227,33.0606,33.2759,9207500
2006-02-24,33.09,33.4716,32.9138,33.3346,7734900
2006-02-27,33.3346,33.8729,33.0312,33.2759,10444300
2006-02-28,32.9823,33.7555,32.9823,33.4129,10823900
2006-03-01,33.4716,33.6282,33.1389,33.1878,8349800
2006-03-02,33.2759,33.4716,33.1095,33.4716,10426200
2006-03-03,32.8648,33.2172,32.7963,33.1095,12672000
2006-03-06,33.0117,33.4814,32.4636,32.9823,19214600
2006-03-07,32.7963,33.0508,32.5712,33.0117,7245700
2006-03-08,32.7278,33.0508,32.718,32.7963,10491500
2006-03-09,32.8648,33.1585,32.767,32.7866,10765800
2006-03-10,33.4619,33.5108,33.178,33.2759,9774400
2006-03-13,33.5891,33.9218,33.4031,33.6478,8951400
2006-03-14,33.6576,33.7457,33.2955,33.3738,12995300
2006-03-15,33.6576,33.7457,33.3836,33.4619,8076700
2006-03-16,33.7848,33.9708,33.5304,33.7653,9610300
2006-03-17,33.6772,34.0882,33.5402,33.9218,14646700
2006-03-20,33.4912,33.7848,32.7866,33.6185,10706500
2006-03-21,33.6185,33.8925,33.3836,33.501,9119000
2006-03-22,34.0687,34.147,32.9823,32.9823,9297800
2006-03-23,33.9806,34.2155,33.9023,34.1665,7965300
2006-03-24,34.2253,34.2546,33.7653,33.9806,9612700
2006-03-27,34.1861,34.421,34.0589,34.2253,10780600
2006-03-28,33.8142,34.2546,33.7359,34.1665,9591600
2006-03-29,34.2742,34.3916,33.8631,33.8631,7823800
2006-03-30,33.7555,34.2644,33.6185,34.1372,13231900
2006-03-31,33.3346,34.0099,33.3053,33.8436,18134000
2006-04-03,33.687,33.9806,33.4227,33.5206,13534100
2006-04-04,33.8631,33.9708,33.6282,33.8534,6894100
2006-04-05,33.7065,33.9218,33.5206,33.7653,9062700
2006-04-06,33.355,33.7709,33.2064,33.6719,9662900
2006-04-07,33.4639,33.6719,33.1668,33.4738,11708100
2006-04-10,33.1569,33.563,33.1569,33.4441,7774800
2006-04-11,32.424,33.2361,32.2161,33.1569,13245200
2006-04-12,32.7014,32.8301,32.3547,32.6815,9476100
2006-04-13,32.4934,32.6815,32.3844,32.3844,6344300
2006-04-17,32.1567,32.6518,32.1368,32.434,7716600
2006-04-18,32.8598,33.0579,32.2854,32.2854,11262600
2006-04-19,32.4637,32.8796,32.2854,32.8796,9015400
2006-04-20,32.2458,32.5924,32.1071,32.3547,10972900
2006-04-21,32.2062,32.4736,32.1171,32.2953,10354700
2006-04-24,31.9883,32.2656,31.9487,32.1864,6498500
2006-04-25,32.1864,32.434,32.0477,32.1864,8488400
2006-04-26,32.7608,32.9291,32.3745,32.424,10981800
2006-04-27,32.9985,33.0876,32.4934,32.6716,9438200
2006-04-28,32.7113,33.0876,32.6023,33.048,9614000
2006-05-01,32.4736,32.9192,32.3745,32.7311,10933400
2006-05-02,32.325,32.9093,32.325,32.7806,10027300
2006-05-03,32.325,32.5231,32.1171,32.3349,8461300
2006-05-04,32.4835,32.6023,32.325,32.5132,7795800
2006-05-05,32.7014,32.7707,32.1666,32.6221,9223200
2006-05-08,32.6023,32.9291,32.533,32.8103,6404800
2006-05-09,32.533,32.7113,32.4439,32.5924,5602900
2006-05-10,32.0279,32.4637,31.7605,32.3943,14120700
2006-05-11,31.5922,31.9883,31.3347,31.9091,11134200
2006-05-12,31.4832,31.6912,31.3545,31.503,10032400
2006-05-15,31.2158,31.4337,30.9781,31.305,11438900
2006-05-16,31.3941,31.4832,31.0673,31.3743,7583500
2006-05-17,30.5127,31.2356,30.2651,31.196,13855600
2006-05-18,30.1165,30.7008,29.8095,30.5127,12361100
2006-05-19,30.6018,31.1168,30.2156,30.2552,17431500
2006-05-22,30.4929,30.8989,30.4335,30.5028,11608500
2006-05-23,30.5721,31.0178,30.4533,30.6216,10707500
2006-05-24,30.4533,30.7405,30.3938,30.6513,9863500
2006-05-25,30.8494,30.8494,30.4136,30.4533,6579500
2006-05-26,31.1861,31.2653,30.9187,31.0079,6223300
2006-05-30,30.6117,31.1465,30.582,31.0079,7508200
2006-05-31,30.9088,30.9484,30.4632,30.6414,10341800
2006-06-01,31.6516,31.7506,31.0574,31.1762,11650300
2006-06-02,31.6318,31.919,31.5426,31.6516,8703900
2006-06-05,31.2455,31.7902,31.2356,31.4535,6675100
2006-06-06,31.3941,31.5228,30.9881,31.4238,11353900
2006-06-07,31.4931,31.7209,31.3644,31.5723,9850400
2006-06-08,31.3644,31.8398,30.9881,31.6714,13403500
2006-06-09,31.196,31.4832,31.1861,31.2158,6498300
2006-06-12,31.0079,31.4337,30.9979,31.3545,5686100
2006-06-13,31.2455,31.4931,30.9682,31.1168,11736400
2006-06-14,31.3248,31.3347,30.9979,31.2951,9096500
2006-06-15,31.8794,31.9388,31.2852,31.5525,11671100
2006-06-16,32.226,32.3151,31.7209,31.7902,14107800
2006-06-19,31.8596,32.5033,31.8298,32.1864,10326700
2006-06-20,32.424,32.5825,31.6516,31.7803,15714700
2006-06-21,32.5528,32.9093,32.4142,32.5429,17187400
2006-06-22,32.424,32.9093,32.424,32.5528,11829400
2006-06-23,32.5132,32.6914,32.2656,32.3844,8239900
2006-06-26,32.4637,32.6716,32.3844,32.5231,9124400
2006-06-27,32.1269,32.4736,32.1071,32.4043,9470600
2006-06-28,32.2953,32.5231,32.2062,32.2656,7704000
2006-06-29,32.9786,33.1173,32.3349,32.4835,10327900
2006-06-30,33.1668,33.2956,32.7608,32.9291,10608000
2006-07-03,33.2262,33.4243,33.1866,33.3055,4265500
2006-07-05,32.9688,33.1767,32.8994,33.0282,9617100
2006-07-06,32.7014,32.7113,32.2557,32.4835,9430400
2006-07-07,32.3943,33.1074,32.3349,32.8202,8429600
2006-07-10,32.6617,32.7608,32.4934,32.5726,6292200
2006-07-11,32.3745,32.8202,32.1567,32.6617,9478200
2006-07-12,31.9883,32.533,31.8794,32.5231,7678300
2006-07-13,31.4337,32.1171,31.2356,31.9883,7897700
2006-07-14,31.3149,31.612,31.2356,31.503,7227600
2006-07-17,31.2752,31.4634,31.0673,31.404,6877500
2006-07-18,31.2752,31.5922,31.0574,31.2653,7002400
2006-07-19,32.0081,32.1269,31.3446,31.3743,11107500
2006-07-20,31.9388,32.018,31.7407,31.9388,8552000
2006-07-21,31.5625,32.0576,31.4337,32.0576,9605800
2006-07-24,32.2755,32.4835,31.612,31.6912,8034800
2006-07-25,32.6122,32.6914,31.9586,32.1269,11914300
2006-07-26,33.1074,33.2659,32.3448,32.4439,12301200
2006-07-27,32.9985,33.6323,32.8301,33.1074,10897600
2006-07-28,33.4045,33.5927,33.0678,33.256,8413300
2006-07-31,33.4936,33.7016,33.3253,33.4441,11415900
2006-08-01,32.9489,33.5134,32.2854,33.4738,14247500
2006-08-02,33.2064,33.246,32.7509,33.1965,8509000
2006-08-03,33.1668,33.2361,32.8202,32.9885,7023300
2006-08-04,33.4441,33.5432,33.1767,33.4144,7130700
2006-08-07,32.9786,33.4936,32.8598,33.4936,6917700
2006-08-08,33.2163,33.454,32.8994,33.1272,7436300
2006-08-09,33.5035,34.0581,33.4441,33.5531,13024800
2006-08-10,33.6125,33.6719,33.256,33.5233,7086800
2006-08-11,33.7412,33.7412,33.4243,33.6125,7265200
2006-08-14,33.5927,34.0383,33.5035,33.8303,6121500
2006-08-15,34.0581,34.0978,33.4243,33.5828,9899800
2006-08-16,33.8997,34.0878,33.8303,34.0581,7146600
2006-08-17,33.8997,34.0978,33.5332,33.87,9781100
2006-08-18,34.0878,34.177,33.8303,33.9987,10150600
2006-08-21,34.1869,34.2859,33.7511,33.969,6353400
2006-08-22,34.2661,34.3255,33.8502,34.0383,6807700
2006-08-23,34.0581,34.5038,33.969,34.1671,10378000
2006-08-24,34.3156,34.4147,34.1869,34.2661,7065000
2006-08-25,34.3651,34.5335,34.2166,34.2958,4511200
2006-08-28,34.6127,34.6623,34.2463,34.2562,7765600
2006-08-29,34.8405,34.9197,34.4444,34.6127,8362700
2006-08-30,35.0485,35.1475,34.8306,34.8603,7309700
2006-08-31,34.8405,35.1079,34.8306,35.0188,5180800
2006-09-01,35.2267,35.405,34.9891,35.0881,7059700
2006-09-05,35.1574,35.2862,34.9197,35.197,6282700
2006-09-06,35.1079,35.3159,34.9098,34.9594,7606800
2006-09-07,34.9692,35.098,34.7415,34.9098,8444000
2006-09-08,35.0584,35.2366,34.9197,35.1871,5563900
2006-09-11,35.197,35.2565,34.9692,35.0584,5701600
2006-09-12,35.4941,35.5437,35.098,35.2466,13874000
2006-09-13,35.405,35.5932,35.306,35.3951,7406100
2006-09-14,35.6328,35.6427,35.3951,35.4446,6384400
2006-09-15,35.4644,35.7417,35.2069,35.7021,9032800
2006-09-18,35.4149,35.6625,35.2565,35.3852,7276500
2006-09-19,35.6526,35.6724,35.3555,35.6328,6691700
2006-09-20,36.3161,36.4251,35.7021,35.8012,10830000
2006-09-21,36.5439,36.6727,36.2072,36.2567,16969400
2006-09-22,36.742,37.0094,36.4944,36.6429,13557900
2006-09-25,37.1381,37.1579,36.8905,36.9797,13192900
2006-09-26,37.5937,37.6333,36.8905,37.148,20880000
2006-09-27,36.4251,37.5838,36.0487,37.5244,24862600
2006-09-28,36.5835,36.6826,36.2369,36.4251,15113600
2006-09-29,36.7717,36.8806,36.6033,36.6429,15448200
2006-10-02,36.7816,36.9797,36.6642,36.841,13321800
2006-10-03,37.1084,37.1975,36.7717,36.8707,11759200
2006-10-04,37.455,37.4649,36.6429,37.0589,13816500
2006-10-05,36.5538,37.0985,36.3755,37.049,17066300
2006-10-06,36.4449,36.5043,36.1874,36.4251,12558500
2006-10-09,36.3359,36.3755,35.6526,35.6526,10366700
2006-10-10,36.1874,36.3755,35.8309,36.3359,15162600
2006-10-11,36.2468,36.5934,36.1874,36.2666,12729700
2006-10-12,36.633,36.8113,36.4746,36.4746,11784500
2006-10-13,36.6925,36.7717,36.4449,36.633,9580300
2006-10-16,36.6826,36.742,36.3557,36.6925,8536200
2006-10-17,36.2369,36.5538,36.0586,36.435,8759600
2006-10-18,36.2369,36.633,35.9794,36.4647,10601500
2006-10-19,36.8509,36.94,36.5142,36.5736,11570800
2006-10-20,37.4352,37.4847,36.742,37.0193,15449500
2006-10-23,37.6531,37.7323,37.3164,37.4352,9810900
2006-10-24,37.6333,37.8215,37.3263,37.4649,10241200
2006-10-25,37.9304,37.9601,37.5937,37.6333,9693300
2006-10-26,38.3661,38.4751,37.871,37.9007,16762600
2006-10-27,38.4652,38.5345,37.9304,38.3661,13585000
2006-10-30,37.2867,38.5741,36.7123,38.4058,28379300
2006-10-31,36.6429,37.049,35.8507,36.9995,28501900
2006-11-01,36.6132,36.9301,36.534,36.8905,11813800
2006-11-02,36.633,36.8905,36.4053,36.7618,12443900
2006-11-03,36.3458,36.742,36.227,36.6429,12180600
2006-11-06,36.6231,36.6826,36.3062,36.6033,11771800
2006-11-07,36.5142,36.7519,36.4449,36.7123,11253900
2006-11-08,36.5043,36.534,35.9992,36.2765,8041300
2006-11-09,35.7615,36.534,35.514,36.4449,11179000
2006-11-10,35.2466,35.92,34.9296,35.8606,13141600
2006-11-13,35.6031,35.7219,35.1574,35.1574,9826700
2006-11-14,36.0388,36.1181,35.4095,35.7219,12984900
2006-11-15,35.7417,35.9002,35.3555,35.9002,9767400
2006-11-16,35.5932,35.8012,35.405,35.7021,10884500
2006-11-17,35.6922,35.8012,35.504,35.6031,11584800
2006-11-20,34.3354,34.8603,34.2662,34.484,14013300
2006-11-21,34.791,35.0188,34.5731,34.6127,16851400
2006-11-22,34.4147,34.999,34.3453,34.9891,12316400
2006-11-24,34.4147,34.6623,34.3651,34.4246,4423900
2006-11-27,33.9096,34.484,33.8502,34.4147,11419400
2006-11-28,34.068,34.2166,33.6719,33.7214,14127000
2006-11-29,34.5533,34.8009,34.375,34.5137,12675500
2006-11-30,34.6028,34.9296,34.5236,34.5533,13013500
2006-12-01,34.3057,34.791,34.1473,34.791,10508200
2006-12-04,34.5137,34.6028,34.3453,34.4741,11742600
2006-12-05,34.2463,34.6523,34.0978,34.6424,13829900
2006-12-06,34.6127,34.7415,34.1473,34.2463,14811600
2006-12-07,34.5632,34.8702,34.5335,34.5731,11052900
2006-12-08,34.9692,35.0089,34.4543,34.6424,8482300
2006-12-11,35.3456,35.514,35.1178,35.1574,10722300
2006-12-12,35.4149,35.504,35.0584,35.2664,12070300
2006-12-13,35.5238,35.6526,35.4248,35.4248,7253600
2006-12-14,35.7417,35.9299,35.4545,35.5337,9902800
2006-12-15,36.128,36.1577,35.6526,35.6526,22049900
2006-12-18,36.1874,36.3458,36.0586,36.2468,9407700
2006-12-19,36.3062,36.4251,36.0983,36.1973,11267600
2006-12-20,36.0983,36.5439,36.0091,36.326,11433400
2006-12-21,36.326,36.4944,36.1973,36.2765,8810700
2006-12-22,36.1973,36.4152,36.1181,36.326,8511200
2006-12-26,36.3954,36.5439,36.128,36.1577,4912400
2006-12-27,36.7816,36.841,36.3557,36.4845,7365100
2006-12-28,36.94,36.9896,36.6628,36.6628,8789500
2006-12-29,36.8806,37.2768,36.7915,37.0094,9627300
2007-01-03,37.455,38.1186,37.2471,37.2669,20027500
2007-01-04,37.663,37.7224,37.3164,37.6531,17943500
2007-01-05,37.0193,37.6927,36.9599,37.663,17781300
2007-01-08,36.4548,36.6826,36.2369,36.5934,19017200
2007-01-09,36.6033,36.8905,36.4548,36.4548,15199700
2007-01-10,36.3954,36.6429,36.128,36.6033,13770100
2007-01-11,36.7519,36.8509,36.1478,36.3557,9094300
2007-01-12,36.9698,37.1282,36.7915,36.8905,11672000
2007-01-16,36.8014,37.1282,36.6132,37.049,11322300
2007-01-17,36.5241,36.8905,36.435,36.6925,11025400
2007-01-18,37.2074,37.2966,36.2468,36.2468,11379100
2007-01-19,36.8905,37.2669,36.6628,37.2074,12557600
2007-01-22,36.8905,37.0391,36.6429,36.7519,9327600
2007-01-23,37.1282,37.5838,36.95,36.9995,13349000
2007-01-24,37.7026,37.8611,37.2174,37.2669,10865700
2007-01-25,37.1381,37.8512,36.8212,37.7026,11842200
2007-01-26,37.4649,37.4649,36.742,37.1381,9796100
2007-01-29,37.663,37.8314,36.9103,37.0589,15922100
2007-01-30,38.2077,38.3067,37.6729,37.6729,15910100
2007-01-31,38.1483,38.3067,37.7422,38.069,12063300
2007-02-01,37.6333,38.3959,37.5343,38.3959,14063200
2007-02-02,37.8017,38.0096,37.6432,37.8314,10121300
2007-02-05,37.7224,37.762,37.4451,37.6531,8456000
2007-02-06,37.7125,37.8314,37.4451,37.6828,8057200
2007-02-07,37.7224,38.0195,37.5838,37.7125,7935200
2007-02-08,37.5838,37.8611,37.3164,37.6729,11368800
2007-02-09,37.3362,37.7323,37.0094,37.6234,7829600
2007-02-12,37.2074,37.5145,37.0193,37.3362,6350781
2007-02-13,37.6729,37.7026,37.1183,37.2074,6928031
2007-02-14,38.2572,38.386,37.6828,37.7323,11563210
2007-02-15,38.0294,38.3067,38.0195,38.1582,6975300
2007-02-16,38.1285,38.1582,37.8413,38.0393,8605800
2007-02-20,37.8908,38.2275,37.6828,38.178,7356300
2007-02-21,37.9205,38.1582,37.6333,37.8413,8165500
2007-02-22,38.069,38.2473,37.8512,38.1285,9155700
2007-02-23,38.0393,38.1483,37.5343,38.069,9831100
2007-02-26,38.0195,38.3761,37.97,38.069,12896140
2007-02-27,36.2765,37.9799,35.4842,37.9799,22108600
2007-02-28,37.0391,37.1579,36.2567,36.6529,17937800
2007-03-01,36.742,37.0292,36.0586,36.6429,14935562
2007-03-02,36.128,36.742,35.8507,36.5934,13095400
2007-03-05,35.7813,36.4647,35.7021,35.9398,11327600
2007-03-06,36.128,36.3458,35.8408,36.1874,14084000
2007-03-07,35.3357,36.1181,35.2565,35.9596,17084000
2007-03-08,36.128,36.2666,35.4941,35.7516,12530900
2007-03-09,36.0983,36.3458,35.9002,36.3458,11721600
2007-03-12,36.227,36.4845,35.7615,36.0983,13860800
2007-03-13,35.7813,36.2765,35.5932,36.0685,14612800
2007-03-14,35.9299,35.9992,35.4743,35.8606,13727600
2007-03-15,36.0091,36.0586,35.5437,35.7219,10774200
2007-03-16,35.9695,36.3954,35.7714,36.2963,15226784
2007-03-19,36.3954,36.4746,36.0685,36.0983,7822200
2007-03-20,36.6231,36.6429,36.0983,36.3161,9324610
2007-03-21,37.3164,37.3857,36.3062,36.3062,11143000
2007-03-22,37.6432,37.8512,37.148,37.148,14876300
2007-03-23,37.7521,38.1582,37.5442,37.7125,16284340
2007-03-26,37.3065,37.6729,37.0094,37.663,17793532
2007-03-27,37.3263,37.5838,37.1876,37.3263,10978600
2007-03-28,36.8707,37.2768,36.7123,37.1579,12035658
2007-03-29,37.2074,37.3263,36.8707,37.2669,9653600
2007-03-30,37.5541,37.7224,37.0886,37.2372,14797067
2007-04-02,37.4649,37.8611,36.3954,37.0391,10635133
2007-04-03,37.7521,37.871,37.5838,37.6927,8931500
2007-04-04,37.6531,37.8809,37.4451,37.7422,9582234
2007-04-05,37.6333,37.6531,37.049,37.1381,8330600
2007-04-09,37.6333,37.7818,37.5343,37.6432,5290700
2007-04-10,37.4352,37.8215,37.257,37.6333,7318254
2007-04-11,37.0193,37.4847,36.8014,37.4451,12769620
2007-04-12,37.0094,37.049,36.6429,37.0292,6993190
2007-04-13,37.0292,37.4154,36.742,37.4154,8600573
2007-04-16,37.5046,37.6531,37.0391,37.1282,9461822
2007-04-17,37.0985,37.4451,37.0589,37.4451,11136252
2007-04-18,37.0589,37.2074,36.8707,36.9896,9753470
2007-04-19,37.148,37.2966,36.841,36.9202,11994548
2007-04-20,37.5442,37.9997,37.3659,37.7818,14707668
2007-04-23,37.1876,37.6234,37.0094,37.5343,7986974
2007-04-24,37.2372,37.4847,37.1084,37.3065,11314899
2007-04-25,37.2867,37.5343,37.0589,37.4847,13070556
2007-04-26,37.6036,37.7026,37.1876,37.1876,11938158
2007-04-27,37.5244,37.8215,37.3461,37.4451,12359638
2007-04-30,37.8116,38.1186,37.3263,37.8809,16825056
2007-05-01,38.1384,38.3166,37.8809,37.9601,12399356
2007-05-02,39.2179,39.614,38.3761,38.4058,24409340
2007-05-03,40.3568,40.9807,39.3169,39.3763,31806176
2007-05-04,40.2676,40.8024,40.0398,40.7628,13858946
2007-05-07,40.436,40.5261,40.1092,40.1587,10488448
2007-05-08,40.228,40.436,39.9705,40.436,10145438
2007-05-09,40.7628,40.951,40.2577,40.2577,12329630
2007-05-10,40.3865,40.8024,40.3667,40.5845,9123001
2007-05-11,40.951,40.951,40.4162,40.436,11522388
2007-05-14,41.1986,41.3174,40.8717,40.9015,14688011
2007-05-15,42.1295,42.2384,41.2778,41.3471,20091954
2007-05-16,42.3275,42.4563,42.0899,42.1394,13347650
2007-05-17,41.7333,42.2879,41.6937,42.1988,12958940
2007-05-18,42.179,42.3275,42.0007,42.0899,19978940
2007-05-21,42.1295,42.4068,42.0007,42.0899,16407313
2007-05-22,42.1988,42.585,42.0899,42.5058,15539227
2007-05-23,42.2582,42.6148,41.9512,42.5256,14114523
2007-05-24,42.1295,42.4266,41.9958,42.2186,10922297
2007-05-25,42.0899,42.1889,41.872,42.1394,9801306
2007-05-29,42.7831,42.8326,42.1691,42.1691,15077700
2007-05-30,43.3971,43.4169,42.4662,42.5355,14084778
2007-05-31,43.1099,43.5655,43.1,43.3971,13220713
2007-06-01,42.595,43.2882,42.3672,43.1099,15502267
2007-06-04,42.5355,42.9812,42.387,42.694,7460330
2007-06-05,42.3474,42.5157,42.1592,42.4959,10820516
2007-06-06,42.5058,42.7831,42.3474,42.3573,11333330
2007-06-07,42.179,42.7138,42.0602,42.6049,15860210
2007-06-08,42.6544,42.6841,41.971,42.0899,13398068
2007-06-11,43.0901,43.1892,42.4662,42.5355,10351427
2007-06-12,42.6544,43.1297,42.6247,42.9515,14580832
2007-06-13,42.486,42.9812,42.08,42.7534,16810348
2007-06-14,42.8029,42.8326,42.387,42.387,15106149
2007-06-15,42.5751,43.1693,42.4959,43.1297,14438739
2007-06-18,42.1394,42.5751,42.0998,42.4959,9497141
2007-06-19,42.6544,42.7336,42.1394,42.1592,9676315
2007-06-20,42.1295,42.7534,42.1196,42.5751,8997391
2007-06-21,42.0304,42.4365,41.8522,42.1889,9573676
2007-06-22,41.2283,41.9908,41.0599,41.9908,17039818
2007-06-25,41.0995,41.7333,40.9114,41.2382,10685017
2007-06-26,40.6737,41.2976,40.4657,41.2778,13759564
2007-06-27,40.5251,40.5944,40.1587,40.4558,11872580
2007-06-28,40.6737,40.9411,40.4558,40.5251,10710892
2007-06-29,40.7727,41.1292,40.4558,40.7529,11715361
2007-07-02,41.1787,41.3966,40.9015,40.9807,12146276
2007-07-03,41.7135,41.9908,41.258,41.258,7364997
2007-07-05,41.5749,41.8324,41.4065,41.4065,9279213
2007-07-06,41.56,41.73,41.35,41.54,8953085
2007-07-09,42.02,42.06,41.55,41.68,11586789
2007-07-10,40.46,41.78,40.46,41.75,15657136
2007-07-11,40.8,41.0,40.03,40.35,13436291
2007-07-12,41.43,41.5,40.71,40.89,11920890
2007-07-13,41.76,42.27,41.38,41.56,8429464
2007-07-16,42.76,43.12,42.26,42.34,25248336
2007-07-17,42.26,42.75,42.09,42.66,15023139
2007-07-18,41.97,42.31,41.6,42.16,11845100
2007-07-19,42.26,42.64,42.01,42.08,11282600
2007-07-20,42.28,42.5,41.6,41.6,14144800
2007-07-23,42.79,43.35,42.45,42.45,13387700
2007-07-24,43.11,43.51,42.46,42.5,15476800
2007-07-25,43.22,43.83,42.69,43.24,13262800
2007-07-26,42.4,43.03,42.07,42.46,17771822
2007-07-27,42.0,42.98,41.94,42.23,17583000
2007-07-30,41.51,42.44,40.8,41.84,17595216
2007-07-31,42.62,43.29,41.75,42.01,22667400
2007-08-01,43.24,43.43,42.14,42.5,17601046
2007-08-02,43.13,43.48,42.77,43.07,10856110
2007-08-03,42.75,43.78,42.4,43.15,16690700
2007-08-06,43.42,43.52,42.71,42.71,15839800
2007-08-07,43.11,43.69,42.93,42.93,13508300
2007-08-08,43.19,43.53,42.43,43.05,16255700
2007-08-09,41.92,43.48,41.91,42.26,18665600
2007-08-10,41.33,42.0,40.77,41.6,17564200
2007-08-13,41.65,41.94,41.1,41.81,11005000
2007-08-14,40.96,42.0,40.89,41.65,9675800
2007-08-15,40.5,41.31,40.34,40.96,13554246
2007-08-16,40.23,40.58,39.27,40.25,22046700
2007-08-17,40.8,42.0,39.92,41.99,18731000
2007-08-20,41.11,41.51,40.75,40.79,10414100
2007-08-21,41.71,41.91,40.9,40.91,13089800
2007-08-22,41.82,41.99,41.38,41.99,10603500
2007-08-23,42.16,42.3,41.82,41.95,8676200
2007-08-24,42.64,42.68,42.12,42.15,6918500
2007-08-27,42.59,42.93,42.32,42.46,6652540
2007-08-28,41.52,42.55,41.5,42.5,10475000
2007-08-29,42.23,42.29,41.71,41.8,8255300
2007-08-30,41.93,42.22,41.5,42.13,8008000
2007-08-31,41.88,42.45,41.61,42.31,9663400
2007-09-04,42.67,42.89,41.89,41.97,10435155
2007-09-05,41.95,42.57,41.59,42.57,12816300
2007-09-06,42.26,42.5,41.93,42.1,8082843
2007-09-07,41.34,42.05,41.05,41.63,10931900
2007-09-10,41.25,41.55,40.95,41.52,8339300
2007-09-11,41.87,42.0,41.28,41.28,9264300
2007-09-12,41.87,42.25,41.74,41.84,9273200
2007-09-13,42.61,42.88,42.08,42.1,10226510
2007-09-14,42.52,42.61,42.22,42.57,9838900
2007-09-17,42.59,42.99,42.42,42.5,10496250
2007-09-18,43.31,43.33,42.61,42.72,11467600
2007-09-19,43.78,43.9,43.33,43.46,12069100
2007-09-20,43.8,44.0,43.58,43.63,9856180
2007-09-21,44.38,44.66,43.61,43.61,16245400
2007-09-24,44.12,44.55,43.87,44.25,11537742
2007-09-25,44.07,44.45,43.85,44.0,11533700
2007-09-26,44.48,44.55,44.26,44.33,9331000
2007-09-27,44.68,44.75,44.33,44.44,12722600
2007-09-28,44.28,44.68,44.17,44.55,10260503
2007-10-01,45.4,45.47,44.39,44.46,18006400
2007-10-02,45.34,45.64,45.15,45.25,8542800
2007-10-03,45.24,45.38,44.9,45.25,7806228
2007-10-04,45.42,45.5,45.23,45.24,7894731
2007-10-05,45.22,45.45,45.02,45.32,8114465
2007-10-08,44.96,45.22,44.79,45.07,5153889
2007-10-09,45.64,45.66,45.01,45.01,9299600
2007-10-10,45.63,45.82,45.35,45.43,9460164
2007-10-11,45.68,46.24,45.44,45.63,12294287
2007-10-12,45.53,46.06,45.38,45.81,9916959
2007-10-15,44.63,45.75,44.25,45.49,13748368
2007-10-16,44.93,45.13,44.53,44.68,16396178
2007-10-17,45.26,45.5,44.67,45.2,12897400
2007-10-18,44.97,45.44,44.8,45.15,9199800
2007-10-19,44.27,45.09,44.01,44.62,14070500
2007-10-22,44.33,44.38,43.69,43.8,8500087
2007-10-23,44.81,44.93,44.25,44.37,10034800
2007-10-24,44.42,44.68,43.51,44.54,12042500
2007-10-25,44.91,45.05,44.37,44.61,11102427
2007-10-26,45.6,45.79,45.0,45.36,12834200
2007-10-29,45.99,46.1,45.64,45.8,16117345
2007-10-30,45.36,46.0,45.1,45.94,10859350
2007-10-31,46.07,46.13,45.5,45.89,12973900
2007-11-01,44.74,45.96,44.61,45.84,12894000
2007-11-02,44.38,44.88,43.99,44.84,13428300
2007-11-05,43.82,44.4,43.72,44.35,12257319
2007-11-06,43.74,43.96,43.18,43.82,11676024
2007-11-07,43.1,43.85,43.05,43.67,10201239
2007-11-08,42.73,43.29,42.1201,43.14,14958054
2007-11-09,42.77,43.54,42.08,42.08,14932788
2007-11-12,42.8,43.2,42.4,42.8,12711056
2007-11-13,43.58,43.67,42.55,43.07,9603904
2007-11-14,43.52,44.13,43.35,43.76,11524696
2007-11-15,43.04,43.68,42.85,43.43,12309292
2007-11-16,43.69,44.0,43.05,43.24,15705989
2007-11-19,43.05,43.75,42.58,43.5,16661079
2007-11-20,43.16,43.73,42.71,43.03,13824160
2007-11-21,41.95,43.09,41.95,42.74,11786030
2007-11-23,42.64,42.71,42.03,42.14,4306263
