Price,Close,High,Low,Open,Volume
Ticker,WFC,WFC,WFC,WFC,WFC
Date,,,,,
1999-11-24,17.2873,17.5221,17.2873,17.2873,4640400
1999-11-26,17.2637,17.4047,17.2637,17.3812,2080400
1999-11-29,16.9114,17.2168,16.9114,17.1463,6201600
1999-11-30,17.4751,17.6396,16.9114,16.9114,9056000
1999-12-01,17.6161,17.6865,17.3812,17.4282,6672800
1999-12-02,17.71,17.851,17.5221,17.5221,6159400
1999-12-03,17.7335,18.2737,17.7335,17.9449,9667400
1999-12-06,17.0758,17.8979,17.0758,17.8275,8391400
1999-12-07,16.5591,17.1228,16.5121,16.9114,12215600
1999-12-08,16.3242,16.5356,16.3242,16.3712,11062600
1999-12-09,16.8175,16.9114,16.3712,16.3712,8081200
1999-12-10,16.8879,17.0993,16.8644,17.0758,6986600
1999-12-13,16.5826,16.747,16.4886,16.6296,5313000
1999-12-14,16.3477,16.653,16.1833,16.4886,5835800
1999-12-15,15.7135,16.3242,15.6431,16.1833,8905600
1999-12-16,14.821,15.2672,14.4686,14.4922,17104200
1999-12-17,15.0089,15.2438,14.7505,14.821,13563400
1999-12-20,15.3142,15.3847,14.9854,15.0089,7283200
1999-12-21,15.0324,15.5256,14.8445,15.1498,10295200
1999-12-22,15.1968,15.2907,15.0089,15.0324,5459200
1999-12-23,15.5961,15.6196,15.1498,15.3377,5432200
1999-12-27,15.3377,15.784,15.3377,15.4317,5070400
1999-12-28,15.4786,15.5726,15.3142,15.4551,4966400
1999-12-29,15.2438,15.5726,15.1263,15.5021,4406000
1999-12-30,15.2672,15.4551,15.2203,15.2672,2657400
1999-12-31,15.1968,15.2672,15.0794,15.2438,2356800
2000-01-03,14.7035,15.1968,14.2808,15.1498,9020200
2000-01-04,13.9754,14.1633,13.5291,13.9989,15237200
2000-01-05,13.8345,14.1868,13.5526,13.9049,8217800
2000-01-06,14.4452,14.6566,13.8814,13.9284,8299600
2000-01-07,14.6331,14.9149,14.5156,14.7505,6369200
2000-01-10,14.2808,14.5156,14.1868,14.4217,8952400
2000-01-11,13.9989,14.2808,13.9284,14.2103,6167800
2000-01-12,14.3982,14.5156,14.0224,14.0224,7030000
2000-01-13,15.1968,15.2203,14.9149,14.9854,10427000
2000-01-14,15.6665,16.4417,15.4551,16.4417,11494200
2000-01-18,14.6096,15.1263,14.4686,14.9384,12636000
2000-01-19,13.8345,14.6331,13.717,14.4217,17136200
2000-01-20,13.6701,14.0224,13.4586,13.8345,14901400
2000-01-21,13.764,14.1398,13.5526,13.717,14016600
2000-01-24,13.4821,14.0693,13.2942,13.9049,9530200
2000-01-25,14.0928,14.2808,13.4586,13.4586,10701000
2000-01-26,14.3747,14.4686,13.9049,14.0693,14584800
2000-01-27,14.774,14.9384,14.3512,14.5156,10233000
2000-01-28,14.5626,14.7035,14.3512,14.6096,8009000
2000-01-31,15.0324,15.0324,14.3982,14.3982,9165600
2000-02-01,15.1968,15.2907,14.9619,15.0324,9513000
2000-02-02,14.8278,15.3981,14.8278,15.3744,6615600
2000-02-03,14.7803,15.0654,14.4714,14.9466,10755600
2000-02-04,14.6615,14.8754,14.614,14.8754,7119800
2000-02-07,14.5427,14.6852,14.4476,14.5427,8682400
2000-02-08,14.8041,15.0417,14.5665,14.5665,8430000
2000-02-09,14.4001,14.6852,14.3526,14.614,9003600
2000-02-10,13.9724,14.4714,13.9486,14.4001,14214000
2000-02-11,14.4001,14.6852,14.1149,14.3288,11154600
2000-02-14,14.4001,14.6852,14.305,14.5902,8257800
2000-02-15,14.3288,14.4239,13.9724,14.21,7541400
2000-02-16,13.8298,14.3526,13.6872,14.3526,7548200
2000-02-17,13.307,14.1149,13.0694,14.0912,9329400
2000-02-18,12.7367,13.212,12.4515,13.212,20605000
2000-02-22,13.0218,13.0931,12.4515,12.8318,10523400
2000-02-23,12.5941,13.1882,12.4515,13.0218,8785600
2000-02-24,12.4991,12.7605,12.1664,12.5941,9780800
2000-02-25,12.4278,12.8793,12.2614,12.6179,8003800
2000-02-28,12.9743,13.1407,12.5466,12.6892,8663600
2000-02-29,12.5703,12.9981,12.404,12.9743,11100800
2000-03-01,13.1882,13.2832,12.5703,12.5703,11275800
2000-03-02,12.9031,13.5684,12.7129,13.5209,10556000
2000-03-03,13.1882,13.307,12.9506,13.1644,8831400
2000-03-06,13.1644,13.4971,13.1169,13.1882,7644800
2000-03-07,12.4991,13.1882,12.404,13.1882,8502200
2000-03-08,12.6654,12.9031,12.2614,12.4753,9307600
2000-03-09,12.5466,13.0456,12.2614,13.0456,8655400
2000-03-10,12.2377,12.6417,12.1664,12.5466,8544000
2000-03-13,12.404,12.5228,11.9288,12.0714,8542400
2000-03-14,12.1426,12.3803,12.0951,12.3327,7893400
2000-03-15,13.307,13.3783,12.1664,12.1664,15273200
2000-03-16,14.6377,14.7803,14.1862,14.4476,19616800
2000-03-17,14.8041,15.0417,14.4714,14.4952,14164600
2000-03-20,14.4239,14.6615,14.21,14.6377,10812200
2000-03-21,15.0417,15.1843,14.3288,14.3288,12407200
2000-03-22,15.208,15.3031,14.8991,14.9942,10325200
2000-03-23,15.8021,15.9447,15.113,15.1605,12499800
2000-03-24,15.5882,16.2061,15.4932,15.7308,12721000
2000-03-27,15.3981,15.8971,15.3031,15.5407,14119800
2000-03-28,15.4694,15.8971,15.3031,15.5407,11239400
2000-03-29,14.9942,15.4694,14.7565,15.3031,10221200
2000-03-30,14.8991,15.5169,14.8991,15.3031,9524200
2000-03-31,15.5645,15.7071,14.7328,14.9942,10042200
2000-04-03,16.61,16.8714,15.4456,15.5645,15403200
2000-04-04,16.515,17.2991,15.9684,16.61,16861400
2000-04-05,16.1348,16.515,15.8259,16.515,8181200
2000-04-06,15.4219,15.9684,15.0654,15.7783,13575000
2000-04-07,15.113,15.3744,15.0654,15.208,9633400
2000-04-10,15.0417,15.2556,14.4001,14.4476,14864400
2000-04-11,15.4456,15.7308,14.9466,14.9466,11011200
2000-04-12,15.9447,16.2536,15.5645,15.6595,13895400
2000-04-13,15.8734,16.0872,15.6595,16.0872,9111200
2000-04-14,14.9466,15.8971,14.5427,15.8734,13269600
2000-04-17,14.9704,15.2318,14.6852,14.6852,9400800
2000-04-18,15.5169,15.7546,14.7565,14.7803,7942600
2000-04-19,15.4932,15.6357,15.2793,15.5169,6159200
2000-04-20,15.8971,16.0635,15.5645,15.7308,7518800
2000-04-24,16.2298,16.3962,15.8496,15.8496,7879200
2000-04-25,16.3724,16.9427,16.3486,16.3486,8942000
2000-04-26,16.3724,16.7288,16.3724,16.3724,7366000
2000-04-27,15.9922,16.1348,15.8259,15.9922,9252800
2000-04-28,15.612,16.2298,15.612,16.0872,9822600
2000-05-01,15.6357,15.9447,15.4694,15.6357,9401400
2000-05-02,15.7308,15.9447,15.4932,15.612,7862600
2000-05-03,15.5975,16.0781,15.5254,15.8378,8710800
2000-05-04,15.285,15.7897,15.2129,15.6215,6573600
2000-05-05,15.3331,15.5494,15.0928,15.237,5011600
2000-05-08,15.8618,16.0541,15.1889,15.237,5529600
2000-05-09,15.9339,16.2223,15.8138,15.9099,5620600
2000-05-10,16.006,16.1262,15.8378,15.958,7174400
2000-05-11,16.3425,16.727,16.2464,16.2944,5724800
2000-05-12,16.7991,17.1356,16.1983,16.2704,8653800
2000-05-15,17.2077,17.3038,16.8232,16.8953,6635400
2000-05-16,16.7751,17.3038,16.679,17.3038,7627800
2000-05-17,16.5107,16.7991,16.3425,16.5588,4745200
2000-05-18,16.6069,17.0395,16.4867,16.5588,4737800
2000-05-19,16.5828,16.703,16.2223,16.4867,4673800
2000-05-22,16.8712,17.0154,16.4386,16.727,3979000
2000-05-23,17.2317,17.3519,16.7991,16.8712,7232800
2000-05-24,17.1116,17.5442,16.9914,17.2317,14298800
2000-05-25,16.8953,17.1356,16.4386,17.1356,7295000
2000-05-26,16.9674,17.3279,16.7511,16.8232,5800200
2000-05-30,17.2558,17.3038,16.8472,17.2317,6045000
2000-05-31,17.4,17.4961,17.1116,17.3038,7501000
2000-06-01,17.6643,18.0248,17.2798,17.4,13130800
2000-06-02,18.2652,18.3613,17.9768,18.0729,8789400
2000-06-05,17.3519,18.145,17.2558,17.9287,8302600
2000-06-06,17.2798,17.3759,16.7751,17.3759,5388000
2000-06-07,17.4961,17.6884,17.1116,17.1837,4832200
2000-06-08,17.2317,17.448,16.8472,17.4,3961200
2000-06-09,16.6069,17.3759,16.4627,17.3759,4683000
2000-06-12,16.9193,17.0635,16.727,16.8232,3422000
2000-06-13,16.8232,16.8953,16.5588,16.7751,4283600
2000-06-14,17.0635,17.2077,16.679,16.8232,5231600
2000-06-15,16.1743,16.9674,15.8859,16.7751,14703800
2000-06-16,14.7563,16.0541,14.3477,16.0541,24416600
2000-06-19,15.4773,15.5494,14.6842,14.7323,11801400
2000-06-20,15.0447,15.5975,14.9005,15.4292,9436600
2000-06-21,14.7323,15.0928,14.6361,15.0687,7334600
2000-06-22,15.3091,15.3331,14.8525,14.9966,6898400
2000-06-23,15.1649,15.5013,15.1168,15.3331,4169600
2000-06-26,15.4533,15.6455,15.2129,15.3091,4371400
2000-06-27,15.7657,16.1022,15.6696,15.7657,7592600
2000-06-28,15.7897,16.2944,15.6696,15.7657,6928800
2000-06-29,15.6696,15.8618,15.5735,15.7657,7576000
2000-06-30,14.9005,15.7176,14.9005,15.5735,9158000
2000-07-03,15.6455,15.6936,15.3331,15.4773,3657800
2000-07-05,15.9339,16.2464,15.7657,15.8618,6431200
2000-07-06,16.4867,16.4867,15.6215,16.0541,5920200
2000-07-07,16.4146,16.9193,16.4146,16.5107,8456800
2000-07-10,16.3906,16.7751,16.3906,16.5347,5487600
2000-07-11,16.5588,16.679,16.2944,16.3906,5232800
2000-07-12,16.5828,16.9433,16.4386,16.7511,5934800
2000-07-13,16.4627,16.7991,16.1743,16.6309,5473600
2000-07-14,16.7991,17.2798,16.3906,16.4386,5317200
2000-07-17,16.679,16.9193,16.5347,16.8712,4816400
2000-07-18,16.1743,16.3906,16.0301,16.3425,7920400
2000-07-19,16.2223,16.2944,16.0781,16.1743,5271200
2000-07-20,16.6549,16.703,16.2464,16.2464,6878200
2000-07-21,16.2944,16.727,16.1502,16.6549,5732400
2000-07-24,16.0781,16.4867,16.0781,16.4867,5263000
2000-07-25,16.0781,16.3425,15.9099,16.3425,3644800
2000-07-26,15.7417,15.8859,15.6215,15.6215,6545000
2000-07-27,16.1502,16.2464,15.8138,15.8859,5089800
2000-07-28,15.958,16.0781,15.6455,15.8138,4863000
2000-07-31,15.9339,16.1502,15.7897,16.1262,5430000
2000-08-01,15.8378,16.0781,15.7417,16.0541,5587800
2000-08-02,16.1157,16.1886,15.9212,16.1157,4760600
2000-08-03,17.015,17.1366,16.0184,16.0914,11140600
2000-08-04,17.1609,17.4039,17.0879,17.1852,11581000
2000-08-07,17.3067,17.4526,16.9664,17.2824,7067200
2000-08-08,17.1852,17.4282,16.9421,17.4282,4524400
2000-08-09,17.4282,17.5255,16.7962,17.2095,7743400
2000-08-10,17.4039,17.7199,17.2338,17.4526,6802000
2000-08-11,17.5012,17.647,17.3067,17.3796,4652600
2000-08-14,17.5984,17.6956,17.1852,17.4526,3099800
2000-08-15,17.2824,17.5012,16.9664,17.4526,8764400
2000-08-16,17.1609,17.4526,17.0879,17.2095,4517600
2000-08-17,17.3553,17.5012,17.1122,17.2338,4971400
2000-08-18,17.2095,17.3796,17.1852,17.2824,4639400
2000-08-21,17.2581,17.3067,17.0637,17.1122,3630600
2000-08-22,17.7199,17.8172,17.1852,17.2824,7724000
2000-08-23,17.5741,17.7929,17.4039,17.5984,4612800
2000-08-24,17.4039,17.647,17.331,17.5741,5671400
2000-08-25,17.331,17.4769,17.2095,17.4039,3158600
2000-08-28,17.1366,17.4526,17.1122,17.1852,4719400
2000-08-29,16.8449,17.0879,16.7477,17.0393,4641200
2000-08-30,16.9178,17.0879,16.6747,16.9664,5169600
2000-08-31,16.9178,17.2824,16.7962,16.8935,7709000
2000-09-01,16.699,17.1366,16.6747,17.1122,4788800
2000-09-05,16.9907,17.015,16.6018,16.6747,7290400
2000-09-06,17.2824,17.4526,17.015,17.0879,6617800
2000-09-07,17.5012,17.6227,17.3796,17.5012,7081000
2000-09-08,17.8415,17.963,17.5012,17.5984,8128400
2000-09-11,17.9873,18.279,17.9144,18.0845,8594400
2000-09-12,18.0116,18.2061,17.7442,18.2061,5340400
2000-09-13,18.1818,18.3276,17.9144,18.0116,7844200
2000-09-14,17.6713,17.963,17.4282,17.9387,9269000
2000-09-15,17.8658,17.9387,17.4769,17.6713,11914400
2000-09-18,17.3796,17.7442,17.3553,17.7442,5769200
2000-09-19,17.6956,17.7929,17.4039,17.4526,4887600
2000-09-20,17.5741,17.6956,17.2824,17.6956,4393400
2000-09-21,17.3553,17.5741,17.2581,17.5255,5107600
2000-09-22,17.5984,17.6956,17.2824,17.4526,5381800
2000-09-25,17.9873,18.1818,17.6227,17.8415,6320600
2000-09-26,17.9387,18.1089,17.8415,18.0845,7087200
2000-09-27,18.0116,18.0845,17.6227,17.7199,6100200
2000-09-28,18.1818,18.3033,17.963,18.0845,7742000
2000-09-29,17.8658,18.3033,17.7686,18.0359,8549800
2000-10-02,18.3033,18.3033,17.647,17.8901,5947000
2000-10-03,18.5707,18.7651,18.4249,18.4249,11716600
2000-10-04,18.3276,18.7895,18.1575,18.6679,8122200
2000-10-05,18.5464,18.7651,18.4006,18.4006,7417200
2000-10-06,18.1089,18.6193,17.7199,18.595,8413600
2000-10-09,17.9387,18.1818,17.7686,17.8172,4647200
2000-10-10,17.4282,17.9387,17.3553,17.9387,6226800
2000-10-11,17.0637,17.4769,16.8692,17.3067,9274400
2000-10-12,16.6261,17.2095,16.3101,17.1609,9953000
2000-10-13,16.8692,17.1852,16.5289,16.5289,6377800
2000-10-16,16.9421,17.0879,16.7233,17.0879,4871400
2000-10-17,16.2129,16.9421,16.1157,16.9178,9309000
2000-10-18,16.4317,16.6504,15.4107,16.1886,10606000
2000-10-19,16.6018,16.7962,16.1157,16.1643,6391400
2000-10-20,16.4559,16.7962,16.3344,16.6018,5149000
2000-10-23,16.4074,16.6018,16.3344,16.6018,4367000
2000-10-24,16.8449,17.0393,16.6747,16.7719,4921400
2000-10-25,16.8692,17.2581,16.8449,16.9178,6493200
2000-10-26,16.7233,16.8206,16.2372,16.6504,6994200
2000-10-27,16.9907,17.1366,16.6261,16.6504,4894000
2000-10-30,17.8172,17.8172,17.1366,17.2338,8286200
2000-10-31,18.0116,18.1089,17.5255,17.8658,7959000
2000-11-01,18.2349,18.2349,17.94,18.0137,6474000
2000-11-02,18.284,18.4315,18.112,18.2349,4486800
2000-11-03,18.284,18.4315,18.0629,18.112,3877600
2000-11-06,18.4069,18.4561,18.1857,18.3332,4957200
2000-11-07,18.284,18.3578,18.0874,18.3332,3434600
2000-11-08,18.4561,18.4806,17.8908,18.284,6556800
2000-11-09,18.8001,18.8493,18.4315,18.4561,6434000
2000-11-10,18.5298,18.8738,18.5298,18.8001,4511000
2000-11-13,18.0874,18.6035,17.8662,18.284,5718600
2000-11-14,18.3332,18.5544,18.0137,18.112,7111800
2000-11-15,17.5959,18.0874,17.4239,17.9891,10094600
2000-11-16,17.4976,17.6696,17.2273,17.3256,4729800
2000-11-17,17.5959,17.6696,17.1044,17.4485,5817400
2000-11-20,17.3502,17.6451,17.2027,17.6451,4762600
2000-11-21,17.6942,17.8171,17.2273,17.301,5351800
2000-11-22,17.0061,17.6696,16.9078,17.4976,5985400
2000-11-24,17.0553,17.1781,16.9815,17.1044,2254800
2000-11-27,17.3748,17.5713,17.0798,17.1536,4417000
2000-11-28,17.9646,18.0629,17.3502,17.4485,6048800
2000-11-29,18.4561,18.4806,17.9646,18.0629,6369200
2000-11-30,18.6527,18.7264,18.2349,18.5052,9851400
2000-12-01,18.6527,18.9967,18.5052,18.8001,7969000
2000-12-04,18.4315,18.6772,18.2103,18.6035,8278200
2000-12-05,18.8984,18.8984,18.284,18.3823,10294200
2000-12-06,19.0704,19.6848,18.5298,18.5298,22662400
2000-12-07,19.4882,19.6111,19.0704,19.0704,7205000
2000-12-08,19.6603,19.6603,19.267,19.6357,8179800
2000-12-11,19.562,19.7586,19.1688,19.1688,10376600
2000-12-12,19.6357,19.6603,19.3654,19.6603,9088200
2000-12-13,19.6603,19.8814,19.4882,19.6603,5653200
2000-12-14,19.6357,19.6603,19.1196,19.4637,6771600
2000-12-15,19.8323,19.8814,19.4882,19.6111,17553800
2000-12-18,20.717,20.8153,20.078,20.1518,15363600
2000-12-19,20.7661,21.1594,20.5695,20.7416,14642000
2000-12-20,20.8153,20.9627,20.2255,20.4713,9810800
2000-12-21,20.8153,21.0365,20.5204,20.9382,13051800
2000-12-22,21.2085,21.356,20.8645,20.9136,9990400
2000-12-26,21.6017,21.6263,21.1102,21.2085,5129200
2000-12-27,21.7492,21.7492,21.4297,21.6263,5959200
2000-12-28,21.9212,22.0686,21.6017,21.7492,4987200
2000-12-29,21.8966,22.167,21.7983,22.0932,5902400
2001-01-02,21.2085,21.5526,20.9873,21.4051,10507600
2001-01-03,20.889,21.2331,19.6603,20.7907,25441200
2001-01-04,20.4467,20.9627,19.9306,20.4958,17119600
2001-01-05,20.5941,20.6924,19.6357,20.1763,14179400
2001-01-08,20.3975,20.6924,20.2255,20.2992,8719800
2001-01-09,19.5374,20.5695,19.5374,20.2747,10935200
2001-01-10,19.1442,19.5128,18.751,18.8001,15362600
2001-01-11,19.3654,19.8814,19.2179,19.4637,11558000
2001-01-12,19.1442,19.6848,18.9476,19.6848,8515000
2001-01-16,19.6357,19.734,18.7755,19.1688,14923200
2001-01-17,19.4145,19.9797,19.4145,19.906,9058200
2001-01-18,19.0459,19.562,18.9722,19.562,8306600
2001-01-19,19.2916,19.5128,18.8984,19.0704,9132600
2001-01-22,19.5128,19.7094,19.1196,19.2916,6294200
2001-01-23,19.5128,19.8323,19.3899,19.5374,9064000
2001-01-24,19.734,19.9552,19.4637,19.6357,7102200
2001-01-25,19.906,20.0043,19.5374,19.7586,10620000
2001-01-26,20.2501,20.3975,19.8814,20.078,9043400
2001-01-29,20.1046,20.5568,19.9158,20.3484,7086400
2001-01-30,20.4113,20.486,19.9001,20.2973,8707400
2001-01-31,20.4526,20.5678,20.131,20.4288,6802200
2001-02-01,20.0119,20.5995,19.7339,20.27,9301600
2001-02-02,19.9483,20.0913,19.7935,19.8332,5189000
2001-02-05,20.393,20.4526,20.0317,20.2025,5201000
2001-02-06,20.2064,20.3216,19.9603,20.1548,5187600
2001-02-07,20.1588,20.4566,20.0516,20.2104,4456800
2001-02-08,20.2898,20.4645,20.2223,20.2302,6276200
2001-02-09,20.1191,20.3295,19.9523,20.2898,6206600
2001-02-12,20.1707,20.4328,20.0913,20.3176,5963600
2001-02-13,19.8491,20.2461,19.7538,20.1906,7137200
2001-02-14,19.9642,20.2421,19.8332,20.0714,7284400
2001-02-15,19.7379,20.0992,19.6942,19.992,4237600
2001-02-16,19.8967,20.131,19.6942,19.7339,6400800
2001-02-20,19.3289,20.0754,19.2376,20.0714,7583000
2001-02-21,19.1264,19.5354,18.9795,19.3289,7550000
2001-02-22,19.1383,19.2178,18.4316,19.0986,8390400
2001-02-23,19.2455,19.2971,18.6023,19.0708,6657600
2001-02-26,19.6863,19.726,18.9716,19.2455,7664600
2001-02-27,19.7935,19.9841,19.5195,19.6863,6196400
2001-02-28,19.7101,20.0833,19.4679,20.0833,6797800
2001-03-01,19.6783,19.7617,19.2892,19.7101,7752000
2001-03-02,19.9205,20.0476,19.6148,19.7339,6772000
2001-03-05,19.7855,19.9007,19.3567,19.8213,5492800
2001-03-06,19.6426,20.1389,19.3527,20.0516,7346400
2001-03-07,20.3454,20.3454,19.6148,19.6426,9017400
2001-03-08,20.532,20.532,19.9523,20.3454,6446200
2001-03-09,20.0476,20.2501,19.7339,20.2501,5289800
2001-03-12,18.9795,19.8491,18.9398,19.7935,7622400
2001-03-13,19.6346,19.6704,18.916,19.317,8838400
2001-03-14,18.4871,19.1979,18.3124,19.1026,13661800
2001-03-15,19.3448,19.4123,18.507,18.6301,8754200
2001-03-16,19.0152,19.2654,18.8604,18.9795,11864600
2001-03-19,19.0708,19.1939,18.6102,18.9041,7853200
2001-03-20,18.6023,19.1185,18.5666,18.9795,7459200
2001-03-21,18.0345,18.7095,17.9869,18.6023,9554000
2001-03-22,17.4707,18.0662,16.8949,17.9869,13747400
2001-03-23,18.0385,18.1099,17.2007,17.2801,11197200
2001-03-26,18.3442,18.5944,18.2052,18.2568,7439800
2001-03-27,19.2932,19.3567,18.2171,18.499,10919800
2001-03-28,19.321,19.4083,18.9557,19.2574,7249800
2001-03-29,19.0708,19.2257,18.9636,19.0192,7684200
2001-03-30,19.6426,19.6426,19.1264,19.2574,8545600
2001-04-02,19.7299,19.9166,19.5036,19.6505,10105000
2001-04-03,19.4361,19.853,19.1661,19.853,10465600
2001-04-04,18.2608,19.3369,17.8797,19.2257,23289200
2001-04-05,18.912,18.916,18.4951,18.5229,13308000
2001-04-06,18.3641,19.0113,17.8439,18.8008,18921400
2001-04-09,18.2489,18.6658,17.9869,18.6658,10629800
2001-04-10,18.7571,18.9398,18.4236,18.4633,12477600
2001-04-11,18.6222,19.1105,18.6222,19.1105,8588200
2001-04-12,18.9676,19.2178,18.5427,18.7532,9682800
2001-04-16,18.7214,19.3527,18.4554,19.2178,8360400
2001-04-17,18.1457,18.6222,17.9035,18.6222,13214200
2001-04-18,18.9001,19.3766,17.967,18.1457,17945400
2001-04-19,19.047,19.1502,18.7611,18.8008,10824200
2001-04-20,19.0311,19.1185,18.6936,19.047,7679400
2001-04-23,18.8802,19.0311,18.642,19.0311,5366400
2001-04-24,19.0192,19.182,18.7214,18.9994,6880400
2001-04-25,18.6817,18.8683,18.5467,18.8326,6420600
2001-04-26,18.3164,18.7611,18.2489,18.6658,11279200
2001-04-27,18.9874,18.9914,18.5467,18.6222,8695200
2001-04-30,18.65,19.1185,18.5626,19.047,9117200
2001-05-01,18.7969,18.7969,18.4911,18.6579,5564200
2001-05-02,19.103,19.2354,18.6695,18.7418,7570600
2001-05-03,19.0427,20.03,18.7779,18.9224,6950400
2001-05-04,18.9826,19.0347,18.7618,18.7899,6987200
2001-05-07,18.9986,19.0789,18.7819,19.0066,5578400
2001-05-08,18.6535,19.0709,18.6254,19.0628,6982600
2001-05-09,18.4608,18.7177,18.3645,18.5732,6768000
2001-05-10,18.4287,18.7016,18.3164,18.6214,9582000
2001-05-11,18.2602,18.6495,18.216,18.6495,6633000
2001-05-14,18.3003,18.4367,18.2321,18.2602,6250000
2001-05-15,18.1317,18.3565,18.0595,18.3043,9133200
2001-05-16,18.3404,18.4608,17.8789,18.1518,14873000
2001-05-17,18.2241,18.5411,18.1638,18.22,11057600
2001-05-18,18.4528,18.5652,18.1598,18.2241,7878600
2001-05-21,18.5411,18.5532,18.3204,18.4207,7747800
2001-05-22,18.9424,19.1551,18.4287,18.4608,9576800
2001-05-23,19.2394,19.2595,18.9264,19.0909,10586200
2001-05-24,19.1832,19.3438,19.131,19.1832,7133600
2001-05-25,18.81,19.2836,18.7939,19.2836,4355200
2001-05-29,18.7658,19.0026,18.7377,18.9745,5803000
2001-05-30,18.7418,19.0789,18.7056,18.7658,5293800
2001-05-31,18.8943,18.8943,18.5491,18.7016,5533200
2001-06-01,18.9906,19.0468,18.6695,18.822,5157400
2001-06-04,19.4039,19.4601,18.8902,18.9906,5919800
2001-06-05,19.5725,19.6247,19.3317,19.5564,6752000
2001-06-06,19.1993,19.42,19.131,19.42,4739600
2001-06-07,19.127,19.1832,18.4849,18.6615,14628800
2001-06-08,18.6374,19.131,18.5451,19.127,8630600
2001-06-11,18.3645,18.7337,18.3444,18.5571,7682400
2001-06-12,18.22,18.3846,18.0194,18.3645,9551600
2001-06-13,17.8067,18.2361,17.6823,18.22,11774400
2001-06-14,17.5177,17.7304,17.4535,17.5779,8834000
2001-06-15,17.3171,17.4575,17.1365,17.1365,17974600
2001-06-18,17.3652,17.4535,17.1164,17.4495,10234800
2001-06-19,17.4615,17.9672,17.301,17.5217,9249800
2001-06-20,17.8629,17.9793,17.4053,17.4375,13819600
2001-06-21,18.5411,18.5772,17.8307,17.8548,12615400
2001-06-22,18.5331,18.7016,18.3043,18.7016,10060000
2001-06-25,18.208,18.7016,18.0635,18.7016,7090000
2001-06-26,18.1839,18.3605,17.907,17.907,10163000
2001-06-27,18.3725,18.6013,18.1598,18.1638,9034200
2001-06-28,18.6254,18.7538,18.3404,18.3404,7783400
2001-06-29,18.6334,18.6334,18.1839,18.4849,9856800
2001-07-02,18.8742,18.9224,18.505,18.6535,6747600
2001-07-03,18.9143,18.9745,18.7337,18.9745,3416400
2001-07-05,18.6816,18.9866,18.6655,18.9143,6154000
2001-07-06,18.4648,18.6976,18.3806,18.6856,5944800
2001-07-09,18.3886,18.4929,18.2802,18.4648,6449200
2001-07-10,18.1518,18.4448,18.0434,18.3886,9115400
2001-07-11,18.1759,18.3284,18.0234,18.2,8609400
2001-07-12,18.3324,18.4006,18.1759,18.2963,6670000
2001-07-13,18.6575,18.7297,18.2321,18.2802,10060400
2001-07-16,18.4729,18.9585,18.4367,18.7658,7149000
2001-07-17,19.0628,19.0628,18.0434,18.1398,12682400
2001-07-18,18.8421,18.9103,18.5652,18.8622,8045000
2001-07-19,18.9023,19.0588,18.6735,18.8822,6460400
2001-07-20,18.5571,18.7618,18.4207,18.6214,10909800
2001-07-23,18.4207,18.6374,18.2842,18.5571,6682000
2001-07-24,18.2281,18.4408,18.1358,18.2682,10008200
2001-07-25,18.3083,18.3404,18.0394,18.2281,8887800
2001-07-26,18.2481,18.3404,18.0194,18.3003,6405600
2001-07-27,18.2241,18.4167,18.204,18.2802,6447800
2001-07-30,18.3806,18.4367,18.2,18.3244,6072400
2001-07-31,18.4849,18.6093,18.3846,18.4328,6460000
2001-08-01,18.6936,18.7418,18.4648,18.6133,5098200
2001-08-02,18.7578,18.818,18.6414,18.7337,4051600
2001-08-03,18.7538,18.8341,18.6254,18.8341,4686200
2001-08-06,18.521,18.8582,18.4729,18.7618,4540400
2001-08-07,18.517,18.6254,18.4889,18.521,5449000
2001-08-08,18.5345,18.7416,18.5142,18.632,7005400
2001-08-09,18.5061,18.5385,18.3802,18.4979,6629000
2001-08-10,18.6807,18.7375,18.3802,18.4776,5654200
2001-08-13,18.9243,18.9771,18.6604,18.6604,5371400
2001-08-14,18.9447,19.1558,18.9243,19.0462,6962400
2001-08-15,19.1193,19.2736,19.0056,19.034,9982400
2001-08-16,18.8066,19.1193,18.6441,19.0421,7254000
2001-08-17,18.7091,18.8797,18.6116,18.8147,4663000
2001-08-20,19.1274,19.168,18.701,18.701,6973400
2001-08-21,19.2127,19.6147,19.1355,19.1883,11359800
2001-08-22,19.3792,19.4807,19.0584,19.2127,11836200
2001-08-23,19.3183,19.4157,19.2655,19.3792,10145400
2001-08-24,19.3914,19.436,19.2858,19.371,8381400
2001-08-27,19.298,19.371,19.1843,19.3304,5956200
2001-08-28,19.0259,19.432,19.0056,19.298,5504600
2001-08-29,18.6604,19.1599,18.4979,19.0868,11094000
2001-08-30,18.6197,18.8594,18.5792,18.6604,7629000
2001-08-31,18.6847,18.8797,18.5629,18.6197,6268200
2001-09-04,18.8715,18.9893,18.3964,18.6644,9052200
2001-09-05,18.7497,18.8837,18.6604,18.6888,9077400
2001-09-06,18.4208,18.7903,18.3842,18.7903,8943000
2001-09-07,18.1649,18.433,18.1,18.1934,10806200
2001-09-10,17.97,18.3558,17.8685,17.8685,13119400
2001-09-17,17.6654,17.8644,16.6908,16.7111,16531400
2001-09-18,17.771,17.8644,17.4867,17.5639,8840400
2001-09-19,17.9131,18.104,17.637,17.9091,17322000
2001-09-20,17.4543,17.7994,17.4218,17.7669,15395400
2001-09-21,17.239,17.7223,16.4471,16.4471,17983000
2001-09-24,17.5314,17.7263,17.4624,17.4949,10347200
2001-09-25,17.6857,17.8076,17.2999,17.2999,8908600
2001-09-26,17.7345,17.9091,17.5802,17.8888,9218000
2001-09-27,17.7466,17.9659,17.6451,17.8482,8625200
2001-09-28,18.0512,18.1081,17.771,17.8482,9792000
2001-10-01,18.0553,18.3314,17.9335,18.1121,8452400
2001-10-02,18.1121,18.1568,17.7466,18.0106,10513200
2001-10-03,18.173,18.2949,17.9984,18.1121,7698200
2001-10-04,17.97,18.2746,17.8685,18.2746,8579000
2001-10-05,17.4827,18.0918,17.4624,18.0715,15706400
2001-10-08,16.9223,17.4624,16.7923,17.4583,12941400
2001-10-09,16.9263,17.2349,16.8735,16.8816,10570600
2001-10-10,17.105,17.4624,16.837,16.8532,7674400
2001-10-11,16.9953,17.1943,16.8938,17.1172,11823600
2001-10-12,16.6826,16.8451,16.508,16.6502,12965400
2001-10-15,16.5568,16.772,16.4471,16.6299,11998200
2001-10-16,16.3212,17.0562,16.244,16.4471,21577600
2001-10-17,15.777,16.7111,15.5334,16.5283,26606200
2001-10-18,15.8664,15.9598,15.7364,15.777,17118000
2001-10-19,15.8379,16.2359,15.6633,15.8055,10701200
2001-10-22,16.1344,16.1547,15.6836,15.6836,13123800
2001-10-23,16.244,16.3415,15.8217,16.244,9870800
2001-10-24,16.3659,16.4674,16.171,16.2522,9115000
2001-10-25,16.8126,16.8126,16.2034,16.3659,11494400
2001-10-26,16.6908,16.8532,16.642,16.8532,7783000
2001-10-29,16.244,16.638,16.2237,16.5892,7787200
2001-10-30,16.1832,16.3578,15.8989,16.244,8184800
2001-10-31,16.041,16.3984,15.9801,16.3984,7321000
2001-11-01,16.2806,16.3578,15.9395,16.0451,9189000
2001-11-02,16.2765,16.3415,16.0451,16.244,8267000
2001-11-05,16.6014,16.7314,16.3456,16.3456,10870000
2001-11-06,17.2187,17.2593,16.6745,16.7314,13231600
2001-11-07,17.5236,17.7499,17.1945,17.3344,11524200
2001-11-08,17.4784,17.7252,17.4537,17.5442,8453400
2001-11-09,17.4208,17.6388,17.4002,17.4825,5566200
2001-11-12,17.5319,17.6594,17.1575,17.2686,5249800
2001-11-13,17.4578,17.7581,17.3797,17.68,8029200
2001-11-14,17.4167,17.6388,17.3344,17.5606,9552800
2001-11-15,17.2192,17.536,17.211,17.4619,10612800
2001-11-16,17.4249,17.5072,17.2563,17.3221,9238600
2001-11-19,17.4249,17.6347,17.3468,17.5565,5732800
2001-11-20,17.4043,17.5442,17.3838,17.5031,6253400
2001-11-21,17.4126,17.5031,17.3838,17.4743,4114400
2001-11-23,17.6306,17.6758,17.4002,17.4002,2339600
2001-11-26,17.8404,18.0337,17.5236,17.68,8316400
2001-11-27,17.7334,17.9514,17.6882,17.7705,7521800
2001-11-28,17.5483,17.9185,17.5483,17.7951,8880200
2001-11-29,17.7252,17.7458,17.4825,17.5442,7295600
2001-11-30,17.6059,17.8321,17.5648,17.7622,7537400
2001-12-03,17.4619,17.6388,17.4167,17.5236,8628800
2001-12-04,17.68,17.6923,17.466,17.5648,5007000
2001-12-05,17.8445,17.9884,17.6388,17.6471,9699000
2001-12-06,17.9432,18.1077,17.8527,17.935,9149200
2001-12-07,17.9844,18.0214,17.8198,17.9432,4762800
2001-12-10,17.9514,18.0214,17.8856,17.9844,6363200
2001-12-11,17.8692,18.0173,17.8321,18.0173,5545400
2001-12-12,17.8527,18.009,17.7787,17.9967,6193400
2001-12-13,17.573,17.935,17.5277,17.791,7767600
2001-12-14,17.5524,17.7622,17.4825,17.5442,8460000
2001-12-17,17.6635,17.7787,17.5524,17.6758,9932800
2001-12-18,17.9144,17.9309,17.6265,17.6882,8144200
2001-12-19,17.935,18.0378,17.7951,17.8939,10017600
2001-12-20,17.9926,18.0748,17.8116,18.0173,9959000
2001-12-21,17.7499,18.0378,17.7499,17.9926,12575200
2001-12-24,17.8116,17.8897,17.7499,17.7499,2042200
2001-12-26,17.7581,17.8527,17.7581,17.8116,5103800
2001-12-27,17.8527,17.8527,17.7581,17.7581,4380200
2001-12-28,17.935,17.935,17.791,17.8527,5332200
2001-12-31,17.8815,18.0173,17.8568,17.935,6435800
2002-01-02,17.8692,17.8856,17.6471,17.8445,8024000
2002-01-03,17.935,17.9884,17.791,17.8692,7569600
2002-01-04,17.9802,18.0913,17.8321,17.9967,10441600
2002-01-07,18.009,18.1365,17.9926,18.079,7019800
2002-01-08,17.9391,18.079,17.7951,18.079,6435000
2002-01-09,17.8486,18.009,17.8157,17.9021,7803400
2002-01-10,17.8815,17.9514,17.8321,17.8733,8272400
2002-01-11,17.8116,17.935,17.7951,17.9144,6401600
2002-01-14,17.6964,17.8692,17.6964,17.8116,8383800
2002-01-15,18.6425,18.6549,17.8897,17.9144,31319800
2002-01-16,18.6137,19.0045,18.4903,18.6425,22628600
2002-01-17,18.7618,18.8194,18.5726,18.7577,13061800
2002-01-18,18.6672,18.9428,18.6096,18.696,11003200
2002-01-22,19.1978,19.1978,18.7371,18.8729,13581800
2002-01-23,19.3171,19.3336,19.0662,19.1978,8640600
2002-01-24,19.3953,19.5146,19.1855,19.3336,13785800
2002-01-25,19.3747,19.5187,19.2924,19.4981,9167200
2002-01-28,19.3953,19.5146,19.2924,19.457,9839000
2002-01-29,18.8071,19.5146,18.7166,19.457,13977400
2002-01-30,19.194,19.2523,18.7611,18.9276,13714200
2002-01-31,19.3106,19.3522,19.0733,19.2523,11925800
2002-02-01,19.4396,19.4813,19.1566,19.2065,8014800
2002-02-04,19.0275,19.3397,18.9817,19.2731,8374800
2002-02-05,18.8818,19.2107,18.8402,19.0359,10872000
2002-02-06,18.8402,18.9401,18.6279,18.9401,11512800
2002-02-07,18.8985,19.0858,18.7403,18.9193,8991000
2002-02-08,19.0567,19.1191,18.8152,18.8943,7558800
2002-02-11,19.3023,19.3564,18.9568,19.0567,7149000
2002-02-12,19.3231,19.3522,19.1982,19.3023,5224400
2002-02-13,19.4313,19.5187,19.2149,19.3814,6251200
2002-02-14,19.3855,19.5562,19.2815,19.4313,7222800
2002-02-15,19.2232,19.398,19.1732,19.3564,7947000
2002-02-19,18.9401,19.1899,18.8569,19.1483,8382200
2002-02-20,19.1233,19.1899,18.7736,18.9193,8893200
2002-02-21,19.0442,19.1982,18.936,19.0733,8521200
2002-02-22,19.1732,19.1732,18.9027,18.9401,7471800
2002-02-25,19.398,19.4563,19.1441,19.1483,6903600
2002-02-26,19.4105,19.5437,19.3772,19.4813,7353200
2002-02-27,19.5021,19.5853,19.4313,19.4605,10255200
2002-02-28,19.5229,19.7269,19.5063,19.5645,10739000
2002-03-01,19.9142,19.935,19.5853,19.627,9953400
2002-03-04,20.4553,20.5095,19.9475,19.9683,12935800
2002-03-05,20.2389,20.5219,20.1973,20.4345,9146400
2002-03-06,20.4387,20.5303,19.9808,20.3429,8114800
2002-03-07,20.3513,20.6302,20.2097,20.3804,8174600
2002-03-08,20.4179,20.6676,20.2597,20.4595,9083800
2002-03-11,20.5219,20.6884,20.2555,20.3513,6522200
2002-03-12,20.7717,20.7925,20.3513,20.4387,7780800
2002-03-13,20.6468,20.805,20.5011,20.7717,8510800
2002-03-14,20.5636,20.626,20.422,20.5636,7939600
2002-03-15,21.0215,21.1047,20.7051,20.7509,14411600
2002-03-18,20.8841,21.1255,20.7134,21.1255,8554400
2002-03-19,20.8924,20.9798,20.7675,20.9132,5410200
2002-03-20,20.6177,20.805,20.6052,20.805,5943600
2002-03-21,20.4803,20.6052,20.3055,20.5844,6785200
2002-03-22,20.626,20.7842,20.3596,20.4803,6153600
2002-03-25,20.4137,20.6801,20.3762,20.626,5647800
2002-03-26,20.4595,20.5927,20.2888,20.3138,8390800
2002-03-27,20.6593,20.7592,20.4595,20.5636,8353400
2002-03-28,20.5636,20.7925,20.2722,20.5636,8175200
2002-04-01,20.3679,20.4012,20.1348,20.1973,6828800
2002-04-02,20.4054,20.472,20.2514,20.3679,6786800
2002-04-03,20.1057,20.4179,20.0307,20.3638,7095400
2002-04-04,20.293,20.4137,20.2305,20.3346,7476800
2002-04-05,20.3846,20.4429,20.2722,20.3554,6191000
2002-04-08,20.4553,20.601,20.1889,20.3138,6803400
2002-04-09,20.5178,20.651,20.4054,20.6468,8887400
2002-04-10,20.6468,20.6801,20.5219,20.601,9301200
2002-04-11,20.4387,20.6968,20.4387,20.6468,8053200
2002-04-12,20.805,20.8092,20.4803,20.5969,10741000
2002-04-15,20.6427,20.8799,20.6052,20.805,9128600
2002-04-16,20.8549,21.1172,20.8341,20.8591,16496200
2002-04-17,21.2712,21.3212,20.7717,20.9174,12843000
2002-04-18,21.3711,21.4794,21.0215,21.3753,13243200
2002-04-19,21.2671,21.5834,21.2296,21.4794,8690600
2002-04-22,20.9049,21.3378,20.8341,21.2671,7964600
2002-04-23,20.7426,21.0839,20.6468,20.9174,8809000
2002-04-24,21.0131,21.1588,20.7925,20.8341,8428000
2002-04-25,21.1464,21.2629,20.7509,20.7842,8732000
2002-04-26,21.2296,21.4377,21.0298,21.1505,9536000
2002-04-29,21.0506,21.3753,20.9757,21.2296,6949400
2002-04-30,21.292,21.4377,20.9257,21.1464,8717200
2002-05-01,21.2338,21.3753,21.0173,21.3753,6948400
2002-05-02,21.6375,21.6459,21.2296,21.2338,8021200
2002-05-03,21.5335,21.6459,21.4128,21.6375,6907000
2002-05-06,21.2213,21.8207,21.1297,21.6042,6818000
2002-05-07,21.3545,21.7083,21.2712,21.4585,7718800
2002-05-08,21.5626,21.7041,21.5252,21.6459,8439200
2002-05-09,21.2005,21.4669,21.1047,21.3129,7068400
2002-05-10,20.8966,21.2962,20.8383,21.292,6125400
2002-05-13,21.3045,21.3253,20.9091,20.959,5337800
2002-05-14,21.7208,21.7291,21.3129,21.5418,6718800
2002-05-15,21.7541,21.9081,21.6792,21.7208,5762400
2002-05-16,21.9248,21.9955,21.5626,21.8124,7594400
2002-05-17,21.9706,22.1121,21.9123,22.0205,7286200
2002-05-20,21.7458,22.0205,21.7291,22.0205,4911000
2002-05-21,21.8956,22.187,21.8582,21.9372,6987400
2002-05-22,21.6875,21.8249,21.521,21.7708,8826200
2002-05-23,22.1495,22.162,21.6917,21.8956,9953200
2002-05-24,22.0163,22.2453,21.9372,22.162,4077000
2002-05-28,21.9414,22.2078,21.6875,22.2078,7123800
2002-05-29,21.829,22.0954,21.7791,21.9414,6064600
2002-05-30,21.7957,21.8582,21.5709,21.6875,7561000
2002-05-31,21.8124,21.9789,21.6042,21.7083,10282600
2002-06-03,21.4377,21.9789,21.2088,21.8165,7838800
2002-06-04,21.2213,21.2712,21.0256,21.034,10335400
2002-06-05,21.2504,21.4336,21.1047,21.3337,10149200
2002-06-06,20.6676,21.2629,20.6676,21.2587,9129800
2002-06-07,20.7967,20.9549,20.5553,20.6676,9628800
2002-06-10,20.8175,20.9216,20.676,20.6926,7992400
2002-06-11,20.6052,21.0006,20.6052,20.9216,6794600
2002-06-12,20.8092,20.9049,20.5178,20.6884,10175000
2002-06-13,20.4803,20.8675,20.4803,20.8092,8255400
2002-06-14,20.7426,20.8882,20.293,20.4387,11998800
2002-06-17,21.4377,21.4377,20.8799,20.9174,9469600
2002-06-18,21.496,21.5418,21.188,21.188,6813800
2002-06-19,21.3129,21.5126,21.2296,21.3919,7381000
2002-06-20,21.2296,21.4752,21.1963,21.2712,8575800
2002-06-21,21.2754,21.4794,21.1131,21.1255,16649200
2002-06-24,20.9382,21.3753,20.7301,21.3337,14636200
2002-06-25,20.9382,21.1921,20.8591,20.9715,9037800
2002-06-26,20.6843,20.83,20.293,20.7093,16748200
2002-06-27,20.8799,20.8799,20.5386,20.7093,11778600
2002-06-28,20.8383,21.1047,20.6676,20.8133,12202600
2002-07-01,20.5344,20.8675,20.5261,20.7717,9923000
2002-07-02,20.6676,20.7342,20.3762,20.6468,14177400
2002-07-03,20.4345,20.6468,20.1182,20.5885,13743800
2002-07-05,20.984,20.984,20.5219,20.6468,4200200
2002-07-08,21.1755,21.1838,20.8841,21.0131,7629600
2002-07-09,20.9216,21.5293,20.9091,21.292,12783600
2002-07-10,20.4304,21.0423,20.3721,20.9382,14560200
2002-07-11,20.293,20.4262,19.8684,20.3138,17997000
2002-07-12,20.0224,20.4137,19.8767,20.3971,9587600
2002-07-15,19.627,19.8559,19.2065,19.7102,17648000
2002-07-16,19.6478,19.9392,15.8597,19.627,14775800
2002-07-17,19.885,20.3971,19.7269,19.8559,13051600
2002-07-18,19.3564,19.9017,19.3148,19.6894,13068000
2002-07-19,18.7445,19.0442,18.6071,18.6279,17629800
2002-07-22,18.4864,18.8777,18.1076,18.5238,17813800
2002-07-23,17.7454,18.6487,17.5415,18.4864,22873800
2002-07-24,18.9151,19.0817,17.275,17.3167,20172800
2002-07-25,19.3314,19.5187,18.5863,18.7112,17818600
2002-07-26,19.8559,19.8809,19.1566,19.5229,11880000
2002-07-29,20.626,20.6385,20.089,20.2722,10152800
2002-07-30,20.6884,20.7675,20.1473,20.5636,11834400
2002-07-31,21.1713,21.188,20.6135,20.7093,15298400
2002-08-01,20.5428,21.1047,20.5011,21.0215,11505000
2002-08-02,20.3596,20.5428,20.1889,20.5428,8447000
2002-08-05,20.0183,20.4636,19.9017,20.4636,10656800
2002-08-06,20.3929,20.7551,20.064,20.139,12256800
2002-08-07,21.0119,21.0583,20.4474,20.6623,14257000
2002-08-08,21.6649,21.6859,21.0456,21.0709,19427400
2002-08-09,21.8207,21.8797,21.391,21.5469,11624600
2002-08-12,21.589,21.6986,21.252,21.3152,8247400
2002-08-13,21.1635,21.8207,21.1383,21.3152,10978200
2002-08-14,21.7154,21.7365,20.9782,21.1635,12231600
2002-08-15,21.7575,21.9681,21.5764,21.8207,10649200
2002-08-16,21.6522,21.8291,21.3658,21.4837,6705200
2002-08-19,22.1788,22.2167,21.6311,21.7154,8840000
2002-08-20,21.7491,22.0313,21.5932,21.8839,8667400
2002-08-21,21.6986,21.9555,21.4921,21.926,7666600
2002-08-22,21.8755,21.9808,21.568,21.6986,8270800
2002-08-23,21.7533,21.905,21.5722,21.8418,7248200
2002-08-26,22.1156,22.2167,21.6901,21.8965,6745000
2002-08-27,22.1998,22.2715,22.0229,22.1198,7863000
2002-08-28,21.926,22.1788,21.7659,22.1156,7654800
2002-08-29,21.7575,21.9218,21.6101,21.7365,7859200
2002-08-30,21.985,22.322,21.6901,21.7575,8908800
2002-09-03,21.5258,21.8207,21.3784,21.8207,11771400
2002-09-04,21.4753,21.6733,21.252,21.568,9849800
2002-09-05,21.4247,21.4921,20.9782,21.2352,9031400
2002-09-06,21.6943,21.8376,21.5343,21.6311,7936200
2002-09-09,21.7659,21.8418,21.3784,21.5258,9971800
2002-09-10,21.5848,21.6943,21.3489,21.6606,7986600
2002-09-11,21.3995,23.1013,21.3152,21.9471,6538400
2002-09-12,20.7423,21.3068,20.6665,21.2941,8877400
2002-09-13,20.6749,20.9698,20.4306,20.4727,10982800
2002-09-16,20.6496,21.0919,20.4685,21.0919,8244200
2002-09-17,20.3169,21.0119,20.1357,20.9993,11450400
2002-09-18,19.9756,20.1273,19.8745,19.9883,11710000
2002-09-19,19.3859,19.883,19.3774,19.6302,9755200
2002-09-20,19.7524,19.7776,19.3859,19.3901,15796000
2002-09-23,20.4811,20.6707,19.4743,19.6302,14509400
2002-09-24,20.22,20.7887,20.0978,20.2621,20429000
2002-09-25,20.4516,20.6833,20.0725,20.5148,12179000
2002-09-26,20.6328,20.7044,20.38,20.5991,13444800
2002-09-27,20.4095,20.9024,20.2537,20.6328,11286400
2002-09-30,20.2873,20.5317,19.8198,20.4053,10974000
2002-10-01,20.5612,20.5949,19.9461,20.3253,15629600
2002-10-02,20.1357,20.4727,19.9504,20.3463,12162000
2002-10-03,19.4491,20.1989,19.2174,20.1399,18281600
2002-10-04,18.8972,19.5459,18.7877,19.4449,14555200
2002-10-07,18.337,19.0826,18.2401,18.5855,16140200
2002-10-08,19.0615,19.369,18.5181,18.535,15130600
2002-10-09,18.7877,19.1668,18.6318,18.7119,15472400
2002-10-10,19.0405,19.3353,18.6403,18.7877,14916800
2002-10-11,19.7355,20.0135,19.2511,19.3522,11239400
2002-10-14,19.8956,20.0725,19.5502,19.5881,8763800
2002-10-15,20.9698,21.0625,20.6412,21.0625,18327000
2002-10-16,20.9445,21.1425,20.6623,20.974,10577200
2002-10-17,20.9066,21.3573,20.8434,21.3489,11441800
2002-10-18,21.2141,21.3152,20.7929,20.9066,13350000
2002-10-21,21.3658,21.5806,20.9235,21.2141,11173800
2002-10-22,21.2647,21.3995,21.0667,21.2731,8044400
2002-10-23,21.3573,21.3573,20.8097,21.2647,9401800
2002-10-24,21.1467,21.568,20.9782,21.4416,9453800
2002-10-25,21.4921,21.5174,20.9824,21.0625,7811800
2002-10-28,21.2436,21.7365,21.0835,21.707,7745400
2002-10-29,21.1256,21.2478,20.8308,21.2394,6844000
2002-10-30,21.3278,21.589,21.2141,21.2731,9557800
2002-10-31,21.2604,21.6691,21.1004,21.4753,9471600
2002-11-01,21.3489,21.3995,20.9277,21.0203,10212200
2002-11-04,21.1004,21.6101,21.0625,21.6101,9027400
2002-11-05,21.054,21.1256,20.7465,21.1046,9698200
2002-11-06,20.7334,21.2236,20.4479,21.181,16113800
2002-11-07,20.1198,20.4564,19.9322,20.3712,13636200
2002-11-08,19.374,20.1752,19.0501,20.0303,16543400
2002-11-11,19.5956,19.7831,19.4294,19.4762,11946600
2002-11-12,19.7746,20.2007,19.5998,19.5998,13275600
2002-11-13,19.8086,20.1752,19.4634,19.7788,10552000
2002-11-14,20.2434,20.3712,19.9493,20.1155,9526200
2002-11-15,20.465,20.5417,19.9493,20.2476,9584200
2002-11-18,20.1794,20.6567,20.0814,20.4692,7016800
2002-11-19,19.7447,20.0345,19.6893,19.9237,10124600
2002-11-20,20.0303,20.2391,19.7618,19.7746,9425400
2002-11-21,20.286,20.4351,20.1155,20.1155,12106200
2002-11-22,20.2434,20.5459,20.205,20.2903,10849400
2002-11-25,20.0771,20.563,19.9408,20.2476,8007800
2002-11-26,19.4336,20.0814,19.4294,20.0814,13248000
2002-11-27,19.9962,20.107,19.6041,19.7319,9161800
2002-11-29,19.6936,20.0388,19.6467,20.0303,5778600
2002-12-02,19.7106,20.1112,19.57,20.0303,14492800
2002-12-03,19.5572,19.766,19.4762,19.6893,12106600
2002-12-04,19.7959,20.0047,19.4421,19.5615,10899600
2002-12-05,19.489,19.8811,19.472,19.8598,8678400
2002-12-06,19.6254,19.8342,19.293,19.3697,9534800
2002-12-09,19.5401,19.7533,19.4762,19.57,9552600
2002-12-10,19.9578,19.9876,19.5444,19.5444,11073200
2002-12-11,19.9024,20.0686,19.7319,19.9621,8391200
2002-12-12,19.7533,19.9237,19.6893,19.9024,6521200
2002-12-13,19.6041,19.8768,19.5401,19.7575,7844400
2002-12-16,20.0303,20.0431,19.5615,19.5615,10318600
2002-12-17,19.9536,20.222,19.9536,20.1155,8008800
2002-12-18,19.7192,19.9663,19.6126,19.8811,7894800
2002-12-19,19.6765,19.9237,19.5018,19.5401,9069600
2002-12-20,20.0601,20.0899,19.8044,19.8811,11704400
2002-12-23,20.0558,20.2007,19.9109,19.9876,6969600
2002-12-24,19.9962,20.0729,19.8896,19.9237,3172200
2002-12-26,19.9621,20.3456,19.8598,20.0942,5230800
2002-12-27,19.7319,19.9962,19.7192,19.8598,4898000
2002-12-30,20.0644,20.2007,19.7618,19.9024,8349000
2002-12-31,19.9749,20.1709,19.749,20.1709,6651800
2003-01-02,20.6994,20.7548,20.0516,20.0942,9904200
2003-01-03,20.4096,20.7249,20.4096,20.4777,7808000
2003-01-06,20.8144,20.938,20.3712,20.3712,8097400
2003-01-07,20.6866,20.9252,20.6354,20.8187,6561000
2003-01-08,20.3925,20.7036,20.2903,20.6908,8071000
2003-01-09,20.5843,20.7249,20.4223,20.4991,7303400
2003-01-10,20.4863,20.7334,20.3584,20.5886,6932600
2003-01-13,20.6056,20.7505,20.4607,20.6695,6844000
2003-01-14,20.7207,20.7505,20.4564,20.5843,4946000
2003-01-15,20.3243,20.7505,20.2775,20.7334,9694800
2003-01-16,20.0303,20.4351,19.9876,20.3712,10748400
2003-01-17,20.1453,20.1453,19.9919,20.0303,12866000
2003-01-21,20.0814,20.3712,20.0303,20.1155,11285800
2003-01-22,20.0431,20.2391,20.009,20.0857,13986200
2003-01-23,20.3414,20.4479,20.0729,20.0729,9740400
2003-01-24,20.0516,20.3456,19.9834,20.3456,8663000
2003-01-27,19.9237,20.2434,19.8598,19.9237,10985800
2003-01-28,19.8598,20.0644,19.7319,19.9876,8859000
2003-01-29,19.9706,20.1539,19.5615,19.864,9431800
2003-01-30,19.7533,20.1198,19.6467,19.9749,8219800
2003-01-31,20.1879,20.2434,19.6467,19.7575,12092200
2003-02-03,20.3456,20.4522,20.1325,20.1922,9390000
2003-02-04,20.0431,20.3499,19.8811,20.3499,8473400
2003-02-05,19.5711,20.3657,19.3681,20.2534,24868800
2003-02-06,19.8043,19.9468,19.5538,19.7136,15605600
2003-02-07,19.6272,19.9727,19.584,19.9295,8705000
2003-02-10,19.787,19.8215,19.5624,19.6056,9184600
2003-02-11,19.692,20.0806,19.5408,19.7913,9601600
2003-02-12,19.5797,19.8604,19.4976,19.692,7341000
2003-02-13,19.692,19.8172,19.3465,19.5797,7551800
2003-02-14,20.0072,20.0072,19.4847,19.692,9624000
2003-02-18,20.1756,20.2879,19.9986,20.1022,7765000
2003-02-19,20.0461,20.1886,19.9036,20.1886,7186600
2003-02-20,19.8993,20.1022,19.8043,20.0461,7330000
2003-02-21,20.0461,20.2922,19.7999,20.059,8074600
2003-02-24,19.5365,19.9381,19.476,19.8431,11751400
2003-02-25,19.6876,19.7136,19.1522,19.3983,11364000
2003-02-26,19.4674,19.6876,19.3379,19.6574,10174800
2003-02-27,19.6358,19.9079,19.4069,19.5279,9866600
2003-02-28,19.584,19.8561,19.5106,19.679,8307200
2003-03-03,19.584,19.9727,19.5106,19.8043,9663800
2003-03-04,19.4329,19.6704,19.4329,19.6402,7875400
2003-03-05,19.7092,19.7567,19.3551,19.3681,9382200
2003-03-06,19.4458,19.7524,19.4156,19.5452,8006400
2003-03-07,19.6704,19.7783,19.1997,19.4501,9361200
2003-03-10,19.1176,19.584,19.0658,19.5236,8976400
2003-03-11,19.1478,19.4544,19.0744,19.1954,14933600
2003-03-12,19.0658,19.2558,18.6858,19.0701,15308400
2003-03-13,19.7567,19.7913,19.3033,19.4544,12215600
2003-03-14,19.7567,19.8863,19.584,19.7956,9872200
2003-03-17,20.2318,20.2318,19.584,19.7567,12542000
2003-03-18,20.1584,20.357,19.9295,20.2879,9991400
2003-03-19,20.3311,20.4045,20.0634,20.1584,10041000
2003-03-20,20.2318,20.3786,19.8647,20.3311,12145600
2003-03-21,20.4088,20.4261,20.0374,20.2318,17074400
2003-03-24,19.7567,20.1756,19.7049,20.1238,8941600
2003-03-25,20.0634,20.18,19.7136,19.787,9423600
2003-03-26,19.8215,20.1454,19.7395,20.1238,9091600
2003-03-27,19.679,19.8474,19.5279,19.8215,8638600
2003-03-28,19.7222,19.7611,19.5192,19.679,7925200
2003-03-31,19.4285,19.584,19.3681,19.4329,10503400
2003-04-01,19.9943,20.0374,19.4372,19.4976,12404000
2003-04-02,20.4391,20.5341,20.2015,20.2966,9647200
2003-04-03,20.2102,20.4909,20.1411,20.4865,9846200
2003-04-04,20.3311,20.4045,20.1886,20.2966,6755800
2003-04-07,20.2231,20.7759,20.2188,20.7068,8060800
2003-04-08,20.4909,20.5945,20.1281,20.2231,7799000
2003-04-09,20.0288,20.3786,20.0159,20.1368,15648800
2003-04-10,20.2577,20.2879,20.0288,20.0288,8348800
2003-04-11,19.9683,20.4045,19.9036,20.2966,11391400
2003-04-14,20.2102,20.2102,19.9122,20.1238,9655800
2003-04-15,20.4909,20.5254,20.0806,20.0806,11768000
2003-04-16,20.1843,20.5557,20.0936,20.547,8953800
2003-04-17,20.5125,20.5125,20.167,20.275,8242200
2003-04-21,20.275,20.6852,20.2102,20.5988,9030600
2003-04-22,20.655,20.7457,20.1324,20.2318,9219400
2003-04-23,20.8018,20.8277,20.5729,20.6204,8420400
2003-04-24,20.547,20.8018,20.3268,20.8018,7771200
2003-04-25,20.4779,20.7068,20.3181,20.6204,6212800
2003-04-28,20.6982,20.8364,20.5038,20.5125,8081600
2003-04-29,20.7845,20.8709,20.4995,20.7845,8098200
2003-04-30,20.8407,21.0264,20.5557,20.7068,11441000
2003-05-01,20.8925,21.0307,20.4779,20.8407,7313800
2003-05-02,21.1602,21.2034,20.8364,20.8925,10511000
2003-05-05,20.75,21.1602,20.6938,21.1602,9133000
2003-05-06,20.8968,20.927,20.7025,20.8493,9888400
2003-05-07,20.8859,21.1921,20.7853,21.0915,10194600
2003-05-08,20.5928,20.8859,20.5535,20.6891,7764000
2003-05-09,20.7416,20.8115,20.4835,20.7109,9554600
2003-05-12,21.039,21.0784,20.6891,20.829,7797800
2003-05-13,20.9603,21.0827,20.9121,20.9909,6538200
2003-05-14,20.8859,21.074,20.7459,21.0608,8090800
2003-05-15,21.0521,21.1658,20.9428,21.0302,7987600
2003-05-16,21.1658,21.2883,20.969,21.0521,7951600
2003-05-19,20.8028,21.1658,20.7765,21.1658,7419600
2003-05-20,20.7241,20.9078,20.5578,20.7328,7575800
2003-05-21,20.6891,20.9078,20.641,20.7328,8739600
2003-05-22,20.5928,20.9296,20.571,20.7547,7763000
2003-05-23,20.6891,20.7765,20.6235,20.6672,6245800
2003-05-27,21.1002,21.109,20.501,20.6016,11612200
2003-05-28,20.8859,21.1833,20.8203,21.1002,9306600
2003-05-29,20.8072,21.0084,20.6803,20.8422,8581400
2003-05-30,21.1265,21.179,20.8203,20.8553,9580400
2003-06-02,21.3889,21.6207,21.2227,21.2227,11376600
2003-06-03,21.5508,21.5682,21.3539,21.4326,7246000
2003-06-04,21.975,22.0494,21.4764,21.4764,12591600
2003-06-05,22.1325,22.1762,21.6732,21.975,9638000
2003-06-06,22.0013,22.3731,22.0013,22.255,11218200
2003-06-09,21.7826,21.8701,21.6645,21.8569,8694800
2003-06-10,22.1412,22.1412,21.7038,21.905,10028800
2003-06-11,22.4955,22.4999,22.0231,22.2418,12302800
2003-06-12,22.5393,22.6705,22.3074,22.6355,8754600
2003-06-13,22.2287,22.6355,22.2243,22.5611,9280000
2003-06-16,22.6574,22.6836,22.4037,22.4824,8123400
2003-06-17,22.6574,23.0948,22.5699,23.0948,8703800
2003-06-18,22.7449,22.7449,22.5349,22.5699,7542800
2003-06-19,22.3512,22.7449,22.3337,22.7449,8297200
2003-06-20,22.3949,22.7011,22.3381,22.4824,11736600
2003-06-23,22.2025,22.4299,22.1544,22.3162,7211000
2003-06-24,22.2856,22.4081,22.1325,22.2025,7142400
2003-06-25,22.1631,22.4649,22.1369,22.2899,8101200
2003-06-26,22.513,22.5305,22.0887,22.1369,8371200
2003-06-27,22.3293,22.6224,22.1981,22.5349,6301400
2003-06-30,22.045,22.4868,22.0231,22.3731,16177400
2003-07-01,22.1806,22.2331,21.8176,22.045,12115800
2003-07-02,22.2943,22.3074,22.1762,22.255,6509800
2003-07-03,22.1762,22.3949,22.1106,22.2943,4653800
2003-07-07,22.3687,22.5349,22.3162,22.4387,9014200
2003-07-08,22.22,22.2856,22.0319,22.1762,12915600
2003-07-09,22.2331,22.3643,22.0625,22.22,10478600
2003-07-10,22.2943,22.4824,21.7607,22.2331,11292400
2003-07-11,22.6924,22.723,22.4081,22.4737,10196200
2003-07-14,23.1954,23.4928,23.0729,23.1385,16287600
2003-07-15,22.7142,23.0248,21.8832,21.8832,15109200
2003-07-16,22.7186,22.8105,22.5262,22.7142,12979400
2003-07-17,22.2856,22.6136,22.1894,22.5262,8915000
2003-07-18,22.4737,22.5174,22.2112,22.3731,9549800
2003-07-21,22.4124,22.4518,22.1762,22.4518,10789600
2003-07-22,22.7274,22.8323,22.3949,22.443,15849200
2003-07-23,22.6967,22.7449,22.4868,22.7405,8581800
2003-07-24,22.5043,22.9592,22.4868,22.9592,11521000
2003-07-25,22.7842,22.8455,22.4255,22.5262,9315000
2003-07-28,22.7011,22.8761,22.653,22.7449,8817400
2003-07-29,22.6618,22.7886,22.5262,22.723,9281400
2003-07-30,22.4518,22.7667,22.4255,22.6618,7621800
2003-07-31,22.1019,22.6956,22.0231,22.6486,18054800
2003-08-01,21.9138,22.1063,21.6601,22.1019,14218600
2003-08-04,21.9881,22.0625,21.5989,21.9138,13500600
2003-08-05,21.7651,22.0669,21.7432,21.8263,10965800
2003-08-06,22.2679,22.455,22.0272,22.0584,11039000
2003-08-07,22.2634,22.3214,22.0673,22.2367,6976400
2003-08-08,22.3926,22.4283,22.259,22.2902,5859600
2003-08-11,22.259,22.3704,22.0629,22.3481,9716400
2003-08-12,22.4417,22.4684,22.2189,22.4684,9455000
2003-08-13,22.3035,22.5263,22.2411,22.504,8282800
2003-08-14,22.4773,22.5575,22.1743,22.3704,8520600
2003-08-15,22.513,22.513,22.3347,22.4951,4480000
2003-08-18,22.4328,22.5575,22.3392,22.5575,6399200
2003-08-19,22.4506,22.5664,22.2812,22.3704,8947400
2003-08-20,22.259,22.4506,22.1921,22.4506,7820200
2003-08-21,22.1297,22.3481,22.0139,22.2812,12390200
2003-08-22,21.9114,22.1609,21.8891,22.1476,20987600
2003-08-25,22.1431,22.1476,21.791,21.8936,11111800
2003-08-26,22.1119,22.1476,21.8089,21.9604,11373000
2003-08-27,22.0584,22.103,21.9693,22.0362,7571400
2003-08-28,22.3124,22.3124,21.9742,22.1609,12132200
2003-08-29,22.3436,22.3436,22.0985,22.3124,8146800
2003-09-02,22.7937,22.8516,22.3436,22.7714,13987400
2003-09-03,22.9363,22.9497,22.6333,22.7937,11943600
2003-09-04,22.6823,22.9497,22.66,22.6823,8012800
2003-09-05,22.562,22.8293,22.5085,22.6823,7545400
2003-09-08,22.8205,22.8561,22.5709,22.6734,6764000
2003-09-09,22.7224,22.8115,22.6021,22.7759,7444200
2003-09-10,22.2991,22.7269,22.2456,22.7269,14579200
2003-09-11,22.201,22.4773,22.1921,22.3748,10143800
2003-09-12,22.406,22.4639,22.1431,22.1966,11594000
2003-09-15,22.2991,22.3882,22.2367,22.3258,6167000
2003-09-16,22.4818,22.5442,22.308,22.308,7908400
2003-09-17,22.5575,22.5932,22.4506,22.4818,6629400
2003-09-18,22.9809,23.0522,22.6199,22.6288,10407200
2003-09-19,22.9987,23.0477,22.8427,23.0388,8172400
2003-09-22,22.7714,23.0254,22.4729,23.0254,8085400
2003-09-23,22.7358,22.8516,22.6422,22.7759,7792200
2003-09-24,22.611,22.8205,22.5352,22.7937,8368800
2003-09-25,22.709,22.8205,22.5932,22.6154,9983000
2003-09-26,22.9051,22.9497,22.709,22.709,11414400
2003-09-29,23.0388,23.0611,22.7714,22.9051,8787600
2003-09-30,22.9497,23.0967,22.7714,23.0433,10420400
2003-10-01,23.5691,23.5914,23.0299,23.0299,13212400
2003-10-02,23.6003,23.6315,23.4042,23.4399,9916800
2003-10-03,23.7295,23.9835,23.6538,23.7964,13604200
2003-10-06,23.7964,23.8677,23.5646,23.7073,5565400
2003-10-07,24.1261,24.1662,23.685,23.7696,10259600
2003-10-08,24.1261,24.1751,23.8989,24.086,10473800
2003-10-09,24.1573,24.2865,24.0415,24.1261,9937600
2003-10-10,24.3088,24.3534,24.1395,24.1618,8590400
2003-10-13,24.5138,24.6029,24.3311,24.398,8136200
2003-10-14,24.5718,24.9193,24.4202,24.6698,7766600
2003-10-15,24.5227,24.6341,24.4158,24.6341,7883800
2003-10-16,24.5361,24.5851,24.086,24.5227,9076800
2003-10-17,24.5094,24.5504,24.4024,24.5361,9672400
2003-10-20,24.6742,24.6742,24.4202,24.5094,9054600
2003-10-21,24.7322,24.8614,24.2242,24.2242,13084800
2003-10-22,24.389,24.5807,24.3222,24.496,10225600
2003-10-23,24.6029,24.6119,24.2554,24.389,9824400
2003-10-24,24.5094,24.5094,24.1841,24.4648,8945200
2003-10-27,24.2598,24.6787,24.0771,24.5985,11773800
2003-10-28,24.4604,24.4826,23.8944,24.2554,10847800
2003-10-29,24.4604,24.4871,24.2465,24.4693,6985200
2003-10-30,24.6787,24.6787,24.3311,24.4826,9439200
2003-10-31,25.0976,25.2714,24.6029,24.643,14915200
2003-11-03,25.3471,25.3783,25.0976,25.0976,10957222
2003-11-04,24.9416,25.3471,24.799,25.3471,14113836
2003-11-05,25.2291,25.2834,24.9844,25.211,9903200
2003-11-06,25.2563,25.3288,24.7851,25.2291,7944400
2003-11-07,25.1883,25.4194,24.8757,25.3242,8379000
2003-11-10,25.143,25.211,24.9527,25.0433,6480000
2003-11-11,25.3378,25.4692,25.1475,25.1475,6900800
2003-11-12,25.7002,25.7999,25.2563,25.4148,12154400
2003-11-13,25.8951,25.9856,25.5054,25.7002,8532600
2003-11-14,25.6142,25.8951,25.5236,25.8951,5838000
2003-11-17,25.6232,25.6237,25.3741,25.4239,5601000
2003-11-18,25.4375,25.7093,25.3922,25.6866,6774000
2003-11-19,25.5507,25.6051,25.1657,25.1792,6238400
2003-11-20,25.5507,25.8769,25.4103,25.4828,8750000
2003-11-21,25.5824,25.7229,25.4873,25.7002,10627800
2003-11-24,25.6912,25.8633,25.596,25.8225,9088400
2003-11-25,25.8905,26.04,25.5734,25.741,7405200
2003-11-26,25.9585,26.04,25.8044,25.9811,6826400
2003-11-28,25.9721,26.0491,25.9313,25.9313,2296200
2003-12-01,26.1623,26.2122,25.9585,26.1714,7023400
2003-12-02,25.8996,26.1623,25.8361,26.1623,9908800
2003-12-03,25.7093,25.9494,25.6549,25.8452,10741000
2003-12-04,25.7546,25.8633,25.5689,25.7727,6545400
2003-12-05,25.7542,25.8407,25.596,25.7455,7458200
2003-12-08,25.9222,25.9992,25.6821,25.6866,5691200
2003-12-09,25.5643,25.8135,25.5009,25.809,9056600
2003-12-10,25.5553,25.6323,25.2381,25.5689,8662000
2003-12-11,25.7772,25.9313,25.5145,25.5145,8577200
2003-12-12,25.8225,25.8588,25.7183,25.7999,6116400
2003-12-15,25.4103,25.9358,25.3967,25.9358,8745600
2003-12-16,25.8724,25.9041,25.4466,25.4466,9446800
2003-12-17,25.9585,25.9947,25.732,25.8905,8430800
2003-12-18,26.1804,26.194,25.8951,26.0038,6580800
2003-12-19,26.2892,26.3571,26.1397,26.2348,14301600
2003-12-22,26.262,26.3435,26.1215,26.3073,6117400
2003-12-23,26.4387,26.4477,26.2393,26.271,5549600
2003-12-24,26.3979,26.4976,26.3571,26.4342,2174800
2003-12-26,26.4432,26.5429,26.3752,26.3979,1783600
2003-12-29,26.629,26.638,26.3979,26.4115,5795000
2003-12-30,26.6924,26.7241,26.5157,26.6017,5547600
2003-12-31,26.6742,26.8102,26.4704,26.7014,6413000
2004-01-02,26.339,26.6788,26.2529,26.5021,8244000
2004-01-05,26.4794,26.5882,26.2439,26.4794,8846000
2004-01-06,26.3934,26.4794,26.3254,26.3435,8381600
2004-01-07,26.1261,26.2756,26.0491,26.1714,10670600
2004-01-08,26.117,26.1986,25.8769,26.1306,11877600
2004-01-09,26.0128,26.4342,25.9766,25.9811,6723400
2004-01-12,25.8044,25.9947,25.7048,25.9947,8059400
2004-01-13,25.4964,25.7501,25.3559,25.7229,12016400
2004-01-14,25.519,25.6232,25.4012,25.596,10537800
2004-01-15,25.596,25.809,25.3559,25.6096,15305000
2004-01-16,25.9086,25.9268,25.5734,25.596,9213200
2004-01-20,25.9811,26.1397,25.7048,25.8815,9566000
2004-01-21,26.2031,26.2303,25.8271,25.8407,7570600
2004-01-22,25.8679,26.2257,25.8225,26.1397,8899800
2004-01-23,25.7501,26.0898,25.6776,25.9358,10300600
2004-01-26,26.2937,26.2937,25.7229,25.732,8958000
2004-01-27,26.0083,26.4568,25.9721,26.2937,8306400
2004-01-28,25.8497,26.4704,25.8044,26.0038,10035800
2004-01-29,26.2031,26.2484,25.818,25.9403,10798200
2004-01-30,26.0083,26.2575,25.9902,26.2031,7398200
2004-02-02,26.0763,26.2303,25.8407,26.1125,7022200
2004-02-03,26.2575,26.3662,26.0264,26.1487,7382400
2004-02-04,26.2809,26.4613,26.2119,26.3637,7241600
2004-02-05,26.2625,26.3453,26.0876,26.3131,5446400
2004-02-06,26.6767,26.6767,26.4282,26.4328,5921600
2004-02-09,26.5525,26.6215,26.4328,26.511,5014400
2004-02-10,26.4972,26.5893,26.3591,26.488,6998800
2004-02-11,26.7872,26.8608,26.2303,26.4374,8056600
2004-02-12,26.419,26.8148,26.1428,26.7412,8569800
2004-02-13,26.4052,26.6261,26.2625,26.465,6506600
2004-02-17,26.419,26.6261,26.3822,26.5156,5892800
2004-02-18,26.2119,26.511,26.2027,26.419,8460200
2004-02-19,26.4972,26.6859,26.152,26.2809,9603800
2004-02-20,26.1842,26.5386,26.1796,26.5018,9448800
2004-02-23,26.1704,26.3868,26.1566,26.3499,8201000
2004-02-24,26.106,26.1935,25.9863,26.1152,9743200
2004-02-25,26.3407,26.3868,26.0646,26.0692,7902600
2004-02-26,26.3499,26.4374,26.2763,26.3269,8698600
2004-02-27,26.396,26.5663,25.9587,25.9587,7829000
2004-03-01,26.5248,26.6169,26.465,26.5801,6058800
2004-03-02,26.3822,26.6583,26.3822,26.5571,6699800
2004-03-03,26.5801,26.5893,26.3545,26.3822,5293800
2004-03-04,26.7504,26.8332,26.5939,26.6031,6447200
2004-03-05,26.8746,27.1416,26.6583,26.7504,7519600
2004-03-08,26.9713,27.1094,26.8516,26.8562,6900000
2004-03-09,26.8976,26.9207,26.7642,26.8562,5974400
2004-03-10,26.8976,27.1002,26.8516,26.8976,8683200
2004-03-11,26.5617,27.1462,26.5571,26.7872,10777200
2004-03-12,26.6583,26.8332,26.534,26.6399,8047400
2004-03-15,26.5939,26.8562,26.5617,26.6123,7935000
2004-03-16,26.7274,26.8102,26.5248,26.6951,6665400
2004-03-17,26.8654,27.0311,26.7872,26.8102,5768000
2004-03-18,26.8378,27.0633,26.7043,26.847,7002800
2004-03-19,26.4972,26.9253,26.4926,26.8378,7738400
2004-03-22,26.1428,26.4972,26.0093,26.4972,9654400
2004-03-23,26.06,26.3315,26.0554,26.2349,6730200
2004-03-24,26.037,26.1382,25.9173,26.1198,8322600
2004-03-25,26.2993,26.3637,26.0231,26.1198,6925400
2004-03-26,26.2119,26.3499,26.1796,26.2947,6393800
2004-03-29,26.3131,26.4006,26.2119,26.3269,6843200
2004-03-30,26.1566,26.3223,26.0922,26.3177,10068800
2004-03-31,26.083,26.175,25.9633,26.1198,11325000
2004-04-01,26.3499,26.4466,26.1014,26.106,7028600
2004-04-02,26.0554,26.4328,25.9357,26.4282,10338000
2004-04-05,26.0646,26.0876,25.9219,26.0278,9280800
2004-04-06,26.3177,26.3177,26.0093,26.0508,6654200
2004-04-07,26.1244,26.3361,26.1106,26.2579,8556000
2004-04-08,26.1796,26.2211,26.0876,26.2119,5838800
2004-04-12,26.2487,26.5018,26.152,26.3131,6158200
2004-04-13,25.6135,26.1935,25.5031,26.1889,13803400
2004-04-14,25.4248,25.7746,25.1993,25.4386,15814400
2004-04-15,25.2867,25.5215,25.1256,25.4524,11567600
2004-04-16,25.8068,25.9127,25.2913,25.3143,13420600
2004-04-19,25.7332,25.7792,25.6089,25.6733,7029800
2004-04-20,25.48,26.06,25.48,25.7378,11589400
2004-04-21,25.8713,25.8851,25.4432,25.4662,10267000
2004-04-22,26.1198,26.2257,25.8206,25.8713,9568800
2004-04-23,25.9587,26.1244,25.7746,26.1198,8337600
2004-04-26,25.9541,26.2073,25.8713,26.06,7256600
2004-04-27,26.2763,26.4604,26.0646,26.1198,10814000
2004-04-28,25.9127,26.1658,25.9035,26.1658,10569000
2004-04-29,25.9679,26.3499,25.8391,25.9817,8325000
2004-04-30,25.9863,26.2073,25.9541,26.0508,7787600
2004-05-03,26.2211,26.2303,25.9173,26.014,8294800
2004-05-04,26.2579,26.4604,26.0324,26.129,12521200
2004-05-05,26.4811,26.6027,26.3361,26.4718,9762000
2004-05-06,26.2613,26.4437,26.1724,26.3174,7010400
2004-05-07,25.7655,26.2145,25.5831,26.1912,12484000
2004-05-10,25.6252,25.7702,25.4054,25.6065,11726600
2004-05-11,25.7702,25.817,25.5364,25.6252,9078200
2004-05-12,26.1444,26.2332,25.5317,25.7468,10987600
2004-05-13,26.2379,26.4203,26.0087,26.0275,11970800
2004-05-14,26.6542,26.7804,26.2379,26.2379,14996400
2004-05-17,26.6168,26.7711,26.3127,26.3361,10224400
2004-05-18,27.0564,27.0704,26.6495,26.7056,12647200
2004-05-19,26.9862,27.5007,26.9348,27.1078,16055600
2004-05-20,27.1265,27.192,26.9488,26.9862,8893400
2004-05-21,27.1499,27.3838,26.9862,27.2201,9670600
2004-05-24,27.2809,27.4165,27.1546,27.3136,7335600
2004-05-25,27.4773,27.5054,27.1686,27.2809,7684600
2004-05-26,27.6504,27.7112,27.3277,27.4773,8831800
2004-05-27,27.6176,27.931,27.4306,27.8515,12676400
2004-05-28,27.5007,27.6644,27.3417,27.5942,7927600
2004-06-01,27.4212,27.5241,27.2809,27.5194,7136400
2004-06-02,27.3697,27.5381,27.1733,27.5007,8642400
2004-06-03,27.2622,27.3744,27.164,27.3697,5910200
2004-06-04,27.4025,27.5849,27.3277,27.5007,5012200
2004-06-07,27.5989,27.6551,27.468,27.496,5949400
2004-06-08,27.5007,27.6504,27.4025,27.5381,6064200
2004-06-09,27.1265,27.5147,27.1265,27.5007,8827400
2004-06-10,27.4118,27.4259,27.2435,27.337,4057000
2004-06-14,27.1453,27.3604,27.0704,27.3604,5563800
2004-06-15,27.2435,27.4867,27.1827,27.4072,7573200
2004-06-16,27.2201,27.3557,27.1733,27.2481,3873600
2004-06-17,27.3183,27.468,27.0844,27.1406,4553600
2004-06-18,27.4072,27.5896,27.2949,27.3838,6654000
2004-06-21,27.3697,27.5381,27.2622,27.3744,6777000
2004-06-22,27.482,27.5241,27.323,27.3697,6935200
2004-06-23,27.6176,27.6597,27.3838,27.4539,6696400
2004-06-24,27.4492,27.5989,27.4306,27.4773,5938600
2004-06-25,26.9067,27.4118,26.9067,27.3136,9915400
2004-06-28,27.0096,27.2435,26.8787,27.0236,8063600
2004-06-29,26.8225,26.9067,26.57,26.6588,9438800
2004-06-30,26.7664,26.9488,26.5746,26.9161,10297200
2004-07-01,26.4671,26.8506,26.4297,26.7383,9435400
2004-07-02,26.7664,27.0096,26.5045,26.5185,7302000
2004-07-06,26.6214,26.729,26.5887,26.6495,6609200
2004-07-07,26.7664,26.9301,26.6121,26.6214,5369200
2004-07-08,26.6308,26.8927,26.5513,26.6355,5526400
2004-07-09,26.6682,26.7383,26.4624,26.6729,4247600
2004-07-12,26.9254,27.0003,26.5513,26.5513,8098200
2004-07-13,27.019,27.1593,26.7617,26.7617,9360000
2004-07-14,26.8927,27.1265,26.779,26.9535,5591600
2004-07-15,26.8459,27.0938,26.8459,27.0096,7250800
2004-07-16,27.0844,27.1733,26.8366,27.1172,7385400
2004-07-19,27.337,27.4773,27.0844,27.1733,8441600
2004-07-20,27.1546,27.2809,26.7477,27.1967,9717800
2004-07-21,26.7758,27.3604,26.7758,27.1967,6557200
2004-07-22,26.7009,26.7992,26.5419,26.6355,6238800
2004-07-23,26.4905,26.6682,26.4343,26.6495,4856400
2004-07-26,26.5746,26.6401,26.439,26.4577,4780000
2004-07-27,26.8599,26.9395,26.556,26.6261,5767400
2004-07-28,26.8599,26.9628,26.5653,26.743,11086600
2004-07-29,27.0003,27.0891,26.8833,27.0096,4770000
2004-07-30,26.8506,27.0096,26.7196,26.9488,4319800
2004-08-02,27.0611,27.0891,26.7103,26.8225,4417200
2004-08-03,26.8833,27.1359,26.8599,26.9862,5348200
2004-08-04,26.7851,26.8085,26.5138,26.6588,4578800
2004-08-05,26.3268,26.7758,26.3034,26.729,4978200
2004-08-06,26.3595,26.6074,26.2473,26.3081,6860000
2004-08-09,26.3736,26.5419,26.3408,26.3408,3747600
2004-08-10,26.6588,26.7196,26.4297,26.5045,6003200
2004-08-11,26.9254,26.9675,26.556,26.6588,7909600
2004-08-12,26.7337,26.9675,26.7243,26.743,5312400
2004-08-13,26.9114,26.9675,26.6822,26.7571,4730000
2004-08-16,27.0236,27.1219,26.8279,26.9114,5743800
2004-08-17,27.0704,27.1265,26.9722,27.0611,4968600
2004-08-18,27.1078,27.164,26.9862,27.0611,7871200
2004-08-19,27.1032,27.1686,26.9021,27.0985,5589200
2004-08-20,27.1499,27.2154,27.0143,27.1265,6390600
2004-08-23,27.0751,27.323,27.0424,27.1265,5378000
2004-08-24,27.2061,27.2856,27.1359,27.192,4428400
2004-08-25,27.3838,27.4633,27.1827,27.2061,6052800
2004-08-26,27.4352,27.6083,27.2809,27.3183,5945200
2004-08-27,27.4352,27.5288,27.337,27.5007,3820600
2004-08-30,27.3089,27.468,27.3043,27.351,3788400
2004-08-31,27.4773,27.4773,27.2388,27.3089,5632400
2004-09-01,27.5147,27.6083,27.2949,27.4867,6111800
2004-09-02,27.7907,27.8281,27.5101,27.5709,5881600
2004-09-03,27.7205,27.9731,27.6878,27.8187,5437800
2004-09-07,27.931,27.9965,27.8141,27.9403,6942200
2004-09-08,27.5942,27.9216,27.5568,27.8749,7578000
2004-09-09,27.5896,27.6878,27.5007,27.6644,5227000
2004-09-10,27.6551,27.6971,27.4118,27.6363,5215600
2004-09-13,27.6831,27.8047,27.6176,27.7205,5915800
2004-09-14,27.5334,27.8141,27.5334,27.7346,5146600
2004-09-15,27.641,27.8561,27.5334,27.5381,5384400
2004-09-16,27.7018,27.7673,27.5802,27.6551,3854600
2004-09-17,27.7533,27.8608,27.6737,27.7813,6320600
2004-09-20,27.6129,27.8047,27.4913,27.7252,4439600
2004-09-21,27.627,27.7299,27.4165,27.6691,5512600
2004-09-22,27.4539,27.5522,27.2809,27.3931,9074400
2004-09-23,27.1873,27.5381,27.1499,27.5007,7255000
2004-09-24,27.4259,27.5334,27.1359,27.1359,5944400
2004-09-27,27.6036,27.7252,27.4118,27.4306,8448800
2004-09-28,27.7533,27.8094,27.4212,27.641,6594200
2004-09-29,27.7439,27.7533,27.4867,27.6176,7159200
2004-09-30,27.8889,27.9497,27.641,27.8515,8665200
2004-10-01,28.1508,28.1742,27.8421,27.9076,8412800
2004-10-04,28.2584,28.394,28.1695,28.249,8433400
2004-10-05,28.2209,28.3659,28.1274,28.1742,5706000
2004-10-06,28.3659,28.3659,28.1695,28.1789,5235800
2004-10-07,28.1742,28.3753,28.1321,28.2724,4190000
2004-10-08,28.2864,28.38,28.1555,28.2116,5289200
2004-10-11,28.2724,28.3613,28.2163,28.2958,3050400
2004-10-12,28.2771,28.2958,28.1274,28.1789,5274000
2004-10-13,28.1742,28.3659,28.0339,28.3659,6339400
2004-10-14,27.8187,28.1976,27.641,28.1555,11385400
2004-10-15,28.0853,28.1321,27.8936,27.931,8162000
2004-10-18,28.1321,28.2958,27.9918,28.0619,7029000
2004-10-19,27.7579,27.931,27.5007,27.8982,10141600
2004-10-20,27.5101,27.5989,27.2481,27.5942,9220000
2004-10-21,27.3697,27.5568,27.0236,27.4072,9444400
2004-10-22,27.0704,27.5101,27.0704,27.4072,7279200
2004-10-25,27.0564,27.0658,26.9161,27.0096,7155600
2004-10-26,27.4539,27.4539,27.1172,27.1172,6993200
2004-10-27,27.6644,27.7579,27.2248,27.3604,7275200
2004-10-28,27.9824,28.0479,27.5241,27.6504,8527000
2004-10-29,27.931,28.0386,27.7579,27.9216,6797200
2004-11-01,28.0198,28.0526,27.9216,28.0292,6785200
2004-11-02,27.9684,28.1742,27.8234,27.9263,8281200
2004-11-03,28.6643,28.6643,28.4028,28.5217,9490200
2004-11-04,29.1967,29.2299,28.5977,28.6785,9796600
2004-11-05,29.2347,29.3488,29.0826,29.2347,9630600
2004-11-08,29.287,29.3916,29.1777,29.2347,5946000
2004-11-09,29.2585,29.4153,29.1681,29.4011,5038200
2004-11-10,29.2347,29.4201,29.2252,29.2632,4833600
2004-11-11,29.5437,29.6055,29.3013,29.3535,6919600
2004-11-12,29.7433,29.7433,29.4724,29.6102,5939600
2004-11-15,29.7338,29.7576,29.5437,29.6768,6858800
2004-11-16,29.5579,29.7481,29.5484,29.7291,5777200
2004-11-17,29.691,29.8194,29.5437,29.7814,6291000
2004-11-18,29.6863,29.7956,29.6102,29.7101,4514000
2004-11-19,29.2585,29.7481,29.1919,29.6625,7879200
2004-11-22,29.4961,29.5722,29.2347,29.3773,6132000
2004-11-23,29.6625,29.6625,29.4106,29.4961,7367000
2004-11-24,29.6863,29.7481,29.6292,29.6578,4962400
2004-11-26,29.7101,29.8194,29.6483,29.672,1774000
2004-11-29,29.5674,29.8669,29.5009,29.8146,7622200
2004-11-30,29.3631,29.5437,29.3393,29.4629,8533000
2004-12-01,29.8907,29.8907,29.4961,29.5437,9432000
2004-12-02,29.7909,29.9192,29.7196,29.8907,5173600
2004-12-03,29.6625,29.8004,29.5579,29.7433,5045400
2004-12-06,29.7006,29.7291,29.5342,29.6483,4946000
2004-12-07,29.3868,29.6968,29.3678,29.6958,6424200
2004-12-08,29.672,29.7528,29.4676,29.5912,7434000
2004-12-09,29.9287,29.9382,29.5199,29.5674,7560400
2004-12-10,29.9573,29.924,29.7481,29.8907,5739200
2004-12-13,30.0666,30.1284,29.9667,29.9953,6795600
2004-12-14,29.924,30.0903,29.905,30.0666,5706600
2004-12-15,29.7243,29.9953,29.6863,29.9145,7763800
2004-12-16,29.8337,29.8717,29.5247,29.7243,11531400
2004-12-17,29.4724,29.7386,29.4201,29.4724,13191600
2004-12-20,29.5104,29.653,29.4486,29.6388,6759200
2004-12-21,29.5674,29.6578,29.4296,29.5009,7023400
2004-12-22,29.6102,29.6625,29.4011,29.5056,7197800
2004-12-23,29.6673,29.8146,29.615,29.6388,4441000
2004-12-27,29.6197,29.8622,29.6197,29.7576,4545400
2004-12-28,29.7481,29.8004,29.6245,29.6625,3614000
2004-12-29,29.6625,29.7814,29.5484,29.6625,3506600
2004-12-30,29.5674,29.7576,29.5674,29.7006,3413200
2004-12-31,29.5437,29.6958,29.5437,29.596,2727400
2005-01-03,29.4296,29.6289,29.3535,29.5817,8168200
2005-01-04,29.4534,29.7101,29.3631,29.4486,9241400
2005-01-05,29.4866,29.8289,29.4486,29.5104,7694800
2005-01-06,29.5912,29.615,29.3773,29.5199,8887600
2005-01-07,29.5532,29.7386,29.5009,29.634,6573200
2005-01-10,29.5342,29.6863,29.306,29.4961,7686000
2005-01-11,29.4771,29.5579,29.3298,29.4961,7489000
2005-01-12,29.0826,29.4486,29.0445,29.4106,11469200
2005-01-13,28.8259,29.1919,28.7403,29.0921,10712000
2005-01-14,28.8496,28.9257,28.6738,28.8211,10155000
2005-01-18,29.2157,29.2395,28.5692,28.593,10079000
2005-01-19,28.997,29.2299,28.978,29.1872,6215400
2005-01-20,28.7784,28.9019,28.669,28.7308,6901800
2005-01-21,28.5787,28.7974,28.5264,28.7166,6757800
2005-01-24,28.4979,28.8069,28.4266,28.5787,7968800
2005-01-25,28.6785,28.7498,28.4979,28.4979,7470600
2005-01-26,28.9352,29.035,28.7403,28.7593,7278400
2005-01-27,28.7261,28.9827,28.612,28.7451,6115800
2005-01-28,28.7688,28.9257,28.6215,28.707,6079000
2005-01-31,29.1396,29.1872,28.9542,29.0255,6569800
2005-02-01,29.3773,29.5579,29.1729,29.2585,8034200
2005-02-02,28.8924,29.1159,28.7784,29.1159,8394600
2005-02-03,29.0208,29.0208,28.7736,28.8306,5671600
2005-02-04,28.9875,29.0493,28.7974,29.0445,5937600
2005-02-07,29.1967,29.2537,28.7831,28.997,7077800
2005-02-08,29.2062,29.4676,29.1254,29.4676,7215200
2005-02-09,28.9542,29.2727,28.9542,29.2585,5668200
2005-02-10,28.7261,29.1396,28.7166,29.0683,8303800
2005-02-11,28.6643,28.8496,28.6262,28.7831,9075200
2005-02-14,29.1444,29.1444,28.9685,28.9875,6351000
2005-02-15,29.1396,29.2727,29.1111,29.2347,7889600
2005-02-16,28.8829,29.1016,28.8544,29.0921,6536200
2005-02-17,28.7118,28.921,28.7118,28.8544,5907600
2005-02-18,28.4313,28.7546,28.3886,28.7356,9230400
2005-02-22,27.9655,28.4599,27.9417,28.379,10707400
2005-02-23,28.2792,28.3315,28.0986,28.1651,10420000
2005-02-24,28.3743,28.5169,28.2745,28.4884,11462600
2005-02-25,28.4741,28.593,28.2697,28.379,6642200
2005-02-28,28.2269,28.4836,28.1366,28.379,10286400
2005-03-01,28.4503,28.612,28.3553,28.3553,7326800
2005-03-02,28.284,28.5407,28.284,28.4028,8157800
2005-03-03,28.2412,28.5074,28.2412,28.4266,7258600
2005-03-04,28.7593,28.8116,28.4076,28.4979,7183200
2005-03-07,28.8687,29.0541,28.7451,28.7593,6921400
2005-03-08,28.8972,28.9637,28.6785,28.7736,6662000
2005-03-09,28.3981,28.7498,28.3743,28.7023,8231200
2005-03-10,28.6215,28.7498,28.4456,28.4551,6687600
2005-03-11,28.4266,28.7593,28.3268,28.688,6568800
2005-03-14,28.5692,28.65,28.4123,28.4266,7934800
2005-03-15,28.5121,28.8354,28.4836,28.7356,6888400
2005-03-16,28.2982,28.4789,28.265,28.379,8042200
2005-03-17,28.3315,28.4741,28.1747,28.1889,6731400
2005-03-18,28.2269,28.4931,28.0701,28.4741,16039800
2005-03-21,28.1366,28.2935,28.0463,28.2269,7827400
2005-03-22,27.7516,28.3695,27.7516,28.1984,10155400
2005-03-23,27.9227,28.0606,27.6422,27.7135,9916400
2005-03-24,27.7563,28.1414,27.7563,27.9179,6917400
2005-03-28,27.9845,28.1651,27.8561,27.8561,6803400
2005-03-29,28.013,28.2364,27.9275,27.9893,6838400
2005-03-30,28.379,28.4171,28.032,28.032,7864600
2005-03-31,28.4266,28.688,28.4218,28.4979,8850600
2005-04-01,28.2507,28.65,28.1699,28.593,10752400
2005-04-04,28.4456,28.4931,28.1414,28.303,9716000
2005-04-05,28.3695,28.5454,28.36,28.4456,5460200
2005-04-06,28.3981,28.5692,28.379,28.4171,6572400
2005-04-07,28.4646,28.6595,28.36,28.3981,6711200
2005-04-08,28.3125,28.593,28.3125,28.5835,7322600
2005-04-11,28.5217,28.5835,28.3981,28.4884,5838200
2005-04-12,28.8211,28.9495,28.3981,28.4266,9501400
2005-04-13,28.6262,28.94,28.5597,28.8734,8404400
2005-04-14,28.4503,28.7213,28.3981,28.7213,8100800
2005-04-15,28.1081,28.5407,28.1081,28.4503,9989200
2005-04-18,28.2887,28.5454,28.1414,28.1414,11165000
2005-04-19,28.013,28.3268,28.013,28.284,10119200
2005-04-20,27.6422,28.0938,27.628,27.9179,9295600
2005-04-21,27.8894,27.8989,27.4616,27.8086,10532000
2005-04-22,27.8894,28.0653,27.6375,27.8181,6322400
2005-04-25,28.1176,28.1794,27.9322,27.9988,6319400
2005-04-26,27.9465,28.303,27.9179,28.1176,6909800
2005-04-27,28.2887,28.4028,27.7943,27.9322,8937000
2005-04-28,28.303,28.5549,28.1651,28.2935,8927800
2005-04-29,28.4931,28.5074,28.1318,28.341,9189600
2005-05-02,28.7118,28.8402,28.5264,28.5597,10502800
2005-05-03,28.6595,28.9067,28.5644,28.7403,8390600
2005-05-04,29.3068,29.3261,28.8382,28.8962,8583200
2005-05-05,29.1039,29.3696,28.8913,29.2488,6643600
2005-05-06,28.8672,29.1329,28.8382,29.1087,7049400
2005-05-09,29.0894,29.1763,28.8092,28.872,6331200
2005-05-10,28.8479,29.0749,28.8044,28.9348,6598000
2005-05-11,29.0073,29.0894,28.7367,28.8382,5760800
2005-05-12,28.8962,29.2005,28.8285,29.0942,5822800
2005-05-13,28.6208,28.9107,28.5001,28.7319,7529600
2005-05-16,28.9879,29.1039,28.6208,28.6691,7479200
2005-05-17,29.2053,29.2246,28.8141,28.8865,6099600
2005-05-18,29.4517,29.5,29.3261,29.3985,8407200
2005-05-19,29.6014,29.6063,29.3889,29.5724,5630600
2005-05-20,29.6256,29.7029,29.4372,29.6449,7066200
2005-05-23,29.6594,29.8526,29.6063,29.6594,6384000
2005-05-24,29.4807,29.7077,29.3406,29.5386,6050400
2005-05-25,29.413,29.4372,29.2246,29.3696,4483200
2005-05-26,29.4372,29.4951,29.3406,29.4613,4074200
2005-05-27,29.3647,29.4275,29.3213,29.3937,5001400
2005-05-31,29.1812,29.3696,29.1812,29.3309,7184000
2005-06-01,29.7077,29.7608,29.2246,29.2488,9682400
2005-06-02,29.7222,29.8188,29.6835,29.814,7402600
2005-06-03,29.6352,29.7608,29.5435,29.7463,6123800
2005-06-06,29.6787,29.7174,29.5241,29.5966,4055200
2005-06-07,29.6449,29.9975,29.6304,29.7995,5848000
2005-06-08,29.7077,29.8671,29.6352,29.7946,6303000
2005-06-09,29.6256,29.7712,29.6014,29.7077,5360200
2005-06-10,29.6159,30.0555,29.4275,30.0555,4914000
2005-06-13,29.5145,29.7077,29.3889,29.5531,4075000
2005-06-14,29.5386,29.6063,29.413,29.4662,5188200
2005-06-15,29.6352,29.6401,29.4951,29.5676,5105600
2005-06-16,29.6835,29.7029,29.5145,29.6207,4442000
2005-06-17,29.7512,29.9685,29.6691,29.9685,9063600
2005-06-20,29.785,29.8913,29.5918,29.7077,5869400
2005-06-21,29.7029,29.8236,29.6207,29.785,4980600
2005-06-22,29.8091,29.983,29.8091,29.8526,6314600
2005-06-23,29.471,29.8236,29.471,29.7946,6613400
2005-06-24,29.3309,29.4662,28.9831,29.1377,9003200
2005-06-27,29.2729,29.4613,29.244,29.3068,5178400
2005-06-28,29.6304,29.7029,29.2633,29.3502,5426200
2005-06-29,29.9202,30.0072,29.7946,29.9057,10094200
2005-06-30,29.7463,30.0217,29.6352,29.9492,12718200
2005-07-01,29.5966,29.9106,29.4807,29.8526,6925600
2005-07-05,29.5628,29.7077,29.4758,29.5483,6018400
2005-07-06,29.3889,29.5821,29.3744,29.5048,7747200
2005-07-07,29.2923,29.3502,29.1039,29.3213,10412800
2005-07-08,29.5966,29.6449,29.2874,29.2874,8568200
2005-07-11,29.8188,29.8526,29.5821,29.6449,7286600
2005-07-12,29.7318,29.8864,29.6207,29.8043,7835400
2005-07-13,29.8188,29.9347,29.7029,29.7318,5686800
2005-07-14,30.1763,30.1811,29.8188,29.9009,9578600
2005-07-15,30.3695,30.3695,30.0555,30.239,7989400
2005-07-18,29.9444,30.355,29.9251,30.355,7942600
2005-07-19,29.8671,30.0941,29.7753,30.0458,10659200
2005-07-20,30.0507,30.1763,29.7463,29.8188,7015600
2005-07-21,29.843,29.983,29.6546,29.9444,7499200
2005-07-22,29.8284,29.8768,29.5241,29.7657,7391200
2005-07-25,29.8719,29.9879,29.7705,29.7801,6154000
2005-07-26,29.9492,30.0941,29.7971,29.9396,6649800
2005-07-27,29.8526,29.983,29.756,29.954,5821400
2005-07-28,29.9202,30.0362,29.8381,29.8768,5843200
2005-07-29,29.6304,29.9589,29.6063,29.8768,7598000
2005-08-01,29.727,29.8236,29.6594,29.6835,4878200
2005-08-02,29.814,29.9057,29.6835,29.727,5580400
2005-08-03,29.8383,29.8822,29.6922,29.814,5798800
2005-08-04,29.6971,29.8383,29.6045,29.8383,6358400
2005-08-05,29.4096,29.6337,29.3219,29.6289,7680200
2005-08-08,29.4048,29.4925,29.2294,29.4145,4739600
2005-08-09,29.4437,29.5119,29.3658,29.4583,7410400
2005-08-10,29.3804,29.6971,29.2732,29.4632,8688600
2005-08-11,29.4535,29.5119,29.3414,29.3804,6434400
2005-08-12,29.3122,29.4486,29.2294,29.3901,4712800
2005-08-15,29.5899,29.6435,29.2537,29.3122,6040200
2005-08-16,29.2099,29.6776,29.2099,29.6191,6535600
2005-08-17,29.2342,29.3414,29.1271,29.2099,6829800
2005-08-18,29.395,29.4437,29.1953,29.2391,5449800
2005-08-19,29.5363,29.6532,29.4681,29.5363,5422400
2005-08-22,29.5558,29.8286,29.473,29.6289,6036200
2005-08-23,29.2537,29.546,29.205,29.5217,8539400
2005-08-24,28.9761,29.2781,28.9761,29.2294,10095200
2005-08-25,29.0199,29.0735,28.8786,28.9858,5754400
2005-08-26,28.6399,29.205,28.635,29.0199,10717000
2005-08-29,28.8786,28.8932,28.3525,28.4694,9488200
2005-08-30,28.6399,28.8786,28.5766,28.8786,9986200
2005-08-31,29.0443,29.054,28.562,28.7471,9824800
2005-09-01,29.0978,29.3414,28.7568,29.0443,11171000
2005-09-02,28.8835,29.2329,28.8835,29.2294,5735200
2005-09-06,29.3463,29.3512,28.9955,29.0491,5901600
2005-09-07,29.2635,29.3463,29.1563,29.3463,5596200
2005-09-08,29.132,29.1612,28.864,28.8884,8652400
2005-09-09,29.1417,29.2245,29.1027,29.132,13154600
2005-09-12,29.132,29.2001,28.9858,29.1807,8947800
2005-09-13,29.0345,29.1563,28.8884,29.0832,10214000
2005-09-14,28.8348,29.1271,28.825,29.0345,10502400
2005-09-15,28.5522,28.6594,28.4499,28.5474,15864800
2005-09-16,29.2148,29.2196,28.7325,28.7471,20914600
2005-09-19,29.0345,29.1368,28.9517,29.132,7762400
2005-09-20,28.8543,29.2196,28.8056,29.0491,11966000
2005-09-21,28.4548,28.7909,28.4499,28.6643,14770400
2005-09-22,28.6448,28.713,28.294,28.3038,12277000
2005-09-23,28.7276,28.8494,28.5815,28.6497,6879000
2005-09-26,28.562,28.8884,28.5084,28.825,7149400
2005-09-27,28.5376,28.6789,28.5084,28.5961,10178600
2005-09-28,28.3135,28.6886,28.3135,28.5474,9702000
2005-09-29,28.7471,28.8056,28.2551,28.3038,10643600
2005-09-30,28.5327,28.6643,28.4548,28.6545,8148400
2005-10-03,28.4743,28.5863,28.3281,28.4986,7618000
2005-10-04,28.1479,28.6935,28.1284,28.4792,9997800
2005-10-05,28.1674,28.3769,28.1187,28.1479,9009800
2005-10-06,28.3769,28.5279,28.0846,28.1089,9661400
2005-10-07,28.5327,28.7715,28.4061,28.674,7177000
2005-10-10,28.182,28.5279,28.1723,28.5084,10048000
2005-10-11,28.1917,28.3622,28.1381,28.2064,9576000
2005-10-12,28.1966,28.4353,28.0699,28.182,9157600
2005-10-13,28.5181,28.6204,28.0894,28.0992,8234600
2005-10-14,28.7325,28.8494,28.5669,28.6594,7975400
2005-10-17,28.8104,28.9176,28.6009,28.7909,7193800
2005-10-18,28.6935,28.9225,28.6448,28.8104,10685200
2005-10-19,29.0832,29.1466,28.4986,28.523,9381600
2005-10-20,28.8007,29.1271,28.674,29.0832,12349200
2005-10-21,28.825,29.1709,28.6984,29.0345,15025200
2005-10-24,29.2196,29.2196,28.9858,29.0345,9060600
2005-10-25,29.166,29.2294,29.0394,29.0881,7473800
2005-10-26,29.0978,29.2148,29.0443,29.093,8736200
2005-10-27,29.0394,29.2586,29.0296,29.0589,9987600
2005-10-28,29.546,29.5509,29.0589,29.0784,10886000
2005-10-31,29.3268,29.5509,29.2342,29.546,13723800
2005-11-01,29.1758,29.3171,29.0784,29.2391,11948000
2005-11-02,29.3035,29.5295,29.1757,29.1905,8568000
2005-11-03,29.2396,29.4657,29.1266,29.2642,10389800
2005-11-04,29.3477,29.3821,29.2199,29.3625,8273200
2005-11-07,29.6278,29.6819,29.4411,29.4902,6431000
2005-11-08,29.5639,29.5836,29.4116,29.4804,6620800
2005-11-09,29.6966,29.8244,29.5246,29.5492,6801000
2005-11-10,30.1979,30.2667,29.6917,29.7015,10906600
2005-11-11,30.5419,30.5566,30.1001,30.247,12150800
2005-11-14,30.6598,30.704,30.4436,30.5075,10287400
2005-11-15,30.2274,30.704,30.075,30.6795,10838600
2005-11-16,29.9718,30.419,29.8834,30.2274,9420800
2005-11-17,30.6598,30.6795,29.9522,29.9522,9780400
2005-11-18,30.7188,30.8269,30.4239,30.6647,12561400
2005-11-21,31.0628,31.0824,30.6254,30.6549,11281200
2005-11-22,31.3675,31.3969,30.8859,30.8859,11896000
2005-11-23,31.5788,31.795,31.2299,31.279,9218400
2005-11-25,31.6181,31.6181,31.4608,31.5788,2334400
2005-11-28,31.3429,31.7164,31.3429,31.6181,10322600
2005-11-29,31.3724,31.5935,31.3576,31.5247,9595800
2005-11-30,30.8859,31.4019,30.763,31.3871,12234400
2005-12-01,30.9252,31.2053,30.881,31.1562,7817800
2005-12-02,30.8613,31.0087,30.763,30.9596,5053600
2005-12-05,31.0186,31.0333,30.6647,30.8613,5347800
2005-12-06,30.9301,31.3232,30.8908,31.2643,9467800
2005-12-07,30.7139,30.9596,30.4878,30.9104,7394800
2005-12-08,30.5664,30.9399,30.4436,30.7581,8687800
2005-12-09,30.7679,30.9694,30.5271,30.6303,6042000
2005-12-12,30.6402,30.8564,30.5173,30.7679,6329800
2005-12-13,31.0579,31.2593,30.5664,30.5812,7883800
2005-12-14,31.4608,31.4903,31.1414,31.1758,9934400
2005-12-15,31.3085,31.5149,31.2593,31.4559,7543200
2005-12-16,31.3281,31.6869,31.3085,31.4952,12464800
2005-12-19,31.279,31.5542,31.22,31.3281,7165800
2005-12-20,31.1611,31.2544,31.0824,31.1807,5788000
2005-12-21,31.2938,31.5493,31.1611,31.3773,8066200
2005-12-22,31.4412,31.4412,31.1611,31.3183,5297400
2005-12-23,31.4657,31.5247,31.3871,31.51,3630400
2005-12-27,31.2544,31.6083,31.1856,31.4707,4331800
2005-12-28,31.0333,31.3331,31.0186,31.2593,5382600
2005-12-29,30.9891,31.1856,30.9596,31.0431,4514600
2005-12-30,30.876,30.994,30.6795,30.876,5243000
2006-01-03,31.3527,31.4264,30.6598,31.0579,11016400
2006-01-04,30.994,31.2741,30.8269,31.2544,10851800
2006-01-05,30.9547,31.0136,30.7728,30.9596,10158000
2006-01-06,31.1365,31.2299,30.8465,31.0382,8403800
2006-01-09,31.1316,31.279,31.0136,31.1316,5619600
2006-01-10,31.107,31.1414,30.9055,31.0087,7157800
2006-01-11,31.2692,31.3478,31.0333,31.107,8049600
2006-01-12,30.9055,31.2446,30.8908,31.1611,10763600
2006-01-13,31.0824,31.2495,30.9694,31.0087,6365600
2006-01-17,30.763,31.0333,30.6647,30.9203,10690400
2006-01-18,31.1267,31.2987,30.763,30.7679,10798000
2006-01-19,30.7679,31.2741,30.7335,31.2593,8713400
2006-01-20,30.2225,30.7728,30.2225,30.7728,18175400
2006-01-23,30.2765,30.4387,30.2225,30.2274,7047400
2006-01-24,30.2667,30.4436,30.134,30.2962,8232000
2006-01-25,30.4682,30.532,30.2028,30.306,8580800
2006-01-26,30.7483,30.9596,30.65,30.704,8598000
2006-01-27,30.8122,31.0579,30.5026,30.7483,7640000
2006-01-30,30.6991,30.8269,30.6156,30.8122,5756400
2006-01-31,30.6451,30.7581,30.5714,30.591,11763400
2006-02-01,30.6451,30.7095,30.4766,30.6749,8224400
2006-02-02,30.3775,30.6203,30.328,30.551,9830600
2006-02-03,30.2487,30.4469,30.0405,30.1545,7522200
2006-02-06,30.2536,30.328,30.0653,30.1545,7290000
2006-02-07,30.2933,30.4072,30.1793,30.2288,8097000
2006-02-08,30.3924,30.4519,30.1248,30.2288,5928000
2006-02-09,30.3428,30.541,30.2338,30.3329,7052600
2006-02-10,30.5906,30.6947,30.2982,30.3626,6501200
2006-02-13,30.551,30.6005,30.328,30.5014,5401400
2006-02-14,31.0465,31.3042,30.6178,30.6749,8263600
2006-02-15,31.4628,31.4628,31.0373,31.0465,10144800
2006-02-16,31.6907,31.7155,31.2249,31.3934,8282600
2006-02-17,31.5222,31.7353,31.4083,31.6957,6829000
2006-02-21,31.4727,31.6362,31.2646,31.6164,6424800
2006-02-22,31.9088,32.0129,31.5718,31.6164,8381400
2006-02-23,31.9088,32.112,31.5768,31.8642,8148800
2006-02-24,31.998,32.1268,31.8741,32.0327,7995600
2006-02-27,31.9583,32.1813,31.889,31.993,6129000
2006-02-28,31.8146,31.9831,31.6015,31.884,9832000
2006-03-01,32.0574,32.1021,31.8691,31.9385,8529000
2006-03-02,31.6362,31.9286,31.4925,31.9237,7875800
2006-03-03,31.6263,31.8146,31.4281,31.5669,6991800
2006-03-06,31.5768,31.661,31.4231,31.5619,7712200
2006-03-07,31.9583,32.0228,31.443,31.5768,10496800
2006-03-08,31.9187,32.1268,31.6511,31.8642,6629200
2006-03-09,31.6709,31.9916,31.6164,31.889,5337200
2006-03-10,31.8394,31.9187,31.5669,31.666,6338800
2006-03-13,31.8939,32.0228,31.7948,31.8444,5802800
2006-03-14,32.1714,32.2111,31.8047,31.8344,9296200
2006-03-15,32.1615,32.2061,31.9336,32.0872,5446200
2006-03-16,32.1813,32.3944,32.0624,32.2111,6533800
2006-03-17,32.2408,32.3697,32.1863,32.3548,9777000
2006-03-20,32.2755,32.3449,32.112,32.2507,3767200
2006-03-21,32.1516,32.4192,32.0574,32.3102,8162200
2006-03-22,32.3944,32.4638,32.0376,32.1466,7438200
2006-03-23,32.1962,32.3251,32.0277,32.3102,5278000
2006-03-24,32.2012,32.2557,32.0376,32.1268,5671800
2006-03-27,32.1764,32.2309,32.0376,32.0376,4370400
2006-03-28,31.7453,32.1466,31.6412,32.1466,12746600
2006-03-29,31.8146,32.0029,31.5669,31.7056,8577000
2006-03-30,31.7799,31.9633,31.661,31.8146,7768200
2006-03-31,31.6511,31.9237,31.6015,31.8543,7081600
2006-04-03,31.879,32.0624,31.6759,31.7056,8248200
2006-04-04,32.1466,32.3399,31.8444,31.879,7477400
2006-04-05,32.2755,32.4192,32.1466,32.221,6983200
2006-04-06,32.1813,32.2111,31.9782,32.1417,4383200
2006-04-07,31.8989,32.335,31.7453,32.1813,6489800
2006-04-10,31.9187,32.1962,31.8741,31.9831,4753800
2006-04-11,31.9038,32.0872,31.8245,32.0029,6077400
2006-04-12,31.9088,32.0426,31.7799,31.9633,4091200
2006-04-13,32.0376,32.0971,31.8047,31.9088,5030000
2006-04-17,31.9286,32.1615,31.7899,31.9633,6532600
2006-04-18,32.2408,32.3003,31.6164,31.8196,10444200
2006-04-19,32.0773,32.2408,32.0029,32.2408,6701600
2006-04-20,32.2259,32.4242,32.0178,32.0624,7559400
2006-04-21,32.2259,32.4341,32.0624,32.4291,7587400
2006-04-24,32.2606,32.3697,32.0723,32.2259,5664800
2006-04-25,32.2557,32.335,32.1021,32.2111,9045600
2006-04-26,32.5084,32.5183,32.2854,32.2854,8547800
2006-04-27,33.2864,33.4846,32.3697,32.4093,14258200
2006-04-28,34.0397,34.2478,33.1278,33.2071,17036400
2006-05-01,33.6977,34.119,33.6284,34.119,13684800
2006-05-02,33.6432,33.8563,33.5342,33.7324,9664400
2006-05-03,33.3756,33.4797,33.1824,33.3855,6562600
2006-05-04,33.7869,33.8315,33.4995,33.4995,7822400
2006-05-05,34.1289,34.1735,33.8861,33.9356,7290600
2006-05-08,33.891,34.3122,33.7968,34.0545,6428800
2006-05-09,33.8464,34.005,33.7968,33.8414,5521000
2006-05-10,33.673,34.0,33.5243,33.891,7157000
2006-05-11,33.44,33.668,33.217,33.6085,7774600
2006-05-12,33.2815,33.6383,33.2369,33.45,7781200
2006-05-15,33.5293,33.6977,33.2517,33.3013,9389000
2006-05-16,33.6581,33.7572,33.4301,33.5738,5940400
2006-05-17,32.9395,33.6482,32.781,33.4747,10174000
2006-05-18,32.5431,32.9544,32.5431,32.8157,10211200
2006-05-19,32.7364,32.9247,32.5629,32.5629,11928600
2006-05-22,33.0238,33.3261,32.7066,32.7364,11066200
2006-05-23,33.1477,33.5392,33.0733,33.2121,9861800
2006-05-24,33.2022,33.4896,32.9891,33.0535,13867600
2006-05-25,33.2468,33.445,32.9544,33.445,7227400
2006-05-26,33.3261,33.45,33.1278,33.4351,7154800
2006-05-30,32.8305,33.1873,32.7958,33.108,8249600
2006-05-31,32.89,33.0733,32.5976,32.9742,14807200
2006-06-01,33.5293,33.5491,32.89,32.9544,11070400
2006-06-02,33.7671,33.8514,33.5392,33.6432,11030600
2006-06-05,33.3707,33.8167,33.3508,33.6432,7220600
2006-06-06,33.5243,33.554,33.0387,33.4153,10172200
2006-06-07,33.8117,34.2181,33.5342,33.5441,12921000
2006-06-08,34.2874,34.3568,33.45,33.5986,16090600
2006-06-09,34.223,34.5352,34.0446,34.451,9589400
2006-06-12,34.2924,34.5451,34.005,34.2528,8986000
2006-06-13,33.2369,34.1437,33.0783,34.1388,18556400
2006-06-14,32.9643,33.2864,32.3845,33.2071,15514400
2006-06-15,33.1625,33.2468,32.7066,32.999,13550800
2006-06-16,33.0287,33.1625,32.8057,32.9891,11961200
2006-06-19,32.9346,33.2517,32.8157,33.1278,7252200
2006-06-20,32.9445,33.1526,32.7909,32.7909,7898000
2006-06-21,33.0238,33.3211,32.9346,32.9445,7929800
2006-06-22,32.9098,32.9792,32.7314,32.8404,6289000
2006-06-23,32.4638,32.667,32.33,32.662,10360000
2006-06-26,32.6323,32.6967,32.3449,32.5084,7111000
2006-06-27,32.2804,32.6075,32.2804,32.6075,8223400
2006-06-28,32.8305,32.9643,32.5827,32.6769,11937200
2006-06-29,33.4004,33.5887,32.8305,32.8305,9939400
2006-06-30,33.2418,33.6581,33.2319,33.4103,7970200
2006-07-03,33.4202,33.44,33.1576,33.2567,2963400
2006-07-05,33.1427,33.3558,33.0585,33.3508,6976600
2006-07-06,33.45,33.4599,33.1576,33.1725,6018600
2006-07-07,33.7523,33.9505,33.3508,33.4698,9838000
2006-07-10,33.8613,33.9554,33.782,33.8712,4874200
2006-07-11,34.119,34.1289,33.5838,33.7968,7012400
2006-07-12,33.7374,34.2627,33.7104,34.119,10465800
2006-07-13,33.6928,33.9554,33.5887,33.6036,12563400
2006-07-14,33.5838,33.7651,33.45,33.6928,7958800
2006-07-17,33.9703,34.1685,33.5738,33.5887,9472000
2006-07-18,33.8216,34.1289,33.6234,33.7225,11284600
2006-07-19,35.1002,35.1348,33.9951,34.0942,23305400
2006-07-20,35.0803,35.675,35.0803,35.1695,15532000
2006-07-21,35.2786,35.5065,34.9366,34.9366,18395600
2006-07-24,35.12,35.4371,35.0308,35.2984,9715800
2006-07-25,35.0357,35.1348,34.783,34.9465,9140800
2006-07-26,35.115,35.224,34.8623,34.9267,9591400
2006-07-27,34.7235,35.3083,34.6591,35.2141,9789400
2006-07-28,35.8831,35.9674,35.0357,35.0357,14244400
2006-07-31,35.8484,35.9575,35.6007,35.6601,11046400
2006-08-01,35.9476,36.0169,35.561,35.8336,7252400
2006-08-02,35.8782,36.012,35.5164,35.7345,9775400
2006-08-03,36.0021,36.1061,35.6849,35.8782,9832400
2006-08-04,36.1755,36.562,36.0863,36.2647,10971800
2006-08-07,35.8683,36.1805,35.7592,36.1755,7244000
2006-08-08,35.4173,36.0169,35.2587,35.8732,12422400
2006-08-09,34.555,35.6106,34.4411,35.4916,15923200
2006-08-10,34.4163,34.446,33.9951,34.4411,13050800
2006-08-11,34.4857,34.5303,34.1685,34.2528,6048600
2006-08-14,34.342,35.2736,34.1933,35.224,6539400
2006-08-15,34.6591,35.5313,34.6393,35.5214,8050200
2006-08-16,34.9168,35.0694,34.7681,34.9862,7873400
2006-08-17,34.9366,35.0754,34.7483,35.0258,5339700
2006-08-18,34.8276,35.452,34.6889,35.0258,6990000
2006-08-21,34.897,34.9763,34.6988,34.8078,6733700
2006-08-22,34.5699,35.006,34.56,35.006,8289800
2006-08-23,34.5997,34.6591,34.2726,34.5798,7203500
2006-08-24,34.897,34.9267,34.6591,34.6889,7025200
2006-08-25,34.5897,34.897,34.4807,34.788,4387700
2006-08-28,34.8078,34.9069,34.5798,34.6889,4224000
2006-08-29,34.5402,34.8177,34.3122,34.8177,6449700
2006-08-30,34.3816,34.6889,34.3816,34.4708,5045600
2006-08-31,34.4411,34.5897,34.3816,34.5798,11055800
2006-09-01,34.5104,34.5897,34.3321,34.5699,6150900
2006-09-05,34.5204,34.7285,34.4411,34.5501,6165700
2006-09-06,34.7285,34.9267,34.3915,34.5204,8283200
2006-09-07,34.3618,34.8276,34.2627,34.7285,6723900
2006-09-08,34.669,34.788,34.2032,34.788,6596700
2006-09-11,34.7285,34.7991,33.9059,34.788,5197800
2006-09-12,35.0258,35.1348,34.7277,34.8772,8839300
2006-09-13,35.1646,35.224,34.8276,35.0159,6318700
2006-09-14,35.3232,35.3727,34.9465,35.1646,7104900
2006-09-15,35.5511,35.6998,35.4024,35.6007,12860300
2006-09-18,35.4619,36.3242,35.1348,35.452,7045800
2006-09-19,35.6502,35.6601,35.3132,35.5313,4750900
2006-09-20,35.9773,36.0764,35.68,35.68,7031200
2006-09-21,35.7791,36.1656,35.561,36.0863,6262000
2006-09-22,35.6899,35.9575,35.5908,35.9575,3550500
2006-09-25,36.0467,36.1656,35.7295,35.9674,6489000
2006-09-26,36.1359,36.1557,35.9277,36.1557,6973500
2006-09-27,35.8583,36.1359,35.7691,36.1259,5730000
2006-09-28,35.7989,36.0368,35.7493,35.9277,5449400
2006-09-29,35.8583,36.116,35.7791,35.8286,5432100
2006-10-02,35.7295,35.9971,35.5115,35.9971,4577500
2006-10-03,36.1656,36.235,35.7295,35.7295,6904600
2006-10-04,36.3044,36.4035,35.8583,35.9575,7838000
2006-10-05,36.1854,36.3936,36.0764,36.2746,4114900
2006-10-06,36.0169,36.1259,35.8782,36.0467,4834400
2006-10-09,36.0863,36.0962,35.8583,35.9376,2392000
2006-10-10,35.9575,36.2449,35.9079,36.0863,4296800
2006-10-11,35.898,36.0566,35.6998,35.9575,4630000
2006-10-12,35.9773,36.116,35.8187,36.0467,5446500
2006-10-13,36.007,36.1359,35.8385,35.9079,6359300
2006-10-16,35.8782,36.0268,35.67,36.007,7134200
2006-10-17,36.1557,36.3539,35.4322,35.8782,8750900
2006-10-18,36.4827,36.6215,36.1656,36.4035,6670400
2006-10-19,36.4134,36.4927,35.9773,36.3341,7145500
2006-10-20,36.3044,36.6612,36.1656,36.5819,11002100
2006-10-23,36.344,36.4185,36.007,36.1359,4544800
2006-10-24,36.1259,36.2746,35.898,36.1755,7780000
2006-10-25,36.0665,36.2151,35.7097,36.1259,7103800
2006-10-26,36.1061,36.1557,35.7592,36.007,6275300
2006-10-27,36.0268,36.2944,35.9277,36.1061,5505600
2006-10-30,36.0169,36.2052,35.8881,36.1458,5851000
2006-10-31,35.9674,36.4035,35.8583,36.1656,11534400
2006-11-01,35.67,35.9773,35.452,35.9773,7280200
2006-11-02,35.5511,35.7791,35.4124,35.5511,6738800
2006-11-03,35.68,35.9079,35.6106,35.6502,6362300
2006-11-06,36.0169,36.0764,35.6998,35.7791,7950800
2006-11-07,36.0665,36.2449,35.8782,36.0268,6877000
2006-11-08,36.4728,36.5918,36.0268,36.116,6838200
2006-11-09,36.4035,36.5719,36.2647,36.5719,5831000
2006-11-10,36.344,36.4927,36.1557,36.4134,5366300
2006-11-13,36.1656,36.6215,36.0665,36.3836,6552100
2006-11-14,36.3836,36.5918,35.8683,36.2052,5911000
2006-11-15,35.9079,36.3936,35.7989,36.3044,9744200
2006-11-16,36.1755,36.3044,36.0268,36.2845,7102800
2006-11-17,35.9476,36.1755,35.9376,35.9773,11406500
2006-11-20,35.8385,35.9822,35.7196,35.9476,5877200
2006-11-21,35.4619,35.8782,35.452,35.8385,7766300
2006-11-22,35.1943,35.5016,35.0952,35.343,9128900
2006-11-24,35.2538,35.4124,34.9664,35.0258,3660300
2006-11-27,34.8871,35.2538,34.8375,35.1448,10366100
2006-11-28,34.7979,34.8375,34.5897,34.7979,9386300
2006-11-29,35.1448,35.1844,34.8375,34.8474,5943400
2006-11-30,34.9267,35.1646,34.6789,35.1448,6475300
2006-12-01,34.9168,35.1745,34.6988,35.115,8862600
2006-12-04,35.1745,35.3033,34.8871,34.9168,8885300
2006-12-05,35.2042,35.2538,34.9961,35.1844,8803800
2006-12-06,35.2042,35.3628,35.1943,35.3033,5106400
2006-12-07,35.1745,35.4817,35.0952,35.3331,5952900
2006-12-08,35.115,35.2637,34.897,35.0853,8873800
2006-12-11,35.0754,35.2934,35.0159,35.115,7216500
2006-12-12,35.0258,35.1547,34.8772,35.006,12811700
2006-12-13,35.0357,35.1745,34.9763,35.0357,10873500
2006-12-14,35.2538,35.3628,34.9862,35.1051,14117700
2006-12-15,35.3331,35.452,35.115,35.2835,19638400
2006-12-18,35.4421,35.4916,35.2141,35.4223,10313500
2006-12-19,35.5709,35.7493,35.3826,35.3925,10087900
2006-12-20,35.561,35.7295,35.5313,35.6007,6762800
2006-12-21,35.5709,35.7394,35.5412,35.5709,5553400
2006-12-22,35.5214,35.68,35.2042,35.4817,4564000
2006-12-26,35.6205,35.6502,35.4024,35.4421,5115000
2006-12-27,35.7295,35.8385,35.6304,35.6601,5200100
2006-12-28,35.5709,35.7691,35.5115,35.7295,4324600
2006-12-29,35.2439,35.5908,35.1646,35.5016,5992100
2007-01-03,35.4223,35.6899,35.0556,35.6106,12449000
2007-01-04,35.4817,35.6998,35.224,35.4223,11065800
2007-01-05,35.2835,35.5115,35.1943,35.4718,10329200
2007-01-08,35.1844,35.5709,35.0754,35.2934,11651500
2007-01-09,35.2736,35.5313,35.1646,35.2637,10160200
2007-01-10,35.1646,35.3331,35.0556,35.1051,9801800
2007-01-11,35.224,35.3232,35.1348,35.1348,7089700
2007-01-12,35.1943,35.4024,35.0853,35.224,10251800
2007-01-16,35.9079,36.1755,35.4322,35.4916,15186000
2007-01-17,35.9476,36.1557,35.7295,35.9872,11854100
2007-01-18,35.8782,36.0665,35.8187,35.9476,8292700
2007-01-19,35.7196,36.007,35.5511,35.9674,10649900
2007-01-22,35.4322,35.7394,35.2637,35.6403,13683900
2007-01-23,35.6899,35.7295,35.2439,35.4817,8460900
2007-01-24,36.235,36.3044,35.6304,35.6502,10893500
2007-01-25,35.7592,36.3143,35.6998,36.1359,8603000
2007-01-26,35.7097,35.9079,35.5115,35.8088,10103800
2007-01-29,35.6304,35.7989,35.5313,35.5908,13256200
2007-01-30,35.5808,35.789,35.4916,35.7691,9689100
2007-01-31,35.6007,35.68,35.1547,35.1646,8536500
2007-02-01,35.5511,35.7691,35.3033,35.6106,7875600
2007-02-02,35.5412,35.7295,35.452,35.5511,6222200
2007-02-05,35.3727,35.5313,35.343,35.4718,15495800
2007-02-06,35.5808,35.6998,35.4322,35.4718,9657100
2007-02-07,35.561,35.7196,35.4421,35.5908,9411800
2007-02-08,35.2439,35.4916,35.0456,35.4916,11151100
2007-02-09,35.0456,35.5313,34.9168,35.1051,12378900
2007-02-12,35.2835,35.3132,35.0556,35.1646,8153697
2007-02-13,35.5511,35.7097,35.2538,35.2835,10959989
2007-02-14,35.6899,35.8782,35.5016,35.561,10672827
2007-02-15,35.6899,36.0368,35.6601,35.898,6591900
2007-02-16,35.4421,35.9575,35.234,35.9476,11446800
2007-02-20,35.6205,35.6502,35.2835,35.452,7986600
2007-02-21,35.8583,35.9575,35.5016,35.6205,12414900
2007-02-22,35.8881,35.9079,35.6205,35.8088,10513900
2007-02-23,35.3132,35.8881,35.224,35.8484,15819300
2007-02-26,35.3529,35.5016,35.1026,35.4322,11861943
2007-02-27,34.0843,35.1844,33.4995,34.8375,15775000
2007-02-28,34.3915,34.7087,33.896,34.1933,19013100
2007-03-01,34.3519,34.5997,33.9059,34.1933,18585404
2007-03-02,34.1338,34.6889,34.0942,34.2924,14720900
2007-03-05,33.7275,34.342,33.6779,33.6977,15655900
2007-03-06,34.3519,34.4411,33.896,34.1437,14468500
2007-03-07,34.0149,34.4212,33.9852,34.2131,10505800
2007-03-08,34.2032,34.4708,34.1437,34.3122,9772400
2007-03-09,34.1933,34.5303,34.1735,34.4708,10890000
2007-03-12,34.223,34.2329,33.7176,33.9059,8307700
2007-03-13,33.1725,34.1338,33.1229,33.9554,21867900
2007-03-14,33.3508,33.5788,32.7165,33.1824,26108600
2007-03-15,33.7968,34.2429,33.222,33.3211,20472450
2007-03-16,33.6482,34.2429,33.6085,33.8266,21731610
2007-03-19,33.9455,34.1338,33.7869,33.7869,12432362
2007-03-20,34.3023,34.3618,33.896,33.9455,10700300
2007-03-21,35.1646,35.2439,34.0248,34.3519,16126896
2007-03-22,34.6789,35.2538,34.3122,34.7384,14065907
2007-03-23,34.6492,34.8573,34.5005,34.7087,9270791
2007-03-26,34.3717,34.6889,34.114,34.5303,11924514
2007-03-27,34.0942,34.6393,34.0843,34.1933,14390861
2007-03-28,33.8365,34.1338,33.777,34.0149,18239616
2007-03-29,34.2329,34.3717,33.9257,34.1933,10156721
2007-03-30,34.1239,34.4727,33.8563,34.1933,12506289
2007-04-02,33.7076,34.1437,33.6284,34.114,19070626
2007-04-03,34.2032,34.2429,33.7968,33.7968,11247049
2007-04-04,34.0347,34.2429,33.9951,34.2429,8783747
2007-04-05,34.1338,34.1735,33.8861,33.896,8935146
2007-04-09,34.0644,34.1239,33.9158,34.1041,10389410
2007-04-10,34.1041,34.1735,33.9852,34.0843,10856162
2007-04-11,33.8662,34.2329,33.8662,34.1239,16298403
2007-04-12,34.0347,34.1239,33.7275,33.8662,13058208
2007-04-13,34.3221,34.4312,33.7968,33.8464,11352865
2007-04-16,35.1943,35.1943,34.3915,34.4906,16418554
2007-04-17,34.9366,35.5313,34.778,35.3727,15190045
2007-04-18,35.6304,35.7592,34.8375,35.0853,17211824
2007-04-19,35.8187,35.898,35.2835,35.5313,11740398
2007-04-20,35.9773,36.1656,35.6998,36.0962,20674614
2007-04-23,35.6998,36.0962,35.6899,36.0467,9400312
2007-04-24,35.4619,35.68,35.2736,35.6304,11678254
2007-04-25,35.9575,36.007,35.5115,35.5115,17424310
2007-04-26,35.7493,36.0368,35.224,35.224,15068205
2007-04-27,35.6205,35.7592,35.4817,35.6502,8692464
2007-04-30,35.5709,35.9079,35.5412,35.8286,19316174
2007-05-01,35.7196,35.8286,35.4024,35.7097,10524889
2007-05-02,35.3727,35.6106,35.3232,35.4421,8451396
2007-05-03,35.5214,35.6601,35.3826,35.4024,6250764
2007-05-04,35.6007,35.7791,35.4322,35.6403,8103258
2007-05-07,35.7493,35.8484,35.5908,35.6007,8388842
2007-05-08,35.4916,35.7493,35.4124,35.5511,9384050
2007-05-09,35.789,35.898,35.4024,35.4322,11187593
2007-05-10,35.0853,35.7097,35.0853,35.7097,11804466
2007-05-11,35.2042,35.4817,35.1051,35.2042,13532475
2007-05-14,34.9862,35.4817,34.9366,35.2934,12078780
2007-05-15,35.0952,35.5214,34.9862,35.1348,11736221
2007-05-16,35.898,35.9079,35.115,35.3529,13810944
2007-05-17,35.9178,35.9773,35.68,35.7295,9456528
2007-05-18,36.0962,36.116,35.9575,36.0169,11731367
2007-05-21,35.9872,36.1656,35.8088,36.1259,15405741
2007-05-22,35.68,35.9971,35.6502,35.9376,15062280
2007-05-23,35.7691,35.8693,35.5808,35.7394,14520165
2007-05-24,35.7196,36.0863,35.67,35.7394,14604065
2007-05-25,35.8088,35.8187,35.5808,35.7493,7717057
2007-05-29,35.8286,35.9773,35.7097,35.8286,9657301
2007-05-30,35.9079,35.9277,35.6304,35.7394,9804600
2007-05-31,35.7691,35.9773,35.67,35.8583,11080755
2007-06-01,36.0764,36.1458,35.7295,35.7691,9860871
2007-06-04,35.8782,36.0764,35.8187,36.0764,7493953
2007-06-05,35.5908,35.8385,35.4322,35.789,13275796
2007-06-06,35.2736,35.5214,35.1844,35.5214,11557742
2007-06-07,34.7483,35.4124,34.7285,35.2439,12460651
2007-06-08,35.0258,35.0655,34.7285,34.7384,10657337
2007-06-11,35.1646,35.3727,34.897,34.9564,7012622
2007-06-12,34.8375,35.3331,34.8375,34.9961,12201486
2007-06-13,35.6205,35.6601,34.897,34.9862,10917000
2007-06-14,35.5709,35.7791,35.0952,35.1348,7808654
2007-06-15,35.6502,36.1458,35.6304,35.68,13530375
2007-06-18,35.8187,35.9376,35.5808,35.8088,8273229
2007-06-19,36.0566,36.116,35.7097,35.8286,10028917
2007-06-20,35.3628,36.1359,35.3529,36.1259,11981544
2007-06-21,35.3132,35.4619,35.0159,35.3628,9798007
2007-06-22,34.7087,35.2538,34.6988,35.1547,18177702
2007-06-25,34.7681,35.0952,34.6591,34.6889,14861367
2007-06-26,34.7483,35.1051,34.6988,34.9961,11361127
2007-06-27,35.0159,35.0556,34.3816,34.5005,13528900
2007-06-28,34.9664,35.3232,34.7285,35.0159,9297240
2007-06-29,34.8573,35.8286,34.6393,35.1844,14624693
2007-07-02,35.1943,35.3331,34.9862,35.1051,6758820
2007-07-03,35.3628,35.5808,35.2141,35.4223,3654602
2007-07-05,35.006,35.4223,34.7979,35.2538,7500726
2007-07-06,35.0456,35.0853,34.8276,34.9267,8650020
2007-07-09,34.8078,35.2736,34.7681,35.0853,10523502
2007-07-10,34.1338,39.2777,34.0248,34.6889,21159528
2007-07-11,34.6096,34.6889,34.0347,34.0942,16253500
2007-07-12,35.0435,35.1646,34.6096,34.8375,18310012
2007-07-13,35.224,35.2934,34.9763,35.0258,9719500
2007-07-16,35.1348,35.6899,35.1348,35.3331,10034553
2007-07-17,35.2736,35.6601,35.0853,35.4817,15446546
2007-07-18,35.0754,35.1745,34.6789,35.1348,19763432
2007-07-19,35.224,35.4322,34.8573,35.224,14956372
2007-07-20,34.4113,35.343,34.342,34.8672,21416156
2007-07-23,34.5402,34.8375,34.4113,34.6393,15078613
2007-07-24,33.6284,34.3816,33.5293,34.1437,23414262
2007-07-25,34.2627,34.56,33.8464,34.0843,22050176
2007-07-26,33.3508,34.0644,33.113,33.5491,30414186
2007-07-27,33.2617,34.0545,33.1031,33.3905,26580052
2007-07-30,34.3023,34.4113,33.0436,33.4698,23790274
2007-07-31,33.4698,34.7285,33.3806,34.4113,21447214
2007-08-01,34.1735,34.2528,33.2319,33.4599,29217154
2007-08-02,34.114,34.5104,33.3905,33.3905,19717706
2007-08-03,32.5183,34.1834,32.3697,33.8068,34724948
2007-08-06,34.451,34.5005,32.5183,32.5183,36005492
2007-08-07,34.5798,34.9862,33.9455,33.9455,29252996
2007-08-08,34.99,35.25,34.29,34.63,27057876
2007-08-09,34.16,35.21,32.73,33.9,25370248
2007-08-10,34.4,34.89,33.5,33.51,24789302
2007-08-13,33.9,34.81,33.8,34.68,13300800
2007-08-14,33.765,34.23,33.54,33.94,18934300
2007-08-15,33.57,34.69,33.22,33.68,22875656
2007-08-16,35.4,35.96,32.9,33.07,44702600
2007-08-17,37.24,37.99,35.91,37.04,49846992
2007-08-20,37.1,37.3,36.35,37.22,29026000
2007-08-21,37.37,37.77,36.66,36.93,27153200
2007-08-22,36.7,37.74,36.38,37.41,25727200
2007-08-23,36.47,37.0,36.15,36.78,17197600
2007-08-24,36.57,36.64,36.16,36.45,16806800
2007-08-27,36.13,36.58,36.08,36.37,18149144
2007-08-28,35.2,35.88,35.13,35.7,19522112
2007-08-29,35.98,36.11,35.01,35.35,15912900
2007-08-30,35.74,36.09,35.5,35.8,14342300
2007-08-31,36.54,36.78,36.1,36.38,15133800
2007-09-04,36.59,36.89,36.23,36.48,12125695
2007-09-05,35.89,36.36,35.25,36.01,13897800
2007-09-06,35.65,36.0,35.17,35.85,15233800
2007-09-07,35.2,35.6,34.91,35.07,17034258
2007-09-10,35.14,35.51,34.71,35.34,13632600
2007-09-11,36.12,36.21,35.08,35.25,16563200
2007-09-12,35.68,36.05,35.64,35.96,13395800
2007-09-13,35.81,36.01,35.64,35.74,14615700
2007-09-14,35.66,35.81,35.38,35.56,12095804
2007-09-17,35.66,35.79,35.38,35.46,11573446
2007-09-18,37.19,37.25,35.46,35.47,20974370
2007-09-19,37.3,37.99,37.19,37.38,21376326
2007-09-20,36.55,37.42,36.25,37.11,17721358
2007-09-21,36.24,36.91,36.12,36.5,23788600
2007-09-24,35.96,36.29,35.87,36.24,15541500
2007-09-25,36.07,36.25,35.56,35.56,15990400
2007-09-26,35.85,36.25,35.65,36.2,14538430
2007-09-27,36.02,36.19,35.55,35.92,13663000
2007-09-28,35.62,35.98,35.46,35.86,15878400
2007-10-01,36.65,36.73,35.2,35.2,19206114
2007-10-02,36.63,36.83,36.232,36.79,14576200
2007-10-03,37.0,37.12,36.34,36.48,16787300
2007-10-04,37.27,37.5,37.0,37.0,12525654
2007-10-05,37.47,37.78,36.97,37.49,11630000
2007-10-08,36.96,37.51,36.76,37.45,9408084
2007-10-09,37.18,37.24,36.8,37.03,10055834
2007-10-10,36.62,37.11,36.28,37.11,13995831
2007-10-11,36.32,37.0,35.98,36.66,16334300
2007-10-12,36.04,36.61,35.98,36.45,13902461
2007-10-15,35.95,36.23,35.58,35.97,14955523
2007-10-16,34.55,35.07,34.21,35.07,34444200
2007-10-17,34.27,34.94,33.76,34.86,29190230
2007-10-18,33.5,33.91,33.3,33.72,28606948
2007-10-19,32.86,33.75,32.86,33.36,25084706
2007-10-22,33.82,33.92,32.66,32.73,23442702
2007-10-23,33.76,34.17,33.5,34.1,13762300
2007-10-24,34.04,34.34,32.87,33.51,31495916
2007-10-25,33.81,34.17,33.36,34.15,30605788
2007-10-26,34.55,34.64,33.7,34.49,18356560
2007-10-29,34.13,34.78,34.09,34.7,13637200
2007-10-30,34.0,34.25,33.85,34.01,12758470
2007-10-31,34.01,34.52,33.4,34.48,21564500
2007-11-01,32.11,33.4,32.04,33.18,32112060
2007-11-02,32.31,32.72,31.87,32.35,32732340
2007-11-05,31.93,32.46,31.54,32.0,28998536
2007-11-06,32.95,33.0,31.95,32.0,31840134
2007-11-07,30.76,33.02,30.75,32.69,49875184
2007-11-08,31.48,31.67,30.57,31.39,41651564
2007-11-09,31.66,32.43,30.65,31.13,33084174
2007-11-12,32.35,33.28,31.54,31.54,28379996
2007-11-13,33.89,33.93,32.47,32.99,22352252
2007-11-14,33.25,34.29,33.11,34.16,18662368
2007-11-15,31.97,33.14,31.67,32.63,34812280
2007-11-16,31.14,31.85,30.82,31.69,39528876
2007-11-19,30.53,31.12,29.83,31.01,40613792
2007-11-20,30.42,30.98,29.7,30.27,38990060
2007-11-21,29.92,30.57,29.83,30.11,41541608
2007-11-23,30.84,31.14,30.26,30.48,12297618
