Date,Close
2000-05-19,74.3125
2000-05-22,74.09375
2000-05-23,72.84375
2000-05-24,73.46875
2000-05-25,72.921875
2000-05-26,72.484375
2000-05-30,73.953125
2000-05-31,73.953125
2000-06-01,76.265625
2000-06-02,78.375
2000-06-05,78.0
2000-06-06,77.53125
2000-06-07,78.09375
2000-06-08,77.5
2000-06-09,77.765625
2000-06-12,77.453125
2000-06-13,77.90625
2000-06-14,78.015625
2000-06-15,78.015625
2000-06-16,78.15625
2000-06-19,77.921875
2000-06-20,78.4375
2000-06-21,78.59375
2000-06-22,77.0
2000-06-23,76.46875
2000-06-26,76.9375
2000-06-27,77.265625
2000-06-28,77.46875
2000-06-29,76.390625
2000-06-30,76.6875
2000-07-03,77.53125
2000-07-05,76.53125
2000-07-06,77.171875
2000-07-07,78.40625
2000-07-10,78.421875
2000-07-11,78.859375
2000-07-12,79.28125
2000-07-13,79.671875
2000-07-14,80.109375
2000-07-17,80.5625
2000-07-18,79.546875
2000-07-19,78.75
2000-07-20,78.96875
2000-07-21,78.96875
2000-07-24,77.921875
2000-07-25,78.140625
2000-07-26,77.484375
2000-07-27,77.015625
2000-07-28,75.515625
2000-07-31,75.75
2000-08-01,76.1875
2000-08-02,76.640625
2000-08-03,76.484375
2000-08-04,77.234375
2000-08-07,78.265625
2000-08-08,78.5
2000-08-09,78.59375
2000-08-10,77.65625
2000-08-11,77.1875
2000-08-14,78.78125
2000-08-15,79.0
2000-08-16,78.359375
2000-08-17,79.265625
2000-08-18,79.28125
2000-08-21,79.28125
2000-08-22,79.6875
2000-08-23,79.75
2000-08-24,80.421875
2000-08-25,80.421875
2000-08-28,80.875
2000-08-29,80.78125
2000-08-30,80.640625
2000-08-31,81.5
2000-09-01,81.546875
2000-09-05,80.75
2000-09-06,80.09375
2000-09-07,80.6875
2000-09-08,80.03125
2000-09-11,79.71875
2000-09-12,79.375
2000-09-13,79.578125
2000-09-14,79.59375
2000-09-15,78.40625
2000-09-18,77.5
2000-09-19,78.203125
2000-09-20,77.828125
2000-09-21,77.3125
2000-09-22,77.046875
2000-09-25,77.37999725341797
2000-09-26,76.80000305175781
2000-09-27,76.9000015258789
2000-09-28,78.45999908447266
2000-09-29,77.55999755859375
2000-10-02,77.0
2000-10-03,76.5
2000-10-04,76.66999816894531
2000-10-05,77.01000213623047
2000-10-06,75.08999633789062
2000-10-09,75.1500015258789
2000-10-10,73.30999755859375
2000-10-11,72.87999725341797
2000-10-12,70.79000091552734
2000-10-13,73.37000274658203
2000-10-16,73.63999938964844
2000-10-17,72.23999786376953
2000-10-18,72.13999938964844
2000-10-19,74.13999938964844
2000-10-20,74.73999786376953
2000-10-23,74.54000091552734
2000-10-24,74.4000015258789
2000-10-25,73.0
2000-10-26,71.5999984741211
2000-10-27,73.62000274658203
2000-10-30,74.9000015258789
2000-10-31,76.41999816894531
2000-11-01,75.91999816894531
2000-11-02,76.69999694824219
2000-11-03,76.5199966430664
2000-11-06,76.77999877929688
2000-11-07,76.4800033569336
2000-11-08,75.55999755859375
2000-11-09,74.66000366210938
2000-11-10,73.41999816894531
2000-11-13,72.19999694824219
2000-11-14,74.04000091552734
2000-11-15,74.4000015258789
2000-11-16,73.27999877929688
2000-11-17,72.41999816894531
2000-11-20,71.66000366210938
2000-11-21,71.45999908447266
2000-11-22,70.25
2000-11-24,71.12000274658203
2000-11-27,71.76000213623047
2000-11-28,71.33999633789062
2000-11-29,70.62000274658203
2000-11-30,69.86000061035156
2000-12-01,69.55999755859375
2000-12-04,70.0199966430664
2000-12-05,73.0
2000-12-06,71.5
2000-12-07,71.4800033569336
2000-12-08,73.08000183105469
2000-12-11,74.0199966430664
2000-12-12,73.5999984741211
2000-12-13,72.5999984741211
2000-12-14,71.4000015258789
2000-12-15,69.73999786376953
2000-12-18,70.0999984741211
2000-12-19,69.41999816894531
2000-12-20,66.9000015258789
2000-12-21,67.31999969482422
2000-12-22,68.95999908447266
2000-12-26,70.18000030517578
2000-12-27,70.52999877929688
2000-12-28,70.91999816894531
2000-12-29,70.19999694824219
2001-01-02,67.7300033569336
2001-01-03,71.33000183105469
2001-01-04,70.41000366210938
2001-01-05,68.3499984741211
2001-01-08,68.13999938964844
2001-01-09,68.68000030517578
2001-01-10,69.47000122070312
2001-01-11,70.25
2001-01-12,69.94999694824219
2001-01-16,70.05999755859375
2001-01-17,70.56999969482422
2001-01-18,71.4800033569336
2001-01-19,71.37000274658203
2001-01-22,70.94999694824219
2001-01-23,72.01000213623047
2001-01-24,72.20999908447266
2001-01-25,72.06999969482422
2001-01-26,71.83999633789062
2001-01-29,72.30000305175781
2001-01-30,72.91999816894531
2001-01-31,72.5199966430664
2001-02-01,72.66000366210938
2001-02-02,71.31999969482422
2001-02-05,71.54000091552734
2001-02-06,71.51000213623047
2001-02-07,70.97000122070312
2001-02-08,70.51000213623047
2001-02-09,69.56999969482422
2001-02-12,70.27999877929688
2001-02-13,69.5999984741211
2001-02-14,69.66000366210938
2001-02-15,70.26000213623047
2001-02-16,69.1500015258789
2001-02-20,67.80000305175781
2001-02-21,66.37000274658203
2001-02-22,66.0999984741211
2001-02-23,66.01000213623047
2001-02-26,66.9000015258789
2001-02-27,66.72000122070312
2001-02-28,65.63999938964844
2001-03-01,65.5999984741211
2001-03-02,65.5999984741211
2001-03-05,65.81999969482422
2001-03-06,66.55000305175781
2001-03-07,66.7699966430664
2001-03-08,66.81999969482422
2001-03-09,65.0999984741211
2001-03-12,62.15999984741211
2001-03-13,63.18000030517578
2001-03-14,61.619998931884766
2001-03-15,61.869998931884766
2001-03-16,60.540000915527344
2001-03-19,61.77000045776367
2001-03-20,60.349998474121094
2001-03-21,59.189998626708984
2001-03-22,58.70000076293945
2001-03-23,60.060001373291016
2001-03-26,60.619998931884766
2001-03-27,62.29999923706055
2001-03-28,60.869998931884766
2001-03-29,60.349998474121094
2001-03-30,60.81999969482422
2001-04-02,60.09000015258789
2001-04-03,57.84000015258789
2001-04-04,57.83000183105469
2001-04-05,60.29999923706055
2001-04-06,59.040000915527344
2001-04-09,59.63999938964844
2001-04-10,61.52000045776367
2001-04-11,61.41999816894531
2001-04-12,62.20000076293945
2001-04-16,61.880001068115234
2001-04-17,62.45000076293945
2001-04-18,65.26000213623047
2001-04-19,66.19999694824219
2001-04-20,65.47000122070312
2001-04-23,64.37000274658203
2001-04-24,63.849998474121094
2001-04-25,64.76000213623047
2001-04-26,65.18000030517578
2001-04-27,65.52999877929688
2001-04-30,66.08999633789062
2001-05-01,66.87000274658203
2001-05-02,67.01000213623047
2001-05-03,65.80999755859375
2001-05-04,66.9800033569336
2001-05-07,66.45999908447266
2001-05-08,66.72000122070312
2001-05-09,66.5999984741211
2001-05-10,66.4000015258789
2001-05-11,65.5999984741211
2001-05-14,66.02999877929688
2001-05-15,65.93000030517578
2001-05-16,67.4800033569336
2001-05-17,68.25
2001-05-18,68.44999694824219
2001-05-21,69.54000091552734
2001-05-22,69.4000015258789
2001-05-23,68.33999633789062
2001-05-24,68.5
2001-05-25,67.77999877929688
2001-05-29,67.22000122070312
2001-05-30,65.88999938964844
2001-05-31,66.3499984741211
2001-06-01,66.75
2001-06-04,67.08999633789062
2001-06-05,68.16000366210938
2001-06-06,67.41999816894531
2001-06-07,67.72000122070312
2001-06-08,66.77999877929688
2001-06-11,66.37999725341797
2001-06-12,66.4800033569336
2001-06-13,65.79000091552734
2001-06-14,64.37000274658203
2001-06-15,64.0199966430664
2001-06-18,63.849998474121094
2001-06-19,63.83000183105469
2001-06-20,64.75
2001-06-21,65.33999633789062
2001-06-22,64.6500015258789
2001-06-25,64.4000015258789
2001-06-26,64.12999725341797
2001-06-27,64.12000274658203
2001-06-28,64.86000061035156
2001-06-29,64.94999694824219
2001-07-02,65.31999969482422
2001-07-03,65.26000213623047
2001-07-05,64.58999633789062
2001-07-06,63.06999969482422
2001-07-09,63.349998474121094
2001-07-10,62.33000183105469
2001-07-11,62.290000915527344
2001-07-12,63.86000061035156
2001-07-13,64.12000274658203
2001-07-16,63.349998474121094
2001-07-17,64.08000183105469
2001-07-18,63.59000015258789
2001-07-19,64.12000274658203
2001-07-20,63.84000015258789
2001-07-23,63.290000915527344
2001-07-24,61.75
2001-07-25,62.56999969482422
2001-07-26,63.33000183105469
2001-07-27,63.54999923706055
2001-07-30,63.43000030517578
2001-07-31,63.90999984741211
2001-08-01,64.16000366210938
2001-08-02,64.5
2001-08-03,64.2300033569336
2001-08-06,63.45000076293945
2001-08-07,63.56999969482422
2001-08-08,62.52000045776367
2001-08-09,62.27000045776367
2001-08-10,62.790000915527344
2001-08-13,62.91999816894531
2001-08-14,62.779998779296875
2001-08-15,62.20000076293945
2001-08-16,62.33000183105469
2001-08-17,61.4900016784668
2001-08-20,61.79999923706055
2001-08-21,61.22999954223633
2001-08-22,61.5
2001-08-23,61.310001373291016
2001-08-24,62.25
2001-08-27,62.459999084472656
2001-08-28,61.41999816894531
2001-08-29,60.779998779296875
2001-08-30,59.61000061035156
2001-08-31,60.0
2001-09-04,60.5
2001-09-05,59.869998931884766
2001-09-06,58.70000076293945
2001-09-07,57.380001068115234
2001-09-10,57.720001220703125
2001-09-17,55.29999923706055
2001-09-18,54.599998474121094
2001-09-19,53.95000076293945
2001-09-20,52.0
2001-09-21,51.15999984741211
2001-09-24,53.04999923706055
2001-09-25,53.470001220703125
2001-09-26,53.18000030517578
2001-09-27,53.849998474121094
2001-09-28,54.95000076293945
2001-10-01,54.70000076293945
2001-10-02,54.81999969482422
2001-10-03,56.400001525878906
2001-10-04,56.58000183105469
2001-10-05,56.220001220703125
2001-10-08,55.83000183105469
2001-10-09,55.52000045776367
2001-10-10,56.70000076293945
2001-10-11,57.79999923706055
2001-10-12,57.5099983215332
2001-10-15,57.380001068115234
2001-10-16,57.77000045776367
2001-10-17,57.2599983215332
2001-10-18,56.400001525878906
2001-10-19,56.36000061035156
2001-10-22,57.29999923706055
2001-10-23,57.040000915527344
2001-10-24,57.099998474121094
2001-10-25,57.81999969482422
2001-10-26,58.0
2001-10-29,56.70000076293945
2001-10-30,55.72999954223633
2001-10-31,55.849998474121094
2001-11-01,56.95000076293945
2001-11-02,57.25
2001-11-05,58.060001373291016
2001-11-06,58.86000061035156
2001-11-07,58.650001525878906
2001-11-08,58.849998474121094
2001-11-09,58.91999816894531
2001-11-12,58.790000915527344
2001-11-13,59.91999816894531
2001-11-14,60.11000061035156
2001-11-15,60.04999923706055
2001-11-16,60.0099983215332
2001-11-19,60.54999923706055
2001-11-20,60.150001525878906
2001-11-21,59.75
2001-11-23,60.75
2001-11-26,60.93000030517578
2001-11-27,60.54999923706055
2001-11-28,59.5
2001-11-29,60.150001525878906
2001-11-30,60.06999969482422
2001-12-03,59.619998931884766
2001-12-04,60.36000061035156
2001-12-05,61.75
2001-12-06,61.68000030517578
2001-12-07,61.209999084472656
2001-12-10,60.25
2001-12-11,60.09000015258789
2001-12-12,60.06999969482422
2001-12-13,59.029998779296875
2001-12-14,59.22999954223633
2001-12-17,59.66999816894531
2001-12-18,60.31999969482422
2001-12-19,60.650001525878906
2001-12-20,60.11000061035156
2001-12-21,60.380001068115234
2001-12-24,60.45000076293945
2001-12-26,60.599998474121094
2001-12-27,61.02000045776367
2001-12-28,61.13999938964844
2001-12-31,60.97999954223633
2002-01-02,60.77000045776367
2002-01-03,61.4900016784668
2002-01-04,61.880001068115234
2002-01-07,61.560001373291016
2002-01-08,61.150001525878906
2002-01-09,60.939998626708984
2002-01-10,61.0
2002-01-11,60.5099983215332
2002-01-14,60.15999984741211
2002-01-15,60.400001525878906
2002-01-16,59.47999954223633
2002-01-17,60.20000076293945
2002-01-18,59.560001373291016
2002-01-22,59.04999923706055
2002-01-23,59.599998474121094
2002-01-24,59.849998474121094
2002-01-25,59.9900016784668
2002-01-28,59.77000045776367
2002-01-29,58.29999923706055
2002-01-30,58.88999938964844
2002-01-31,59.599998474121094
2002-02-01,59.369998931884766
2002-02-04,57.91999816894531
2002-02-05,57.779998779296875
2002-02-06,57.25
2002-02-07,57.029998779296875
2002-02-08,58.0099983215332
2002-02-11,58.68000030517578
2002-02-12,58.66999816894531
2002-02-13,59.13999938964844
2002-02-14,59.040000915527344
2002-02-15,58.470001220703125
2002-02-19,57.400001525878906
2002-02-20,58.189998626708984
2002-02-21,57.34000015258789
2002-02-22,57.59000015258789
2002-02-25,58.869998931884766
2002-02-26,58.72999954223633
2002-02-27,58.7400016784668
2002-02-28,58.65999984741211
2002-03-01,59.779998779296875
2002-03-04,61.13999938964844
2002-03-05,60.869998931884766
2002-03-06,61.68000030517578
2002-03-07,61.40999984741211
2002-03-08,61.599998474121094
2002-03-11,61.84000015258789
2002-03-12,61.599998474121094
2002-03-13,61.130001068115234
2002-03-14,61.029998779296875
2002-03-15,61.650001525878906
2002-03-18,61.720001220703125
2002-03-19,61.869998931884766
2002-03-20,60.900001525878906
2002-03-21,61.189998626708984
2002-03-22,60.79999923706055
2002-03-25,60.09000015258789
2002-03-26,60.209999084472656
2002-03-27,60.59000015258789
2002-03-28,60.61000061035156
2002-04-01,60.709999084472656
2002-04-02,60.34000015258789
2002-04-03,59.540000915527344
2002-04-04,59.720001220703125
2002-04-05,59.56999969482422
2002-04-08,59.63999938964844
2002-04-09,59.36000061035156
2002-04-10,60.040000915527344
2002-04-11,58.599998474121094
2002-04-12,58.91999816894531
2002-04-15,58.689998626708984
2002-04-16,59.93000030517578
2002-04-17,59.84000015258789
2002-04-18,59.81999969482422
2002-04-19,59.77000045776367
2002-04-22,58.880001068115234
2002-04-23,58.40999984741211
2002-04-24,58.15999984741211
2002-04-25,58.13999938964844
2002-04-26,57.40999984741211
2002-04-29,56.599998474121094
2002-04-30,57.290000915527344
2002-05-01,57.70000076293945
2002-05-02,57.529998779296875
2002-05-03,57.130001068115234
2002-05-06,56.029998779296875
2002-05-07,55.75
2002-05-08,57.91999816894531
2002-05-09,57.20000076293945
2002-05-10,56.15999984741211
2002-05-13,57.130001068115234
2002-05-14,58.45000076293945
2002-05-15,58.119998931884766
2002-05-16,58.439998626708984
2002-05-17,58.7400016784668
2002-05-20,58.119998931884766
2002-05-21,57.5
2002-05-22,57.720001220703125
2002-05-23,58.209999084472656
2002-05-24,57.7400016784668
2002-05-28,57.290000915527344
2002-05-29,56.900001525878906
2002-05-30,56.75
2002-05-31,56.88999938964844
2002-06-03,55.33000183105469
2002-06-04,55.529998779296875
2002-06-05,55.880001068115234
2002-06-06,54.790000915527344
2002-06-07,54.810001373291016
2002-06-10,55.150001525878906
2002-06-11,54.040000915527344
2002-06-12,54.36000061035156
2002-06-13,53.7599983215332
2002-06-14,53.459999084472656
2002-06-17,54.91999816894531
2002-06-18,55.0
2002-06-19,54.150001525878906
2002-06-20,53.2400016784668
2002-06-21,52.34000015258789
2002-06-24,52.61000061035156
2002-06-25,51.779998779296875
2002-06-26,51.540000915527344
2002-06-27,52.47999954223633
2002-06-28,52.150001525878906
2002-07-01,51.25
2002-07-02,50.220001220703125
2002-07-03,50.45000076293945
2002-07-05,52.150001525878906
2002-07-08,51.599998474121094
2002-07-09,50.29999923706055
2002-07-10,48.540000915527344
2002-07-11,48.900001525878906
2002-07-12,48.849998474121094
2002-07-15,48.43000030517578
2002-07-16,47.689998626708984
2002-07-17,48.2400016784668
2002-07-18,46.7400016784668
2002-07-19,44.939998626708984
2002-07-22,43.86000061035156
2002-07-23,42.4900016784668
2002-07-24,44.849998474121094
2002-07-25,44.720001220703125
2002-07-26,45.15999984741211
2002-07-29,48.029998779296875
2002-07-30,48.16999816894531
2002-07-31,48.619998931884766
2002-08-01,47.18000030517578
2002-08-02,46.209999084472656
2002-08-05,44.5099983215332
2002-08-06,45.79999923706055
2002-08-07,46.70000076293945
2002-08-08,48.34000015258789
2002-08-09,48.47999954223633
2002-08-12,48.099998474121094
2002-08-13,47.27000045776367
2002-08-14,49.0
2002-08-15,49.54999923706055
2002-08-16,49.5099983215332
2002-08-19,50.65999984741211
2002-08-20,50.06999969482422
2002-08-21,50.689998626708984
2002-08-22,51.369998931884766
2002-08-23,50.099998474121094
2002-08-26,50.560001373291016
2002-08-27,49.790000915527344
2002-08-28,48.900001525878906
2002-08-29,48.97999954223633
2002-08-30,48.7599983215332
2002-09-03,46.880001068115234
2002-09-04,47.599998474121094
2002-09-05,47.0
2002-09-06,47.65999984741211
2002-09-09,48.45000076293945
2002-09-10,48.47999954223633
2002-09-11,48.29999923706055
2002-09-12,47.349998474121094
2002-09-13,47.27000045776367
2002-09-16,47.349998474121094
2002-09-17,46.400001525878906
2002-09-18,46.27000045776367
2002-09-19,44.84000015258789
2002-09-20,44.83000183105469
2002-09-23,44.439998626708984
2002-09-24,43.56999969482422
2002-09-25,44.68000030517578
2002-09-26,45.029998779296875
2002-09-27,44.04999923706055
2002-09-30,43.630001068115234
2002-10-01,44.97999954223633
2002-10-02,44.130001068115234
2002-10-03,43.529998779296875
2002-10-04,42.900001525878906
2002-10-07,41.72999954223633
2002-10-08,42.279998779296875
2002-10-09,41.13999938964844
2002-10-10,42.560001373291016
2002-10-11,44.2599983215332
2002-10-14,44.68000030517578
2002-10-15,46.93000030517578
2002-10-16,45.66999816894531
2002-10-17,46.599998474121094
2002-10-18,46.97999954223633
2002-10-21,47.7599983215332
2002-10-22,47.130001068115234
2002-10-23,47.54999923706055
2002-10-24,46.86000061035156
2002-10-25,47.540000915527344
2002-10-28,47.279998779296875
2002-10-29,46.75
2002-10-30,47.22999954223633
2002-10-31,47.0
2002-11-01,47.939998626708984
2002-11-04,48.09000015258789
2002-11-05,48.52000045776367
2002-11-06,49.0
2002-11-07,47.900001525878906
2002-11-08,47.54999923706055
2002-11-11,46.63999938964844
2002-11-12,47.0099983215332
2002-11-13,46.93000030517578
2002-11-14,48.0
2002-11-15,48.20000076293945
2002-11-18,47.900001525878906
2002-11-19,47.540000915527344
2002-11-20,48.5
2002-11-21,49.65999984741211
2002-11-22,49.599998474121094
2002-11-25,49.68000030517578
2002-11-26,48.47999954223633
2002-11-27,49.90999984741211
2002-11-29,49.95000076293945
2002-12-02,49.650001525878906
2002-12-03,48.95000076293945
2002-12-04,48.869998931884766
2002-12-05,48.34000015258789
2002-12-06,48.560001373291016
2002-12-09,47.540000915527344
2002-12-10,48.2400016784668
2002-12-11,48.29999923706055
2002-12-12,48.04999923706055
2002-12-13,47.099998474121094
2002-12-16,48.27000045776367
2002-12-17,47.779998779296875
2002-12-18,47.20000076293945
2002-12-19,46.880001068115234
2002-12-20,47.54999923706055
2002-12-23,47.66999816894531
2002-12-24,47.290000915527344
2002-12-26,47.16999816894531
2002-12-27,46.4900016784668
2002-12-30,46.7400016784668
2002-12-31,46.720001220703125
2003-01-02,48.31999969482422
2003-01-03,48.09000015258789
2003-01-06,49.22999954223633
2003-01-07,49.04999923706055
2003-01-08,48.380001068115234
2003-01-09,49.33000183105469
2003-01-10,49.119998931884766
2003-01-13,49.220001220703125
2003-01-14,49.529998779296875
2003-01-15,48.68000030517578
2003-01-16,48.38999938964844
2003-01-17,47.93000030517578
2003-01-21,47.279998779296875
2003-01-22,46.58000183105469
2003-01-23,47.11000061035156
2003-01-24,45.779998779296875
2003-01-27,45.08000183105469
2003-01-28,45.70000076293945
2003-01-29,46.0
2003-01-30,44.900001525878906
2003-01-31,45.56999969482422
2003-02-03,45.68000030517578
2003-02-04,45.2400016784668
2003-02-05,45.04999923706055
2003-02-06,44.900001525878906
2003-02-07,44.18000030517578
2003-02-10,44.310001373291016
2003-02-11,44.20000076293945
2003-02-12,43.529998779296875
2003-02-13,43.56999969482422
2003-02-14,44.209999084472656
2003-02-18,45.33000183105469
2003-02-19,44.959999084472656
2003-02-20,44.529998779296875
2003-02-21,45.2599983215332
2003-02-24,44.349998474121094
2003-02-25,44.75
2003-02-26,44.15999984741211
2003-02-27,44.72999954223633
2003-02-28,45.08000183105469
2003-03-03,44.5
2003-03-04,43.959999084472656
2003-03-05,44.220001220703125
2003-03-06,44.0
2003-03-07,43.81999969482422
2003-03-10,43.04999923706055
2003-03-11,42.72999954223633
2003-03-12,42.84000015258789
2003-03-13,44.31999969482422
2003-03-14,44.25
2003-03-17,45.88999938964844
2003-03-18,45.93000030517578
2003-03-19,46.369998931884766
2003-03-20,46.58000183105469
2003-03-21,47.5099983215332
2003-03-24,46.02000045776367
2003-03-25,46.5
2003-03-26,46.459999084472656
2003-03-27,46.25
2003-03-28,46.040000915527344
2003-03-31,45.099998474121094
2003-04-01,45.7599983215332
2003-04-02,46.79999923706055
2003-04-03,46.619998931884766
2003-04-04,46.79999923706055
2003-04-07,46.95000076293945
2003-04-08,46.81999969482422
2003-04-09,46.209999084472656
2003-04-10,46.310001373291016
2003-04-11,46.13999938964844
2003-04-14,47.16999816894531
2003-04-15,47.29999923706055
2003-04-16,46.880001068115234
2003-04-17,47.58000183105469
2003-04-21,47.45000076293945
2003-04-22,48.52000045776367
2003-04-23,48.95000076293945
2003-04-24,48.540000915527344
2003-04-25,47.77000045776367
2003-04-28,48.66999816894531
2003-04-29,48.880001068115234
2003-04-30,48.709999084472656
2003-05-01,48.75
2003-05-02,49.5099983215332
2003-05-05,49.4900016784668
2003-05-06,49.77000045776367
2003-05-07,49.61000061035156
2003-05-08,49.08000183105469
2003-05-09,49.72999954223633
2003-05-12,50.400001525878906
2003-05-13,50.16999816894531
2003-05-14,50.15999984741211
2003-05-15,50.45000076293945
2003-05-16,50.349998474121094
2003-05-19,49.22999954223633
2003-05-20,49.18000030517578
2003-05-21,49.29999923706055
2003-05-22,49.79999923706055
2003-05-23,49.95000076293945
2003-05-27,50.959999084472656
2003-05-28,51.04999923706055
2003-05-29,50.720001220703125
2003-05-30,51.630001068115234
2003-06-02,51.790000915527344
2003-06-03,52.0
2003-06-04,52.79999923706055
2003-06-05,53.08000183105469
2003-06-06,52.95000076293945
2003-06-09,52.209999084472656
2003-06-10,52.83000183105469
2003-06-11,53.33000183105469
2003-06-12,53.540000915527344
2003-06-13,52.869998931884766
2003-06-16,53.900001525878906
2003-06-17,54.0099983215332
2003-06-18,53.81999969482422
2003-06-19,53.119998931884766
2003-06-20,53.15999984741211
2003-06-23,52.34000015258789
2003-06-24,52.47999954223633
2003-06-25,51.900001525878906
2003-06-26,52.56999969482422
2003-06-27,52.25
2003-06-30,52.09000015258789
2003-07-01,52.599998474121094
2003-07-02,53.20000076293945
2003-07-03,52.79999923706055
2003-07-07,53.790000915527344
2003-07-08,54.029998779296875
2003-07-09,53.619998931884766
2003-07-10,52.88999938964844
2003-07-11,53.470001220703125
2003-07-14,53.68000030517578
2003-07-15,53.66999816894531
2003-07-16,53.29999923706055
2003-07-17,52.5099983215332
2003-07-18,53.04999923706055
2003-07-21,52.459999084472656
2003-07-22,52.7599983215332
2003-07-23,52.900001525878906
2003-07-24,52.5
2003-07-25,53.400001525878906
2003-07-28,53.400001525878906
2003-07-29,52.880001068115234
2003-07-30,52.88999938964844
2003-07-31,53.150001525878906
2003-08-01,52.630001068115234
2003-08-04,52.59000015258789
2003-08-05,51.70000076293945
2003-08-06,51.849998474121094
2003-08-07,52.130001068115234
2003-08-08,52.36000061035156
2003-08-11,52.47999954223633
2003-08-12,53.09000015258789
2003-08-13,52.54999923706055
2003-08-14,53.0
2003-08-15,53.0099983215332
2003-08-18,53.52000045776367
2003-08-19,53.70000076293945
2003-08-20,53.619998931884766
2003-08-21,53.869998931884766
2003-08-22,53.34000015258789
2003-08-25,53.310001373291016
2003-08-26,53.54999923706055
2003-08-27,53.5
2003-08-28,53.900001525878906
2003-08-29,54.119998931884766
2003-09-02,54.97999954223633
2003-09-03,55.04999923706055
2003-09-04,55.18000030517578
2003-09-05,54.900001525878906
2003-09-08,55.47999954223633
2003-09-09,55.099998474121094
2003-09-10,54.27000045776367
2003-09-11,54.650001525878906
2003-09-12,54.61000061035156
2003-09-15,54.369998931884766
2003-09-16,55.150001525878906
2003-09-17,54.91999816894531
2003-09-18,55.72999954223633
2003-09-19,55.560001373291016
2003-09-22,54.84000015258789
2003-09-23,55.130001068115234
2003-09-24,54.13999938964844
2003-09-25,53.720001220703125
2003-09-26,53.43000030517578
2003-09-29,53.91999816894531
2003-09-30,53.4900016784668
2003-10-01,54.5
2003-10-02,54.790000915527344
2003-10-03,55.15999984741211
2003-10-06,55.470001220703125
2003-10-07,55.75
2003-10-08,55.5099983215332
2003-10-09,55.720001220703125
2003-10-10,55.900001525878906
2003-10-13,56.150001525878906
2003-10-14,56.40999984741211
2003-10-15,56.22999954223633
2003-10-16,56.369998931884766
2003-10-17,55.84000015258789
2003-10-20,55.95000076293945
2003-10-21,56.0
2003-10-22,55.400001525878906
2003-10-23,55.470001220703125
2003-10-24,55.279998779296875
2003-10-27,55.36000061035156
2003-10-28,56.20000076293945
2003-10-29,56.41999816894531
2003-10-30,56.29999923706055
2003-10-31,56.54999923706055
2003-11-03,56.95000076293945
2003-11-04,56.720001220703125
2003-11-05,56.709999084472656
2003-11-06,57.06999969482422
2003-11-07,56.77000045776367
2003-11-10,56.45000076293945
2003-11-11,56.439998626708984
2003-11-12,57.099998474121094
2003-11-13,57.130001068115234
2003-11-14,56.66999816894531
2003-11-17,56.349998474121094
2003-11-18,55.7599983215332
2003-11-19,56.22999954223633
2003-11-20,55.79999923706055
2003-11-21,55.900001525878906
2003-11-24,56.79999923706055
2003-11-25,56.90999984741211
2003-11-26,57.220001220703125
2003-11-28,57.279998779296875
2003-12-01,57.79999923706055
2003-12-02,57.7599983215332
2003-12-03,57.66999816894531
2003-12-04,57.810001373291016
2003-12-05,57.29999923706055
2003-12-08,57.7599983215332
2003-12-09,57.220001220703125
2003-12-10,57.119998931884766
2003-12-11,57.869998931884766
2003-12-12,57.689998626708984
2003-12-15,57.400001525878906
2003-12-16,57.630001068115234
2003-12-17,57.72999954223633
2003-12-18,58.41999816894531
2003-12-19,58.400001525878906
2003-12-22,58.56999969482422
2003-12-23,58.75
2003-12-24,58.709999084472656
2003-12-26,58.81999969482422
2003-12-29,59.560001373291016
2003-12-30,59.560001373291016
2003-12-31,59.59000015258789
2004-01-02,59.59000015258789
2004-01-05,60.16999816894531
2004-01-06,60.15999984741211
2004-01-07,60.45000076293945
2004-01-08,60.650001525878906
2004-01-09,60.119998931884766
2004-01-12,60.599998474121094
2004-01-13,60.20000076293945
2004-01-14,60.79999923706055
2004-01-15,60.709999084472656
2004-01-16,61.189998626708984
2004-01-20,61.22999954223633
2004-01-21,61.630001068115234
2004-01-22,61.47999954223633
2004-01-23,61.34000015258789
2004-01-26,62.06999969482422
2004-01-27,61.5099983215332
2004-01-28,60.619998931884766
2004-01-29,60.7599983215332
2004-01-30,60.810001373291016
2004-02-02,60.9900016784668
2004-02-03,60.90999984741211
2004-02-04,60.5
2004-02-05,60.58000183105469
2004-02-06,61.25
2004-02-09,61.25
2004-02-10,61.560001373291016
2004-02-11,62.13999938964844
2004-02-12,61.90999984741211
2004-02-13,61.650001525878906
2004-02-17,62.11000061035156
2004-02-18,61.95000076293945
2004-02-19,61.619998931884766
2004-02-20,61.4900016784668
2004-02-23,61.27000045776367
2004-02-24,61.18000030517578
2004-02-25,61.45000076293945
2004-02-26,61.5
2004-02-27,61.61000061035156
2004-03-01,62.150001525878906
2004-03-02,61.900001525878906
2004-03-03,61.90999984741211
2004-03-04,62.130001068115234
2004-03-05,62.380001068115234
2004-03-08,61.7400016784668
2004-03-09,61.529998779296875
2004-03-10,60.63999938964844
2004-03-11,59.560001373291016
2004-03-12,60.380001068115234
2004-03-15,59.599998474121094
2004-03-16,59.880001068115234
2004-03-17,60.599998474121094
2004-03-18,60.459999084472656
2004-03-19,59.779998779296875
2004-03-22,59.0099983215332
2004-03-23,59.04999923706055
2004-03-24,58.869998931884766
2004-03-25,59.77000045776367
2004-03-26,59.650001525878906
2004-03-29,60.209999084472656
2004-03-30,60.54999923706055
2004-03-31,60.5
2004-04-01,60.93000030517578
2004-04-02,61.400001525878906
2004-04-05,61.849998474121094
2004-04-06,61.65999984741211
2004-04-07,61.27000045776367
2004-04-08,61.2599983215332
2004-04-12,61.54999923706055
2004-04-13,60.689998626708984
2004-04-14,60.529998779296875
2004-04-15,60.650001525878906
2004-04-16,60.900001525878906
2004-04-19,60.959999084472656
2004-04-20,60.130001068115234
2004-04-21,60.29999923706055
2004-04-22,61.31999969482422
2004-04-23,61.20000076293945
2004-04-26,60.91999816894531
2004-04-27,61.11000061035156
2004-04-28,60.31999969482422
2004-04-29,59.849998474121094
2004-04-30,59.40999984741211
2004-05-03,60.02000045776367
2004-05-04,60.150001525878906
2004-05-05,60.25
2004-05-06,59.93000030517578
2004-05-07,58.9900016784668
2004-05-10,58.34000015258789
2004-05-11,58.849998474121094
2004-05-12,58.81999969482422
2004-05-13,58.86000061035156
2004-05-14,58.81999969482422
2004-05-17,58.20000076293945
2004-05-18,58.65999984741211
2004-05-19,58.54999923706055
2004-05-20,58.54999923706055
2004-05-21,58.779998779296875
2004-05-24,58.880001068115234
2004-05-25,59.790000915527344
2004-05-26,60.06999969482422
2004-05-27,60.16999816894531
2004-05-28,60.2400016784668
2004-06-01,60.25
2004-06-02,60.61000061035156
2004-06-03,60.04999923706055
2004-06-04,60.43000030517578
2004-06-07,61.29999923706055
2004-06-08,61.38999938964844
2004-06-09,60.880001068115234
2004-06-10,61.060001373291016
2004-06-14,60.43000030517578
2004-06-15,60.81999969482422
2004-06-16,60.900001525878906
2004-06-17,60.90999984741211
2004-06-18,61.0
2004-06-21,60.70000076293945
2004-06-22,60.91999816894531
2004-06-23,61.529998779296875
2004-06-24,61.34000015258789
2004-06-25,60.689998626708984
2004-06-28,60.52000045776367
2004-06-29,60.810001373291016
2004-06-30,61.119998931884766
2004-07-01,60.41999816894531
2004-07-02,60.2400016784668
2004-07-06,59.849998474121094
2004-07-07,59.869998931884766
2004-07-08,59.47999954223633
2004-07-09,59.599998474121094
2004-07-12,59.66999816894531
2004-07-13,59.68000030517578
2004-07-14,59.5099983215332
2004-07-15,59.130001068115234
2004-07-16,58.9900016784668
2004-07-19,58.880001068115234
2004-07-20,59.38999938964844
2004-07-21,58.349998474121094
2004-07-22,58.709999084472656
2004-07-23,58.20000076293945
2004-07-26,57.88999938964844
2004-07-27,58.529998779296875
2004-07-28,58.5
2004-07-29,58.77000045776367
2004-07-30,59.06999969482422
2004-08-02,59.25
2004-08-03,58.68000030517578
2004-08-04,58.72999954223633
2004-08-05,57.70000076293945
2004-08-06,56.91999816894531
2004-08-09,56.959999084472656
2004-08-10,57.630001068115234
2004-08-11,57.58000183105469
2004-08-12,56.880001068115234
2004-08-13,56.900001525878906
2004-08-16,57.7400016784668
2004-08-17,57.95000076293945
2004-08-18,58.650001525878906
2004-08-19,58.38999938964844
2004-08-20,58.84000015258789
2004-08-23,58.72999954223633
2004-08-24,58.72999954223633
2004-08-25,59.2400016784668
2004-08-26,59.20000076293945
2004-08-27,59.439998626708984
2004-08-30,58.9900016784668
2004-08-31,59.209999084472656
2004-09-01,59.290000915527344
2004-09-02,60.0099983215332
2004-09-03,59.7599983215332
2004-09-07,60.130001068115234
2004-09-08,59.880001068115234
2004-09-09,59.959999084472656
2004-09-10,60.310001373291016
2004-09-13,60.459999084472656
2004-09-14,60.630001068115234
2004-09-15,60.130001068115234
2004-09-16,60.38999938964844
2004-09-17,60.61000061035156
2004-09-20,60.349998474121094
2004-09-21,60.689998626708984
2004-09-22,59.900001525878906
2004-09-23,59.68000030517578
2004-09-24,59.459999084472656
2004-09-27,59.13999938964844
2004-09-28,59.40999984741211
2004-09-29,59.650001525878906
2004-09-30,59.65999984741211
2004-10-01,60.630001068115234
2004-10-04,60.849998474121094
2004-10-05,60.81999969482422
2004-10-06,61.189998626708984
2004-10-07,60.5099983215332
2004-10-08,60.04999923706055
2004-10-11,60.15999984741211
2004-10-12,60.150001525878906
2004-10-13,59.720001220703125
2004-10-14,59.13999938964844
2004-10-15,59.459999084472656
2004-10-18,59.709999084472656
2004-10-19,59.150001525878906
2004-10-20,59.2599983215332
2004-10-21,59.439998626708984
2004-10-22,58.880001068115234
2004-10-25,58.83000183105469
2004-10-26,59.630001068115234
2004-10-27,60.470001220703125
2004-10-28,60.5
2004-10-29,60.650001525878906
2004-11-01,60.68000030517578
2004-11-02,60.70000076293945
2004-11-03,61.38999938964844
2004-11-04,62.27000045776367
2004-11-05,62.59000015258789
2004-11-08,62.5099983215332
2004-11-09,62.560001373291016
2004-11-10,62.52000045776367
2004-11-11,63.09000015258789
2004-11-12,63.599998474121094
2004-11-15,63.66999816894531
2004-11-16,63.31999969482422
2004-11-17,63.52000045776367
2004-11-18,63.720001220703125
2004-11-19,62.91999816894531
2004-11-22,63.22999954223633
2004-11-23,63.290000915527344
2004-11-24,63.59000015258789
2004-11-26,63.83000183105469
2004-11-29,63.279998779296875
2004-11-30,63.310001373291016
2004-12-01,64.22000122070312
2004-12-02,64.13999938964844
2004-12-03,64.23999786376953
2004-12-06,64.16000366210938
2004-12-07,63.43000030517578
2004-12-08,63.84000015258789
2004-12-09,64.05999755859375
2004-12-10,64.05000305175781
2004-12-13,64.62000274658203
2004-12-14,64.94999694824219
2004-12-15,65.05000305175781
2004-12-16,65.0
2004-12-17,64.54000091552734
2004-12-20,64.62000274658203
2004-12-21,65.11000061035156
2004-12-22,65.37000274658203
2004-12-23,65.01000213623047
2004-12-27,64.76000213623047
2004-12-28,65.18000030517578
2004-12-29,65.22000122070312
2004-12-30,65.26000213623047
2004-12-31,64.94000244140625
2005-01-03,64.51000213623047
2005-01-04,63.77000045776367
2005-01-05,63.59000015258789
2005-01-06,63.720001220703125
2005-01-07,63.61000061035156
2005-01-10,63.72999954223633
2005-01-11,63.5099983215332
2005-01-12,63.709999084472656
2005-01-13,63.25
2005-01-14,63.61000061035156
2005-01-18,64.23999786376953
2005-01-19,63.59000015258789
2005-01-20,63.220001220703125
2005-01-21,62.75
2005-01-24,62.630001068115234
2005-01-25,62.810001373291016
2005-01-26,63.04999923706055
2005-01-27,63.119998931884766
2005-01-28,63.0
2005-01-31,63.52000045776367
2005-02-01,63.91999816894531
2005-02-02,64.18000030517578
2005-02-03,64.02999877929688
2005-02-04,64.72000122070312
2005-02-07,64.66000366210938
2005-02-08,64.69999694824219
2005-02-09,64.2300033569336
2005-02-10,64.4800033569336
2005-02-11,64.87000274658203
2005-02-14,64.98999786376953
2005-02-15,65.16999816894531
2005-02-16,65.2300033569336
2005-02-17,64.75
2005-02-18,64.77999877929688
2005-02-22,63.86000061035156
2005-02-23,64.19999694824219
2005-02-24,64.66999816894531
2005-02-25,65.33999633789062
2005-02-28,64.87999725341797
2005-03-01,65.30999755859375
2005-03-02,65.30999755859375
2005-03-03,65.2699966430664
2005-03-04,65.91999816894531
2005-03-07,66.1500015258789
2005-03-08,65.80999755859375
2005-03-09,65.12999725341797
2005-03-10,65.22000122070312
2005-03-11,64.87999725341797
2005-03-14,65.27999877929688
2005-03-15,64.83999633789062
2005-03-16,64.2699966430664
2005-03-17,64.3499984741211
2005-03-18,64.26000213623047
2005-03-21,64.01000213623047
2005-03-22,63.38999938964844
2005-03-23,63.439998626708984
2005-03-24,63.0
2005-03-28,63.09000015258789
2005-03-29,62.58000183105469
2005-03-30,63.439998626708984
2005-03-31,63.470001220703125
2005-04-01,63.150001525878906
2005-04-04,63.220001220703125
2005-04-05,63.52000045776367
2005-04-06,63.599998474121094
2005-04-07,64.0199966430664
2005-04-08,63.38999938964844
2005-04-11,63.470001220703125
2005-04-12,63.790000915527344
2005-04-13,63.119998931884766
2005-04-14,62.29999923706055
2005-04-15,61.439998626708984
2005-04-18,61.630001068115234
2005-04-19,62.08000183105469
2005-04-20,61.20000076293945
2005-04-21,62.380001068115234
2005-04-22,62.099998474121094
2005-04-25,62.599998474121094
2005-04-26,62.099998474121094
2005-04-27,62.18000030517578
2005-04-28,61.5
2005-04-29,62.29999923706055
2005-05-02,62.5
2005-05-03,62.529998779296875
2005-05-04,63.27000045776367
2005-05-05,63.119998931884766
2005-05-06,63.099998474121094
2005-05-09,63.54999923706055
2005-05-10,62.810001373291016
2005-05-11,63.18000030517578
2005-05-12,62.58000183105469
2005-05-13,62.29999923706055
2005-05-16,62.900001525878906
2005-05-17,63.29999923706055
2005-05-18,64.0999984741211
2005-05-19,64.33999633789062
2005-05-20,64.19999694824219
2005-05-23,64.58999633789062
2005-05-24,64.5199966430664
2005-05-25,64.30999755859375
2005-05-26,64.72000122070312
2005-05-27,64.83000183105469
2005-05-31,64.44999694824219
2005-06-01,65.05000305175781
2005-06-02,65.12000274658203
2005-06-03,64.83000183105469
2005-06-06,64.80999755859375
2005-06-07,64.88999938964844
2005-06-08,64.81999969482422
2005-06-09,65.05999755859375
2005-06-10,64.88999938964844
2005-06-13,65.08000183105469
2005-06-14,65.26000213623047
2005-06-15,65.30000305175781
2005-06-16,65.6500015258789
2005-06-17,65.94999694824219
2005-06-20,65.70999908447266
2005-06-21,65.55000305175781
2005-06-22,65.80999755859375
2005-06-23,64.94999694824219
2005-06-24,64.4000015258789
2005-06-27,64.5
2005-06-28,64.9800033569336
2005-06-29,64.9800033569336
2005-06-30,64.45999908447266
2005-07-01,64.86000061035156
2005-07-05,65.33999633789062
2005-07-06,64.72000122070312
2005-07-07,64.94000244140625
2005-07-08,65.83999633789062
2005-07-11,66.13999938964844
2005-07-12,66.30999755859375
2005-07-13,66.4000015258789
2005-07-14,66.45999908447266
2005-07-15,66.52999877929688
2005-07-18,66.3499984741211
2005-07-19,66.72000122070312
2005-07-20,66.9800033569336
2005-07-21,66.54000091552734
2005-07-22,66.93000030517578
2005-07-25,66.76000213623047
2005-07-26,66.73999786376953
2005-07-27,67.13999938964844
2005-07-28,67.47000122070312
2005-07-29,67.0999984741211
2005-08-01,67.02999877929688
2005-08-02,67.55999755859375
2005-08-03,67.61000061035156
2005-08-04,67.16000366210938
2005-08-05,66.66000366210938
2005-08-08,66.27999877929688
2005-08-09,66.77999877929688
2005-08-10,66.79000091552734
2005-08-11,67.12999725341797
2005-08-12,66.62000274658203
2005-08-15,67.01000213623047
2005-08-16,66.30000305175781
2005-08-17,66.30000305175781
2005-08-18,66.1500015258789
2005-08-19,66.2300033569336
2005-08-22,66.37999725341797
2005-08-23,66.31999969482422
2005-08-24,65.80999755859375
2005-08-25,65.88999938964844
2005-08-26,65.48999786376953
2005-08-29,66.0
2005-08-30,65.6500015258789
2005-08-31,66.48999786376953
2005-09-01,66.45999908447266
2005-09-02,66.43000030517578
2005-09-06,67.19999694824219
2005-09-07,67.30999755859375
2005-09-08,67.04000091552734
2005-09-09,67.6500015258789
2005-09-12,67.61000061035156
2005-09-13,67.05999755859375
2005-09-14,66.95999908447266
2005-09-15,66.83999633789062
2005-09-16,67.36000061035156
2005-09-19,67.08000183105469
2005-09-20,66.4800033569336
2005-09-21,65.8499984741211
2005-09-22,66.1500015258789
2005-09-23,65.8499984741211
2005-09-26,65.91000366210938
2005-09-27,66.0199966430664
2005-09-28,66.08000183105469
2005-09-29,66.45999908447266
2005-09-30,66.88999938964844
2005-10-03,66.76000213623047
2005-10-04,65.93000030517578
2005-10-05,65.05000305175781
2005-10-06,64.79000091552734
2005-10-07,64.9800033569336
2005-10-10,64.44999694824219
2005-10-11,64.33000183105469
2005-10-12,63.7400016784668
2005-10-13,63.70000076293945
2005-10-14,64.30000305175781
2005-10-17,64.62999725341797
2005-10-18,63.880001068115234
2005-10-19,64.9000015258789
2005-10-20,63.88999938964844
2005-10-21,64.08000183105469
2005-10-24,65.19000244140625
2005-10-25,64.95999908447266
2005-10-26,64.75
2005-10-27,64.08000183105469
2005-10-28,64.91999816894531
2005-10-31,65.38999938964844
2005-11-01,65.38999938964844
2005-11-02,66.12000274658203
2005-11-03,66.29000091552734
2005-11-04,66.36000061035156
2005-11-07,66.37999725341797
2005-11-08,66.33999633789062
2005-11-09,66.33000183105469
2005-11-10,66.9800033569336
2005-11-11,67.08999633789062
2005-11-14,67.16999816894531
2005-11-15,66.80999755859375
2005-11-16,66.98999786376953
2005-11-17,67.55999755859375
2005-11-18,67.9000015258789
2005-11-21,68.33000183105469
2005-11-22,68.62999725341797
2005-11-23,68.97000122070312
2005-11-25,69.04000091552734
2005-11-28,68.48999786376953
2005-11-29,68.4800033569336
2005-11-30,68.01000213623047
2005-12-01,68.8499984741211
2005-12-02,68.91999816894531
2005-12-05,68.79000091552734
2005-12-06,68.73999786376953
2005-12-07,68.52999877929688
2005-12-08,68.48999786376953
2005-12-09,68.62999725341797
2005-12-12,68.77999877929688
2005-12-13,69.0
2005-12-14,69.38999938964844
2005-12-15,69.22000122070312
2005-12-16,69.08000183105469
2005-12-19,68.54000091552734
2005-12-20,68.58000183105469
2005-12-21,68.7699966430664
2005-12-22,68.81999969482422
2005-12-23,68.87000274658203
2005-12-27,68.23999786376953
2005-12-28,68.33000183105469
2005-12-29,68.06999969482422
2005-12-30,67.69999694824219
2006-01-03,68.8499984741211
2006-01-04,69.12000274658203
2006-01-05,69.18000030517578
2006-01-06,69.75
2006-01-09,70.05999755859375
2006-01-10,70.02999877929688
2006-01-11,70.30999755859375
2006-01-12,70.02999877929688
2006-01-13,69.94999694824219
2006-01-17,69.79000091552734
2006-01-18,69.56999969482422
2006-01-19,69.81999969482422
2006-01-20,68.56999969482422
2006-01-23,68.69999694824219
2006-01-24,68.88999938964844
2006-01-25,68.80999755859375
2006-01-26,69.27999877929688
2006-01-27,69.80000305175781
2006-01-30,69.88999938964844
2006-01-31,69.37000274658203
2006-02-01,69.80000305175781
2006-02-02,69.26000213623047
2006-02-03,68.77999877929688
2006-02-06,68.87000274658203
2006-02-07,68.29000091552734
2006-02-08,68.81999969482422
2006-02-09,68.76000213623047
2006-02-10,68.94999694824219
2006-02-13,68.69999694824219
2006-02-14,69.30999755859375
2006-02-15,69.58000183105469
2006-02-16,70.0999984741211
2006-02-17,70.0199966430664
2006-02-21,69.94000244140625
2006-02-22,70.26000213623047
2006-02-23,70.13999938964844
2006-02-24,70.33000183105469
2006-02-27,70.44999694824219
2006-02-28,69.83999633789062
2006-03-01,70.3499984741211
2006-03-02,70.37999725341797
2006-03-03,70.20999908447266
2006-03-06,69.72000122070312
2006-03-07,69.5
2006-03-08,69.7300033569336
2006-03-09,69.38999938964844
2006-03-10,69.86000061035156
2006-03-13,70.02999877929688
2006-03-14,70.73999786376953
2006-03-15,71.08999633789062
2006-03-16,71.22000122070312
2006-03-17,71.2699966430664
2006-03-20,71.20999908447266
2006-03-21,70.66999816894531
2006-03-22,71.18000030517578
2006-03-23,71.05999755859375
2006-03-24,70.83000183105469
2006-03-27,70.75
2006-03-28,70.37999725341797
2006-03-29,70.95999908447266
2006-03-30,70.76000213623047
2006-03-31,70.69000244140625
2006-04-03,70.66999816894531
2006-04-04,71.08000183105469
2006-04-05,71.4000015258789
2006-04-06,71.20999908447266
2006-04-07,70.61000061035156
2006-04-10,70.63999938964844
2006-04-11,70.02999877929688
2006-04-12,70.1500015258789
2006-04-13,70.25
2006-04-17,70.08999633789062
2006-04-18,71.19000244140625
2006-04-19,71.41000366210938
2006-04-20,71.45999908447266
2006-04-21,71.4000015258789
2006-04-24,71.2300033569336
2006-04-25,70.94999694824219
2006-04-26,71.12999725341797
2006-04-27,71.38999938964844
2006-04-28,71.41999816894531
2006-05-01,71.0999984741211
2006-05-02,71.48999786376953
2006-05-03,71.23999786376953
2006-05-04,71.41000366210938
2006-05-05,72.2699966430664
2006-05-08,72.19999694824219
2006-05-09,72.1500015258789
2006-05-10,72.04000091552734
2006-05-11,71.16000366210938
2006-05-12,70.30999755859375
2006-05-15,70.51000213623047
2006-05-16,70.33999633789062
2006-05-17,69.04000091552734
2006-05-18,68.81999969482422
2006-05-19,69.02999877929688
2006-05-22,68.70999908447266
2006-05-23,68.1500015258789
2006-05-24,68.5199966430664
2006-05-25,69.31999969482422
2006-05-26,69.75
2006-05-30,68.4800033569336
2006-05-31,69.2300033569336
2006-06-01,70.13999938964844
2006-06-02,70.30999755859375
2006-06-05,69.0
2006-06-06,68.95999908447266
2006-06-07,68.5
2006-06-08,68.5199966430664
2006-06-09,68.19999694824219
2006-06-12,67.37999725341797
2006-06-13,66.56999969482422
2006-06-14,66.94999694824219
2006-06-15,68.54000091552734
2006-06-16,68.13999938964844
2006-06-19,67.55999755859375
2006-06-20,67.63999938964844
2006-06-21,68.26000213623047
2006-06-22,67.69999694824219
2006-06-23,67.76000213623047
2006-06-26,68.0199966430664
2006-06-27,67.45999908447266
2006-06-28,67.69000244140625
2006-06-29,69.12999725341797
2006-06-30,69.0999984741211
2006-07-03,69.5199966430664
2006-07-05,68.98999786376953
2006-07-06,69.23999786376953
2006-07-07,68.83000183105469
2006-07-10,68.91999816894531
2006-07-11,69.08000183105469
2006-07-12,68.33000183105469
2006-07-13,67.3499984741211
2006-07-14,67.13999938964844
2006-07-17,66.9800033569336
2006-07-18,67.12999725341797
2006-07-19,68.31999969482422
2006-07-20,67.66999816894531
2006-07-21,67.16000366210938
2006-07-24,68.33000183105469
2006-07-25,68.7300033569336
2006-07-26,68.72000122070312
2006-07-27,68.45999908447266
2006-07-28,69.29000091552734
2006-07-31,69.18000030517578
2006-08-01,68.9000015258789
2006-08-02,69.25
2006-08-03,69.47000122070312
2006-08-04,69.44000244140625
2006-08-07,69.19999694824219
2006-08-08,68.93000030517578
2006-08-09,68.63999938964844
2006-08-10,68.98999786376953
2006-08-11,68.68000030517578
2006-08-14,68.79000091552734
2006-08-15,69.76000213623047
2006-08-16,70.25
2006-08-17,70.41999816894531
2006-08-18,70.6500015258789
2006-08-21,70.43000030517578
2006-08-22,70.43000030517578
2006-08-23,70.16999816894531
2006-08-24,70.29000091552734
2006-08-25,70.31999969482422
2006-08-28,70.63999938964844
2006-08-29,70.80999755859375
2006-08-30,70.79000091552734
2006-08-31,70.87000274658203
2006-09-01,71.19000244140625
2006-09-05,71.37000274658203
2006-09-06,70.5999984741211
2006-09-07,70.29000091552734
2006-09-08,70.52999877929688
2006-09-11,70.62999725341797
2006-09-12,71.36000061035156
2006-09-13,71.68000030517578
2006-09-14,71.61000061035156
2006-09-15,71.68000030517578
2006-09-18,71.7300033569336
2006-09-19,71.61000061035156
2006-09-20,72.02999877929688
2006-09-21,71.66000366210938
2006-09-22,71.44999694824219
2006-09-25,72.0
2006-09-26,72.30000305175781
2006-09-27,72.27999877929688
2006-09-28,72.36000061035156
2006-09-29,72.23999786376953
2006-10-02,71.98999786376953
2006-10-03,72.05000305175781
2006-10-04,72.94000244140625
2006-10-05,73.25
2006-10-06,73.0999984741211
2006-10-09,73.18000030517578
2006-10-10,73.33999633789062
2006-10-11,73.16999816894531
2006-10-12,73.83000183105469
2006-10-13,74.06999969482422
2006-10-16,74.22000122070312
2006-10-17,73.95999908447266
2006-10-18,74.05999755859375
2006-10-19,74.04000091552734
2006-10-20,74.0999984741211
2006-10-23,74.52999877929688
2006-10-24,74.6500015258789
2006-10-25,74.80999755859375
2006-10-26,75.19999694824219
2006-10-27,74.68000030517578
2006-10-30,74.6500015258789
2006-10-31,74.58999633789062
2006-11-01,74.0999984741211
2006-11-02,73.94999694824219
2006-11-03,73.94000244140625
2006-11-06,74.79000091552734
2006-11-07,74.95999908447266
2006-11-08,75.16999816894531
2006-11-09,74.79000091552734
2006-11-10,74.94999694824219
2006-11-13,75.16000366210938
2006-11-14,75.66999816894531
2006-11-15,75.91000366210938
2006-11-16,76.08999633789062
2006-11-17,76.05999755859375
2006-11-20,76.12000274658203
2006-11-21,76.05999755859375
2006-11-22,76.36000061035156
2006-11-24,76.25
2006-11-27,75.11000061035156
2006-11-28,75.4000015258789
2006-11-29,76.16000366210938
2006-11-30,76.12000274658203
2006-12-01,76.0
2006-12-04,76.76000213623047
2006-12-05,77.08000183105469
2006-12-06,76.9800033569336
2006-12-07,76.73999786376953
2006-12-08,76.73999786376953
2006-12-11,76.95999908447266
2006-12-12,76.87000274658203
2006-12-13,76.9800033569336
2006-12-14,77.55999755859375
2006-12-15,77.56999969482422
2006-12-18,77.37000274658203
2006-12-19,77.5
2006-12-20,77.08999633789062
2006-12-21,76.8499984741211
2006-12-22,76.4000015258789
2006-12-26,76.86000061035156
2006-12-27,77.36000061035156
2006-12-28,77.18000030517578
2006-12-29,76.83999633789062
2007-01-03,76.80000305175781
2007-01-04,76.91000366210938
2007-01-05,76.44999694824219
2007-01-08,76.66999816894531
2007-01-09,76.5999984741211
2007-01-10,76.81999969482422
2007-01-11,77.45999908447266
2007-01-12,77.9000015258789
2007-01-16,77.8499984741211
2007-01-17,77.83000183105469
2007-01-18,77.62999725341797
2007-01-19,77.79000091552734
2007-01-22,77.38999938964844
2007-01-23,77.70999908447266
2007-01-24,78.30999755859375
2007-01-25,77.4800033569336
2007-01-26,77.43000030517578
2007-01-29,77.37000274658203
2007-01-30,77.77999877929688
2007-01-31,78.27999877929688
2007-02-01,78.79000091552734
2007-02-02,78.9800033569336
2007-02-05,78.88999938964844
2007-02-06,78.94999694824219
2007-02-07,79.18000030517578
2007-02-08,79.0199966430664
2007-02-09,78.5
2007-02-12,78.18000030517578
2007-02-13,78.80999755859375
2007-02-14,79.4000015258789
2007-02-15,79.55000305175781
2007-02-16,79.52999877929688
2007-02-20,79.77999877929688
2007-02-21,79.70999908447266
2007-02-22,79.66999816894531
2007-02-23,79.38999938964844
2007-02-26,79.18000030517578
2007-02-27,76.30000305175781
2007-02-28,76.97000122070312
2007-03-01,76.81999969482422
2007-03-02,75.81999969482422
2007-03-05,74.93000030517578
2007-03-06,76.25
2007-03-07,76.02999877929688
2007-03-08,76.73999786376953
2007-03-09,76.70999908447266
2007-03-12,76.91000366210938
2007-03-13,75.4800033569336
2007-03-14,75.81999969482422
2007-03-15,75.6500015258789
2007-03-16,75.79000091552734
2007-03-19,76.69999694824219
2007-03-20,77.19000244140625
2007-03-21,78.44000244140625
2007-03-22,78.51000213623047
2007-03-23,78.2699966430664
2007-03-26,78.22000122070312
2007-03-27,77.80999755859375
2007-03-28,77.23999786376953
2007-03-29,77.5
2007-03-30,77.41999816894531
2007-04-02,77.62000274658203
2007-04-03,78.37000274658203
2007-04-04,78.43000030517578
2007-04-05,78.75
2007-04-09,78.81999969482422
2007-04-10,78.95999908447266
2007-04-11,78.5199966430664
2007-04-12,78.98999786376953
2007-04-13,79.22000122070312
2007-04-16,80.0199966430664
2007-04-17,80.08999633789062
2007-04-18,80.25
2007-04-19,80.27999877929688
2007-04-20,80.91000366210938
2007-04-23,80.72000122070312
2007-04-24,80.68000030517578
2007-04-25,81.37000274658203
2007-04-26,81.44000244140625
2007-04-27,81.33999633789062
2007-04-30,80.70999908447266
2007-05-01,80.91000366210938
2007-05-02,81.45999908447266
2007-05-03,81.87000274658203
2007-05-04,82.2300033569336
2007-05-07,82.18000030517578
2007-05-08,82.16000366210938
2007-05-09,82.44000244140625
2007-05-10,81.41000366210938
2007-05-11,82.12999725341797
2007-05-14,81.9000015258789
2007-05-15,81.7699966430664
2007-05-16,82.47000122070312
2007-05-17,82.41000366210938
2007-05-18,82.91999816894531
2007-05-21,83.06999969482422
2007-05-22,83.06999969482422
2007-05-23,82.98999786376953
2007-05-24,82.12999725341797
2007-05-25,82.6500015258789
2007-05-29,82.80999755859375
2007-05-30,83.52999877929688
2007-05-31,83.61000061035156
2007-06-01,83.93000030517578
2007-06-04,84.08000183105469
2007-06-05,83.61000061035156
2007-06-06,82.76000213623047
2007-06-07,81.37000274658203
2007-06-08,82.22000122070312
2007-06-11,82.52999877929688
2007-06-12,81.51000213623047
2007-06-13,82.66000366210938
2007-06-14,83.11000061035156
2007-06-15,83.62999725341797
2007-06-18,83.44999694824219
2007-06-19,83.63999938964844
2007-06-20,82.5199966430664
2007-06-21,83.08999633789062
2007-06-22,82.0
2007-06-25,81.62999725341797
2007-06-26,80.83000183105469
2007-06-27,82.05999755859375
2007-06-28,81.7300033569336
2007-06-29,81.70999908447266
2007-07-02,82.55999755859375
2007-07-03,82.86000061035156
2007-07-05,82.83999633789062
2007-07-06,83.30000305175781
2007-07-09,83.37999725341797
2007-07-10,82.1500015258789
2007-07-11,82.69000244140625
2007-07-12,84.19000244140625
2007-07-13,84.38999938964844
2007-07-16,84.31999969482422
2007-07-17,84.2300033569336
2007-07-18,84.05000305175781
2007-07-19,84.41999816894531
2007-07-20,83.47000122070312
2007-07-23,83.7699966430664
2007-07-24,82.37999725341797
2007-07-25,82.44999694824219
2007-07-26,80.51000213623047
2007-07-27,79.0
2007-07-30,80.12999725341797
2007-07-31,79.0999984741211
2007-08-01,79.66000366210938
2007-08-02,80.19999694824219
2007-08-03,77.87999725341797
2007-08-06,79.43000030517578
2007-08-07,80.13999938964844
2007-08-08,81.3499984741211
2007-08-09,78.9800033569336
2007-08-10,78.98999786376953
2007-08-13,78.75
2007-08-14,77.5
2007-08-15,76.44000244140625
2007-08-16,77.0
2007-08-17,78.4000015258789
2007-08-20,78.44999694824219
2007-08-21,78.62999725341797
2007-08-22,79.5
2007-08-23,79.47000122070312
2007-08-24,80.41000366210938
2007-08-27,79.6500015258789
2007-08-28,77.95999908447266
2007-08-29,79.5199966430664
2007-08-30,79.33999633789062
2007-08-31,80.0199966430664
2007-09-04,80.93000030517578
2007-09-05,80.18000030517578
2007-09-06,80.51000213623047
2007-09-07,79.29000091552734
2007-09-10,79.0999984741211
2007-09-11,80.13999938964844
2007-09-12,80.2699966430664
2007-09-13,80.7699966430664
2007-09-14,80.80000305175781
2007-09-17,80.44999694824219
2007-09-18,82.7300033569336
2007-09-19,83.30000305175781
2007-09-20,82.6500015258789
2007-09-21,82.94000244140625
2007-09-24,82.68000030517578
2007-09-25,82.37999725341797
2007-09-26,82.77999877929688
2007-09-27,83.19000244140625
2007-09-28,82.94000244140625
2007-10-01,83.9800033569336
2007-10-02,83.91000366210938
2007-10-03,83.6500015258789
2007-10-04,83.87999725341797
2007-10-05,84.69000244140625
2007-10-08,84.27999877929688
2007-10-09,85.05000305175781
2007-10-10,85.02999877929688
2007-10-11,84.62000274658203
2007-10-12,85.01000213623047
2007-10-15,84.30000305175781
2007-10-16,83.75
2007-10-17,83.94000244140625
2007-10-18,83.83000183105469
2007-10-19,81.58000183105469
2007-10-22,82.08999633789062
2007-10-23,82.66999816894531
2007-10-24,82.44999694824219
2007-10-25,82.44999694824219
2007-10-26,83.61000061035156
2007-10-29,83.8499984741211
2007-10-30,83.37000274658203
2007-10-31,84.2699966430664
2007-11-01,82.20999908447266
2007-11-02,82.33999633789062
2007-11-05,81.68000030517578
2007-11-06,82.73999786376953
2007-11-07,80.5
2007-11-08,80.2699966430664
2007-11-09,79.18000030517578
2007-11-12,78.29000091552734
2007-11-13,80.5999984741211
2007-11-14,80.25
2007-11-15,79.16000366210938
2007-11-16,79.41999816894531
2007-11-19,78.18000030517578
2007-11-20,78.5199966430664
2007-11-21,77.11000061035156
2007-11-23,78.43000030517578
2007-11-26,76.66999816894531
2007-11-27,77.87000274658203
2007-11-28,80.05000305175781
2007-11-29,80.0999984741211
2007-11-30,80.81999969482422
2007-12-03,80.23999786376953
2007-12-04,79.80999755859375
2007-12-05,81.01000213623047
2007-12-06,82.29000091552734
2007-12-07,82.12999725341797
2007-12-10,82.86000061035156
2007-12-11,80.83000183105469
2007-12-12,81.12999725341797
2007-12-13,81.30999755859375
2007-12-14,80.19000244140625
2007-12-17,78.9000015258789
2007-12-18,79.31999969482422
2007-12-19,79.2300033569336
2007-12-20,80.0199966430664
2007-12-21,81.04000091552734
2007-12-24,81.7699966430664
2007-12-26,81.83000183105469
2007-12-27,80.44999694824219
2007-12-28,80.12000274658203
2007-12-31,79.5999984741211
2008-01-02,78.70999908447266
2008-01-03,78.70999908447266
2008-01-04,76.87000274658203
2008-01-07,76.94000244140625
2008-01-08,75.48999786376953
2008-01-09,76.1500015258789
2008-01-10,76.95999908447266
2008-01-11,76.11000061035156
2008-01-14,76.6500015258789
2008-01-15,74.91000366210938
2008-01-16,74.51000213623047
2008-01-17,72.3499984741211
2008-01-18,71.93000030517578
2008-01-22,71.41999816894531
2008-01-23,72.70999908447266
2008-01-24,73.47000122070312
2008-01-25,72.43000030517578
2008-01-28,73.72000122070312
2008-01-29,74.08000183105469
2008-01-30,73.66000366210938
2008-01-31,74.93000030517578
2008-02-01,76.01000213623047
2008-02-04,75.30000305175781
2008-02-05,73.04000091552734
2008-02-06,72.4000015258789
2008-02-07,72.94999694824219
2008-02-08,72.72000122070312
2008-02-11,73.1500015258789
2008-02-12,73.66000366210938
2008-02-13,74.62000274658203
2008-02-14,73.66000366210938
2008-02-15,73.73999786376953
2008-02-19,73.70999908447266
2008-02-20,74.3499984741211
2008-02-21,73.37999725341797
2008-02-22,74.05000305175781
2008-02-25,75.02999877929688
2008-02-26,75.58000183105469
2008-02-27,75.37999725341797
2008-02-28,74.76000213623047
2008-02-29,72.80000305175781
2008-03-03,72.87000274658203
2008-03-04,72.55999755859375
2008-03-05,72.95999908447266
2008-03-06,71.41000366210938
2008-03-07,70.80000305175781
2008-03-10,69.69999694824219
2008-03-11,72.08000183105469
2008-03-12,71.48999786376953
2008-03-13,71.83999633789062
2008-03-14,70.54000091552734
2008-03-17,69.73999786376953
2008-03-18,72.62999725341797
2008-03-19,70.9000015258789
2008-03-20,72.47000122070312
2008-03-24,73.29000091552734
2008-03-25,73.52999877929688
2008-03-26,72.9800033569336
2008-03-27,72.16000366210938
2008-03-28,71.52999877929688
2008-03-31,71.9800033569336
2008-04-01,74.44999694824219
2008-04-02,74.48999786376953
2008-04-03,74.61000061035156
2008-04-04,74.66000366210938
2008-04-07,74.80000305175781
2008-04-08,74.5
2008-04-09,73.87999725341797
2008-04-10,74.18000030517578
2008-04-11,72.80000305175781
2008-04-14,72.5199966430664
2008-04-15,72.87999725341797
2008-04-16,74.37999725341797
2008-04-17,74.75
2008-04-18,75.83999633789062
2008-04-21,75.68000030517578
2008-04-22,75.0999984741211
2008-04-23,75.23999786376953
2008-04-24,75.73999786376953
2008-04-25,76.23999786376953
2008-04-28,76.22000122070312
2008-04-29,75.93000030517578
2008-04-30,75.55000305175781
2008-05-01,76.9000015258789
2008-05-02,77.06999969482422
2008-05-05,76.77999877929688
2008-05-06,77.38999938964844
2008-05-07,76.08000183105469
2008-05-08,76.38999938964844
2008-05-09,76.01000213623047
2008-05-12,76.77999877929688
2008-05-13,76.88999938964844
2008-05-14,77.16000366210938
2008-05-15,77.98999786376953
2008-05-16,78.18000030517578
2008-05-19,78.20999908447266
2008-05-20,77.58000183105469
2008-05-21,76.3499984741211
2008-05-22,76.44000244140625
2008-05-23,75.51000213623047
2008-05-27,76.04000091552734
2008-05-28,76.44999694824219
2008-05-29,76.77999877929688
2008-05-30,76.8499984741211
2008-06-02,76.19999694824219
2008-06-03,75.83000183105469
2008-06-04,75.81999969482422
2008-06-05,77.27999877929688
2008-06-06,75.05000305175781
2008-06-09,75.11000061035156
2008-06-10,74.83000183105469
2008-06-11,73.62000274658203
2008-06-12,73.9000015258789
2008-06-13,74.87999725341797
2008-06-16,74.95999908447266
2008-06-17,74.51000213623047
2008-06-18,73.91000366210938
2008-06-19,74.12999725341797
2008-06-20,72.73999786376953
2008-06-23,72.77999877929688
2008-06-24,72.43000030517578
2008-06-25,72.86000061035156
2008-06-26,70.79000091552734
2008-06-27,70.69999694824219
2008-06-30,70.45999908447266
2008-07-01,70.86000061035156
2008-07-02,69.16000366210938
2008-07-03,69.02999877929688
2008-07-07,68.33999633789062
2008-07-08,69.69000244140625
2008-07-09,68.19000244140625
2008-07-10,68.55999755859375
2008-07-11,68.04000091552734
2008-07-14,67.30999755859375
2008-07-15,66.5199966430664
2008-07-16,68.2300033569336
2008-07-17,69.0
2008-07-18,69.02999877929688
2008-07-21,69.08000183105469
2008-07-22,69.94999694824219
2008-07-23,70.16999816894531
2008-07-24,68.6500015258789
2008-07-25,68.83999633789062
2008-07-28,67.66999816894531
2008-07-29,69.20999908447266
2008-07-30,70.30000305175781
2008-07-31,69.47000122070312
2008-08-01,69.13999938964844
2008-08-04,68.36000061035156
2008-08-05,70.18000030517578
2008-08-06,70.6500015258789
2008-08-07,69.4000015258789
2008-08-08,70.9000015258789
2008-08-11,71.4000015258789
2008-08-12,70.58999633789062
2008-08-13,70.47000122070312
2008-08-14,70.91000366210938
2008-08-15,71.13999938964844
2008-08-18,70.16000366210938
2008-08-19,69.51000213623047
2008-08-20,69.93000030517578
2008-08-21,70.0
2008-08-22,70.79000091552734
2008-08-25,69.51000213623047
2008-08-26,69.69999694824219
2008-08-27,70.20999908447266
2008-08-28,71.29000091552734
2008-08-29,70.43000030517578
2008-09-02,69.94999694824219
2008-09-03,69.8499984741211
2008-09-04,67.75
2008-09-05,68.11000061035156
2008-09-08,69.36000061035156
2008-09-09,66.91999816894531
2008-09-10,67.33000183105469
2008-09-11,68.31999969482422
2008-09-12,68.52999877929688
2008-09-15,65.58000183105469
2008-09-16,66.43000030517578
2008-09-17,63.38999938964844
2008-09-18,65.93000030517578
2008-09-19,68.62000274658203
2008-09-22,66.2699966430664
2008-09-23,65.20999908447266
2008-09-24,65.23999786376953
2008-09-25,66.29000091552734
2008-09-26,66.0
2008-09-29,61.45000076293945
2008-09-30,63.560001373291016
2008-10-01,63.099998474121094
2008-10-02,60.459999084472656
2008-10-03,59.68000030517578
2008-10-06,57.41999816894531
2008-10-07,54.130001068115234
2008-10-08,53.34000015258789
2008-10-09,49.90999984741211
2008-10-10,48.88999938964844
2008-10-13,54.45000076293945
2008-10-14,54.08000183105469
2008-10-15,49.0099983215332
2008-10-16,51.16999816894531
2008-10-17,51.09000015258789
2008-10-20,53.310001373291016
2008-10-21,51.689998626708984
2008-10-22,48.560001373291016
2008-10-23,49.43000030517578
2008-10-24,47.09000015258789
2008-10-27,45.90999984741211
2008-10-28,50.380001068115234
2008-10-29,49.880001068115234
2008-10-30,51.61000061035156
2008-10-31,52.66999816894531
2008-11-03,52.290000915527344
2008-11-04,54.31999969482422
2008-11-05,51.45000076293945
2008-11-06,49.099998474121094
2008-11-07,50.220001220703125
2008-11-10,49.720001220703125
2008-11-11,48.529998779296875
2008-11-12,46.119998931884766
2008-11-13,49.470001220703125
2008-11-14,47.16999816894531
2008-11-17,46.0099983215332
2008-11-18,46.31999969482422
2008-11-19,43.529998779296875
2008-11-20,40.720001220703125
2008-11-21,42.91999816894531
2008-11-24,45.54999923706055
2008-11-25,46.09000015258789
2008-11-26,47.810001373291016
2008-11-28,48.2599983215332
2008-12-01,44.11000061035156
2008-12-02,45.91999816894531
2008-12-03,46.88999938964844
2008-12-04,45.709999084472656
2008-12-05,47.36000061035156
2008-12-08,49.029998779296875
2008-12-09,48.09000015258789
2008-12-10,48.65999984741211
2008-12-11,47.349998474121094
2008-12-12,47.720001220703125
2008-12-15,47.099998474121094
2008-12-16,49.52000045776367
2008-12-17,49.040000915527344
2008-12-18,48.11000061035156
2008-12-19,47.95000076293945
2008-12-22,47.36000061035156
2008-12-23,46.63999938964844
2008-12-24,46.880001068115234
2008-12-26,47.220001220703125
2008-12-29,47.119998931884766
2008-12-30,48.22999954223633
2008-12-31,48.869998931884766
2009-01-02,50.310001373291016
2009-01-05,50.380001068115234
2009-01-06,50.68000030517578
2009-01-07,49.290000915527344
2009-01-08,49.4900016784668
2009-01-09,48.41999816894531
2009-01-12,47.220001220703125
2009-01-13,47.310001373291016
2009-01-14,45.84000015258789
2009-01-15,45.939998626708984
2009-01-16,46.29999923706055
2009-01-20,43.810001373291016
2009-01-21,45.70000076293945
2009-01-22,44.93000030517578
2009-01-23,45.06999969482422
2009-01-26,45.40999984741211
2009-01-27,45.90999984741211
2009-01-28,47.45000076293945
2009-01-29,45.970001220703125
2009-01-30,44.9900016784668
2009-02-02,44.84000015258789
2009-02-03,45.470001220703125
2009-02-04,45.29999923706055
2009-02-05,46.0099983215332
2009-02-06,47.34000015258789
2009-02-09,47.439998626708984
2009-02-10,45.209999084472656
2009-02-11,45.47999954223633
2009-02-12,45.58000183105469
2009-02-13,45.130001068115234
2009-02-17,43.18000030517578
2009-02-18,43.09000015258789
2009-02-19,42.63999938964844
2009-02-20,42.119998931884766
2009-02-23,40.66999816894531
2009-02-24,42.119998931884766
2009-02-25,41.790000915527344
2009-02-26,41.13999938964844
2009-02-27,40.290000915527344
2009-03-02,38.40999984741211
2009-03-03,38.119998931884766
2009-03-04,39.060001373291016
2009-03-05,37.43000030517578
2009-03-06,37.540000915527344
2009-03-09,37.060001373291016
2009-03-10,39.349998474121094
2009-03-11,39.5099983215332
2009-03-12,41.099998474121094
2009-03-13,41.45000076293945
2009-03-16,41.31999969482422
2009-03-17,42.619998931884766
2009-03-18,43.54999923706055
2009-03-19,43.06999969482422
2009-03-20,42.15999984741211
2009-03-23,45.060001373291016
2009-03-24,44.0099983215332
2009-03-25,44.279998779296875
2009-03-26,45.29999923706055
2009-03-27,44.40999984741211
2009-03-30,42.97999954223633
2009-03-31,43.25
2009-04-01,44.209999084472656
2009-04-02,45.45000076293945
2009-04-03,46.04999923706055
2009-04-06,45.599998474121094
2009-04-07,44.5
2009-04-08,45.0
2009-04-09,46.880001068115234
2009-04-13,46.83000183105469
2009-04-14,46.06999969482422
2009-04-15,46.540000915527344
2009-04-16,47.27000045776367
2009-04-17,47.61000061035156
2009-04-20,45.59000015258789
2009-04-21,46.439998626708984
2009-04-22,46.189998626708984
2009-04-23,46.61000061035156
2009-04-24,47.369998931884766
2009-04-27,46.97999954223633
2009-04-28,46.84000015258789
2009-04-29,47.79999923706055
2009-04-30,47.810001373291016
2009-05-01,48.08000183105469
2009-05-04,49.790000915527344
2009-05-05,49.61000061035156
2009-05-06,50.36000061035156
2009-05-07,49.619998931884766
2009-05-08,50.900001525878906
2009-05-11,49.869998931884766
2009-05-12,49.86000061035156
2009-05-13,48.459999084472656
2009-05-14,48.84000015258789
2009-05-15,48.40999984741211
2009-05-18,49.88999938964844
2009-05-19,49.849998474121094
2009-05-20,49.59000015258789
2009-05-21,48.83000183105469
2009-05-22,48.68000030517578
2009-05-26,49.9900016784668
2009-05-27,49.11000061035156
2009-05-28,49.779998779296875
2009-05-29,50.619998931884766
2009-06-01,51.959999084472656
2009-06-02,52.02000045776367
2009-06-03,51.310001373291016
2009-06-04,51.83000183105469
2009-06-05,51.7599983215332
2009-06-08,51.59000015258789
2009-06-09,51.86000061035156
2009-06-10,51.68000030517578
2009-06-11,52.0099983215332
2009-06-12,52.119998931884766
2009-06-15,50.88999938964844
2009-06-16,50.150001525878906
2009-06-17,50.119998931884766
2009-06-18,50.40999984741211
2009-06-19,50.59000015258789
2009-06-22,49.08000183105469
2009-06-23,49.150001525878906
2009-06-24,49.52000045776367
2009-06-25,50.63999938964844
2009-06-26,50.47999954223633
2009-06-29,50.95000076293945
2009-06-30,50.65999984741211
2009-07-01,50.88999938964844
2009-07-02,49.20000076293945
2009-07-06,49.13999938964844
2009-07-07,48.20000076293945
2009-07-08,48.130001068115234
2009-07-09,48.2599983215332
2009-07-10,48.130001068115234
2009-07-13,49.29999923706055
2009-07-14,49.599998474121094
2009-07-15,51.040000915527344
2009-07-16,51.5
2009-07-17,51.560001373291016
2009-07-20,52.060001373291016
2009-07-21,52.290000915527344
2009-07-22,52.380001068115234
2009-07-23,53.5
2009-07-24,53.7400016784668
2009-07-27,53.959999084472656
2009-07-28,53.779998779296875
2009-07-29,53.4900016784668
2009-07-30,54.029998779296875
2009-07-31,54.150001525878906
2009-08-03,55.02000045776367
2009-08-04,55.25
2009-08-05,55.11000061035156
2009-08-06,54.810001373291016
2009-08-07,55.52000045776367
2009-08-10,55.38999938964844
2009-08-11,54.68000030517578
2009-08-12,55.31999969482422
2009-08-13,55.7599983215332
2009-08-14,55.279998779296875
2009-08-17,53.88999938964844
2009-08-18,54.369998931884766
2009-08-19,54.84000015258789
2009-08-20,55.40999984741211
2009-08-21,56.38999938964844
2009-08-24,56.38999938964844
2009-08-25,56.54999923706055
2009-08-26,56.54999923706055
2009-08-27,56.70000076293945
2009-08-28,56.650001525878906
2009-08-31,56.150001525878906
2009-09-01,54.90999984741211
2009-09-02,54.70000076293945
2009-09-03,55.18000030517578
2009-09-04,55.90999984741211
2009-09-08,56.5099983215332
2009-09-09,56.93000030517578
2009-09-10,57.5099983215332
2009-09-11,57.52000045776367
2009-09-14,57.90999984741211
2009-09-15,58.18000030517578
2009-09-16,59.06999969482422
2009-09-17,58.900001525878906
2009-09-18,58.939998626708984
2009-09-21,58.84000015258789
2009-09-22,58.939998626708984
2009-09-23,58.400001525878906
2009-09-24,57.7400016784668
2009-09-25,57.45000076293945
2009-09-28,58.40999984741211
2009-09-29,58.31999969482422
2009-09-30,58.099998474121094
2009-10-01,56.619998931884766
2009-10-02,56.33000183105469
2009-10-05,57.18000030517578
2009-10-06,57.9900016784668
2009-10-07,58.130001068115234
2009-10-08,58.68000030517578
2009-10-09,58.939998626708984
2009-10-12,59.20000076293945
2009-10-13,59.060001373291016
2009-10-14,60.11000061035156
2009-10-15,60.29999923706055
2009-10-16,59.83000183105469
2009-10-19,60.380001068115234
2009-10-20,60.0099983215332
2009-10-21,59.4900016784668
2009-10-22,60.099998474121094
2009-10-23,59.349998474121094
2009-10-26,58.709999084472656
2009-10-27,58.400001525878906
2009-10-28,57.22999954223633
2009-10-29,58.41999816894531
2009-10-30,56.810001373291016
2009-11-02,57.13999938964844
2009-11-03,57.400001525878906
2009-11-04,57.439998626708984
2009-11-05,58.58000183105469
2009-11-06,58.7400016784668
2009-11-09,60.06999969482422
2009-11-10,60.060001373291016
2009-11-11,60.38999938964844
2009-11-12,59.779998779296875
2009-11-13,60.09000015258789
2009-11-16,60.970001220703125
2009-11-17,61.029998779296875
2009-11-18,60.9900016784668
2009-11-19,60.13999938964844
2009-11-20,60.0
2009-11-23,60.709999084472656
2009-11-24,60.709999084472656
2009-11-25,61.02000045776367
2009-11-27,59.900001525878906
2009-11-30,60.209999084472656
2009-12-01,60.93000030517578
2009-12-02,61.02000045776367
2009-12-03,60.5
2009-12-04,60.86000061035156
2009-12-07,60.75
2009-12-08,60.119998931884766
2009-12-09,60.349998474121094
2009-12-10,60.689998626708984
2009-12-11,60.97999954223633
2009-12-14,61.45000076293945
2009-12-15,61.16999816894531
2009-12-16,61.31999969482422
2009-12-17,60.56999969482422
2009-12-18,60.90999984741211
2009-12-21,61.540000915527344
2009-12-22,61.790000915527344
2009-12-23,61.65999984741211
2009-12-24,62.0
2009-12-28,62.04999923706055
2009-12-29,61.9900016784668
2009-12-30,61.91999816894531
2009-12-31,61.310001373291016
2010-01-04,62.31999969482422
2010-01-05,62.52000045776367
2010-01-06,62.599998474121094
2010-01-07,62.849998474121094
2010-01-08,63.060001373291016
2010-01-11,63.150001525878906
2010-01-12,62.540000915527344
2010-01-13,63.060001373291016
2010-01-14,63.2400016784668
2010-01-15,62.540000915527344
2010-01-19,63.310001373291016
2010-01-20,62.65999984741211
2010-01-21,61.529998779296875
2010-01-22,60.16999816894531
2010-01-25,60.4900016784668
2010-01-26,60.189998626708984
2010-01-27,60.4900016784668
2010-01-28,59.779998779296875
2010-01-29,59.09000015258789
2010-02-01,59.970001220703125
2010-02-02,60.75
2010-02-03,60.43000030517578
2010-02-04,58.56999969482422
2010-02-05,58.720001220703125
2010-02-08,58.25
2010-02-09,58.9900016784668
2010-02-10,58.880001068115234
2010-02-11,59.529998779296875
2010-02-12,59.529998779296875
2010-02-16,60.5
2010-02-17,60.77000045776367
2010-02-18,61.13999938964844
2010-02-19,61.29999923706055
2010-02-22,61.2599983215332
2010-02-23,60.470001220703125
2010-02-24,61.06999969482422
2010-02-25,61.0099983215332
2010-02-26,61.02000045776367
2010-03-01,61.709999084472656
2010-03-02,61.88999938964844
2010-03-03,61.970001220703125
2010-03-04,62.13999938964844
2010-03-05,63.029998779296875
2010-03-08,63.060001373291016
2010-03-09,63.15999984741211
2010-03-10,63.45000076293945
2010-03-11,63.70000076293945
2010-03-12,63.75
2010-03-15,63.7400016784668
2010-03-16,64.26000213623047
2010-03-17,64.66999816894531
2010-03-18,64.58999633789062
2010-03-19,64.23999786376953
2010-03-22,64.62000274658203
2010-03-23,65.06999969482422
2010-03-24,64.5
2010-03-25,64.37999725341797
2010-03-26,64.36000061035156
2010-03-29,64.77999877929688
2010-03-30,64.83000183105469
2010-03-31,64.62000274658203
2010-04-01,65.0199966430664
2010-04-05,65.63999938964844
2010-04-06,65.7699966430664
2010-04-07,65.43000030517578
2010-04-08,65.63999938964844
2010-04-09,66.04000091552734
2010-04-12,66.16000366210938
2010-04-13,66.20999908447266
2010-04-14,67.0
2010-04-15,67.05999755859375
2010-04-16,66.0
2010-04-19,66.19000244140625
2010-04-20,66.79000091552734
2010-04-21,66.68000030517578
2010-04-22,66.95999908447266
2010-04-23,67.4000015258789
2010-04-26,67.16999816894531
2010-04-27,65.56999969482422
2010-04-28,66.01000213623047
2010-04-29,66.88999938964844
2010-04-30,65.80000305175781
2010-05-03,66.62999725341797
2010-05-04,65.04000091552734
2010-05-05,64.56999969482422
2010-05-06,62.400001525878906
2010-05-07,61.349998474121094
2010-05-10,64.1500015258789
2010-05-11,63.959999084472656
2010-05-12,64.95999908447266
2010-05-13,64.1500015258789
2010-05-14,62.959999084472656
2010-05-17,63.0
2010-05-18,62.130001068115234
2010-05-19,61.7400016784668
2010-05-20,59.439998626708984
2010-05-21,60.220001220703125
2010-05-24,59.4900016784668
2010-05-25,59.540000915527344
2010-05-26,59.27000045776367
2010-05-27,61.279998779296875
2010-05-28,60.560001373291016
2010-06-01,59.5
2010-06-02,60.9900016784668
2010-06-03,61.279998779296875
2010-06-04,59.16999816894531
2010-06-07,58.310001373291016
2010-06-08,58.86000061035156
2010-06-09,58.61000061035156
2010-06-10,60.369998931884766
2010-06-11,60.63999938964844
2010-06-14,60.619998931884766
2010-06-15,61.97999954223633
2010-06-16,61.95000076293945
2010-06-17,62.0099983215332
2010-06-18,62.04999923706055
2010-06-21,61.810001373291016
2010-06-22,60.790000915527344
2010-06-23,60.599998474121094
2010-06-24,59.599998474121094
2010-06-25,59.880001068115234
2010-06-28,59.619998931884766
2010-06-29,57.75
2010-06-30,57.13999938964844
2010-07-01,57.0099983215332
2010-07-02,56.33000183105469
2010-07-06,56.63999938964844
2010-07-07,58.470001220703125
2010-07-08,59.040000915527344
2010-07-09,59.5
2010-07-12,59.5
2010-07-13,60.43000030517578
2010-07-14,60.45000076293945
2010-07-15,60.47999954223633
2010-07-16,58.7400016784668
2010-07-19,59.13999938964844
2010-07-20,59.790000915527344
2010-07-21,59.040000915527344
2010-07-22,60.36000061035156
2010-07-23,60.88999938964844
2010-07-26,61.56999969482422
2010-07-27,61.47999954223633
2010-07-28,61.08000183105469
2010-07-29,60.779998779296875
2010-07-30,60.83000183105469
2010-08-02,62.150001525878906
2010-08-03,61.84000015258789
2010-08-04,62.279998779296875
2010-08-05,62.209999084472656
2010-08-06,61.939998626708984
2010-08-09,62.31999969482422
2010-08-10,61.90999984741211
2010-08-11,60.15999984741211
2010-08-12,59.83000183105469
2010-08-13,59.61000061035156
2010-08-16,59.650001525878906
2010-08-17,60.380001068115234
2010-08-18,60.5099983215332
2010-08-19,59.4900016784668
2010-08-20,59.310001373291016
2010-08-23,59.04999923706055
2010-08-24,58.16999816894531
2010-08-25,58.380001068115234
2010-08-26,57.970001220703125
2010-08-27,58.93000030517578
2010-08-30,58.06999969482422
2010-08-31,58.130001068115234
2010-09-01,59.79999923706055
2010-09-02,60.41999816894531
2010-09-03,61.209999084472656
2010-09-07,60.52000045776367
2010-09-08,60.91999816894531
2010-09-09,61.18000030517578
2010-09-10,61.470001220703125
2010-09-13,62.189998626708984
2010-09-14,62.189998626708984
2010-09-15,62.38999938964844
2010-09-16,62.380001068115234
2010-09-17,62.400001525878906
2010-09-20,63.38999938964844
2010-09-21,63.189998626708984
2010-09-22,62.90999984741211
2010-09-23,62.119998931884766
2010-09-24,63.38999938964844
2010-09-27,63.150001525878906
2010-09-28,63.38999938964844
2010-09-29,63.29999923706055
2010-09-30,63.150001525878906
2010-10-01,63.40999984741211
2010-10-04,62.93000030517578
2010-10-05,64.18000030517578
2010-10-06,64.12000274658203
2010-10-07,64.05000305175781
2010-10-08,64.44999694824219
2010-10-11,64.52999877929688
2010-10-12,64.73999786376953
2010-10-13,65.22000122070312
2010-10-14,65.0199966430664
2010-10-15,65.12000274658203
2010-10-18,65.45999908447266
2010-10-19,64.5
2010-10-20,65.16000366210938
2010-10-21,65.2699966430664
2010-10-22,65.47000122070312
2010-10-25,65.6500015258789
2010-10-26,65.66999816894531
2010-10-27,65.52999877929688
2010-10-28,65.51000213623047
2010-10-29,65.58999633789062
2010-11-01,65.63999938964844
2010-11-02,66.16999816894531
2010-11-03,66.38999938964844
2010-11-04,67.66999816894531
2010-11-05,67.91999816894531
2010-11-08,67.8499984741211
2010-11-09,67.31999969482422
2010-11-10,67.63999938964844
2010-11-11,67.41999816894531
2010-11-12,66.58000183105469
2010-11-15,66.52999877929688
2010-11-16,65.45999908447266
2010-11-17,65.5199966430664
2010-11-18,66.52999877929688
2010-11-19,66.66000366210938
2010-11-22,66.68000030517578
2010-11-23,65.72000122070312
2010-11-24,66.75
2010-11-26,66.05000305175781
2010-11-29,66.19999694824219
2010-11-30,65.72000122070312
2010-12-01,67.18000030517578
2010-12-02,68.04000091552734
2010-12-03,68.2300033569336
2010-12-06,68.19999694824219
2010-12-07,68.23999786376953
2010-12-08,68.43000030517578
2010-12-09,68.66999816894531
2010-12-10,69.06999969482422
2010-12-13,69.08000183105469
2010-12-14,69.16999816894531
2010-12-15,68.83999633789062
2010-12-16,69.2699966430664
2010-12-17,69.37999725341797
2010-12-20,69.5199966430664
2010-12-21,69.9800033569336
2010-12-22,69.88999938964844
2010-12-23,69.7699966430664
2010-12-27,69.77999877929688
2010-12-28,69.8499984741211
2010-12-29,69.91999816894531
2010-12-30,69.87999725341797
2010-12-31,69.86000061035156
2011-01-03,70.55999755859375
2011-01-04,70.45999908447266
2011-01-05,70.81999969482422
2011-01-06,70.69999694824219
2011-01-07,70.58999633789062
2011-01-10,70.56999969482422
2011-01-11,70.83000183105469
2011-01-12,71.44999694824219
2011-01-13,71.36000061035156
2011-01-14,71.81999969482422
2011-01-18,72.02999877929688
2011-01-19,71.25
2011-01-20,71.12999725341797
2011-01-21,71.19000244140625
2011-01-24,71.69000244140625
2011-01-25,71.69000244140625
2011-01-26,72.0199966430664
2011-01-27,72.25
2011-01-28,70.94999694824219
2011-01-31,71.4800033569336
2011-02-01,72.63999938964844
2011-02-02,72.52999877929688
2011-02-03,72.66000366210938
2011-02-04,72.87999725341797
2011-02-07,73.36000061035156
2011-02-08,73.70999908447266
2011-02-09,73.51000213623047
2011-02-10,73.58999633789062
2011-02-11,74.05000305175781
2011-02-14,74.25
2011-02-15,73.97000122070312
2011-02-16,74.47000122070312
2011-02-17,74.69000244140625
2011-02-18,74.81999969482422
2011-02-22,73.29000091552734
2011-02-23,72.77999877929688
2011-02-24,72.73999786376953
2011-02-25,73.56999969482422
2011-02-28,74.0
2011-03-01,72.79000091552734
2011-03-02,72.94999694824219
2011-03-03,74.20999908447266
2011-03-04,73.66999816894531
2011-03-07,73.05000305175781
2011-03-08,73.66999816894531
2011-03-09,73.55000305175781
2011-03-10,72.2300033569336
2011-03-11,72.69999694824219
2011-03-14,72.30000305175781
2011-03-15,71.51000213623047
2011-03-16,70.25
2011-03-17,71.08000183105469
2011-03-18,71.36000061035156
2011-03-21,72.45999908447266
2011-03-22,72.20999908447266
2011-03-23,72.4000015258789
2011-03-24,72.80999755859375
2011-03-25,73.08000183105469
2011-03-28,72.9000015258789
2011-03-29,73.37999725341797
2011-03-30,73.91000366210938
2011-03-31,73.87000274658203
2011-04-01,74.19000244140625
2011-04-04,74.25
2011-04-05,74.27999877929688
2011-04-06,74.45999908447266
2011-04-07,74.30000305175781
2011-04-08,74.0
2011-04-11,73.7699966430664
2011-04-12,73.19999694824219
2011-04-13,73.2300033569336
2011-04-14,73.2699966430664
2011-04-15,73.58000183105469
2011-04-18,72.7300033569336
2011-04-19,73.11000061035156
2011-04-20,74.18000030517578
2011-04-21,74.55999755859375
2011-04-25,74.4800033569336
2011-04-26,75.12999725341797
2011-04-27,75.58999633789062
2011-04-28,75.83000183105469
2011-04-29,76.05000305175781
2011-05-02,75.91999816894531
2011-05-03,75.58999633789062
2011-05-04,75.05000305175781
2011-05-05,74.47000122070312
2011-05-06,74.73999786376953
2011-05-09,75.0999984741211
2011-05-10,75.76000213623047
2011-05-11,74.98999786376953
2011-05-12,75.33000183105469
2011-05-13,74.72000122070312
2011-05-16,74.23999786376953
2011-05-17,74.16000366210938
2011-05-18,74.86000061035156
2011-05-19,75.01000213623047
2011-05-20,74.5
2011-05-23,73.55999755859375
2011-05-24,73.52999877929688
2011-05-25,73.77999877929688
2011-05-26,74.16000366210938
2011-05-27,74.5
2011-05-31,75.22000122070312
2011-06-01,73.55999755859375
2011-06-02,73.48999786376953
2011-06-03,72.72000122070312
2011-06-06,71.93000030517578
2011-06-07,71.93000030517578
2011-06-08,71.58999633789062
2011-06-09,72.06999969482422
2011-06-10,71.05999755859375
2011-06-13,71.05999755859375
2011-06-14,71.98999786376953
2011-06-15,70.75
2011-06-16,70.86000061035156
2011-06-17,71.05000305175781
2011-06-20,71.41999816894531
2011-06-21,72.44000244140625
2011-06-22,72.02999877929688
2011-06-23,71.87000274658203
2011-06-24,71.05000305175781
2011-06-27,71.61000061035156
2011-06-28,72.56999969482422
2011-06-29,73.22000122070312
2011-06-30,73.88999938964844
2011-07-01,74.9800033569336
2011-07-05,74.62000274658203
2011-07-06,74.76000213623047
2011-07-07,75.54000091552734
2011-07-08,75.0199966430664
2011-07-11,73.5999984741211
2011-07-12,73.27999877929688
2011-07-13,73.54000091552734
2011-07-14,73.01000213623047
2011-07-15,73.41999816894531
2011-07-18,72.73999786376953
2011-07-19,73.95999908447266
2011-07-20,73.93000030517578
2011-07-21,74.91999816894531
2011-07-22,74.98999786376953
2011-07-25,74.55000305175781
2011-07-26,74.26000213623047
2011-07-27,72.66000366210938
2011-07-28,72.44999694824219
2011-07-29,72.0
2011-08-01,71.63999938964844
2011-08-02,69.79000091552734
2011-08-03,70.20999908447266
2011-08-04,66.72000122070312
2011-08-05,66.44000244140625
2011-08-08,61.97999954223633
2011-08-09,64.55000305175781
2011-08-10,62.189998626708984
2011-08-11,64.9800033569336
2011-08-12,65.58999633789062
2011-08-15,66.97000122070312
2011-08-16,66.37999725341797
2011-08-17,66.38999938964844
2011-08-18,63.5
2011-08-19,62.38999938964844
2011-08-22,62.380001068115234
2011-08-23,64.4800033569336
2011-08-24,65.3499984741211
2011-08-25,64.3499984741211
2011-08-26,65.36000061035156
2011-08-29,67.33000183105469
2011-08-30,67.5199966430664
2011-08-31,67.80000305175781
2011-09-01,67.06999969482422
2011-09-02,65.27999877929688
2011-09-06,64.87999725341797
2011-09-07,66.76000213623047
2011-09-08,65.98999786376953
2011-09-09,64.29000091552734
2011-09-12,64.7300033569336
2011-09-13,65.30000305175781
2011-09-14,66.22000122070312
2011-09-15,67.4000015258789
2011-09-16,67.69999694824219
2011-09-19,67.01000213623047
2011-09-20,66.93000030517578
2011-09-21,64.83000183105469
2011-09-22,62.779998779296875
2011-09-23,62.849998474121094
2011-09-26,64.2699966430664
2011-09-27,65.01000213623047
2011-09-28,63.56999969482422
2011-09-29,64.12999725341797
2011-09-30,62.540000915527344
2011-10-03,60.630001068115234
2011-10-04,61.95000076293945
2011-10-05,63.22999954223633
2011-10-06,64.44999694824219
2011-10-07,63.880001068115234
2011-10-10,66.05000305175781
2011-10-11,66.06999969482422
2011-10-12,66.70999908447266
2011-10-13,66.5999984741211
2011-10-14,67.73999786376953
2011-10-17,66.43000030517578
2011-10-18,67.7300033569336
2011-10-19,66.94000244140625
2011-10-20,67.25
2011-10-21,68.43000030517578
2011-10-24,69.44000244140625
2011-10-25,68.12999725341797
2011-10-26,68.79000091552734
2011-10-27,71.1500015258789
2011-10-28,71.16000366210938
2011-10-31,69.4000015258789
2011-11-01,67.55999755859375
2011-11-02,68.68000030517578
2011-11-03,69.87999725341797
2011-11-04,69.5199966430664
2011-11-07,69.94999694824219
2011-11-08,70.76000213623047
2011-11-09,68.20999908447266
2011-11-10,68.73999786376953
2011-11-11,70.02999877929688
2011-11-14,69.43000030517578
2011-11-15,69.81999969482422
2011-11-16,68.69999694824219
2011-11-17,67.62999725341797
2011-11-18,67.48999786376953
2011-11-21,66.23999786376953
2011-11-22,66.01000213623047
2011-11-23,64.52999877929688
2011-11-25,64.33000183105469
2011-11-28,66.23999786376953
2011-11-29,66.37999725341797
2011-11-30,69.1500015258789
2011-12-01,69.11000061035156
2011-12-02,69.13999938964844
2011-12-05,69.81999969482422
2011-12-06,69.83000183105469
2011-12-07,70.01000213623047
2011-12-08,68.55000305175781
2011-12-09,69.69999694824219
2011-12-12,68.68000030517578
2011-12-13,67.97000122070312
2011-12-14,67.2300033569336
2011-12-15,67.47000122070312
2011-12-16,67.68000030517578
2011-12-19,66.86000061035156
2011-12-20,68.87999725341797
2011-12-21,69.05000305175781
2011-12-22,69.2699966430664
2011-12-23,69.80000305175781
2011-12-27,69.87999725341797
2011-12-28,69.0199966430664
2011-12-29,69.66000366210938
2011-12-30,69.37000274658203
2012-01-03,70.41999816894531
2012-01-04,70.44000244140625
2012-01-05,70.75
2012-01-06,70.62999725341797
2012-01-09,70.7699966430664
2012-01-10,71.44999694824219
2012-01-11,71.51000213623047
2012-01-12,71.69999694824219
2012-01-13,71.37000274658203
2012-01-17,71.54000091552734
2012-01-18,72.41999816894531
2012-01-19,72.80999755859375
2012-01-20,72.79000091552734
2012-01-23,72.8499984741211
2012-01-24,72.8499984741211
2012-01-25,73.51000213623047
2012-01-26,73.05999755859375
2012-01-27,73.05999755859375
2012-01-30,72.8499984741211
2012-01-31,72.7699966430664
2012-02-01,73.48999786376953
2012-02-02,73.6500015258789
2012-02-03,74.7699966430664
2012-02-06,74.66000366210938
2012-02-07,74.83000183105469
2012-02-08,75.0199966430664
2012-02-09,75.16999816894531
2012-02-10,74.63999938964844
2012-02-13,75.13999938964844
2012-02-14,75.08999633789062
2012-02-15,74.73999786376953
2012-02-16,75.58999633789062
2012-02-17,75.72000122070312
2012-02-21,75.73999786376953
2012-02-22,75.55000305175781
2012-02-23,75.88999938964844
2012-02-24,76.0199966430664
2012-02-27,76.19000244140625
2012-02-28,76.29000091552734
2012-02-29,75.88999938964844
2012-03-01,76.41999816894531
2012-03-02,76.20999908447266
2012-03-05,75.9000015258789
2012-03-06,74.69999694824219
2012-03-07,75.29000091552734
2012-03-08,75.9800033569336
2012-03-09,76.3499984741211
2012-03-12,76.29000091552734
2012-03-13,77.70999908447266
2012-03-14,77.55999755859375
2012-03-15,78.0199966430664
2012-03-16,78.12000274658203
2012-03-19,78.4000015258789
2012-03-20,78.16000366210938
2012-03-21,78.04000091552734
2012-03-22,77.43000030517578
2012-03-23,77.44999694824219
2012-03-26,78.44000244140625
2012-03-27,78.22000122070312
2012-03-28,77.83000183105469
2012-03-29,77.70999908447266
2012-03-30,77.95999908447266
2012-04-02,78.56999969482422
2012-04-03,78.31999969482422
2012-04-04,77.47000122070312
2012-04-05,77.48999786376953
2012-04-09,76.5999984741211
2012-04-10,75.20999908447266
2012-04-11,75.80999755859375
2012-04-12,76.9000015258789
2012-04-13,76.0199966430664
2012-04-16,75.91999816894531
2012-04-17,77.04000091552734
2012-04-18,76.80000305175781
2012-04-19,76.41000366210938
2012-04-20,76.44999694824219
2012-04-23,75.81999969482422
2012-04-24,76.08000183105469
2012-04-25,77.19000244140625
2012-04-26,77.72000122070312
2012-04-27,77.86000061035156
2012-04-30,77.5199966430664
2012-05-01,78.02999877929688
2012-05-02,77.80999755859375
2012-05-03,77.20999908447266
2012-05-04,75.94000244140625
2012-05-07,75.97000122070312
2012-05-08,75.69999694824219
2012-05-09,75.26000213623047
2012-05-10,75.4000015258789
2012-05-11,75.19000244140625
2012-05-14,74.3499984741211
2012-05-15,73.94000244140625
2012-05-16,73.6500015258789
2012-05-17,72.37000274658203
2012-05-18,71.80999755859375
2012-05-21,73.12000274658203
2012-05-22,73.12999725341797
2012-05-23,73.30999755859375
2012-05-24,73.3499984741211
2012-05-25,73.18000030517578
2012-05-29,74.05999755859375
2012-05-30,72.95999908447266
2012-05-31,72.79000091552734
2012-06-01,70.94999694824219
2012-06-04,70.81999969482422
2012-06-05,71.38999938964844
2012-06-06,73.0
2012-06-07,72.97000122070312
2012-06-08,73.55999755859375
2012-06-11,72.5999984741211
2012-06-12,73.43000030517578
2012-06-13,72.87000274658203
2012-06-14,73.62000274658203
2012-06-15,74.31999969482422
2012-06-18,74.58999633789062
2012-06-19,75.27999877929688
2012-06-20,75.2300033569336
2012-06-21,73.5199966430664
2012-06-22,73.98999786376953
2012-06-25,72.8499984741211
2012-06-26,72.83000183105469
2012-06-27,73.45999908447266
2012-06-28,73.30000305175781
2012-06-29,75.20999908447266
2012-07-02,75.37000274658203
2012-07-03,75.97000122070312
2012-07-05,75.63999938964844
2012-07-06,74.93000030517578
2012-07-09,74.77999877929688
2012-07-10,74.0999984741211
2012-07-11,74.0999984741211
2012-07-12,73.7699966430664
2012-07-13,74.91999816894531
2012-07-16,74.73999786376953
2012-07-17,75.25
2012-07-18,75.80000305175781
2012-07-19,76.04000091552734
2012-07-20,75.3499984741211
2012-07-23,74.52999877929688
2012-07-24,73.83999633789062
2012-07-25,73.83999633789062
2012-07-26,75.02999877929688
2012-07-27,76.45999908447266
2012-07-30,76.44000244140625
2012-07-31,75.97000122070312
2012-08-01,75.79000091552734
2012-08-02,75.31999969482422
2012-08-03,76.68000030517578
2012-08-06,76.91000366210938
2012-08-07,77.33000183105469
2012-08-08,77.41000366210938
2012-08-09,77.5199966430664
2012-08-10,77.68000030517578
2012-08-13,77.5999984741211
2012-08-14,77.56999969482422
2012-08-15,77.72000122070312
2012-08-16,78.30000305175781
2012-08-17,78.44000244140625
2012-08-20,78.43000030517578
2012-08-21,78.22000122070312
2012-08-22,78.23999786376953
2012-08-23,77.63999938964844
2012-08-24,78.0999984741211
2012-08-27,78.05000305175781
2012-08-28,78.0199966430664
2012-08-29,78.11000061035156
2012-08-30,77.52999877929688
2012-08-31,77.83999633789062
2012-09-04,77.86000061035156
2012-09-05,77.83000183105469
2012-09-06,79.41000366210938
2012-09-07,79.79000091552734
2012-09-10,79.37000274658203
2012-09-11,79.5199966430664
2012-09-12,79.80000305175781
2012-09-13,81.0199966430664
2012-09-14,81.43000030517578
2012-09-17,81.08000183105469
2012-09-18,80.9800033569336
2012-09-19,81.06999969482422
2012-09-20,81.0
2012-09-21,80.94999694824219
2012-09-24,80.38999938964844
2012-09-25,79.56999969482422
2012-09-26,79.12000274658203
2012-09-27,79.87000274658203
2012-09-28,79.4800033569336
2012-10-01,79.62999725341797
2012-10-02,79.80000305175781
2012-10-03,80.08000183105469
2012-10-04,80.66000366210938
2012-10-05,80.68000030517578
2012-10-08,80.41000366210938
2012-10-09,79.5999984741211
2012-10-10,79.13999938964844
2012-10-11,79.19999694824219
2012-10-12,78.9000015258789
2012-10-15,79.54000091552734
2012-10-16,80.37000274658203
2012-10-17,80.7300033569336
2012-10-18,80.55999755859375
2012-10-19,79.20999908447266
2012-10-22,79.26000213623047
2012-10-23,78.18000030517578
2012-10-24,77.98999786376953
2012-10-25,78.16999816894531
2012-10-26,78.08999633789062
2012-10-31,78.06999969482422
2012-11-01,79.12000274658203
2012-11-02,78.37999725341797
2012-11-05,78.54000091552734
2012-11-06,79.13999938964844
2012-11-07,77.41999816894531
2012-11-08,76.41999816894531
2012-11-09,76.45999908447266
2012-11-12,76.55999755859375
2012-11-13,76.30000305175781
2012-11-14,75.27999877929688
2012-11-15,75.11000061035156
2012-11-16,75.4800033569336
2012-11-19,77.04000091552734
2012-11-20,77.08999633789062
2012-11-21,77.27999877929688
2012-11-23,78.23999786376953
2012-11-26,78.16999816894531
2012-11-27,77.83000183105469
2012-11-28,78.37999725341797
2012-11-29,78.75
2012-11-30,78.76000213623047
2012-12-03,78.41000366210938
2012-12-04,78.27999877929688
2012-12-05,78.41999816894531
2012-12-06,78.69000244140625
2012-12-07,78.94000244140625
2012-12-10,79.04000091552734
2012-12-11,79.4800033569336
2012-12-12,79.55000305175781
2012-12-13,79.11000061035156
2012-12-14,78.80999755859375
2012-12-17,79.70999908447266
2012-12-18,80.62000274658203
2012-12-19,79.55999755859375
2012-12-20,79.94999694824219
2012-12-21,79.27999877929688
2012-12-24,79.05000305175781
2012-12-26,78.66000366210938
2012-12-27,78.58000183105469
2012-12-28,77.69999694824219
2012-12-31,79.1500015258789
2013-01-02,81.0999984741211
2013-01-03,80.9800033569336
2013-01-04,81.41000366210938
2013-01-07,81.13999938964844
2013-01-08,80.87000274658203
2013-01-09,81.18000030517578
2013-01-10,81.73999786376953
2013-01-11,81.75
2013-01-14,81.69999694824219
2013-01-15,81.80000305175781
2013-01-16,81.77999877929688
2013-01-17,82.25
2013-01-18,82.51000213623047
2013-01-22,82.93000030517578
2013-01-23,83.06999969482422
2013-01-24,83.11000061035156
2013-01-25,83.62000274658203
2013-01-28,83.48999786376953
2013-01-29,83.80000305175781
2013-01-30,83.5
2013-01-31,83.4000015258789
2013-02-01,84.16999816894531
2013-02-04,83.18000030517578
2013-02-05,84.02999877929688
2013-02-06,84.12999725341797
2013-02-07,84.02999877929688
2013-02-08,84.51000213623047
2013-02-11,84.45999908447266
2013-02-12,84.61000061035156
2013-02-13,84.7300033569336
2013-02-14,84.77999877929688
2013-02-15,84.72000122070312
2013-02-19,85.22000122070312
2013-02-20,84.19999694824219
2013-02-21,83.68000030517578
2013-02-22,84.41999816894531
2013-02-25,82.88999938964844
2013-02-26,83.41999816894531
2013-02-27,84.51000213623047
2013-02-28,84.27999877929688
2013-03-01,84.63999938964844
2013-03-04,85.04000091552734
2013-03-05,85.83999633789062
2013-03-06,86.01000213623047
2013-03-07,86.16999816894531
2013-03-08,86.55000305175781
2013-03-11,86.83000183105469
2013-03-12,86.62000274658203
2013-03-13,86.79000091552734
2013-03-14,87.27999877929688
2013-03-15,87.16000366210938
2013-03-18,86.6500015258789
2013-03-19,86.47000122070312
2013-03-20,87.04000091552734
2013-03-21,86.41000366210938
2013-03-22,86.95999908447266
2013-03-25,86.30999755859375
2013-03-26,86.97000122070312
2013-03-27,86.97000122070312
2013-03-28,87.20999908447266
2013-04-01,86.88999938964844
2013-04-02,87.19000244140625
2013-04-03,86.30000305175781
2013-04-04,86.62999725341797
2013-04-05,86.31999969482422
2013-04-08,86.91000366210938
2013-04-09,87.11000061035156
2013-04-10,88.25
2013-04-11,88.54000091552734
2013-04-12,88.31999969482422
2013-04-15,86.18000030517578
2013-04-16,87.4800033569336
2013-04-17,86.1500015258789
2013-04-18,85.6500015258789
2013-04-19,86.44000244140625
2013-04-22,86.80999755859375
2013-04-23,87.70999908447266
2013-04-24,87.77999877929688
2013-04-25,88.16999816894531
2013-04-26,88.0
2013-04-29,88.58000183105469
2013-04-30,88.87000274658203
2013-05-01,88.05999755859375
2013-05-02,88.79000091552734
2013-05-03,89.69000244140625
2013-05-06,89.94999694824219
2013-05-07,90.44999694824219
2013-05-08,90.87999725341797
2013-05-09,90.58000183105469
2013-05-10,90.94999694824219
2013-05-13,90.9800033569336
2013-05-14,91.87999725341797
2013-05-15,92.37000274658203
2013-05-16,91.91999816894531
2013-05-17,92.87000274658203
2013-05-20,92.80999755859375
2013-05-21,92.98999786376953
2013-05-22,92.16000366210938
2013-05-23,91.91999816894531
2013-05-24,91.7699966430664
2013-05-28,92.37999725341797
2013-05-29,91.73999786376953
2013-05-30,92.12000274658203
2013-05-31,90.41999816894531
2013-06-03,91.29000091552734
2013-06-04,90.81999969482422
2013-06-05,89.51000213623047
2013-06-06,90.38999938964844
2013-06-07,91.44999694824219
2013-06-10,91.44999694824219
2013-06-11,90.56999969482422
2013-06-12,89.80000305175781
2013-06-13,91.16999816894531
2013-06-14,90.62999725341797
2013-06-17,91.30000305175781
2013-06-18,92.02999877929688
2013-06-19,90.73999786376953
2013-06-20,88.51000213623047
2013-06-21,88.63999938964844
2013-06-24,87.5999984741211
2013-06-25,88.43000030517578
2013-06-26,89.31999969482422
2013-06-27,89.88999938964844
2013-06-28,89.93000030517578
2013-07-01,90.18000030517578
2013-07-02,89.63999938964844
2013-07-03,89.70999908447266
2013-07-05,90.63999938964844
2013-07-08,91.1500015258789
2013-07-09,91.81999969482422
2013-07-10,91.87999725341797
2013-07-11,93.1500015258789
2013-07-12,93.36000061035156
2013-07-15,93.58000183105469
2013-07-16,93.16999816894531
2013-07-17,93.45999908447266
2013-07-18,93.91000366210938
2013-07-19,94.05000305175781
2013-07-22,94.30000305175781
2013-07-23,94.13999938964844
2013-07-24,93.66000366210938
2013-07-25,93.98999786376953
2013-07-26,94.08999633789062
2013-07-29,93.80999755859375
2013-07-30,93.87999725341797
2013-07-31,93.87000274658203
2013-08-01,95.12999725341797
2013-08-02,95.30999755859375
2013-08-05,95.20999908447266
2013-08-06,94.62000274658203
2013-08-07,94.23999786376953
2013-08-08,94.66000366210938
2013-08-09,94.37000274658203
2013-08-12,94.29000091552734
2013-08-13,94.52999877929688
2013-08-14,94.01000213623047
2013-08-15,92.66999816894531
2013-08-16,92.38999938964844
2013-08-19,91.80000305175781
2013-08-20,92.30999755859375
2013-08-21,91.80000305175781
2013-08-22,92.58999633789062
2013-08-23,92.9800033569336
2013-08-26,92.69999694824219
2013-08-27,91.0999984741211
2013-08-28,91.41999816894531
2013-08-29,91.6500015258789
2013-08-30,91.2699966430664
2013-09-03,91.6500015258789
2013-09-04,92.45999908447266
2013-09-05,92.58000183105469
2013-09-06,92.66999816894531
2013-09-09,93.62000274658203
2013-09-10,94.33999633789062
2013-09-11,94.58999633789062
2013-09-12,94.37999725341797
2013-09-13,94.58000183105469
2013-09-16,95.08000183105469
2013-09-17,95.58000183105469
2013-09-18,96.6500015258789
2013-09-19,96.55999755859375
2013-09-20,95.80000305175781
2013-09-23,95.4000015258789
2013-09-24,94.8499984741211
2013-09-25,94.61000061035156
2013-09-26,95.0
2013-09-27,94.56999969482422
2013-09-30,94.16999816894531
2013-10-01,95.01000213623047
2013-10-02,94.80000305175781
2013-10-03,93.88999938964844
2013-10-04,94.66999816894531
2013-10-07,93.83999633789062
2013-10-08,92.66000366210938
2013-10-09,92.63999938964844
2013-10-10,94.66999816894531
2013-10-11,95.30000305175781
2013-10-14,95.6500015258789
2013-10-15,95.01000213623047
2013-10-16,96.3499984741211
2013-10-17,97.01000213623047
2013-10-18,97.63999938964844
2013-10-21,97.62999725341797
2013-10-22,98.19000244140625
2013-10-23,97.70999908447266
2013-10-24,98.05000305175781
2013-10-25,98.43000030517578
2013-10-28,98.52999877929688
2013-10-29,99.0999984741211
2013-10-30,98.52999877929688
2013-10-31,98.2699966430664
2013-11-01,98.52999877929688
2013-11-04,98.87000274658203
2013-11-05,98.62000274658203
2013-11-06,99.0
2013-11-07,97.62999725341797
2013-11-08,98.94000244140625
2013-11-11,98.98999786376953
2013-11-12,98.87000274658203
2013-11-13,99.66999816894531
2013-11-14,100.13999938964844
2013-11-15,100.56999969482422
2013-11-18,100.11000061035156
2013-11-19,99.83000183105469
2013-11-20,99.52999877929688
2013-11-21,100.38999938964844
2013-11-22,100.83000183105469
2013-11-25,100.77999877929688
2013-11-26,100.77999877929688
2013-11-27,101.08000183105469
2013-11-29,100.94999694824219
2013-12-02,100.69999694824219
2013-12-03,100.37999725341797
2013-12-04,100.30999755859375
2013-12-05,99.97000122070312
2013-12-06,100.98999786376953
2013-12-09,101.2300033569336
2013-12-10,100.91000366210938
2013-12-11,99.70999908447266
2013-12-12,99.4800033569336
2013-12-13,99.4800033569336
2013-12-16,100.0999984741211
2013-12-17,99.83999633789062
2013-12-18,101.48999786376953
2013-12-19,101.36000061035156
2013-12-20,101.94999694824219
2013-12-23,102.0199966430664
2013-12-24,102.33999633789062
2013-12-26,102.80000305175781
2013-12-27,102.7300033569336
2013-12-30,102.68000030517578
2013-12-31,103.16999816894531
2014-01-02,102.29000091552734
2014-01-03,102.2699966430664
2014-01-06,101.93000030517578
2014-01-07,102.62999725341797
2014-01-08,102.68000030517578
2014-01-09,102.76000213623047
2014-01-10,102.98999786376953
2014-01-13,101.69000244140625
2014-01-14,102.77999877929688
2014-01-15,103.3499984741211
2014-01-16,103.19999694824219
2014-01-17,102.80999755859375
2014-01-21,103.11000061035156
2014-01-22,103.2699966430664
2014-01-23,102.37999725341797
2014-01-24,100.16000366210938
2014-01-27,99.5999984741211
2014-01-28,100.30999755859375
2014-01-29,99.27999877929688
2014-01-30,100.47000122070312
2014-01-31,99.83000183105469
2014-02-03,97.54000091552734
2014-02-04,98.19999694824219
2014-02-05,98.13999938964844
2014-02-06,99.38999938964844
2014-02-07,100.66999816894531
2014-02-10,100.87000274658203
2014-02-11,101.93000030517578
2014-02-12,102.08999633789062
2014-02-13,102.66999816894531
2014-02-14,103.16999816894531
2014-02-18,103.4000015258789
2014-02-19,102.69999694824219
2014-02-20,103.31999969482422
2014-02-21,103.23999786376953
2014-02-24,103.80999755859375
2014-02-25,103.7699966430664
2014-02-26,103.80000305175781
2014-02-27,104.37999725341797
2014-02-28,104.62999725341797
2014-03-03,103.87000274658203
2014-03-04,105.37000274658203
2014-03-05,105.37999725341797
2014-03-06,105.62000274658203
2014-03-07,105.63999938964844
2014-03-10,105.51000213623047
2014-03-11,104.97000122070312
2014-03-12,105.06999969482422
2014-03-13,103.8499984741211
2014-03-14,103.66999816894531
2014-03-17,104.51000213623047
2014-03-18,105.36000061035156
2014-03-19,104.76000213623047
2014-03-20,105.27999877929688
2014-03-21,104.8499984741211
2014-03-24,104.37999725341797
2014-03-25,104.38999938964844
2014-03-26,103.56999969482422
2014-03-27,103.41000366210938
2014-03-28,103.91000366210938
2014-03-31,104.7699966430664
2014-04-01,105.55000305175781
2014-04-02,105.9000015258789
2014-04-03,105.66999816894531
2014-04-04,104.4000015258789
2014-04-07,103.0999984741211
2014-04-08,103.58999633789062
2014-04-09,104.7300033569336
2014-04-10,102.55000305175781
2014-04-11,101.55999755859375
2014-04-14,102.30999755859375
2014-04-15,103.01000213623047
2014-04-16,104.0999984741211
2014-04-17,104.27999877929688
2014-04-21,104.63999938964844
2014-04-22,105.13999938964844
2014-04-23,104.91000366210938
2014-04-24,105.08999633789062
2014-04-25,104.19000244140625
2014-04-28,104.37999725341797
2014-04-29,104.97000122070312
2014-04-30,105.25
2014-05-01,105.31999969482422
2014-05-02,105.16999816894531
2014-05-05,105.44999694824219
2014-05-06,104.52999877929688
2014-05-07,105.11000061035156
2014-05-08,104.91999816894531
2014-05-09,105.12999725341797
2014-05-12,106.16999816894531
2014-05-13,106.19000244140625
2014-05-14,105.68000030517578
2014-05-15,104.72000122070312
2014-05-16,105.12999725341797
2014-05-19,105.56999969482422
2014-05-20,104.80999755859375
2014-05-21,105.66000366210938
2014-05-22,105.98999786376953
2014-05-23,106.44000244140625
2014-05-27,107.0999984741211
2014-05-28,106.9800033569336
2014-05-29,107.51000213623047
2014-05-30,107.63999938964844
2014-06-02,107.7699966430664
2014-06-03,107.79000091552734
2014-06-04,107.97000122070312
2014-06-05,108.7699966430664
2014-06-06,109.29000091552734
2014-06-09,109.30000305175781
2014-06-10,109.36000061035156
2014-06-11,108.94999694824219
2014-06-12,108.2699966430664
2014-06-13,108.56999969482422
2014-06-16,108.62999725341797
2014-06-17,108.98999786376953
2014-06-18,109.76000213623047
2014-06-19,109.94000244140625
2014-06-20,110.12999725341797
2014-06-23,110.12000274658203
2014-06-24,109.44000244140625
2014-06-25,109.94999694824219
2014-06-26,109.87999725341797
2014-06-27,110.05999755859375
2014-06-30,110.11000061035156
2014-07-01,110.91000366210938
2014-07-02,110.44999694824219
2014-07-03,110.91999816894531
2014-07-07,110.5
2014-07-08,109.70999908447266
2014-07-09,110.19000244140625
2014-07-10,109.75
2014-07-11,109.83999633789062
2014-07-14,110.41999816894531
2014-07-15,110.19000244140625
2014-07-16,110.54000091552734
2014-07-17,109.30999755859375
2014-07-18,110.41000366210938
2014-07-21,110.16999816894531
2014-07-22,110.72000122070312
2014-07-23,110.94999694824219
2014-07-24,111.0
2014-07-25,110.44999694824219
2014-07-28,110.44999694824219
2014-07-29,110.01000213623047
2014-07-30,110.08000183105469
2014-07-31,107.83999633789062
2014-08-01,107.55999755859375
2014-08-04,108.37000274658203
2014-08-05,107.33999633789062
2014-08-06,107.3499984741211
2014-08-07,106.75
2014-08-08,107.95999908447266
2014-08-11,108.36000061035156
2014-08-12,108.1500015258789
2014-08-13,108.93000030517578
2014-08-14,109.41000366210938
2014-08-15,109.41999816894531
2014-08-18,110.4000015258789
2014-08-19,110.97000122070312
2014-08-20,111.23999786376953
2014-08-21,111.55000305175781
2014-08-22,111.41000366210938
2014-08-25,111.91000366210938
2014-08-26,112.08999633789062
2014-08-27,112.05999755859375
2014-08-28,111.95999908447266
2014-08-29,112.2300033569336
2014-09-02,112.2699966430664
2014-09-03,112.20999908447266
2014-09-04,111.97000122070312
2014-09-05,112.56999969482422
2014-09-08,112.2699966430664
2014-09-09,111.52999877929688
2014-09-10,111.95999908447266
2014-09-11,112.06999969482422
2014-09-12,111.38999938964844
2014-09-15,111.22000122070312
2014-09-16,111.9800033569336
2014-09-17,112.16999816894531
2014-09-18,112.69999694824219
2014-09-19,112.58999633789062
2014-09-22,111.5999984741211
2014-09-23,110.93000030517578
2014-09-24,111.36000061035156
2014-09-25,109.56999969482422
2014-09-26,110.44999694824219
2014-09-29,110.2699966430664
2014-09-30,109.87000274658203
2014-10-01,108.43000030517578
2014-10-02,108.43000030517578
2014-10-03,109.61000061035156
2014-10-06,109.44999694824219
2014-10-07,107.80999755859375
2014-10-08,109.61000061035156
2014-10-09,107.33000183105469
2014-10-10,106.05000305175781
2014-10-13,104.22000122070312
2014-10-14,104.48999786376953
2014-10-15,103.75
2014-10-16,103.94999694824219
2014-10-17,105.19000244140625
2014-10-20,106.19999694824219
2014-10-21,108.33999633789062
2014-10-22,107.55000305175781
2014-10-23,108.8499984741211
2014-10-24,109.62999725341797
2014-10-27,109.44999694824219
2014-10-28,110.7699966430664
2014-10-29,110.55999755859375
2014-10-30,111.27999877929688
2014-10-31,112.5
2014-11-03,112.55000305175781
2014-11-04,112.19999694824219
2014-11-05,112.81999969482422
2014-11-06,113.29000091552734
2014-11-07,113.4000015258789
2014-11-10,113.7300033569336
2014-11-11,113.83000183105469
2014-11-12,113.81999969482422
2014-11-13,113.86000061035156
2014-11-14,113.94000244140625
2014-11-17,113.93000030517578
2014-11-18,114.56999969482422
2014-11-19,114.37999725341797
2014-11-20,114.63999938964844
2014-11-21,115.22000122070312
2014-11-24,115.62000274658203
2014-11-25,115.56999969482422
2014-11-26,115.80000305175781
2014-11-28,115.55000305175781
2014-12-01,114.63999938964844
2014-12-02,115.30999755859375
2014-12-03,115.81999969482422
2014-12-04,115.70999908447266
2014-12-05,115.91000366210938
2014-12-08,115.08999633789062
2014-12-09,115.02999877929688
2014-12-10,113.13999938964844
2014-12-11,113.68000030517578
2014-12-12,111.95999908447266
2014-12-15,111.16999816894531
2014-12-16,110.2699966430664
2014-12-17,112.5
2014-12-18,115.13999938964844
2014-12-19,115.5999984741211
2014-12-22,116.20999908447266
2014-12-23,116.41999816894531
2014-12-24,115.83999633789062
2014-12-26,116.16000366210938
2014-12-29,116.37999725341797
2014-12-30,115.80999755859375
2014-12-31,114.62999725341797
2015-01-02,114.55000305175781
2015-01-05,112.62000274658203
2015-01-06,111.51000213623047
2015-01-07,112.88999938964844
2015-01-08,114.9000015258789
2015-01-09,113.93000030517578
2015-01-12,113.05000305175781
2015-01-13,112.86000061035156
2015-01-14,112.16999816894531
2015-01-15,111.0999984741211
2015-01-16,112.5199966430664
2015-01-20,112.70999908447266
2015-01-21,113.29000091552734
2015-01-22,115.05000305175781
2015-01-23,114.44999694824219
2015-01-26,114.86000061035156
2015-01-27,113.45999908447266
2015-01-28,111.9000015258789
2015-01-29,112.91000366210938
2015-01-30,111.55000305175781
2015-02-02,112.79000091552734
2015-02-03,114.44999694824219
2015-02-04,114.08000183105469
2015-02-05,115.2699966430664
2015-02-06,114.94999694824219
2015-02-09,114.41000366210938
2015-02-10,115.63999938964844
2015-02-11,115.68000030517578
2015-02-12,116.79000091552734
2015-02-13,117.31999969482422
2015-02-17,117.48999786376953
2015-02-18,117.56999969482422
2015-02-19,117.51000213623047
2015-02-20,118.25
2015-02-23,118.19999694824219
2015-02-24,118.55999755859375
2015-02-25,118.47000122070312
2015-02-26,118.31999969482422
2015-02-27,117.86000061035156
2015-03-02,118.68000030517578
2015-03-03,118.18000030517578
2015-03-04,117.6500015258789
2015-03-05,117.80000305175781
2015-03-06,116.20999908447266
2015-03-09,116.6500015258789
2015-03-10,114.80999755859375
2015-03-11,114.63999938964844
2015-03-12,116.0199966430664
2015-03-13,115.4000015258789
2015-03-16,116.88999938964844
2015-03-17,116.62000274658203
2015-03-18,118.01000213623047
2015-03-19,117.45999908447266
2015-03-20,118.56999969482422
2015-03-23,118.29000091552734
2015-03-24,117.58000183105469
2015-03-25,115.41999816894531
2015-03-26,115.13999938964844
2015-03-27,115.47000122070312
2015-03-30,116.86000061035156
2015-03-31,115.8499984741211
2015-04-01,115.41999816894531
2015-04-02,115.91000366210938
2015-04-06,116.69999694824219
2015-04-07,116.38999938964844
2015-04-08,116.76000213623047
2015-04-09,117.23999786376953
2015-04-10,117.83000183105469
2015-04-13,117.33000183105469
2015-04-14,117.5199966430664
2015-04-15,118.0199966430664
2015-04-16,117.9800033569336
2015-04-17,116.63999938964844
2015-04-20,117.66000366210938
2015-04-21,117.61000061035156
2015-04-22,118.12999725341797
2015-04-23,118.48999786376953
2015-04-24,118.66000366210938
2015-04-27,118.16000366210938
2015-04-28,118.45999908447266
2015-04-29,117.94999694824219
2015-04-30,116.79000091552734
2015-05-01,117.94000244140625
2015-05-04,118.36000061035156
2015-05-05,116.91000366210938
2015-05-06,116.54000091552734
2015-05-07,116.9800033569336
2015-05-08,118.45999908447266
2015-05-11,117.91999816894531
2015-05-12,117.58000183105469
2015-05-13,117.61000061035156
2015-05-14,118.81999969482422
2015-05-15,119.0199966430664
2015-05-18,119.37000274658203
2015-05-19,119.33000183105469
2015-05-20,119.23999786376953
2015-05-21,119.5199966430664
2015-05-22,119.30000305175781
2015-05-26,118.05000305175781
2015-05-27,119.12000274658203
2015-05-28,118.9800033569336
2015-05-29,118.27999877929688
2015-06-01,118.51000213623047
2015-06-02,118.41999816894531
2015-06-03,118.75
2015-06-04,117.76000213623047
2015-06-05,117.58000183105469
2015-06-08,116.81999969482422
2015-06-09,116.86000061035156
2015-06-10,118.20999908447266
2015-06-11,118.58999633789062
2015-06-12,117.75
2015-06-15,117.23999786376953
2015-06-16,117.9000015258789
2015-06-17,118.06999969482422
2015-06-18,119.23999786376953
2015-06-19,118.58999633789062
2015-06-22,119.3499984741211
2015-06-23,119.44999694824219
2015-06-24,118.51000213623047
2015-06-25,118.19999694824219
2015-06-26,118.12000274658203
2015-06-29,115.72000122070312
2015-06-30,116.04000091552734
2015-07-01,116.87999725341797
2015-07-02,116.20999908447266
2015-07-06,115.88999938964844
2015-07-07,116.5
2015-07-08,114.58000183105469
2015-07-09,114.83000183105469
2015-07-10,116.30000305175781
2015-07-13,117.48999786376953
2015-07-14,118.05000305175781
2015-07-15,117.9000015258789
2015-07-16,118.7699966430664
2015-07-17,118.8499984741211
2015-07-20,118.91999816894531
2015-07-21,118.4000015258789
2015-07-22,118.11000061035156
2015-07-23,117.52999877929688
2015-07-24,116.31999969482422
2015-07-27,115.58999633789062
2015-07-28,116.97000122070312
2015-07-29,117.87000274658203
2015-07-30,117.91999816894531
2015-07-31,117.7300033569336
2015-08-03,117.33000183105469
2015-08-04,117.1500015258789
2015-08-05,117.54000091552734
2015-08-06,116.61000061035156
2015-08-07,116.30999755859375
2015-08-10,117.7699966430664
2015-08-11,116.72000122070312
2015-08-12,116.8499984741211
2015-08-13,116.72000122070312
2015-08-14,117.13999938964844
2015-08-17,117.83999633789062
2015-08-18,117.52999877929688
2015-08-19,116.58000183105469
2015-08-20,114.0199966430664
2015-08-21,110.58999633789062
2015-08-24,106.12999725341797
2015-08-25,104.69000244140625
2015-08-26,108.66000366210938
2015-08-27,111.36000061035156
2015-08-28,111.48999786376953
2015-08-31,110.63999938964844
2015-09-01,107.2699966430664
2015-09-02,109.37000274658203
2015-09-03,109.45999908447266
2015-09-04,107.8499984741211
2015-09-08,110.58999633789062
2015-09-09,109.08000183105469
2015-09-10,109.58999633789062
2015-09-11,110.1500015258789
2015-09-14,109.7300033569336
2015-09-15,111.08999633789062
2015-09-16,112.04000091552734
2015-09-17,111.83000183105469
2015-09-18,110.05999755859375
2015-09-21,110.52999877929688
2015-09-22,109.11000061035156
2015-09-23,108.88999938964844
2015-09-24,108.48999786376953
2015-09-25,107.87999725341797
2015-09-28,105.05000305175781
2015-09-29,105.08000183105469
2015-09-30,107.05000305175781
2015-10-01,107.2300033569336
2015-10-02,108.86000061035156
2015-10-05,110.83000183105469
2015-10-06,110.44000244140625
2015-10-07,111.37999725341797
2015-10-08,112.38999938964844
2015-10-09,112.5
2015-10-12,112.5
2015-10-13,111.77999877929688
2015-10-14,111.2300033569336
2015-10-15,112.8499984741211
2015-10-16,113.30999755859375
2015-10-19,113.43000030517578
2015-10-20,113.29000091552734
2015-10-21,112.51000213623047
2015-10-22,114.25
2015-10-23,115.47000122070312
2015-10-26,115.2300033569336
2015-10-27,114.88999938964844
2015-10-28,116.30000305175781
2015-10-29,116.2300033569336
2015-10-30,115.7300033569336
2015-11-02,117.12000274658203
2015-11-03,117.41999816894531
2015-11-04,117.16000366210938
2015-11-05,117.01000213623047
2015-11-06,116.88999938964844
2015-11-09,115.83999633789062
2015-11-10,116.04000091552734
2015-11-11,115.58000183105469
2015-11-12,114.0
2015-11-13,112.72000122070312
2015-11-16,114.41000366210938
2015-11-17,114.20999908447266
2015-11-18,116.0999984741211
2015-11-19,116.02999877929688
2015-11-20,116.37999725341797
2015-11-23,116.31999969482422
2015-11-24,116.58999633789062
2015-11-25,116.55000305175781
2015-11-27,116.69000244140625
2015-11-30,116.19999694824219
2015-12-01,117.26000213623047
2015-12-02,116.0999984741211
2015-12-03,114.38999938964844
2015-12-04,116.55999755859375
2015-12-07,115.72000122070312
2015-12-08,115.0199966430664
2015-12-09,114.11000061035156
2015-12-10,114.38999938964844
2015-12-11,112.16999816894531
2015-12-14,112.5999984741211
2015-12-15,113.83999633789062
2015-12-16,115.4800033569336
2015-12-17,113.7300033569336
2015-12-18,111.80999755859375
2015-12-21,112.63999938964844
2015-12-22,113.6500015258789
2015-12-23,115.08999633789062
2015-12-24,114.31999969482422
2015-12-28,114.06999969482422
2015-12-29,115.22000122070312
2015-12-30,114.3499984741211
2015-12-31,113.30999755859375
2016-01-04,111.66000366210938
2016-01-05,111.87999725341797
2016-01-06,110.4000015258789
2016-01-07,107.70999908447266
2016-01-08,106.58999633789062
2016-01-11,106.5199966430664
2016-01-12,107.3499984741211
2016-01-13,104.5999984741211
2016-01-14,106.23999786376953
2016-01-15,103.9800033569336
2016-01-19,104.0
2016-01-20,102.83000183105469
2016-01-21,103.29000091552734
2016-01-22,105.44000244140625
2016-01-25,103.80000305175781
2016-01-26,105.30999755859375
2016-01-27,104.12000274658203
2016-01-28,104.52999877929688
2016-01-29,107.1500015258789
2016-02-01,107.18000030517578
2016-02-02,105.18000030517578
2016-02-03,105.76000213623047
2016-02-04,106.0
2016-02-05,103.9000015258789
2016-02-08,102.33999633789062
2016-02-09,102.16000366210938
2016-02-10,102.27999877929688
2016-02-11,100.93000030517578
2016-02-12,102.94000244140625
2016-02-16,104.7300033569336
2016-02-17,106.52999877929688
2016-02-18,106.08999633789062
2016-02-19,106.11000061035156
2016-02-22,107.62000274658203
2016-02-23,106.37000274658203
2016-02-24,106.80000305175781
2016-02-25,108.05999755859375
2016-02-26,108.0199966430664
2016-02-29,107.1500015258789
2016-03-01,109.69999694824219
2016-03-02,110.25
2016-03-03,110.80000305175781
2016-03-04,111.16999816894531
2016-03-07,111.30000305175781
2016-03-08,109.94999694824219
2016-03-09,110.54000091552734
2016-03-10,110.48999786376953
2016-03-11,112.37999725341797
2016-03-14,112.26000213623047
2016-03-15,111.94000244140625
2016-03-16,112.66999816894531
2016-03-17,113.43000030517578
2016-03-18,113.95999908447266
2016-03-21,114.04000091552734
2016-03-22,114.02999877929688
2016-03-23,112.62000274658203
2016-03-24,112.62000274658203
2016-03-28,112.6500015258789
2016-03-29,113.80000305175781
2016-03-30,114.22000122070312
2016-03-31,114.06999969482422
2016-04-01,114.73999786376953
2016-04-04,114.3499984741211
2016-04-05,113.22000122070312
2016-04-06,114.47000122070312
2016-04-07,113.12999725341797
2016-04-08,113.43000030517578
2016-04-11,113.19999694824219
2016-04-12,114.25
2016-04-13,115.47000122070312
2016-04-14,115.45999908447266
2016-04-15,115.37000274658203
2016-04-18,116.18000030517578
2016-04-19,116.48999786376953
2016-04-20,116.66000366210938
2016-04-21,116.05999755859375
2016-04-22,116.12000274658203
2016-04-25,115.8499984741211
2016-04-26,116.13999938964844
2016-04-27,116.41999816894531
2016-04-28,115.31999969482422
2016-04-29,114.66999816894531
2016-05-02,115.55999755859375
2016-05-03,114.5
2016-05-04,113.83000183105469
2016-05-05,113.80999755859375
2016-05-06,114.16999816894531
2016-05-09,114.29000091552734
2016-05-10,115.73999786376953
2016-05-11,114.61000061035156
2016-05-12,114.61000061035156
2016-05-13,113.62000274658203
2016-05-16,114.81999969482422
2016-05-17,113.7300033569336
2016-05-18,113.73999786376953
2016-05-19,113.3499984741211
2016-05-20,114.08000183105469
2016-05-23,113.87999725341797
2016-05-24,115.38999938964844
2016-05-25,116.19000244140625
2016-05-26,116.2300033569336
2016-05-27,116.7300033569336
2016-05-31,116.58000183105469
2016-06-01,116.88999938964844
2016-06-02,117.29000091552734
2016-06-03,116.91000366210938
2016-06-06,117.52999877929688
2016-06-07,117.68000030517578
2016-06-08,118.05999755859375
2016-06-09,117.8499984741211
2016-06-10,116.7300033569336
2016-06-13,115.76000213623047
2016-06-14,115.52999877929688
2016-06-15,115.47000122070312
2016-06-16,115.79000091552734
2016-06-17,115.36000061035156
2016-06-20,116.12999725341797
2016-06-21,116.37999725341797
2016-06-22,116.22000122070312
2016-06-23,117.80000305175781
2016-06-24,113.48999786376953
2016-06-27,111.31999969482422
2016-06-28,113.31999969482422
2016-06-29,115.33000183105469
2016-06-30,116.88999938964844
2016-07-01,117.1500015258789
2016-07-05,116.29000091552734
2016-07-06,116.37000274658203
2016-07-07,116.33000183105469
2016-07-08,118.08999633789062
2016-07-11,118.54000091552734
2016-07-12,119.41000366210938
2016-07-13,119.37999725341797
2016-07-14,119.98999786376953
2016-07-15,119.7699966430664
2016-07-18,120.05999755859375
2016-07-19,119.98999786376953
2016-07-20,120.56999969482422
2016-07-21,120.08999633789062
2016-07-22,120.62999725341797
2016-07-25,120.37999725341797
2016-07-26,120.45999908447266
2016-07-27,120.26000213623047
2016-07-28,120.45999908447266
2016-07-29,120.66000366210938
2016-08-01,120.5199966430664
2016-08-02,119.73999786376953
2016-08-03,120.16999816894531
2016-08-04,120.23999786376953
2016-08-05,121.18000030517578
2016-08-08,121.12000274658203
2016-08-09,121.18000030517578
2016-08-10,120.87999725341797
2016-08-11,121.44999694824219
2016-08-12,121.37000274658203
2016-08-15,121.7699966430664
2016-08-16,121.08999633789062
2016-08-17,121.27999877929688
2016-08-18,121.55000305175781
2016-08-19,121.43000030517578
2016-08-22,121.37999725341797
2016-08-23,121.68000030517578
2016-08-24,121.01000213623047
2016-08-25,120.94000244140625
2016-08-26,120.66999816894531
2016-08-29,121.30999755859375
2016-08-30,121.0999984741211
2016-08-31,120.79000091552734
2016-09-01,120.88999938964844
2016-09-02,121.47000122070312
2016-09-06,121.81999969482422
2016-09-07,121.91999816894531
2016-09-08,121.5999984741211
2016-09-09,118.62000274658203
2016-09-12,120.30000305175781
2016-09-13,118.44999694824219
2016-09-14,118.44999694824219
2016-09-15,119.62000274658203
2016-09-16,119.19000244140625
2016-09-19,119.26000213623047
2016-09-20,119.2300033569336
2016-09-21,120.54000091552734
2016-09-22,121.38999938964844
2016-09-23,120.7300033569336
2016-09-26,119.27999877929688
2016-09-27,119.98999786376953
2016-09-28,120.6500015258789
2016-09-29,119.54000091552734
2016-09-30,120.45999908447266
2016-10-03,120.05000305175781
2016-10-04,119.48999786376953
2016-10-05,120.0199966430664
2016-10-06,120.08000183105469
2016-10-07,119.66999816894531
2016-10-10,120.25
2016-10-11,118.76000213623047
2016-10-12,118.9000015258789
2016-10-13,118.4800033569336
2016-10-14,118.47000122070312
2016-10-17,118.13999938964844
2016-10-18,118.8499984741211
2016-10-19,119.19999694824219
2016-10-20,118.97000122070312
2016-10-21,118.98999786376953
2016-10-24,119.5
2016-10-25,119.06999969482422
2016-10-26,118.75
2016-10-27,118.37999725341797
2016-10-28,118.04000091552734
2016-10-31,118.06999969482422
2016-11-01,117.2699966430664
2016-11-02,116.51000213623047
2016-11-03,115.9800033569336
2016-11-04,115.91999816894531
2016-11-07,118.4000015258789
2016-11-08,118.91999816894531
2016-11-09,120.27999877929688
2016-11-10,120.55999755859375
2016-11-11,120.33000183105469
2016-11-14,120.61000061035156
2016-11-15,121.51000213623047
2016-11-16,121.36000061035156
2016-11-17,121.98999786376953
2016-11-18,121.75
2016-11-21,122.61000061035156
2016-11-22,122.9000015258789
2016-11-23,123.02999877929688
2016-11-25,123.4800033569336
2016-11-28,122.87999725341797
2016-11-29,123.05000305175781
2016-11-30,122.83999633789062
2016-12-01,122.31999969482422
2016-12-02,122.36000061035156
2016-12-05,123.1500015258789
2016-12-06,123.6500015258789
2016-12-07,125.2300033569336
2016-12-08,125.56999969482422
2016-12-09,126.23999786376953
2016-12-12,126.04000091552734
2016-12-13,126.80999755859375
2016-12-14,125.72000122070312
2016-12-15,126.25
2016-12-16,126.05999755859375
2016-12-19,126.31999969482422
2016-12-20,126.81999969482422
2016-12-21,126.47000122070312
2016-12-22,125.5199966430664
2016-12-23,125.66999816894531
2016-12-27,125.97000122070312
2016-12-28,124.93000030517578
2016-12-29,124.95999908447266
2016-12-30,124.45999908447266
2017-01-03,125.44000244140625
2017-01-04,126.27999877929688
2017-01-05,126.16999816894531
2017-01-06,126.68000030517578
2017-01-09,126.19000244140625
2017-01-10,126.2699966430664
2017-01-11,126.5999984741211
2017-01-12,126.2699966430664
2017-01-13,126.58000183105469
2017-01-17,126.16000366210938
2017-01-18,126.44999694824219
2017-01-19,125.94000244140625
2017-01-20,126.37000274658203
2017-01-23,126.05999755859375
2017-01-24,126.93000030517578
2017-01-25,127.98999786376953
2017-01-26,127.81999969482422
2017-01-27,127.66000366210938
2017-01-30,126.88999938964844
2017-01-31,126.86000061035156
2017-02-01,126.87000274658203
2017-02-02,126.9800033569336
2017-02-03,127.95999908447266
2017-02-06,127.69000244140625
2017-02-07,127.66999816894531
2017-02-08,127.81999969482422
2017-02-09,128.6300048828125
2017-02-10,129.1199951171875
2017-02-13,129.8000030517578
2017-02-14,130.30999755859375
2017-02-15,130.92999267578125
2017-02-16,130.88999938964844
2017-02-17,131.11000061035156
2017-02-21,131.83999633789062
2017-02-22,131.67999267578125
2017-02-23,131.72999572753906
2017-02-24,131.94000244140625
2017-02-27,132.14999389648438
2017-02-28,131.6999969482422
2017-03-01,133.5399932861328
2017-03-02,132.6699981689453
2017-03-03,132.8000030517578
2017-03-06,132.38999938964844
2017-03-07,131.97000122070312
2017-03-08,131.66000366210938
2017-03-09,131.7100067138672
2017-03-10,132.16000366210938
2017-03-13,132.2899932861328
2017-03-14,131.7899932861328
2017-03-15,132.9600067138672
2017-03-16,132.72999572753906
2017-03-17,132.5800018310547
2017-03-20,132.35000610351562
2017-03-21,130.58999633789062
2017-03-22,130.8800048828125
2017-03-23,130.77000427246094
2017-03-24,130.14999389648438
2017-03-27,129.99000549316406
2017-03-28,130.92999267578125
2017-03-29,131.11000061035156
2017-03-30,131.5500030517578
2017-03-31,131.25
2017-04-03,131.0399932861328
2017-04-04,131.10000610351562
2017-04-05,130.63999938964844
2017-04-06,131.0
2017-04-07,130.89999389648438
2017-04-10,131.02000427246094
2017-04-11,130.94000244140625
2017-04-12,130.39999389648438
2017-04-13,129.47000122070312
2017-04-17,130.58999633789062
2017-04-18,130.25
2017-04-19,130.08999633789062
2017-04-20,131.1199951171875
2017-04-21,130.69000244140625
2017-04-24,132.07000732421875
2017-04-25,132.8800048828125
2017-04-26,132.8800048828125
2017-04-27,132.94000244140625
2017-04-28,132.61000061035156
2017-05-01,132.9199981689453
2017-05-02,132.97000122070312
2017-05-03,132.7899932861328
2017-05-04,132.82000732421875
2017-05-05,133.44000244140625
2017-05-08,133.39999389648438
2017-05-09,133.25
2017-05-10,133.47999572753906
2017-05-11,133.19000244140625
2017-05-12,132.9600067138672
2017-05-15,133.66000366210938
2017-05-16,133.5500030517578
2017-05-17,131.22999572753906
2017-05-18,131.69000244140625
2017-05-19,132.58999633789062
2017-05-22,133.27999877929688
2017-05-23,133.5500030517578
2017-05-24,133.8800048828125
2017-05-25,134.5
2017-05-26,134.47000122070312
2017-05-30,134.3300018310547
2017-05-31,134.30999755859375
2017-06-01,135.39999389648438
2017-06-02,135.85000610351562
2017-06-05,135.75
2017-06-06,135.32000732421875
2017-06-07,135.5500030517578
2017-06-08,135.6199951171875
2017-06-09,135.4600067138672
2017-06-12,135.41000366210938
2017-06-13,136.1300048828125
2017-06-14,135.9499969482422
2017-06-15,135.6699981689453
2017-06-16,135.67999267578125
2017-06-19,136.74000549316406
2017-06-20,135.80999755859375
2017-06-21,135.75
2017-06-22,135.67999267578125
2017-06-23,135.9199981689453
2017-06-26,136.07000732421875
2017-06-27,135.0
2017-06-28,136.17999267578125
2017-06-29,135.02999877929688
2017-06-30,135.27000427246094
2017-07-03,135.57000732421875
2017-07-05,135.75999450683594
2017-07-06,133.8300018310547
2017-07-07,134.6699981689453
2017-07-10,134.8300018310547
2017-07-11,134.75
2017-07-12,135.77999877929688
2017-07-13,135.97000122070312
2017-07-14,136.58999633789062
2017-07-17,136.58999633789062
2017-07-18,136.6999969482422
2017-07-19,137.44000244140625
2017-07-20,137.4600067138672
2017-07-21,137.33999633789062
2017-07-24,137.39999389648438
2017-07-25,137.77000427246094
2017-07-26,137.75
2017-07-27,137.5399932861328
2017-07-28,137.32000732421875
2017-07-31,137.2100067138672
2017-08-01,137.52000427246094
2017-08-02,137.57000732421875
2017-08-03,137.3000030517578
2017-08-04,137.5500030517578
2017-08-07,137.80999755859375
2017-08-08,137.52999877929688
2017-08-09,137.3699951171875
2017-08-10,135.4199981689453
2017-08-11,135.6300048828125
2017-08-14,136.99000549316406
2017-08-15,136.94000244140625
2017-08-16,137.1999969482422
2017-08-17,135.1199951171875
2017-08-18,134.83999633789062
2017-08-21,135.0
2017-08-22,136.32000732421875
2017-08-23,135.88999938964844
2017-08-24,135.66000366210938
2017-08-25,135.9499969482422
2017-08-28,135.97000122070312
2017-08-29,136.0800018310547
2017-08-30,136.7899932861328
2017-08-31,137.64999389648438
2017-09-01,137.97000122070312
2017-09-05,136.86000061035156
2017-09-06,137.3300018310547
2017-09-07,137.27999877929688
2017-09-08,137.11000061035156
2017-09-11,138.55999755859375
2017-09-12,139.07000732421875
2017-09-13,139.16000366210938
2017-09-14,139.08999633789062
2017-09-15,139.3000030517578
2017-09-18,139.64999389648438
2017-09-19,139.74000549316406
2017-09-20,139.83999633789062
2017-09-21,139.5
2017-09-22,139.49000549316406
2017-09-25,139.27999877929688
2017-09-26,138.74000549316406
2017-09-27,139.25
2017-09-28,139.41000366210938
2017-09-29,139.8800048828125
2017-10-02,140.57000732421875
2017-10-03,140.86000061035156
2017-10-04,141.0500030517578
2017-10-05,141.8800048828125
2017-10-06,141.75999450683594
2017-10-09,141.5
2017-10-10,141.7899932861328
2017-10-11,142.00999450683594
2017-10-12,141.80999755859375
2017-10-13,141.99000549316406
2017-10-16,142.17999267578125
2017-10-17,142.22999572753906
2017-10-18,142.35000610351562
2017-10-19,142.4600067138672
2017-10-20,143.1199951171875
2017-10-23,142.57000732421875
2017-10-24,142.85000610351562
2017-10-25,142.1199951171875
2017-10-26,142.32000732421875
2017-10-27,143.42999267578125
2017-10-30,142.9499969482422
2017-10-31,143.11000061035156
2017-11-01,143.3000030517578
2017-11-02,143.36000061035156
2017-11-03,143.83999633789062
2017-11-06,144.02000427246094
2017-11-07,143.91000366210938
2017-11-08,144.17999267578125
2017-11-09,143.64999389648438
2017-11-10,143.5800018310547
2017-11-13,143.7100067138672
2017-11-14,143.42999267578125
2017-11-15,142.72000122070312
2017-11-16,143.9499969482422
2017-11-17,143.6300048828125
2017-11-20,143.88999938964844
2017-11-21,144.82000732421875
2017-11-22,144.6999969482422
2017-11-24,145.02000427246094
2017-11-27,144.9600067138672
2017-11-28,146.35000610351562
2017-11-29,146.27999877929688
2017-11-30,147.42999267578125
2017-12-01,147.2100067138672
2017-12-04,147.02999877929688
2017-12-05,146.49000549316406
2017-12-06,146.4499969482422
2017-12-07,146.9499969482422
2017-12-08,147.75999450683594
2017-12-11,148.1699981689453
2017-12-12,148.4199981689453
2017-12-13,148.3300018310547
2017-12-14,147.72000122070312
2017-12-15,148.94000244140625
2017-12-18,149.92999267578125
2017-12-19,149.3699951171875
2017-12-20,149.30999755859375
2017-12-21,149.0
2017-12-22,148.9499969482422
2017-12-26,148.7899932861328
2017-12-27,148.89999389648438
2017-12-28,149.22000122070312
2017-12-29,148.61000061035156
2018-01-02,149.6999969482422
2018-01-03,150.60000610351562
2018-01-04,151.22999572753906
2018-01-05,152.14999389648438
2018-01-08,152.4600067138672
2018-01-09,152.7899932861328
2018-01-10,152.52999877929688
2018-01-11,153.67999267578125
2018-01-12,154.6699981689453
2018-01-16,154.0800018310547
2018-01-17,155.5
2018-01-18,155.25999450683594
2018-01-19,156.02000427246094
2018-01-22,157.25
2018-01-23,157.63999938964844
2018-01-24,157.5399932861328
2018-01-25,157.55999755859375
2018-01-26,159.27999877929688
2018-01-29,158.24000549316406
2018-01-30,156.58999633789062
2018-01-31,156.64999389648438
2018-02-01,156.5800018310547
2018-02-02,153.25
2018-02-05,147.02999877929688
2018-02-06,149.55999755859375
2018-02-07,148.92999267578125
2018-02-08,143.39999389648438
2018-02-09,145.49000549316406
2018-02-12,147.49000549316406
2018-02-13,147.94000244140625
2018-02-14,150.0
2018-02-15,151.82000732421875
2018-02-16,151.92999267578125
2018-02-20,151.0
2018-02-21,150.27000427246094
2018-02-22,150.3699951171875
2018-02-23,152.72999572753906
2018-02-26,154.41000366210938
2018-02-27,152.47999572753906
2018-02-28,150.85000610351562
2018-03-01,148.88999938964844
2018-03-02,149.80999755859375
2018-03-05,151.5
2018-03-06,151.97999572753906
2018-03-07,151.97999572753906
2018-03-08,152.63999938964844
2018-03-09,155.1999969482422
2018-03-12,155.0800018310547
2018-03-13,154.1300048828125
2018-03-14,153.33999633789062
2018-03-15,153.1300048828125
2018-03-16,153.38999938964844
2018-03-19,151.33999633789062
2018-03-20,151.5399932861328
2018-03-21,151.35000610351562
2018-03-22,146.99000549316406
2018-03-23,143.89999389648438
2018-03-26,147.72999572753906
2018-03-27,145.17999267578125
2018-03-28,144.7899932861328
2018-03-29,146.86000061035156
2018-04-02,143.47000122070312
2018-04-03,145.27000427246094
2018-04-04,146.94000244140625
2018-04-05,147.94000244140625
2018-04-06,144.7899932861328
2018-04-09,145.3000030517578
2018-04-10,147.64999389648438
2018-04-11,146.9499969482422
2018-04-12,148.05999755859375
2018-04-13,147.6999969482422
2018-04-16,148.8800048828125
2018-04-17,150.4600067138672
2018-04-18,150.6300048828125
2018-04-19,149.7899932861328
2018-04-20,148.5500030517578
2018-04-23,148.5
2018-04-24,146.61000061035156
2018-04-25,146.83999633789062
2018-04-26,148.3699951171875
2018-04-27,148.47999572753906
2018-04-30,147.24000549316406
2018-05-01,147.57000732421875
2018-05-02,146.6300048828125
2018-05-03,146.30999755859375
2018-05-04,148.2100067138672
2018-05-07,148.80999755859375
2018-05-08,148.86000061035156
2018-05-09,150.22000122070312
2018-05-10,151.57000732421875
2018-05-11,151.86000061035156
2018-05-14,152.0399932861328
2018-05-15,150.97999572753906
2018-05-16,151.69000244140625
2018-05-17,151.60000610351562
2018-05-18,151.2899932861328
2018-05-21,152.38999938964844
2018-05-22,151.89999389648438
2018-05-23,152.3300018310547
2018-05-24,152.08999633789062
2018-05-25,151.75
2018-05-29,150.1199951171875
2018-05-30,152.0800018310547
2018-05-31,151.02999877929688
2018-06-01,152.60000610351562
2018-06-04,153.35000610351562
2018-06-05,153.5500030517578
2018-06-06,154.8300018310547
2018-06-07,154.72000122070312
2018-06-08,155.1999969482422
2018-06-11,155.4499969482422
2018-06-12,155.6999969482422
2018-06-13,155.10000610351562
2018-06-14,155.5399932861328
2018-06-15,155.3699951171875
2018-06-18,155.11000061035156
2018-06-19,154.52000427246094
2018-06-20,154.8699951171875
2018-06-21,153.7899932861328
2018-06-22,153.99000549316406
2018-06-25,151.91000366210938
2018-06-26,152.2100067138672
2018-06-27,150.88999938964844
2018-06-28,151.82000732421875
2018-06-29,151.97999572753906
2018-07-02,152.38999938964844
2018-07-03,151.1199951171875
2018-07-05,152.3800048828125
2018-07-06,153.67999267578125
2018-07-09,155.11000061035156
2018-07-10,155.58999633789062
2018-07-11,154.5399932861328
2018-07-12,155.80999755859375
2018-07-13,155.92999267578125
2018-07-16,155.72999572753906
2018-07-17,156.41000366210938
2018-07-18,156.75
2018-07-19,156.25999450683594
2018-07-20,156.02000427246094
2018-07-23,156.27000427246094
2018-07-24,156.75999450683594
2018-07-25,158.1199951171875
2018-07-26,157.77999877929688
2018-07-27,156.67999267578125
2018-07-30,155.6999969482422
2018-07-31,156.52000427246094
2018-08-01,156.36000061035156
2018-08-02,157.24000549316406
2018-08-03,157.89999389648438
2018-08-06,158.5800018310547
2018-08-07,159.02000427246094
2018-08-08,158.9499969482422
2018-08-09,158.82000732421875
2018-08-10,157.77999877929688
2018-08-13,157.1199951171875
2018-08-14,158.17999267578125
2018-08-15,156.94000244140625
2018-08-16,158.2100067138672
2018-08-17,158.7899932861328
2018-08-20,159.1300048828125
2018-08-21,159.5800018310547
2018-08-22,159.5800018310547
2018-08-23,159.27000427246094
2018-08-24,160.3000030517578
2018-08-27,161.52000427246094
2018-08-28,161.61000061035156
2018-08-29,162.5
2018-08-30,161.7899932861328
2018-08-31,161.8300018310547
2018-09-04,161.64999389648438
2018-09-05,161.14999389648438
2018-09-06,160.6300048828125
2018-09-07,160.25
2018-09-10,160.57000732421875
2018-09-11,161.16000366210938
2018-09-12,161.19000244140625
2018-09-13,162.0800018310547
2018-09-14,162.2100067138672
2018-09-17,161.2100067138672
2018-09-18,162.07000732421875
2018-09-19,162.16000366210938
2018-09-20,163.42999267578125
2018-09-21,163.2899932861328
2018-09-24,162.7100067138672
2018-09-25,162.5399932861328
2018-09-26,161.30999755859375
2018-09-27,161.74000549316406
2018-09-28,161.7100067138672
2018-10-01,162.17999267578125
2018-10-02,162.0500030517578
2018-10-03,162.25
2018-10-04,160.8800048828125
2018-10-05,159.88999938964844
2018-10-08,159.72999572753906
2018-10-09,159.52000427246094
2018-10-10,154.39999389648438
2018-10-11,151.2100067138672
2018-10-12,153.1699981689453
2018-10-15,152.49000549316406
2018-10-16,155.72999572753906
2018-10-17,155.77000427246094
2018-10-18,153.47999572753906
2018-10-19,153.22999572753906
2018-10-22,152.61000061035156
2018-10-23,151.75
2018-10-24,147.07000732421875
2018-10-25,149.75
2018-10-26,147.17999267578125
2018-10-29,146.27000427246094
2018-10-30,148.58999633789062
2018-10-31,150.24000549316406
2018-11-01,151.9499969482422
2018-11-02,151.05999755859375
2018-11-05,151.80999755859375
2018-11-06,152.77999877929688
2018-11-07,155.92999267578125
2018-11-08,155.58999633789062
2018-11-09,154.0800018310547
2018-11-12,151.10000610351562
2018-11-13,150.9199981689453
2018-11-14,149.82000732421875
2018-11-15,151.5
2018-11-16,151.82000732421875
2018-11-19,149.25999450683594
2018-11-20,146.52000427246094
2018-11-21,147.13999938964844
2018-11-23,146.3300018310547
2018-11-26,148.55999755859375
2018-11-27,148.89999389648438
2018-11-28,152.33999633789062
2018-11-29,152.08999633789062
2018-11-30,153.1300048828125
2018-12-03,155.00999450683594
2018-12-04,150.16000366210938
2018-12-06,149.88999938964844
2018-12-07,146.3800048828125
2018-12-10,146.55999755859375
2018-12-11,146.49000549316406
2018-12-12,147.3300018310547
2018-12-13,147.1300048828125
2018-12-14,144.49000549316406
2018-12-17,140.57000732421875
2018-12-18,140.64999389648438
2018-12-19,138.47999572753906
2018-12-20,136.25999450683594
2018-12-21,133.42999267578125
2018-12-24,129.86000061035156
2018-12-26,136.25
2018-12-27,137.52999877929688
2018-12-28,137.30999755859375
2018-12-31,138.69000244140625
2019-01-02,138.6300048828125
2019-01-03,135.30999755859375
2019-01-04,139.92999267578125
2019-01-07,141.0800018310547
2019-01-08,142.5
2019-01-09,143.24000549316406
2019-01-10,143.89999389648438
2019-01-11,143.8699951171875
2019-01-14,143.02999877929688
2019-01-15,144.5800018310547
2019-01-16,144.99000549316406
2019-01-17,146.14999389648438
2019-01-18,148.02999877929688
2019-01-22,146.02999877929688
2019-01-23,146.22999572753906
2019-01-24,146.50999450683594
2019-01-25,147.8300018310547
2019-01-28,146.75
2019-01-29,146.55999755859375
2019-01-30,148.83999633789062
2019-01-31,150.0800018310547
2019-02-01,150.30999755859375
2019-02-04,151.42999267578125
2019-02-05,152.07000732421875
2019-02-06,151.85000610351562
2019-02-07,150.4499969482422
2019-02-08,150.66000366210938
2019-02-11,150.8000030517578
2019-02-12,152.7100067138672
2019-02-13,153.16000366210938
2019-02-14,152.88999938964844
2019-02-15,154.52000427246094
2019-02-19,154.7899932861328
2019-02-20,155.05999755859375
2019-02-21,154.52999877929688
2019-02-22,155.5500030517578
2019-02-25,155.74000549316406
2019-02-26,155.5399932861328
2019-02-27,155.60000610351562
2019-02-28,155.19000244140625
2019-03-01,156.27999877929688
2019-03-04,155.5800018310547
2019-03-05,155.39999389648438
2019-03-06,154.30999755859375
2019-03-07,153.1199951171875
2019-03-08,152.80999755859375
2019-03-11,155.02999877929688
2019-03-12,155.5399932861328
2019-03-13,156.58999633789062
2019-03-14,156.52000427246094
2019-03-15,157.25999450683594
2019-03-18,157.77999877929688
2019-03-19,157.86000061035156
2019-03-20,156.63999938964844
2019-03-21,158.39999389648438
2019-03-22,155.2899932861328
2019-03-25,155.2100067138672
2019-03-26,156.30999755859375
2019-03-27,155.55999755859375
2019-03-28,156.25999450683594
2019-03-29,157.30999755859375
2019-04-01,159.13999938964844
2019-04-02,159.13999938964844
2019-04-03,159.52000427246094
2019-04-04,159.80999755859375
2019-04-05,160.57000732421875
2019-04-08,160.74000549316406
2019-04-09,159.82000732421875
2019-04-10,160.4499969482422
2019-04-11,160.50999450683594
2019-04-12,161.5500030517578
2019-04-15,161.4600067138672
2019-04-16,161.5500030517578
2019-04-17,161.07000732421875
2019-04-18,161.27999877929688
2019-04-22,161.4199981689453
2019-04-23,162.8800048828125
2019-04-24,162.60000610351562
2019-04-25,162.47999572753906
2019-04-26,163.27000427246094
2019-04-29,163.49000549316406
2019-04-30,163.5
2019-05-01,162.3300018310547
2019-05-02,162.0800018310547
2019-05-03,163.61000061035156
2019-05-06,163.00999450683594
2019-05-07,160.3800048828125
2019-05-08,160.00999450683594
2019-05-09,159.66000366210938
2019-05-10,160.3300018310547
2019-05-13,156.27999877929688
2019-05-14,157.61000061035156
2019-05-15,158.5500030517578
2019-05-16,160.10000610351562
2019-05-17,158.97000122070312
2019-05-20,157.9499969482422
2019-05-21,159.3800048828125
2019-05-22,158.83999633789062
2019-05-23,156.83999633789062
2019-05-24,157.1999969482422
2019-05-28,155.83999633789062
2019-05-29,154.69000244140625
2019-05-30,155.05999755859375
2019-05-31,153.14999389648438
2019-06-03,152.72999572753906
2019-06-04,156.1199951171875
2019-06-05,157.39999389648438
2019-06-06,158.38999938964844
2019-06-07,159.85000610351562
2019-06-10,160.63999938964844
2019-06-11,160.60000610351562
2019-06-12,160.3699951171875
2019-06-13,161.07000732421875
2019-06-14,160.75
2019-06-17,160.07000732421875
2019-06-18,161.5800018310547
2019-06-19,162.0800018310547
2019-06-20,163.67999267578125
2019-06-21,163.27000427246094
2019-06-24,162.9499969482422
2019-06-25,161.47000122070312
2019-06-26,161.25
2019-06-27,161.97999572753906
2019-06-28,162.7899932861328
2019-07-01,164.24000549316406
2019-07-02,164.8000030517578
2019-07-03,166.02000427246094
2019-07-05,165.7899932861328
2019-07-08,164.97000122070312
2019-07-09,165.24000549316406
2019-07-10,166.00999450683594
2019-07-11,166.27000427246094
2019-07-12,167.13999938964844
2019-07-15,167.17999267578125
2019-07-16,166.6300048828125
2019-07-17,165.52000427246094
2019-07-18,166.19000244140625
2019-07-19,165.17999267578125
2019-07-22,165.5800018310547
2019-07-23,166.74000549316406
2019-07-24,167.69000244140625
2019-07-25,166.80999755859375
2019-07-26,167.97999572753906
2019-07-29,167.6199951171875
2019-07-30,167.30999755859375
2019-07-31,165.4499969482422
2019-08-01,163.9600067138672
2019-08-02,162.6300048828125
2019-08-05,157.83999633789062
2019-08-06,159.97000122070312
2019-08-07,160.13999938964844
2019-08-08,163.30999755859375
2019-08-09,162.0399932861328
2019-08-12,160.1300048828125
2019-08-13,162.38999938964844
2019-08-14,157.7100067138672
2019-08-15,158.10000610351562
2019-08-16,160.4199981689453
2019-08-19,162.30999755859375
2019-08-20,161.07000732421875
2019-08-21,162.39999389648438
2019-08-22,162.32000732421875
2019-08-23,158.16000366210938
2019-08-26,159.8699951171875
2019-08-27,159.1699981689453
2019-08-28,160.24000549316406
2019-08-29,162.3699951171875
2019-08-30,162.36000061035156
2019-09-03,161.32000732421875
2019-09-04,163.02999877929688
2019-09-05,165.25
2019-09-06,165.35000610351562
2019-09-09,165.27999877929688
2019-09-10,165.27999877929688
2019-09-11,166.58999633789062
2019-09-12,167.0800018310547
2019-09-13,166.91000366210938
2019-09-16,166.5500030517578
2019-09-17,166.97999572753906
2019-09-18,166.9199981689453
2019-09-19,166.9499969482422
2019-09-20,166.14999389648438
2019-09-23,166.2100067138672
2019-09-24,164.08999633789062
2019-09-25,165.0800018310547
2019-09-26,164.6199951171875
2019-09-27,163.67999267578125
2019-09-30,164.5399932861328
2019-10-01,162.57000732421875
2019-10-02,159.6999969482422
2019-10-03,161.05999755859375
2019-10-04,163.2100067138672
2019-10-07,162.6199951171875
2019-10-08,159.9600067138672
2019-10-09,161.5
2019-10-10,162.49000549316406
2019-10-11,164.2899932861328
2019-10-14,164.14999389648438
2019-10-15,165.72999572753906
2019-10-16,165.27999877929688
2019-10-17,165.83999633789062
2019-10-18,165.13999938964844
2019-10-21,166.1999969482422
2019-10-22,165.64999389648438
2019-10-23,166.02999877929688
2019-10-24,166.49000549316406
2019-10-25,167.1699981689453
2019-10-28,168.1199951171875
2019-10-29,168.02000427246094
2019-10-30,168.57000732421875
2019-10-31,167.99000549316406
2019-11-01,169.6699981689453
2019-11-04,170.2899932861328
2019-11-05,170.19000244140625
2019-11-06,170.1699981689453
2019-11-07,170.7100067138672
2019-11-08,171.1699981689453
2019-11-11,170.9600067138672
2019-11-12,171.1999969482422
2019-11-13,171.3000030517578
2019-11-14,171.61000061035156
2019-11-15,172.8699951171875
2019-11-18,172.9499969482422
2019-11-19,173.02999877929688
2019-11-20,172.47000122070312
2019-11-21,172.07000732421875
2019-11-22,172.5
2019-11-25,173.83999633789062
2019-11-26,174.22999572753906
2019-11-27,175.1300048828125
2019-11-29,174.38999938964844
2019-12-02,172.88999938964844
2019-12-03,171.77999877929688
2019-12-04,172.72999572753906
2019-12-05,173.08999633789062
2019-12-06,174.5500030517578
2019-12-09,174.05999755859375
2019-12-10,173.89999389648438
2019-12-11,174.25999450683594
2019-12-12,175.75
2019-12-13,175.77000427246094
2019-12-16,176.24000549316406
2019-12-17,176.27999877929688
2019-12-18,176.25999450683594
2019-12-19,177.0399932861328
2019-12-20,177.97000122070312
2019-12-23,178.13999938964844
2019-12-24,178.08999633789062
2019-12-26,178.97000122070312
2019-12-27,178.92999267578125
2019-12-30,178.00999450683594
2019-12-31,178.4199981689453
2020-01-02,179.9600067138672
2020-01-03,178.82000732421875
2020-01-06,179.44000244140625
2020-01-07,179.00999450683594
2020-01-08,179.89999389648438
2020-01-09,181.0800018310547
2020-01-10,180.5800018310547
2020-01-13,181.88999938964844
2020-01-14,181.74000549316406
2020-01-15,182.07000732421875
2020-01-16,183.60000610351562
2020-01-17,184.11000061035156
2020-01-21,183.74000549316406
2020-01-22,183.8300018310547
2020-01-23,184.05999755859375
2020-01-24,182.3699951171875
2020-01-27,179.58999633789062
2020-01-28,181.44000244140625
2020-01-29,181.2899932861328
2020-01-30,181.85000610351562
2020-01-31,178.63999938964844
2020-02-03,180.11000061035156
2020-02-04,182.9499969482422
2020-02-05,184.72000122070312
2020-02-06,185.25999450683594
2020-02-07,184.33999633789062
2020-02-10,185.7100067138672
2020-02-11,186.0800018310547
2020-02-12,187.3000030517578
2020-02-13,187.1699981689453
2020-02-14,187.5
2020-02-18,187.16000366210938
2020-02-19,188.05999755859375
2020-02-20,187.39999389648438
2020-02-21,185.38999938964844
2020-02-24,179.3000030517578
2020-02-25,173.80999755859375
2020-02-26,172.97000122070312
2020-02-27,165.3300018310547
2020-02-28,164.22999572753906
2020-03-02,171.3800048828125
2020-03-03,166.75
2020-03-04,173.5500030517578
2020-03-05,167.82000732421875
2020-03-06,164.83999633789062
2020-03-09,151.9600067138672
2020-03-10,159.50999450683594
2020-03-11,151.41000366210938
2020-03-12,137.0
2020-03-13,149.1699981689453
2020-03-16,131.41000366210938
2020-03-17,139.77999877929688
2020-03-18,132.1699981689453
2020-03-19,132.22000122070312
2020-03-20,126.16999816894531
2020-03-23,122.98999786376953
2020-03-24,134.64999389648438
2020-03-25,135.7899932861328
2020-03-26,143.9499969482422
2020-03-27,139.50999450683594
2020-03-30,143.77000427246094
2020-03-31,141.52999877929688
2020-04-01,135.3000030517578
2020-04-02,138.10000610351562
2020-04-03,135.9600067138672
2020-04-06,145.3000030517578
2020-04-07,145.47000122070312
2020-04-08,150.63999938964844
2020-04-09,152.9600067138672
2020-04-13,151.35000610351562
2020-04-14,156.07000732421875
2020-04-15,152.6699981689453
2020-04-16,153.32000732421875
2020-04-17,157.67999267578125
2020-04-20,154.85000610351562
2020-04-21,150.19000244140625
2020-04-22,153.4199981689453
2020-04-23,153.61000061035156
2020-04-24,155.77999877929688
2020-04-27,158.1999969482422
2020-04-28,157.6300048828125
2020-04-29,161.8300018310547
2020-04-30,160.2100067138672
2020-05-01,155.8699951171875
2020-05-04,156.47999572753906
2020-05-05,157.92999267578125
2020-05-06,156.86000061035156
2020-05-07,158.9199981689453
2020-05-08,161.75999450683594
2020-05-11,161.88999938964844
2020-05-12,158.33999633789062
2020-05-13,155.4199981689453
2020-05-14,157.44000244140625
2020-05-15,158.13999938964844
2020-05-18,162.9600067138672
2020-05-19,161.42999267578125
2020-05-20,164.22999572753906
2020-05-21,163.1300048828125
2020-05-22,163.5399932861328
2020-05-26,165.83999633789062
2020-05-27,168.2899932861328
2020-05-28,167.8000030517578
2020-05-29,168.47000122070312
2020-06-01,169.52999877929688
2020-06-02,170.92999267578125
2020-06-03,173.36000061035156
2020-06-04,172.8800048828125
2020-06-05,177.30999755859375
2020-06-08,179.75
2020-06-09,178.05999755859375
2020-06-10,176.97999572753906
2020-06-11,166.63999938964844
2020-06-12,168.75
2020-06-15,169.97999572753906
2020-06-16,173.1999969482422
2020-06-17,172.3699951171875
2020-06-18,172.5399932861328
2020-06-19,171.66000366210938
2020-06-22,172.80999755859375
2020-06-23,173.3699951171875
2020-06-24,168.8699951171875
2020-06-25,170.75
2020-06-26,166.77999877929688
2020-06-29,169.14999389648438
2020-06-30,171.67999267578125
2020-07-01,172.7899932861328
2020-07-02,173.74000549316406
2020-07-06,176.36000061035156
2020-07-07,174.63999938964844
2020-07-08,176.02999877929688
2020-07-09,175.22000122070312
2020-07-10,177.00999450683594
2020-07-13,175.00999450683594
2020-07-14,177.3800048828125
2020-07-15,179.1199951171875
2020-07-16,178.47000122070312
2020-07-17,179.1699981689453
2020-07-20,180.8300018310547
2020-07-21,180.97999572753906
2020-07-22,182.14999389648438
2020-07-23,179.8699951171875
2020-07-24,178.60000610351562
2020-07-27,180.19000244140625
2020-07-28,178.9499969482422
2020-07-29,181.32000732421875
2020-07-30,180.67999267578125
2020-07-31,181.8699951171875
2020-08-03,183.44000244140625
2020-08-04,184.0
2020-08-05,185.22999572753906
2020-08-06,186.36000061035156
2020-08-07,186.27999877929688
2020-08-10,186.6699981689453
2020-08-11,185.1999969482422
2020-08-12,187.61000061035156
2020-08-13,187.60000610351562
2020-08-14,187.5
2020-08-17,188.3699951171875
2020-08-18,188.75999450683594
2020-08-19,187.97999572753906
2020-08-20,188.52999877929688
2020-08-21,189.08999633789062
2020-08-24,190.91000366210938
2020-08-25,191.57000732421875
2020-08-26,193.52000427246094
2020-08-27,193.97000122070312
2020-08-28,195.25999450683594
2020-08-31,195.14999389648438
2020-09-01,196.7899932861328
2020-09-02,199.44000244140625
2020-09-03,192.39999389648438
2020-09-04,190.55999755859375
2020-09-08,185.16000366210938
2020-09-09,188.8800048828125
2020-09-10,185.8699951171875
2020-09-11,185.77999877929688
2020-09-14,188.69000244140625
2020-09-15,189.7100067138672
2020-09-16,188.99000549316406
2020-09-17,187.32000732421875
2020-09-18,185.3699951171875
2020-09-21,183.47000122070312
2020-09-22,185.25
2020-09-23,180.05999755859375
2020-09-24,180.4600067138672
2020-09-25,183.58999633789062
2020-09-28,186.75
2020-09-29,185.77000427246094
2020-09-30,187.14999389648438
2020-10-01,188.50999450683594
2020-10-02,186.94000244140625
2020-10-05,190.27000427246094
2020-10-06,187.6999969482422
2020-10-07,190.92999267578125
2020-10-08,192.58999633789062
2020-10-09,194.32000732421875
2020-10-12,197.30999755859375
2020-10-13,196.33999633789062
2020-10-14,195.16000366210938
2020-10-15,194.83999633789062
2020-10-16,194.61000061035156
2020-10-19,191.8000030517578
2020-10-20,192.44000244140625
2020-10-21,191.85000610351562
2020-10-22,193.1699981689453
2020-10-23,193.80999755859375
2020-10-26,190.14999389648438
2020-10-27,189.52000427246094
2020-10-28,183.19000244140625
2020-10-29,185.1199951171875
2020-10-30,182.85000610351562
2020-11-02,184.92999267578125
2020-11-03,188.17999267578125
2020-11-04,192.55999755859375
2020-11-05,196.49000549316406
2020-11-06,196.52000427246094
2020-11-09,198.5
2020-11-10,198.0800018310547
2020-11-11,199.6199951171875
2020-11-12,197.75
2020-11-13,200.33999633789062
2020-11-16,202.7899932861328
2020-11-17,202.14999389648438
2020-11-18,200.0399932861328
2020-11-19,201.07000732421875
2020-11-20,200.00999450683594
2020-11-23,201.36000061035156
2020-11-24,204.4499969482422
2020-11-25,204.39999389648438
2020-11-27,205.11000061035156
2020-11-30,204.22999572753906
2020-12-01,206.24000549316406
2020-12-02,206.5399932861328
2020-12-03,206.7899932861328
2020-12-04,208.7100067138672
2020-12-07,208.64999389648438
2020-12-08,209.22000122070312
2020-12-09,207.0800018310547
2020-12-10,207.5
2020-12-11,207.1999969482422
2020-12-14,205.5800018310547
2020-12-15,208.36000061035156
2020-12-16,208.6699981689453
2020-12-17,210.27000427246094
2020-12-18,209.63999938964844
2020-12-21,209.00999450683594
2020-12-22,209.0500030517578
2020-12-23,209.0500030517578
2020-12-24,209.75
2020-12-28,210.97999572753906
2020-12-29,210.47000122070312
2020-12-30,210.89999389648438
2020-12-31,211.83999633789062
2021-01-04,208.88999938964844
2021-01-05,210.52999877929688
2021-01-06,211.88999938964844
2021-01-07,215.1300048828125
2021-01-08,216.4199981689453
2021-01-11,215.0399932861328
2021-01-12,215.30999755859375
2021-01-13,215.82000732421875
2021-01-14,215.13999938964844
2021-01-15,213.60000610351562
2021-01-19,215.22999572753906
2021-01-20,218.1699981689453
2021-01-21,218.13999938964844
2021-01-22,217.6199951171875
2021-01-25,218.3000030517578
2021-01-26,217.5500030517578
2021-01-27,212.17999267578125
2021-01-28,214.11000061035156
2021-01-29,210.1699981689453
2021-02-01,213.5399932861328
2021-02-02,216.86000061035156
2021-02-03,217.02000427246094
2021-02-04,219.42999267578125
2021-02-05,220.6300048828125
2021-02-08,222.27999877929688
2021-02-09,222.36000061035156
2021-02-10,222.27999877929688
2021-02-11,222.9199981689453
2021-02-12,224.02000427246094
2021-02-16,223.69000244140625
2021-02-17,223.47000122070312
2021-02-18,222.39999389648438
2021-02-19,222.47999572753906
2021-02-22,220.25999450683594
2021-02-23,220.3300018310547
2021-02-24,222.63999938964844
2021-02-25,217.1300048828125
2021-02-26,216.25
2021-03-01,221.5399932861328
2021-03-02,219.6699981689453
2021-03-03,216.36000061035156
2021-03-04,213.27000427246094
2021-03-05,217.08999633789062
2021-03-08,215.92999267578125
2021-03-09,219.30999755859375
2021-03-10,220.47000122070312
2021-03-11,223.27000427246094
2021-03-12,223.50999450683594
2021-03-15,225.05999755859375
2021-03-16,224.52999877929688
2021-03-17,225.24000549316406
2021-03-18,221.6699981689453
2021-03-19,221.55999755859375
2021-03-22,223.07000732421875
2021-03-23,221.16000366210938
2021-03-24,219.64999389648438
2021-03-25,220.22000122070312
2021-03-26,223.66000366210938
2021-03-29,223.25
2021-03-30,222.92999267578125
2021-03-31,223.8300018310547
2021-04-01,226.47999572753906
2021-04-05,229.47000122070312
2021-04-06,229.5500030517578
2021-04-07,229.60000610351562
2021-04-08,230.86000061035156
2021-04-09,232.57000732421875
2021-04-12,232.57000732421875
2021-04-13,233.5399932861328
2021-04-14,232.77999877929688
2021-04-15,235.39999389648438
2021-04-16,236.0399932861328
2021-04-19,234.6699981689453
2021-04-20,232.8000030517578
2021-04-21,235.2100067138672
2021-04-22,233.25999450683594
2021-04-23,235.82000732421875
2021-04-26,236.5
2021-04-27,236.57000732421875
2021-04-28,236.24000549316406
2021-04-29,237.5500030517578
2021-04-30,235.77999877929688
2021-05-03,236.30999755859375
2021-05-04,234.49000549316406
2021-05-05,234.3800048828125
2021-05-06,235.89999389648438
2021-05-07,237.7100067138672
2021-05-10,235.32000732421875
2021-05-11,233.3000030517578
2021-05-12,228.16000366210938
2021-05-13,230.83999633789062
2021-05-14,234.3800048828125
2021-05-17,233.91000366210938
2021-05-18,232.10000610351562
2021-05-19,231.32000732421875
2021-05-20,234.0399932861328
2021-05-21,233.7899932861328
2021-05-24,236.16000366210938
2021-05-25,235.5500030517578
2021-05-26,236.2899932861328
2021-05-27,236.39999389648438
2021-05-28,236.86000061035156
2021-06-01,236.82000732421875
2021-06-02,237.11000061035156
2021-06-03,236.02999877929688
2021-06-04,238.19000244140625
2021-06-07,238.1999969482422
2021-06-08,238.2899932861328
2021-06-09,237.92999267578125
2021-06-10,238.47999572753906
2021-06-11,239.14999389648438
2021-06-14,239.57000732421875
2021-06-15,238.97999572753906
2021-06-16,237.64999389648438
2021-06-17,237.63999938964844
2021-06-18,234.61000061035156
2021-06-21,237.91000366210938
2021-06-22,239.22999572753906
2021-06-23,239.0500030517578
2021-06-24,240.52999877929688
2021-06-25,241.5800018310547
2021-06-28,241.9199981689453
2021-06-29,242.11000061035156
2021-06-30,242.0800018310547
2021-07-01,243.22999572753906
2021-07-02,245.02000427246094
2021-07-06,244.50999450683594
2021-07-07,245.11000061035156
2021-07-08,243.1199951171875
2021-07-09,245.83999633789062
2021-07-12,246.52999877929688
2021-07-13,245.39999389648438
2021-07-14,245.35000610351562
2021-07-15,244.63999938964844
2021-07-16,242.7899932861328
2021-07-19,239.32000732421875
2021-07-20,243.1999969482422
2021-07-21,245.27999877929688
2021-07-22,245.67999267578125
2021-07-23,248.11000061035156
2021-07-26,248.5500030517578
2021-07-27,247.41000366210938
2021-07-28,247.47999572753906
2021-07-29,248.50999450683594
2021-07-30,247.14999389648438
2021-08-02,246.75999450683594
2021-08-03,248.67999267578125
2021-08-04,247.52000427246094
2021-08-05,249.14999389648438
2021-08-06,249.38999938964844
2021-08-09,249.30999755859375
2021-08-10,249.3800048828125
2021-08-11,249.8800048828125
2021-08-12,250.7100067138672
2021-08-13,251.0399932861328
2021-08-16,251.3800048828125
2021-08-17,249.58999633789062
2021-08-18,247.02999877929688
2021-08-19,247.0399932861328
2021-08-20,249.1999969482422
2021-08-23,251.47999572753906
2021-08-24,252.2100067138672
2021-08-25,252.8699951171875
2021-08-26,251.36000061035156
2021-08-27,253.6999969482422
2021-08-30,254.7899932861328
2021-08-31,254.22000122070312
2021-09-01,254.58999633789062
2021-09-02,255.4199981689453
2021-09-03,255.39999389648438
2021-09-07,254.3699951171875
2021-09-08,253.91000366210938
2021-09-09,252.92999267578125
2021-09-10,250.92999267578125
2021-09-13,251.42999267578125
2021-09-14,249.9499969482422
2021-09-15,252.13999938964844
2021-09-16,251.88999938964844
2021-09-17,249.58999633789062
2021-09-20,245.3699951171875
2021-09-21,245.3699951171875
2021-09-22,247.69000244140625
2021-09-23,250.7100067138672
2021-09-24,250.11000061035156
2021-09-27,249.42999267578125
2021-09-28,244.13999938964844
2021-09-29,244.50999450683594
2021-09-30,241.7100067138672
2021-10-01,244.49000549316406
2021-10-04,241.3300018310547
2021-10-05,243.69000244140625
2021-10-06,244.72999572753906
2021-10-07,246.99000549316406
2021-10-08,246.5
2021-10-11,244.7100067138672
2021-10-12,244.49000549316406
2021-10-13,245.52999877929688
2021-10-14,249.61000061035156
2021-10-15,251.44000244140625
2021-10-18,252.3300018310547
2021-10-19,254.10000610351562
2021-10-20,255.02999877929688
2021-10-21,256.010009765625
2021-10-22,255.64999389648438
2021-10-25,256.94000244140625
2021-10-26,256.9700012207031
2021-10-27,255.42999267578125
2021-10-28,257.9100036621094
2021-10-29,258.3800048828125
2021-11-01,259.19000244140625
2021-11-02,260.0299987792969
2021-11-03,261.79998779296875
2021-11-04,262.70001220703125
2021-11-05,263.4700012207031
2021-11-08,263.9100036621094
2021-11-09,263.1300048828125
2021-11-10,260.67999267578125
2021-11-11,260.9100036621094
2021-11-12,262.9700012207031
2021-11-15,262.9200134277344
2021-11-16,264.1300048828125
2021-11-17,263.2099914550781
2021-11-18,263.75
2021-11-19,263.1099853515625
2021-11-22,261.989990234375
2021-11-23,262.1700134277344
2021-11-24,262.8299865722656
2021-11-26,257.1199951171875
2021-11-29,260.1000061035156
2021-11-30,255.10000610351562
2021-12-01,251.4199981689453
2021-12-02,255.32000732421875
2021-12-03,252.88999938964844
2021-12-06,255.8699951171875
2021-12-07,261.17999267578125
2021-12-08,262.20001220703125
2021-12-09,260.0199890136719
2021-12-10,262.19000244140625
2021-12-13,258.94000244140625
2021-12-14,257.17999267578125
2021-12-15,261.1400146484375
2021-12-16,258.55999755859375
2021-12-17,256.4599914550781
2021-12-20,253.49000549316406
2021-12-21,258.3699951171875
2021-12-22,260.82000732421875
2021-12-23,262.4599914550781
2021-12-27,266.0199890136719
2021-12-28,265.6000061035156
2021-12-29,265.8500061035156
2021-12-30,265.4200134277344
2021-12-31,264.42999267578125
2022-01-03,266.1099853515625
2022-01-04,265.44000244140625
2022-01-05,259.9200134277344
2022-01-06,259.95001220703125
2022-01-07,258.8399963378906
2022-01-10,258.3900146484375
2022-01-11,260.94000244140625
2022-01-12,261.5
2022-01-13,257.7099914550781
2022-01-14,257.8299865722656
2022-01-18,252.86000061035156
2022-01-19,250.44000244140625
2022-01-20,247.67999267578125
2022-01-21,242.6999969482422
2022-01-24,243.97999572753906
2022-01-25,240.7100067138672
2022-01-26,239.77999877929688
2022-01-27,238.4499969482422
2022-01-28,244.38999938964844
2022-01-31,249.5399932861328
2022-02-01,251.22000122070312
2022-02-02,253.14999389648438
2022-02-03,247.1199951171875
2022-02-04,248.6999969482422
2022-02-07,247.86000061035156
2022-02-08,250.00999450683594
2022-02-09,253.94000244140625
2022-02-10,249.61000061035156
2022-02-11,244.72000122070312
2022-02-14,243.88999938964844
2022-02-15,247.9199981689453
2022-02-16,248.02999877929688
2022-02-17,242.52999877929688
2022-02-18,240.82000732421875
2022-02-22,238.27000427246094
2022-02-23,233.82000732421875
2022-02-24,237.7100067138672
2022-02-25,242.97000122070312
2022-02-28,242.6999969482422
2022-03-01,239.0
2022-03-02,243.39999389648438
2022-03-03,241.77999877929688
2022-03-04,239.35000610351562
2022-03-07,232.0500030517578
2022-03-08,230.47999572753906
2022-03-09,236.7899932861328
2022-03-10,235.75999450683594
2022-03-11,232.50999450683594
2022-03-14,230.50999450683594
2022-03-15,235.44000244140625
2022-03-16,241.02000427246094
2022-03-17,244.33999633789062
2022-03-18,247.05999755859375
2022-03-21,247.0
2022-03-22,250.00999450683594
2022-03-23,246.6999969482422
2022-03-24,249.61000061035156
2022-03-25,250.5399932861328
2022-03-28,252.38999938964844
2022-03-29,255.88999938964844
2022-03-30,253.99000549316406
2022-03-31,250.07000732421875
2022-04-01,251.11000061035156
2022-04-04,253.1999969482422
2022-04-05,249.60000610351562
2022-04-06,247.0500030517578
2022-04-07,248.00999450683594
2022-04-08,247.32000732421875
2022-04-11,243.36000061035156
2022-04-12,242.5500030517578
2022-04-13,245.5
2022-04-14,242.44000244140625
2022-04-18,242.17999267578125
2022-04-19,246.3800048828125
2022-04-20,246.0399932861328
2022-04-21,242.1999969482422
2022-04-22,235.50999450683594
2022-04-25,236.99000549316406
2022-04-26,230.17999267578125
2022-04-27,230.66000366210938
2022-04-28,236.33999633789062
2022-04-29,227.91000366210938
2022-05-02,229.17999267578125
2022-05-03,230.25
2022-05-04,236.94000244140625
2022-05-05,228.32000732421875
2022-05-06,226.66000366210938
2022-05-09,218.9499969482422
2022-05-10,219.5399932861328
2022-05-11,215.6699981689453
2022-05-12,215.7100067138672
2022-05-13,221.30999755859375
2022-05-16,220.2100067138672
2022-05-17,224.72999572753906
2022-05-18,215.91000366210938
2022-05-19,214.8000030517578
2022-05-20,214.8800048828125
2022-05-23,218.72999572753906
2022-05-24,216.64999389648438
2022-05-25,218.9199981689453
2022-05-26,223.3300018310547
2022-05-27,228.9600067138672
2022-05-31,227.38999938964844
2022-06-01,225.6300048828125
2022-06-02,230.1199951171875
2022-06-03,226.35000610351562
2022-06-06,227.05999755859375
2022-06-07,229.4199981689453
2022-06-08,226.91000366210938
2022-06-09,220.8699951171875
2022-06-10,214.3000030517578
2022-06-13,205.8300018310547
2022-06-14,205.1199951171875
2022-06-15,208.1199951171875
2022-06-16,201.02999877929688
2022-06-17,201.63999938964844
2022-06-21,206.52000427246094
2022-06-22,206.25999450683594
2022-06-23,208.5500030517578
2022-06-24,215.02000427246094
2022-06-27,214.3800048828125
2022-06-28,210.00999450683594
2022-06-29,209.69000244140625
2022-06-30,207.75999450683594
2022-07-01,210.0399932861328
2022-07-05,210.8000030517578
2022-07-06,211.22999572753906
2022-07-07,214.6999969482422
2022-07-08,214.39999389648438
2022-07-11,211.75
2022-07-12,209.85000610351562
2022-07-13,208.88999938964844
2022-07-14,208.00999450683594
2022-07-15,212.08999633789062
2022-07-18,210.4600067138672
2022-07-19,216.27000427246094
2022-07-20,218.00999450683594
2022-07-21,220.19000244140625
2022-07-22,217.92999267578125
2022-07-25,218.14999389648438
2022-07-26,215.39999389648438
2022-07-27,221.07000732421875
2022-07-28,223.85000610351562
2022-07-29,227.02000427246094
2022-08-01,226.5500030517578
2022-08-02,225.19000244140625
2022-08-03,228.8000030517578
2022-08-04,228.72999572753906
2022-08-05,228.50999450683594
2022-08-08,228.50999450683594
2022-08-09,227.25999450683594
2022-08-10,232.3800048828125
2022-08-11,232.3000030517578
2022-08-12,236.25999450683594
2022-08-15,237.17999267578125
2022-08-16,237.6300048828125
2022-08-17,235.72000122070312
2022-08-18,236.27000427246094
2022-08-19,232.9199981689453
2022-08-22,228.14999389648438
2022-08-23,227.5500030517578
2022-08-24,228.42999267578125
2022-08-25,231.72000122070312
2022-08-26,223.99000549316406
2022-08-29,222.32000732421875
2022-08-30,220.00999450683594
2022-08-31,218.30999755859375
2022-09-01,218.67999267578125
2022-09-02,216.42999267578125
2022-09-06,215.50999450683594
2022-09-07,219.55999755859375
2022-09-08,221.1999969482422
2022-09-09,224.88999938964844
2022-09-12,227.27000427246094
2022-09-13,217.52000427246094
2022-09-14,218.33999633789062
2022-09-15,215.99000549316406
2022-09-16,213.88999938964844
2022-09-19,215.5399932861328
2022-09-20,213.0399932861328
2022-09-21,209.30999755859375
2022-09-22,207.22999572753906
2022-09-23,203.6199951171875
2022-09-26,200.52000427246094
2022-09-27,200.1199951171875
2022-09-28,204.19000244140625
2022-09-29,200.10000610351562
2022-09-30,197.3300018310547
2022-10-03,202.2899932861328
2022-10-04,208.75999450683594
2022-10-05,208.30999755859375
2022-10-06,206.3800048828125
2022-10-07,200.5399932861328
2022-10-10,198.86000061035156
2022-10-11,197.47999572753906
2022-10-12,196.94000244140625
2022-10-13,201.8300018310547
2022-10-14,197.2100067138672
2022-10-17,202.41000366210938
2022-10-18,204.8000030517578
2022-10-19,203.1699981689453
2022-10-20,201.5399932861328
2022-10-21,206.1300048828125
2022-10-24,208.4600067138672
2022-10-25,212.19000244140625
2022-10-26,210.69000244140625
2022-10-27,209.64999389648438
2022-10-28,214.47000122070312
2022-10-31,212.9199981689453
2022-11-01,212.10000610351562
2022-11-02,206.7100067138672
2022-11-03,204.5800018310547
2022-11-04,207.19000244140625
2022-11-07,209.14999389648438
2022-11-08,210.27000427246094
2022-11-09,205.8800048828125
2022-11-10,217.52999877929688
2022-11-11,219.8000030517578
2022-11-14,217.8699951171875
2022-11-15,219.9199981689453
2022-11-16,217.94000244140625
2022-11-17,217.05999755859375
2022-11-18,217.94000244140625
2022-11-21,217.10000610351562
2022-11-22,219.97000122070312
2022-11-23,221.44000244140625
2022-11-25,221.44000244140625
2022-11-28,217.92999267578125
2022-11-29,217.55999755859375
2022-11-30,224.30999755859375
2022-12-01,224.49000549316406
2022-12-02,224.1699981689453
2022-12-05,219.8800048828125
2022-12-06,216.58999633789062
2022-12-07,216.1199951171875
2022-12-08,217.86000061035156
2022-12-09,216.33999633789062
2022-12-12,219.49000549316406
2022-12-13,220.25999450683594
2022-12-14,218.97999572753906
2022-12-15,213.39999389648438
2022-12-16,210.88999938964844
2022-12-19,209.02999877929688
2022-12-20,209.32000732421875
2022-12-21,212.47000122070312
2022-12-22,209.41000366210938
2022-12-23,210.64999389648438
2022-12-27,209.77000427246094
2022-12-28,207.2100067138672
2022-12-29,211.00999450683594
2022-12-30,210.52000427246094
2023-01-03,209.47999572753906
2023-01-04,211.27000427246094
2023-01-05,208.77999877929688
2023-01-06,213.42999267578125
2023-01-09,213.47999572753906
2023-01-10,215.0500030517578
2023-01-11,217.9600067138672
2023-01-12,218.8699951171875
2023-01-13,219.69000244140625
2023-01-17,219.4600067138672
2023-01-18,215.99000549316406
2023-01-19,214.25999450683594
2023-01-20,218.39999389648438
2023-01-23,221.1300048828125
2023-01-24,220.92999267578125
2023-01-25,220.8800048828125
2023-01-26,223.32000732421875
2023-01-27,224.0500030517578
2023-01-30,221.10000610351562
2023-01-31,224.5
2023-02-01,227.05999755859375
2023-02-02,230.5500030517578
2023-02-03,228.0800018310547
2023-02-06,226.47999572753906
2023-02-07,229.4499969482422
2023-02-08,227.02000427246094
2023-02-09,224.82000732421875
2023-02-10,225.22999572753906
2023-02-13,227.8000030517578
2023-02-14,227.91000366210938
2023-02-15,229.00999450683594
2023-02-16,225.82000732421875
2023-02-17,225.1999969482422
2023-02-21,220.47999572753906
2023-02-22,220.30999755859375
2023-02-23,221.47000122070312
2023-02-24,219.0500030517578
2023-02-27,219.77000427246094
2023-02-28,219.14999389648438
2023-03-01,218.24000549316406
2023-03-02,219.92999267578125
2023-03-03,223.5
2023-03-06,223.36000061035156
2023-03-07,220.02000427246094
2023-03-08,220.35000610351562
2023-03-09,216.11000061035156
2023-03-10,212.6199951171875
2023-03-13,212.0800018310547
2023-03-14,215.55999755859375
2023-03-15,214.14999389648438
2023-03-16,217.85000610351562
2023-03-17,215.17999267578125
2023-03-20,217.0800018310547
2023-03-21,220.14999389648438
2023-03-22,216.3699951171875
2023-03-23,215.94000244140625
2023-03-24,217.22000122070312
2023-03-27,217.83999633789062
2023-03-28,217.41000366210938
2023-03-29,220.6300048828125
2023-03-30,221.89999389648438
2023-03-31,225.22999572753906
2023-04-03,225.9199981689453
2023-04-04,224.47999572753906
2023-04-05,223.8000030517578
2023-04-06,224.60000610351562
2023-04-10,224.92999267578125
2023-04-11,225.0500030517578
2023-04-12,224.14999389648438
2023-04-13,227.07000732421875
2023-04-14,226.5500030517578
2023-04-17,227.25
2023-04-18,227.50999450683594
2023-04-19,227.4499969482422
2023-04-20,226.0800018310547
2023-04-21,226.27000427246094
2023-04-24,226.4499969482422
2023-04-25,222.74000549316406
2023-04-26,221.85000610351562
2023-04-27,226.1199951171875
2023-04-28,227.99000549316406
2023-05-01,227.86000061035156
2023-05-02,225.2100067138672
2023-05-03,223.74000549316406
2023-05-04,222.0500030517578
2023-05-05,226.2899932861328
2023-05-08,226.47000122070312
2023-05-09,225.5
2023-05-10,226.4199981689453
2023-05-11,226.02999877929688
2023-05-12,225.60000610351562
2023-05-15,226.58999633789062
2023-05-16,224.9499969482422
2023-05-17,227.72000122070312
2023-05-18,229.99000549316406
2023-05-19,229.57000732421875
2023-05-22,229.8000030517578
2023-05-23,227.16000366210938
2023-05-24,225.6199951171875
2023-05-25,227.32000732421875
2023-05-26,230.24000549316406
2023-05-30,230.3699951171875
2023-05-31,229.05999755859375
2023-06-01,231.3000030517578
2023-06-02,234.94000244140625
2023-06-05,234.49000549316406
2023-06-06,235.1999969482422
2023-06-07,233.82000732421875
2023-06-08,235.1199951171875
2023-06-09,235.35000610351562
2023-06-12,237.52999877929688
2023-06-13,239.14999389648438
2023-06-14,239.4499969482422
2023-06-15,242.4199981689453
2023-06-16,241.42999267578125
2023-06-20,240.3800048828125
2023-06-21,239.02000427246094
2023-06-22,239.6999969482422
2023-06-23,237.75999450683594
2023-06-26,237.00999450683594
2023-06-27,239.75999450683594
2023-06-28,239.89999389648438
2023-06-29,241.0
2023-06-30,243.74000549316406
2023-07-03,243.9600067138672
2023-07-05,243.6699981689453
2023-07-06,241.60000610351562
2023-07-07,241.2100067138672
2023-07-10,241.8800048828125
2023-07-11,243.82000732421875
2023-07-12,245.72000122070312
2023-07-13,247.7899932861328
2023-07-14,247.30999755859375
2023-07-17,248.4499969482422
2023-07-18,250.25
2023-07-19,250.77999877929688
2023-07-20,249.13999938964844
2023-07-21,249.1699981689453
2023-07-24,249.97000122070312
2023-07-25,250.5800018310547
2023-07-26,250.75999450683594
2023-07-27,249.02000427246094
2023-07-28,251.6199951171875
2023-07-31,252.1699981689453
2023-08-01,251.4600067138672
2023-08-02,247.92999267578125
2023-08-03,247.16000366210938
2023-08-04,246.00999450683594
2023-08-07,248.17999267578125
2023-08-08,246.97000122070312
2023-08-09,245.16000366210938
2023-08-10,245.32000732421875
2023-08-11,245.1300048828125
2023-08-14,246.3699951171875
2023-08-15,243.63999938964844
2023-08-16,241.72999572753906
2023-08-17,239.8000030517578
2023-08-18,239.97999572753906
2023-08-21,241.3800048828125
2023-08-22,240.6999969482422
2023-08-23,243.39999389648438
2023-08-24,240.00999450683594
2023-08-25,241.80999755859375
2023-08-28,243.1999969482422
2023-08-29,246.88999938964844
2023-08-30,248.02999877929688
2023-08-31,247.7899932861328
2023-09-01,248.47000122070312
2023-09-05,247.22000122070312
2023-09-06,245.60000610351562
2023-09-07,244.83999633789062
2023-09-08,245.19000244140625
2023-09-11,246.8800048828125
2023-09-12,245.49000549316406
2023-09-13,245.47999572753906
2023-09-14,247.7100067138672
2023-09-15,244.7100067138672
2023-09-18,244.85000610351562
2023-09-19,244.36000061035156
2023-09-20,242.10000610351562
2023-09-21,237.97999572753906
2023-09-22,237.39999389648438
2023-09-25,238.33999633789062
2023-09-26,234.05999755859375
2023-09-27,234.0500030517578
2023-09-28,235.6699981689453
2023-09-29,234.91000366210938
2023-10-02,234.91000366210938
2023-10-03,231.55999755859375
2023-10-04,233.32000732421875
2023-10-05,233.1699981689453
2023-10-06,235.9499969482422
2023-10-09,237.42999267578125
2023-10-10,238.83999633789062
2023-10-11,239.82000732421875
2023-10-12,238.0
2023-10-13,236.85000610351562
2023-10-16,239.47000122070312
2023-10-17,239.58999633789062
2023-10-18,236.1999969482422
2023-10-19,234.02000427246094
2023-10-20,231.2100067138672
2023-10-23,230.5399932861328
2023-10-24,232.27999877929688
2023-10-25,228.88999938964844
2023-10-26,226.2100067138672
2023-10-27,225.16000366210938
2023-10-30,227.83999633789062
2023-10-31,229.30999755859375
2023-11-01,231.67999267578125
2023-11-02,236.11000061035156
2023-11-03,238.6199951171875
2023-11-06,238.8000030517578
2023-11-07,239.63999938964844
2023-11-08,239.7100067138672
2023-11-09,237.77000427246094
2023-11-10,241.25
2023-11-13,241.2100067138672
2023-11-14,246.24000549316406
2023-11-15,246.60000610351562
2023-11-16,246.8300018310547
2023-11-17,247.33999633789062
2023-11-20,249.25999450683594
2023-11-21,248.57000732421875
2023-11-22,249.67999267578125
2023-11-24,249.9600067138672
2023-11-27,249.52999877929688
2023-11-28,249.6999969482422
2023-11-29,249.77000427246094
2023-11-30,250.7100067138672
2023-12-01,252.61000061035156
2023-12-04,251.4600067138672
2023-12-05,251.24000549316406
2023-12-06,250.2899932861328
2023-12-07,252.07000732421875
2023-12-08,253.1999969482422
2023-12-11,254.3000030517578
2023-12-12,255.36000061035156
2023-12-13,259.25
2023-12-14,260.3599853515625
2023-12-15,259.95001220703125
2023-12-18,261.1700134277344
2023-12-19,263.0199890136719
2023-12-20,258.1199951171875
2023-12-21,260.8999938964844
2023-12-22,261.3800048828125
2023-12-26,262.5899963378906
2023-12-27,263.0799865722656
2023-12-28,263.1700134277344
2023-12-29,262.260009765625
2024-01-02,260.6700134277344
2024-01-03,258.17999267578125
2024-01-04,257.4599914550781
2024-01-05,257.92999267578125
2024-01-08,261.55999755859375
2024-01-09,261.29998779296875
2024-01-10,262.6000061035156
2024-01-11,262.3999938964844
2024-01-12,262.44000244140625
2024-01-16,261.4599914550781
2024-01-17,259.8999938964844
2024-01-18,262.2200012207031
2024-01-19,265.5
2024-01-22,266.239990234375
2024-01-23,266.8999938964844
2024-01-24,267.0400085449219
2024-01-25,268.32000732421875
2024-01-26,268.17999267578125
2024-01-29,270.5400085449219
2024-01-30,270.2099914550781
2024-01-31,265.7699890136719
2024-02-01,269.2200012207031
2024-02-02,271.8599853515625
2024-02-05,270.55999755859375
2024-02-06,271.4800109863281
2024-02-07,273.8699951171875
2024-02-08,274.2900085449219
2024-02-09,275.8399963378906
2024-02-12,275.8399963378906
2024-02-13,271.8900146484375
2024-02-14,274.6099853515625
2024-02-15,276.4800109863281
2024-02-16,275.0799865722656
2024-02-20,273.5799865722656
2024-02-21,273.67999267578125
2024-02-22,279.2699890136719
2024-02-23,279.30999755859375
2024-02-26,278.489990234375
2024-02-27,279.0799865722656
2024-02-28,278.6499938964844
2024-02-29,279.7699890136719
2024-03-01,282.2300109863281
2024-03-04,282.0199890136719
2024-03-05,279.04998779296875
2024-03-06,280.6700134277344
2024-03-07,283.4800109863281
2024-03-08,281.6000061035156
2024-03-11,281.3800048828125
2024-03-12,284.2900085449219
2024-03-13,283.9100036621094
2024-03-14,283.0799865722656
2024-03-15,281.0799865722656
2024-03-18,282.8699951171875
2024-03-19,284.4200134277344
2024-03-20,287.20001220703125
2024-03-21,287.3399963378906
2024-03-22,286.6700134277344
2024-03-25,285.8900146484375
2024-03-26,285.3399963378906
2024-03-27,288.1000061035156
2024-03-28,288.0299987792969
2024-04-01,287.3999938964844
2024-04-02,285.3800048828125
2024-04-03,285.7699890136719
2024-04-04,282.3699951171875
2024-04-05,285.3900146484375
2024-04-08,285.80999755859375
2024-04-09,285.9800109863281
2024-04-10,283.05999755859375
2024-04-11,284.94000244140625
2024-04-12,280.79998779296875
2024-04-15,277.1400146484375
2024-04-16,276.69000244140625
2024-04-17,275.1000061035156
2024-04-18,274.4800109863281
2024-04-19,272.2099914550781
2024-04-22,274.739990234375
2024-04-23,277.989990234375
2024-04-24,277.9200134277344
2024-04-25,276.79998779296875
2024-04-26,279.45001220703125
2024-04-29,280.5199890136719
2024-04-30,275.9800109863281
2024-05-01,275.17999267578125
2024-05-02,277.8299865722656
2024-05-03,281.1400146484375
2024-05-06,284.19000244140625
2024-05-07,284.2699890136719
2024-05-08,284.2300109863281
2024-05-09,285.9599914550781
2024-05-10,286.1700134277344
2024-05-13,286.29998779296875
2024-05-14,287.6000061035156
2024-05-15,291.20001220703125
2024-05-16,290.3999938964844
2024-05-17,290.9100036621094
2024-05-20,291.32000732421875
2024-05-21,291.80999755859375
2024-05-22,290.8500061035156
2024-05-23,288.54998779296875
2024-05-24,290.4200134277344
2024-05-28,290.29998779296875
2024-05-29,288.239990234375
2024-05-30,286.6700134277344
2024-05-31,288.8599853515625
2024-06-03,289.07000732421875
2024-06-04,289.3299865722656
2024-06-05,292.6099853515625
2024-06-06,292.5899963378906
2024-06-07,292.1300048828125
2024-06-10,293.05999755859375
2024-06-11,293.04998779296875
2024-06-12,295.5199890136719
2024-06-13,295.67999267578125
2024-06-14,295.75
2024-06-17,297.94000244140625
2024-06-18,298.7200012207031
2024-06-20,297.69000244140625
2024-06-21,297.6400146484375
2024-06-24,297.010009765625
2024-06-25,297.8699951171875
2024-06-26,298.2699890136719
2024-06-27,298.69000244140625
2024-06-28,297.5400085449219
2024-07-01,298.1499938964844
2024-07-02,300.1700134277344
2024-07-03,301.2900085449219
2024-07-05,303.0299987792969
2024-07-08,303.29998779296875
2024-07-09,303.3699951171875
2024-07-10,306.3399963378906
2024-07-11,304.4100036621094
2024-07-12,306.3299865722656
2024-07-15,307.2200012207031
2024-07-16,309.3699951171875
2024-07-17,304.989990234375
2024-07-18,302.6099853515625
2024-07-19,300.55999755859375
2024-07-22,303.8399963378906
2024-07-23,303.4100036621094
2024-07-24,296.5199890136719
2024-07-25,295.17999267578125
2024-07-26,298.54998779296875
2024-07-29,298.7900085449219
2024-07-30,297.5199890136719
2024-07-31,301.8999938964844
2024-08-01,297.5299987792969
2024-08-02,291.739990234375
2024-08-05,283.2799987792969
2024-08-06,285.8399963378906
2024-08-07,284.0400085449219
2024-08-08,290.5799865722656
2024-08-09,291.94000244140625
2024-08-12,291.9599914550781
2024-08-13,296.82000732421875
2024-08-14,297.8900146484375
2024-08-15,303.25
2024-08-16,303.5299987792969
2024-08-19,306.3500061035156
2024-08-20,305.7699890136719
2024-08-21,307.05999755859375
2024-08-22,304.55999755859375
2024-08-23,308.1400146484375
2024-08-26,307.2099914550781
2024-08-27,307.6499938964844
2024-08-28,305.70001220703125
2024-08-29,306.0799865722656
2024-08-30,309.05999755859375
2024-09-03,302.3900146484375
2024-09-04,301.7699890136719
2024-09-05,300.8999938964844
2024-09-06,295.8800048828125
2024-09-09,299.20001220703125
2024-09-10,300.2799987792969
2024-09-11,303.4800109863281
2024-09-12,305.9100036621094
2024-09-13,307.8500061035156
2024-09-16,308.42999267578125
2024-09-17,308.6400146484375
2024-09-18,307.82000732421875
2024-09-19,313.1600036621094
2024-09-20,312.4200134277344
2024-09-23,313.3299865722656
2024-09-24,314.1400146484375
2024-09-25,312.3500061035156
2024-09-26,313.6499938964844
2024-09-27,313.239990234375
2024-09-30,314.3900146484375
2024-10-01,311.6300048828125
2024-10-02,311.7900085449219
2024-10-03,311.1099853515625
2024-10-04,314.1499938964844
2024-10-07,311.2200012207031
2024-10-08,313.9100036621094
2024-10-09,316.2200012207031
2024-10-10,315.6300048828125
2024-10-11,317.8500061035156
2024-10-14,320.3699951171875
2024-10-15,318.05999755859375
2024-10-16,319.44000244140625
2024-10-17,319.4200134277344
2024-10-18,320.79998779296875
2024-10-21,320.0199890136719
2024-10-22,319.6400146484375
2024-10-23,316.7799987792969
2024-10-24,317.6300048828125
2024-10-25,317.3900146484375
2024-10-28,318.5299987792969
2024-10-29,319.0
2024-10-30,318.1600036621094
2024-10-31,312.239990234375
2024-11-01,313.510009765625
2024-11-04,312.7699890136719
2024-11-05,316.6499938964844
2024-11-06,324.9700012207031
2024-11-07,327.5899963378906
2024-11-08,329.0899963378906
2024-11-11,329.8500061035156
2024-11-12,328.7900085449219
2024-11-13,328.8500061035156
2024-11-14,326.6400146484375
2024-11-15,322.2900085449219
2024-11-18,323.80999755859375
2024-11-19,325.0299987792969
2024-11-20,325.3999938964844
2024-11-21,327.44000244140625
2024-11-22,328.8999938964844
2024-11-25,330.2900085449219
2024-11-26,331.69000244140625
2024-11-27,330.6099853515625
2024-11-29,332.5299987792969
2024-12-02,333.010009765625
2024-12-03,333.1700134277344
2024-12-04,335.6199951171875
2024-12-05,334.8599853515625
2024-12-06,335.7099914550781
2024-12-09,333.5299987792969
2024-12-10,332.3699951171875
2024-12-11,335.010009765625
2024-12-12,333.1700134277344
2024-12-13,333.0299987792969
2024-12-16,334.45001220703125
2024-12-17,331.7900085449219
2024-12-18,321.55999755859375
2024-12-19,321.3299865722656
2024-12-20,324.95001220703125
2024-12-23,327.010009765625
2024-12-24,330.5199890136719
2024-12-26,330.54998779296875
2024-12-27,327.07000732421875
2024-12-30,323.3900146484375
2024-12-31,322.1600036621094
2025-01-02,321.54998779296875
2025-01-03,325.7300109863281
2025-01-06,327.6199951171875
2025-01-07,323.989990234375
2025-01-08,324.3299865722656
2025-01-10,319.510009765625
2025-01-13,320.1600036621094
2025-01-14,320.8599853515625
2025-01-15,326.6499938964844
2025-01-16,326.2300109863281
2025-01-17,329.3900146484375
2025-01-21,332.5199890136719
2025-01-22,334.3299865722656
2025-01-23,336.010009765625
2025-01-24,335.1700134277344
2025-01-27,330.3800048828125
2025-01-28,332.8999938964844
2025-01-29,331.9700012207031
2025-01-30,333.739990234375
2025-01-31,332.1600036621094
2025-02-03,329.8599853515625
2025-02-04,332.0899963378906
2025-02-05,333.4200134277344
2025-02-06,334.4700012207031
2025-02-07,331.55999755859375
2025-02-10,333.7099914550781
2025-02-11,333.5899963378906
2025-02-12,332.42999267578125
2025-02-13,336.010009765625
2025-02-14,336.0299987792969
2025-02-18,336.9100036621094
2025-02-19,337.5400085449219
2025-02-20,335.7699890136719
2025-02-21,329.7300109863281
2025-02-24,328.04998779296875
2025-02-25,326.4599914550781
2025-02-26,326.3999938964844
2025-02-27,321.3900146484375
2025-02-28,326.3900146484375
2025-03-03,320.5400085449219
2025-03-04,316.6700134277344
2025-03-05,320.29998779296875
2025-03-06,314.29998779296875
2025-03-07,315.9800109863281
2025-03-10,307.3299865722656
2025-03-11,305.0199890136719
2025-03-12,306.5799865722656
2025-03-13,302.30999755859375
2025-03-14,308.8699951171875
2025-03-17,311.3699951171875
2025-03-18,307.010009765625
2025-03-19,310.489990234375
2025-03-20,309.75
2025-03-21,309.80999755859375
2025-03-24,315.55999755859375
2025-03-25,316.2300109863281
2025-03-26,312.4599914550781
2025-03-27,311.239990234375
2025-03-28,305.0299987792969
2025-03-31,306.739990234375
2025-04-01,307.82000732421875
2025-04-02,310.25
2025-04-03,294.92999267578125
2025-04-04,277.4100036621094
2025-04-07,276.8299865722656
2025-04-08,272.3599853515625
2025-04-09,298.04998779296875
2025-04-10,287.75
2025-04-11,292.42999267578125
2025-04-14,295.1499938964844
2025-04-15,294.4200134277344
2025-04-16,288.2900085449219
2025-04-17,288.8900146484375
2025-04-21,282.0899963378906
2025-04-22,289.3500061035156
2025-04-23,294.0799865722656
2025-04-24,300.2900085449219
2025-04-25,302.3500061035156
2025-04-28,302.45001220703125
2025-04-29,304.32000732421875
2025-04-30,304.6700134277344
2025-05-01,306.5899963378906
2025-05-02,311.1499938964844
2025-05-05,309.510009765625
2025-05-06,307.1099853515625
2025-05-07,308.2699890136719
2025-05-08,310.510009765625
2025-05-09,310.239990234375
2025-05-12,320.55999755859375
2025-05-13,322.7799987792969
2025-05-14,323.2200012207031
2025-05-15,324.6199951171875
2025-05-16,326.7200012207031
2025-05-19,327.1700134277344
2025-05-20,325.75
2025-05-21,320.30999755859375
2025-05-22,320.19000244140625
2025-05-23,318.3999938964844
2025-05-27,324.760009765625
2025-05-28,322.8500061035156
2025-05-29,324.2900085449219
2025-05-30,324.0799865722656
2025-06-02,325.3500061035156
2025-06-03,327.6199951171875
2025-06-04,327.57000732421875
2025-06-05,326.1499938964844
2025-06-06,329.4700012207031
2025-06-09,329.6499938964844
2025-06-10,331.4599914550781
2025-06-11,330.6099853515625
2025-06-12,331.6400146484375
2025-06-13,327.8299865722656
2025-06-16,330.1700134277344
2025-06-17,327.30999755859375
2025-06-18,327.4700012207031
2025-06-20,326.2900085449219
2025-06-23,329.8599853515625
2025-06-24,333.5
2025-06-25,333.4599914550781
2025-06-26,336.2300109863281
2025-06-27,337.4700012207031
2025-06-30,339.57000732421875
2025-07-01,339.3699951171875
2025-07-02,340.9700012207031
2025-07-03,343.7300109863281
2025-07-07,341.3699951171875
2025-07-08,341.0199890136719
2025-07-09,343.1499938964844
2025-07-10,344.05999755859375
2025-07-11,342.6700134277344
2025-07-14,343.510009765625
2025-07-15,341.7699890136719
2025-07-16,343.0400085449219
2025-07-17,345.2200012207031
2025-07-18,345.17999267578125
2025-07-21,345.45001220703125
2025-07-22,345.6600036621094
2025-07-23,348.54998779296875
2025-07-24,348.5199890136719
2025-07-25,350.1499938964844
2025-07-28,350.07000732421875
2025-07-29,349.0299987792969
2025-07-30,348.489990234375
2025-07-31,347.3599853515625
2025-08-01,341.55999755859375
2025-08-04,346.6499938964844
2025-08-05,345.1700134277344
2025-08-06,347.55999755859375
2025-08-07,347.3599853515625
2025-08-08,349.70001220703125
2025-08-11,348.9200134277344
2025-08-12,352.8999938964844
2025-08-13,354.2699890136719
2025-08-14,354.0199890136719
2025-08-15,353.25
2025-08-18,353.2699890136719
2025-08-19,351.25
2025-08-20,350.20001220703125
2025-08-21,348.9800109863281
2025-08-22,354.5299987792969
2025-08-25,353.05999755859375
2025-08-26,354.489990234375
2025-08-27,355.4599914550781
2025-08-28,356.7300109863281
2025-08-29,354.7099914550781
2025-09-02,352.1099853515625
2025-09-03,353.8599853515625
2025-09-04,356.8299865722656
2025-09-05,356.0400085449219
2025-09-08,357.1700134277344
2025-09-09,357.760009765625
2025-09-10,358.7900085449219
2025-09-11,361.8500061035156
2025-09-12,361.489990234375
2025-09-15,363.2200012207031
2025-09-16,361.8699951171875
2025-09-17,361.3999938964844
2025-09-18,363.32000732421875
2025-09-19,364.8399963378906
2025-09-22,366.4599914550781
2025-09-23,364.55999755859375
2025-09-24,363.19000244140625
2025-09-25,361.3999938964844
2025-09-26,363.5899963378906
2025-09-29,364.489990234375
2025-09-30,365.4800109863281
2025-10-01,366.8699951171875
2025-10-02,367.42999267578125
2025-10-03,367.4700012207031
2025-10-06,368.8399963378906
2025-10-07,367.2300109863281
2025-10-08,369.4599914550781
2025-10-09,368.2900085449219
2025-10-10,358.3900146484375
2025-10-13,364.0400085449219
2025-10-14,363.6600036621094
2025-10-15,365.20001220703125
2025-10-16,362.6600036621094
2025-10-17,364.57000732421875
2025-10-20,368.3900146484375
2025-10-21,368.6099853515625
2025-10-22,366.30999755859375
2025-10-23,368.6099853515625
2025-10-24,371.57000732421875
2025-10-27,375.9100036621094
2025-10-28,376.5400085449219
2025-10-29,376.1700134277344
2025-10-30,372.3699951171875
2025-10-31,373.7099914550781
2025-11-03,374.0799865722656
2025-11-04,369.6400146484375
2025-11-05,371.0400085449219
2025-11-06,367.0299987792969
2025-11-07,367.6000061035156
2025-11-10,373.1499938964844
2025-11-11,374.1400146484375
2025-11-12,374.3900146484375
2025-11-13,368.0400085449219
2025-11-14,367.8800048828125
2025-11-17,364.1600036621094
2025-11-18,361.3599853515625
2025-11-19,362.739990234375
2025-11-20,357.0299987792969
2025-11-21,360.8299865722656
2025-11-24,366.1199951171875
2025-11-25,369.7699890136719
2025-11-26,372.4599914550781
2025-11-28,374.44000244140625
2025-12-01,372.7699890136719
2025-12-02,373.3399963378906
2025-12-03,374.6600036621094
2025-12-04,375.0299987792969
2025-12-05,375.7699890136719
2025-12-08,374.57000732421875
2025-12-09,374.1499938964844
2025-12-10,376.7900085449219
2025-12-11,377.8800048828125
2025-12-12,373.7699890136719
2025-12-15,373.0799865722656
2025-12-16,370.8599853515625
2025-12-17,366.92999267578125
2025-12-18,369.6600036621094
2025-12-19,372.9700012207031
2025-12-22,375.5299987792969
2025-12-23,376.8699951171875
2025-12-24,378.20001220703125
2025-12-26,378.1000061035156
2025-12-29,376.75
2025-12-30,376.20001220703125
2025-12-31,373.44000244140625
2026-01-02,374.3299865722656
2026-01-05,377.04998779296875
2026-01-06,379.45001220703125
2026-01-07,378.2200012207031
2026-01-08,378.19000244140625
2026-01-09,380.5799865722656
2026-01-12,381.20001220703125
2026-01-13,380.42999267578125
2026-01-14,378.6600036621094
2026-01-15,379.69000244140625
2026-01-16,379.44000244140625
2026-01-20,371.7900085449219
2026-01-21,376.1199951171875
2026-01-22,378.0899963378906
2026-01-23,378.1000061035156
2026-01-26,379.7699890136719
2026-01-27,381.2799987792969
2026-01-28,380.9599914550781
2026-01-29,380.0899963378906
2026-01-30,378.4599914550781
2026-02-02,380.57000732421875
2026-02-03,377.30999755859375
2026-02-04,375.69000244140625
2026-02-05,371.010009765625
2026-02-06,378.5400085449219
2026-02-09,380.3599853515625
2026-02-10,379.5199890136719
2026-02-11,379.29998779296875
2026-02-12,373.2900085449219
2026-02-13,373.739990234375
2026-02-17,374.30999755859375
2026-02-18,376.2799987792969
2026-02-19,375.510009765625
2026-02-20,378.0
2026-02-23,373.80999755859375
2026-02-24,376.70001220703125
2026-02-25,379.6300048828125
2026-02-26,378.0899963378906
2026-02-27,376.260009765625
2026-03-02,376.67999267578125
2026-03-03,373.1499938964844
2026-03-04,375.6600036621094
2026-03-05,373.45001220703125
2026-03-06,368.54998779296875
2026-03-09,371.6700134277344
2026-03-10,370.8500061035156
2026-03-11,370.4200134277344
2026-03-12,364.5899963378906
2026-03-13,362.6199951171875
2026-03-16,366.2900085449219
2026-03-17,366.489990234375
2026-03-18,361.5199890136719
2026-03-19,360.6499938964844
2026-03-20,354.95001220703125
2026-03-23,359.3699951171875
2026-03-24,358.010009765625
2026-03-25,360.05999755859375
2026-03-26,353.9800109863281
2026-03-27,347.95001220703125
2026-03-30,346.6700134277344
2026-03-31,356.55999755859375
2026-04-01,359.3599853515625
2026-04-02,359.8500061035156
2026-04-06,361.4599914550781
2026-04-07,361.5
2026-04-08,370.7300109863281
2026-04-09,372.6099853515625
2026-04-10,372.0400085449219
2026-04-13,376.07000732421875
2026-04-14,380.32000732421875
2026-04-15,383.32000732421875
2026-04-16,384.239990234375
2026-04-17,388.8900146484375
2026-04-20,388.5199890136719
2026-04-21,385.8800048828125
2026-04-22,389.6600036621094
2026-04-23,387.92999267578125
2026-04-24,390.70001220703125
2026-04-27,391.1400146484375
2026-04-28,389.07000732421875
2026-04-29,388.8699951171875
2026-04-30,392.8299865722656
2026-05-01,393.8900146484375
2026-05-04,392.3900146484375
2026-05-05,395.4100036621094
2026-05-06,400.9800109863281
2026-05-07,399.4100036621094
2026-05-08,402.3299865722656
2026-05-11,403.1300048828125
2026-05-12,402.4100036621094
2026-05-13,404.3299865722656
2026-05-14,407.55999755859375
2026-05-15,402.4700012207031
2026-05-18,402.3599853515625
2026-05-19,399.8399963378906
2026-05-20,404.07000732421875
2026-05-21,404.95001220703125
2026-05-22,406.6300048828125
2026-05-26,409.4700012207031
2026-05-27,409.2799987792969
2026-05-28,411.6600036621094
2026-05-29,412.9100036621094
2026-06-01,413.92999267578125
2026-06-02,414.7799987792969
2026-06-03,411.8299865722656
2026-06-04,413.6700134277344
2026-06-05,403.010009765625
2026-06-08,404.05999755859375
2026-06-09,403.1099853515625
2026-06-10,396.79998779296875
2026-06-11,403.5299987792969
2026-06-12,405.6099853515625
2026-06-15,411.7300109863281
2026-06-16,409.2300109863281
2026-06-17,404.0799865722656
2026-06-18,408.4100036621094
2026-06-22,406.95001220703125
2026-06-23,401.57000732421875
2026-06-24,401.4700012207031
2026-06-25,401.3900146484375
2026-06-26,400.20001220703125
2026-06-29,406.30999755859375
2026-06-30,409.5
2026-07-01,408.8699951171875
2026-07-02,408.75
2026-07-06,411.9800109863281
2026-07-07,409.7099914550781
2026-07-08,408.260009765625
2026-07-09,411.6099853515625
2026-07-10,413.1099853515625
2026-07-13,410.010009765625
2026-07-14,411.4800109863281
2026-07-15,412.739990234375
2026-07-16,410.8999938964844
2026-07-17,406.7099914550781
2026-07-20,406.010009765625
2026-07-21,409.42999267578125
2026-07-22,408.7099914550781
2026-07-23,403.9800109863281
2026-07-24,404.17999267578125
2026-07-27,404.4599914550781
2026-07-28,405.6000061035156
2026-07-29,399.2699890136719
2026-07-30,405.79998779296875
2026-07-31,408.3800048828125
2026-08-03,414.5899963378906
2026-08-04,422.1600036621094
2026-08-05,421.1600036621094
2026-08-06,420.2900085449219
2026-08-07,423.44000244140625
2026-08-10,423.30999755859375
2026-08-11,422.0199890136719
2026-08-12,423.2699890136719
2026-08-13,426.0400085449219
2026-08-14,425.4200134277344
2026-08-17,423.3299865722656
2026-08-18,420.1700134277344
2026-08-19,421.3399963378906
2026-08-20,417.8999938964844
2026-08-21,419.69000244140625
2026-08-24,418.3699951171875
2026-08-25,419.6199951171875
2026-08-26,419.6400146484375
2026-08-27,422.3699951171875
2026-08-28,421.1499938964844
2026-08-31,419.8800048828125
2026-09-01,416.55999755859375
2026-09-02,418.42999267578125
2026-09-03,423.05999755859375
2026-09-04,421.5
2026-09-08,419.04998779296875
2026-09-09,417.1300048828125
2026-09-10,414.32000732421875
2026-09-11,417.9100036621094
2026-09-14,416.04998779296875
2026-09-15,413.19000244140625
2026-09-16,411.3999938964844
2026-09-17,415.9200134277344
2026-09-18,416.0199890136719
2026-09-21,422.4800109863281
2026-09-22,422.45001220703125
2026-09-23,419.3500061035156
2026-09-24,419.0299987792969
2026-09-25,421.2300109863281
2026-09-28,417.6700134277344
2026-09-29,417.260009765625
2026-09-30,416.1300048828125
2026-10-01,416.9700012207031
2026-10-02,420.2099914550781
