Date,Close
2003-09-29,48.915924072265625
2003-09-30,49.16969299316406
2003-10-01,49.145755767822266
2003-10-02,49.06912612915039
2003-10-03,48.71486282348633
2003-10-06,48.786678314208984
2003-10-07,48.61909103393555
2003-10-08,48.73880386352539
2003-10-09,48.56642150878906
2003-10-10,48.83460235595703
2003-10-13,48.61909103393555
2003-10-14,48.52337646484375
2003-10-15,48.40364074707031
2003-10-16,48.27436065673828
2003-10-17,48.50419616699219
2003-10-20,48.475486755371094
2003-10-21,48.571197509765625
2003-10-22,48.786678314208984
2003-10-23,48.6670036315918
2003-10-24,48.906375885009766
2003-10-27,48.810630798339844
2003-10-28,49.00212097167969
2003-10-29,48.786678314208984
2003-10-30,48.786678314208984
2003-10-31,48.71009063720703
2003-11-03,48.623130798339844
2003-11-04,48.719207763671875
2003-11-05,48.719207763671875
2003-11-06,48.454952239990234
2003-11-07,48.47896194458008
2003-11-10,48.570281982421875
2003-11-11,48.4837646484375
2003-11-12,48.575069427490234
2003-11-13,48.93062973022461
2003-11-14,48.96904754638672
2003-11-17,49.1756477355957
2003-11-18,49.15162658691406
2003-11-19,48.9210090637207
2003-11-20,49.08918380737305
2003-11-21,49.14201736450195
2003-11-24,48.93540954589844
2003-11-25,49.12762451171875
2003-11-26,48.9498405456543
2003-11-28,48.872947692871094
2003-12-01,48.7390251159668
2003-12-02,48.724552154541016
2003-12-03,48.77275848388672
2003-12-04,48.844974517822266
2003-12-05,49.09067153930664
2003-12-08,49.09067153930664
2003-12-09,48.816104888916016
2003-12-10,49.00881576538086
2003-12-11,49.18223190307617
2003-12-12,49.211158752441406
2003-12-15,49.18223190307617
2003-12-16,49.211158752441406
2003-12-17,49.331573486328125
2003-12-18,49.403873443603516
2003-12-19,49.42789077758789
2003-12-22,49.403873443603516
2003-12-23,49.211158752441406
2003-12-24,49.24972152709961
2003-12-26,49.49539566040039
2003-12-29,49.37494659423828
2003-12-30,49.283416748046875
2003-12-31,49.3515510559082
2004-01-02,49.071285247802734
2004-01-05,49.12925720214844
2004-01-06,49.3515510559082
2004-01-07,49.4626579284668
2004-01-08,49.44812774658203
2004-01-09,49.85881423950195
2004-01-12,49.71870040893555
2004-01-13,49.83469772338867
2004-01-14,49.829856872558594
2004-01-15,49.89257049560547
2004-01-16,49.85395431518555
2004-01-20,49.810489654541016
2004-01-21,49.84435272216797
2004-01-22,49.93126678466797
2004-01-23,49.810489654541016
2004-01-26,49.61723327636719
2004-01-27,49.68971252441406
2004-01-28,49.588253021240234
2004-01-29,49.47230529785156
2004-01-30,49.56895446777344
2004-02-02,49.58247375488281
2004-02-03,49.71814727783203
2004-02-04,49.72300720214844
2004-02-05,49.58247375488281
2004-02-06,49.78596878051758
2004-02-09,49.819889068603516
2004-02-10,49.71326446533203
2004-02-11,49.90704345703125
2004-02-12,49.91190719604492
2004-02-13,50.13478088378906
2004-02-17,50.01366424560547
2004-02-18,49.97491455078125
2004-02-19,50.02814865112305
2004-02-20,49.873172760009766
2004-02-23,50.00878143310547
2004-02-24,49.965232849121094
2004-02-25,50.08146667480469
2004-02-26,49.99911880493164
2004-02-27,50.13478088378906
2004-03-01,50.1571044921875
2004-03-02,49.9822883605957
2004-03-03,49.92888259887695
2004-03-04,50.050270080566406
2004-03-05,50.41933059692383
2004-03-08,50.589256286621094
2004-03-09,50.662105560302734
2004-03-10,50.603858947753906
2004-03-11,50.71552658081055
2004-03-12,50.560123443603516
2004-03-15,50.56989669799805
2004-03-16,50.691246032714844
2004-03-17,50.66702651977539
2004-03-18,50.61838912963867
2004-03-19,50.56498718261719
2004-03-22,50.69612121582031
2004-03-23,50.70098114013672
2004-03-24,50.73011016845703
2004-03-25,50.70098114013672
2004-03-26,50.52614212036133
2004-03-29,50.43388366699219
2004-03-30,50.23474884033203
2004-03-31,50.477596282958984
2004-04-01,50.501949310302734
2004-04-02,50.039451599121094
2004-04-05,49.732765197753906
2004-04-06,49.87395477294922
2004-04-07,49.75221633911133
2004-04-08,49.781455993652344
2004-04-12,49.766841888427734
2004-04-13,49.67922592163086
2004-04-14,49.53315734863281
2004-04-15,49.46015167236328
2004-04-16,49.596492767333984
2004-04-19,49.53315734863281
2004-04-20,49.37251663208008
2004-04-21,49.25568771362305
2004-04-22,49.43581008911133
2004-04-23,49.338462829589844
2004-04-26,49.323829650878906
2004-04-27,49.44553756713867
2004-04-28,49.216758728027344
2004-04-29,49.07555389404297
2004-04-30,49.06095886230469
2004-05-03,48.98776626586914
2004-05-04,49.07561492919922
2004-05-05,49.01219177246094
2004-05-06,48.860843658447266
2004-05-07,48.44597625732422
2004-05-10,48.37273406982422
2004-05-11,48.494728088378906
2004-05-12,48.42639923095703
2004-05-13,48.41667556762695
2004-05-14,48.42639923095703
2004-05-17,48.67045974731445
2004-05-18,48.69489288330078
2004-05-19,48.61191940307617
2004-05-20,48.74370193481445
2004-05-21,48.66559982299805
2004-05-24,48.70464324951172
2004-05-25,48.68996810913086
2004-05-26,48.81204605102539
2004-05-27,49.046321868896484
2004-05-28,48.87547302246094
2004-06-01,48.82016372680664
2004-06-02,48.839698791503906
2004-06-03,48.82016372680664
2004-06-04,48.7172966003418
2004-06-07,48.76630401611328
2004-06-08,48.648746490478516
2004-06-09,48.663448333740234
2004-06-10,48.614498138427734
2004-06-14,48.47740173339844
2004-06-15,48.8886833190918
2004-06-16,48.790775299072266
2004-06-17,48.844600677490234
2004-06-18,48.91805648803711
2004-06-21,48.98176193237305
2004-06-22,48.96210479736328
2004-06-23,48.922996520996094
2004-06-24,49.10903549194336
2004-06-25,49.09435272216797
2004-06-28,48.93276596069336
2004-06-29,48.844600677490234
2004-06-30,49.231468200683594
2004-07-01,49.293853759765625
2004-07-02,49.60819625854492
2004-07-06,49.57386016845703
2004-07-07,49.54438018798828
2004-07-08,49.59843444824219
2004-07-09,49.4510498046875
2004-07-12,49.59843444824219
2004-07-13,49.54438018798828
2004-07-14,49.57386016845703
2004-07-15,49.480491638183594
2004-07-16,49.80967712402344
2004-07-19,49.73592758178711
2004-07-20,49.60327911376953
2004-07-21,49.48544692993164
2004-07-22,49.593505859375
2004-07-23,49.706485748291016
2004-07-26,49.475589752197266
2004-07-27,49.36261749267578
2004-07-28,49.4362907409668
2004-07-29,49.32331848144531
2004-07-30,49.686798095703125
2004-08-02,49.67303466796875
2004-08-03,49.74200439453125
2004-08-04,49.850406646728516
2004-08-05,49.88494110107422
2004-08-06,50.205238342285156
2004-08-09,50.2397575378418
2004-08-10,50.106693267822266
2004-08-11,50.141204833984375
2004-08-12,50.2446174621582
2004-08-13,50.343231201171875
2004-08-16,50.28407669067383
2004-08-17,50.43190383911133
2004-08-18,50.269283294677734
2004-08-19,50.436859130859375
2004-08-20,50.289031982421875
2004-08-23,50.303810119628906
2004-08-24,50.308738708496094
2004-08-25,50.313636779785156
2004-08-26,50.40727996826172
2004-08-27,50.44175720214844
2004-08-30,50.49104690551758
2004-08-31,50.49104690551758
2004-09-01,50.67292022705078
2004-09-02,50.47027587890625
2004-09-03,50.44559097290039
2004-09-07,50.44062805175781
2004-09-08,50.59386444091797
2004-09-09,50.54445266723633
2004-09-10,50.65317916870117
2004-09-13,50.7026481628418
2004-09-14,50.757022857666016
2004-09-15,50.72733688354492
2004-09-16,50.880592346191406
2004-09-17,50.66802215576172
2004-09-20,50.885562896728516
2004-09-21,50.87067794799805
2004-09-22,51.03876876831055
2004-09-23,50.885562896728516
2004-09-24,50.90033721923828
2004-09-27,50.885562896728516
2004-09-28,50.96957778930664
2004-09-29,50.67792892456055
2004-09-30,50.752079010009766
2004-10-01,50.66133117675781
2004-10-04,50.67619323730469
2004-10-05,50.67121887207031
2004-10-06,50.57700729370117
2004-10-07,50.57700729370117
2004-10-08,50.824951171875
2004-10-11,50.87451934814453
2004-10-12,50.824951171875
2004-10-13,50.89937973022461
2004-10-14,51.14230728149414
2004-10-15,51.048095703125
2004-10-18,51.003440856933594
2004-10-19,51.02821350097656
2004-10-20,51.20675277709961
2004-10-21,51.07780075073242
2004-10-22,51.20177459716797
2004-10-25,51.26128387451172
2004-10-26,51.112548828125
2004-10-27,50.998470306396484
2004-10-28,51.057987213134766
2004-10-29,51.191917419433594
2004-11-01,51.08201599121094
2004-11-02,51.03731155395508
2004-11-03,51.146644592285156
2004-11-04,51.10189437866211
2004-11-05,50.9726448059082
2004-11-08,50.78866958618164
2004-11-09,50.907989501953125
2004-11-10,50.84831619262695
2004-11-11,50.898040771484375
2004-11-12,50.95771408081055
2004-11-15,50.98256301879883
2004-11-16,50.93281936645508
2004-11-17,51.062110900878906
2004-11-18,51.08201599121094
2004-11-19,50.977596282958984
2004-11-22,51.05714797973633
2004-11-23,51.027320861816406
2004-11-24,51.07701873779297
2004-11-26,50.9278678894043
2004-11-29,50.78866958618164
2004-11-30,50.81352233886719
2004-12-01,50.62302017211914
2004-12-02,50.717769622802734
2004-12-03,51.011993408203125
2004-12-06,51.066837310791016
2004-12-07,51.13665008544922
2004-12-08,51.3111686706543
2004-12-09,51.24137496948242
2004-12-10,51.17657470703125
2004-12-13,51.251365661621094
2004-12-14,51.30120849609375
2004-12-15,51.41593551635742
2004-12-16,51.21645736694336
2004-12-17,51.091793060302734
2004-12-20,51.14165115356445
2004-12-21,51.14165115356445
2004-12-22,51.251365661621094
2004-12-23,51.27629470825195
2004-12-27,51.081817626953125
2004-12-28,51.056884765625
2004-12-29,51.04689025878906
2004-12-30,51.15163803100586
2004-12-31,51.21864318847656
2005-01-03,51.21864318847656
2005-01-04,51.168617248535156
2005-01-05,51.14862823486328
2005-01-06,51.18361282348633
2005-01-07,51.168617248535156
2005-01-10,51.14365005493164
2005-01-11,51.21365737915039
2005-01-12,51.288665771484375
2005-01-13,51.413719177246094
2005-01-14,51.228641510009766
2005-01-18,51.36366653442383
2005-01-19,51.438720703125
2005-01-20,51.508766174316406
2005-01-21,51.53374481201172
2005-01-24,51.54375457763672
2005-01-25,51.45371627807617
2005-01-26,51.4287223815918
2005-01-27,51.35868453979492
2005-01-28,51.53374481201172
2005-01-31,51.46874237060547
2005-02-01,51.523441314697266
2005-02-02,51.5635871887207
2005-02-03,51.498355865478516
2005-02-04,51.714080810546875
2005-02-07,51.724098205566406
2005-02-08,51.754207611083984
2005-02-09,51.89470672607422
2005-02-10,51.628787994384766
2005-02-11,51.69903564453125
2005-02-14,51.7090950012207
2005-02-15,51.60871124267578
2005-02-16,51.54848098754883
2005-02-17,51.523441314697266
2005-02-18,51.53849792480469
2005-02-22,51.392982482910156
2005-02-23,51.41810989379883
2005-02-24,51.367916107177734
2005-02-25,51.41306686401367
2005-02-28,51.277610778808594
2005-03-01,51.24091339111328
2005-03-02,51.17549133300781
2005-03-03,51.21572494506836
2005-03-04,51.361637115478516
2005-03-07,51.37673568725586
2005-03-08,51.26603698730469
2005-03-09,50.95405960083008
2005-03-10,50.89375305175781
2005-03-11,50.933982849121094
2005-03-14,50.91385269165039
2005-03-15,50.92393493652344
2005-03-16,50.95913314819336
2005-03-17,50.9491081237793
2005-03-18,50.91385269165039
2005-03-21,50.91385269165039
2005-03-22,50.637115478515625
2005-03-23,50.70254898071289
2005-03-24,50.732757568359375
2005-03-28,50.63212966918945
2005-03-29,50.601951599121094
2005-03-30,50.75286102294922
2005-03-31,50.77803039550781
2005-04-01,51.07737731933594
2005-04-04,51.016780853271484
2005-04-05,50.915802001953125
2005-04-06,51.04710006713867
2005-04-07,50.98652267456055
2005-04-08,50.98652267456055
2005-04-11,51.08243942260742
2005-04-12,51.223812103271484
2005-04-13,51.294456481933594
2005-04-14,51.33989334106445
2005-04-15,51.52157974243164
2005-04-18,51.461029052734375
2005-04-19,51.526668548583984
2005-04-20,51.56203079223633
2005-04-21,51.43583297729492
2005-04-22,51.54182815551758
2005-04-25,51.52157974243164
2005-04-26,51.39542007446289
2005-04-27,51.60746765136719
2005-04-28,51.738677978515625
2005-04-29,51.65287780761719
2005-05-02,51.6549186706543
2005-05-03,51.619468688964844
2005-05-04,51.67517852783203
2005-05-05,51.71062469482422
2005-05-06,51.51816177368164
2005-05-09,51.47761535644531
2005-05-10,51.533355712890625
2005-05-11,51.619468688964844
2005-05-12,51.7409782409668
2005-05-13,51.791648864746094
2005-05-16,51.71565246582031
2005-05-17,51.77647399902344
2005-05-18,51.91318130493164
2005-05-19,51.78660202026367
2005-05-20,51.72581481933594
2005-05-23,51.89802169799805
2005-05-24,51.98918914794922
2005-05-25,51.9790153503418
2005-05-26,51.973968505859375
2005-05-27,51.93851852416992
2005-05-31,52.08038330078125
2005-06-01,52.46554183959961
2005-06-02,52.429954528808594
2005-06-03,52.297821044921875
2005-06-06,52.308006286621094
2005-06-07,52.445186614990234
2005-06-08,52.348663330078125
2005-06-09,52.34357833862305
2005-06-10,52.14028549194336
2005-06-13,52.094573974609375
2005-06-14,52.02853012084961
2005-06-15,51.99803924560547
2005-06-16,52.155574798583984
2005-06-17,52.155574798583984
2005-06-20,52.03865432739258
2005-06-21,52.25206756591797
2005-06-22,52.475711822509766
2005-06-23,52.424903869628906
2005-06-24,52.506168365478516
2005-06-27,52.54685592651367
2005-06-28,52.394405364990234
2005-06-29,52.36896896362305
2005-06-30,52.53670883178711
2005-07-01,52.349578857421875
2005-07-05,52.15584182739258
2005-07-06,52.23744583129883
2005-07-07,52.303714752197266
2005-07-08,52.216983795166016
2005-07-11,52.222137451171875
2005-07-12,52.19664001464844
2005-07-13,52.12528991699219
2005-07-14,52.12528991699219
2005-07-15,52.150733947753906
2005-07-18,52.058937072753906
2005-07-19,52.08443832397461
2005-07-20,52.171138763427734
2005-07-21,51.90091323852539
2005-07-22,51.97739028930664
2005-07-25,51.97739028930664
2005-07-26,52.03351593017578
2005-07-27,52.002864837646484
2005-07-28,52.15584182739258
2005-07-29,51.99275588989258
2005-08-01,51.96253967285156
2005-08-02,51.849979400634766
2005-08-03,52.01877975463867
2005-08-04,51.967620849609375
2005-08-05,51.71190643310547
2005-08-08,51.70160675048828
2005-08-09,51.793731689453125
2005-08-10,51.79884719848633
2005-08-11,51.9369010925293
2005-08-12,52.08530044555664
2005-08-15,52.03922653198242
2005-08-16,52.16204071044922
2005-08-17,52.0545768737793
2005-08-18,52.197853088378906
2005-08-19,52.146644592285156
2005-08-22,52.19266128540039
2005-08-23,52.22844314575195
2005-08-24,52.295021057128906
2005-08-25,52.295021057128906
2005-08-26,52.254085540771484
2005-08-29,52.274532318115234
2005-08-30,52.40239334106445
2005-08-31,52.606990814208984
2005-09-01,52.67885971069336
2005-09-02,52.653202056884766
2005-09-06,52.55055618286133
2005-09-07,52.463287353515625
2005-09-08,52.458187103271484
2005-09-09,52.44278335571289
2005-09-12,52.370975494384766
2005-09-13,52.49925231933594
2005-09-14,52.44278335571289
2005-09-15,52.31447219848633
2005-09-16,52.19644546508789
2005-09-19,52.242652893066406
2005-09-20,52.206687927246094
2005-09-21,52.324729919433594
2005-09-22,52.370975494384766
2005-09-23,52.27857208251953
2005-09-26,52.150264739990234
2005-09-27,52.11433792114258
2005-09-28,52.25807189941406
2005-09-29,52.13998031616211
2005-09-30,52.11433792114258
2005-10-03,51.937713623046875
2005-10-04,52.00981140136719
2005-10-05,52.09220886230469
2005-10-06,52.056182861328125
2005-10-07,52.00468444824219
2005-10-10,52.071571350097656
2005-10-11,51.91712951660156
2005-10-12,51.89655685424805
2005-10-13,51.762691497802734
2005-10-14,51.74724197387695
2005-10-17,51.82960891723633
2005-10-18,51.808998107910156
2005-10-19,51.901668548583984
2005-10-20,51.9119873046875
2005-10-21,52.03556823730469
2005-10-24,51.92746353149414
2005-10-25,51.772945404052734
2005-10-26,51.567012786865234
2005-10-27,51.6854133605957
2005-10-28,51.60308074951172
2005-10-31,51.597900390625
2005-11-01,51.61547088623047
2005-11-02,51.56893539428711
2005-11-03,51.39326858520508
2005-11-04,51.444923400878906
2005-11-07,51.45009231567383
2005-11-08,51.62582015991211
2005-11-09,51.49141311645508
2005-11-10,51.67232894897461
2005-11-11,51.723995208740234
2005-11-14,51.548255920410156
2005-11-15,51.6205940246582
2005-11-16,51.739498138427734
2005-11-17,51.7550163269043
2005-11-18,51.73429870605469
2005-11-21,51.89970016479492
2005-11-22,52.034034729003906
2005-11-23,51.99789047241211
2005-11-25,52.044410705566406
2005-11-28,51.9720344543457
2005-11-29,51.89970016479492
2005-11-30,51.79120635986328
2005-12-01,51.71800994873047
2005-12-02,51.71800994873047
2005-12-05,51.743961334228516
2005-12-06,51.8321533203125
2005-12-07,51.764686584472656
2005-12-08,52.02928161621094
2005-12-09,51.852882385253906
2005-12-12,51.743961334228516
2005-12-13,51.94107437133789
2005-12-14,52.08116149902344
2005-12-15,52.02928161621094
2005-12-16,52.02410888671875
2005-12-19,52.0655517578125
2005-12-20,52.08116149902344
2005-12-21,52.08116149902344
2005-12-22,52.195281982421875
2005-12-23,52.33014678955078
2005-12-27,52.46500778198242
2005-12-28,52.27960968017578
2005-12-29,52.316062927246094
2005-12-30,52.37854766845703
2006-01-03,52.40462875366211
2006-01-04,52.52958297729492
2006-01-05,52.52958297729492
2006-01-06,52.409847259521484
2006-01-09,52.467098236083984
2006-01-10,52.3629264831543
2006-01-11,52.32648468017578
2006-01-12,52.46185302734375
2006-01-13,52.6076774597168
2006-01-17,52.633670806884766
2006-01-18,52.69622039794922
2006-01-19,52.618099212646484
2006-01-20,52.6441535949707
2006-01-23,52.6441535949707
2006-01-24,52.55561447143555
2006-01-25,52.4254150390625
2006-01-26,52.26400375366211
2006-01-27,52.331687927246094
2006-01-30,52.33692932128906
2006-01-31,52.34736633300781
2006-02-01,52.201515197753906
2006-02-02,52.238094329833984
2006-02-03,52.38440704345703
2006-02-06,52.373992919921875
2006-02-07,52.337406158447266
2006-02-08,52.31123733520508
2006-02-09,52.34265899658203
2006-02-10,52.232887268066406
2006-02-13,52.269439697265625
2006-02-14,52.18578338623047
2006-02-15,52.2432975769043
2006-02-16,52.1910514831543
2006-02-17,52.40533447265625
2006-02-21,52.21199035644531
2006-02-22,52.4210205078125
2006-02-23,52.389671325683594
2006-02-24,52.431480407714844
2006-02-27,52.321712493896484
2006-02-28,52.431480407714844
2006-03-01,52.43301010131836
2006-03-02,52.301918029785156
2006-03-03,52.19694900512695
2006-03-06,51.908443450927734
2006-03-07,52.03962707519531
2006-03-08,52.06586837768555
2006-03-09,51.99759292602539
2006-03-10,52.01858901977539
2006-03-13,52.11301803588867
2006-03-14,52.2861442565918
2006-03-15,52.144500732421875
2006-03-16,52.364845275878906
2006-03-17,52.249446868896484
2006-03-20,52.22846603393555
2006-03-21,52.092041015625
2006-03-22,52.18651580810547
2006-03-23,52.144500732421875
2006-03-24,52.23369216918945
2006-03-27,52.2756462097168
2006-03-28,52.144500732421875
2006-03-29,52.03962707519531
2006-03-30,51.80351638793945
2006-03-31,51.97667694091797
2006-04-03,51.92554473876953
2006-04-04,51.99401092529297
2006-04-05,52.0308952331543
2006-04-06,51.988746643066406
2006-04-07,51.81498336791992
2006-04-10,51.76757049560547
2006-04-11,51.872886657714844
2006-04-12,51.82548904418945
2006-04-13,51.720211029052734
2006-04-17,51.80445098876953
2006-04-18,51.76757049560547
2006-04-19,51.81498336791992
2006-04-20,51.73594665527344
2006-04-21,51.73072052001953
2006-04-24,51.92554473876953
2006-04-25,51.751792907714844
2006-04-26,51.662208557128906
2006-04-27,51.783355712890625
2006-04-28,51.89923858642578
2006-05-01,51.695716857910156
2006-05-02,51.74855422973633
2006-05-03,51.7115592956543
2006-05-04,51.68516540527344
2006-05-05,51.78031921386719
2006-05-08,51.81727600097656
2006-05-09,51.790870666503906
2006-05-10,51.73273468017578
2006-05-11,51.701019287109375
2006-05-12,51.58994674682617
2006-05-15,51.621700286865234
2006-05-16,51.87542724609375
2006-05-17,51.727378845214844
2006-05-18,51.944149017333984
2006-05-19,51.93355178833008
2006-05-22,51.944149017333984
2006-05-23,51.8013916015625
2006-05-24,51.811981201171875
2006-05-25,51.80669403076172
2006-05-26,52.02877426147461
2006-05-30,51.91242980957031
2006-05-31,51.796165466308594
2006-06-01,51.755279541015625
2006-06-02,52.15330123901367
2006-06-05,51.983489990234375
2006-06-06,52.12149429321289
2006-06-07,51.95695114135742
2006-06-08,52.13209915161133
2006-06-09,52.206390380859375
2006-06-12,52.04717254638672
2006-06-13,52.19575500488281
2006-06-14,51.99943161010742
2006-06-15,51.914520263671875
2006-06-16,51.88264083862305
2006-06-19,51.74466323852539
2006-06-20,51.77652359008789
2006-06-21,51.79240036010742
2006-06-22,51.56951141357422
2006-06-23,51.596092224121094
2006-06-26,51.447471618652344
2006-06-27,51.59077072143555
2006-06-28,51.537662506103516
2006-06-29,51.7181396484375
2006-06-30,51.712833404541016
2006-07-03,51.79172134399414
2006-07-05,51.63713836669922
2006-07-06,51.685089111328125
2006-07-07,51.87696838378906
2006-07-10,51.92489242553711
2006-07-11,52.01015853881836
2006-07-12,52.042110443115234
2006-07-13,52.08475112915039
2006-07-14,52.153995513916016
2006-07-17,52.042110443115234
2006-07-18,52.00482940673828
2006-07-19,52.20731735229492
2006-07-20,52.26057434082031
2006-07-21,52.22859573364258
2006-07-24,52.308555603027344
2006-07-25,52.26590347290039
2006-07-26,52.29790115356445
2006-07-27,52.38310241699219
2006-07-28,52.49501419067383
2006-07-31,52.43111038208008
2006-08-01,52.558998107910156
2006-08-02,52.58037185668945
2006-08-03,52.5910530090332
2006-08-04,52.75693893432617
2006-08-07,52.762271881103516
2006-08-08,52.762271881103516
2006-08-09,52.80511474609375
2006-08-10,52.77832794189453
2006-08-11,52.68739318847656
2006-08-14,52.628536224365234
2006-08-15,52.75693893432617
2006-08-16,52.933502197265625
2006-08-17,52.93886184692383
2006-08-18,52.97633361816406
2006-08-21,53.10470199584961
2006-08-22,53.11545181274414
2006-08-23,53.09404754638672
2006-08-24,53.08866500854492
2006-08-25,53.142147064208984
2006-08-28,53.09404754638672
2006-08-29,53.11545181274414
2006-08-30,53.19569778442383
2006-08-31,53.26524353027344
2006-09-01,53.272239685058594
2006-09-05,53.20780563354492
2006-09-06,53.21852493286133
2006-09-07,53.20240020751953
2006-09-08,53.272239685058594
2006-09-11,53.2346305847168
2006-09-12,53.36351013183594
2006-09-13,53.406558990478516
2006-09-14,53.331321716308594
2006-09-15,53.31522750854492
2006-09-18,53.304466247558594
2006-09-19,53.428009033203125
2006-09-20,53.48716354370117
2006-09-21,53.71809387207031
2006-09-22,53.75035095214844
2006-09-25,53.85773468017578
2006-09-26,53.85236358642578
2006-09-27,53.830909729003906
2006-09-28,53.84698486328125
2006-09-29,53.80403518676758
2006-10-02,53.854732513427734
2006-10-03,53.84395217895508
2006-10-04,54.05433654785156
2006-10-05,53.88711929321289
2006-10-06,53.6875114440918
2006-10-09,53.80079650878906
2006-10-10,53.590415954589844
2006-10-11,53.53107452392578
2006-10-12,53.585018157958984
2006-10-13,53.45021057128906
2006-10-16,53.53647994995117
2006-10-17,53.61745834350586
2006-10-18,53.6821174621582
2006-10-19,53.65517044067383
2006-10-20,53.63896179199219
2006-10-23,53.482566833496094
2006-10-24,53.541893005371094
2006-10-25,53.67132568359375
2006-10-26,53.854732513427734
2006-10-27,53.96265411376953
2006-10-30,53.97341537475586
2006-10-31,54.17302322387695
2006-11-01,54.26615905761719
2006-11-02,54.20658874511719
2006-11-03,53.92491149902344
2006-11-06,53.92491149902344
2006-11-07,54.06034851074219
2006-11-08,54.20658874511719
2006-11-09,54.22284698486328
2006-11-10,54.34197998046875
2006-11-13,54.27699661254883
2006-11-14,54.352848052978516
2006-11-15,54.24995803833008
2006-11-16,54.20118713378906
2006-11-17,54.34197998046875
2006-11-20,54.37993240356445
2006-11-21,54.45033645629883
2006-11-22,54.526180267333984
2006-11-24,54.542457580566406
2006-11-27,54.515350341796875
2006-11-28,54.66161346435547
2006-11-29,54.580345153808594
2006-11-30,54.748294830322266
2006-12-01,54.850502014160156
2006-12-04,54.904903411865234
2006-12-05,54.87223815917969
2006-12-06,54.8287353515625
2006-12-07,54.779808044433594
2006-12-08,54.66554641723633
2006-12-11,54.65475082397461
2006-12-12,54.80696487426758
2006-12-13,54.638431549072266
2006-12-14,54.562286376953125
2006-12-15,54.551395416259766
2006-12-18,54.58404541015625
2006-12-19,54.622108459472656
2006-12-20,54.60035705566406
2006-12-21,54.7091064453125
2006-12-22,54.66019058227539
2006-12-26,54.64385223388672
2006-12-27,54.49592208862305
2006-12-28,54.424949645996094
2006-12-29,54.419490814208984
2007-01-03,54.53415298461914
2007-01-04,54.64875411987305
2007-01-05,54.61055374145508
2007-01-08,54.64327621459961
2007-01-09,54.64327621459961
2007-01-10,54.5832405090332
2007-01-11,54.47957229614258
2007-01-12,54.403133392333984
2007-01-16,54.474090576171875
2007-01-17,54.44136047363281
2007-01-18,54.51778030395508
2007-01-19,54.49592208862305
2007-01-22,54.52322769165039
2007-01-23,54.419490814208984
2007-01-24,54.403133392333984
2007-01-25,54.332183837890625
2007-01-26,54.32671356201172
2007-01-29,54.255802154541016
2007-01-30,54.33762741088867
2007-01-31,54.381324768066406
2007-02-01,54.41033172607422
2007-02-02,54.48704528808594
2007-02-05,54.57477951049805
2007-02-06,54.678836822509766
2007-02-07,54.74466323852539
2007-02-08,54.77747344970703
2007-02-09,54.6514892578125
2007-02-12,54.596683502197266
2007-02-13,54.5911865234375
2007-02-14,54.79947280883789
2007-02-15,54.87607955932617
2007-02-16,54.91451644897461
2007-02-20,54.941932678222656
2007-02-21,54.936439514160156
2007-02-22,54.82681655883789
2007-02-23,54.95833206176758
2007-02-26,55.078895568847656
2007-02-27,55.3035774230957
2007-02-28,55.26520919799805
2007-03-01,55.256404876708984
2007-03-02,55.37193298339844
2007-03-05,55.33893966674805
2007-03-06,55.30042266845703
2007-03-07,55.34443283081055
2007-03-08,55.29492950439453
2007-03-09,55.14088821411133
2007-03-12,55.311458587646484
2007-03-13,55.4544677734375
2007-03-14,55.38850402832031
2007-03-15,55.32792282104492
2007-03-16,55.33346939086914
2007-03-19,55.29492950439453
2007-03-20,55.34994125366211
2007-03-21,55.42148208618164
2007-03-22,55.316898345947266
2007-03-23,55.23991394042969
2007-03-26,55.2069091796875
2007-03-27,55.217926025390625
2007-03-28,55.245445251464844
2007-03-29,55.15738296508789
2007-03-30,55.15738296508789
2007-04-02,55.22865295410156
2007-04-03,55.173423767089844
2007-04-04,55.2341423034668
2007-04-05,55.184471130371094
2007-04-09,54.97458267211914
2007-04-10,55.057472229003906
2007-04-11,55.02431869506836
2007-04-12,55.09054946899414
2007-04-13,55.00221252441406
2007-04-16,55.112648010253906
2007-04-17,55.27281188964844
2007-04-18,55.35564041137695
2007-04-19,55.333595275878906
2007-04-20,55.30594253540039
2007-04-23,55.36118698120117
2007-04-24,55.38882064819336
2007-04-25,55.410919189453125
2007-04-26,55.30594253540039
2007-04-27,55.294891357421875
2007-04-30,55.482688903808594
2007-05-01,55.45055389404297
2007-05-02,55.46717071533203
2007-05-03,55.40620040893555
2007-05-04,55.478302001953125
2007-05-07,55.5336799621582
2007-05-08,55.47270202636719
2007-05-09,55.40620040893555
2007-05-10,55.500423431396484
2007-05-11,55.38955307006836
2007-05-14,55.40068054199219
2007-05-15,55.37846374511719
2007-05-16,55.38955307006836
2007-05-17,55.295284271240234
2007-05-18,55.13455581665039
2007-05-21,55.24543380737305
2007-05-22,55.13455581665039
2007-05-23,55.09018325805664
2007-05-24,55.11231994628906
2007-05-25,55.084617614746094
2007-05-29,55.02922439575195
2007-05-30,55.095699310302734
2007-05-31,54.97378921508789
2007-06-01,54.916988372802734
2007-06-04,54.98377990722656
2007-06-05,54.82787322998047
2007-06-06,54.850120544433594
2007-06-07,54.471519470214844
2007-06-08,54.40469741821289
2007-06-11,54.4437141418457
2007-06-12,54.120723724365234
2007-06-13,54.20426559448242
2007-06-14,54.31005096435547
2007-06-15,54.504913330078125
2007-06-18,54.543914794921875
2007-06-19,54.71649169921875
2007-06-20,54.54948806762695
2007-06-21,54.482666015625
2007-06-22,54.610694885253906
2007-06-25,54.66081237792969
2007-06-26,54.594032287597656
2007-06-27,54.69981384277344
2007-06-28,54.66081237792969
2007-06-29,54.76660919189453
2007-07-02,54.912567138671875
2007-07-03,54.851051330566406
2007-07-05,54.62179946899414
2007-07-06,54.5267448425293
2007-07-09,54.62179946899414
2007-07-10,54.85664749145508
2007-07-11,54.733646392822266
2007-07-12,54.67774963378906
2007-07-13,54.74483108520508
2007-07-16,54.85664749145508
2007-07-17,54.7559814453125
2007-07-18,54.895809173583984
2007-07-19,54.895809173583984
2007-07-20,55.02444076538086
2007-07-23,54.9908561706543
2007-07-24,55.10267639160156
2007-07-25,55.069122314453125
2007-07-26,55.26485824584961
2007-07-27,55.208919525146484
2007-07-30,55.18098068237305
2007-07-31,55.35432434082031
2007-08-01,55.225730895996094
2007-08-02,55.197628021240234
2007-08-03,55.439151763916016
2007-08-06,55.349266052246094
2007-08-07,55.309967041015625
2007-08-08,55.24259948730469
2007-08-09,55.309967041015625
2007-08-10,55.124637603759766
2007-08-13,55.225730895996094
2007-08-14,55.37736511230469
2007-08-15,55.45034408569336
2007-08-16,55.41670608520508
2007-08-17,55.54027557373047
2007-08-20,55.489688873291016
2007-08-21,55.748043060302734
2007-08-22,55.70309829711914
2007-08-23,55.7705192565918
2007-08-24,55.63007736206055
2007-08-27,55.7985954284668
2007-08-28,56.02324295043945
2007-08-29,55.91093444824219
2007-08-30,56.02887725830078
2007-08-31,56.062564849853516
2007-09-04,55.999942779541016
2007-09-05,56.18046569824219
2007-09-06,56.169166564941406
2007-09-07,56.51884841918945
2007-09-10,56.65431213378906
2007-09-11,56.55271530151367
2007-09-12,56.4737663269043
2007-09-13,56.3101806640625
2007-09-14,56.34971237182617
2007-09-17,56.37221908569336
2007-09-18,56.49064254760742
2007-09-19,56.47940444946289
2007-09-20,56.07889938354492
2007-09-21,56.242488861083984
2007-09-24,56.24812698364258
2007-09-25,56.29326248168945
2007-09-26,56.236900329589844
2007-09-27,56.33271789550781
2007-09-28,56.41738510131836
2007-10-01,56.227020263671875
2007-10-02,56.44228744506836
2007-10-03,56.47063446044922
2007-10-04,56.447975158691406
2007-10-05,56.000484466552734
2007-10-08,56.44228744506836
2007-10-09,56.323333740234375
2007-10-10,56.39695739746094
2007-10-11,56.43659591674805
2007-10-12,56.3289909362793
2007-10-15,56.34599304199219
2007-10-16,56.43659591674805
2007-10-17,56.629173278808594
2007-10-18,56.79346466064453
2007-10-19,57.053985595703125
2007-10-22,57.03701400756836
2007-10-23,57.02000045776367
2007-10-24,57.26923370361328
2007-10-25,57.121952056884766
2007-10-26,57.07101821899414
2007-10-29,57.07101821899414
2007-10-30,57.14459228515625
2007-10-31,56.98603057861328
2007-11-01,57.12654113769531
2007-11-02,57.18907165527344
2007-11-05,57.13788604736328
2007-11-06,57.06394577026367
2007-11-07,57.07534408569336
2007-11-08,57.132198333740234
2007-11-09,57.33125305175781
2007-11-12,57.251617431640625
2007-11-13,57.25734329223633
2007-11-14,57.234596252441406
2007-11-15,57.47914123535156
2007-11-16,57.439266204833984
2007-11-19,57.564476013183594
2007-11-20,57.44501876831055
2007-11-21,57.882957458496094
2007-11-23,57.587181091308594
2007-11-26,58.110496520996094
2007-11-27,57.87158203125
2007-11-28,57.72943878173828
2007-11-29,57.89439392089844
2007-11-30,58.013824462890625
2007-12-03,58.32042694091797
2007-12-04,58.09772491455078
2007-12-05,57.989261627197266
2007-12-06,57.926429748535156
2007-12-07,57.59519958496094
2007-12-10,57.481014251708984
2007-12-11,57.76079559326172
2007-12-12,57.70372009277344
2007-12-13,57.481014251708984
2007-12-14,57.32113265991211
2007-12-17,57.406715393066406
2007-12-18,57.70941162109375
2007-12-19,57.82935333251953
2007-12-20,57.7779426574707
2007-12-21,57.526702880859375
2007-12-24,57.54383850097656
2007-12-26,57.366798400878906
2007-12-27,57.68158721923828
2007-12-28,57.99117660522461
2007-12-31,58.00837707519531
2008-01-02,58.2835807800293
2008-01-03,58.43841552734375
2008-01-04,58.55881881713867
2008-01-07,58.63336181640625
2008-01-08,58.78244400024414
2008-01-09,58.644840240478516
2008-01-10,58.52444076538086
2008-01-11,58.77674865722656
2008-01-14,58.822608947753906
2008-01-15,59.03474807739258
2008-01-16,58.85695266723633
2008-01-17,59.21246337890625
2008-01-18,59.201026916503906
2008-01-22,59.292762756347656
2008-01-23,59.115020751953125
2008-01-24,58.96593475341797
2008-01-25,59.069190979003906
2008-01-28,59.183799743652344
2008-01-29,59.00032424926758
2008-01-30,59.09204864501953
2008-01-31,59.350120544433594
2008-02-01,59.2896728515625
2008-02-04,59.255130767822266
2008-02-05,59.43931579589844
2008-02-06,59.39327621459961
2008-02-07,58.869380950927734
2008-02-08,59.15145492553711
2008-02-11,59.278099060058594
2008-02-12,59.255130767822266
2008-02-13,58.903953552246094
2008-02-14,58.7197380065918
2008-02-15,58.69090270996094
2008-02-19,58.40887451171875
2008-02-20,58.31674575805664
2008-02-21,58.79450988769531
2008-02-22,58.48370361328125
2008-02-25,58.276451110839844
2008-02-26,58.55852127075195
2008-02-27,58.67943572998047
2008-02-28,59.03057861328125
2008-02-29,59.255130767822266
2008-03-03,59.24530029296875
2008-03-04,58.991031646728516
2008-03-05,58.61541748046875
2008-03-06,58.528751373291016
2008-03-07,58.707889556884766
2008-03-10,59.01994323730469
2008-03-11,58.661659240722656
2008-03-12,59.26263427734375
2008-03-13,59.00838088989258
2008-03-14,59.256805419921875
2008-03-17,59.5111198425293
2008-03-18,59.37239074707031
2008-03-19,59.55155944824219
2008-03-20,59.75958251953125
2008-03-24,59.32041549682617
2008-03-25,59.43022537231445
2008-03-26,59.256805419921875
2008-03-27,59.279964447021484
2008-03-28,59.42448806762695
2008-03-31,59.331974029541016
2008-04-01,58.92875289916992
2008-04-02,58.95767593383789
2008-04-03,59.14338302612305
2008-04-04,59.44508361816406
2008-04-07,59.43931198120117
2008-04-08,59.43348693847656
2008-04-09,59.694549560546875
2008-04-10,59.50889587402344
2008-04-11,59.63654708862305
2008-04-14,59.566917419433594
2008-04-15,59.247840881347656
2008-04-16,59.03318405151367
2008-04-17,59.021541595458984
2008-04-18,59.1782341003418
2008-04-21,59.18400192260742
2008-04-22,59.27106475830078
2008-04-23,59.21299743652344
2008-04-24,58.992557525634766
2008-04-25,58.93453598022461
2008-04-28,59.07959747314453
2008-04-29,59.1666145324707
2008-04-30,59.526302337646484
2008-05-01,59.42509078979492
2008-05-02,59.326133728027344
2008-05-05,59.3493766784668
2008-05-06,59.15733337402344
2008-05-07,59.326133728027344
2008-05-08,59.477447509765625
2008-05-09,59.50068664550781
2008-05-12,59.3959846496582
2008-05-13,59.05839920043945
2008-05-14,59.14568328857422
2008-05-15,59.45998764038086
2008-05-16,59.314476013183594
2008-05-19,59.413455963134766
2008-05-20,59.54145050048828
2008-05-21,59.45998764038086
2008-05-22,59.104923248291016
2008-05-23,59.3318977355957
2008-05-27,59.00019073486328
2008-05-28,58.726627349853516
2008-05-29,58.563621520996094
2008-05-30,58.77315139770508
2008-06-02,58.99169921875
2008-06-03,59.10273361206055
2008-06-04,58.89240264892578
2008-06-05,58.67617416381836
2008-06-06,59.00339889526367
2008-06-09,58.70539093017578
2008-06-10,58.39570236206055
2008-06-11,58.47166061401367
2008-06-12,58.10942459106445
2008-06-13,57.96333694458008
2008-06-16,58.02760696411133
2008-06-17,58.226261138916016
2008-06-18,58.47166061401367
2008-06-19,58.17366409301758
2008-06-20,58.34893035888672
2008-06-23,58.27301025390625
2008-06-24,58.3899040222168
2008-06-25,58.41910171508789
2008-06-26,58.495059967041016
2008-06-27,58.63531494140625
2008-06-30,58.66450119018555
2008-07-01,58.4615592956543
2008-07-02,58.39113998413086
2008-07-03,58.40872573852539
2008-07-07,58.61404037475586
2008-07-08,58.84286117553711
2008-07-09,59.071598052978516
2008-07-10,59.12437057495117
2008-07-11,58.79001235961914
2008-07-14,58.87800598144531
2008-07-15,59.10674285888672
2008-07-16,58.65513229370117
2008-07-17,58.39704895019531
2008-07-18,58.05685043334961
2008-07-21,58.3618278503418
2008-07-22,58.1624641418457
2008-07-23,58.23280715942383
2008-07-24,58.63752365112305
2008-07-25,58.338375091552734
2008-07-28,58.602333068847656
2008-07-29,58.53199005126953
2008-07-30,58.596473693847656
2008-07-31,58.8956413269043
2008-08-01,58.826107025146484
2008-08-04,58.65536117553711
2008-08-05,58.55524826049805
2008-08-06,58.49040985107422
2008-08-07,58.79668045043945
2008-08-08,58.70831298828125
2008-08-11,58.56110382080078
2008-08-12,58.8084831237793
2008-08-13,58.70831298828125
2008-08-14,58.84965515136719
2008-08-15,59.020450592041016
2008-08-18,59.12057876586914
2008-08-19,59.07345199584961
2008-08-20,59.167633056640625
2008-08-21,59.17943572998047
2008-08-22,59.11466598510742
2008-08-25,59.29719543457031
2008-08-26,59.22657012939453
2008-08-27,59.29719543457031
2008-08-28,59.350223541259766
2008-08-29,59.33257293701172
2008-09-02,59.530052185058594
2008-09-03,59.51820373535156
2008-09-04,59.7369270324707
2008-09-05,59.55963134765625
2008-09-08,59.93204116821289
2008-09-09,60.1981315612793
2008-09-10,60.15675735473633
2008-09-11,60.07986831665039
2008-09-12,59.83751678466797
2008-09-15,60.0739860534668
2008-09-16,59.46501541137695
2008-09-17,59.61285400390625
2008-09-18,59.447265625
2008-09-19,59.71329879760742
2008-09-22,58.779197692871094
2008-09-23,58.690513610839844
2008-09-24,58.76150131225586
2008-09-25,58.655029296875
2008-09-26,58.35940170288086
2008-09-29,58.09340286254883
2008-09-30,58.28849411010742
2008-10-01,57.8730354309082
2008-10-02,58.09852600097656
2008-10-03,58.53779983520508
2008-10-06,58.55556869506836
2008-10-07,57.34468460083008
2008-10-08,56.19315719604492
2008-10-09,56.32376480102539
2008-10-10,52.471534729003906
2008-10-13,54.50151443481445
2008-10-14,55.64710235595703
2008-10-15,56.53743362426758
2008-10-16,55.64710235595703
2008-10-17,55.84889602661133
2008-10-20,56.84610366821289
2008-10-21,57.34468460083008
2008-10-22,58.00951385498047
2008-10-23,56.98860168457031
2008-10-24,56.50773620605469
2008-10-27,55.94386672973633
2008-10-28,56.139774322509766
2008-10-29,57.208160400390625
2008-10-30,57.13697814941406
2008-10-31,56.958892822265625
2008-11-03,56.052860260009766
2008-11-04,56.95289993286133
2008-11-05,57.817195892333984
2008-11-06,57.57876968383789
2008-11-07,57.8708381652832
2008-11-10,57.501312255859375
2008-11-11,57.93639373779297
2008-11-12,57.435691833496094
2008-11-13,57.63241958618164
2008-11-14,57.8052978515625
2008-11-17,57.96025848388672
2008-11-18,57.87682342529297
2008-11-19,58.04365921020508
2008-11-20,58.055633544921875
2008-11-21,57.590721130371094
2008-11-24,57.5847282409668
2008-11-25,59.02120590209961
2008-11-26,58.794734954833984
2008-11-28,58.68147659301758
2008-12-01,59.509212493896484
2008-12-02,59.56903076171875
2008-12-03,59.575050354003906
2008-12-04,59.77256393432617
2008-12-05,59.443389892578125
2008-12-08,59.36555862426758
2008-12-09,59.92218780517578
2008-12-10,59.81448745727539
2008-12-11,60.12564468383789
2008-12-12,60.14364242553711
2008-12-15,60.28720474243164
2008-12-16,60.526668548583984
2008-12-17,60.84984588623047
2008-12-18,61.23288345336914
2008-12-19,61.0353889465332
2008-12-22,61.36452865600586
2008-12-23,61.96308517456055
2008-12-24,62.25629806518555
2008-12-26,62.04686737060547
2008-12-29,62.52497863769531
2008-12-30,62.549034118652344
2008-12-31,62.59104537963867
2009-01-02,62.20061492919922
2009-01-05,63.19178009033203
2009-01-06,62.8373908996582
2009-01-07,62.2607307434082
2009-01-08,61.786170959472656
2009-01-09,61.575931549072266
2009-01-12,61.9002685546875
2009-01-13,62.00236511230469
2009-01-14,61.918365478515625
2009-01-15,61.91228103637695
2009-01-16,62.23067855834961
2009-01-20,61.90631103515625
2009-01-21,61.581939697265625
2009-01-22,61.31764221191406
2009-01-23,61.221519470214844
2009-01-26,61.16143035888672
2009-01-27,61.47383499145508
2009-01-28,61.50984573364258
2009-01-29,60.96323776245117
2009-01-30,61.347652435302734
2009-02-02,61.2428092956543
2009-02-03,60.97151565551758
2009-02-04,60.88709259033203
2009-02-05,60.69419479370117
2009-02-06,60.85694885253906
2009-02-09,60.86296844482422
2009-02-10,61.236724853515625
2009-02-11,61.22467041015625
2009-02-12,61.550235748291016
2009-02-13,61.363338470458984
2009-02-17,61.41157531738281
2009-02-18,61.28498458862305
2009-02-19,61.18853759765625
2009-02-20,60.87508010864258
2009-02-23,61.18853759765625
2009-02-24,61.06793975830078
2009-02-25,61.01372528076172
2009-02-26,60.69419479370117
2009-02-27,60.70021057128906
2009-03-02,60.90406036376953
2009-03-03,60.82542419433594
2009-03-04,60.54115676879883
2009-03-05,60.740753173828125
2009-03-06,60.90406036376953
2009-03-09,60.48670959472656
2009-03-10,60.625850677490234
2009-03-11,60.770973205566406
2009-03-12,60.82542419433594
2009-03-13,60.88587188720703
2009-03-16,60.69838333129883
2009-03-17,60.516971588134766
2009-03-18,61.47856903076172
2009-03-19,61.62979507446289
2009-03-20,61.285030364990234
2009-03-23,61.285030364990234
2009-03-24,60.86778259277344
2009-03-25,60.60164260864258
2009-03-26,60.72260284423828
2009-03-27,60.770973205566406
2009-03-30,61.05522155761719
2009-03-31,61.36972427368164
2009-04-01,61.339969635009766
2009-04-02,61.14578628540039
2009-04-03,60.94548797607422
2009-04-06,60.933380126953125
2009-04-07,60.83628845214844
2009-04-08,61.03654479980469
2009-04-09,60.94548797607422
2009-04-13,61.388580322265625
2009-04-14,61.37641906738281
2009-04-15,61.546329498291016
2009-04-16,61.43708419799805
2009-04-17,61.09726333618164
2009-04-20,61.44927978515625
2009-04-21,61.255043029785156
2009-04-22,61.41889572143555
2009-04-23,61.4977912902832
2009-04-24,61.56454849243164
2009-04-27,61.66167449951172
2009-04-28,61.64345932006836
2009-04-29,61.388580322265625
2009-04-30,61.68596649169922
2009-05-01,61.447879791259766
2009-05-04,61.496604919433594
2009-05-05,61.62445068359375
2009-05-06,61.76447296142578
2009-05-07,61.490478515625
2009-05-08,61.60615921020508
2009-05-11,61.64883041381836
2009-05-12,61.98979568481445
2009-05-13,62.0445556640625
2009-05-14,62.081085205078125
2009-05-15,62.221160888671875
2009-05-18,62.03843307495117
2009-05-19,62.093265533447266
2009-05-20,62.28203201293945
2009-05-21,62.087188720703125
2009-05-22,61.922794342041016
2009-05-26,61.782745361328125
2009-05-27,61.441802978515625
2009-05-28,61.46612548828125
2009-05-29,62.12374496459961
2009-06-01,61.352996826171875
2009-06-02,61.7744026184082
2009-06-03,61.945438385009766
2009-06-04,61.432373046875
2009-06-05,61.11484909057617
2009-06-08,60.94990158081055
2009-06-09,61.224788665771484
2009-06-10,61.053741455078125
2009-06-11,61.26750564575195
2009-06-12,61.566734313964844
2009-06-15,61.79878616333008
2009-06-16,61.88429641723633
2009-06-17,62.00645446777344
2009-06-18,61.60335922241211
2009-06-19,61.829345703125
2009-06-22,61.92095947265625
2009-06-23,62.12248611450195
2009-06-24,61.957618713378906
2009-06-25,62.244625091552734
2009-06-26,62.42786407470703
2009-06-29,62.37289810180664
2009-06-30,62.3851203918457
2009-07-01,62.361793518066406
2009-07-02,62.508880615234375
2009-07-06,62.459835052490234
2009-07-07,62.66204833984375
2009-07-08,63.00524139404297
2009-07-09,62.82749938964844
2009-07-10,63.04197311401367
2009-07-13,63.011348724365234
2009-07-14,62.82139205932617
2009-07-15,62.41084289550781
2009-07-16,62.60694122314453
2009-07-17,62.60694122314453
2009-07-20,62.680477142333984
2009-07-21,63.115570068359375
2009-07-22,62.90102005004883
2009-07-23,62.741722106933594
2009-07-24,62.741722106933594
2009-07-27,62.551761627197266
2009-07-28,62.6682243347168
2009-07-29,62.77849578857422
2009-07-30,62.85813903808594
2009-07-31,63.17679214477539
2009-08-03,63.044036865234375
2009-08-04,62.85346221923828
2009-08-05,62.798126220703125
2009-08-06,62.828861236572266
2009-08-07,62.4538459777832
2009-08-10,62.939517974853516
2009-08-11,63.160850524902344
2009-08-12,63.13008117675781
2009-08-13,63.28992462158203
2009-08-14,63.40056610107422
2009-08-17,63.664947509765625
2009-08-18,63.4559211730957
2009-08-19,63.584991455078125
2009-08-20,63.68953323364258
2009-08-21,63.320716857910156
2009-08-24,63.57890319824219
2009-08-25,63.68341064453125
2009-08-26,63.77558898925781
2009-08-27,63.726375579833984
2009-08-28,63.68341064453125
2009-08-31,63.94768142700195
2009-09-01,63.837947845458984
2009-09-02,64.17716979980469
2009-09-03,64.0599136352539
2009-09-04,63.936649322509766
2009-09-08,63.844078063964844
2009-09-09,63.96745300292969
2009-09-10,64.29437255859375
2009-09-11,64.2882308959961
2009-09-14,64.19563293457031
2009-09-15,64.09691619873047
2009-09-16,64.14628601074219
2009-09-17,64.448486328125
2009-09-18,64.2882308959961
2009-09-21,64.23880767822266
2009-09-22,64.19563293457031
2009-09-23,64.35599517822266
2009-09-24,64.43614959716797
2009-09-25,64.62738037109375
2009-09-28,64.62115478515625
2009-09-29,64.59033966064453
2009-09-30,64.70751190185547
2009-10-01,64.8572769165039
2009-10-02,64.73348236083984
2009-10-05,64.77684783935547
2009-10-06,64.68401336669922
2009-10-07,64.94390869140625
2009-10-08,64.90056610107422
2009-10-09,64.44889831542969
2009-10-12,64.59735870361328
2009-10-13,64.75824737548828
2009-10-14,64.60354614257812
2009-10-15,64.50460815429688
2009-10-16,64.49844360351562
2009-10-19,64.62834167480469
2009-10-20,64.78302001953125
2009-10-21,64.7397232055664
2009-10-22,64.64070129394531
2009-10-23,64.56027221679688
2009-10-26,64.38705444335938
2009-10-27,64.64070129394531
2009-10-28,64.73348236083984
2009-10-29,64.60354614257812
2009-10-30,64.85105895996094
2009-11-02,64.74800872802734
2009-11-03,64.66116333007812
2009-11-04,64.55562591552734
2009-11-05,64.72322845458984
2009-11-06,64.77911376953125
2009-11-09,64.86599731445312
2009-11-10,64.8846206665039
2009-11-11,64.9094009399414
2009-11-12,65.03976440429688
2009-11-13,65.10803985595703
2009-11-16,65.26322174072266
2009-11-17,65.31908416748047
2009-11-18,65.18253326416016
2009-11-19,65.25080108642578
2009-11-20,65.275634765625
2009-11-23,65.26322174072266
2009-11-24,65.45563507080078
2009-11-25,65.51773834228516
2009-11-27,65.57353210449219
2009-11-30,65.6852798461914
2009-12-01,65.52519226074219
2009-12-02,65.40068054199219
2009-12-03,65.40687561035156
2009-12-04,65.27610778808594
2009-12-07,65.33838653564453
2009-12-08,65.42556762695312
2009-12-09,65.35706329345703
2009-12-10,65.30726623535156
2009-12-11,65.1515884399414
2009-12-14,65.1889419555664
2009-12-15,65.00833892822266
2009-12-16,65.1266098022461
2009-12-17,65.2325668334961
2009-12-18,65.2325668334961
2009-12-21,64.95849609375
2009-12-22,64.77168273925781
2009-12-23,64.79664611816406
2009-12-24,64.68444061279297
2009-12-28,64.29216766357422
2009-12-29,64.36833190917969
2009-12-30,64.53081512451172
2009-12-31,64.4495620727539
2010-01-04,64.5245361328125
2010-01-05,64.8180923461914
2010-01-06,64.78060150146484
2010-01-07,64.70562744140625
2010-01-08,64.74313354492188
2010-01-11,64.69313049316406
2010-01-12,65.10537719726562
2010-01-13,64.83056640625
2010-01-14,64.99918365478516
2010-01-15,65.1241226196289
2010-01-19,65.0179443359375
2010-01-20,65.18656921386719
2010-01-21,65.20527648925781
2010-01-22,65.24272155761719
2010-01-25,65.2365493774414
2010-01-26,65.31774139404297
2010-01-27,65.26776123046875
2010-01-28,65.21153259277344
2010-01-29,65.36143493652344
2010-02-01,65.2718505859375
2010-02-02,65.34700012207031
2010-02-03,65.22796630859375
2010-02-04,65.3846435546875
2010-02-05,65.4096908569336
2010-02-08,65.53498840332031
2010-02-09,65.41593933105469
2010-02-10,65.26558685302734
2010-02-11,65.15902709960938
2010-02-12,65.1716079711914
2010-02-16,65.33446502685547
2010-02-17,65.13399505615234
2010-02-18,65.10895538330078
2010-02-19,65.15902709960938
2010-02-22,65.04634857177734
2010-02-23,65.27806854248047
2010-02-24,65.34700012207031
2010-02-25,65.47860717773438
2010-02-26,65.49114990234375
2010-03-01,65.58731842041016
2010-03-02,65.6124038696289
2010-03-03,65.6124038696289
2010-03-04,65.73180389404297
2010-03-05,65.60611724853516
2010-03-08,65.650146484375
2010-03-09,65.72550964355469
2010-03-10,65.68158721923828
2010-03-11,65.68158721923828
2010-03-12,65.68785858154297
2010-03-15,65.76956939697266
2010-03-16,65.88898468017578
2010-03-17,65.93929290771484
2010-03-18,65.88267517089844
2010-03-19,65.8324203491211
2010-03-22,65.88267517089844
2010-03-23,65.8952407836914
2010-03-24,65.5621109008789
2010-03-25,65.39242553710938
2010-03-26,65.49925231933594
2010-03-29,65.42386627197266
2010-03-30,65.44904327392578
2010-03-31,65.48675537109375
2010-04-01,65.4621810913086
2010-04-05,65.05867767333984
2010-04-06,65.14064025878906
2010-04-07,65.41804504394531
2010-04-08,65.35503387451172
2010-04-09,65.42432403564453
2010-04-12,65.5755615234375
2010-04-13,65.68278503417969
2010-04-14,65.60713958740234
2010-04-15,65.7269515991211
2010-04-16,65.82778930664062
2010-04-19,65.70800018310547
2010-04-20,65.81513977050781
2010-04-21,65.92861938476562
2010-04-22,65.7962875366211
2010-04-23,65.71431732177734
2010-04-26,65.70800018310547
2010-04-27,65.91604614257812
2010-04-28,65.81513977050781
2010-04-29,65.84040069580078
2010-04-30,66.12409973144531
2010-05-03,65.9989013671875
2010-05-04,66.26445770263672
2010-05-05,66.21383666992188
2010-05-06,66.30874633789062
2010-05-07,66.01787567138672
2010-05-10,66.01150512695312
2010-05-11,66.25811767578125
2010-05-12,66.1885986328125
2010-05-13,66.2834243774414
2010-05-14,66.52373504638672
2010-05-17,66.47310638427734
2010-05-18,66.7008056640625
2010-05-19,66.73235321044922
2010-05-20,66.67544555664062
2010-05-21,66.95989227294922
2010-05-24,66.92205810546875
2010-05-25,67.00421142578125
2010-05-26,66.92838287353516
2010-05-27,66.77030944824219
2010-05-28,66.8398666381836
2010-06-01,66.95020294189453
2010-06-02,66.88043212890625
2010-06-03,66.84871673583984
2010-06-04,67.01997375488281
2010-06-07,67.21659088134766
2010-06-08,67.14047241210938
2010-06-09,67.1785659790039
2010-06-10,66.9755859375
2010-06-11,67.01364135742188
2010-06-14,67.1087417602539
2010-06-15,67.1087417602539
2010-06-16,67.21021270751953
2010-06-17,67.36882019042969
2010-06-18,67.260986328125
2010-06-21,67.40685272216797
2010-06-22,67.47663879394531
2010-06-23,67.6478042602539
2010-06-24,67.59081268310547
2010-06-25,67.68596649169922
2010-06-28,67.81275939941406
2010-06-29,68.01567840576172
2010-06-30,68.02206420898438
2010-07-01,67.9864730834961
2010-07-02,67.89106750488281
2010-07-06,68.1009292602539
2010-07-07,68.01187133789062
2010-07-08,67.99919128417969
2010-07-09,67.89741516113281
2010-07-12,67.97373962402344
2010-07-13,67.80194854736328
2010-07-14,68.03096771240234
2010-07-15,68.12635040283203
2010-07-16,68.33631896972656
2010-07-19,68.27269744873047
2010-07-20,68.22177124023438
2010-07-21,68.520751953125
2010-07-22,68.45716857910156
2010-07-23,68.33631896972656
2010-07-26,68.32353973388672
2010-07-27,68.29814910888672
2010-07-28,68.42533111572266
2010-07-29,68.48896789550781
2010-07-30,68.60343170166016
2010-08-02,68.51033020019531
2010-08-03,68.55500793457031
2010-08-04,68.43376922607422
2010-08-05,68.51671600341797
2010-08-06,68.65064239501953
2010-08-09,68.65064239501953
2010-08-10,68.7654800415039
2010-08-11,68.82927703857422
2010-08-12,68.72083282470703
2010-08-13,68.8802490234375
2010-08-16,69.10990142822266
2010-08-17,69.0269775390625
2010-08-18,68.95040130615234
2010-08-19,69.1736831665039
2010-08-20,69.07799530029297
2010-08-23,69.14815521240234
2010-08-24,69.42244720458984
2010-08-25,69.26297760009766
2010-08-26,69.35232543945312
2010-08-27,68.96953582763672
2010-08-30,69.43524169921875
2010-08-31,69.48627471923828
2010-09-01,69.33782958984375
2010-09-02,69.24833679199219
2010-09-03,69.08843994140625
2010-09-07,69.28668212890625
2010-09-08,69.23552703857422
2010-09-09,68.90294647216797
2010-09-10,68.75581359863281
2010-09-13,68.90934753417969
2010-09-14,69.15877532958984
2010-09-15,69.0308609008789
2010-09-16,68.91573333740234
2010-09-17,69.00526428222656
2010-09-20,69.0308609008789
2010-09-21,69.32504272460938
2010-09-22,69.34428405761719
2010-09-23,69.42098236083984
2010-09-24,69.16514587402344
2010-09-27,69.4018325805664
2010-09-28,69.56810760498047
2010-09-29,69.51692962646484
2010-09-30,69.49129486083984
2010-10-01,69.41120147705078
2010-10-04,69.5265884399414
2010-10-05,69.5265884399414
2010-10-06,69.59717559814453
2010-10-07,69.62920379638672
2010-10-08,69.77021026611328
2010-10-11,69.73184967041016
2010-10-12,69.66122436523438
2010-10-13,69.65486145019531
2010-10-14,69.39837646484375
2010-10-15,69.2573471069336
2010-10-18,69.5009765625
2010-10-19,69.55868530273438
2010-10-20,69.64205932617188
2010-10-21,69.53299713134766
2010-10-22,69.5650863647461
2010-10-25,69.5715103149414
2010-10-26,69.41120147705078
2010-10-27,69.27654266357422
2010-10-28,69.44971466064453
2010-10-29,69.59717559814453
2010-11-01,69.56885528564453
2010-11-02,69.6910400390625
2010-11-03,69.67814636230469
2010-11-04,70.01237487792969
2010-11-05,69.81954956054688
2010-11-08,69.78742218017578
2010-11-09,69.44676208496094
2010-11-10,69.3888931274414
2010-11-11,69.38249206542969
2010-11-12,69.1060791015625
2010-11-15,68.72679138183594
2010-11-16,68.89398193359375
2010-11-17,68.91320037841797
2010-11-18,68.89398193359375
2010-11-19,68.9710922241211
2010-11-22,69.13813781738281
2010-11-23,69.20890045166016
2010-11-24,68.8746566772461
2010-11-26,69.01607513427734
2010-11-29,69.06104278564453
2010-11-30,69.01607513427734
2010-12-01,68.65616607666016
2010-12-02,68.5205078125
2010-12-03,68.65616607666016
2010-12-06,68.90816497802734
2010-12-07,68.37187957763672
2010-12-08,68.04240417480469
2010-12-09,68.16510772705078
2010-12-10,68.03594207763672
2010-12-13,68.08116149902344
2010-12-14,67.69993591308594
2010-12-15,67.58363342285156
2010-12-16,67.7128677368164
2010-12-17,68.08116149902344
2010-12-20,68.12635803222656
2010-12-21,68.255615234375
2010-12-22,68.17806243896484
2010-12-23,68.04887390136719
2010-12-27,68.24268341064453
2010-12-28,67.8433837890625
2010-12-29,68.32303619384766
2010-12-30,68.27117156982422
2010-12-31,68.54994201660156
2011-01-03,68.47216033935547
2011-01-04,68.49156188964844
2011-01-05,68.1609878540039
2011-01-06,68.1739273071289
2011-01-07,68.39436340332031
2011-01-10,68.57581329345703
2011-01-11,68.43972778320312
2011-01-12,68.43328857421875
2011-01-13,68.6795654296875
2011-01-14,68.5369873046875
2011-01-18,68.49156188964844
2011-01-19,68.50454711914062
2011-01-20,68.2452392578125
2011-01-21,68.45915222167969
2011-01-24,68.4202880859375
2011-01-25,68.63419342041016
2011-01-26,68.4073257446289
2011-01-27,68.52400970458984
2011-01-28,68.62126159667969
2011-01-31,68.49156188964844
2011-02-01,68.34597778320312
2011-02-02,68.26791381835938
2011-02-03,68.01431274414062
2011-02-04,67.78680419921875
2011-02-07,67.81279754638672
2011-02-08,67.61775207519531
2011-02-09,67.74126434326172
2011-02-10,67.54622650146484
2011-02-11,67.81279754638672
2011-02-14,67.8453140258789
2011-02-15,67.92984008789062
2011-02-16,67.92984008789062
2011-02-17,68.09236907958984
2011-02-18,68.06636810302734
2011-02-22,68.3134536743164
2011-02-23,68.36542510986328
2011-02-24,68.37843322753906
2011-02-25,68.56048583984375
2011-02-28,68.69046020507812
2011-03-01,68.63516235351562
2011-03-02,68.52432250976562
2011-03-03,68.28305053710938
2011-03-04,68.46562957763672
2011-03-07,68.49824523925781
2011-03-08,68.44605255126953
2011-03-09,68.60903930664062
2011-03-10,68.85027313232422
2011-03-11,68.86329650878906
2011-03-14,68.90238952636719
2011-03-15,68.9284896850586
2011-03-16,69.12407684326172
2011-03-17,69.07840728759766
2011-03-18,69.05231475830078
2011-03-21,68.88935089111328
2011-03-22,68.89588165283203
2011-03-23,68.86329650878906
2011-03-24,68.67424774169922
2011-03-25,68.61553192138672
2011-03-28,68.58293151855469
2011-03-29,68.49824523925781
2011-03-30,68.61553192138672
2011-03-31,68.53734588623047
2011-04-01,68.63082122802734
2011-04-04,68.74199676513672
2011-04-05,68.5981674194336
2011-04-06,68.39544677734375
2011-04-07,68.5000228881836
2011-04-08,68.36920928955078
2011-04-11,68.4346694946289
2011-04-12,68.69623565673828
2011-04-13,68.76813507080078
2011-04-14,68.70278930664062
2011-04-15,68.95124053955078
2011-04-18,69.06892395019531
2011-04-19,69.20622253417969
2011-04-20,69.10814666748047
2011-04-21,69.1539077758789
2011-04-25,69.19318389892578
2011-04-26,69.44817352294922
2011-04-27,69.38935089111328
2011-04-28,69.55280303955078
2011-04-29,69.61167907714844
2011-05-02,69.64837646484375
2011-05-03,69.66802215576172
2011-05-04,69.79917907714844
2011-05-05,69.95662689208984
2011-05-06,69.95003509521484
2011-05-09,70.02877044677734
2011-05-10,69.90414428710938
2011-05-11,70.02877044677734
2011-05-12,69.9238052368164
2011-05-13,70.03531646728516
2011-05-16,70.18619537353516
2011-05-17,70.26484680175781
2011-05-18,70.15335845947266
2011-05-19,70.10090637207031
2011-05-20,70.16644287109375
2011-05-23,70.22550201416016
2011-05-24,70.2516860961914
2011-05-25,70.23861694335938
2011-05-26,70.38945770263672
2011-05-27,70.45503234863281
2011-05-31,70.47466278076172
2011-06-01,70.77922821044922
2011-06-02,70.49638366699219
2011-06-03,70.58851623535156
2011-06-06,70.60162353515625
2011-06-07,70.746337890625
2011-06-08,70.8055191040039
2011-06-09,70.7003173828125
2011-06-10,70.6937484741211
2011-06-13,70.60162353515625
2011-06-14,70.41089630126953
2011-06-15,70.58851623535156
2011-06-16,70.634521484375
2011-06-17,70.7003173828125
2011-06-20,70.60824584960938
2011-06-21,70.67404174804688
2011-06-22,70.62796020507812
2011-06-23,70.8581771850586
2011-06-24,70.79240417480469
2011-06-27,70.66741180419922
2011-06-28,70.38460540771484
2011-06-29,70.17414855957031
2011-06-30,70.16094970703125
2011-07-01,70.18342590332031
2011-07-05,70.45386505126953
2011-07-06,70.49337768554688
2011-07-07,70.2955322265625
2011-07-08,70.65831756591797
2011-07-11,70.84957885742188
2011-07-12,70.90898132324219
2011-07-13,71.0474853515625
2011-07-14,70.8694076538086
2011-07-15,70.96830749511719
2011-07-18,70.86277770996094
2011-07-19,71.01453399658203
2011-07-20,70.90239715576172
2011-07-21,70.79029846191406
2011-07-22,70.94197845458984
2011-07-25,70.73744201660156
2011-07-26,70.90239715576172
2011-07-27,70.7836685180664
2011-07-28,70.92215728759766
2011-07-29,71.3443374633789
2011-08-01,71.51632690429688
2011-08-02,71.820556640625
2011-08-03,71.8933334350586
2011-08-04,72.2769546508789
2011-08-05,71.80070495605469
2011-08-08,71.83377075195312
2011-08-09,72.25711822509766
2011-08-10,72.8458023071289
2011-08-11,71.93965911865234
2011-08-12,72.25711822509766
2011-08-15,72.36955261230469
2011-08-16,72.5217056274414
2011-08-17,72.64078521728516
2011-08-18,72.74658203125
2011-08-19,72.77960968017578
2011-08-22,72.68704986572266
2011-08-23,72.51505279541016
2011-08-24,72.10498046875
2011-08-25,72.25055694580078
2011-08-26,72.34974670410156
2011-08-29,72.27037811279297
2011-08-30,72.4952621459961
2011-08-31,72.42909240722656
2011-09-01,72.66243743896484
2011-09-02,72.88117218017578
2011-09-06,73.07344818115234
2011-09-07,72.90105438232422
2011-09-08,72.92097473144531
2011-09-09,73.0204086303711
2011-09-12,72.87451171875
2011-09-13,72.90105438232422
2011-09-14,72.9143295288086
2011-09-15,72.7022476196289
2011-09-16,72.80830383300781
2011-09-19,72.96734619140625
2011-09-20,73.11315155029297
2011-09-21,73.23249053955078
2011-09-22,73.44463348388672
2011-09-23,73.06678009033203
2011-09-26,72.90105438232422
2011-09-27,72.80162811279297
2011-09-28,72.74198150634766
2011-09-29,72.71546173095703
2011-09-30,72.9872055053711
2011-10-03,73.28543853759766
2011-10-04,73.0596694946289
2011-10-05,72.8138656616211
2011-10-06,72.69432067871094
2011-10-07,72.54822540283203
2011-10-10,72.40211486816406
2011-10-11,72.57481384277344
2011-10-12,72.43531036376953
2011-10-13,72.47515106201172
2011-10-14,72.35557556152344
2011-10-17,72.64119720458984
2011-10-18,72.56147766113281
2011-10-19,72.6677474975586
2011-10-20,72.6279067993164
2011-10-21,72.6677474975586
2011-10-24,72.55482482910156
2011-10-25,72.92681121826172
2011-10-26,72.72752380371094
2011-10-27,72.44857788085938
2011-10-28,72.73418426513672
2011-10-31,73.07953643798828
2011-11-01,73.43047332763672
2011-11-02,73.43047332763672
2011-11-03,73.27069091796875
2011-11-04,73.25072479248047
2011-11-07,73.31062316894531
2011-11-08,73.2107162475586
2011-11-09,73.33728790283203
2011-11-10,73.19744110107422
2011-11-11,73.11085510253906
2011-11-14,73.17074584960938
2011-11-15,73.07756042480469
2011-11-16,73.05089569091797
2011-11-17,73.01095581054688
2011-11-18,72.99761962890625
2011-11-21,72.98432922363281
2011-11-22,73.03759002685547
2011-11-23,73.10425567626953
2011-11-25,73.00431823730469
2011-11-28,72.99761962890625
2011-11-29,73.0243148803711
2011-11-30,72.83786010742188
2011-12-01,72.86325073242188
2011-12-02,73.05069732666016
2011-12-05,73.13099670410156
2011-12-06,73.06410217285156
2011-12-07,73.1980209350586
2011-12-08,73.2716064453125
2011-12-09,73.23149108886719
2011-12-12,73.25151824951172
2011-12-13,73.39878845214844
2011-12-14,73.57952880859375
2011-12-15,73.4256362915039
2011-12-16,73.67333221435547
2011-12-19,73.74690246582031
2011-12-20,73.64656066894531
2011-12-21,73.45907592773438
2011-12-22,73.5728988647461
2011-12-23,73.48585510253906
2011-12-27,73.61841583251953
2011-12-28,73.74568939208984
2011-12-29,73.91980743408203
2011-12-30,73.82603454589844
2012-01-03,73.67872619628906
2012-01-04,73.5782470703125
2012-01-05,73.67872619628906
2012-01-06,73.7389907836914
2012-01-09,73.67872619628906
2012-01-10,73.65861511230469
2012-01-11,73.91980743408203
2012-01-12,73.85950469970703
2012-01-13,74.02693176269531
2012-01-17,74.0469970703125
2012-01-18,73.95328521728516
2012-01-19,73.83275604248047
2012-01-20,73.64520263671875
2012-01-23,73.58492279052734
2012-01-24,73.64520263671875
2012-01-25,73.75236511230469
2012-01-26,73.8996810913086
2012-01-27,74.02022552490234
2012-01-30,74.23452758789062
2012-01-31,74.36174774169922
2012-02-01,74.23085021972656
2012-02-02,74.25093841552734
2012-02-03,74.21744537353516
2012-02-06,74.27108001708984
2012-02-07,74.19728088378906
2012-02-08,74.1368637084961
2012-02-09,74.01600646972656
2012-02-10,74.11672973632812
2012-02-13,74.14354705810547
2012-02-14,74.20396423339844
2012-02-15,74.17710876464844
2012-02-16,74.16370391845703
2012-02-17,74.06969451904297
2012-02-21,73.95557403564453
2012-02-22,74.16370391845703
2012-02-23,74.22415161132812
2012-02-24,74.24424743652344
2012-02-27,74.47917175292969
2012-02-28,74.42549133300781
2012-02-29,74.35164642333984
2012-03-01,74.20158386230469
2012-03-02,74.36307525634766
2012-03-05,74.25537872314453
2012-03-06,74.40350341796875
2012-03-07,74.336181640625
2012-03-08,74.16792297363281
2012-03-09,74.15446472167969
2012-03-12,74.2218246459961
2012-03-13,73.97274780273438
2012-03-14,73.5689697265625
2012-03-15,73.53532409667969
2012-03-16,73.5420913696289
2012-03-19,73.3065414428711
2012-03-20,73.4141616821289
2012-03-21,73.58918762207031
2012-03-22,73.6564712524414
2012-03-23,73.82469940185547
2012-03-26,73.77084350585938
2012-03-27,73.85163116455078
2012-03-28,73.83818817138672
2012-03-29,74.04007720947266
2012-03-30,73.92561340332031
2012-04-02,73.93441772460938
2012-04-03,73.61749267578125
2012-04-04,73.77259063720703
2012-04-05,73.94116973876953
2012-04-09,74.26493835449219
2012-04-10,74.27171325683594
2012-04-11,74.27843475341797
2012-04-12,74.2042236328125
2012-04-13,74.43352508544922
2012-04-16,74.44705963134766
2012-04-17,74.46048736572266
2012-04-18,74.55493927001953
2012-04-19,74.50098419189453
2012-04-20,74.51448822021484
2012-04-23,74.58863830566406
2012-04-24,74.48072814941406
2012-04-25,74.51448822021484
2012-04-26,74.62908935546875
2012-04-27,74.62234497070312
2012-04-30,74.59542846679688
2012-05-01,74.56838989257812
2012-05-02,74.64271545410156
2012-05-03,74.72384643554688
2012-05-04,74.79821014404297
2012-05-07,74.8251724243164
2012-05-08,74.87922668457031
2012-05-09,74.8995361328125
2012-05-10,74.8251724243164
2012-05-11,74.87922668457031
2012-05-14,75.04824829101562
2012-05-15,75.00768280029297
2012-05-16,74.99417877197266
2012-05-17,75.04148864746094
2012-05-18,75.02119445800781
2012-05-21,75.00768280029297
2012-05-22,74.8251724243164
2012-05-23,74.91307830810547
2012-05-24,74.85220336914062
2012-05-25,74.96713256835938
2012-05-29,74.92662811279297
2012-05-30,75.1766586303711
2012-05-31,75.39967346191406
2012-06-01,75.58798217773438
2012-06-04,75.4118423461914
2012-06-05,75.25611114501953
2012-06-06,75.0325698852539
2012-06-07,75.147705078125
2012-06-08,75.11389923095703
2012-06-11,75.18158721923828
2012-06-12,75.12065124511719
2012-06-13,75.31707000732422
2012-06-14,75.26284790039062
2012-06-15,75.4389419555664
2012-06-18,75.41867065429688
2012-06-19,75.33059692382812
2012-06-20,75.2154541015625
2012-06-21,75.31707000732422
2012-06-22,75.20868682861328
2012-06-25,75.44576263427734
2012-06-26,75.36446380615234
2012-06-27,75.39830780029297
2012-06-28,75.48638916015625
2012-06-29,75.3847885131836
2012-07-02,75.52932739257812
2012-07-03,75.47504425048828
2012-07-05,75.6718521118164
2012-07-06,75.72614288330078
2012-07-09,75.87545776367188
2012-07-10,75.90937805175781
2012-07-11,75.90259552001953
2012-07-12,76.0383529663086
2012-07-13,76.06552124023438
2012-07-16,76.12657165527344
2012-07-17,76.09944152832031
2012-07-18,76.24871063232422
2012-07-19,76.18760681152344
2012-07-20,76.2962646484375
2012-07-23,76.36412811279297
2012-07-24,76.45911407470703
2012-07-25,76.48625946044922
2012-07-26,76.43880462646484
2012-07-27,76.2080307006836
2012-07-30,76.33692169189453
2012-07-31,76.41163635253906
2012-08-01,76.32323455810547
2012-08-02,76.3367691040039
2012-08-03,76.15322875976562
2012-08-06,76.26880645751953
2012-08-07,76.06480407714844
2012-08-08,75.9696044921875
2012-08-09,75.94920349121094
2012-08-10,76.07159423828125
2012-08-13,76.06480407714844
2012-08-14,75.88804626464844
2012-08-15,75.64320373535156
2012-08-16,75.54801177978516
2012-08-17,75.63643646240234
2012-08-20,75.6092300415039
2012-08-21,75.7111587524414
2012-08-22,76.03759765625
2012-08-23,76.0920181274414
2012-08-24,76.03759765625
2012-08-27,76.13964080810547
2012-08-28,76.20081329345703
2012-08-29,76.12598419189453
2012-08-30,76.17359161376953
2012-08-31,76.41159057617188
2012-09-04,76.39730834960938
2012-09-05,76.39730834960938
2012-09-06,76.2201156616211
2012-09-07,76.23381042480469
2012-09-10,76.24745178222656
2012-09-11,76.15880584716797
2012-09-12,76.01578521728516
2012-09-13,76.19290924072266
2012-09-14,75.87950897216797
2012-09-17,76.00211334228516
2012-09-18,76.04985809326172
2012-09-19,76.1996841430664
2012-09-20,76.15201568603516
2012-09-21,76.274658203125
2012-09-24,76.35637664794922
2012-09-25,76.47906494140625
2012-09-26,76.55403137207031
2012-09-27,76.50634002685547
2012-09-28,76.6153793334961
2012-10-01,76.58595275878906
2012-10-02,76.64742279052734
2012-10-03,76.62010192871094
2012-10-04,76.5108871459961
2012-10-05,76.35391235351562
2012-10-08,76.46998596191406
2012-10-09,76.38802337646484
2012-10-10,76.5108871459961
2012-10-11,76.6064682006836
2012-10-12,76.66789245605469
2012-10-15,76.7088623046875
2012-10-16,76.58595275878906
2012-10-17,76.34705352783203
2012-10-18,76.31977844238281
2012-10-19,76.41531372070312
2012-10-22,76.31297302246094
2012-10-23,76.48360443115234
2012-10-24,76.42900085449219
2012-10-25,76.26518249511719
2012-10-26,76.46998596191406
2012-10-31,76.5792007446289
2012-11-01,76.4786376953125
2012-11-02,76.52645874023438
2012-11-05,76.65644073486328
2012-11-06,76.43759155273438
2012-11-07,76.61543273925781
2012-11-08,76.711181640625
2012-11-09,76.6701431274414
2012-11-12,76.6496353149414
2012-11-13,76.78643798828125
2012-11-14,76.80693054199219
2012-11-15,76.73171997070312
2012-11-16,76.75907897949219
2012-11-19,76.81380462646484
2012-11-20,76.6701431274414
2012-11-21,76.54019165039062
2012-11-23,76.58800506591797
2012-11-26,76.61543273925781
2012-11-27,76.71803283691406
2012-11-28,76.73171997070312
2012-11-29,76.82746887207031
2012-11-30,76.78643798828125
2012-12-03,76.79749298095703
2012-12-04,76.84561920166016
2012-12-05,76.9144515991211
2012-12-06,76.90756225585938
2012-12-07,76.8387222290039
2012-12-10,76.85249328613281
2012-12-11,76.82490539550781
2012-12-12,76.6116714477539
2012-12-13,76.4877700805664
2012-12-14,76.62539672851562
2012-12-17,76.4395980834961
2012-12-18,76.26070404052734
2012-12-19,76.39144134521484
2012-12-20,76.3982925415039
2012-12-21,76.46710968017578
2012-12-24,76.47404479980469
2012-12-26,76.57743072509766
2012-12-27,76.61885833740234
2012-12-28,76.73600769042969
2012-12-31,76.59812927246094
2013-01-02,76.50846099853516
2013-01-03,76.31541442871094
2013-01-04,76.39813995361328
2013-01-07,76.35677337646484
2013-01-08,76.42576599121094
2013-01-09,76.37060546875
2013-01-10,76.36365509033203
2013-01-11,76.43951416015625
2013-01-14,76.50846099853516
2013-01-15,76.5291519165039
2013-01-16,76.57056427001953
2013-01-17,76.40505981445312
2013-01-18,76.49471282958984
2013-01-22,76.45333862304688
2013-01-23,76.53604125976562
2013-01-24,76.43260192871094
2013-01-25,76.2464370727539
2013-01-28,76.13613891601562
2013-01-29,76.08782958984375
2013-01-30,76.0533447265625
2013-01-31,76.12229919433594
2013-02-01,75.95714569091797
2013-02-04,76.17132568359375
2013-02-05,76.01251983642578
2013-02-06,76.14376831054688
2013-02-07,76.17132568359375
2013-02-08,76.19212341308594
2013-02-11,76.1160888671875
2013-02-12,76.10231018066406
2013-02-13,76.02623748779297
2013-02-14,76.16446685791016
2013-02-15,76.17132568359375
2013-02-19,76.0815658569336
2013-02-20,76.12995910644531
2013-02-21,76.17132568359375
2013-02-22,76.21282196044922
2013-02-25,76.50300598144531
2013-02-26,76.48226165771484
2013-02-27,76.50300598144531
2013-02-28,76.57213592529297
2013-03-01,76.59912109375
2013-03-04,76.54373931884766
2013-03-05,76.48143005371094
2013-03-06,76.39834594726562
2013-03-07,76.23912811279297
2013-03-08,76.01763916015625
2013-03-11,76.05912017822266
2013-03-12,76.19759368896484
2013-03-13,76.13533782958984
2013-03-14,76.21839904785156
2013-03-15,76.28762817382812
2013-03-18,76.35681915283203
2013-03-19,76.46755981445312
2013-03-20,76.38452911376953
2013-03-21,76.39834594726562
2013-03-22,76.4260482788086
2013-03-25,76.39834594726562
2013-03-26,76.48831176757812
2013-03-27,76.64754486083984
2013-03-28,76.64754486083984
2013-04-01,76.71692657470703
2013-04-02,76.63362121582031
2013-04-03,76.71692657470703
2013-04-04,76.93199920654297
2013-04-05,77.15406799316406
2013-04-08,77.02218627929688
2013-04-09,77.04997253417969
2013-04-10,76.89041137695312
2013-04-11,76.90422821044922
2013-04-12,77.15406799316406
2013-04-15,77.18872833251953
2013-04-16,77.18872833251953
2013-04-17,77.18872833251953
2013-04-18,77.17488098144531
2013-04-19,77.18177795410156
2013-04-22,77.27898406982422
2013-04-23,77.24424743652344
2013-04-24,77.23033905029297
2013-04-25,77.19563293457031
2013-04-26,77.35527801513672
2013-04-29,77.40382385253906
2013-04-30,77.38993072509766
2013-05-01,77.42607116699219
2013-05-02,77.43305969238281
2013-05-03,77.14805603027344
2013-05-06,77.02294158935547
2013-05-07,76.98123168945312
2013-05-08,77.05074310302734
2013-05-09,76.94644927978516
2013-05-10,76.79356384277344
2013-05-13,76.72408294677734
2013-05-14,76.5433120727539
2013-05-15,76.654541015625
2013-05-16,76.86306762695312
2013-05-17,76.67536926269531
2013-05-20,76.59896087646484
2013-05-21,76.66150665283203
2013-05-22,76.40433502197266
2013-05-23,76.37647247314453
2013-05-24,76.37647247314453
2013-05-28,75.90380859375
2013-05-29,76.00806427001953
2013-05-30,75.98721313476562
2013-05-31,75.8412857055664
2013-06-03,75.87955474853516
2013-06-04,75.71251678466797
2013-06-05,75.6706771850586
2013-06-06,75.86563873291016
2013-06-07,75.62892150878906
2013-06-10,75.4757308959961
2013-06-11,75.48265075683594
2013-06-12,75.35730743408203
2013-06-13,75.72637176513672
2013-06-14,75.74726867675781
2013-06-17,75.69156646728516
2013-06-18,75.66374969482422
2013-06-19,75.1553955078125
2013-06-20,74.65402221679688
2013-06-21,74.23626708984375
2013-06-24,73.93682098388672
2013-06-25,74.0203857421875
2013-06-26,74.33367919921875
2013-06-27,74.64707946777344
2013-06-28,74.65402221679688
2013-07-01,74.75726318359375
2013-07-02,74.75726318359375
2013-07-03,74.65267944335938
2013-07-05,73.83642578125
2013-07-08,74.22006225585938
2013-07-09,74.29682922363281
2013-07-10,74.10150909423828
2013-07-11,74.5968246459961
2013-07-12,74.51310729980469
2013-07-15,74.67357635498047
2013-07-16,74.79219055175781
2013-07-17,74.9526138305664
2013-07-18,74.8130874633789
2013-07-19,75.00840759277344
2013-07-22,75.10610961914062
2013-07-23,75.06429290771484
2013-07-24,74.820068359375
2013-07-25,74.8479995727539
2013-07-26,74.8270492553711
2013-07-29,74.8270492553711
2013-07-30,74.7991714477539
2013-07-31,74.85494995117188
2013-08-01,74.43209075927734
2013-08-02,74.68370819091797
2013-08-05,74.71865844726562
2013-08-06,74.64180755615234
2013-08-07,74.73966217041016
2013-08-08,74.84445190429688
2013-08-09,74.89337921142578
2013-08-12,74.84445190429688
2013-08-13,74.54389953613281
2013-08-14,74.44605255126953
2013-08-15,74.18045806884766
2013-08-16,73.97074890136719
2013-08-19,73.74008178710938
2013-08-20,73.9567642211914
2013-08-21,73.6842269897461
2013-08-22,73.77508544921875
2013-08-23,74.01969146728516
2013-08-26,74.15253448486328
2013-08-27,74.34821319580078
2013-08-28,74.20843505859375
2013-08-29,74.35519409179688
2013-08-30,74.23639678955078
2013-09-03,74.0528793334961
2013-09-04,73.94783020019531
2013-09-05,73.45069885253906
2013-09-06,73.72378540039062
2013-09-09,73.87083435058594
2013-09-10,73.73780059814453
2013-09-11,73.98988342285156
2013-09-12,73.90583801269531
2013-09-13,74.01087951660156
2013-09-16,74.16496276855469
2013-09-17,74.23494720458984
2013-09-18,74.85821533203125
2013-09-19,74.76718139648438
2013-09-20,74.76718139648438
2013-09-23,74.82320404052734
2013-09-24,74.99825286865234
2013-09-25,75.1032943725586
2013-09-26,75.08927154541016
2013-09-27,75.13134002685547
2013-09-30,75.06829071044922
2013-10-01,75.01289367675781
2013-10-02,75.11109924316406
2013-10-03,75.16719818115234
2013-10-04,75.10406494140625
2013-10-07,75.09004974365234
2013-10-08,75.05497741699219
2013-10-09,74.99884033203125
2013-10-10,75.08303833007812
2013-10-11,75.11109924316406
2013-10-14,74.97081756591797
2013-10-15,74.93570709228516
2013-10-16,75.25841522216797
2013-10-17,75.46881866455078
2013-10-18,75.59513854980469
2013-10-21,75.5250015258789
2013-10-22,75.79154968261719
2013-10-23,75.77049255371094
2013-10-24,75.742431640625
2013-10-25,75.77049255371094
2013-10-28,75.73542022705078
2013-10-29,75.8266372680664
2013-10-30,75.68633270263672
2013-10-31,75.69332885742188
2013-11-01,75.5105972290039
2013-11-04,75.5879135131836
2013-11-05,75.36309814453125
2013-11-06,75.48248291015625
2013-11-07,75.53873443603516
2013-11-08,75.06785583496094
2013-11-11,75.02567291259766
2013-11-12,74.99765014648438
2013-11-13,75.19438934326172
2013-11-14,75.42630004882812
2013-11-15,75.4473876953125
2013-11-18,75.59496307373047
2013-11-19,75.39115142822266
2013-11-20,75.18033599853516
2013-11-21,75.25759887695312
2013-11-22,75.36309814453125
2013-11-25,75.41925811767578
2013-11-26,75.44035339355469
2013-11-27,75.47547912597656
2013-11-29,75.50359344482422
2013-12-02,75.2170181274414
2013-12-03,75.30854797363281
2013-12-04,75.1114273071289
2013-12-05,74.949462890625
2013-12-06,75.07621765136719
2013-12-09,75.16773223876953
2013-12-10,75.2874526977539
2013-12-11,75.16773223876953
2013-12-12,75.05510711669922
2013-12-13,75.09033203125
2013-12-16,75.14665222167969
2013-12-17,75.27332305908203
2013-12-18,75.23815155029297
2013-12-19,75.1114273071289
2013-12-20,75.23815155029297
2013-12-23,75.20297241210938
2013-12-24,75.09734344482422
2013-12-26,75.05502319335938
2013-12-27,75.08323669433594
2013-12-30,75.15377044677734
2013-12-31,75.08323669433594
2014-01-02,75.13264465332031
2014-01-03,75.16081237792969
2014-01-06,75.25959777832031
2014-01-07,75.29484558105469
2014-01-08,75.06910705566406
2014-01-09,75.17491149902344
2014-01-10,75.55587768554688
2014-01-13,75.6264419555664
2014-01-14,75.51355743408203
2014-01-15,75.45002746582031
2014-01-16,75.6264419555664
2014-01-17,75.66171264648438
2014-01-21,75.69700622558594
2014-01-22,75.53473663330078
2014-01-23,75.73226165771484
2014-01-24,75.89451599121094
2014-01-27,75.73226165771484
2014-01-28,75.8592529296875
2014-01-29,76.08501434326172
2014-01-30,76.09910583496094
2014-01-31,76.24018859863281
2014-02-03,76.49888610839844
2014-02-04,76.31509399414062
2014-02-05,76.12428283691406
2014-02-06,76.08889770507812
2014-02-07,76.20909881591797
2014-02-10,76.28688049316406
2014-02-11,76.13839721679688
2014-02-12,76.01116180419922
2014-02-13,76.17373657226562
2014-02-14,76.17373657226562
2014-02-18,76.22321319580078
2014-02-19,76.16670989990234
2014-02-20,76.12428283691406
2014-02-21,76.19496154785156
2014-02-24,76.12428283691406
2014-02-25,76.3292236328125
2014-02-26,76.4917984008789
2014-02-27,76.56951904296875
2014-02-28,76.52716827392578
2014-03-03,76.72542572021484
2014-03-04,76.44216918945312
2014-03-05,76.48465728759766
2014-03-06,76.31475067138672
2014-03-07,76.10230255126953
2014-03-10,76.10230255126953
2014-03-11,76.0951919555664
2014-03-12,76.26514434814453
2014-03-13,76.46342468261719
2014-03-14,76.42804718017578
2014-03-17,76.38556671142578
2014-03-18,76.47756958007812
2014-03-19,76.1376953125
2014-03-20,76.08101654052734
2014-03-21,76.18730163574219
2014-03-24,76.30059051513672
2014-03-25,76.22267150878906
2014-03-26,76.46342468261719
2014-03-27,76.52008819580078
2014-03-28,76.40679168701172
2014-03-31,76.41389465332031
2014-04-01,76.29679107666016
2014-04-02,76.16908264160156
2014-04-03,76.22586059570312
2014-04-04,76.467041015625
2014-04-07,76.58058166503906
2014-04-08,76.6728286743164
2014-04-09,76.67990112304688
2014-04-10,76.85726165771484
2014-04-11,76.9282455444336
2014-04-14,76.95658874511719
2014-04-15,76.96368408203125
2014-04-16,77.00623321533203
2014-04-17,76.75797271728516
2014-04-21,76.7508544921875
2014-04-22,76.73668670654297
2014-04-23,76.8146743774414
2014-04-24,76.8856430053711
2014-04-25,76.89986419677734
2014-04-28,76.85020446777344
2014-04-29,76.8856430053711
2014-04-30,77.041748046875
2014-05-01,77.1540298461914
2014-05-02,77.24649810791016
2014-05-05,77.2180404663086
2014-05-06,77.2748794555664
2014-05-07,77.2748794555664
2014-05-08,77.32465362548828
2014-05-09,77.25353240966797
2014-05-12,77.18953704833984
2014-05-13,77.31751251220703
2014-05-14,77.53788757324219
2014-05-15,77.70135498046875
2014-05-16,77.61607360839844
2014-05-19,77.58763885498047
2014-05-20,77.62317657470703
2014-05-21,77.59471893310547
2014-05-22,77.55921936035156
2014-05-23,77.63734436035156
2014-05-27,77.70844268798828
2014-05-28,77.92168426513672
2014-05-29,77.87908172607422
2014-05-30,77.95010375976562
2014-06-02,77.71297454833984
2014-06-03,77.50645446777344
2014-06-04,77.47797393798828
2014-06-05,77.57767486572266
2014-06-06,77.53498077392578
2014-06-09,77.46372985839844
2014-06-10,77.34981536865234
2014-06-11,77.40675354003906
2014-06-12,77.55630493164062
2014-06-13,77.53498077392578
2014-06-16,77.49223327636719
2014-06-17,77.34981536865234
2014-06-18,77.55630493164062
2014-06-19,77.4423828125
2014-06-20,77.57767486572266
2014-06-23,77.50645446777344
2014-06-24,77.64178466796875
2014-06-25,77.74858093261719
2014-06-26,77.89808654785156
2014-06-27,77.89808654785156
2014-06-30,77.90523529052734
2014-07-01,77.8096923828125
2014-07-02,77.53854370117188
2014-07-03,77.48867797851562
2014-07-07,77.51006317138672
2014-07-08,77.66696166992188
2014-07-09,77.73119354248047
2014-07-10,77.766845703125
2014-07-11,77.87384796142578
2014-07-14,77.8096923828125
2014-07-15,77.70980072021484
2014-07-16,77.77399444580078
2014-07-17,78.00230407714844
2014-07-18,77.91666412353516
2014-07-21,77.94522094726562
2014-07-22,78.07357788085938
2014-07-23,78.08788299560547
2014-07-24,77.84534454345703
2014-07-25,77.9951400756836
2014-07-28,78.0093994140625
2014-07-29,78.08788299560547
2014-07-30,77.8096923828125
2014-07-31,77.70980072021484
2014-08-01,78.00281524658203
2014-08-04,77.988525390625
2014-08-05,77.988525390625
2014-08-06,77.99566650390625
2014-08-07,78.14579010009766
2014-08-08,78.1744155883789
2014-08-11,78.1815185546875
2014-08-12,78.14579010009766
2014-08-13,78.30294799804688
2014-08-14,78.3458480834961
2014-08-15,78.53883361816406
2014-08-18,78.37446594238281
2014-08-19,78.26721954345703
2014-08-20,78.1815185546875
2014-08-21,78.3172836303711
2014-08-22,78.30294799804688
2014-08-25,78.36727142333984
2014-08-26,78.37446594238281
2014-08-27,78.4745101928711
2014-08-28,78.63177490234375
2014-08-29,78.60316467285156
2014-09-02,78.36331176757812
2014-09-03,78.44921112060547
2014-09-04,78.34898376464844
2014-09-05,78.30603790283203
2014-09-08,78.2272720336914
2014-09-09,78.11992645263672
2014-09-10,78.01250457763672
2014-09-11,77.9337158203125
2014-09-12,77.77621459960938
2014-09-15,77.76190948486328
2014-09-16,77.76190948486328
2014-09-17,77.6760025024414
2014-09-18,77.68314361572266
2014-09-19,77.81202697753906
2014-09-22,77.91942596435547
2014-09-23,77.9909896850586
2014-09-24,77.94087982177734
2014-09-25,78.09121704101562
2014-09-26,78.08409118652344
2014-09-29,78.17002868652344
2014-09-30,78.11992645263672
2014-10-01,78.55663299560547
2014-10-02,78.4275894165039
2014-10-03,78.39169311523438
2014-10-06,78.46342468261719
2014-10-07,78.76470947265625
2014-10-08,78.9870376586914
2014-10-09,78.82917785644531
2014-10-10,78.8865966796875
2014-10-13,79.1161117553711
2014-10-14,79.29542541503906
2014-10-15,79.4388427734375
2014-10-16,79.37425994873047
2014-10-17,79.2667236328125
2014-10-20,79.35997009277344
2014-10-21,79.2882308959961
2014-10-22,79.24515533447266
2014-10-23,79.0587158203125
2014-10-24,79.08737182617188
2014-10-27,79.1161117553711
2014-10-28,78.99419403076172
2014-10-29,78.82202911376953
2014-10-30,78.95111083984375
2014-10-31,78.95111083984375
2014-11-03,78.80170440673828
2014-11-04,78.8088607788086
2014-11-05,78.83765411376953
2014-11-06,78.70108795166016
2014-11-07,78.96693420410156
2014-11-10,78.78012084960938
2014-11-11,78.81602478027344
2014-11-12,78.8232192993164
2014-11-13,78.85919189453125
2014-11-14,78.93103790283203
2014-11-17,78.83765411376953
2014-11-18,78.90946197509766
2014-11-19,78.72264099121094
2014-11-20,78.86638641357422
2014-11-21,78.95975494384766
2014-11-24,78.98849487304688
2014-11-25,79.16094207763672
2014-11-26,79.2255859375
2014-11-28,79.46990203857422
2014-12-01,79.29124450683594
2014-12-02,79.13275146484375
2014-12-03,79.06076049804688
2014-12-04,79.29841613769531
2014-12-05,78.95989990234375
2014-12-08,79.15434265136719
2014-12-09,79.27679443359375
2014-12-10,79.41368103027344
2014-12-11,79.38485717773438
2014-12-12,79.63697052001953
2014-12-15,79.42088317871094
2014-12-16,79.61537170410156
2014-12-17,79.51451873779297
2014-12-18,79.30562591552734
2014-12-19,79.43531036376953
2014-12-22,79.55773162841797
2014-12-23,79.19043731689453
2014-12-24,79.2763671875
2014-12-26,79.3125228881836
2014-12-29,79.478759765625
2014-12-30,79.56548309326172
2014-12-31,79.58720397949219
2015-01-02,79.81120300292969
2015-01-05,79.98464965820312
2015-01-06,80.18701934814453
2015-01-07,80.17257690429688
2015-01-08,80.04975128173828
2015-01-09,80.24485778808594
2015-01-12,80.3099136352539
2015-01-13,80.33155822753906
2015-01-14,80.52671813964844
2015-01-15,80.89530944824219
2015-01-16,80.58453369140625
2015-01-20,80.72189331054688
2015-01-21,80.57733917236328
2015-01-22,80.53392791748047
2015-01-23,80.736328125
2015-01-26,80.70018768310547
2015-01-27,80.65682220458984
2015-01-28,80.99650573730469
2015-01-29,80.93142700195312
2015-01-30,81.22051239013672
2015-02-02,81.21765899658203
2015-02-03,80.9063491821289
2015-02-04,81.02942657470703
2015-02-05,80.86296081542969
2015-02-06,80.3923568725586
2015-02-09,80.3779525756836
2015-02-10,80.2911148071289
2015-02-11,80.2549057006836
2015-02-12,80.26932525634766
2015-02-13,80.17529296875
2015-02-17,79.84954071044922
2015-02-18,80.07394409179688
2015-02-19,80.00878143310547
2015-02-20,80.02330017089844
2015-02-23,80.16802215576172
2015-02-24,80.52271270751953
2015-02-25,80.58064270019531
2015-02-26,80.2911148071289
2015-02-27,80.4937744140625
2015-03-02,80.08484649658203
2015-03-03,79.98332977294922
2015-03-04,80.02681732177734
2015-03-05,80.06309509277344
2015-03-06,79.541015625
2015-03-09,79.74405670166016
2015-03-10,79.93254852294922
2015-03-11,80.09212493896484
2015-03-12,80.15735626220703
2015-03-13,80.00506591796875
2015-03-16,80.17909240722656
2015-03-17,80.16455078125
2015-03-18,80.75189208984375
2015-03-19,80.4691162109375
2015-03-20,80.71565246582031
2015-03-23,80.73014831542969
2015-03-24,80.94766235351562
2015-03-25,80.7954330444336
2015-03-26,80.5053939819336
2015-03-27,80.62139892578125
2015-03-30,80.65763854980469
2015-03-31,80.7954330444336
2015-04-01,81.05764770507812
2015-04-02,80.94872283935547
2015-04-06,80.99955749511719
2015-04-07,81.0140609741211
2015-04-08,81.02134704589844
2015-04-09,80.81788635253906
2015-04-10,80.81788635253906
2015-04-13,80.90509796142578
2015-04-14,80.99231719970703
2015-04-15,81.10124969482422
2015-04-16,81.05764770507812
2015-04-17,81.123046875
2015-04-20,81.06490325927734
2015-04-21,80.97774505615234
2015-04-22,80.73802185058594
2015-04-23,80.86151885986328
2015-04-24,80.99955749511719
2015-04-27,81.02860260009766
2015-04-28,80.71623229980469
2015-04-29,80.5346450805664
2015-04-30,80.5346450805664
2015-05-01,80.30608367919922
2015-05-04,80.15328979492188
2015-05-05,80.0804672241211
2015-05-06,79.81120300292969
2015-05-07,80.00765991210938
2015-05-08,80.26972961425781
2015-05-11,79.7602310180664
2015-05-12,79.75293731689453
2015-05-13,79.74571228027344
2015-05-14,79.8694076538086
2015-05-15,80.20418548583984
2015-05-18,79.89850616455078
2015-05-19,79.62194061279297
2015-05-20,79.74571228027344
2015-05-21,79.99308776855469
2015-05-22,79.9057846069336
2015-05-26,80.10228729248047
2015-05-27,80.18235778808594
2015-05-28,80.15328979492188
2015-05-29,80.18235778808594
2015-06-01,79.96070861816406
2015-06-02,79.64713287353516
2015-06-03,79.33362579345703
2015-06-04,79.50128173828125
2015-06-05,79.15129089355469
2015-06-08,79.2679672241211
2015-06-09,79.04192352294922
2015-06-10,78.84506225585938
2015-06-11,79.2679672241211
2015-06-12,79.17318725585938
2015-06-15,79.2679672241211
2015-06-16,79.39923858642578
2015-06-17,79.40652465820312
2015-06-18,79.38462829589844
2015-06-19,79.63258361816406
2015-06-22,79.23880004882812
2015-06-23,79.05653381347656
2015-06-24,79.18045043945312
2015-06-25,79.09294128417969
2015-06-26,78.90332794189453
2015-06-29,79.37005615234375
2015-06-30,79.31901550292969
2015-07-01,79.11883544921875
2015-07-02,79.22840881347656
2015-07-06,79.51337432861328
2015-07-07,79.62299346923828
2015-07-08,79.81295776367188
2015-07-09,79.52069854736328
2015-07-10,79.18461608886719
2015-07-13,79.06768798828125
2015-07-14,79.19915008544922
2015-07-15,79.41107940673828
2015-07-16,79.47684478759766
2015-07-17,79.48412322998047
2015-07-20,79.3453140258789
2015-07-21,79.47684478759766
2015-07-22,79.51337432861328
2015-07-23,79.73986053466797
2015-07-24,79.72522735595703
2015-07-27,79.8274917602539
2015-07-28,79.74717712402344
2015-07-29,79.68141174316406
2015-07-30,79.68873596191406
2015-07-31,80.00286102294922
2015-08-03,80.08560943603516
2015-08-04,79.85134887695312
2015-08-05,79.70491790771484
2015-08-06,79.80009460449219
2015-08-07,79.93919372558594
2015-08-10,79.8366928100586
2015-08-11,80.1001968383789
2015-08-12,80.04900360107422
2015-08-13,79.88060760498047
2015-08-14,79.84407806396484
2015-08-17,79.98311614990234
2015-08-18,79.8366928100586
2015-08-19,80.08560943603516
2015-08-20,80.2100601196289
2015-08-21,80.34916687011719
2015-08-24,80.31989288330078
2015-08-25,80.1295394897461
2015-08-26,79.75618743896484
2015-08-27,79.86598205566406
2015-08-28,79.79276275634766
2015-08-31,79.73422241210938
2015-09-01,79.97037506103516
2015-09-02,79.8676986694336
2015-09-03,79.9850845336914
2015-09-04,80.15380096435547
2015-09-08,79.96308135986328
2015-09-09,79.9924087524414
2015-09-10,79.9044418334961
2015-09-11,79.99972534179688
2015-09-14,80.02177429199219
2015-09-15,79.66232299804688
2015-09-16,79.59632873535156
2015-09-17,80.0951156616211
2015-09-18,80.16114044189453
2015-09-21,79.94842529296875
2015-09-22,80.13911437988281
2015-09-23,80.07313537597656
2015-09-24,80.1758041381836
2015-09-25,80.03643035888672
2015-09-28,80.22715759277344
2015-09-29,80.35182189941406
2015-09-30,80.38118743896484
2015-10-01,80.44368743896484
2015-10-02,80.6861801147461
2015-10-05,80.38487243652344
2015-10-06,80.58332824707031
2015-10-07,80.52452087402344
2015-10-08,80.41425323486328
2015-10-09,80.34811401367188
2015-10-12,80.55388641357422
2015-10-13,80.56126403808594
2015-10-14,80.8625717163086
2015-10-15,80.7523193359375
2015-10-16,80.6715087890625
2015-10-19,80.7523193359375
2015-10-20,80.59068298339844
2015-10-21,80.78173065185547
2015-10-22,80.7964096069336
2015-10-23,80.65680694580078
2015-10-26,80.6935806274414
2015-10-27,80.81114196777344
2015-10-28,80.5686264038086
2015-10-29,80.22319030761719
2015-10-30,80.43633270263672
2015-11-02,80.27798461914062
2015-11-03,80.1307373046875
2015-11-04,80.1307373046875
2015-11-05,80.09394836425781
2015-11-06,79.71100616455078
2015-11-09,79.65946197509766
2015-11-10,79.80677795410156
2015-11-11,79.70362854003906
2015-11-12,79.77725219726562
2015-11-13,79.93190002441406
2015-11-16,79.99820709228516
2015-11-17,80.05707550048828
2015-11-18,79.99820709228516
2015-11-19,80.03501892089844
2015-11-20,79.98344421386719
2015-11-23,80.00553131103516
2015-11-24,80.07918548583984
2015-11-25,80.11600494384766
2015-11-27,80.09394836425781
2015-11-30,80.12333679199219
2015-12-01,80.4041748046875
2015-12-02,80.30810546875
2015-12-03,79.71700286865234
2015-12-04,79.9756088256836
2015-12-07,80.09381866455078
2015-12-08,80.12334442138672
2015-12-09,80.12334442138672
2015-12-10,80.10858917236328
2015-12-11,80.30810546875
2015-12-14,79.93125915527344
2015-12-15,79.93862915039062
2015-12-16,79.79827880859375
2015-12-17,79.90913391113281
2015-12-18,80.07905578613281
2015-12-21,80.00518035888672
2015-12-22,79.94605255126953
2015-12-23,79.93125915527344
2015-12-24,79.96976470947266
2015-12-28,79.96976470947266
2015-12-29,79.76985168457031
2015-12-30,79.75505065917969
2015-12-31,79.96976470947266
2016-01-04,79.94013977050781
2016-01-05,79.9771499633789
2016-01-06,80.2807388305664
2016-01-07,80.2733154296875
2016-01-08,80.4510269165039
2016-01-11,80.22154235839844
2016-01-12,80.39918518066406
2016-01-13,80.58429718017578
2016-01-14,80.55467224121094
2016-01-15,80.65091705322266
2016-01-19,80.56947326660156
2016-01-20,80.63611602783203
2016-01-21,80.52506256103516
2016-01-22,80.58429718017578
2016-01-25,80.53984069824219
2016-01-26,80.64353942871094
2016-01-27,80.65834045410156
2016-01-28,80.72496032714844
2016-01-29,80.9619140625
2016-02-01,80.86390686035156
2016-02-02,81.1087875366211
2016-02-03,81.10137939453125
2016-02-04,81.18296813964844
2016-02-05,81.1087875366211
2016-02-08,81.42039489746094
2016-02-09,81.41297912597656
2016-02-10,81.61325073242188
2016-02-11,81.66525268554688
2016-02-12,81.44267272949219
2016-02-16,81.24234008789062
2016-02-17,81.19779968261719
2016-02-18,81.44267272949219
2016-02-19,81.4574966430664
2016-02-22,81.4797592163086
2016-02-23,81.49461364746094
2016-02-24,81.52423095703125
2016-02-25,81.73200225830078
2016-02-26,81.58365631103516
2016-02-29,81.6800537109375
2016-03-01,81.43549346923828
2016-03-02,81.34625244140625
2016-03-03,81.44294738769531
2016-03-04,81.31649780273438
2016-03-07,81.29424285888672
2016-03-08,81.49498748779297
2016-03-09,81.45782470703125
2016-03-10,81.49498748779297
2016-03-11,81.34625244140625
2016-03-14,81.39090728759766
2016-03-15,81.31649780273438
2016-03-16,81.66594696044922
2016-03-17,81.83692932128906
2016-03-18,81.90384674072266
2016-03-21,81.72539520263672
2016-03-22,81.67341613769531
2016-03-23,81.85177612304688
2016-03-24,81.85923767089844
2016-03-28,81.91869354248047
2016-03-29,82.16405487060547
2016-03-30,82.13431549072266
2016-03-31,82.39452362060547
2016-04-01,82.3215103149414
2016-04-04,82.40348815917969
2016-04-05,82.5152587890625
2016-04-06,82.50031280517578
2016-04-07,82.67909240722656
2016-04-08,82.59717559814453
2016-04-11,82.65673828125
2016-04-12,82.52264404296875
2016-04-13,82.5599136352539
2016-04-14,82.41835021972656
2016-04-15,82.64929962158203
2016-04-18,82.64183044433594
2016-04-19,82.63439178466797
2016-04-20,82.43323516845703
2016-04-21,82.3215103149414
2016-04-22,82.3289794921875
2016-04-25,82.23960876464844
2016-04-26,82.20234680175781
2016-04-27,82.44813537597656
2016-04-28,82.61206817626953
2016-04-29,82.6046142578125
2016-05-02,82.54862213134766
2016-05-03,82.69783020019531
2016-05-04,82.7352066040039
2016-05-05,82.94416046142578
2016-05-06,82.81727600097656
2016-05-09,82.8695297241211
2016-05-10,82.90682220458984
2016-05-11,82.90682220458984
2016-05-12,82.83224487304688
2016-05-13,82.98895263671875
2016-05-16,82.84709930419922
2016-05-17,82.7352066040039
2016-05-18,82.39191436767578
2016-05-19,82.4441146850586
2016-05-20,82.49642181396484
2016-05-23,82.4814682006836
2016-05-24,82.43667602539062
2016-05-25,82.4515609741211
2016-05-26,82.57848358154297
2016-05-27,82.56351470947266
2016-05-31,82.61578369140625
2016-06-01,82.56941986083984
2016-06-02,82.77877044677734
2016-06-03,83.22744750976562
2016-06-06,83.11531066894531
2016-06-07,83.19004821777344
2016-06-08,83.2199935913086
2016-06-09,83.27980041503906
2016-06-10,83.39195251464844
2016-06-13,83.45928955078125
2016-06-14,83.4218521118164
2016-06-15,83.60137939453125
2016-06-16,83.65371704101562
2016-06-17,83.5938720703125
2016-06-20,83.36206817626953
2016-06-21,83.30221557617188
2016-06-22,83.35459899902344
2016-06-23,83.2125244140625
2016-06-24,83.66117858886719
2016-06-27,83.99768829345703
2016-06-28,84.10235595703125
2016-06-29,84.04254150390625
2016-06-30,84.21451568603516
2016-07-01,84.39580535888672
2016-07-05,84.62056732177734
2016-07-06,84.77789306640625
2016-07-07,84.71798706054688
2016-07-08,84.8453369140625
2016-07-11,84.62056732177734
2016-07-12,84.36588287353516
2016-07-13,84.48572540283203
2016-07-14,84.41080474853516
2016-07-15,84.10364532470703
2016-07-18,84.11860656738281
2016-07-19,84.29095458984375
2016-07-20,84.2160415649414
2016-07-21,84.29095458984375
2016-07-22,84.30594635009766
2016-07-25,84.20851135253906
2016-07-26,84.20851135253906
2016-07-27,84.45571899414062
2016-07-28,84.44831085205078
2016-07-29,84.67301940917969
2016-08-01,84.47563934326172
2016-08-02,84.22798156738281
2016-08-03,84.3179931640625
2016-08-04,84.47563934326172
2016-08-05,84.1904067993164
2016-08-08,84.24297332763672
2016-08-09,84.46060180664062
2016-08-10,84.55821228027344
2016-08-11,84.33303833007812
2016-08-12,84.53569030761719
2016-08-15,84.38556671142578
2016-08-16,84.33303833007812
2016-08-17,84.49066925048828
2016-08-18,84.61072540283203
2016-08-19,84.423095703125
2016-08-22,84.55067443847656
2016-08-23,84.57320404052734
2016-08-24,84.54316711425781
2016-08-25,84.45311737060547
2016-08-26,84.3179931640625
2016-08-29,84.55067443847656
2016-08-30,84.50568389892578
2016-08-31,84.49066925048828
2016-09-01,84.56434631347656
2016-09-02,84.45154571533203
2016-09-06,84.63201141357422
2016-09-07,84.67713165283203
2016-09-08,84.38390350341797
2016-09-09,84.01538848876953
2016-09-12,84.08307647705078
2016-09-13,83.8499755859375
2016-09-14,83.95526885986328
2016-09-15,84.00789642333984
2016-09-16,84.06806945800781
2016-09-19,84.00040435791016
2016-09-20,84.03046417236328
2016-09-21,84.24100494384766
2016-09-22,84.41392517089844
2016-09-23,84.39139556884766
2016-09-26,84.49664306640625
2016-09-27,84.60193634033203
2016-09-28,84.6244888305664
2016-09-29,84.6244888305664
2016-09-30,84.53426361083984
2016-10-03,84.43859100341797
2016-10-04,84.1523208618164
2016-10-05,84.03937530517578
2016-10-06,84.03937530517578
2016-10-07,84.05440521240234
2016-10-10,84.01673889160156
2016-10-11,83.8886947631836
2016-10-12,83.91878509521484
2016-10-13,84.03937530517578
2016-10-14,83.89619445800781
2016-10-17,84.03937530517578
2016-10-18,84.1749496459961
2016-10-19,84.22012329101562
2016-10-20,84.18999481201172
2016-10-21,84.24275207519531
2016-10-24,84.11469268798828
2016-10-25,84.11469268798828
2016-10-26,83.94890594482422
2016-10-27,83.73799896240234
2016-10-28,83.73799896240234
2016-10-31,83.84343719482422
2016-11-01,83.7981948852539
2016-11-02,83.89629364013672
2016-11-03,83.7830810546875
2016-11-04,83.95668029785156
2016-11-07,83.85855102539062
2016-11-08,83.72274780273438
2016-11-09,82.94534301757812
2016-11-10,82.60569763183594
2016-11-11,82.4548110961914
2016-11-14,82.12268829345703
2016-11-15,82.18303680419922
2016-11-16,82.36420440673828
2016-11-17,82.05472564697266
2016-11-18,81.79057312011719
2016-11-21,81.85853576660156
2016-11-22,81.93397521972656
2016-11-23,81.647216796875
2016-11-25,81.63965606689453
2016-11-28,81.92642974853516
2016-11-29,82.01701354980469
2016-11-30,81.69246673583984
2016-12-01,81.42326354980469
2016-12-02,81.68037414550781
2016-12-05,81.74842834472656
2016-12-06,81.73332214355469
2016-12-07,81.94502258300781
2016-12-08,81.79379272460938
2016-12-09,81.54426574707031
2016-12-12,81.4686508178711
2016-12-13,81.57450103759766
2016-12-14,81.12837219238281
2016-12-15,81.03007507324219
2016-12-16,81.08300018310547
2016-12-19,81.29475402832031
2016-12-20,81.21914672851562
2016-12-21,81.39305114746094
2016-12-22,81.39228820800781
2016-12-23,81.41499328613281
2016-12-27,81.35443878173828
2016-12-28,81.48324584960938
2016-12-29,81.73334503173828
2016-12-30,81.90010070800781
2017-01-03,81.98344421386719
2017-01-04,82.00623321533203
2017-01-05,82.34724426269531
2017-01-06,82.07443237304688
2017-01-09,82.2108383178711
2017-01-10,82.18806457519531
2017-01-11,82.28661346435547
2017-01-12,82.31690216064453
2017-01-13,82.17293548583984
2017-01-17,82.45333099365234
2017-01-18,82.09712982177734
2017-01-19,81.88495635986328
2017-01-20,81.91524505615234
2017-01-23,82.14263153076172
2017-01-24,82.01377868652344
2017-01-25,81.79396057128906
2017-01-26,81.84701538085938
2017-01-27,81.91524505615234
2017-01-30,81.8773193359375
2017-01-31,82.07443237304688
2017-02-01,81.95895385742188
2017-02-02,82.00453186035156
2017-02-03,82.02733612060547
2017-02-06,82.26273345947266
2017-02-07,82.34629821777344
2017-02-08,82.58171081542969
2017-02-09,82.38423919677734
2017-02-10,82.36907196044922
2017-02-13,82.24757385253906
2017-02-14,82.0653076171875
2017-02-15,81.9361801147461
2017-02-16,82.11083221435547
2017-02-17,82.29312133789062
2017-02-21,82.2855453491211
2017-02-22,82.33868408203125
2017-02-23,82.47537231445312
2017-02-24,82.77919006347656
2017-02-27,82.6272964477539
2017-02-28,82.60450744628906
2017-03-01,82.21642303466797
2017-03-02,82.0641860961914
2017-03-03,82.12506103515625
2017-03-06,82.08700561523438
2017-03-07,81.98048400878906
2017-03-08,81.78264617919922
2017-03-09,81.5315170288086
2017-03-10,81.65325927734375
2017-03-13,81.51628875732422
2017-03-14,81.54672241210938
2017-03-15,82.01856994628906
2017-03-16,81.9272232055664
2017-03-17,82.10223388671875
2017-03-20,82.22401428222656
2017-03-21,82.39142608642578
2017-03-22,82.50555419921875
2017-03-23,82.5284194946289
2017-03-24,82.45990753173828
2017-03-27,82.6577377319336
2017-03-28,82.4675064086914
2017-03-29,82.65011596679688
2017-03-30,82.49796295166016
2017-03-31,82.55885314941406
2017-04-03,82.86537170410156
2017-04-04,82.78912353515625
2017-04-05,82.8806381225586
2017-04-06,82.87297058105469
2017-04-07,82.68999481201172
2017-04-10,82.79674530029297
2017-04-11,83.03314971923828
2017-04-12,83.21617889404297
2017-04-13,83.32288360595703
2017-04-17,83.27716827392578
2017-04-18,83.6126480102539
2017-04-19,83.48304748535156
2017-04-20,83.3533706665039
2017-04-21,83.37625122070312
2017-04-24,83.25424194335938
2017-04-25,82.97978210449219
2017-04-26,83.08655548095703
2017-04-27,83.16275787353516
2017-04-28,83.3076400756836
2017-05-01,83.09290313720703
2017-05-02,83.20750427246094
2017-05-03,83.12345886230469
2017-05-04,83.05470275878906
2017-05-05,83.06993103027344
2017-05-08,82.90953826904297
2017-05-09,82.91714477539062
2017-05-10,82.94007110595703
2017-05-11,82.93241119384766
2017-05-12,83.23811340332031
2017-05-15,83.20750427246094
2017-05-16,83.31452178955078
2017-05-17,83.74246978759766
2017-05-18,83.69664001464844
2017-05-19,83.69664001464844
2017-05-22,83.64313507080078
2017-05-23,83.48268127441406
2017-05-24,83.62786102294922
2017-05-25,83.66605377197266
2017-05-26,83.63550567626953
2017-05-30,83.79595947265625
2017-05-31,83.88005828857422
2017-06-01,83.84175109863281
2017-06-02,84.11744689941406
2017-06-05,83.98727416992188
2017-06-06,84.15573120117188
2017-06-07,84.05619812011719
2017-06-08,83.97191619873047
2017-06-09,83.90302276611328
2017-06-12,83.90302276611328
2017-06-13,83.92597961425781
2017-06-14,84.19405364990234
2017-06-15,84.14039611816406
2017-06-16,84.19405364990234
2017-06-19,84.07915496826172
2017-06-20,84.20934295654297
2017-06-21,84.22466278076172
2017-06-22,84.26295471191406
2017-06-23,84.27830505371094
2017-06-26,84.35485076904297
2017-06-27,84.10215759277344
2017-06-28,84.13274383544922
2017-06-29,83.97191619873047
2017-06-30,83.86470031738281
2017-07-03,83.71512603759766
2017-07-05,83.76112365722656
2017-07-06,83.59996032714844
2017-07-07,83.56926727294922
2017-07-10,83.60765838623047
2017-07-11,83.68441009521484
2017-07-12,83.93761444091797
2017-07-13,83.84552001953125
2017-07-14,83.9299545288086
2017-07-17,83.96835327148438
2017-07-18,84.16018676757812
2017-07-19,84.18316650390625
2017-07-20,84.20624542236328
2017-07-21,84.35204315185547
2017-07-24,84.27530670166016
2017-07-25,83.97599029541016
2017-07-26,84.13714599609375
2017-07-27,84.0143814086914
2017-07-28,84.18316650390625
2017-07-31,84.14479064941406
2017-08-01,84.37548065185547
2017-08-02,84.31401824951172
2017-08-03,84.48316192626953
2017-08-04,84.34478759765625
2017-08-07,84.33709716796875
2017-08-08,84.26019287109375
2017-08-09,84.33709716796875
2017-08-10,84.42166137695312
2017-08-11,84.49087524414062
2017-08-14,84.45244598388672
2017-08-15,84.32941436767578
2017-08-16,84.48316192626953
2017-08-17,84.60626220703125
2017-08-18,84.55239868164062
2017-08-21,84.61392974853516
2017-08-22,84.5370101928711
2017-08-23,84.72927856445312
2017-08-24,84.62161254882812
2017-08-25,84.68315124511719
2017-08-28,84.71393585205078
2017-08-29,84.83695220947266
2017-08-30,84.82160186767578
2017-08-31,84.93690490722656
2017-09-01,84.74423217773438
2017-09-05,85.09103393554688
2017-09-06,84.99857330322266
2017-09-07,85.20665740966797
2017-09-08,85.1064224243164
2017-09-11,84.87525939941406
2017-09-12,84.7519760131836
2017-09-13,84.6672134399414
2017-09-14,84.71346282958984
2017-09-15,84.69803619384766
2017-09-18,84.65949249267578
2017-09-19,84.61325073242188
2017-09-20,84.54390716552734
2017-09-21,84.52849578857422
2017-09-22,84.59013366699219
2017-09-25,84.79048156738281
2017-09-26,84.75962829589844
2017-09-27,84.5130386352539
2017-09-28,84.52082824707031
2017-09-29,84.4514389038086
2017-10-02,84.50315856933594
2017-10-03,84.5726547241211
2017-10-04,84.5494613647461
2017-10-05,84.51090240478516
2017-10-06,84.38731384277344
2017-10-09,84.50315856933594
2017-10-10,84.51090240478516
2017-10-11,84.52632141113281
2017-10-12,84.62671661376953
2017-10-13,84.83518981933594
2017-10-16,84.75030517578125
2017-10-17,84.71941375732422
2017-10-18,84.58808135986328
2017-10-19,84.64988708496094
2017-10-20,84.40277862548828
2017-10-23,84.49547576904297
2017-10-24,84.31786346435547
2017-10-25,84.26383209228516
2017-10-26,84.17112731933594
2017-10-27,84.35643005371094
2017-10-30,84.58808135986328
2017-10-31,84.53402709960938
2017-11-01,84.57118225097656
2017-11-02,84.6176528930664
2017-11-03,84.69502258300781
2017-11-06,84.7724380493164
2017-11-07,84.79557037353516
2017-11-08,84.7414321899414
2017-11-09,84.6795654296875
2017-11-10,84.33903503417969
2017-11-13,84.33903503417969
2017-11-14,84.42414093017578
2017-11-15,84.5866928100586
2017-11-16,84.49384307861328
2017-11-17,84.5866928100586
2017-11-20,84.54024505615234
2017-11-21,84.62533569335938
2017-11-22,84.7724380493164
2017-11-24,84.7569351196289
2017-11-27,84.7569351196289
2017-11-28,84.7569351196289
2017-11-29,84.54803466796875
2017-11-30,84.40872192382812
2017-12-01,84.64986419677734
2017-12-04,84.6421127319336
2017-12-05,84.72746276855469
2017-12-06,84.8127212524414
2017-12-07,84.70416259765625
2017-12-08,84.67315673828125
2017-12-11,84.6421127319336
2017-12-12,84.60330200195312
2017-12-13,84.84375
2017-12-14,84.86695861816406
2017-12-15,84.89027404785156
2017-12-18,84.78170013427734
2017-12-19,84.53353881835938
2017-12-20,84.33965301513672
2017-12-21,84.41409301757812
2017-12-22,84.4529037475586
2017-12-26,84.52277374267578
2017-12-27,84.78648376464844
2017-12-28,84.72445678710938
2017-12-29,84.80977630615234
2018-01-02,84.68563079833984
2018-01-03,84.69342041015625
2018-01-04,84.63912200927734
2018-01-05,84.58480072021484
2018-01-08,84.5615463256836
2018-01-09,84.32884979248047
2018-01-10,84.32884979248047
2018-01-11,84.36758422851562
2018-01-12,84.35209655761719
2018-01-16,84.37535858154297
2018-01-17,84.28223419189453
2018-01-18,84.09610748291016
2018-01-19,83.9177017211914
2018-01-22,83.88664245605469
2018-01-23,84.08834838867188
2018-01-24,84.00303649902344
2018-01-25,84.2202377319336
2018-01-26,84.06505584716797
2018-01-29,83.9177017211914
2018-01-30,83.7857894897461
2018-01-31,83.85564422607422
2018-02-01,83.59286499023438
2018-02-02,83.34403228759766
2018-02-05,83.67835998535156
2018-02-06,83.4373550415039
2018-02-07,83.25074005126953
2018-02-08,83.11083221435547
2018-02-09,83.00200653076172
2018-02-12,83.02533721923828
2018-02-13,83.04862213134766
2018-02-14,82.76873779296875
2018-02-15,82.86980438232422
2018-02-16,83.0330581665039
2018-02-20,82.9475326538086
2018-02-21,82.6832046508789
2018-02-22,82.69097900390625
2018-02-23,82.9008560180664
2018-02-26,82.96308898925781
2018-02-27,82.7843017578125
2018-02-28,83.00975799560547
2018-03-01,83.08379364013672
2018-03-02,82.9513168334961
2018-03-05,82.9045639038086
2018-03-06,82.92015838623047
2018-03-07,82.9045639038086
2018-03-08,83.03700256347656
2018-03-09,82.88115692138672
2018-03-12,82.92792510986328
2018-03-13,83.03700256347656
2018-03-14,83.17727661132812
2018-03-15,83.18505859375
2018-03-16,83.13829803466797
2018-03-19,83.05261993408203
2018-03-20,82.92015838623047
2018-03-21,82.91230773925781
2018-03-22,83.06819152832031
2018-03-23,83.06819152832031
2018-03-26,83.03700256347656
2018-03-27,83.27857971191406
2018-03-28,83.32532501220703
2018-03-29,83.56687927246094
2018-04-02,83.48326110839844
2018-04-03,83.38959503173828
2018-04-04,83.42084503173828
2018-04-05,83.3036880493164
2018-04-06,83.4910888671875
2018-04-09,83.56139373779297
2018-04-10,83.49893188476562
2018-04-11,83.56919860839844
2018-04-12,83.38177490234375
2018-04-13,83.40522003173828
2018-04-16,83.42084503173828
2018-04-17,83.44422912597656
2018-04-18,83.20997619628906
2018-04-19,83.00689697265625
2018-04-20,82.78047180175781
2018-04-23,82.74140930175781
2018-04-24,82.6321029663086
2018-04-25,82.5227279663086
2018-04-26,82.66333770751953
2018-04-27,82.76483917236328
2018-04-30,82.78047180175781
2018-05-01,82.70999145507812
2018-05-02,82.70999145507812
2018-05-03,82.80393981933594
2018-05-04,82.85870361328125
2018-05-07,82.8196029663086
2018-05-08,82.72565460205078
2018-05-09,82.63176727294922
2018-05-10,82.8196029663086
2018-05-11,82.85870361328125
2018-05-14,82.78046417236328
2018-05-15,82.41255187988281
2018-05-16,82.31865692138672
2018-05-17,82.20905303955078
2018-05-18,82.42041778564453
2018-05-21,82.42820739746094
2018-05-22,82.42820739746094
2018-05-23,82.65522003173828
2018-05-24,82.88218688964844
2018-05-25,83.06220245361328
2018-05-29,83.61011505126953
2018-05-30,83.39881896972656
2018-05-31,83.3283462524414
2018-06-01,83.2255859375
2018-06-04,83.02944946289062
2018-06-05,83.09223175048828
2018-06-06,82.9039077758789
2018-06-07,83.0843734741211
2018-06-08,82.96664428710938
2018-06-11,82.88037872314453
2018-06-12,82.9039077758789
2018-06-13,82.825439453125
2018-06-14,83.03729248046875
2018-06-15,83.06864166259766
2018-06-18,83.0843734741211
2018-06-19,83.170654296875
2018-06-20,83.01376342773438
2018-06-21,83.03729248046875
2018-06-22,83.11573028564453
2018-06-25,83.06864166259766
2018-06-26,83.20201110839844
2018-06-27,83.3510971069336
2018-06-28,83.34326934814453
2018-06-29,83.41387939453125
2018-07-02,83.33443450927734
2018-07-03,83.50747680664062
2018-07-05,83.58604431152344
2018-07-06,83.67256164550781
2018-07-09,83.59393310546875
2018-07-10,83.5310287475586
2018-07-11,83.56250762939453
2018-07-12,83.66468811035156
2018-07-13,83.74330139160156
2018-07-16,83.6489486694336
2018-07-17,83.61750030517578
2018-07-18,83.59393310546875
2018-07-19,83.71971893310547
2018-07-20,83.55463409423828
2018-07-23,83.26371002197266
2018-07-24,83.38159942626953
2018-07-25,83.38948822021484
2018-07-26,83.34236145019531
2018-07-27,83.40523529052734
2018-07-30,83.31877899169922
2018-07-31,83.38948822021484
2018-08-01,83.3035659790039
2018-08-02,83.33507537841797
2018-08-03,83.51637268066406
2018-08-06,83.57158660888672
2018-08-07,83.42181396484375
2018-08-08,83.42181396484375
2018-08-09,83.54003143310547
2018-08-10,83.7212905883789
2018-08-13,83.7685775756836
2018-08-14,83.68973541259766
2018-08-15,83.8079605102539
2018-08-16,83.85526275634766
2018-08-17,83.90252685546875
2018-08-20,84.06805419921875
2018-08-21,83.99710845947266
2018-08-22,84.06805419921875
2018-08-23,84.02079010009766
2018-08-24,84.11531829833984
2018-08-27,84.00497436523438
2018-08-28,83.8473892211914
2018-08-29,83.83162689208984
2018-08-30,83.87103271484375
2018-08-31,83.86316680908203
2018-09-04,83.76993560791016
2018-09-05,83.73043823242188
2018-09-06,83.87262725830078
2018-09-07,83.57246398925781
2018-09-10,83.65147399902344
2018-09-11,83.5093002319336
2018-09-12,83.56459045410156
2018-09-13,83.619873046875
2018-09-14,83.4619140625
2018-09-17,83.4619140625
2018-09-18,83.2802734375
2018-09-19,83.12226867675781
2018-09-20,83.23284149169922
2018-09-21,83.29606628417969
2018-09-24,83.21704864501953
2018-09-25,83.17752838134766
2018-09-26,83.37503051757812
2018-09-27,83.43032836914062
2018-09-28,83.34346771240234
2018-10-01,83.3212661743164
2018-10-02,83.4162826538086
2018-10-03,83.02043914794922
2018-10-04,82.78292083740234
2018-10-05,82.6008071899414
2018-10-08,82.56910705566406
2018-10-09,82.68789672851562
2018-10-10,82.66413116455078
2018-10-11,82.90955352783203
2018-10-12,82.93329620361328
2018-10-15,82.8779067993164
2018-10-16,82.92539978027344
2018-10-17,82.75914001464844
2018-10-18,82.70372772216797
2018-10-19,82.63248443603516
2018-10-22,82.61663055419922
2018-10-23,82.71955108642578
2018-10-24,82.93329620361328
2018-10-25,82.86207580566406
2018-10-26,83.05209350585938
2018-10-29,82.96500396728516
2018-10-30,82.84623718261719
2018-10-31,82.80664825439453
2018-11-01,83.01590728759766
2018-11-02,82.76922607421875
2018-11-05,82.82498931884766
2018-11-06,82.8328628540039
2018-11-07,82.90450286865234
2018-11-08,82.7533187866211
2018-11-09,82.85681915283203
2018-11-12,82.9920425415039
2018-11-13,83.02385711669922
2018-11-14,83.03182220458984
2018-11-15,83.13522338867188
2018-11-16,83.27049255371094
2018-11-19,83.26256561279297
2018-11-20,83.23072814941406
2018-11-21,83.28640747070312
2018-11-23,83.26256561279297
2018-11-26,83.24663543701172
2018-11-27,83.27049255371094
2018-11-28,83.42961120605469
2018-11-29,83.46940612792969
2018-11-30,83.44554901123047
2018-12-03,83.58193969726562
2018-12-04,83.80522918701172
2018-12-06,84.01260375976562
2018-12-07,84.12421417236328
2018-12-10,84.1800537109375
2018-12-11,84.2039794921875
2018-12-12,84.1401596069336
2018-12-13,84.16413116455078
2018-12-14,84.18804168701172
2018-12-17,84.3315658569336
2018-12-18,84.579345703125
2018-12-19,84.65924072265625
2018-12-20,84.579345703125
2018-12-21,84.53934478759766
2018-12-24,84.59532165527344
2018-12-26,84.43546295166016
2018-12-27,84.57134246826172
2018-12-28,84.88300323486328
2018-12-31,85.09874725341797
2019-01-02,85.1627197265625
2019-01-03,85.51432037353516
2019-01-04,85.25859832763672
2019-01-07,85.11474609375
2019-01-08,85.0508041381836
2019-01-09,85.12273406982422
2019-01-10,85.02680969238281
2019-01-11,85.14674377441406
2019-01-14,85.02680969238281
2019-01-15,85.04280853271484
2019-01-16,85.11474609375
2019-01-17,85.0508041381836
2019-01-18,84.98687744140625
2019-01-22,85.05876922607422
2019-01-23,85.14674377441406
2019-01-24,85.2905502319336
2019-01-25,85.2505874633789
2019-01-28,85.20264434814453
2019-01-29,85.42638397216797
2019-01-30,85.61819458007812
2019-01-31,85.8739242553711
2019-02-01,85.69609069824219
2019-02-04,85.62393951416016
2019-02-05,85.8082046508789
2019-02-06,85.76016235351562
2019-02-07,85.80020904541016
2019-02-08,85.99247741699219
2019-02-11,85.90437316894531
2019-02-12,85.92035675048828
2019-02-13,85.76815795898438
2019-02-14,85.8963851928711
2019-02-15,85.96046447753906
2019-02-19,86.00851440429688
2019-02-20,86.0165023803711
2019-02-21,85.82424926757812
2019-02-22,86.04054260253906
2019-02-25,86.0165023803711
2019-02-26,86.11262512207031
2019-02-27,85.92839050292969
2019-02-28,85.77619171142578
2019-03-01,85.63724517822266
2019-03-04,85.74164581298828
2019-03-05,85.79784393310547
2019-03-06,85.92634582519531
2019-03-07,86.16729736328125
2019-03-08,86.27971649169922
2019-03-11,86.2877426147461
2019-03-12,86.44837188720703
2019-03-13,86.40824890136719
2019-03-14,86.27971649169922
2019-03-15,86.49656677246094
2019-03-18,86.48052978515625
2019-03-19,86.43230438232422
2019-03-20,86.78570556640625
2019-03-21,86.80171966552734
2019-03-22,87.23544311523438
2019-03-25,87.39602661132812
2019-03-26,87.4121322631836
2019-03-27,87.59689331054688
2019-03-28,87.60490417480469
2019-03-29,87.59689331054688
2019-04-01,87.19593048095703
2019-04-02,87.29256439208984
2019-04-03,87.13154602050781
2019-04-04,87.19593048095703
2019-04-05,87.26039123535156
2019-04-08,87.22008514404297
2019-04-09,87.26837921142578
2019-04-10,87.43743133544922
2019-04-11,87.33280181884766
2019-04-12,87.16373443603516
2019-04-15,87.14765167236328
2019-04-16,86.99467468261719
2019-04-17,86.98661804199219
2019-04-18,87.09931945800781
2019-04-22,86.99467468261719
2019-04-23,87.14765167236328
2019-04-24,87.34890747070312
2019-04-25,87.34083557128906
2019-04-26,87.5179672241211
2019-04-29,87.36502075195312
2019-04-30,87.42133331298828
2019-05-01,87.47781372070312
2019-05-02,87.2841567993164
2019-05-03,87.4294204711914
2019-05-06,87.54241180419922
2019-05-07,87.64729309082031
2019-05-08,87.63114929199219
2019-05-09,87.6795883178711
2019-05-10,87.69572448730469
2019-05-13,87.84100341796875
2019-05-14,87.91362762451172
2019-05-15,88.06694793701172
2019-05-16,87.96208190917969
2019-05-17,87.98624420166016
2019-05-20,87.86520385742188
2019-05-21,87.85710906982422
2019-05-22,88.00238800048828
2019-05-23,88.26062774658203
2019-05-24,88.29292297363281
2019-05-28,88.42204284667969
2019-05-29,88.44620513916016
2019-05-30,88.68025207519531
2019-05-31,89.09180450439453
2019-06-03,89.30211639404297
2019-06-04,89.22122955322266
2019-06-05,89.17271423339844
2019-06-06,89.15653228759766
2019-06-07,89.4073257446289
2019-06-10,89.17271423339844
2019-06-11,89.15653228759766
2019-06-12,89.26976013183594
2019-06-13,89.46392822265625
2019-06-14,89.43966674804688
2019-06-17,89.4153823852539
2019-06-18,89.65801239013672
2019-06-19,89.96544647216797
2019-06-20,90.1191177368164
2019-06-21,89.8845443725586
2019-06-24,90.04635620117188
2019-06-25,90.06250762939453
2019-06-26,89.8603286743164
2019-06-27,90.11103820800781
2019-06-28,90.07059478759766
2019-07-01,90.1370620727539
2019-07-02,90.2992172241211
2019-07-03,90.44515991210938
2019-07-05,90.06414794921875
2019-07-08,90.01545715332031
2019-07-09,89.99113464355469
2019-07-10,90.05599975585938
2019-07-11,89.72357940673828
2019-07-12,89.82090759277344
2019-07-15,89.9505844116211
2019-07-16,89.85330963134766
2019-07-17,90.08843231201172
2019-07-18,90.2343521118164
2019-07-19,90.12893676757812
2019-07-22,90.24243927001953
2019-07-23,90.15327453613281
2019-07-24,90.28303527832031
2019-07-25,90.14520263671875
2019-07-26,90.16140747070312
2019-07-29,90.20189666748047
2019-07-30,90.19383239746094
2019-07-31,90.2343521118164
2019-08-01,90.9413833618164
2019-08-02,90.97384643554688
2019-08-05,91.37201690673828
2019-08-06,91.61579895019531
2019-08-07,91.56709289550781
2019-08-08,91.65646362304688
2019-08-09,91.53459167480469
2019-08-12,91.8677749633789
2019-08-13,91.73770904541016
2019-08-14,92.02214813232422
2019-08-15,92.4447021484375
2019-08-16,92.37157440185547
2019-08-19,92.12779998779297
2019-08-20,92.37972259521484
2019-08-21,92.33098602294922
2019-08-22,92.087158203125
2019-08-23,92.46094512939453
2019-08-26,92.42034149169922
2019-08-27,92.71287536621094
2019-08-28,92.72101593017578
2019-08-29,92.6640853881836
2019-08-30,92.7453842163086
2019-09-03,92.72337341308594
2019-09-04,92.88629913330078
2019-09-05,92.4872055053711
2019-09-06,92.58492279052734
2019-09-09,92.1939697265625
2019-09-10,91.69713592529297
2019-09-11,91.71341705322266
2019-09-12,91.5667724609375
2019-09-13,91.02107238769531
2019-09-16,91.2654037475586
2019-09-17,91.4039077758789
2019-09-18,91.50977325439453
2019-09-19,91.64009857177734
2019-09-20,91.97403717041016
2019-09-23,92.01480102539062
2019-09-24,92.26725006103516
2019-09-25,91.88441467285156
2019-09-26,92.03922271728516
2019-09-27,92.15324401855469
2019-09-30,92.17768096923828
2019-10-01,92.34506225585938
2019-10-02,92.41035461425781
2019-10-03,92.76952362060547
2019-10-04,92.91645050048828
2019-10-07,92.66340637207031
2019-10-08,92.69605255126953
2019-10-09,92.64706420898438
2019-10-10,92.32872772216797
2019-10-11,92.0266342163086
2019-10-14,92.18172454833984
2019-10-15,91.87973022460938
2019-10-16,92.04298400878906
2019-10-17,92.01850128173828
2019-10-18,92.08377838134766
2019-10-21,91.83074188232422
2019-10-22,91.96952819824219
2019-10-23,92.04298400878906
2019-10-24,92.06743621826172
2019-10-25,91.9368667602539
2019-10-28,91.74092864990234
2019-10-29,91.74911499023438
2019-10-30,92.01033782958984
2019-10-31,92.36951446533203
2019-11-01,92.39482879638672
2019-11-04,92.16580200195312
2019-11-05,91.82218170166016
2019-11-06,91.96124267578125
2019-11-07,91.52763366699219
2019-11-08,91.47852325439453
2019-11-11,91.494873046875
2019-11-12,91.59307098388672
2019-11-13,91.75670623779297
2019-11-14,92.01850891113281
2019-11-15,91.96942138671875
2019-11-18,92.14125061035156
2019-11-19,92.20670318603516
2019-11-20,92.42762756347656
2019-11-21,92.29667663574219
2019-11-22,92.34577941894531
2019-11-25,92.435791015625
2019-11-26,92.56670379638672
2019-11-27,92.45215606689453
2019-11-29,92.33759307861328
2019-12-02,92.2359390258789
2019-12-03,92.65408325195312
2019-12-04,92.49834442138672
2019-12-05,92.3917465209961
2019-12-06,92.2605209350586
2019-12-09,92.30973052978516
2019-12-10,92.27690887451172
2019-12-11,92.52291107177734
2019-12-12,92.12932586669922
2019-12-13,92.49834442138672
2019-12-16,92.30973052978516
2019-12-17,92.31790161132812
2019-12-18,92.13752746582031
2019-12-19,92.23690795898438
2019-12-20,92.25334167480469
2019-12-23,92.1876449584961
2019-12-24,92.3026351928711
2019-12-26,92.384765625
2019-12-27,92.50797271728516
2019-12-30,92.50797271728516
2019-12-31,92.2944107055664
2020-01-02,92.54904174804688
2020-01-03,92.82007598876953
2020-01-06,92.74612426757812
2020-01-07,92.6475830078125
2020-01-08,92.54084014892578
2020-01-09,92.63935852050781
2020-01-10,92.7954330444336
2020-01-13,92.73792266845703
2020-01-14,92.82007598876953
2020-01-15,92.9596939086914
2020-01-16,92.9596939086914
2020-01-17,92.8529281616211
2020-01-21,93.11578369140625
2020-01-22,93.1650619506836
2020-01-23,93.28823852539062
2020-01-24,93.4607162475586
2020-01-27,93.74818420410156
2020-01-28,93.66606140136719
2020-01-29,93.87963104248047
2020-01-30,93.8878173828125
2020-01-31,94.16710662841797
2020-02-03,94.13667297363281
2020-02-04,93.82380676269531
2020-02-05,93.68392944335938
2020-02-06,93.74153137207031
2020-02-07,94.01319885253906
2020-02-10,94.12015533447266
2020-02-11,94.00495147705078
2020-02-12,93.90613555908203
2020-02-13,93.97200775146484
2020-02-14,94.07079315185547
2020-02-18,94.19420623779297
2020-02-19,94.1695327758789
2020-02-20,94.38358306884766
2020-02-21,94.5728759765625
2020-02-24,94.87739562988281
2020-02-25,95.04204559326172
2020-02-26,94.94322967529297
2020-02-27,94.95970916748047
2020-02-28,95.65934753417969
2020-03-02,95.62552642822266
2020-03-03,96.27706146240234
2020-03-04,96.20283508300781
2020-03-05,96.4997787475586
2020-03-06,97.20909881591797
2020-03-09,97.08539581298828
2020-03-10,95.98839569091797
2020-03-11,94.6192855834961
2020-03-12,90.8335189819336
2020-03-13,92.26036834716797
2020-03-16,93.80274963378906
2020-03-17,91.37789916992188
2020-03-18,87.89727020263672
2020-03-19,89.86026763916016
2020-03-20,90.75102996826172
2020-03-23,92.90373229980469
2020-03-24,93.6707992553711
2020-03-25,94.62752532958984
2020-03-26,94.91622924804688
2020-03-27,95.32036590576172
2020-03-30,95.41106414794922
2020-03-31,95.15538024902344
2020-04-01,94.83223724365234
2020-04-02,94.97269439697266
2020-04-03,95.0388412475586
2020-04-06,95.5017318725586
2020-04-07,95.6340103149414
2020-04-08,95.72489929199219
2020-04-09,96.91515350341797
2020-04-13,96.46054077148438
2020-04-14,96.51011657714844
2020-04-15,96.90691375732422
2020-04-16,97.03086853027344
2020-04-17,96.91515350341797
2020-04-20,96.77464294433594
2020-04-21,96.82423400878906
2020-04-22,96.82423400878906
2020-04-23,97.05567169189453
2020-04-24,97.00608825683594
2020-04-27,96.55975341796875
2020-04-28,96.93999481201172
2020-04-29,97.00608825683594
2020-04-30,96.7911605834961
2020-05-01,96.796142578125
2020-05-04,96.87896728515625
2020-05-05,96.8044204711914
2020-05-06,96.41510772705078
2020-05-07,96.71330261230469
2020-05-08,96.45658111572266
2020-05-11,96.16668701171875
2020-05-12,96.41510772705078
2020-05-13,96.57250213623047
2020-05-14,96.87067413330078
2020-05-15,96.92867279052734
2020-05-18,96.7878646850586
2020-05-19,96.89550018310547
2020-05-20,97.14401245117188
2020-05-21,97.21854400634766
2020-05-22,97.26824951171875
2020-05-26,97.11084747314453
2020-05-27,97.25165557861328
2020-05-28,97.1854019165039
2020-05-29,97.4421615600586
2020-06-01,97.3874282836914
2020-06-02,97.47036743164062
2020-06-03,97.22974395751953
2020-06-04,96.93933868408203
2020-06-05,96.9974136352539
2020-06-08,97.10526275634766
2020-06-09,97.22974395751953
2020-06-10,97.62803649902344
2020-06-11,97.46208190917969
2020-06-12,97.56163787841797
2020-06-15,97.88526153564453
2020-06-16,97.69439697265625
2020-06-17,97.61145782470703
2020-06-18,97.71100616455078
2020-06-19,97.74419403076172
2020-06-22,97.71923828125
2020-06-23,97.70267486572266
2020-06-24,97.68611907958984
2020-06-25,97.80229187011719
2020-06-26,97.9184341430664
2020-06-29,98.00141906738281
2020-06-30,98.08438110351562
2020-07-01,98.13679504394531
2020-07-02,98.25316619873047
2020-07-06,98.24484252929688
2020-07-07,98.39447021484375
2020-07-08,98.36122131347656
2020-07-09,98.618896484375
2020-07-10,98.50254821777344
2020-07-13,98.49422454833984
2020-07-14,98.65218353271484
2020-07-15,98.66049194335938
2020-07-16,98.72695922851562
2020-07-17,98.82675170898438
2020-07-20,98.93480682373047
2020-07-21,98.99302673339844
2020-07-22,99.07614135742188
2020-07-23,99.19253540039062
2020-07-24,99.15929412841797
2020-07-27,99.09274291992188
2020-07-28,99.15929412841797
2020-07-29,99.27568054199219
2020-07-30,99.3504638671875
2020-07-31,99.39203643798828
2020-08-03,99.43118286132812
2020-08-04,99.62273406982422
2020-08-05,99.43118286132812
2020-08-06,99.57274627685547
2020-08-07,99.45616149902344
2020-08-10,99.36458587646484
2020-08-11,99.08976745605469
2020-08-12,98.88988494873047
2020-08-13,98.52352142333984
2020-08-14,98.43186950683594
2020-08-17,98.56510925292969
2020-08-18,98.70671081542969
2020-08-19,98.55679321289062
2020-08-20,98.73167419433594
2020-08-21,98.83159637451172
2020-08-24,98.78997039794922
2020-08-25,98.581787109375
2020-08-26,98.56510925292969
2020-08-27,98.22370910644531
2020-08-28,98.35694122314453
2020-08-31,98.57345581054688
2020-09-01,98.77779388427734
2020-09-02,98.97798919677734
2020-09-03,99.00299072265625
2020-09-04,98.51087951660156
2020-09-08,98.61933135986328
2020-09-09,98.6109848022461
2020-09-10,98.61933135986328
2020-09-11,98.73609161376953
2020-09-14,98.74444580078125
2020-09-15,98.75276947021484
2020-09-16,98.70272827148438
2020-09-17,98.7277603149414
2020-09-18,98.6109848022461
2020-09-21,98.6276626586914
2020-09-22,98.70272827148438
2020-09-23,98.49420928955078
2020-09-24,98.50255584716797
2020-09-25,98.5359115600586
2020-09-28,98.61933135986328
2020-09-29,98.63602447509766
2020-09-30,98.4775161743164
2020-10-01,98.6128921508789
2020-10-02,98.51260375976562
2020-10-05,98.19512176513672
2020-10-06,98.27864837646484
2020-10-07,98.21180725097656
2020-10-08,98.33715057373047
2020-10-09,98.36224365234375
2020-10-12,98.55442810058594
2020-10-13,98.57949829101562
2020-10-14,98.63794708251953
2020-10-15,98.55442810058594
2020-10-16,98.5042495727539
2020-10-19,98.38727569580078
2020-10-20,98.30371856689453
2020-10-21,98.186767578125
2020-10-22,98.01127624511719
2020-10-23,98.15335083007812
2020-10-26,98.28700256347656
2020-10-27,98.51260375976562
2020-10-28,98.37057495117188
2020-10-29,98.19512176513672
2020-10-30,97.927734375
2020-11-02,98.10515594482422
2020-11-03,98.06327819824219
2020-11-04,98.71611022949219
2020-11-05,98.80818176269531
2020-11-06,98.5905532836914
2020-11-09,98.13024139404297
2020-11-10,97.97124481201172
2020-11-11,98.02981567382812
2020-11-12,98.43992614746094
2020-11-13,98.4566650390625
2020-11-16,98.44829559326172
2020-11-17,98.64913940429688
2020-11-18,98.71611022949219
2020-11-19,98.90022277832031
2020-11-20,99.00065612792969
2020-11-23,98.97554779052734
2020-11-24,98.8416519165039
2020-11-25,98.80818176269531
2020-11-27,98.97554779052734
2020-11-30,99.10944366455078
2020-12-01,98.79590606689453
2020-12-02,98.6869125366211
2020-12-03,98.85458374023438
2020-12-04,98.58629608154297
2020-12-07,98.73722076416016
2020-12-08,98.7456283569336
2020-12-09,98.60309600830078
2020-12-10,98.8462142944336
2020-12-11,98.95521545410156
2020-12-14,98.89652252197266
2020-12-15,98.95521545410156
2020-12-16,98.91327667236328
2020-12-17,98.90908813476562
2020-12-18,98.85873413085938
2020-12-21,98.85873413085938
2020-12-22,99.00141906738281
2020-12-23,98.93428039550781
2020-12-24,99.02657318115234
2020-12-28,99.0433578491211
2020-12-29,99.06016540527344
2020-12-30,99.11888122558594
2020-12-31,99.1944351196289
2021-01-04,99.06854248046875
2021-01-05,98.96782684326172
2021-01-06,98.48103332519531
2021-01-07,98.38031005859375
2021-01-08,98.2628402709961
2021-01-11,98.10340881347656
2021-01-12,98.18730163574219
2021-01-13,98.4978256225586
2021-01-14,98.30479431152344
2021-01-15,98.405517578125
2021-01-19,98.53982543945312
2021-01-20,98.5481948852539
2021-01-21,98.405517578125
2021-01-22,98.405517578125
2021-01-25,98.65731048583984
2021-01-26,98.62373352050781
2021-01-27,98.63214111328125
2021-01-28,98.56501007080078
2021-01-29,98.45589447021484
2021-02-01,98.55004119873047
2021-02-02,98.39869689941406
2021-02-03,98.281005859375
2021-02-04,98.2389907836914
2021-02-05,98.11289978027344
2021-02-08,98.2137680053711
2021-02-09,98.25580596923828
2021-02-10,98.34828186035156
2021-02-11,98.2305908203125
2021-02-12,98.00361633300781
2021-02-16,97.5412368774414
2021-02-17,97.73456573486328
2021-02-18,97.68415069580078
2021-02-19,97.38153076171875
2021-02-22,97.07889556884766
2021-02-23,97.10409545898438
2021-02-24,97.07047271728516
2021-02-25,96.17938995361328
2021-02-26,96.96118927001953
2021-03-01,96.91068267822266
2021-03-02,96.92752075195312
2021-03-03,96.57384490966797
2021-03-04,96.29595184326172
2021-03-05,96.22860717773438
2021-03-08,95.84967041015625
2021-03-09,96.21178436279297
2021-03-10,96.37174987792969
2021-03-11,96.36336517333984
2021-03-12,95.81602478027344
2021-03-15,95.91707611083984
2021-03-16,95.88339233398438
2021-03-17,95.87495422363281
2021-03-18,95.50446319580078
2021-03-19,95.58025360107422
2021-03-22,95.7655029296875
2021-03-23,96.00968170166016
2021-03-24,96.12755584716797
2021-03-25,96.07706451416016
2021-03-26,95.91707611083984
2021-03-29,95.75707244873047
2021-03-30,95.83285522460938
2021-03-31,95.84967041015625
2021-04-01,96.171875
2021-04-05,95.97786712646484
2021-04-06,96.3152084350586
2021-04-07,96.16341400146484
2021-04-08,96.39952087402344
2021-04-09,96.28992462158203
2021-04-12,96.26463317871094
2021-04-13,96.54288482666016
2021-04-14,96.46699523925781
2021-04-15,96.84646606445312
2021-04-16,96.59346008300781
2021-04-19,96.51759338378906
2021-04-20,96.6694107055664
2021-04-21,96.76214599609375
2021-04-22,96.78743743896484
2021-04-23,96.77058410644531
2021-04-26,96.6862564086914
2021-04-27,96.45014190673828
2021-04-28,96.50077056884766
2021-04-29,96.45014190673828
2021-04-30,96.55135345458984
2021-05-03,96.61297607421875
2021-05-04,96.7312240600586
2021-05-05,96.80723571777344
2021-05-06,96.82415008544922
2021-05-07,96.79878234863281
2021-05-10,96.64679718017578
2021-05-11,96.43563842773438
2021-05-12,96.0978012084961
2021-05-13,96.31739807128906
2021-05-14,96.5369873046875
2021-05-17,96.4525146484375
2021-05-18,96.33424377441406
2021-05-19,96.19917297363281
2021-05-20,96.52851867675781
2021-05-21,96.57072448730469
2021-05-24,96.66366577148438
2021-05-25,96.9001693725586
2021-05-26,96.8663558959961
2021-05-27,96.74811553955078
2021-05-28,96.74811553955078
2021-06-01,96.70330810546875
2021-06-02,96.83016204833984
2021-06-03,96.60177612304688
2021-06-04,96.99933624267578
2021-06-07,96.93167877197266
2021-06-08,97.10928344726562
2021-06-09,97.30382537841797
2021-06-10,97.50685119628906
2021-06-11,97.46453857421875
2021-06-14,97.21923828125
2021-06-15,97.26152038574219
2021-06-16,96.9485855102539
2021-06-17,97.25308990478516
2021-06-18,97.51526641845703
2021-06-21,97.26152038574219
2021-06-22,97.363037109375
2021-06-23,97.31227111816406
2021-06-24,97.34610748291016
2021-06-25,97.15158081054688
2021-06-28,97.4306869506836
2021-06-29,97.48143005371094
2021-06-30,97.54914855957031
2021-07-01,97.49491882324219
2021-07-02,97.70668029785156
2021-07-06,98.02003479003906
2021-07-07,98.18943786621094
2021-07-08,98.2995376586914
2021-07-09,97.9776840209961
2021-07-12,97.9183578491211
2021-07-13,97.70668029785156
2021-07-14,98.03697204589844
2021-07-15,98.24869537353516
2021-07-16,98.16402435302734
2021-07-19,98.6806869506836
2021-07-20,98.5875015258789
2021-07-21,98.26566314697266
2021-07-22,98.49435424804688
2021-07-23,98.42660522460938
2021-07-26,98.34188079833984
2021-07-27,98.57056427001953
2021-07-28,98.6637191772461
2021-07-29,98.5028076171875
2021-07-30,98.6383285522461
2021-08-02,98.84782409667969
2021-08-03,98.88175201416016
2021-08-04,98.87326049804688
2021-08-05,98.65275573730469
2021-08-06,98.21172332763672
2021-08-09,98.03358459472656
2021-08-10,97.9063491821289
2021-08-11,97.99962615966797
2021-08-12,98.00811767578125
2021-08-13,98.36437225341797
2021-08-16,98.41524505615234
2021-08-17,98.33891296386719
2021-08-18,98.34740447998047
2021-08-19,98.51704406738281
2021-08-20,98.5255126953125
2021-08-23,98.5255126953125
2021-08-24,98.38133239746094
2021-08-25,98.19473266601562
2021-08-26,98.20319366455078
2021-08-27,98.4746322631836
2021-08-30,98.58488464355469
2021-08-31,98.440673828125
2021-09-01,98.47212982177734
2021-09-02,98.57406616210938
2021-09-03,98.40418243408203
2021-09-07,98.1408462524414
2021-09-08,98.30225372314453
2021-09-09,98.61653137207031
2021-09-10,98.42115783691406
2021-09-13,98.54857635498047
2021-09-14,98.7694320678711
2021-09-15,98.6760025024414
2021-09-16,98.50611114501953
2021-09-17,98.42115783691406
2021-09-20,98.6080322265625
2021-09-21,98.6505126953125
2021-09-22,98.68449401855469
2021-09-23,98.20028686523438
2021-09-24,98.03042602539062
2021-09-27,97.89453125
2021-09-28,97.48680877685547
2021-09-29,97.55479431152344
2021-09-30,97.53778839111328
2021-10-01,97.83555603027344
2021-10-04,97.76746368408203
2021-10-05,97.53778839111328
2021-10-06,97.58030700683594
2021-10-07,97.3080825805664
2021-10-08,97.09539031982422
2021-10-11,96.94224548339844
2021-10-12,97.2995834350586
2021-10-13,97.52076721191406
2021-10-14,97.70791625976562
2021-10-15,97.46973419189453
2021-10-18,97.40164184570312
2021-10-19,97.12090301513672
2021-10-20,97.05284118652344
2021-10-21,96.8486557006836
2021-10-22,97.03581237792969
2021-10-25,97.12943267822266
2021-10-26,97.3080825805664
2021-10-27,97.63134765625
2021-10-28,97.5548095703125
2021-10-29,97.52926635742188
2021-11-01,97.4696273803711
2021-11-02,97.66555786132812
2021-11-03,97.4696273803711
2021-11-04,97.79341125488281
2021-11-05,98.17684173583984
2021-11-08,97.9979248046875
2021-11-09,98.27057647705078
2021-11-10,97.6059341430664
2021-11-11,97.4270248413086
2021-11-12,97.41000366210938
2021-11-15,97.05213165283203
2021-11-16,97.01800537109375
2021-11-17,97.2480697631836
2021-11-18,97.33329772949219
2021-11-19,97.52074432373047
2021-11-22,97.05213165283203
2021-11-23,96.66865539550781
2021-11-24,96.89022064208984
2021-11-26,97.58038330078125
2021-11-29,97.63153076171875
2021-11-30,97.79341125488281
2021-12-01,97.81220245361328
2021-12-02,97.79511260986328
2021-12-03,98.1876220703125
2021-12-06,97.84630584716797
2021-12-07,97.69273376464844
2021-12-08,97.4367446899414
2021-12-09,97.44528198242188
2021-12-10,97.47087097167969
2021-12-13,97.81220245361328
2021-12-14,97.62444305419922
2021-12-15,97.54766845703125
2021-12-16,97.68175506591797
2021-12-17,97.80134582519531
2021-12-20,97.65613555908203
2021-12-21,97.57928466796875
2021-12-22,97.66471099853516
2021-12-23,97.54512023925781
2021-12-27,97.59635925292969
2021-12-28,97.55364990234375
2021-12-29,97.26324462890625
2021-12-30,97.47677612304688
2021-12-31,97.44261932373047
2022-01-03,96.77633666992188
2022-01-04,96.767822265625
2022-01-05,96.46885681152344
2022-01-06,96.36637878417969
2022-01-07,96.08448791503906
2022-01-10,95.99907684326172
2022-01-11,96.1784439086914
2022-01-12,96.1784439086914
2022-01-13,96.34928894042969
2022-01-14,95.81117248535156
2022-01-18,95.23031616210938
2022-01-19,95.43534088134766
2022-01-20,95.486572265625
2022-01-21,95.8624267578125
2022-01-24,95.75135040283203
2022-01-25,95.65742492675781
2022-01-26,95.11930847167969
2022-01-27,95.43534088134766
2022-01-28,95.50364685058594
2022-01-31,95.4951400756836
2022-02-01,95.46178436279297
2022-02-02,95.56439971923828
2022-02-03,95.17948913574219
2022-02-04,94.58069610595703
2022-02-07,94.6662368774414
2022-02-08,94.37541961669922
2022-02-09,94.435302734375
2022-02-10,93.56278991699219
2022-02-11,94.17867279052734
2022-02-14,93.63121032714844
2022-02-15,93.47724151611328
2022-02-16,93.58842468261719
2022-02-17,93.78517150878906
2022-02-18,93.98191833496094
2022-02-22,93.87928009033203
2022-02-23,93.46011352539062
2022-02-24,93.63121032714844
2022-02-25,93.72530364990234
2022-02-28,94.40106201171875
2022-03-01,94.93306732177734
2022-03-02,93.79370880126953
2022-03-03,94.11067962646484
2022-03-04,94.48758697509766
2022-03-07,93.93934631347656
2022-03-08,93.6052474975586
2022-03-09,93.40821838378906
2022-03-10,92.88565063476562
2022-03-11,92.86857604980469
2022-03-14,91.96907806396484
2022-03-15,92.17466735839844
2022-03-16,92.24317932128906
2022-03-17,92.39739227294922
2022-03-18,92.60296630859375
2022-03-21,91.69491577148438
2022-03-22,91.44650268554688
2022-03-23,91.82341766357422
2022-03-24,91.61785125732422
2022-03-25,90.88970184326172
2022-03-28,91.11238861083984
2022-03-29,91.54073333740234
2022-03-30,91.78917694091797
2022-03-31,91.74632263183594
2022-04-01,91.58334350585938
2022-04-04,91.66055297851562
2022-04-05,90.73397827148438
2022-04-06,90.50232696533203
2022-04-07,90.30499267578125
2022-04-08,89.85028076171875
2022-04-11,89.46427917480469
2022-04-12,89.74739074707031
2022-04-13,89.92758178710938
2022-04-14,89.19830322265625
2022-04-18,88.92375183105469
2022-04-19,88.38328552246094
2022-04-20,88.88948059082031
2022-04-21,88.40045928955078
2022-04-22,88.31465148925781
2022-04-25,88.90662384033203
2022-04-26,89.18115234375
2022-04-27,88.82083892822266
2022-04-28,88.78649139404297
2022-04-29,88.25457763671875
2022-05-02,87.7741470336914
2022-05-03,87.97183990478516
2022-05-04,88.53907012939453
2022-05-05,87.66243743896484
2022-05-06,87.29285430908203
2022-05-09,87.72261810302734
2022-05-10,87.98900604248047
2022-05-11,88.31562042236328
2022-05-12,88.47889709472656
2022-05-13,88.10076904296875
2022-05-16,88.29841613769531
2022-05-17,87.8171615600586
2022-05-18,88.16950988769531
2022-05-19,88.39298248291016
2022-05-20,88.65937042236328
2022-05-23,88.36717224121094
2022-05-24,89.04615020751953
2022-05-25,89.41570281982422
2022-05-26,89.346923828125
2022-05-27,89.49302673339844
2022-05-31,88.92582702636719
2022-06-01,88.5607681274414
2022-06-02,88.67269897460938
2022-06-03,88.52632141113281
2022-06-06,87.98390197753906
2022-06-07,88.31969451904297
2022-06-08,87.95809173583984
2022-06-09,87.8633804321289
2022-06-10,87.18318176269531
2022-06-13,85.75394439697266
2022-06-14,85.2459716796875
2022-06-15,86.19303894042969
2022-06-16,86.39967346191406
2022-06-17,86.39106750488281
2022-06-21,86.04666900634766
2022-06-22,86.77851867675781
2022-06-23,87.14012908935547
2022-06-24,87.00238800048828
2022-06-27,86.61493682861328
2022-06-28,86.64938354492188
2022-06-29,87.14875030517578
2022-06-30,87.5447998046875
2022-07-01,88.27452850341797
2022-07-05,88.43842315673828
2022-07-06,87.84321594238281
2022-07-07,87.64485931396484
2022-07-08,87.31708526611328
2022-07-11,87.72248840332031
2022-07-12,87.84321594238281
2022-07-13,88.16239929199219
2022-07-14,87.85187530517578
2022-07-15,88.19685363769531
2022-07-18,87.9122543334961
2022-07-19,87.7914810180664
2022-07-20,87.73110961914062
2022-07-21,88.46428680419922
2022-07-22,89.15434265136719
2022-07-25,88.82657623291016
2022-07-26,88.80929565429688
2022-07-27,89.11982727050781
2022-07-28,89.75812530517578
2022-07-29,89.76673126220703
2022-08-01,90.077880859375
2022-08-02,89.15315246582031
2022-08-03,89.55069732666016
2022-08-04,89.76675415039062
2022-08-05,88.76425170898438
2022-08-08,89.1704330444336
2022-08-09,88.9716796875
2022-08-10,89.19639587402344
2022-08-11,88.7210464477539
2022-08-12,89.11859130859375
2022-08-15,89.23091888427734
2022-08-16,89.10132598876953
2022-08-17,88.57415008544922
2022-08-18,88.76425170898438
2022-08-19,88.14199829101562
2022-08-22,87.76176452636719
2022-08-23,87.72718811035156
2022-08-24,87.49386596679688
2022-08-25,87.97782135009766
2022-08-26,87.81361389160156
2022-08-29,87.39014434814453
2022-08-30,87.50247955322266
2022-08-31,87.03580474853516
2022-09-01,86.65823364257812
2022-09-02,86.90936279296875
2022-09-06,86.09534454345703
2022-09-07,86.69290924072266
2022-09-08,86.4157943725586
2022-09-09,86.4071044921875
2022-09-12,86.27721405029297
2022-09-13,85.7922592163086
2022-09-14,85.90483856201172
2022-09-15,85.6450424194336
2022-09-16,85.58441925048828
2022-09-19,85.45452880859375
2022-09-20,85.07352447509766
2022-09-21,85.34194946289062
2022-09-22,84.43267059326172
2022-09-23,84.17288208007812
2022-09-26,83.0904312133789
2022-09-27,82.7353744506836
2022-09-28,84.06898498535156
2022-09-29,83.62733459472656
2022-09-30,83.42814636230469
2022-10-03,84.10595703125
2022-10-04,84.33161926269531
2022-10-05,83.88900756835938
2022-10-06,83.55921936035156
2022-10-07,83.11658477783203
2022-10-10,82.74340057373047
2022-10-11,82.79545593261719
2022-10-12,82.86487579345703
2022-10-13,82.60456085205078
2022-10-14,82.15325164794922
2022-10-17,82.32682037353516
2022-10-18,82.46569061279297
2022-10-19,81.7540283203125
2022-10-20,81.25934600830078
2022-10-21,81.38084411621094
2022-10-24,81.26797485351562
2022-10-25,82.06644439697266
2022-10-26,82.43095397949219
2022-10-27,82.84754943847656
2022-10-28,82.63926696777344
2022-10-31,82.36154174804688
2022-11-01,82.51461791992188
2022-11-02,82.37545776367188
2022-11-03,82.07101440429688
2022-11-04,82.06231689453125
2022-11-07,81.80133819580078
2022-11-08,82.14929962158203
2022-11-09,82.24497985839844
2022-11-10,84.01078033447266
2022-11-11,83.94987487792969
2022-11-14,83.71501922607422
2022-11-15,84.3326187133789
2022-11-16,84.85454559326172
2022-11-17,84.49789428710938
2022-11-18,84.37610626220703
2022-11-21,84.32393646240234
2022-11-22,84.75886535644531
2022-11-23,85.26337432861328
2022-11-25,85.28076934814453
2022-11-28,85.1416015625
2022-11-29,84.83712768554688
2022-11-30,85.49822998046875
2022-12-01,86.20967102050781
2022-12-02,86.5671615600586
2022-12-05,85.88707733154297
2022-12-06,86.1399154663086
2022-12-07,86.90716552734375
2022-12-08,86.64559173583984
2022-12-09,86.13121795654297
2022-12-12,86.14865112304688
2022-12-13,86.72406005859375
2022-12-14,86.9158935546875
2022-12-15,87.04346466064453
2022-12-16,86.8162612915039
2022-12-19,86.28321838378906
2022-12-20,85.69774627685547
2022-12-21,85.93367767333984
2022-12-22,85.907470703125
2022-12-23,85.61038208007812
2022-12-27,84.98992919921875
2022-12-28,84.84137725830078
2022-12-29,85.15596771240234
2022-12-30,84.75397491455078
2023-01-03,85.2520751953125
2023-01-04,85.72396087646484
2023-01-05,85.65403747558594
2023-01-06,86.58906555175781
2023-01-09,86.80750274658203
2023-01-10,86.47544860839844
2023-01-11,87.00851440429688
2023-01-12,87.63765716552734
2023-01-13,87.3143539428711
2023-01-17,87.15707397460938
2023-01-18,88.02217102050781
2023-01-19,87.82118225097656
2023-01-20,87.46287536621094
2023-01-23,87.24442291259766
2023-01-24,87.62893676757812
2023-01-25,87.73381805419922
2023-01-26,87.58525085449219
2023-01-27,87.45417022705078
2023-01-30,87.21820831298828
2023-01-31,87.57649993896484
2023-02-01,88.19405364990234
2023-02-02,88.29041290283203
2023-02-03,87.44071197509766
2023-02-06,86.95891571044922
2023-02-07,86.80999755859375
2023-02-08,86.93265533447266
2023-02-09,86.59101867675781
2023-02-10,86.21435546875
2023-02-13,86.47715759277344
2023-02-14,86.17052459716797
2023-02-15,86.00411224365234
2023-02-16,85.64495849609375
2023-02-17,85.84645080566406
2023-02-21,85.04051971435547
2023-02-22,85.26828002929688
2023-02-23,85.57490539550781
2023-02-24,85.08433532714844
2023-02-27,85.25077819824219
2023-02-28,85.24202728271484
2023-03-01,84.7537841796875
2023-03-02,84.57817840576172
2023-03-03,85.2455062866211
2023-03-06,85.03478240966797
2023-03-07,84.920654296875
2023-03-08,84.83283996582031
2023-03-09,85.14014434814453
2023-03-10,86.13237762451172
2023-03-13,86.81731414794922
2023-03-14,86.30801391601562
2023-03-15,87.16853332519531
2023-03-16,86.82609558105469
2023-03-17,87.3704833984375
2023-03-20,87.01924896240234
2023-03-21,86.7558364868164
2023-03-22,87.59003448486328
2023-03-23,87.80078125
2023-03-24,87.95005798339844
2023-03-27,87.00170135498047
2023-03-28,86.86997985839844
2023-03-29,86.97537231445312
2023-03-30,87.07195281982422
2023-03-31,87.49343872070312
2023-04-03,87.87374114990234
2023-04-04,88.19947814941406
2023-04-05,88.498779296875
2023-04-06,88.4195327758789
2023-04-10,87.81211853027344
2023-04-11,87.86492156982422
2023-04-12,87.97057342529297
2023-04-13,87.93536376953125
2023-04-14,87.50399017333984
2023-04-17,87.06385803222656
2023-04-18,87.18710327148438
2023-04-19,87.05504608154297
2023-04-20,87.45118713378906
2023-04-21,87.3015365600586
2023-04-24,87.64485168457031
2023-04-25,88.19064331054688
2023-04-26,87.86492156982422
2023-04-27,87.54802703857422
2023-04-28,87.99696350097656
2023-05-01,87.09593200683594
2023-05-02,87.94313049316406
2023-05-03,88.33145904541016
2023-05-04,88.22557067871094
2023-05-05,87.94313049316406
2023-05-08,87.45774841308594
2023-05-09,87.37832641601562
2023-05-10,87.94313049316406
2023-05-11,88.20790100097656
2023-05-12,87.71369171142578
2023-05-15,87.49305725097656
2023-05-16,87.29007720947266
2023-05-17,87.15771484375
2023-05-18,86.75177764892578
2023-05-19,86.55757904052734
2023-05-22,86.4781723022461
2023-05-23,86.57526397705078
2023-05-24,86.35462188720703
2023-05-25,86.03691101074219
2023-05-26,86.10751342773438
2023-05-30,86.68115234375
2023-05-31,86.99003601074219
2023-06-01,87.2536849975586
2023-06-02,86.79359436035156
2023-06-05,86.78474426269531
2023-06-06,86.89094543457031
2023-06-07,86.43081665039062
2023-06-08,86.89094543457031
2023-06-09,86.68742370605469
2023-06-12,86.83786010742188
2023-06-13,86.43081665039062
2023-06-14,86.51045227050781
2023-06-15,87.1121597290039
2023-06-16,86.83786010742188
2023-06-20,86.99710845947266
2023-06-21,87.138671875
2023-06-22,86.68742370605469
2023-06-23,86.94403839111328
2023-06-26,87.05020904541016
2023-06-27,86.88207244873047
2023-06-28,87.138671875
2023-06-29,86.46623229980469
2023-06-30,86.6697006225586
2023-07-03,86.56769561767578
2023-07-05,86.1773452758789
2023-07-06,85.61843872070312
2023-07-07,85.63619995117188
2023-07-10,85.8757095336914
2023-07-11,86.06202697753906
2023-07-12,86.76287841796875
2023-07-13,87.30402374267578
2023-07-14,86.8870620727539
2023-07-17,86.98464965820312
2023-07-18,87.05563354492188
2023-07-19,87.32176208496094
2023-07-20,86.86932373046875
2023-07-21,86.93142700195312
2023-07-24,86.77174377441406
2023-07-25,86.67416381835938
2023-07-26,86.95805358886719
2023-07-27,86.21283721923828
2023-07-28,86.54994201660156
2023-07-31,86.65642547607422
2023-08-01,86.0826416015625
2023-08-02,85.87804412841797
2023-08-03,85.29983520507812
2023-08-04,86.0025863647461
2023-08-07,86.0203628540039
2023-08-08,86.22498321533203
2023-08-09,86.28723907470703
2023-08-10,85.72681427001953
2023-08-11,85.4599609375
2023-08-14,85.39768981933594
2023-08-15,85.1663818359375
2023-08-16,84.96182250976562
2023-08-17,84.87283325195312
2023-08-18,85.05964660644531
2023-08-21,84.63265991210938
2023-08-22,84.72161865234375
2023-08-23,85.53111267089844
2023-08-24,85.33541870117188
2023-08-25,85.28203582763672
2023-08-28,85.46886444091797
2023-08-29,86.0203628540039
2023-08-30,85.98480224609375
2023-08-31,86.10932922363281
2023-09-01,85.66336059570312
2023-09-05,85.19953918457031
2023-09-06,85.11924743652344
2023-09-07,85.3868408203125
2023-09-08,85.43145751953125
2023-09-11,85.33333587646484
2023-09-12,85.36009216308594
2023-09-13,85.4849624633789
2023-09-14,85.36903381347656
2023-09-15,85.17279815673828
2023-09-18,85.29764556884766
2023-09-19,85.04790496826172
2023-09-20,85.0032958984375
2023-09-21,84.42353057861328
2023-09-22,84.78030395507812
2023-09-25,84.11135864257812
2023-09-26,84.00435638427734
2023-09-27,83.70997619628906
2023-09-28,83.95972442626953
2023-09-29,83.87945556640625
2023-10-02,83.29540252685547
2023-10-03,82.64250183105469
2023-10-04,83.2238540649414
2023-10-05,83.27753448486328
2023-10-06,82.9555435180664
2023-10-09,83.8141860961914
2023-10-10,83.7336654663086
2023-10-11,84.1182632446289
2023-10-12,83.39376831054688
2023-10-13,83.75155639648438
2023-10-16,83.28646850585938
2023-10-17,82.68721008300781
2023-10-18,82.3026123046875
2023-10-19,81.98957061767578
2023-10-20,82.28473663330078
2023-10-23,82.60671997070312
2023-10-24,82.9018783569336
2023-10-25,82.28473663330078
2023-10-26,82.8392333984375
2023-10-27,82.8124008178711
2023-10-30,82.61566162109375
2023-10-31,82.5619888305664
2023-11-01,83.47432708740234
2023-11-02,83.97671508789062
2023-11-03,84.4880599975586
2023-11-06,84.06643676757812
2023-11-07,84.51496124267578
2023-11-08,84.80200958251953
2023-11-09,84.09331512451172
2023-11-10,84.29071807861328
2023-11-13,84.28172302246094
2023-11-14,85.34028625488281
2023-11-15,84.81100463867188
2023-11-16,85.27749633789062
2023-11-17,85.44792938232422
2023-11-20,85.58248138427734
2023-11-21,85.6722183227539
2023-11-22,85.7529296875
2023-11-24,85.35823822021484
2023-11-27,85.84264373779297
2023-11-28,86.21942901611328
2023-11-29,86.64108276367188
2023-11-30,86.35400390625
2023-12-01,87.11329650878906
2023-12-04,86.78044891357422
2023-12-05,87.3562240600586
2023-12-06,87.58113861083984
2023-12-07,87.60812377929688
2023-12-08,87.16727447509766
2023-12-11,87.17627716064453
2023-12-12,87.43716430664062
2023-12-13,88.53475952148438
2023-12-14,89.24932861328125
2023-12-15,89.04180908203125
2023-12-18,88.86136627197266
2023-12-19,88.96963500976562
2023-12-20,89.29444122314453
2023-12-21,89.28540802001953
2023-12-22,89.16814422607422
2023-12-26,89.34857940673828
2023-12-27,89.91699981689453
2023-12-28,89.718505859375
2023-12-29,89.54706573486328
2024-01-02,89.12299346923828
2024-01-03,89.16814422607422
2024-01-04,88.80724334716797
2024-01-05,88.59972381591797
2024-01-08,88.93354797363281
2024-01-09,88.91551208496094
2024-01-10,88.74408721923828
2024-01-11,89.24932861328125
2024-01-12,89.41172790527344
2024-01-16,88.74408721923828
2024-01-17,88.5004653930664
2024-01-18,88.41927337646484
2024-01-19,88.43733215332031
2024-01-22,88.59972381591797
2024-01-23,88.3831787109375
2024-01-24,88.18467712402344
2024-01-25,88.58167266845703
2024-01-26,88.48241424560547
2024-01-29,88.83428955078125
2024-01-30,89.0057373046875
2024-01-31,89.41172790527344
2024-02-01,89.92121887207031
2024-02-02,89.09772491455078
2024-02-05,88.3647689819336
2024-02-06,88.8262710571289
2024-02-07,88.64527130126953
2024-02-08,88.3738021850586
2024-02-09,88.34664154052734
2024-02-12,88.3647689819336
2024-02-13,87.55033874511719
2024-02-14,87.93943786621094
2024-02-15,88.14756774902344
2024-02-16,87.86705017089844
2024-02-20,87.94849395751953
2024-02-21,87.68608093261719
2024-02-22,87.75848388671875
2024-02-23,88.084228515625
2024-02-26,87.89419555664062
2024-02-27,87.77657318115234
2024-02-28,87.94849395751953
2024-02-29,88.09326934814453
2024-03-01,88.5162124633789
2024-03-04,88.29839324951172
2024-03-05,88.7793960571289
2024-03-06,88.9155502319336
2024-03-07,89.10614776611328
2024-03-08,89.18783569335938
2024-03-11,89.08800506591797
2024-03-12,88.86109161376953
2024-03-13,88.69772338867188
2024-03-14,88.13502502441406
2024-03-15,88.1259536743164
2024-03-18,88.03520202636719
2024-03-19,88.25300598144531
2024-03-20,88.43453979492188
2024-03-21,88.49805450439453
2024-03-22,88.7793960571289
2024-03-25,88.61604309082031
2024-03-26,88.70680236816406
2024-03-27,88.99720764160156
2024-03-28,88.8883285522461
2024-04-01,88.24201965332031
2024-04-02,88.17831420898438
2024-04-03,88.23292541503906
2024-04-04,88.44229125976562
2024-04-05,88.00535583496094
2024-04-08,87.9234390258789
2024-04-09,88.22381591796875
2024-04-10,87.16791534423828
2024-04-11,87.18610382080078
2024-04-12,87.34996032714844
2024-04-15,86.82198333740234
2024-04-16,86.57621765136719
2024-04-17,86.97673034667969
2024-04-18,86.73097229003906
2024-04-19,86.82198333740234
2024-04-22,86.8765869140625
2024-04-23,87.05864715576172
2024-04-24,86.83111572265625
2024-04-25,86.58531951904297
2024-04-26,86.77647399902344
2024-04-29,87.04045104980469
2024-04-30,86.6854476928711
2024-05-01,86.99131774902344
2024-05-02,87.38396453857422
2024-05-03,87.8314208984375
2024-05-06,87.89530944824219
2024-05-07,88.07795715332031
2024-05-08,87.89530944824219
2024-05-09,88.0596694946289
2024-05-10,87.87703704833984
2024-05-13,87.92271423339844
2024-05-14,88.16014862060547
2024-05-15,88.74449920654297
2024-05-16,88.64405059814453
2024-05-17,88.36100006103516
2024-05-20,88.27880096435547
2024-05-21,88.44317626953125
2024-05-22,88.3335952758789
2024-05-23,88.0870590209961
2024-05-24,88.1875
2024-05-28,87.77660369873047
2024-05-29,87.43876647949219
2024-05-30,87.8496322631836
2024-05-31,88.1327133178711
2024-06-03,88.66580963134766
2024-06-04,88.98641204833984
2024-06-05,89.26117706298828
2024-06-06,89.28868865966797
2024-06-07,88.5009536743164
2024-06-10,88.4276351928711
2024-06-11,88.72992706298828
2024-06-12,89.1512680053711
2024-06-13,89.60009002685547
2024-06-14,89.69169616699219
2024-06-17,89.37110137939453
2024-06-18,89.69169616699219
2024-06-20,89.53597259521484
2024-06-21,89.5451431274414
2024-06-24,89.61842346191406
2024-06-25,89.60928344726562
2024-06-26,89.20623779296875
2024-06-27,89.35279846191406
2024-06-28,88.91313171386719
2024-07-01,88.43627166748047
2024-07-02,88.73027801513672
2024-07-03,89.20806121826172
2024-07-05,89.65829467773438
2024-07-08,89.68584442138672
2024-07-09,89.60316467285156
2024-07-10,89.69503784179688
2024-07-11,90.15445709228516
2024-07-12,90.40252685546875
2024-07-15,90.09012603759766
2024-07-16,90.4576644897461
2024-07-17,90.52197265625
2024-07-18,90.27391052246094
2024-07-19,90.09012603759766
2024-07-22,90.05338287353516
2024-07-23,90.04419708251953
2024-07-24,89.7685317993164
2024-07-25,90.0166244506836
2024-07-26,90.3382339477539
2024-07-29,90.4852294921875
2024-07-30,90.57711029052734
2024-07-31,91.0640640258789
2024-08-01,91.44562530517578
2024-08-02,92.46866607666016
2024-08-05,92.39495086669922
2024-08-06,91.84194946289062
2024-08-07,91.56546783447266
2024-08-08,91.42720794677734
2024-08-09,91.7497787475586
2024-08-12,91.9064712524414
2024-08-13,92.2751235961914
2024-08-14,92.44103240966797
2024-08-15,92.0539321899414
2024-08-16,92.2751235961914
2024-08-19,92.3764877319336
2024-08-20,92.65301513671875
2024-08-21,92.82810974121094
2024-08-22,92.45025634765625
2024-08-23,92.87417602539062
2024-08-26,92.79125213623047
2024-08-27,92.81888580322266
2024-08-28,92.73595428466797
2024-08-29,92.61612701416016
2024-08-30,92.39495086669922
2024-09-03,92.78507232666016
2024-09-04,93.19185638427734
2024-09-05,93.43223571777344
2024-09-06,93.55242919921875
2024-09-09,93.69110107421875
2024-09-10,93.97772216796875
2024-09-11,93.94998168945312
2024-09-12,93.86676788330078
2024-09-13,94.06092071533203
2024-09-16,94.2828140258789
2024-09-17,94.19036102294922
2024-09-18,93.89452362060547
2024-09-19,93.90374755859375
2024-09-20,93.82056427001953
2024-09-23,93.7835693359375
2024-09-24,93.91300201416016
2024-09-25,93.55242919921875
2024-09-26,93.57093048095703
2024-09-27,93.83903503417969
2024-09-30,93.62640380859375
2024-10-01,93.87401580810547
2024-10-02,93.67924499511719
2024-10-03,93.29906463623047
2024-10-04,92.69625854492188
2024-10-07,92.3809814453125
2024-10-08,92.53865051269531
2024-10-09,92.29753875732422
2024-10-10,92.24186706542969
2024-10-11,92.26970672607422
2024-10-14,92.18624877929688
2024-10-15,92.55718231201172
2024-10-16,92.67774963378906
2024-10-17,92.22332000732422
2024-10-18,92.28824615478516
2024-10-21,91.64839935302734
2024-10-22,91.66693115234375
2024-10-23,91.43511199951172
2024-10-24,91.61129760742188
2024-10-25,91.42584991455078
2024-10-28,91.27745819091797
2024-10-29,91.37947082519531
2024-10-30,91.28673553466797
2024-10-31,91.2681884765625
2024-11-01,90.90536499023438
2024-11-04,91.28679656982422
2024-11-05,91.5007553100586
2024-11-06,90.78443908691406
2024-11-07,91.47284698486328
2024-11-08,91.63098907470703
2024-11-11,91.42633056640625
2024-11-12,90.89606475830078
2024-11-13,90.87747192382812
2024-11-14,90.84026336669922
2024-11-15,90.84957122802734
2024-11-18,90.93330383300781
2024-11-19,91.06350708007812
2024-11-20,90.97050476074219
2024-11-21,90.92399597167969
2024-11-22,90.98910522460938
2024-11-25,91.80774688720703
2024-11-26,91.66820526123047
2024-11-27,91.91936492919922
2024-11-29,92.28217315673828
2024-12-02,92.29337310791016
2024-12-03,92.11605834960938
2024-12-04,92.41468811035156
2024-12-05,92.43334197998047
2024-12-06,92.69464111328125
2024-12-09,92.42402648925781
2024-12-10,92.31201934814453
2024-12-11,92.097412109375
2024-12-12,91.72412872314453
2024-12-13,91.37882995605469
2024-12-16,91.46281433105469
2024-12-17,91.46281433105469
2024-12-18,90.76627349853516
2024-12-19,90.53221893310547
2024-12-20,90.77562713623047
2024-12-23,90.49476623535156
2024-12-24,90.5977554321289
2024-12-26,90.66329193115234
2024-12-27,90.47604370117188
2024-12-30,90.83182525634766
2024-12-31,90.71947479248047
2025-01-02,90.72881317138672
2025-01-03,90.63521575927734
2025-01-06,90.54157257080078
2025-01-07,90.22327423095703
2025-01-08,90.32626342773438
2025-01-10,89.82070922851562
2025-01-13,89.73643493652344
2025-01-14,89.76453399658203
2025-01-15,90.54157257080078
2025-01-16,90.73818969726562
2025-01-17,90.73818969726562
2025-01-21,91.03777313232422
2025-01-22,90.82244873046875
2025-01-23,90.6726303100586
2025-01-24,90.82244873046875
2025-01-27,91.3280029296875
2025-01-28,91.29991912841797
2025-01-29,91.2437515258789
2025-01-30,91.37482452392578
2025-01-31,91.18758392333984
2025-02-03,91.27398681640625
2025-02-04,91.44307708740234
2025-02-05,91.93151092529297
2025-02-06,91.83757781982422
2025-02-07,91.54640197753906
2025-02-10,91.57457733154297
2025-02-11,91.367919921875
2025-02-12,90.88885498046875
2025-02-13,91.43367767333984
2025-02-14,91.7718276977539
2025-02-18,91.4054946899414
2025-02-19,91.53700256347656
2025-02-20,91.67790985107422
2025-02-21,92.07241821289062
2025-02-24,92.23209381103516
2025-02-25,92.80508422851562
2025-02-26,92.95539093017578
2025-02-27,92.81448364257812
2025-02-28,93.227783203125
2025-03-03,93.42942810058594
2025-03-04,93.1938705444336
2025-03-05,92.8735122680664
2025-03-06,92.779296875
2025-03-07,92.66621398925781
2025-03-10,93.10906219482422
2025-03-11,92.779296875
2025-03-12,92.50605010986328
2025-03-13,92.7887191772461
2025-03-14,92.60027313232422
2025-03-17,92.7227554321289
2025-03-18,92.81697082519531
2025-03-19,93.0902099609375
2025-03-20,93.1467514038086
2025-03-21,93.03369903564453
2025-03-24,92.67565155029297
2025-03-25,92.76044464111328
2025-03-26,92.53430938720703
2025-03-27,92.48721313476562
2025-03-28,93.02427673339844
2025-03-31,93.2032699584961
2025-04-01,93.54832458496094
2025-04-02,93.44432067871094
2025-04-03,93.9359130859375
2025-04-04,94.02098083496094
2025-04-07,92.82988739013672
2025-04-08,92.34779357910156
2025-04-09,92.55574798583984
2025-04-10,91.82784271240234
2025-04-11,91.73332214355469
2025-04-14,92.27214050292969
2025-04-15,92.46121978759766
2025-04-16,92.7542495727539
2025-04-17,92.51792907714844
2025-04-21,91.96019744873047
2025-04-22,92.13036346435547
2025-04-23,92.35723876953125
2025-04-24,92.86770629882812
2025-04-25,93.20800018310547
2025-04-28,93.4632568359375
2025-04-29,93.69012451171875
2025-04-30,93.60504913330078
2025-05-01,93.34992980957031
2025-05-02,92.89471435546875
2025-05-05,92.73345947265625
2025-05-06,92.9610824584961
2025-05-07,93.10334777832031
2025-05-08,92.61967468261719
2025-05-09,92.71452331542969
2025-05-12,92.40154266357422
2025-05-13,92.30669403076172
2025-05-14,92.04115295410156
2025-05-15,92.56277465820312
2025-05-16,92.61967468261719
2025-05-19,92.59121704101562
2025-05-20,92.43000030517578
2025-05-21,91.82300567626953
2025-05-22,92.08854675292969
2025-05-23,92.22134399414062
2025-05-27,92.63864135742188
2025-05-28,92.46792602539062
2025-05-29,92.80935668945312
2025-05-30,93.03697204589844
2025-06-02,92.79241943359375
2025-06-03,92.72582244873047
2025-06-04,93.27769470214844
2025-06-05,93.03981018066406
2025-06-06,92.56404876708984
2025-06-09,92.67823791503906
2025-06-10,92.8875732421875
2025-06-11,93.20157623291016
2025-06-12,93.54410552978516
2025-06-13,93.21106719970703
2025-06-16,93.02079772949219
2025-06-17,93.30622100830078
2025-06-18,93.37284851074219
2025-06-20,93.45848083496094
2025-06-23,93.64879608154297
2025-06-24,94.02940368652344
2025-06-25,94.01988983154297
2025-06-26,94.27678680419922
2025-06-27,94.01036071777344
2025-06-30,94.3909683227539
2025-07-01,94.30410766601562
2025-07-02,94.1895523071289
2025-07-03,93.9986343383789
2025-07-07,93.66452026367188
2025-07-08,93.62635040283203
2025-07-09,94.01773834228516
2025-07-10,93.98909759521484
2025-07-11,93.59770202636719
2025-07-14,93.58816528320312
2025-07-15,93.31132507324219
2025-07-16,93.44497680664062
2025-07-17,93.483154296875
2025-07-18,93.65498352050781
2025-07-21,93.91272735595703
2025-07-22,94.09410858154297
2025-07-23,93.88409423828125
2025-07-24,93.8268051147461
2025-07-25,93.97955322265625
2025-07-28,93.85545349121094
2025-07-29,94.36138916015625
2025-07-30,94.09410858154297
2025-07-31,94.14183044433594
2025-08-01,94.95597839355469
2025-08-04,95.03258514404297
2025-08-05,95.06130981445312
2025-08-06,95.02301025390625
2025-08-07,94.94637298583984
2025-08-08,94.764404296875
2025-08-11,94.8314437866211
2025-08-12,94.8314437866211
2025-08-13,95.17625427246094
2025-08-14,94.90807342529297
2025-08-15,94.764404296875
2025-08-18,94.65902709960938
2025-08-19,94.84101104736328
2025-08-20,94.89849853515625
2025-08-21,94.6781997680664
2025-08-22,95.20499420166016
2025-08-25,95.06130981445312
2025-08-26,95.17625427246094
2025-08-27,95.27204132080078
2025-08-28,95.38697052001953
2025-08-29,95.262451171875
2025-09-02,95.00973510742188
2025-09-03,95.35565185546875
2025-09-04,95.74005126953125
2025-09-05,96.19169616699219
2025-09-08,96.5184326171875
2025-09-09,96.32624053955078
2025-09-10,96.5184326171875
2025-09-11,96.70100402832031
2025-09-12,96.61451721191406
2025-09-15,96.77788543701172
2025-09-16,96.81631469726562
2025-09-17,96.64334869384766
2025-09-18,96.37428283691406
2025-09-19,96.37428283691406
2025-09-22,96.25895690917969
2025-09-23,96.41272735595703
2025-09-24,96.23013305664062
2025-09-25,96.0956039428711
2025-09-26,96.1628646850586
2025-09-29,96.34544372558594
2025-09-30,96.33583068847656
2025-10-01,96.58168029785156
2025-10-02,96.68773651123047
2025-10-03,96.58168029785156
2025-10-06,96.36959075927734
2025-10-07,96.53346252441406
2025-10-08,96.54312133789062
2025-10-09,96.42742919921875
2025-10-10,96.82268524169922
2025-10-13,97.00586700439453
2025-10-14,97.16012573242188
2025-10-15,97.12157440185547
2025-10-16,97.4686508178711
2025-10-17,97.33364868164062
2025-10-20,97.49756622314453
2025-10-21,97.5939712524414
2025-10-22,97.5843276977539
2025-10-23,97.41078186035156
2025-10-24,97.5072021484375
2025-10-27,97.5746841430664
2025-10-28,97.63251495361328
2025-10-29,97.1697769165039
2025-10-30,96.98658752441406
2025-10-31,96.92874145507812
2025-11-03,96.80976867675781
2025-11-04,96.85814666748047
2025-11-05,96.59699249267578
2025-11-06,96.95486450195312
2025-11-07,96.91617584228516
2025-11-10,96.87748718261719
2025-11-11,97.16766357421875
2025-11-12,97.12895965576172
2025-11-13,96.83879852294922
2025-11-14,96.72272491455078
2025-11-17,96.74207305908203
2025-11-18,96.80010986328125
2025-11-19,96.80010986328125
2025-11-20,96.91617584228516
2025-11-21,97.1483154296875
2025-11-24,97.34175109863281
2025-11-25,97.49651336669922
2025-11-26,97.6512680053711
2025-11-28,97.515869140625
2025-12-01,97.09471893310547
2025-12-02,97.22086334228516
2025-12-03,97.40523529052734
2025-12-04,97.17235565185547
2025-12-05,97.06559753417969
2025-12-08,96.91035461425781
2025-12-09,96.82300567626953
2025-12-10,97.13352966308594
2025-12-11,97.15293884277344
2025-12-12,96.85213470458984
2025-12-15,96.94917297363281
2025-12-16,97.13352966308594
2025-12-17,97.10441589355469
2025-12-18,97.34703063964844
2025-12-19,97.20487213134766
2025-12-22,97.1659164428711
2025-12-23,97.1659164428711
2025-12-24,97.38011932373047
2025-12-26,97.39958190917969
2025-12-29,97.51643371582031
2025-12-30,97.47747039794922
2025-12-31,97.24381256103516
2026-01-02,97.214599609375
2026-01-05,97.39958190917969
2026-01-06,97.38011932373047
2026-01-07,97.47747039794922
2026-01-08,97.3022232055664
2026-01-09,97.51643371582031
2026-01-12,97.46773529052734
2026-01-13,97.55536651611328
2026-01-14,97.70140838623047
2026-01-15,97.57484436035156
2026-01-16,97.4093246459961
2026-01-20,97.03935241699219
2026-01-21,97.36064910888672
2026-01-22,97.38011932373047
2026-01-23,97.46773529052734
2026-01-26,97.61378479003906
2026-01-27,97.54562377929688
2026-01-28,97.50667572021484
2026-01-29,97.50667572021484
2026-01-30,97.4872055053711
2026-02-02,97.37489318847656
2026-02-03,97.38463592529297
2026-02-04,97.32603454589844
2026-02-05,97.74605560302734
2026-02-06,97.80465698242188
2026-02-09,97.83397674560547
2026-02-10,98.11722564697266
2026-02-11,97.892578125
2026-02-12,98.33212280273438
2026-02-13,98.64469146728516
2026-02-17,98.65446472167969
2026-02-18,98.51771545410156
2026-02-19,98.53724670410156
2026-02-20,98.5567855834961
2026-02-23,98.75214385986328
2026-02-24,98.74236297607422
2026-02-25,98.69352722167969
2026-02-26,98.84981536865234
2026-02-27,99.045166015625
2026-03-02,98.6493148803711
2026-03-03,98.54153442382812
2026-03-04,98.50234985351562
2026-03-05,98.21819305419922
2026-03-06,98.1006088256836
2026-03-09,98.41416931152344
2026-03-10,98.09081268310547
2026-03-11,97.64988708496094
2026-03-12,97.287353515625
2026-03-13,97.20896911621094
2026-03-16,97.59109497070312
2026-03-17,97.78706359863281
2026-03-18,97.37554168701172
2026-03-19,97.48332214355469
2026-03-20,96.6700668334961
2026-03-23,97.03260040283203
2026-03-24,96.7680435180664
2026-03-25,97.11097717285156
2026-03-26,96.56229400634766
2026-03-27,96.55248260498047
2026-03-30,97.04239654541016
2026-03-31,97.26775360107422
2026-04-01,97.33362579345703
2026-04-02,97.55976867675781
2026-04-06,97.3827896118164
2026-04-07,97.50077819824219
2026-04-08,97.75640106201172
2026-04-09,97.81538391113281
2026-04-10,97.64823913574219
2026-04-13,97.84486389160156
2026-04-14,98.10049438476562
2026-04-15,97.94319915771484
2026-04-16,97.80555725097656
2026-04-17,98.16931915283203
2026-04-20,98.15948486328125
2026-04-21,97.79572296142578
2026-04-22,97.93335723876953
2026-04-23,97.77605438232422
2026-04-24,97.9136962890625
2026-04-27,97.76622772216797
2026-04-28,97.7269058227539
2026-04-29,97.29430389404297
2026-04-30,97.43193817138672
2026-05-01,97.56018829345703
2026-05-04,97.25438690185547
2026-05-05,97.43194580078125
2026-05-06,97.84626770019531
2026-05-07,97.60950469970703
2026-05-08,97.83638763427734
2026-05-11,97.57991027832031
2026-05-12,97.2938461303711
2026-05-13,97.33330535888672
2026-05-14,97.30370330810547
2026-05-15,96.69210815429688
2026-05-18,96.68224334716797
2026-05-19,96.3073959350586
2026-05-20,96.889404296875
2026-05-21,97.00777435302734
2026-05-22,97.1064224243164
2026-05-26,97.38262176513672
2026-05-27,97.4615478515625
2026-05-28,97.65882873535156
2026-05-29,97.71800994873047
2026-06-01,97.66952514648438
2026-06-02,97.69921875
2026-06-03,97.49136352539062
2026-06-04,97.64972686767578
2026-06-05,97.16474914550781
2026-06-08,97.16474914550781
2026-06-09,97.3626937866211
2026-06-10,97.30331420898438
2026-06-11,97.86747741699219
2026-06-12,97.74870300292969
2026-06-15,97.83778381347656
2026-06-16,97.95655059814453
2026-06-17,97.6002426147461
2026-06-18,97.88727569580078
2026-06-22,97.62003326416016
2026-06-23,97.69921875
2026-06-24,98.17430877685547
2026-06-25,98.23369598388672
2026-06-26,98.32276153564453
2026-06-29,98.35246276855469
2026-06-30,97.96646118164062
2026-07-01,97.8184814453125
2026-07-02,97.92771911621094
2026-07-06,97.97738647460938
2026-07-07,97.5304946899414
2026-07-08,97.3616714477539
2026-07-09,97.50069427490234
2026-07-10,97.40139770507812
2026-07-13,97.03395080566406
2026-07-14,97.32194519042969
2026-07-15,97.46097564697266
2026-07-16,97.45104217529297
2026-07-17,97.52055358886719
2026-07-20,97.27229309082031
2026-07-21,97.0637435913086
2026-07-22,96.90484619140625
2026-07-23,96.66650390625
2026-07-24,96.78568267822266
2026-07-27,97.01409149169922
2026-07-28,97.24249267578125
2026-07-29,96.87506103515625
2026-07-30,96.94457244873047
2026-07-31,96.6963119506836
2026-08-03,96.92351531982422
2026-08-04,97.32213592529297
2026-08-05,97.37195587158203
2026-08-06,97.09292602539062
2026-08-07,97.26233673095703
2026-08-10,96.90357971191406
2026-08-11,96.98330688476562
2026-08-12,97.09292602539062
2026-08-13,97.3520278930664
2026-08-14,97.14276123046875
2026-08-17,96.9135513305664
2026-08-18,97.0132064819336
2026-08-19,97.48157501220703
2026-08-20,97.15271759033203
2026-08-21,97.0132064819336
2026-08-24,97.21251678466797
2026-08-25,97.6709213256836
2026-08-26,97.52143859863281
2026-08-27,97.49154663085938
2026-08-28,97.15271759033203
2026-08-31,97.072998046875
2026-09-01,96.7699966430664
2026-09-02,96.83999633789062
2026-09-03,96.94999694824219
2026-09-04,97.0
2026-09-08,96.9000015258789
2026-09-09,96.68000030517578
2026-09-10,96.05000305175781
2026-09-11,95.9800033569336
2026-09-14,95.88999938964844
2026-09-15,95.8499984741211
2026-09-16,95.80999755859375
2026-09-17,96.33000183105469
