Price,Close,High,Low,Open,Volume
Ticker,US,US,US,US,US
Date,,,,,
2004-06-07,82.6719,82.7344,82.2656,82.5156,28045
2004-06-08,82.7656,82.8594,82.1094,82.6719,38186
2004-06-09,82.3906,82.9219,81.9844,82.8281,247262
2004-06-10,82.7344,82.7969,82.1719,82.4219,171309
2004-06-14,81.8281,82.6094,81.7031,82.6094,200136
2004-06-15,84.0469,84.2344,81.7656,81.8281,404423
2004-06-16,83.5156,84.1719,83.3281,84.1406,210043
2004-06-17,84.1719,84.3281,83.2344,83.5781,242299
2004-06-18,83.9531,84.6406,83.7969,84.2656,160003
2004-06-21,84.1094,84.3281,83.7344,83.9531,113345
2004-06-22,83.9219,84.2656,83.7344,84.1406,116751
2004-06-23,84.0781,84.2656,83.5781,83.7656,153678
2004-06-24,84.7969,85.1719,84.0469,84.1094,239921
2004-06-25,84.7969,85.0469,84.4531,84.7656,123970
2004-06-28,83.7031,84.9844,83.5156,84.8281,227200
2004-06-29,84.2656,84.3906,83.4844,83.7656,164549
2004-06-30,85.2031,85.6406,84.1406,84.3281,302965
2004-07-01,85.6406,85.7656,84.9531,85.5156,250585
2004-07-02,86.8594,87.7656,85.4219,85.6094,274731
2004-07-06,86.6406,87.2031,86.5469,86.8594,140060
2004-07-07,86.6719,86.8594,86.4531,86.6719,134713
2004-07-08,86.7031,87.0469,86.3281,86.6406,181164
2004-07-09,86.7969,86.8906,86.4531,86.7031,106878
2004-07-12,87.0156,87.2031,86.8281,86.8594,81376
2004-07-13,86.6094,87.0469,86.2656,86.9844,175829
2004-07-14,86.6406,87.2656,86.4531,86.7656,166491
2004-07-15,86.7031,87.0469,86.4531,86.6719,156526
2004-07-16,88.1719,88.2344,86.6094,86.7969,295637
2004-07-19,88.1719,88.2969,87.9219,88.1719,117704
2004-07-20,87.1719,88.2656,87.0469,88.2344,237005
2004-07-21,86.7969,87.2031,86.4219,87.2031,217287
2004-07-22,87.0469,87.3594,86.6719,86.9531,192871
2004-07-23,87.4531,87.5156,87.0156,87.1406,79943
2004-07-26,87.0156,87.5156,86.7656,87.4219,124880
2004-07-27,85.5469,86.9219,85.3594,86.8594,334489
2004-07-28,85.6406,85.7031,84.9844,85.3281,316466
2004-07-29,85.7969,85.9219,85.0781,85.5469,211608
2004-07-30,87.0469,87.1406,85.6406,85.7656,319805
2004-08-02,87.2031,87.7031,87.1094,87.3281,181119
2004-08-03,87.6094,87.7969,86.9219,87.2344,202507
2004-08-04,87.5469,88.0156,87.2656,87.5469,238723
2004-08-05,87.8281,88.0781,87.4844,87.6094,197175
2004-08-06,89.6719,90.8281,87.8594,87.8594,372144
2004-08-09,89.5156,89.8906,89.2969,89.7031,141059
2004-08-10,89.2031,89.9531,88.9844,89.3594,241379
2004-08-11,89.3906,89.5469,88.8906,89.1719,204788
2004-08-12,89.5781,89.7031,89.0156,89.3594,242055
2004-08-13,90.1719,90.3594,89.5156,89.5156,190445
2004-08-16,89.5781,90.1094,89.1719,90.0156,226980
2004-08-17,90.1406,90.2969,89.3594,89.5781,210454
2004-08-18,89.8906,90.6406,89.6719,90.2656,293425
2004-08-19,90.0156,90.1406,89.5469,89.7656,193338
2004-08-20,89.9219,90.2031,89.6406,90.0156,151500
2004-08-23,89.3281,90.0156,89.1094,89.9531,166508
2004-08-24,89.3281,89.4531,88.8906,89.2031,169434
2004-08-25,89.6406,89.9844,89.0781,89.4219,299531
2004-08-26,90.0781,90.2656,89.5469,89.6406,254911
2004-08-27,90.1719,90.5469,90.0156,90.2031,320343
2004-08-30,90.6406,90.7656,90.0781,90.1094,151681
2004-08-31,91.3594,91.7344,90.5781,90.6719,90224
2004-09-01,91.4531,91.9219,90.9844,91.4531,77535
2004-09-02,90.7031,91.6094,90.4219,91.4531,43734
2004-09-03,89.6406,91.7031,89.4531,90.5156,37634
2004-09-07,90.2969,90.3594,89.6094,89.6406,52259
2004-09-08,91.2656,91.3906,89.7344,90.2969,48719
2004-09-09,90.8594,91.6094,90.7656,91.2031,41652
2004-09-10,91.2031,91.8281,90.8594,90.8594,309651
2004-09-13,91.5469,91.6719,90.9844,91.0781,197811
2004-09-14,91.7344,91.9219,91.1719,91.6406,258283
2004-09-15,91.3281,91.8594,91.1719,91.7969,257392
2004-09-16,92.5781,92.7969,91.2031,91.3906,401582
2004-09-17,91.9844,92.8281,91.9531,92.6719,265226
2004-09-20,92.7656,92.8281,92.1094,92.1094,167227
2004-09-21,93.1406,93.2656,92.2031,92.7344,266717
2004-09-22,93.9219,94.1406,92.8594,93.1094,424725
2004-09-23,93.5156,94.1719,93.4219,93.8906,376238
2004-09-24,93.5469,93.8906,93.1719,93.6094,280050
2004-09-27,93.9219,94.1719,93.3281,93.5156,219117
2004-09-28,93.6094,94.2031,93.3281,93.9531,303136
2004-09-29,92.7344,93.7656,92.5781,93.7031,377497
2004-09-30,92.3281,93.1094,91.6406,92.7031,422227
2004-10-01,91.5781,92.2656,91.3281,92.2656,250148
2004-10-04,91.7969,91.8906,91.0156,91.6094,203709
2004-10-05,91.8281,92.0781,91.6094,91.7969,199634
2004-10-06,91.2656,91.7969,91.0781,91.7656,195116
2004-10-07,90.9531,91.4219,90.7656,91.2344,236005
2004-10-08,92.2656,92.4531,90.7969,90.8906,299674
2004-10-12,92.5781,92.8281,92.1719,92.2031,181068
2004-10-13,92.8281,93.0781,92.1406,92.5156,245088
2004-10-14,93.5156,93.6094,92.8281,93.0156,234439
2004-10-15,93.1094,94.3594,92.5156,93.5156,422783
2004-10-18,93.2031,93.3594,92.7969,93.0469,175133
2004-10-19,93.4844,93.6094,92.6719,93.2344,292027
2004-10-20,94.0781,94.2656,93.5469,93.5781,258464
2004-10-21,94.1406,94.6406,93.9219,94.1719,355361
2004-10-22,94.2969,94.5156,93.7344,94.1406,176921
2004-10-25,94.4531,94.8906,94.3906,94.5156,206613
2004-10-26,94.2969,94.6719,94.1406,94.4219,184120
2004-10-27,93.1719,94.6719,93.0156,94.1719,408391
2004-10-28,93.2656,93.6719,92.5469,93.1094,355538
2004-10-29,93.9531,94.0469,93.2031,93.5781,288982
2004-11-01,93.2344,93.9844,93.1406,93.9844,208722
2004-11-02,93.3594,93.7656,93.0469,93.3594,154379
2004-11-03,93.5469,93.7656,91.8594,93.7344,439455
2004-11-04,93.7031,94.0469,93.2969,93.4219,280057
2004-11-05,92.3594,93.7656,91.1094,93.6406,446573
2004-11-08,92.0781,92.4219,91.9531,92.3906,204707
2004-11-09,92.0781,92.3594,91.9219,92.0469,166184
2004-11-10,91.6406,92.1094,91.3594,91.9844,273084
2004-11-12,92.4844,92.8906,91.6719,91.7969,253596
2004-11-15,92.6719,92.7344,92.3281,92.6406,154935
2004-11-16,92.5781,92.9219,92.2969,92.7031,247563
2004-11-17,93.3906,93.5469,92.1094,92.5781,382348
2004-11-18,93.7656,93.8906,93.1406,93.4531,294789
2004-11-19,92.8281,94.0469,92.6094,93.7344,390074
2004-11-22,93.4219,93.4844,92.6406,92.7344,208525
2004-11-23,93.3594,93.8906,92.9844,93.3281,455369
2004-11-24,93.2969,93.6094,93.2344,93.2969,245198
2004-11-26,92.7656,93.4844,92.3281,93.3594,173179
2004-11-29,91.5781,92.8594,91.4219,92.7031,458657
2004-11-30,91.2031,91.7656,90.8594,91.7656,210634
2004-12-01,91.0781,91.5781,90.8594,91.2031,98360
2004-12-02,90.7344,91.2969,90.5781,91.1719,90003
2004-12-03,92.2031,92.7031,90.4531,90.5781,51832
2004-12-06,92.5781,92.8281,92.2344,92.2969,60358
2004-12-07,92.7656,92.8906,92.3594,92.7656,40498
2004-12-08,94.1406,94.2656,92.5469,92.7969,30605
2004-12-09,93.6719,94.3594,93.4219,94.2031,365062
2004-12-10,93.7656,94.0781,93.4844,93.4844,217386
2004-12-13,93.9219,94.3281,93.6406,93.7656,188630
2004-12-14,94.2656,94.3906,93.5156,93.9219,187334
2004-12-15,95.0469,95.1406,94.2031,94.3281,275610
2004-12-16,93.6719,95.1406,93.5469,94.9844,313534
2004-12-17,93.4219,93.9531,92.8281,93.6719,264030
2004-12-20,93.5469,93.9219,93.2969,93.4531,87002
2004-12-21,93.9531,94.0156,93.5156,93.6719,76903
2004-12-22,93.5469,93.9844,93.3906,93.9844,100177
2004-12-23,93.3594,93.6719,93.1094,93.6094,57167
2004-12-27,92.3906,93.4531,92.0781,93.4219,96375
2004-12-28,92.4531,92.5156,91.8906,92.3906,88538
2004-12-29,92.1406,92.6094,92.0156,92.4531,64520
2004-12-30,92.8281,93.0781,91.9844,92.0469,89571
2004-12-31,93.5781,93.7031,92.8281,92.9219,58223
2005-01-03,93.6094,93.8281,92.9531,93.5781,177736
2005-01-04,92.8594,93.9531,92.4531,93.6094,275216
2005-01-05,93.1406,93.4219,92.6406,92.7344,259800
2005-01-06,93.1719,93.4531,92.8906,93.1094,201779
2005-01-07,93.1719,94.9531,92.0781,93.2656,356018
2005-01-10,93.4219,93.5469,93.0781,93.3594,154093
2005-01-11,93.9531,94.0781,93.2656,93.5156,255451
2005-01-12,94.0781,94.2656,93.5156,93.9531,258365
2005-01-13,94.7344,95.0781,93.9844,94.1406,294267
2005-01-14,94.5156,95.2344,94.2656,94.9844,286791
2005-01-18,94.9844,95.0781,94.2656,94.6094,269088
2005-01-19,95.0469,95.6094,94.6406,95.0156,430519
2005-01-20,95.2344,95.4219,94.5781,95.1719,280048
2005-01-21,95.4531,95.4844,94.8906,95.2031,216162
2005-01-24,95.7969,95.8906,95.3594,95.3594,232940
2005-01-25,95.0156,95.9531,94.7031,95.8281,431857
2005-01-26,95.0156,95.2969,94.6406,94.9531,276008
2005-01-27,94.9531,95.0469,94.4531,94.9844,274279
2005-01-28,95.7344,95.9219,94.6719,94.7344,338216
2005-01-31,95.9219,96.0156,95.4844,95.6094,254312
2005-02-01,95.8906,96.2031,95.6406,95.9219,331916
2005-02-02,95.9531,96.1094,95.6406,95.7969,214430
2005-02-03,95.8906,95.9844,95.4219,95.9219,251401
2005-02-04,96.9844,97.2969,95.7969,95.8281,452226
2005-02-07,97.5469,97.6406,96.8281,96.9219,224416
2005-02-08,97.8281,98.2656,97.2969,97.5469,463417
2005-02-09,98.2969,98.4531,97.3906,98.0156,523523
2005-02-10,97.1094,98.2969,96.9219,98.2344,433415
2005-02-11,96.8906,97.2344,96.5781,97.0156,415528
2005-02-14,97.2969,97.4531,96.7344,96.9531,217231
2005-02-15,96.9219,97.3281,96.7344,97.2969,293305
2005-02-16,96.3281,96.9219,95.9531,96.8594,429965
2005-02-17,95.8594,96.4219,95.6719,96.3281,325468
2005-02-18,95.0156,95.8594,94.6719,95.8594,406572
2005-02-22,94.7344,95.0781,94.5781,94.9531,376771
2005-02-23,94.9219,95.5156,94.5781,94.7344,460267
2005-02-24,94.8281,95.5156,94.7031,94.9531,539351
2005-02-25,95.0469,95.2656,94.7031,94.7031,410980
2005-02-28,94.1719,95.2969,93.8594,95.0156,235071
2005-03-01,93.9844,94.2344,93.7344,93.9531,113406
2005-03-02,93.8281,94.0781,93.5469,94.0469,109403
2005-03-03,93.7656,94.0781,93.7031,93.8281,55608
2005-03-04,94.7656,94.9531,93.1094,93.7344,46065
2005-03-07,95.1094,95.2344,94.7031,94.7031,51807
2005-03-08,94.2656,95.0781,94.0156,94.9844,49129
2005-03-09,92.7031,94.2344,92.5469,94.1094,45294
2005-03-10,93.1719,93.3281,91.9844,92.5469,598474
2005-03-11,92.4219,93.1406,92.2969,93.0469,384064
2005-03-14,92.6094,92.7344,91.9844,92.3906,305263
2005-03-15,92.3281,93.1406,92.1406,92.6719,405189
2005-03-16,92.5781,93.2344,92.0469,92.2031,420387
2005-03-17,92.9531,93.3906,92.6094,92.6094,310053
2005-03-18,92.5469,92.9844,92.4531,92.9219,180401
2005-03-21,92.3594,92.5781,92.2656,92.5469,159682
2005-03-22,91.5469,93.1406,91.2344,92.3594,417613
2005-03-23,91.7344,91.9531,90.7969,91.2969,384527
2005-03-24,91.9531,92.2344,91.7656,91.8906,182529
2005-03-28,91.6406,91.9531,91.4844,91.9219,135965
2005-03-29,91.9844,92.1406,91.4531,91.5469,198910
2005-03-30,92.4844,92.6094,91.8906,92.0469,255932
2005-03-31,93.1719,93.2969,92.4219,92.5469,346462
2005-04-01,93.5781,94.3906,92.5781,93.2031,449735
2005-04-04,93.5781,94.0156,93.2969,93.5469,198518
2005-04-05,93.3906,93.7031,93.2031,93.5469,235314
2005-04-06,93.5781,93.7969,93.3281,93.3906,210529
2005-04-07,93.1406,94.0156,92.9219,93.6719,372998
2005-04-08,93.1406,93.3594,92.6719,93.1094,275212
2005-04-11,93.6406,93.9844,93.2031,93.2969,233199
2005-04-12,94.5781,94.7656,93.3906,93.7656,412525
2005-04-13,94.3906,94.9219,94.1094,94.5781,343172
2005-04-14,94.3281,94.7344,94.1719,94.4219,353050
2005-04-15,95.3594,95.7656,94.6094,94.7031,399793
2005-04-18,95.6719,96.1406,95.3594,95.6406,332751
2005-04-19,96.1719,96.4219,95.2031,95.3594,454579
2005-04-20,96.0781,96.3281,95.1719,96.1094,480443
2005-04-21,95.2344,96.3281,95.0781,96.2969,443368
2005-04-22,95.7969,95.9219,95.2656,95.2969,215584
2005-04-25,95.9844,96.1094,95.7031,95.7656,159008
2005-04-26,95.8594,96.3594,95.4844,95.9844,325922
2005-04-27,96.1406,96.4844,95.5469,95.7656,321029
2005-04-28,96.8281,97.1719,96.1094,96.1719,285586
2005-04-29,96.6406,97.3281,96.4844,97.0156,411214
2005-05-02,96.6719,96.9219,96.2344,96.6406,287643
2005-05-03,96.6406,97.2344,96.4219,96.7031,233654
2005-05-04,96.4531,97.2031,95.2344,97.0156,583507
2005-05-05,96.7031,96.9219,96.0781,96.4531,357722
2005-05-06,95.7969,96.7656,95.4844,96.6719,417578
2005-05-09,95.8281,95.8906,95.6094,95.8594,138416
2005-05-10,96.4219,96.5781,95.7656,95.7969,271732
2005-05-11,96.7031,97.2656,96.3281,96.4844,416933
2005-05-12,96.9531,97.1094,96.1719,96.7031,365996
2005-05-13,97.4531,97.6719,96.8281,97.0469,327287
2005-05-16,97.4219,97.7031,97.2031,97.3906,179214
2005-05-17,97.5469,97.7969,96.9844,97.2969,292684
2005-05-18,98.1094,98.3906,97.4531,97.5156,403864
2005-05-19,97.7656,98.2344,97.6719,97.9844,267983
2005-05-20,97.7656,97.8594,97.5781,97.7344,161188
2005-05-23,98.4844,98.7031,97.5156,97.7656,344179
2005-05-24,98.7344,99.0469,98.3906,98.5469,428624
2005-05-25,98.2344,99.0781,97.9844,98.8281,496330
2005-05-26,98.2031,98.4844,97.9219,98.0469,415913
2005-05-27,98.2344,98.3281,98.0156,98.1719,268002
2005-05-31,99.2656,99.5469,98.2031,98.2656,181490
2005-06-01,100.2031,100.6094,99.3594,99.4219,124909
2005-06-02,100.5469,100.6406,100.1094,100.4219,76329
2005-06-03,99.6094,101.7344,99.4844,100.4531,43639
2005-06-06,99.8594,100.1406,99.5469,99.6406,47833
2005-06-07,100.4844,100.6094,99.8594,99.9844,40480
2005-06-08,100.0781,100.6406,100.0469,100.6406,35447
2005-06-09,99.8281,100.2031,99.4219,100.2031,25875
2005-06-10,98.7969,99.9531,98.7031,99.9219,257886
2005-06-13,98.2656,98.8906,98.0781,98.7656,239048
2005-06-14,97.6406,98.6094,97.5781,98.1406,348608
2005-06-15,97.7656,97.9844,97.3281,97.7656,350391
2005-06-16,98.3281,98.4844,97.5469,97.8906,291087
2005-06-17,98.3281,98.5156,97.9531,98.2969,204703
2005-06-20,98.0156,98.5156,97.4531,98.2969,215783
2005-06-21,98.7656,98.9531,97.7031,97.9219,305168
2005-06-22,99.9531,100.1094,98.7344,98.8906,300402
2005-06-23,99.8594,100.0156,99.4531,99.9844,228925
2005-06-24,100.4531,100.4844,99.8281,99.8594,214407
2005-06-27,100.7656,100.8594,100.2969,100.3594,215857
2005-06-28,100.0156,100.7344,99.8594,100.7031,221074
2005-06-29,99.6719,100.5469,99.4531,99.9531,332832
2005-06-30,100.2656,100.7031,99.4844,99.7656,331369
2005-07-01,99.1406,100.6406,99.0156,100.6406,316486
2005-07-05,98.3281,99.1406,98.2656,99.0469,217016
2005-07-06,98.7656,98.8594,98.3281,98.3281,171566
2005-07-07,99.1094,100.4531,98.7031,98.7969,328656
2005-07-08,98.3594,99.4531,98.2656,98.8594,273681
2005-07-11,98.6406,98.7344,97.9219,98.5781,209414
2005-07-12,98.1406,98.8281,98.0469,98.6406,204496
2005-07-13,97.9219,98.1719,97.7656,98.1406,167446
2005-07-14,97.7344,98.3281,97.4219,97.7344,264313
2005-07-15,97.9219,98.0156,97.4219,97.7656,184392
2005-07-18,97.2031,98.1406,96.9531,97.9844,172599
2005-07-19,97.5469,97.7656,96.8594,97.2344,256390
2005-07-20,98.0156,98.1719,96.9531,97.5781,338538
2005-07-21,96.6719,98.2031,96.4219,97.9531,504941
2005-07-22,97.3594,97.4844,96.4844,96.6719,224616
2005-07-25,97.1094,97.6094,96.9844,97.3594,158507
2005-07-26,97.1719,97.3281,96.9844,97.0469,197786
2005-07-27,96.9531,97.4844,96.7969,97.3281,235770
2005-07-28,97.8594,97.9844,96.9219,97.0156,295219
2005-07-29,96.8281,97.9219,96.5469,97.8281,381565
2005-08-01,96.4844,96.9219,95.9531,96.8906,305052
2005-08-02,96.1719,96.6094,96.0781,96.5469,233476
2005-08-03,96.6719,96.7656,96.1094,96.1406,231002
2005-08-04,96.4219,96.8906,96.2656,96.6719,162567
2005-08-05,95.7031,96.7031,95.5469,96.4531,313198
2005-08-08,95.4531,95.7969,95.3594,95.7031,160148
2005-08-09,95.7656,95.8281,95.2656,95.4219,220090
2005-08-10,95.7344,96.1094,95.5156,95.7656,210978
2005-08-11,96.4219,96.5781,95.5469,95.7344,293964
2005-08-12,97.4844,97.5156,96.3906,96.5156,244823
2005-08-15,97.1719,97.4844,96.9531,97.3594,165995
2005-08-16,97.6719,98.0156,96.9844,97.0156,372885
2005-08-17,97.1094,97.8906,97.0156,97.7969,313427
2005-08-18,97.7656,97.9219,97.1094,97.1094,265581
2005-08-19,97.7656,97.9219,97.3906,97.8281,173491
2005-08-22,97.7656,97.8906,97.2031,97.8281,238562
2005-08-23,98.0469,98.2656,97.5156,97.7344,258686
2005-08-24,98.1094,98.4844,97.8594,98.1094,350953
2005-08-25,98.5156,98.6094,98.0156,98.1406,320866
2005-08-26,98.2031,98.7969,98.0469,98.5156,384007
2005-08-29,98.4219,98.8281,98.2969,98.6094,332028
2005-08-30,99.2031,99.2656,98.2344,98.4531,560241
2005-08-31,99.8906,100.0469,98.9531,99.1094,168610
2005-09-01,99.7656,100.1719,99.4219,99.9219,124745
2005-09-02,99.6094,100.0469,99.1719,99.4531,71383
2005-09-06,99.0156,99.5781,98.8594,99.5781,40940
2005-09-07,98.1719,99.0156,97.8281,98.8594,38106
2005-09-08,98.1719,98.6094,98.0469,98.1719,14828
2005-09-09,98.4219,98.7031,98.1406,98.1406,6539
2005-09-12,97.8594,98.5156,97.5156,98.3594,294890
2005-09-13,98.2031,98.5469,97.5469,97.8594,295167
2005-09-14,97.8281,98.5469,97.7656,98.2344,262574
2005-09-15,97.1719,98.2031,96.8281,97.8594,467568
2005-09-16,96.6406,97.2344,96.3281,97.1094,355438
2005-09-19,96.7344,96.8906,96.4531,96.5156,174365
2005-09-20,96.9531,97.1719,95.8906,96.7031,313252
2005-09-21,97.6094,97.8281,96.8281,96.9219,292991
2005-09-22,97.7656,98.2031,97.5156,97.8594,274598
2005-09-23,97.0469,97.7656,96.8594,97.7031,248180
2005-09-26,96.5469,96.9531,96.3594,96.7969,208822
2005-09-27,96.4531,96.8906,96.1719,96.5156,320112
2005-09-28,97.0469,97.2344,96.2031,96.7031,292661
2005-09-29,96.6719,97.2969,96.4531,97.0469,285567
2005-09-30,96.2969,96.8594,96.1094,96.5781,315650
2005-10-03,95.6406,96.5781,95.4531,96.2344,304015
2005-10-04,95.8281,96.0469,95.4531,95.6719,200462
2005-10-05,96.0781,96.3906,95.7969,95.8594,261858
2005-10-06,96.0156,96.3906,95.6719,96.2344,256723
2005-10-07,96.1406,96.2656,95.1094,95.7969,394995
2005-10-11,95.8906,96.3906,95.6406,96.1719,258046
2005-10-12,95.1094,95.8281,94.9531,95.7344,327174
2005-10-13,94.6094,95.1094,94.3281,95.0781,318645
2005-10-14,94.5156,95.2031,94.0469,94.6719,423281
2005-10-17,94.4844,94.8281,94.3281,94.5469,209077
2005-10-18,94.5781,94.7969,94.2031,94.4219,269541
2005-10-19,94.7031,95.1719,94.6406,94.6719,272797
2005-10-20,94.7969,95.0469,94.2656,94.6406,297367
2005-10-21,95.6094,95.7969,94.8281,94.9531,283658
2005-10-24,94.9844,95.7344,94.7031,95.6406,344598
2005-10-25,94.3281,95.2656,94.0156,94.9531,395452
2005-10-26,93.3594,94.2031,93.2031,94.0781,475694
2005-10-27,93.7031,93.8906,93.3281,93.3281,293715
2005-10-28,93.7031,94.0156,93.2344,93.7656,308268
2005-10-31,93.8594,94.1406,93.4219,93.5781,233393
2005-11-01,93.6719,94.2344,93.5156,93.8594,298871
2005-11-02,93.2656,93.8594,93.1094,93.7344,317415
2005-11-03,92.6719,93.5469,92.5469,93.2969,343114
2005-11-04,92.5469,93.1719,92.2656,92.6406,422688
2005-11-07,92.7969,92.9844,92.4219,92.4844,182772
2005-11-08,93.6406,93.7969,92.8594,92.8594,294180
2005-11-09,92.8906,93.7969,92.6719,93.6719,348856
2005-11-10,93.8281,93.8906,92.7344,92.7344,373811
2005-11-14,93.2031,94.0469,92.9219,93.8594,353970
2005-11-15,93.8281,93.9844,93.0156,93.1406,431104
2005-11-16,94.6094,94.8281,93.6094,93.7656,436720
2005-11-17,94.8906,95.2031,94.2969,94.7344,398341
2005-11-18,94.3594,94.9844,94.2969,94.7969,276640
2005-11-21,94.7031,94.9531,94.3281,94.4219,189071
2005-11-22,94.8594,94.9531,94.4844,94.7031,302593
2005-11-23,94.2344,94.9531,94.1719,94.8906,265290
2005-11-25,94.7969,94.8594,94.4219,94.4531,125410
2005-11-28,95.2344,95.4531,94.3594,94.8594,467566
2005-11-29,94.3281,95.4844,94.2344,95.2344,547713
2005-11-30,94.1719,94.6406,93.9531,94.3906,184058
2005-12-01,93.9531,94.5781,93.6406,94.2969,84530
2005-12-02,94.0469,94.2031,93.6094,94.0156,40449
2005-12-05,93.6094,94.1094,93.3594,94.1094,44898
2005-12-06,94.4531,94.6719,93.5781,93.5781,32262
2005-12-07,94.1719,94.5469,93.9844,94.4531,19487
2005-12-08,94.7969,94.8906,94.1406,94.1406,31303
2005-12-09,94.0156,94.8594,93.9844,94.8281,272495
2005-12-12,93.9219,94.3281,93.5781,94.0781,183059
2005-12-13,94.0156,94.2969,93.7969,93.8594,209295
2005-12-14,95.0156,95.2969,94.1406,94.1719,377611
2005-12-15,94.8594,95.2969,94.3281,94.9531,307416
2005-12-16,95.1719,95.4531,94.8281,94.8281,201158
2005-12-19,95.2344,95.5469,94.8594,95.2031,150160
2005-12-20,95.0469,95.3281,94.7969,95.2656,184798
2005-12-21,94.8594,95.2031,94.6094,95.0469,166667
2005-12-22,95.5469,95.6719,94.7344,94.7969,213018
2005-12-23,96.3281,96.4219,95.4219,95.6406,128287
2005-12-27,96.8281,96.9219,96.0156,96.4219,115273
2005-12-28,96.4531,96.9219,96.4219,96.8281,135074
2005-12-29,96.5781,96.7656,96.2969,96.5469,107244
2005-12-30,96.3281,97.1406,96.2969,96.7344,111933
2006-01-03,96.5156,96.9219,95.9219,96.3594,336578
2006-01-04,96.6094,96.8594,96.1094,96.5781,320918
2006-01-05,96.5781,96.8594,96.3281,96.7344,284032
2006-01-06,96.2656,97.0156,96.1406,96.5781,382910
2006-01-09,96.2656,96.5156,96.0781,96.2656,198457
2006-01-10,95.6719,96.4531,95.5469,96.3594,369511
2006-01-11,95.3594,95.8281,95.2344,95.6094,282892
2006-01-12,95.9844,96.1094,95.3906,95.4219,334638
2006-01-13,96.8281,96.8906,95.7031,96.0156,359817
2006-01-17,97.0156,97.0781,96.4844,96.7031,245768
2006-01-18,96.8906,97.5469,96.5781,97.0469,407930
2006-01-19,96.5469,96.9844,96.3906,96.9531,351955
2006-01-20,96.7656,96.9531,96.4844,96.5781,260102
2006-01-23,96.7969,96.9844,96.1719,96.8594,338174
2006-01-24,96.4219,96.8281,96.2031,96.7656,330781
2006-01-25,95.3281,96.4531,95.1719,96.4219,428324
2006-01-26,94.7969,95.4844,94.6094,95.3281,397656
2006-01-27,95.0469,95.2969,94.4844,94.8281,430035
2006-01-30,94.7969,94.9219,94.4531,94.8906,277083
2006-01-31,94.9844,95.1406,94.5781,94.7969,355778
2006-02-01,94.7344,95.2031,94.5156,95.1094,373976
2006-02-02,94.8281,95.0781,94.5156,94.7344,302957
2006-02-03,95.4219,95.5781,94.2656,94.8281,648605
2006-02-06,95.4531,95.6094,95.2031,95.4219,232218
2006-02-07,95.0156,95.7031,94.8906,95.3594,397932
2006-02-08,94.6719,95.2031,94.6094,95.0156,307764
2006-02-09,94.9844,95.2031,94.2969,94.7344,472789
2006-02-10,94.6406,95.6094,94.3906,94.9219,443690
2006-02-13,94.5469,94.7969,94.3281,94.5781,173722
2006-02-14,94.2031,94.6094,93.9531,94.5469,346282
2006-02-15,94.3281,94.7031,94.0469,94.2656,338474
2006-02-16,94.4531,94.5156,94.1094,94.3281,238735
2006-02-17,95.2031,95.2969,94.4219,94.4531,334035
2006-02-21,95.0156,95.2969,94.9219,95.2656,254478
2006-02-22,95.3906,95.5156,94.6719,94.9531,430849
2006-02-23,95.0156,95.5469,94.8281,95.4219,460538
2006-02-24,94.9844,95.4531,94.7656,95.1406,439838
2006-02-27,94.6406,95.1719,94.4531,94.8594,433450
2006-02-28,95.2344,95.2969,94.5781,94.5781,300232
2006-03-01,94.7031,95.2344,94.5156,95.1719,114709
2006-03-02,94.0781,94.7656,93.7031,94.7031,94462
2006-03-03,93.5156,94.1406,93.4219,93.9844,48953
2006-03-06,92.8906,93.5469,92.6719,93.4531,35536
2006-03-07,92.8906,93.0156,92.1719,92.7031,35059
2006-03-08,92.8281,93.1719,92.6719,92.9844,9697
2006-03-09,92.8906,92.9531,92.5469,92.8906,28043
2006-03-10,92.6719,93.0781,92.2656,92.8281,15606
2006-03-13,92.4219,92.5469,92.2031,92.5469,215182
2006-03-14,93.2031,93.3594,92.3906,92.4219,421996
2006-03-15,92.7344,93.2656,92.5156,93.2656,352610
2006-03-16,93.5469,93.7656,92.4531,92.7344,482462
2006-03-17,93.2344,93.6406,93.1406,93.4844,241234
2006-03-20,93.4531,93.7031,93.1094,93.2031,183250
2006-03-21,92.8594,93.6406,92.6719,93.4219,480273
2006-03-22,93.0469,93.2969,92.7031,92.7969,267606
2006-03-23,92.7344,93.2969,92.6094,93.0469,318733
2006-03-24,93.4219,93.7031,92.6094,92.7031,374496
2006-03-27,93.1094,93.5469,92.8906,93.4531,169299
2006-03-28,92.2656,93.1406,92.0156,93.0781,326281
2006-03-29,91.8594,92.3281,91.7031,92.2344,334847
2006-03-30,91.3594,92.0469,90.9844,91.8594,431441
2006-03-31,91.3281,91.6094,91.0469,91.2656,323878
2006-04-03,91.2031,91.4844,90.7969,91.3906,355589
2006-04-04,91.1406,91.6094,91.0781,91.2656,282312
2006-04-05,91.4219,91.5469,91.1719,91.2031,229751
2006-04-06,90.7969,91.3594,90.5469,91.3281,349072
2006-04-07,90.0469,91.0156,89.7969,90.6406,482889
2006-04-10,90.0469,90.1719,89.7031,89.7969,213438
2006-04-11,90.3594,90.5469,90.1094,90.1094,224915
2006-04-12,89.8906,90.7344,89.7656,90.3906,326349
2006-04-13,89.2656,89.9531,89.1094,89.7969,366118
2006-04-17,89.5781,89.7969,89.1094,89.2344,257028
2006-04-18,89.8281,90.1094,89.4844,89.5469,335904
2006-04-19,89.2031,90.1094,88.8906,89.7344,476969
2006-04-20,89.2031,89.3906,89.0156,89.2656,337032
2006-04-21,89.5781,89.7031,89.1094,89.1406,412522
2006-04-24,89.9531,90.2656,89.4844,89.5781,334028
2006-04-25,89.0469,90.1406,88.8594,89.9844,450535
2006-04-26,88.7656,89.1094,88.4844,89.0469,349341
2006-04-27,88.8594,89.2969,88.3281,88.7031,472472
2006-04-28,89.0156,89.1406,88.5469,88.9531,350575
2006-05-01,88.3906,89.2969,88.2344,89.0469,313906
2006-05-02,88.6094,88.7344,88.1406,88.3594,305484
2006-05-03,88.2031,88.7031,88.0156,88.5469,339328
2006-05-04,88.2344,88.5156,87.9531,88.2656,341092
2006-05-05,88.6719,89.1094,88.1406,88.1719,464135
2006-05-08,88.7031,88.8906,88.5469,88.7656,150831
2006-05-09,88.6719,88.7969,88.3594,88.7344,207706
2006-05-10,88.7344,89.1719,88.2656,88.6406,340525
2006-05-11,88.3594,88.8594,88.0469,88.7031,403987
2006-05-12,87.7344,88.3281,87.5469,88.3281,388585
2006-05-15,88.0469,88.3594,87.5156,87.5156,315673
2006-05-16,88.5781,88.6719,87.9219,87.9844,280372
2006-05-17,88.0469,88.7031,87.6719,88.6719,426302
2006-05-18,89.0156,89.2344,87.9219,88.1094,560059
2006-05-19,89.3281,89.7031,88.8281,89.1094,505819
2006-05-22,89.3906,89.9844,89.2969,89.2969,421395
2006-05-23,89.2031,89.6094,88.9219,89.3906,381565
2006-05-24,89.4219,90.0469,89.2656,89.6094,611433
2006-05-25,89.0469,89.5781,88.9531,89.3594,486499
2006-05-26,89.2031,89.3594,88.7344,89.0469,368912
2006-05-30,88.8906,89.3281,88.7969,89.1719,502187
2006-05-31,88.5781,89.1719,88.2969,88.8906,258062
2006-06-01,88.6406,88.9219,88.2031,88.4844,115779
2006-06-02,89.8594,89.9531,88.6406,88.7031,97541
2006-06-05,89.6719,89.9531,89.5156,89.7969,46868
2006-06-06,89.9531,90.1094,89.4531,89.7031,53586
2006-06-07,89.7656,90.0469,89.4844,89.9844,32691
2006-06-08,90.1094,90.6094,89.8906,89.8906,17539
2006-06-09,90.2969,90.4531,89.9219,90.0781,13349
2006-06-12,90.2344,90.3906,90.0156,90.3281,145959
2006-06-13,90.4844,90.6719,90.1406,90.2969,392811
2006-06-14,89.6406,90.5156,89.4531,90.4219,492322
2006-06-15,89.1719,89.6406,89.0156,89.5781,323067
2006-06-16,88.8281,89.4531,88.7344,89.1094,204710
2006-06-19,88.6406,88.8594,88.5469,88.8281,192218
2006-06-20,88.5469,88.9531,88.3594,88.7031,248233
2006-06-21,88.5469,88.7969,88.4844,88.5781,183316
2006-06-22,88.1406,88.6406,87.9844,88.5469,260626
2006-06-23,87.8594,88.3906,87.7656,88.0156,260363
2006-06-26,87.7344,87.9844,87.6094,87.7969,146306
2006-06-27,88.0469,88.1719,87.7344,87.7344,251551
2006-06-28,87.6406,88.1719,87.5469,88.1094,207529
2006-06-29,88.0469,88.4844,87.5781,87.6406,256022
2006-06-30,88.8281,88.8594,87.7344,88.1094,413253
2006-07-03,88.7031,88.8281,88.4531,88.7656,96673
2006-07-05,87.9219,88.8281,87.6094,88.7344,347369
2006-07-06,88.3906,88.5156,87.8281,87.9531,286678
2006-07-07,88.9844,89.3281,88.3906,88.4531,393543
2006-07-10,89.0469,89.1094,88.7344,88.9844,139221
2006-07-11,89.3594,89.6406,88.9531,89.0469,265509
2006-07-12,89.4219,89.4844,88.8594,89.2969,277402
2006-07-13,89.6406,89.6719,89.2969,89.3906,255473
2006-07-14,89.6406,89.9844,89.3906,89.6719,307173
2006-07-17,89.6719,89.7656,89.3594,89.6094,178743
2006-07-18,89.0156,89.7344,88.8906,89.7031,352857
2006-07-19,89.7656,89.8906,88.4531,89.0156,516650
2006-07-20,90.0781,90.2344,89.5156,89.7969,306732
2006-07-21,89.8906,90.2969,89.8281,90.0469,242074
2006-07-24,89.8906,90.1406,89.6719,89.9531,181898
2006-07-25,89.6719,90.1719,89.5781,89.8281,308488
2006-07-26,89.9531,90.1094,89.3906,89.6719,303379
2006-07-27,89.8906,90.2031,89.6719,89.9844,322522
2006-07-28,90.4531,90.6406,89.7656,89.9531,325660
2006-07-31,90.4531,90.5156,90.1719,90.3906,176171
2006-08-01,90.4531,90.5469,90.0781,90.4844,289648
2006-08-02,90.7031,90.8281,90.1719,90.5156,441160
2006-08-03,90.8594,91.0156,90.4531,90.6406,299648
2006-08-04,91.4219,91.6406,90.6719,90.7656,357688
2006-08-07,91.2656,91.4531,91.1406,91.4219,130625
2006-08-08,91.1406,91.7656,91.0469,91.2656,257579
2006-08-09,90.9531,91.1406,90.6406,91.1406,273122
2006-08-10,90.8281,91.1406,90.4219,90.9219,341088
2006-08-11,90.4531,90.8594,90.3281,90.7031,241764
2006-08-14,90.1406,90.4219,90.0781,90.3594,157209
2006-08-15,90.8906,91.0781,90.0781,90.2031,356628
2006-08-16,91.4844,91.6094,90.7656,90.8594,376561
2006-08-17,91.4844,91.8906,91.3594,91.5469,278875
2006-08-18,91.7969,91.8594,91.4219,91.4844,209892
2006-08-21,91.9531,92.0156,91.6406,91.7344,168348
2006-08-22,92.0469,92.1719,91.8281,91.9531,301839
2006-08-23,92.0469,92.1094,91.6719,92.0469,327960
2006-08-24,92.1719,92.3594,91.9219,92.0781,335736
2006-08-25,92.2969,92.3906,92.0156,92.2031,301247
2006-08-28,92.2656,92.3906,92.0469,92.3281,353288
2006-08-29,92.3594,92.4531,91.7031,92.2969,559310
2006-08-30,92.4844,92.7031,92.2656,92.3906,493922
2006-08-31,92.8594,92.8906,92.4531,92.5469,162879
2006-09-01,92.9219,93.0156,92.4844,92.7969,71306
2006-09-05,92.2969,92.8281,92.2656,92.7969,76507
2006-09-06,92.0781,92.3594,91.7969,92.2656,66285
2006-09-07,92.2031,92.3594,91.7969,92.0781,52369
2006-09-08,92.3906,92.5781,92.1719,92.2031,8134
2006-09-11,92.1094,92.4531,91.8594,92.2969,254954
2006-09-12,92.4844,92.6094,91.8281,92.0469,346763
2006-09-13,92.5781,92.8906,92.4531,92.5156,280786
2006-09-14,92.3281,92.9219,92.2344,92.6094,370882
2006-09-15,92.2656,92.8594,92.2031,92.2969,401640
2006-09-18,92.0781,92.3594,91.5781,92.3281,375831
2006-09-19,92.8906,92.9844,91.8906,92.1094,458465
2006-09-20,93.0156,93.2031,92.7656,92.9219,309867
2006-09-21,93.8281,93.9844,92.8594,92.9844,510047
2006-09-22,94.3906,94.4844,93.8594,93.9219,388788
2006-09-25,94.8281,95.1406,94.3594,94.4531,377602
2006-09-26,94.6719,95.0781,94.4844,94.9531,395618
2006-09-27,94.5469,95.0781,94.3906,94.6094,378444
2006-09-28,94.2031,94.5781,94.0469,94.4844,324666
2006-09-29,94.2031,94.5469,93.8281,94.3281,387769
2006-10-02,94.3281,94.6094,93.9219,94.1719,264828
2006-10-03,94.3594,94.6094,94.1719,94.4531,246429
2006-10-04,94.7969,94.9531,94.1719,94.3281,310966
2006-10-05,94.2969,94.8281,94.0469,94.8281,364700
2006-10-06,93.3594,94.7969,93.2656,94.2656,411881
2006-10-10,92.8281,93.3906,92.6094,93.3594,309848
2006-10-11,92.4219,93.0781,92.3281,92.7344,332789
2006-10-12,92.4844,92.8281,92.4531,92.4844,243985
2006-10-13,92.1406,92.8281,92.0156,92.5156,321652
2006-10-16,92.3281,92.4531,92.0781,92.1406,157838
2006-10-17,92.4219,92.9844,92.2656,92.4219,386121
2006-10-18,92.5781,92.7656,92.2344,92.5156,322481
2006-10-19,92.3906,92.7344,92.1094,92.7031,311409
2006-10-20,92.4219,92.5781,92.2969,92.3906,141357
2006-10-23,91.9219,92.3906,91.6406,92.3594,327114
2006-10-24,91.9219,92.0469,91.7656,91.7969,157045
2006-10-25,92.4844,92.6406,91.7656,91.9531,277021
2006-10-26,93.1406,93.2031,92.5156,92.6094,342060
2006-10-27,93.6406,93.7656,93.0469,93.1406,330491
2006-10-30,93.7031,93.8594,93.4844,93.6406,228020
2006-10-31,94.4531,94.5469,93.6094,93.7344,406363
2006-11-01,94.9531,95.1094,94.2969,94.4844,380095
2006-11-02,94.6094,94.8906,94.4531,94.8594,324114
2006-11-03,93.4219,94.7969,93.2031,94.6094,484436
2006-11-06,93.5156,93.6406,93.2031,93.3906,203075
2006-11-07,94.0156,94.4219,93.6094,93.6094,365334
2006-11-08,94.3594,94.5469,93.8906,94.0156,282659
2006-11-09,94.3594,94.4844,94.1094,94.3281,336518
2006-11-10,94.7656,94.9531,94.2969,94.3594,240834
2006-11-13,94.6094,94.9844,94.2344,94.7344,246421
2006-11-14,95.0781,95.3906,94.2969,94.5156,417149
2006-11-15,94.5781,95.2031,94.4531,95.0781,397517
2006-11-16,94.1094,95.1719,93.8906,94.4844,589659
2006-11-17,94.6094,94.9219,93.9531,93.9531,443008
2006-11-20,94.7344,94.9219,94.4844,94.6094,219815
2006-11-21,94.9219,95.0469,94.5156,94.6719,326256
2006-11-22,95.0156,95.1406,94.8281,94.8906,237311
2006-11-24,95.2344,95.6406,94.9844,94.9844,142961
2006-11-27,95.3906,95.4844,94.6094,95.2344,619579
2006-11-28,95.6719,96.0156,95.2656,95.4531,654309
2006-11-29,95.4844,95.9219,95.3906,95.7344,550392
2006-11-30,96.1719,96.2031,95.4219,95.4219,144965
2006-12-01,96.4219,96.7031,95.8594,96.1406,102421
2006-12-04,96.3906,96.5156,96.0469,96.2969,38181
2006-12-05,96.2656,96.6719,95.9531,96.4844,36180
2006-12-06,95.8594,96.2969,95.7969,96.2031,15811
2006-12-07,95.8594,96.0781,95.6094,95.8594,67602
2006-12-08,95.1094,95.9531,95.0156,95.7969,509440
2006-12-11,95.5156,95.6719,95.0469,95.0781,253213
2006-12-12,95.7656,95.8906,95.2344,95.4219,290212
2006-12-13,94.7656,95.9844,94.5781,95.7344,526219
2006-12-14,94.5156,94.9219,94.3906,94.6406,308426
2006-12-15,94.4844,95.5469,94.2656,94.4531,473710
2006-12-18,94.5156,94.7344,94.3281,94.4531,198482
2006-12-19,94.3594,94.8281,94.0156,94.5781,292056
2006-12-20,94.3594,94.5781,94.2656,94.3906,115455
2006-12-21,94.8281,94.9844,94.2969,94.3594,217664
2006-12-22,93.9844,94.8906,93.9531,94.7969,217192
2006-12-26,94.2656,94.3906,93.9531,94.0156,57633
2006-12-27,93.7031,94.4219,93.5781,94.3281,126761
2006-12-28,93.3281,93.9531,92.9219,93.7031,186446
2006-12-29,93.2344,93.5156,92.9531,93.3281,98041
2007-01-02,93.5156,93.6719,93.2344,93.2656,113678
2007-01-03,93.7344,94.0781,93.3594,93.5781,324043
2007-01-04,94.2031,94.4531,93.6406,93.7656,313335
2007-01-05,93.9531,94.6719,93.2969,94.3281,420045
2007-01-08,93.9219,94.0156,93.6406,93.9531,223455
2007-01-09,93.9219,94.1094,93.7031,93.9531,252310
2007-01-10,93.6094,94.0469,93.3594,93.9219,375147
2007-01-11,92.9844,93.6094,92.7344,93.5469,434956
2007-01-12,92.6094,93.0781,92.5156,93.0156,258730
2007-01-16,92.7656,92.9844,92.5469,92.5469,243429
2007-01-17,92.3594,93.0156,92.3281,92.7969,356245
2007-01-18,92.7344,92.8281,92.0469,92.4531,455391
2007-01-19,92.5781,92.9219,92.2969,92.7969,318599
2007-01-22,92.7344,92.8594,92.3906,92.5156,195729
2007-01-23,92.2031,92.7969,92.0781,92.6719,426947
2007-01-24,92.1094,92.3906,91.9844,92.1406,290425
2007-01-25,91.5156,92.2031,91.3281,92.0781,428742
2007-01-26,91.3281,91.6094,90.9844,91.3906,412849
2007-01-29,91.2031,91.5781,91.0469,91.3594,256156
2007-01-30,91.2969,91.4219,91.1406,91.1406,225804
2007-01-31,91.9219,92.1406,91.0156,91.3594,561093
2007-02-01,91.8594,92.6406,91.7344,92.0781,545760
2007-02-02,91.8906,92.3281,91.6719,91.8906,419198
2007-02-05,92.1094,92.2344,91.8594,91.9219,120161
2007-02-06,92.5781,92.6719,91.8594,92.1406,390243
2007-02-07,92.7656,92.8906,92.3906,92.5781,400242
2007-02-08,92.8906,93.0781,92.5781,92.7656,378382
2007-02-09,92.2969,92.8594,92.1719,92.8281,396947
2007-02-12,92.1094,92.3906,91.9844,92.3281,237760
2007-02-13,91.9844,92.2969,91.8594,92.1094,293762
2007-02-14,92.8281,92.9219,91.9531,91.9844,442244
2007-02-15,93.1094,93.3281,92.5781,92.6719,434831
2007-02-16,93.2969,93.6406,93.0469,93.0781,310289
2007-02-20,93.4219,93.4844,93.0156,93.2656,243220
2007-02-21,93.2656,93.5781,92.9219,93.4219,441790
2007-02-22,92.8594,93.2656,92.6719,93.2656,498426
2007-02-23,93.4219,93.6406,92.7344,92.8281,578690
2007-02-26,93.9844,94.1094,93.3906,93.4219,569878
2007-02-27,95.2031,95.9219,93.9531,94.0156,951650
2007-02-28,94.7969,95.2656,94.4531,95.2344,382424
2007-03-01,94.6719,95.2969,94.4844,94.6094,95528
2007-03-02,95.0469,95.2344,94.5469,94.6719,89820
2007-03-05,95.0469,95.7969,94.9531,95.2031,80524
2007-03-06,95.0156,95.2656,94.7969,95.2031,20797
2007-03-07,95.2969,95.4219,94.8906,94.9219,14268
2007-03-08,95.1719,95.3906,94.9219,95.3906,17360
2007-03-09,94.2969,95.1094,94.1094,95.0156,29715
2007-03-12,95.2031,95.4219,94.6406,94.7969,321941
2007-03-13,95.7031,95.8594,95.0781,95.1094,496311
2007-03-14,95.3594,96.0156,95.2031,95.7969,613656
2007-03-15,95.2969,95.4531,94.8594,95.2344,402233
2007-03-16,95.2344,95.4219,94.8594,95.2656,329046
2007-03-19,94.9219,95.3594,94.7969,95.2344,213147
2007-03-20,95.1406,95.3281,94.8281,94.9531,292090
2007-03-21,95.3906,95.5156,94.6094,95.1094,460859
2007-03-22,94.4844,95.2031,94.2969,95.1406,519694
2007-03-23,94.2656,94.7656,94.1719,94.4844,317759
2007-03-26,94.4531,94.7656,93.9844,94.2344,308474
2007-03-27,94.1719,94.4219,94.0156,94.2969,369605
2007-03-28,94.0156,94.6719,93.8594,94.2656,535262
2007-03-29,93.9844,94.1094,93.7344,94.0156,336597
2007-03-30,93.6719,94.4219,93.5469,93.8281,612187
2007-04-02,93.7656,93.9531,93.6406,93.7031,247233
2007-04-03,93.6094,93.8281,93.5469,93.7656,246270
2007-04-04,93.7031,93.9844,93.5156,93.6094,283716
2007-04-05,93.4531,93.8281,93.3594,93.7344,232966
2007-04-06,92.7344,93.4531,92.4219,93.3906,172279
2007-04-09,92.7969,92.9531,92.6719,92.6719,144416
2007-04-10,92.9844,93.1719,92.7656,92.7969,232083
2007-04-11,92.8594,93.1719,92.7969,92.9844,261335
2007-04-12,92.8906,93.2031,92.7969,92.8906,270311
2007-04-13,92.6719,93.1406,92.4844,92.8906,325707
2007-04-16,93.0156,93.1406,92.4844,92.6094,327473
2007-04-17,93.5469,93.6406,92.7969,93.0781,367322
2007-04-18,93.8906,94.0156,93.5156,93.5781,269993
2007-04-19,93.7656,94.2344,93.5781,93.9219,363572
2007-04-20,93.7031,93.9219,93.4531,93.7344,194915
2007-04-23,93.8906,94.0781,93.4531,93.6406,266822
2007-04-24,94.1406,94.3281,93.8906,93.9531,298635
2007-04-25,93.9219,94.2656,93.7656,94.1406,292953
2007-04-26,93.4844,93.9531,93.2969,93.8594,333230
2007-04-27,93.3281,93.8594,93.2344,93.3594,344710
2007-04-30,94.1719,94.2656,93.3281,93.3594,358473
2007-05-01,94.1406,94.4531,93.7969,94.2031,390626
2007-05-02,94.1406,94.3281,93.9531,94.1406,272321
2007-05-03,93.8594,94.4844,93.6406,94.1719,381318
2007-05-04,94.2656,94.3594,92.8906,93.8594,409577
2007-05-07,94.3594,94.4844,94.0469,94.2344,164141
2007-05-08,94.2656,94.7344,94.2031,94.4531,302586
2007-05-09,93.7656,94.3281,93.6719,94.2344,234795
2007-05-10,93.9844,94.1094,93.6094,93.7969,404815
2007-05-11,93.7344,94.4531,93.6094,94.0156,450686
2007-05-14,93.5469,93.7969,93.4531,93.6719,218238
2007-05-15,93.2969,93.7656,93.0781,93.4531,473552
2007-05-16,93.3594,93.6094,93.2031,93.3281,257618
2007-05-17,92.8594,93.4531,92.7969,93.2969,362096
2007-05-18,92.3594,93.0781,92.2031,92.9219,356708
2007-05-21,92.5156,92.5781,92.1406,92.3594,253934
2007-05-22,92.0156,92.5781,91.9844,92.5469,494664
2007-05-23,91.6719,92.1406,91.4844,92.0469,634359
2007-05-24,91.7031,91.9531,91.2031,91.7656,615803
2007-05-25,91.6719,92.0156,91.4844,91.8594,331383
2007-05-29,91.5156,91.7969,91.4219,91.6406,564349
2007-05-30,91.5781,91.9219,91.4531,91.4531,575002
2007-05-31,91.5781,91.7969,91.1094,91.6406,219496
2007-06-01,90.9531,91.7344,90.8594,91.5469,94805
2007-06-04,91.3594,91.3906,90.9219,90.9531,54913
2007-06-05,90.8594,91.3906,90.6719,91.2969,61733
2007-06-06,90.7969,90.9219,90.6719,90.7344,44265
2007-06-07,89.4531,90.8281,89.1094,90.8281,19358
2007-06-08,89.2969,89.4844,88.1094,89.1406,32773
2007-06-11,89.2969,89.5156,88.9219,89.2969,407927
2007-06-12,88.0781,89.1406,87.4844,89.0469,604555
2007-06-13,88.7656,88.8594,87.2344,87.6094,797896
2007-06-14,88.5781,89.0781,88.1406,88.6719,552278
2007-06-15,88.9844,89.2344,88.2656,88.5469,480563
2007-06-18,89.1719,89.3281,88.6719,89.0469,345180
2007-06-19,89.7656,89.9531,89.0156,89.1719,359836
2007-06-20,89.3281,90.0781,89.0469,89.7344,419202
2007-06-21,88.8594,89.3594,88.5156,89.2656,467001
2007-06-22,89.1094,89.2344,88.3906,88.6406,424345
2007-06-25,89.7656,89.8281,89.1094,89.2031,360650
2007-06-26,89.5156,89.9219,89.3906,89.6719,412516
2007-06-27,89.8594,90.2969,89.5781,89.7344,407005
2007-06-28,89.5156,89.9531,89.4531,89.7344,397050
2007-06-29,90.4844,90.6094,89.5469,89.6094,519269
2007-07-02,90.7656,90.9219,90.2969,90.3906,269728
2007-07-03,90.2344,90.8906,90.1719,90.7969,249706
2007-07-05,89.2969,90.1406,89.1719,90.1406,292643
2007-07-06,88.8281,89.4844,88.7031,89.3281,407424
2007-07-09,89.2031,89.3906,88.7656,88.9531,216271
2007-07-10,90.3906,90.6406,89.2031,89.3281,551179
2007-07-11,89.9219,90.9531,89.7031,90.5469,609158
2007-07-12,89.5781,90.2344,89.2344,89.7656,455261
2007-07-13,89.7031,89.9844,89.2656,89.3906,385280
2007-07-16,90.4531,90.5156,89.7656,89.8281,305507
2007-07-17,90.0156,90.5156,89.7969,90.4219,476694
2007-07-18,90.7031,90.8594,90.0781,90.3906,535564
2007-07-19,90.5156,90.6406,90.0469,90.4219,328090
2007-07-20,91.1406,91.4219,90.4531,90.5781,439321
2007-07-23,91.1094,91.4219,90.8906,91.2344,233061
2007-07-24,91.2031,91.5469,90.9844,91.2031,481773
2007-07-25,91.6094,91.7344,91.1094,91.5156,432847
2007-07-26,92.6406,92.8906,91.4219,91.5781,772284
2007-07-27,92.5156,93.0469,92.2344,92.5781,637800
2007-07-30,92.3594,92.8594,92.2344,92.6719,394778
2007-07-31,92.7969,93.0781,91.9219,92.3594,580491
2007-08-01,92.7969,93.5156,92.5469,93.0781,609016
2007-08-02,92.9531,92.9844,92.4219,92.6094,399518
2007-08-03,93.3594,93.5781,92.6406,92.7656,422744
2007-08-06,92.9219,93.6094,92.7031,93.4844,351940
2007-08-07,92.9219,93.2969,92.4219,92.8906,359162
2007-08-08,91.6719,92.5469,91.3594,92.5469,421748
2007-08-09,91.8594,92.5781,91.3906,91.4531,608950
2007-08-10,92.0469,92.4219,91.7031,92.0469,402106
2007-08-13,92.2031,92.2969,91.5781,91.7656,266193
2007-08-14,92.5469,92.6719,91.7344,92.2344,381231
2007-08-15,92.2969,92.8594,92.0781,92.5469,403954
2007-08-16,93.3281,93.6719,92.2656,92.2969,533386
2007-08-17,92.5781,93.3281,91.9844,92.8906,418188
2007-08-20,92.9844,93.2969,92.2969,92.6094,264184
2007-08-21,93.3594,93.5156,92.9531,92.9844,326114
2007-08-22,93.1094,93.3281,92.6406,93.2969,306743
2007-08-23,93.4219,93.4531,92.4531,92.8594,303442
2007-08-24,93.5781,93.7344,93.1719,93.1719,332719
2007-08-27,94.0781,94.2656,93.3594,93.6094,367558
2007-08-28,94.3594,94.6094,94.0156,94.1719,600369
2007-08-29,94.2031,94.7656,94.0469,94.5781,574990
2007-08-30,94.8281,94.8594,94.0781,94.1406,584545
2007-08-31,94.5156,94.8594,94.2344,94.7656,154913
2007-09-04,94.3906,94.8281,94.1406,94.5469,71659
2007-09-05,95.2344,95.3281,94.1406,94.3594,91276
2007-09-06,95.0156,95.3906,94.8594,95.2031,51412
2007-09-07,96.2656,96.6094,94.8594,94.8594,21578
2007-09-10,96.8906,97.1719,96.1094,96.2344,350134
2007-09-11,96.7031,97.0781,96.5781,96.8594,254763
2007-09-12,96.2656,96.9844,96.1406,96.6094,303690
2007-09-13,95.5781,96.4531,95.3594,96.2656,338573
2007-09-14,95.7656,96.4219,95.3594,95.7344,361289
2007-09-17,95.7969,96.1094,95.3906,95.7031,199595
2007-09-18,95.4844,96.0156,94.7656,95.8906,356365
2007-09-19,94.6719,95.4219,94.2656,95.3594,412920
2007-09-20,93.1719,94.6406,92.8281,94.5781,469076
2007-09-21,93.6719,93.8281,92.8281,92.9219,383192
2007-09-24,93.7969,93.8906,93.2344,93.6406,220441
2007-09-25,93.7344,94.3281,93.5469,93.6719,286320
2007-09-26,93.6406,93.8281,93.1094,93.5781,317022
2007-09-27,94.2656,94.3594,93.2969,93.6406,298876
2007-09-28,94.2656,94.8281,93.7344,94.2656,356567
2007-10-01,94.6406,94.7969,94.1094,94.1406,284549
2007-10-02,94.9219,95.2344,94.3594,94.7969,322944
2007-10-03,94.7656,95.2344,94.4219,94.9844,284817
2007-10-04,95.0156,95.1406,94.3906,94.5469,197935
2007-10-05,93.7031,95.1406,93.3906,95.0781,384397
2007-10-09,93.7031,94.0781,93.4844,93.6094,241834
2007-10-10,93.7031,94.0469,93.3594,93.6719,276041
2007-10-11,93.5469,93.7969,92.9844,93.6406,364020
2007-10-12,93.2969,93.8906,93.0781,93.7969,351801
2007-10-15,93.3594,93.4531,92.9844,93.2344,213134
2007-10-16,93.3281,93.7656,93.1719,93.3594,291513
2007-10-17,94.6094,94.7656,93.3281,93.3906,508609
2007-10-18,95.0781,95.1719,94.3281,94.4219,308816
2007-10-19,96.1406,96.4531,95.1094,95.1094,382522
2007-10-22,96.3281,96.7031,95.8281,96.3594,383977
2007-10-23,96.1094,96.3281,95.7969,96.1094,329172
2007-10-24,96.8594,97.0781,96.0781,96.1094,438171
2007-10-25,96.7031,96.9844,96.3594,96.7344,329472
2007-10-26,96.4219,96.8281,96.1094,96.3906,324913
2007-10-29,96.5781,96.7344,96.0469,96.2969,176800
2007-10-30,96.5156,96.7344,96.1406,96.5781,229894
2007-10-31,95.5156,96.5469,95.4531,96.5156,365083
2007-11-01,96.7656,96.9844,95.1406,95.5156,487116
2007-11-02,97.4219,97.5781,96.2344,96.7656,582733
2007-11-05,97.1094,97.7031,96.7656,97.2344,320371
2007-11-06,96.6719,97.1719,96.4219,96.9844,380047
2007-11-07,96.6406,97.1719,96.3281,96.5156,474973
2007-11-08,96.9844,97.2031,96.5156,96.8281,493728
2007-11-09,97.6094,97.7031,96.6406,96.8281,334292
2007-11-13,97.3281,97.7031,97.1094,97.6719,298745
2007-11-14,97.3281,97.4531,96.7344,97.2344,375862
2007-11-15,98.3281,98.4844,97.1719,97.4531,423981
2007-11-16,98.4844,98.6719,98.0469,98.4531,388281
2007-11-19,99.1406,99.4531,98.1094,98.1719,402713
2007-11-20,99.1719,99.3594,98.7344,99.0781,376946
2007-11-21,99.4219,99.8281,98.8594,98.8906,262471
2007-11-23,99.7969,99.8906,99.2656,99.4531,98277
2007-11-26,101.7031,102.2969,99.4531,99.7031,604450
2007-11-27,100.5469,101.7969,99.8281,101.6406,829639
2007-11-28,99.8594,100.6719,99.6094,100.3594,676683
2007-11-29,100.7031,101.2656,99.3281,99.6406,815733
2007-11-30,100.1094,101.0781,99.5156,100.8281,246760
2007-12-03,100.9219,101.3281,100.1406,100.3281,91014
2007-12-04,100.9219,101.5469,100.5156,101.1094,40881
2007-12-05,100.5781,100.9219,99.8906,100.8906,37510
2007-12-06,99.5469,100.0469,99.2656,99.9844,27025
2007-12-07,98.1094,99.5781,97.9531,99.5156,18677
2007-12-10,97.8281,98.9531,97.4531,98.2344,313429
2007-12-11,99.5469,99.8906,97.7344,97.7656,320961
2007-12-12,98.7344,99.7031,97.5781,99.7031,432811
2007-12-13,97.5781,98.9844,97.1406,98.6094,330906
2007-12-14,96.8906,97.5156,96.6406,97.2031,243244
2007-12-17,97.4219,98.0781,96.7031,96.8281,185974
2007-12-18,98.4531,98.7031,97.5156,97.7344,273260
2007-12-19,98.9844,99.8281,98.2031,98.4844,343812
2007-12-20,99.6406,100.1094,99.1406,99.4844,260192
2007-12-21,98.0781,99.3594,97.8594,99.2969,203537
2007-12-24,97.4531,98.0156,97.3594,97.8594,43602
2007-12-26,96.6094,97.7969,96.4844,97.4219,89737
2007-12-27,97.5156,97.7656,96.5781,96.6719,130408
2007-12-28,98.7656,99.2031,97.3906,97.5781,138271
2007-12-31,99.4531,99.7969,98.8594,98.9219,94354
2008-01-02,100.9844,101.1719,99.0781,99.4844,273406
2008-01-03,100.8281,101.2031,100.2656,100.8281,260314
2008-01-04,101.1719,101.6406,100.4844,100.9531,380422
2008-01-07,101.4844,101.5781,100.6406,100.9844,302076
2008-01-08,101.3594,102.0469,100.7344,101.1094,343668
2008-01-09,101.8906,102.2969,101.4531,101.8906,382655
2008-01-10,100.5156,101.9219,100.3906,101.6094,465364
2008-01-11,101.3281,101.5781,100.2656,100.5156,429786
2008-01-14,101.5781,101.7969,101.1719,101.3594,303015
2008-01-15,102.6094,102.8906,101.6094,101.6719,434983
2008-01-16,102.2656,103.4531,101.9219,102.9219,543489
2008-01-17,103.1719,103.5156,101.8906,101.9531,460039
2008-01-18,102.6719,103.2656,102.4844,103.1719,306887
2008-01-22,103.8594,104.6406,102.6094,103.6406,657746
2008-01-23,104.5156,105.9531,102.3906,104.4219,816667
2008-01-24,102.0469,103.8906,101.2656,102.7656,674417
2008-01-25,102.9531,103.2344,101.2656,101.4219,496975
2008-01-28,103.0469,103.5781,102.7031,103.0469,314614
2008-01-29,102.3906,103.2031,101.8281,102.9531,338298
2008-01-30,101.3906,102.8594,100.9219,102.0781,397271
2008-01-31,102.3906,103.0469,101.8594,102.1719,527214
2008-02-01,102.8594,103.3594,102.0781,102.6719,557556
2008-02-04,102.2656,103.0469,102.0469,103.0469,275212
2008-02-05,102.8594,103.7031,101.8594,102.2344,456746
2008-02-06,102.4531,103.3906,102.2969,103.0469,363491
2008-02-07,100.8906,103.0156,100.1094,102.7344,610782
2008-02-08,101.7969,102.0469,100.5469,100.5469,410376
2008-02-11,102.3594,102.8594,101.7031,101.9531,317015
2008-02-12,101.5781,102.4844,101.0469,102.3594,355677
2008-02-13,101.1406,101.9531,100.6719,101.7969,425169
2008-02-14,99.4844,101.0156,98.9531,100.7656,572568
2008-02-15,100.0781,100.3281,99.2344,99.6094,303625
2008-02-19,99.1406,100.1719,98.7031,100.1094,415219
2008-02-20,98.9844,99.4531,98.1719,98.9219,586574
2008-02-21,100.3281,100.7969,99.1094,99.3594,546771
2008-02-22,100.1406,101.1406,99.9531,100.4219,427955
2008-02-25,98.9219,100.1406,98.5781,100.0156,439791
2008-02-26,99.0781,99.3906,98.5156,99.0156,573952
2008-02-27,99.2969,100.0156,98.6406,99.1406,716762
2008-02-28,100.7969,101.4219,99.2969,99.2969,786540
2008-02-29,102.7656,103.0781,101.2969,101.2969,297418
2008-03-03,102.75,103.1094,102.1406,103.0469,151550
2008-03-04,102.0781,102.9219,101.4531,102.5313,70513
2008-03-05,100.625,102.125,100.4531,101.7031,52109
2008-03-06,101.0313,101.4688,100.5938,100.8281,24472
2008-03-07,101.5,102.75,100.6406,101.5781,14671
2008-03-10,103.0469,103.3594,101.4844,101.5469,465708
2008-03-11,101.5,103.0625,100.9844,102.8438,488003
2008-03-12,103.2969,103.8281,101.4531,101.6094,426775
2008-03-13,102.7031,104.2969,102.1875,103.4219,496242
2008-03-14,104.0469,104.9063,102.6406,102.7344,475386
2008-03-17,104.7656,105.0156,103.5781,103.9219,318059
2008-03-18,103.9219,104.7813,103.4688,104.7031,321297
2008-03-19,104.6719,105.0156,103.2813,103.4844,416425
2008-03-20,105.4688,105.5313,104.3906,104.9063,235648
2008-03-24,103.3125,105.3594,102.5781,105.3594,205420
2008-03-25,103.5781,103.7344,102.6719,102.6875,245646
2008-03-26,103.3281,104.125,103.0469,103.4688,247664
2008-03-27,102.6875,103.6875,102.2344,103.5938,309377
2008-03-28,103.0469,103.5313,102.1563,102.5156,209452
2008-03-31,103.3125,104.1094,103.0469,103.3906,305767
2008-04-01,102.1563,103.5469,101.5625,103.5469,419588
2008-04-02,101.9688,102.6719,101.5625,102.0156,264761
2008-04-03,102.0625,102.6406,101.7188,101.8438,219921
2008-04-04,103.625,103.9688,102.0156,102.0938,333784
2008-04-07,102.8594,103.75,102.0938,103.6875,218656
2008-04-08,102.7813,103.75,102.625,103.0469,208735
2008-04-09,103.9375,104.125,102.3906,102.6719,235463
2008-04-10,103.5469,104.2813,103.0469,103.75,247987
2008-04-11,104.1875,104.5156,103.2656,103.4375,215160
2008-04-14,103.8125,104.6563,103.625,104.25,215496
2008-04-15,102.9375,104.0938,102.4688,103.7344,278261
2008-04-16,101.5156,102.9375,101.2813,102.5156,343723
2008-04-17,101.2031,101.9844,100.9219,101.6406,269993
2008-04-18,100.9531,101.5313,99.9375,101.2344,294581
2008-04-21,101.5938,101.6719,100.6406,101.2813,211895
2008-04-22,101.6719,102.0938,101.0469,101.5156,244169
2008-04-23,101.5,102.125,100.8281,101.9531,235935
2008-04-24,100.625,101.6875,100.1094,101.4219,281087
2008-04-25,100.1094,100.6094,99.7656,100.5625,246625
2008-04-28,100.5469,100.7031,99.6563,99.9688,188869
2008-04-29,100.625,101.3594,100.4375,100.5625,229574
2008-04-30,101.4063,101.7656,100.2031,100.7031,279992
2008-05-01,101.6563,102.4531,101.1563,101.6875,318502
2008-05-02,100.75,102.25,100.2344,101.4063,372480
2008-05-05,100.6406,101.2813,99.7969,100.625,183314
2008-05-06,99.9375,101.1563,99.5938,100.4063,245169
2008-05-07,100.2656,100.5625,99.4063,99.6563,291000
2008-05-08,101.2813,101.6563,100.1875,100.4531,339969
2008-05-09,101.7656,102.1719,101.4219,101.5156,237358
2008-05-12,101.7656,102.375,101.3906,101.7813,215394
2008-05-13,100.3594,102.1563,100.0781,101.5938,333096
2008-05-14,100.0156,100.9844,99.6406,100.0469,362701
2008-05-15,100.9375,101.2969,99.7969,100.2969,289931
2008-05-16,100.9688,101.9375,100.4219,101.2188,403617
2008-05-19,101.125,101.4531,100.4844,100.9844,263138
2008-05-20,101.8125,101.875,100.8906,101.1406,369576
2008-05-21,101.4844,101.9375,101.0938,101.8438,361960
2008-05-22,100.3281,101.8125,99.875,101.6719,500726
2008-05-23,101.375,101.4063,100.125,100.3125,314054
2008-05-27,100.1563,101.375,100.0156,101.1406,498588
2008-05-28,99.2813,100.3906,99.0156,100.1719,642429
2008-05-29,98.4531,99.4063,97.8906,99.3281,719421
2008-05-30,98.9844,99.1406,98.4375,98.4844,198775
2008-06-02,99.5625,99.875,98.6406,98.7031,67896
2008-06-03,100.4063,100.6094,98.9375,99.6094,61553
2008-06-04,99.7656,100.8438,99.2656,100.3438,48473
2008-06-05,98.7656,99.75,98.5,99.6094,43512
2008-06-06,99.625,100.0313,98.5,98.5938,44741
2008-06-09,99.4531,100.125,98.5938,100.0313,33162
2008-06-10,98.6094,99.4844,98.2656,99.2969,355495
2008-06-11,98.7188,99.4844,98.3125,98.5781,341417
2008-06-12,97.5156,98.8906,97.2344,98.7344,321374
2008-06-13,97.1094,97.9219,96.9844,97.5469,322528
2008-06-16,97.3906,97.7969,97.0313,97.1563,229488
2008-06-17,97.4219,98.0,97.0469,97.1563,267782
2008-06-18,98.2344,98.5625,97.3594,97.5781,277326
2008-06-19,97.875,98.7344,97.5781,98.5469,301759
2008-06-20,98.7188,98.7813,97.8125,97.8438,269567
2008-06-23,98.5469,99.1563,98.3594,98.3906,208119
2008-06-24,99.3906,99.6719,98.4531,98.5625,273389
2008-06-25,99.2344,99.6563,98.3906,99.5625,280000
2008-06-26,100.2656,100.3906,98.9688,99.4219,324159
2008-06-27,100.9219,101.3438,100.0938,100.25,321418
2008-06-30,100.8594,101.4844,100.6563,101.0781,330692
2008-07-01,100.7813,101.7656,100.6875,100.9375,360947
2008-07-02,101.3906,101.4375,100.3906,100.8594,300598
2008-07-03,101.1406,101.75,100.6563,101.4375,285716
2008-07-07,101.5625,102.4844,100.75,101.0313,352450
2008-07-08,102.1094,102.2188,101.375,101.7656,317949
2008-07-09,102.4531,102.7031,101.7188,102.0469,276812
2008-07-10,102.5781,102.7969,102.0313,102.6094,356863
2008-07-11,101.1094,102.7813,100.7344,102.5938,462621
2008-07-14,102.0,102.5,100.2813,100.8281,453957
2008-07-15,102.1406,102.8281,102.0156,102.25,399295
2008-07-16,100.7656,102.4688,100.4688,102.3281,420094
2008-07-17,99.9063,100.9688,99.7344,100.7813,351602
2008-07-18,99.5938,100.6094,99.4375,100.2656,294066
2008-07-21,99.8125,100.1875,99.3281,99.5938,230179
2008-07-22,99.4219,100.3281,99.0313,100.0781,320352
2008-07-23,98.875,99.4375,98.6094,99.4063,323382
2008-07-24,100.2656,100.4219,98.9531,99.1563,315710
2008-07-25,99.0781,100.7188,99.0,100.3438,370379
2008-07-28,100.2969,100.6406,99.0156,99.0781,277666
2008-07-29,100.1563,100.5156,99.5,100.5,266717
2008-07-30,100.0938,100.5781,99.2188,100.1719,352276
2008-07-31,100.7656,101.2344,99.8438,100.0781,330797
2008-08-01,101.1719,101.4219,100.4531,101.0938,272162
2008-08-04,100.9688,101.4844,100.75,101.2969,217613
2008-08-05,100.5469,101.3906,100.3281,100.9688,235501
2008-08-06,99.9219,100.7344,99.5156,100.375,323766
2008-08-07,101.5156,101.75,99.8125,99.8125,419252
2008-08-08,101.6406,101.9375,101.2031,101.5781,244527
2008-08-11,100.8281,101.9844,100.2969,101.8594,269090
2008-08-12,101.7656,101.9063,100.7344,100.8281,227004
2008-08-13,101.3438,102.2344,101.1563,101.8594,250329
2008-08-14,102.1719,102.4375,101.2344,101.4375,266839
2008-08-15,102.75,102.9219,101.9063,102.1406,190430
2008-08-18,103.1875,103.3281,102.6406,102.8594,153982
2008-08-19,102.8438,103.4375,102.6719,103.1875,262130
2008-08-20,103.3125,103.5625,102.6719,102.875,276776
2008-08-21,103.0,103.5625,102.5938,103.2656,355574
2008-08-22,102.9531,103.2031,102.4375,103.0469,242457
2008-08-25,103.8125,104.3125,102.8594,102.9219,315884
2008-08-26,103.8906,104.0938,103.5469,103.9531,351483
2008-08-27,104.0625,104.1563,103.1563,103.9844,578983
2008-08-28,104.0469,104.2656,103.4375,104.0938,420675
2008-08-29,103.4531,104.6406,103.1563,104.1094,128411
2008-09-02,104.25,104.4375,102.7188,103.2969,76170
2008-09-03,104.7188,104.8125,104.0781,104.2969,53026
2008-09-04,105.2031,105.4219,104.3594,104.7031,42314
2008-09-05,105.2031,106.375,104.7188,105.5,43550
2008-09-08,105.375,105.6719,103.3281,104.4063,31277
2008-09-09,106.3125,106.5781,104.9688,105.3906,6243
2008-09-10,105.7344,106.5313,105.3906,106.4531,394858
2008-09-11,106.0313,106.6719,105.5469,105.9375,375042
2008-09-12,104.6406,106.3438,104.5781,105.8594,441816
2008-09-15,107.3438,108.8281,105.4688,105.9063,413473
2008-09-16,107.6719,109.9063,106.7813,108.625,545187
2008-09-17,107.9844,109.3438,106.7031,107.8281,463728
2008-09-18,107.8594,108.5469,106.5938,108.0,377639
2008-09-19,104.2031,106.8281,103.6406,106.8125,364281
2008-09-22,103.5,104.4531,102.4531,104.3906,325522
2008-09-23,103.0938,103.9219,102.7656,103.3594,278127
2008-09-24,103.4063,104.125,102.7969,103.1719,236406
2008-09-25,102.8125,103.4219,102.1406,102.9844,265406
2008-09-26,103.4844,103.7813,102.75,102.875,215773
2008-09-29,105.875,107.0469,102.8281,103.1719,348129
2008-09-30,103.2188,106.0781,102.9219,106.0156,314921
2008-10-01,104.25,105.6094,102.9531,103.3125,354466
2008-10-02,105.4375,105.6406,104.0938,104.6094,242100
2008-10-03,105.6875,106.5,103.875,105.5156,305867
2008-10-06,108.0156,108.4063,106.2031,106.3594,333702
2008-10-07,106.7813,107.8438,106.2344,107.5469,312343
2008-10-08,104.3281,107.9375,103.4531,106.4063,473959
2008-10-09,102.5625,105.0938,102.4688,104.5625,293455
2008-10-10,102.6719,103.6875,102.0625,103.2031,237637
2008-10-13,101.0938,102.6563,100.5469,102.6563,36935
2008-10-14,100.8281,101.4688,99.8906,100.875,223174
2008-10-15,100.2969,101.0313,99.2969,99.9531,205708
2008-10-16,100.4375,100.9688,99.375,100.7188,220658
2008-10-17,99.0938,100.6719,98.5781,99.8438,207020
2008-10-20,99.5313,99.9375,98.6406,99.0469,149238
2008-10-21,101.2188,101.6406,99.5781,99.7969,207827
2008-10-22,101.9063,102.5469,100.8281,100.9531,203435
2008-10-23,104.0,104.25,101.7969,102.1563,289254
2008-10-24,103.0,105.9531,102.8594,103.0469,244790
2008-10-27,103.375,104.9063,102.9375,103.1875,198753
2008-10-28,102.4063,104.2813,101.875,103.5469,205045
2008-10-29,101.0781,103.1563,100.9219,102.0313,194532
2008-10-30,100.3594,101.5938,99.6563,101.4688,172318
2008-10-31,99.1719,101.2969,98.9688,99.75,230036
2008-11-03,99.5938,99.625,98.6563,99.1875,120413
2008-11-04,101.4063,101.9844,99.0781,99.4375,154343
2008-11-05,102.6719,103.4375,101.0625,101.8594,212410
2008-11-06,102.8438,103.2656,101.6719,102.7969,183205
2008-11-07,102.4063,103.9219,101.7344,102.8906,169366
2008-11-10,103.6875,103.8125,101.2969,101.8438,125589
2008-11-11,104.4844,104.7188,103.6094,103.625,38688
2008-11-12,104.1406,104.7344,103.5938,104.2813,175954
2008-11-13,103.0625,104.6719,102.4688,104.375,263070
2008-11-14,104.5938,105.1875,102.5469,102.6406,200943
2008-11-17,104.8594,105.6875,104.3281,104.8281,146346
2008-11-18,106.2031,106.5,105.0,105.2344,196612
2008-11-19,108.1406,109.0469,106.3281,106.3438,259052
2008-11-20,111.8281,115.6406,108.6094,108.9063,461506
2008-11-21,112.3438,114.4219,110.7813,113.9375,364495
2008-11-24,111.3281,112.5469,110.3281,111.9063,374840
2008-11-25,112.9531,114.3125,110.625,110.7969,435906
2008-11-26,114.0938,114.8594,113.0938,113.7188,212818
2008-11-28,114.6094,115.0313,113.6094,114.0156,64630
2008-12-01,117.6719,118.4375,114.4531,114.625,96929
2008-12-02,118.25,118.5625,116.4844,117.6719,54649
2008-12-03,119.0156,119.3281,117.4688,118.3594,83447
2008-12-04,120.9844,121.5625,118.7031,118.7031,22660
2008-12-05,120.6563,122.1563,120.0,121.2031,23601
2008-12-08,120.75,121.5156,119.3594,120.0938,14679
2008-12-09,121.6406,122.2188,120.3125,120.5625,7680
2008-12-10,120.9219,121.6719,119.8594,121.6719,181050
2008-12-11,121.5469,122.1563,120.0313,120.9219,199217
2008-12-12,121.9375,122.9688,119.4063,121.7188,212586
2008-12-15,122.3281,122.9531,121.375,122.0313,109842
2008-12-16,124.5,126.2031,122.4375,122.7656,162025
2008-12-17,126.4688,127.5156,125.4219,126.0469,195659
2008-12-18,128.5156,128.9844,126.2656,126.4531,162772
2008-12-19,127.9219,128.8906,127.3125,128.2344,128236
2008-12-22,127.8125,128.6719,127.2188,127.7656,98955
2008-12-23,128.125,128.3594,127.0313,127.5625,95969
2008-12-24,127.5938,128.4844,127.375,127.9375,16219
2008-12-26,128.2969,128.6563,127.5938,127.5938,19612
2008-12-29,128.0156,128.9063,127.4531,128.3125,51913
2008-12-30,128.5469,128.875,126.8281,127.6719,75122
2008-12-31,125.1719,128.875,125.1094,128.875,80065
2009-01-02,122.5938,126.7031,122.125,125.8438,113786
2009-01-05,120.1406,123.0,119.4844,122.3281,220309
2009-01-06,119.8125,120.9219,118.8594,120.2813,218244
2009-01-07,119.8125,120.5156,119.0156,120.4063,155339
2009-01-08,120.1406,120.6406,119.5156,119.8125,153107
2009-01-09,120.2656,121.5625,119.125,119.9844,200454
2009-01-12,121.9531,122.0156,119.3906,120.3281,120905
2009-01-13,121.9531,122.4219,121.0313,121.9063,158805
2009-01-14,124.0,124.5781,121.5781,122.2031,182396
2009-01-15,124.2656,125.0938,123.3906,124.2969,175288
2009-01-16,123.3438,123.9688,121.1719,123.8125,159677
2009-01-20,122.0469,122.1563,119.6719,121.9375,210182
2009-01-21,118.7813,121.3438,118.0938,121.2969,206777
2009-01-22,117.0625,119.1875,116.4375,118.5156,228999
2009-01-23,116.7344,117.5625,115.6563,117.0313,211163
2009-01-26,116.3594,117.125,115.5781,116.75,185652
2009-01-27,118.3281,118.4063,116.0,116.2813,173350
2009-01-28,116.0469,118.7344,115.6094,117.9844,226425
2009-01-29,114.2656,116.5,113.4063,115.8281,229131
2009-01-30,113.8281,115.0938,113.5781,113.6406,258621
2009-02-02,115.8906,116.0781,113.7188,113.7813,156545
2009-02-03,114.0938,116.0625,113.375,116.0,191889
2009-02-04,113.7656,114.5,112.9063,113.5313,198699
2009-02-05,114.0313,114.8906,113.4375,113.5313,168114
2009-02-06,112.9688,114.5,112.6406,113.7656,173471
2009-02-09,112.7969,113.3438,112.1094,112.9375,137447
2009-02-10,115.0313,115.6094,113.0625,113.2031,208119
2009-02-11,115.8594,116.3125,114.9688,115.3438,182060
2009-02-12,116.4063,116.5938,114.5469,115.9219,255830
2009-02-13,113.4063,115.8594,112.9531,115.4063,189704
2009-02-17,116.4688,116.9219,112.8906,113.625,251590
2009-02-18,115.7813,117.5156,115.25,116.5625,246892
2009-02-19,113.3906,115.6719,113.2188,115.3281,275983
2009-02-20,114.75,116.1875,113.4844,113.5,336398
2009-02-23,115.0156,115.2656,113.2813,114.4688,343534
2009-02-24,115.0,116.5,114.8125,115.1719,448821
2009-02-25,113.3125,115.3594,113.0469,114.8125,384832
2009-02-26,112.9063,113.8281,112.1406,113.5625,376071
2009-02-27,111.7344,113.8594,111.4688,112.7656,129247
2009-03-02,113.1406,113.8438,111.9844,112.1094,57129
2009-03-03,112.8906,114.2344,112.3281,113.7031,36066
2009-03-04,112.1875,113.5469,111.7656,113.5313,29514
2009-03-05,115.3906,115.9375,112.1094,112.5938,19558
2009-03-06,115.6875,116.3906,114.5781,115.4063,16336
2009-03-09,114.625,115.7188,113.9063,114.9844,8749
2009-03-10,113.375,115.0313,112.9531,115.0156,11099
2009-03-11,114.1563,114.5781,112.3438,112.875,219103
2009-03-12,114.8281,115.5625,113.9063,114.2031,236090
2009-03-13,114.5781,115.6406,113.7813,115.1563,207814
2009-03-16,113.3125,115.0313,112.625,114.5781,199188
2009-03-17,112.5781,114.3281,112.2188,113.3281,207905
2009-03-18,117.625,120.9063,112.0625,112.125,340525
2009-03-19,117.8125,119.5781,117.1875,117.8438,225057
2009-03-20,117.5938,118.7188,117.1406,117.9219,160055
2009-03-23,116.9531,118.0781,116.5781,117.4375,106950
2009-03-24,117.4688,117.7031,115.1094,116.6875,214753
2009-03-25,116.1094,116.9688,115.3281,116.7188,170693
2009-03-26,116.9219,117.1406,115.2344,115.7813,157284
2009-03-27,116.8906,117.75,116.3125,116.7969,129526
2009-03-30,117.2969,118.3125,116.5781,116.8906,149759
2009-03-31,118.0469,118.2813,116.9688,117.25,124895
2009-04-01,118.9219,119.0,117.7656,118.2188,133897
2009-04-02,117.5,119.2969,117.1406,118.8594,147566
2009-04-03,115.3281,117.5781,115.1406,117.3438,183473
2009-04-06,114.4219,116.0781,114.3906,115.5469,141426
2009-04-07,115.125,115.5938,114.5781,114.75,135909
2009-04-08,115.9375,116.2656,115.0313,115.1563,138054
2009-04-09,114.2656,115.7656,113.9688,115.7656,147420
2009-04-13,115.4375,115.75,113.9063,114.1719,94169
2009-04-14,116.0,116.3281,114.7656,115.4375,126247
2009-04-15,116.2656,116.5938,115.0938,116.0625,160901
2009-04-16,115.3281,116.1563,115.0938,116.1406,136157
2009-04-17,113.6875,115.6719,113.3438,115.2344,156106
2009-04-20,115.0,115.0781,113.4844,113.5938,135068
2009-04-21,114.0,115.9375,113.8125,114.8906,169854
2009-04-22,112.9844,114.4063,112.9063,114.0313,200549
2009-04-23,113.5625,113.6563,112.7344,113.1875,158742
2009-04-24,112.5781,113.7031,112.3594,113.6094,136991
2009-04-27,113.375,113.4844,112.3438,112.7188,145101
2009-04-28,112.1563,114.0625,111.7969,113.375,174863
2009-04-29,111.0938,112.75,110.125,112.0,198010
2009-04-30,110.9063,111.3438,110.3125,111.0781,199809
2009-05-01,110.5,111.1094,110.0,110.875,146280
2009-05-04,110.8594,111.0469,110.0938,110.5938,113597
2009-05-05,110.8906,111.1406,110.1875,110.7188,138217
2009-05-06,110.7031,111.4531,110.3281,110.75,179696
2009-05-07,108.7813,110.625,108.3438,110.4844,279004
2009-05-08,108.6719,109.3125,107.8281,108.3438,193598
2009-05-11,110.0938,110.2969,108.7344,108.7813,175236
2009-05-12,110.3594,110.7031,109.3594,110.125,175307
2009-05-13,111.2813,111.4219,109.9688,110.25,168543
2009-05-14,111.4531,111.75,110.7969,111.0781,165703
2009-05-15,111.2656,112.0625,110.7969,111.7188,181259
2009-05-18,110.125,111.9375,109.6875,111.2344,215463
2009-05-19,110.0313,110.1719,109.4219,109.8125,225791
2009-05-20,110.7969,111.1094,109.625,109.8594,286523
2009-05-21,108.6719,111.6563,108.3281,110.8438,369594
2009-05-22,107.6563,109.25,107.5781,108.5938,241434
2009-05-26,107.0,108.2188,106.3438,107.8125,337710
2009-05-27,105.0313,106.9063,104.0781,106.4219,642757
2009-05-28,105.4375,106.0938,104.1875,104.4844,510017
2009-05-29,107.4375,107.6094,105.5781,105.8594,127746
2009-06-01,104.3281,107.125,104.2813,107.0625,47319
2009-06-02,105.1094,105.3594,104.2188,104.7813,41507
2009-06-03,106.0156,106.2344,104.9375,105.2188,28494
2009-06-04,104.2344,105.9688,103.8438,105.9063,21561
2009-06-05,103.0156,104.4531,102.7969,104.4219,11601
2009-06-08,103.2188,104.1406,102.8125,103.1875,10411
2009-06-09,103.4219,103.875,102.9375,103.3438,3950
2009-06-10,102.25,103.2188,101.5625,103.1563,268578
2009-06-11,103.125,103.6875,101.2344,102.1719,299012
2009-06-12,103.875,104.375,103.0938,103.1563,188591
2009-06-15,104.7188,104.8438,103.7344,103.75,152448
2009-06-16,105.25,105.8125,104.1563,104.5469,259515
2009-06-17,105.875,106.6875,105.2188,105.6563,223080
2009-06-18,103.7344,105.5,103.5313,105.4531,262214
2009-06-19,104.4219,104.6563,103.25,103.8125,166922
2009-06-22,105.9219,105.9688,104.2969,104.5313,170549
2009-06-23,106.7656,107.0156,105.375,105.875,202964
2009-06-24,106.125,107.5,105.875,106.9531,242550
2009-06-25,107.5781,107.8594,105.7656,106.1875,238772
2009-06-26,108.0938,108.25,107.1719,107.6563,159092
2009-06-29,108.125,108.7031,107.5938,107.875,149884
2009-06-30,107.9219,108.4063,107.0313,108.2813,282646
2009-07-01,107.7969,107.9688,106.9219,107.8125,215163
2009-07-02,108.5,108.8594,107.5313,107.9063,179096
2009-07-06,108.3906,108.8125,107.8281,108.625,142817
2009-07-07,108.9844,109.2031,107.75,108.25,194226
2009-07-08,110.8125,110.9219,108.9688,109.0,285713
2009-07-09,108.9063,110.4688,108.7344,110.4688,306487
2009-07-10,110.2813,110.6094,108.9844,109.0313,233939
2009-07-13,109.6094,110.8594,109.375,110.3125,156205
2009-07-14,108.2188,109.7969,107.8125,109.5,242341
2009-07-15,106.3906,108.2813,105.9063,107.875,318243
2009-07-16,106.7813,107.375,106.2031,106.2813,212987
2009-07-17,105.8281,107.1719,105.6719,106.625,188262
2009-07-20,106.75,106.9063,104.9844,105.6875,196075
2009-07-21,107.8906,108.0625,105.5625,106.3438,270851
2009-07-22,106.8438,108.0469,106.75,107.6875,189606
2009-07-23,105.1875,107.4219,105.125,107.0156,286794
2009-07-24,105.6563,105.9531,105.2188,105.4219,161266
2009-07-27,105.0781,105.875,104.5,105.7656,187377
2009-07-28,105.5156,106.2969,104.7656,104.9531,228506
2009-07-29,106.0313,106.5469,105.0625,105.5156,282533
2009-07-30,106.6094,107.0,105.3594,105.8594,241596
2009-07-31,108.5625,108.8281,106.6563,106.8281,270179
2009-08-03,107.1563,108.6719,106.8125,108.6563,238143
2009-08-04,106.6094,107.9375,106.0469,107.4063,272091
2009-08-05,105.6563,107.3125,105.5625,106.5781,271583
2009-08-06,106.0313,106.4219,105.1094,105.7031,215293
2009-08-07,104.875,106.125,104.3594,105.9063,244627
2009-08-10,105.9688,106.125,104.4375,104.75,177342
2009-08-11,107.0469,107.25,105.6719,105.8281,286760
2009-08-12,106.4219,107.5469,105.4531,107.1406,250813
2009-08-13,107.75,107.9063,105.5156,106.2031,348036
2009-08-14,108.3438,109.0156,107.4063,107.5781,227277
2009-08-17,109.2344,109.5625,108.1563,108.2344,192288
2009-08-18,108.8438,109.625,108.75,109.4375,233108
2009-08-19,109.4219,110.3281,108.875,108.9531,320720
2009-08-20,109.8594,110.0469,108.9531,109.5,211404
2009-08-21,108.375,110.5156,108.125,109.8438,282713
2009-08-24,109.3281,109.6406,107.7656,108.2031,333152
2009-08-25,110.0156,110.1875,108.9844,109.5313,367194
2009-08-26,110.375,110.5469,109.7813,110.0781,436622
2009-08-27,109.8594,110.7813,109.5625,110.3906,470948
2009-08-28,109.875,110.125,108.9063,109.9531,312969
2009-08-31,110.5,110.625,109.4688,110.0313,117658
2009-09-01,110.7813,111.1563,109.4688,110.375,62210
2009-09-02,111.9063,112.0938,110.5938,110.7813,30088
2009-09-03,111.4688,111.875,111.125,111.7813,14403
2009-09-04,109.9063,111.4688,109.8438,111.25,25990
2009-09-08,109.4688,110.2813,109.3438,109.875,16790
2009-09-09,109.3125,109.5938,108.5625,109.4063,24699
2009-09-10,111.2188,111.3125,108.9063,109.2813,244047
2009-09-11,111.3438,112.25,110.8125,110.9375,202019
2009-09-14,110.6875,111.3438,110.4375,111.3125,131168
2009-09-15,110.0313,111.5625,109.6875,111.3125,192910
2009-09-16,109.75,110.875,109.25,110.0,245512
2009-09-17,110.9375,111.1563,109.4375,109.7813,210605
2009-09-18,110.125,111.25,109.9375,110.9375,141360
2009-09-21,109.875,110.8125,109.625,110.2188,173420
2009-09-22,110.0,110.25,109.4375,110.0,221969
2009-09-23,110.5313,110.625,109.0625,110.1563,251286
2009-09-24,110.8125,111.1563,110.25,110.4688,190798
2009-09-25,111.7188,111.9375,110.7188,110.8438,202512
2009-09-28,112.2813,112.5625,111.625,111.75,147545
2009-09-29,112.4688,112.6875,111.7188,112.4688,177218
2009-09-30,112.2188,112.6875,111.9688,112.5,228529
2009-10-01,113.5,113.875,111.9688,112.3125,273750
2009-10-02,113.125,114.625,113.0,113.625,285973
2009-10-05,113.1563,113.8438,113.0625,113.25,165840
2009-10-06,112.875,113.4063,112.5313,113.2813,208249
2009-10-07,113.7188,113.7813,112.6563,112.6563,212701
2009-10-08,112.5625,114.0625,112.4375,113.625,337810
2009-10-09,110.8125,112.9063,110.4688,112.5938,347808
2009-10-12,110.9688,111.375,110.5625,110.6563,39708
2009-10-13,111.75,111.9688,110.9375,111.0313,188385
2009-10-14,110.25,111.3438,109.9688,111.1563,281305
2009-10-15,109.625,110.5313,109.4688,110.2813,263044
2009-10-16,110.4063,110.5938,109.4688,109.6563,190668
2009-10-19,110.75,111.0313,109.9063,110.2813,157924
2009-10-20,111.5,111.9063,110.5625,110.7188,214080
2009-10-21,110.625,111.6875,110.3438,111.4063,243775
2009-10-22,110.4688,111.1563,110.0938,110.9063,218230
2009-10-23,109.875,110.5313,109.6563,110.5313,215461
2009-10-26,108.9063,109.9063,108.625,109.6875,239871
2009-10-27,109.9688,110.1875,108.6875,108.75,237731
2009-10-28,110.6563,110.9063,109.8438,110.0313,235898
2009-10-29,109.5313,110.7813,109.1563,110.5313,267874
2009-10-30,111.0,111.0938,109.4063,109.5625,292903
2009-11-02,110.6563,111.2813,110.375,111.0938,218274
2009-11-03,109.9063,111.3125,109.6875,110.6563,253074
2009-11-04,108.9375,110.0625,108.75,109.9375,267971
2009-11-05,109.0625,109.5938,108.8125,109.125,242407
2009-11-06,109.2813,109.8438,108.5313,109.125,370000
2009-11-09,109.3438,109.7188,108.875,109.2188,194803
2009-11-10,109.25,110.1875,108.9688,109.3125,268776
2009-11-11,110.2188,110.2813,109.0,109.2813,95360
2009-11-12,109.75,110.25,108.1563,109.8438,399267
2009-11-13,110.2813,110.375,109.5625,109.75,216598
2009-11-16,111.6875,111.75,110.1563,110.25,313893
2009-11-17,111.9063,112.0625,111.0,111.5313,257401
2009-11-18,111.3438,112.125,111.1563,111.875,257663
2009-11-19,111.6563,112.1875,111.2813,111.375,301307
2009-11-20,111.7188,112.0625,111.25,111.75,271487
2009-11-23,111.75,111.875,110.875,111.5938,426426
2009-11-24,112.375,112.5625,111.7188,111.8125,493175
2009-11-25,113.0313,113.3438,112.0938,112.5,439699
2009-11-27,114.0313,114.4063,113.0938,113.0938,201343
2009-11-30,114.1875,114.25,113.5938,113.75,88702
2009-12-01,113.1875,114.1563,113.0313,114.125,71782
2009-12-02,112.7813,113.625,112.7813,113.1563,30142
2009-12-03,111.8125,112.9375,111.4688,112.9063,29598
2009-12-04,110.5313,111.9688,110.1875,111.75,28189
2009-12-07,110.8125,111.25,110.3125,110.5313,11098
2009-12-08,111.3438,111.875,110.8438,110.9063,14441
2009-12-09,111.0625,111.5313,110.4375,111.2813,25922
2009-12-10,110.2813,111.25,109.75,110.9375,250193
2009-12-11,109.7188,110.2188,109.0313,110.0938,278380
2009-12-14,109.9063,110.0938,109.4063,109.5313,148633
2009-12-15,109.4375,110.0,109.0625,109.7813,204367
2009-12-16,109.375,110.0625,109.2188,109.625,179304
2009-12-17,110.8125,110.9688,109.4063,109.4688,208945
2009-12-18,110.125,111.125,109.9688,110.8438,174878
2009-12-21,108.75,110.3125,108.5313,110.1875,186770
2009-12-22,107.9688,108.875,107.8125,108.75,182778
2009-12-23,107.8125,108.5313,107.6563,107.875,106431
2009-12-24,107.0938,107.9688,106.9688,107.7813,40558
2009-12-28,106.875,107.25,106.6875,107.1875,81929
2009-12-29,107.2813,107.4063,106.6875,106.9688,97528
2009-12-30,107.75,107.7813,107.1875,107.3438,99083
2009-12-31,107.25,107.6875,106.375,107.6875,95319
2010-01-04,106.9688,107.5313,106.5625,106.875,171137
2010-01-05,107.9063,108.0313,107.0,107.125,204871
2010-01-06,107.1875,107.75,106.7813,107.7188,262691
2010-01-07,107.1563,107.5938,106.6875,106.9375,244454
2010-01-08,107.3438,107.6563,106.625,107.0625,287775
2010-01-11,107.0625,107.4688,106.75,107.0,187928
2010-01-12,108.6875,108.8125,107.125,107.125,285992
2010-01-13,107.8125,108.9375,107.625,108.75,234650
2010-01-14,108.6563,108.9688,107.625,107.7188,256463
2010-01-15,109.25,109.625,108.5625,108.5938,225112
2010-01-19,109.0313,109.7188,108.625,109.2813,207008
2010-01-20,109.8438,110.0,109.125,109.1563,218212
2010-01-21,110.5,110.7188,109.5938,109.8438,284956
2010-01-22,110.7188,110.9688,110.2813,110.6563,283179
2010-01-25,110.1875,110.5938,109.9375,110.4688,178319
2010-01-26,110.1563,111.0625,110.0625,110.25,210760
2010-01-27,110.2188,111.0,110.0625,110.1875,273479
2010-01-28,110.0313,110.3438,109.5,110.125,275420
2010-01-29,110.6875,111.0938,109.5938,110.25,317191
2010-02-01,110.0313,111.0,109.875,111.0,223137
2010-02-02,110.2813,110.3125,109.7813,110.0625,155623
2010-02-03,109.25,110.2188,109.125,110.1875,264438
2010-02-04,110.6563,110.9375,109.125,109.2188,405062
2010-02-05,111.375,111.4375,110.2188,110.5625,386538
2010-02-08,110.8125,111.2188,110.6563,111.0938,171818
2010-02-09,110.1875,111.2188,110.0313,111.1563,323903
2010-02-10,109.4375,110.5313,109.2188,110.0938,299829
2010-02-11,109.125,109.7188,108.5938,109.4375,324563
2010-02-12,109.4375,109.75,109.125,109.2188,249610
2010-02-16,109.6875,109.9063,108.875,109.3438,226768
2010-02-17,108.6875,109.75,108.4063,109.7188,275046
2010-02-18,108.0625,109.125,107.7813,108.7813,356604
2010-02-19,108.6563,108.75,108.0625,108.1563,303327
2010-02-22,108.25,108.6875,108.0938,108.6563,269938
2010-02-23,109.75,109.875,108.1875,108.2813,626225
2010-02-24,109.5938,110.1563,109.4063,109.7188,633558
2010-02-25,110.2813,110.4688,109.5313,109.625,398514
2010-02-26,111.0625,111.1563,110.1563,110.3438,124406
2010-03-01,110.8438,111.0625,110.5,110.7188,24414
2010-03-02,110.7188,110.8438,110.25,110.8438,54543
2010-03-03,110.6563,110.8125,110.1563,110.75,17672
2010-03-04,111.1875,111.4375,110.4688,110.5938,22267
2010-03-05,110.0625,111.25,109.875,111.1875,15981
2010-03-08,109.7813,110.0625,109.625,110.0625,2892
2010-03-09,109.8438,110.2188,109.5938,109.8438,16918
2010-03-10,109.7188,109.9063,109.2813,109.8125,6843
2010-03-11,110.1563,110.3438,109.4375,109.8438,279852
2010-03-12,110.5,110.7813,109.4063,110.0313,328951
2010-03-15,110.4688,110.6875,110.0625,110.625,194511
2010-03-16,111.2188,111.3125,110.375,110.5938,244008
2010-03-17,111.4688,111.7188,111.0625,111.25,217194
2010-03-18,111.2813,111.9375,111.125,111.5938,234578
2010-03-19,111.4688,111.8438,110.9063,111.2188,232417
2010-03-22,111.5313,111.7188,111.3125,111.5,158945
2010-03-23,111.2813,111.7188,111.125,111.5,201031
2010-03-24,109.4063,111.25,109.1563,111.1875,421794
2010-03-25,108.5938,109.5625,108.375,109.3125,395096
2010-03-26,109.0,109.2188,108.5625,108.8438,212703
2010-03-29,109.0625,109.0938,108.5938,108.875,174818
2010-03-30,109.2188,109.3125,108.5625,109.0,215124
2010-03-31,109.6875,109.8125,109.125,109.2813,317553
2010-04-01,109.4688,109.7813,108.875,109.625,249670
2010-04-02,108.4375,109.9375,108.4063,109.3438,84064
2010-04-05,107.9375,108.6875,107.75,108.4688,220886
2010-04-06,107.9688,108.5313,107.9063,107.9688,249703
2010-04-07,109.25,109.4063,107.9063,108.125,347548
2010-04-08,108.9688,109.5,108.875,109.2188,280889
2010-04-09,109.2188,109.4063,108.6563,109.0313,234870
2010-04-12,109.8125,110.0,108.8125,109.0938,237637
2010-04-13,110.1875,110.25,109.625,109.7813,272428
2010-04-14,109.5,110.25,109.3438,110.0,281557
2010-04-15,109.5938,109.9375,109.0313,109.4063,279252
2010-04-16,110.4375,110.5625,109.6875,109.7188,364242
2010-04-19,110.0625,110.75,110.0313,110.5313,199701
2010-04-20,110.3125,110.375,109.875,110.125,217416
2010-04-21,111.1563,111.1875,110.1875,110.3125,293201
2010-04-22,110.8438,111.4688,110.7188,111.1875,308686
2010-04-23,110.4375,111.0313,110.25,110.8438,284373
2010-04-26,110.4375,111.0313,110.25,110.5313,213040
2010-04-27,112.0,112.3125,110.4688,110.5313,420029
2010-04-28,111.0938,112.0625,111.0,111.8438,369729
2010-04-29,111.7813,111.8125,111.0313,111.1875,265175
2010-04-30,112.625,112.6875,111.5313,111.75,349988
2010-05-03,112.2813,112.5313,112.0313,112.5,201611
2010-05-04,113.5625,113.9063,112.375,112.5,388552
2010-05-05,114.0938,115.0,113.5625,113.75,497258
2010-05-06,116.9063,118.0625,113.6563,114.125,682398
2010-05-07,115.5625,117.6875,114.9375,116.4375,613890
2010-05-10,114.4063,115.0938,113.7188,115.0,308791
2010-05-11,114.3438,115.3125,113.8438,114.375,317297
2010-05-12,113.875,114.7813,113.6563,114.4063,303060
2010-05-13,114.0938,114.6875,113.375,113.8125,425440
2010-05-14,115.5938,116.125,114.3125,114.4688,412976
2010-05-17,115.0,116.375,114.7813,115.3438,382473
2010-05-18,116.25,116.625,114.7813,114.9063,382981
2010-05-19,116.3438,117.0938,115.9688,116.5625,435583
2010-05-20,117.5938,118.3438,116.125,116.125,584386
2010-05-21,118.4375,119.5938,117.6875,118.2188,553482
2010-05-24,117.9375,118.9688,117.8125,117.8438,421751
2010-05-25,118.8125,120.0313,118.25,118.3438,691927
2010-05-26,118.0313,118.8438,117.4375,118.5625,695809
2010-05-27,116.5,118.375,116.2188,118.3438,543239
2010-05-28,116.7813,117.0313,116.2813,116.3125,104887
2010-06-01,116.9063,117.8438,116.4688,116.8125,49679
2010-06-02,116.4688,117.625,116.3438,117.2813,29441
2010-06-03,116.0625,116.6875,115.4375,116.4688,25540
2010-06-04,118.4688,118.5,116.125,116.1875,13586
2010-06-07,118.375,119.0313,117.7813,118.5625,11962
2010-06-08,118.6563,119.0,118.25,118.875,11548
2010-06-09,118.4375,118.5625,117.7188,118.4063,12615
2010-06-10,116.6563,118.625,116.625,118.5625,309828
2010-06-11,118.3125,118.3125,116.6875,116.7188,252066
2010-06-14,117.375,118.0313,116.7813,117.9375,200451
2010-06-15,116.8125,118.1563,116.5625,117.5938,229683
2010-06-16,117.2188,117.9375,116.8125,116.9375,238464
2010-06-17,118.5,118.6563,117.0313,117.5313,276112
2010-06-18,118.0313,118.8125,117.9375,118.4688,149909
2010-06-21,117.7188,118.0625,116.75,117.6563,266814
2010-06-22,118.8438,118.9375,117.375,117.75,217014
2010-06-23,119.4375,119.8438,118.4688,118.75,259902
2010-06-24,119.125,120.0625,118.8438,119.4063,274180
2010-06-25,119.4375,119.8125,118.6875,118.9063,239342
2010-06-28,120.375,120.5938,119.5,119.625,203679
2010-06-29,121.2188,121.5,120.3125,120.4688,337433
2010-06-30,121.5938,121.8438,121.0,121.4688,300267
2010-07-01,122.0938,122.6875,121.5313,121.7813,345665
2010-07-02,121.25,122.375,121.1563,121.75,264993
2010-07-06,122.0938,122.2813,121.1563,121.2813,234048
2010-07-07,121.4063,122.2813,121.2188,122.0938,230509
2010-07-08,120.875,121.5625,120.4375,121.3125,245140
2010-07-09,120.375,120.9063,120.25,120.6875,170079
2010-07-12,120.4375,121.0938,120.1875,120.3125,210946
2010-07-13,119.5625,120.7813,119.3438,120.2813,238785
2010-07-14,120.6875,120.8125,119.3125,119.4375,358147
2010-07-15,121.75,121.9063,120.25,120.7188,359704
2010-07-16,122.1875,122.5625,121.3438,121.4688,304382
2010-07-19,121.6875,122.5,121.5,122.4063,222204
2010-07-20,122.0625,122.5,121.5938,121.8125,265626
2010-07-21,122.9375,123.5313,121.6563,121.7813,341799
2010-07-22,122.1875,123.3125,122.0938,123.0625,235296
2010-07-23,121.25,122.3125,121.25,122.1563,270445
2010-07-26,121.3125,121.5938,120.5938,121.3125,190523
2010-07-27,120.4375,121.4063,120.3125,121.3125,242334
2010-07-28,120.9375,121.0625,120.125,120.4688,290002
2010-07-29,120.9688,121.2188,120.3125,120.9688,311176
2010-07-30,122.8125,122.8438,121.0313,121.0625,372291
2010-08-02,121.7188,122.6875,121.6563,122.6563,199568
2010-08-03,122.5,122.75,121.7188,121.7188,241834
2010-08-04,122.0,122.9375,121.8438,122.4688,222479
2010-08-05,122.4688,122.9375,121.8438,121.9375,254442
2010-08-06,123.625,123.9375,122.4375,122.6563,319301
2010-08-09,123.4375,123.8125,123.1875,123.625,189224
2010-08-10,123.875,124.8125,123.2188,123.2813,320996
2010-08-11,125.4688,125.5313,124.0,124.0,338749
2010-08-12,125.3125,125.7813,125.0,125.5,338643
2010-08-13,126.0938,126.2813,125.0625,125.1875,247207
2010-08-16,127.9688,128.125,126.0625,126.1563,333696
2010-08-17,127.0,128.0313,126.875,128.0313,282175
2010-08-18,127.4375,128.3125,127.0,127.125,285637
2010-08-19,128.4375,129.0625,127.0625,127.4688,399723
2010-08-20,128.0938,129.3125,128.0,128.4688,271331
2010-08-23,128.2188,128.4375,127.7813,128.0625,268304
2010-08-24,129.8438,130.125,128.2188,128.2813,489904
2010-08-25,129.2813,131.0625,129.0625,129.9063,660930
2010-08-26,130.0938,130.375,129.2188,129.3438,517127
2010-08-27,127.7813,130.5313,127.625,130.3438,589149
2010-08-30,129.5625,129.875,127.4688,127.7188,421957
2010-08-31,130.5313,130.7188,129.75,129.8438,142749
2010-09-01,128.6875,130.5938,127.8438,130.5938,83261
2010-09-02,128.0313,129.1875,127.8438,128.9688,26946
2010-09-03,126.9688,128.375,125.875,128.125,23773
2010-09-07,128.4375,128.5625,126.7188,126.8125,16866
2010-09-08,127.7188,128.875,127.375,128.5,10939
2010-09-09,126.0625,128.0938,126.0313,127.8438,7424
2010-09-10,125.625,126.5313,125.3438,126.1875,272592
2010-09-13,126.1875,126.4375,124.6563,125.5625,242548
2010-09-14,127.0625,127.125,125.8125,126.0313,290895
2010-09-15,126.1563,127.125,125.9688,126.9375,324151
2010-09-16,125.375,126.625,124.9063,126.1563,368923
2010-09-17,125.5938,126.4063,124.8438,125.2813,325324
2010-09-20,126.125,126.2188,125.4688,125.6563,222902
2010-09-21,127.5625,127.875,126.0,126.0313,361784
2010-09-22,128.2188,128.7813,127.625,127.6875,326426
2010-09-23,128.25,129.1875,127.8125,128.0625,313888
2010-09-24,127.25,128.625,127.1563,128.2188,299364
2010-09-27,128.8438,128.9375,127.1563,127.1875,270539
2010-09-28,129.7188,129.8438,128.3125,128.5938,299712
2010-09-29,129.1563,129.875,129.0313,129.5,247396
2010-09-30,129.2188,129.7813,127.7813,129.2188,398749
2010-10-01,128.875,129.5625,128.0938,129.25,320778
2010-10-04,129.4063,129.8125,128.9688,129.0313,221622
2010-10-05,129.1875,130.0625,128.75,129.4063,362196
2010-10-06,130.3125,130.875,129.0,129.0938,382436
2010-10-07,129.9375,130.5,129.75,130.2813,284022
2010-10-08,129.8125,130.75,129.4063,130.0313,330186
2010-10-11,129.8125,130.0938,129.625,129.875,29644
2010-10-12,129.2188,130.4375,128.8438,129.6875,277450
2010-10-13,128.9375,129.0938,128.0,128.875,365304
2010-10-14,127.9375,129.3438,127.6875,128.9063,448681
2010-10-15,126.5313,128.3438,126.2813,127.75,531009
2010-10-18,127.6563,127.75,126.6563,126.6875,249035
2010-10-19,127.9375,128.1875,126.6875,127.2813,342448
2010-10-20,128.1563,128.4375,127.3438,127.875,314437
2010-10-21,127.3125,128.3438,127.0313,128.0313,336160
2010-10-22,127.1875,127.5313,126.6875,127.1563,266155
2010-10-25,127.625,128.3125,127.25,127.25,284103
2010-10-26,126.2188,127.7188,126.0,127.4688,404207
2010-10-27,125.375,126.2188,125.0938,126.0938,371590
2010-10-28,125.7188,126.0313,125.0625,125.1875,313169
2010-10-29,126.4375,126.5938,125.5,125.7188,341692
2010-11-01,126.125,127.375,125.9375,126.4688,313794
2010-11-02,127.1875,127.2813,126.0938,126.2188,280810
2010-11-03,125.7813,128.5,125.4063,127.1563,496333
2010-11-04,127.1875,127.6875,125.75,126.3125,475736
2010-11-05,126.1875,127.125,125.4375,126.9688,394471
2010-11-08,125.9063,126.7188,125.7813,126.1563,267805
2010-11-09,124.3125,126.5,124.1875,126.0,507813
2010-11-10,124.5625,124.6563,122.9375,124.3125,600037
2010-11-11,124.2188,124.7188,124.0,124.5313,76297
2010-11-12,123.4375,125.3438,123.0938,124.5,430823
2010-11-15,121.7188,123.375,120.9688,123.3125,461001
2010-11-16,123.2188,123.25,121.0,121.0313,507703
2010-11-17,122.5625,123.4063,122.125,123.0625,383005
2010-11-18,122.0313,122.5625,121.2188,122.375,334085
2010-11-19,122.7188,122.9375,122.0313,122.0625,241376
2010-11-22,123.5313,123.9063,122.4063,122.6563,327278
2010-11-23,124.0625,124.5938,123.3125,123.4688,447915
2010-11-24,122.0,124.125,121.8125,123.875,608849
2010-11-26,123.0313,123.2188,121.8438,122.1563,209633
2010-11-29,123.6563,123.8125,122.5625,122.875,406024
2010-11-30,124.2188,124.9375,123.6875,123.6875,170688
2010-12-01,121.8125,124.0938,121.5625,124.0625,75529
2010-12-02,121.5313,122.2813,121.2813,121.9063,51810
2010-12-03,121.125,122.625,120.9688,121.7188,34585
2010-12-06,122.2188,122.375,121.4063,121.4375,13570
2010-12-07,119.5,122.2813,119.25,122.2813,18203
2010-12-08,118.7813,119.9688,117.8438,119.9375,18560
2010-12-09,119.0938,119.5938,118.3125,118.875,13644
2010-12-10,118.625,119.625,118.1875,119.2813,223344
2010-12-13,119.0,119.3125,117.625,118.375,224265
2010-12-14,116.625,119.1563,116.375,119.0,345350
2010-12-15,116.0938,117.4063,115.6875,116.5625,316512
2010-12-16,116.5625,117.0625,115.7188,116.0938,284514
2010-12-17,118.4063,118.6563,116.9063,117.0313,272268
2010-12-20,117.7813,119.0938,117.4375,118.25,211121
2010-12-21,118.2188,118.4688,117.4688,118.0313,185623
2010-12-22,117.8125,118.625,117.5938,118.375,164431
2010-12-23,117.4688,117.9688,117.2813,117.7188,86189
2010-12-27,118.2813,118.5,116.7188,117.4688,77064
2010-12-28,116.375,118.6563,116.2188,118.375,150806
2010-12-29,118.3438,118.5313,116.375,116.5938,126113
2010-12-30,118.0313,118.3125,117.4375,118.0938,97305
2010-12-31,119.1563,119.25,118.0625,118.0938,81721
2011-01-03,118.5313,119.0938,117.5,119.0938,228261
2011-01-04,118.3438,119.0625,118.125,118.5625,222049
2011-01-05,116.5,119.1875,116.2813,118.5625,366474
2011-01-06,117.125,117.5,116.5,116.6875,236444
2011-01-07,118.0,118.4375,116.6563,117.3438,352986
2011-01-10,118.2188,118.6875,117.7188,118.1875,220882
2011-01-11,118.0,118.5938,117.3125,118.4688,279861
2011-01-12,117.8125,118.1563,117.0625,118.0,294268
2011-01-13,118.5,118.7813,117.2813,117.5938,437552
2011-01-14,117.9375,119.0938,117.9063,118.4063,277677
2011-01-18,117.4688,118.7813,116.75,118.0,384445
2011-01-19,118.0313,118.125,117.1875,117.4375,262211
2011-01-20,116.5,118.4688,116.3125,117.9688,385807
2011-01-21,117.125,117.3438,116.375,116.625,328042
2011-01-24,117.3438,117.75,116.8125,117.2188,214164
2011-01-25,118.75,118.8438,117.0938,117.375,383717
2011-01-26,117.0938,118.5313,116.9688,118.5,337693
2011-01-27,117.75,117.8125,116.625,117.3125,338471
2011-01-28,118.4688,118.6875,116.6875,117.5938,399028
2011-01-31,117.6563,118.75,117.3125,118.5313,316488
2011-02-01,116.9688,117.8125,116.5625,117.7813,285387
2011-02-02,116.5625,117.7188,116.2813,116.9688,341702
2011-02-03,116.125,116.9375,115.9063,116.7813,331552
2011-02-04,114.9063,116.5938,114.75,116.0625,422353
2011-02-07,115.125,115.2188,114.4688,114.9688,243833
2011-02-08,114.3438,115.3438,114.125,115.1875,290407
2011-02-09,115.3438,115.5938,113.8438,114.25,420593
2011-02-10,114.5313,115.4375,114.3438,115.0313,408949
2011-02-11,115.4375,115.9063,114.6875,114.75,352596
2011-02-14,115.9688,116.1875,115.1875,115.5,272014
2011-02-15,116.0,116.2188,115.5,115.8125,281321
2011-02-16,115.9688,116.6563,115.5938,116.0625,419958
2011-02-17,116.4688,116.8125,115.8438,115.9375,371269
2011-02-18,116.25,116.5,115.7188,116.3438,325081
2011-02-22,117.875,118.0625,116.1563,116.1875,569296
2011-02-23,117.8438,118.5313,117.5313,117.7813,599300
2011-02-24,118.5625,118.9063,117.8438,117.9063,697162
2011-02-25,118.75,118.9688,118.0938,118.4375,384345
2011-02-28,118.9688,119.1563,118.6875,118.9688,119317
2011-03-01,119.0313,119.2813,118.0625,118.7188,56370
2011-03-02,118.0938,119.4063,117.9063,119.1875,45160
2011-03-03,117.0,118.1875,116.9688,117.9688,35573
2011-03-04,117.8438,118.0625,116.8125,117.25,22583
2011-03-07,117.8125,118.125,117.0625,117.7813,8457
2011-03-08,117.125,117.7813,117.0313,117.5313,17151
2011-03-09,117.9688,118.25,117.0,117.125,8441
2011-03-10,118.9375,119.4688,117.7813,117.9063,7661
2011-03-11,118.9063,119.75,118.6563,119.375,341062
2011-03-14,119.375,119.4375,118.375,119.0,320671
2011-03-15,119.9375,121.0625,119.125,119.1875,464410
2011-03-16,121.125,122.3125,119.6563,120.2813,531461
2011-03-17,120.5625,121.8438,120.0625,121.6563,365591
2011-03-18,120.375,120.625,119.3438,120.4063,283794
2011-03-21,120.0938,120.5313,119.4063,120.4688,271617
2011-03-22,120.0938,120.2813,119.5625,120.0313,260480
2011-03-23,119.9063,120.875,119.8125,120.1563,296903
2011-03-24,119.375,120.1875,119.1875,119.9063,270321
2011-03-25,118.875,119.75,118.6875,119.25,247781
2011-03-28,119.0313,119.25,118.4063,118.875,199319
2011-03-29,118.375,119.25,118.2188,119.0313,231566
2011-03-30,118.8125,119.0938,118.2188,118.4063,193618
2011-03-31,118.8125,119.5938,118.3438,119.0313,398321
2011-04-01,119.0,119.125,117.9688,118.6875,308133
2011-04-04,119.0,119.4688,118.625,119.0313,234293
2011-04-05,118.4688,119.5,118.2813,119.0938,305941
2011-04-06,117.5938,118.6563,117.4063,118.5313,308403
2011-04-07,117.2813,117.7813,117.0625,117.5,364246
2011-04-08,117.1563,117.375,116.5,117.3125,231940
2011-04-11,117.125,117.25,116.5,116.9063,243473
2011-04-12,117.9688,118.3438,116.8125,116.8438,306137
2011-04-13,118.4375,118.5,117.3438,117.9375,319741
2011-04-14,118.3125,118.9688,118.0938,118.375,367924
2011-04-15,119.4375,119.5625,118.125,118.1563,282917
2011-04-18,119.7813,120.0,118.5313,119.4063,414017
2011-04-19,120.0938,120.1875,119.25,119.6875,244209
2011-04-20,119.625,120.0313,119.4375,120.0,224738
2011-04-21,119.6563,120.1563,119.4063,119.4688,176492
2011-04-25,120.125,120.2188,119.5938,119.625,128798
2011-04-26,120.7813,120.9688,119.9688,120.125,263238
2011-04-27,120.0,120.9375,119.9688,120.875,272083
2011-04-28,120.75,120.9375,120.0625,120.0938,316294
2011-04-29,121.0,121.1875,120.5625,120.7813,208059
2011-05-02,121.2188,121.4688,120.6875,121.0,197497
2011-05-03,121.7188,121.8125,121.25,121.3438,221539
2011-05-04,122.1563,122.4063,121.625,121.7813,332477
2011-05-05,122.9063,123.2188,122.1875,122.2188,361768
2011-05-06,122.9375,123.4063,122.0,123.0938,455311
2011-05-09,123.0625,123.1875,122.5313,122.8125,271585
2011-05-10,122.5,123.0,122.1875,122.875,259438
2011-05-11,123.0313,123.125,122.0625,122.2188,322590
2011-05-12,122.4375,123.3125,122.1563,122.9375,378374
2011-05-13,123.0625,123.75,122.3125,122.4063,399093
2011-05-16,123.5938,123.7188,122.875,123.3125,251604
2011-05-17,124.0625,124.3438,123.2813,123.625,395505
2011-05-18,123.3438,124.4688,123.125,124.0938,374865
2011-05-19,123.25,123.3438,122.3438,123.1875,467526
2011-05-20,123.4688,123.625,123.0,123.3125,368889
2011-05-23,123.7188,124.25,123.5,123.5625,396491
2011-05-24,123.9063,124.125,123.375,123.7813,449148
2011-05-25,123.6875,124.3438,123.5625,123.9688,623611
2011-05-26,124.5938,124.6875,123.2813,123.6563,645912
2011-05-27,124.5,124.6875,124.0625,124.5625,370649
2011-05-31,124.7813,124.9063,123.9688,124.4375,117071
2011-06-01,125.875,126.2188,124.4375,124.625,72968
2011-06-02,124.8125,126.1875,124.75,126.125,42137
2011-06-03,125.1875,125.7813,124.7188,125.0,23181
2011-06-06,124.9688,125.3125,124.4688,125.25,12532
2011-06-07,124.8438,125.1563,124.2813,125.0,9680
2011-06-08,125.5625,125.9063,124.7813,124.875,14166
2011-06-09,125.125,126.2188,124.7813,125.75,11177
2011-06-10,125.6875,126.1875,125.1563,125.25,294008
2011-06-13,125.375,126.0,125.0938,125.7188,263117
2011-06-14,123.8438,125.5,123.6875,125.4063,427695
2011-06-15,125.4375,125.5625,123.7813,123.9063,502457
2011-06-16,126.3125,126.5313,125.1875,125.3438,432078
2011-06-17,125.8438,126.4375,125.4688,126.0625,287232
2011-06-20,125.7813,126.625,125.5,125.8438,267514
2011-06-21,125.375,126.0313,125.1875,125.875,295638
2011-06-22,125.3438,125.9688,125.0938,125.375,283525
2011-06-23,126.4063,126.6563,125.5,125.5,402660
2011-06-24,126.5625,127.0,125.9375,126.25,328741
2011-06-27,125.4688,126.8125,125.3125,126.5,338742
2011-06-28,124.1875,125.8125,124.0313,125.375,385938
2011-06-29,123.5313,124.5313,123.25,124.25,413724
2011-06-30,123.0,123.7813,122.125,123.4375,480696
2011-07-01,122.6563,123.4063,122.375,123.0,253988
2011-07-05,123.1563,123.4375,122.625,122.7188,260769
2011-07-06,123.625,123.875,122.9375,123.25,304197
2011-07-07,123.25,123.5625,122.75,123.4688,268877
2011-07-08,124.9375,124.9688,122.9375,123.3438,386178
2011-07-11,126.1563,126.2813,124.5625,124.9063,315964
2011-07-12,126.4375,127.4375,125.9688,126.0938,447296
2011-07-13,126.6875,127.0313,125.7813,126.8438,404776
2011-07-14,125.7813,126.8125,125.5938,126.5938,411445
2011-07-15,126.0,126.125,125.0625,125.6563,319423
2011-07-18,125.6563,126.4688,125.2188,125.9375,278387
2011-07-19,126.5938,127.0313,124.9688,125.4375,371694
2011-07-20,125.8438,126.8438,125.7813,126.8438,275785
2011-07-21,125.0625,126.0,124.6875,125.9688,366460
2011-07-22,125.8125,125.9375,125.0313,125.0625,220191
2011-07-25,125.0313,126.0625,124.7188,125.1563,296688
2011-07-26,125.8125,125.9688,124.6563,125.1563,273088
2011-07-27,125.625,125.9688,125.0313,125.7188,310758
2011-07-28,126.0313,126.375,125.5,125.625,284133
2011-07-29,128.0938,128.5313,125.9063,126.0,415263
2011-08-01,128.9688,129.25,127.25,127.5313,391728
2011-08-02,130.7813,131.0938,128.6875,128.8438,447274
2011-08-03,131.25,132.2188,130.4375,130.8438,530824
2011-08-04,133.4688,134.2188,130.5313,130.9688,617973
2011-08-05,132.1563,135.125,131.7813,134.0313,702986
2011-08-08,135.25,135.4688,131.3125,131.6563,505617
2011-08-09,137.1563,139.8125,134.0313,135.4063,595131
2011-08-10,138.1875,139.0938,135.3438,136.375,593697
2011-08-11,135.1875,138.6563,135.0,138.5625,637315
2011-08-12,136.9063,136.9688,135.3125,135.3438,329841
2011-08-15,136.125,136.9063,135.5,136.3438,254383
2011-08-16,137.0313,137.2813,135.4688,135.5938,329113
2011-08-17,137.9063,138.0938,136.2813,136.75,303590
2011-08-18,139.5938,141.1563,137.7813,138.0,488377
2011-08-19,140.1875,140.875,138.9688,139.5,357066
2011-08-22,140.125,140.75,139.3438,140.2813,275280
2011-08-23,139.0,140.4688,138.7188,139.8125,419246
2011-08-24,136.8125,139.4688,136.2813,138.9375,475093
2011-08-25,137.5313,137.7188,136.0313,136.4063,521959
2011-08-26,138.125,138.9688,137.0,137.3125,530960
2011-08-29,136.7813,138.125,136.2813,138.0,342687
2011-08-30,138.5313,138.7188,137.0313,137.0938,394746
2011-08-31,137.2813,138.9688,137.0313,138.4375,172411
2011-09-01,138.6563,138.8438,136.2813,137.2188,48886
2011-09-02,141.5313,141.5938,138.2813,138.8125,40663
2011-09-06,142.0,143.0313,141.4688,141.4688,26060
2011-09-07,140.7188,141.75,140.4375,141.7188,10557
2011-09-08,141.3125,141.7188,140.4688,140.5938,14111
2011-09-09,142.4688,142.7813,140.75,141.0625,7337
2011-09-12,142.5,143.0938,141.8438,142.5,247513
2011-09-13,141.3125,142.6563,141.125,142.25,278318
2011-09-14,141.4375,142.0,140.625,141.125,412818
2011-09-15,140.2813,142.0,139.8438,141.8438,363376
2011-09-16,140.5625,140.9688,139.8125,140.2188,249160
2011-09-19,142.8438,143.0313,141.1563,141.1563,275639
2011-09-20,142.5,142.9688,141.7813,142.6875,238183
2011-09-21,144.3125,144.5313,142.0,142.5938,404924
2011-09-22,147.1875,147.6563,144.3438,144.375,545559
2011-09-23,145.8438,148.125,145.3125,147.0625,414645
2011-09-26,144.0,146.4375,143.9375,145.5,316054
2011-09-27,141.9063,144.4688,141.875,144.0625,355823
2011-09-28,142.0625,143.25,140.9375,142.625,360404
2011-09-29,143.2188,143.2813,141.9688,142.4375,311132
2011-09-30,143.75,144.3125,142.25,142.2813,383289
2011-10-03,146.4063,146.9375,143.8125,143.8438,373820
2011-10-04,146.5,147.5313,145.2813,146.7813,412019
2011-10-05,144.6875,145.9063,144.5,145.6875,298410
2011-10-06,143.5625,145.375,143.3125,145.0313,283381
2011-10-07,142.4375,143.875,141.3438,143.5313,361816
2011-10-10,139.8125,142.5625,139.7188,142.5,67173
2011-10-11,141.0,141.6875,140.5313,140.5313,282876
2011-10-12,139.6875,141.5313,139.0625,141.1563,306846
2011-10-13,140.6563,141.4375,139.7188,139.8438,353176
2011-10-14,139.5313,140.8125,138.9688,140.4688,277384
2011-10-17,140.875,140.9375,138.5313,139.2188,274954
2011-10-18,140.7188,142.125,139.7813,140.9063,358415
2011-10-19,140.5938,141.0,139.625,140.4063,304528
2011-10-20,140.125,141.2813,139.75,140.4375,372712
2011-10-21,139.625,140.375,139.1563,139.9063,236783
2011-10-24,139.2188,140.2188,139.0313,139.625,216825
2011-10-25,141.1875,141.5,138.6875,139.1875,368985
2011-10-26,139.9063,141.5313,139.7188,141.3125,373391
2011-10-27,136.5313,140.25,136.3438,139.9688,509771
2011-10-28,138.0,138.1563,136.2813,136.6875,328626
2011-10-31,140.1563,141.125,137.6875,137.7188,325027
2011-11-01,143.125,143.9375,140.5,140.9063,542756
2011-11-02,142.875,143.8125,141.875,143.25,340053
2011-11-03,141.8125,144.25,141.625,143.25,354678
2011-11-04,142.125,142.5938,140.75,141.7813,340636
2011-11-07,143.125,143.5938,141.3125,141.9375,308690
2011-11-08,141.875,143.0313,141.4688,142.2813,280614
2011-11-09,143.8438,144.25,141.4688,141.7188,417501
2011-11-10,142.4375,144.0313,141.5938,143.5938,407516
2011-11-11,141.5625,142.5938,141.4688,142.5,42064
2011-11-14,142.9063,143.1875,141.1875,141.6563,251296
2011-11-15,142.625,143.7813,142.3438,142.6563,314568
2011-11-16,143.25,143.6563,142.625,142.7813,265067
2011-11-17,144.4688,144.7813,142.9375,143.625,393745
2011-11-18,143.9063,144.7188,143.25,144.3438,291572
2011-11-21,144.7188,145.0625,143.9375,143.9375,315114
2011-11-22,145.2188,145.5938,144.1563,144.75,396472
2011-11-23,146.4688,146.5625,145.0,145.5313,461045
2011-11-25,144.9688,146.3125,144.875,146.2813,331033
2011-11-28,145.125,145.2188,142.9063,144.3438,630066
2011-11-29,144.4063,145.0313,143.5938,144.7813,493664
2011-11-30,142.75,144.7188,142.3438,144.5313,142329
2011-12-01,141.7813,143.125,141.3125,142.6563,64036
2011-12-02,143.1875,143.4063,141.2188,142.3125,27324
2011-12-05,142.9375,143.5,142.0625,143.1563,21069
2011-12-06,142.1563,143.3438,142.125,142.8125,14787
2011-12-07,143.25,143.3125,141.5938,142.1875,12787
2011-12-08,143.9688,144.0938,141.9063,142.9375,9526
2011-12-09,142.6563,144.3125,142.375,144.1563,277234
2011-12-12,143.625,143.9375,142.2813,142.5625,200503
2011-12-13,144.5938,144.7813,142.8125,143.4688,325739
2011-12-14,145.9688,146.0938,144.0313,144.4688,350500
2011-12-15,145.6563,146.625,145.25,145.875,274693
2011-12-16,146.7813,147.0938,145.2813,145.6563,254285
2011-12-19,147.5313,147.8438,146.375,146.6563,182766
2011-12-20,145.5938,147.5938,145.5,147.5625,248293
2011-12-21,144.75,146.0938,144.5938,145.6563,218001
2011-12-22,144.9688,145.5625,144.5625,144.7813,151579
2011-12-23,143.4688,144.9375,143.375,144.875,129813
2011-12-27,143.9375,144.0625,143.5313,143.5938,50783
2011-12-28,146.0313,146.0625,143.9063,144.0,113600
2011-12-29,146.0,146.2188,145.3438,145.6875,99610
2011-12-30,146.3125,146.75,145.6875,146.0625,101943
2012-01-03,144.5938,145.4688,144.5313,145.4375,200788
2012-01-04,143.9063,145.1875,143.5938,144.8125,248892
2012-01-05,143.7813,144.7813,143.4063,144.125,305080
2012-01-06,144.5313,144.75,142.8125,143.7188,286598
2012-01-09,144.4063,145.25,144.0,144.4688,178799
2012-01-10,144.3438,144.6875,143.5313,144.25,248640
2012-01-11,145.5,145.6875,144.1875,144.3438,296330
2012-01-12,145.0625,145.7188,144.9063,145.375,327001
2012-01-13,146.5,146.8438,144.9688,145.1563,323968
2012-01-17,146.6563,146.8125,145.6563,146.4375,282281
2012-01-18,145.6875,146.9063,145.5625,146.5938,267359
2012-01-19,144.3125,145.9375,143.875,145.6563,347908
2012-01-20,143.375,144.5,143.25,144.2188,306557
2012-01-23,142.6563,143.9375,142.1563,143.5,302523
2012-01-24,142.6563,143.2813,142.2813,142.9375,267178
2012-01-25,143.2813,145.0,142.4063,142.625,469068
2012-01-26,144.3438,144.4688,143.2188,143.4063,405803
2012-01-27,144.9375,145.0625,143.5938,144.2188,327172
2012-01-30,146.125,146.5938,144.9063,144.9375,335916
2012-01-31,146.9375,146.9688,145.375,145.9375,403231
2012-02-01,145.8438,146.9063,145.75,146.875,378274
2012-02-02,146.0938,146.4375,145.6875,146.0625,349596
2012-02-03,143.9063,146.4063,143.6875,146.1563,473457
2012-02-06,144.7813,145.0313,143.9688,144.375,255570
2012-02-07,143.8125,144.9688,143.3438,144.6563,335238
2012-02-08,143.7188,144.0,143.2188,143.7813,324170
2012-02-09,143.0313,143.9063,142.2188,143.5938,420815
2012-02-10,144.2813,144.4688,143.125,143.1563,307464
2012-02-13,143.875,144.5,143.3125,143.8125,285082
2012-02-14,145.0625,145.125,144.0,144.2188,323685
2012-02-15,144.8125,145.3438,144.4063,144.75,342709
2012-02-16,143.7813,145.2188,143.4375,144.875,382286
2012-02-17,143.5938,144.0,143.1875,143.9688,237005
2012-02-21,143.0313,143.5313,142.4688,143.5,301073
2012-02-22,143.75,143.9375,142.5,142.7813,328103
2012-02-23,144.1875,144.4063,143.1563,143.75,397760
2012-02-24,144.5,144.625,143.75,143.9375,381478
2012-02-27,145.4688,145.5938,144.4688,144.5313,539752
2012-02-28,145.3125,145.9375,145.0,145.375,554704
2012-02-29,144.5938,145.625,144.0,145.0938,131979
2012-03-01,143.4063,144.6563,143.0313,144.5625,62967
2012-03-02,144.1563,144.5625,143.4375,143.5313,18282
2012-03-05,143.8438,144.5625,143.6875,144.1875,10934
2012-03-06,144.9375,145.2188,143.625,143.625,5541
2012-03-07,144.4375,144.875,144.25,144.875,13386
2012-03-08,143.625,144.4375,143.3438,144.25,5094
2012-03-09,143.25,143.6875,142.7813,143.5938,4441
2012-03-12,143.5313,144.1563,143.4063,143.4063,183464
2012-03-13,142.25,143.5938,141.8125,143.5,383757
2012-03-14,139.625,142.0,139.375,141.9063,568124
2012-03-15,139.5313,140.0,138.5625,139.7813,458788
2012-03-16,139.4375,139.625,138.4688,139.4688,357047
2012-03-19,138.375,140.0,138.1563,139.4375,348093
2012-03-20,138.625,139.125,138.2188,138.4375,300306
2012-03-21,139.7813,139.875,138.4063,138.8438,301439
2012-03-22,140.0625,140.4063,139.4688,139.7188,345234
2012-03-23,140.8125,141.125,139.75,140.0313,304072
2012-03-26,140.6563,140.8125,139.8438,140.7813,274564
2012-03-27,141.3125,141.5625,140.3125,140.5313,289264
2012-03-28,141.3125,141.8438,140.7188,141.3438,325332
2012-03-29,141.875,142.0313,141.0313,141.25,284180
2012-03-30,140.75,142.1563,140.4375,141.8438,387742
2012-04-02,141.0,141.6875,140.2188,140.7813,290652
2012-04-03,139.8125,141.8438,139.4375,141.0938,373118
2012-04-04,140.2813,140.6563,139.375,139.5,375216
2012-04-05,141.3438,142.0,140.4063,140.5938,294165
2012-04-06,143.25,143.2813,140.7813,141.2188,117815
2012-04-09,143.5938,143.8125,142.9375,143.4688,187717
2012-04-10,144.4063,144.8438,143.0938,143.375,392214
2012-04-11,143.7813,144.5,143.4375,144.4688,310504
2012-04-12,143.4688,144.0313,143.0313,143.6563,373644
2012-04-13,144.4375,144.7813,143.375,143.4375,306671
2012-04-16,144.875,145.2813,144.4063,144.625,285531
2012-04-17,144.2813,144.9375,144.125,144.5938,268185
2012-04-18,144.7813,144.9375,144.1563,144.4688,248113
2012-04-19,145.2188,145.3438,144.4375,144.8125,331302
2012-04-20,144.9688,145.2188,144.5,145.0313,219539
2012-04-23,145.7188,146.125,145.0313,145.0625,239908
2012-04-24,145.2813,146.0,145.0313,145.6875,231554
2012-04-25,144.9375,145.4063,144.0938,145.0625,334598
2012-04-26,145.2813,145.8438,144.6875,144.9688,293094
2012-04-27,145.7188,146.5625,145.3125,145.625,228057
2012-04-30,145.875,146.0625,145.4063,145.6563,185416
2012-05-01,145.0938,146.1875,145.0313,145.75,203339
2012-05-02,145.8438,146.125,144.9375,145.3438,265068
2012-05-03,145.8438,146.0,145.2813,145.7813,230327
2012-05-04,146.6875,146.7813,145.375,145.75,323844
2012-05-07,146.75,147.5938,146.5938,146.8438,197569
2012-05-08,147.4688,147.8438,146.6563,146.75,326632
2012-05-09,147.4688,148.25,147.1875,147.3125,381155
2012-05-10,147.3438,147.8125,146.5625,147.6563,417092
2012-05-11,148.125,148.1875,147.625,147.75,286437
2012-05-14,149.0938,149.5625,148.125,148.1875,363868
2012-05-15,149.4063,149.6875,148.75,149.5,438424
2012-05-16,149.8125,150.0625,148.7813,149.625,437809
2012-05-17,151.375,151.7188,149.375,149.9063,637640
