Price,Close
Ticker,HO2-SPOT
Date,
1986-11-03,0.4013
1986-11-04,0.4075
1986-11-05,0.4075
1986-11-06,0.4075
1986-11-07,0.4225
1986-11-10,0.4275
1986-11-11,0.43
1986-11-12,0.4263
1986-11-13,0.4325
1986-11-14,0.4325
1986-11-17,0.435
1986-11-18,0.4388
1986-11-19,0.435
1986-11-20,0.4225
1986-11-21,0.4225
1986-11-24,0.4125
1986-11-25,0.4138
1986-11-26,0.4163
1986-12-01,0.4363
1986-12-02,0.4338
1986-12-03,0.4363
1986-12-04,0.4325
1986-12-05,0.4338
1986-12-08,0.4338
1986-12-09,0.4238
1986-12-10,0.4263
1986-12-11,0.4425
1986-12-12,0.4513
1986-12-15,0.4588
1986-12-16,0.4563
1986-12-17,0.4563
1986-12-18,0.4613
1986-12-19,0.4663
1986-12-22,0.4675
1986-12-23,0.465
1986-12-24,0.4675
1986-12-29,0.475
1986-12-30,0.475
1986-12-31,0.48
1987-01-02,0.4975
1987-01-05,0.4925
1987-01-06,0.4888
1987-01-07,0.4888
1987-01-08,0.505
1987-01-09,0.515
1987-01-12,0.5363
1987-01-13,0.5338
1987-01-14,0.5425
1987-01-15,0.5475
1987-01-16,0.5475
1987-01-19,0.536
1987-01-20,0.5325
1987-01-21,0.525
1987-01-22,0.5363
1987-01-23,0.5338
1987-01-26,0.5225
1987-01-27,0.52
1987-01-28,0.515
1987-01-29,0.5088
1987-01-30,0.5125
1987-02-02,0.5113
1987-02-03,0.505
1987-02-04,0.4988
1987-02-05,0.5125
1987-02-06,0.505
1987-02-09,0.4925
1987-02-10,0.485
1987-02-11,0.4788
1987-02-12,0.4725
1987-02-13,0.4775
1987-02-17,0.4788
1987-02-18,0.4725
1987-02-19,0.4688
1987-02-20,0.4775
1987-02-23,0.4675
1987-02-24,0.4525
1987-02-25,0.4325
1987-02-26,0.4438
1987-02-27,0.4375
1987-03-02,0.4263
1987-03-03,0.4763
1987-03-04,0.485
1987-03-05,0.465
1987-03-06,0.495
1987-03-09,0.4925
1987-03-10,0.495
1987-03-11,0.5045
1987-03-12,0.505
1987-03-13,0.5075
1987-03-16,0.5188
1987-03-17,0.5263
1987-03-18,0.5163
1987-03-19,0.5088
1987-03-20,0.5013
1987-03-23,0.4963
1987-03-24,0.5063
1987-03-25,0.4913
1987-03-26,0.4913
1987-03-27,0.4913
1987-03-30,0.4888
1987-03-31,0.4913
1987-04-01,0.4838
1987-04-02,0.4988
1987-04-03,0.495
1987-04-06,0.4888
1987-04-07,0.4938
1987-04-08,0.4813
1987-04-09,0.4793
1987-04-10,0.4705
1987-04-13,0.4713
1987-04-14,0.4663
1987-04-15,0.4813
1987-04-16,0.4763
1987-04-20,0.4688
1987-04-21,0.4788
1987-04-22,0.4788
1987-04-23,0.4938
1987-04-24,0.4963
1987-04-27,0.5013
1987-04-28,0.5013
1987-04-29,0.4838
1987-04-30,0.4938
1987-05-01,0.4938
1987-05-04,0.4988
1987-05-05,0.5013
1987-05-06,0.5088
1987-05-07,0.5088
1987-05-08,0.5138
1987-05-11,0.5188
1987-05-12,0.5188
1987-05-13,0.5213
1987-05-14,0.5238
1987-05-15,0.5213
1987-05-18,0.5213
1987-05-19,0.5263
1987-05-20,0.5238
1987-05-21,0.5288
1987-05-22,0.5313
1987-05-26,0.5298
1987-05-27,0.5213
1987-05-28,0.5188
1987-05-29,0.5163
1987-06-01,0.5163
1987-06-02,0.5188
1987-06-03,0.5163
1987-06-04,0.5163
1987-06-05,0.5163
1987-06-08,0.5238
1987-06-09,0.5213
1987-06-10,0.5238
1987-06-11,0.5213
1987-06-12,0.5213
1987-06-15,0.5263
1987-06-16,0.5263
1987-06-17,0.5288
1987-06-18,0.5288
1987-06-19,0.5288
1987-06-22,0.518
1987-06-23,0.5163
1987-06-24,0.5113
1987-06-25,0.5138
1987-06-26,0.5263
1987-06-29,0.5388
1987-06-30,0.5388
1987-07-01,0.5413
1987-07-02,0.54
1987-07-06,0.5413
1987-07-07,0.5388
1987-07-08,0.5388
1987-07-09,0.55
1987-07-10,0.5488
1987-07-13,0.5463
1987-07-14,0.5488
1987-07-15,0.5638
1987-07-16,0.5588
1987-07-17,0.5563
1987-07-20,0.5638
1987-07-21,0.5513
1987-07-22,0.5538
1987-07-23,0.5463
1987-07-24,0.5363
1987-07-27,0.5363
1987-07-28,0.5463
1987-07-29,0.5463
1987-07-30,0.5438
1987-07-31,0.5438
1987-08-03,0.5713
1987-08-04,0.5638
1987-08-05,0.5488
1987-08-06,0.5488
1987-08-07,0.5438
1987-08-10,0.5363
1987-08-11,0.5413
1987-08-12,0.5413
1987-08-13,0.5388
1987-08-14,0.5288
1987-08-17,0.5138
1987-08-18,0.5163
1987-08-19,0.5088
1987-08-20,0.4975
1987-08-21,0.4938
1987-08-24,0.4863
1987-08-25,0.4888
1987-08-26,0.5088
1987-08-27,0.5138
1987-08-28,0.5088
1987-08-31,0.5188
1987-09-01,0.5188
1987-09-02,0.5188
1987-09-03,0.5138
1987-09-04,0.5113
1987-09-08,0.5063
1987-09-09,0.5163
1987-09-10,0.5263
1987-09-11,0.5213
1987-09-14,0.5263
1987-09-15,0.5238
1987-09-16,0.5188
1987-09-17,0.5188
1987-09-18,0.5188
1987-09-21,0.5263
1987-09-22,0.5163
1987-09-23,0.5288
1987-09-24,0.5313
1987-09-25,0.5313
1987-09-28,0.5313
1987-09-29,0.5388
1987-09-30,0.5388
1987-10-01,0.5438
1987-10-02,0.5513
1987-10-05,0.5563
1987-10-06,0.5438
1987-10-07,0.5538
1987-10-08,0.5588
1987-10-09,0.5588
1987-10-12,0.5538
1987-10-13,0.5538
1987-10-14,0.5588
1987-10-15,0.5588
1987-10-16,0.5738
1987-10-19,0.5638
1987-10-20,0.5588
1987-10-21,0.5663
1987-10-22,0.5738
1987-10-23,0.5688
1987-10-26,0.5613
1987-10-27,0.5688
1987-10-28,0.5738
1987-10-29,0.5738
1987-10-30,0.5688
1987-11-02,0.5637
1987-11-03,0.5563
1987-11-04,0.5488
1987-11-05,0.5488
1987-11-06,0.5563
1987-11-09,0.5513
1987-11-10,0.5563
1987-11-11,0.5688
1987-11-12,0.5738
1987-11-13,0.5638
1987-11-16,0.5613
1987-11-17,0.5538
1987-11-18,0.5513
1987-11-19,0.5513
1987-11-20,0.5563
1987-11-23,0.5563
1987-11-24,0.5563
1987-11-25,0.5588
1987-11-30,0.5613
1987-12-01,0.5613
1987-12-02,0.5788
1987-12-03,0.5788
1987-12-04,0.5763
1987-12-07,0.5588
1987-12-08,0.5488
1987-12-09,0.5513
1987-12-10,0.5588
1987-12-11,0.5613
1987-12-14,0.5413
1987-12-15,0.5188
1987-12-16,0.5013
1987-12-17,0.5038
1987-12-18,0.5038
1987-12-21,0.5013
1987-12-22,0.5288
1987-12-23,0.5338
1987-12-24,0.5338
1987-12-28,0.5338
1987-12-29,0.5238
1987-12-30,0.5263
1987-12-31,0.5113
1988-01-04,0.5358
1988-01-05,0.5413
1988-01-06,0.5363
1988-01-07,0.5488
1988-01-08,0.5513
1988-01-11,0.5349
1988-01-12,0.533
1988-01-13,0.5245
1988-01-14,0.5284
1988-01-15,0.5208
1988-01-18,0.5208
1988-01-19,0.5212
1988-01-20,0.5183
1988-01-21,0.4863
1988-01-22,0.4913
1988-01-25,0.5038
1988-01-26,0.4913
1988-01-27,0.4813
1988-01-28,0.4988
1988-01-29,0.4788
1988-02-01,0.472
1988-02-02,0.4764
1988-02-03,0.4871
1988-02-04,0.5088
1988-02-05,0.5113
1988-02-08,0.5138
1988-02-09,0.5088
1988-02-10,0.4963
1988-02-11,0.4963
1988-02-12,0.4838
1988-02-16,0.4813
1988-02-17,0.4663
1988-02-18,0.4613
1988-02-19,0.4713
1988-02-22,0.4713
1988-02-23,0.4738
1988-02-24,0.4688
1988-02-25,0.4513
1988-02-26,0.4463
1988-02-29,0.4688
1988-03-01,0.4638
1988-03-02,0.4663
1988-03-03,0.4538
1988-03-04,0.4633
1988-03-07,0.4613
1988-03-08,0.4613
1988-03-09,0.4538
1988-03-10,0.4613
1988-03-11,0.4663
1988-03-14,0.4563
1988-03-15,0.4563
1988-03-16,0.4638
1988-03-17,0.4688
1988-03-18,0.4868
1988-03-21,0.4978
1988-03-22,0.4845
1988-03-23,0.4863
1988-03-24,0.4993
1988-03-25,0.4994
1988-03-28,0.5013
1988-03-29,0.4928
1988-03-30,0.4963
1988-03-31,0.4813
1988-04-04,0.4813
1988-04-05,0.4663
1988-04-06,0.4713
1988-04-07,0.4763
1988-04-08,0.4738
1988-04-11,0.4988
1988-04-12,0.5038
1988-04-13,0.5113
1988-04-14,0.5138
1988-04-15,0.5213
1988-04-18,0.5263
1988-04-19,0.5263
1988-04-20,0.5269
1988-04-21,0.5392
1988-04-22,0.5423
1988-04-25,0.5463
1988-04-26,0.5563
1988-04-27,0.5488
1988-04-28,0.5338
1988-04-29,0.5413
1988-05-02,0.5138
1988-05-03,0.5213
1988-05-04,0.5138
1988-05-05,0.5188
1988-05-06,0.5188
1988-05-09,0.5063
1988-05-10,0.5193
1988-05-11,0.5188
1988-05-12,0.5138
1988-05-13,0.5188
1988-05-16,0.5163
1988-05-17,0.5113
1988-05-18,0.4988
1988-05-19,0.5038
1988-05-20,0.5063
1988-05-23,0.5013
1988-05-24,0.5038
1988-05-25,0.5013
1988-05-26,0.5013
1988-05-27,0.4963
1988-05-31,0.4963
1988-06-01,0.4913
1988-06-02,0.4938
1988-06-03,0.4813
1988-06-06,0.4713
1988-06-07,0.4738
1988-06-08,0.4713
1988-06-09,0.4663
1988-06-10,0.4538
1988-06-13,0.4413
1988-06-14,0.4488
1988-06-15,0.4413
1988-06-16,0.4338
1988-06-17,0.4388
1988-06-20,0.4338
1988-06-21,0.4313
1988-06-22,0.4363
1988-06-23,0.4379
1988-06-24,0.4313
1988-06-27,0.4263
1988-06-28,0.4238
1988-06-29,0.4138
1988-06-30,0.4088
1988-07-01,0.3988
1988-07-05,0.4138
1988-07-06,0.4238
1988-07-07,0.4413
1988-07-08,0.4288
1988-07-11,0.4163
1988-07-12,0.4013
1988-07-13,0.3963
1988-07-14,0.4079
1988-07-15,0.4079
1988-07-18,0.4313
1988-07-19,0.4263
1988-07-20,0.4428
1988-07-21,0.4513
1988-07-22,0.4488
1988-07-25,0.4413
1988-07-26,0.4413
1988-07-27,0.4513
1988-07-28,0.4413
1988-07-29,0.4463
1988-08-01,0.4512
1988-08-02,0.4412
1988-08-03,0.4412
1988-08-04,0.4238
1988-08-05,0.4388
1988-08-08,0.4438
1988-08-09,0.4363
1988-08-10,0.4388
1988-08-11,0.4413
1988-08-12,0.4413
1988-08-15,0.4415
1988-08-16,0.4361
1988-08-17,0.4361
1988-08-18,0.4388
1988-08-19,0.4413
1988-08-22,0.4438
1988-08-23,0.4363
1988-08-24,0.4338
1988-08-25,0.4213
1988-08-26,0.4238
1988-08-29,0.4263
1988-08-30,0.4288
1988-08-31,0.4313
1988-09-01,0.4313
1988-09-02,0.4238
1988-09-06,0.4163
1988-09-07,0.4113
1988-09-08,0.4138
1988-09-09,0.4143
1988-09-12,0.4088
1988-09-13,0.4146
1988-09-14,0.4355
1988-09-15,0.4228
1988-09-16,0.4088
1988-09-19,0.4063
1988-09-20,0.4088
1988-09-21,0.4063
1988-09-22,0.4048
1988-09-23,0.3888
1988-09-26,0.3963
1988-09-27,0.3888
1988-09-28,0.3913
1988-09-29,0.3888
1988-09-30,0.3888
1988-10-03,0.3713
1988-10-04,0.3763
1988-10-05,0.3713
1988-10-06,0.3678
1988-10-07,0.3694
1988-10-10,0.3834
1988-10-11,0.3846
1988-10-12,0.4013
1988-10-13,0.4013
1988-10-14,0.4273
1988-10-17,0.4341
1988-10-18,0.4341
1988-10-19,0.4373
1988-10-20,0.4348
1988-10-21,0.4273
1988-10-24,0.3953
1988-10-25,0.3979
1988-10-26,0.4168
1988-10-27,0.4317
1988-10-28,0.4346
1988-10-31,0.4275
1988-11-01,0.4248
1988-11-02,0.4373
1988-11-03,0.4408
1988-11-04,0.4443
1988-11-07,0.4423
1988-11-08,0.4363
1988-11-09,0.4465
1988-11-10,0.4493
1988-11-11,0.4414
1988-11-14,0.4448
1988-11-15,0.4438
1988-11-16,0.446
1988-11-17,0.432
1988-11-18,0.4313
1988-11-21,0.438
1988-11-22,0.4582
1988-11-23,0.461
1988-11-28,0.4888
1988-11-29,0.4802
1988-11-30,0.487
1988-12-01,0.4971
1988-12-02,0.4934
1988-12-05,0.4849
1988-12-06,0.4888
1988-12-07,0.4922
1988-12-08,0.4821
1988-12-09,0.4982
1988-12-12,0.5053
1988-12-13,0.496
1988-12-14,0.5146
1988-12-15,0.5107
1988-12-16,0.5153
1988-12-19,0.5098
1988-12-20,0.5175
1988-12-21,0.5245
1988-12-22,0.5301
1988-12-23,0.5367
1988-12-27,0.5425
1988-12-28,0.5453
1988-12-29,0.53
1988-12-30,0.5371
1989-01-03,0.5471
1989-01-04,0.5403
1989-01-05,0.5355
1989-01-06,0.5573
1989-01-09,0.5628
1989-01-10,0.5574
1989-01-11,0.5582
1989-01-12,0.5497
1989-01-13,0.5583
1989-01-16,0.5579
1989-01-17,0.5568
1989-01-18,0.5724
1989-01-19,0.5598
1989-01-20,0.5473
1989-01-23,0.5343
1989-01-24,0.53
1989-01-25,0.5384
1989-01-26,0.52
1989-01-27,0.5261
1989-01-30,0.5302
1989-01-31,0.5266
1989-02-01,0.5318
1989-02-02,0.5313
1989-02-03,0.5294
1989-02-06,0.5324
1989-02-07,0.523
1989-02-08,0.5145
1989-02-09,0.5049
1989-02-10,0.4899
1989-02-13,0.498
1989-02-14,0.4876
1989-02-15,0.4923
1989-02-16,0.5128
1989-02-17,0.5143
1989-02-21,0.5143
1989-02-22,0.5103
1989-02-23,0.5108
1989-02-24,0.5261
1989-02-27,0.5353
1989-02-28,0.5333
1989-03-01,0.5378
1989-03-02,0.56
1989-03-03,0.5493
1989-03-06,0.5681
1989-03-07,0.5671
1989-03-08,0.576
1989-03-09,0.5666
1989-03-10,0.5658
1989-03-13,0.5823
1989-03-14,0.5788
1989-03-15,0.5932
1989-03-16,0.5846
1989-03-17,0.577
1989-03-20,0.5723
1989-03-21,0.5948
1989-03-22,0.5933
1989-03-23,0.6
1989-03-27,0.5948
1989-03-28,0.5683
1989-03-29,0.5438
1989-03-30,0.5638
1989-03-31,0.5606
1989-04-03,0.5613
1989-04-04,0.5652
1989-04-05,0.5511
1989-04-06,0.542
1989-04-07,0.5458
1989-04-10,0.5818
1989-04-11,0.5536
1989-04-12,0.5533
1989-04-13,0.5533
1989-04-14,0.5304
1989-04-17,0.5439
1989-04-18,0.5349
1989-04-19,0.5396
1989-04-20,0.5328
1989-04-21,0.5436
1989-04-24,0.5244
1989-04-25,0.5291
1989-04-26,0.5166
1989-04-27,0.5324
1989-04-28,0.5333
1989-05-01,0.5259
1989-05-02,0.5108
1989-05-03,0.5048
1989-05-04,0.5137
1989-05-05,0.495
1989-05-08,0.4892
1989-05-09,0.4987
1989-05-10,0.5036
1989-05-11,0.5156
1989-05-12,0.5093
1989-05-15,0.525
1989-05-16,0.5173
1989-05-17,0.5009
1989-05-18,0.4968
1989-05-19,0.5079
1989-05-22,0.4986
1989-05-23,0.5038
1989-05-24,0.5249
1989-05-25,0.5198
1989-05-26,0.5183
1989-05-30,0.5128
1989-05-31,0.5111
1989-06-01,0.5032
1989-06-02,0.5217
1989-06-05,0.5303
1989-06-06,0.5213
1989-06-07,0.5009
1989-06-08,0.4959
1989-06-09,0.479
1989-06-12,0.4758
1989-06-13,0.4531
1989-06-14,0.4628
1989-06-15,0.4679
1989-06-16,0.4609
1989-06-19,0.4654
1989-06-20,0.4582
1989-06-21,0.4811
1989-06-22,0.4875
1989-06-23,0.4962
1989-06-26,0.4953
1989-06-27,0.5056
1989-06-28,0.4949
1989-06-29,0.4958
1989-06-30,0.4948
1989-07-05,0.5119
1989-07-06,0.4977
1989-07-07,0.499
1989-07-10,0.4891
1989-07-11,0.4921
1989-07-12,0.4888
1989-07-13,0.4888
1989-07-14,0.4926
1989-07-17,0.5031
1989-07-18,0.5013
1989-07-19,0.498
1989-07-20,0.5126
1989-07-21,0.5092
1989-07-24,0.4922
1989-07-25,0.4905
1989-07-26,0.4937
1989-07-27,0.4889
1989-07-28,0.4836
1989-07-31,0.483
1989-08-01,0.4858
1989-08-02,0.4892
1989-08-03,0.485
1989-08-04,0.4856
1989-08-07,0.4782
1989-08-08,0.4794
1989-08-09,0.4853
1989-08-10,0.4934
1989-08-11,0.4933
1989-08-14,0.4942
1989-08-15,0.5131
1989-08-16,0.5028
1989-08-17,0.5017
1989-08-18,0.5016
1989-08-21,0.5102
1989-08-22,0.5092
1989-08-23,0.5103
1989-08-24,0.5113
1989-08-25,0.5086
1989-08-28,0.5088
1989-08-29,0.5155
1989-08-30,0.5374
1989-08-31,0.5445
1989-09-01,0.536
1989-09-05,0.5445
1989-09-06,0.5486
1989-09-07,0.5493
1989-09-08,0.5637
1989-09-11,0.5563
1989-09-12,0.55
1989-09-13,0.5469
1989-09-14,0.5442
1989-09-15,0.5558
1989-09-18,0.5535
1989-09-19,0.5433
1989-09-20,0.5688
1989-09-21,0.5701
1989-09-22,0.5635
1989-09-25,0.5689
1989-09-26,0.5714
1989-09-27,0.5759
1989-09-28,0.5829
1989-09-29,0.5947
1989-10-02,0.5921
1989-10-03,0.5931
1989-10-04,0.5862
1989-10-05,0.5754
1989-10-06,0.5781
1989-10-09,0.584
1989-10-10,0.5917
1989-10-11,0.5634
1989-10-12,0.6065
1989-10-13,0.603
1989-10-16,0.5995
1989-10-17,0.6058
1989-10-18,0.6023
1989-10-19,0.6042
1989-10-20,0.6017
1989-10-23,0.5808
1989-10-24,0.5818
1989-10-25,0.5817
1989-10-26,0.5707
1989-10-27,0.5751
1989-10-30,0.5777
1989-10-31,0.5852
1989-11-01,0.5978
1989-11-02,0.5937
1989-11-03,0.596
1989-11-06,0.5954
1989-11-07,0.5971
1989-11-08,0.5815
1989-11-09,0.587
1989-11-10,0.5823
1989-11-13,0.5773
1989-11-14,0.5723
1989-11-15,0.5691
1989-11-16,0.5852
1989-11-17,0.5915
1989-11-20,0.5986
1989-11-21,0.6023
1989-11-22,0.6097
1989-11-24,0.6118
1989-11-27,0.608
1989-11-28,0.6019
1989-11-29,0.6051
1989-11-30,0.6263
1989-12-01,0.6373
1989-12-04,0.6502
1989-12-05,0.6518
1989-12-06,0.6559
1989-12-07,0.6633
1989-12-08,0.6733
1989-12-11,0.6733
1989-12-12,0.6843
1989-12-13,0.6909
1989-12-14,0.7016
1989-12-15,0.7405
1989-12-18,0.7977
1989-12-19,0.8238
1989-12-20,0.8414
1989-12-21,0.8744
1989-12-22,0.9337
1989-12-26,1.0861
1989-12-27,1.1613
1989-12-28,1.1053
1989-12-29,1.09
1990-01-02,1.0452
1990-01-03,1.0433
1990-01-04,0.9532
1990-01-05,0.9046
1990-01-08,0.8446
1990-01-09,0.7618
1990-01-10,0.7501
1990-01-11,0.7745
1990-01-12,0.7978
1990-01-15,0.7173
1990-01-16,0.7186
1990-01-17,0.6665
1990-01-18,0.6497
1990-01-19,0.6704
1990-01-22,0.6312
1990-01-23,0.6116
1990-01-24,0.607
1990-01-25,0.609
1990-01-26,0.6
1990-01-29,0.6149
1990-01-30,0.6064
1990-01-31,0.59
1990-02-01,0.5662
1990-02-02,0.5939
1990-02-05,0.5733
1990-02-06,0.5757
1990-02-07,0.5702
1990-02-08,0.5645
1990-02-09,0.5521
1990-02-12,0.5583
1990-02-13,0.5673
1990-02-14,0.5777
1990-02-15,0.5913
1990-02-16,0.5786
1990-02-20,0.5776
1990-02-21,0.5791
1990-02-22,0.5858
1990-02-23,0.5868
1990-02-26,0.5908
1990-02-27,0.5829
1990-02-28,0.5745
1990-03-01,0.5576
1990-03-02,0.57
1990-03-05,0.5962
1990-03-06,0.602
1990-03-07,0.5932
1990-03-08,0.5747
1990-03-09,0.5599
1990-03-12,0.5541
1990-03-13,0.5589
1990-03-14,0.574
1990-03-15,0.5811
1990-03-16,0.5834
1990-03-19,0.5892
1990-03-20,0.5923
1990-03-21,0.5967
1990-03-22,0.5814
1990-03-23,0.5784
1990-03-26,0.5784
1990-03-27,0.5746
1990-03-28,0.5771
1990-03-29,0.588
1990-03-30,0.5915
1990-04-02,0.5915
1990-04-03,0.5938
1990-04-04,0.5765
1990-04-05,0.5744
1990-04-06,0.5884
1990-04-09,0.5973
1990-04-10,0.5803
1990-04-11,0.5851
1990-04-12,0.6021
1990-04-16,0.6285
1990-04-17,0.6233
1990-04-18,0.5882
1990-04-19,0.5843
1990-04-20,0.5857
1990-04-23,0.5775
1990-04-24,0.5628
1990-04-25,0.5603
1990-04-26,0.572
1990-04-27,0.5761
1990-04-30,0.5966
1990-05-01,0.5963
1990-05-02,0.5788
1990-05-03,0.5588
1990-05-04,0.5533
1990-05-07,0.5507
1990-05-08,0.5697
1990-05-09,0.5647
1990-05-10,0.5609
1990-05-11,0.5503
1990-05-14,0.5598
1990-05-15,0.5485
1990-05-16,0.5523
1990-05-17,0.5484
1990-05-18,0.5355
1990-05-21,0.5278
1990-05-22,0.5203
1990-05-23,0.5013
1990-05-24,0.4998
1990-05-25,0.4979
1990-05-29,0.5087
1990-05-30,0.5153
1990-05-31,0.502
1990-06-01,0.4911
1990-06-04,0.4847
1990-06-05,0.4774
1990-06-06,0.4813
1990-06-07,0.4803
1990-06-08,0.4809
1990-06-11,0.4763
1990-06-12,0.4918
1990-06-13,0.4898
1990-06-14,0.4903
1990-06-15,0.485
1990-06-18,0.4773
1990-06-19,0.4731
1990-06-20,0.4777
1990-06-21,0.4788
1990-06-22,0.4879
1990-06-25,0.4903
1990-06-26,0.4812
1990-06-27,0.4756
1990-06-28,0.4891
1990-06-29,0.4855
1990-07-02,0.4838
1990-07-03,0.4809
1990-07-05,0.4813
1990-07-06,0.4813
1990-07-09,0.4878
1990-07-10,0.4916
1990-07-11,0.5026
1990-07-12,0.5268
1990-07-13,0.5359
1990-07-16,0.5537
1990-07-17,0.5463
1990-07-18,0.5513
1990-07-19,0.5538
1990-07-20,0.5492
1990-07-23,0.5588
1990-07-24,0.5645
1990-07-25,0.5588
1990-07-26,0.5663
1990-07-27,0.5613
1990-07-30,0.5638
1990-07-31,0.5688
1990-08-01,0.5963
1990-08-02,0.6338
1990-08-03,0.6538
1990-08-06,0.7428
1990-08-07,0.7328
1990-08-08,0.7438
1990-08-09,0.6965
1990-08-10,0.7249
1990-08-13,0.7425
1990-08-14,0.7267
1990-08-15,0.714
1990-08-16,0.7413
1990-08-17,0.7938
1990-08-20,0.8188
1990-08-21,0.8238
1990-08-22,0.8998
1990-08-23,0.9513
1990-08-24,0.9013
1990-08-27,0.7688
1990-08-28,0.7838
1990-08-29,0.7038
1990-08-30,0.7463
1990-08-31,0.7463
1990-09-04,0.8038
1990-09-05,0.8138
1990-09-06,0.8663
1990-09-07,0.8263
1990-09-10,0.8438
1990-09-11,0.8163
1990-09-12,0.8063
1990-09-13,0.8163
1990-09-14,0.8063
1990-09-17,0.8288
1990-09-18,0.8363
1990-09-19,0.8613
1990-09-20,0.9013
1990-09-21,0.9538
1990-09-24,1.0288
1990-09-25,0.9988
1990-09-26,1.0113
1990-09-27,1.0313
1990-09-28,1.0063
1990-10-01,0.9813
1990-10-02,0.9063
1990-10-03,0.9788
1990-10-04,0.9813
1990-10-05,1.0088
1990-10-08,1.0113
1990-10-09,1.0438
1990-10-10,0.9963
1990-10-11,1.0263
1990-10-12,1.0399
1990-10-15,1.0113
1990-10-16,1.0263
1990-10-17,0.9663
1990-10-18,0.9538
1990-10-19,0.8713
1990-10-22,0.7413
1990-10-23,0.7913
1990-10-24,0.8238
1990-10-25,0.9013
1990-10-26,0.8688
1990-10-29,0.9013
1990-10-30,0.9013
1990-10-31,0.8863
1990-11-01,0.8863
1990-11-02,0.8663
1990-11-05,0.8288
1990-11-06,0.8463
1990-11-07,0.9088
1990-11-08,0.9263
1990-11-09,0.8913
1990-11-12,0.8538
1990-11-13,0.8813
1990-11-14,0.8613
1990-11-15,0.8613
1990-11-16,0.8388
1990-11-19,0.8638
1990-11-20,0.8638
1990-11-21,0.8513
1990-11-23,0.8838
1990-11-26,0.9113
1990-11-27,0.9138
1990-11-28,0.9213
1990-11-29,0.9363
1990-11-30,0.8538
1990-12-03,0.8538
1990-12-04,0.8663
1990-12-05,0.8338
1990-12-06,0.8213
1990-12-07,0.8113
1990-12-10,0.8263
1990-12-11,0.7888
1990-12-12,0.7538
1990-12-13,0.7538
1990-12-14,0.7563
1990-12-17,0.7513
1990-12-18,0.7538
1990-12-19,0.7763
1990-12-20,0.7888
1990-12-21,0.7888
1990-12-26,0.8113
1990-12-27,0.8113
1990-12-28,0.7938
1990-12-31,0.8088
1991-01-02,0.7513
1991-01-03,0.7163
1991-01-04,0.6913
1991-01-07,0.7688
1991-01-08,0.7438
1991-01-09,0.7713
1991-01-10,0.7738
1991-01-11,0.7763
1991-01-14,0.9013
1991-01-15,0.8638
1991-01-16,0.9513
1991-01-17,0.6488
1991-01-18,0.6438
1991-01-21,0.6988
1991-01-22,0.7538
1991-01-23,0.7538
1991-01-24,0.7263
1991-01-25,0.7188
1991-01-28,0.7063
1991-01-29,0.7163
1991-01-30,0.7163
1991-01-31,0.7263
1991-02-01,0.6988
1991-02-04,0.6788
1991-02-05,0.6938
1991-02-06,0.7538
1991-02-07,0.7538
1991-02-08,0.7688
1991-02-11,0.7988
1991-02-12,0.8038
1991-02-13,0.7513
1991-02-14,0.7213
1991-02-15,0.6913
1991-02-19,0.6663
1991-02-20,0.6963
1991-02-21,0.6613
1991-02-22,0.6438
1991-02-25,0.6588
1991-02-26,0.6813
1991-02-27,0.6813
1991-02-28,0.6738
1991-03-01,0.6263
1991-03-04,0.6413
1991-03-05,0.6513
1991-03-06,0.6513
1991-03-07,0.6413
1991-03-08,0.6313
1991-03-11,0.6263
1991-03-12,0.6238
1991-03-13,0.6288
1991-03-14,0.6163
1991-03-15,0.6213
1991-03-18,0.6188
1991-03-19,0.6338
1991-03-20,0.6313
1991-03-21,0.6388
1991-03-22,0.6213
1991-03-25,0.5788
1991-03-26,0.5788
1991-03-27,0.5713
1991-03-28,0.5713
1991-04-01,0.5638
1991-04-02,0.5838
1991-04-03,0.5763
1991-04-04,0.5863
1991-04-05,0.5713
1991-04-08,0.5663
1991-04-09,0.5663
1991-04-10,0.5738
1991-04-11,0.5688
1991-04-12,0.5763
1991-04-15,0.5788
1991-04-16,0.5613
1991-04-17,0.5613
1991-04-18,0.5563
1991-04-19,0.5613
1991-04-22,0.5688
1991-04-23,0.5688
1991-04-24,0.5638
1991-04-25,0.5588
1991-04-26,0.5563
1991-04-29,0.5513
1991-04-30,0.5313
1991-05-01,0.5388
1991-05-02,0.5338
1991-05-03,0.5438
1991-05-06,0.5513
1991-05-07,0.5513
1991-05-08,0.5488
1991-05-09,0.5538
1991-05-10,0.5438
1991-05-13,0.5388
1991-05-14,0.54
1991-05-15,0.55
1991-05-16,0.5525
1991-05-17,0.553
1991-05-20,0.5545
1991-05-21,0.5573
1991-05-22,0.5568
1991-05-23,0.5563
1991-05-24,0.5523
1991-05-28,0.5553
1991-05-29,0.5545
1991-05-30,0.5645
1991-05-31,0.565
1991-06-03,0.5603
1991-06-04,0.557
1991-06-05,0.538
1991-06-06,0.5375
1991-06-07,0.5305
1991-06-10,0.52
1991-06-11,0.5245
1991-06-12,0.5343
1991-06-13,0.5295
1991-06-14,0.5315
1991-06-17,0.533
1991-06-18,0.5345
1991-06-19,0.5308
1991-06-20,0.5425
1991-06-21,0.5403
1991-06-24,0.5343
1991-06-25,0.5315
1991-06-26,0.5353
1991-06-27,0.541
1991-06-28,0.5505
1991-07-01,0.555
1991-07-02,0.5588
1991-07-03,0.553
1991-07-05,0.56
1991-07-08,0.5665
1991-07-09,0.5718
1991-07-10,0.5805
1991-07-11,0.5785
1991-07-12,0.5938
1991-07-15,0.5855
1991-07-16,0.589
1991-07-17,0.5945
1991-07-18,0.5845
1991-07-19,0.5895
1991-07-22,0.585
1991-07-23,0.57
1991-07-24,0.576
1991-07-25,0.5798
1991-07-26,0.584
1991-07-29,0.5838
1991-07-30,0.5878
1991-07-31,0.6
1991-08-01,0.589
1991-08-02,0.5918
1991-08-05,0.592
1991-08-06,0.5803
1991-08-07,0.5815
1991-08-08,0.587
1991-08-09,0.592
1991-08-12,0.5923
1991-08-13,0.5905
1991-08-14,0.5838
1991-08-15,0.594
1991-08-16,0.5995
1991-08-19,0.6395
1991-08-20,0.6543
1991-08-21,0.6103
1991-08-22,0.616
1991-08-23,0.612
1991-08-26,0.6158
1991-08-27,0.6145
1991-08-28,0.6163
1991-08-29,0.6265
1991-08-30,0.6348
1991-09-03,0.6345
1991-09-04,0.6188
1991-09-05,0.6198
1991-09-06,0.6105
1991-09-09,0.6035
1991-09-10,0.6013
1991-09-11,0.6035
1991-09-12,0.5983
1991-09-13,0.6045
1991-09-16,0.608
1991-09-17,0.598
1991-09-18,0.6088
1991-09-19,0.6073
1991-09-20,0.6155
1991-09-23,0.6288
1991-09-24,0.6285
1991-09-25,0.627
1991-09-26,0.622
1991-09-27,0.6283
1991-09-30,0.634
1991-10-01,0.627
1991-10-02,0.6278
1991-10-03,0.641
1991-10-04,0.6405
1991-10-07,0.6525
1991-10-08,0.6535
1991-10-09,0.6605
1991-10-10,0.6558
1991-10-11,0.658
1991-10-14,0.6785
1991-10-15,0.676
1991-10-16,0.6688
1991-10-17,0.677
1991-10-18,0.682
1991-10-21,0.6858
1991-10-22,0.6795
1991-10-23,0.6705
1991-10-24,0.6828
1991-10-25,0.6758
1991-10-28,0.6758
1991-10-29,0.675
1991-10-30,0.6735
1991-10-31,0.676
1991-11-01,0.687
1991-11-04,0.697
1991-11-05,0.6998
1991-11-06,0.6913
1991-11-07,0.6843
1991-11-08,0.6778
1991-11-11,0.659
1991-11-12,0.6455
1991-11-13,0.6398
1991-11-14,0.637
1991-11-15,0.6575
1991-11-18,0.6325
1991-11-19,0.6233
1991-11-20,0.6238
1991-11-21,0.6168
1991-11-22,0.604
1991-11-25,0.6075
1991-11-26,0.602
1991-11-27,0.6055
1991-11-29,0.6155
1991-12-02,0.5953
1991-12-03,0.5743
1991-12-04,0.582
1991-12-05,0.572
1991-12-06,0.5505
1991-12-09,0.522
1991-12-10,0.526
1991-12-11,0.533
1991-12-12,0.5368
1991-12-13,0.542
1991-12-16,0.5523
1991-12-17,0.541
1991-12-18,0.5245
1991-12-19,0.5115
1991-12-20,0.4835
1991-12-23,0.4885
1991-12-24,0.4815
1991-12-26,0.4775
1991-12-27,0.4778
1991-12-30,0.4623
1991-12-31,0.478
1992-01-02,0.4885
1992-01-03,0.4928
1992-01-06,0.4903
1992-01-07,0.479
1992-01-08,0.4675
1992-01-09,0.4773
1992-01-10,0.4968
1992-01-13,0.53
1992-01-14,0.518
1992-01-15,0.528
1992-01-16,0.5378
1992-01-17,0.5395
1992-01-20,0.539
1992-01-21,0.5255
1992-01-22,0.521
1992-01-23,0.5265
1992-01-24,0.5405
1992-01-27,0.5485
1992-01-28,0.5355
1992-01-29,0.5335
1992-01-30,0.514
1992-01-31,0.524
1992-02-03,0.5318
1992-02-04,0.5425
1992-02-05,0.5485
1992-02-06,0.5488
1992-02-07,0.5615
1992-02-10,0.5635
1992-02-11,0.5495
1992-02-12,0.551
1992-02-13,0.5535
1992-02-14,0.5403
1992-02-18,0.5095
1992-02-19,0.5133
1992-02-20,0.524
1992-02-21,0.5213
1992-02-24,0.5103
1992-02-25,0.5078
1992-02-26,0.5035
1992-02-27,0.5065
1992-02-28,0.5113
1992-03-02,0.4958
1992-03-03,0.509
1992-03-04,0.514
1992-03-05,0.515
1992-03-06,0.5103
1992-03-09,0.508
1992-03-10,0.516
1992-03-11,0.511
1992-03-12,0.521
1992-03-13,0.535
1992-03-16,0.5363
1992-03-17,0.5423
1992-03-18,0.533
1992-03-19,0.5415
1992-03-20,0.5343
1992-03-23,0.5383
1992-03-24,0.5333
1992-03-25,0.528
1992-03-26,0.5275
1992-03-27,0.5215
1992-03-30,0.5305
1992-03-31,0.5393
1992-04-01,0.5535
1992-04-02,0.553
1992-04-03,0.568
1992-04-06,0.5708
1992-04-07,0.563
1992-04-08,0.5655
1992-04-09,0.5583
1992-04-10,0.5638
1992-04-13,0.5568
1992-04-14,0.5553
1992-04-15,0.5593
1992-04-16,0.567
1992-04-20,0.5708
1992-04-21,0.5775
1992-04-22,0.5643
1992-04-23,0.555
1992-04-24,0.5573
1992-04-27,0.5523
1992-04-28,0.5598
1992-04-29,0.5685
1992-04-30,0.5778
1992-05-01,0.574
1992-05-04,0.582
1992-05-05,0.5698
1992-05-06,0.5725
1992-05-07,0.573
1992-05-08,0.5783
1992-05-11,0.5855
1992-05-12,0.5773
1992-05-13,0.572
1992-05-14,0.5668
1992-05-15,0.5728
1992-05-18,0.5705
1992-05-19,0.5603
1992-05-20,0.55
1992-05-21,0.559
1992-05-22,0.5655
1992-05-26,0.5935
1992-05-27,0.589
1992-05-28,0.597
1992-05-29,0.6038
1992-06-01,0.603
1992-06-02,0.6043
1992-06-03,0.608
1992-06-04,0.609
1992-06-05,0.6185
1992-06-08,0.613
1992-06-09,0.6083
1992-06-10,0.611
1992-06-11,0.6043
1992-06-12,0.6078
1992-06-15,0.6083
1992-06-16,0.605
1992-06-17,0.6068
1992-06-18,0.6108
1992-06-19,0.6133
1992-06-22,0.6185
1992-06-23,0.6183
1992-06-24,0.6338
1992-06-25,0.6388
1992-06-26,0.621
1992-06-29,0.6165
1992-06-30,0.6105
1992-07-01,0.6035
1992-07-02,0.6083
1992-07-06,0.5998
1992-07-07,0.584
1992-07-08,0.5863
1992-07-09,0.5883
1992-07-10,0.5895
1992-07-13,0.596
1992-07-14,0.5945
1992-07-15,0.599
1992-07-16,0.5968
1992-07-17,0.5948
1992-07-20,0.6018
1992-07-21,0.5968
1992-07-22,0.608
1992-07-23,0.6148
1992-07-24,0.6233
1992-07-27,0.6158
1992-07-28,0.6183
1992-07-29,0.61
1992-07-30,0.6035
1992-07-31,0.605
1992-08-03,0.592
1992-08-04,0.585
1992-08-05,0.5798
1992-08-06,0.5918
1992-08-07,0.58
1992-08-10,0.5755
1992-08-11,0.5688
1992-08-12,0.5715
1992-08-13,0.5805
1992-08-14,0.5835
1992-08-17,0.5868
1992-08-18,0.5818
1992-08-19,0.5765
1992-08-20,0.5803
1992-08-21,0.577
1992-08-24,0.5908
1992-08-25,0.5815
1992-08-26,0.5793
1992-08-27,0.5805
1992-08-28,0.5918
1992-08-31,0.6043
1992-09-01,0.607
1992-09-02,0.6018
1992-09-03,0.6003
1992-09-04,0.604
1992-09-08,0.6118
1992-09-09,0.6113
1992-09-10,0.617
1992-09-11,0.6225
1992-09-14,0.6318
1992-09-15,0.6268
1992-09-16,0.6268
1992-09-17,0.6213
1992-09-18,0.6143
1992-09-21,0.6173
1992-09-22,0.6225
1992-09-23,0.6343
1992-09-24,0.6273
1992-09-25,0.6253
1992-09-28,0.6283
1992-09-29,0.626
1992-09-30,0.6293
1992-10-01,0.6303
1992-10-02,0.6315
1992-10-05,0.6293
1992-10-06,0.6263
1992-10-07,0.6318
1992-10-08,0.6363
1992-10-09,0.6528
1992-10-12,0.6495
1992-10-13,0.6405
1992-10-14,0.6415
1992-10-15,0.6505
1992-10-16,0.645
1992-10-19,0.641
1992-10-20,0.6345
1992-10-21,0.62
1992-10-22,0.6175
1992-10-23,0.6125
1992-10-26,0.6123
1992-10-27,0.6115
1992-10-28,0.6073
1992-10-29,0.5885
1992-10-30,0.5825
1992-11-02,0.586
1992-11-03,0.581
1992-11-04,0.5708
1992-11-05,0.5763
1992-11-06,0.5603
1992-11-09,0.5698
1992-11-10,0.5665
1992-11-11,0.5728
1992-11-12,0.5665
1992-11-13,0.565
1992-11-16,0.5785
1992-11-17,0.5698
1992-11-18,0.5528
1992-11-19,0.5603
1992-11-20,0.5603
1992-11-23,0.5485
1992-11-24,0.556
1992-11-25,0.566
1992-11-30,0.5565
1992-12-01,0.5473
1992-12-02,0.5455
1992-12-03,0.53
1992-12-04,0.5315
1992-12-07,0.5425
1992-12-08,0.5358
1992-12-09,0.5343
1992-12-10,0.551
1992-12-11,0.5625
1992-12-14,0.5328
1992-12-15,0.5285
1992-12-16,0.5445
1992-12-17,0.5528
1992-12-18,0.5505
1992-12-21,0.5585
1992-12-22,0.556
1992-12-23,0.575
1992-12-28,0.57
1992-12-29,0.5593
1992-12-30,0.565
1992-12-31,0.561
1993-01-04,0.5405
1993-01-05,0.5463
1993-01-06,0.5313
1993-01-07,0.5213
1993-01-08,0.5235
1993-01-11,0.5238
1993-01-12,0.5153
1993-01-13,0.5158
1993-01-14,0.5225
1993-01-15,0.526
1993-01-18,0.5268
1993-01-19,0.5235
1993-01-20,0.5125
1993-01-21,0.5145
1993-01-22,0.5135
1993-01-25,0.5448
1993-01-26,0.5523
1993-01-27,0.5435
1993-01-28,0.5625
1993-01-29,0.5575
1993-02-01,0.5603
1993-02-02,0.553
1993-02-03,0.5548
1993-02-04,0.5613
1993-02-05,0.5633
1993-02-08,0.5605
1993-02-09,0.5583
1993-02-10,0.5605
1993-02-11,0.5605
1993-02-12,0.5503
1993-02-16,0.5458
1993-02-17,0.5403
1993-02-18,0.5398
1993-02-19,0.5455
1993-02-22,0.5585
1993-02-23,0.5678
1993-02-24,0.571
1993-02-25,0.5858
1993-02-26,0.5768
1993-03-01,0.5793
1993-03-02,0.5753
1993-03-03,0.5803
1993-03-04,0.5968
1993-03-05,0.5935
1993-03-08,0.5823
1993-03-09,0.5833
1993-03-10,0.5813
1993-03-11,0.5738
1993-03-12,0.5815
1993-03-15,0.5768
1993-03-16,0.5828
1993-03-17,0.582
1993-03-18,0.5898
1993-03-19,0.5868
1993-03-22,0.5788
1993-03-23,0.5873
1993-03-24,0.5893
1993-03-25,0.5898
1993-03-26,0.581
1993-03-29,0.5698
1993-03-30,0.5583
1993-03-31,0.5573
1993-04-01,0.5665
1993-04-02,0.574
1993-04-05,0.5713
1993-04-06,0.558
1993-04-07,0.563
1993-04-08,0.5555
1993-04-12,0.5613
1993-04-13,0.5563
1993-04-14,0.5533
1993-04-15,0.537
1993-04-16,0.552
1993-04-19,0.5505
1993-04-20,0.5433
1993-04-21,0.544
1993-04-22,0.5395
1993-04-23,0.5525
1993-04-26,0.5503
1993-04-27,0.548
1993-04-28,0.5473
1993-04-29,0.5538
1993-04-30,0.552
1993-05-03,0.5533
1993-05-04,0.5505
1993-05-05,0.5528
1993-05-06,0.5543
1993-05-07,0.5578
1993-05-10,0.5628
1993-05-11,0.5573
1993-05-12,0.55
1993-05-13,0.5388
1993-05-14,0.5308
1993-05-17,0.5373
1993-05-18,0.5343
1993-05-19,0.5385
1993-05-20,0.5473
1993-05-21,0.543
1993-05-24,0.536
1993-05-25,0.5398
1993-05-26,0.5403
1993-05-27,0.5438
1993-05-28,0.5468
1993-06-01,0.549
1993-06-02,0.548
1993-06-03,0.5395
1993-06-04,0.5385
1993-06-07,0.5315
1993-06-08,0.5325
1993-06-09,0.5341
1993-06-10,0.527
1993-06-11,0.5255
1993-06-14,0.52
1993-06-15,0.5155
1993-06-16,0.521
1993-06-17,0.5185
1993-06-18,0.5188
1993-06-21,0.517
1993-06-22,0.517
1993-06-23,0.5173
1993-06-24,0.517
1993-06-25,0.521
1993-06-28,0.5223
1993-06-29,0.5223
1993-06-30,0.5228
1993-07-01,0.5145
1993-07-02,0.5048
1993-07-06,0.508
1993-07-07,0.499
1993-07-08,0.4905
1993-07-09,0.499
1993-07-12,0.4998
1993-07-13,0.499
1993-07-14,0.4862
1993-07-15,0.492
1993-07-16,0.4838
1993-07-19,0.5003
1993-07-20,0.493
1993-07-21,0.4975
1993-07-22,0.489
1993-07-23,0.494
1993-07-26,0.4968
1993-07-27,0.511
1993-07-28,0.5063
1993-07-29,0.5015
1993-07-30,0.494
1993-08-02,0.502
1993-08-03,0.4975
1993-08-04,0.4948
1993-08-05,0.4888
1993-08-06,0.4745
1993-08-09,0.4818
1993-08-10,0.478
1993-08-11,0.4905
1993-08-12,0.5095
1993-08-13,0.5228
1993-08-16,0.5167
1993-08-17,0.5195
1993-08-18,0.5128
1993-08-19,0.5148
1993-08-20,0.5188
1993-08-23,0.5223
1993-08-24,0.5198
1993-08-25,0.5145
1993-08-26,0.5193
1993-08-27,0.5288
1993-08-30,0.5358
1993-08-31,0.5258
1993-09-01,0.5218
1993-09-02,0.5228
1993-09-03,0.52
1993-09-07,0.5038
1993-09-08,0.503
1993-09-09,0.5055
1993-09-10,0.5043
1993-09-13,0.505
1993-09-14,0.5088
1993-09-15,0.51
1993-09-16,0.5065
1993-09-17,0.5123
1993-09-20,0.5308
1993-09-21,0.5315
1993-09-22,0.5285
1993-09-23,0.5325
1993-09-24,0.528
1993-09-27,0.5275
1993-09-28,0.5315
1993-09-29,0.551
1993-09-30,0.56
1993-10-01,0.5583
1993-10-04,0.5523
1993-10-05,0.5473
1993-10-06,0.5535
1993-10-07,0.5513
1993-10-08,0.552
1993-10-11,0.5565
1993-10-12,0.556
1993-10-13,0.551
1993-10-14,0.5495
1993-10-15,0.5425
1993-10-18,0.5455
1993-10-19,0.5383
1993-10-20,0.5405
1993-10-21,0.5395
1993-10-22,0.532
1993-10-25,0.5213
1993-10-26,0.5195
1993-10-27,0.5243
1993-10-28,0.5178
1993-10-29,0.5083
1993-11-01,0.5265
1993-11-02,0.5188
1993-11-03,0.517
1993-11-04,0.5135
1993-11-05,0.5058
1993-11-08,0.5148
1993-11-09,0.498
1993-11-10,0.5005
1993-11-11,0.5093
1993-11-12,0.4978
1993-11-15,0.503
1993-11-16,0.5013
1993-11-17,0.516
1993-11-18,0.5123
1993-11-19,0.5098
1993-11-22,0.509
1993-11-23,0.498
1993-11-24,0.494
1993-11-29,0.4625
1993-11-30,0.465
1993-12-01,0.461
1993-12-02,0.4473
1993-12-03,0.4465
1993-12-06,0.4328
1993-12-07,0.432
1993-12-08,0.4258
1993-12-09,0.4245
1993-12-10,0.4328
1993-12-13,0.4168
1993-12-14,0.4193
1993-12-15,0.4305
1993-12-16,0.4365
1993-12-17,0.433
1993-12-20,0.427
1993-12-21,0.4253
1993-12-22,0.4318
1993-12-23,0.4368
1993-12-27,0.4448
1993-12-28,0.4385
1993-12-29,0.4493
1993-12-30,0.4445
1994-01-03,0.4543
1994-01-04,0.4628
1994-01-05,0.4835
1994-01-06,0.48
1994-01-07,0.4875
1994-01-10,0.4733
1994-01-11,0.4915
1994-01-12,0.4898
1994-01-13,0.498
1994-01-14,0.5193
1994-01-17,0.5343
1994-01-18,0.4988
1994-01-19,0.5055
1994-01-20,0.4828
1994-01-21,0.4835
1994-01-24,0.4985
1994-01-25,0.5035
1994-01-26,0.5303
1994-01-27,0.5388
1994-01-28,0.5315
1994-01-31,0.5383
1994-02-01,0.5048
1994-02-02,0.6043
1994-02-03,0.61
1994-02-04,0.601
1994-02-07,0.5975
1994-02-08,0.603
1994-02-09,0.6128
1994-02-10,0.6198
1994-02-11,0.6325
1994-02-14,0.5805
1994-02-15,0.5443
1994-02-16,0.4988
1994-02-17,0.49
1994-02-18,0.4838
1994-02-22,0.5018
1994-02-23,0.5133
1994-02-24,0.5343
1994-02-25,0.5233
1994-02-28,0.5343
1994-03-01,0.5218
1994-03-02,0.5203
1994-03-03,0.5188
1994-03-04,0.52
1994-03-07,0.4978
1994-03-08,0.4948
1994-03-09,0.4938
1994-03-10,0.4868
1994-03-11,0.4783
1994-03-14,0.4703
1994-03-15,0.482
1994-03-16,0.4755
1994-03-17,0.4788
1994-03-18,0.4843
1994-03-21,0.4903
1994-03-22,0.4915
1994-03-23,0.4888
1994-03-24,0.4908
1994-03-25,0.5018
1994-03-28,0.477
1994-03-29,0.4878
1994-03-30,0.4868
1994-03-31,0.4865
1994-04-04,0.5053
1994-04-05,0.4958
1994-04-06,0.4863
1994-04-07,0.4718
1994-04-08,0.4668
1994-04-11,0.4745
1994-04-12,0.4738
1994-04-13,0.4693
1994-04-14,0.481
1994-04-15,0.4865
1994-04-18,0.483
1994-04-19,0.4725
1994-04-20,0.4735
1994-04-21,0.4768
1994-04-22,0.4833
1994-04-25,0.487
1994-04-26,0.4755
1994-04-28,0.4663
1994-04-29,0.4733
1994-05-02,0.4778
1994-05-03,0.472
1994-05-04,0.4693
1994-05-05,0.4763
1994-05-06,0.4853
1994-05-09,0.486
1994-05-10,0.4818
1994-05-11,0.4815
1994-05-12,0.4833
1994-05-13,0.4855
1994-05-16,0.4785
1994-05-17,0.4695
1994-05-18,0.4748
1994-05-19,0.4773
1994-05-20,0.485
1994-05-23,0.4778
1994-05-24,0.4768
1994-05-25,0.4755
1994-05-26,0.4795
1994-05-27,0.4845
1994-05-31,0.486
1994-06-01,0.4955
1994-06-02,0.4863
1994-06-03,0.4833
1994-06-06,0.476
1994-06-07,0.4653
1994-06-08,0.4693
1994-06-09,0.4723
1994-06-10,0.4708
1994-06-13,0.4783
1994-06-14,0.4813
1994-06-15,0.5083
1994-06-16,0.506
1994-06-17,0.5215
1994-06-20,0.5165
1994-06-21,0.506
1994-06-22,0.5018
1994-06-23,0.509
1994-06-24,0.506
1994-06-27,0.4973
1994-06-28,0.5018
1994-06-29,0.4968
1994-06-30,0.5068
1994-07-01,0.5085
1994-07-05,0.502
1994-07-06,0.489
1994-07-07,0.4805
1994-07-08,0.4848
1994-07-11,0.4945
1994-07-12,0.5018
1994-07-13,0.4998
1994-07-14,0.502
1994-07-15,0.494
1994-07-18,0.4853
1994-07-19,0.492
1994-07-20,0.4945
1994-07-21,0.4988
1994-07-22,0.5055
1994-07-25,0.5015
1994-07-26,0.5005
1994-07-27,0.5048
1994-07-28,0.51
1994-07-29,0.5328
1994-08-01,0.5433
1994-08-02,0.5348
1994-08-03,0.5253
1994-08-04,0.5185
1994-08-05,0.4908
1994-08-08,0.4968
1994-08-09,0.4998
1994-08-10,0.4988
1994-08-11,0.4938
1994-08-12,0.483
1994-08-15,0.4883
1994-08-16,0.4825
1994-08-17,0.4958
1994-08-18,0.4865
1994-08-19,0.481
1994-08-22,0.4735
1994-08-23,0.4795
1994-08-24,0.4888
1994-08-25,0.4895
1994-08-26,0.4843
1994-08-29,0.4903
1994-08-30,0.4875
1994-08-31,0.4933
1994-09-01,0.492
1994-09-02,0.4925
1994-09-06,0.4948
1994-09-07,0.4963
1994-09-08,0.4898
1994-09-09,0.486
1994-09-12,0.4995
1994-09-13,0.472
1994-09-14,0.4598
1994-09-15,0.4533
1994-09-16,0.4598
1994-09-19,0.4738
1994-09-20,0.473
1994-09-21,0.4678
1994-09-22,0.4758
1994-09-23,0.4758
1994-09-26,0.4673
1994-09-27,0.4658
1994-09-28,0.4783
1994-09-29,0.4893
1994-09-30,0.4998
1994-10-03,0.4903
1994-10-04,0.4853
1994-10-05,0.4849
1994-10-06,0.4883
1994-10-07,0.4898
1994-10-10,0.4868
1994-10-11,0.4788
1994-10-12,0.46
1994-10-13,0.4624
1994-10-14,0.4625
1994-10-17,0.4683
1994-10-18,0.4705
1994-10-19,0.4788
1994-10-20,0.4968
1994-10-21,0.4863
1994-10-24,0.4923
1994-10-25,0.4898
1994-10-26,0.4928
1994-10-27,0.4918
1994-10-28,0.4903
1994-10-31,0.4868
1994-11-01,0.5043
1994-11-02,0.505
1994-11-03,0.5068
1994-11-04,0.5065
1994-11-07,0.5005
1994-11-08,0.5075
1994-11-09,0.5028
1994-11-10,0.5045
1994-11-11,0.5005
1994-11-14,0.4855
1994-11-15,0.4848
1994-11-16,0.4765
1994-11-17,0.4788
1994-11-18,0.4778
1994-11-21,0.4815
1994-11-22,0.488
1994-11-23,0.5078
1994-11-28,0.505
1994-11-29,0.5
1994-11-30,0.4865
1994-12-01,0.4793
1994-12-02,0.462
1994-12-05,0.463
1994-12-06,0.4658
1994-12-07,0.4738
1994-12-08,0.4903
1994-12-09,0.4945
1994-12-12,0.4898
1994-12-13,0.4868
1994-12-14,0.4948
1994-12-15,0.487
1994-12-16,0.484
1994-12-19,0.4775
1994-12-20,0.4775
1994-12-21,0.4768
1994-12-22,0.4775
1994-12-23,0.4807
1994-12-27,0.492
1994-12-28,0.5
1994-12-29,0.5075
1994-12-30,0.5143
1995-01-03,0.5023
1995-01-04,0.4973
1995-01-05,0.4995
1995-01-06,0.494
1995-01-09,0.4835
1995-01-10,0.4715
1995-01-11,0.478
1995-01-12,0.4763
1995-01-13,0.464
1995-01-16,0.4463
1995-01-17,0.4853
1995-01-18,0.49
1995-01-19,0.4825
1995-01-20,0.4798
1995-01-23,0.4758
1995-01-24,0.477
1995-01-25,0.4718
1995-01-26,0.4698
1995-01-27,0.4723
1995-01-30,0.4703
1995-01-31,0.4703
1995-02-01,0.4735
1995-02-02,0.4818
1995-02-03,0.4915
1995-02-06,0.4913
1995-02-07,0.492
1995-02-08,0.4788
1995-02-09,0.4748
1995-02-10,0.4825
1995-02-13,0.471
1995-02-14,0.4728
1995-02-15,0.4653
1995-02-16,0.4678
1995-02-17,0.4748
1995-02-21,0.4743
1995-02-22,0.476
1995-02-23,0.4725
1995-02-24,0.4745
1995-02-27,0.4688
1995-02-28,0.4688
1995-03-01,0.4638
1995-03-02,0.4625
1995-03-03,0.4708
1995-03-06,0.4618
1995-03-07,0.4593
1995-03-08,0.4478
1995-03-09,0.4493
1995-03-10,0.451
1995-03-13,0.4525
1995-03-14,0.44
1995-03-15,0.447
1995-03-16,0.4505
1995-03-17,0.4575
1995-03-20,0.4555
1995-03-21,0.453
1995-03-22,0.467
1995-03-23,0.462
1995-03-24,0.4595
1995-03-27,0.472
1995-03-28,0.4715
1995-03-29,0.4683
1995-03-30,0.4685
1995-03-31,0.4678
1995-04-03,0.472
1995-04-04,0.476
1995-04-05,0.4768
1995-04-06,0.488
1995-04-07,0.4918
1995-04-10,0.4895
1995-04-11,0.499
1995-04-12,0.4968
1995-04-13,0.4868
1995-04-17,0.4993
1995-04-18,0.5005
1995-04-19,0.499
1995-04-20,0.5005
1995-04-21,0.5048
1995-04-24,0.4998
1995-04-25,0.506
1995-04-26,0.5043
1995-04-27,0.51
1995-04-28,0.5095
1995-05-01,0.5123
1995-05-02,0.512
1995-05-03,0.5048
1995-05-04,0.5148
1995-05-05,0.5118
1995-05-08,0.5148
1995-05-09,0.4888
1995-05-10,0.4978
1995-05-11,0.4888
1995-05-12,0.492
1995-05-15,0.4955
1995-05-16,0.5025
1995-05-17,0.5018
1995-05-18,0.504
1995-05-19,0.5088
1995-05-22,0.5123
1995-05-23,0.5195
1995-05-24,0.5093
1995-05-25,0.5098
1995-05-26,0.4838
1995-05-30,0.4868
1995-05-31,0.4858
1995-06-01,0.4925
1995-06-02,0.495
1995-06-05,0.4918
1995-06-06,0.4873
1995-06-07,0.4858
1995-06-08,0.4833
1995-06-09,0.477
1995-06-12,0.48
1995-06-13,0.4828
1995-06-14,0.4888
1995-06-15,0.489
1995-06-16,0.4803
1995-06-19,0.4663
1995-06-20,0.4678
1995-06-21,0.462
1995-06-22,0.4638
1995-06-23,0.4613
1995-06-26,0.4643
1995-06-27,0.4768
1995-06-28,0.4743
1995-06-29,0.4683
1995-06-30,0.4663
1995-07-05,0.4625
1995-07-06,0.4693
1995-07-07,0.4623
1995-07-10,0.4675
1995-07-11,0.4658
1995-07-12,0.469
1995-07-13,0.4625
1995-07-14,0.4618
1995-07-17,0.4608
1995-07-18,0.4655
1995-07-19,0.4605
1995-07-20,0.4555
1995-07-21,0.4568
1995-07-24,0.4598
1995-07-25,0.462
1995-07-26,0.479
1995-07-27,0.479
1995-07-28,0.478
1995-07-31,0.4833
1995-08-01,0.4848
1995-08-02,0.4918
1995-08-03,0.49
1995-08-04,0.4883
1995-08-07,0.4895
1995-08-08,0.4945
1995-08-09,0.4895
1995-08-10,0.491
1995-08-11,0.4893
1995-08-14,0.4838
1995-08-15,0.4858
1995-08-16,0.4825
1995-08-17,0.4893
1995-08-18,0.4933
1995-08-21,0.4985
1995-08-22,0.4983
1995-08-23,0.5
1995-08-24,0.4978
1995-08-25,0.496
1995-08-28,0.4935
1995-08-29,0.4908
1995-08-30,0.4938
1995-08-31,0.5008
1995-09-01,0.5095
1995-09-05,0.5278
1995-09-06,0.5183
1995-09-07,0.5108
1995-09-08,0.5158
1995-09-11,0.513
1995-09-12,0.515
1995-09-13,0.5088
1995-09-14,0.5145
1995-09-15,0.5115
1995-09-18,0.5133
1995-09-19,0.5098
1995-09-20,0.4893
1995-09-21,0.4835
1995-09-22,0.4793
1995-09-25,0.4868
1995-09-26,0.4793
1995-09-27,0.4888
1995-09-28,0.492
1995-09-29,0.4853
1995-10-02,0.4888
1995-10-03,0.4898
1995-10-04,0.4845
1995-10-05,0.4758
1995-10-06,0.4788
1995-10-09,0.4843
1995-10-10,0.4843
1995-10-11,0.4853
1995-10-12,0.4825
1995-10-13,0.4868
1995-10-16,0.4865
1995-10-17,0.4868
1995-10-18,0.4828
1995-10-19,0.4808
1995-10-20,0.4845
1995-10-23,0.488
1995-10-24,0.4915
1995-10-25,0.495
1995-10-26,0.5038
1995-10-27,0.5023
1995-10-30,0.5053
1995-10-31,0.503
1995-11-01,0.5088
1995-11-02,0.5185
1995-11-03,0.5133
1995-11-06,0.5085
1995-11-07,0.5068
1995-11-08,0.5115
1995-11-09,0.513
1995-11-10,0.5138
1995-11-13,0.5135
1995-11-14,0.5138
1995-11-15,0.5153
1995-11-16,0.52
1995-11-17,0.5273
1995-11-20,0.5288
1995-11-21,0.5253
1995-11-22,0.5268
1995-11-27,0.5355
1995-11-28,0.5325
1995-11-29,0.5318
1995-11-30,0.5203
1995-12-01,0.5288
1995-12-04,0.5423
1995-12-05,0.5428
1995-12-06,0.548
1995-12-07,0.5535
1995-12-08,0.5668
1995-12-11,0.5705
1995-12-12,0.5715
1995-12-13,0.58
1995-12-14,0.5743
1995-12-15,0.5823
1995-12-18,0.5928
1995-12-19,0.591
1995-12-20,0.5985
1995-12-21,0.6005
1995-12-22,0.6013
1995-12-26,0.6053
1995-12-27,0.622
1995-12-28,0.605
1995-12-29,0.5863
1996-01-02,0.6083
1996-01-03,0.6005
1996-01-04,0.5983
1996-01-05,0.6133
1996-01-09,0.6163
1996-01-10,0.6045
1996-01-11,0.5673
1996-01-12,0.5403
1996-01-15,0.5363
1996-01-16,0.5273
1996-01-17,0.5325
1996-01-18,0.555
1996-01-19,0.5453
1996-01-22,0.54
1996-01-23,0.5325
1996-01-24,0.529
1996-01-25,0.5058
1996-01-26,0.5093
1996-01-29,0.511
1996-01-30,0.5243
1996-01-31,0.5375
1996-02-01,0.5438
1996-02-02,0.5713
1996-02-05,0.5523
1996-02-06,0.5483
1996-02-07,0.5538
1996-02-08,0.5615
1996-02-09,0.5758
1996-02-12,0.582
1996-02-13,0.62
1996-02-14,0.6533
1996-02-15,0.6363
1996-02-16,0.634
1996-02-20,0.6228
1996-02-21,0.6595
1996-02-22,0.687
1996-02-23,0.6778
1996-02-26,0.6873
1996-02-27,0.6993
1996-02-28,0.6258
1996-02-29,0.6343
1996-03-01,0.6163
1996-03-04,0.5978
1996-03-05,0.5913
1996-03-06,0.6
1996-03-07,0.6068
1996-03-08,0.6083
1996-03-11,0.637
1996-03-12,0.614
1996-03-13,0.6023
1996-03-14,0.601
1996-03-15,0.6798
1996-03-18,0.7143
1996-03-19,0.7613
1996-03-20,0.7698
1996-03-21,0.7043
1996-03-22,0.6845
1996-03-25,0.682
1996-03-26,0.6948
1996-03-27,0.6945
1996-03-28,0.6668
1996-03-29,0.6438
1996-04-01,0.6563
1996-04-02,0.6858
1996-04-03,0.6845
1996-04-04,0.7063
1996-04-08,0.7443
1996-04-09,0.7483
1996-04-10,0.7825
1996-04-11,0.8055
1996-04-12,0.7838
1996-04-15,0.7673
1996-04-16,0.6863
1996-04-17,0.6718
1996-04-18,0.5953
1996-04-19,0.5983
1996-04-22,0.5783
1996-04-23,0.5993
1996-04-24,0.6133
1996-04-25,0.6263
1996-04-26,0.6238
1996-04-29,0.651
1996-04-30,0.641
1996-05-01,0.6223
1996-05-02,0.6183
1996-05-03,0.62
1996-05-06,0.621
1996-05-07,0.6243
1996-05-08,0.6278
1996-05-09,0.618
1996-05-10,0.6183
1996-05-13,0.6233
1996-05-14,0.5843
1996-05-15,0.57
1996-05-16,0.5448
1996-05-17,0.5367
1996-05-20,0.559
1996-05-21,0.5435
1996-05-22,0.5488
1996-05-23,0.5428
1996-05-24,0.5428
1996-05-28,0.5415
1996-05-29,0.54
1996-05-30,0.5213
1996-05-31,0.5093
1996-06-03,0.5113
1996-06-04,0.5123
1996-06-05,0.5068
1996-06-06,0.5093
1996-06-07,0.5168
1996-06-10,0.5118
1996-06-11,0.5068
1996-06-12,0.5078
1996-06-13,0.508
1996-06-14,0.5128
1996-06-17,0.5323
1996-06-18,0.5238
1996-06-19,0.509
1996-06-20,0.5138
1996-06-21,0.5108
1996-06-24,0.5113
1996-06-25,0.5103
1996-06-26,0.5218
1996-06-27,0.5343
1996-06-28,0.5393
1996-07-01,0.5493
1996-07-02,0.5413
1996-07-03,0.5442
1996-07-08,0.5458
1996-07-09,0.5513
1996-07-10,0.5543
1996-07-11,0.5653
1996-07-12,0.5638
1996-07-15,0.5758
1996-07-16,0.5713
1996-07-17,0.5618
1996-07-18,0.5653
1996-07-19,0.5588
1996-07-22,0.5573
1996-07-23,0.5583
1996-07-24,0.5583
1996-07-25,0.5605
1996-07-26,0.5498
1996-07-29,0.55
1996-07-30,0.5548
1996-07-31,0.5673
1996-08-01,0.5773
1996-08-02,0.5933
1996-08-05,0.5878
1996-08-06,0.5798
1996-08-07,0.582
1996-08-08,0.5893
1996-08-09,0.5845
1996-08-12,0.5948
1996-08-13,0.599
1996-08-14,0.603
1996-08-15,0.5983
1996-08-16,0.6163
1996-08-19,0.6253
1996-08-20,0.6163
1996-08-21,0.6143
1996-08-22,0.618
1996-08-23,0.619
1996-08-26,0.6093
1996-08-27,0.6108
1996-08-28,0.6203
1996-08-29,0.6378
1996-08-30,0.6268
1996-09-03,0.6558
1996-09-04,0.6398
1996-09-05,0.6503
1996-09-06,0.663
1996-09-09,0.6553
1996-09-10,0.6668
1996-09-11,0.6823
1996-09-12,0.692
1996-09-13,0.68
1996-09-16,0.6528
1996-09-17,0.6558
1996-09-18,0.6778
1996-09-19,0.6668
1996-09-20,0.6743
1996-09-23,0.6743
1996-09-24,0.6963
1996-09-25,0.7183
1996-09-26,0.7073
1996-09-27,0.7158
1996-09-30,0.7178
1996-10-01,0.7138
1996-10-02,0.7258
1996-10-03,0.7515
1996-10-04,0.7485
1996-10-07,0.7675
1996-10-08,0.762
1996-10-09,0.74
1996-10-10,0.71
1996-10-11,0.715
1996-10-14,0.7415
1996-10-15,0.7305
1996-10-16,0.718
1996-10-17,0.7225
1996-10-18,0.7405
1996-10-21,0.736
1996-10-22,0.7398
1996-10-23,0.709
1996-10-24,0.7038
1996-10-25,0.7155
1996-10-28,0.702
1996-10-29,0.6963
1996-10-30,0.6858
1996-10-31,0.664
1996-11-01,0.663
1996-11-04,0.6583
1996-11-05,0.652
1996-11-06,0.6658
1996-11-07,0.6683
1996-11-08,0.6798
1996-11-11,0.6818
1996-11-12,0.6813
1996-11-13,0.71
1996-11-14,0.7338
1996-11-15,0.7255
1996-11-18,0.7183
1996-11-19,0.7358
1996-11-20,0.7195
1996-11-21,0.7388
1996-11-22,0.7275
1996-11-25,0.7213
1996-11-26,0.7098
1996-11-27,0.7248
1996-12-02,0.7398
1996-12-03,0.7458
1996-12-04,0.7403
1996-12-05,0.7543
1996-12-06,0.7508
1996-12-09,0.7235
1996-12-10,0.696
1996-12-11,0.6665
1996-12-12,0.6868
1996-12-13,0.7158
1996-12-16,0.7488
1996-12-17,0.7368
1996-12-18,0.742
1996-12-19,0.7385
1996-12-20,0.731
1996-12-23,0.7115
1996-12-24,0.7125
1996-12-26,0.7003
1996-12-27,0.7058
1996-12-30,0.7043
1996-12-31,0.7278
1997-01-02,0.7275
1997-01-03,0.7188
1997-01-06,0.7413
1997-01-07,0.7288
1997-01-08,0.7413
1997-01-09,0.7378
1997-01-10,0.728
1997-01-13,0.7025
1997-01-14,0.6955
1997-01-15,0.717
1997-01-16,0.702
1997-01-17,0.685
1997-01-20,0.6668
1997-01-21,0.6618
1997-01-22,0.6678
1997-01-23,0.6643
1997-01-24,0.6655
1997-01-27,0.6733
1997-01-28,0.6678
1997-01-29,0.6885
1997-01-30,0.7038
1997-01-31,0.6873
1997-02-03,0.6768
1997-02-04,0.6628
1997-02-05,0.6543
1997-02-06,0.6353
1997-02-07,0.622
1997-02-10,0.6373
1997-02-11,0.639
1997-02-12,0.6343
1997-02-13,0.6253
1997-02-14,0.6343
1997-02-18,0.619
1997-02-19,0.6048
1997-02-20,0.5843
1997-02-21,0.5818
1997-02-24,0.5583
1997-02-25,0.5713
1997-02-26,0.5698
1997-02-27,0.561
1997-02-28,0.547
1997-03-03,0.545
1997-03-04,0.532
1997-03-05,0.5268
1997-03-06,0.5338
1997-03-07,0.5413
1997-03-10,0.5298
1997-03-11,0.5273
1997-03-12,0.54
1997-03-13,0.5428
1997-03-14,0.5568
1997-03-17,0.5458
1997-03-18,0.5628
1997-03-19,0.564
1997-03-20,0.56
1997-03-21,0.5613
1997-03-24,0.5578
1997-03-25,0.567
1997-03-26,0.5558
1997-03-27,0.5638
1997-03-31,0.5458
1997-04-01,0.5608
1997-04-02,0.5463
1997-04-03,0.5543
1997-04-04,0.5623
1997-04-07,0.5705
1997-04-08,0.5695
1997-04-09,0.5685
1997-04-10,0.5883
1997-04-11,0.5753
1997-04-14,0.5843
1997-04-15,0.5743
1997-04-16,0.5688
1997-04-17,0.5788
1997-04-18,0.5828
1997-04-21,0.5963
1997-04-22,0.5897
1997-04-23,0.5953
1997-04-24,0.5828
1997-04-25,0.5778
1997-04-28,0.5818
1997-04-29,0.602
1997-04-30,0.5893
1997-05-01,0.5773
1997-05-02,0.5638
1997-05-05,0.5568
1997-05-06,0.5498
1997-05-07,0.5523
1997-05-08,0.5513
1997-05-09,0.5505
1997-05-12,0.5678
1997-05-13,0.5633
1997-05-14,0.5633
1997-05-15,0.5633
1997-05-16,0.5833
1997-05-19,0.5793
1997-05-20,0.5763
1997-05-21,0.5738
1997-05-22,0.5763
1997-05-23,0.5728
1997-05-27,0.5518
1997-05-28,0.5548
1997-05-29,0.5593
1997-05-30,0.5653
1997-06-02,0.5658
1997-06-03,0.5478
1997-06-04,0.542
1997-06-05,0.5328
1997-06-06,0.5153
1997-06-09,0.5123
1997-06-10,0.5138
1997-06-11,0.5125
1997-06-12,0.5143
1997-06-13,0.5153
1997-06-16,0.5173
1997-06-17,0.5225
1997-06-18,0.5143
1997-06-19,0.5128
1997-06-20,0.511
1997-06-23,0.5183
1997-06-24,0.5153
1997-06-25,0.515
1997-06-26,0.5188
1997-06-27,0.531
1997-06-30,0.536
1997-07-01,0.5473
1997-07-02,0.5478
1997-07-03,0.5273
1997-07-07,0.5258
1997-07-08,0.528
1997-07-09,0.5238
1997-07-10,0.5188
1997-07-11,0.5215
1997-07-14,0.5128
1997-07-15,0.5258
1997-07-16,0.5233
1997-07-17,0.5348
1997-07-18,0.5182
1997-07-21,0.5192
1997-07-22,0.5193
1997-07-23,0.5298
1997-07-24,0.5313
1997-07-25,0.5393
1997-07-28,0.5412
1997-07-29,0.5418
1997-07-30,0.5598
1997-07-31,0.5603
1997-08-01,0.5608
1997-08-04,0.5795
1997-08-05,0.5783
1997-08-06,0.5628
1997-08-07,0.5458
1997-08-08,0.5368
1997-08-11,0.5373
1997-08-12,0.5438
1997-08-13,0.553
1997-08-14,0.5518
1997-08-15,0.5433
1997-08-18,0.5438
1997-08-19,0.5488
1997-08-20,0.5443
1997-08-21,0.5268
1997-08-22,0.5198
1997-08-25,0.5138
1997-08-26,0.5118
1997-08-27,0.5278
1997-08-28,0.5198
1997-08-29,0.5218
1997-09-02,0.5222
1997-09-03,0.5213
1997-09-04,0.5115
1997-09-05,0.522
1997-09-08,0.512
1997-09-09,0.512
1997-09-10,0.5033
1997-09-11,0.4893
1997-09-12,0.5108
1997-09-15,0.51
1997-09-16,0.5253
1997-09-17,0.5268
1997-09-18,0.5283
1997-09-19,0.5328
1997-09-22,0.542
1997-09-23,0.5415
1997-09-24,0.5578
1997-09-25,0.5623
1997-09-26,0.5778
1997-09-29,0.5798
1997-09-30,0.5803
1997-10-01,0.5758
1997-10-02,0.5893
1997-10-03,0.6083
1997-10-06,0.5808
1997-10-07,0.5693
1997-10-08,0.5878
1997-10-09,0.5823
1997-10-10,0.582
1997-10-13,0.5665
1997-10-14,0.5538
1997-10-15,0.5568
1997-10-16,0.5688
1997-10-17,0.562
1997-10-20,0.5668
1997-10-21,0.5653
1997-10-22,0.5718
1997-10-23,0.5673
1997-10-24,0.5578
1997-10-27,0.5638
1997-10-28,0.554
1997-10-29,0.5593
1997-10-30,0.5773
1997-10-31,0.577
1997-11-03,0.5873
1997-11-04,0.5688
1997-11-05,0.5608
1997-11-06,0.5698
1997-11-07,0.5713
1997-11-10,0.5663
1997-11-11,0.5695
1997-11-12,0.5718
1997-11-13,0.5728
1997-11-14,0.5888
1997-11-17,0.5573
1997-11-18,0.574
1997-11-19,0.5605
1997-11-20,0.548
1997-11-21,0.5508
1997-11-24,0.5525
1997-11-25,0.5538
1997-11-26,0.5282
1997-12-01,0.5158
1997-12-02,0.5168
1997-12-03,0.5238
1997-12-04,0.5245
1997-12-05,0.5265
1997-12-08,0.529
1997-12-09,0.5238
1997-12-10,0.5073
1997-12-11,0.5078
1997-12-12,0.5118
1997-12-15,0.509
1997-12-16,0.5123
1997-12-17,0.5143
1997-12-18,0.5233
1997-12-19,0.516
1997-12-22,0.5088
1997-12-23,0.5018
1997-12-24,0.5038
1997-12-26,0.5018
1997-12-29,0.4953
1997-12-30,0.4943
1997-12-31,0.4848
1998-01-02,0.4948
1998-01-05,0.4763
1998-01-06,0.4753
1998-01-07,0.4743
1998-01-08,0.4713
1998-01-09,0.4603
1998-01-12,0.4558
1998-01-13,0.454
1998-01-14,0.4563
1998-01-15,0.458
1998-01-16,0.4658
1998-01-20,0.461
1998-01-21,0.4587
1998-01-22,0.4523
1998-01-23,0.441
1998-01-26,0.47
1998-01-27,0.4702
1998-01-28,0.4767
1998-01-29,0.4927
1998-01-30,0.4752
1998-02-02,0.4702
1998-02-03,0.4542
1998-02-04,0.449
1998-02-05,0.4562
1998-02-06,0.4597
1998-02-09,0.4537
1998-02-10,0.4497
1998-02-11,0.4472
1998-02-12,0.4392
1998-02-13,0.4382
1998-02-17,0.4292
1998-02-18,0.4327
1998-02-19,0.4487
1998-02-20,0.4402
1998-02-23,0.4217
1998-02-24,0.4257
1998-02-25,0.4312
1998-02-26,0.432
1998-02-27,0.4297
1998-03-02,0.427
1998-03-03,0.4252
1998-03-04,0.4262
1998-03-05,0.4272
1998-03-06,0.4192
1998-03-09,0.4077
1998-03-10,0.4067
1998-03-11,0.4012
1998-03-12,0.402
1998-03-13,0.4012
1998-03-16,0.3837
1998-03-17,0.3855
1998-03-18,0.4112
1998-03-19,0.4082
1998-03-20,0.4082
1998-03-23,0.452
1998-03-24,0.4422
1998-03-25,0.4522
1998-03-26,0.4592
1998-03-27,0.4587
1998-03-30,0.4437
1998-03-31,0.4387
1998-04-01,0.4327
1998-04-02,0.432
1998-04-03,0.4392
1998-04-06,0.4247
1998-04-07,0.4212
1998-04-08,0.4282
1998-04-09,0.4262
1998-04-13,0.4217
1998-04-14,0.4182
1998-04-15,0.4332
1998-04-16,0.4412
1998-04-17,0.4327
1998-04-20,0.4347
1998-04-21,0.4357
1998-04-22,0.425
1998-04-23,0.4245
1998-04-24,0.4257
1998-04-27,0.4272
1998-04-28,0.4357
1998-04-29,0.4282
1998-04-30,0.4285
1998-05-01,0.452
1998-05-04,0.4462
1998-05-05,0.4332
1998-05-06,0.4297
1998-05-07,0.4272
1998-05-08,0.4197
1998-05-11,0.4177
1998-05-12,0.4197
1998-05-13,0.4162
1998-05-14,0.4157
1998-05-15,0.4077
1998-05-18,0.3997
1998-05-19,0.4067
1998-05-20,0.402
1998-05-21,0.3887
1998-05-22,0.3967
1998-05-26,0.3927
1998-05-27,0.3937
1998-05-28,0.3887
1998-05-29,0.3917
1998-06-01,0.3887
1998-06-02,0.3832
1998-06-03,0.3737
1998-06-04,0.3862
1998-06-05,0.383
1998-06-08,0.3812
1998-06-09,0.3762
1998-06-10,0.3792
1998-06-11,0.3802
1998-06-12,0.3747
1998-06-15,0.3612
1998-06-16,0.3652
1998-06-17,0.3665
1998-06-18,0.3637
1998-06-19,0.3677
1998-06-22,0.3837
1998-06-23,0.3972
1998-06-24,0.3972
1998-06-25,0.4028
1998-06-26,0.3852
1998-06-29,0.3862
1998-06-30,0.3822
1998-07-01,0.3872
1998-07-02,0.3852
1998-07-06,0.3807
1998-07-07,0.3657
1998-07-08,0.3727
1998-07-09,0.3667
1998-07-10,0.3642
1998-07-13,0.3652
1998-07-14,0.3782
1998-07-15,0.3825
1998-07-16,0.3727
1998-07-17,0.3622
1998-07-20,0.3612
1998-07-21,0.3477
1998-07-22,0.3422
1998-07-23,0.34
1998-07-24,0.3492
1998-07-27,0.3602
1998-07-28,0.3587
1998-07-29,0.3522
1998-07-30,0.3507
1998-07-31,0.3547
1998-08-03,0.3482
1998-08-04,0.3487
1998-08-05,0.3417
1998-08-06,0.3497
1998-08-07,0.3497
1998-08-10,0.3357
1998-08-11,0.3342
1998-08-12,0.3327
1998-08-13,0.3467
1998-08-14,0.3427
1998-08-17,0.3457
1998-08-18,0.3352
1998-08-19,0.3347
1998-08-20,0.3397
1998-08-21,0.3417
1998-08-24,0.3467
1998-08-25,0.3515
1998-08-26,0.3492
1998-08-27,0.3427
1998-08-28,0.3427
1998-08-31,0.3522
1998-09-01,0.3657
1998-09-02,0.3657
1998-09-03,0.3827
1998-09-04,0.3879
1998-09-08,0.3807
1998-09-09,0.381
1998-09-10,0.402
1998-09-11,0.4002
1998-09-14,0.4027
1998-09-15,0.4017
1998-09-16,0.3947
1998-09-17,0.4017
1998-09-18,0.42
1998-09-21,0.4172
1998-09-22,0.4192
1998-09-23,0.4162
1998-09-24,0.4217
1998-09-25,0.4177
1998-09-28,0.4162
1998-09-29,0.4187
1998-09-30,0.4212
1998-10-01,0.4067
1998-10-02,0.4112
1998-10-05,0.4062
1998-10-06,0.4097
1998-10-07,0.3957
1998-10-08,0.3772
1998-10-09,0.3767
1998-10-12,0.3692
1998-10-13,0.3712
1998-10-14,0.3677
1998-10-15,0.3677
1998-10-16,0.3747
1998-10-19,0.3782
1998-10-20,0.3702
1998-10-21,0.3832
1998-10-22,0.3767
1998-10-23,0.3737
1998-10-26,0.3852
1998-10-27,0.3852
1998-10-28,0.3847
1998-10-29,0.3812
1998-10-30,0.3955
1998-11-02,0.3807
1998-11-03,0.3832
1998-11-04,0.3877
1998-11-05,0.3797
1998-11-06,0.3737
1998-11-09,0.3722
1998-11-10,0.3717
1998-11-11,0.3837
1998-11-12,0.3802
1998-11-13,0.3722
1998-11-16,0.3527
1998-11-17,0.3427
1998-11-18,0.3382
1998-11-19,0.3387
1998-11-20,0.3437
1998-11-23,0.3442
1998-11-24,0.3292
1998-11-25,0.3277
1998-11-30,0.3127
1998-12-01,0.3037
1998-12-02,0.3067
1998-12-03,0.3047
1998-12-04,0.3067
1998-12-07,0.3112
1998-12-08,0.3147
1998-12-09,0.3142
1998-12-10,0.3112
1998-12-11,0.3067
1998-12-14,0.3157
1998-12-15,0.3217
1998-12-16,0.3452
1998-12-17,0.3337
1998-12-18,0.3122
1998-12-21,0.3087
1998-12-22,0.3032
1998-12-23,0.3137
1998-12-24,0.3122
1998-12-28,0.3162
1998-12-29,0.3232
1998-12-30,0.3232
1998-12-31,0.3232
1999-01-04,0.3232
1999-01-05,0.3232
1999-01-06,0.3232
1999-01-07,0.3232
1999-01-08,0.3232
1999-01-11,0.3232
1999-01-12,0.3632
1999-01-13,0.3632
1999-01-14,0.323
1999-01-15,0.3292
1999-01-19,0.3292
1999-01-20,0.3097
1999-01-21,0.3167
1999-01-22,0.3262
1999-01-25,0.3197
1999-01-26,0.3167
1999-01-27,0.3262
1999-01-28,0.3257
1999-01-29,0.3257
1999-02-01,0.3222
1999-02-02,0.3187
1999-02-03,0.3177
1999-02-04,0.3067
1999-02-05,0.2992
1999-02-08,0.2992
1999-02-09,0.2967
1999-02-10,0.2942
1999-02-11,0.2947
1999-02-12,0.2927
1999-02-16,0.2842
1999-02-17,0.2872
1999-02-18,0.2982
1999-02-19,0.2987
1999-02-22,0.3042
1999-02-23,0.314
1999-02-24,0.3227
1999-02-25,0.3302
1999-02-26,0.3302
1999-03-01,0.3182
1999-03-02,0.3197
1999-03-03,0.3317
1999-03-04,0.3477
1999-03-05,0.3492
1999-03-08,0.3597
1999-03-09,0.3605
1999-03-10,0.3877
1999-03-11,0.3802
1999-03-12,0.3892
1999-03-15,0.3802
1999-03-16,0.3775
1999-03-17,0.3775
1999-03-18,0.3967
1999-03-19,0.4075
1999-03-22,0.4252
1999-03-23,0.4187
1999-03-24,0.4055
1999-03-25,0.4152
1999-03-26,0.431
1999-03-29,0.431
1999-03-30,0.431
1999-03-31,0.4492
1999-04-01,0.4377
1999-04-05,0.4462
1999-04-06,0.4405
1999-04-07,0.4112
1999-04-08,0.4087
1999-04-09,0.4217
1999-04-12,0.4202
1999-04-13,0.4267
1999-04-14,0.4217
1999-04-15,0.4272
1999-04-16,0.4347
1999-04-19,0.4372
1999-04-20,0.4272
1999-04-21,0.4292
1999-04-22,0.4407
1999-04-23,0.4342
1999-04-26,0.4252
1999-04-27,0.4322
1999-04-28,0.441
1999-04-29,0.4477
1999-04-30,0.4425
1999-05-03,0.4537
1999-05-04,0.4532
1999-05-05,0.4537
1999-05-06,0.44
1999-05-07,0.4302
1999-05-10,0.4357
1999-05-11,0.4267
1999-05-12,0.4202
1999-05-13,0.4312
1999-05-14,0.4207
1999-05-17,0.4162
1999-05-18,0.3945
1999-05-19,0.3902
1999-05-20,0.394
1999-05-21,0.397
1999-05-24,0.3932
1999-05-25,0.3992
1999-05-26,0.4002
1999-05-27,0.4007
1999-05-28,0.3872
1999-06-01,0.3852
1999-06-02,0.3947
1999-06-03,0.3887
1999-06-04,0.4037
1999-06-07,0.4152
1999-06-08,0.4117
1999-06-09,0.4202
1999-06-10,0.421
1999-06-11,0.4405
1999-06-14,0.4465
1999-06-15,0.4562
1999-06-16,0.4391
1999-06-17,0.4497
1999-06-18,0.4184
1999-06-21,0.4352
1999-06-22,0.4292
1999-06-23,0.4592
1999-06-24,0.4502
1999-06-25,0.4522
1999-06-28,0.4462
1999-06-29,0.4557
1999-06-30,0.4772
1999-07-01,0.4835
1999-07-02,0.4852
1999-07-06,0.4872
1999-07-07,0.4907
1999-07-08,0.4937
1999-07-09,0.4982
1999-07-12,0.5002
1999-07-13,0.5027
1999-07-14,0.4992
1999-07-15,0.5102
1999-07-16,0.5092
1999-07-19,0.5062
1999-07-20,0.4895
1999-07-21,0.4887
1999-07-22,0.4982
1999-07-23,0.5072
1999-07-26,0.5062
1999-07-27,0.5015
1999-07-28,0.5102
1999-07-29,0.5252
1999-07-30,0.5202
1999-08-02,0.5167
1999-08-03,0.5125
1999-08-04,0.5277
1999-08-05,0.5217
1999-08-06,0.5367
1999-08-09,0.5402
1999-08-10,0.5412
1999-08-11,0.5492
1999-08-12,0.5442
1999-08-13,0.5482
1999-08-16,0.5482
1999-08-17,0.5492
1999-08-18,0.5602
1999-08-19,0.5712
1999-08-20,0.5677
1999-08-23,0.5712
1999-08-24,0.5637
1999-08-25,0.5417
1999-08-26,0.5512
1999-08-27,0.5562
1999-08-30,0.5562
1999-08-31,0.5737
1999-09-01,0.5737
1999-09-02,0.5612
1999-09-03,0.5712
1999-09-07,0.5867
1999-09-08,0.5912
1999-09-09,0.6072
1999-09-10,0.6167
1999-09-13,0.6182
1999-09-14,0.6067
1999-09-15,0.6082
1999-09-16,0.6077
1999-09-17,0.6077
1999-09-20,0.5992
1999-09-21,0.5957
1999-09-22,0.5982
1999-09-23,0.6187
1999-09-24,0.6177
1999-09-27,0.6192
1999-09-28,0.6137
1999-09-29,0.6202
1999-09-30,0.6212
1999-10-01,0.6202
1999-10-04,0.6022
1999-10-05,0.5902
1999-10-06,0.5887
1999-10-07,0.5672
1999-10-08,0.5282
1999-10-11,0.5402
1999-10-12,0.5702
1999-10-13,0.5887
1999-10-14,0.5802
1999-10-15,0.5905
1999-10-18,0.5882
1999-10-19,0.5812
1999-10-20,0.5852
1999-10-21,0.5887
1999-10-22,0.6072
1999-10-25,0.6037
1999-10-26,0.6017
1999-10-27,0.6052
1999-10-28,0.5762
1999-10-29,0.5712
1999-11-01,0.5927
1999-11-02,0.591
1999-11-03,0.6027
1999-11-04,0.6122
1999-11-05,0.6072
1999-11-08,0.6092
1999-11-09,0.6347
1999-11-10,0.6437
1999-11-11,0.6387
1999-11-12,0.6547
1999-11-15,0.6647
1999-11-16,0.6707
1999-11-17,0.6872
1999-11-18,0.6687
1999-11-19,0.6792
1999-11-22,0.6935
1999-11-23,0.6935
1999-11-24,0.6987
1999-11-29,0.6705
1999-11-30,0.6705
1999-12-01,0.6422
1999-12-02,0.662
1999-12-03,0.6587
1999-12-06,0.6692
1999-12-07,0.6527
1999-12-08,0.6592
1999-12-09,0.6437
1999-12-10,0.6252
1999-12-13,0.6372
1999-12-14,0.6547
1999-12-15,0.6702
1999-12-16,0.6837
1999-12-17,0.687
1999-12-20,0.6922
1999-12-21,0.6862
1999-12-22,0.6777
1999-12-23,0.6817
1999-12-27,0.6977
1999-12-28,0.7092
1999-12-29,0.7052
1999-12-30,0.6917
2000-01-04,0.6882
2000-01-05,0.6702
2000-01-06,0.6777
2000-01-07,0.6612
2000-01-10,0.6602
2000-01-11,0.6787
2000-01-12,0.6962
2000-01-13,0.7102
2000-01-14,0.7567
2000-01-18,0.8142
2000-01-19,0.8762
2000-01-20,1.0352
2000-01-21,1.28
2000-01-24,1.2485
2000-01-25,1.299
2000-01-26,1.3115
2000-01-27,1.147
2000-01-28,1.11
2000-01-31,1.027
2000-02-01,1.062
2000-02-02,1.1805
2000-02-03,1.464
2000-02-04,1.764
2000-02-07,1.253
2000-02-08,0.9797
2000-02-09,0.8972
2000-02-10,0.7952
2000-02-11,0.7937
2000-02-14,0.7837
2000-02-15,0.7662
2000-02-16,0.7557
2000-02-17,0.7617
2000-02-18,0.7727
2000-02-22,0.7592
2000-02-23,0.7677
2000-02-24,0.7862
2000-02-25,0.8297
2000-02-28,0.8157
2000-02-29,0.8182
2000-03-01,0.8532
2000-03-02,0.8682
2000-03-03,0.8682
2000-03-06,0.8687
2000-03-07,0.8852
2000-03-08,0.8042
2000-03-09,0.812
2000-03-10,0.7867
2000-03-13,0.7857
2000-03-14,0.7567
2000-03-15,0.7417
2000-03-16,0.7367
2000-03-17,0.7227
2000-03-20,0.6882
2000-03-21,0.6972
2000-03-22,0.7027
2000-03-23,0.7142
2000-03-24,0.7542
2000-03-27,0.7422
2000-03-28,0.7462
2000-03-29,0.7272
2000-03-30,0.7387
2000-03-31,0.767
2000-04-03,0.7737
2000-04-04,0.7192
2000-04-05,0.7027
2000-04-06,0.7012
2000-04-07,0.7142
2000-04-10,0.6852
2000-04-11,0.6837
2000-04-12,0.7337
2000-04-13,0.7327
2000-04-14,0.7177
2000-04-17,0.7437
2000-04-18,0.7517
2000-04-19,0.8367
2000-04-20,0.8227
2000-04-24,0.8237
2000-04-25,0.8117
2000-04-26,0.8172
2000-04-27,0.8067
2000-04-28,0.7482
2000-05-01,0.7487
2000-05-02,0.7512
2000-05-03,0.7137
2000-05-04,0.6907
2000-05-05,0.6907
2000-05-08,0.7022
2000-05-09,0.7152
2000-05-10,0.7337
2000-05-11,0.7942
2000-05-12,0.7962
2000-05-15,0.7937
2000-05-16,0.7877
2000-05-17,0.7937
2000-05-18,0.8137
2000-05-19,0.8065
2000-05-22,0.793
2000-05-23,0.7532
2000-05-24,0.7532
2000-05-25,0.7927
2000-05-26,0.7672
2000-05-30,0.7662
2000-05-31,0.7405
2000-06-01,0.7752
2000-06-02,0.7702
2000-06-05,0.76
2000-06-06,0.7672
2000-06-07,0.7537
2000-06-08,0.7432
2000-06-09,0.7437
2000-06-12,0.7855
2000-06-13,0.7925
2000-06-14,0.7922
2000-06-15,0.7922
2000-06-16,0.7437
2000-06-19,0.7367
2000-06-20,0.7622
2000-06-21,0.7862
2000-06-22,0.7862
2000-06-23,0.8077
2000-06-26,0.8077
2000-06-27,0.8202
2000-06-28,0.8172
2000-06-29,0.8487
2000-06-30,0.8462
2000-07-05,0.8027
2000-07-06,0.7877
2000-07-07,0.7902
2000-07-10,0.7792
2000-07-11,0.7864
2000-07-12,0.7902
2000-07-13,0.8122
2000-07-14,0.8047
2000-07-17,0.7887
2000-07-18,0.7992
2000-07-19,0.7952
2000-07-20,0.7872
2000-07-21,0.7577
2000-07-24,0.7477
2000-07-25,0.7532
2000-07-26,0.7572
2000-07-27,0.7652
2000-07-28,0.7672
2000-07-31,0.7797
2000-08-01,0.7847
2000-08-02,0.7977
2000-08-03,0.8057
2000-08-04,0.8362
2000-08-07,0.8127
2000-08-08,0.8082
2000-08-09,0.841
2000-08-10,0.8682
2000-08-11,0.8642
2000-08-14,0.8792
2000-08-15,0.8692
2000-08-16,0.872
2000-08-17,0.8922
2000-08-18,0.9037
2000-08-21,0.9282
2000-08-22,0.9077
2000-08-23,0.9592
2000-08-24,0.9542
2000-08-25,0.968
2000-08-28,0.9987
2000-08-29,0.9842
2000-08-30,0.9925
2000-08-31,0.9442
2000-09-01,0.9782
2000-09-05,0.9787
2000-09-06,0.9932
2000-09-07,1.029
2000-09-08,0.9937
2000-09-11,1.049
2000-09-12,1.0457
2000-09-13,1.0057
2000-09-14,1.001
2000-09-15,1.0127
2000-09-18,1.0387
2000-09-19,1.0162
2000-09-20,1.0165
2000-09-21,0.9977
2000-09-22,0.9547
2000-09-25,0.9392
2000-09-26,0.9297
2000-09-27,0.9462
2000-09-28,0.9117
2000-09-29,0.9277
2000-10-02,0.9642
2000-10-03,0.9662
2000-10-04,0.9647
2000-10-05,0.9257
2000-10-06,0.9282
2000-10-09,0.9542
2000-10-10,0.9952
2000-10-11,1.0175
2000-10-12,1.0757
2000-10-13,1.0157
2000-10-16,0.9712
2000-10-17,0.9592
2000-10-18,0.9687
2000-10-19,0.9517
2000-10-20,0.9715
2000-10-23,0.9992
2000-10-24,0.9957
2000-10-25,0.9782
2000-10-26,0.9887
2000-10-27,0.9777
2000-10-30,0.9642
2000-10-31,0.9422
2000-11-01,0.9472
2000-11-02,0.9402
2000-11-03,0.9297
2000-11-06,0.9242
2000-11-07,0.9557
2000-11-08,0.9677
2000-11-09,1.0237
2000-11-10,1.0187
2000-11-13,1.0265
2000-11-14,1.0655
2000-11-15,1.0882
2000-11-16,1.0652
2000-11-17,1.0902
2000-11-20,1.1042
2000-11-21,1.0997
2000-11-22,1.0997
2000-11-27,1.0862
2000-11-28,1.0252
2000-11-29,1.0332
2000-11-30,1.0547
2000-12-01,0.9922
2000-12-04,1.0317
2000-12-05,1.0027
2000-12-06,1.0342
2000-12-07,1.0117
2000-12-08,0.9592
2000-12-11,0.9872
2000-12-12,0.9622
2000-12-13,0.9112
2000-12-14,0.8892
2000-12-15,0.9145
2000-12-18,0.9222
2000-12-19,0.9167
2000-12-20,0.8735
2000-12-21,0.8602
2000-12-22,0.8772
2000-12-26,0.9492
2000-12-27,0.947
2000-12-28,0.8962
2000-12-29,0.9235
2001-01-02,0.8972
2001-01-03,0.8747
2001-01-04,0.8722
2001-01-05,0.8777
2001-01-08,0.8472
2001-01-09,0.8202
2001-01-10,0.8612
2001-01-11,0.8442
2001-01-12,0.846
2001-01-16,0.8442
2001-01-17,0.8192
2001-01-18,0.8422
2001-01-19,0.8772
2001-01-22,0.8797
2001-01-23,0.8612
2001-01-24,0.8212
2001-01-25,0.8227
2001-01-26,0.8417
2001-01-29,0.8072
2001-01-30,0.7962
2001-01-31,0.7832
2001-02-01,0.803
2001-02-02,0.846
2001-02-05,0.8357
2001-02-06,0.8357
2001-02-07,0.8412
2001-02-08,0.842
2001-02-09,0.8322
2001-02-12,0.8092
2001-02-13,0.7892
2001-02-14,0.7717
2001-02-15,0.7587
2001-02-16,0.7617
2001-02-20,0.7517
2001-02-21,0.7427
2001-02-22,0.7367
2001-02-23,0.7427
2001-02-26,0.7457
2001-02-27,0.7457
2001-02-28,0.7347
2001-03-01,0.7327
2001-03-02,0.7337
2001-03-05,0.7482
2001-03-06,0.7367
2001-03-07,0.7477
2001-03-08,0.7417
2001-03-09,0.7377
2001-03-12,0.742
2001-03-13,0.7402
2001-03-14,0.7137
2001-03-15,0.7157
2001-03-16,0.7102
2001-03-19,0.6892
2001-03-20,0.6982
2001-03-21,0.7352
2001-03-22,0.7427
2001-03-23,0.786
2001-03-26,0.7792
2001-03-27,0.7957
2001-03-28,0.7692
2001-03-29,0.7837
2001-03-30,0.7612
2001-04-02,0.7282
2001-04-03,0.7337
2001-04-04,0.7677
2001-04-05,0.7617
2001-04-06,0.7722
2001-04-09,0.7822
2001-04-10,0.8427
2001-04-11,0.8472
2001-04-12,0.8217
2001-04-16,0.8502
2001-04-17,0.8172
2001-04-18,0.7902
2001-04-19,0.7817
2001-04-20,0.7725
2001-04-23,0.7527
2001-04-24,0.7612
2001-04-25,0.7552
2001-04-26,0.7782
2001-04-27,0.7592
2001-04-30,0.7467
2001-05-01,0.7607
2001-05-02,0.741
2001-05-03,0.7642
2001-05-04,0.7622
2001-05-07,0.7437
2001-05-08,0.7445
2001-05-09,0.7645
2001-05-10,0.7647
2001-05-11,0.7572
2001-05-14,0.7502
2001-05-15,0.7637
2001-05-16,0.7705
2001-05-17,0.7802
2001-05-18,0.7975
2001-05-21,0.8057
2001-05-22,0.8017
2001-05-23,0.8082
2001-05-24,0.796
2001-05-25,0.8002
2001-05-29,0.7737
2001-05-30,0.7752
2001-05-31,0.7782
2001-06-01,0.759
2001-06-04,0.7577
2001-06-05,0.7677
2001-06-06,0.7637
2001-06-07,0.7552
2001-06-08,0.7602
2001-06-11,0.7792
2001-06-12,0.7982
2001-06-13,0.7995
2001-06-14,0.8302
2001-06-15,0.8005
2001-06-18,0.7727
2001-06-19,0.7737
2001-06-20,0.7422
2001-06-21,0.7462
2001-06-22,0.7297
2001-06-25,0.7357
2001-06-26,0.7292
2001-06-27,0.696
2001-06-28,0.6992
2001-06-29,0.7102
2001-07-02,0.7092
2001-07-03,0.7127
2001-07-05,0.7195
2001-07-06,0.7337
2001-07-09,0.7262
2001-07-10,0.7212
2001-07-11,0.7027
2001-07-12,0.7037
2001-07-13,0.6837
2001-07-16,0.6822
2001-07-17,0.6842
2001-07-18,0.6687
2001-07-19,0.6637
2001-07-20,0.6792
2001-07-23,0.6877
2001-07-24,0.6852
2001-07-25,0.704
2001-07-26,0.7152
2001-07-27,0.711
2001-07-30,0.7002
2001-07-31,0.6917
2001-08-01,0.6917
2001-08-02,0.7207
2001-08-03,0.7207
2001-08-06,0.7192
2001-08-07,0.7292
2001-08-08,0.7267
2001-08-09,0.7402
2001-08-10,0.7392
2001-08-13,0.7372
2001-08-14,0.7425
2001-08-15,0.7372
2001-08-16,0.7327
2001-08-17,0.6962
2001-08-20,0.7072
2001-08-21,0.7237
2001-08-22,0.7242
2001-08-23,0.7332
2001-08-24,0.7472
2001-08-27,0.7492
2001-08-28,0.7492
2001-08-29,0.7492
2001-08-30,0.7567
2001-08-31,0.7682
2001-09-04,0.7557
2001-09-05,0.7612
2001-09-06,0.7757
2001-09-07,0.7957
2001-09-10,0.7887
2001-09-17,0.7882
2001-09-18,0.7307
2001-09-19,0.7017
2001-09-20,0.7032
2001-09-21,0.6922
2001-09-24,0.6922
2001-09-25,0.6922
2001-09-26,0.6922
2001-09-27,0.6922
2001-09-28,0.6605
2001-10-01,0.6605
2001-10-02,0.6605
2001-10-03,0.644
2001-10-04,0.6605
2001-10-05,0.6605
2001-10-08,0.6605
2001-10-09,0.6605
2001-10-10,0.6605
2001-10-11,0.6605
2001-10-12,0.6605
2001-10-15,0.6605
2001-10-16,0.6605
2001-10-17,0.6605
2001-10-18,0.6605
2001-10-19,0.6605
2001-10-22,0.6605
2001-10-23,0.6605
2001-10-24,0.6605
2001-10-25,0.6605
2001-10-26,0.6605
2001-10-29,0.6605
2001-10-30,0.6605
2001-10-31,0.6605
2001-11-01,0.6605
2001-11-02,0.6605
2001-11-05,0.6605
2001-11-06,0.6605
2001-11-07,0.6605
2001-11-08,0.6605
2001-11-09,0.6605
2001-11-12,0.6605
2001-11-13,0.6605
2001-11-14,0.6605
2001-11-15,0.6605
2001-11-16,0.6605
2001-11-19,0.6605
2001-11-20,0.6605
2001-11-21,0.6605
2001-11-26,0.6605
2001-11-27,0.6605
2001-11-28,0.6605
2001-11-29,0.6605
2001-11-30,0.6605
2001-12-03,0.6605
2001-12-04,0.6605
2001-12-05,0.6605
2001-12-06,0.6605
2001-12-07,0.6605
2001-12-10,0.6605
2001-12-11,0.6605
2001-12-12,0.6605
2001-12-13,0.6605
2001-12-14,0.6605
2001-12-17,0.6605
2001-12-18,0.6605
2001-12-19,0.6605
2001-12-20,0.6605
2001-12-21,0.6605
2001-12-26,0.6605
2001-12-27,0.6605
2001-12-28,0.6605
2001-12-31,0.6605
2002-01-02,0.6605
2002-01-03,0.6605
2002-01-04,0.6605
2002-01-07,0.6605
2002-01-08,0.6605
2002-01-09,0.6605
2002-01-10,0.6605
2002-01-11,0.6605
2002-01-14,0.6605
2002-01-15,0.6605
2002-01-16,0.6605
2002-01-17,0.6605
2002-01-18,0.6605
2002-01-22,0.6605
2002-01-23,0.6605
2002-01-24,0.6605
2002-01-25,0.6605
2002-01-28,0.6605
2002-01-29,0.6605
2002-01-30,0.6605
2002-01-31,0.6605
2002-02-01,0.6605
2002-02-04,0.6605
2002-02-05,0.6605
2002-02-06,0.6605
2002-02-07,0.6605
2002-02-08,0.6605
2002-02-11,0.6605
2002-02-12,0.6605
2002-02-13,0.6605
2002-02-14,0.6605
2002-02-15,0.6605
2002-02-19,0.6605
2002-02-20,0.6605
2002-02-21,0.6605
2002-02-22,0.6605
2002-02-25,0.6605
2002-02-27,0.5565
2002-02-28,0.5675
2002-03-01,0.5835
2002-03-04,0.588
2002-03-05,0.5992
2002-03-06,0.5975
2002-03-07,0.6152
2002-03-08,0.6185
2002-03-11,0.6285
2002-03-12,0.6423
2002-03-13,0.6415
2002-03-14,0.6372
2002-03-15,0.6427
2002-03-18,0.66
2002-03-19,0.662
2002-03-20,0.656
2002-03-21,0.668
2002-03-22,0.6482
2002-03-25,0.636
2002-03-26,0.6523
2002-03-27,0.6639
2002-03-28,0.6705
2002-04-01,0.684
2002-04-02,0.7065
2002-04-03,0.706
2002-04-04,0.684
2002-04-05,0.6815
2002-04-08,0.6957
2002-04-09,0.668
2002-04-10,0.6735
2002-04-11,0.6472
2002-04-12,0.6002
2002-04-15,0.6306
2002-04-16,0.6422
2002-04-17,0.651
2002-04-18,0.653
2002-04-19,0.6565
2002-04-22,0.6555
2002-04-23,0.664
2002-04-24,0.661
2002-04-25,0.667
2002-04-26,0.676
2002-04-29,0.6895
2002-04-30,0.6865
2002-05-01,0.6732
2002-05-02,0.6632
2002-05-03,0.664
2002-05-06,0.644
2002-05-07,0.658
2002-05-08,0.668
2002-05-09,0.6735
2002-05-10,0.6825
2002-05-13,0.6925
2002-05-14,0.709
2002-05-15,0.6767
2002-05-16,0.6812
2002-05-17,0.684
2002-05-20,0.682
2002-05-21,0.6635
2002-05-22,0.668
2002-05-23,0.659
2002-05-24,0.6545
2002-05-28,0.6545
2002-05-29,0.649
2002-05-30,0.622
2002-05-31,0.63
2002-06-03,0.6277
2002-06-04,0.6325
2002-06-05,0.6303
2002-06-06,0.627
2002-06-07,0.6265
2002-06-10,0.6165
2002-06-11,0.6173
2002-06-12,0.6293
2002-06-13,0.654
2002-06-14,0.658
2002-06-17,0.6604
2002-06-18,0.6507
2002-06-19,0.6502
2002-06-20,0.6575
2002-06-21,0.624
2002-06-24,0.6675
2002-06-25,0.6568
2002-06-26,0.6633
2002-06-27,0.67
2002-06-28,0.675
2002-07-01,0.676
2002-07-02,0.6797
2002-07-03,0.6837
2002-07-08,0.6615
2002-07-09,0.664
2002-07-10,0.677
2002-07-11,0.686
2002-07-12,0.6972
2002-07-15,0.692
2002-07-16,0.6999
2002-07-17,0.7007
2002-07-18,0.6943
2002-07-19,0.6945
2002-07-22,0.666
2002-07-23,0.654
2002-07-24,0.6715
2002-07-25,0.6655
2002-07-26,0.6612
2002-07-29,0.663
2002-07-30,0.6875
2002-07-31,0.6704
2002-08-01,0.657
2002-08-02,0.661
2002-08-05,0.644
2002-08-06,0.657
2002-08-07,0.65
2002-08-08,0.6583
2002-08-09,0.6543
2002-08-12,0.6775
2002-08-13,0.687
2002-08-14,0.6872
2002-08-15,0.7122
2002-08-16,0.72
2002-08-19,0.7205
2002-08-20,0.7212
2002-08-21,0.74
2002-08-22,0.7391
2002-08-23,0.734
2002-08-26,0.7355
2002-08-27,0.7387
2002-08-28,0.7357
2002-08-29,0.742
2002-08-30,0.7492
2002-09-03,0.718
2002-09-04,0.7368
2002-09-05,0.7617
2002-09-06,0.77
2002-09-09,0.7755
2002-09-10,0.778
2002-09-11,0.7779
2002-09-12,0.757
2002-09-13,0.7775
2002-09-16,0.762
2002-09-17,0.7705
2002-09-18,0.7781
2002-09-19,0.7855
2002-09-20,0.7745
2002-09-23,0.7745
2002-09-24,0.794
2002-09-25,0.7975
2002-09-26,0.792
2002-09-27,0.793
2002-09-30,0.7918
2002-10-01,0.8105
2002-10-02,0.802
2002-10-03,0.7795
2002-10-04,0.792
2002-10-07,0.793
2002-10-08,0.7755
2002-10-09,0.7785
2002-10-10,0.771
2002-10-11,0.7787
2002-10-14,0.7985
2002-10-15,0.789
2002-10-16,0.7896
2002-10-17,0.7985
2002-10-18,0.799
2002-10-21,0.7562
2002-10-22,0.7587
2002-10-23,0.7497
2002-10-24,0.7482
2002-10-25,0.7205
2002-10-28,0.7195
2002-10-29,0.7055
2002-10-30,0.7253
2002-10-31,0.745
2002-11-01,0.739
2002-11-04,0.7307
2002-11-05,0.714
2002-11-06,0.7072
2002-11-07,0.698
2002-11-08,0.6907
2002-11-11,0.69
2002-11-12,0.691
2002-11-13,0.6735
2002-11-14,0.679
2002-11-15,0.688
2002-11-18,0.723
2002-11-19,0.719
2002-11-20,0.74
2002-11-21,0.748
2002-11-22,0.768
2002-11-25,0.7485
2002-11-26,0.756
2002-11-27,0.7548
2002-12-02,0.778
2002-12-03,0.7677
2002-12-04,0.7505
2002-12-05,0.759
2002-12-06,0.7495
2002-12-09,0.756
2002-12-10,0.765
2002-12-11,0.7625
2002-12-12,0.785
2002-12-13,0.8085
2002-12-16,0.8457
2002-12-17,0.83
2002-12-18,0.846
2002-12-19,0.8505
2002-12-20,0.8545
2002-12-23,0.892
2002-12-24,0.8965
2002-12-26,0.9025
2002-12-27,0.9017
2002-12-30,0.8625
2002-12-31,0.872
2003-01-02,0.8844
2003-01-03,0.918
2003-01-06,0.8907
2003-01-07,0.8495
2003-01-08,0.8345
2003-01-09,0.8728
2003-01-10,0.861
2003-01-13,0.8777
2003-01-14,0.8925
2003-01-15,0.9036
2003-01-16,0.8909
2003-01-17,0.8925
2003-01-21,0.8927
2003-01-22,0.9095
2003-01-23,0.8831
2003-01-24,0.9475
2003-01-27,0.9372
2003-01-28,0.9305
2003-01-29,0.9672
2003-01-30,0.9807
2003-01-31,0.9622
2003-02-03,0.9485
2003-02-04,0.991
2003-02-05,1.038
2003-02-06,1.125
2003-02-07,1.205
2003-02-10,1.1562
2003-02-11,1.132
2003-02-12,1.0858
2003-02-13,1.1027
2003-02-14,1.127
2003-02-18,1.1324
2003-02-19,1.1672
2003-02-20,1.1322
2003-02-21,1.17
2003-02-24,1.2072
2003-02-25,1.155
2003-02-26,1.19
2003-02-27,1.179
2003-02-28,1.2225
2003-03-03,1.2687
2003-03-04,1.1835
2003-03-05,1.1716
2003-03-06,1.1402
2003-03-07,1.21
2003-03-10,1.2075
2003-03-11,1.166
2003-03-12,1.1545
2003-03-13,1.0683
2003-03-14,1.023
2003-03-17,0.957
2003-03-18,0.902
2003-03-19,0.8855
2003-03-20,0.88
2003-03-21,0.7875
2003-03-24,0.8177
2003-03-25,0.7575
2003-03-26,0.7555
2003-03-27,0.81
2003-03-28,0.8207
2003-03-31,0.7961
2003-04-01,0.7577
2003-04-02,0.7427
2003-04-03,0.753
2003-04-04,0.749
2003-04-07,0.7442
2003-04-08,0.7542
2003-04-09,0.775
2003-04-10,0.743
2003-04-11,0.791
2003-04-14,0.8118
2003-04-15,0.8465
2003-04-16,0.8485
2003-04-17,0.8332
2003-04-21,0.8479
2003-04-22,0.852
2003-04-23,0.822
2003-04-24,0.833
2003-04-25,0.8205
2003-04-28,0.782
2003-04-29,0.792
2003-04-30,0.8164
2003-05-01,0.758
2003-05-02,0.742
2003-05-05,0.7625
2003-05-06,0.7004
2003-05-07,0.707
2003-05-08,0.7191
2003-05-09,0.7322
2003-05-12,0.7125
2003-05-13,0.745
2003-05-14,0.7645
2003-05-15,0.7537
2003-05-16,0.7655
2003-05-19,0.7385
2003-05-20,0.742
2003-05-21,0.7529
2003-05-22,0.747
2003-05-23,0.7485
2003-05-27,0.7457
2003-05-28,0.7315
2003-05-29,0.7469
2003-05-30,0.75
2003-06-02,0.7707
2003-06-03,0.7652
2003-06-04,0.7492
2003-06-05,0.772
2003-06-06,0.779
2003-06-09,0.7745
2003-06-10,0.7847
2003-06-11,0.7845
2003-06-12,0.7617
2003-06-13,0.7407
2003-06-16,0.7405
2003-06-17,0.7465
2003-06-18,0.7365
2003-06-19,0.7318
2003-06-20,0.7555
2003-06-23,0.7494
2003-06-24,0.7465
2003-06-25,0.7779
2003-06-26,0.747
2003-06-27,0.7575
2003-06-30,0.7808
2003-07-01,0.787
2003-07-02,0.7797
2003-07-03,0.7802
2003-07-07,0.771
2003-07-08,0.7782
2003-07-09,0.8029
2003-07-10,0.8
2003-07-11,0.8045
2003-07-14,0.8015
2003-07-15,0.809
2003-07-16,0.79
2003-07-17,0.79
2003-07-18,0.8
2003-07-21,0.7895
2003-07-22,0.758
2003-07-23,0.7645
2003-07-24,0.775
2003-07-25,0.7732
2003-07-28,0.7731
2003-07-29,0.7778
2003-07-30,0.7953
2003-07-31,0.791
2003-08-01,0.8415
2003-08-04,0.8275
2003-08-05,0.8415
2003-08-06,0.824
2003-08-07,0.844
2003-08-08,0.836
2003-08-11,0.8208
2003-08-12,0.8237
2003-08-13,0.797
2003-08-14,0.8092
2003-08-15,0.8012
2003-08-18,0.7915
2003-08-19,0.786
2003-08-20,0.7932
2003-08-21,0.8232
2003-08-22,0.8195
2003-08-25,0.8165
2003-08-26,0.8227
2003-08-27,0.775
2003-08-28,0.803
2003-08-29,0.8132
2003-09-02,0.7605
2003-09-03,0.7579
2003-09-04,0.7515
2003-09-05,0.747
2003-09-08,0.7465
2003-09-09,0.7533
2003-09-10,0.7602
2003-09-11,0.7445
2003-09-12,0.7345
2003-09-15,0.7345
2003-09-16,0.726
2003-09-17,0.7147
2003-09-18,0.6987
2003-09-19,0.6885
2003-09-22,0.6972
2003-09-23,0.702
2003-09-24,0.7415
2003-09-25,0.7361
2003-09-26,0.742
2003-09-29,0.7505
2003-09-30,0.779
2003-10-01,0.789
2003-10-02,0.8015
2003-10-03,0.812
2003-10-06,0.8077
2003-10-07,0.8151
2003-10-08,0.7986
2003-10-09,0.8475
2003-10-10,0.876
2003-10-13,0.864
2003-10-14,0.8605
2003-10-15,0.8631
2003-10-16,0.8516
2003-10-17,0.8267
2003-10-20,0.8202
2003-10-21,0.8177
2003-10-22,0.811
2003-10-23,0.828
2003-10-24,0.8202
2003-10-27,0.8067
2003-10-28,0.797
2003-10-29,0.7852
2003-10-30,0.7692
2003-10-31,0.797
2003-11-03,0.7737
2003-11-04,0.7663
2003-11-05,0.8152
2003-11-06,0.8144
2003-11-07,0.8245
2003-11-10,0.8257
2003-11-11,0.8381
2003-11-12,0.8387
2003-11-13,0.8555
2003-11-14,0.8692
2003-11-17,0.848
2003-11-18,0.8885
2003-11-19,0.877
2003-11-20,0.8655
2003-11-21,0.861
2003-11-24,0.8181
2003-11-25,0.8145
2003-11-26,0.827
2003-12-01,0.827
2003-12-02,0.8515
2003-12-03,0.8582
2003-12-04,0.8722
2003-12-05,0.857
2003-12-08,0.899
2003-12-09,0.8755
2003-12-10,0.88
2003-12-11,0.8761
2003-12-12,0.9115
2003-12-15,0.909
2003-12-16,0.9015
2003-12-17,0.9281
2003-12-18,0.9569
2003-12-19,0.932
2003-12-22,0.881
2003-12-23,0.8872
2003-12-24,0.9
2003-12-29,0.8913
2003-12-30,0.9196
2003-12-31,0.8875
2004-01-05,0.9535
2004-01-06,0.9614
2004-01-07,0.9543
2004-01-08,0.9839
2004-01-09,1.0107
2004-01-12,1.0127
2004-01-13,1.0052
2004-01-14,0.969
2004-01-15,0.9327
2004-01-16,0.98
2004-01-20,1.015
2004-01-21,1.0357
2004-01-22,1.0299
2004-01-23,1.0225
2004-01-26,1.0225
2004-01-27,0.9875
2004-01-28,0.9625
2004-01-29,0.9497
2004-01-30,0.9365
2004-02-02,0.9352
2004-02-03,0.9307
2004-02-04,0.8955
2004-02-05,0.8832
2004-02-06,0.8682
2004-02-09,0.8805
2004-02-10,0.9012
2004-02-11,0.9052
2004-02-12,0.9052
2004-02-13,0.9052
2004-02-17,0.9395
2004-02-18,0.9335
2004-02-19,0.921
2004-02-20,0.8857
2004-02-23,0.8797
2004-02-24,0.8885
2004-02-25,0.9345
2004-02-26,0.9385
2004-02-27,0.9625
2004-03-01,0.9625
2004-03-02,0.9447
2004-03-03,0.9035
2004-03-04,0.927
2004-03-05,0.925
2004-03-08,0.8908
2004-03-09,0.8867
2004-03-10,0.8746
2004-03-11,0.888
2004-03-12,0.875
2004-03-15,0.908
2004-03-16,0.9057
2004-03-17,0.9057
2004-03-18,0.9402
2004-03-19,0.9365
2004-03-22,0.9122
2004-03-23,0.9277
2004-03-24,0.911
2004-03-25,0.884
2004-03-26,0.8887
2004-03-29,0.8799
2004-03-30,0.9
2004-03-31,0.8925
2004-04-01,0.857
2004-04-02,0.855
2004-04-05,0.849
2004-04-06,0.875
2004-04-07,0.901
2004-04-08,0.92
2004-04-12,0.945
2004-04-13,0.9287
2004-04-14,0.936
2004-04-15,0.9637
2004-04-16,0.959
2004-04-19,0.9427
2004-04-20,0.9262
2004-04-21,0.9117
2004-04-22,0.94
2004-04-23,0.917
2004-04-26,0.932
2004-04-27,0.9411
2004-04-28,0.937
2004-04-29,0.9517
2004-04-30,0.953
2004-05-03,0.9725
2004-05-04,0.9885
2004-05-05,1.0087
2004-05-06,1.0142
2004-05-07,1.0242
2004-05-10,0.9867
2004-05-11,1.0277
2004-05-12,1.0307
2004-05-13,1.05
2004-05-14,1.048
2004-05-17,1.0454
2004-05-18,1.0105
2004-05-19,1.0524
2004-05-20,1.0264
2004-05-21,1.0005
2004-05-24,1.0481
2004-05-25,1.0282
2004-05-26,1.017
2004-05-27,0.9845
2004-05-28,0.999
2004-06-01,1.0622
2004-06-02,1.0072
2004-06-03,0.9925
2004-06-04,0.9775
2004-06-07,0.99
2004-06-08,0.9477
2004-06-09,0.9758
2004-06-10,0.997
2004-06-14,0.9745
2004-06-15,0.9785
2004-06-16,0.9835
2004-06-17,1.0306
2004-06-18,1.021
2004-06-21,0.9888
2004-06-22,1.0047
2004-06-23,0.9937
2004-06-24,1.009
2004-06-25,1.001
2004-06-28,0.9692
2004-06-29,0.9578
2004-06-30,1.0035
2004-07-01,1.0667
2004-07-02,1.0637
2004-07-06,1.0773
2004-07-07,1.0705
2004-07-08,1.07
2004-07-09,1.071
2004-07-12,1.0442
2004-07-13,1.055
2004-07-14,1.0827
2004-07-15,1.086
2004-07-16,1.087
2004-07-19,1.0925
2004-07-20,1.067
2004-07-21,1.073
2004-07-22,1.11
2004-07-23,1.124
2004-07-26,1.1072
2004-07-27,1.113
2004-07-28,1.1309
2004-07-29,1.1297
2004-07-30,1.1565
2004-08-02,1.1487
2004-08-03,1.1647
2004-08-04,1.1347
2004-08-05,1.1707
2004-08-06,1.153
2004-08-09,1.17
2004-08-10,1.147
2004-08-11,1.1448
2004-08-12,1.1647
2004-08-13,1.193
2004-08-16,1.174
2004-08-17,1.201
2004-08-18,1.2077
2004-08-19,1.245
2004-08-20,1.2135
2004-08-23,1.1947
2004-08-24,1.179
2004-08-25,1.132
2004-08-26,1.1315
2004-08-27,1.1345
2004-08-30,1.118
2004-08-31,1.124
2004-09-01,1.1655
2004-09-02,1.171
2004-09-03,1.1605
2004-09-07,1.1485
2004-09-08,1.1462
2004-09-09,1.2185
2004-09-10,1.158
2004-09-13,1.1972
2004-09-14,1.229
2004-09-15,1.2035
2004-09-16,1.2263
2004-09-17,1.2592
2004-09-20,1.2642
2004-09-21,1.2996
2004-09-22,1.3336
2004-09-23,1.3455
2004-09-24,1.358
2004-09-27,1.376
2004-09-28,1.375
2004-09-29,1.373
2004-09-30,1.3929
2004-10-01,1.399
2004-10-04,1.3814
2004-10-05,1.4022
2004-10-06,1.4133
2004-10-07,1.419
2004-10-08,1.4507
2004-10-11,1.4507
2004-10-12,1.4388
2004-10-13,1.4982
2004-10-14,1.5417
2004-10-15,1.5442
2004-10-18,1.5011
2004-10-19,1.5073
2004-10-20,1.5577
2004-10-21,1.5767
2004-10-22,1.589
2004-10-25,1.556
2004-10-26,1.566
2004-10-27,1.49
2004-10-28,1.44
2004-10-29,1.4455
2004-11-01,1.4009
2004-11-02,1.3712
2004-11-03,1.409
2004-11-04,1.343
2004-11-05,1.362
2004-11-08,1.3492
2004-11-09,1.3267
2004-11-10,1.3913
2004-11-11,1.3513
2004-11-12,1.3517
2004-11-15,1.3295
2004-11-16,1.3142
2004-11-17,1.3947
2004-11-18,1.4158
2004-11-19,1.4722
2004-11-22,1.4262
2004-11-23,1.431
2004-11-24,1.434
2004-11-29,1.4237
2004-11-30,1.3814
2004-12-01,1.3087
2004-12-02,1.2385
2004-12-03,1.211
2004-12-06,1.2265
2004-12-07,1.1941
2004-12-08,1.2291
2004-12-09,1.2668
2004-12-10,1.1885
2004-12-13,1.2305
2004-12-14,1.2756
2004-12-15,1.3662
2004-12-16,1.3555
2004-12-17,1.4137
2004-12-20,1.3682
2004-12-21,1.3706
2004-12-22,1.3403
2004-12-23,1.3403
2004-12-27,1.1937
2004-12-28,1.212
2004-12-29,1.2502
2004-12-30,1.229
2005-01-03,1.1664
2005-01-04,1.2157
2005-01-05,1.1962
2005-01-06,1.2517
2005-01-07,1.2557
2005-01-10,1.2685
2005-01-11,1.283
2005-01-12,1.2945
2005-01-13,1.3315
2005-01-14,1.3407
2005-01-18,1.3342
2005-01-19,1.337
2005-01-20,1.3455
2005-01-21,1.3927
2005-01-24,1.4097
2005-01-25,1.4277
2005-01-26,1.4105
2005-01-27,1.3922
2005-01-28,1.3307
2005-01-31,1.3308
2005-02-01,1.3175
2005-02-02,1.2995
2005-02-03,1.284
2005-02-04,1.2815
2005-02-07,1.2365
2005-02-08,1.2479
2005-02-09,1.2662
2005-02-10,1.3152
2005-02-11,1.3062
2005-02-14,1.3002
2005-02-15,1.2927
2005-02-16,1.344
2005-02-17,1.3165
2005-02-18,1.3527
2005-02-22,1.438
2005-02-23,1.4902
2005-02-24,1.464
2005-02-25,1.4665
2005-02-28,1.4951
2005-03-01,1.5014
2005-03-02,1.541
2005-03-03,1.5157
2005-03-04,1.5127
2005-03-07,1.5035
2005-03-08,1.5421
2005-03-09,1.5355
2005-03-10,1.5215
2005-03-11,1.5605
2005-03-14,1.549
2005-03-15,1.563
2005-03-16,1.6107
2005-03-17,1.5899
2005-03-18,1.586
2005-03-21,1.5845
2005-03-22,1.5442
2005-03-23,1.551
2005-03-24,1.5525
2005-03-28,1.5417
2005-03-29,1.5625
2005-03-30,1.604
2005-03-31,1.6576
2005-04-01,1.701
2005-04-04,1.6725
2005-04-05,1.6375
2005-04-06,1.601
2005-04-07,1.5297
2005-04-08,1.5067
2005-04-11,1.4969
2005-04-12,1.4615
2005-04-13,1.457
2005-04-14,1.489
2005-04-15,1.471
2005-04-18,1.455
2005-04-19,1.4962
2005-04-20,1.508
2005-04-21,1.5392
2005-04-22,1.5512
2005-04-25,1.5105
2005-04-26,1.5152
2005-04-27,1.4752
2005-04-28,1.487
2005-04-29,1.414
2005-05-02,1.46
2005-05-03,1.4352
2005-05-04,1.4593
2005-05-05,1.4527
2005-05-06,1.445
2005-05-09,1.4405
2005-05-10,1.4422
2005-05-11,1.3985
2005-05-12,1.3985
2005-05-13,1.3705
2005-05-16,1.3592
2005-05-17,1.3777
2005-05-18,1.357
2005-05-19,1.388
2005-05-20,1.369
2005-05-23,1.3665
2005-05-24,1.3875
2005-05-25,1.424
2005-05-26,1.4445
2005-05-27,1.4522
2005-05-31,1.454
2005-06-01,1.531
2005-06-02,1.534
2005-06-03,1.596
2005-06-06,1.605
2005-06-07,1.5944
2005-06-08,1.5425
2005-06-09,1.6158
2005-06-10,1.6027
2005-06-13,1.6603
2005-06-14,1.6347
2005-06-15,1.6082
2005-06-16,1.6148
2005-06-17,1.648
2005-06-20,1.6533
2005-06-21,1.615
2005-06-22,1.621
2005-06-23,1.666
2005-06-24,1.6467
2005-06-27,1.6615
2005-06-28,1.6162
2005-06-29,1.5957
2005-06-30,1.6108
2005-07-01,1.6947
2005-07-05,1.7167
2005-07-06,1.773
2005-07-07,1.7405
2005-07-08,1.693
2005-07-11,1.6712
2005-07-12,1.7207
2005-07-13,1.6732
2005-07-14,1.6327
2005-07-15,1.6325
2005-07-18,1.5919
2005-07-19,1.6005
2005-07-20,1.557
2005-07-21,1.527
2005-07-22,1.5465
2005-07-25,1.579
2005-07-26,1.5901
2005-07-27,1.607
2005-07-28,1.632
2005-07-29,1.63
2005-08-01,1.668
2005-08-02,1.671
2005-08-03,1.636
2005-08-04,1.6662
2005-08-05,1.6955
2005-08-08,1.7608
2005-08-09,1.745
2005-08-10,1.8022
2005-08-11,1.8858
2005-08-12,1.8825
2005-08-15,1.844
2005-08-16,1.836
2005-08-17,1.752
2005-08-18,1.765
2005-08-19,1.8
2005-08-22,1.767
2005-08-23,1.7945
2005-08-24,1.8525
2005-08-25,1.8409
2005-08-26,1.818
2005-08-29,1.8955
2005-08-30,2.0539
2005-08-31,2.0492
2005-09-01,2.1698
2005-09-02,2.0237
2005-09-06,1.9937
2005-09-07,1.9434
2005-09-08,1.894
2005-09-09,1.865
2005-09-12,1.766
2005-09-13,1.7976
2005-09-14,1.891
2005-09-15,1.845
2005-09-16,1.785
2005-09-19,1.9955
2005-09-20,1.9856
2005-09-21,2.0348
2005-09-22,1.9917
2005-09-23,1.9062
2005-09-26,2.0262
2005-09-27,2.037
2005-09-28,2.13
2005-09-29,2.0855
2005-09-30,2.0512
2005-10-03,2.02
2005-10-04,2.0095
2005-10-05,1.9578
2005-10-06,1.93
2005-10-07,1.9212
2005-10-10,1.9437
2005-10-11,1.9875
2005-10-12,1.962
2005-10-13,1.941
2005-10-14,1.895
2005-10-17,1.9385
2005-10-18,1.8771
2005-10-19,1.8785
2005-10-20,1.8315
2005-10-21,1.8325
2005-10-24,1.7552
2005-10-25,1.8455
2005-10-26,1.821
2005-10-27,1.8145
2005-10-28,1.81
2005-10-31,1.7548
2005-11-01,1.7365
2005-11-02,1.725
2005-11-03,1.76
2005-11-04,1.741
2005-11-07,1.742
2005-11-08,1.728
2005-11-09,1.76
2005-11-10,1.6925
2005-11-11,1.6825
2005-11-14,1.6835
2005-11-15,1.6334
2005-11-16,1.6865
2005-11-17,1.662
2005-11-18,1.672
2005-11-21,1.6795
2005-11-22,1.7242
2005-11-23,1.6675
2005-11-28,1.6135
2005-11-29,1.586
2005-11-30,1.6104
2005-12-01,1.6707
2005-12-02,1.71
2005-12-05,1.7275
2005-12-06,1.7165
2005-12-07,1.67
2005-12-08,1.7295
2005-12-09,1.663
2005-12-12,1.7165
2005-12-13,1.7755
2005-12-14,1.776
2005-12-15,1.7275
2005-12-16,1.6785
2005-12-19,1.6675
2005-12-20,1.712
2005-12-21,1.75
2005-12-22,1.7329
2005-12-23,1.6975
2005-12-27,1.6279
2005-12-28,1.6871
2005-12-29,1.696
2005-12-30,1.72
2006-01-03,1.7724
2006-01-04,1.785
2006-01-05,1.7529
2006-01-06,1.777
2006-01-09,1.7294
2006-01-10,1.7126
2006-01-11,1.696
2006-01-12,1.6791
2006-01-13,1.6745
2006-01-17,1.754
2006-01-18,1.7042
2006-01-19,1.7505
2006-01-20,1.835
2006-01-23,1.8057
2006-01-24,1.7695
2006-01-25,1.7375
2006-01-26,1.74
2006-01-27,1.7712
2006-01-30,1.8065
2006-01-31,1.7619
2006-02-01,1.749
2006-02-02,1.723
2006-02-03,1.715
2006-02-06,1.676
2006-02-07,1.604
2006-02-08,1.5862
2006-02-09,1.5871
2006-02-10,1.5845
2006-02-13,1.5766
2006-02-14,1.544
2006-02-15,1.548
2006-02-16,1.609
2006-02-17,1.623
2006-02-21,1.6332
2006-02-22,1.6215
2006-02-23,1.6487
2006-02-24,1.713
2006-02-27,1.6775
2006-02-28,1.712
2006-03-01,1.7485
2006-03-02,1.8091
2006-03-03,1.809
2006-03-06,1.7457
2006-03-07,1.709
2006-03-08,1.6825
2006-03-09,1.7245
2006-03-10,1.6825
2006-03-13,1.7402
2006-03-14,1.808
2006-03-15,1.778
2006-03-16,1.8085
2006-03-17,1.7855
2006-03-20,1.7404
2006-03-21,1.7747
2006-03-22,1.746
2006-03-23,1.797
2006-03-24,1.7942
2006-03-27,1.7885
2006-03-28,1.8272
2006-03-29,1.8515
2006-03-30,1.8715
2006-03-31,1.855
2006-04-03,1.8557
2006-04-04,1.8632
2006-04-05,1.8806
2006-04-06,1.8832
2006-04-07,1.8846
2006-04-10,1.9512
2006-04-11,1.9561
2006-04-12,1.9623
2006-04-13,1.9913
2006-04-17,2.03
2006-04-18,2.0487
2006-04-19,2.0625
2006-04-20,2.0402
2006-04-21,2.0882
2006-04-24,2.0305
2006-04-25,2.0656
2006-04-26,2.0185
2006-04-27,1.9753
2006-04-28,1.995
2006-05-01,2.0546
2006-05-02,2.0712
2006-05-03,1.9937
2006-05-04,1.9447
2006-05-05,1.9472
2006-05-08,1.9515
2006-05-09,1.9837
2006-05-10,2.0497
2006-05-11,2.0707
2006-05-12,2.0327
2006-05-15,1.9165
2006-05-16,1.93
2006-05-17,1.8955
2006-05-18,1.934
2006-05-19,1.903
2006-05-22,1.9172
2006-05-23,1.9565
2006-05-24,1.9138
2006-05-25,1.9737
2006-05-26,1.9662
2006-05-30,2.005
2006-05-31,1.9615
2006-06-01,1.935
2006-06-02,1.997
2006-06-05,1.9985
2006-06-06,2.0072
2006-06-07,1.9425
2006-06-08,1.9434
2006-06-09,1.9978
2006-06-12,1.9431
2006-06-13,1.8848
2006-06-14,1.8964
2006-06-15,1.8915
2006-06-16,1.8675
2006-06-19,1.826
2006-06-20,1.8375
2006-06-21,1.8435
2006-06-22,1.8969
2006-06-23,1.9
2006-06-26,1.9152
2006-06-27,1.9125
2006-06-28,1.8819
2006-06-29,1.977
2006-06-30,2.0566
2006-07-05,1.9774
2006-07-06,1.9523
2006-07-07,1.912
2006-07-10,1.867
2006-07-11,1.9234
2006-07-12,1.938
2006-07-13,2.031
2006-07-14,1.9862
2006-07-17,1.95
2006-07-18,1.915
2006-07-19,1.8855
2006-07-20,1.8635
2006-07-21,1.8985
2006-07-24,1.9095
2006-07-25,1.8772
2006-07-26,1.892
2006-07-27,1.9655
2006-07-28,1.9265
2006-07-31,2.1025
2006-08-01,1.9998
2006-08-02,2.0675
2006-08-03,2.0475
2006-08-04,2.017
2006-08-07,2.085
2006-08-08,2.0537
2006-08-09,2.0432
2006-08-10,1.9715
2006-08-11,1.9762
2006-08-14,1.955
2006-08-15,1.964
2006-08-16,1.9575
2006-08-17,1.9275
2006-08-18,1.9415
2006-08-21,1.9765
2006-08-22,1.9882
2006-08-23,1.9625
2006-08-24,2.0185
2006-08-25,1.993
2006-08-28,1.9357
2006-08-29,1.912
2006-08-30,1.928
2006-08-31,1.9
2006-09-01,1.9157
2006-09-05,1.8935
2006-09-06,1.8368
2006-09-07,1.7981
2006-09-08,1.7535
2006-09-11,1.7389
2006-09-12,1.6925
2006-09-13,1.68
2006-09-14,1.65
2006-09-15,1.651
2006-09-18,1.6695
2006-09-19,1.6325
2006-09-20,1.591
2006-09-21,1.6285
2006-09-22,1.5787
2006-09-25,1.596
2006-09-26,1.598
2006-09-27,1.675
2006-09-28,1.6675
2006-09-29,1.69
2006-10-02,1.627
2006-10-03,1.581
2006-10-04,1.61
2006-10-05,1.6315
2006-10-06,1.6425
2006-10-09,1.6675
2006-10-10,1.6275
2006-10-11,1.6115
2006-10-12,1.6425
2006-10-13,1.6621
2006-10-16,1.7256
2006-10-17,1.7038
2006-10-18,1.67
2006-10-19,1.6855
2006-10-20,1.6478
2006-10-23,1.6315
2006-10-24,1.6545
2006-10-25,1.7035
2006-10-26,1.6562
2006-10-27,1.65
2006-10-30,1.5755
2006-10-31,1.6385
2006-11-01,1.5745
2006-11-02,1.5822
2006-11-03,1.6221
2006-11-06,1.6699
2006-11-07,1.633
2006-11-08,1.6652
2006-11-09,1.6935
2006-11-10,1.6438
2006-11-13,1.604
2006-11-14,1.611
2006-11-15,1.6402
2006-11-16,1.6047
2006-11-17,1.6175
2006-11-20,1.623
2006-11-21,1.6805
2006-11-22,1.6295
2006-11-27,1.657
2006-11-28,1.6795
2006-11-29,1.7465
2006-11-30,1.7845
2006-12-01,1.8085
2006-12-04,1.759
2006-12-05,1.7525
2006-12-06,1.751
2006-12-07,1.7385
2006-12-08,1.6974
2006-12-11,1.6705
2006-12-12,1.6615
2006-12-13,1.6862
2006-12-14,1.724
2006-12-15,1.7275
2006-12-18,1.6675
2006-12-19,1.6482
2006-12-20,1.6752
2006-12-21,1.6492
2006-12-22,1.6825
2006-12-26,1.5925
2006-12-27,1.5838
2006-12-28,1.5955
2006-12-29,1.6005
2007-01-03,1.529
2007-01-04,1.4872
2007-01-05,1.5228
2007-01-08,1.5061
2007-01-09,1.5135
2007-01-10,1.4694
2007-01-11,1.449
2007-01-12,1.4671
2007-01-16,1.447
2007-01-17,1.4685
2007-01-18,1.446
2007-01-19,1.4933
2007-01-22,1.489
2007-01-23,1.551
2007-01-24,1.5575
2007-01-25,1.5521
2007-01-26,1.591
2007-01-29,1.5518
2007-01-30,1.6425
2007-01-31,1.6812
2007-02-01,1.6565
2007-02-02,1.6826
2007-02-05,1.6775
2007-02-06,1.692
2007-02-07,1.6702
2007-02-08,1.7236
2007-02-09,1.7235
2007-02-12,1.6408
2007-02-13,1.692
2007-02-14,1.6395
2007-02-15,1.6266
2007-02-16,1.6656
2007-02-20,1.6436
2007-02-21,1.682
2007-02-22,1.7205
2007-02-23,1.7445
2007-02-26,1.753
2007-02-27,1.7535
2007-02-28,1.7805
2007-03-01,1.777
2007-03-02,1.7633
2007-03-05,1.7247
2007-03-06,1.7487
2007-03-07,1.7665
2007-03-08,1.7625
2007-03-09,1.7121
2007-03-12,1.6859
2007-03-13,1.7003
2007-03-14,1.7072
2007-03-15,1.6857
2007-03-16,1.6958
2007-03-19,1.6948
2007-03-20,1.6775
2007-03-21,1.6734
2007-03-22,1.7186
2007-03-23,1.711
2007-03-26,1.7705
2007-03-27,1.7839
2007-03-28,1.8135
2007-03-29,1.8695
2007-03-30,1.8705
2007-04-02,1.8587
2007-04-03,1.8337
2007-04-04,1.8649
2007-04-05,1.8584
2007-04-09,1.8221
2007-04-10,1.8617
2007-04-11,1.8725
2007-04-12,1.9127
2007-04-13,1.8966
2007-04-16,1.8645
2007-04-17,1.8095
2007-04-18,1.8137
2007-04-19,1.811
2007-04-20,1.8363
2007-04-23,1.8956
2007-04-24,1.851
2007-04-25,1.9035
2007-04-26,1.8951
2007-04-27,1.9135
2007-04-30,1.897
2007-05-01,1.89
2007-05-02,1.8515
2007-05-03,1.8557
2007-05-04,1.8345
2007-05-07,1.808
2007-05-08,1.833
2007-05-09,1.8235
2007-05-10,1.8683
2007-05-11,1.8861
2007-05-14,1.8717
2007-05-15,1.8892
2007-05-16,1.8695
2007-05-17,1.9317
2007-05-18,1.9155
2007-05-21,1.9488
2007-05-22,1.9113
2007-05-23,1.9328
2007-05-24,1.93
2007-05-25,1.9416
2007-05-29,1.8825
2007-05-30,1.8725
2007-05-31,1.8915
2007-06-01,1.924
2007-06-04,1.9648
2007-06-05,1.9697
2007-06-06,1.9772
2007-06-07,1.9764
2007-06-08,1.9023
2007-06-11,1.9278
2007-06-12,1.9152
2007-06-13,1.9633
2007-06-14,2.019
2007-06-15,2.0106
2007-06-18,2.03
2007-06-19,2.0241
2007-06-20,2.0315
2007-06-21,2.0247
2007-06-22,2.039
2007-06-25,2.0397
2007-06-26,1.9996
2007-06-27,2.027
2007-06-28,2.0211
2007-06-29,2.0225
2007-07-02,2.0603
2007-07-03,2.0633
2007-07-05,2.0825
2007-07-06,2.091
2007-07-09,2.0821
2007-07-10,2.1121
2007-07-11,2.09
2007-07-12,2.092
2007-07-13,2.1034
2007-07-16,2.0515
2007-07-17,2.0291
2007-07-18,2.086
2007-07-19,2.1003
2007-07-20,2.0867
2007-07-23,2.05
2007-07-24,2.0193
2007-07-25,2.0665
2007-07-26,2.0285
2007-07-27,2.067
2007-07-30,2.06
2007-07-31,2.095
2007-08-01,2.0565
2007-08-02,2.0548
2007-08-03,2.011
2007-08-06,1.9288
2007-08-07,1.9433
2007-08-08,1.9555
2007-08-09,1.9695
2007-08-10,1.9625
2007-08-13,1.9553
2007-08-14,1.9668
2007-08-15,2.008
2007-08-16,1.9875
2007-08-17,1.998
2007-08-20,1.9638
2007-08-21,1.9338
2007-08-22,1.9343
2007-08-23,1.9438
2007-08-24,1.9845
2007-08-27,2.0198
2007-08-28,1.9795
2007-08-29,2.0263
2007-08-30,2.0195
2007-08-31,2.037
2007-09-04,2.0803
2007-09-05,2.086
2007-09-06,2.1168
2007-09-07,2.1273
2007-09-10,2.1675
2007-09-11,2.164
2007-09-12,2.1973
2007-09-13,2.2023
2007-09-14,2.1913
2007-09-17,2.2068
2007-09-18,2.2348
2007-09-19,2.2193
2007-09-20,2.2293
2007-09-21,2.2244
2007-09-24,2.1998
2007-09-25,2.1605
2007-09-26,2.1663
2007-09-27,2.2331
2007-09-28,2.1988
2007-10-01,2.1603
2007-10-02,2.1363
2007-10-03,2.149
2007-10-04,2.2164
2007-10-05,2.1932
2007-10-08,2.1411
2007-10-09,2.164
2007-10-10,2.1965
2007-10-11,2.2276
2007-10-12,2.2308
2007-10-15,2.2933
2007-10-16,2.3152
2007-10-17,2.2938
2007-10-18,2.3408
2007-10-19,2.3138
2007-10-22,2.2974
2007-10-23,2.2878
2007-10-24,2.3378
2007-10-25,2.3972
2007-10-26,2.4238
2007-10-29,2.4603
2007-10-30,2.4128
2007-10-31,2.5063
2007-11-01,2.4967
2007-11-02,2.5572
2007-11-05,2.5394
2007-11-06,2.6015
2007-11-07,2.5915
2007-11-08,2.5855
2007-11-09,2.5947
2007-11-12,2.5457
2007-11-13,2.4845
2007-11-14,2.5498
2007-11-15,2.5463
2007-11-16,2.5763
2007-11-19,2.5908
2007-11-20,2.6815
2007-11-21,2.6748
2007-11-23,2.6938
2007-11-26,2.6813
2007-11-27,2.6517
2007-11-28,2.5963
2007-11-29,2.5773
2007-11-30,2.4991
2007-12-03,2.523
2007-12-04,2.5081
2007-12-05,2.4765
2007-12-06,2.5399
2007-12-07,2.495
2007-12-10,2.4695
2007-12-11,2.4995
2007-12-12,2.6222
2007-12-13,2.6145
2007-12-14,2.6064
2007-12-17,2.5948
2007-12-18,2.5538
2007-12-19,2.5956
2007-12-20,2.5858
2007-12-21,2.6047
2007-12-24,2.5883
2007-12-26,2.6351
2007-12-27,2.6754
2007-12-28,2.6435
2007-12-31,2.648
2008-01-02,2.7393
2008-01-03,2.718
2008-01-04,2.683
2008-01-07,2.5948
2008-01-08,2.622
2008-01-09,2.6028
2008-01-10,2.5613
2008-01-11,2.5263
2008-01-14,2.5855
2008-01-15,2.5464
2008-01-16,2.5183
2008-01-17,2.4928
2008-01-18,2.5029
2008-01-22,2.4623
2008-01-23,2.4423
2008-01-24,2.4709
2008-01-25,2.519
2008-01-28,2.5213
2008-01-29,2.5417
2008-01-30,2.5416
2008-01-31,2.5225
2008-02-01,2.4521
2008-02-04,2.4855
2008-02-05,2.4407
2008-02-06,2.4135
2008-02-07,2.4605
2008-02-08,2.5513
2008-02-11,2.6033
2008-02-12,2.5839
2008-02-13,2.609
2008-02-14,2.6535
2008-02-15,2.6428
2008-02-19,2.7392
2008-02-20,2.7458
2008-02-21,2.7138
2008-02-22,2.7682
2008-02-25,2.7801
2008-02-26,2.8172
2008-02-27,2.7654
2008-02-28,2.8448
2008-02-29,2.8063
2008-03-03,2.8615
2008-03-04,2.8233
2008-03-05,2.9767
2008-03-06,3.0146
2008-03-07,3.0013
2008-03-10,3.0237
2008-03-11,3.0226
2008-03-12,3.0545
2008-03-13,3.1814
2008-03-14,3.2213
2008-03-17,3.1408
2008-03-18,3.1635
2008-03-19,3.0705
2008-03-20,3.0238
2008-03-24,3.058
2008-03-25,3.0309
2008-03-26,3.1603
2008-03-27,3.2363
2008-03-28,3.175
2008-03-31,3.0775
2008-04-01,2.8993
2008-04-02,3.0403
2008-04-03,3.0098
2008-04-04,3.0528
2008-04-07,3.14
2008-04-08,3.17
2008-04-09,3.2895
2008-04-10,3.2586
2008-04-11,3.2565
2008-04-14,3.2649
2008-04-15,3.3325
2008-04-16,3.3135
2008-04-17,3.3043
2008-04-18,3.317
2008-04-21,3.3357
2008-04-22,3.3337
2008-04-23,3.337
2008-04-24,3.2682
2008-04-25,3.3125
2008-04-28,3.3005
2008-04-29,3.242
2008-04-30,3.195
2008-05-01,3.1184
2008-05-02,3.2111
2008-05-05,3.3038
2008-05-06,3.354
2008-05-07,3.4498
2008-05-08,3.5196
2008-05-09,3.6427
2008-05-12,3.5438
2008-05-13,3.6907
2008-05-14,3.6198
2008-05-15,3.6234
2008-05-16,3.7015
2008-05-19,3.6777
2008-05-20,3.7625
2008-05-21,3.929
2008-05-22,3.9436
2008-05-23,3.8733
2008-05-27,3.7899
2008-05-28,3.8198
2008-05-29,3.6883
2008-05-30,3.647
2008-06-02,3.7268
2008-06-03,3.628
2008-06-04,3.5348
2008-06-05,3.6703
2008-06-06,3.9436
2008-06-09,3.8722
2008-06-10,3.8048
2008-06-11,3.9681
2008-06-12,3.9194
2008-06-13,3.8201
2008-06-16,3.7955
2008-06-17,3.8016
2008-06-18,3.832
2008-06-19,3.6998
2008-06-20,3.7537
2008-06-23,3.7987
2008-06-24,3.8085
2008-06-25,3.7494
2008-06-26,3.8825
2008-06-27,3.914
2008-06-30,3.8899
2008-07-01,3.9277
2008-07-02,4.0654
2008-07-03,4.0833
2008-07-07,3.9593
2008-07-08,3.7865
2008-07-09,3.8041
2008-07-10,3.9998
2008-07-11,4.04
2008-07-14,4.0331
2008-07-15,3.8865
2008-07-16,3.8125
2008-07-17,3.712
2008-07-18,3.6735
2008-07-21,3.74
2008-07-22,3.6513
2008-07-23,3.5184
2008-07-24,3.546
2008-07-25,3.5024
2008-07-28,3.551
2008-07-29,3.4527
2008-07-30,3.5154
2008-07-31,3.4345
2008-08-01,3.4088
2008-08-04,3.3306
2008-08-05,3.2545
2008-08-06,3.201
2008-08-07,3.2035
2008-08-08,3.0873
2008-08-11,3.0839
2008-08-12,3.0431
2008-08-13,3.1
2008-08-14,3.073
2008-08-15,3.0935
2008-08-18,3.0612
2008-08-19,3.1092
2008-08-20,3.1597
2008-08-21,3.289
2008-08-22,3.1168
2008-08-25,3.1525
2008-08-26,3.2055
2008-08-27,3.253
2008-08-28,3.1715
2008-08-29,3.1503
2008-09-02,3.0736
2008-09-03,3.0583
2008-09-04,2.9933
2008-09-05,2.9541
2008-09-08,2.9921
2008-09-09,2.8678
2008-09-10,2.8853
2008-09-11,2.8923
2008-09-12,2.9181
2008-09-15,2.7358
2008-09-16,2.7462
2008-09-17,2.7894
2008-09-18,2.7786
2008-09-19,2.8673
2008-09-22,2.9988
2008-09-23,3.0031
2008-09-24,2.989
2008-09-25,3.004
2008-09-26,2.996
2008-09-29,2.7423
2008-09-30,2.8513
2008-10-01,2.8198
2008-10-02,2.6848
2008-10-03,2.6128
2008-10-06,2.4825
2008-10-07,2.4658
2008-10-08,2.468
2008-10-09,2.353
2008-10-10,2.2561
2008-10-13,2.3398
2008-10-14,2.2575
2008-10-15,2.1572
2008-10-16,2.1372
2008-10-17,2.12
2008-10-20,2.2331
2008-10-21,2.1505
2008-10-22,2.0425
2008-10-23,2.058
2008-10-24,1.9577
2008-10-27,1.8916
2008-10-28,1.949
2008-10-29,2.02
2008-10-30,1.9965
2008-10-31,2.085
2008-11-03,1.9692
2008-11-04,2.125
2008-11-05,2.045
2008-11-06,1.9267
2008-11-07,1.9635
2008-11-10,1.986
2008-11-11,1.906
2008-11-12,1.8085
2008-11-13,1.892
2008-11-14,1.8094
2008-11-17,1.7875
2008-11-18,1.7685
2008-11-19,1.7637
2008-11-20,1.6723
2008-11-21,1.7067
2008-11-24,1.7825
2008-11-25,1.6939
2008-11-26,1.7363
2008-11-28,1.6963
2008-12-01,1.6038
2008-12-02,1.5813
2008-12-03,1.5618
2008-12-04,1.4811
2008-12-05,1.4047
2008-12-08,1.4565
2008-12-09,1.4035
2008-12-10,1.3703
2008-12-11,1.4631
2008-12-12,1.4685
2008-12-15,1.4423
2008-12-16,1.4525
2008-12-17,1.427
2008-12-18,1.375
2008-12-19,1.3905
2008-12-22,1.3315
2008-12-23,1.334
2008-12-24,1.2125
2008-12-26,1.2463
2008-12-29,1.2814
2008-12-30,1.2843
2008-12-31,1.3141
2009-01-02,1.4597
2009-01-05,1.5501
2009-01-06,1.6127
2009-01-07,1.5421
2009-01-08,1.5296
2009-01-09,1.487
2009-01-12,1.488
2009-01-13,1.5225
2009-01-14,1.4635
2009-01-15,1.4845
2009-01-16,1.461
2009-01-20,1.4175
2009-01-21,1.406
2009-01-22,1.3546
2009-01-23,1.4475
2009-01-26,1.4357
2009-01-27,1.39
2009-01-28,1.4271
2009-01-29,1.43
2009-01-30,1.4372
2009-02-02,1.3862
2009-02-03,1.333
2009-02-04,1.3324
2009-02-05,1.3668
2009-02-06,1.362
2009-02-09,1.3622
2009-02-10,1.3119
2009-02-11,1.3263
2009-02-12,1.335
2009-02-13,1.3113
2009-02-17,1.1878
2009-02-18,1.1528
2009-02-19,1.1947
2009-02-20,1.1924
2009-02-23,1.1698
2009-02-24,1.2096
2009-02-25,1.2365
2009-02-26,1.279
2009-02-27,1.2713
2009-03-02,1.153
2009-03-03,1.1743
2009-03-04,1.2063
2009-03-05,1.156
2009-03-06,1.216
2009-03-09,1.204
2009-03-10,1.1808
2009-03-11,1.1238
2009-03-12,1.2045
2009-03-13,1.1825
2009-03-16,1.1976
2009-03-17,1.2558
2009-03-18,1.2719
2009-03-19,1.3275
2009-03-20,1.3642
2009-03-23,1.4563
2009-03-24,1.471
2009-03-25,1.4477
2009-03-26,1.4613
2009-03-27,1.4145
2009-03-30,1.3389
2009-03-31,1.3381
2009-04-01,1.3238
2009-04-02,1.418
2009-04-03,1.426
2009-04-06,1.4035
2009-04-07,1.3749
2009-04-08,1.3936
2009-04-09,1.409
2009-04-13,1.3804
2009-04-14,1.3799
2009-04-15,1.391
2009-04-16,1.3986
2009-04-17,1.406
2009-04-20,1.3145
2009-04-21,1.3344
2009-04-22,1.318
2009-04-23,1.306
2009-04-24,1.3505
2009-04-27,1.311
2009-04-28,1.3
2009-04-29,1.3107
2009-04-30,1.3015
2009-05-01,1.345
2009-05-04,1.3995
2009-05-05,1.3875
2009-05-06,1.431
2009-05-07,1.445
2009-05-08,1.4832
2009-05-11,1.4617
2009-05-12,1.4775
2009-05-13,1.46
2009-05-14,1.4565
2009-05-15,1.3895
2009-05-18,1.4535
2009-05-19,1.467
2009-05-20,1.5175
2009-05-21,1.5134
2009-05-22,1.529
2009-05-26,1.528
2009-05-27,1.5355
2009-05-28,1.5874
2009-05-29,1.6363
2009-06-01,1.7275
2009-06-02,1.7675
2009-06-03,1.693
2009-06-04,1.734
2009-06-05,1.747
2009-06-08,1.7498
2009-06-09,1.7705
2009-06-10,1.7885
2009-06-11,1.8137
2009-06-12,1.8025
2009-06-15,1.7705
2009-06-16,1.7883
2009-06-17,1.818
2009-06-18,1.7903
2009-06-19,1.7475
2009-06-22,1.679
2009-06-23,1.724
2009-06-24,1.6925
2009-06-25,1.7364
2009-06-26,1.692
2009-06-29,1.7395
2009-06-30,1.7172
2009-07-01,1.7055
2009-07-02,1.6367
2009-07-06,1.5611
2009-07-07,1.522
2009-07-08,1.4689
2009-07-09,1.4747
2009-07-10,1.4988
2009-07-13,1.4742
2009-07-14,1.4783
2009-07-15,1.5562
2009-07-16,1.564
2009-07-17,1.6185
2009-07-20,1.6649
2009-07-21,1.6901
2009-07-22,1.6987
2009-07-23,1.7485
2009-07-24,1.7735
2009-07-27,1.7807
2009-07-28,1.7552
2009-07-29,1.653
2009-07-30,1.7471
2009-07-31,1.7932
2009-08-03,1.8475
2009-08-04,1.878
2009-08-05,1.9365
2009-08-06,1.907
2009-08-07,1.8854
2009-08-10,1.9166
2009-08-11,1.8839
2009-08-12,1.8705
2009-08-13,1.8949
2009-08-14,1.8184
2009-08-17,1.807
2009-08-18,1.8474
2009-08-19,1.9
2009-08-20,1.8699
2009-08-21,1.8911
2009-08-24,1.9042
2009-08-25,1.83
2009-08-26,1.8386
2009-08-27,1.849
2009-08-28,1.8485
2009-08-31,1.7725
2009-09-01,1.732
2009-09-02,1.715
2009-09-03,1.705
2009-09-04,1.681
2009-09-08,1.7432
2009-09-09,1.756
2009-09-10,1.7522
2009-09-11,1.6915
2009-09-14,1.7014
2009-09-15,1.7403
2009-09-16,1.797
2009-09-17,1.8115
2009-09-18,1.7912
2009-09-21,1.722
2009-09-22,1.7776
2009-09-23,1.7287
2009-09-24,1.6563
2009-09-25,1.6518
2009-09-28,1.6718
2009-09-29,1.68
2009-09-30,1.8075
2009-10-01,1.7896
2009-10-02,1.7626
2009-10-05,1.7631
2009-10-06,1.7879
2009-10-07,1.7597
2009-10-08,1.8104
2009-10-09,1.8436
2009-10-12,1.8674
2009-10-13,1.8955
2009-10-14,1.919
2009-10-15,1.987
2009-10-16,2.0025
2009-10-19,2.0197
2009-10-20,2.01
2009-10-21,2.0695
2009-10-22,2.0689
2009-10-23,2.0412
2009-10-26,2.0174
2009-10-27,2.0358
2009-10-28,1.974
2009-10-29,2.048
2009-10-30,1.9647
2009-11-02,2.0097
2009-11-03,2.0282
2009-11-04,2.0353
2009-11-05,2.0127
2009-11-06,1.9544
2009-11-09,2.0059
2009-11-10,1.9963
2009-11-11,2.017
2009-11-12,1.9606
2009-11-13,1.9325
2009-11-16,2.0016
2009-11-17,2.0275
2009-11-18,2.0185
2009-11-19,1.9692
2009-11-20,1.95
2009-11-23,1.9445
2009-11-24,1.9195
2009-11-25,1.9545
2009-11-27,1.9345
2009-11-30,1.986
2009-12-01,2.0236
2009-12-02,1.9865
2009-12-03,1.9905
2009-12-04,1.993
2009-12-07,1.9672
2009-12-08,1.9455
2009-12-09,1.8717
2009-12-10,1.866
2009-12-11,1.8785
2009-12-14,1.8771
2009-12-15,1.8779
2009-12-16,1.939
2009-12-17,1.9205
2009-12-18,1.9295
2009-12-21,1.9105
2009-12-22,1.9165
2009-12-23,1.9865
2009-12-24,2.0245
2009-12-28,2.092
2009-12-29,2.1138
2009-12-30,2.1162
2009-12-31,2.1092
2010-01-04,2.1818
2010-01-05,2.1859
2010-01-06,2.2005
2010-01-07,2.1683
2010-01-08,2.1891
2010-01-11,2.1684
2010-01-12,2.1175
2010-01-13,2.0838
2010-01-14,2.0631
2010-01-15,2.0343
2010-01-19,2.0302
2010-01-20,1.9968
2010-01-21,1.9681
2010-01-22,1.9174
2010-01-25,1.952
2010-01-26,1.9403
2010-01-27,1.9082
2010-01-28,1.9124
2010-01-29,1.894
2010-02-01,1.9649
2010-02-02,2.031
2010-02-03,2.0182
2010-02-04,1.9282
2010-02-05,1.8915
2010-02-08,1.8766
2010-02-09,1.9366
2010-02-10,1.9347
2010-02-11,1.9459
2010-02-12,1.9067
2010-02-16,1.9813
2010-02-17,1.995
2010-02-18,2.0363
2010-02-19,2.0582
2010-02-22,2.0606
2010-02-23,2.02
2010-02-24,2.0343
2010-02-25,1.9761
2010-02-26,2.0198
2010-03-01,2.0137
2010-03-02,2.0472
2010-03-03,2.0903
2010-03-04,2.066
2010-03-05,2.0948
2010-03-08,2.0888
2010-03-09,2.0742
2010-03-10,2.1045
2010-03-11,2.1085
2010-03-12,2.0845
2010-03-15,2.046
2010-03-16,2.1086
2010-03-17,2.1197
2010-03-18,2.1016
2010-03-19,2.0709
2010-03-22,2.0754
2010-03-23,2.0845
2010-03-24,2.0552
2010-03-25,2.0589
2010-03-26,2.0672
2010-03-29,2.1122
2010-03-30,2.1225
2010-03-31,2.1641
2010-04-01,2.2114
2010-04-05,2.25
2010-04-06,2.2418
2010-04-07,2.2149
2010-04-08,2.2089
2010-04-09,2.201
2010-04-12,2.1927
2010-04-13,2.183
2010-04-14,2.2185
2010-04-15,2.2286
2010-04-16,2.1885
2010-04-19,2.1292
2010-04-20,2.1498
2010-04-21,2.1814
2010-04-22,2.195
2010-04-23,2.23
2010-04-26,2.2086
2010-04-27,2.1935
2010-04-28,2.2015
2010-04-29,2.235
2010-04-30,2.2649
2010-05-03,2.3462
2010-05-04,2.2582
2010-05-05,2.1574
2010-05-06,2.0884
2010-05-07,2.0703
2010-05-10,2.1165
2010-05-11,2.1196
2010-05-12,2.1575
2010-05-13,2.1235
2010-05-14,2.0612
2010-05-17,1.9917
2010-05-18,1.959
2010-05-19,1.9432
2010-05-20,1.8814
2010-05-21,1.8918
2010-05-24,1.895
2010-05-25,1.8804
2010-05-26,1.907
2010-05-27,1.9971
2010-05-28,2.0055
2010-06-01,1.9615
2010-06-02,2.0101
2010-06-03,2.025
2010-06-04,1.9421
2010-06-07,1.948
2010-06-08,1.9514
2010-06-09,1.9925
2010-06-10,2.0275
2010-06-11,2.006
2010-06-14,2.0065
2010-06-15,2.0579
2010-06-16,2.1017
2010-06-17,2.1321
2010-06-18,2.1269
2010-06-21,2.1313
2010-06-22,2.0995
2010-06-23,2.0437
2010-06-24,2.0405
2010-06-25,2.0975
2010-06-28,2.077
2010-06-29,1.9963
2010-06-30,1.9772
2010-07-01,1.9565
2010-07-02,1.8854
2010-07-06,1.8876
2010-07-07,1.9551
2010-07-08,1.9813
2010-07-09,2.0035
2010-07-12,1.9608
2010-07-13,2.0194
2010-07-14,2.0015
2010-07-15,1.9972
2010-07-16,1.9825
2010-07-19,1.991
2010-07-20,2.0044
2010-07-21,1.9664
2010-07-22,2.0275
2010-07-23,2.0175
2010-07-26,2.0085
2010-07-27,1.9617
2010-07-28,1.96
2010-07-29,2.001
2010-07-30,2.038
2010-08-02,2.1145
2010-08-03,2.1429
2010-08-04,2.146
2010-08-05,2.1417
2010-08-06,2.116
2010-08-09,2.116
2010-08-10,2.0705
2010-08-11,2.0059
2010-08-12,1.9445
2010-08-13,1.961
2010-08-16,1.9375
2010-08-17,1.9791
2010-08-18,1.9745
2010-08-19,1.9691
2010-08-20,1.9499
2010-08-23,1.9364
2010-08-24,1.923
2010-08-25,1.9633
2010-08-26,1.99
2010-08-27,2.0418
2010-08-30,2.0075
2010-08-31,1.968
2010-09-01,2.0227
2010-09-02,2.0385
2010-09-03,2.0341
2010-09-07,2.0385
2010-09-08,2.056
2010-09-09,2.0385
2010-09-10,2.084
2010-09-13,2.104
2010-09-14,2.1084
2010-09-15,2.1064
2010-09-16,2.0765
2010-09-17,2.0825
2010-09-20,2.1225
2010-09-21,2.095
2010-09-22,2.0896
2010-09-23,2.0859
2010-09-24,2.1115
2010-09-27,2.1025
2010-09-28,2.1099
2010-09-29,2.1786
2010-09-30,2.2415
2010-10-01,2.2695
2010-10-04,2.2713
2010-10-05,2.277
2010-10-06,2.2851
2010-10-07,2.2319
2010-10-08,2.2718
2010-10-11,2.2565
2010-10-12,2.2435
2010-10-13,2.2798
2010-10-14,2.2687
2010-10-15,2.2165
2010-10-18,2.2579
2010-10-19,2.1726
2010-10-20,2.2323
2010-10-21,2.2015
2010-10-22,2.242
2010-10-25,2.235
2010-10-26,2.2341
2010-10-27,2.2203
2010-10-28,2.2303
2010-10-29,2.2109
2010-11-01,2.2884
2010-11-02,2.2797
2010-11-03,2.309
2010-11-04,2.3514
2010-11-05,2.3633
2010-11-08,2.3735
2010-11-09,2.3901
2010-11-10,2.4244
2010-11-11,2.3944
2010-11-12,2.349
2010-11-15,2.353
2010-11-16,2.2983
2010-11-17,2.2378
2010-11-18,2.2889
2010-11-19,2.261
2010-11-22,2.255
2010-11-23,2.2427
2010-11-24,2.3175
2010-11-26,2.3067
2010-11-29,2.3445
2010-11-30,2.289
2010-12-01,2.3829
2010-12-02,2.4225
2010-12-03,2.4705
2010-12-06,2.439
2010-12-07,2.4231
2010-12-08,2.4281
2010-12-09,2.439
2010-12-10,2.4299
2010-12-13,2.4356
2010-12-14,2.4527
2010-12-15,2.465
2010-12-16,2.4615
2010-12-17,2.4585
2010-12-20,2.4718
2010-12-21,2.5025
2010-12-22,2.5251
2010-12-23,2.5407
2010-12-27,2.5
2010-12-28,2.5138
2010-12-29,2.5235
2010-12-30,2.4741
2010-12-31,2.5457
2011-01-03,2.5357
2011-01-04,2.489
2011-01-05,2.5293
2011-01-06,2.4993
2011-01-07,2.4916
2011-01-10,2.557
2011-01-11,2.6088
2011-01-12,2.6075
2011-01-13,2.609
2011-01-14,2.637
2011-01-18,2.6418
2011-01-19,2.653
2011-01-20,2.6195
2011-01-21,2.651
2011-01-24,2.613
2011-01-25,2.5916
2011-01-26,2.6762
2011-01-27,2.6537
2011-01-28,2.685
2011-01-31,2.7233
2011-02-01,2.7436
2011-02-02,2.7715
2011-02-03,2.75
2011-02-04,2.7043
2011-02-07,2.6895
2011-02-08,2.7195
2011-02-09,2.7525
2011-02-10,2.7182
2011-02-11,2.6933
2011-02-14,2.7334
2011-02-15,2.7142
2011-02-16,2.7625
2011-02-17,2.7235
2011-02-18,2.7105
2011-02-22,2.7923
2011-02-23,2.9103
2011-02-24,2.8618
2011-02-25,2.9493
2011-02-28,2.9381
2011-03-01,3.029
2011-03-02,3.0482
2011-03-03,3.0377
2011-03-04,3.0783
2011-03-07,3.0386
2011-03-08,3.002
2011-03-09,3.0645
2011-03-10,3.0278
2011-03-11,3.0138
2011-03-14,3.054
2011-03-15,2.9471
2011-03-16,2.989
2011-03-17,3.046
2011-03-18,3.014
2011-03-21,2.7958
2011-03-22,3.0536
2011-03-23,3.0335
2011-03-24,3.0483
2011-03-25,3.0475
2011-03-28,3.0134
2011-03-29,3.0374
2011-03-30,3.0345
2011-03-31,3.098
2011-04-01,3.1246
2011-04-04,3.1512
2011-04-05,3.1682
2011-04-06,3.173
2011-04-07,3.1859
2011-04-08,3.3125
2011-04-11,3.2326
2011-04-12,3.164
2011-04-13,3.1892
2011-04-14,3.1873
2011-04-15,3.2176
2011-04-18,3.1776
2011-04-19,3.1374
2011-04-20,3.2036
2011-04-21,3.1842
2011-04-25,3.1717
2011-04-26,3.2045
2011-04-27,3.2368
2011-04-28,3.2271
2011-04-29,3.263
2011-05-02,3.2309
2011-05-03,3.178
2011-05-04,3.1222
2011-05-05,2.8731
2011-05-06,2.8482
2011-05-09,2.9593
2011-05-10,2.9915
2011-05-11,2.904
2011-05-12,2.8961
2011-05-13,2.9281
2011-05-16,2.8524
2011-05-17,2.845
2011-05-18,2.8808
2011-05-19,2.8789
2011-05-20,2.9002
2011-05-23,2.8374
2011-05-24,2.8991
2011-05-25,2.9699
2011-05-26,2.9715
2011-05-27,2.9815
2011-05-31,3.0485
2011-06-01,2.9981
2011-06-02,3.0373
2011-06-03,3.0544
2011-06-06,3.0065
2011-06-07,3.069
2011-06-08,3.0787
2011-06-09,3.1232
2011-06-10,3.0877
2011-06-13,3.0817
2011-06-14,3.1128
2011-06-15,2.992
2011-06-16,2.9998
2011-06-17,2.9732
2011-06-20,2.9147
2011-06-21,2.8587
2011-06-22,2.926
2011-06-23,2.8062
2011-06-24,2.7537
2011-06-27,2.7554
2011-06-28,2.805
2011-06-29,2.909
2011-06-30,2.9356
2011-07-01,2.908
2011-07-05,2.9416
2011-07-06,2.9528
2011-07-07,3.087
2011-07-08,3.084
2011-07-11,3.075
2011-07-12,3.0624
2011-07-13,3.089
2011-07-14,3.0878
2011-07-15,3.119
2011-07-18,3.0685
2011-07-19,3.091
2011-07-20,3.0802
2011-07-21,3.0975
2011-07-22,3.118
2011-07-25,3.096
2011-07-26,3.1046
2011-07-27,3.0813
2011-07-28,3.0927
2011-07-29,3.0856
2011-08-01,3.0903
2011-08-02,3.0695
2011-08-03,3.0152
2011-08-04,2.8941
2011-08-05,2.9341
2011-08-08,2.8075
2011-08-09,2.8059
2011-08-10,2.835
2011-08-11,2.8886
2011-08-12,2.9032
2011-08-15,2.9389
2011-08-16,2.9386
2011-08-17,2.9595
2011-08-18,2.8649
2011-08-19,2.915
2011-08-22,2.904
2011-08-23,2.9509
2011-08-24,2.9481
2011-08-25,2.9665
2011-08-26,2.9865
2011-08-29,3.01
2011-08-30,3.062
2011-08-31,3.0684
2011-09-01,3.0425
2011-09-02,2.9902
2011-09-06,3.0055
2011-09-07,3.0654
2011-09-08,3.03
2011-09-09,2.9732
2011-09-12,2.9396
2011-09-13,2.922
2011-09-14,2.9195
2011-09-15,3.0068
2011-09-16,2.9895
2011-09-19,2.9282
2011-09-20,2.9364
2011-09-21,2.8918
2011-09-22,2.8277
2011-09-23,2.7898
2011-09-26,2.7985
2011-09-27,2.8561
2011-09-28,2.8067
2011-09-29,2.8324
2011-09-30,2.7805
2011-10-03,2.7347
2011-10-04,2.7584
2011-10-05,2.7723
2011-10-06,2.8531
2011-10-07,2.853
2011-10-10,2.9034
2011-10-11,2.8961
2011-10-12,2.8143
2011-10-13,2.8143
2011-10-14,3.0597
2011-10-17,2.9985
2011-10-18,3.0228
2011-10-19,2.9742
2011-10-20,3.0201
2011-10-21,3.0182
2011-10-24,3.0368
2011-10-25,3.0277
2011-10-26,3.0396
2011-10-27,3.085
2011-10-28,3.0638
2011-10-31,3.04
2011-11-01,3.0135
2011-11-02,2.9913
2011-11-03,3.0337
2011-11-04,3.067
2011-11-07,3.1165
2011-11-08,3.1115
2011-11-09,3.0929
2011-11-10,3.128
2011-11-11,3.1751
2011-11-14,3.1605
2011-11-15,3.1685
2011-11-16,3.1006
2011-11-17,3.0698
2011-11-18,3.0266
2011-11-21,2.9822
2011-11-22,3.0226
2011-11-23,2.9505
2011-11-25,2.9285
2011-11-28,2.9565
2011-11-29,3.017
2011-11-30,3.0122
2011-12-01,2.9743
2011-12-02,2.9759
2011-12-05,2.967
2011-12-06,3.002
2011-12-07,2.9678
2011-12-08,2.9023
2011-12-09,2.8984
2011-12-12,2.8741
2011-12-13,2.9065
2011-12-14,2.8109
2011-12-15,2.7901
2011-12-16,2.7883
2011-12-19,2.7655
2011-12-20,2.8441
2011-12-21,2.8879
2011-12-22,2.882
2011-12-23,2.8824
2011-12-27,2.8805
2011-12-28,2.8775
2011-12-29,2.9107
2011-12-30,2.9167
2012-01-03,3.0395
2012-01-04,3.0998
2012-01-05,3.042
2012-01-06,3.0873
2012-01-09,3.074
2012-01-10,3.1075
2012-01-11,3.071
2012-01-12,3.0539
2012-01-13,3.0482
2012-01-17,3.039
2012-01-18,3.0255
2012-01-19,3.0432
2012-01-20,3.005
2012-01-23,3.0195
2012-01-24,3.0375
2012-01-25,3.0382
2012-01-26,3.061
2012-01-27,3.0875
2012-01-30,3.0476
2012-01-31,3.0587
2012-02-01,3.0641
2012-02-02,3.0682
2012-02-03,3.117
2012-02-06,3.1865
2012-02-07,3.1946
2012-02-08,3.2058
2012-02-09,3.2185
2012-02-10,3.187
2012-02-13,3.16
2012-02-14,3.172
2012-02-15,3.1863
2012-02-16,3.2022
2012-02-17,3.1847
2012-02-21,3.2239
2012-02-22,3.2672
2012-02-23,3.2858
2012-02-24,3.3025
2012-02-27,3.2615
2012-02-28,3.2314
2012-02-29,3.214
2012-03-01,3.2755
2012-03-02,3.2075
2012-03-05,3.2175
2012-03-06,3.1837
2012-03-07,3.2088
2012-03-08,3.2484
2012-03-09,3.2518
2012-03-12,3.2359
2012-03-13,3.2582
2012-03-14,3.2491
2012-03-15,3.2134
2012-03-16,3.2764
2012-03-19,3.2379
2012-03-20,3.2206
2012-03-21,3.1928
2012-03-22,3.1682
2012-03-23,3.1871
2012-03-26,3.2135
2012-03-27,3.2045
2012-03-28,3.1979
2012-03-29,3.155
2012-03-30,3.1717
2012-04-02,3.2402
2012-04-03,3.2265
2012-04-04,3.1613
2012-04-05,3.1628
2012-04-09,3.1342
2012-04-10,3.0854
2012-04-11,3.0991
2012-04-12,3.1525
2012-04-13,3.1621
2012-04-16,3.134
2012-04-17,3.1201
2012-04-18,3.1144
2012-04-19,3.1195
2012-04-20,3.1335
2012-04-23,3.1363
2012-04-24,3.1228
2012-04-25,3.1575
2012-04-26,3.1933
2012-04-27,3.181
2012-04-30,3.1722
2012-05-01,3.1711
2012-05-02,3.1422
2012-05-03,3.0825
2012-05-04,3.0003
2012-05-07,2.9775
2012-05-08,2.9894
2012-05-09,2.9875
2012-05-10,2.9756
2012-05-11,2.9507
2012-05-14,2.8989
2012-05-15,2.9056
2012-05-16,2.8823
2012-05-17,2.8425
2012-05-18,2.8315
2012-05-21,2.8658
2012-05-22,2.8528
2012-05-23,2.8255
2012-05-24,2.8305
2012-05-25,2.8186
2012-05-29,2.8125
2012-05-30,2.7349
2012-05-31,2.7078
2012-06-01,2.6374
2012-06-04,2.6259
2012-06-05,2.6319
2012-06-06,2.6774
2012-06-07,2.6549
2012-06-08,2.6815
2012-06-11,2.616
2012-06-12,2.629
2012-06-13,2.6148
2012-06-14,2.6434
2012-06-15,2.6508
2012-06-18,2.623
2012-06-19,2.6441
2012-06-20,2.5963
2012-06-21,2.535
2012-06-22,2.5572
2012-06-25,2.5455
2012-06-26,2.583
2012-06-27,2.5994
2012-06-28,2.5649
2012-06-29,2.723
2012-07-02,2.6789
2012-07-03,2.757
2012-07-05,2.76
2012-07-06,2.7091
2012-07-09,2.7479
2012-07-10,2.7279
2012-07-11,2.7707
2012-07-12,2.7743
2012-07-13,2.7991
2012-07-16,2.7939
2012-07-17,2.8423
2012-07-18,2.8855
2012-07-19,2.946
2012-07-20,2.8257
2012-07-23,2.8303
2012-07-24,2.83
2012-07-25,2.8462
2012-07-26,2.8695
2012-07-27,2.8885
2012-07-30,2.875
2012-07-31,2.8241
2012-08-01,2.8495
2012-08-02,2.8336
2012-08-03,2.9231
2012-08-06,2.9333
2012-08-07,2.9835
2012-08-08,3.003
2012-08-09,3.0468
2012-08-10,3.0172
2012-08-13,3.009
